index;x;y;inc;mixed;status;alojamientos;attempts;elapsed_seconds;error
0;-18.04263932;27.61024358;0.1;False;ok;74;1;1.604;
1;-18.14263932;27.71024358;0.1;False;ok;15;1;1.488;
2;-18.04263932;27.71024358;0.05;False;ok;75;1;1.609;
3;-17.99263932;27.71024358;0.05;False;ok;48;1;1.597;
4;-18.04263932;27.76024358;0.05;False;ok;32;1;1.484;
5;-17.99263932;27.76024358;0.05;False;ok;34;1;1.557;
6;-17.94263932;27.71024358;0.1;False;ok;38;1;1.519;
7;-15.69263932;27.71024358;0.05;False;ok;64;1;1.568;
8;-15.71763932;27.76024358;0.025;False;ok;72;1;1.644;
9;-15.74263932;27.78524358;0.0125;False;ok;1;1;1.369;
10;-15.73013932;27.78524358;0.0125;False;ok;34;1;1.460;
11;-15.74263932;27.79774358;0.0125;False;ok;71;1;1.634;
12;-15.73013932;27.79774358;0.0125;False;ok;40;1;1.470;
13;-15.71763932;27.78524358;0.00625;False;ok;74;1;1.610;
14;-15.71138932;27.78524358;0.00625;False;ok;72;1;1.666;
15;-15.71763932;27.79149358;0.00625;False;ok;44;1;1.486;
16;-15.71138932;27.79149358;0.00625;False;ok;71;1;1.674;
17;-15.70513932;27.78524358;0.0125;False;ok;53;1;1.542;
18;-15.71763932;27.79774358;0.0125;False;ok;46;1;1.580;
19;-15.70513932;27.79774358;0.0125;False;ok;3;1;1.386;
20;-15.69263932;27.76024358;0.025;False;ok;74;1;1.044;
21;-15.66763932;27.76024358;0.025;False;ok;73;1;0.978;
22;-15.66763932;27.78524358;0.025;False;ok;66;1;1.446;
23;-15.64263932;27.73524358;0.025;False;ok;56;1;1.397;
24;-15.61763932;27.73524358;0.0125;False;ok;55;1;1.378;
25;-15.60513932;27.73524358;0.0125;False;ok;42;1;1.429;
26;-15.61763932;27.74774358;0.0125;False;ok;52;1;1.484;
27;-15.60513932;27.74774358;0.00625;False;ok;42;1;1.416;
28;-15.59888932;27.74774358;0.00625;False;ok;40;1;1.471;
29;-15.60513932;27.75399358;0.00625;False;ok;74;1;1.607;
30;-15.59888932;27.75399358;0.00625;False;ok;58;1;1.561;
31;-15.58013932;27.73524358;0.0125;False;ok;5;1;1.429;
32;-15.59263932;27.74774358;0.00625;False;ok;23;1;1.588;
33;-15.58638932;27.74774358;0.00625;False;ok;22;1;1.454;
34;-15.59263932;27.75399358;0.00625;False;ok;71;1;1.625;
35;-15.58638932;27.75399358;0.00625;False;ok;45;1;1.483;
36;-15.58013932;27.74774358;0.00625;False;ok;74;1;1.560;
37;-15.57388932;27.74774358;0.00625;False;ok;45;1;1.478;
38;-15.58013932;27.75399358;0.003125;False;ok;74;1;1.518;
39;-15.57701432;27.75399358;0.003125;False;ok;14;1;1.413;
40;-15.58013932;27.75711858;0.003125;False;ok;49;1;0.921;
41;-15.57701432;27.75711858;0.003125;False;ok;42;1;0.967;
42;-15.57388932;27.75399358;0.003125;False;ok;24;1;0.676;
43;-15.57076432;27.75399358;0.003125;False;ok;18;1;0.734;
44;-15.57388932;27.75711858;0.003125;False;ok;73;1;0.892;
45;-15.57076432;27.75711858;0.003125;False;ok;74;1;1.023;
46;-15.56763932;27.73524358;0.025;False;ok;25;1;0.981;
47;-15.64263932;27.76024358;0.05;False;ok;75;1;1.340;
48;-15.59263932;27.76024358;0.0125;False;ok;73;1;1.482;
49;-15.58013932;27.76024358;0.00625;False;ok;75;1;1.589;
50;-15.57388932;27.76024358;0.00625;False;ok;52;1;1.481;
51;-15.58013932;27.76649358;0.00625;False;ok;12;1;1.408;
52;-15.57388932;27.76649358;0.00625;False;ok;6;1;1.379;
53;-15.59263932;27.77274358;0.0125;False;ok;0;1;2.157;
54;-15.56763932;27.76024358;0.00625;False;ok;75;1;1.650;
55;-15.56138932;27.76024358;0.00625;False;ok;18;1;1.442;
56;-15.56138932;27.76649358;0.00625;False;ok;3;1;1.375;
57;-15.55513932;27.76024358;0.00625;False;ok;16;1;1.522;
58;-15.55513932;27.76649358;0.00625;False;ok;71;1;1.498;
59;-15.54888932;27.76649358;0.00625;False;ok;72;1;1.604;
60;-15.55513932;27.77274358;0.0125;False;ok;9;1;1.364;
61;-15.54263932;27.76024358;0.0125;False;ok;74;1;1.489;
62;-15.54263932;27.77274358;0.0125;False;ok;22;1;1.290;
63;-15.53013932;27.77274358;0.0125;False;ok;73;1;1.326;
64;-15.51763932;27.76024358;0.025;False;ok;7;1;1.018;
65;-15.49263932;27.76024358;0.05;False;ok;20;1;0.934;
66;-18.04263932;27.81024358;0.1;False;ok;31;1;0.965;
67;-17.94263932;27.81024358;0.1;False;ok;69;1;0.820;
68;-15.76763932;27.81024358;0.00625;False;ok;1;1;0.794;
69;-15.76763932;27.81649358;0.003125;False;ok;71;1;0.934;
70;-15.76451432;27.81649358;0.003125;False;ok;75;1;0.867;
71;-15.76451432;27.81961858;0.003125;False;ok;26;1;0.942;
72;-15.76138932;27.81649358;0.00625;False;ok;14;1;1.044;
73;-15.75513932;27.81024358;0.0125;False;ok;40;1;1.246;
74;-15.76763932;27.82274358;0.0125;False;ok;25;1;1.127;
75;-15.76763932;27.83524358;0.025;False;ok;15;1;1.199;
76;-15.84263932;27.86024358;0.05;False;ok;11;1;1.251;
77;-15.74263932;27.81024358;0.1;False;ok;44;1;1.350;
78;-15.64263932;27.81024358;0.1;False;ok;54;1;1.484;
79;-15.54263932;27.81024358;0.1;False;ok;74;1;1.591;
80;-15.44263932;27.81024358;0.05;False;ok;75;1;1.532;
81;-15.39263932;27.81024358;0.05;False;ok;41;1;1.417;
82;-15.44263932;27.86024358;0.05;False;ok;49;1;1.447;
83;-15.39263932;27.86024358;0.05;False;ok;10;1;1.371;
84;-17.74263932;27.91024358;0.1;False;ok;0;1;2.135;
85;-16.66763932;27.99774358;0.0125;False;ok;28;1;1.391;
86;-16.65513932;28.00399358;0.00625;False;ok;23;1;1.375;
87;-16.64888932;28.00399358;0.00625;False;ok;75;1;1.372;
88;-16.64263932;27.91024358;0.1;False;ok;75;1;1.385;
89;-15.84263932;27.91024358;0.1;False;ok;66;1;1.305;
90;-15.74263932;27.91024358;0.1;False;ok;8;1;1.194;
91;-15.64263932;27.91024358;0.05;False;ok;11;1;1.155;
92;-15.59263932;27.91024358;0.05;False;ok;33;1;1.191;
93;-15.64263932;27.96024358;0.05;False;ok;73;1;1.193;
94;-15.59263932;27.96024358;0.05;False;ok;45;1;1.006;
95;-15.54263932;27.91024358;0.1;False;ok;72;1;1.102;
96;-15.44263932;27.91024358;0.05;False;ok;47;1;1.072;
97;-15.39263932;27.91024358;0.05;False;ok;5;1;0.902;
98;-15.44263932;27.96024358;0.05;False;ok;61;1;1.193;
99;-15.39263932;27.96024358;0.05;False;ok;75;1;1.268;
100;-17.44263932;28.01024358;0.1;False;ok;37;1;1.183;
101;-17.34263932;28.01024358;0.05;False;ok;1;1;0.968;
102;-17.34263932;28.06024358;0.025;False;ok;37;1;1.095;
103;-17.34263932;28.08524358;0.0125;False;ok;70;1;1.228;
104;-17.34263932;28.09774358;0.0125;False;ok;11;1;1.141;
105;-17.33013932;28.09774358;0.0125;False;ok;13;1;1.173;
106;-17.31763932;28.08524358;0.025;False;ok;1;1;1.513;
107;-17.29263932;28.06024358;0.05;False;ok;8;1;1.241;
108;-17.24263932;28.01024358;0.1;False;ok;68;1;1.383;
109;-17.14263932;28.01024358;0.1;False;ok;75;1;1.381;
110;-16.84263932;28.01024358;0.1;False;ok;75;1;1.465;
111;-16.70513932;28.01024358;0.0125;False;ok;59;1;1.424;
112;-16.70513932;28.02274358;0.0125;False;ok;74;1;1.411;
113;-16.73638932;28.04774358;0.00625;False;ok;1;1;1.242;
114;-16.74263932;28.05399358;0.00625;False;ok;0;1;2.035;
115;-16.73638932;28.05399358;0.003125;False;ok;9;1;1.294;
116;-16.73326432;28.05399358;0.003125;False;ok;6;1;1.241;
117;-16.73638932;28.05711858;0.003125;False;ok;66;1;1.394;
118;-16.73326432;28.05711858;0.003125;False;ok;45;1;1.160;
119;-16.73013932;28.04774358;0.00625;False;ok;67;1;1.160;
120;-16.72076432;28.04774358;0.003125;False;ok;36;1;1.058;
121;-16.72388932;28.05086858;0.003125;False;ok;73;1;1.162;
122;-16.72076432;28.05086858;0.003125;False;ok;75;1;1.100;
123;-16.73013932;28.05399358;0.003125;False;ok;20;1;0.989;
124;-16.72701432;28.05399358;0.003125;False;ok;73;1;1.068;
125;-16.73013932;28.05711858;0.003125;False;ok;71;1;1.001;
126;-16.72701432;28.05711858;0.003125;False;ok;1;1;0.714;
127;-16.72388932;28.05399358;0.00625;False;ok;60;1;0.967;
128;-16.71763932;28.03524358;0.0125;False;ok;72;1;0.962;
129;-16.71763932;28.04774358;0.003125;False;ok;5;1;0.860;
130;-16.71451432;28.04774358;0.003125;False;ok;72;1;0.965;
131;-16.71763932;28.05086858;0.003125;False;ok;71;1;1.135;
132;-16.71451432;28.05086858;0.003125;False;ok;74;1;1.040;
133;-16.71138932;28.04774358;0.00625;False;ok;74;1;1.271;
134;-16.71763932;28.05399358;0.00625;False;ok;64;1;1.208;
135;-16.71138932;28.05399358;0.00625;False;ok;51;1;1.192;
136;-16.70513932;28.04774358;0.0125;False;ok;75;1;1.334;
137;-16.69263932;28.01024358;0.025;False;ok;22;1;1.168;
138;-16.66763932;28.01024358;0.0125;False;ok;16;1;1.218;
139;-16.65513932;28.01024358;0.0125;False;ok;74;1;1.336;
140;-16.66763932;28.02274358;0.0125;False;ok;0;1;1.872;
141;-16.65513932;28.02274358;0.0125;False;ok;2;1;1.150;
142;-16.69263932;28.03524358;0.025;False;ok;6;1;1.313;
143;-16.66763932;28.03524358;0.025;False;ok;8;1;1.162;
144;-16.73638932;28.06024358;0.00625;False;ok;72;1;1.440;
145;-16.73638932;28.06649358;0.00625;False;ok;73;1;1.344;
146;-16.73013932;28.06024358;0.0015625;False;ok;66;1;1.242;
147;-16.72857682;28.06024358;0.0015625;False;ok;24;1;1.145;
148;-16.73013932;28.06180608;0.0015625;False;ok;36;1;1.145;
149;-16.72857682;28.06180608;0.0015625;False;ok;58;1;1.165;
150;-16.72701432;28.06024358;0.003125;False;ok;59;1;1.205;
151;-16.73013932;28.06336858;0.003125;False;ok;75;1;1.165;
152;-16.72388932;28.06024358;0.00625;False;ok;3;1;1.021;
153;-16.73013932;28.06649358;0.003125;False;ok;41;1;1.068;
154;-16.72701432;28.06649358;0.003125;False;ok;12;1;0.964;
155;-16.73013932;28.06961858;0.003125;False;ok;75;1;1.110;
156;-16.72388932;28.06649358;0.00625;False;ok;10;1;0.924;
157;-16.73638932;28.07274358;0.003125;False;ok;4;1;0.960;
158;-16.73326432;28.07274358;0.003125;False;ok;74;1;1.058;
159;-16.73638932;28.07586858;0.003125;False;ok;43;1;1.010;
160;-16.73326432;28.07586858;0.003125;False;ok;67;1;1.201;
161;-16.73638932;28.07899358;0.003125;False;ok;11;1;0.998;
162;-16.73326432;28.07899358;0.003125;False;ok;58;1;1.041;
163;-16.73638932;28.08211858;0.003125;False;ok;11;1;1.072;
164;-16.73326432;28.08211858;0.0015625;False;ok;20;1;1.088;
165;-16.73170182;28.08211858;0.0015625;False;ok;68;1;1.156;
166;-16.73326432;28.08368108;0.0015625;False;ok;45;1;1.068;
167;-16.73013932;28.07274358;0.00625;False;ok;71;1;1.230;
168;-16.72388932;28.07274358;0.00625;False;ok;10;1;1.100;
169;-16.73013932;28.07899358;0.00625;False;ok;75;1;1.370;
170;-16.72388932;28.07899358;0.00625;False;ok;75;1;1.356;
171;-16.71763932;28.06024358;0.025;False;ok;74;1;1.288;
172;-16.74263932;28.08524358;0.00625;False;ok;7;1;1.226;
173;-16.73638932;28.08524358;0.00625;False;ok;74;1;1.326;
174;-16.74263932;28.09149358;0.00625;False;ok;51;1;1.294;
175;-16.73638932;28.09149358;0.00625;False;ok;43;1;1.280;
176;-16.73013932;28.08524358;0.00625;False;ok;71;1;1.300;
177;-16.72388932;28.08524358;0.00625;False;ok;74;1;1.343;
178;-16.73013932;28.09149358;0.00625;False;ok;47;1;1.233;
179;-16.72388932;28.09149358;0.00625;False;ok;30;1;1.155;
180;-16.74263932;28.09774358;0.0125;False;ok;6;1;1.106;
181;-16.73013932;28.09774358;0.0125;False;ok;4;1;1.009;
182;-16.71763932;28.08524358;0.025;False;ok;70;1;1.250;
183;-16.69263932;28.06024358;0.05;False;ok;74;1;1.231;
184;-16.64263932;28.01024358;0.025;False;ok;73;1;1.116;
185;-16.61763932;28.01024358;0.0125;False;ok;65;1;1.077;
186;-16.61763932;28.02274358;0.00625;False;ok;71;1;1.107;
187;-16.61138932;28.02274358;0.00625;False;ok;75;1;1.223;
188;-16.61763932;28.02899358;0.00625;False;ok;48;1;1.040;
189;-16.61138932;28.02899358;0.00625;False;ok;70;1;1.036;
190;-16.60513932;28.02274358;0.0125;False;ok;73;1;1.153;
191;-16.64263932;28.03524358;0.025;False;ok;10;1;1.049;
192;-16.61763932;28.03524358;0.025;False;ok;44;1;1.117;
193;-16.59263932;28.01024358;0.025;False;ok;64;1;1.219;
194;-16.56451432;28.02899358;0.003125;False;ok;23;1;1.094;
195;-16.56763932;28.03211858;0.003125;False;ok;41;1;1.187;
196;-16.56451432;28.03211858;0.003125;False;ok;74;1;1.297;
197;-16.56138932;28.02899358;0.00625;False;ok;0;1;1.953;
198;-16.59263932;28.03524358;0.025;False;ok;1;1;1.139;
199;-16.56763932;28.03524358;0.025;False;ok;30;1;1.238;
200;-16.64263932;28.06024358;0.05;False;ok;50;1;1.369;
201;-16.59263932;28.06024358;0.05;False;ok;70;1;1.326;
202;-16.54263932;28.04149358;0.003125;False;ok;29;1;1.132;
203;-16.53951432;28.04149358;0.003125;False;ok;43;1;1.253;
204;-16.54263932;28.04461858;0.003125;False;ok;18;1;1.095;
205;-16.53951432;28.04461858;0.003125;False;ok;74;1;1.224;
206;-16.53638932;28.04149358;0.00625;False;ok;74;1;1.281;
207;-16.54263932;28.04774358;0.00625;False;ok;38;1;1.137;
208;-16.53638932;28.04774358;0.00625;False;ok;74;1;1.252;
209;-16.53013932;28.04774358;0.0125;False;ok;50;1;1.141;
210;-16.54263932;28.06024358;0.05;False;ok;1;1;1.024;
211;-16.49263932;28.06024358;0.05;False;ok;55;1;1.166;
212;-15.74263932;28.01024358;0.05;False;ok;8;1;0.969;
213;-15.69263932;28.01024358;0.05;False;ok;31;1;1.018;
214;-15.74263932;28.06024358;0.05;False;ok;75;1;1.073;
215;-15.69263932;28.06024358;0.05;False;ok;52;1;1.070;
216;-15.64263932;28.01024358;0.1;False;ok;75;1;1.308;
217;-15.54263932;28.01024358;0.05;False;ok;62;1;1.185;
218;-15.49263932;28.01024358;0.05;False;ok;56;1;1.050;
219;-15.54263932;28.06024358;0.05;False;ok;39;1;1.051;
220;-15.49263932;28.06024358;0.05;False;ok;17;1;1.021;
221;-15.44263932;28.01024358;0.05;False;ok;14;1;1.011;
222;-15.39263932;28.01024358;0.05;False;ok;19;1;1.016;
223;-15.44263932;28.06024358;0.05;False;ok;74;1;1.334;
224;-14.44263932;28.01024358;0.1;False;ok;73;1;1.347;
225;-14.34263932;28.01024358;0.1;False;ok;74;1;1.189;
226;-17.34263932;28.11024358;0.1;False;ok;74;1;1.249;
227;-17.24263932;28.11024358;0.05;False;ok;20;1;1.155;
228;-17.19263932;28.11024358;0.05;False;ok;13;1;1.026;
229;-17.24263932;28.16024358;0.05;False;ok;57;1;1.167;
230;-17.19263932;28.16024358;0.05;False;ok;54;1;1.272;
231;-17.14263932;28.11024358;0.1;False;ok;1;1;1.149;
232;-16.84263932;28.11024358;0.05;False;ok;5;1;1.076;
233;-16.77388932;28.11024358;0.00625;False;ok;5;1;1.049;
234;-16.78013932;28.11649358;0.00625;False;ok;75;1;1.371;
235;-16.77388932;28.11649358;0.00625;False;ok;74;1;1.327;
236;-16.79263932;28.12274358;0.0125;False;ok;75;1;1.247;
237;-16.78013932;28.12274358;0.00625;False;ok;72;1;1.139;
238;-16.77388932;28.12274358;0.00625;False;ok;73;1;1.260;
239;-16.78013932;28.12899358;0.00625;False;ok;54;1;1.148;
240;-16.77388932;28.12899358;0.00625;False;ok;10;1;1.086;
241;-16.76763932;28.11024358;0.025;False;ok;54;1;1.214;
242;-16.79263932;28.13524358;0.025;False;ok;15;1;1.041;
243;-16.76763932;28.13524358;0.025;False;ok;72;1;1.110;
244;-16.84263932;28.16024358;0.05;False;ok;74;1;1.241;
245;-16.79263932;28.16024358;0.05;False;ok;72;1;1.185;
246;-16.74263932;28.11024358;0.1;False;ok;75;1;1.307;
247;-16.64263932;28.11024358;0.1;False;ok;68;1;1.361;
248;-16.54263932;28.11024358;0.1;False;ok;74;1;1.401;
249;-16.44263932;28.11024358;0.1;False;ok;73;1;1.387;
250;-15.74263932;28.11024358;0.1;False;ok;74;1;1.363;
251;-15.64263932;28.11024358;0.1;False;ok;73;1;1.249;
252;-15.54263932;28.11024358;0.1;False;ok;75;1;1.353;
253;-15.44263932;28.11024358;0.0125;False;ok;9;1;1.148;
254;-15.43013932;28.11024358;0.0125;False;ok;34;1;1.222;
255;-15.44263932;28.12274358;0.0125;False;ok;74;1;1.357;
256;-15.43013932;28.12274358;0.0125;False;ok;16;1;1.203;
257;-15.41763932;28.11024358;0.025;False;ok;2;1;1.134;
258;-15.44263932;28.13524358;0.00625;False;ok;73;1;1.220;
259;-15.43638932;28.13524358;0.003125;False;ok;66;1;1.197;
260;-15.43326432;28.13524358;0.003125;False;ok;16;1;1.060;
261;-15.43638932;28.13836858;0.0015625;False;ok;74;1;1.138;
262;-15.43482682;28.13836858;0.0015625;False;ok;36;1;1.132;
263;-15.43638932;28.13993108;0.0015625;False;ok;35;1;0.975;
264;-15.43482682;28.13993108;0.0015625;False;ok;75;1;1.031;
265;-15.43326432;28.13836858;0.003125;False;ok;74;1;1.125;
266;-15.43638932;28.14149358;0.003125;False;ok;27;1;0.874;
267;-15.43326432;28.14149358;0.003125;False;ok;75;1;1.112;
268;-15.43326432;28.14461858;0.003125;False;ok;60;1;0.985;
269;-15.43013932;28.13524358;0.0125;False;ok;66;1;1.107;
270;-15.44263932;28.14774358;0.0125;False;ok;72;1;1.243;
271;-15.43013932;28.14774358;0.0125;False;ok;75;1;1.317;
272;-15.44263932;28.16024358;0.05;False;ok;2;1;1.015;
273;-14.34263932;28.11024358;0.1;False;ok;51;1;1.211;
274;-14.24263932;28.11024358;0.05;False;ok;71;1;1.401;
275;-14.24263932;28.16024358;0.05;False;ok;75;1;1.433;
276;-14.19263932;28.16024358;0.05;False;ok;55;1;2.509;
277;-14.14263932;28.11024358;0.1;False;ok;74;1;1.375;
278;-14.04263932;28.11024358;0.1;False;ok;29;1;1.263;
279;-16.94263932;28.21024358;0.1;False;ok;19;1;1.213;
280;-16.84263932;28.21024358;0.0125;False;ok;17;1;1.209;
281;-16.83013932;28.21024358;0.0125;False;ok;5;1;1.225;
282;-16.84263932;28.22274358;0.00625;False;ok;73;1;1.337;
283;-16.83638932;28.22274358;0.00625;False;ok;1;1;1.190;
284;-16.84263932;28.22899358;0.003125;False;ok;75;1;1.331;
285;-16.83951432;28.22899358;0.003125;False;ok;37;1;1.257;
286;-16.84263932;28.23211858;0.003125;False;ok;55;1;1.168;
287;-16.83951432;28.23211858;0.003125;False;ok;2;1;1.100;
288;-16.83638932;28.22899358;0.00625;False;ok;37;1;1.085;
289;-16.81763932;28.21024358;0.025;False;ok;5;1;0.937;
290;-16.84263932;28.23524358;0.003125;False;ok;72;1;1.100;
291;-16.84263932;28.23836858;0.003125;False;ok;56;1;0.937;
292;-16.83951432;28.23836858;0.003125;False;ok;23;1;0.893;
293;-16.83638932;28.23524358;0.00625;False;ok;32;1;0.900;
294;-16.84263932;28.24149358;0.00625;False;ok;75;1;1.045;
295;-16.83013932;28.23524358;0.0125;False;ok;7;1;0.948;
296;-16.84263932;28.24774358;0.0125;False;ok;25;1;0.960;
297;-16.83013932;28.24774358;0.0125;False;ok;3;1;0.946;
298;-16.81763932;28.23524358;0.025;False;ok;35;1;1.000;
299;-16.79263932;28.21024358;0.05;False;ok;12;1;1.065;
300;-16.84263932;28.26024358;0.05;False;ok;37;1;1.150;
301;-16.64263932;28.21024358;0.1;False;ok;3;1;1.063;
302;-16.54263932;28.21024358;0.1;False;ok;31;1;1.075;
303;-16.44263932;28.21024358;0.1;False;ok;75;1;1.325;
304;-14.24263932;28.21024358;0.1;False;ok;34;1;1.150;
305;-14.14263932;28.21024358;0.1;False;ok;32;1;1.170;
306;-14.04263932;28.21024358;0.1;False;ok;74;1;1.250;
307;-16.94263932;28.31024358;0.1;False;ok;72;1;1.305;
308;-16.84263932;28.31024358;0.05;False;ok;22;1;1.222;
309;-16.79263932;28.31024358;0.05;False;ok;18;1;1.095;
310;-16.84263932;28.36024358;0.05;False;ok;73;1;1.307;
311;-16.79263932;28.36024358;0.05;False;ok;72;1;1.264;
312;-16.74263932;28.31024358;0.05;False;ok;54;1;1.244;
313;-16.69263932;28.31024358;0.05;False;ok;17;1;1.132;
314;-16.74263932;28.36024358;0.025;False;ok;72;1;1.138;
315;-16.71763932;28.36024358;0.025;False;ok;74;1;1.322;
316;-16.69263932;28.36024358;0.05;False;ok;74;1;1.147;
317;-16.59263932;28.31024358;0.05;False;ok;7;1;1.028;
318;-16.64263932;28.36024358;0.05;False;ok;59;1;1.066;
319;-16.59263932;28.36024358;0.025;False;ok;24;1;1.061;
320;-16.56763932;28.36024358;0.025;False;ok;16;1;1.050;
321;-16.59263932;28.38524358;0.025;False;ok;69;1;1.165;
322;-16.56763932;28.38524358;0.025;False;ok;71;1;1.103;
323;-16.54263932;28.31024358;0.05;False;ok;2;1;0.970;
324;-16.54263932;28.36024358;0.05;False;ok;75;1;1.167;
325;-16.49263932;28.36024358;0.05;False;ok;0;1;1.700;
326;-16.44263932;28.31024358;0.05;False;ok;68;1;1.122;
327;-16.39263932;28.31024358;0.05;False;ok;68;1;1.105;
328;-16.39263932;28.36024358;0.05;False;ok;75;1;1.284;
329;-16.34263932;28.31024358;0.1;False;ok;74;1;1.294;
330;-14.24263932;28.31024358;0.1;False;ok;14;1;1.033;
331;-14.14263932;28.31024358;0.1;False;ok;21;1;1.089;
332;-14.04263932;28.31024358;0.1;False;ok;39;1;1.070;
333;-13.94263932;28.31024358;0.05;False;ok;2;1;0.966;
334;-13.89263932;28.36024358;0.025;False;ok;74;1;1.175;
335;-13.86763932;28.36024358;0.025;False;ok;6;1;1.132;
336;-13.88013932;28.38524358;0.0125;False;ok;72;1;1.136;
337;-13.89263932;28.39774358;0.0125;False;ok;11;1;0.997;
338;-13.88013932;28.39774358;0.0125;False;ok;72;1;1.204;
339;-13.86763932;28.38524358;0.0125;False;ok;38;1;1.190;
340;-13.85513932;28.38524358;0.0125;False;ok;8;1;1.014;
341;-13.86763932;28.39774358;0.00625;False;ok;35;1;0.999;
342;-13.86138932;28.39774358;0.00625;False;ok;75;1;1.100;
343;-13.86138932;28.40399358;0.00625;False;ok;7;1;0.838;
344;-13.85513932;28.39774358;0.0125;False;ok;31;1;0.904;
345;-17.94263932;28.41024358;0.1;False;ok;66;1;1.016;
346;-17.84263932;28.41024358;0.1;False;ok;16;1;1.000;
347;-16.56763932;28.41024358;0.0125;False;ok;74;1;1.051;
348;-16.55513932;28.41024358;0.00625;False;ok;75;1;1.157;
349;-16.54888932;28.41024358;0.00625;False;ok;74;1;1.211;
350;-16.55513932;28.41649358;0.00625;False;ok;71;1;1.147;
351;-16.54888932;28.41649358;0.00625;False;ok;75;1;1.181;
352;-16.54263932;28.41024358;0.025;False;ok;75;1;1.294;
353;-16.51763932;28.41024358;0.025;False;ok;74;1;1.223;
354;-16.51763932;28.43524358;0.025;False;ok;4;1;1.159;
355;-16.49263932;28.41024358;0.05;False;ok;75;1;1.360;
356;-16.49263932;28.46024358;0.05;False;ok;39;1;1.312;
357;-16.44263932;28.41024358;0.05;False;ok;5;1;1.221;
358;-16.39263932;28.41024358;0.05;False;ok;21;1;1.206;
359;-16.44263932;28.46024358;0.05;False;ok;74;1;1.470;
360;-16.39263932;28.46024358;0.05;False;ok;38;1;1.265;
361;-16.34263932;28.41024358;0.05;False;ok;46;1;1.302;
362;-16.29263932;28.41024358;0.05;False;ok;49;1;1.349;
363;-16.34263932;28.46024358;0.05;False;ok;74;1;1.478;
364;-16.29263932;28.46024358;0.025;False;ok;44;1;1.308;
365;-16.26763932;28.46024358;0.0125;False;ok;73;1;1.268;
366;-16.25513932;28.46024358;0.0125;False;ok;75;1;1.270;
367;-16.26763932;28.47274358;0.0125;False;ok;8;1;0.988;
368;-16.25513932;28.47274358;0.0125;False;ok;47;1;1.120;
369;-16.29263932;28.48524358;0.025;False;ok;4;1;0.822;
370;-16.24263932;28.41024358;0.1;False;ok;74;1;0.975;
371;-14.14263932;28.41024358;0.1;False;ok;16;1;0.959;
372;-14.04263932;28.41024358;0.1;False;ok;32;1;0.984;
373;-13.89263932;28.41024358;0.05;False;ok;74;1;1.106;
374;-13.94263932;28.46024358;0.05;False;ok;7;1;1.046;
375;-13.89263932;28.46024358;0.025;False;ok;13;1;1.026;
376;-13.86763932;28.46024358;0.025;False;ok;1;1;1.009;
377;-13.89263932;28.48524358;0.025;False;ok;49;1;1.217;
378;-13.86763932;28.48524358;0.025;False;ok;74;1;1.389;
379;-17.89263932;28.51024358;0.05;False;ok;8;1;1.128;
380;-17.91763932;28.56024358;0.025;False;ok;12;1;1.233;
381;-17.94263932;28.58524358;0.025;False;ok;8;1;1.203;
382;-17.91763932;28.58524358;0.0125;False;ok;74;1;1.387;
383;-17.90513932;28.58524358;0.0125;False;ok;11;1;1.223;
384;-17.91763932;28.59774358;0.0125;False;ok;9;1;1.205;
385;-17.90513932;28.59774358;0.0125;False;ok;17;1;1.226;
386;-17.89263932;28.56024358;0.05;False;ok;25;1;1.440;
387;-17.84263932;28.51024358;0.1;False;ok;62;1;1.472;
388;-16.44263932;28.51024358;0.1;False;ok;74;1;1.352;
389;-16.34263932;28.51024358;0.1;False;ok;71;1;1.435;
390;-16.24263932;28.51024358;0.1;False;ok;72;1;1.392;
391;-14.04263932;28.51024358;0.1;False;ok;49;1;1.256;
392;-13.94263932;28.51024358;0.1;False;ok;35;1;1.242;
393;-13.84263932;28.51024358;0.1;False;ok;53;1;1.163;
394;-18.04263932;28.61024358;0.1;False;ok;73;1;1.250;
395;-17.94263932;28.61024358;0.025;False;ok;4;1;0.946;
396;-17.91763932;28.61024358;0.025;False;ok;16;1;1.077;
397;-17.94263932;28.63524358;0.025;False;ok;70;1;1.076;
398;-17.91763932;28.63524358;0.025;False;ok;74;1;1.055;
399;-17.89263932;28.61024358;0.025;False;ok;6;1;0.891;
400;-17.89263932;28.63524358;0.025;False;ok;71;1;1.005;
401;-17.86763932;28.63524358;0.025;False;ok;23;1;0.997;
402;-17.94263932;28.66024358;0.05;False;ok;73;1;1.025;
403;-17.89263932;28.66024358;0.05;False;ok;6;1;0.901;
404;-17.84263932;28.61024358;0.05;False;ok;4;1;0.952;
405;-17.79263932;28.61024358;0.025;False;ok;37;1;1.052;
406;-17.76763932;28.61024358;0.025;False;ok;10;1;1.172;
407;-17.79263932;28.63524358;0.025;False;ok;58;1;1.259;
408;-17.76763932;28.63524358;0.025;False;ok;75;1;1.435;
409;-17.84263932;28.66024358;0.05;False;ok;1;1;1.319;
410;-17.79263932;28.66024358;0.025;False;ok;45;1;1.397;
411;-17.76763932;28.66024358;0.025;False;ok;73;1;1.434;
412;-17.79263932;28.68524358;0.025;False;ok;16;1;1.298;
413;-17.76763932;28.68524358;0.025;False;ok;74;1;1.417;
414;-14.01763932;28.66024358;0.0125;False;ok;0;1;2.057;
415;-14.01763932;28.67274358;0.0125;False;ok;72;1;1.521;
416;-14.00513932;28.67274358;0.0125;False;ok;7;1;1.351;
417;-14.04263932;28.68524358;0.025;False;ok;1;1;1.335;
418;-14.01763932;28.68524358;0.025;False;ok;74;1;1.648;
419;-13.99263932;28.66024358;0.05;False;ok;46;1;1.448;
420;-13.94263932;28.61024358;0.05;False;ok;75;1;1.466;
421;-13.89263932;28.61024358;0.05;False;ok;1;1;1.241;
422;-13.94263932;28.66024358;0.05;False;ok;74;1;1.422;
423;-13.89263932;28.66024358;0.05;False;ok;75;1;1.368;
424;-13.84263932;28.61024358;0.1;False;ok;2;1;1.219;
425;-18.04263932;28.71024358;0.1;False;ok;72;1;1.313;
426;-17.94263932;28.71024358;0.1;False;ok;20;1;0.987;
427;-17.84263932;28.71024358;0.1;False;ok;62;1;1.110;
428;-17.74263932;28.71024358;0.1;False;ok;4;1;1.028;
429;-14.04263932;28.71024358;0.1;False;ok;70;1;1.218;
430;-13.94263932;28.71024358;0.05;False;ok;4;1;0.991;
431;-13.88013932;28.71024358;0.0125;False;ok;75;1;1.276;
432;-13.89263932;28.72274358;0.0125;False;ok;0;1;1.783;
433;-13.88013932;28.72274358;0.0125;False;ok;75;1;1.363;
434;-13.86763932;28.71024358;0.0125;False;ok;46;1;1.305;
435;-13.86763932;28.72274358;0.00625;False;ok;75;1;1.500;
436;-13.86138932;28.72274358;0.00625;False;ok;75;1;1.500;
437;-13.86763932;28.72899358;0.00625;False;ok;75;1;1.514;
438;-13.86138932;28.72899358;0.00625;False;ok;53;1;1.441;
439;-13.85513932;28.72274358;0.0125;False;ok;19;1;1.417;
440;-13.87388932;28.73524358;0.003125;False;ok;73;1;1.485;
441;-13.87076432;28.73524358;0.003125;False;ok;73;1;1.468;
442;-13.87388932;28.73836858;0.003125;False;ok;22;1;1.341;
443;-13.87076432;28.73836858;0.003125;False;ok;75;1;1.496;
444;-13.87388932;28.74149358;0.00625;False;ok;75;1;1.443;
445;-13.86763932;28.73524358;0.025;False;ok;75;1;1.491;
446;-13.84263932;28.71024358;0.1;False;ok;2;1;1.258;
447;-13.74263932;28.71024358;0.1;False;ok;1;1;1.167;
448;-18.04263932;28.81024358;0.1;False;ok;6;1;1.184;
449;-17.94263932;28.81024358;0.1;False;ok;12;1;1.222;
450;-17.84263932;28.81024358;0.1;False;ok;23;1;1.033;
451;-13.89263932;28.81024358;0.05;False;ok;5;1;0.906;
452;-13.89263932;28.86024358;0.025;False;ok;73;1;0.927;
453;-13.86763932;28.86024358;0.0125;False;ok;73;1;1.031;
454;-13.85513932;28.86024358;0.00625;False;ok;13;1;1.043;
455;-13.84888932;28.86024358;0.00625;False;ok;39;1;1.509;
456;-13.85513932;28.86649358;0.00625;False;ok;5;1;1.125;
457;-13.84888932;28.86649358;0.00625;False;ok;55;1;1.328;
458;-13.85513932;28.87274358;0.0125;False;ok;74;1;1.304;
459;-13.84263932;28.81024358;0.05;False;ok;75;1;1.406;
460;-13.84263932;28.86024358;0.00625;False;ok;32;1;1.336;
461;-13.83638932;28.86024358;0.00625;False;ok;71;1;1.424;
462;-13.84263932;28.86649358;0.00625;False;ok;72;1;1.566;
463;-13.83638932;28.86649358;0.00625;False;ok;22;1;1.397;
464;-13.83013932;28.86024358;0.0125;False;ok;75;1;1.621;
465;-13.84263932;28.87274358;0.0125;False;ok;58;1;1.479;
466;-13.83013932;28.87274358;0.0125;False;ok;74;1;1.528;
467;-13.81763932;28.86024358;0.0125;False;ok;75;1;1.568;
468;-13.80513932;28.86024358;0.00625;False;ok;75;1;1.485;
469;-13.79888932;28.86024358;0.00625;False;ok;57;1;1.491;
470;-13.80513932;28.86649358;0.00625;False;ok;41;1;1.433;
471;-13.74263932;28.81024358;0.1;False;ok;20;1;1.331;
472;-13.84263932;28.91024358;0.1;False;ok;73;1;1.334;
473;-13.71763932;28.91024358;0.025;False;ok;74;1;1.268;
474;-13.74263932;28.93524358;0.025;False;ok;13;1;0.997;
475;-13.71763932;28.93524358;0.025;False;ok;72;1;0.873;
476;-13.69263932;28.91024358;0.0125;False;ok;2;1;0.660;
477;-13.68013932;28.91024358;0.0125;False;ok;74;1;0.903;
478;-13.69263932;28.92274358;0.0125;False;ok;9;1;0.729;
479;-13.68013932;28.92274358;0.00625;False;ok;74;1;0.872;
480;-13.67388932;28.92274358;0.003125;False;ok;45;1;0.731;
481;-13.67076432;28.92274358;0.003125;False;ok;60;1;0.845;
482;-13.67388932;28.92586858;0.003125;False;ok;15;1;0.888;
483;-13.67076432;28.92586858;0.003125;False;ok;8;1;0.962;
484;-13.68013932;28.92899358;0.00625;False;ok;7;1;1.180;
485;-13.67388932;28.92899358;0.00625;False;ok;12;1;1.264;
486;-13.66763932;28.91024358;0.0125;False;ok;74;1;1.387;
487;-13.65513932;28.91649358;0.00625;False;ok;74;1;1.574;
488;-13.64888932;28.91649358;0.00625;False;ok;75;1;1.495;
489;-13.66763932;28.92274358;0.00625;False;ok;75;1;1.553;
490;-13.66138932;28.92274358;0.00625;False;ok;75;1;1.525;
491;-13.66763932;28.92899358;0.00625;False;ok;1;1;1.335;
492;-13.65513932;28.92274358;0.0125;False;ok;75;1;1.474;
493;-13.69263932;28.93524358;0.025;False;ok;55;1;1.451;
494;-13.66763932;28.93524358;0.025;False;ok;74;1;1.503;
495;-13.74263932;28.96024358;0.05;False;ok;17;1;1.372;
496;-13.69263932;28.96024358;0.05;False;ok;74;1;1.473;
497;-13.64263932;28.91024358;0.0125;False;ok;12;1;1.520;
498;-13.64263932;28.92274358;0.0125;False;ok;75;1;1.405;
499;-13.63013932;28.92274358;0.0125;False;ok;39;1;1.387;
500;-13.61763932;28.91024358;0.025;False;ok;15;1;1.168;
501;-13.64263932;28.93524358;0.025;False;ok;45;1;1.161;
502;-13.61763932;28.93524358;0.025;False;ok;74;1;1.124;
503;-13.59263932;28.94774358;0.0125;False;ok;74;1;1.143;
504;-13.58013932;28.94774358;0.0125;False;ok;14;1;0.712;
505;-13.56763932;28.93524358;0.025;False;ok;75;1;0.902;
506;-13.64263932;28.96024358;0.05;False;ok;57;1;0.815;
507;-13.59263932;28.96024358;0.025;False;ok;21;1;0.635;
508;-13.56763932;28.96024358;0.0125;False;ok;32;1;0.918;
509;-13.55513932;28.96024358;0.0125;False;ok;75;1;1.332;
510;-13.56763932;28.97274358;0.0125;False;ok;16;1;1.162;
511;-13.55513932;28.97274358;0.0125;False;ok;6;1;1.123;
512;-13.56763932;28.98524358;0.025;False;ok;4;1;1.138;
513;-13.54263932;28.96024358;0.025;False;ok;9;1;1.283;
514;-13.51763932;28.96024358;0.025;False;ok;6;1;1.269;
515;-13.54263932;28.98524358;0.025;False;ok;14;1;1.311;
516;-13.51763932;28.98524358;0.0125;False;ok;49;1;1.449;
517;-13.50513932;28.98524358;0.0125;False;ok;75;1;1.541;
518;-13.51763932;28.99774358;0.0125;False;ok;16;1;1.377;
519;-13.50513932;28.99774358;0.0125;False;ok;43;1;1.372;
520;-13.49263932;28.98524358;0.0125;False;ok;44;1;1.402;
521;-13.49263932;28.99774358;0.0125;False;ok;75;1;1.497;
522;-13.69263932;29.01024358;0.05;False;ok;63;1;1.440;
523;-13.69263932;29.06024358;0.05;False;ok;75;1;1.582;
524;-13.64263932;29.01024358;0.05;False;ok;41;1;1.287;
525;-13.59263932;29.01024358;0.05;False;ok;72;1;1.540;
526;-13.64263932;29.06024358;0.05;False;ok;16;1;1.251;
527;-13.59263932;29.06024358;0.05;False;ok;22;1;1.218;
528;-13.54263932;29.01024358;0.05;False;ok;13;1;1.035;
529;-13.49263932;29.01024358;0.05;False;ok;7;1;0.802;
530;-13.54263932;29.06024358;0.05;False;ok;18;1;0.905;
531;-13.49263932;29.06024358;0.05;False;ok;75;1;1.053;
532;-13.74263932;29.11024358;0.1;False;ok;0;1;1.504;
533;-13.64263932;29.11024358;0.05;False;ok;21;1;0.830;
534;-13.59263932;29.11024358;0.05;False;ok;75;1;1.055;
535;-13.54263932;29.11024358;0.05;False;ok;33;1;0.837;
536;-13.49263932;29.11024358;0.025;False;ok;14;1;0.940;
537;-13.46763932;29.11024358;0.025;False;ok;75;1;1.118;
538;-13.49263932;29.13524358;0.025;False;ok;9;1;0.953;
539;-13.46763932;29.13524358;0.025;False;ok;75;1;1.142;
540;-13.54263932;29.16024358;0.05;False;ok;3;1;1.066;
541;-13.49263932;29.16024358;0.05;False;ok;11;1;1.101;
542;-13.44263932;29.11024358;0.1;False;ok;0;1;1.832;
543;-13.54263932;29.21024358;0.05;False;ok;74;1;1.302;
544;-13.49263932;29.21024358;0.05;False;ok;43;1;1.367;
545;-13.49263932;29.26024358;0.05;False;ok;4;1;1.206;
546;-8.919748187;41.83647628;0.05;True;ok;2;1;1.296;
547;-8.869748187;41.83647628;0.05;True;ok;0;1;1.463;
548;-8.719748187;41.78647628;0.1;True;ok;0;1;1.351;
549;-8.219748187;41.78647628;0.1;True;ok;2;1;1.183;
550;-8.119748187;41.78647628;0.1;False;ok;14;1;1.217;
551;-8.919748187;41.88647628;0.1;True;ok;73;1;1.430;
552;-8.819748187;41.88647628;0.1;True;ok;12;1;1.390;
553;-8.219748187;41.88647628;0.1;False;ok;2;1;1.104;
554;-8.119748187;41.88647628;0.1;False;ok;26;1;1.211;
555;-8.019748187;41.88647628;0.1;False;ok;9;1;1.028;
556;-7.919748187;41.88647628;0.1;True;ok;0;1;1.030;
557;-7.519748187;41.88647628;0.1;False;ok;13;1;1.088;
558;-8.919748187;41.98647628;0.1;False;ok;47;1;1.067;
559;-8.819748187;41.98647628;0.1;False;ok;21;1;1.066;
560;-8.719748187;41.98647628;0.1;True;ok;51;1;1.268;
561;-8.619748187;41.98647628;0.1;True;ok;5;1;1.088;
562;-7.919748187;41.98647628;0.1;False;ok;3;1;1.166;
563;-7.819748187;41.98647628;0.1;False;ok;5;1;1.066;
564;-7.519748187;41.98647628;0.1;False;ok;5;1;1.294;
565;-7.419748187;41.98647628;0.1;False;ok;2;1;1.172;
566;-7.219748187;41.98647628;0.1;False;ok;3;1;1.265;
567;-7.119748187;41.98647628;0.1;False;ok;3;1;1.205;
568;-7.019748187;41.98647628;0.1;False;ok;0;1;1.932;
569;-6.919748187;41.98647628;0.1;False;ok;10;1;1.299;
570;-6.819748187;41.98647628;0.1;False;ok;2;1;1.250;
571;-6.719748187;41.98647628;0.1;False;ok;41;1;1.466;
572;-8.919748187;42.08647628;0.1;False;ok;75;1;1.541;
573;-8.819748187;42.08647628;0.1;False;ok;74;1;1.546;
574;-8.719748187;42.08647628;0.1;False;ok;62;1;1.555;
575;-8.619748187;42.08647628;0.1;False;ok;45;1;1.534;
576;-8.519748187;42.08647628;0.1;False;ok;33;1;1.501;
577;-8.419748187;42.08647628;0.1;False;ok;5;1;1.394;
578;-8.319748187;42.08647628;0.1;True;ok;18;1;1.542;
579;-8.219748187;42.08647628;0.1;True;ok;9;1;1.401;
580;-8.119748187;42.08647628;0.1;False;ok;1;1;1.302;
581;-8.019748187;42.08647628;0.1;False;ok;15;1;1.259;
582;-7.919748187;42.08647628;0.1;False;ok;11;1;1.214;
583;-7.819748187;42.08647628;0.1;False;ok;6;1;1.191;
584;-7.619748187;42.08647628;0.1;False;ok;1;1;1.013;
585;-7.219748187;42.08647628;0.1;False;ok;2;1;1.036;
586;-7.119748187;42.08647628;0.1;False;ok;0;1;1.690;
587;-6.819748187;42.08647628;0.1;False;ok;4;1;0.983;
588;-6.719748187;42.08647628;0.1;False;ok;40;1;1.009;
589;-8.919748187;42.18647628;0.1;False;ok;35;1;1.009;
590;-8.819748187;42.18647628;0.05;False;ok;62;1;1.047;
591;-8.769748187;42.18647628;0.05;False;ok;75;1;1.353;
592;-8.819748187;42.23647628;0.05;False;ok;74;1;1.446;
593;-8.769748187;42.23647628;0.05;False;ok;71;1;1.334;
594;-8.719748187;42.18647628;0.05;False;ok;74;1;1.525;
595;-8.669748187;42.18647628;0.05;False;ok;8;1;1.298;
596;-8.719748187;42.23647628;0.05;False;ok;75;1;1.556;
597;-8.669748187;42.23647628;0.05;False;ok;9;1;1.263;
598;-8.619748187;42.18647628;0.1;False;ok;74;1;1.470;
599;-8.519748187;42.18647628;0.1;False;ok;43;1;1.346;
600;-8.419748187;42.18647628;0.1;False;ok;14;1;1.358;
601;-8.319748187;42.18647628;0.1;False;ok;13;1;1.349;
602;-8.219748187;42.18647628;0.1;False;ok;21;1;1.480;
603;-8.119748187;42.18647628;0.1;False;ok;3;1;1.329;
604;-7.919748187;42.18647628;0.1;False;ok;18;1;1.390;
605;-7.819748187;42.18647628;0.1;False;ok;48;1;1.370;
606;-7.719748187;42.18647628;0.1;False;ok;6;1;1.228;
607;-7.619748187;42.18647628;0.1;False;ok;2;1;1.180;
608;-7.419748187;42.18647628;0.1;False;ok;0;1;1.802;
609;-7.319748187;42.18647628;0.1;False;ok;6;1;0.785;
610;-7.119748187;42.18647628;0.1;False;ok;2;1;0.678;
611;-8.919748187;42.28647628;0.1;False;ok;11;1;0.730;
612;-8.819748187;42.28647628;0.1;False;ok;75;1;0.921;
613;-8.719748187;42.28647628;0.1;False;ok;62;1;0.840;
614;-8.619748187;42.28647628;0.1;False;ok;75;1;0.883;
615;-8.519748187;42.28647628;0.1;False;ok;6;1;0.899;
616;-8.319748187;42.28647628;0.1;False;ok;1;1;1.008;
617;-8.219748187;42.28647628;0.1;False;ok;31;1;1.248;
618;-8.119748187;42.28647628;0.1;False;ok;24;1;1.414;
619;-8.019748187;42.28647628;0.1;False;ok;7;1;1.289;
620;-7.919748187;42.28647628;0.05;False;ok;5;1;1.348;
621;-7.869748187;42.28647628;0.05;False;ok;54;1;1.387;
622;-7.919748187;42.33647628;0.05;False;ok;29;1;1.348;
623;-7.869748187;42.33647628;0.05;False;ok;75;1;1.560;
624;-7.819748187;42.28647628;0.1;False;ok;36;1;1.398;
625;-7.719748187;42.28647628;0.1;False;ok;10;1;1.403;
626;-7.619748187;42.28647628;0.1;False;ok;26;1;1.379;
627;-7.519748187;42.28647628;0.1;False;ok;20;1;1.479;
628;-7.419748187;42.28647628;0.1;False;ok;13;1;1.450;
629;-7.319748187;42.28647628;0.1;False;ok;10;1;1.398;
630;-7.219748187;42.28647628;0.1;False;ok;7;1;1.538;
631;-6.819748187;42.28647628;0.1;False;ok;3;1;1.054;
632;-9.019748187;42.38647628;0.1;False;ok;41;1;1.053;
633;-8.919748187;42.38647628;0.05;False;ok;28;1;1.015;
634;-8.869748187;42.38647628;0.025;False;ok;40;1;1.058;
635;-8.844748187;42.38647628;0.0125;False;ok;26;1;0.941;
636;-8.832248187;42.38647628;0.0125;False;ok;73;1;1.052;
637;-8.844748187;42.39897628;0.0125;False;ok;12;1;0.723;
638;-8.832248187;42.39897628;0.0125;False;ok;30;1;0.824;
639;-8.869748187;42.41147628;0.025;False;ok;41;1;0.898;
640;-8.844748187;42.41147628;0.025;False;ok;15;1;0.929;
641;-8.919748187;42.43647628;0.05;False;ok;61;1;1.035;
642;-8.869748187;42.43647628;0.05;False;ok;74;1;1.205;
643;-8.819748187;42.39897628;0.0125;False;ok;73;1;1.372;
644;-8.807248187;42.39897628;0.0125;False;ok;74;1;1.339;
645;-8.794748187;42.38647628;0.025;False;ok;48;1;1.207;
646;-8.819748187;42.41147628;0.025;False;ok;21;1;1.216;
647;-8.769748187;42.38647628;0.05;False;ok;73;1;1.351;
648;-8.819748187;42.43647628;0.05;False;ok;47;1;1.335;
649;-8.769748187;42.43647628;0.05;False;ok;18;1;1.291;
650;-8.719748187;42.38647628;0.05;False;ok;74;1;1.639;
651;-8.669748187;42.41147628;0.025;False;ok;72;1;1.380;
652;-8.644748187;42.41147628;0.025;False;ok;74;1;1.403;
653;-8.719748187;42.43647628;0.05;False;ok;48;1;1.387;
654;-8.669748187;42.43647628;0.05;False;ok;22;1;1.314;
655;-8.619748187;42.38647628;0.1;False;ok;18;1;1.260;
656;-8.519748187;42.38647628;0.1;False;ok;15;1;1.255;
657;-8.419748187;42.38647628;0.1;False;ok;3;1;1.109;
658;-8.319748187;42.38647628;0.1;False;ok;2;1;1.040;
659;-8.219748187;42.38647628;0.1;False;ok;7;1;0.985;
660;-8.119748187;42.38647628;0.1;False;ok;24;1;1.017;
661;-8.019748187;42.38647628;0.1;False;ok;11;1;0.929;
662;-7.919748187;42.38647628;0.1;False;ok;13;1;0.830;
663;-7.819748187;42.38647628;0.1;False;ok;20;1;0.872;
664;-7.719748187;42.38647628;0.1;False;ok;19;1;0.787;
665;-7.619748187;42.38647628;0.1;False;ok;34;1;0.993;
666;-7.519748187;42.38647628;0.1;False;ok;33;1;0.969;
667;-7.419748187;42.38647628;0.1;False;ok;2;1;0.930;
668;-7.319748187;42.38647628;0.1;False;ok;15;1;1.128;
669;-7.219748187;42.38647628;0.1;False;ok;2;1;1.012;
670;-7.119748187;42.38647628;0.1;False;ok;10;1;1.286;
671;-7.019748187;42.38647628;0.1;False;ok;19;1;1.390;
672;-6.919748187;42.38647628;0.1;False;ok;5;1;1.388;
673;-6.819748187;42.38647628;0.1;False;ok;14;1;1.362;
674;-9.119748187;42.48647628;0.1;False;ok;17;1;1.401;
675;-9.019748187;42.48647628;0.1;False;ok;74;1;1.473;
676;-8.919748187;42.48647628;0.05;False;ok;54;1;1.407;
677;-8.869748187;42.48647628;0.05;False;ok;74;1;1.573;
678;-8.919748187;42.53647628;0.05;False;ok;20;1;1.436;
679;-8.869748187;42.53647628;0.05;False;ok;69;1;1.580;
680;-8.819748187;42.48647628;0.1;False;ok;75;1;1.533;
681;-8.719748187;42.48647628;0.1;False;ok;45;1;1.529;
682;-8.619748187;42.48647628;0.1;False;ok;16;1;1.254;
683;-8.519748187;42.48647628;0.1;False;ok;10;1;1.209;
684;-8.419748187;42.48647628;0.1;False;ok;9;1;1.236;
685;-8.319748187;42.48647628;0.1;False;ok;6;1;1.043;
686;-8.219748187;42.48647628;0.1;False;ok;1;1;0.963;
687;-8.119748187;42.48647628;0.1;False;ok;6;1;1.058;
688;-8.019748187;42.48647628;0.1;False;ok;5;1;0.934;
689;-7.919748187;42.48647628;0.1;False;ok;4;1;0.902;
690;-7.819748187;42.48647628;0.1;False;ok;10;1;0.655;
691;-7.719748187;42.48647628;0.1;False;ok;30;1;0.800;
692;-7.619748187;42.48647628;0.1;False;ok;21;1;0.810;
693;-7.519748187;42.48647628;0.1;False;ok;74;1;0.969;
694;-7.419748187;42.48647628;0.1;False;ok;8;1;0.831;
695;-7.219748187;42.48647628;0.1;False;ok;1;1;0.975;
696;-7.119748187;42.48647628;0.1;False;ok;3;1;1.121;
697;-6.919748187;42.48647628;0.1;False;ok;3;1;1.157;
698;-6.819748187;42.48647628;0.1;False;ok;25;1;1.289;
699;-6.719748187;42.48647628;0.1;False;ok;26;1;1.429;
700;-9.119748187;42.58647628;0.1;False;ok;21;1;1.412;
701;-9.019748187;42.58647628;0.1;False;ok;51;1;1.597;
702;-8.919748187;42.58647628;0.1;False;ok;75;1;1.702;
703;-8.819748187;42.58647628;0.1;False;ok;75;1;1.577;
704;-8.719748187;42.58647628;0.1;False;ok;74;1;1.591;
705;-8.619748187;42.58647628;0.1;False;ok;25;1;1.493;
706;-8.519748187;42.58647628;0.1;False;ok;6;1;1.502;
707;-8.419748187;42.58647628;0.1;False;ok;3;1;1.355;
708;-8.319748187;42.58647628;0.1;False;ok;3;1;1.399;
709;-8.219748187;42.58647628;0.1;False;ok;10;1;1.382;
710;-8.119748187;42.58647628;0.1;False;ok;11;1;1.430;
711;-8.019748187;42.58647628;0.1;False;ok;2;1;1.231;
712;-7.919748187;42.58647628;0.1;False;ok;3;1;1.156;
713;-7.819748187;42.58647628;0.1;False;ok;46;1;1.270;
714;-7.719748187;42.58647628;0.1;False;ok;5;1;1.081;
715;-7.519748187;42.58647628;0.1;False;ok;5;1;0.970;
716;-7.419748187;42.58647628;0.1;False;ok;5;1;0.885;
717;-7.319748187;42.58647628;0.1;False;ok;8;1;0.836;
718;-7.219748187;42.58647628;0.1;False;ok;6;1;0.741;
719;-7.019748187;42.58647628;0.1;False;ok;15;1;0.704;
720;-6.919748187;42.58647628;0.1;False;ok;7;1;0.677;
721;-6.819748187;42.58647628;0.1;False;ok;31;1;0.943;
722;-6.719748187;42.58647628;0.1;False;ok;11;1;1.062;
723;-9.219748187;42.68647628;0.1;False;ok;3;1;1.070;
724;-9.119748187;42.68647628;0.1;False;ok;74;1;1.456;
725;-9.019748187;42.68647628;0.1;False;ok;68;1;1.458;
726;-8.919748187;42.68647628;0.1;False;ok;51;1;1.448;
727;-8.819748187;42.68647628;0.1;False;ok;8;1;1.394;
728;-8.719748187;42.68647628;0.1;False;ok;75;1;1.574;
729;-8.619748187;42.68647628;0.1;False;ok;12;1;1.463;
730;-8.519748187;42.68647628;0.1;False;ok;31;1;1.454;
731;-8.419748187;42.68647628;0.1;False;ok;14;1;1.424;
732;-8.319748187;42.68647628;0.1;False;ok;30;1;1.476;
733;-8.219748187;42.68647628;0.1;False;ok;4;1;1.430;
734;-7.919748187;42.68647628;0.1;False;ok;3;1;1.499;
735;-7.819748187;42.68647628;0.1;False;ok;5;1;1.381;
736;-7.619748187;42.68647628;0.1;False;ok;5;1;1.462;
737;-7.519748187;42.68647628;0.1;False;ok;10;1;1.421;
738;-7.419748187;42.68647628;0.1;False;ok;75;1;1.569;
739;-7.319748187;42.68647628;0.1;False;ok;23;1;1.271;
740;-7.219748187;42.68647628;0.1;False;ok;8;1;1.197;
741;-7.119748187;42.68647628;0.1;False;ok;8;1;0.966;
742;-7.019748187;42.68647628;0.1;False;ok;2;1;0.828;
743;-6.719748187;42.68647628;0.1;False;ok;27;1;0.815;
744;-9.319748187;42.78647628;0.1;False;ok;1;1;0.718;
745;-9.219748187;42.78647628;0.1;False;ok;35;1;0.958;
746;-9.119748187;42.78647628;0.1;False;ok;55;1;0.981;
747;-9.019748187;42.78647628;0.1;False;ok;44;1;1.149;
748;-8.919748187;42.78647628;0.1;False;ok;36;1;1.374;
749;-8.819748187;42.78647628;0.1;False;ok;5;1;1.320;
750;-8.719748187;42.78647628;0.1;False;ok;46;1;1.457;
751;-8.619748187;42.78647628;0.05;False;ok;15;1;1.461;
752;-8.569748187;42.78647628;0.05;False;ok;11;1;1.476;
753;-8.619748187;42.83647628;0.05;False;ok;51;1;1.529;
754;-8.569748187;42.83647628;0.025;False;ok;1;1;1.372;
755;-8.569748187;42.86147628;0.0125;False;ok;8;1;1.511;
756;-8.557248187;42.86147628;0.0125;False;ok;41;1;1.676;
757;-8.569748187;42.87397628;0.0125;False;ok;4;1;1.455;
758;-8.557248187;42.87397628;0.0125;False;ok;74;1;1.567;
759;-8.544748187;42.86147628;0.0125;False;ok;6;1;1.537;
760;-8.532248187;42.86147628;0.0125;False;ok;1;1;1.340;
761;-8.544748187;42.87397628;0.00625;False;ok;52;1;1.575;
762;-8.538498187;42.87397628;0.00625;False;ok;3;1;1.336;
763;-8.544748187;42.88022628;0.00625;False;ok;50;1;1.405;
764;-8.538498187;42.88022628;0.00625;False;ok;22;1;1.156;
765;-8.532248187;42.87397628;0.0125;False;ok;7;1;0.989;
766;-8.519748187;42.78647628;0.1;False;ok;20;1;0.990;
767;-8.419748187;42.78647628;0.1;False;ok;17;1;0.879;
768;-8.319748187;42.78647628;0.1;False;ok;5;1;0.720;
769;-8.219748187;42.78647628;0.1;False;ok;9;1;0.749;
770;-8.119748187;42.78647628;0.1;False;ok;5;1;0.804;
771;-8.019748187;42.78647628;0.1;False;ok;10;1;0.873;
772;-7.919748187;42.78647628;0.1;False;ok;64;1;1.063;
773;-7.819748187;42.78647628;0.1;False;ok;9;1;1.127;
774;-7.719748187;42.78647628;0.1;False;ok;4;1;1.206;
775;-7.619748187;42.78647628;0.1;False;ok;52;1;1.420;
776;-7.519748187;42.78647628;0.1;False;ok;2;1;1.163;
777;-7.419748187;42.78647628;0.1;False;ok;1;1;1.255;
778;-7.319748187;42.78647628;0.1;False;ok;1;1;1.199;
779;-7.219748187;42.78647628;0.1;False;ok;4;1;1.349;
780;-7.119748187;42.78647628;0.1;False;ok;3;1;1.365;
781;-6.919748187;42.78647628;0.1;False;ok;5;1;1.348;
782;-6.819748187;42.78647628;0.1;False;ok;4;1;1.430;
783;-6.719748187;42.78647628;0.1;False;ok;0;1;2.062;
784;-9.319748187;42.88647628;0.05;False;ok;3;1;1.369;
785;-9.269748187;42.88647628;0.025;False;ok;73;1;1.561;
786;-9.269748187;42.91147628;0.025;False;ok;74;1;1.527;
787;-9.269748187;42.93647628;0.05;False;ok;31;1;1.362;
788;-9.219748187;42.88647628;0.05;False;ok;21;1;1.320;
789;-9.169748187;42.88647628;0.05;False;ok;57;1;1.342;
790;-9.219748187;42.93647628;0.05;False;ok;74;1;1.454;
791;-9.169748187;42.93647628;0.05;False;ok;0;1;1.788;
792;-9.119748187;42.88647628;0.1;False;ok;11;1;1.005;
793;-9.019748187;42.88647628;0.1;False;ok;21;1;1.033;
794;-8.919748187;42.88647628;0.1;False;ok;5;1;0.897;
795;-8.819748187;42.88647628;0.1;False;ok;38;1;0.998;
796;-8.719748187;42.88647628;0.1;False;ok;9;1;2.193;
797;-8.619748187;42.88647628;0.1;False;ok;64;1;1.033;
798;-8.519748187;42.88647628;0.1;False;ok;49;1;1.006;
799;-8.419748187;42.88647628;0.1;False;ok;68;1;1.024;
800;-8.319748187;42.88647628;0.1;False;ok;18;1;0.925;
801;-8.219748187;42.88647628;0.1;False;ok;75;1;1.112;
802;-8.119748187;42.88647628;0.1;False;ok;25;1;0.968;
803;-8.019748187;42.88647628;0.1;False;ok;65;1;1.039;
804;-7.919748187;42.88647628;0.1;False;ok;8;1;0.980;
805;-7.819748187;42.88647628;0.1;False;ok;10;1;0.993;
806;-7.719748187;42.88647628;0.1;False;ok;3;1;0.949;
807;-7.619748187;42.88647628;0.1;False;ok;6;1;0.960;
808;-7.519748187;42.88647628;0.1;False;ok;1;1;0.884;
809;-7.419748187;42.88647628;0.1;False;ok;2;1;0.839;
810;-7.319748187;42.88647628;0.1;False;ok;4;1;0.966;
811;-7.219748187;42.88647628;0.1;False;ok;2;1;0.886;
812;-7.019748187;42.88647628;0.1;False;ok;5;1;0.927;
813;-9.319748187;42.98647628;0.1;False;ok;36;1;0.938;
814;-9.219748187;42.98647628;0.1;False;ok;46;1;1.053;
815;-9.119748187;42.98647628;0.1;False;ok;6;1;0.926;
816;-9.019748187;42.98647628;0.1;False;ok;10;1;1.097;
817;-8.919748187;42.98647628;0.1;False;ok;3;1;1.007;
818;-8.819748187;42.98647628;0.1;False;ok;3;1;1.106;
819;-8.519748187;42.98647628;0.1;False;ok;3;1;1.100;
820;-8.419748187;42.98647628;0.1;False;ok;7;1;1.244;
821;-8.319748187;42.98647628;0.1;False;ok;3;1;1.313;
822;-8.219748187;42.98647628;0.1;False;ok;11;1;1.191;
823;-8.119748187;42.98647628;0.1;False;ok;13;1;1.269;
824;-8.019748187;42.98647628;0.1;False;ok;0;1;1.964;
825;-7.919748187;42.98647628;0.1;False;ok;2;1;1.230;
826;-7.719748187;42.98647628;0.1;False;ok;2;1;1.278;
827;-7.619748187;42.98647628;0.1;False;ok;75;1;1.495;
828;-7.519748187;42.98647628;0.1;False;ok;2;1;1.328;
829;-7.319748187;42.98647628;0.1;False;ok;7;1;1.209;
830;-7.019748187;42.98647628;0.1;False;ok;2;1;1.203;
831;-6.919748187;42.98647628;0.1;False;ok;4;1;1.259;
832;-6.719748187;42.98647628;0.1;False;ok;7;1;1.249;
833;-9.219748187;43.08647628;0.1;False;ok;75;1;1.389;
834;-9.119748187;43.08647628;0.1;False;ok;62;1;1.296;
835;-9.019748187;43.08647628;0.1;False;ok;21;1;1.210;
836;-8.919748187;43.08647628;0.1;False;ok;7;1;1.092;
837;-8.819748187;43.08647628;0.1;False;ok;0;1;1.851;
838;-8.719748187;43.08647628;0.1;False;ok;2;1;1.124;
839;-8.419748187;43.08647628;0.1;False;ok;15;1;1.057;
840;-8.219748187;43.08647628;0.1;False;ok;2;1;1.042;
841;-8.119748187;43.08647628;0.1;False;ok;5;1;1.045;
842;-8.019748187;43.08647628;0.1;False;ok;2;1;0.974;
843;-7.919748187;43.08647628;0.1;False;ok;10;1;1.085;
844;-7.819748187;43.08647628;0.1;False;ok;5;1;1.097;
845;-7.719748187;43.08647628;0.1;False;ok;3;1;0.983;
846;-7.619748187;43.08647628;0.1;False;ok;13;1;1.078;
847;-7.419748187;43.08647628;0.1;False;ok;2;1;1.007;
848;-7.219748187;43.08647628;0.1;False;ok;1;1;0.972;
849;-7.119748187;43.08647628;0.1;False;ok;10;1;0.996;
850;-6.919748187;43.08647628;0.1;False;ok;1;1;1.059;
851;-6.819748187;43.08647628;0.1;False;ok;1;1;0.998;
852;-6.719748187;43.08647628;0.1;False;ok;1;1;0.956;
853;-9.019748187;43.18647628;0.1;False;ok;75;1;1.303;
854;-8.919748187;43.18647628;0.1;False;ok;50;1;1.203;
855;-8.819748187;43.18647628;0.1;False;ok;26;1;1.187;
856;-8.719748187;43.18647628;0.1;False;ok;35;1;1.263;
857;-8.619748187;43.18647628;0.1;False;ok;3;1;1.234;
858;-8.419748187;43.18647628;0.1;False;ok;6;1;1.191;
859;-8.319748187;43.18647628;0.1;False;ok;14;1;1.301;
860;-8.219748187;43.18647628;0.1;False;ok;41;1;1.304;
861;-8.119748187;43.18647628;0.1;False;ok;3;1;1.257;
862;-7.719748187;43.18647628;0.1;False;ok;1;1;1.165;
863;-7.619748187;43.18647628;0.1;False;ok;5;1;1.228;
864;-7.519748187;43.18647628;0.1;False;ok;2;1;1.235;
865;-7.419748187;43.18647628;0.1;False;ok;2;1;1.226;
866;-7.319748187;43.18647628;0.1;False;ok;4;1;1.235;
867;-7.219748187;43.18647628;0.1;False;ok;2;1;1.297;
868;-7.119748187;43.18647628;0.1;False;ok;13;1;1.292;
869;-7.019748187;43.18647628;0.1;False;ok;10;1;1.281;
870;-6.919748187;43.18647628;0.1;False;ok;4;1;1.189;
871;-6.819748187;43.18647628;0.1;False;ok;2;1;1.190;
872;-8.919748187;43.28647628;0.1;False;ok;23;1;1.188;
873;-8.819748187;43.28647628;0.1;False;ok;74;1;1.279;
874;-8.719748187;43.28647628;0.1;False;ok;22;1;1.215;
875;-8.619748187;43.28647628;0.1;False;ok;17;1;1.243;
876;-8.519748187;43.28647628;0.1;False;ok;30;1;1.307;
877;-8.419748187;43.28647628;0.05;False;ok;16;1;1.404;
878;-8.369748187;43.28647628;0.05;False;ok;9;1;1.281;
879;-8.419748187;43.33647628;0.025;False;ok;53;1;1.350;
880;-8.394748187;43.33647628;0.025;False;ok;10;1;1.271;
881;-8.419748187;43.36147628;0.0125;False;ok;23;1;1.339;
882;-8.407248187;43.36147628;0.0125;False;ok;68;1;1.510;
883;-8.419748187;43.37397628;0.0125;False;ok;4;1;1.280;
884;-8.407248187;43.37397628;0.0125;False;ok;37;1;1.456;
885;-8.394748187;43.36147628;0.025;False;ok;10;1;1.374;
886;-8.369748187;43.33647628;0.05;False;ok;14;1;1.277;
887;-8.319748187;43.28647628;0.1;False;ok;47;1;1.270;
888;-8.219748187;43.28647628;0.1;False;ok;70;1;1.400;
889;-8.119748187;43.28647628;0.1;False;ok;6;1;1.180;
890;-8.019748187;43.28647628;0.1;False;ok;3;1;1.225;
891;-7.919748187;43.28647628;0.1;False;ok;2;1;1.091;
892;-7.819748187;43.28647628;0.1;False;ok;2;1;1.113;
893;-7.719748187;43.28647628;0.1;False;ok;19;1;0.958;
894;-7.619748187;43.28647628;0.1;False;ok;1;1;0.857;
895;-7.519748187;43.28647628;0.1;False;ok;4;1;0.842;
896;-7.319748187;43.28647628;0.1;False;ok;5;1;0.865;
897;-7.219748187;43.28647628;0.1;False;ok;23;1;0.960;
898;-7.119748187;43.28647628;0.1;False;ok;12;1;0.869;
899;-7.019748187;43.28647628;0.1;False;ok;2;1;1.032;
900;-6.919748187;43.28647628;0.1;False;ok;1;1;1.049;
901;-6.819748187;43.28647628;0.1;False;ok;1;1;1.020;
902;-8.419748187;43.38647628;0.1;False;ok;6;1;0.958;
903;-8.319748187;43.38647628;0.1;False;ok;73;1;1.527;
904;-8.219748187;43.38647628;0.1;False;ok;75;1;1.388;
905;-8.119748187;43.38647628;0.1;False;ok;6;1;1.308;
906;-7.919748187;43.38647628;0.1;False;ok;4;1;1.275;
907;-7.819748187;43.38647628;0.1;False;ok;4;1;1.421;
908;-7.519748187;43.38647628;0.1;False;ok;1;1;1.317;
909;-7.419748187;43.38647628;0.1;False;ok;16;1;1.510;
910;-7.319748187;43.38647628;0.1;False;ok;13;1;1.400;
911;-7.219748187;43.38647628;0.1;False;ok;10;1;1.465;
912;-7.119748187;43.38647628;0.1;False;ok;29;1;1.444;
913;-7.019748187;43.38647628;0.1;False;ok;3;1;1.410;
914;-6.919748187;43.38647628;0.1;False;ok;4;1;1.318;
915;-6.819748187;43.38647628;0.1;False;ok;9;1;1.428;
916;-6.719748187;43.38647628;0.1;False;ok;5;1;1.288;
917;-8.319748187;43.48647628;0.1;False;ok;39;1;1.271;
918;-8.219748187;43.48647628;0.1;False;ok;45;1;1.351;
919;-8.119748187;43.48647628;0.1;False;ok;5;1;1.028;
920;-8.019748187;43.48647628;0.1;False;ok;3;1;1.032;
921;-7.919748187;43.48647628;0.1;False;ok;1;1;1.007;
922;-7.719748187;43.48647628;0.1;False;ok;2;1;0.915;
923;-7.619748187;43.48647628;0.1;False;ok;2;1;0.683;
924;-7.519748187;43.48647628;0.1;False;ok;9;1;0.800;
925;-7.419748187;43.48647628;0.1;False;ok;8;1;0.829;
926;-7.319748187;43.48647628;0.05;False;ok;4;1;0.868;
927;-7.319748187;43.53647628;0.05;False;ok;11;1;1.028;
928;-7.269748187;43.53647628;0.025;False;ok;7;1;1.027;
929;-7.244748187;43.53647628;0.025;False;ok;32;1;1.287;
930;-7.269748187;43.56147628;0.025;False;ok;75;1;1.608;
931;-7.244748187;43.56147628;0.025;False;ok;37;1;1.434;
932;-7.219748187;43.48647628;0.1;False;ok;74;1;1.586;
933;-7.119748187;43.48647628;0.05;False;ok;7;1;1.388;
934;-7.069748187;43.48647628;0.05;False;ok;39;1;1.493;
935;-7.119748187;43.53647628;0.05;False;ok;26;1;1.438;
936;-7.069748187;43.53647628;0.05;False;ok;73;1;1.559;
937;-7.019748187;43.48647628;0.1;False;ok;60;1;1.602;
938;-6.919748187;43.48647628;0.1;False;ok;28;1;1.513;
939;-6.819748187;43.48647628;0.1;False;ok;25;1;1.539;
940;-6.719748187;43.48647628;0.1;False;ok;37;1;1.476;
941;-8.219748187;43.58647628;0.1;False;ok;24;1;1.451;
942;-8.119748187;43.58647628;0.1;False;ok;74;1;1.598;
943;-8.019748187;43.58647628;0.1;False;ok;12;1;1.368;
944;-7.919748187;43.58647628;0.1;False;ok;20;1;1.247;
945;-7.819748187;43.58647628;0.1;False;ok;6;1;1.096;
946;-7.719748187;43.58647628;0.1;False;ok;2;1;1.065;
947;-7.619748187;43.58647628;0.1;False;ok;75;1;1.139;
948;-7.519748187;43.58647628;0.1;False;ok;19;1;0.994;
949;-7.419748187;43.58647628;0.1;False;ok;68;1;0.859;
950;-7.319748187;43.58647628;0.1;False;ok;11;1;0.627;
951;-8.119748187;43.68647628;0.1;False;ok;4;1;0.626;
952;-8.019748187;43.68647628;0.1;False;ok;3;1;0.827;
953;-7.919748187;43.68647628;0.1;False;ok;43;1;1.033;
954;-7.819748187;43.68647628;0.1;False;ok;69;1;1.126;
955;-7.719748187;43.68647628;0.1;False;ok;75;1;1.247;
956;-7.619748187;43.68647628;0.1;False;ok;19;1;1.394;
957;-7.519748187;43.68647628;0.1;False;ok;33;1;1.461;
958;-6.588522601;41.68647628;0.1;True;ok;0;1;1.360;
959;-6.488522601;41.68647628;0.1;False;ok;1;1;1.374;
960;-6.388522601;41.68647628;0.1;False;ok;6;1;1.359;
961;-5.788522601;41.68647628;0.1;False;ok;4;1;1.406;
962;-5.288522601;41.68647628;0.1;False;ok;8;1;1.345;
963;-5.188522601;41.68647628;0.1;False;ok;2;1;1.430;
964;-4.988522601;41.68647628;0.1;False;ok;1;1;1.342;
965;-4.888522601;41.68647628;0.1;False;ok;3;1;1.407;
966;-4.788522601;41.68647628;0.1;False;ok;2;1;1.340;
967;-4.688522601;41.68647628;0.1;False;ok;1;1;1.285;
968;-4.288522601;41.68647628;0.1;False;ok;1;1;1.328;
969;-4.088522601;41.68647628;0.1;False;ok;2;1;1.228;
970;-3.988522601;41.68647628;0.1;False;ok;8;1;1.230;
971;-3.888522601;41.68647628;0.1;False;ok;2;1;1.220;
972;-3.788522601;41.68647628;0.1;False;ok;3;1;0.992;
973;-3.688522601;41.68647628;0.1;False;ok;3;1;0.849;
974;-3.588522601;41.68647628;0.1;False;ok;5;1;0.712;
975;-3.488522601;41.68647628;0.1;False;ok;3;1;0.673;
976;-3.288522601;41.68647628;0.1;False;ok;1;1;1.067;
977;-3.088522601;41.68647628;0.1;False;ok;13;1;1.185;
978;-2.988522601;41.68647628;0.1;False;ok;4;1;1.249;
979;-2.888522601;41.68647628;0.1;False;ok;7;1;1.278;
980;-2.788522601;41.68647628;0.1;False;ok;2;1;1.385;
981;-2.588522601;41.68647628;0.1;False;ok;12;1;1.322;
982;-6.388522601;41.78647628;0.1;False;ok;1;1;1.325;
983;-6.188522601;41.78647628;0.1;False;ok;1;1;1.382;
984;-5.988522601;41.78647628;0.1;False;ok;4;1;1.376;
985;-5.788522601;41.78647628;0.1;False;ok;4;1;1.787;
986;-5.488522601;41.78647628;0.1;False;ok;6;1;1.383;
987;-5.388522601;41.78647628;0.1;False;ok;1;1;1.336;
988;-5.088522601;41.78647628;0.1;False;ok;5;1;1.435;
989;-4.688522601;41.78647628;0.1;False;ok;3;1;1.388;
990;-4.588522601;41.78647628;0.1;False;ok;7;1;1.418;
991;-3.788522601;41.78647628;0.1;False;ok;0;1;2.062;
992;-3.588522601;41.78647628;0.1;False;ok;7;1;1.354;
993;-3.488522601;41.78647628;0.1;False;ok;2;1;1.227;
994;-3.388522601;41.78647628;0.1;False;ok;4;1;1.270;
995;-3.288522601;41.78647628;0.1;False;ok;3;1;1.222;
996;-3.188522601;41.78647628;0.1;False;ok;6;1;0.822;
997;-3.088522601;41.78647628;0.1;False;ok;29;1;0.776;
998;-2.888522601;41.78647628;0.1;False;ok;2;1;0.702;
999;-2.788522601;41.78647628;0.1;False;ok;25;1;0.763;
1000;-2.688522601;41.78647628;0.1;False;ok;5;1;0.889;
1001;-2.588522601;41.78647628;0.1;False;ok;2;1;1.061;
1002;-6.588522601;41.88647628;0.1;True;ok;3;1;1.106;
1003;-6.388522601;41.88647628;0.1;False;ok;2;1;1.079;
1004;-6.288522601;41.88647628;0.1;False;ok;8;1;1.189;
1005;-6.088522601;41.88647628;0.1;False;ok;1;1;1.240;
1006;-5.688522601;41.88647628;0.1;False;ok;1;1;1.195;
1007;-5.288522601;41.88647628;0.1;False;ok;0;1;2.060;
1008;-5.188522601;41.88647628;0.1;False;ok;1;1;1.239;
1009;-5.088522601;41.88647628;0.1;False;ok;2;1;1.307;
1010;-4.788522601;41.88647628;0.1;False;ok;5;1;1.352;
1011;-4.588522601;41.88647628;0.1;False;ok;2;1;1.375;
1012;-4.488522601;41.88647628;0.1;False;ok;2;1;1.307;
1013;-4.288522601;41.88647628;0.1;False;ok;3;1;1.317;
1014;-3.688522601;41.88647628;0.1;False;ok;0;1;2.057;
1015;-3.588522601;41.88647628;0.1;False;ok;0;1;2.110;
1016;-3.488522601;41.88647628;0.1;False;ok;18;1;1.300;
1017;-3.388522601;41.88647628;0.1;False;ok;1;1;1.182;
1018;-3.088522601;41.88647628;0.1;False;ok;6;1;1.254;
1019;-2.988522601;41.88647628;0.1;False;ok;13;1;1.199;
1020;-2.888522601;41.88647628;0.1;False;ok;13;1;1.091;
1021;-2.788522601;41.88647628;0.1;False;ok;28;1;1.136;
1022;-2.688522601;41.88647628;0.1;False;ok;13;1;1.148;
1023;-2.588522601;41.88647628;0.1;False;ok;13;1;1.062;
1024;-6.688522601;41.98647628;0.1;False;ok;44;1;1.040;
1025;-6.588522601;41.98647628;0.1;False;ok;5;1;0.971;
1026;-6.488522601;41.98647628;0.1;False;ok;3;1;1.043;
1027;-6.388522601;41.98647628;0.1;False;ok;3;1;0.983;
1028;-6.188522601;41.98647628;0.1;False;ok;0;1;1.690;
1029;-6.088522601;41.98647628;0.1;False;ok;2;1;0.931;
1030;-5.788522601;41.98647628;0.1;False;ok;4;1;0.923;
1031;-5.688522601;41.98647628;0.1;False;ok;11;1;0.962;
1032;-5.488522601;41.98647628;0.1;False;ok;4;1;0.946;
1033;-5.288522601;41.98647628;0.1;False;ok;1;1;0.935;
1034;-4.988522601;41.98647628;0.1;False;ok;0;1;1.562;
1035;-4.588522601;41.98647628;0.1;False;ok;29;1;1.028;
1036;-4.388522601;41.98647628;0.1;False;ok;2;1;0.882;
1037;-4.288522601;41.98647628;0.1;False;ok;4;1;0.890;
1038;-4.188522601;41.98647628;0.1;False;ok;1;1;1.054;
1039;-4.088522601;41.98647628;0.1;False;ok;2;1;0.970;
1040;-3.988522601;41.98647628;0.1;False;ok;3;1;1.099;
1041;-3.788522601;41.98647628;0.1;False;ok;31;1;1.207;
1042;-3.688522601;41.98647628;0.1;False;ok;4;1;1.088;
1043;-3.588522601;41.98647628;0.1;False;ok;11;1;1.120;
1044;-3.488522601;41.98647628;0.1;False;ok;4;1;1.115;
1045;-3.388522601;41.98647628;0.1;False;ok;5;1;1.215;
1046;-3.288522601;41.98647628;0.1;False;ok;2;1;1.175;
1047;-3.088522601;41.98647628;0.1;False;ok;0;1;1.851;
1048;-2.588522601;41.98647628;0.1;False;ok;0;1;1.867;
1049;-6.688522601;42.08647628;0.1;False;ok;34;1;1.284;
1050;-6.388522601;42.08647628;0.1;False;ok;1;1;1.074;
1051;-6.188522601;42.08647628;0.1;False;ok;1;1;1.112;
1052;-6.088522601;42.08647628;0.1;False;ok;1;1;1.014;
1053;-5.888522601;42.08647628;0.1;False;ok;2;1;1.368;
1054;-5.788522601;42.08647628;0.1;False;ok;1;1;0.988;
1055;-5.188522601;42.08647628;0.1;False;ok;1;1;1.024;
1056;-5.088522601;42.08647628;0.1;False;ok;2;1;0.927;
1057;-4.788522601;42.08647628;0.1;False;ok;0;1;1.749;
1058;-4.688522601;42.08647628;0.1;False;ok;3;1;1.021;
1059;-4.588522601;42.08647628;0.1;False;ok;2;1;0.960;
1060;-4.488522601;42.08647628;0.1;False;ok;3;1;0.993;
1061;-3.588522601;42.08647628;0.1;False;ok;2;1;1.010;
1062;-3.288522601;42.08647628;0.1;False;ok;3;1;1.011;
1063;-3.188522601;42.08647628;0.1;False;ok;3;1;1.049;
1064;-2.888522601;42.08647628;0.1;False;ok;2;1;1.060;
1065;-2.788522601;42.08647628;0.1;False;ok;2;1;1.085;
1066;-2.688522601;42.08647628;0.1;False;ok;13;1;1.166;
1067;-2.588522601;42.08647628;0.1;False;ok;4;1;1.094;
1068;-5.988522601;42.18647628;0.1;False;ok;2;1;1.667;
1069;-5.888522601;42.18647628;0.1;False;ok;1;1;1.027;
1070;-5.488522601;42.18647628;0.1;False;ok;0;1;1.795;
1071;-4.488522601;42.18647628;0.1;False;ok;14;1;1.074;
1072;-4.388522601;42.18647628;0.1;False;ok;5;1;1.026;
1073;-3.988522601;42.18647628;0.1;False;ok;2;1;2.304;
1074;-3.788522601;42.18647628;0.1;False;ok;2;1;1.019;
1075;-3.588522601;42.18647628;0.1;False;ok;1;1;0.985;
1076;-3.388522601;42.18647628;0.1;False;ok;2;1;1.023;
1077;-3.088522601;42.18647628;0.1;False;ok;6;1;1.124;
1078;-2.888522601;42.18647628;0.1;False;ok;1;1;1.043;
1079;-2.788522601;42.18647628;0.1;False;ok;16;1;1.150;
1080;-2.688522601;42.18647628;0.1;False;ok;7;1;1.111;
1081;-2.588522601;42.18647628;0.1;False;ok;1;1;1.099;
1082;-6.688522601;42.28647628;0.1;False;ok;2;1;1.031;
1083;-6.388522601;42.28647628;0.1;False;ok;1;1;1.047;
1084;-6.288522601;42.28647628;0.1;False;ok;3;1;1.092;
1085;-6.188522601;42.28647628;0.1;False;ok;4;1;1.088;
1086;-5.988522601;42.28647628;0.1;False;ok;15;1;1.155;
1087;-5.788522601;42.28647628;0.1;False;ok;5;1;1.019;
1088;-5.588522601;42.28647628;0.1;False;ok;15;1;1.006;
1089;-5.488522601;42.28647628;0.1;False;ok;1;1;0.955;
1090;-5.288522601;42.28647628;0.1;False;ok;1;1;0.943;
1091;-5.088522601;42.28647628;0.1;False;ok;13;1;1.009;
1092;-4.988522601;42.28647628;0.1;False;ok;3;1;0.961;
1093;-4.888522601;42.28647628;0.1;False;ok;5;1;1.074;
1094;-4.688522601;42.28647628;0.1;False;ok;12;1;1.119;
1095;-4.588522601;42.28647628;0.1;False;ok;10;1;1.117;
1096;-4.288522601;42.28647628;0.1;False;ok;2;1;1.196;
1097;-4.188522601;42.28647628;0.1;False;ok;16;1;1.204;
1098;-4.088522601;42.28647628;0.1;False;ok;6;1;1.279;
1099;-3.988522601;42.28647628;0.1;False;ok;4;1;1.200;
1100;-3.888522601;42.28647628;0.1;False;ok;10;1;1.233;
1101;-3.738522601;42.28647628;0.05;False;ok;30;1;1.308;
1102;-3.788522601;42.33647628;0.05;False;ok;1;1;1.214;
1103;-3.738522601;42.33647628;0.025;False;ok;9;1;1.312;
1104;-3.713522601;42.33647628;0.0125;False;ok;75;1;1.543;
1105;-3.701022601;42.33647628;0.0125;False;ok;74;1;1.465;
1106;-3.738522601;42.36147628;0.025;False;ok;7;1;1.240;
1107;-3.713522601;42.36147628;0.025;False;ok;1;1;1.164;
1108;-3.688522601;42.28647628;0.1;False;ok;36;1;1.311;
1109;-3.588522601;42.28647628;0.1;False;ok;26;1;1.249;
1110;-3.488522601;42.28647628;0.1;False;ok;8;1;1.145;
1111;-3.288522601;42.28647628;0.1;False;ok;6;1;1.121;
1112;-3.188522601;42.28647628;0.1;False;ok;3;1;1.068;
1113;-3.088522601;42.28647628;0.1;False;ok;68;1;1.208;
1114;-2.988522601;42.28647628;0.1;False;ok;1;1;1.087;
1115;-2.888522601;42.28647628;0.1;False;ok;17;1;1.089;
1116;-2.788522601;42.28647628;0.1;False;ok;7;1;1.082;
1117;-2.688522601;42.28647628;0.1;False;ok;3;1;1.042;
1118;-2.588522601;42.28647628;0.1;False;ok;20;1;1.094;
1119;-6.588522601;42.38647628;0.1;False;ok;12;1;1.110;
1120;-6.288522601;42.38647628;0.1;False;ok;15;1;1.147;
1121;-6.188522601;42.38647628;0.1;False;ok;13;1;1.246;
1122;-6.088522601;42.38647628;0.1;False;ok;52;1;1.271;
1123;-5.988522601;42.38647628;0.1;False;ok;3;1;1.147;
1124;-5.888522601;42.38647628;0.1;False;ok;15;1;1.203;
1125;-5.688522601;42.38647628;0.1;False;ok;2;1;1.136;
1126;-5.588522601;42.38647628;0.1;False;ok;4;1;1.249;
1127;-5.488522601;42.38647628;0.1;False;ok;2;1;1.235;
1128;-5.388522601;42.38647628;0.1;False;ok;1;1;1.192;
1129;-5.288522601;42.38647628;0.1;False;ok;2;1;1.250;
1130;-5.188522601;42.38647628;0.1;False;ok;2;1;1.178;
1131;-4.488522601;42.38647628;0.1;False;ok;3;1;1.247;
1132;-4.388522601;42.38647628;0.1;False;ok;3;1;1.239;
1133;-4.288522601;42.38647628;0.1;False;ok;3;1;1.208;
1134;-4.088522601;42.38647628;0.1;False;ok;8;1;1.248;
1135;-3.788522601;42.38647628;0.1;False;ok;0;1;2.001;
1136;-3.688522601;42.38647628;0.1;False;ok;4;1;1.254;
1137;-3.588522601;42.38647628;0.1;False;ok;6;1;1.243;
1138;-3.488522601;42.38647628;0.1;False;ok;2;1;1.258;
1139;-3.388522601;42.38647628;0.1;False;ok;3;1;1.131;
1140;-3.288522601;42.38647628;0.1;False;ok;13;1;1.351;
1141;-3.188522601;42.38647628;0.1;False;ok;6;1;1.152;
1142;-3.088522601;42.38647628;0.1;False;ok;7;1;1.318;
1143;-2.988522601;42.38647628;0.1;False;ok;45;1;1.278;
1144;-2.888522601;42.38647628;0.1;False;ok;11;1;1.203;
1145;-2.788522601;42.38647628;0.1;False;ok;39;1;1.243;
1146;-2.688522601;42.38647628;0.1;False;ok;17;1;1.176;
1147;-2.588522601;42.38647628;0.1;False;ok;33;1;1.331;
1148;-6.688522601;42.48647628;0.1;False;ok;73;1;1.467;
1149;-6.588522601;42.48647628;0.1;False;ok;52;1;1.316;
1150;-6.488522601;42.48647628;0.1;False;ok;7;1;1.186;
1151;-6.388522601;42.48647628;0.1;False;ok;6;1;1.167;
1152;-6.188522601;42.48647628;0.1;False;ok;5;1;1.146;
1153;-6.088522601;42.48647628;0.1;False;ok;1;1;1.115;
1154;-5.988522601;42.48647628;0.1;False;ok;3;1;1.095;
1155;-5.888522601;42.48647628;0.1;False;ok;10;1;1.127;
1156;-5.788522601;42.48647628;0.1;False;ok;8;1;1.067;
1157;-5.688522601;42.48647628;0.1;False;ok;17;1;1.116;
1158;-5.588522601;42.48647628;0.1;False;ok;13;1;1.051;
1159;-5.488522601;42.48647628;0.1;False;ok;18;1;1.015;
1160;-4.788522601;42.48647628;0.1;False;ok;8;1;0.995;
1161;-4.488522601;42.48647628;0.1;False;ok;1;1;0.961;
1162;-4.388522601;42.48647628;0.1;False;ok;1;1;1.025;
1163;-4.088522601;42.48647628;0.1;False;ok;4;1;1.018;
1164;-3.788522601;42.48647628;0.1;False;ok;3;1;1.191;
1165;-3.388522601;42.48647628;0.1;False;ok;9;1;1.191;
1166;-3.288522601;42.48647628;0.1;False;ok;1;1;1.099;
1167;-3.088522601;42.48647628;0.1;False;ok;5;1;1.406;
1168;-2.988522601;42.48647628;0.1;False;ok;43;1;1.460;
1169;-2.888522601;42.48647628;0.1;False;ok;74;1;1.548;
1170;-2.788522601;42.48647628;0.1;False;ok;32;1;1.371;
1171;-2.688522601;42.48647628;0.1;False;ok;31;1;1.419;
1172;-2.588522601;42.48647628;0.1;False;ok;39;1;1.412;
1173;-6.688522601;42.58647628;0.1;False;ok;6;1;1.361;
1174;-6.588522601;42.58647628;0.1;False;ok;5;1;1.436;
1175;-6.488522601;42.58647628;0.1;False;ok;6;1;1.347;
1176;-6.388522601;42.58647628;0.1;False;ok;4;1;1.298;
1177;-6.288522601;42.58647628;0.1;False;ok;3;1;1.254;
1178;-6.188522601;42.58647628;0.1;False;ok;0;1;2.038;
1179;-5.988522601;42.58647628;0.1;False;ok;1;1;1.191;
1180;-5.888522601;42.58647628;0.1;False;ok;4;1;1.207;
1181;-5.688522601;42.58647628;0.1;False;ok;18;1;1.154;
1182;-5.588522601;42.58647628;0.0125;False;ok;21;1;1.081;
1183;-5.576022601;42.58647628;0.00625;False;ok;3;1;1.034;
1184;-5.569772601;42.58647628;0.00625;False;ok;16;1;0.929;
1185;-5.576022601;42.59272628;0.00625;False;ok;48;1;0.995;
1186;-5.569772601;42.59272628;0.00625;False;ok;75;1;1.128;
1187;-5.588522601;42.59897628;0.0125;False;ok;28;1;1.012;
1188;-5.576022601;42.59897628;0.0125;False;ok;75;1;1.040;
1189;-5.563522601;42.58647628;0.025;False;ok;33;1;1.042;
1190;-5.588522601;42.61147628;0.025;False;ok;6;1;1.148;
1191;-5.288522601;42.58647628;0.1;False;ok;0;1;1.781;
1192;-4.888522601;42.58647628;0.1;False;ok;1;1;1.136;
1193;-4.488522601;42.58647628;0.1;False;ok;1;1;1.145;
1194;-4.388522601;42.58647628;0.1;False;ok;3;1;1.236;
1195;-4.188522601;42.58647628;0.1;False;ok;2;1;1.208;
1196;-3.988522601;42.58647628;0.1;False;ok;1;1;1.298;
1197;-3.888522601;42.58647628;0.1;False;ok;1;1;1.196;
1198;-3.688522601;42.58647628;0.1;False;ok;0;1;2.015;
1199;-3.588522601;42.58647628;0.1;False;ok;1;1;1.181;
1200;-3.388522601;42.58647628;0.1;False;ok;4;1;1.229;
1201;-3.188522601;42.58647628;0.1;False;ok;6;1;1.282;
1202;-2.988522601;42.58647628;0.1;False;ok;7;1;1.279;
1203;-2.888522601;42.58647628;0.1;False;ok;19;1;1.283;
1204;-2.788522601;42.58647628;0.1;False;ok;2;1;1.106;
1205;-2.588522601;42.58647628;0.1;False;ok;5;1;1.091;
1206;-6.688522601;42.68647628;0.1;False;ok;26;1;1.112;
1207;-6.588522601;42.68647628;0.1;False;ok;4;1;0.978;
1208;-6.488522601;42.68647628;0.1;False;ok;5;1;0.891;
1209;-6.388522601;42.68647628;0.1;False;ok;2;1;0.861;
1210;-6.288522601;42.68647628;0.1;False;ok;4;1;0.977;
1211;-6.088522601;42.68647628;0.1;False;ok;7;1;1.036;
1212;-5.988522601;42.68647628;0.1;False;ok;5;1;0.936;
1213;-5.888522601;42.68647628;0.1;False;ok;2;1;1.145;
1214;-5.788522601;42.68647628;0.1;False;ok;3;1;1.036;
1215;-5.588522601;42.68647628;0.1;False;ok;3;1;1.046;
1216;-5.388522601;42.68647628;0.1;False;ok;3;1;1.041;
1217;-4.488522601;42.68647628;0.1;False;ok;2;1;1.169;
1218;-4.388522601;42.68647628;0.1;False;ok;0;1;1.893;
1219;-4.288522601;42.68647628;0.1;False;ok;7;1;1.123;
1220;-4.188522601;42.68647628;0.1;False;ok;4;1;1.212;
1221;-4.088522601;42.68647628;0.1;False;ok;2;1;1.049;
1222;-3.988522601;42.68647628;0.1;False;ok;1;1;1.124;
1223;-3.888522601;42.68647628;0.1;False;ok;2;1;1.298;
1224;-3.788522601;42.68647628;0.1;False;ok;1;1;1.155;
1225;-3.488522601;42.68647628;0.1;False;ok;6;1;1.229;
1226;-3.388522601;42.68647628;0.1;False;ok;8;1;1.210;
1227;-3.288522601;42.68647628;0.1;False;ok;4;1;1.242;
1228;-3.188522601;42.68647628;0.1;False;ok;2;1;1.183;
1229;-3.088522601;42.68647628;0.1;False;ok;3;1;1.518;
1230;-2.988522601;42.68647628;0.1;False;ok;8;1;1.207;
1231;-2.888522601;42.68647628;0.1;False;ok;6;1;1.208;
1232;-6.688522601;42.78647628;0.1;False;ok;1;1;1.191;
1233;-6.388522601;42.78647628;0.1;False;ok;1;1;1.175;
1234;-6.288522601;42.78647628;0.1;False;ok;2;1;1.179;
1235;-6.188522601;42.78647628;0.1;False;ok;1;1;1.079;
1236;-5.988522601;42.78647628;0.1;False;ok;1;1;1.098;
1237;-5.888522601;42.78647628;0.1;False;ok;3;1;1.113;
1238;-5.788522601;42.78647628;0.1;False;ok;8;1;1.165;
1239;-5.688522601;42.78647628;0.1;False;ok;14;1;1.090;
1240;-5.588522601;42.78647628;0.1;False;ok;5;1;1.132;
1241;-5.488522601;42.78647628;0.1;False;ok;5;1;1.096;
1242;-5.388522601;42.78647628;0.1;False;ok;11;1;1.079;
1243;-5.288522601;42.78647628;0.1;False;ok;2;1;1.118;
1244;-5.188522601;42.78647628;0.1;False;ok;16;1;1.105;
1245;-4.988522601;42.78647628;0.1;False;ok;5;1;1.125;
1246;-4.888522601;42.78647628;0.1;False;ok;12;1;1.236;
1247;-4.788522601;42.78647628;0.1;False;ok;4;1;1.173;
1248;-4.688522601;42.78647628;0.1;False;ok;7;1;1.241;
1249;-4.588522601;42.78647628;0.1;False;ok;11;1;1.252;
1250;-4.488522601;42.78647628;0.1;False;ok;2;1;1.166;
1251;-4.388522601;42.78647628;0.1;False;ok;5;1;1.299;
1252;-4.288522601;42.78647628;0.1;False;ok;20;1;1.316;
1253;-4.088522601;42.78647628;0.1;False;ok;4;1;1.319;
1254;-3.988522601;42.78647628;0.1;False;ok;10;1;1.331;
1255;-3.888522601;42.78647628;0.1;False;ok;9;1;1.356;
1256;-3.788522601;42.78647628;0.1;False;ok;9;1;1.453;
1257;-3.688522601;42.78647628;0.1;False;ok;7;1;1.230;
1258;-3.488522601;42.78647628;0.1;False;ok;7;1;1.217;
1259;-3.388522601;42.78647628;0.1;False;ok;4;1;1.324;
1260;-3.288522601;42.78647628;0.1;False;ok;2;1;1.222;
1261;-3.088522601;42.78647628;0.1;False;ok;2;1;1.209;
1262;-2.988522601;42.78647628;0.1;False;ok;6;1;1.174;
1263;-2.788522601;42.78647628;0.1;False;ok;13;1;1.220;
1264;-2.688522601;42.78647628;0.1;False;ok;52;1;1.266;
1265;-2.588522601;42.78647628;0.1;False;ok;1;1;1.090;
1266;-6.588522601;42.88647628;0.1;False;ok;3;1;1.051;
1267;-6.388522601;42.88647628;0.1;False;ok;27;1;1.146;
1268;-6.288522601;42.88647628;0.1;False;ok;7;1;1.206;
1269;-6.188522601;42.88647628;0.1;False;ok;4;1;1.124;
1270;-6.088522601;42.88647628;0.1;False;ok;9;1;1.131;
1271;-5.988522601;42.88647628;0.1;False;ok;3;1;1.140;
1272;-5.888522601;42.88647628;0.1;False;ok;3;1;1.241;
1273;-5.788522601;42.88647628;0.1;False;ok;2;1;1.300;
1274;-5.688522601;42.88647628;0.1;False;ok;5;1;1.356;
1275;-5.588522601;42.88647628;0.1;False;ok;4;1;1.321;
1276;-5.488522601;42.88647628;0.1;False;ok;4;1;1.384;
1277;-5.288522601;42.88647628;0.1;False;ok;2;1;1.346;
1278;-5.188522601;42.88647628;0.1;False;ok;10;1;1.359;
1279;-5.088522601;42.88647628;0.1;False;ok;21;1;1.382;
1280;-4.988522601;42.88647628;0.1;False;ok;10;1;1.419;
1281;-4.888522601;42.88647628;0.1;False;ok;3;1;1.353;
1282;-4.788522601;42.88647628;0.1;False;ok;12;1;1.362;
1283;-4.688522601;42.88647628;0.1;False;ok;6;1;1.360;
1284;-4.588522601;42.88647628;0.1;False;ok;1;1;1.234;
1285;-4.488522601;42.88647628;0.1;False;ok;5;1;1.252;
1286;-4.388522601;42.88647628;0.1;False;ok;9;1;1.251;
1287;-4.288522601;42.88647628;0.1;False;ok;4;1;1.226;
1288;-4.188522601;42.88647628;0.1;False;ok;3;1;1.128;
1289;-4.088522601;42.88647628;0.1;False;ok;5;1;1.091;
1290;-3.988522601;42.88647628;0.1;False;ok;4;1;1.095;
1291;-3.888522601;42.88647628;0.1;False;ok;5;1;1.041;
1292;-3.788522601;42.88647628;0.1;False;ok;3;1;1.020;
1293;-3.688522601;42.88647628;0.1;False;ok;9;1;1.102;
1294;-3.588522601;42.88647628;0.1;False;ok;30;1;1.167;
1295;-3.488522601;42.88647628;0.1;False;ok;20;1;1.156;
1296;-3.288522601;42.88647628;0.1;False;ok;1;1;1.108;
1297;-3.088522601;42.88647628;0.1;False;ok;1;1;1.091;
1298;-2.988522601;42.88647628;0.1;False;ok;4;1;1.281;
1299;-2.888522601;42.88647628;0.1;False;ok;8;1;1.330;
1300;-2.788522601;42.88647628;0.1;False;ok;4;1;1.359;
1301;-2.688522601;42.88647628;0.1;False;ok;7;1;1.356;
1302;-2.588522601;42.88647628;0.1;False;ok;4;1;1.336;
1303;-6.688522601;42.98647628;0.1;False;ok;17;1;1.407;
1304;-6.588522601;42.98647628;0.1;False;ok;1;1;1.289;
1305;-6.488522601;42.98647628;0.1;False;ok;0;1;2.160;
1306;-6.288522601;42.98647628;0.1;False;ok;17;1;1.425;
1307;-6.188522601;42.98647628;0.1;False;ok;1;1;1.322;
1308;-6.088522601;42.98647628;0.1;False;ok;3;1;1.242;
1309;-5.988522601;42.98647628;0.1;False;ok;2;1;1.333;
1310;-5.888522601;42.98647628;0.1;False;ok;5;1;1.332;
1311;-5.788522601;42.98647628;0.1;False;ok;9;1;1.352;
1312;-5.388522601;42.98647628;0.1;False;ok;11;1;1.185;
1313;-5.288522601;42.98647628;0.1;False;ok;16;1;1.170;
1314;-5.188522601;42.98647628;0.1;False;ok;9;1;1.147;
1315;-5.088522601;42.98647628;0.1;False;ok;2;1;1.074;
1316;-4.988522601;42.98647628;0.1;False;ok;6;1;1.083;
1317;-4.888522601;42.98647628;0.1;False;ok;4;1;1.016;
1318;-4.688522601;42.98647628;0.1;False;ok;4;1;1.081;
1319;-4.588522601;42.98647628;0.1;False;ok;12;1;1.085;
1320;-4.488522601;42.98647628;0.1;False;ok;3;1;1.206;
1321;-4.388522601;42.98647628;0.1;False;ok;5;1;1.161;
1322;-4.288522601;42.98647628;0.1;False;ok;18;1;1.208;
1323;-4.188522601;42.98647628;0.1;False;ok;23;1;1.311;
1324;-4.088522601;42.98647628;0.1;False;ok;9;1;1.232;
1325;-3.988522601;42.98647628;0.1;False;ok;10;1;1.344;
1326;-3.888522601;42.98647628;0.1;False;ok;3;1;1.309;
1327;-3.788522601;42.98647628;0.1;False;ok;4;1;1.314;
1328;-3.688522601;42.98647628;0.1;False;ok;8;1;1.352;
1329;-3.588522601;42.98647628;0.1;False;ok;19;1;1.302;
1330;-3.488522601;42.98647628;0.1;False;ok;3;1;1.326;
1331;-3.388522601;42.98647628;0.1;False;ok;5;1;1.251;
1332;-3.288522601;42.98647628;0.1;False;ok;3;1;1.212;
1333;-3.188522601;42.98647628;0.1;False;ok;2;1;1.300;
1334;-3.088522601;42.98647628;0.1;False;ok;15;1;1.346;
1335;-2.988522601;42.98647628;0.1;False;ok;7;1;1.288;
1336;-2.788522601;42.98647628;0.1;False;ok;2;1;1.145;
1337;-2.688522601;42.98647628;0.1;False;ok;4;1;1.068;
1338;-2.588522601;42.98647628;0.1;False;ok;11;1;1.223;
1339;-6.688522601;43.08647628;0.1;False;ok;2;1;1.089;
1340;-6.588522601;43.08647628;0.1;False;ok;32;1;1.184;
1341;-6.388522601;43.08647628;0.1;False;ok;5;1;1.094;
1342;-6.288522601;43.08647628;0.1;False;ok;21;1;1.188;
1343;-6.188522601;43.08647628;0.1;False;ok;10;1;1.241;
1344;-6.088522601;43.08647628;0.1;False;ok;23;1;1.241;
1345;-5.988522601;43.08647628;0.1;False;ok;12;1;1.285;
1346;-5.888522601;43.08647628;0.1;False;ok;25;1;1.376;
1347;-5.788522601;43.08647628;0.1;False;ok;9;1;1.395;
1348;-5.688522601;43.08647628;0.1;False;ok;16;1;1.370;
1349;-5.588522601;43.08647628;0.1;False;ok;40;1;1.522;
1350;-5.488522601;43.08647628;0.1;False;ok;6;1;1.390;
1351;-5.388522601;43.08647628;0.1;False;ok;9;1;1.362;
1352;-5.188522601;43.08647628;0.1;False;ok;4;1;1.339;
1353;-5.088522601;43.08647628;0.1;False;ok;3;1;1.324;
1354;-4.988522601;43.08647628;0.1;False;ok;10;1;1.308;
1355;-4.888522601;43.08647628;0.1;False;ok;9;1;1.332;
1356;-4.788522601;43.08647628;0.1;False;ok;38;1;1.346;
1357;-4.688522601;43.08647628;0.1;False;ok;75;1;1.515;
1358;-4.588522601;43.08647628;0.1;False;ok;30;1;1.252;
1359;-4.488522601;43.08647628;0.1;False;ok;6;1;1.185;
1360;-4.388522601;43.08647628;0.1;False;ok;5;1;1.160;
1361;-4.288522601;43.08647628;0.1;False;ok;7;1;1.132;
1362;-4.088522601;43.08647628;0.1;False;ok;16;1;1.196;
1363;-3.988522601;43.08647628;0.1;False;ok;8;1;1.009;
1364;-3.788522601;43.08647628;0.1;False;ok;8;1;1.216;
1365;-3.688522601;43.08647628;0.1;False;ok;3;1;1.024;
1366;-3.588522601;43.08647628;0.1;False;ok;10;1;1.287;
1367;-3.488522601;43.08647628;0.1;False;ok;5;1;1.193;
1368;-3.388522601;43.08647628;0.1;False;ok;7;1;1.255;
1369;-3.288522601;43.08647628;0.1;False;ok;4;1;1.140;
1370;-3.188522601;43.08647628;0.1;False;ok;4;1;1.091;
1371;-3.088522601;43.08647628;0.1;False;ok;4;1;2.188;
1372;-2.988522601;43.08647628;0.1;False;ok;20;1;1.296;
1373;-2.888522601;43.08647628;0.1;False;ok;9;1;1.211;
1374;-2.788522601;43.08647628;0.1;False;ok;13;1;1.281;
1375;-2.688522601;43.08647628;0.1;False;ok;20;1;1.373;
1376;-2.588522601;43.08647628;0.1;False;ok;11;1;1.230;
1377;-6.688522601;43.18647628;0.1;False;ok;3;1;1.236;
1378;-6.588522601;43.18647628;0.1;False;ok;4;1;1.259;
1379;-6.388522601;43.18647628;0.1;False;ok;2;1;1.154;
1380;-6.288522601;43.18647628;0.1;False;ok;8;1;1.173;
1381;-6.088522601;43.18647628;0.1;False;ok;22;1;1.182;
1382;-5.988522601;43.18647628;0.1;False;ok;6;1;1.309;
1383;-5.888522601;43.18647628;0.1;False;ok;19;1;1.349;
1384;-5.788522601;43.18647628;0.1;False;ok;29;1;1.138;
1385;-5.688522601;43.18647628;0.1;False;ok;21;1;1.182;
1386;-5.588522601;43.18647628;0.1;False;ok;18;1;1.099;
1387;-5.488522601;43.18647628;0.1;False;ok;23;1;1.062;
1388;-5.388522601;43.18647628;0.1;False;ok;4;1;1.006;
1389;-5.288522601;43.18647628;0.1;False;ok;10;1;1.001;
1390;-5.188522601;43.18647628;0.1;False;ok;16;1;1.052;
1391;-5.088522601;43.18647628;0.1;False;ok;0;1;1.827;
1392;-4.988522601;43.18647628;0.1;False;ok;5;1;1.050;
1393;-4.888522601;43.18647628;0.1;False;ok;5;1;1.086;
1394;-4.788522601;43.18647628;0.1;False;ok;13;1;1.146;
1395;-4.688522601;43.18647628;0.1;False;ok;19;1;1.262;
1396;-4.588522601;43.18647628;0.1;False;ok;10;1;1.237;
1397;-4.488522601;43.18647628;0.1;False;ok;20;1;1.286;
1398;-4.388522601;43.18647628;0.1;False;ok;18;1;1.273;
1399;-4.288522601;43.18647628;0.1;False;ok;15;1;1.235;
1400;-4.188522601;43.18647628;0.1;False;ok;9;1;1.223;
1401;-4.088522601;43.18647628;0.1;False;ok;27;1;1.297;
1402;-3.988522601;43.18647628;0.1;False;ok;31;1;1.319;
1403;-3.888522601;43.18647628;0.1;False;ok;55;1;1.469;
1404;-3.788522601;43.18647628;0.1;False;ok;25;1;1.308;
1405;-3.688522601;43.18647628;0.1;False;ok;22;1;1.322;
1406;-3.588522601;43.18647628;0.1;False;ok;16;1;1.280;
1407;-3.488522601;43.18647628;0.1;False;ok;39;1;1.370;
1408;-3.388522601;43.18647628;0.1;False;ok;12;1;1.282;
1409;-3.288522601;43.18647628;0.1;False;ok;8;1;1.226;
1410;-3.188522601;43.18647628;0.1;False;ok;17;1;1.258;
1411;-3.088522601;43.18647628;0.1;False;ok;5;1;1.141;
1412;-2.988522601;43.18647628;0.05;False;ok;1;1;1.096;
1413;-2.938522601;43.18647628;0.05;False;ok;5;1;1.104;
1414;-2.988522601;43.23647628;0.05;False;ok;75;1;1.359;
1415;-2.926022601;43.23647628;0.0125;False;ok;10;1;1.064;
1416;-2.938522601;43.24897628;0.0125;False;ok;74;1;1.375;
1417;-2.926022601;43.24897628;0.00625;False;ok;33;1;1.197;
1418;-2.919772601;43.24897628;0.00625;False;ok;18;1;1.115;
1419;-2.926022601;43.25522628;0.00625;False;ok;74;1;1.332;
1420;-2.919772601;43.25522628;0.00625;False;ok;44;1;2.113;
1421;-2.913522601;43.23647628;0.025;False;ok;38;1;1.251;
1422;-2.938522601;43.26147628;0.0125;False;ok;75;1;1.460;
1423;-2.926022601;43.26147628;0.0125;False;ok;75;1;1.431;
1424;-2.926022601;43.27397628;0.0125;False;ok;1;1;1.138;
1425;-2.913522601;43.26147628;0.025;False;ok;6;1;1.241;
1426;-2.888522601;43.18647628;0.1;False;ok;19;1;1.244;
1427;-2.788522601;43.18647628;0.1;False;ok;9;1;1.212;
1428;-2.688522601;43.18647628;0.1;False;ok;9;1;1.330;
1429;-2.588522601;43.18647628;0.1;False;ok;16;1;1.306;
1430;-6.588522601;43.28647628;0.1;False;ok;2;1;1.245;
1431;-6.488522601;43.28647628;0.1;False;ok;10;1;1.197;
1432;-6.388522601;43.28647628;0.1;False;ok;0;1;1.963;
1433;-6.288522601;43.28647628;0.1;False;ok;11;1;1.277;
1434;-6.188522601;43.28647628;0.1;False;ok;6;1;1.113;
1435;-6.088522601;43.28647628;0.1;False;ok;9;1;0.994;
1436;-5.988522601;43.28647628;0.1;False;ok;15;1;0.971;
1437;-5.888522601;43.28647628;0.05;False;ok;2;1;0.900;
1438;-5.838522601;43.28647628;0.05;False;ok;2;1;0.806;
1439;-5.888522601;43.33647628;0.025;False;ok;10;1;0.823;
1440;-5.863522601;43.33647628;0.025;False;ok;75;1;1.004;
1441;-5.888522601;43.36147628;0.025;False;ok;22;1;0.830;
1442;-5.863522601;43.36147628;0.0125;False;ok;73;1;1.139;
1443;-5.851022601;43.36147628;0.0125;False;ok;75;1;1.204;
1444;-5.863522601;43.37397628;0.0125;False;ok;3;1;0.955;
1445;-5.851022601;43.37397628;0.0125;False;ok;3;1;1.090;
1446;-5.838522601;43.33647628;0.05;False;ok;71;1;1.213;
1447;-5.788522601;43.28647628;0.1;False;ok;17;1;1.174;
1448;-5.688522601;43.28647628;0.1;False;ok;25;1;1.150;
1449;-5.588522601;43.28647628;0.1;False;ok;27;1;1.182;
1450;-5.488522601;43.28647628;0.1;False;ok;31;1;1.214;
1451;-5.388522601;43.28647628;0.1;False;ok;52;1;1.346;
1452;-5.288522601;43.28647628;0.1;False;ok;54;1;1.266;
1453;-5.188522601;43.28647628;0.05;False;ok;9;1;1.273;
1454;-5.138522601;43.28647628;0.05;False;ok;25;1;1.292;
1455;-5.188522601;43.33647628;0.05;False;ok;54;1;1.357;
1456;-5.138522601;43.33647628;0.0125;False;ok;39;1;1.281;
1457;-5.126022601;43.33647628;0.0125;False;ok;4;1;1.248;
1458;-5.138522601;43.34897628;0.0125;False;ok;75;1;1.321;
1459;-5.126022601;43.34897628;0.0125;False;ok;26;1;1.094;
1460;-5.113522601;43.33647628;0.025;False;ok;40;1;1.097;
1461;-5.138522601;43.36147628;0.025;False;ok;2;1;1.006;
1462;-5.088522601;43.28647628;0.1;False;ok;75;1;1.148;
1463;-4.988522601;43.28647628;0.1;False;ok;72;1;1.143;
1464;-4.888522601;43.28647628;0.1;False;ok;75;1;1.129;
1465;-4.788522601;43.28647628;0.1;False;ok;21;1;1.055;
1466;-4.688522601;43.28647628;0.1;False;ok;37;1;1.117;
1467;-4.588522601;43.28647628;0.1;False;ok;74;1;1.291;
1468;-4.488522601;43.28647628;0.1;False;ok;75;1;1.286;
1469;-4.388522601;43.28647628;0.1;False;ok;74;1;1.272;
1470;-4.288522601;43.28647628;0.1;False;ok;75;1;1.302;
1471;-4.188522601;43.28647628;0.1;False;ok;72;1;1.382;
1472;-4.088522601;43.28647628;0.1;False;ok;74;1;1.395;
1473;-3.988522601;43.28647628;0.1;False;ok;55;1;1.444;
1474;-3.888522601;43.28647628;0.1;False;ok;68;1;1.304;
1475;-3.788522601;43.28647628;0.1;False;ok;75;1;1.513;
1476;-3.688522601;43.28647628;0.1;False;ok;24;1;1.374;
1477;-3.588522601;43.28647628;0.1;False;ok;44;1;1.366;
1478;-3.488522601;43.28647628;0.1;False;ok;53;1;1.367;
1479;-3.388522601;43.28647628;0.1;False;ok;13;1;1.204;
1480;-3.288522601;43.28647628;0.1;False;ok;73;1;1.319;
1481;-3.188522601;43.28647628;0.1;False;ok;16;1;1.213;
1482;-3.088522601;43.28647628;0.1;False;ok;75;1;1.263;
1483;-2.988522601;43.28647628;0.1;False;ok;52;1;1.178;
1484;-2.888522601;43.28647628;0.1;False;ok;36;1;1.095;
1485;-2.788522601;43.28647628;0.1;False;ok;35;1;1.047;
1486;-2.688522601;43.28647628;0.1;False;ok;64;1;1.117;
1487;-2.588522601;43.28647628;0.1;False;ok;64;1;0.996;
1488;-6.688522601;43.38647628;0.1;False;ok;3;1;0.880;
1489;-6.588522601;43.38647628;0.1;False;ok;7;1;0.909;
1490;-6.488522601;43.38647628;0.1;False;ok;10;1;0.848;
1491;-6.388522601;43.38647628;0.1;False;ok;9;1;0.974;
1492;-6.288522601;43.38647628;0.1;False;ok;15;1;1.008;
1493;-6.188522601;43.38647628;0.1;False;ok;14;1;1.127;
1494;-6.088522601;43.38647628;0.1;False;ok;16;1;1.078;
1495;-5.988522601;43.38647628;0.1;False;ok;3;1;1.097;
1496;-5.888522601;43.38647628;0.1;False;ok;17;1;1.211;
1497;-5.788522601;43.38647628;0.1;False;ok;24;1;1.211;
1498;-5.688522601;43.38647628;0.1;False;ok;26;1;1.373;
1499;-5.588522601;43.38647628;0.1;False;ok;18;1;1.295;
1500;-5.488522601;43.38647628;0.1;False;ok;75;1;1.383;
1501;-5.388522601;43.38647628;0.1;False;ok;26;1;1.368;
1502;-5.288522601;43.38647628;0.1;False;ok;69;1;1.442;
1503;-5.188522601;43.38647628;0.1;False;ok;74;1;1.457;
1504;-5.088522601;43.38647628;0.1;False;ok;72;1;1.483;
1505;-4.988522601;43.38647628;0.1;False;ok;75;1;1.472;
1506;-4.888522601;43.38647628;0.05;False;ok;73;1;1.440;
1507;-4.838522601;43.38647628;0.05;False;ok;70;1;1.442;
1508;-4.888522601;43.43647628;0.05;False;ok;13;1;1.298;
1509;-4.788522601;43.38647628;0.025;False;ok;34;1;1.344;
1510;-4.763522601;43.38647628;0.025;False;ok;37;1;1.424;
1511;-4.788522601;43.41147628;0.025;False;ok;66;1;1.199;
1512;-4.763522601;43.41147628;0.0125;False;ok;75;1;1.289;
1513;-4.751022601;43.41147628;0.0125;False;ok;16;1;1.038;
1514;-4.763522601;43.42397628;0.0125;False;ok;5;1;0.959;
1515;-4.738522601;43.38647628;0.05;False;ok;46;1;1.077;
1516;-4.688522601;43.38647628;0.1;False;ok;33;1;0.981;
1517;-4.588522601;43.38647628;0.1;False;ok;27;1;1.004;
1518;-4.488522601;43.38647628;0.1;False;ok;45;1;0.908;
1519;-4.388522601;43.38647628;0.1;False;ok;73;1;1.055;
1520;-4.288522601;43.38647628;0.1;False;ok;52;1;1.066;
1521;-4.188522601;43.38647628;0.1;False;ok;74;1;1.105;
1522;-4.088522601;43.38647628;0.05;False;ok;73;1;1.297;
1523;-4.038522601;43.38647628;0.05;False;ok;74;1;1.168;
1524;-4.088522601;43.43647628;0.05;False;ok;16;1;1.081;
1525;-4.038522601;43.43647628;0.05;False;ok;11;1;1.169;
1526;-3.988522601;43.38647628;0.1;False;ok;75;1;1.355;
1527;-3.888522601;43.38647628;0.05;False;ok;26;1;1.226;
1528;-3.838522601;43.38647628;0.05;False;ok;25;1;1.299;
1529;-3.888522601;43.43647628;0.05;False;ok;57;1;1.331;
1530;-3.838522601;43.43647628;0.025;False;ok;74;1;1.303;
1531;-3.813522601;43.43647628;0.025;False;ok;46;1;1.261;
1532;-3.838522601;43.46147628;0.025;False;ok;70;1;1.312;
1533;-3.813522601;43.46147628;0.025;False;ok;72;1;1.414;
1534;-3.788522601;43.38647628;0.05;False;ok;14;1;1.295;
1535;-3.738522601;43.38647628;0.05;False;ok;39;1;1.249;
1536;-3.788522601;43.43647628;0.05;False;ok;74;1;1.393;
1537;-3.738522601;43.43647628;0.05;False;ok;70;1;1.374;
1538;-3.688522601;43.38647628;0.1;False;ok;71;1;1.375;
1539;-3.588522601;43.38647628;0.05;False;ok;13;1;1.014;
1540;-3.538522601;43.38647628;0.05;False;ok;24;1;1.037;
1541;-3.588522601;43.43647628;0.05;False;ok;48;1;1.096;
1542;-3.538522601;43.43647628;0.05;False;ok;74;1;1.045;
1543;-3.488522601;43.38647628;0.1;False;ok;74;1;1.150;
1544;-3.388522601;43.38647628;0.1;False;ok;18;1;0.927;
1545;-3.288522601;43.38647628;0.1;False;ok;13;1;0.890;
1546;-3.088522601;43.38647628;0.1;False;ok;10;1;0.952;
1547;-2.988522601;43.38647628;0.1;False;ok;33;1;1.068;
1548;-2.888522601;43.38647628;0.1;False;ok;32;1;1.118;
1549;-2.788522601;43.38647628;0.1;False;ok;74;1;1.295;
1550;-2.688522601;43.38647628;0.1;False;ok;25;1;1.092;
1551;-6.688522601;43.48647628;0.1;False;ok;31;1;1.252;
1552;-6.588522601;43.48647628;0.1;False;ok;73;1;1.276;
1553;-6.488522601;43.48647628;0.1;False;ok;36;1;1.280;
1554;-6.388522601;43.48647628;0.1;False;ok;23;1;1.227;
1555;-6.288522601;43.48647628;0.1;False;ok;62;1;1.379;
1556;-6.188522601;43.48647628;0.1;False;ok;75;1;1.368;
1557;-6.088522601;43.48647628;0.1;False;ok;55;1;1.408;
1558;-5.988522601;43.48647628;0.1;False;ok;74;1;1.504;
1559;-5.888522601;43.48647628;0.1;False;ok;20;1;1.253;
1560;-5.788522601;43.48647628;0.1;False;ok;66;1;1.374;
1561;-5.688522601;43.48647628;0.05;False;ok;75;1;1.416;
1562;-5.638522601;43.48647628;0.05;False;ok;22;1;1.266;
1563;-5.688522601;43.53647628;0.025;False;ok;75;1;1.416;
1564;-5.663522601;43.53647628;0.00625;False;ok;75;1;1.422;
1565;-5.657272601;43.53647628;0.00625;False;ok;74;1;1.346;
1566;-5.663522601;43.54272628;0.00625;False;ok;49;1;1.187;
1567;-5.651022601;43.53647628;0.0125;False;ok;74;1;1.169;
1568;-5.638522601;43.53647628;0.05;False;ok;17;1;1.031;
1569;-5.588522601;43.48647628;0.1;False;ok;45;1;1.093;
1570;-5.488522601;43.48647628;0.1;False;ok;56;1;0.984;
1571;-5.388522601;43.48647628;0.1;False;ok;44;1;0.980;
1572;-5.288522601;43.48647628;0.1;False;ok;59;1;1.389;
1573;-3.688522601;43.48647628;0.1;False;ok;22;1;0.919;
1574;-3.588522601;43.48647628;0.05;False;ok;74;1;0.974;
1575;-3.538522601;43.48647628;0.05;False;ok;40;1;0.922;
1576;-5.988522601;43.58647628;0.1;False;ok;6;1;0.879;
1577;-5.888522601;43.58647628;0.1;False;ok;72;1;0.993;
1578;-5.788522601;43.58647628;0.1;False;ok;31;1;1.034;
1579;-2.514401691;41.68647628;0.1;False;ok;75;1;1.175;
1580;-2.414401691;41.68647628;0.1;False;ok;2;1;1.028;
1581;-2.214401691;41.68647628;0.1;False;ok;0;1;1.730;
1582;-2.114401691;41.68647628;0.1;False;ok;2;1;0.988;
1583;-2.014401691;41.68647628;0.1;False;ok;5;1;1.182;
1584;-1.814401691;41.68647628;0.1;False;ok;3;1;1.128;
1585;-1.714401691;41.68647628;0.1;False;ok;2;1;1.176;
1586;-1.314401691;41.68647628;0.1;False;ok;2;1;1.116;
1587;-1.214401691;41.68647628;0.1;False;ok;1;1;1.124;
1588;-1.114401691;41.68647628;0.1;False;ok;4;1;1.201;
1589;-1.014401691;41.68647628;0.1;False;ok;9;1;1.270;
1590;-0.914401691;41.68647628;0.1;False;ok;6;1;1.204;
1591;-0.414401691;41.68647628;0.1;False;ok;1;1;1.179;
1592;0.085598309;41.68647628;0.1;False;ok;3;1;1.167;
1593;0.485598309;41.68647628;0.1;False;ok;1;1;1.128;
1594;0.685598309;41.68647628;0.1;False;ok;3;1;1.127;
1595;0.785598309;41.68647628;0.1;False;ok;4;1;1.158;
1596;0.885598309;41.68647628;0.1;False;ok;10;1;1.128;
1597;0.985598309;41.68647628;0.1;False;ok;1;1;1.155;
1598;1.085598309;41.68647628;0.1;False;ok;10;1;1.181;
1599;1.185598309;41.68647628;0.1;False;ok;6;1;1.190;
1600;1.285598309;41.68647628;0.1;False;ok;2;1;1.141;
1601;1.385598309;41.68647628;0.1;False;ok;5;1;1.294;
1602;1.485598309;41.68647628;0.1;False;ok;5;1;1.336;
1603;1.585598309;41.68647628;0.1;False;ok;5;1;1.378;
1604;1.785598309;41.68647628;0.1;False;ok;41;1;1.555;
1605;1.885598309;41.68647628;0.1;False;ok;9;1;1.450;
1606;1.985598309;41.68647628;0.1;False;ok;6;1;1.396;
1607;2.085598309;41.68647628;0.1;False;ok;6;1;1.429;
1608;2.185598309;41.68647628;0.1;False;ok;16;1;1.550;
1609;2.285598309;41.68647628;0.1;False;ok;9;1;1.480;
1610;2.385598309;41.68647628;0.1;False;ok;24;1;1.531;
1611;2.485598309;41.68647628;0.1;False;ok;18;1;1.470;
1612;2.585598309;41.68647628;0.1;False;ok;16;1;1.454;
1613;2.685598309;41.68647628;0.1;False;ok;69;1;1.528;
1614;2.785598309;41.68647628;0.025;False;ok;9;1;1.325;
1615;2.810598309;41.68647628;0.0125;False;ok;14;1;1.370;
1616;2.823098309;41.68647628;0.00625;False;ok;0;1;2.107;
1617;2.823098309;41.69272628;0.00625;False;ok;72;1;1.443;
1618;2.829348309;41.69272628;0.00625;False;ok;70;1;1.334;
1619;2.810598309;41.69897628;0.0125;False;ok;6;1;1.246;
1620;2.823098309;41.69897628;0.0125;False;ok;31;1;1.248;
1621;2.785598309;41.71147628;0.025;False;ok;2;1;1.098;
1622;2.810598309;41.71147628;0.025;False;ok;25;1;1.108;
1623;2.835598309;41.68647628;0.0125;False;ok;67;1;1.194;
1624;2.835598309;41.69897628;0.0125;False;ok;73;1;1.136;
1625;2.848098309;41.69897628;0.00625;False;ok;75;1;1.243;
1626;2.854348309;41.69897628;0.00625;False;ok;58;1;1.201;
1627;2.848098309;41.70522628;0.00625;False;ok;1;1;1.042;
1628;2.854348309;41.70522628;0.00625;False;ok;16;1;1.169;
1629;2.860598309;41.69897628;0.0125;False;ok;32;1;1.256;
1630;2.873098309;41.69897628;0.00625;False;ok;19;1;1.228;
1631;2.879348309;41.69897628;0.00625;False;ok;5;1;1.216;
1632;2.873098309;41.70522628;0.00625;False;ok;20;1;1.247;
1633;2.879348309;41.70522628;0.00625;False;ok;11;1;1.242;
1634;2.835598309;41.71147628;0.025;False;ok;27;1;1.249;
1635;2.860598309;41.71147628;0.0125;False;ok;28;1;1.294;
1636;2.873098309;41.71147628;0.0125;False;ok;24;1;1.230;
1637;2.860598309;41.72397628;0.0125;False;ok;2;1;1.106;
1638;2.873098309;41.72397628;0.0125;False;ok;5;1;1.157;
1639;2.785598309;41.73647628;0.025;False;ok;29;1;1.230;
1640;2.810598309;41.73647628;0.0125;False;ok;13;1;1.197;
1641;2.823098309;41.73647628;0.0125;False;ok;11;1;1.170;
1642;2.810598309;41.74897628;0.0125;False;ok;22;1;1.191;
1643;2.823098309;41.74897628;0.0125;False;ok;15;1;1.265;
1644;2.810598309;41.76147628;0.025;False;ok;1;1;1.139;
1645;2.835598309;41.73647628;0.05;False;ok;2;1;1.165;
1646;2.885598309;41.68647628;0.025;False;ok;46;1;1.316;
1647;2.885598309;41.71147628;0.0125;False;ok;10;1;1.287;
1648;2.898098309;41.71147628;0.00625;False;ok;18;1;1.348;
1649;2.904348309;41.71147628;0.00625;False;ok;17;1;1.348;
1650;2.898098309;41.71772628;0.00625;False;ok;12;1;1.247;
1651;2.904348309;41.71772628;0.00625;False;ok;19;1;1.420;
1652;2.898098309;41.72397628;0.0125;False;ok;2;1;1.366;
1653;2.910598309;41.71147628;0.0125;False;ok;3;1;1.288;
1654;2.923098309;41.71147628;0.00625;False;ok;11;1;1.366;
1655;2.929348309;41.71147628;0.00625;False;ok;48;1;1.542;
1656;2.923098309;41.71772628;0.00625;False;ok;33;1;1.451;
1657;2.929348309;41.71772628;0.003125;False;ok;62;1;1.482;
1658;2.932473309;41.71772628;0.003125;False;ok;14;1;1.357;
1659;2.929348309;41.72085128;0.003125;False;ok;41;1;1.403;
1660;2.932473309;41.72085128;0.003125;False;ok;55;1;1.426;
1661;2.910598309;41.72397628;0.0125;False;ok;3;1;1.229;
1662;2.923098309;41.72397628;0.0125;False;ok;34;1;1.262;
1663;2.935598309;41.68647628;0.05;False;ok;17;1;1.319;
1664;2.885598309;41.73647628;0.05;False;ok;6;1;1.230;
1665;2.935598309;41.73647628;0.05;False;ok;50;1;1.293;
1666;2.985598309;41.76147628;0.025;False;ok;3;1;1.114;
1667;3.023098309;41.76147628;0.0125;False;ok;5;1;1.091;
1668;3.010598309;41.77397628;0.0125;False;ok;6;1;1.198;
1669;3.023098309;41.77397628;0.0125;False;ok;69;1;1.283;
1670;3.035598309;41.73647628;0.05;False;ok;32;1;1.180;
1671;-2.514401691;41.78647628;0.1;False;ok;6;1;1.189;
1672;-2.414401691;41.78647628;0.1;False;ok;7;1;1.207;
1673;-2.114401691;41.78647628;0.1;False;ok;3;1;1.170;
1674;-2.014401691;41.78647628;0.1;False;ok;7;1;1.172;
1675;-1.914401691;41.78647628;0.1;False;ok;1;1;1.210;
1676;-1.814401691;41.78647628;0.1;False;ok;9;1;1.226;
1677;-1.714401691;41.78647628;0.1;False;ok;9;1;1.309;
1678;-1.614401691;41.78647628;0.1;False;ok;14;1;1.285;
1679;-1.514401691;41.78647628;0.1;False;ok;4;1;1.236;
1680;-1.414401691;41.78647628;0.1;False;ok;1;1;1.166;
1681;-1.314401691;41.78647628;0.1;False;ok;1;1;1.241;
1682;-1.214401691;41.78647628;0.1;False;ok;2;1;1.350;
1683;-0.914401691;41.78647628;0.1;False;ok;0;1;2.041;
1684;-0.814401691;41.78647628;0.1;False;ok;2;1;1.274;
1685;-0.614401691;41.78647628;0.1;False;ok;0;1;2.050;
1686;-0.214401691;41.78647628;0.1;False;ok;1;1;1.221;
1687;-0.114401691;41.78647628;0.1;False;ok;2;1;1.189;
1688;0.185598309;41.78647628;0.1;False;ok;0;1;1.994;
1689;0.285598309;41.78647628;0.1;False;ok;2;1;1.334;
1690;0.485598309;41.78647628;0.1;False;ok;5;1;1.346;
1691;0.585598309;41.78647628;0.1;False;ok;2;1;1.230;
1692;0.685598309;41.78647628;0.1;False;ok;8;1;1.364;
1693;0.785598309;41.78647628;0.1;False;ok;37;1;1.458;
1694;0.885598309;41.78647628;0.1;False;ok;2;1;1.287;
1695;0.985598309;41.78647628;0.1;False;ok;3;1;1.380;
1696;1.085598309;41.78647628;0.1;False;ok;5;1;1.331;
1697;1.185598309;41.78647628;0.1;False;ok;1;1;1.156;
1698;1.285598309;41.78647628;0.1;False;ok;7;1;1.276;
1699;1.385598309;41.78647628;0.1;False;ok;6;1;1.201;
1700;1.485598309;41.78647628;0.1;False;ok;0;1;1.963;
1701;1.585598309;41.78647628;0.1;False;ok;2;1;1.195;
1702;1.685598309;41.78647628;0.1;False;ok;8;1;1.164;
1703;1.785598309;41.78647628;0.1;False;ok;12;1;1.043;
1704;1.885598309;41.78647628;0.1;False;ok;8;1;1.082;
1705;1.985598309;41.78647628;0.1;False;ok;4;1;1.158;
1706;2.085598309;41.78647628;0.1;False;ok;12;1;0.970;
1707;2.185598309;41.78647628;0.1;False;ok;15;1;0.980;
1708;2.285598309;41.78647628;0.1;False;ok;9;1;0.956;
1709;2.385598309;41.78647628;0.1;False;ok;25;1;1.120;
1710;2.485598309;41.78647628;0.1;False;ok;36;1;1.112;
1711;2.585598309;41.78647628;0.1;False;ok;15;1;1.233;
1712;2.685598309;41.78647628;0.1;False;ok;39;1;1.358;
1713;2.785598309;41.78647628;0.1;False;ok;42;1;1.403;
1714;2.885598309;41.78647628;0.1;False;ok;34;1;1.378;
1715;2.985598309;41.78647628;0.05;False;ok;72;1;1.506;
1716;3.035598309;41.78647628;0.0125;False;ok;75;1;1.546;
1717;3.048098309;41.78647628;0.0125;False;ok;34;1;1.447;
1718;3.035598309;41.79897628;0.0125;False;ok;9;1;1.473;
1719;3.048098309;41.79897628;0.0125;False;ok;46;1;1.513;
1720;3.060598309;41.78647628;0.025;False;ok;73;1;1.638;
1721;3.035598309;41.81147628;0.025;False;ok;23;1;1.443;
1722;3.060598309;41.81147628;0.00625;False;ok;73;1;1.577;
1723;3.066848309;41.81147628;0.00625;False;ok;72;1;1.496;
1724;3.060598309;41.81772628;0.00625;False;ok;16;1;1.312;
1725;3.066848309;41.81772628;0.00625;False;ok;63;1;1.343;
1726;3.073098309;41.81147628;0.0125;False;ok;1;1;1.174;
1727;3.060598309;41.82397628;0.0125;False;ok;28;1;1.175;
1728;3.073098309;41.82397628;0.0125;False;ok;45;1;1.222;
1729;2.985598309;41.83647628;0.05;False;ok;11;1;1.088;
1730;3.035598309;41.83647628;0.025;False;ok;51;1;1.093;
1731;3.060598309;41.83647628;0.025;False;ok;52;1;0.958;
1732;3.035598309;41.86147628;0.025;False;ok;9;1;0.940;
1733;3.060598309;41.86147628;0.0125;False;ok;24;1;0.871;
1734;3.073098309;41.86147628;0.0125;False;ok;15;1;0.900;
1735;3.060598309;41.87397628;0.0125;False;ok;24;1;0.995;
1736;3.073098309;41.87397628;0.0125;False;ok;5;1;0.982;
1737;3.085598309;41.78647628;0.05;False;ok;6;1;1.093;
1738;3.085598309;41.83647628;0.0125;False;ok;57;1;1.273;
1739;3.098098309;41.83647628;0.0125;False;ok;54;1;1.376;
1740;3.085598309;41.84897628;0.0125;False;ok;2;1;1.282;
1741;3.098098309;41.84897628;0.0125;False;ok;4;1;1.259;
1742;3.110598309;41.83647628;0.0125;False;ok;8;1;1.388;
1743;3.123098309;41.83647628;0.0125;False;ok;75;1;1.612;
1744;3.110598309;41.84897628;0.0125;False;ok;54;1;1.515;
1745;3.123098309;41.84897628;0.0125;False;ok;40;1;1.532;
1746;3.085598309;41.86147628;0.025;False;ok;4;1;1.320;
1747;3.110598309;41.86147628;0.025;False;ok;10;1;1.396;
1748;3.135598309;41.83647628;0.025;False;ok;75;1;1.593;
1749;3.135598309;41.86147628;0.025;False;ok;8;1;1.413;
1750;3.160598309;41.86147628;0.025;False;ok;57;1;1.550;
1751;-2.514401691;41.88647628;0.1;False;ok;7;1;1.368;
1752;-2.414401691;41.88647628;0.1;False;ok;0;1;2.127;
1753;-2.314401691;41.88647628;0.1;False;ok;0;1;2.121;
1754;-2.214401691;41.88647628;0.1;False;ok;4;1;1.292;
1755;-2.114401691;41.88647628;0.1;False;ok;1;1;1.126;
1756;-2.014401691;41.88647628;0.1;False;ok;1;1;1.162;
1757;-1.814401691;41.88647628;0.1;False;ok;18;1;1.200;
1758;-1.714401691;41.88647628;0.1;False;ok;5;1;1.062;
1759;-1.314401691;41.88647628;0.1;False;ok;2;1;1.076;
1760;-0.614401691;41.88647628;0.1;False;ok;2;1;1.048;
1761;-0.514401691;41.88647628;0.1;False;ok;1;1;1.053;
1762;0.085598309;41.88647628;0.1;False;ok;1;1;1.066;
1763;0.185598309;41.88647628;0.1;False;ok;4;1;1.150;
1764;0.285598309;41.88647628;0.1;False;ok;3;1;1.266;
1765;0.385598309;41.88647628;0.1;False;ok;1;1;1.236;
1766;0.485598309;41.88647628;0.1;False;ok;2;1;1.196;
1767;0.585598309;41.88647628;0.1;False;ok;0;1;1.969;
1768;0.685598309;41.88647628;0.1;False;ok;8;1;1.297;
1769;0.785598309;41.88647628;0.1;False;ok;0;1;1.981;
1770;0.885598309;41.88647628;0.1;False;ok;3;1;1.275;
1771;0.985598309;41.88647628;0.1;False;ok;18;1;1.274;
1772;1.085598309;41.88647628;0.1;False;ok;5;1;1.255;
1773;1.185598309;41.88647628;0.1;False;ok;12;1;1.229;
1774;1.285598309;41.88647628;0.1;False;ok;1;1;1.244;
1775;1.385598309;41.88647628;0.1;False;ok;6;1;1.157;
1776;1.485598309;41.88647628;0.1;False;ok;9;1;1.199;
1777;1.585598309;41.88647628;0.1;False;ok;27;1;1.213;
1778;1.685598309;41.88647628;0.1;False;ok;8;1;1.125;
1779;1.785598309;41.88647628;0.1;False;ok;8;1;1.099;
1780;1.985598309;41.88647628;0.1;False;ok;1;1;1.049;
1781;2.085598309;41.88647628;0.1;False;ok;8;1;1.024;
1782;2.185598309;41.88647628;0.1;False;ok;32;1;1.255;
1783;2.285598309;41.88647628;0.1;False;ok;9;1;1.080;
1784;2.485598309;41.88647628;0.1;False;ok;14;1;1.039;
1785;2.585598309;41.88647628;0.1;False;ok;12;1;1.101;
1786;2.685598309;41.88647628;0.1;False;ok;14;1;1.116;
1787;2.785598309;41.88647628;0.05;False;ok;5;1;1.112;
1788;2.835598309;41.88647628;0.05;False;ok;8;1;1.161;
1789;2.810598309;41.93647628;0.025;False;ok;5;1;1.195;
1790;2.785598309;41.96147628;0.025;False;ok;7;1;1.182;
1791;2.810598309;41.96147628;0.0125;False;ok;5;1;1.178;
1792;2.823098309;41.96147628;0.0125;False;ok;3;1;1.225;
1793;2.810598309;41.97397628;0.0125;False;ok;75;1;1.383;
1794;2.823098309;41.97397628;0.0125;False;ok;75;1;1.503;
1795;2.835598309;41.93647628;0.05;False;ok;2;1;1.288;
1796;2.885598309;41.88647628;0.1;False;ok;9;1;1.310;
1797;2.985598309;41.88647628;0.1;False;ok;27;1;1.483;
1798;3.085598309;41.88647628;0.05;False;ok;4;1;1.328;
1799;3.135598309;41.88647628;0.025;False;ok;10;1;1.369;
1800;3.173098309;41.88647628;0.00625;False;ok;16;1;1.417;
1801;3.179348309;41.88647628;0.00625;False;ok;70;1;1.502;
1802;3.173098309;41.89272628;0.00625;False;ok;2;1;1.312;
1803;3.179348309;41.89272628;0.00625;False;ok;22;1;1.303;
1804;3.160598309;41.89897628;0.0125;False;ok;1;1;1.256;
1805;3.173098309;41.89897628;0.0125;False;ok;1;1;1.294;
1806;3.135598309;41.91147628;0.025;False;ok;9;1;1.269;
1807;3.160598309;41.91147628;0.025;False;ok;24;1;1.259;
1808;3.085598309;41.93647628;0.05;False;ok;25;1;1.460;
1809;3.135598309;41.93647628;0.05;False;ok;74;1;1.371;
1810;3.185598309;41.88647628;0.00625;False;ok;43;1;1.226;
1811;3.191848309;41.88647628;0.00625;False;ok;1;1;1.128;
1812;3.185598309;41.89272628;0.00625;False;ok;32;1;1.189;
1813;3.191848309;41.89272628;0.00625;False;ok;51;1;1.189;
1814;3.198098309;41.88647628;0.0125;False;ok;13;1;1.117;
1815;3.185598309;41.89897628;0.0125;False;ok;1;1;1.085;
1816;3.198098309;41.89897628;0.0125;False;ok;11;1;1.238;
1817;3.185598309;41.91147628;0.0125;False;ok;1;1;1.168;
1818;3.198098309;41.91147628;0.00625;False;ok;3;1;1.234;
1819;3.204348309;41.91147628;0.00625;False;ok;10;1;1.238;
1820;3.198098309;41.91772628;0.00625;False;ok;3;1;1.312;
1821;3.204348309;41.91772628;0.00625;False;ok;54;1;1.364;
1822;3.185598309;41.92397628;0.0125;False;ok;4;1;1.287;
1823;3.198098309;41.92397628;0.0125;False;ok;22;1;1.400;
1824;3.210598309;41.91147628;0.025;False;ok;29;1;1.383;
1825;3.185598309;41.93647628;0.0125;False;ok;17;1;1.351;
1826;3.198098309;41.93647628;0.0125;False;ok;23;1;1.418;
1827;3.198098309;41.94897628;0.00625;False;ok;4;1;1.314;
1828;3.204348309;41.94897628;0.00625;False;ok;30;1;1.361;
1829;3.198098309;41.95522628;0.00625;False;ok;7;1;1.322;
1830;3.204348309;41.95522628;0.00625;False;ok;28;1;1.365;
1831;3.210598309;41.93647628;0.0125;False;ok;15;1;1.265;
1832;3.210598309;41.94897628;0.0125;False;ok;12;1;1.287;
1833;3.223098309;41.94897628;0.0125;False;ok;53;1;1.337;
1834;3.198098309;41.96147628;0.0125;False;ok;70;1;1.324;
1835;3.185598309;41.97397628;0.0125;False;ok;33;1;1.359;
1836;3.198098309;41.97397628;0.0125;False;ok;74;1;1.413;
1837;3.210598309;41.96147628;0.025;False;ok;42;1;1.309;
1838;-2.514401691;41.98647628;0.1;False;ok;0;1;1.943;
1839;-2.414401691;41.98647628;0.1;False;ok;3;1;1.134;
1840;-2.014401691;41.98647628;0.1;False;ok;6;1;1.181;
1841;-1.914401691;41.98647628;0.1;False;ok;4;1;1.150;
1842;-1.814401691;41.98647628;0.1;False;ok;2;1;1.152;
1843;-1.714401691;41.98647628;0.1;False;ok;12;1;1.290;
1844;-1.614401691;41.98647628;0.1;False;ok;75;1;1.484;
1845;-1.414401691;41.98647628;0.1;False;ok;1;1;1.146;
1846;-0.914401691;41.98647628;0.1;False;ok;0;1;1.912;
1847;-0.314401691;41.98647628;0.1;False;ok;1;1;1.193;
1848;-0.114401691;41.98647628;0.1;False;ok;1;1;1.218;
1849;-0.014401691;41.98647628;0.1;False;ok;2;1;1.283;
1850;0.085598309;41.98647628;0.1;False;ok;20;1;1.284;
1851;0.185598309;41.98647628;0.1;False;ok;1;1;1.213;
1852;0.285598309;41.98647628;0.1;False;ok;2;1;1.334;
1853;0.385598309;41.98647628;0.1;False;ok;1;1;1.129;
1854;0.485598309;41.98647628;0.1;False;ok;2;1;1.173;
1855;0.685598309;41.98647628;0.1;False;ok;24;1;1.216;
1856;0.785598309;41.98647628;0.1;False;ok;9;1;1.138;
1857;0.885598309;41.98647628;0.1;False;ok;7;1;1.099;
1858;0.985598309;41.98647628;0.1;False;ok;4;1;1.078;
1859;1.085598309;41.98647628;0.1;False;ok;3;1;1.118;
1860;1.185598309;41.98647628;0.1;False;ok;8;1;1.186;
1861;1.285598309;41.98647628;0.1;False;ok;11;1;1.090;
1862;1.385598309;41.98647628;0.1;False;ok;3;1;1.140;
1863;1.485598309;41.98647628;0.1;False;ok;27;1;1.094;
1864;1.585598309;41.98647628;0.1;False;ok;3;1;1.101;
1865;1.685598309;41.98647628;0.1;False;ok;5;1;1.265;
1866;1.785598309;41.98647628;0.1;False;ok;38;1;1.179;
1867;1.885598309;41.98647628;0.1;False;ok;16;1;1.220;
1868;1.985598309;41.98647628;0.1;False;ok;5;1;1.202;
1869;2.085598309;41.98647628;0.1;False;ok;14;1;1.263;
1870;2.185598309;41.98647628;0.1;False;ok;4;1;1.307;
1871;2.285598309;41.98647628;0.1;False;ok;16;1;1.333;
1872;2.385598309;41.98647628;0.1;False;ok;15;1;1.386;
1873;2.485598309;41.98647628;0.1;False;ok;31;1;1.430;
1874;2.585598309;41.98647628;0.1;False;ok;17;1;1.332;
1875;2.685598309;41.98647628;0.1;False;ok;17;1;1.420;
1876;2.785598309;41.98647628;0.1;False;ok;75;1;1.562;
1877;2.885598309;41.98647628;0.1;False;ok;35;1;1.427;
1878;2.985598309;41.98647628;0.1;False;ok;50;1;1.500;
1879;3.085598309;41.98647628;0.05;False;ok;12;1;1.357;
1880;3.135598309;41.98647628;0.05;False;ok;10;1;1.398;
1881;3.085598309;42.03647628;0.05;False;ok;27;1;1.441;
1882;3.135598309;42.03647628;0.025;False;ok;31;1;1.349;
1883;3.160598309;42.03647628;0.025;False;ok;73;1;1.380;
1884;3.185598309;41.98647628;0.0125;False;ok;74;1;1.364;
1885;3.198098309;41.98647628;0.0125;False;ok;8;1;1.084;
1886;3.185598309;41.99897628;0.0125;False;ok;71;1;1.229;
1887;3.185598309;42.01147628;0.025;False;ok;0;1;1.775;
1888;3.185598309;42.03647628;0.0125;False;ok;74;1;1.285;
1889;3.185598309;42.04897628;0.003125;False;ok;19;1;1.070;
1890;3.188723309;42.04897628;0.003125;False;ok;73;1;1.166;
1891;3.185598309;42.05210128;0.003125;False;ok;1;1;0.950;
1892;3.191848309;42.04897628;0.003125;False;ok;49;1;1.135;
1893;3.194973309;42.04897628;0.003125;False;ok;73;1;1.167;
1894;3.191848309;42.05210128;0.003125;False;ok;18;1;1.062;
1895;3.194973309;42.05210128;0.003125;False;ok;39;1;1.258;
1896;3.191848309;42.05522628;0.00625;False;ok;13;1;1.127;
1897;3.198098309;42.04897628;0.0125;False;ok;75;1;1.284;
1898;-2.514401691;42.08647628;0.1;False;ok;0;1;1.908;
1899;-2.414401691;42.08647628;0.1;False;ok;5;1;1.121;
1900;-2.314401691;42.08647628;0.1;False;ok;6;1;1.155;
1901;-2.214401691;42.08647628;0.1;False;ok;5;1;1.174;
1902;-2.114401691;42.08647628;0.1;False;ok;3;1;1.146;
1903;-2.014401691;42.08647628;0.1;False;ok;2;1;1.121;
1904;-1.814401691;42.08647628;0.1;False;ok;16;1;1.219;
1905;-1.714401691;42.08647628;0.1;False;ok;5;1;1.242;
1906;-1.614401691;42.08647628;0.1;False;ok;25;1;1.243;
1907;-1.214401691;42.08647628;0.1;False;ok;2;1;1.138;
1908;-1.014401691;42.08647628;0.1;False;ok;0;1;1.893;
1909;-0.814401691;42.08647628;0.1;False;ok;1;1;1.120;
1910;-0.714401691;42.08647628;0.1;False;ok;2;1;1.070;
1911;-0.614401691;42.08647628;0.1;False;ok;1;1;1.062;
1912;-0.414401691;42.08647628;0.1;False;ok;46;1;1.304;
1913;-0.314401691;42.08647628;0.1;False;ok;3;1;1.112;
1914;-0.214401691;42.08647628;0.1;False;ok;5;1;1.209;
1915;-0.114401691;42.08647628;0.1;False;ok;14;1;1.165;
1916;-0.014401691;42.08647628;0.1;False;ok;66;1;1.329;
1917;0.085598309;42.08647628;0.1;False;ok;1;1;1.230;
1918;0.185598309;42.08647628;0.1;False;ok;5;1;1.204;
1919;0.285598309;42.08647628;0.1;False;ok;10;1;1.239;
1920;0.385598309;42.08647628;0.1;False;ok;9;1;1.291;
1921;0.485598309;42.08647628;0.1;False;ok;4;1;1.205;
1922;0.685598309;42.08647628;0.1;False;ok;1;1;1.213;
1923;0.785598309;42.08647628;0.1;False;ok;5;1;1.197;
1924;0.885598309;42.08647628;0.1;False;ok;43;1;1.308;
1925;0.985598309;42.08647628;0.1;False;ok;10;1;1.214;
1926;1.085598309;42.08647628;0.1;False;ok;2;1;1.226;
1927;1.185598309;42.08647628;0.1;False;ok;3;1;1.223;
1928;1.285598309;42.08647628;0.1;False;ok;5;1;1.270;
1929;1.385598309;42.08647628;0.1;False;ok;5;1;1.237;
1930;1.485598309;42.08647628;0.1;False;ok;17;1;1.262;
1931;1.585598309;42.08647628;0.1;False;ok;29;1;1.249;
1932;1.685598309;42.08647628;0.1;False;ok;0;1;1.885;
1933;1.785598309;42.08647628;0.1;False;ok;36;1;1.313;
1934;1.885598309;42.08647628;0.1;False;ok;3;1;1.198;
1935;1.985598309;42.08647628;0.1;False;ok;12;1;1.253;
1936;2.085598309;42.08647628;0.1;False;ok;10;1;1.364;
1937;2.185598309;42.08647628;0.1;False;ok;15;1;1.292;
1938;2.285598309;42.08647628;0.1;False;ok;5;1;1.355;
1939;2.385598309;42.08647628;0.1;False;ok;59;1;1.421;
1940;2.485598309;42.08647628;0.1;False;ok;55;1;1.438;
1941;2.585598309;42.08647628;0.1;False;ok;13;1;1.368;
1942;2.685598309;42.08647628;0.1;False;ok;66;1;1.508;
1943;2.785598309;42.08647628;0.1;False;ok;22;1;1.294;
1944;2.885598309;42.08647628;0.1;False;ok;37;1;1.353;
1945;2.985598309;42.08647628;0.1;False;ok;51;1;1.398;
1946;3.085598309;42.08647628;0.025;False;ok;1;1;1.189;
1947;3.110598309;42.08647628;0.025;False;ok;43;1;1.245;
1948;3.110598309;42.11147628;0.0125;False;ok;10;1;1.181;
1949;3.123098309;42.11147628;0.0125;False;ok;75;1;1.324;
1950;3.110598309;42.12397628;0.0125;False;ok;9;1;1.142;
1951;3.123098309;42.12397628;0.0125;False;ok;75;1;1.115;
1952;3.135598309;42.09897628;0.0125;False;ok;70;1;1.069;
1953;3.148098309;42.09897628;0.0125;False;ok;61;1;1.039;
1954;3.160598309;42.08647628;0.025;False;ok;42;1;0.957;
1955;3.135598309;42.11147628;0.0125;False;ok;74;1;1.093;
1956;3.148098309;42.11147628;0.0125;False;ok;46;1;1.041;
1957;3.135598309;42.12397628;0.0125;False;ok;18;1;1.058;
1958;3.160598309;42.11147628;0.025;False;ok;12;1;1.073;
1959;3.085598309;42.13647628;0.05;False;ok;71;1;1.277;
1960;-2.514401691;42.18647628;0.1;False;ok;7;1;1.192;
1961;-2.314401691;42.18647628;0.1;False;ok;28;1;1.269;
1962;-2.214401691;42.18647628;0.1;False;ok;6;1;1.157;
1963;-2.114401691;42.18647628;0.1;False;ok;11;1;1.276;
1964;-2.014401691;42.18647628;0.1;False;ok;3;1;1.284;
1965;-1.914401691;42.18647628;0.1;False;ok;11;1;1.372;
1966;-1.814401691;42.18647628;0.1;False;ok;10;1;1.365;
1967;-1.714401691;42.18647628;0.1;False;ok;15;1;1.287;
1968;-1.314401691;42.18647628;0.1;False;ok;1;1;1.288;
1969;-1.014401691;42.18647628;0.1;False;ok;4;1;1.244;
1970;-0.814401691;42.18647628;0.1;False;ok;1;1;1.269;
1971;-0.714401691;42.18647628;0.1;False;ok;10;1;1.220;
1972;-0.614401691;42.18647628;0.1;False;ok;4;1;1.293;
1973;-0.514401691;42.18647628;0.1;False;ok;3;1;1.209;
1974;-0.414401691;42.18647628;0.1;False;ok;3;1;1.219;
1975;-0.314401691;42.18647628;0.1;False;ok;6;1;1.211;
1976;-0.214401691;42.18647628;0.1;False;ok;5;1;1.067;
1977;-0.114401691;42.18647628;0.1;False;ok;6;1;1.122;
1978;-0.014401691;42.18647628;0.1;False;ok;2;1;1.199;
1979;0.085598309;42.18647628;0.1;False;ok;5;1;1.278;
1980;0.185598309;42.18647628;0.1;False;ok;4;1;1.169;
1981;0.285598309;42.18647628;0.1;False;ok;15;1;1.283;
1982;0.385598309;42.18647628;0.1;False;ok;2;1;1.209;
1983;0.485598309;42.18647628;0.1;False;ok;3;1;1.322;
1984;0.685598309;42.18647628;0.1;False;ok;9;1;1.373;
1985;0.785598309;42.18647628;0.1;False;ok;1;1;1.333;
1986;0.885598309;42.18647628;0.1;False;ok;27;1;1.419;
1987;0.985598309;42.18647628;0.1;False;ok;10;1;1.436;
1988;1.185598309;42.18647628;0.1;False;ok;2;1;1.407;
1989;1.285598309;42.18647628;0.1;False;ok;7;1;1.380;
1990;1.385598309;42.18647628;0.1;False;ok;1;1;1.311;
1991;1.485598309;42.18647628;0.1;False;ok;8;1;1.385;
1992;1.585598309;42.18647628;0.1;False;ok;3;1;1.366;
1993;1.685598309;42.18647628;0.1;False;ok;13;1;1.458;
1994;1.785598309;42.18647628;0.1;False;ok;42;1;1.424;
1995;1.885598309;42.18647628;0.1;False;ok;19;1;1.355;
1996;1.985598309;42.18647628;0.1;False;ok;13;1;1.297;
1997;2.085598309;42.18647628;0.1;False;ok;22;1;1.295;
1998;2.185598309;42.18647628;0.1;False;ok;44;1;1.272;
1999;2.285598309;42.18647628;0.1;False;ok;51;1;1.189;
2000;2.385598309;42.18647628;0.1;False;ok;26;1;1.183;
2001;2.485598309;42.18647628;0.1;False;ok;39;1;1.232;
2002;2.585598309;42.18647628;0.1;False;ok;29;1;1.144;
2003;2.685598309;42.18647628;0.1;False;ok;59;1;1.229;
2004;2.785598309;42.18647628;0.1;False;ok;37;1;1.280;
2005;2.885598309;42.18647628;0.1;False;ok;74;1;1.430;
2006;2.985598309;42.18647628;0.1;False;ok;74;1;1.459;
2007;3.085598309;42.18647628;0.05;False;ok;6;1;1.314;
2008;3.098098309;42.23647628;0.0125;False;ok;16;1;1.341;
2009;3.098098309;42.24897628;0.0125;False;ok;73;1;1.456;
2010;3.110598309;42.23647628;0.00625;False;ok;0;1;2.000;
2011;3.116848309;42.23647628;0.00625;False;ok;68;1;1.409;
2012;3.110598309;42.24272628;0.00625;False;ok;42;1;1.327;
2013;3.116848309;42.24272628;0.00625;False;ok;68;1;1.456;
2014;3.123098309;42.23647628;0.0015625;False;ok;20;1;1.398;
2015;3.124660809;42.23647628;0.0015625;False;ok;0;1;1.999;
2016;3.123098309;42.23803878;0.0015625;False;ok;74;1;1.346;
2017;3.124660809;42.23803878;0.0015625;False;ok;27;1;1.332;
2018;3.123098309;42.23960128;0.003125;False;ok;73;1;1.379;
2019;3.126223309;42.23960128;0.003125;False;ok;28;1;1.208;
2020;3.123098309;42.24272628;0.003125;False;ok;14;1;1.102;
2021;3.126223309;42.24272628;0.003125;False;ok;74;1;1.265;
2022;3.123098309;42.24585128;0.003125;False;ok;26;1;1.088;
2023;3.126223309;42.24585128;0.003125;False;ok;54;1;1.026;
2024;3.129348309;42.24272628;0.00625;False;ok;59;1;0.908;
2025;3.110598309;42.24897628;0.0125;False;ok;73;1;0.973;
2026;3.123098309;42.24897628;0.0125;False;ok;73;1;0.999;
2027;3.085598309;42.26147628;0.025;False;ok;9;1;0.819;
2028;3.135598309;42.23647628;0.025;False;ok;45;1;0.938;
2029;3.173098309;42.23647628;0.0125;False;ok;26;1;0.923;
2030;3.179348309;42.24897628;0.00625;False;ok;34;1;0.933;
2031;3.173098309;42.25522628;0.00625;False;ok;27;1;0.908;
2032;3.179348309;42.25522628;0.003125;False;ok;26;1;1.157;
2033;3.182473309;42.25522628;0.003125;False;ok;32;1;1.150;
2034;3.179348309;42.25835128;0.003125;False;ok;44;1;1.164;
2035;3.182473309;42.25835128;0.003125;False;ok;20;1;1.117;
2036;3.135598309;42.26147628;0.00625;False;ok;7;1;1.142;
2037;3.141848309;42.26147628;0.00625;False;ok;75;1;1.347;
2038;3.135598309;42.26772628;0.00625;False;ok;65;1;1.285;
2039;3.141848309;42.26772628;0.00625;False;ok;74;1;1.367;
2040;3.148098309;42.26147628;0.003125;False;ok;38;1;1.386;
2041;3.151223309;42.26147628;0.003125;False;ok;74;1;1.501;
2042;3.148098309;42.26460128;0.003125;False;ok;34;1;1.327;
2043;3.151223309;42.26460128;0.003125;False;ok;25;1;1.269;
2044;3.154348309;42.26147628;0.003125;False;ok;75;1;1.377;
2045;3.157473309;42.26147628;0.003125;False;ok;25;1;1.397;
2046;3.154348309;42.26460128;0.003125;False;ok;12;1;1.293;
2047;3.157473309;42.26460128;0.003125;False;ok;26;1;1.309;
2048;3.148098309;42.26772628;0.00625;False;ok;1;1;1.173;
2049;3.154348309;42.26772628;0.00625;False;ok;2;1;1.161;
2050;3.135598309;42.27397628;0.0125;False;ok;4;1;1.193;
2051;3.148098309;42.27397628;0.0125;False;ok;1;1;1.241;
2052;3.160598309;42.26147628;0.003125;False;ok;5;1;1.112;
2053;3.160598309;42.26460128;0.003125;False;ok;66;1;1.281;
2054;3.163723309;42.26460128;0.003125;False;ok;42;1;1.155;
2055;3.166848309;42.26147628;0.00625;False;ok;21;1;1.103;
2056;3.160598309;42.26772628;0.00625;False;ok;8;1;1.071;
2057;3.173098309;42.26147628;0.00625;False;ok;75;1;1.304;
2058;3.179348309;42.26147628;0.00625;False;ok;37;1;1.218;
2059;3.173098309;42.26772628;0.00625;False;ok;0;1;1.823;
2060;3.179348309;42.26772628;0.00625;False;ok;5;1;1.190;
2061;3.160598309;42.27397628;0.0125;False;ok;11;1;1.278;
2062;3.185598309;42.24272628;0.00625;False;ok;74;1;1.375;
2063;3.191848309;42.24272628;0.00625;False;ok;71;1;1.430;
2064;3.198098309;42.23647628;0.0125;False;ok;72;1;1.417;
2065;3.185598309;42.24897628;0.0125;False;ok;73;1;1.455;
2066;3.198098309;42.24897628;0.0125;False;ok;6;1;1.402;
2067;3.210598309;42.23647628;0.025;False;ok;6;1;1.440;
2068;3.185598309;42.26147628;0.025;False;ok;20;1;1.403;
2069;3.235598309;42.23647628;0.05;False;ok;12;1;1.386;
2070;3.285598309;42.18647628;0.1;False;ok;8;1;1.357;
2071;-2.514401691;42.28647628;0.1;False;ok;12;1;1.374;
2072;-2.314401691;42.28647628;0.1;False;ok;2;1;1.260;
2073;-2.214401691;42.28647628;0.1;False;ok;5;1;1.145;
2074;-2.014401691;42.28647628;0.1;False;ok;16;1;1.211;
2075;-1.914401691;42.28647628;0.1;False;ok;3;1;1.146;
2076;-1.814401691;42.28647628;0.1;False;ok;3;1;1.138;
2077;-1.714401691;42.28647628;0.1;False;ok;1;1;0.951;
2078;-1.614401691;42.28647628;0.1;False;ok;5;1;0.878;
2079;-1.514401691;42.28647628;0.1;False;ok;2;1;0.827;
2080;-1.414401691;42.28647628;0.1;False;ok;2;1;0.691;
2081;-1.214401691;42.28647628;0.1;False;ok;3;1;0.786;
2082;-1.114401691;42.28647628;0.1;False;ok;0;1;1.954;
2083;-0.814401691;42.28647628;0.1;False;ok;24;1;1.337;
2084;-0.714401691;42.28647628;0.1;False;ok;6;1;1.256;
2085;-0.614401691;42.28647628;0.1;False;ok;0;1;2.087;
2086;-0.514401691;42.28647628;0.1;False;ok;2;1;1.326;
2087;-0.414401691;42.28647628;0.1;False;ok;0;1;2.101;
2088;-0.314401691;42.28647628;0.1;False;ok;3;1;1.310;
2089;-0.014401691;42.28647628;0.1;False;ok;2;1;1.411;
2090;0.085598309;42.28647628;0.1;False;ok;12;1;1.434;
2091;0.185598309;42.28647628;0.1;False;ok;12;1;1.388;
2092;0.285598309;42.28647628;0.1;False;ok;2;1;1.425;
2093;0.385598309;42.28647628;0.1;False;ok;2;1;1.418;
2094;0.485598309;42.28647628;0.1;False;ok;16;1;1.463;
2095;0.585598309;42.28647628;0.1;False;ok;1;1;1.362;
2096;0.685598309;42.28647628;0.1;False;ok;3;1;1.357;
2097;0.785598309;42.28647628;0.1;False;ok;3;1;1.321;
2098;0.885598309;42.28647628;0.1;False;ok;9;1;1.332;
2099;0.985598309;42.28647628;0.1;False;ok;15;1;1.332;
2100;1.085598309;42.28647628;0.1;False;ok;7;1;1.333;
2101;1.185598309;42.28647628;0.1;False;ok;7;1;1.116;
2102;1.285598309;42.28647628;0.1;False;ok;9;1;0.674;
2103;1.385598309;42.28647628;0.1;False;ok;44;1;0.783;
2104;1.485598309;42.28647628;0.1;False;ok;11;1;0.682;
2105;1.585598309;42.28647628;0.1;False;ok;12;1;0.759;
2106;1.685598309;42.28647628;0.1;False;ok;47;1;1.068;
2107;1.785598309;42.28647628;0.1;False;ok;45;1;1.044;
2108;1.885598309;42.28647628;0.1;False;ok;73;1;1.242;
2109;1.985598309;42.28647628;0.1;False;ok;11;1;1.317;
2110;2.085598309;42.28647628;0.1;False;ok;74;1;1.506;
2111;2.185598309;42.28647628;0.1;False;ok;8;1;1.398;
2112;2.285598309;42.28647628;0.1;False;ok;74;1;1.461;
2113;2.385598309;42.28647628;0.1;False;ok;42;1;1.487;
2114;2.685598309;42.28647628;0.1;False;ok;13;1;1.456;
2115;2.785598309;42.28647628;0.1;False;ok;22;1;1.413;
2116;2.885598309;42.28647628;0.1;False;ok;27;1;1.548;
2117;2.985598309;42.28647628;0.1;False;ok;49;1;1.466;
2118;3.085598309;42.28647628;0.05;False;ok;20;1;1.390;
2119;3.135598309;42.28647628;0.05;False;ok;58;1;1.413;
2120;3.085598309;42.33647628;0.05;False;ok;1;1;1.282;
2121;3.135598309;42.33647628;0.025;False;ok;3;1;1.180;
2122;3.160598309;42.33647628;0.025;False;ok;75;1;1.355;
2123;3.135598309;42.36147628;0.025;False;ok;75;1;1.324;
2124;3.160598309;42.36147628;0.025;False;ok;74;1;1.341;
2125;3.185598309;42.28647628;0.05;False;ok;41;1;1.295;
2126;3.235598309;42.28647628;0.05;False;ok;74;1;1.010;
2127;3.185598309;42.33647628;0.05;False;ok;42;1;0.925;
2128;3.285598309;42.28647628;0.1;False;ok;6;1;0.690;
2129;-2.514401691;42.38647628;0.05;False;ok;4;1;0.737;
2130;-2.464401691;42.38647628;0.05;False;ok;17;1;0.871;
2131;-2.514401691;42.43647628;0.05;False;ok;7;1;1.154;
2132;-2.464401691;42.43647628;0.025;False;ok;50;1;1.329;
2133;-2.439401691;42.43647628;0.025;False;ok;9;1;1.246;
2134;-2.464401691;42.46147628;0.0125;False;ok;47;1;2.730;
2135;-2.451901691;42.46147628;0.00625;False;ok;74;1;1.870;
2136;-2.445651691;42.46147628;0.00625;False;ok;74;1;1.528;
2137;-2.451901691;42.46772628;0.00625;False;ok;13;1;1.355;
2138;-2.445651691;42.46772628;0.00625;False;ok;18;1;1.412;
2139;-2.451901691;42.47397628;0.0125;False;ok;3;1;1.347;
2140;-2.439401691;42.46147628;0.025;False;ok;55;1;1.475;
2141;-2.414401691;42.38647628;0.1;False;ok;7;1;1.425;
2142;-2.314401691;42.38647628;0.1;False;ok;4;1;1.315;
2143;-2.214401691;42.38647628;0.1;False;ok;4;1;1.323;
2144;-2.114401691;42.38647628;0.1;False;ok;2;1;1.361;
2145;-2.014401691;42.38647628;0.1;False;ok;5;1;1.306;
2146;-1.914401691;42.38647628;0.1;False;ok;3;1;1.305;
2147;-1.814401691;42.38647628;0.1;False;ok;0;1;2.083;
2148;-1.714401691;42.38647628;0.1;False;ok;31;1;1.478;
2149;-1.514401691;42.38647628;0.1;False;ok;2;1;1.260;
2150;-1.114401691;42.38647628;0.1;False;ok;2;1;0.982;
2151;-1.014401691;42.38647628;0.1;False;ok;3;1;0.758;
2152;-0.814401691;42.38647628;0.1;False;ok;0;1;1.406;
2153;-0.714401691;42.38647628;0.1;False;ok;0;1;1.384;
2154;-0.314401691;42.38647628;0.1;False;ok;3;1;0.794;
2155;-0.214401691;42.38647628;0.1;False;ok;1;1;0.759;
2156;-0.114401691;42.38647628;0.1;False;ok;6;1;0.890;
2157;-0.014401691;42.38647628;0.1;False;ok;42;1;1.088;
2158;0.085598309;42.38647628;0.1;False;ok;75;1;1.086;
2159;0.185598309;42.38647628;0.1;False;ok;10;1;1.139;
2160;0.285598309;42.38647628;0.1;False;ok;1;1;1.009;
2161;0.385598309;42.38647628;0.1;False;ok;13;1;1.185;
2162;0.485598309;42.38647628;0.1;False;ok;1;1;1.075;
2163;0.585598309;42.38647628;0.1;False;ok;15;1;1.156;
2164;0.685598309;42.38647628;0.1;False;ok;41;1;1.295;
2165;0.885598309;42.38647628;0.1;False;ok;3;1;1.088;
2166;0.985598309;42.38647628;0.1;False;ok;11;1;1.086;
2167;1.085598309;42.38647628;0.1;False;ok;75;1;1.214;
2168;1.185598309;42.38647628;0.1;False;ok;1;1;1.018;
2169;1.285598309;42.38647628;0.1;False;ok;0;1;1.734;
2170;1.385598309;42.38647628;0.1;True;ok;3;1;0.799;
2171;1.485598309;42.38647628;0.1;True;ok;0;1;0.912;
2172;1.585598309;42.38647628;0.1;False;ok;5;1;0.871;
2173;1.685598309;42.38647628;0.1;False;ok;6;1;0.762;
2174;1.785598309;42.38647628;0.1;False;ok;37;1;1.357;
2175;1.885598309;42.38647628;0.05;False;ok;72;1;1.347;
2176;1.935598309;42.38647628;0.05;True;ok;9;1;1.310;
2177;1.885598309;42.43647628;0.05;True;ok;8;1;1.315;
2178;1.935598309;42.43647628;0.05;True;ok;38;1;1.426;
2179;1.985598309;42.38647628;0.1;True;ok;3;1;1.475;
2180;2.085598309;42.38647628;0.1;True;ok;2;1;1.464;
2181;2.685598309;42.38647628;0.1;True;ok;2;1;1.441;
2182;2.785598309;42.38647628;0.1;True;ok;17;1;1.428;
2183;2.885598309;42.38647628;0.1;False;ok;11;1;1.466;
2184;2.985598309;42.38647628;0.1;False;ok;6;1;1.413;
2185;3.135598309;42.38647628;0.05;False;ok;39;1;1.521;
2186;-2.514401691;42.48647628;0.1;False;ok;5;1;1.347;
2187;-2.414401691;42.48647628;0.1;False;ok;17;1;1.386;
2188;-2.314401691;42.48647628;0.1;False;ok;10;1;1.381;
2189;-2.214401691;42.48647628;0.1;False;ok;15;1;1.398;
2190;-2.114401691;42.48647628;0.1;False;ok;0;1;1.932;
2191;-1.914401691;42.48647628;0.1;False;ok;4;1;1.128;
2192;-1.714401691;42.48647628;0.1;False;ok;7;1;1.090;
2193;-1.614401691;42.48647628;0.1;False;ok;4;1;0.879;
2194;-1.514401691;42.48647628;0.1;False;ok;4;1;0.649;
2195;-1.414401691;42.48647628;0.1;False;ok;6;1;0.798;
2196;-1.314401691;42.48647628;0.1;False;ok;10;1;0.773;
2197;-1.214401691;42.48647628;0.1;False;ok;3;1;0.726;
2198;-1.114401691;42.48647628;0.1;False;ok;2;1;0.901;
2199;-1.014401691;42.48647628;0.1;False;ok;1;1;1.277;
2200;-0.814401691;42.48647628;0.1;False;ok;6;1;1.240;
2201;-0.714401691;42.48647628;0.1;False;ok;10;1;1.308;
2202;-0.614401691;42.48647628;0.1;False;ok;71;1;1.499;
2203;-0.514401691;42.48647628;0.1;False;ok;23;1;1.319;
2204;-0.414401691;42.48647628;0.1;False;ok;75;1;1.607;
2205;-0.314401691;42.48647628;0.1;False;ok;1;1;1.366;
2206;-0.214401691;42.48647628;0.1;False;ok;23;1;1.499;
2207;-0.114401691;42.48647628;0.1;False;ok;15;1;1.426;
2208;-0.014401691;42.48647628;0.1;False;ok;6;1;1.337;
2209;0.085598309;42.48647628;0.1;False;ok;40;1;1.452;
2210;0.185598309;42.48647628;0.1;False;ok;11;1;1.381;
2211;0.285598309;42.48647628;0.1;False;ok;8;1;1.294;
2212;0.385598309;42.48647628;0.1;False;ok;43;1;1.388;
2213;0.485598309;42.48647628;0.1;False;ok;22;1;1.296;
2214;0.585598309;42.48647628;0.1;False;ok;2;1;1.178;
2215;0.685598309;42.48647628;0.1;False;ok;5;1;1.513;
2216;0.785598309;42.48647628;0.05;False;ok;38;1;1.194;
2217;0.835598309;42.48647628;0.05;False;ok;75;1;1.349;
2218;0.835598309;42.53647628;0.05;False;ok;2;1;0.926;
2219;0.985598309;42.48647628;0.1;False;ok;3;1;0.815;
2220;1.085598309;42.48647628;0.1;False;ok;36;1;0.846;
2221;1.185598309;42.48647628;0.1;False;ok;29;1;0.861;
2222;1.285598309;42.48647628;0.1;False;ok;6;1;0.876;
2223;1.685598309;42.48647628;0.05;True;ok;0;1;0.956;
2224;-2.514401691;42.58647628;0.1;False;ok;3;1;1.131;
2225;-2.414401691;42.58647628;0.1;False;ok;8;1;1.366;
2226;-2.314401691;42.58647628;0.1;False;ok;6;1;1.380;
2227;-2.214401691;42.58647628;0.1;False;ok;5;1;1.325;
2228;-2.114401691;42.58647628;0.1;False;ok;64;1;1.508;
2229;-2.014401691;42.58647628;0.1;False;ok;10;1;1.380;
2230;-1.914401691;42.58647628;0.1;False;ok;13;1;1.372;
2231;-1.814401691;42.58647628;0.1;False;ok;20;1;1.508;
2232;-1.714401691;42.58647628;0.1;False;ok;7;1;1.425;
2233;-1.614401691;42.58647628;0.1;False;ok;4;1;1.388;
2234;-1.414401691;42.58647628;0.1;False;ok;1;1;1.333;
2235;-1.314401691;42.58647628;0.1;False;ok;6;1;1.344;
2236;-1.214401691;42.58647628;0.1;False;ok;4;1;1.403;
2237;-1.014401691;42.58647628;0.1;False;ok;2;1;1.197;
2238;-0.914401691;42.58647628;0.1;False;ok;3;1;1.236;
2239;-0.814401691;42.58647628;0.1;False;ok;1;1;1.195;
2240;-0.714401691;42.58647628;0.1;False;ok;7;1;1.158;
2241;-0.614401691;42.58647628;0.1;False;ok;73;1;1.274;
2242;-0.414401691;42.58647628;0.1;False;ok;71;1;1.260;
2243;-0.314401691;42.58647628;0.1;False;ok;21;1;1.040;
2244;-0.214401691;42.58647628;0.1;False;ok;47;1;0.897;
2245;-0.114401691;42.58647628;0.1;False;ok;33;1;0.997;
2246;-0.014401691;42.58647628;0.1;False;ok;1;1;1.103;
2247;0.085598309;42.58647628;0.1;False;ok;2;1;1.045;
2248;0.185598309;42.58647628;0.1;False;ok;35;1;1.287;
2249;0.285598309;42.58647628;0.1;False;ok;17;1;1.299;
2250;0.485598309;42.58647628;0.025;False;ok;43;1;1.387;
2251;0.510598309;42.58647628;0.0125;False;ok;2;1;1.352;
2252;0.510598309;42.59897628;0.0125;False;ok;75;1;1.525;
2253;0.523098309;42.59897628;0.0125;False;ok;72;1;1.441;
2254;0.535598309;42.58647628;0.05;False;ok;58;1;1.451;
2255;0.535598309;42.63647628;0.05;False;ok;1;1;1.377;
2256;0.685598309;42.58647628;0.1;False;ok;0;1;2.162;
2257;0.885598309;42.58647628;0.1;False;ok;0;1;2.122;
2258;0.985598309;42.58647628;0.1;False;ok;3;1;1.417;
2259;1.085598309;42.58647628;0.1;False;ok;75;1;1.489;
2260;1.185598309;42.58647628;0.1;False;ok;8;1;1.394;
2261;1.285598309;42.58647628;0.1;False;ok;9;1;1.361;
2262;-2.514401691;42.68647628;0.1;False;ok;4;1;1.530;
2263;-2.414401691;42.68647628;0.1;False;ok;5;1;1.361;
2264;-2.314401691;42.68647628;0.1;False;ok;6;1;1.259;
2265;-2.214401691;42.68647628;0.1;False;ok;12;1;1.051;
2266;-2.114401691;42.68647628;0.1;False;ok;16;1;1.029;
2267;-2.014401691;42.68647628;0.1;False;ok;16;1;1.001;
2268;-1.914401691;42.68647628;0.1;False;ok;2;1;0.810;
2269;-1.814401691;42.68647628;0.1;False;ok;6;1;0.870;
2270;-1.714401691;42.68647628;0.1;False;ok;8;1;0.845;
2271;-1.514401691;42.68647628;0.1;False;ok;3;1;0.845;
2272;-1.414401691;42.68647628;0.1;False;ok;8;1;0.989;
2273;-1.314401691;42.68647628;0.1;False;ok;2;1;0.997;
2274;-1.014401691;42.68647628;0.1;False;ok;1;1;0.926;
2275;-0.914401691;42.68647628;0.1;False;ok;13;1;1.050;
2276;-0.814401691;42.68647628;0.1;False;ok;10;1;1.179;
2277;-0.714401691;42.68647628;0.1;False;ok;2;1;1.143;
2278;-0.614401691;42.68647628;0.1;False;ok;54;1;1.360;
2279;-0.514401691;42.68647628;0.1;False;ok;2;1;1.199;
2280;-0.414401691;42.68647628;0.1;False;ok;75;1;1.558;
2281;-0.314401691;42.68647628;0.1;False;ok;75;1;1.482;
2282;-0.114401691;42.68647628;0.1;False;ok;1;1;1.269;
2283;0.685598309;42.68647628;0.1;False;ok;39;1;1.492;
2284;0.785598309;42.68647628;0.0125;False;ok;2;1;1.369;
2285;0.798098309;42.68647628;0.0125;False;ok;28;1;1.478;
2286;0.785598309;42.69897628;0.0125;False;ok;75;1;1.593;
2287;0.798098309;42.69897628;0.0125;False;ok;34;1;1.448;
2288;0.810598309;42.68647628;0.025;False;ok;9;1;1.358;
2289;0.785598309;42.71147628;0.025;False;ok;12;1;1.361;
2290;0.835598309;42.68647628;0.05;False;ok;54;1;1.394;
2291;0.885598309;42.68647628;0.025;False;ok;74;1;1.436;
2292;0.932473309;42.69272628;0.003125;False;ok;19;1;1.272;
2293;0.929348309;42.69585128;0.003125;False;ok;11;1;1.287;
2294;0.932473309;42.69585128;0.003125;False;ok;74;1;1.394;
2295;0.910598309;42.69897628;0.0125;False;ok;16;1;1.317;
2296;0.923098309;42.69897628;0.0125;False;ok;44;1;1.209;
2297;0.910598309;42.71147628;0.025;False;ok;16;1;1.112;
2298;0.935598309;42.68647628;0.05;False;ok;65;1;1.091;
2299;0.985598309;42.68647628;0.1;False;ok;0;1;1.736;
2300;1.085598309;42.68647628;0.1;True;ok;0;1;1.716;
2301;-2.414401691;42.78647628;0.1;False;ok;2;1;1.075;
2302;-2.314401691;42.78647628;0.1;False;ok;4;1;1.021;
2303;-2.214401691;42.78647628;0.1;False;ok;4;1;1.111;
2304;-2.114401691;42.78647628;0.1;False;ok;1;1;1.053;
2305;-2.014401691;42.78647628;0.1;False;ok;0;1;1.847;
2306;-1.914401691;42.78647628;0.1;False;ok;5;1;1.231;
2307;-1.814401691;42.78647628;0.1;False;ok;8;1;1.214;
2308;-1.714401691;42.78647628;0.05;False;ok;52;1;1.327;
2309;-1.664401691;42.78647628;0.025;False;ok;52;1;1.376;
2310;-1.639401691;42.78647628;0.025;False;ok;24;1;1.337;
2311;-1.664401691;42.81147628;0.025;False;ok;75;1;1.432;
2312;-1.639401691;42.81147628;0.025;False;ok;24;1;1.280;
2313;-1.714401691;42.83647628;0.05;False;ok;5;1;1.237;
2314;-1.664401691;42.83647628;0.05;False;ok;4;1;1.130;
2315;-1.614401691;42.78647628;0.1;False;ok;23;1;1.252;
2316;-1.514401691;42.78647628;0.1;False;ok;2;1;1.130;
2317;-1.414401691;42.78647628;0.1;False;ok;2;1;1.052;
2318;-1.314401691;42.78647628;0.1;False;ok;1;1;1.657;
2319;-1.114401691;42.78647628;0.1;False;ok;5;1;0.927;
2320;-1.014401691;42.78647628;0.1;False;ok;33;1;0.945;
2321;-0.814401691;42.78647628;0.1;False;ok;1;1;0.857;
2322;-0.614401691;42.78647628;0.1;True;ok;15;1;0.901;
2323;-0.514401691;42.78647628;0.1;True;ok;0;1;1.660;
2324;0.685598309;42.78647628;0.1;True;ok;33;1;0.989;
2325;-2.414401691;42.88647628;0.1;False;ok;6;1;0.959;
2326;-2.314401691;42.88647628;0.1;False;ok;3;1;1.054;
2327;-2.214401691;42.88647628;0.1;False;ok;12;1;1.156;
2328;-2.114401691;42.88647628;0.1;False;ok;9;1;1.230;
2329;-2.014401691;42.88647628;0.1;False;ok;2;1;1.297;
2330;-1.914401691;42.88647628;0.1;False;ok;10;1;1.287;
2331;-1.814401691;42.88647628;0.1;False;ok;13;1;1.383;
2332;-1.714401691;42.88647628;0.1;False;ok;13;1;1.340;
2333;-1.614401691;42.88647628;0.1;False;ok;9;1;1.353;
2334;-1.514401691;42.88647628;0.1;False;ok;23;1;1.391;
2335;-1.414401691;42.88647628;0.1;False;ok;13;1;1.387;
2336;-1.314401691;42.88647628;0.1;False;ok;14;1;1.416;
2337;-1.214401691;42.88647628;0.1;False;ok;9;1;1.348;
2338;-1.114401691;42.88647628;0.1;False;ok;23;1;1.324;
2339;-2.514401691;42.98647628;0.1;False;ok;13;1;1.426;
2340;-2.414401691;42.98647628;0.1;False;ok;7;1;1.337;
2341;-2.314401691;42.98647628;0.1;False;ok;10;1;1.306;
2342;-2.214401691;42.98647628;0.1;False;ok;9;1;1.109;
2343;-2.114401691;42.98647628;0.1;False;ok;1;1;0.978;
2344;-2.014401691;42.98647628;0.1;False;ok;12;1;1.010;
2345;-1.914401691;42.98647628;0.1;False;ok;12;1;0.985;
2346;-1.814401691;42.98647628;0.1;False;ok;6;1;0.907;
2347;-1.714401691;42.98647628;0.1;False;ok;8;1;0.942;
2348;-1.614401691;42.98647628;0.1;False;ok;1;1;1.017;
2349;-1.514401691;42.98647628;0.1;True;ok;1;1;1.133;
2350;-1.414401691;42.98647628;0.1;False;ok;6;1;1.156;
2351;-1.314401691;42.98647628;0.1;False;ok;10;1;1.319;
2352;-2.514401691;43.08647628;0.1;False;ok;7;1;1.199;
2353;-2.414401691;43.08647628;0.1;False;ok;4;1;1.342;
2354;-2.314401691;43.08647628;0.1;False;ok;18;1;1.423;
2355;-2.214401691;43.08647628;0.1;False;ok;7;1;1.444;
2356;-2.114401691;43.08647628;0.1;False;ok;12;1;1.554;
2357;-2.014401691;43.08647628;0.1;False;ok;6;1;1.428;
2358;-1.914401691;43.08647628;0.1;False;ok;3;1;1.417;
2359;-1.814401691;43.08647628;0.1;False;ok;4;1;1.473;
2360;-1.714401691;43.08647628;0.1;False;ok;24;1;1.556;
2361;-1.614401691;43.08647628;0.1;False;ok;57;1;1.653;
2362;-1.514401691;43.08647628;0.1;True;ok;16;1;1.498;
2363;-1.314401691;43.08647628;0.1;True;ok;8;1;2.726;
2364;-2.514401691;43.18647628;0.1;False;ok;16;1;1.472;
2365;-2.414401691;43.18647628;0.1;False;ok;17;1;1.476;
2366;-2.314401691;43.18647628;0.1;False;ok;21;1;1.461;
2367;-2.214401691;43.18647628;0.1;False;ok;75;1;1.546;
2368;-2.114401691;43.18647628;0.1;False;ok;33;1;1.324;
2369;-2.014401691;43.18647628;0.1;False;ok;33;1;1.183;
2370;-1.914401691;43.18647628;0.1;False;ok;7;1;1.086;
2371;-1.814401691;43.18647628;0.1;False;ok;8;1;1.010;
2372;-1.714401691;43.18647628;0.1;True;ok;32;1;1.090;
2373;-1.614401691;43.18647628;0.1;True;ok;9;1;1.009;
2374;-1.514401691;43.18647628;0.1;False;ok;9;1;1.076;
2375;2.785598309;43.18647628;0.1;True;ok;0;1;1.209;
2376;-2.514401691;43.28647628;0.1;False;ok;68;1;1.152;
2377;-2.414401691;43.28647628;0.1;False;ok;23;1;1.098;
2378;-2.314401691;43.28647628;0.1;False;ok;38;1;1.176;
2379;-2.214401691;43.28647628;0.1;False;ok;74;1;1.263;
2380;-2.114401691;43.28647628;0.1;False;ok;30;1;1.188;
2381;-2.014401691;43.28647628;0.025;False;ok;31;1;1.274;
2382;-1.989401691;43.28647628;0.025;False;ok;65;1;1.458;
2383;-2.014401691;43.31147628;0.025;False;ok;68;1;1.354;
2384;-1.989401691;43.31147628;0.00625;False;ok;75;1;1.453;
2385;-1.983151691;43.31147628;0.00625;False;ok;75;1;1.470;
2386;-1.989401691;43.31772628;0.00625;False;ok;75;1;1.465;
2387;-1.983151691;43.31772628;0.003125;False;ok;74;1;1.407;
2388;-1.980026691;43.31772628;0.003125;False;ok;17;1;1.248;
2389;-1.983151691;43.32085128;0.003125;False;ok;35;1;1.261;
2390;-1.980026691;43.32085128;0.003125;False;ok;33;1;1.280;
2391;-1.976901691;43.31147628;0.0125;False;ok;75;1;1.366;
2392;-1.989401691;43.32397628;0.0125;False;ok;43;1;2.531;
2393;-1.976901691;43.32397628;0.0125;False;ok;75;1;1.328;
2394;-1.964401691;43.28647628;0.05;False;ok;39;1;1.172;
2395;-1.914401691;43.28647628;0.1;False;ok;41;1;1.187;
2396;-1.814401691;43.28647628;0.05;False;ok;5;1;1.006;
2397;-1.814401691;43.33647628;0.025;False;ok;19;1;1.055;
2398;-1.789401691;43.33647628;0.025;True;ok;5;1;0.987;
2399;-1.814401691;43.36147628;0.025;False;ok;75;1;1.241;
2400;-1.789401691;43.36147628;0.0125;True;ok;3;1;1.795;
2401;-1.764401691;43.33647628;0.05;True;ok;1;1;1.076;
2402;-1.714401691;43.28647628;0.05;False;ok;1;1;0.862;
2403;-1.614401691;43.28647628;0.1;True;ok;1;1;1.100;
2404;-1.514401691;43.38647628;0.1;True;ok;0;1;1.204;
2405;1.385598309;43.38647628;0.1;True;ok;1;1;1.063;
2406;-7.168057005;38.21713759;0.1;False;ok;1;1;1.046;
2407;-6.768057005;38.21713759;0.1;False;ok;4;1;1.083;
2408;-6.368057005;38.21713759;0.1;False;ok;1;1;1.141;
2409;-6.068057005;38.21713759;0.1;False;ok;5;1;1.155;
2410;-5.968057005;38.21713759;0.1;False;ok;0;1;1.846;
2411;-5.868057005;38.21713759;0.1;False;ok;2;1;1.156;
2412;-5.768057005;38.21713759;0.1;False;ok;0;1;1.876;
2413;-5.668057005;38.21713759;0.1;False;ok;4;1;1.157;
2414;-5.568057005;38.21713759;0.1;False;ok;1;1;1.133;
2415;-5.468057005;38.21713759;0.1;False;ok;6;1;1.144;
2416;-5.368057005;38.21713759;0.1;False;ok;3;1;1.158;
2417;-3.668057005;38.21713759;0.1;False;ok;3;1;1.157;
2418;-3.468057005;38.21713759;0.1;False;ok;2;1;1.019;
2419;-3.268057005;38.21713759;0.1;False;ok;3;1;1.084;
2420;-2.968057005;38.21713759;0.1;False;ok;5;1;1.046;
2421;-2.868057005;38.21713759;0.1;False;ok;6;1;1.051;
2422;-2.768057005;38.21713759;0.1;False;ok;37;1;1.197;
2423;-2.668057005;38.21713759;0.1;False;ok;26;1;1.170;
2424;-2.568057005;38.21713759;0.1;False;ok;1;1;0.998;
2425;-2.468057005;38.21713759;0.1;False;ok;3;1;1.061;
2426;-7.268057005;38.31713759;0.1;False;ok;3;1;1.070;
2427;-7.168057005;38.31713759;0.1;False;ok;2;1;1.113;
2428;-6.868057005;38.31713759;0.1;False;ok;15;1;1.200;
2429;-6.768057005;38.31713759;0.1;False;ok;2;1;1.120;
2430;-6.668057005;38.31713759;0.1;False;ok;0;1;1.967;
2431;-6.468057005;38.31713759;0.1;False;ok;4;1;1.203;
2432;-6.368057005;38.31713759;0.1;False;ok;3;1;1.189;
2433;-6.068057005;38.31713759;0.1;False;ok;2;1;1.260;
2434;-5.968057005;38.31713759;0.1;False;ok;0;1;2.030;
2435;-5.068057005;38.31713759;0.1;False;ok;12;1;1.313;
2436;-4.968057005;38.31713759;0.1;False;ok;4;1;1.326;
2437;-4.868057005;38.31713759;0.1;False;ok;10;1;1.311;
2438;-4.668057005;38.31713759;0.1;False;ok;6;1;1.322;
2439;-4.368057005;38.31713759;0.1;False;ok;7;1;1.354;
2440;-3.568057005;38.31713759;0.1;False;ok;12;1;1.343;
2441;-3.468057005;38.31713759;0.1;False;ok;2;1;1.266;
2442;-3.368057005;38.31713759;0.1;False;ok;1;1;1.292;
2443;-2.868057005;38.31713759;0.1;False;ok;7;1;1.312;
2444;-2.768057005;38.31713759;0.1;False;ok;8;1;1.283;
2445;-2.668057005;38.31713759;0.1;False;ok;27;1;1.395;
2446;-2.568057005;38.31713759;0.1;False;ok;6;1;1.324;
2447;-2.468057005;38.31713759;0.1;False;ok;16;1;1.210;
2448;-2.368057005;38.31713759;0.1;False;ok;18;1;1.173;
2449;-7.368057005;38.41713759;0.1;True;ok;1;1;1.104;
2450;-6.468057005;38.41713759;0.1;False;ok;30;1;1.126;
2451;-6.368057005;38.41713759;0.1;False;ok;0;1;1.768;
2452;-6.268057005;38.41713759;0.1;False;ok;2;1;1.099;
2453;-5.168057005;38.41713759;0.1;False;ok;5;1;1.013;
2454;-4.768057005;38.41713759;0.1;False;ok;1;1;1.025;
2455;-4.368057005;38.41713759;0.1;False;ok;1;1;1.002;
2456;-3.568057005;38.41713759;0.1;False;ok;1;1;1.090;
2457;-2.768057005;38.41713759;0.1;False;ok;0;1;2.060;
2458;-2.668057005;38.41713759;0.1;False;ok;2;1;1.266;
2459;-2.568057005;38.41713759;0.1;False;ok;10;1;1.349;
2460;-2.468057005;38.41713759;0.1;False;ok;75;1;1.491;
2461;-2.368057005;38.41713759;0.1;False;ok;6;1;1.487;
2462;-7.068057005;38.51713759;0.1;False;ok;0;1;2.185;
2463;-6.868057005;38.51713759;0.1;False;ok;4;1;1.423;
2464;-6.668057005;38.51713759;0.1;False;ok;3;1;1.362;
2465;-6.568057005;38.51713759;0.1;False;ok;1;1;1.467;
2466;-6.368057005;38.51713759;0.1;False;ok;10;1;1.438;
2467;-6.268057005;38.51713759;0.1;False;ok;3;1;1.391;
2468;-6.068057005;38.51713759;0.1;False;ok;3;1;1.361;
2469;-4.568057005;38.51713759;0.1;False;ok;0;1;2.153;
2470;-4.168057005;38.51713759;0.1;False;ok;1;1;1.332;
2471;-3.468057005;38.51713759;0.1;False;ok;3;1;1.211;
2472;-3.368057005;38.51713759;0.1;False;ok;0;1;1.984;
2473;-3.068057005;38.51713759;0.1;False;ok;1;1;1.227;
2474;-2.868057005;38.51713759;0.1;False;ok;0;1;1.897;
2475;-2.668057005;38.51713759;0.1;False;ok;1;1;1.048;
2476;-2.568057005;38.51713759;0.1;False;ok;4;1;0.892;
2477;-2.468057005;38.51713759;0.1;False;ok;1;1;0.772;
2478;-2.368057005;38.51713759;0.1;False;ok;2;1;0.775;
2479;-7.168057005;38.61713759;0.1;False;ok;21;1;0.956;
2480;-7.068057005;38.61713759;0.1;False;ok;3;1;0.911;
2481;-6.568057005;38.61713759;0.1;False;ok;1;1;0.905;
2482;-6.468057005;38.61713759;0.1;False;ok;12;1;1.018;
2483;-6.168057005;38.61713759;0.1;False;ok;1;1;1.138;
2484;-5.668057005;38.61713759;0.1;False;ok;4;1;1.088;
2485;-5.268057005;38.61713759;0.1;False;ok;3;1;1.032;
2486;-4.368057005;38.61713759;0.1;False;ok;2;1;1.095;
2487;-4.268057005;38.61713759;0.1;False;ok;3;1;1.105;
2488;-4.168057005;38.61713759;0.1;False;ok;15;1;1.199;
2489;-3.868057005;38.61713759;0.1;False;ok;4;1;1.072;
2490;-3.568057005;38.61713759;0.1;False;ok;2;1;1.189;
2491;-3.468057005;38.61713759;0.1;False;ok;5;1;1.133;
2492;-3.368057005;38.61713759;0.1;False;ok;3;1;1.198;
2493;-3.168057005;38.61713759;0.1;False;ok;1;1;1.166;
2494;-3.068057005;38.61713759;0.1;False;ok;0;1;1.908;
2495;-2.868057005;38.61713759;0.1;False;ok;4;1;1.285;
2496;-2.768057005;38.61713759;0.1;False;ok;2;1;1.432;
2497;-2.668057005;38.61713759;0.1;False;ok;1;1;1.378;
2498;-2.568057005;38.61713759;0.1;False;ok;14;1;1.363;
2499;-2.468057005;38.61713759;0.1;False;ok;0;1;2.075;
2500;-2.368057005;38.61713759;0.1;False;ok;2;1;1.392;
2501;-6.968057005;38.71713759;0.1;False;ok;2;1;1.312;
2502;-6.468057005;38.71713759;0.1;False;ok;2;1;1.403;
2503;-6.268057005;38.71713759;0.1;False;ok;7;1;1.382;
2504;-5.668057005;38.71713759;0.1;False;ok;0;1;2.077;
2505;-4.968057005;38.71713759;0.1;False;ok;2;1;1.335;
2506;-4.868057005;38.71713759;0.1;False;ok;5;1;1.448;
2507;-4.168057005;38.71713759;0.1;False;ok;4;1;1.391;
2508;-3.768057005;38.71713759;0.1;False;ok;2;1;1.290;
2509;-3.468057005;38.71713759;0.1;False;ok;18;1;1.333;
2510;-3.368057005;38.71713759;0.1;False;ok;2;1;1.207;
2511;-3.068057005;38.71713759;0.1;False;ok;24;1;1.235;
2512;-2.968057005;38.71713759;0.1;False;ok;4;1;1.156;
2513;-2.768057005;38.71713759;0.1;False;ok;1;1;1.142;
2514;-2.668057005;38.71713759;0.1;False;ok;1;1;0.939;
2515;-2.468057005;38.71713759;0.1;False;ok;2;1;0.956;
2516;-7.068057005;38.81713759;0.1;False;ok;44;1;1.133;
2517;-6.968057005;38.81713759;0.1;False;ok;11;1;1.031;
2518;-6.768057005;38.81713759;0.1;False;ok;3;1;0.971;
2519;-6.668057005;38.81713759;0.1;False;ok;7;1;1.098;
2520;-6.568057005;38.81713759;0.1;False;ok;0;1;1.826;
2521;-6.468057005;38.81713759;0.1;False;ok;7;1;1.185;
2522;-6.368057005;38.81713759;0.1;False;ok;75;1;1.427;
2523;-6.268057005;38.81713759;0.1;False;ok;7;1;1.176;
2524;-5.868057005;38.81713759;0.1;False;ok;0;1;2.083;
2525;-5.768057005;38.81713759;0.1;False;ok;1;1;1.328;
2526;-5.468057005;38.81713759;0.1;False;ok;4;1;1.349;
2527;-4.168057005;38.81713759;0.1;False;ok;3;1;1.332;
2528;-3.968057005;38.81713759;0.1;False;ok;1;1;1.252;
2529;-3.768057005;38.81713759;0.1;False;ok;74;1;1.561;
2530;-3.668057005;38.81713759;0.1;False;ok;6;1;1.408;
2531;-3.268057005;38.81713759;0.1;False;ok;6;1;1.342;
2532;-3.168057005;38.81713759;0.1;False;ok;2;1;1.263;
2533;-3.068057005;38.81713759;0.1;False;ok;2;1;1.299;
2534;-6.568057005;38.91713759;0.1;False;ok;3;1;1.194;
2535;-6.468057005;38.91713759;0.1;False;ok;1;1;1.191;
2536;-6.368057005;38.91713759;0.1;False;ok;66;1;1.414;
2537;-6.268057005;38.91713759;0.1;False;ok;5;1;1.181;
2538;-6.068057005;38.91713759;0.1;False;ok;5;1;1.097;
2539;-5.968057005;38.91713759;0.1;False;ok;8;1;1.156;
2540;-5.868057005;38.91713759;0.1;False;ok;13;1;1.138;
2541;-5.568057005;38.91713759;0.1;False;ok;7;1;1.037;
2542;-5.268057005;38.91713759;0.1;False;ok;4;1;1.050;
2543;-5.068057005;38.91713759;0.1;False;ok;2;1;1.065;
2544;-4.668057005;38.91713759;0.1;False;ok;0;1;1.814;
2545;-3.968057005;38.91713759;0.1;False;ok;30;1;1.255;
2546;-3.468057005;38.91713759;0.1;False;ok;18;1;1.169;
2547;-3.368057005;38.91713759;0.1;False;ok;4;1;1.202;
2548;-3.268057005;38.91713759;0.1;False;ok;6;1;1.350;
2549;-2.968057005;38.91713759;0.1;False;ok;65;1;1.476;
2550;-2.868057005;38.91713759;0.1;False;ok;42;1;1.441;
2551;-2.768057005;38.91713759;0.1;False;ok;14;1;1.363;
2552;-2.568057005;38.91713759;0.1;False;ok;2;1;1.286;
2553;-2.468057005;38.91713759;0.1;False;ok;0;1;2.061;
2554;-6.768057005;39.01713759;0.1;False;ok;1;1;1.293;
2555;-6.668057005;39.01713759;0.1;False;ok;1;1;1.300;
2556;-6.568057005;39.01713759;0.1;False;ok;1;1;1.342;
2557;-6.368057005;39.01713759;0.1;False;ok;6;1;1.248;
2558;-5.968057005;39.01713759;0.1;False;ok;3;1;1.286;
2559;-5.768057005;39.01713759;0.1;False;ok;1;1;1.192;
2560;-5.568057005;39.01713759;0.1;False;ok;2;1;1.197;
2561;-5.468057005;39.01713759;0.1;False;ok;0;1;1.977;
2562;-5.368057005;39.01713759;0.1;False;ok;3;1;1.122;
2563;-5.268057005;39.01713759;0.1;False;ok;0;1;1.846;
2564;-4.668057005;39.01713759;0.1;False;ok;3;1;1.001;
2565;-4.268057005;39.01713759;0.1;False;ok;3;1;0.968;
2566;-4.068057005;39.01713759;0.1;False;ok;5;1;1.063;
2567;-3.968057005;39.01713759;0.1;False;ok;2;1;1.082;
2568;-3.768057005;39.01713759;0.1;False;ok;1;1;1.039;
2569;-3.668057005;39.01713759;0.1;False;ok;18;1;1.106;
2570;-3.468057005;39.01713759;0.1;False;ok;1;1;1.018;
2571;-3.068057005;39.01713759;0.1;False;ok;1;1;1.145;
2572;-2.568057005;39.01713759;0.1;False;ok;3;1;1.221;
2573;-7.268057005;39.11713759;0.1;True;ok;5;1;1.267;
2574;-7.068057005;39.11713759;0.1;False;ok;1;1;1.207;
2575;-6.468057005;39.11713759;0.1;False;ok;3;1;1.300;
2576;-6.368057005;39.11713759;0.1;False;ok;1;1;1.270;
2577;-6.268057005;39.11713759;0.1;False;ok;9;1;1.268;
2578;-6.168057005;39.11713759;0.1;False;ok;1;1;1.612;
2579;-6.068057005;39.11713759;0.1;False;ok;7;1;1.253;
2580;-5.968057005;39.11713759;0.1;False;ok;4;1;1.320;
2581;-5.668057005;39.11713759;0.1;False;ok;2;1;1.265;
2582;-5.168057005;39.11713759;0.1;False;ok;0;1;2.079;
2583;-5.068057005;39.11713759;0.1;False;ok;12;1;1.257;
2584;-4.968057005;39.11713759;0.1;False;ok;1;1;1.265;
2585;-4.368057005;39.11713759;0.1;False;ok;4;1;1.300;
2586;-4.168057005;39.11713759;0.1;False;ok;0;1;2.167;
2587;-4.068057005;39.11713759;0.1;False;ok;3;1;1.448;
2588;-3.968057005;39.11713759;0.1;False;ok;2;1;1.363;
2589;-3.868057005;39.11713759;0.1;False;ok;0;1;2.138;
2590;-3.768057005;39.11713759;0.1;False;ok;0;1;2.079;
2591;-3.568057005;39.11713759;0.1;False;ok;0;1;2.052;
2592;-3.368057005;39.11713759;0.1;False;ok;1;1;1.310;
2593;-3.168057005;39.11713759;0.1;False;ok;20;1;1.434;
2594;-3.068057005;39.11713759;0.1;False;ok;32;1;1.468;
2595;-7.268057005;39.21713759;0.1;False;ok;9;1;1.392;
2596;-7.068057005;39.21713759;0.1;False;ok;6;1;1.370;
2597;-6.968057005;39.21713759;0.1;False;ok;0;1;2.067;
2598;-6.368057005;39.21713759;0.1;False;ok;2;1;1.270;
2599;-6.268057005;39.21713759;0.1;False;ok;1;1;1.152;
2600;-6.168057005;39.21713759;0.1;False;ok;25;1;1.181;
2601;-5.868057005;39.21713759;0.1;False;ok;2;1;1.018;
2602;-5.768057005;39.21713759;0.1;False;ok;1;1;0.982;
2603;-5.268057005;39.21713759;0.1;False;ok;2;1;0.865;
2604;-5.168057005;39.21713759;0.1;False;ok;2;1;0.906;
2605;-4.568057005;39.21713759;0.1;False;ok;2;1;0.710;
2606;-4.368057005;39.21713759;0.1;False;ok;5;1;0.709;
2607;-4.068057005;39.21713759;0.1;False;ok;1;1;0.605;
2608;-3.968057005;39.21713759;0.1;False;ok;1;1;0.587;
2609;-3.868057005;39.21713759;0.1;False;ok;2;1;0.793;
2610;-3.668057005;39.21713759;0.1;False;ok;4;1;1.087;
2611;-3.468057005;39.21713759;0.1;False;ok;4;1;1.063;
2612;-3.368057005;39.21713759;0.1;False;ok;0;1;1.862;
2613;-3.168057005;39.21713759;0.1;False;ok;2;1;1.174;
2614;-2.868057005;39.21713759;0.1;False;ok;5;1;1.239;
2615;-2.668057005;39.21713759;0.1;False;ok;8;1;1.229;
2616;-2.568057005;39.21713759;0.1;False;ok;3;1;1.367;
2617;-2.468057005;39.21713759;0.1;False;ok;3;1;1.354;
2618;-2.368057005;39.21713759;0.1;False;ok;2;1;1.229;
2619;-7.368057005;39.31713759;0.1;True;ok;9;1;1.523;
2620;-7.268057005;39.31713759;0.1;False;ok;9;1;1.386;
2621;-7.168057005;39.31713759;0.1;False;ok;6;1;1.381;
2622;-6.368057005;39.31713759;0.1;False;ok;4;1;1.396;
2623;-6.268057005;39.31713759;0.1;False;ok;9;1;1.511;
2624;-6.168057005;39.31713759;0.1;False;ok;1;1;1.326;
2625;-6.068057005;39.31713759;0.1;False;ok;5;1;1.443;
2626;-5.868057005;39.31713759;0.1;False;ok;9;1;1.393;
2627;-5.768057005;39.31713759;0.1;False;ok;1;1;1.401;
2628;-5.568057005;39.31713759;0.1;False;ok;3;1;1.153;
2629;-5.468057005;39.31713759;0.1;False;ok;10;1;1.190;
2630;-5.368057005;39.31713759;0.1;False;ok;2;1;1.085;
2631;-5.068057005;39.31713759;0.1;False;ok;1;1;0.947;
2632;-3.968057005;39.31713759;0.1;False;ok;0;1;1.782;
2633;-3.768057005;39.31713759;0.1;False;ok;5;1;1.031;
2634;-3.568057005;39.31713759;0.1;False;ok;7;1;1.113;
2635;-3.368057005;39.31713759;0.1;False;ok;19;1;1.120;
2636;-3.268057005;39.31713759;0.1;False;ok;14;1;1.203;
2637;-3.168057005;39.31713759;0.1;False;ok;16;1;1.183;
2638;-3.068057005;39.31713759;0.1;False;ok;1;1;1.311;
2639;-2.968057005;39.31713759;0.1;False;ok;2;1;1.312;
2640;-2.768057005;39.31713759;0.1;False;ok;2;1;1.335;
2641;-2.668057005;39.31713759;0.1;False;ok;2;1;1.346;
2642;-2.568057005;39.31713759;0.1;False;ok;1;1;1.421;
2643;-2.468057005;39.31713759;0.1;False;ok;9;1;1.385;
2644;-2.368057005;39.31713759;0.1;False;ok;7;1;1.481;
2645;-6.768057005;39.41713759;0.1;False;ok;2;1;1.467;
2646;-6.668057005;39.41713759;0.1;False;ok;4;1;1.427;
2647;-6.568057005;39.41713759;0.1;False;ok;10;1;1.424;
2648;-6.468057005;39.41713759;0.05;False;ok;1;1;1.401;
2649;-6.418057005;39.41713759;0.05;False;ok;4;1;1.353;
2650;-6.418057005;39.46713759;0.025;False;ok;2;1;1.497;
2651;-6.393057005;39.46713759;0.0125;False;ok;7;1;1.301;
2652;-6.380557005;39.46713759;0.00625;False;ok;13;1;1.247;
2653;-6.374307005;39.46713759;0.00625;False;ok;50;1;1.330;
2654;-6.380557005;39.47338759;0.00625;False;ok;18;1;1.131;
2655;-6.374307005;39.47338759;0.00625;False;ok;75;1;1.271;
2656;-6.380557005;39.47963759;0.0125;False;ok;2;1;0.969;
2657;-6.368057005;39.41713759;0.1;False;ok;13;1;1.225;
2658;-6.168057005;39.41713759;0.1;False;ok;3;1;1.177;
2659;-6.068057005;39.41713759;0.1;False;ok;1;1;1.135;
2660;-5.968057005;39.41713759;0.1;False;ok;63;1;1.381;
2661;-5.868057005;39.41713759;0.1;False;ok;1;1;1.173;
2662;-5.768057005;39.41713759;0.1;False;ok;1;1;1.349;
2663;-5.468057005;39.41713759;0.1;False;ok;2;1;1.263;
2664;-5.368057005;39.41713759;0.1;False;ok;22;1;1.453;
2665;-5.268057005;39.41713759;0.1;False;ok;4;1;1.358;
2666;-4.568057005;39.41713759;0.1;False;ok;7;1;1.388;
2667;-4.468057005;39.41713759;0.1;False;ok;5;1;1.464;
2668;-3.968057005;39.41713759;0.1;False;ok;1;1;1.372;
2669;-3.768057005;39.41713759;0.1;False;ok;1;1;1.343;
2670;-3.668057005;39.41713759;0.1;False;ok;26;1;1.509;
2671;-3.568057005;39.41713759;0.1;False;ok;9;1;1.499;
2672;-3.468057005;39.41713759;0.1;False;ok;5;1;1.370;
2673;-3.368057005;39.41713759;0.1;False;ok;4;1;1.413;
2674;-3.068057005;39.41713759;0.1;False;ok;7;1;1.348;
2675;-2.968057005;39.41713759;0.1;False;ok;17;1;1.374;
2676;-2.768057005;39.41713759;0.1;False;ok;2;1;1.226;
2677;-2.368057005;39.41713759;0.1;False;ok;2;1;1.230;
2678;-7.268057005;39.51713759;0.1;False;ok;0;1;1.897;
2679;-7.068057005;39.51713759;0.1;False;ok;2;1;1.173;
2680;-6.768057005;39.51713759;0.1;False;ok;2;1;1.110;
2681;-6.568057005;39.51713759;0.1;False;ok;1;1;1.320;
2682;-6.468057005;39.51713759;0.1;False;ok;7;1;1.169;
2683;-5.968057005;39.51713759;0.1;False;ok;4;1;1.215;
2684;-5.568057005;39.51713759;0.1;False;ok;4;1;1.401;
2685;-5.368057005;39.51713759;0.1;False;ok;1;1;1.298;
2686;-5.168057005;39.51713759;0.1;False;ok;2;1;1.263;
2687;-4.768057005;39.51713759;0.1;False;ok;1;1;1.192;
2688;-4.568057005;39.51713759;0.1;False;ok;3;1;1.313;
2689;-4.368057005;39.51713759;0.1;False;ok;11;1;1.341;
2690;-4.268057005;39.51713759;0.1;False;ok;5;1;1.331;
2691;-4.068057005;39.51713759;0.1;False;ok;0;1;2.038;
2692;-3.968057005;39.51713759;0.1;False;ok;7;1;1.355;
2693;-3.568057005;39.51713759;0.1;False;ok;1;1;1.274;
2694;-3.368057005;39.51713759;0.1;False;ok;4;1;1.308;
2695;-3.168057005;39.51713759;0.1;False;ok;4;1;1.300;
2696;-3.068057005;39.51713759;0.1;False;ok;3;1;1.253;
2697;-2.868057005;39.51713759;0.1;False;ok;1;1;1.259;
2698;-2.768057005;39.51713759;0.1;False;ok;23;1;1.330;
2699;-2.668057005;39.51713759;0.1;False;ok;1;1;1.224;
2700;-2.468057005;39.51713759;0.1;False;ok;1;1;1.201;
2701;-2.368057005;39.51713759;0.1;False;ok;1;1;1.168;
2702;-7.368057005;39.61713759;0.1;False;ok;0;1;1.908;
2703;-6.968057005;39.61713759;0.1;False;ok;3;1;1.185;
2704;-6.868057005;39.61713759;0.1;False;ok;3;1;1.293;
2705;-6.668057005;39.61713759;0.1;False;ok;1;1;1.174;
2706;-6.568057005;39.61713759;0.1;False;ok;3;1;1.296;
2707;-6.368057005;39.61713759;0.1;False;ok;4;1;1.313;
2708;-5.868057005;39.61713759;0.1;False;ok;1;1;1.224;
2709;-5.568057005;39.61713759;0.1;False;ok;1;1;1.263;
2710;-5.468057005;39.61713759;0.1;False;ok;2;1;1.313;
2711;-5.268057005;39.61713759;0.1;False;ok;4;1;1.355;
2712;-5.168057005;39.61713759;0.1;False;ok;1;1;1.299;
2713;-4.868057005;39.61713759;0.1;False;ok;0;1;2.143;
2714;-4.668057005;39.61713759;0.1;False;ok;14;1;1.481;
2715;-4.568057005;39.61713759;0.1;False;ok;9;1;1.373;
2716;-4.368057005;39.61713759;0.1;False;ok;14;1;1.341;
2717;-4.268057005;39.61713759;0.1;False;ok;12;1;1.366;
2718;-4.168057005;39.61713759;0.1;False;ok;7;1;1.307;
2719;-4.068057005;39.61713759;0.1;False;ok;11;1;1.240;
2720;-3.968057005;39.61713759;0.1;False;ok;14;1;1.294;
2721;-3.868057005;39.61713759;0.1;False;ok;6;1;1.253;
2722;-3.768057005;39.61713759;0.1;False;ok;1;1;1.190;
2723;-3.568057005;39.61713759;0.1;False;ok;3;1;2.255;
2724;-3.368057005;39.61713759;0.1;False;ok;4;1;1.360;
2725;-3.268057005;39.61713759;0.1;False;ok;1;1;1.230;
2726;-2.768057005;39.61713759;0.1;False;ok;2;1;1.234;
2727;-2.468057005;39.61713759;0.1;False;ok;2;1;1.242;
2728;-2.368057005;39.61713759;0.1;False;ok;1;1;1.168;
2729;-6.968057005;39.71713759;0.1;False;ok;3;1;1.203;
2730;-6.868057005;39.71713759;0.1;False;ok;1;1;1.261;
2731;-6.668057005;39.71713759;0.1;False;ok;1;1;1.232;
2732;-6.468057005;39.71713759;0.1;False;ok;3;1;1.313;
2733;-6.068057005;39.71713759;0.1;False;ok;24;1;1.353;
2734;-5.368057005;39.71713759;0.1;False;ok;1;1;1.279;
2735;-5.268057005;39.71713759;0.1;False;ok;3;1;1.313;
2736;-4.168057005;39.71713759;0.1;False;ok;29;1;1.476;
2737;-4.068057005;39.71713759;0.1;False;ok;42;1;1.397;
2738;-3.968057005;39.71713759;0.1;False;ok;5;1;1.273;
2739;-3.868057005;39.71713759;0.1;False;ok;7;1;1.264;
2740;-3.568057005;39.71713759;0.1;False;ok;10;1;1.341;
2741;-3.368057005;39.71713759;0.1;False;ok;4;1;1.240;
2742;-3.268057005;39.71713759;0.1;False;ok;1;1;1.206;
2743;-3.168057005;39.71713759;0.1;False;ok;1;1;1.171;
2744;-2.868057005;39.71713759;0.1;False;ok;0;1;1.997;
2745;-2.568057005;39.71713759;0.1;False;ok;1;1;1.175;
2746;-2.468057005;39.71713759;0.1;False;ok;1;1;1.272;
2747;-6.868057005;39.81713759;0.1;False;ok;3;1;1.278;
2748;-6.768057005;39.81713759;0.1;False;ok;0;1;1.973;
2749;-6.468057005;39.81713759;0.1;False;ok;6;1;1.241;
2750;-6.368057005;39.81713759;0.1;False;ok;2;1;1.223;
2751;-6.168057005;39.81713759;0.1;False;ok;4;1;1.207;
2752;-6.068057005;39.81713759;0.1;False;ok;3;1;1.273;
2753;-5.968057005;39.81713759;0.1;False;ok;1;1;1.272;
2754;-5.868057005;39.81713759;0.1;False;ok;1;1;1.282;
2755;-5.768057005;39.81713759;0.1;False;ok;2;1;1.338;
2756;-5.668057005;39.81713759;0.1;False;ok;3;1;1.372;
2757;-5.468057005;39.81713759;0.1;False;ok;1;1;1.309;
2758;-5.268057005;39.81713759;0.1;False;ok;6;1;1.320;
2759;-5.168057005;39.81713759;0.1;False;ok;1;1;1.346;
2760;-5.068057005;39.81713759;0.1;False;ok;1;1;1.260;
2761;-4.968057005;39.81713759;0.1;False;ok;3;1;1.304;
2762;-4.768057005;39.81713759;0.1;False;ok;6;1;1.333;
2763;-4.568057005;39.81713759;0.1;False;ok;1;1;1.207;
2764;-4.368057005;39.81713759;0.1;False;ok;11;1;1.281;
2765;-4.268057005;39.81713759;0.1;False;ok;6;1;1.244;
2766;-4.043057005;39.81713759;0.025;False;ok;2;1;1.255;
2767;-4.068057005;39.84213759;0.025;False;ok;3;1;1.150;
2768;-4.043057005;39.84213759;0.0125;False;ok;11;1;1.237;
2769;-4.030557005;39.84213759;0.0125;False;ok;49;1;1.275;
2770;-4.043057005;39.85463759;0.0125;False;ok;32;1;1.237;
2771;-4.030557005;39.85463759;0.00625;False;ok;75;1;1.507;
2772;-4.024307005;39.85463759;0.003125;False;ok;75;1;1.520;
2773;-4.021182005;39.85463759;0.003125;False;ok;22;1;1.421;
2774;-4.024307005;39.85776259;0.003125;False;ok;75;1;1.628;
2775;-4.021182005;39.85776259;0.003125;False;ok;23;1;1.458;
2776;-4.030557005;39.86088759;0.00625;False;ok;23;1;1.445;
2777;-4.024307005;39.86088759;0.00625;False;ok;41;1;1.545;
2778;-4.018057005;39.81713759;0.05;False;ok;13;1;1.376;
2779;-4.068057005;39.86713759;0.05;False;ok;30;1;1.594;
2780;-4.018057005;39.86713759;0.05;False;ok;5;1;1.392;
2781;-3.968057005;39.81713759;0.1;False;ok;13;1;1.464;
2782;-3.668057005;39.81713759;0.1;False;ok;2;1;1.380;
2783;-3.568057005;39.81713759;0.1;False;ok;4;1;1.257;
2784;-3.168057005;39.81713759;0.1;False;ok;0;1;2.139;
2785;-3.068057005;39.81713759;0.1;False;ok;3;1;1.250;
2786;-2.668057005;39.81713759;0.1;False;ok;1;1;1.291;
2787;-2.568057005;39.81713759;0.1;False;ok;1;1;1.178;
2788;-6.668057005;39.91713759;0.1;False;ok;0;1;1.814;
2789;-6.568057005;39.91713759;0.1;False;ok;8;1;1.059;
2790;-6.368057005;39.91713759;0.1;False;ok;7;1;0.939;
2791;-6.168057005;39.91713759;0.1;False;ok;7;1;0.736;
2792;-6.068057005;39.91713759;0.1;False;ok;11;1;0.770;
2793;-5.968057005;39.91713759;0.1;False;ok;2;1;0.974;
2794;-5.768057005;39.91713759;0.1;False;ok;3;1;1.194;
2795;-5.668057005;39.91713759;0.1;False;ok;11;1;1.197;
2796;-5.468057005;39.91713759;0.1;False;ok;1;1;1.144;
2797;-5.268057005;39.91713759;0.1;False;ok;11;1;1.311;
2798;-5.168057005;39.91713759;0.1;False;ok;2;1;1.360;
2799;-4.968057005;39.91713759;0.1;False;ok;8;1;1.320;
2800;-4.868057005;39.91713759;0.1;False;ok;43;1;1.390;
2801;-4.768057005;39.91713759;0.1;False;ok;12;1;1.410;
2802;-4.668057005;39.91713759;0.1;False;ok;1;1;1.440;
2803;-4.568057005;39.91713759;0.1;False;ok;0;1;2.051;
2804;-4.468057005;39.91713759;0.1;False;ok;3;1;1.270;
2805;-4.368057005;39.91713759;0.1;False;ok;7;1;1.459;
2806;-4.168057005;39.91713759;0.1;False;ok;4;1;1.383;
2807;-4.068057005;39.91713759;0.1;False;ok;7;1;1.325;
2808;-3.968057005;39.91713759;0.1;False;ok;11;1;1.325;
2809;-3.768057005;39.91713759;0.1;False;ok;1;1;1.329;
2810;-3.668057005;39.91713759;0.1;False;ok;0;1;2.005;
2811;-3.568057005;39.91713759;0.1;False;ok;7;1;1.076;
2812;-3.468057005;39.91713759;0.1;False;ok;3;1;1.058;
2813;-3.368057005;39.91713759;0.1;False;ok;1;1;1.055;
2814;-3.268057005;39.91713759;0.1;False;ok;5;1;1.034;
2815;-3.068057005;39.91713759;0.1;False;ok;5;1;1.036;
2816;-2.968057005;39.91713759;0.1;False;ok;2;1;1.043;
2817;-2.868057005;39.91713759;0.1;False;ok;5;1;1.028;
2818;-2.368057005;39.91713759;0.1;False;ok;0;1;1.881;
2819;-6.868057005;40.01713759;0.1;False;ok;0;1;2.004;
2820;-6.668057005;40.01713759;0.1;False;ok;10;1;1.168;
2821;-6.268057005;40.01713759;0.1;False;ok;5;1;1.261;
2822;-6.168057005;40.01713759;0.1;False;ok;71;1;1.444;
2823;-5.968057005;40.01713759;0.1;False;ok;13;1;1.286;
2824;-5.868057005;40.01713759;0.1;False;ok;19;1;1.303;
2825;-5.768057005;40.01713759;0.1;False;ok;49;1;1.422;
2826;-5.668057005;40.01713759;0.1;False;ok;4;1;1.360;
2827;-5.568057005;40.01713759;0.1;False;ok;3;1;1.323;
2828;-5.468057005;40.01713759;0.1;False;ok;2;1;1.275;
2829;-5.268057005;40.01713759;0.1;False;ok;2;1;1.239;
2830;-5.168057005;40.01713759;0.1;False;ok;6;1;1.161;
2831;-5.068057005;40.01713759;0.1;False;ok;3;1;1.207;
2832;-4.968057005;40.01713759;0.1;False;ok;3;1;1.117;
2833;-4.868057005;40.01713759;0.1;False;ok;13;1;1.090;
2834;-4.768057005;40.01713759;0.1;False;ok;12;1;1.131;
2835;-4.668057005;40.01713759;0.1;False;ok;8;1;1.072;
2836;-4.568057005;40.01713759;0.1;False;ok;4;1;1.006;
2837;-4.468057005;40.01713759;0.1;False;ok;5;1;0.863;
2838;-4.368057005;40.01713759;0.1;False;ok;4;1;0.841;
2839;-4.268057005;40.01713759;0.1;False;ok;16;1;0.846;
2840;-4.068057005;40.01713759;0.1;False;ok;2;1;0.862;
2841;-3.968057005;40.01713759;0.1;False;ok;9;1;0.927;
2842;-3.868057005;40.01713759;0.1;False;ok;3;1;0.988;
2843;-3.768057005;40.01713759;0.1;False;ok;3;1;1.100;
2844;-3.668057005;40.01713759;0.1;False;ok;23;1;1.235;
2845;-3.468057005;40.01713759;0.1;False;ok;10;1;1.121;
2846;-2.968057005;40.01713759;0.1;False;ok;2;1;1.235;
2847;-2.768057005;40.01713759;0.1;False;ok;4;1;1.351;
2848;-2.668057005;40.01713759;0.1;False;ok;1;1;1.279;
2849;-2.468057005;40.01713759;0.1;False;ok;1;1;1.384;
2850;-2.368057005;40.01713759;0.1;False;ok;1;1;1.356;
2851;-6.968057005;40.11713759;0.1;False;ok;4;1;1.340;
2852;-6.868057005;40.11713759;0.1;False;ok;35;1;1.481;
2853;-6.768057005;40.11713759;0.1;False;ok;20;1;1.404;
2854;-6.668057005;40.11713759;0.1;False;ok;2;1;1.374;
2855;-6.568057005;40.11713759;0.1;False;ok;3;1;1.374;
2856;-6.168057005;40.11713759;0.1;False;ok;4;1;1.343;
2857;-6.068057005;40.11713759;0.1;False;ok;13;1;1.431;
2858;-5.968057005;40.11713759;0.1;False;ok;33;1;1.429;
2859;-5.868057005;40.11713759;0.1;False;ok;63;1;1.425;
2860;-5.768057005;40.11713759;0.1;False;ok;11;1;1.258;
2861;-5.668057005;40.11713759;0.1;False;ok;62;1;1.339;
2862;-5.568057005;40.11713759;0.1;False;ok;10;1;1.094;
2863;-5.468057005;40.11713759;0.1;False;ok;31;1;1.183;
2864;-5.368057005;40.11713759;0.1;False;ok;36;1;1.103;
2865;-5.268057005;40.11713759;0.1;False;ok;74;1;1.180;
2866;-5.168057005;40.11713759;0.1;False;ok;74;1;2.402;
2867;-4.968057005;40.11713759;0.1;False;ok;13;1;1.084;
2868;-4.868057005;40.11713759;0.1;False;ok;2;1;1.036;
2869;-4.768057005;40.11713759;0.1;False;ok;7;1;1.171;
2870;-4.668057005;40.11713759;0.1;False;ok;2;1;1.097;
2871;-4.468057005;40.11713759;0.1;False;ok;8;1;1.183;
2872;-4.168057005;40.11713759;0.1;False;ok;1;1;1.232;
2873;-4.068057005;40.11713759;0.1;False;ok;3;1;1.251;
2874;-3.968057005;40.11713759;0.1;False;ok;4;1;1.398;
2875;-3.868057005;40.11713759;0.1;False;ok;8;1;1.340;
2876;-3.768057005;40.11713759;0.1;False;ok;13;1;1.416;
2877;-3.668057005;40.11713759;0.1;False;ok;30;1;1.301;
2878;-3.568057005;40.11713759;0.1;False;ok;1;1;1.247;
2879;-3.468057005;40.11713759;0.1;False;ok;37;1;1.376;
2880;-3.368057005;40.11713759;0.1;False;ok;9;1;1.230;
2881;-3.168057005;40.11713759;0.1;False;ok;11;1;1.259;
2882;-3.068057005;40.11713759;0.1;False;ok;2;1;2.442;
2883;-2.768057005;40.11713759;0.1;False;ok;2;1;1.193;
2884;-2.568057005;40.11713759;0.1;False;ok;1;1;1.099;
2885;-6.968057005;40.21713759;0.1;True;ok;3;1;1.106;
2886;-6.868057005;40.21713759;0.1;False;ok;3;1;1.047;
2887;-6.768057005;40.21713759;0.1;False;ok;1;1;1.018;
2888;-6.668057005;40.21713759;0.1;False;ok;25;1;1.058;
2889;-6.568057005;40.21713759;0.1;False;ok;4;1;0.980;
2890;-6.468057005;40.21713759;0.1;False;ok;6;1;1.087;
2891;-6.368057005;40.21713759;0.1;False;ok;9;1;1.000;
2892;-6.268057005;40.21713759;0.1;False;ok;5;1;0.979;
2893;-6.168057005;40.21713759;0.1;False;ok;0;1;1.787;
2894;-6.068057005;40.21713759;0.1;False;ok;11;1;1.049;
2895;-5.968057005;40.21713759;0.1;False;ok;17;1;1.124;
2896;-5.868057005;40.21713759;0.1;False;ok;57;1;1.243;
2897;-5.768057005;40.21713759;0.1;False;ok;21;1;1.141;
2898;-5.668057005;40.21713759;0.1;False;ok;25;1;1.208;
2899;-5.568057005;40.21713759;0.1;False;ok;16;1;1.144;
2900;-5.168057005;40.21713759;0.1;False;ok;36;1;1.185;
2901;-5.068057005;40.21713759;0.1;False;ok;38;1;1.306;
2902;-4.968057005;40.21713759;0.1;False;ok;13;1;1.284;
2903;-4.868057005;40.21713759;0.1;False;ok;24;1;1.191;
2904;-4.768057005;40.21713759;0.1;False;ok;22;1;1.299;
2905;-4.668057005;40.21713759;0.1;False;ok;49;1;1.316;
2906;-4.568057005;40.21713759;0.1;False;ok;4;1;1.066;
2907;-4.468057005;40.21713759;0.1;False;ok;14;1;1.134;
2908;-4.368057005;40.21713759;0.1;False;ok;1;1;1.113;
2909;-4.268057005;40.21713759;0.1;False;ok;11;1;1.140;
2910;-4.068057005;40.21713759;0.1;False;ok;11;1;1.127;
2911;-3.968057005;40.21713759;0.1;False;ok;10;1;1.146;
2912;-3.868057005;40.21713759;0.1;False;ok;29;1;0.989;
2913;-3.768057005;40.21713759;0.1;False;ok;38;1;0.970;
2914;-3.668057005;40.21713759;0.1;False;ok;1;1;0.783;
2915;-3.568057005;40.21713759;0.1;False;ok;3;1;0.806;
2916;-3.468057005;40.21713759;0.1;False;ok;9;1;0.899;
2917;-3.368057005;40.21713759;0.1;False;ok;5;1;0.886;
2918;-3.268057005;40.21713759;0.1;False;ok;2;1;0.929;
2919;-3.068057005;40.21713759;0.1;False;ok;4;1;1.212;
2920;-2.968057005;40.21713759;0.1;False;ok;1;1;1.152;
2921;-2.868057005;40.21713759;0.1;False;ok;8;1;1.225;
2922;-2.368057005;40.21713759;0.1;False;ok;2;1;1.369;
2923;-6.568057005;40.31713759;0.1;False;ok;13;1;1.425;
2924;-6.468057005;40.31713759;0.1;False;ok;4;1;1.333;
2925;-6.368057005;40.31713759;0.1;False;ok;9;1;1.408;
2926;-6.268057005;40.31713759;0.1;False;ok;8;1;1.310;
2927;-6.068057005;40.31713759;0.1;False;ok;1;1;1.319;
2928;-5.968057005;40.31713759;0.1;False;ok;5;1;1.329;
2929;-5.868057005;40.31713759;0.1;False;ok;44;1;1.483;
2930;-5.768057005;40.31713759;0.1;False;ok;75;1;1.534;
2931;-5.668057005;40.31713759;0.1;False;ok;18;1;1.352;
2932;-5.568057005;40.31713759;0.1;False;ok;32;1;1.433;
2933;-5.468057005;40.31713759;0.1;False;ok;6;1;1.299;
2934;-5.368057005;40.31713759;0.1;False;ok;10;1;1.317;
2935;-5.268057005;40.31713759;0.1;False;ok;34;1;1.353;
2936;-5.168057005;40.31713759;0.1;False;ok;41;1;1.257;
2937;-5.068057005;40.31713759;0.1;False;ok;14;1;1.283;
2938;-4.968057005;40.31713759;0.1;False;ok;11;1;1.114;
2939;-4.868057005;40.31713759;0.1;False;ok;18;1;0.934;
2940;-4.768057005;40.31713759;0.1;False;ok;46;1;1.014;
2941;-4.668057005;40.31713759;0.1;False;ok;10;1;0.912;
2942;-4.568057005;40.31713759;0.1;False;ok;12;1;0.924;
2943;-4.468057005;40.31713759;0.1;False;ok;58;1;1.244;
2944;-4.368057005;40.31713759;0.1;False;ok;15;1;1.082;
2945;-4.268057005;40.31713759;0.1;False;ok;7;1;1.083;
2946;-4.068057005;40.31713759;0.1;False;ok;8;1;1.128;
2947;-3.968057005;40.31713759;0.1;False;ok;10;1;1.223;
2948;-3.868057005;40.31713759;0.1;False;ok;45;1;1.257;
2949;-3.768057005;40.31713759;0.05;False;ok;12;1;1.350;
2950;-3.718057005;40.31713759;0.05;False;ok;50;1;2.905;
2951;-3.768057005;40.36713759;0.05;False;ok;74;1;1.598;
2952;-3.718057005;40.36713759;0.025;False;ok;74;1;1.554;
2953;-3.693057005;40.36713759;0.025;False;ok;42;1;1.461;
2954;-3.718057005;40.39213759;0.0125;False;ok;54;1;1.508;
2955;-3.705557005;40.39213759;0.0125;False;ok;75;1;1.620;
2956;-3.718057005;40.40463759;0.00625;False;ok;54;1;1.551;
2957;-3.711807005;40.40463759;0.00625;False;ok;74;1;1.559;
2958;-3.718057005;40.41088759;0.00625;False;ok;59;1;1.517;
2959;-3.711807005;40.41088759;0.003125;False;ok;30;1;1.457;
2960;-3.708682005;40.41088759;0.003125;False;ok;73;1;1.550;
2961;-3.711807005;40.41401259;0.003125;False;ok;68;1;1.383;
2962;-3.708682005;40.41401259;0.003125;False;ok;75;1;1.458;
2963;-3.705557005;40.40463759;0.00625;False;ok;75;1;1.274;
2964;-3.699307005;40.40463759;0.00625;False;ok;74;1;1.261;
2965;-3.705557005;40.41088759;0.003125;False;ok;74;1;1.196;
2966;-3.702432005;40.41088759;0.003125;False;ok;73;1;1.063;
2967;-3.705557005;40.41401259;0.003125;False;ok;75;1;1.211;
2968;-3.702432005;40.41401259;0.003125;False;ok;75;1;1.197;
2969;-3.699307005;40.41088759;0.003125;False;ok;62;1;0.854;
2970;-3.696182005;40.41088759;0.003125;False;ok;52;1;0.702;
2971;-3.699307005;40.41401259;0.003125;False;ok;65;1;0.936;
2972;-3.696182005;40.41401259;0.003125;False;ok;11;1;0.848;
2973;-3.693057005;40.39213759;0.025;False;ok;74;1;1.187;
2974;-3.668057005;40.31713759;0.1;False;ok;74;1;1.188;
2975;-3.568057005;40.31713759;0.1;False;ok;29;1;1.105;
2976;-3.468057005;40.31713759;0.1;False;ok;3;1;0.960;
2977;-3.368057005;40.31713759;0.1;False;ok;2;1;1.002;
2978;-3.268057005;40.31713759;0.1;False;ok;7;1;2.555;
2979;-3.168057005;40.31713759;0.1;False;ok;3;1;1.053;
2980;-2.968057005;40.31713759;0.1;False;ok;5;1;2.980;
2981;-2.868057005;40.31713759;0.1;False;ok;0;1;1.882;
2982;-2.768057005;40.31713759;0.1;False;ok;11;1;2.645;
2983;-2.468057005;40.31713759;0.1;False;ok;0;1;1.874;
2984;-2.368057005;40.31713759;0.1;False;ok;2;1;1.130;
2985;-6.868057005;40.41713759;0.1;False;ok;1;1;1.189;
2986;-6.768057005;40.41713759;0.1;False;ok;0;1;1.873;
2987;-6.368057005;40.41713759;0.1;False;ok;5;1;1.158;
2988;-6.268057005;40.41713759;0.1;False;ok;3;1;1.144;
2989;-6.168057005;40.41713759;0.1;False;ok;37;1;1.177;
2990;-6.068057005;40.41713759;0.1;False;ok;60;1;1.192;
2991;-5.968057005;40.41713759;0.1;False;ok;10;1;1.118;
2992;-5.868057005;40.41713759;0.1;False;ok;4;1;1.044;
2993;-5.768057005;40.41713759;0.1;False;ok;7;1;0.970;
2994;-5.668057005;40.41713759;0.1;False;ok;4;1;2.331;
2995;-5.568057005;40.41713759;0.1;False;ok;3;1;0.937;
2996;-5.468057005;40.41713759;0.1;False;ok;12;1;0.894;
2997;-5.368057005;40.41713759;0.1;False;ok;11;1;0.902;
2998;-5.268057005;40.41713759;0.1;False;ok;4;1;0.892;
2999;-5.168057005;40.41713759;0.1;False;ok;11;1;0.793;
3000;-5.068057005;40.41713759;0.1;False;ok;0;1;1.396;
3001;-4.968057005;40.41713759;0.1;False;ok;3;1;0.548;
3002;-4.868057005;40.41713759;0.1;False;ok;5;1;0.659;
3003;-4.768057005;40.41713759;0.1;False;ok;0;1;1.298;
3004;-4.668057005;40.41713759;0.1;False;ok;26;1;0.764;
3005;-4.568057005;40.41713759;0.1;False;ok;12;1;2.225;
3006;-4.468057005;40.41713759;0.1;False;ok;11;1;0.918;
3007;-4.368057005;40.41713759;0.1;False;ok;2;1;0.750;
3008;-4.268057005;40.41713759;0.1;False;ok;13;1;0.851;
3009;-4.168057005;40.41713759;0.1;False;ok;3;1;0.850;
3010;-4.068057005;40.41713759;0.1;False;ok;11;1;0.976;
3011;-3.968057005;40.41713759;0.1;False;ok;17;1;0.999;
3012;-3.868057005;40.41713759;0.1;False;ok;42;1;1.033;
3013;-3.768057005;40.41713759;0.05;False;ok;49;1;1.080;
3014;-3.718057005;40.41713759;0.00625;False;ok;33;1;1.046;
3015;-3.711807005;40.41713759;0.003125;False;ok;32;1;0.945;
3016;-3.708682005;40.41713759;0.003125;False;ok;74;1;2.542;
3017;-3.711807005;40.42026259;0.003125;False;ok;74;1;1.048;
3018;-3.708682005;40.42026259;0.003125;False;ok;75;1;0.953;
3019;-3.718057005;40.42338759;0.00625;False;ok;41;1;0.751;
3020;-3.711807005;40.42338759;0.00625;False;ok;75;1;0.894;
3021;-3.705557005;40.41713759;0.003125;False;ok;75;1;0.977;
3022;-3.702432005;40.41713759;0.003125;False;ok;75;1;0.987;
3023;-3.705557005;40.42026259;0.003125;False;ok;75;1;1.013;
3024;-3.702432005;40.42026259;0.003125;False;ok;75;1;1.100;
3025;-3.699307005;40.41713759;0.003125;False;ok;36;1;1.016;
3026;-3.696182005;40.41713759;0.003125;False;ok;1;1;2.430;
3027;-3.699307005;40.42026259;0.003125;False;ok;74;1;1.114;
3028;-3.696182005;40.42026259;0.003125;False;ok;11;1;1.034;
3029;-3.705557005;40.42338759;0.003125;False;ok;75;1;1.209;
3030;-3.702432005;40.42338759;0.003125;False;ok;56;1;2.504;
3031;-3.705557005;40.42651259;0.003125;False;ok;54;1;1.074;
3032;-3.702432005;40.42651259;0.003125;False;ok;15;1;1.050;
3033;-3.699307005;40.42338759;0.00625;False;ok;58;1;1.105;
3034;-3.718057005;40.42963759;0.0125;False;ok;74;1;1.082;
3035;-3.705557005;40.42963759;0.0125;False;ok;75;1;1.127;
3036;-3.693057005;40.41713759;0.0125;False;ok;75;1;1.120;
3037;-3.680557005;40.41713759;0.0125;False;ok;73;1;1.067;
3038;-3.693057005;40.42963759;0.0125;False;ok;46;1;0.914;
3039;-3.680557005;40.42963759;0.0125;False;ok;75;1;1.042;
3040;-3.718057005;40.44213759;0.0125;False;ok;45;1;0.787;
3041;-3.705557005;40.44213759;0.0125;False;ok;73;1;0.964;
3042;-3.718057005;40.45463759;0.0125;False;ok;20;1;0.822;
3043;-3.705557005;40.45463759;0.0125;False;ok;75;1;0.926;
3044;-3.693057005;40.44213759;0.025;False;ok;73;1;0.995;
3045;-3.768057005;40.46713759;0.05;False;ok;15;1;0.710;
3046;-3.718057005;40.46713759;0.05;False;ok;73;1;1.029;
3047;-3.668057005;40.41713759;0.025;False;ok;75;1;0.970;
3048;-3.643057005;40.41713759;0.025;False;ok;74;1;0.867;
3049;-3.668057005;40.44213759;0.025;False;ok;56;1;2.365;
3050;-3.643057005;40.44213759;0.025;False;ok;19;1;0.834;
3051;-3.618057005;40.41713759;0.05;False;ok;75;1;2.415;
3052;-3.668057005;40.46713759;0.05;False;ok;74;1;1.032;
3053;-3.618057005;40.46713759;0.05;False;ok;55;1;0.878;
3054;-3.568057005;40.41713759;0.1;False;ok;66;1;0.888;
3055;-3.468057005;40.41713759;0.1;False;ok;50;1;0.941;
3056;-3.368057005;40.41713759;0.1;False;ok;66;1;0.953;
3057;-3.268057005;40.41713759;0.1;False;ok;1;1;0.766;
3058;-3.068057005;40.41713759;0.1;False;ok;4;1;0.776;
3059;-2.968057005;40.41713759;0.1;False;ok;14;1;0.871;
3060;-2.868057005;40.41713759;0.1;False;ok;1;1;0.786;
3061;-2.768057005;40.41713759;0.1;False;ok;5;1;0.795;
3062;-2.468057005;40.41713759;0.1;False;ok;2;1;0.727;
3063;-2.368057005;40.41713759;0.1;False;ok;4;1;0.757;
3064;-6.868057005;40.51713759;0.1;True;ok;1;1;0.825;
3065;-6.668057005;40.51713759;0.1;False;ok;1;1;0.700;
3066;-6.568057005;40.51713759;0.1;False;ok;68;1;0.979;
3067;-6.168057005;40.51713759;0.1;False;ok;7;1;0.771;
3068;-6.068057005;40.51713759;0.1;False;ok;12;1;1.066;
3069;-5.968057005;40.51713759;0.1;False;ok;9;1;1.063;
3070;-5.868057005;40.51713759;0.1;False;ok;4;1;1.144;
3071;-5.768057005;40.51713759;0.1;False;ok;2;1;1.160;
3072;-5.668057005;40.51713759;0.1;False;ok;5;1;1.191;
3073;-5.368057005;40.51713759;0.1;False;ok;0;1;1.906;
3074;-5.268057005;40.51713759;0.1;False;ok;2;1;1.205;
3075;-5.168057005;40.51713759;0.1;False;ok;4;1;1.199;
3076;-5.068057005;40.51713759;0.1;False;ok;11;1;1.246;
3077;-4.968057005;40.51713759;0.1;False;ok;21;1;1.306;
3078;-4.868057005;40.51713759;0.1;False;ok;6;1;1.255;
3079;-4.768057005;40.51713759;0.1;False;ok;3;1;1.314;
3080;-4.668057005;40.51713759;0.1;False;ok;1;1;1.196;
3081;-4.568057005;40.51713759;0.1;False;ok;10;1;1.183;
3082;-4.468057005;40.51713759;0.1;False;ok;2;1;1.102;
3083;-4.368057005;40.51713759;0.1;False;ok;25;1;1.123;
3084;-4.268057005;40.51713759;0.1;False;ok;15;1;1.072;
3085;-4.168057005;40.51713759;0.1;False;ok;21;1;1.021;
3086;-4.068057005;40.51713759;0.1;False;ok;14;1;0.798;
3087;-3.968057005;40.51713759;0.1;False;ok;11;1;0.806;
3088;-3.768057005;40.51713759;0.1;False;ok;15;1;0.792;
3089;-3.668057005;40.51713759;0.1;False;ok;75;1;1.189;
3090;-3.568057005;40.51713759;0.1;False;ok;5;1;1.059;
3091;-3.468057005;40.51713759;0.1;False;ok;6;1;1.096;
3092;-3.368057005;40.51713759;0.1;False;ok;5;1;1.121;
3093;-3.268057005;40.51713759;0.1;False;ok;6;1;1.195;
3094;-3.068057005;40.51713759;0.1;False;ok;14;1;1.307;
3095;-2.968057005;40.51713759;0.1;False;ok;3;1;1.364;
3096;-2.768057005;40.51713759;0.1;False;ok;7;1;1.319;
3097;-6.868057005;40.61713759;0.1;True;ok;1;1;1.355;
3098;-6.468057005;40.61713759;0.1;False;ok;4;1;1.330;
3099;-5.968057005;40.61713759;0.1;False;ok;0;1;2.071;
3100;-5.168057005;40.61713759;0.1;False;ok;2;1;1.381;
3101;-5.068057005;40.61713759;0.1;False;ok;5;1;1.305;
3102;-4.868057005;40.61713759;0.1;False;ok;9;1;1.333;
3103;-4.768057005;40.61713759;0.05;False;ok;2;1;1.318;
3104;-4.693057005;40.61713759;0.025;False;ok;1;1;1.198;
3105;-4.718057005;40.64213759;0.025;False;ok;75;1;1.489;
3106;-4.693057005;40.64213759;0.025;False;ok;41;1;1.346;
3107;-4.768057005;40.66713759;0.05;False;ok;6;1;1.204;
3108;-4.718057005;40.66713759;0.05;False;ok;1;1;1.075;
3109;-4.668057005;40.61713759;0.1;False;ok;16;1;2.570;
3110;-4.568057005;40.61713759;0.1;False;ok;1;1;0.923;
3111;-4.368057005;40.61713759;0.1;False;ok;1;1;0.949;
3112;-4.268057005;40.61713759;0.1;False;ok;19;1;1.086;
3113;-4.168057005;40.61713759;0.1;False;ok;20;1;0.984;
3114;-4.068057005;40.61713759;0.1;False;ok;49;1;1.256;
3115;-3.968057005;40.61713759;0.1;False;ok;9;1;1.106;
3116;-3.868057005;40.61713759;0.1;False;ok;4;1;1.120;
3117;-3.768057005;40.61713759;0.1;False;ok;3;1;1.183;
3118;-3.668057005;40.61713759;0.1;False;ok;9;1;1.210;
3119;-3.568057005;40.61713759;0.1;False;ok;6;1;1.257;
3120;-3.468057005;40.61713759;0.1;False;ok;6;1;1.210;
3121;-3.368057005;40.61713759;0.1;False;ok;2;1;1.300;
3122;-3.268057005;40.61713759;0.1;False;ok;8;1;1.292;
3123;-3.168057005;40.61713759;0.1;False;ok;19;1;1.374;
3124;-3.068057005;40.61713759;0.1;False;ok;4;1;1.285;
3125;-2.968057005;40.61713759;0.1;False;ok;1;1;1.259;
3126;-2.768057005;40.61713759;0.1;False;ok;3;1;1.164;
3127;-2.668057005;40.61713759;0.1;False;ok;4;1;1.082;
3128;-6.768057005;40.71713759;0.1;False;ok;0;1;1.908;
3129;-6.368057005;40.71713759;0.1;False;ok;0;1;1.819;
3130;-5.968057005;40.71713759;0.1;False;ok;1;1;0.990;
3131;-5.768057005;40.71713759;0.1;False;ok;4;1;1.029;
3132;-5.668057005;40.71713759;0.1;False;ok;1;1;0.964;
3133;-5.068057005;40.71713759;0.1;False;ok;1;1;0.849;
3134;-4.968057005;40.71713759;0.1;False;ok;2;1;0.861;
3135;-4.768057005;40.71713759;0.1;False;ok;2;1;0.868;
3136;-4.668057005;40.71713759;0.1;False;ok;5;1;0.995;
3137;-4.568057005;40.71713759;0.1;False;ok;4;1;0.985;
3138;-4.468057005;40.71713759;0.1;False;ok;8;1;1.052;
3139;-4.368057005;40.71713759;0.1;False;ok;21;1;1.113;
3140;-4.268057005;40.71713759;0.1;False;ok;31;1;1.200;
3141;-4.168057005;40.71713759;0.1;False;ok;8;1;1.151;
3142;-4.068057005;40.71713759;0.1;False;ok;43;1;1.250;
3143;-3.968057005;40.71713759;0.1;False;ok;16;1;1.235;
3144;-3.868057005;40.71713759;0.1;False;ok;20;1;1.163;
3145;-3.768057005;40.71713759;0.1;False;ok;12;1;1.214;
3146;-3.668057005;40.71713759;0.1;False;ok;15;1;1.221;
3147;-3.568057005;40.71713759;0.1;False;ok;1;1;1.093;
3148;-3.468057005;40.71713759;0.1;False;ok;7;1;1.166;
3149;-3.168057005;40.71713759;0.1;False;ok;4;1;1.076;
3150;-3.068057005;40.71713759;0.1;False;ok;5;1;1.103;
3151;-2.968057005;40.71713759;0.1;False;ok;5;1;1.139;
3152;-2.868057005;40.71713759;0.1;False;ok;7;1;1.170;
3153;-2.768057005;40.71713759;0.1;False;ok;2;1;1.072;
3154;-2.668057005;40.71713759;0.1;False;ok;4;1;1.090;
3155;-2.468057005;40.71713759;0.1;False;ok;1;1;1.110;
3156;-2.368057005;40.71713759;0.1;False;ok;3;1;1.183;
3157;-6.868057005;40.81713759;0.1;True;ok;1;1;1.250;
3158;-6.768057005;40.81713759;0.1;False;ok;4;1;1.181;
3159;-6.668057005;40.81713759;0.1;False;ok;1;1;1.173;
3160;-6.068057005;40.81713759;0.1;False;ok;1;1;1.175;
3161;-5.768057005;40.81713759;0.1;False;ok;0;1;2.028;
3162;-5.668057005;40.81713759;0.1;False;ok;4;1;1.367;
3163;-5.568057005;40.81713759;0.1;False;ok;10;1;1.404;
3164;-5.268057005;40.81713759;0.1;False;ok;5;1;1.435;
3165;-4.868057005;40.81713759;0.1;False;ok;1;1;1.340;
3166;-4.768057005;40.81713759;0.1;False;ok;8;1;1.432;
3167;-4.668057005;40.81713759;0.1;False;ok;12;1;1.415;
3168;-4.568057005;40.81713759;0.1;False;ok;7;1;1.444;
3169;-4.368057005;40.81713759;0.1;False;ok;1;1;1.382;
3170;-4.268057005;40.81713759;0.1;False;ok;27;1;1.379;
3171;-4.168057005;40.81713759;0.1;False;ok;14;1;1.387;
3172;-4.068057005;40.81713759;0.1;False;ok;27;1;1.348;
3173;-3.968057005;40.81713759;0.1;False;ok;29;1;1.367;
3174;-3.768057005;40.81713759;0.1;False;ok;12;1;1.236;
3175;-3.668057005;40.81713759;0.1;False;ok;16;1;1.216;
3176;-3.568057005;40.81713759;0.1;False;ok;20;1;1.103;
3177;-3.468057005;40.81713759;0.1;False;ok;5;1;1.042;
3178;-3.368057005;40.81713759;0.1;False;ok;1;1;0.928;
3179;-3.168057005;40.81713759;0.1;False;ok;6;1;1.037;
3180;-3.068057005;40.81713759;0.1;False;ok;9;1;0.994;
3181;-2.968057005;40.81713759;0.1;False;ok;0;1;1.576;
3182;-2.768057005;40.81713759;0.1;False;ok;2;1;0.879;
3183;-2.568057005;40.81713759;0.1;False;ok;2;1;1.006;
3184;-6.868057005;40.91713759;0.1;False;ok;7;1;1.100;
3185;-6.768057005;40.91713759;0.1;False;ok;10;1;1.083;
3186;-6.468057005;40.91713759;0.1;False;ok;2;1;1.075;
3187;-6.368057005;40.91713759;0.1;False;ok;2;1;1.084;
3188;-5.868057005;40.91713759;0.1;False;ok;2;1;1.098;
3189;-5.768057005;40.91713759;0.1;False;ok;73;1;1.546;
3190;-5.643057005;40.91713759;0.025;False;ok;1;1;1.270;
3191;-5.655557005;40.94213759;0.0125;False;ok;2;1;1.343;
3192;-5.668057005;40.95463759;0.00625;False;ok;26;1;1.412;
3193;-5.661807005;40.95463759;0.00625;False;ok;8;1;1.320;
3194;-5.668057005;40.96088759;0.00625;False;ok;75;1;1.560;
3195;-5.661807005;40.96088759;0.00625;False;ok;37;1;1.494;
3196;-5.655557005;40.95463759;0.0125;False;ok;7;1;1.335;
3197;-5.643057005;40.94213759;0.025;False;ok;9;1;1.368;
3198;-5.618057005;40.91713759;0.05;False;ok;6;1;1.330;
3199;-5.668057005;40.96713759;0.05;False;ok;75;1;1.562;
3200;-5.618057005;40.96713759;0.05;False;ok;1;1;1.268;
3201;-5.568057005;40.91713759;0.1;False;ok;7;1;1.175;
3202;-5.468057005;40.91713759;0.1;False;ok;9;1;1.033;
3203;-4.968057005;40.91713759;0.1;False;ok;6;1;0.973;
3204;-4.868057005;40.91713759;0.1;False;ok;1;1;0.971;
3205;-4.668057005;40.91713759;0.1;False;ok;3;1;0.878;
3206;-4.568057005;40.91713759;0.1;False;ok;0;1;1.688;
3207;-4.368057005;40.91713759;0.1;False;ok;4;1;0.973;
3208;-4.268057005;40.91713759;0.1;False;ok;7;1;0.828;
3209;-4.168057005;40.91713759;0.1;False;ok;74;1;1.198;
3210;-4.068057005;40.91713759;0.1;False;ok;32;1;1.112;
3211;-3.868057005;40.91713759;0.1;False;ok;17;1;1.173;
3212;-3.768057005;40.91713759;0.1;False;ok;13;1;1.243;
3213;-3.668057005;40.91713759;0.1;False;ok;16;1;1.187;
3214;-3.568057005;40.91713759;0.1;False;ok;15;1;1.357;
3215;-3.468057005;40.91713759;0.1;False;ok;1;1;1.304;
3216;-3.268057005;40.91713759;0.1;False;ok;3;1;1.242;
3217;-3.168057005;40.91713759;0.1;False;ok;8;1;1.340;
3218;-2.968057005;40.91713759;0.1;False;ok;4;1;1.291;
3219;-2.868057005;40.91713759;0.1;False;ok;2;1;1.311;
3220;-2.768057005;40.91713759;0.1;False;ok;5;1;1.381;
3221;-2.668057005;40.91713759;0.1;False;ok;5;1;1.326;
3222;-2.468057005;40.91713759;0.1;False;ok;1;1;1.257;
3223;-6.868057005;41.01713759;0.1;True;ok;1;1;1.323;
3224;-6.768057005;41.01713759;0.1;False;ok;4;1;1.254;
3225;-6.468057005;41.01713759;0.1;False;ok;0;1;1.986;
3226;-6.068057005;41.01713759;0.1;False;ok;7;1;1.178;
3227;-5.968057005;41.01713759;0.1;False;ok;4;1;1.141;
3228;-5.868057005;41.01713759;0.1;False;ok;11;1;0.894;
3229;-5.768057005;41.01713759;0.1;False;ok;3;1;0.889;
3230;-5.668057005;41.01713759;0.1;False;ok;4;1;0.943;
3231;-5.568057005;41.01713759;0.1;False;ok;1;1;0.895;
3232;-5.168057005;41.01713759;0.1;False;ok;1;1;0.919;
3233;-5.068057005;41.01713759;0.1;False;ok;1;1;0.998;
3234;-4.768057005;41.01713759;0.1;False;ok;29;1;1.258;
3235;-4.668057005;41.01713759;0.1;False;ok;1;1;1.175;
3236;-4.568057005;41.01713759;0.1;False;ok;2;1;1.228;
3237;-4.468057005;41.01713759;0.1;False;ok;7;1;1.205;
3238;-4.368057005;41.01713759;0.1;False;ok;4;1;1.308;
3239;-4.268057005;41.01713759;0.1;False;ok;1;1;1.394;
3240;-4.168057005;41.01713759;0.1;False;ok;12;1;1.427;
3241;-4.068057005;41.01713759;0.1;False;ok;24;1;1.479;
3242;-3.968057005;41.01713759;0.1;False;ok;26;1;1.383;
3243;-3.868057005;41.01713759;0.1;False;ok;17;1;1.435;
3244;-3.768057005;41.01713759;0.1;False;ok;7;1;1.371;
3245;-3.668057005;41.01713759;0.1;False;ok;12;1;1.374;
3246;-3.568057005;41.01713759;0.1;False;ok;14;1;1.347;
3247;-3.468057005;41.01713759;0.1;False;ok;5;1;1.308;
3248;-3.368057005;41.01713759;0.1;False;ok;13;1;1.346;
3249;-3.268057005;41.01713759;0.1;False;ok;2;1;1.273;
3250;-3.168057005;41.01713759;0.1;False;ok;1;1;1.219;
3251;-3.068057005;41.01713759;0.1;False;ok;1;1;1.237;
3252;-2.968057005;41.01713759;0.1;False;ok;2;1;1.190;
3253;-2.768057005;41.01713759;0.1;False;ok;5;1;1.208;
3254;-2.668057005;41.01713759;0.1;False;ok;55;1;1.301;
3255;-2.568057005;41.01713759;0.1;False;ok;2;1;1.245;
3256;-2.468057005;41.01713759;0.1;False;ok;1;1;1.206;
3257;-6.668057005;41.11713759;0.1;False;ok;13;1;1.250;
3258;-6.568057005;41.11713759;0.1;False;ok;1;1;1.219;
3259;-6.268057005;41.11713759;0.1;False;ok;1;1;1.237;
3260;-5.768057005;41.11713759;0.1;False;ok;1;1;1.404;
3261;-4.868057005;41.11713759;0.1;False;ok;0;1;2.073;
3262;-4.668057005;41.11713759;0.1;False;ok;1;1;1.346;
3263;-4.568057005;41.11713759;0.1;False;ok;9;1;1.467;
3264;-4.468057005;41.11713759;0.1;False;ok;3;1;1.382;
3265;-4.368057005;41.11713759;0.1;False;ok;2;1;1.359;
3266;-4.268057005;41.11713759;0.1;False;ok;4;1;1.416;
3267;-4.168057005;41.11713759;0.1;False;ok;1;1;1.409;
3268;-4.068057005;41.11713759;0.1;False;ok;8;1;1.465;
3269;-3.968057005;41.11713759;0.1;False;ok;17;1;1.464;
3270;-3.868057005;41.11713759;0.1;False;ok;35;1;1.438;
3271;-3.768057005;41.11713759;0.1;False;ok;27;1;1.464;
3272;-3.668057005;41.11713759;0.1;False;ok;12;1;1.435;
3273;-3.568057005;41.11713759;0.1;False;ok;10;1;1.243;
3274;-3.268057005;41.11713759;0.1;False;ok;5;1;1.202;
3275;-3.168057005;41.11713759;0.1;False;ok;3;1;1.176;
3276;-3.068057005;41.11713759;0.1;False;ok;3;1;1.132;
3277;-2.968057005;41.11713759;0.1;False;ok;5;1;1.143;
3278;-2.768057005;41.11713759;0.1;False;ok;2;1;1.043;
3279;-2.668057005;41.11713759;0.1;False;ok;4;1;1.035;
3280;-2.568057005;41.11713759;0.1;False;ok;1;1;0.961;
3281;-2.468057005;41.11713759;0.1;False;ok;10;1;1.058;
3282;-2.368057005;41.11713759;0.1;False;ok;1;1;1.100;
3283;-6.668057005;41.21713759;0.1;False;ok;19;1;1.067;
3284;-6.568057005;41.21713759;0.1;True;ok;4;1;1.166;
3285;-6.468057005;41.21713759;0.1;False;ok;11;1;1.250;
3286;-6.268057005;41.21713759;0.1;False;ok;1;1;1.188;
3287;-6.168057005;41.21713759;0.1;False;ok;2;1;1.385;
3288;-5.968057005;41.21713759;0.1;False;ok;1;1;1.301;
3289;-5.868057005;41.21713759;0.1;False;ok;0;1;2.091;
3290;-5.768057005;41.21713759;0.1;False;ok;0;1;2.054;
3291;-5.668057005;41.21713759;0.1;False;ok;0;1;2.116;
3292;-5.568057005;41.21713759;0.1;False;ok;0;1;2.164;
3293;-5.368057005;41.21713759;0.1;False;ok;1;1;1.348;
3294;-5.268057005;41.21713759;0.1;False;ok;4;1;1.401;
3295;-4.968057005;41.21713759;0.1;False;ok;12;1;1.423;
3296;-4.868057005;41.21713759;0.1;False;ok;2;1;1.353;
3297;-4.768057005;41.21713759;0.1;False;ok;14;1;1.434;
3298;-4.568057005;41.21713759;0.1;False;ok;7;1;1.391;
3299;-4.468057005;41.21713759;0.1;False;ok;0;1;2.133;
3300;-4.368057005;41.21713759;0.1;False;ok;6;1;1.291;
3301;-4.268057005;41.21713759;0.1;False;ok;3;1;1.192;
3302;-4.168057005;41.21713759;0.1;False;ok;3;1;1.165;
3303;-3.968057005;41.21713759;0.1;False;ok;13;1;1.182;
3304;-3.868057005;41.21713759;0.1;False;ok;9;1;1.179;
3305;-3.768057005;41.21713759;0.1;False;ok;13;1;1.054;
3306;-3.668057005;41.21713759;0.1;False;ok;9;1;0.951;
3307;-3.568057005;41.21713759;0.1;False;ok;23;1;0.900;
3308;-3.368057005;41.21713759;0.1;False;ok;2;1;0.686;
3309;-3.268057005;41.21713759;0.1;False;ok;6;1;0.761;
3310;-3.168057005;41.21713759;0.1;False;ok;3;1;0.722;
3311;-3.068057005;41.21713759;0.1;False;ok;2;1;0.679;
3312;-2.668057005;41.21713759;0.1;False;ok;0;1;1.492;
3313;-2.468057005;41.21713759;0.1;False;ok;2;1;0.816;
3314;-2.368057005;41.21713759;0.1;False;ok;1;1;0.850;
3315;-6.468057005;41.31713759;0.1;True;ok;22;1;1.150;
3316;-6.368057005;41.31713759;0.1;True;ok;5;1;1.117;
3317;-6.268057005;41.31713759;0.1;True;ok;3;1;1.180;
3318;-6.168057005;41.31713759;0.1;False;ok;2;1;1.131;
3319;-6.068057005;41.31713759;0.1;False;ok;0;1;1.980;
3320;-5.968057005;41.31713759;0.1;False;ok;7;1;1.300;
3321;-5.868057005;41.31713759;0.1;False;ok;2;1;1.290;
3322;-5.768057005;41.31713759;0.1;False;ok;2;1;1.249;
3323;-5.268057005;41.31713759;0.1;False;ok;8;1;1.332;
3324;-5.168057005;41.31713759;0.1;False;ok;5;1;1.305;
3325;-4.968057005;41.31713759;0.1;False;ok;9;1;1.321;
3326;-4.868057005;41.31713759;0.1;False;ok;8;1;1.405;
3327;-4.768057005;41.31713759;0.1;False;ok;5;1;1.260;
3328;-4.568057005;41.31713759;0.1;False;ok;4;1;1.298;
3329;-4.468057005;41.31713759;0.1;False;ok;6;1;1.327;
3330;-4.368057005;41.31713759;0.1;False;ok;10;1;1.280;
3331;-4.268057005;41.31713759;0.1;False;ok;4;1;1.226;
3332;-4.168057005;41.31713759;0.1;False;ok;4;1;1.232;
3333;-3.968057005;41.31713759;0.1;False;ok;8;1;1.150;
3334;-3.868057005;41.31713759;0.1;False;ok;8;1;0.913;
3335;-3.668057005;41.31713759;0.1;False;ok;9;1;0.957;
3336;-3.568057005;41.31713759;0.1;False;ok;7;1;0.941;
3337;-3.468057005;41.31713759;0.1;False;ok;8;1;0.957;
3338;-3.368057005;41.31713759;0.1;False;ok;7;1;0.911;
3339;-3.268057005;41.31713759;0.1;False;ok;3;1;1.011;
3340;-3.068057005;41.31713759;0.1;False;ok;2;1;1.239;
3341;-6.168057005;41.41713759;0.1;False;ok;4;1;1.083;
3342;-5.968057005;41.41713759;0.1;False;ok;2;1;1.108;
3343;-5.868057005;41.41713759;0.1;False;ok;1;1;1.227;
3344;-5.768057005;41.41713759;0.1;False;ok;75;1;1.481;
3345;-5.668057005;41.41713759;0.1;False;ok;1;1;1.279;
3346;-5.568057005;41.41713759;0.1;False;ok;3;1;1.287;
3347;-5.168057005;41.41713759;0.1;False;ok;2;1;1.267;
3348;-5.068057005;41.41713759;0.1;False;ok;40;1;1.707;
3349;-4.968057005;41.41713759;0.1;False;ok;4;1;1.358;
3350;-4.768057005;41.41713759;0.1;False;ok;3;1;1.345;
3351;-4.668057005;41.41713759;0.1;False;ok;4;1;1.353;
3352;-4.468057005;41.41713759;0.1;False;ok;8;1;1.566;
3353;-4.068057005;41.41713759;0.1;False;ok;18;1;1.452;
3354;-3.868057005;41.41713759;0.1;False;ok;5;1;1.371;
3355;-3.668057005;41.41713759;0.1;False;ok;2;1;1.319;
3356;-3.568057005;41.41713759;0.1;False;ok;7;1;1.316;
3357;-3.468057005;41.41713759;0.1;False;ok;9;1;1.293;
3358;-3.068057005;41.41713759;0.1;False;ok;1;1;1.237;
3359;-2.968057005;41.41713759;0.1;False;ok;4;1;1.331;
3360;-2.868057005;41.41713759;0.1;False;ok;8;1;1.273;
3361;-2.768057005;41.41713759;0.1;False;ok;1;1;1.244;
3362;-2.568057005;41.41713759;0.1;False;ok;15;1;1.139;
3363;-6.268057005;41.51713759;0.1;True;ok;1;1;1.071;
3364;-6.168057005;41.51713759;0.1;False;ok;0;1;1.651;
3365;-6.068057005;41.51713759;0.1;False;ok;5;1;0.900;
3366;-5.768057005;41.51713759;0.1;False;ok;4;1;0.838;
3367;-5.668057005;41.51713759;0.1;False;ok;1;1;0.890;
3368;-5.468057005;41.51713759;0.1;False;ok;18;1;0.984;
3369;-5.268057005;41.51713759;0.1;False;ok;4;1;0.898;
3370;-4.968057005;41.51713759;0.1;False;ok;12;1;1.455;
3371;-4.868057005;41.51713759;0.1;False;ok;22;1;1.293;
3372;-4.768057005;41.51713759;0.1;False;ok;18;1;1.162;
3373;-4.668057005;41.51713759;0.1;False;ok;7;1;1.192;
3374;-4.568057005;41.51713759;0.1;False;ok;10;1;1.235;
3375;-4.468057005;41.51713759;0.1;False;ok;6;1;1.273;
3376;-4.168057005;41.51713759;0.1;False;ok;28;1;1.286;
3377;-3.768057005;41.51713759;0.1;False;ok;7;1;1.226;
3378;-3.668057005;41.51713759;0.1;False;ok;4;1;1.321;
3379;-3.568057005;41.51713759;0.1;False;ok;2;1;1.260;
3380;-3.468057005;41.51713759;0.1;False;ok;2;1;1.162;
3381;-3.268057005;41.51713759;0.1;False;ok;15;1;1.280;
3382;-3.168057005;41.51713759;0.1;False;ok;28;1;1.306;
3383;-3.068057005;41.51713759;0.1;False;ok;19;1;1.266;
3384;-2.968057005;41.51713759;0.1;False;ok;2;1;1.157;
3385;-2.868057005;41.51713759;0.1;False;ok;2;1;1.077;
3386;-6.268057005;41.61713759;0.1;False;ok;1;1;1.021;
3387;-6.068057005;41.61713759;0.1;False;ok;2;1;1.154;
3388;-5.868057005;41.61713759;0.1;False;ok;1;1;0.961;
3389;-5.768057005;41.61713759;0.1;False;ok;4;1;1.085;
3390;-5.368057005;41.61713759;0.1;False;ok;1;1;1.125;
3391;-5.268057005;41.61713759;0.1;False;ok;4;1;1.164;
3392;-5.068057005;41.61713759;0.1;False;ok;1;1;1.069;
3393;-4.868057005;41.61713759;0.1;False;ok;10;1;1.331;
3394;-4.768057005;41.61713759;0.1;False;ok;75;1;1.473;
3395;-4.368057005;41.61713759;0.1;False;ok;8;1;1.253;
3396;-4.268057005;41.61713759;0.1;False;ok;4;1;1.282;
3397;-4.168057005;41.61713759;0.1;False;ok;16;1;1.279;
3398;-3.968057005;41.61713759;0.1;False;ok;9;1;1.265;
3399;-3.868057005;41.61713759;0.1;False;ok;4;1;1.347;
3400;-3.768057005;41.61713759;0.1;False;ok;32;1;1.435;
3401;-3.668057005;41.61713759;0.1;False;ok;11;1;1.309;
3402;-3.568057005;41.61713759;0.1;False;ok;10;1;1.385;
3403;-3.468057005;41.61713759;0.1;False;ok;0;1;1.996;
3404;-3.068057005;41.61713759;0.1;False;ok;11;1;1.290;
3405;-2.868057005;41.61713759;0.1;False;ok;8;1;1.232;
3406;-2.668057005;41.61713759;0.1;False;ok;2;1;1.199;
3407;-2.32757849;38.31713759;0.1;False;ok;13;1;1.265;
3408;-2.32757849;38.41713759;0.1;False;ok;10;1;1.250;
3409;-2.32757849;38.51713759;0.1;False;ok;1;1;1.000;
3410;-2.32757849;38.61713759;0.1;False;ok;3;1;1.007;
3411;-2.32757849;38.71713759;0.1;False;ok;2;1;1.030;
3412;-2.32757849;39.21713759;0.1;False;ok;2;1;0.945;
3413;-2.32757849;39.31713759;0.1;False;ok;8;1;1.073;
3414;-2.32757849;39.41713759;0.1;False;ok;2;1;1.122;
3415;-2.32757849;39.51713759;0.1;False;ok;1;1;1.003;
3416;-2.32757849;39.81713759;0.1;False;ok;1;1;1.059;
3417;-2.32757849;40.01713759;0.1;False;ok;4;1;1.111;
3418;-2.32757849;40.11713759;0.1;False;ok;0;1;1.871;
3419;-2.32757849;40.21713759;0.1;False;ok;1;1;1.204;
3420;-2.32757849;40.31713759;0.1;False;ok;2;1;1.266;
3421;-2.32757849;40.41713759;0.1;False;ok;7;1;1.312;
3422;-2.32757849;40.71713759;0.1;False;ok;3;1;1.331;
3423;-2.32757849;41.11713759;0.1;False;ok;1;1;1.344;
3424;-2.32757849;41.21713759;0.1;False;ok;1;1;1.318;
3425;-2.22757849;38.41713759;0.1;False;ok;5;1;1.376;
3426;-2.22757849;38.51713759;0.1;False;ok;16;1;1.370;
3427;-2.22757849;38.61713759;0.1;False;ok;0;1;2.017;
3428;-2.22757849;39.11713759;0.1;False;ok;8;1;1.234;
3429;-2.22757849;39.31713759;0.1;False;ok;3;1;1.199;
3430;-2.22757849;39.61713759;0.1;False;ok;1;1;1.104;
3431;-2.22757849;39.71713759;0.1;False;ok;13;1;1.292;
3432;-2.22757849;39.91713759;0.1;False;ok;4;1;1.179;
3433;-2.22757849;40.06713759;0.05;False;ok;27;1;1.171;
3434;-2.22757849;40.11713759;0.1;False;ok;1;1;1.062;
3435;-2.22757849;40.31713759;0.1;False;ok;3;1;1.094;
3436;-2.22757849;40.41713759;0.1;False;ok;1;1;1.089;
3437;-2.22757849;40.51713759;0.1;False;ok;2;1;0.968;
3438;-2.22757849;40.71713759;0.1;False;ok;0;1;1.744;
3439;-2.22757849;40.81713759;0.1;False;ok;9;1;1.023;
3440;-2.22757849;41.21713759;0.1;False;ok;4;1;1.088;
3441;-2.22757849;41.41713759;0.1;False;ok;1;1;1.047;
3442;-2.22757849;41.61713759;0.1;False;ok;2;1;1.230;
3443;-2.17757849;40.01713759;0.05;False;ok;7;1;1.169;
3444;-2.17757849;40.06713759;0.025;False;ok;1;1;1.107;
3445;-2.15257849;40.06713759;0.0125;False;ok;6;1;1.303;
3446;-2.14007849;40.06713759;0.00625;False;ok;42;1;1.332;
3447;-2.14007849;40.07338759;0.00625;False;ok;49;1;1.309;
3448;-2.14007849;40.07963759;0.0125;False;ok;15;1;1.310;
3449;-2.13382849;40.06713759;0.00625;False;ok;21;1;1.327;
3450;-2.13382849;40.07338759;0.00625;False;ok;75;1;1.640;
3451;-2.12757849;38.31713759;0.1;False;ok;16;1;1.365;
3452;-2.12757849;38.41713759;0.1;False;ok;16;1;1.357;
3453;-2.12757849;38.51713759;0.1;False;ok;14;1;1.321;
3454;-2.12757849;38.61713759;0.1;False;ok;1;1;1.219;
3455;-2.12757849;38.81713759;0.1;False;ok;0;1;2.007;
3456;-2.12757849;39.21713759;0.1;False;ok;5;1;1.360;
3457;-2.12757849;39.41713759;0.1;False;ok;7;1;1.097;
3458;-2.12757849;39.51713759;0.1;False;ok;9;1;0.976;
3459;-2.12757849;39.71713759;0.1;False;ok;1;1;0.828;
3460;-2.12757849;39.91713759;0.1;False;ok;15;1;0.911;
3461;-2.12757849;40.01713759;0.1;False;ok;13;1;0.906;
3462;-2.12757849;40.11713759;0.1;False;ok;6;1;0.894;
3463;-2.12757849;40.21713759;0.1;False;ok;13;1;0.969;
3464;-2.12757849;40.41713759;0.1;False;ok;0;1;1.553;
3465;-2.12757849;40.51713759;0.1;False;ok;7;1;0.946;
3466;-2.12757849;40.61713759;0.1;False;ok;4;1;0.876;
3467;-2.12757849;40.81713759;0.1;False;ok;1;1;0.898;
3468;-2.12757849;40.91713759;0.1;False;ok;0;1;1.546;
3469;-2.12757849;41.01713759;0.1;False;ok;1;1;0.938;
3470;-2.12757849;41.21713759;0.1;False;ok;7;1;1.056;
3471;-2.12757849;41.61713759;0.1;False;ok;2;1;1.145;
3472;-2.02757849;38.21713759;0.1;False;ok;3;1;1.198;
3473;-2.02757849;38.31713759;0.1;False;ok;7;1;1.187;
3474;-2.02757849;38.41713759;0.1;False;ok;1;1;1.126;
3475;-2.02757849;38.51713759;0.1;False;ok;1;1;1.177;
3476;-2.02757849;39.41713759;0.1;False;ok;2;1;1.245;
3477;-2.02757849;39.91713759;0.1;False;ok;3;1;1.199;
3478;-2.02757849;40.11713759;0.1;False;ok;7;1;1.259;
3479;-2.02757849;40.21713759;0.1;False;ok;13;1;1.230;
3480;-2.02757849;40.31713759;0.1;False;ok;1;1;1.514;
3481;-2.02757849;40.41713759;0.1;False;ok;1;1;1.166;
3482;-2.02757849;40.61713759;0.1;False;ok;3;1;1.116;
3483;-2.02757849;40.71713759;0.1;False;ok;2;1;1.064;
3484;-2.02757849;40.81713759;0.1;False;ok;7;1;1.153;
3485;-2.02757849;40.91713759;0.1;False;ok;1;1;1.049;
3486;-2.02757849;41.41713759;0.1;False;ok;2;1;1.049;
3487;-1.92757849;38.21713759;0.1;False;ok;8;1;1.015;
3488;-1.92757849;38.41713759;0.1;False;ok;0;1;1.831;
3489;-1.92757849;38.91713759;0.1;False;ok;75;1;1.296;
3490;-1.92757849;39.31713759;0.1;False;ok;1;1;1.125;
3491;-1.92757849;39.51713759;0.1;False;ok;5;1;1.220;
3492;-1.92757849;39.71713759;0.1;False;ok;1;1;1.196;
3493;-1.92757849;39.81713759;0.1;False;ok;1;1;1.294;
3494;-1.92757849;39.91713759;0.1;False;ok;1;1;1.278;
3495;-1.92757849;40.11713759;0.1;False;ok;0;1;2.071;
3496;-1.92757849;40.31713759;0.1;False;ok;23;1;1.375;
3497;-1.92757849;40.41713759;0.1;False;ok;2;1;1.345;
3498;-1.92757849;40.51713759;0.1;False;ok;6;1;1.268;
3499;-1.92757849;40.61713759;0.1;False;ok;1;1;1.243;
3500;-1.92757849;40.71713759;0.1;False;ok;1;1;1.251;
3501;-1.92757849;40.81713759;0.1;False;ok;14;1;1.298;
3502;-1.92757849;41.11713759;0.1;False;ok;10;1;1.203;
3503;-1.92757849;41.21713759;0.1;False;ok;29;1;1.285;
3504;-1.92757849;41.41713759;0.1;False;ok;1;1;1.152;
3505;-1.92757849;41.51713759;0.1;False;ok;1;1;1.170;
3506;-1.82757849;38.91713759;0.1;False;ok;3;1;1.199;
3507;-1.82757849;39.11713759;0.1;False;ok;2;1;1.464;
3508;-1.82757849;39.51713759;0.1;False;ok;5;1;0.871;
3509;-1.82757849;39.81713759;0.1;False;ok;11;1;1.011;
3510;-1.82757849;39.91713759;0.1;False;ok;3;1;0.910;
3511;-1.82757849;40.21713759;0.1;False;ok;2;1;1.011;
3512;-1.82757849;40.51713759;0.1;False;ok;1;1;0.985;
3513;-1.82757849;40.61713759;0.1;False;ok;1;1;0.962;
3514;-1.82757849;41.11713759;0.1;False;ok;15;1;1.187;
3515;-1.82757849;41.21713759;0.1;False;ok;6;1;1.199;
3516;-1.82757849;41.31713759;0.1;False;ok;10;1;1.225;
3517;-1.82757849;41.41713759;0.1;False;ok;1;1;1.130;
3518;-1.82757849;41.61713759;0.1;False;ok;1;1;1.169;
3519;-1.72757849;38.21713759;0.1;False;ok;8;1;1.330;
3520;-1.72757849;38.41713759;0.1;False;ok;11;1;1.307;
3521;-1.72757849;38.51713759;0.1;False;ok;3;1;1.283;
3522;-1.72757849;38.81713759;0.1;False;ok;3;1;1.259;
3523;-1.72757849;38.91713759;0.1;False;ok;4;1;1.269;
3524;-1.72757849;39.01713759;0.1;False;ok;4;1;1.381;
3525;-1.72757849;39.11713759;0.1;False;ok;13;1;1.373;
3526;-1.72757849;39.21713759;0.1;False;ok;1;1;1.309;
3527;-1.72757849;39.41713759;0.1;False;ok;3;1;1.263;
3528;-1.72757849;39.51713759;0.1;False;ok;2;1;1.250;
3529;-1.72757849;39.71713759;0.1;False;ok;5;1;1.287;
3530;-1.72757849;39.81713759;0.1;False;ok;1;1;1.298;
3531;-1.72757849;40.01713759;0.1;False;ok;6;1;1.275;
3532;-1.72757849;40.11713759;0.1;False;ok;8;1;1.252;
3533;-1.72757849;40.31713759;0.1;False;ok;6;1;1.350;
3534;-1.72757849;40.41713759;0.1;False;ok;3;1;1.222;
3535;-1.72757849;40.51713759;0.1;False;ok;8;1;1.216;
3536;-1.72757849;40.71713759;0.1;False;ok;1;1;1.170;
3537;-1.72757849;40.81713759;0.1;False;ok;2;1;1.198;
3538;-1.72757849;41.21713759;0.1;False;ok;11;1;1.353;
3539;-1.72757849;41.31713759;0.1;False;ok;31;1;1.406;
3540;-1.72757849;41.41713759;0.1;False;ok;2;1;1.317;
3541;-1.72757849;41.51713759;0.1;False;ok;2;1;1.303;
3542;-1.72757849;41.61713759;0.1;False;ok;0;1;1.967;
3543;-1.62757849;38.51713759;0.1;False;ok;1;1;1.380;
3544;-1.62757849;38.81713759;0.1;False;ok;1;1;1.258;
3545;-1.62757849;38.91713759;0.1;False;ok;1;1;1.270;
3546;-1.62757849;39.11713759;0.1;False;ok;5;1;1.337;
3547;-1.62757849;39.21713759;0.1;False;ok;4;1;1.331;
3548;-1.62757849;39.31713759;0.1;False;ok;8;1;1.399;
3549;-1.62757849;39.51713759;0.1;False;ok;2;1;1.344;
3550;-1.62757849;39.61713759;0.1;False;ok;5;1;1.260;
3551;-1.62757849;39.91713759;0.1;False;ok;0;1;1.992;
3552;-1.62757849;40.21713759;0.1;False;ok;0;1;2.029;
3553;-1.62757849;40.31713759;0.1;False;ok;3;1;1.231;
3554;-1.62757849;40.41713759;0.1;False;ok;24;1;1.190;
3555;-1.62757849;40.81713759;0.1;False;ok;1;1;1.248;
3556;-1.62757849;40.91713759;0.1;False;ok;1;1;1.126;
3557;-1.62757849;41.21713759;0.1;False;ok;4;1;1.104;
3558;-1.62757849;41.31713759;0.1;False;ok;4;1;1.114;
3559;-1.62757849;41.41713759;0.1;False;ok;2;1;0.949;
3560;-1.62757849;41.51713759;0.1;False;ok;1;1;1.010;
3561;-1.52757849;38.21713759;0.1;False;ok;1;1;0.952;
3562;-1.52757849;38.61713759;0.1;False;ok;4;1;1.003;
3563;-1.52757849;38.81713759;0.1;False;ok;0;1;1.730;
3564;-1.52757849;38.91713759;0.1;False;ok;1;1;0.941;
3565;-1.52757849;39.11713759;0.1;False;ok;75;1;1.125;
3566;-1.52757849;39.21713759;0.1;False;ok;6;1;1.006;
3567;-1.52757849;39.51713759;0.1;False;ok;7;1;1.029;
3568;-1.52757849;40.01713759;0.1;False;ok;2;1;1.090;
3569;-1.52757849;40.21713759;0.1;False;ok;3;1;1.029;
3570;-1.52757849;40.31713759;0.1;False;ok;74;1;1.178;
3571;-1.52757849;40.41713759;0.1;False;ok;5;1;1.108;
3572;-1.52757849;40.51713759;0.1;False;ok;0;1;1.802;
3573;-1.52757849;40.81713759;0.1;False;ok;0;1;1.881;
3574;-1.52757849;40.91713759;0.1;False;ok;4;1;1.113;
3575;-1.52757849;41.11713759;0.1;False;ok;3;1;1.146;
3576;-1.42757849;38.21713759;0.1;False;ok;5;1;1.155;
3577;-1.42757849;38.41713759;0.1;False;ok;5;1;1.181;
3578;-1.42757849;38.61713759;0.1;False;ok;0;1;1.877;
3579;-1.42757849;39.01713759;0.1;False;ok;4;1;1.151;
3580;-1.42757849;39.11713759;0.1;False;ok;41;1;1.254;
3581;-1.42757849;39.21713759;0.1;False;ok;13;1;1.184;
3582;-1.42757849;39.31713759;0.1;False;ok;2;1;1.059;
3583;-1.42757849;39.41713759;0.1;False;ok;8;1;1.155;
3584;-1.42757849;39.71713759;0.1;False;ok;0;1;1.838;
3585;-1.42757849;39.81713759;0.1;False;ok;1;1;1.001;
3586;-1.42757849;39.91713759;0.1;False;ok;3;1;1.013;
3587;-1.42757849;40.01713759;0.1;False;ok;0;1;1.862;
3588;-1.42757849;40.11713759;0.1;False;ok;5;1;1.069;
3589;-1.42757849;40.21713759;0.1;False;ok;3;1;0.945;
3590;-1.42757849;40.31713759;0.1;False;ok;10;1;1.074;
3591;-1.42757849;40.71713759;0.1;False;ok;5;1;1.077;
3592;-1.42757849;40.81713759;0.1;False;ok;4;1;0.970;
3593;-1.42757849;41.01713759;0.1;False;ok;7;1;1.016;
3594;-1.42757849;41.11713759;0.1;False;ok;2;1;0.978;
3595;-1.42757849;41.41713759;0.1;False;ok;2;1;0.918;
3596;-1.32757849;38.31713759;0.1;False;ok;0;1;1.668;
3597;-1.32757849;38.41713759;0.1;False;ok;1;1;0.906;
3598;-1.32757849;38.71713759;0.1;False;ok;1;1;0.981;
3599;-1.32757849;38.91713759;0.1;False;ok;4;1;1.003;
3600;-1.32757849;39.01713759;0.1;False;ok;3;1;1.007;
3601;-1.32757849;39.11713759;0.1;False;ok;2;1;1.072;
3602;-1.32757849;39.21713759;0.1;False;ok;0;1;1.798;
3603;-1.32757849;39.31713759;0.1;False;ok;1;1;0.943;
3604;-1.32757849;39.41713759;0.1;False;ok;1;1;0.992;
3605;-1.32757849;39.51713759;0.1;False;ok;6;1;1.029;
3606;-1.32757849;39.71713759;0.1;False;ok;2;1;1.024;
3607;-1.32757849;39.81713759;0.1;False;ok;5;1;1.111;
3608;-1.32757849;39.91713759;0.1;False;ok;3;1;1.091;
3609;-1.32757849;40.01713759;0.1;False;ok;14;1;1.301;
3610;-1.32757849;40.11713759;0.1;False;ok;10;1;1.225;
3611;-1.32757849;40.21713759;0.1;False;ok;2;1;1.134;
3612;-1.32757849;40.31713759;0.1;False;ok;5;1;1.122;
3613;-1.32757849;40.41713759;0.1;False;ok;16;1;1.194;
3614;-1.32757849;40.51713759;0.1;False;ok;5;1;1.093;
3615;-1.32757849;40.61713759;0.1;False;ok;1;1;1.116;
3616;-1.32757849;40.81713759;0.1;False;ok;1;1;1.124;
3617;-1.32757849;40.91713759;0.1;False;ok;9;1;1.184;
3618;-1.32757849;41.01713759;0.1;False;ok;2;1;1.202;
3619;-1.32757849;41.41713759;0.1;False;ok;1;1;1.091;
3620;-1.32757849;41.51713759;0.1;False;ok;0;1;1.948;
3621;-1.32757849;41.61713759;0.1;False;ok;7;1;1.181;
3622;-1.22757849;38.21713759;0.1;False;ok;4;1;1.149;
3623;-1.22757849;38.31713759;0.1;False;ok;2;1;1.055;
3624;-1.22757849;38.41713759;0.1;False;ok;1;1;1.076;
3625;-1.22757849;38.61713759;0.1;False;ok;4;1;1.109;
3626;-1.22757849;38.91713759;0.1;False;ok;1;1;1.210;
3627;-1.22757849;39.21713759;0.1;False;ok;0;1;1.927;
3628;-1.22757849;39.41713759;0.1;False;ok;2;1;1.234;
3629;-1.22757849;39.51713759;0.1;False;ok;9;1;1.295;
3630;-1.22757849;39.91713759;0.1;False;ok;3;1;1.314;
3631;-1.22757849;40.01713759;0.1;False;ok;2;1;1.265;
3632;-1.22757849;40.21713759;0.1;False;ok;8;1;1.313;
3633;-1.22757849;40.31713759;0.1;False;ok;10;1;1.305;
3634;-1.22757849;40.61713759;0.1;False;ok;4;1;1.279;
3635;-1.22757849;41.31713759;0.1;False;ok;6;1;1.260;
3636;-1.12757849;38.21713759;0.1;False;ok;2;1;1.296;
3637;-1.12757849;38.31713759;0.1;False;ok;12;1;1.285;
3638;-1.12757849;38.41713759;0.1;False;ok;7;1;1.230;
3639;-1.12757849;38.51713759;0.1;False;ok;21;1;1.258;
3640;-1.12757849;38.61713759;0.1;False;ok;4;1;1.176;
3641;-1.12757849;38.81713759;0.1;False;ok;28;1;1.399;
3642;-1.12757849;38.91713759;0.1;False;ok;1;1;1.024;
3643;-1.12757849;39.01713759;0.1;False;ok;14;1;1.292;
3644;-1.12757849;39.11713759;0.1;False;ok;6;1;1.191;
3645;-1.12757849;39.21713759;0.1;False;ok;3;1;0.952;
3646;-1.12757849;39.31713759;0.1;False;ok;3;1;0.957;
3647;-1.12757849;39.41713759;0.1;False;ok;28;1;1.104;
3648;-1.12757849;39.71713759;0.1;False;ok;0;1;1.748;
3649;-1.12757849;39.81713759;0.1;False;ok;3;1;1.060;
3650;-1.12757849;39.91713759;0.1;False;ok;2;1;0.945;
3651;-1.12757849;40.11713759;0.1;False;ok;16;1;1.018;
3652;-1.12757849;40.21713759;0.1;False;ok;2;1;1.054;
3653;-1.12757849;40.31713759;0.1;False;ok;74;1;1.323;
3654;-1.12757849;40.41713759;0.1;False;ok;4;1;1.140;
3655;-1.12757849;40.51713759;0.1;False;ok;2;1;1.151;
3656;-1.12757849;41.01713759;0.1;False;ok;1;1;1.074;
3657;-1.02757849;38.21713759;0.1;False;ok;11;1;1.150;
3658;-1.02757849;38.31713759;0.1;False;ok;5;1;1.117;
3659;-1.02757849;38.41713759;0.1;False;ok;8;1;1.132;
3660;-1.02757849;38.61713759;0.1;False;ok;13;1;1.187;
3661;-1.02757849;39.21713759;0.1;False;ok;4;1;1.309;
3662;-1.02757849;39.31713759;0.1;False;ok;1;1;1.116;
3663;-1.02757849;39.41713759;0.1;False;ok;2;1;1.194;
3664;-1.02757849;39.51713759;0.1;False;ok;6;1;1.219;
3665;-1.02757849;39.71713759;0.1;False;ok;8;1;1.191;
3666;-1.02757849;39.81713759;0.1;False;ok;8;1;1.213;
3667;-1.02757849;39.91713759;0.1;False;ok;3;1;1.117;
3668;-1.02757849;40.11713759;0.1;False;ok;2;1;1.067;
3669;-1.02757849;40.21713759;0.1;False;ok;5;1;1.214;
3670;-1.02757849;40.81713759;0.1;False;ok;1;1;1.133;
3671;-1.02757849;41.31713759;0.1;False;ok;2;1;1.139;
3672;-1.02757849;41.51713759;0.1;False;ok;4;1;1.229;
3673;-1.02757849;41.61713759;0.1;False;ok;20;1;1.356;
3674;-0.92757849;38.21713759;0.1;False;ok;3;1;1.364;
3675;-0.92757849;38.31713759;0.1;False;ok;9;1;1.351;
3676;-0.92757849;38.41713759;0.1;False;ok;9;1;1.369;
3677;-0.92757849;38.51713759;0.1;False;ok;6;1;1.356;
3678;-0.92757849;38.61713759;0.1;False;ok;22;1;1.360;
3679;-0.92757849;38.91713759;0.1;False;ok;0;1;2.109;
3680;-0.92757849;39.31713759;0.1;False;ok;2;1;1.328;
3681;-0.92757849;39.41713759;0.1;False;ok;9;1;1.360;
3682;-0.92757849;39.51713759;0.1;False;ok;1;1;1.307;
3683;-0.92757849;39.61713759;0.1;False;ok;52;1;1.431;
3684;-0.92757849;40.01713759;0.1;False;ok;7;1;1.344;
3685;-0.92757849;40.11713759;0.1;False;ok;2;1;1.266;
3686;-0.92757849;40.31713759;0.1;False;ok;4;1;1.280;
3687;-0.92757849;40.61713759;0.1;False;ok;3;1;1.245;
3688;-0.92757849;40.71713759;0.1;False;ok;1;1;1.214;
3689;-0.92757849;40.81713759;0.1;False;ok;1;1;1.186;
3690;-0.92757849;41.01713759;0.1;False;ok;1;1;1.214;
3691;-0.92757849;41.21713759;0.1;False;ok;2;1;1.145;
3692;-0.92757849;41.61713759;0.025;False;ok;6;1;1.156;
3693;-0.92757849;41.64213759;0.025;False;ok;24;1;1.228;
3694;-0.92757849;41.66713759;0.05;False;ok;6;1;1.194;
3695;-0.90257849;41.61713759;0.025;False;ok;22;1;1.223;
3696;-0.90257849;41.64213759;0.0125;False;ok;32;1;1.343;
3697;-0.90257849;41.65463759;0.0125;False;ok;25;1;1.233;
3698;-0.89007849;41.64213759;0.0125;False;ok;74;1;1.452;
3699;-0.89007849;41.65463759;0.0125;False;ok;75;1;1.441;
3700;-0.87757849;41.61713759;0.05;False;ok;75;1;1.425;
3701;-0.87757849;41.66713759;0.05;False;ok;7;1;1.328;
3702;-0.82757849;38.21713759;0.1;False;ok;18;1;1.358;
3703;-0.82757849;38.31713759;0.1;False;ok;33;1;1.388;
3704;-0.82757849;38.41713759;0.1;False;ok;18;1;1.417;
3705;-0.82757849;38.51713759;0.1;False;ok;4;1;1.359;
3706;-0.82757849;38.61713759;0.1;False;ok;24;1;1.420;
3707;-0.82757849;38.71713759;0.1;False;ok;4;1;1.420;
3708;-0.82757849;38.81713759;0.1;False;ok;7;1;1.300;
3709;-0.82757849;38.91713759;0.1;False;ok;4;1;1.351;
3710;-0.82757849;39.01713759;0.1;False;ok;4;1;1.298;
3711;-0.82757849;39.31713759;0.1;False;ok;18;1;1.281;
3712;-0.82757849;39.41713759;0.1;False;ok;8;1;1.219;
3713;-0.82757849;39.51713759;0.1;False;ok;0;1;1.806;
3714;-0.82757849;39.71713759;0.1;False;ok;3;1;1.125;
3715;-0.82757849;39.91713759;0.1;False;ok;1;1;1.059;
3716;-0.82757849;40.01713759;0.1;False;ok;9;1;1.016;
3717;-0.82757849;40.11713759;0.1;False;ok;6;1;1.084;
3718;-0.82757849;40.21713759;0.1;False;ok;45;1;1.155;
3719;-0.82757849;40.31713759;0.1;False;ok;2;1;1.067;
3720;-0.82757849;40.41713759;0.1;False;ok;5;1;1.304;
3721;-0.82757849;40.51713759;0.1;False;ok;0;1;1.998;
3722;-0.82757849;40.61713759;0.1;False;ok;3;1;1.254;
3723;-0.82757849;41.21713759;0.1;False;ok;10;1;1.374;
3724;-0.82757849;41.51713759;0.1;False;ok;2;1;1.369;
3725;-0.82757849;41.61713759;0.1;False;ok;5;1;1.393;
3726;-0.72757849;38.21713759;0.1;False;ok;69;1;1.600;
3727;-0.72757849;38.31713759;0.1;False;ok;7;1;1.475;
3728;-0.72757849;38.41713759;0.1;False;ok;7;1;1.489;
3729;-0.72757849;38.51713759;0.1;False;ok;12;1;1.514;
3730;-0.72757849;38.61713759;0.1;False;ok;23;1;1.416;
3731;-0.72757849;38.71713759;0.1;False;ok;5;1;1.421;
3732;-0.72757849;38.81713759;0.1;False;ok;6;1;1.411;
3733;-0.72757849;38.91713759;0.1;False;ok;7;1;1.337;
3734;-0.72757849;39.01713759;0.1;False;ok;55;1;1.429;
3735;-0.72757849;39.21713759;0.1;False;ok;0;1;2.014;
3736;-0.72757849;39.31713759;0.1;False;ok;22;1;1.361;
3737;-0.72757849;39.41713759;0.1;False;ok;10;1;1.118;
3738;-0.72757849;39.51713759;0.1;False;ok;9;1;1.049;
3739;-0.72757849;39.61713759;0.1;False;ok;13;1;0.903;
3740;-0.72757849;39.91713759;0.1;False;ok;6;1;0.924;
3741;-0.72757849;40.01713759;0.1;False;ok;12;1;0.873;
3742;-0.72757849;40.11713759;0.1;False;ok;20;1;0.914;
3743;-0.72757849;40.21713759;0.1;False;ok;4;1;0.833;
3744;-0.72757849;40.31713759;0.1;False;ok;17;1;1.108;
3745;-0.72757849;40.41713759;0.1;False;ok;6;1;1.131;
3746;-0.72757849;40.51713759;0.1;False;ok;4;1;1.125;
3747;-0.72757849;40.61713759;0.1;False;ok;3;1;1.156;
3748;-0.72757849;40.81713759;0.1;False;ok;3;1;1.236;
3749;-0.72757849;40.91713759;0.1;False;ok;2;1;1.229;
3750;-0.72757849;41.01713759;0.1;False;ok;2;1;1.280;
3751;-0.72757849;41.11713759;0.1;False;ok;4;1;1.273;
3752;-0.72757849;41.31713759;0.1;False;ok;2;1;1.245;
3753;-0.72757849;41.51713759;0.1;False;ok;4;1;1.389;
3754;-0.62757849;38.21713759;0.1;False;ok;75;1;1.714;
3755;-0.62757849;38.31713759;0.1;False;ok;13;1;1.395;
3756;-0.62757849;38.41713759;0.1;False;ok;11;1;1.498;
3757;-0.62757849;38.51713759;0.1;False;ok;8;1;1.445;
3758;-0.62757849;38.61713759;0.1;False;ok;14;1;1.469;
3759;-0.62757849;38.71713759;0.1;False;ok;31;1;1.497;
3760;-0.62757849;38.81713759;0.1;False;ok;24;1;1.526;
3761;-0.62757849;39.01713759;0.1;False;ok;5;1;1.428;
3762;-0.62757849;39.11713759;0.1;False;ok;2;1;1.377;
3763;-0.62757849;39.21713759;0.1;False;ok;9;1;1.328;
3764;-0.62757849;39.31713759;0.1;False;ok;15;1;1.261;
3765;-0.62757849;39.41713759;0.1;False;ok;23;1;1.234;
3766;-0.62757849;39.51713759;0.1;False;ok;26;1;1.272;
3767;-0.62757849;39.61713759;0.1;False;ok;18;1;1.256;
3768;-0.62757849;39.81713759;0.1;False;ok;12;1;1.242;
3769;-0.62757849;39.91713759;0.1;False;ok;18;1;1.218;
3770;-0.62757849;40.01713759;0.1;False;ok;7;1;1.171;
3771;-0.62757849;40.11713759;0.1;False;ok;18;1;1.185;
3772;-0.62757849;40.31713759;0.1;False;ok;23;1;1.214;
3773;-0.62757849;40.61713759;0.1;False;ok;2;1;1.324;
3774;-0.62757849;40.71713759;0.1;False;ok;3;1;1.225;
3775;-0.62757849;40.81713759;0.1;False;ok;3;1;1.238;
3776;-0.62757849;41.41713759;0.1;False;ok;1;1;1.202;
3777;-0.52757849;38.21713759;0.0125;False;ok;74;1;1.393;
3778;-0.52757849;38.22963759;0.0125;False;ok;73;1;1.537;
3779;-0.52757849;38.24213759;0.00625;False;ok;5;1;1.290;
3780;-0.52757849;38.24838759;0.00625;False;ok;29;1;1.431;
3781;-0.52757849;38.25463759;0.0125;False;ok;42;1;1.446;
3782;-0.52757849;38.26713759;0.05;False;ok;27;1;1.480;
3783;-0.52757849;38.31713759;0.025;False;ok;11;1;1.402;
3784;-0.52757849;38.34213759;0.025;False;ok;9;1;1.389;
3785;-0.52757849;38.36713759;0.05;False;ok;50;1;1.402;
3786;-0.52757849;38.41713759;0.1;False;ok;67;1;1.418;
3787;-0.52757849;38.51713759;0.1;False;ok;7;1;1.437;
3788;-0.52757849;38.61713759;0.1;False;ok;19;1;1.315;
3789;-0.52757849;38.71713759;0.1;False;ok;11;1;1.247;
3790;-0.52757849;38.81713759;0.1;False;ok;7;1;1.290;
3791;-0.52757849;38.91713759;0.1;False;ok;38;1;1.325;
3792;-0.52757849;39.01713759;0.1;False;ok;8;1;1.213;
3793;-0.52757849;39.11713759;0.1;False;ok;33;1;1.196;
3794;-0.52757849;39.21713759;0.1;False;ok;12;1;1.179;
3795;-0.52757849;39.31713759;0.1;False;ok;19;1;1.210;
3796;-0.52757849;39.41713759;0.1;False;ok;71;1;1.323;
3797;-0.52757849;39.51713759;0.1;False;ok;50;1;1.153;
3798;-0.52757849;39.61713759;0.1;False;ok;14;1;1.163;
3799;-0.52757849;39.71713759;0.1;False;ok;5;1;1.131;
3800;-0.52757849;39.81713759;0.1;False;ok;56;1;1.304;
3801;-0.52757849;39.91713759;0.1;False;ok;3;1;1.144;
3802;-0.52757849;40.01713759;0.1;False;ok;23;1;1.164;
3803;-0.52757849;40.11713759;0.1;False;ok;4;1;1.221;
3804;-0.52757849;40.21713759;0.1;False;ok;8;1;1.150;
3805;-0.52757849;40.31713759;0.1;False;ok;10;1;1.288;
3806;-0.52757849;40.41713759;0.1;False;ok;4;1;1.184;
3807;-0.52757849;40.71713759;0.1;False;ok;5;1;1.335;
3808;-0.52757849;40.81713759;0.1;False;ok;8;1;1.265;
3809;-0.52757849;40.91713759;0.1;False;ok;4;1;1.325;
3810;-0.52757849;41.11713759;0.1;False;ok;11;1;1.263;
3811;-0.52757849;41.41713759;0.1;False;ok;1;1;1.274;
3812;-0.52132849;38.24213759;0.00625;False;ok;65;1;1.377;
3813;-0.52132849;38.24838759;0.00625;False;ok;74;1;1.409;
3814;-0.50257849;38.31713759;0.025;False;ok;64;1;1.320;
3815;-0.50257849;38.34213759;0.0125;False;ok;75;1;1.453;
3816;-0.50257849;38.35463759;0.0125;False;ok;15;1;1.214;
3817;-0.49007849;38.34213759;0.003125;False;ok;17;1;1.363;
3818;-0.49007849;38.34526259;0.003125;False;ok;55;1;1.307;
3819;-0.49007849;38.34838759;0.00625;False;ok;75;1;1.455;
3820;-0.49007849;38.35463759;0.0125;False;ok;74;1;1.321;
3821;-0.48695349;38.34213759;0.003125;False;ok;75;1;1.413;
3822;-0.48695349;38.34526259;0.003125;False;ok;72;1;1.356;
3823;-0.48382849;38.34213759;0.003125;False;ok;74;1;1.416;
3824;-0.48382849;38.34526259;0.0015625;False;ok;70;1;1.334;
3825;-0.48382849;38.34682509;0.0015625;False;ok;43;1;1.238;
3826;-0.48382849;38.34838759;0.00625;False;ok;75;1;1.320;
3827;-0.48226599;38.34526259;0.0015625;False;ok;71;1;1.343;
3828;-0.48226599;38.34682509;0.0015625;False;ok;31;1;1.251;
3829;-0.48070349;38.34213759;0.003125;False;ok;31;1;1.356;
3830;-0.48070349;38.34526259;0.003125;False;ok;68;1;1.433;
3831;-0.47757849;38.34213759;0.025;False;ok;74;1;1.766;
3832;-0.47757849;38.36713759;0.05;False;ok;48;1;1.244;
3833;-0.45257849;38.34213759;0.025;False;ok;75;1;1.244;
3834;-0.42757849;38.31713759;0.05;False;ok;73;1;1.211;
3835;-0.42757849;38.36713759;0.0125;False;ok;35;1;1.011;
3836;-0.42757849;38.37963759;0.0125;False;ok;28;1;1.033;
3837;-0.42757849;38.39213759;0.025;False;ok;73;1;1.276;
3838;-0.42757849;38.41713759;0.025;False;ok;6;1;0.921;
3839;-0.42757849;38.46713759;0.05;False;ok;7;1;0.858;
3840;-0.42757849;38.51713759;0.1;False;ok;6;1;0.866;
3841;-0.42757849;38.61713759;0.1;False;ok;11;1;0.951;
3842;-0.42757849;38.71713759;0.1;False;ok;10;1;0.932;
3843;-0.42757849;38.81713759;0.1;False;ok;13;1;0.967;
3844;-0.42757849;38.91713759;0.1;False;ok;0;1;1.634;
3845;-0.42757849;39.01713759;0.1;False;ok;11;1;0.933;
3846;-0.42757849;39.11713759;0.1;False;ok;26;1;1.149;
3847;-0.42757849;39.21713759;0.1;False;ok;4;1;1.040;
3848;-0.42757849;39.31713759;0.1;False;ok;22;1;1.131;
3849;-0.42757849;39.41713759;0.05;False;ok;75;1;1.346;
3850;-0.42757849;39.46713759;0.025;False;ok;46;1;1.273;
3851;-0.42757849;39.49213759;0.025;False;ok;36;1;1.225;
3852;-0.42757849;39.51713759;0.1;False;ok;26;1;1.305;
3853;-0.42757849;39.61713759;0.1;False;ok;20;1;1.289;
3854;-0.42757849;39.71713759;0.1;False;ok;14;1;1.249;
3855;-0.42757849;39.81713759;0.1;False;ok;9;1;1.162;
3856;-0.42757849;39.91713759;0.1;False;ok;6;1;1.236;
3857;-0.42757849;40.11713759;0.1;False;ok;17;1;1.207;
3858;-0.42757849;40.21713759;0.1;False;ok;2;1;1.160;
3859;-0.42757849;40.51713759;0.1;False;ok;15;1;1.220;
3860;-0.42757849;40.61713759;0.1;False;ok;12;1;1.177;
3861;-0.42757849;40.81713759;0.1;False;ok;4;1;1.090;
3862;-0.42757849;41.31713759;0.1;False;ok;4;1;1.115;
3863;-0.42757849;41.61713759;0.1;False;ok;1;1;1.059;
3864;-0.41507849;38.36713759;0.0125;False;ok;50;1;1.148;
3865;-0.41507849;38.37963759;0.0125;False;ok;75;1;1.090;
3866;-0.40257849;38.39213759;0.025;False;ok;52;1;1.084;
3867;-0.40257849;38.41713759;0.0125;False;ok;72;1;1.113;
3868;-0.40257849;38.42963759;0.0125;False;ok;12;1;1.032;
3869;-0.40257849;38.44213759;0.025;False;ok;8;1;1.020;
3870;-0.40257849;39.46713759;0.0125;False;ok;72;1;1.253;
3871;-0.40257849;39.47963759;0.0125;False;ok;37;1;1.189;
3872;-0.40257849;39.49213759;0.025;False;ok;49;1;1.407;
3873;-0.39007849;38.41713759;0.0125;False;ok;29;1;1.328;
3874;-0.39007849;38.42963759;0.0125;False;ok;23;1;1.398;
3875;-0.39007849;39.46713759;0.00625;False;ok;35;1;1.353;
3876;-0.39007849;39.47338759;0.00625;False;ok;49;1;1.475;
3877;-0.39007849;39.47963759;0.0125;False;ok;72;1;1.477;
3878;-0.38382849;39.46713759;0.00625;False;ok;74;1;1.540;
3879;-0.38382849;39.47338759;0.00625;False;ok;74;1;1.633;
3880;-0.37757849;38.41713759;0.05;False;ok;62;1;1.431;
3881;-0.37757849;38.46713759;0.05;False;ok;31;1;1.379;
3882;-0.37757849;39.44213759;0.0125;False;ok;46;1;1.500;
3883;-0.37757849;39.45463759;0.00625;False;ok;62;1;1.470;
3884;-0.37757849;39.46088759;0.00625;False;ok;74;1;1.491;
3885;-0.37757849;39.46713759;0.00625;False;ok;75;1;1.448;
3886;-0.37757849;39.47338759;0.00625;False;ok;75;1;1.240;
3887;-0.37757849;39.47963759;0.0125;False;ok;74;1;1.205;
3888;-0.37757849;39.49213759;0.025;False;ok;44;1;0.950;
3889;-0.37132849;39.45463759;0.00625;False;ok;73;1;1.075;
3890;-0.37132849;39.46088759;0.00625;False;ok;62;1;0.881;
3891;-0.37132849;39.46713759;0.00625;False;ok;15;1;0.876;
3892;-0.37132849;39.47338759;0.00625;False;ok;17;1;0.777;
3893;-0.36507849;39.44213759;0.0125;False;ok;21;1;1.027;
3894;-0.36507849;39.45463759;0.0125;False;ok;75;1;0.967;
3895;-0.36507849;39.46713759;0.0125;False;ok;62;1;0.898;
3896;-0.36507849;39.47963759;0.0125;False;ok;31;1;0.871;
3897;-0.35257849;39.44213759;0.0125;False;ok;2;1;0.785;
3898;-0.35257849;39.45463759;0.0125;False;ok;75;1;1.123;
3899;-0.35257849;39.46713759;0.0125;False;ok;75;1;1.112;
3900;-0.35257849;39.49213759;0.025;False;ok;5;1;0.988;
3901;-0.34007849;39.44213759;0.0125;False;ok;60;1;1.198;
3902;-0.34007849;39.45463759;0.0125;False;ok;74;1;1.464;
3903;-0.34007849;39.46713759;0.0125;False;ok;74;1;1.539;
3904;-0.34007849;39.47963759;0.0125;False;ok;41;1;1.653;
3905;-0.32757849;38.46713759;0.05;False;ok;52;1;1.420;
3906;-0.32757849;38.51713759;0.1;False;ok;22;1;1.321;
3907;-0.32757849;38.61713759;0.1;False;ok;7;1;1.294;
3908;-0.32757849;38.71713759;0.1;False;ok;7;1;1.241;
3909;-0.32757849;38.81713759;0.1;False;ok;9;1;1.295;
3910;-0.32757849;38.91713759;0.1;False;ok;17;1;1.322;
3911;-0.32757849;39.01713759;0.1;False;ok;20;1;1.336;
3912;-0.32757849;39.11713759;0.05;False;ok;6;1;1.261;
3913;-0.32757849;39.21713759;0.1;False;ok;74;1;1.300;
3914;-0.32757849;39.31713759;0.1;False;ok;12;1;1.202;
3915;-0.32757849;39.41713759;0.05;False;ok;39;1;1.258;
3916;-0.32757849;39.46713759;0.025;False;ok;75;1;1.261;
3917;-0.32757849;39.49213759;0.025;False;ok;60;1;1.300;
3918;-0.32757849;39.51713759;0.1;False;ok;72;1;1.077;
3919;-0.32757849;39.61713759;0.1;False;ok;63;1;1.008;
3920;-0.32757849;39.71713759;0.1;False;ok;7;1;0.928;
3921;-0.32757849;39.81713759;0.1;False;ok;18;1;0.751;
3922;-0.32757849;39.91713759;0.1;False;ok;7;1;0.850;
3923;-0.32757849;40.01713759;0.1;False;ok;2;1;0.923;
3924;-0.32757849;40.11713759;0.1;False;ok;9;1;1.011;
3925;-0.32757849;40.21713759;0.1;False;ok;7;1;1.014;
3926;-0.32757849;40.41713759;0.1;False;ok;25;1;1.159;
3927;-0.32757849;40.51713759;0.1;False;ok;11;1;1.114;
3928;-0.32757849;40.61713759;0.1;False;ok;3;1;1.213;
3929;-0.32757849;40.71713759;0.1;False;ok;9;1;1.290;
3930;-0.32757849;40.81713759;0.1;False;ok;2;1;1.116;
3931;-0.32757849;40.91713759;0.1;False;ok;7;1;1.304;
3932;-0.32757849;41.01713759;0.1;False;ok;6;1;1.336;
3933;-0.32757849;41.21713759;0.1;False;ok;1;1;1.305;
3934;-0.32757849;41.61713759;0.1;False;ok;2;1;1.412;
3935;-0.27757849;38.49213759;0.025;False;ok;73;1;1.550;
3936;-0.27757849;39.14213759;0.025;False;ok;16;1;1.374;
3937;-0.27757849;39.16713759;0.05;False;ok;74;1;1.538;
3938;-0.25257849;38.49213759;0.0125;False;ok;19;1;1.406;
3939;-0.25257849;39.11713759;0.025;False;ok;9;1;1.342;
3940;-0.25257849;39.15463759;0.00625;False;ok;1;1;1.381;
3941;-0.25257849;39.16088759;0.00625;False;ok;29;1;1.455;
3942;-0.24632849;39.15463759;0.00625;False;ok;19;1;1.253;
3943;-0.24632849;39.16088759;0.00625;False;ok;71;1;1.377;
3944;-0.24007849;38.49213759;0.0125;False;ok;75;1;1.427;
3945;-0.24007849;38.50463759;0.0125;False;ok;74;1;1.341;
3946;-0.24007849;39.14213759;0.0125;False;ok;2;1;1.054;
3947;-0.22757849;38.41713759;0.1;False;ok;71;1;1.380;
3948;-0.22757849;38.51713759;0.05;False;ok;74;1;1.321;
3949;-0.22757849;38.56713759;0.05;False;ok;15;1;1.172;
3950;-0.22757849;38.61713759;0.1;False;ok;48;1;1.227;
3951;-0.22757849;38.71713759;0.1;False;ok;6;1;1.044;
3952;-0.22757849;38.81713759;0.1;False;ok;49;1;1.233;
3953;-0.22757849;38.91713759;0.05;False;ok;37;1;1.093;
3954;-0.22757849;38.96713759;0.05;False;ok;52;1;1.220;
3955;-0.22757849;39.01713759;0.1;False;ok;70;1;1.147;
3956;-0.22757849;39.11713759;0.1;False;ok;70;1;1.301;
3957;-0.22757849;39.61713759;0.05;False;ok;74;1;1.337;
3958;-0.22757849;39.66713759;0.05;False;ok;70;1;1.366;
3959;-0.22757849;39.71713759;0.1;False;ok;74;1;1.351;
3960;-0.22757849;39.91713759;0.1;False;ok;2;1;1.093;
3961;-0.22757849;40.01713759;0.1;False;ok;7;1;1.129;
3962;-0.22757849;40.11713759;0.1;False;ok;4;1;1.102;
3963;-0.22757849;40.21713759;0.1;False;ok;5;1;1.101;
3964;-0.22757849;40.31713759;0.1;False;ok;16;1;1.170;
3965;-0.22757849;40.41713759;0.1;False;ok;8;1;1.092;
3966;-0.22757849;40.51713759;0.1;False;ok;6;1;1.087;
3967;-0.22757849;40.61713759;0.1;False;ok;11;1;1.231;
3968;-0.22757849;40.71713759;0.1;False;ok;2;1;1.111;
3969;-0.22757849;40.81713759;0.1;False;ok;2;1;1.105;
3970;-0.22757849;40.91713759;0.1;False;ok;8;1;1.076;
3971;-0.22757849;41.01713759;0.1;False;ok;51;1;1.152;
3972;-0.22757849;41.11713759;0.1;False;ok;7;1;1.155;
3973;-0.22757849;41.21713759;0.1;False;ok;1;1;1.050;
3974;-0.22757849;41.41713759;0.1;False;ok;0;1;1.930;
3975;-0.17757849;38.51713759;0.00625;False;ok;11;1;1.194;
3976;-0.17757849;38.52338759;0.00625;False;ok;75;1;1.398;
3977;-0.17757849;38.52963759;0.0125;False;ok;27;1;1.294;
3978;-0.17757849;38.54213759;0.025;False;ok;23;1;1.393;
3979;-0.17757849;38.56713759;0.05;False;ok;53;1;1.442;
3980;-0.17757849;38.91713759;0.05;False;ok;54;1;1.460;
3981;-0.17757849;38.96713759;0.025;False;ok;30;1;1.400;
3982;-0.17757849;38.99213759;0.0125;False;ok;28;1;1.378;
3983;-0.17757849;39.00463759;0.00625;False;ok;8;1;1.323;
3984;-0.17757849;39.01088759;0.00625;False;ok;56;1;1.320;
3985;-0.17132849;38.52338759;0.00625;False;ok;74;1;1.448;
3986;-0.17132849;39.00463759;0.00625;False;ok;72;1;1.415;
3987;-0.17132849;39.01088759;0.00625;False;ok;38;1;1.245;
3988;-0.16507849;38.51713759;0.0125;False;ok;71;1;1.309;
3989;-0.16507849;38.52963759;0.0125;False;ok;75;1;1.454;
3990;-0.16507849;38.99213759;0.00625;False;ok;59;1;1.279;
3991;-0.16507849;38.99838759;0.00625;False;ok;74;1;1.237;
3992;-0.16507849;39.00463759;0.0125;False;ok;19;1;1.051;
3993;-0.15882849;38.99213759;0.00625;False;ok;28;1;1.036;
3994;-0.15882849;38.99838759;0.00625;False;ok;8;1;0.812;
3995;-0.15257849;38.52963759;0.0125;False;ok;75;1;0.894;
3996;-0.15257849;38.54213759;0.025;False;ok;68;1;0.915;
3997;-0.15257849;38.96713759;0.025;False;ok;52;1;0.838;
3998;-0.14007849;38.53588759;0.00625;False;ok;75;1;1.166;
3999;-0.13382849;38.52963759;0.00625;False;ok;74;1;1.147;
4000;-0.13382849;38.53588759;0.003125;False;ok;64;1;1.132;
4001;-0.13382849;38.53901259;0.003125;False;ok;21;1;1.091;
4002;-0.13070349;38.53588759;0.003125;False;ok;73;1;1.177;
4003;-0.13070349;38.53901259;0.003125;False;ok;6;1;1.185;
4004;-0.12757849;38.52963759;0.00625;False;ok;4;1;1.116;
4005;-0.12757849;38.53588759;0.003125;False;ok;65;1;1.434;
4006;-0.12757849;38.53901259;0.003125;False;ok;25;1;1.319;
4007;-0.12757849;38.54213759;0.025;False;ok;62;1;1.412;
4008;-0.12757849;38.56713759;0.05;False;ok;66;1;1.524;
4009;-0.12757849;38.61713759;0.1;False;ok;73;1;1.416;
4010;-0.12757849;38.71713759;0.1;False;ok;70;1;1.525;
4011;-0.12757849;38.81713759;0.05;False;ok;26;1;1.408;
4012;-0.12757849;38.86713759;0.05;False;ok;19;1;1.373;
4013;-0.12757849;38.91713759;0.1;False;ok;72;1;1.474;
4014;-0.12757849;39.71713759;0.1;False;ok;2;1;1.184;
4015;-0.12757849;39.81713759;0.1;False;ok;60;1;1.254;
4016;-0.12757849;39.91713759;0.1;False;ok;74;1;1.298;
4017;-0.12757849;40.01713759;0.1;False;ok;18;1;1.128;
4018;-0.12757849;40.11713759;0.1;False;ok;13;1;0.943;
4019;-0.12757849;40.21713759;0.1;False;ok;8;1;0.877;
4020;-0.12757849;40.31713759;0.1;False;ok;6;1;0.901;
4021;-0.12757849;40.51713759;0.1;False;ok;10;1;0.877;
4022;-0.12757849;40.61713759;0.1;False;ok;46;1;0.896;
4023;-0.12757849;40.71713759;0.1;False;ok;5;1;0.856;
4024;-0.12757849;40.81713759;0.1;False;ok;2;1;0.794;
4025;-0.12757849;40.91713759;0.1;False;ok;6;1;0.861;
4026;-0.12757849;41.21713759;0.1;False;ok;13;1;1.056;
4027;-0.12445349;38.53588759;0.003125;False;ok;53;1;1.208;
4028;-0.12445349;38.53901259;0.003125;False;ok;29;1;1.195;
4029;-0.12132849;38.52963759;0.00625;False;ok;66;1;1.269;
4030;-0.12132849;38.53588759;0.003125;False;ok;50;1;1.357;
4031;-0.12132849;38.53901259;0.003125;False;ok;49;1;1.294;
4032;-0.11820349;38.53588759;0.003125;False;ok;73;1;1.528;
4033;-0.11820349;38.53901259;0.003125;False;ok;57;1;1.534;
4034;-0.11507849;38.51713759;0.0125;False;ok;12;1;1.418;
4035;-0.11507849;38.52963759;0.00625;False;ok;73;1;1.498;
4036;-0.11507849;38.53588759;0.003125;False;ok;75;1;1.558;
4037;-0.11507849;38.53901259;0.003125;False;ok;14;1;1.524;
4038;-0.11195349;38.53588759;0.003125;False;ok;62;1;1.488;
4039;-0.11195349;38.53901259;0.003125;False;ok;25;1;1.467;
4040;-0.10882849;38.52963759;0.0015625;False;ok;31;1;1.529;
4041;-0.10882849;38.53120009;0.0015625;False;ok;17;1;1.385;
4042;-0.10882849;38.53276259;0.003125;False;ok;75;1;1.507;
4043;-0.10882849;38.53588759;0.003125;False;ok;73;1;1.606;
4044;-0.10882849;38.53901259;0.003125;False;ok;19;1;1.306;
4045;-0.10726599;38.52963759;0.0015625;False;ok;70;1;1.267;
4046;-0.10726599;38.53120009;0.0015625;False;ok;45;1;1.037;
4047;-0.10570349;38.52963759;0.003125;False;ok;33;1;0.905;
4048;-0.10570349;38.53276259;0.003125;False;ok;69;1;0.978;
4049;-0.10570349;38.53588759;0.003125;False;ok;71;1;0.906;
4050;-0.10570349;38.53901259;0.003125;False;ok;4;1;0.720;
4051;-0.10257849;38.51713759;0.025;False;ok;74;1;0.862;
4052;-0.10257849;38.54213759;0.025;False;ok;17;1;0.776;
4053;-0.07757849;38.51713759;0.05;False;ok;24;1;0.898;
4054;-0.07757849;38.56713759;0.00625;False;ok;44;1;1.139;
4055;-0.07757849;38.57338759;0.00625;False;ok;19;1;1.012;
4056;-0.07757849;38.57963759;0.0125;False;ok;4;1;1.131;
4057;-0.07757849;38.59213759;0.025;False;ok;70;1;1.366;
4058;-0.07757849;38.81713759;0.05;False;ok;72;1;1.313;
4059;-0.07757849;38.86713759;0.025;False;ok;58;1;1.453;
4060;-0.07757849;38.89213759;0.025;False;ok;73;1;1.477;
4061;-0.07132849;38.56713759;0.00625;False;ok;30;1;1.364;
4062;-0.07132849;38.57338759;0.00625;False;ok;70;1;1.391;
4063;-0.06507849;38.56713759;0.0125;False;ok;16;1;1.326;
4064;-0.06507849;38.57963759;0.0125;False;ok;23;1;1.354;
4065;-0.05257849;38.59213759;0.00625;False;ok;32;1;1.387;
4066;-0.05257849;38.59838759;0.00625;False;ok;75;1;1.542;
4067;-0.05257849;38.60463759;0.0125;False;ok;7;1;1.325;
4068;-0.05257849;38.86713759;0.025;False;ok;75;1;1.571;
4069;-0.05257849;38.89213759;0.025;False;ok;13;1;1.315;
4070;-0.04632849;38.59838759;0.00625;False;ok;31;1;1.278;
4071;-0.04007849;38.59213759;0.0125;False;ok;0;1;1.926;
4072;-0.04007849;38.60463759;0.0125;False;ok;53;1;1.212;
4073;-0.02757849;38.61713759;0.0125;False;ok;30;1;1.164;
4074;-0.02757849;38.62963759;0.0125;False;ok;36;1;1.018;
4075;-0.02757849;38.64213759;0.025;False;ok;12;1;0.861;
4076;-0.02757849;38.66713759;0.05;False;ok;5;1;0.797;
4077;-0.02757849;38.71713759;0.05;False;ok;22;1;0.767;
4078;-0.02757849;38.76713759;0.05;False;ok;21;1;0.954;
4079;-0.02757849;38.81713759;0.025;False;ok;8;1;0.946;
4080;-0.02757849;38.84213759;0.025;False;ok;47;1;1.202;
4081;-0.02757849;38.86713759;0.05;False;ok;65;1;1.221;
4082;-0.02757849;39.91713759;0.1;False;ok;67;1;1.233;
4083;-0.02757849;40.01713759;0.1;False;ok;72;1;1.380;
4084;-0.02757849;40.11713759;0.1;False;ok;14;1;1.258;
4085;-0.02757849;40.21713759;0.1;False;ok;5;1;1.288;
4086;-0.02757849;40.31713759;0.1;False;ok;7;1;1.316;
4087;-0.02757849;40.41713759;0.1;False;ok;11;1;1.316;
4088;-0.02757849;40.51713759;0.1;False;ok;0;1;1.939;
4089;-0.02757849;40.61713759;0.1;False;ok;1;1;1.197;
4090;-0.02757849;40.71713759;0.1;False;ok;21;1;1.237;
4091;-0.02757849;40.81713759;0.1;False;ok;6;1;1.188;
4092;-0.02757849;40.91713759;0.1;False;ok;3;1;1.192;
4093;-0.02757849;41.41713759;0.1;False;ok;0;1;1.998;
4094;-0.01507849;38.61713759;0.0125;False;ok;4;1;1.258;
4095;-0.01507849;38.62963759;0.0125;False;ok;58;1;1.311;
4096;-0.00257849;38.62963759;0.0125;False;ok;49;1;1.364;
4097;-0.00257849;38.64213759;0.025;False;ok;4;1;1.091;
4098;-0.00257849;38.81713759;0.025;False;ok;20;1;1.041;
4099;-0.00257849;38.84213759;0.0125;False;ok;14;1;1.082;
4100;-0.00257849;38.85463759;0.0125;False;ok;72;1;1.018;
4101;0.00992151;38.62963759;0.0125;False;ok;36;1;0.916;
4102;0.00992151;38.84213759;0.0125;False;ok;23;1;0.879;
4103;0.00992151;38.85463759;0.0125;False;ok;68;1;1.137;
4104;0.02242151;38.62963759;0.00625;False;ok;37;1;1.089;
4105;0.02242151;38.63588759;0.00625;False;ok;17;1;1.054;
4106;0.02242151;38.64213759;0.0125;False;ok;35;1;1.053;
4107;0.02242151;38.65463759;0.0125;False;ok;23;1;1.055;
4108;0.02242151;38.66713759;0.025;False;ok;9;1;1.038;
4109;0.02242151;38.69213759;0.025;False;ok;9;1;1.048;
4110;0.02242151;38.71713759;0.05;False;ok;15;1;1.142;
4111;0.02242151;38.76713759;0.05;False;ok;65;1;1.193;
4112;0.02242151;38.81713759;0.025;False;ok;2;1;0.994;
4113;0.02242151;38.84213759;0.0125;False;ok;2;1;1.011;
4114;0.02242151;38.85463759;0.0125;False;ok;73;1;1.108;
4115;0.02867151;38.62963759;0.00625;False;ok;30;1;1.158;
4116;0.02867151;38.63588759;0.00625;False;ok;33;1;1.116;
4117;0.03492151;38.62963759;0.0125;False;ok;73;1;1.261;
4118;0.03492151;38.64213759;0.00625;False;ok;30;1;1.161;
4119;0.03492151;38.64838759;0.00625;False;ok;20;1;1.169;
4120;0.03492151;38.65463759;0.0125;False;ok;17;1;1.127;
4121;0.03492151;38.85463759;0.0125;False;ok;58;1;1.232;
4122;0.04117151;38.64213759;0.00625;False;ok;73;1;1.575;
4123;0.04117151;38.64838759;0.00625;False;ok;9;1;1.335;
4124;0.04742151;38.62963759;0.0125;False;ok;34;1;1.291;
4125;0.04742151;38.64213759;0.003125;False;ok;75;1;1.595;
4126;0.04742151;38.64526259;0.003125;False;ok;1;1;1.253;
4127;0.04742151;38.64838759;0.00625;False;ok;15;1;1.339;
4128;0.04742151;38.65463759;0.0125;False;ok;32;1;1.371;
4129;0.04742151;38.66713759;0.025;False;ok;74;1;1.605;
4130;0.04742151;38.69213759;0.025;False;ok;29;1;1.394;
4131;0.04742151;38.81713759;0.025;False;ok;8;1;1.364;
4132;0.04742151;38.84213759;0.0125;False;ok;0;1;1.961;
4133;0.04742151;38.85463759;0.00625;False;ok;56;1;1.355;
4134;0.04742151;38.86088759;0.00625;False;ok;32;1;1.246;
4135;0.05054651;38.64213759;0.003125;False;ok;75;1;1.401;
4136;0.05367151;38.64213759;0.003125;False;ok;74;1;1.252;
4137;0.05367151;38.64838759;0.00625;False;ok;21;1;1.069;
4138;0.05367151;38.85463759;0.00625;False;ok;70;1;1.161;
4139;0.05367151;38.86088759;0.00625;False;ok;8;1;1.067;
4140;0.05679651;38.64213759;0.003125;False;ok;74;1;1.155;
4141;0.05679651;38.64526259;0.003125;False;ok;27;1;0.957;
4142;0.05992151;38.63588759;0.00625;False;ok;63;1;0.936;
4143;0.05992151;38.64213759;0.00625;False;ok;41;1;0.890;
4144;0.05992151;38.64838759;0.00625;False;ok;50;1;0.941;
4145;0.05992151;38.65463759;0.00625;False;ok;43;1;0.920;
4146;0.05992151;38.66088759;0.00625;False;ok;21;1;0.832;
4147;0.05992151;38.84213759;0.0125;False;ok;25;1;0.840;
4148;0.05992151;38.85463759;0.00625;False;ok;70;1;1.140;
4149;0.06617151;38.63588759;0.00625;False;ok;74;1;1.270;
4150;0.06617151;38.64213759;0.003125;False;ok;7;1;1.047;
4151;0.06617151;38.64838759;0.00625;False;ok;22;1;1.133;
4152;0.06617151;38.65463759;0.00625;False;ok;23;1;1.134;
4153;0.06617151;38.66088759;0.00625;False;ok;34;1;1.255;
4154;0.06617151;38.85463759;0.00625;False;ok;62;1;1.355;
4155;0.06929651;38.64213759;0.003125;False;ok;75;1;1.396;
4156;0.06929651;38.64526259;0.003125;False;ok;22;1;1.332;
4157;0.07242151;38.51713759;0.1;False;ok;0;1;2.037;
4158;0.07242151;38.61713759;0.025;False;ok;39;1;1.368;
4159;0.07242151;38.64213759;0.00625;False;ok;72;1;1.451;
4160;0.07242151;38.64838759;0.003125;False;ok;75;1;1.528;
4161;0.07242151;38.65151259;0.003125;False;ok;40;1;1.348;
4162;0.07242151;38.65463759;0.00625;False;ok;49;1;1.388;
4163;0.07242151;38.66088759;0.00625;False;ok;39;1;1.425;
4164;0.07242151;38.66713759;0.0125;False;ok;71;1;1.444;
4165;0.07242151;38.67963759;0.0125;False;ok;13;1;1.299;
4166;0.07242151;38.69213759;0.025;False;ok;42;1;1.239;
4167;0.07242151;38.71713759;0.05;False;ok;30;1;1.269;
4168;0.07242151;38.76713759;0.05;False;ok;68;1;1.103;
4169;0.07242151;38.81713759;0.025;False;ok;58;1;1.104;
4170;0.07242151;38.84213759;0.0125;False;ok;68;1;1.100;
4171;0.07242151;38.85463759;0.0125;False;ok;39;1;1.052;
4172;0.07242151;40.01713759;0.05;False;ok;51;1;0.953;
4173;0.07242151;40.21713759;0.1;False;ok;6;1;0.822;
4174;0.07242151;40.31713759;0.1;False;ok;1;1;0.737;
4175;0.07242151;40.41713759;0.1;False;ok;5;1;0.785;
4176;0.07242151;40.51713759;0.1;False;ok;6;1;0.689;
4177;0.07242151;40.61713759;0.1;False;ok;8;1;0.824;
4178;0.07242151;40.71713759;0.1;False;ok;9;1;0.870;
4179;0.07242151;40.81713759;0.1;False;ok;69;1;1.148;
4180;0.07242151;40.91713759;0.1;False;ok;20;1;1.110;
4181;0.07242151;41.11713759;0.1;False;ok;3;1;1.168;
4182;0.07242151;41.61713759;0.1;False;ok;1;1;1.114;
4183;0.07554651;38.64838759;0.003125;False;ok;68;1;1.428;
4184;0.07554651;38.65151259;0.003125;False;ok;21;1;1.259;
4185;0.07867151;38.65463759;0.00625;False;ok;11;1;1.208;
4186;0.07867151;38.66088759;0.00625;False;ok;35;1;1.384;
4187;0.08492151;38.65463759;0.0125;False;ok;29;1;1.422;
4188;0.08492151;38.66713759;0.0125;False;ok;66;1;1.490;
4189;0.08492151;38.67963759;0.00625;False;ok;25;1;1.409;
4190;0.08492151;38.68588759;0.00625;False;ok;8;1;1.356;
4191;0.08492151;38.84213759;0.00625;False;ok;6;1;1.381;
4192;0.08492151;38.84838759;0.00625;False;ok;70;1;1.524;
4193;0.09117151;38.67963759;0.00625;False;ok;29;1;1.458;
4194;0.09117151;38.68588759;0.00625;False;ok;43;1;1.432;
4195;0.09117151;38.84213759;0.00625;False;ok;37;1;1.493;
4196;0.09117151;38.84838759;0.00625;False;ok;61;1;1.519;
4197;0.09742151;38.66713759;0.0125;False;ok;61;1;1.403;
4198;0.09742151;38.67963759;0.0125;False;ok;73;1;1.259;
4199;0.09742151;38.69213759;0.025;False;ok;71;1;1.226;
4200;0.09742151;38.81713759;0.0125;False;ok;42;1;1.092;
4201;0.09742151;38.82963759;0.0125;False;ok;68;1;1.128;
4202;0.09742151;38.84213759;0.00625;False;ok;72;1;1.027;
4203;0.09742151;38.84838759;0.00625;False;ok;26;1;0.856;
4204;0.10367151;38.84213759;0.00625;False;ok;63;1;0.976;
4205;0.10992151;38.66713759;0.0125;False;ok;19;1;0.964;
4206;0.10992151;38.67963759;0.0125;False;ok;73;1;1.093;
4207;0.10992151;38.81713759;0.0125;False;ok;57;1;1.104;
4208;0.10992151;38.82963759;0.0125;False;ok;74;1;1.247;
4209;0.10992151;38.84213759;0.0125;False;ok;18;1;1.054;
4210;0.12242151;38.67963759;0.0125;False;ok;74;1;1.337;
4211;0.12242151;38.69213759;0.0125;False;ok;69;1;1.397;
4212;0.12242151;38.70463759;0.0125;False;ok;17;1;1.316;
4213;0.12242151;38.71713759;0.025;False;ok;21;1;1.332;
4214;0.12242151;38.74213759;0.025;False;ok;30;1;1.387;
4215;0.12242151;38.76713759;0.025;False;ok;33;1;1.353;
4216;0.12242151;38.79213759;0.025;False;ok;47;1;1.450;
4217;0.12242151;38.81713759;0.0125;False;ok;59;1;1.370;
4218;0.12242151;38.82963759;0.0125;False;ok;17;1;1.288;
4219;0.12242151;40.06713759;0.025;False;ok;75;1;1.457;
4220;0.12242151;40.09213759;0.025;False;ok;71;1;1.492;
4221;0.12242151;40.11713759;0.025;False;ok;0;1;2.050;
4222;0.13492151;38.67963759;0.0125;False;ok;74;1;1.351;
4223;0.13492151;38.69213759;0.0125;False;ok;51;1;1.352;
4224;0.13492151;38.70463759;0.0125;False;ok;52;1;1.259;
4225;0.13492151;38.81713759;0.0125;False;ok;28;1;1.203;
4226;0.13492151;38.82963759;0.0125;False;ok;14;1;1.083;
4227;0.14742151;38.66713759;0.025;False;ok;14;1;1.026;
4228;0.14742151;38.69213759;0.0125;False;ok;50;1;1.088;
4229;0.14742151;38.70463759;0.0125;False;ok;58;1;1.123;
4230;0.14742151;38.71713759;0.025;False;ok;72;1;1.032;
4231;0.14742151;38.74213759;0.025;False;ok;54;1;1.211;
4232;0.14742151;38.76713759;0.025;False;ok;70;1;1.242;
4233;0.14742151;38.79213759;0.025;False;ok;32;1;1.088;
4234;0.14742151;38.81713759;0.025;False;ok;7;1;1.023;
4235;0.14742151;40.09213759;0.0125;False;ok;9;1;1.095;
4236;0.14742151;40.10463759;0.00625;False;ok;75;1;1.384;
4237;0.14742151;40.11088759;0.00625;False;ok;74;1;1.277;
4238;0.14742151;40.11713759;0.00625;False;ok;74;1;1.311;
4239;0.14742151;40.12338759;0.00625;False;ok;6;1;1.131;
4240;0.15367151;40.11088759;0.00625;False;ok;75;1;1.398;
4241;0.15367151;40.11713759;0.00625;False;ok;75;1;1.559;
4242;0.15367151;40.12338759;0.00625;False;ok;75;1;1.466;
4243;0.15992151;38.69213759;0.0125;False;ok;2;1;1.109;
4244;0.15992151;38.70463759;0.0125;False;ok;49;1;1.383;
4245;0.15992151;40.12963759;0.0125;False;ok;29;1;1.337;
4246;0.17242151;38.71713759;0.025;False;ok;22;1;1.298;
4247;0.17242151;38.74213759;0.0125;False;ok;20;1;1.218;
4248;0.17242151;38.75463759;0.0125;False;ok;27;1;1.114;
4249;0.17242151;38.76713759;0.0125;False;ok;74;1;1.183;
4250;0.17242151;38.77963759;0.0125;False;ok;74;1;1.291;
4251;0.17242151;38.79213759;0.025;False;ok;72;1;1.225;
4252;0.17242151;40.11713759;0.1;False;ok;22;1;1.145;
4253;0.17242151;40.21713759;0.05;False;ok;7;1;1.021;
4254;0.17242151;40.41713759;0.1;False;ok;18;1;1.061;
4255;0.17242151;40.51713759;0.1;False;ok;5;1;0.952;
4256;0.17242151;40.61713759;0.1;False;ok;5;1;0.896;
4257;0.17242151;40.81713759;0.1;False;ok;75;1;1.099;
4258;0.17242151;40.91713759;0.1;False;ok;30;1;1.059;
4259;0.17242151;41.01713759;0.1;False;ok;15;1;1.064;
4260;0.17242151;41.11713759;0.1;False;ok;2;1;0.935;
4261;0.17242151;41.61713759;0.1;False;ok;2;1;1.151;
4262;0.18492151;38.74213759;0.0125;False;ok;28;1;1.384;
4263;0.18492151;38.75463759;0.0125;False;ok;46;1;1.359;
4264;0.18492151;38.76713759;0.00625;False;ok;74;1;1.529;
4265;0.18492151;38.77338759;0.00625;False;ok;75;1;1.517;
4266;0.18492151;38.77963759;0.0125;False;ok;8;1;1.273;
4267;0.19117151;38.76713759;0.00625;False;ok;49;1;1.475;
4268;0.19742151;38.72963759;0.0125;False;ok;57;1;1.476;
4269;0.19742151;38.74213759;0.00625;False;ok;15;1;1.442;
4270;0.19742151;38.74838759;0.00625;False;ok;28;1;1.326;
4271;0.19742151;38.75463759;0.0125;False;ok;69;1;1.379;
4272;0.19742151;38.76713759;0.025;False;ok;12;1;1.299;
4273;0.20367151;38.74213759;0.00625;False;ok;19;1;1.289;
4274;0.20367151;38.74838759;0.00625;False;ok;24;1;1.268;
4275;0.20992151;38.72963759;0.0125;False;ok;44;1;1.290;
4276;0.20992151;38.74213759;0.0125;False;ok;41;1;1.307;
4277;0.20992151;38.75463759;0.0125;False;ok;7;1;1.155;
4278;0.22242151;38.71713759;0.05;False;ok;71;1;1.237;
4279;0.22242151;40.26713759;0.05;False;ok;6;1;1.132;
4280;0.24742151;40.21713759;0.0125;False;ok;0;1;1.852;
4281;0.24742151;40.24213759;0.025;False;ok;10;1;0.806;
4282;0.25992151;40.21713759;0.0125;False;ok;52;1;0.802;
4283;0.25992151;40.22963759;0.0125;False;ok;56;1;0.807;
4284;0.27242151;40.21713759;0.025;False;ok;52;1;0.710;
4285;0.27242151;40.24213759;0.0125;False;ok;73;1;1.137;
4286;0.27242151;40.25463759;0.0125;False;ok;6;1;1.083;
4287;0.27242151;40.26713759;0.05;False;ok;1;1;1.084;
4288;0.27242151;40.31713759;0.1;False;ok;71;1;1.666;
4289;0.27242151;40.41713759;0.1;False;ok;30;1;1.383;
4290;0.27242151;40.51713759;0.1;False;ok;22;1;1.350;
4291;0.27242151;40.61713759;0.1;False;ok;8;1;1.358;
4292;0.27242151;40.71713759;0.1;False;ok;3;1;1.299;
4293;0.27242151;40.91713759;0.1;False;ok;29;1;1.397;
4294;0.27242151;41.01713759;0.1;False;ok;7;1;1.328;
4295;0.27242151;41.11713759;0.1;False;ok;3;1;1.407;
4296;0.27242151;41.21713759;0.1;False;ok;6;1;1.329;
4297;0.27242151;41.31713759;0.1;False;ok;9;1;1.389;
4298;0.27242151;41.41713759;0.1;False;ok;2;1;1.391;
4299;0.27242151;41.51713759;0.1;False;ok;2;1;1.316;
4300;0.28492151;40.24213759;0.0125;False;ok;45;1;1.348;
4301;0.28492151;40.25463759;0.0125;False;ok;72;1;1.387;
4302;0.37242151;40.35463759;0.0125;False;ok;24;1;1.265;
4303;0.37242151;40.36713759;0.025;False;ok;73;1;1.271;
4304;0.37242151;40.39213759;0.025;False;ok;2;1;0.867;
4305;0.37242151;40.41713759;0.1;False;ok;75;1;1.072;
4306;0.37242151;40.51713759;0.1;False;ok;66;1;0.997;
4307;0.37242151;40.61713759;0.1;False;ok;1;1;0.841;
4308;0.37242151;40.71713759;0.1;False;ok;4;1;0.953;
4309;0.37242151;40.81713759;0.1;False;ok;7;1;1.138;
4310;0.37242151;40.91713759;0.1;False;ok;29;1;1.094;
4311;0.37242151;41.01713759;0.1;False;ok;5;1;1.091;
4312;0.37242151;41.21713759;0.1;False;ok;6;1;1.108;
4313;0.37242151;41.41713759;0.1;False;ok;3;1;1.175;
4314;0.37242151;41.51713759;0.1;False;ok;2;1;1.653;
4315;0.38492151;40.34213759;0.0125;False;ok;63;1;1.400;
4316;0.38492151;40.35463759;0.00625;False;ok;4;1;1.283;
4317;0.38492151;40.36088759;0.00625;False;ok;53;1;1.485;
4318;0.39117151;40.35463759;0.00625;False;ok;70;1;1.487;
4319;0.39117151;40.36088759;0.00625;False;ok;69;1;1.508;
4320;0.39742151;40.35463759;0.00625;False;ok;74;1;1.515;
4321;0.39742151;40.36088759;0.00625;False;ok;75;1;1.504;
4322;0.39742151;40.36713759;0.0125;False;ok;74;1;1.524;
4323;0.39742151;40.37963759;0.0125;False;ok;74;1;1.569;
4324;0.39742151;40.39213759;0.025;False;ok;72;1;1.469;
4325;0.40367151;40.35463759;0.00625;False;ok;74;1;1.427;
4326;0.40992151;40.37963759;0.0125;False;ok;54;1;1.281;
4327;0.42242151;40.36713759;0.05;False;ok;56;1;1.332;
4328;0.47242151;40.41713759;0.1;False;ok;75;1;1.239;
4329;0.47242151;40.51713759;0.1;False;ok;73;1;1.138;
4330;0.47242151;40.61713759;0.1;False;ok;18;1;1.125;
4331;0.47242151;40.71713759;0.1;False;ok;17;1;0.981;
4332;0.47242151;40.81713759;0.1;False;ok;37;1;0.982;
4333;0.47242151;40.91713759;0.1;False;ok;19;1;0.901;
4334;0.47242151;41.01713759;0.1;False;ok;7;1;0.807;
4335;0.47242151;41.21713759;0.1;False;ok;7;1;0.720;
4336;0.47242151;41.31713759;0.1;False;ok;2;1;0.778;
4337;0.47242151;41.41713759;0.1;False;ok;1;1;0.682;
4338;0.47242151;41.51713759;0.1;False;ok;4;1;0.988;
4339;0.47242151;41.61713759;0.1;False;ok;1;1;0.986;
4340;0.57242151;40.51713759;0.1;False;ok;74;1;1.220;
4341;0.57242151;40.61713759;0.1;False;ok;71;1;1.417;
4342;0.57242151;40.71713759;0.1;False;ok;68;1;1.402;
4343;0.57242151;40.81713759;0.1;False;ok;5;1;1.331;
4344;0.57242151;40.91713759;0.1;False;ok;11;1;1.406;
4345;0.57242151;41.01713759;0.1;False;ok;41;1;1.461;
4346;0.57242151;41.11713759;0.1;False;ok;9;1;1.394;
4347;0.57242151;41.31713759;0.1;False;ok;1;1;1.337;
4348;0.57242151;41.41713759;0.1;False;ok;1;1;1.331;
4349;0.57242151;41.51713759;0.1;False;ok;13;1;1.483;
4350;0.57242151;41.61713759;0.1;False;ok;16;1;1.466;
4351;0.67242151;40.61713759;0.1;False;ok;75;1;1.818;
4352;0.67242151;40.71713759;0.05;False;ok;62;1;1.620;
4353;0.67242151;40.76713759;0.025;False;ok;16;1;1.366;
4354;0.67242151;40.79213759;0.025;False;ok;22;1;1.379;
4355;0.67242151;40.81713759;0.05;False;ok;15;1;1.377;
4356;0.67242151;40.86713759;0.05;False;ok;15;1;1.241;
4357;0.67242151;40.91713759;0.1;False;ok;4;1;1.195;
4358;0.67242151;41.01713759;0.1;False;ok;16;1;1.001;
4359;0.67242151;41.11713759;0.1;False;ok;14;1;1.034;
4360;0.67242151;41.21713759;0.1;False;ok;13;1;0.855;
4361;0.67242151;41.41713759;0.1;False;ok;3;1;0.798;
4362;0.67242151;41.51713759;0.1;False;ok;1;1;0.919;
4363;0.67242151;41.61713759;0.1;False;ok;3;1;0.813;
4364;0.69742151;40.79213759;0.025;False;ok;71;1;1.150;
4365;0.72242151;40.71713759;0.05;False;ok;67;1;1.240;
4366;0.72242151;40.81713759;0.05;False;ok;53;1;1.331;
4367;0.72242151;40.86713759;0.05;False;ok;7;1;1.089;
4368;0.77242151;40.61713759;0.1;False;ok;52;1;1.227;
4369;0.77242151;40.71713759;0.05;False;ok;4;1;1.345;
4370;0.77242151;40.81713759;0.05;False;ok;2;1;1.327;
4371;0.77242151;40.86713759;0.025;False;ok;19;1;1.357;
4372;0.77242151;40.89213759;0.025;False;ok;11;1;1.340;
4373;0.77242151;40.91713759;0.1;False;ok;74;1;1.579;
4374;0.77242151;41.01713759;0.1;False;ok;11;1;1.422;
4375;0.77242151;41.11713759;0.1;False;ok;42;1;1.384;
4376;0.77242151;41.21713759;0.1;False;ok;13;1;1.342;
4377;0.77242151;41.31713759;0.1;False;ok;5;1;1.322;
4378;0.77242151;41.41713759;0.1;False;ok;4;1;1.267;
4379;0.77242151;41.51713759;0.1;False;ok;5;1;1.300;
4380;0.79742151;40.86713759;0.025;False;ok;59;1;1.347;
4381;0.79742151;40.90463759;0.0125;False;ok;37;1;1.306;
4382;0.80992151;40.89213759;0.0125;False;ok;16;1;1.162;
4383;0.80992151;40.90463759;0.0125;False;ok;37;1;1.151;
4384;0.82242151;40.71713759;0.0125;False;ok;75;1;1.181;
4385;0.82242151;40.72963759;0.0125;False;ok;4;1;1.027;
4386;0.82242151;40.86713759;0.05;False;ok;19;1;0.870;
4387;0.83492151;40.71713759;0.0125;False;ok;74;1;1.303;
4388;0.87242151;40.96713759;0.05;False;ok;27;1;0.931;
4389;0.87242151;41.01713759;0.05;False;ok;40;1;1.127;
4390;0.87242151;41.06713759;0.05;False;ok;2;1;1.198;
4391;0.87242151;41.11713759;0.1;False;ok;17;1;1.139;
4392;0.87242151;41.21713759;0.1;False;ok;36;1;1.327;
4393;0.87242151;41.31713759;0.1;False;ok;16;1;1.302;
4394;0.87242151;41.51713759;0.1;False;ok;8;1;1.213;
4395;0.87242151;41.61713759;0.1;False;ok;12;1;1.324;
4396;0.92242151;40.96713759;0.025;False;ok;15;1;1.322;
4397;0.92242151;40.99213759;0.0125;False;ok;70;1;1.313;
4398;0.92242151;41.00463759;0.0125;False;ok;39;1;1.370;
4399;0.92242151;41.01713759;0.025;False;ok;30;1;1.369;
4400;0.92242151;41.04213759;0.025;False;ok;2;1;1.207;
4401;0.92242151;41.06713759;0.05;False;ok;11;1;1.325;
4402;0.93492151;40.99213759;0.0125;False;ok;16;1;1.264;
4403;0.93492151;41.00463759;0.00625;False;ok;32;1;1.274;
4404;0.93492151;41.01088759;0.00625;False;ok;16;1;1.279;
4405;0.94117151;41.00463759;0.00625;False;ok;12;1;1.185;
4406;0.94117151;41.01088759;0.00625;False;ok;62;1;1.267;
4407;0.94742151;40.99213759;0.025;False;ok;38;1;1.186;
4408;0.94742151;41.01713759;0.0125;False;ok;70;1;1.017;
4409;0.94742151;41.02963759;0.0125;False;ok;7;1;0.941;
4410;0.95992151;41.01713759;0.0125;False;ok;22;1;0.971;
4411;0.95992151;41.02963759;0.0125;False;ok;9;1;0.991;
4412;0.97242151;41.01713759;0.05;False;ok;45;1;1.104;
4413;0.97242151;41.06713759;0.05;False;ok;2;1;0.940;
4414;0.97242151;41.11713759;0.1;False;ok;30;1;1.139;
4415;0.97242151;41.21713759;0.1;False;ok;27;1;1.358;
4416;0.97242151;41.31713759;0.1;False;ok;3;1;1.274;
4417;0.97242151;41.41713759;0.1;False;ok;7;1;1.196;
4418;0.97242151;41.51713759;0.1;False;ok;9;1;1.295;
4419;0.97242151;41.61713759;0.1;False;ok;2;1;1.278;
4420;1.02242151;41.04213759;0.0125;False;ok;7;1;1.330;
4421;1.02242151;41.05463759;0.0125;False;ok;54;1;1.522;
4422;1.02242151;41.06713759;0.025;False;ok;7;1;1.309;
4423;1.02242151;41.09213759;0.025;False;ok;2;1;1.364;
4424;1.03492151;41.05463759;0.0125;False;ok;41;1;1.417;
4425;1.04742151;41.05463759;0.0125;False;ok;75;1;1.426;
4426;1.04742151;41.06713759;0.025;False;ok;75;1;1.505;
4427;1.05992151;41.05463759;0.0125;False;ok;72;1;1.463;
4428;1.07242151;41.01713759;0.05;False;ok;75;1;1.440;
4429;1.07242151;41.06713759;0.0125;False;ok;54;1;1.313;
4430;1.07242151;41.09213759;0.025;False;ok;2;1;1.204;
4431;1.07242151;41.11713759;0.1;False;ok;43;1;1.394;
4432;1.07242151;41.21713759;0.1;False;ok;19;1;1.191;
4433;1.07242151;41.31713759;0.1;False;ok;43;1;1.231;
4434;1.07242151;41.41713759;0.1;False;ok;5;1;1.082;
4435;1.07242151;41.51713759;0.1;False;ok;6;1;1.076;
4436;1.07242151;41.61713759;0.1;False;ok;15;1;1.022;
4437;1.08492151;41.06713759;0.0125;False;ok;66;1;1.174;
4438;1.08492151;41.07963759;0.0125;False;ok;6;1;1.041;
4439;1.09742151;41.06713759;0.0125;False;ok;75;1;1.261;
4440;1.09742151;41.07963759;0.0125;False;ok;14;1;1.099;
4441;1.10992151;41.06713759;0.0125;False;ok;50;1;1.155;
4442;1.10992151;41.07963759;0.0125;False;ok;0;1;1.868;
4443;1.12242151;41.07338759;0.00625;False;ok;60;1;1.334;
4444;1.12242151;41.07963759;0.0125;False;ok;42;1;1.265;
4445;1.12242151;41.09213759;0.025;False;ok;7;1;1.207;
4446;1.12867151;41.07338759;0.00625;False;ok;59;1;1.369;
4447;1.13492151;41.07338759;0.003125;False;ok;61;1;1.320;
4448;1.13492151;41.07651259;0.003125;False;ok;26;1;1.280;
4449;1.13492151;41.07963759;0.0125;False;ok;17;1;1.337;
4450;1.13804651;41.07338759;0.003125;False;ok;47;1;1.309;
4451;1.13804651;41.07651259;0.003125;False;ok;23;1;1.366;
4452;1.14117151;41.06713759;0.00625;False;ok;75;1;1.394;
4453;1.14117151;41.07338759;0.003125;False;ok;75;1;1.307;
4454;1.14117151;41.07651259;0.003125;False;ok;66;1;1.320;
4455;1.14429651;41.07338759;0.003125;False;ok;45;1;1.278;
4456;1.14429651;41.07651259;0.003125;False;ok;37;1;1.261;
4457;1.14742151;41.05463759;0.0125;False;ok;22;1;1.148;
4458;1.14742151;41.06713759;0.003125;False;ok;61;1;1.122;
4459;1.14742151;41.07026259;0.003125;False;ok;72;1;1.165;
4460;1.14742151;41.07338759;0.00625;False;ok;59;1;1.141;
4461;1.14742151;41.07963759;0.0125;False;ok;16;1;0.992;
4462;1.14742151;41.09213759;0.025;False;ok;3;1;0.808;
4463;1.15054651;41.06713759;0.003125;False;ok;65;1;0.994;
4464;1.15054651;41.07026259;0.003125;False;ok;52;1;0.963;
4465;1.15367151;41.06713759;0.00625;False;ok;45;1;0.977;
4466;1.15992151;41.05463759;0.00625;False;ok;74;1;1.082;
4467;1.15992151;41.06088759;0.00625;False;ok;23;1;1.069;
4468;1.15992151;41.06713759;0.0125;False;ok;6;1;1.097;
4469;1.15992151;41.07963759;0.0125;False;ok;3;1;1.058;
4470;1.16617151;41.05463759;0.00625;False;ok;50;1;1.275;
4471;1.16617151;41.06088759;0.00625;False;ok;64;1;1.360;
4472;1.17242151;41.01713759;0.05;False;ok;49;1;1.447;
4473;1.17242151;41.06713759;0.00625;False;ok;31;1;1.379;
4474;1.17242151;41.07338759;0.00625;False;ok;26;1;1.351;
4475;1.17242151;41.07963759;0.0125;False;ok;65;1;1.380;
4476;1.17242151;41.11713759;0.05;False;ok;4;1;1.363;
4477;1.17242151;41.16713759;0.05;False;ok;5;1;1.325;
4478;1.17242151;41.21713759;0.1;False;ok;6;1;1.403;
4479;1.17242151;41.31713759;0.1;False;ok;16;1;1.371;
4480;1.17242151;41.41713759;0.1;False;ok;9;1;1.290;
4481;1.17242151;41.51713759;0.1;False;ok;11;1;1.309;
4482;1.17242151;41.61713759;0.1;False;ok;4;1;1.396;
4483;1.17867151;41.07338759;0.00625;False;ok;74;1;1.322;
4484;1.18492151;41.07963759;0.0125;False;ok;47;1;1.295;
4485;1.19742151;41.09213759;0.025;False;ok;3;1;1.171;
4486;1.22242151;41.06713759;0.05;False;ok;75;1;1.226;
4487;1.22242151;41.11713759;0.05;False;ok;73;1;1.206;
4488;1.22242151;41.16713759;0.05;False;ok;1;1;0.920;
4489;1.27242151;41.01713759;0.1;False;ok;0;1;1.678;
4490;1.27242151;41.11713759;0.1;False;ok;65;1;1.031;
4491;1.27242151;41.21713759;0.1;False;ok;12;1;1.038;
4492;1.27242151;41.31713759;0.1;False;ok;7;1;1.023;
4493;1.27242151;41.41713759;0.1;False;ok;9;1;1.106;
4494;1.27242151;41.51713759;0.1;False;ok;1;1;1.041;
4495;1.27242151;41.61713759;0.1;False;ok;6;1;1.131;
4496;1.37242151;41.11713759;0.025;False;ok;47;1;1.167;
4497;1.37242151;41.14213759;0.025;False;ok;5;1;1.105;
4498;1.37242151;41.16713759;0.05;False;ok;10;1;1.170;
4499;1.37242151;41.21713759;0.1;False;ok;14;1;1.183;
4500;1.37242151;41.31713759;0.1;False;ok;7;1;1.157;
4501;1.37242151;41.41713759;0.1;False;ok;0;1;1.903;
4502;1.37242151;41.51713759;0.1;False;ok;1;1;1.076;
4503;1.37242151;41.61713759;0.1;False;ok;6;1;1.208;
4504;1.39742151;41.11713759;0.025;False;ok;74;1;1.296;
4505;1.39742151;41.14213759;0.025;False;ok;73;1;1.263;
4506;1.42242151;41.11713759;0.05;False;ok;49;1;1.321;
4507;1.42242151;41.16713759;0.05;False;ok;27;1;1.189;
4508;1.47242151;41.16713759;0.05;False;ok;70;1;1.258;
4509;1.47242151;41.21713759;0.1;False;ok;36;1;1.263;
4510;1.47242151;41.31713759;0.1;False;ok;15;1;1.171;
4511;1.47242151;41.41713759;0.1;False;ok;2;1;1.025;
4512;1.47242151;41.51713759;0.1;False;ok;12;1;1.102;
4513;1.47242151;41.61713759;0.1;False;ok;7;1;1.170;
4514;1.52242151;41.16713759;0.025;False;ok;33;1;1.235;
4515;1.52242151;41.19213759;0.025;False;ok;3;1;1.156;
4516;1.54742151;41.16713759;0.025;False;ok;75;1;1.323;
4517;1.54742151;41.19213759;0.025;False;ok;22;1;1.179;
4518;1.57242151;41.16713759;0.025;False;ok;74;1;1.305;
4519;1.57242151;41.19213759;0.025;False;ok;18;1;1.169;
4520;1.57242151;41.21713759;0.1;False;ok;38;1;1.338;
4521;1.57242151;41.31713759;0.1;False;ok;31;1;1.240;
4522;1.57242151;41.41713759;0.1;False;ok;11;1;1.137;
4523;1.57242151;41.51713759;0.1;False;ok;14;1;1.202;
4524;1.57242151;41.61713759;0.1;False;ok;3;1;1.071;
4525;1.59742151;41.16713759;0.025;False;ok;33;1;1.177;
4526;1.59742151;41.19213759;0.025;False;ok;65;1;1.304;
4527;1.62242151;41.16713759;0.05;False;ok;60;1;1.253;
4528;1.67242151;41.11713759;0.1;False;ok;46;1;1.302;
4529;1.67242151;41.21713759;0.1;False;ok;74;1;1.329;
4530;1.67242151;41.31713759;0.1;False;ok;48;1;1.245;
4531;1.67242151;41.41713759;0.1;False;ok;16;1;1.235;
4532;1.67242151;41.51713759;0.1;False;ok;12;1;1.138;
4533;1.67242151;41.61713759;0.1;False;ok;16;1;1.171;
4534;1.77242151;41.21713759;0.025;False;ok;30;1;1.329;
4535;1.77242151;41.24213759;0.025;False;ok;13;1;1.235;
4536;1.77242151;41.26713759;0.05;False;ok;31;1;1.308;
4537;1.77242151;41.31713759;0.1;False;ok;23;1;1.313;
4538;1.77242151;41.41713759;0.1;False;ok;20;1;1.249;
4539;1.77242151;41.51713759;0.1;False;ok;41;1;1.336;
4540;1.77242151;41.61713759;0.1;False;ok;13;1;1.228;
4541;1.79742151;41.22963759;0.00625;False;ok;20;1;1.221;
4542;1.79742151;41.23588759;0.00625;False;ok;27;1;1.287;
4543;1.79742151;41.24213759;0.025;False;ok;20;1;1.236;
4544;1.80367151;41.22963759;0.00625;False;ok;63;1;1.375;
4545;1.80367151;41.23588759;0.003125;False;ok;41;1;1.231;
4546;1.80679651;41.23588759;0.003125;False;ok;60;1;1.361;
4547;1.80679651;41.23901259;0.003125;False;ok;7;1;1.134;
4548;1.80992151;41.22963759;0.00625;False;ok;21;1;1.249;
4549;1.80992151;41.23588759;0.00625;False;ok;61;1;1.346;
4550;1.81617151;41.22963759;0.00625;False;ok;2;1;1.224;
4551;1.81617151;41.23588759;0.00625;False;ok;26;1;1.298;
4552;1.82242151;41.21713759;0.05;False;ok;64;1;1.319;
4553;1.87242151;41.21713759;0.1;False;ok;69;1;1.403;
4554;1.87242151;41.31713759;0.1;False;ok;18;1;1.236;
4555;1.87242151;41.41713759;0.1;False;ok;22;1;1.280;
4556;1.87242151;41.51713759;0.1;False;ok;5;1;1.186;
4557;1.87242151;41.61713759;0.1;False;ok;7;1;1.171;
4558;1.97242151;41.21713759;0.1;False;ok;75;1;1.464;
4559;1.97242151;41.31713759;0.1;False;ok;43;1;1.274;
4560;1.97242151;41.41713759;0.1;False;ok;38;1;1.377;
4561;1.97242151;41.51713759;0.1;False;ok;67;1;1.309;
4562;1.97242151;41.61713759;0.1;False;ok;5;1;1.189;
4563;2.07242151;41.21713759;0.1;False;ok;2;1;1.107;
4564;2.07242151;41.31713759;0.05;False;ok;68;1;1.289;
4565;2.07242151;41.36713759;0.05;False;ok;73;1;1.340;
4566;2.07242151;41.41713759;0.1;False;ok;69;1;1.268;
4567;2.07242151;41.51713759;0.1;False;ok;19;1;1.130;
4568;2.07242151;41.61713759;0.1;False;ok;11;1;1.112;
4569;2.12242151;41.31713759;0.05;False;ok;71;1;1.356;
4570;2.12242151;41.36713759;0.0125;False;ok;75;1;1.331;
4571;2.12242151;41.37963759;0.0125;False;ok;53;1;1.317;
4572;2.12242151;41.39213759;0.025;False;ok;74;1;1.392;
4573;2.13492151;41.36713759;0.0125;False;ok;75;1;1.458;
4574;2.13492151;41.37963759;0.0125;False;ok;70;1;1.408;
4575;2.14742151;41.36713759;0.00625;False;ok;7;1;1.233;
4576;2.14742151;41.37338759;0.00625;False;ok;28;1;1.389;
4577;2.14742151;41.37963759;0.00625;False;ok;59;1;1.393;
4578;2.14742151;41.38588759;0.00625;False;ok;29;1;1.334;
4579;2.14742151;41.39213759;0.00625;False;ok;41;1;1.455;
4580;2.14742151;41.39838759;0.00625;False;ok;33;1;1.320;
4581;2.14742151;41.40463759;0.0125;False;ok;51;1;1.363;
4582;2.15367151;41.36713759;0.00625;False;ok;22;1;1.229;
4583;2.15367151;41.37338759;0.00625;False;ok;75;1;1.340;
4584;2.15367151;41.37963759;0.00625;False;ok;73;1;1.313;
4585;2.15367151;41.38588759;0.00625;False;ok;75;1;1.312;
4586;2.15367151;41.39213759;0.00625;False;ok;73;1;1.338;
4587;2.15367151;41.39838759;0.00625;False;ok;71;1;1.263;
4588;2.15992151;41.36713759;0.00625;False;ok;41;1;1.100;
4589;2.15992151;41.37338759;0.00625;False;ok;75;1;1.177;
4590;2.15992151;41.37963759;0.00625;False;ok;73;1;1.192;
4591;2.15992151;41.38588759;0.00625;False;ok;74;1;1.146;
4592;2.15992151;41.39213759;0.00625;False;ok;74;1;1.183;
4593;2.15992151;41.39838759;0.00625;False;ok;70;1;1.156;
4594;2.15992151;41.40463759;0.0125;False;ok;75;1;1.214;
4595;2.16617151;41.36713759;0.00625;False;ok;34;1;1.040;
4596;2.16617151;41.37338759;0.00625;False;ok;68;1;1.169;
4597;2.16617151;41.37963759;0.00625;False;ok;71;1;1.178;
4598;2.16617151;41.38588759;0.003125;False;ok;43;1;1.175;
4599;2.16617151;41.38901259;0.003125;False;ok;27;1;1.049;
4600;2.16617151;41.39213759;0.00625;False;ok;75;1;1.273;
4601;2.16617151;41.39838759;0.00625;False;ok;55;1;1.153;
4602;2.16929651;41.38588759;0.003125;False;ok;34;1;1.132;
4603;2.16929651;41.38901259;0.003125;False;ok;30;1;1.135;
4604;2.17242151;41.36713759;0.0125;False;ok;69;1;1.353;
4605;2.17242151;41.37963759;0.003125;False;ok;49;1;1.140;
4606;2.17242151;41.38276259;0.003125;False;ok;24;1;1.104;
4607;2.17242151;41.38588759;0.00625;False;ok;75;1;1.324;
4608;2.17242151;41.39213759;0.00625;False;ok;72;1;1.218;
4609;2.17242151;41.39838759;0.00625;False;ok;75;1;1.258;
4610;2.17242151;41.40463759;0.00625;False;ok;75;1;1.168;
4611;2.17242151;41.41088759;0.00625;False;ok;28;1;1.078;
4612;2.17242151;41.41713759;0.05;False;ok;74;1;1.092;
4613;2.17242151;41.46713759;0.05;False;ok;3;1;0.980;
4614;2.17242151;41.51713759;0.1;False;ok;22;1;0.997;
4615;2.17242151;41.61713759;0.1;False;ok;25;1;0.988;
4616;2.17554651;41.37963759;0.003125;False;ok;35;1;1.015;
4617;2.17554651;41.38276259;0.003125;False;ok;13;1;1.004;
4618;2.17867151;41.37963759;0.00625;False;ok;75;1;1.191;
4619;2.17867151;41.38588759;0.00625;False;ok;28;1;1.005;
4620;2.17867151;41.39213759;0.00625;False;ok;34;1;1.067;
4621;2.17867151;41.39838759;0.00625;False;ok;39;1;1.159;
4622;2.17867151;41.40463759;0.00625;False;ok;52;1;1.099;
4623;2.17867151;41.41088759;0.00625;False;ok;10;1;1.014;
4624;2.18492151;41.36713759;0.0125;False;ok;29;1;1.145;
4625;2.18492151;41.37963759;0.0125;False;ok;62;1;1.291;
4626;2.18492151;41.39213759;0.0125;False;ok;69;1;1.257;
4627;2.18492151;41.40463759;0.0125;False;ok;37;1;1.293;
4628;2.19742151;41.36713759;0.025;False;ok;9;1;1.236;
4629;2.19742151;41.39213759;0.0125;False;ok;72;1;1.467;
4630;2.19742151;41.40463759;0.0125;False;ok;35;1;1.436;
4631;2.20992151;41.39213759;0.0125;False;ok;9;1;1.279;
4632;2.20992151;41.40463759;0.0125;False;ok;53;1;1.586;
4633;2.22242151;41.36713759;0.05;False;ok;17;1;1.367;
4634;2.22242151;41.41713759;0.05;False;ok;74;1;1.562;
4635;2.22242151;41.46713759;0.05;False;ok;12;1;1.364;
4636;2.27242151;41.41713759;0.1;False;ok;74;1;1.370;
4637;2.27242151;41.51713759;0.1;False;ok;47;1;1.351;
4638;2.27242151;41.61713759;0.1;False;ok;20;1;1.229;
4639;2.37242151;41.41713759;0.1;False;ok;47;1;1.387;
4640;2.37242151;41.51713759;0.1;False;ok;73;1;1.333;
4641;2.37242151;41.61713759;0.1;False;ok;21;1;1.220;
4642;2.47242151;41.51713759;0.05;False;ok;21;1;1.126;
4643;2.47242151;41.56713759;0.05;False;ok;20;1;1.087;
4644;2.47242151;41.61713759;0.1;False;ok;14;1;1.045;
4645;2.52242151;41.51713759;0.05;False;ok;0;1;1.571;
4646;2.52242151;41.56713759;0.05;False;ok;51;1;1.009;
4647;-5.754968796;35.95813747;0.1;False;ok;1;1;0.756;
4648;-5.611218796;36.00813747;0.00625;False;ok;73;1;1.027;
4649;-5.617468796;36.01438747;0.00625;False;ok;73;1;1.131;
4650;-5.611218796;36.01438747;0.003125;False;ok;33;1;1.075;
4651;-5.608093796;36.01438747;0.003125;False;ok;75;1;1.280;
4652;-5.611218796;36.01751247;0.003125;False;ok;21;1;1.027;
4653;-5.608093796;36.01751247;0.003125;False;ok;19;1;1.210;
4654;-5.617468796;36.02063747;0.0125;False;ok;73;1;1.439;
4655;-5.654968796;36.03313747;0.025;False;ok;16;1;1.317;
4656;-5.629968796;36.03313747;0.025;False;ok;11;1;1.262;
4657;-5.604968796;36.00813747;0.003125;False;ok;1;1;1.264;
4658;-5.604968796;36.01126247;0.003125;False;ok;75;1;1.457;
4659;-5.601843796;36.01126247;0.003125;False;ok;38;1;1.422;
4660;-5.598718796;36.00813747;0.00625;False;ok;1;1;1.200;
4661;-5.604968796;36.01438747;0.00625;False;ok;74;1;1.435;
4662;-5.592468796;36.02063747;0.0125;False;ok;1;1;1.225;
4663;-5.579968796;36.00813747;0.025;False;ok;2;1;1.304;
4664;-5.604968796;36.03313747;0.025;False;ok;0;1;2.022;
4665;-5.854968796;36.05813747;0.05;False;ok;35;1;1.329;
4666;-5.804968796;36.05813747;0.05;False;ok;48;1;1.273;
4667;-5.854968796;36.10813747;0.025;False;ok;49;1;1.240;
4668;-5.829968796;36.10813747;0.025;False;ok;75;1;1.204;
4669;-5.854968796;36.13313747;0.025;False;ok;75;1;1.211;
4670;-5.754968796;36.05813747;0.1;False;ok;73;1;1.177;
4671;-5.654968796;36.05813747;0.1;False;ok;24;1;1.065;
4672;-5.554968796;36.05813747;0.1;False;ok;25;1;1.036;
4673;-5.454968796;36.05813747;0.1;True;ok;47;1;1.221;
4674;-5.354968796;36.05813747;0.1;True;ok;3;1;1.316;
4675;-6.154968796;36.15813747;0.1;False;ok;74;1;1.252;
4676;-6.054968796;36.18313747;0.025;False;ok;75;1;1.326;
4677;-6.029968796;36.18313747;0.025;False;ok;71;1;1.283;
4678;-6.004968796;36.15813747;0.05;False;ok;12;1;1.167;
4679;-6.054968796;36.20813747;0.05;False;ok;35;1;1.245;
4680;-6.004968796;36.20813747;0.025;False;ok;9;1;1.154;
4681;-5.979968796;36.20813747;0.025;False;ok;2;1;1.175;
4682;-5.979968796;36.23313747;0.0125;False;ok;4;1;1.203;
4683;-5.979968796;36.24563747;0.0125;False;ok;73;1;1.358;
4684;-5.967468796;36.24563747;0.00625;False;ok;45;1;1.340;
4685;-5.961218796;36.24563747;0.00625;False;ok;1;1;1.009;
4686;-5.967468796;36.25188747;0.003125;False;ok;75;1;1.419;
4687;-5.964343796;36.25188747;0.003125;False;ok;75;1;1.260;
4688;-5.961218796;36.25188747;0.00625;False;ok;39;1;1.144;
4689;-5.954968796;36.15813747;0.05;False;ok;74;1;1.704;
4690;-5.904968796;36.15813747;0.05;False;ok;5;1;1.076;
4691;-5.954968796;36.20813747;0.05;False;ok;72;1;1.127;
4692;-5.904968796;36.20813747;0.05;False;ok;7;1;1.062;
4693;-5.854968796;36.15813747;0.1;False;ok;12;1;1.093;
4694;-5.554968796;36.15813747;0.1;False;ok;4;1;1.146;
4695;-5.454968796;36.15813747;0.1;False;ok;37;1;1.356;
4696;-5.354968796;36.15813747;0.1;False;ok;72;1;1.483;
4697;-6.254968796;36.25813747;0.1;False;ok;34;1;1.340;
4698;-6.154968796;36.25813747;0.05;False;ok;75;1;1.482;
4699;-6.104968796;36.27063747;0.0125;False;ok;62;1;1.292;
4700;-6.089343796;36.27063747;0.003125;False;ok;31;1;1.341;
4701;-6.092468796;36.27376247;0.003125;False;ok;72;1;1.436;
4702;-6.089343796;36.27376247;0.003125;False;ok;74;1;1.382;
4703;-6.086218796;36.27063747;0.00625;False;ok;71;1;1.454;
4704;-6.092468796;36.27688747;0.003125;False;ok;72;1;1.293;
4705;-6.089343796;36.27688747;0.003125;False;ok;70;1;1.303;
4706;-6.092468796;36.28001247;0.003125;False;ok;24;1;1.222;
4707;-6.089343796;36.28001247;0.003125;False;ok;73;1;1.226;
4708;-6.086218796;36.27688747;0.00625;False;ok;74;1;1.279;
4709;-6.079968796;36.25813747;0.025;False;ok;20;1;1.063;
4710;-6.104968796;36.28313747;0.0125;False;ok;63;1;1.149;
4711;-6.092468796;36.28313747;0.0125;False;ok;73;1;1.258;
4712;-6.104968796;36.29563747;0.0125;False;ok;1;1;0.937;
4713;-6.092468796;36.29563747;0.0125;False;ok;28;1;0.868;
4714;-6.079968796;36.28313747;0.025;False;ok;60;1;0.926;
4715;-6.154968796;36.30813747;0.025;False;ok;19;1;0.994;
4716;-6.129968796;36.30813747;0.025;False;ok;71;1;1.058;
4717;-6.154968796;36.33313747;0.025;False;ok;67;1;1.090;
4718;-6.129968796;36.33313747;0.025;False;ok;36;1;1.253;
4719;-6.104968796;36.30813747;0.025;False;ok;74;1;1.398;
4720;-6.079968796;36.30813747;0.025;False;ok;53;1;1.289;
4721;-6.104968796;36.33313747;0.025;False;ok;60;1;1.423;
4722;-6.079968796;36.33313747;0.025;False;ok;40;1;1.357;
4723;-6.054968796;36.25813747;0.1;False;ok;74;1;1.480;
4724;-5.954968796;36.25813747;0.1;False;ok;14;1;1.417;
4725;-5.854968796;36.25813747;0.1;False;ok;48;1;1.535;
4726;-5.754968796;36.25813747;0.1;False;ok;6;1;1.376;
4727;-5.454968796;36.25813747;0.1;False;ok;8;1;1.410;
4728;-5.354968796;36.25813747;0.1;False;ok;73;1;1.597;
4729;-5.254968796;36.30813747;0.025;False;ok;71;1;1.477;
4730;-5.254968796;36.33313747;0.0125;False;ok;68;1;1.516;
4731;-5.242468796;36.33313747;0.0125;False;ok;62;1;1.422;
4732;-5.254968796;36.34563747;0.0125;False;ok;16;1;1.339;
4733;-5.242468796;36.34563747;0.00625;False;ok;30;1;1.369;
4734;-5.236218796;36.34563747;0.00625;False;ok;34;1;1.315;
4735;-5.242468796;36.35188747;0.00625;False;ok;41;1;1.110;
4736;-5.236218796;36.35188747;0.00625;False;ok;75;1;1.432;
4737;-5.229968796;36.33313747;0.025;False;ok;4;1;1.010;
4738;-6.204968796;36.35813747;0.025;False;ok;74;1;1.060;
4739;-6.179968796;36.35813747;0.0125;False;ok;70;1;0.947;
4740;-6.167468796;36.35813747;0.0125;False;ok;34;1;0.908;
4741;-6.179968796;36.37063747;0.0125;False;ok;71;1;0.939;
4742;-6.167468796;36.37063747;0.0125;False;ok;35;1;0.833;
4743;-6.204968796;36.38313747;0.025;False;ok;30;1;1.041;
4744;-6.179968796;36.38313747;0.025;False;ok;71;1;1.164;
4745;-6.254968796;36.40813747;0.05;False;ok;19;1;1.024;
4746;-6.204968796;36.40813747;0.05;False;ok;48;1;2.244;
4747;-6.154968796;36.35813747;0.05;False;ok;72;1;1.328;
4748;-6.104968796;36.35813747;0.05;False;ok;28;1;1.332;
4749;-6.154968796;36.40813747;0.05;False;ok;73;1;1.396;
4750;-6.054968796;36.35813747;0.1;False;ok;2;1;1.282;
4751;-5.954968796;36.35813747;0.1;False;ok;23;1;1.353;
4752;-5.754968796;36.35813747;0.1;False;ok;1;1;1.239;
4753;-5.554968796;36.35813747;0.1;False;ok;3;1;1.343;
4754;-5.454968796;36.35813747;0.1;False;ok;31;1;1.418;
4755;-5.354968796;36.35813747;0.1;False;ok;29;1;1.401;
4756;-5.254968796;36.35813747;0.0125;False;ok;44;1;1.535;
4757;-5.242468796;36.35813747;0.00625;False;ok;20;1;1.262;
4758;-5.236218796;36.35813747;0.00625;False;ok;71;1;1.366;
4759;-5.242468796;36.36438747;0.00625;False;ok;33;1;1.269;
4760;-5.236218796;36.36438747;0.00625;False;ok;28;1;1.279;
4761;-5.254968796;36.37063747;0.0125;False;ok;11;1;1.142;
4762;-5.242468796;36.37063747;0.0125;False;ok;2;1;1.143;
4763;-5.229968796;36.35813747;0.025;False;ok;74;1;1.367;
4764;-5.254968796;36.38313747;0.025;False;ok;33;1;1.059;
4765;-5.229968796;36.38313747;0.025;False;ok;75;1;1.156;
4766;-5.204968796;36.35813747;0.05;False;ok;75;1;1.217;
4767;-5.254968796;36.40813747;0.05;False;ok;75;1;1.187;
4768;-5.204968796;36.40813747;0.025;False;ok;74;1;1.160;
4769;-5.179968796;36.40813747;0.0125;False;ok;37;1;1.129;
4770;-5.167468796;36.41438747;0.00625;False;ok;51;1;1.211;
4771;-5.161218796;36.41438747;0.003125;False;ok;71;1;1.264;
4772;-5.158093796;36.41438747;0.003125;False;ok;19;1;1.098;
4773;-5.161218796;36.41751247;0.003125;False;ok;53;1;1.297;
4774;-5.158093796;36.41751247;0.003125;False;ok;13;1;1.192;
4775;-5.167468796;36.42063747;0.0125;False;ok;74;1;1.426;
4776;-5.204968796;36.43313747;0.025;False;ok;0;1;1.942;
4777;-5.179968796;36.43313747;0.025;False;ok;6;1;1.262;
4778;-5.154968796;36.40813747;0.0125;False;ok;40;1;1.250;
4779;-5.154968796;36.42063747;0.00625;False;ok;74;1;1.344;
4780;-5.148718796;36.42063747;0.00625;False;ok;75;1;1.439;
4781;-5.154968796;36.42688747;0.00625;False;ok;34;1;1.231;
4782;-5.148718796;36.42688747;0.00625;False;ok;74;1;1.352;
4783;-5.142468796;36.42063747;0.0125;False;ok;74;1;1.254;
4784;-5.129968796;36.40813747;0.025;False;ok;39;1;1.285;
4785;-5.154968796;36.43313747;0.025;False;ok;73;1;1.219;
4786;-5.129968796;36.43313747;0.025;False;ok;51;1;1.250;
4787;-5.104968796;36.40813747;0.05;False;ok;75;1;1.325;
4788;-5.054968796;36.35813747;0.1;False;ok;63;1;1.266;
4789;-6.304968796;36.45813747;0.05;False;ok;75;1;1.407;
4790;-6.354968796;36.50813747;0.05;False;ok;9;1;1.092;
4791;-6.292468796;36.50813747;0.0125;False;ok;69;1;1.281;
4792;-6.304968796;36.52688747;0.003125;False;ok;49;1;1.184;
4793;-6.301843796;36.52688747;0.003125;False;ok;26;1;1.119;
4794;-6.304968796;36.53001247;0.003125;False;ok;48;1;1.240;
4795;-6.301843796;36.53001247;0.003125;False;ok;75;1;1.215;
4796;-6.298718796;36.52688747;0.003125;False;ok;16;1;1.039;
4797;-6.295593796;36.52688747;0.003125;False;ok;43;1;1.124;
4798;-6.298718796;36.53001247;0.003125;False;ok;60;1;1.140;
4799;-6.295593796;36.53001247;0.003125;False;ok;75;1;1.144;
4800;-6.292468796;36.52063747;0.0125;False;ok;75;1;1.166;
4801;-6.279968796;36.50813747;0.025;False;ok;35;1;1.047;
4802;-6.304968796;36.53313747;0.00625;False;ok;74;1;1.048;
4803;-6.298718796;36.53313747;0.003125;False;ok;75;1;1.149;
4804;-6.295593796;36.53313747;0.003125;False;ok;58;1;1.004;
4805;-6.298718796;36.53626247;0.003125;False;ok;11;1;0.902;
4806;-6.295593796;36.53626247;0.003125;False;ok;5;1;0.927;
4807;-6.292468796;36.53313747;0.0125;False;ok;4;1;1.008;
4808;-6.254968796;36.45813747;0.1;False;ok;72;1;1.152;
4809;-6.154968796;36.45813747;0.1;False;ok;17;1;1.022;
4810;-5.954968796;36.45813747;0.1;False;ok;33;1;1.115;
4811;-5.754968796;36.45813747;0.1;False;ok;35;1;1.230;
4812;-5.454968796;36.45813747;0.1;False;ok;30;1;1.239;
4813;-5.354968796;36.45813747;0.1;False;ok;49;1;1.205;
4814;-5.254968796;36.45813747;0.1;False;ok;14;1;1.254;
4815;-5.154968796;36.45813747;0.1;False;ok;74;1;1.453;
4816;-5.054968796;36.45813747;0.0125;False;ok;75;1;1.396;
4817;-5.042468796;36.45813747;0.0125;False;ok;63;1;1.416;
4818;-5.054968796;36.47063747;0.0125;False;ok;42;1;1.374;
4819;-5.042468796;36.47063747;0.0125;False;ok;58;1;1.413;
4820;-5.029968796;36.45813747;0.0125;False;ok;70;1;1.395;
4821;-5.017468796;36.45813747;0.0125;False;ok;19;1;1.334;
4822;-5.029968796;36.47063747;0.0125;False;ok;53;1;1.434;
4823;-5.017468796;36.47063747;0.0125;False;ok;27;1;1.272;
4824;-5.054968796;36.48313747;0.025;False;ok;47;1;1.396;
4825;-5.029968796;36.48313747;0.025;False;ok;69;1;1.435;
4826;-5.004968796;36.45813747;0.025;False;ok;75;1;1.472;
4827;-4.979968796;36.45813747;0.025;False;ok;51;1;1.385;
4828;-5.004968796;36.48313747;0.025;False;ok;75;1;1.360;
4829;-4.979968796;36.48313747;0.0125;False;ok;74;1;1.293;
4830;-4.967468796;36.48313747;0.00625;False;ok;67;1;1.129;
4831;-4.961218796;36.48313747;0.003125;False;ok;30;1;0.972;
4832;-4.958093796;36.48313747;0.003125;False;ok;10;1;0.910;
4833;-4.961218796;36.48626247;0.003125;False;ok;66;1;1.025;
4834;-4.958093796;36.48626247;0.003125;False;ok;53;1;1.004;
4835;-4.967468796;36.48938747;0.00625;False;ok;74;1;1.027;
4836;-4.961218796;36.48938747;0.00625;False;ok;26;1;0.894;
4837;-4.979968796;36.49563747;0.0125;False;ok;48;1;1.072;
4838;-4.967468796;36.49563747;0.00625;False;ok;74;1;1.041;
4839;-4.961218796;36.49563747;0.00625;False;ok;22;1;0.951;
4840;-4.967468796;36.50188747;0.00625;False;ok;6;1;1.033;
4841;-4.961218796;36.50188747;0.00625;False;ok;17;1;1.050;
4842;-5.054968796;36.50813747;0.05;False;ok;74;1;1.122;
4843;-5.004968796;36.50813747;0.025;False;ok;67;1;1.305;
4844;-4.979968796;36.50813747;0.025;False;ok;73;1;1.382;
4845;-5.004968796;36.53313747;0.025;False;ok;2;1;1.238;
4846;-4.954968796;36.48313747;0.00625;False;ok;75;1;1.410;
4847;-4.954968796;36.48938747;0.00625;False;ok;54;1;1.361;
4848;-4.948718796;36.48938747;0.00625;False;ok;20;1;1.300;
4849;-4.954968796;36.49563747;0.0125;False;ok;74;1;1.474;
4850;-4.942468796;36.49563747;0.0125;False;ok;16;1;1.355;
4851;-4.929968796;36.48313747;0.025;False;ok;65;1;1.391;
4852;-4.904968796;36.49563747;0.0125;False;ok;74;1;1.389;
4853;-4.892468796;36.49563747;0.0125;False;ok;75;1;1.568;
4854;-4.879968796;36.48313747;0.025;False;ok;5;1;1.218;
4855;-4.954968796;36.50813747;0.025;False;ok;35;1;1.291;
4856;-4.929968796;36.50813747;0.025;False;ok;74;1;1.387;
4857;-4.954968796;36.53313747;0.025;False;ok;13;1;1.227;
4858;-4.904968796;36.50813747;0.00625;False;ok;74;1;1.347;
4859;-4.898718796;36.50813747;0.00625;False;ok;75;1;1.278;
4860;-4.904968796;36.51438747;0.00625;False;ok;4;1;1.043;
4861;-4.898718796;36.51438747;0.00625;False;ok;26;1;1.083;
4862;-4.892468796;36.50813747;0.00625;False;ok;74;1;1.205;
4863;-4.886218796;36.50813747;0.00625;False;ok;75;1;1.105;
4864;-4.892468796;36.51438747;0.00625;False;ok;9;1;0.894;
4865;-4.886218796;36.51438747;0.00625;False;ok;8;1;0.917;
4866;-4.904968796;36.52063747;0.0125;False;ok;14;1;0.932;
4867;-4.892468796;36.52063747;0.0125;False;ok;8;1;0.942;
4868;-4.879968796;36.50813747;0.025;False;ok;75;1;1.235;
4869;-4.879968796;36.53313747;0.025;False;ok;35;1;1.103;
4870;-4.854968796;36.48313747;0.025;False;ok;59;1;1.197;
4871;-4.829968796;36.49563747;0.0125;False;ok;30;1;1.203;
4872;-4.817468796;36.49563747;0.0125;False;ok;73;1;1.342;
4873;-4.804968796;36.48313747;0.025;False;ok;72;1;1.326;
4874;-4.779968796;36.48313747;0.0125;False;ok;74;1;1.481;
4875;-4.767468796;36.48313747;0.0125;False;ok;63;1;1.437;
4876;-4.779968796;36.49563747;0.0125;False;ok;62;1;1.415;
4877;-4.767468796;36.49563747;0.0125;False;ok;29;1;1.309;
4878;-4.854968796;36.50813747;0.05;False;ok;73;1;1.474;
4879;-4.804968796;36.50813747;0.05;False;ok;37;1;1.426;
4880;-4.754968796;36.48313747;0.0125;False;ok;74;1;1.429;
4881;-4.742468796;36.48313747;0.0125;False;ok;75;1;1.478;
4882;-4.754968796;36.49563747;0.0125;False;ok;62;1;1.445;
4883;-4.742468796;36.49563747;0.0125;False;ok;14;1;1.291;
4884;-4.729968796;36.48313747;0.00625;False;ok;26;1;1.343;
4885;-4.723718796;36.48626247;0.003125;False;ok;56;1;1.279;
4886;-4.720593796;36.48626247;0.003125;False;ok;75;1;1.357;
4887;-4.729968796;36.48938747;0.00625;False;ok;22;1;1.171;
4888;-4.723718796;36.48938747;0.00625;False;ok;55;1;1.198;
4889;-4.717468796;36.48313747;0.00625;False;ok;74;1;1.100;
4890;-4.711218796;36.48313747;0.00625;False;ok;5;1;0.950;
4891;-4.717468796;36.48938747;0.00625;False;ok;32;1;0.996;
4892;-4.711218796;36.48938747;0.00625;False;ok;74;1;1.030;
4893;-4.729968796;36.49563747;0.0125;False;ok;73;1;0.973;
4894;-4.717468796;36.49563747;0.0125;False;ok;75;1;1.016;
4895;-4.704968796;36.48313747;0.0125;False;ok;74;1;1.175;
4896;-4.692468796;36.48313747;0.0125;False;ok;13;1;0.859;
4897;-4.704968796;36.49563747;0.0125;False;ok;73;1;1.117;
4898;-4.692468796;36.49563747;0.0125;False;ok;73;1;1.318;
4899;-4.679968796;36.48313747;0.025;False;ok;75;1;1.299;
4900;-4.754968796;36.50813747;0.025;False;ok;58;1;1.340;
4901;-4.729968796;36.50813747;0.0125;False;ok;25;1;1.182;
4902;-4.717468796;36.50813747;0.0125;False;ok;74;1;1.408;
4903;-4.754968796;36.53313747;0.025;False;ok;15;1;1.318;
4904;-4.729968796;36.53313747;0.025;False;ok;48;1;1.432;
4905;-4.704968796;36.50813747;0.05;False;ok;74;1;1.560;
4906;-4.654968796;36.45813747;0.05;False;ok;20;1;1.402;
4907;-4.654968796;36.50813747;0.0125;False;ok;73;1;1.449;
4908;-4.642468796;36.50813747;0.0125;False;ok;74;1;1.446;
4909;-4.642468796;36.52063747;0.0125;False;ok;46;1;1.417;
4910;-4.629968796;36.50813747;0.025;False;ok;75;1;1.400;
4911;-4.654968796;36.53313747;0.025;False;ok;74;1;1.377;
4912;-4.629968796;36.53313747;0.00625;False;ok;75;1;1.319;
4913;-4.623718796;36.53313747;0.00625;False;ok;75;1;1.346;
4914;-4.629968796;36.53938747;0.00625;False;ok;56;1;1.223;
4915;-4.623718796;36.53938747;0.003125;False;ok;75;1;1.216;
4916;-4.620593796;36.53938747;0.003125;False;ok;73;1;1.036;
4917;-4.623718796;36.54251247;0.003125;False;ok;27;1;0.956;
4918;-4.620593796;36.54251247;0.003125;False;ok;71;1;1.219;
4919;-4.617468796;36.53313747;0.0125;False;ok;0;1;1.566;
4920;-4.629968796;36.54563747;0.0125;False;ok;75;1;1.001;
4921;-4.617468796;36.54563747;0.00625;False;ok;75;1;0.967;
4922;-4.617468796;36.55188747;0.00625;False;ok;74;1;1.002;
4923;-4.611218796;36.55188747;0.00625;False;ok;34;1;1.005;
4924;-4.554968796;36.45813747;0.1;False;ok;0;1;1.625;
4925;-6.454968796;36.55813747;0.1;False;ok;75;1;1.320;
4926;-6.304968796;36.55813747;0.05;False;ok;75;1;1.271;
4927;-6.354968796;36.60813747;0.05;False;ok;11;1;1.271;
4928;-6.304968796;36.60813747;0.05;False;ok;48;1;1.259;
4929;-6.229968796;36.55813747;0.025;False;ok;71;1;1.299;
4930;-6.254968796;36.58313747;0.025;False;ok;75;1;1.343;
4931;-6.229968796;36.58313747;0.025;False;ok;75;1;1.436;
4932;-6.254968796;36.60813747;0.05;False;ok;18;1;1.225;
4933;-6.204968796;36.60813747;0.05;False;ok;3;1;1.221;
4934;-6.054968796;36.55813747;0.1;False;ok;0;1;1.878;
4935;-5.954968796;36.55813747;0.1;False;ok;4;1;1.302;
4936;-5.854968796;36.55813747;0.1;False;ok;5;1;1.217;
4937;-5.754968796;36.55813747;0.1;False;ok;14;1;1.197;
4938;-5.654968796;36.55813747;0.1;False;ok;1;1;0.920;
4939;-5.554968796;36.55813747;0.1;False;ok;1;1;0.949;
4940;-5.454968796;36.55813747;0.1;False;ok;3;1;0.948;
4941;-5.354968796;36.55813747;0.1;False;ok;73;1;1.083;
4942;-5.254968796;36.55813747;0.1;False;ok;34;1;0.853;
4943;-5.154968796;36.55813747;0.1;False;ok;13;1;0.734;
4944;-5.054968796;36.55813747;0.1;False;ok;0;1;1.535;
4945;-4.954968796;36.55813747;0.1;False;ok;25;1;0.944;
4946;-4.854968796;36.55813747;0.1;False;ok;52;1;1.142;
4947;-4.754968796;36.55813747;0.05;False;ok;11;1;1.058;
4948;-4.704968796;36.55813747;0.05;False;ok;56;1;1.308;
4949;-4.754968796;36.60813747;0.05;False;ok;60;1;1.313;
4950;-4.704968796;36.60813747;0.05;False;ok;75;1;1.524;
4951;-4.654968796;36.55813747;0.025;False;ok;41;1;1.344;
4952;-4.629968796;36.55813747;0.0125;False;ok;23;1;1.316;
4953;-4.617468796;36.55813747;0.0125;False;ok;75;1;1.531;
4954;-4.629968796;36.57063747;0.0125;False;ok;5;1;1.349;
4955;-4.617468796;36.57063747;0.0125;False;ok;32;1;1.389;
4956;-4.654968796;36.58313747;0.025;False;ok;74;1;1.582;
4957;-4.629968796;36.58313747;0.025;False;ok;34;1;1.488;
4958;-4.604968796;36.55813747;0.0125;False;ok;73;1;1.489;
4959;-4.592468796;36.55813747;0.0125;False;ok;2;1;1.238;
4960;-4.604968796;36.57063747;0.0125;False;ok;75;1;1.520;
4961;-4.592468796;36.57063747;0.0125;False;ok;75;1;1.392;
4962;-4.579968796;36.55813747;0.025;False;ok;74;1;1.400;
4963;-4.604968796;36.58313747;0.025;False;ok;67;1;1.116;
4964;-4.579968796;36.58313747;0.025;False;ok;74;1;1.117;
4965;-4.654968796;36.60813747;0.05;False;ok;55;1;0.947;
4966;-4.604968796;36.60813747;0.05;False;ok;46;1;0.847;
4967;-4.554968796;36.55813747;0.025;False;ok;72;1;0.888;
4968;-4.529968796;36.55813747;0.025;False;ok;0;1;1.332;
4969;-4.554968796;36.58313747;0.0125;False;ok;74;1;0.897;
4970;-4.542468796;36.58313747;0.00625;False;ok;57;1;0.842;
4971;-4.536218796;36.58313747;0.003125;False;ok;74;1;0.991;
4972;-4.533093796;36.58313747;0.003125;False;ok;1;1;0.949;
4973;-4.536218796;36.58626247;0.003125;False;ok;74;1;1.266;
4974;-4.533093796;36.58626247;0.003125;False;ok;75;1;1.336;
4975;-4.542468796;36.58938747;0.00625;False;ok;9;1;1.138;
4976;-4.536218796;36.58938747;0.00625;False;ok;74;1;1.392;
4977;-4.554968796;36.59563747;0.0125;False;ok;40;1;1.391;
4978;-4.542468796;36.59563747;0.0125;False;ok;74;1;1.454;
4979;-4.529968796;36.58313747;0.00625;False;ok;2;1;1.250;
4980;-4.529968796;36.58938747;0.0015625;False;ok;75;1;1.481;
4981;-4.528406296;36.58938747;0.0015625;False;ok;18;1;1.350;
4982;-4.529968796;36.59094997;0.0015625;False;ok;75;1;1.633;
4983;-4.528406296;36.59094997;0.0015625;False;ok;20;1;1.369;
4984;-4.526843796;36.58938747;0.003125;False;ok;24;1;1.413;
4985;-4.529968796;36.59251247;0.003125;False;ok;12;1;1.327;
4986;-4.526843796;36.59251247;0.003125;False;ok;73;1;1.455;
4987;-4.523718796;36.58938747;0.00625;False;ok;61;1;1.332;
4988;-4.517468796;36.58313747;0.0125;False;ok;12;1;1.148;
4989;-4.529968796;36.59563747;0.0015625;False;ok;59;1;1.149;
4990;-4.528406296;36.59563747;0.0015625;False;ok;75;1;1.141;
4991;-4.529968796;36.59719997;0.0015625;False;ok;49;1;1.015;
4992;-4.528406296;36.59719997;0.0015625;False;ok;11;1;0.915;
4993;-4.526843796;36.59563747;0.003125;False;ok;73;1;0.962;
4994;-4.529968796;36.59876247;0.003125;False;ok;36;1;0.877;
4995;-4.526843796;36.59876247;0.003125;False;ok;25;1;0.897;
4996;-4.523718796;36.59563747;0.00625;False;ok;75;1;0.954;
4997;-4.529968796;36.60188747;0.00625;False;ok;2;1;0.763;
4998;-4.523718796;36.60188747;0.00625;False;ok;47;1;0.873;
4999;-4.517468796;36.59563747;0.003125;False;ok;72;1;1.142;
5000;-4.514343796;36.59563747;0.003125;False;ok;60;1;1.127;
5001;-4.517468796;36.59876247;0.003125;False;ok;65;1;1.294;
5002;-4.514343796;36.59876247;0.003125;False;ok;54;1;1.261;
5003;-4.511218796;36.59563747;0.00625;False;ok;61;1;1.404;
5004;-4.517468796;36.60188747;0.00625;False;ok;74;1;1.354;
5005;-4.511218796;36.60188747;0.00625;False;ok;75;1;1.462;
5006;-4.504968796;36.55813747;0.05;False;ok;0;1;1.986;
5007;-4.554968796;36.60813747;0.025;False;ok;17;1;1.299;
5008;-4.529968796;36.60813747;0.025;False;ok;73;1;1.521;
5009;-4.554968796;36.63313747;0.025;False;ok;14;1;1.269;
5010;-4.529968796;36.63313747;0.025;False;ok;4;1;1.292;
5011;-4.504968796;36.60813747;0.003125;False;ok;60;1;1.449;
5012;-4.504968796;36.61126247;0.003125;False;ok;75;1;1.454;
5013;-4.501843796;36.61126247;0.003125;False;ok;30;1;1.291;
5014;-4.504968796;36.61438747;0.00625;False;ok;75;1;1.428;
5015;-4.498718796;36.61438747;0.003125;False;ok;70;1;1.409;
5016;-4.498718796;36.61751247;0.003125;False;ok;75;1;1.301;
5017;-4.504968796;36.62063747;0.003125;False;ok;38;1;1.124;
5018;-4.501843796;36.62063747;0.003125;False;ok;75;1;1.395;
5019;-4.504968796;36.62376247;0.003125;False;ok;50;1;0.945;
5020;-4.501843796;36.62376247;0.003125;False;ok;75;1;1.039;
5021;-4.498718796;36.62063747;0.003125;False;ok;75;1;1.022;
5022;-4.495593796;36.62063747;0.003125;False;ok;16;1;0.835;
5023;-4.498718796;36.62376247;0.003125;False;ok;64;1;0.873;
5024;-4.495593796;36.62376247;0.003125;False;ok;41;1;0.896;
5025;-4.504968796;36.62688747;0.00625;False;ok;73;1;0.969;
5026;-4.498718796;36.62688747;0.00625;False;ok;74;1;1.029;
5027;-4.492468796;36.62063747;0.0125;False;ok;62;1;1.092;
5028;-4.504968796;36.63313747;0.0125;False;ok;75;1;1.270;
5029;-4.492468796;36.63313747;0.0125;False;ok;74;1;1.198;
5030;-4.504968796;36.64563747;0.0125;False;ok;9;1;0.918;
5031;-4.492468796;36.64563747;0.0125;False;ok;19;1;1.078;
5032;-4.479968796;36.63313747;0.025;False;ok;17;1;1.119;
5033;-6.454968796;36.65813747;0.05;False;ok;73;1;1.222;
5034;-6.404968796;36.65813747;0.05;False;ok;3;1;0.977;
5035;-6.454968796;36.70813747;0.05;False;ok;74;1;1.280;
5036;-6.404968796;36.70813747;0.05;False;ok;11;1;1.049;
5037;-6.354968796;36.65813747;0.1;False;ok;2;1;1.095;
5038;-6.254968796;36.65813747;0.1;False;ok;5;1;1.158;
5039;-6.154968796;36.65813747;0.025;False;ok;75;1;1.393;
5040;-6.129968796;36.65813747;0.025;False;ok;19;1;1.195;
5041;-6.154968796;36.68313747;0.0125;False;ok;68;1;1.305;
5042;-6.142468796;36.68313747;0.00625;False;ok;73;1;1.190;
5043;-6.136218796;36.68313747;0.00625;False;ok;73;1;1.169;
5044;-6.142468796;36.68938747;0.00625;False;ok;9;1;1.121;
5045;-6.136218796;36.68938747;0.00625;False;ok;6;1;1.096;
5046;-6.154968796;36.69563747;0.0125;False;ok;5;1;1.048;
5047;-6.142468796;36.69563747;0.0125;False;ok;6;1;1.071;
5048;-6.129968796;36.68313747;0.025;False;ok;36;1;1.141;
5049;-6.104968796;36.65813747;0.05;False;ok;2;1;1.120;
5050;-6.154968796;36.70813747;0.05;False;ok;1;1;1.091;
5051;-6.104968796;36.70813747;0.05;False;ok;5;1;1.138;
5052;-6.054968796;36.65813747;0.1;False;ok;11;1;1.223;
5053;-5.954968796;36.65813747;0.1;False;ok;6;1;1.162;
5054;-5.854968796;36.65813747;0.1;False;ok;75;1;1.380;
5055;-5.754968796;36.65813747;0.1;False;ok;20;1;1.247;
5056;-5.654968796;36.65813747;0.1;False;ok;7;1;1.206;
5057;-5.554968796;36.65813747;0.1;False;ok;62;1;1.370;
5058;-5.454968796;36.65813747;0.1;False;ok;75;1;1.322;
5059;-5.354968796;36.65813747;0.1;False;ok;5;1;1.266;
5060;-5.204968796;36.65813747;0.05;False;ok;2;1;1.334;
5061;-5.254968796;36.70813747;0.05;False;ok;67;1;1.441;
5062;-5.204968796;36.70813747;0.025;False;ok;1;1;1.282;
5063;-5.179968796;36.70813747;0.025;False;ok;15;1;1.365;
5064;-5.204968796;36.73313747;0.025;False;ok;8;1;1.356;
5065;-5.179968796;36.73313747;0.0125;False;ok;11;1;1.380;
5066;-5.167468796;36.73313747;0.00625;False;ok;49;1;1.414;
5067;-5.167468796;36.73938747;0.003125;False;ok;43;1;1.337;
5068;-5.164343796;36.73938747;0.003125;False;ok;46;1;1.273;
5069;-5.167468796;36.74251247;0.003125;False;ok;64;1;1.480;
5070;-5.164343796;36.74251247;0.003125;False;ok;64;1;1.290;
5071;-5.161218796;36.73938747;0.00625;False;ok;31;1;1.210;
5072;-5.179968796;36.74563747;0.0125;False;ok;17;1;1.287;
5073;-5.167468796;36.74563747;0.0125;False;ok;64;1;1.337;
5074;-5.154968796;36.65813747;0.1;False;ok;23;1;1.193;
5075;-4.954968796;36.65813747;0.1;False;ok;72;1;1.354;
5076;-4.854968796;36.65813747;0.1;False;ok;44;1;1.151;
5077;-4.754968796;36.65813747;0.1;False;ok;75;1;1.500;
5078;-4.654968796;36.65813747;0.1;False;ok;75;1;1.318;
5079;-4.554968796;36.65813747;0.05;False;ok;43;1;1.176;
5080;-4.504968796;36.65813747;0.05;False;ok;74;1;1.333;
5081;-4.554968796;36.70813747;0.05;False;ok;10;1;1.100;
5082;-4.504968796;36.70813747;0.05;False;ok;45;1;1.235;
5083;-4.454968796;36.65813747;0.025;False;ok;12;1;1.146;
5084;-4.454968796;36.68313747;0.0125;False;ok;75;1;1.374;
5085;-4.442468796;36.68313747;0.0125;False;ok;13;1;1.180;
5086;-4.454968796;36.69563747;0.0125;False;ok;74;1;1.263;
5087;-4.442468796;36.69563747;0.0125;False;ok;75;1;1.302;
5088;-4.454968796;36.70813747;0.0125;False;ok;31;1;1.165;
5089;-4.442468796;36.70813747;0.0125;False;ok;75;1;1.322;
5090;-4.454968796;36.72063747;0.0125;False;ok;22;1;1.190;
5091;-4.442468796;36.72063747;0.0125;False;ok;75;1;1.280;
5092;-4.429968796;36.70813747;0.00625;False;ok;75;1;1.212;
5093;-4.423718796;36.70813747;0.00625;False;ok;10;1;1.057;
5094;-4.429968796;36.71438747;0.003125;False;ok;29;1;1.232;
5095;-4.426843796;36.71438747;0.003125;False;ok;74;1;1.251;
5096;-4.429968796;36.71751247;0.003125;False;ok;48;1;1.084;
5097;-4.426843796;36.71751247;0.003125;False;ok;75;1;1.226;
5098;-4.423718796;36.71438747;0.003125;False;ok;74;1;1.193;
5099;-4.420593796;36.71438747;0.003125;False;ok;1;1;0.962;
5100;-4.423718796;36.71751247;0.0015625;False;ok;23;1;1.063;
5101;-4.422156296;36.71751247;0.0015625;False;ok;13;1;1.069;
5102;-4.423718796;36.71907497;0.0015625;False;ok;75;1;1.177;
5103;-4.422156296;36.71907497;0.0015625;False;ok;31;1;1.073;
5104;-4.420593796;36.71751247;0.003125;False;ok;56;1;1.222;
5105;-4.417468796;36.71438747;0.00625;False;ok;75;1;1.289;
5106;-4.411218796;36.71438747;0.00625;False;ok;75;1;1.180;
5107;-4.429968796;36.72063747;0.003125;False;ok;75;1;1.221;
5108;-4.426843796;36.72063747;0.003125;False;ok;75;1;1.418;
5109;-4.429968796;36.72376247;0.003125;False;ok;73;1;1.211;
5110;-4.426843796;36.72376247;0.003125;False;ok;73;1;1.212;
5111;-4.423718796;36.72063747;0.0015625;False;ok;65;1;1.293;
5112;-4.422156296;36.72063747;0.0015625;False;ok;75;1;1.399;
5113;-4.423718796;36.72219997;0.0015625;False;ok;60;1;1.212;
5114;-4.422156296;36.72219997;0.0015625;False;ok;75;1;1.299;
5115;-4.420593796;36.72063747;0.0015625;False;ok;72;1;1.323;
5116;-4.419031296;36.72063747;0.0015625;False;ok;46;1;1.267;
5117;-4.420593796;36.72219997;0.0015625;False;ok;75;1;1.250;
5118;-4.419031296;36.72219997;0.0015625;False;ok;66;1;1.272;
5119;-4.423718796;36.72376247;0.0015625;False;ok;60;1;1.261;
5120;-4.422156296;36.72376247;0.0015625;False;ok;63;1;1.199;
5121;-4.423718796;36.72532497;0.0015625;False;ok;45;1;1.125;
5122;-4.422156296;36.72532497;0.0015625;False;ok;72;1;1.273;
5123;-4.420593796;36.72376247;0.0015625;False;ok;75;1;1.188;
5124;-4.419031296;36.72376247;0.0015625;False;ok;75;1;1.185;
5125;-4.420593796;36.72532497;0.0015625;False;ok;75;1;1.112;
5126;-4.419031296;36.72532497;0.0015625;False;ok;54;1;1.139;
5127;-4.429968796;36.72688747;0.00625;False;ok;75;1;1.154;
5128;-4.423718796;36.72688747;0.00625;False;ok;75;1;1.182;
5129;-4.417468796;36.72063747;0.003125;False;ok;52;1;1.051;
5130;-4.414343796;36.72063747;0.003125;False;ok;7;1;1.019;
5131;-4.417468796;36.72376247;0.003125;False;ok;75;1;1.283;
5132;-4.414343796;36.72376247;0.003125;False;ok;46;1;1.060;
5133;-4.411218796;36.72063747;0.00625;False;ok;50;1;1.192;
5134;-4.417468796;36.72688747;0.00625;False;ok;75;1;1.296;
5135;-4.411218796;36.72688747;0.00625;False;ok;20;1;1.127;
5136;-4.429968796;36.73313747;0.025;False;ok;62;1;1.179;
5137;-4.404968796;36.70813747;0.025;False;ok;73;1;1.347;
5138;-4.379968796;36.70813747;0.0125;False;ok;10;1;1.171;
5139;-4.367468796;36.70813747;0.0125;False;ok;73;1;1.313;
5140;-4.379968796;36.72063747;0.0125;False;ok;75;1;1.360;
5141;-4.367468796;36.72063747;0.0125;False;ok;60;1;1.271;
5142;-4.404968796;36.73313747;0.025;False;ok;3;1;1.198;
5143;-4.379968796;36.73313747;0.025;False;ok;18;1;1.172;
5144;-4.354968796;36.70813747;0.05;False;ok;73;1;1.345;
5145;-4.304968796;36.70813747;0.025;False;ok;74;1;1.392;
5146;-4.279968796;36.70813747;0.025;False;ok;71;1;1.247;
5147;-4.279968796;36.73313747;0.025;False;ok;15;1;1.103;
5148;-4.254968796;36.70813747;0.05;False;ok;75;1;1.424;
5149;-4.204968796;36.70813747;0.05;False;ok;74;1;1.225;
5150;-4.154968796;36.70813747;0.05;False;ok;56;1;1.178;
5151;-4.104968796;36.70813747;0.025;False;ok;45;1;1.105;
5152;-4.104968796;36.73313747;0.00625;False;ok;29;1;1.003;
5153;-4.098718796;36.73313747;0.00625;False;ok;74;1;1.153;
5154;-4.104968796;36.73938747;0.00625;False;ok;10;1;0.994;
5155;-4.098718796;36.73938747;0.00625;False;ok;74;1;1.115;
5156;-4.092468796;36.73313747;0.0125;False;ok;74;1;1.036;
5157;-4.104968796;36.74563747;0.0125;False;ok;11;1;0.986;
5158;-4.092468796;36.74563747;0.0125;False;ok;34;1;1.094;
5159;-4.079968796;36.73313747;0.025;False;ok;74;1;1.110;
5160;-4.054968796;36.70813747;0.05;False;ok;73;1;1.238;
5161;-3.979968796;36.72063747;0.0125;False;ok;75;1;1.231;
5162;-3.967468796;36.72063747;0.0125;False;ok;74;1;1.227;
5163;-4.004968796;36.73313747;0.025;False;ok;75;1;1.230;
5164;-3.979968796;36.73313747;0.025;False;ok;73;1;1.346;
5165;-3.954968796;36.70813747;0.025;False;ok;74;1;1.295;
5166;-3.954968796;36.73313747;0.025;False;ok;75;1;1.314;
5167;-3.929968796;36.73313747;0.025;False;ok;75;1;1.325;
5168;-3.904968796;36.73313747;0.0125;False;ok;36;1;1.306;
5169;-3.892468796;36.73938747;0.00625;False;ok;16;1;1.186;
5170;-3.886218796;36.73938747;0.003125;False;ok;43;1;1.313;
5171;-3.883093796;36.73938747;0.003125;False;ok;34;1;1.166;
5172;-3.886218796;36.74251247;0.003125;False;ok;73;1;1.326;
5173;-3.883093796;36.74251247;0.0015625;False;ok;42;1;1.234;
5174;-3.881531296;36.74251247;0.0015625;False;ok;75;1;1.329;
5175;-3.883093796;36.74407497;0.0015625;False;ok;13;1;1.160;
5176;-3.881531296;36.74407497;0.0015625;False;ok;42;1;1.165;
5177;-3.904968796;36.74563747;0.0125;False;ok;66;1;1.230;
5178;-3.892468796;36.74563747;0.0125;False;ok;54;1;1.135;
5179;-3.879968796;36.73313747;0.0125;False;ok;75;1;1.128;
5180;-3.879968796;36.74563747;0.003125;False;ok;75;1;1.175;
5181;-3.876843796;36.74563747;0.003125;False;ok;66;1;1.162;
5182;-3.879968796;36.74876247;0.003125;False;ok;49;1;1.139;
5183;-3.876843796;36.74876247;0.003125;False;ok;75;1;1.162;
5184;-3.873718796;36.74563747;0.003125;False;ok;75;1;1.190;
5185;-3.873718796;36.74876247;0.003125;False;ok;74;1;1.301;
5186;-3.870593796;36.74876247;0.003125;False;ok;63;1;1.244;
5187;-3.879968796;36.75188747;0.00625;False;ok;61;1;1.359;
5188;-3.873718796;36.75188747;0.003125;False;ok;74;1;1.317;
5189;-3.870593796;36.75188747;0.003125;False;ok;71;1;1.327;
5190;-3.873718796;36.75501247;0.003125;False;ok;49;1;1.213;
5191;-3.870593796;36.75501247;0.003125;False;ok;29;1;1.198;
5192;-3.867468796;36.74563747;0.0125;False;ok;75;1;1.425;
5193;-3.854968796;36.65813747;0.1;False;ok;72;1;1.396;
5194;-3.754968796;36.70813747;0.025;False;ok;58;1;1.319;
5195;-3.729968796;36.70813747;0.025;False;ok;73;1;1.402;
5196;-3.754968796;36.73313747;0.025;False;ok;74;1;1.411;
5197;-3.729968796;36.73313747;0.025;False;ok;72;1;1.354;
5198;-3.704968796;36.70813747;0.025;False;ok;75;1;1.300;
5199;-3.679968796;36.70813747;0.025;False;ok;14;1;1.088;
5200;-3.704968796;36.73313747;0.025;False;ok;74;1;1.158;
5201;-3.679968796;36.73313747;0.025;False;ok;73;1;1.180;
5202;-3.654968796;36.70813747;0.05;False;ok;74;1;1.079;
5203;-3.604968796;36.70813747;0.05;False;ok;75;1;1.313;
5204;-3.554968796;36.65813747;0.1;False;ok;75;1;1.149;
5205;-3.454968796;36.65813747;0.1;False;ok;60;1;1.035;
5206;-3.354968796;36.65813747;0.1;False;ok;29;1;0.910;
5207;-3.254968796;36.65813747;0.1;False;ok;10;1;0.880;
5208;-3.154968796;36.65813747;0.1;False;ok;12;1;0.916;
5209;-3.054968796;36.65813747;0.1;False;ok;24;1;0.947;
5210;-2.954968796;36.65813747;0.1;False;ok;12;1;0.932;
5211;-2.854968796;36.65813747;0.1;False;ok;73;1;1.187;
5212;-2.654968796;36.65813747;0.05;False;ok;0;1;1.843;
5213;-2.654968796;36.70813747;0.025;False;ok;72;1;1.276;
5214;-2.629968796;36.70813747;0.025;False;ok;74;1;1.454;
5215;-2.654968796;36.73313747;0.025;False;ok;2;1;1.109;
5216;-2.629968796;36.73313747;0.025;False;ok;75;1;1.362;
5217;-6.454968796;36.75813747;0.1;False;ok;74;1;1.434;
5218;-6.354968796;36.75813747;0.0125;False;ok;4;1;1.163;
5219;-6.342468796;36.75813747;0.0125;False;ok;1;1;1.157;
5220;-6.354968796;36.77063747;0.0125;False;ok;75;1;1.412;
5221;-6.342468796;36.77063747;0.0125;False;ok;7;1;1.261;
5222;-6.329968796;36.75813747;0.025;False;ok;3;1;1.153;
5223;-6.354968796;36.78313747;0.025;False;ok;73;1;1.480;
5224;-6.329968796;36.78313747;0.025;False;ok;27;1;1.352;
5225;-6.304968796;36.75813747;0.05;False;ok;1;1;1.164;
5226;-6.354968796;36.80813747;0.05;False;ok;1;1;1.119;
5227;-6.054968796;36.75813747;0.1;False;ok;5;1;1.136;
5228;-5.954968796;36.75813747;0.1;False;ok;1;1;1.168;
5229;-5.854968796;36.75813747;0.1;False;ok;23;1;1.263;
5230;-5.754968796;36.75813747;0.1;False;ok;12;1;1.195;
5231;-5.654968796;36.75813747;0.1;False;ok;40;1;1.085;
5232;-5.554968796;36.75813747;0.1;False;ok;72;1;1.110;
5233;-5.454968796;36.75813747;0.1;False;ok;74;1;1.209;
5234;-5.354968796;36.75813747;0.1;False;ok;74;1;1.121;
5235;-5.254968796;36.75813747;0.1;False;ok;48;1;1.057;
5236;-5.154968796;36.75813747;0.1;False;ok;73;1;1.175;
5237;-5.054968796;36.75813747;0.1;False;ok;1;1;1.009;
5238;-4.954968796;36.75813747;0.1;False;ok;9;1;1.170;
5239;-4.854968796;36.75813747;0.1;False;ok;46;1;1.263;
5240;-4.754968796;36.75813747;0.1;False;ok;74;1;1.411;
5241;-4.654968796;36.75813747;0.1;False;ok;18;1;1.318;
5242;-4.554968796;36.75813747;0.1;False;ok;36;1;1.486;
5243;-4.454968796;36.75813747;0.1;False;ok;12;1;1.324;
5244;-4.354968796;36.75813747;0.1;False;ok;29;1;1.323;
5245;-4.254968796;36.75813747;0.1;False;ok;75;1;1.585;
5246;-4.154968796;36.75813747;0.1;False;ok;75;1;1.629;
5247;-4.054968796;36.75813747;0.05;False;ok;72;1;1.580;
5248;-4.004968796;36.75813747;0.05;False;ok;75;1;1.521;
5249;-4.054968796;36.80813747;0.05;False;ok;52;1;1.420;
5250;-4.004968796;36.80813747;0.025;False;ok;29;1;1.353;
5251;-3.979968796;36.80813747;0.025;False;ok;75;1;1.480;
5252;-4.004968796;36.83313747;0.025;False;ok;44;1;1.232;
5253;-3.979968796;36.83313747;0.025;False;ok;48;1;1.311;
5254;-3.954968796;36.75813747;0.025;False;ok;67;1;1.214;
5255;-3.929968796;36.75813747;0.025;False;ok;56;1;1.143;
5256;-3.954968796;36.78313747;0.025;False;ok;19;1;1.201;
5257;-3.929968796;36.78313747;0.025;False;ok;74;1;1.218;
5258;-3.904968796;36.75813747;0.0125;False;ok;29;1;1.015;
5259;-3.892468796;36.75813747;0.0125;False;ok;71;1;1.001;
5260;-3.904968796;36.77063747;0.0125;False;ok;50;1;0.926;
5261;-3.892468796;36.77063747;0.0125;False;ok;17;1;0.947;
5262;-3.879968796;36.75813747;0.0125;False;ok;75;1;1.067;
5263;-3.867468796;36.75813747;0.0125;False;ok;75;1;1.057;
5264;-3.904968796;36.78313747;0.025;False;ok;75;1;1.006;
5265;-3.954968796;36.80813747;0.05;False;ok;36;1;1.155;
5266;-3.904968796;36.80813747;0.05;False;ok;1;1;0.980;
5267;-3.854968796;36.75813747;0.1;False;ok;39;1;1.168;
5268;-3.754968796;36.75813747;0.1;False;ok;36;1;1.726;
5269;-3.654968796;36.75813747;0.1;False;ok;41;1;1.310;
5270;-3.554968796;36.75813747;0.1;False;ok;33;1;1.327;
5271;-3.454968796;36.75813747;0.1;False;ok;11;1;1.330;
5272;-3.354968796;36.75813747;0.1;False;ok;24;1;1.282;
5273;-3.254968796;36.75813747;0.1;False;ok;8;1;1.294;
5274;-3.154968796;36.75813747;0.1;False;ok;7;1;1.291;
5275;-3.054968796;36.75813747;0.1;False;ok;5;1;1.302;
5276;-2.954968796;36.75813747;0.1;False;ok;6;1;1.299;
5277;-2.854968796;36.75813747;0.1;False;ok;9;1;1.317;
5278;-2.754968796;36.75813747;0.1;False;ok;1;1;1.228;
5279;-2.654968796;36.75813747;0.05;False;ok;56;1;1.407;
5280;-2.604968796;36.75813747;0.05;False;ok;68;1;1.330;
5281;-2.654968796;36.80813747;0.05;False;ok;25;1;1.305;
5282;-2.604968796;36.80813747;0.05;False;ok;74;1;1.323;
5283;-2.554968796;36.75813747;0.1;False;ok;75;1;1.269;
5284;-2.454968796;36.75813747;0.1;False;ok;74;1;1.274;
5285;-2.354968796;36.75813747;0.1;False;ok;71;1;1.151;
5286;-6.154968796;36.85813747;0.1;False;ok;13;1;0.974;
5287;-5.854968796;36.85813747;0.1;False;ok;1;1;0.809;
5288;-5.754968796;36.85813747;0.1;False;ok;1;1;0.858;
5289;-5.654968796;36.85813747;0.1;False;ok;7;1;0.974;
5290;-5.554968796;36.85813747;0.1;False;ok;4;1;0.913;
5291;-5.454968796;36.85813747;0.1;False;ok;66;1;1.083;
5292;-5.354968796;36.85813747;0.1;False;ok;72;1;1.283;
5293;-5.254968796;36.85813747;0.1;False;ok;75;1;1.309;
5294;-5.154968796;36.85813747;0.1;False;ok;2;1;1.102;
5295;-5.054968796;36.85813747;0.1;False;ok;24;1;1.165;
5296;-4.954968796;36.85813747;0.1;False;ok;7;1;1.134;
5297;-4.854968796;36.85813747;0.1;False;ok;74;1;1.402;
5298;-4.754968796;36.85813747;0.1;False;ok;75;1;1.422;
5299;-4.654968796;36.85813747;0.1;False;ok;75;1;1.475;
5300;-4.554968796;36.85813747;0.1;False;ok;42;1;1.390;
5301;-4.454968796;36.85813747;0.1;False;ok;36;1;1.300;
5302;-4.354968796;36.85813747;0.1;False;ok;53;1;1.439;
5303;-4.254968796;36.85813747;0.1;False;ok;73;1;1.547;
5304;-4.154968796;36.85813747;0.1;False;ok;75;1;1.457;
5305;-4.054968796;36.85813747;0.1;False;ok;15;1;1.326;
5306;-3.954968796;36.85813747;0.1;False;ok;4;1;1.264;
5307;-3.654968796;36.85813747;0.1;False;ok;57;1;1.414;
5308;-3.554968796;36.85813747;0.1;False;ok;75;1;1.456;
5309;-3.454968796;36.85813747;0.1;False;ok;75;1;1.354;
5310;-3.354968796;36.85813747;0.1;False;ok;74;1;1.296;
5311;-3.254968796;36.85813747;0.1;False;ok;9;1;1.151;
5312;-3.154968796;36.85813747;0.1;False;ok;4;1;1.006;
5313;-2.754968796;36.85813747;0.1;False;ok;3;1;0.954;
5314;-2.654968796;36.85813747;0.1;False;ok;19;1;0.977;
5315;-2.454968796;36.85813747;0.1;False;ok;17;1;0.950;
5316;-2.354968796;36.85813747;0.1;False;ok;1;1;0.916;
5317;-6.654968796;36.95813747;0.1;False;ok;34;1;0.853;
5318;-6.554968796;36.95813747;0.1;False;ok;54;1;0.900;
5319;-5.954968796;36.95813747;0.1;False;ok;3;1;0.791;
5320;-5.854968796;36.95813747;0.1;False;ok;1;1;0.830;
5321;-5.654968796;36.95813747;0.1;False;ok;13;1;0.908;
5322;-5.554968796;36.95813747;0.1;False;ok;1;1;0.889;
5323;-5.454968796;36.95813747;0.1;False;ok;6;1;1.060;
5324;-5.354968796;36.95813747;0.1;False;ok;6;1;1.034;
5325;-5.254968796;36.95813747;0.1;False;ok;8;1;1.196;
5326;-5.154968796;36.95813747;0.1;False;ok;4;1;1.218;
5327;-4.954968796;36.95813747;0.1;False;ok;20;1;1.353;
5328;-4.754968796;36.95813747;0.1;False;ok;6;1;1.423;
5329;-4.654968796;36.95813747;0.1;False;ok;74;1;1.614;
5330;-4.554968796;36.95813747;0.1;False;ok;11;1;1.482;
5331;-4.454968796;36.95813747;0.1;False;ok;20;1;1.495;
5332;-4.354968796;36.95813747;0.1;False;ok;31;1;1.435;
5333;-4.254968796;36.95813747;0.1;False;ok;8;1;1.437;
5334;-4.154968796;36.95813747;0.1;False;ok;3;1;1.431;
5335;-4.054968796;36.95813747;0.1;False;ok;19;1;1.510;
5336;-3.954968796;36.95813747;0.1;False;ok;6;1;1.444;
5337;-3.654968796;36.95813747;0.1;False;ok;75;1;1.524;
5338;-3.554968796;36.95813747;0.1;False;ok;38;1;1.569;
5339;-3.454968796;36.95813747;0.1;False;ok;57;1;1.462;
5340;-3.354968796;36.95813747;0.1;False;ok;34;1;1.405;
5341;-3.254968796;36.95813747;0.1;False;ok;12;1;1.227;
5342;-3.154968796;36.95813747;0.1;False;ok;27;1;1.351;
5343;-3.054968796;36.95813747;0.1;False;ok;18;1;1.156;
5344;-2.954968796;36.95813747;0.1;False;ok;34;1;1.166;
5345;-2.854968796;36.95813747;0.1;False;ok;11;1;0.964;
5346;-2.754968796;36.95813747;0.1;False;ok;10;1;0.894;
5347;-2.654968796;36.95813747;0.1;False;ok;10;1;0.836;
5348;-2.554968796;36.95813747;0.1;False;ok;3;1;0.784;
5349;-2.454968796;36.95813747;0.1;False;ok;19;1;1.060;
5350;-6.954968796;37.05813747;0.1;False;ok;4;1;1.018;
5351;-6.854968796;37.05813747;0.1;False;ok;55;1;1.071;
5352;-6.554968796;37.05813747;0.1;False;ok;65;1;1.196;
5353;-5.954968796;37.05813747;0.1;False;ok;3;1;0.990;
5354;-5.654968796;37.05813747;0.1;False;ok;1;1;1.009;
5355;-5.554968796;37.05813747;0.1;False;ok;4;1;1.229;
5356;-5.454968796;37.05813747;0.1;False;ok;4;1;1.141;
5357;-5.254968796;37.05813747;0.1;False;ok;0;1;2.010;
5358;-5.154968796;37.05813747;0.1;False;ok;4;1;1.281;
5359;-5.054968796;37.05813747;0.1;False;ok;1;1;1.273;
5360;-4.954968796;37.05813747;0.1;False;ok;4;1;1.390;
5361;-4.854968796;37.05813747;0.1;False;ok;8;1;1.415;
5362;-4.754968796;37.05813747;0.1;False;ok;21;1;1.437;
5363;-4.654968796;37.05813747;0.1;False;ok;1;1;1.302;
5364;-4.554968796;37.05813747;0.1;False;ok;8;1;1.349;
5365;-4.454968796;37.05813747;0.1;False;ok;40;1;1.500;
5366;-4.354968796;37.05813747;0.1;False;ok;28;1;1.476;
5367;-4.254968796;37.05813747;0.1;False;ok;1;1;1.284;
5368;-4.154968796;37.05813747;0.1;False;ok;11;1;1.255;
5369;-4.054968796;37.05813747;0.1;False;ok;5;1;1.225;
5370;-3.954968796;37.05813747;0.1;False;ok;5;1;1.134;
5371;-3.754968796;37.05813747;0.1;False;ok;18;1;1.190;
5372;-3.654968796;37.05813747;0.05;False;ok;40;1;1.204;
5373;-3.604968796;37.05813747;0.05;False;ok;12;1;1.182;
5374;-3.654968796;37.10813747;0.05;False;ok;54;1;1.225;
5375;-3.604968796;37.10813747;0.05;False;ok;72;1;1.259;
5376;-3.554968796;37.05813747;0.1;False;ok;74;1;1.170;
5377;-3.404968796;37.08938747;0.00625;False;ok;48;1;1.087;
5378;-3.398718796;37.08938747;0.003125;False;ok;7;1;1.010;
5379;-3.398718796;37.09251247;0.003125;False;ok;74;1;1.346;
5380;-3.395593796;37.09251247;0.003125;False;ok;49;1;1.123;
5381;-3.392468796;37.08313747;0.0125;False;ok;13;1;1.054;
5382;-3.404968796;37.09563747;0.00625;False;ok;8;1;1.216;
5383;-3.398718796;37.09563747;0.003125;False;ok;71;1;1.337;
5384;-3.395593796;37.09563747;0.003125;False;ok;70;1;1.224;
5385;-3.398718796;37.09876247;0.003125;False;ok;0;1;1.955;
5386;-3.395593796;37.09876247;0.003125;False;ok;5;1;1.102;
5387;-3.398718796;37.10188747;0.00625;False;ok;1;1;1.107;
5388;-3.392468796;37.09563747;0.0125;False;ok;1;1;1.263;
5389;-3.454968796;37.10813747;0.05;False;ok;26;1;1.319;
5390;-3.254968796;37.05813747;0.1;False;ok;1;1;1.119;
5391;-2.854968796;37.05813747;0.1;False;ok;8;1;1.200;
5392;-2.754968796;37.05813747;0.1;False;ok;0;1;1.942;
5393;-2.554968796;37.05813747;0.1;False;ok;4;1;1.232;
5394;-2.454968796;37.05813747;0.1;False;ok;12;1;1.168;
5395;-2.354968796;37.05813747;0.1;False;ok;7;1;1.436;
5396;-7.429968796;37.18313747;0.025;True;ok;0;1;1.280;
5397;-7.404968796;37.15813747;0.05;False;ok;74;1;1.285;
5398;-7.454968796;37.20813747;0.05;True;ok;72;1;1.302;
5399;-7.404968796;37.20813747;0.05;False;ok;45;1;1.079;
5400;-7.354968796;37.15813747;0.1;False;ok;75;1;1.275;
5401;-7.254968796;37.15813747;0.05;False;ok;62;1;1.212;
5402;-7.204968796;37.15813747;0.05;False;ok;1;1;0.979;
5403;-7.254968796;37.20813747;0.05;False;ok;69;1;1.179;
5404;-7.204968796;37.20813747;0.05;False;ok;8;1;1.068;
5405;-7.154968796;37.15813747;0.1;False;ok;70;1;1.138;
5406;-7.054968796;37.15813747;0.1;False;ok;73;1;1.155;
5407;-6.954968796;37.15813747;0.1;False;ok;62;1;1.053;
5408;-6.854968796;37.15813747;0.1;False;ok;1;1;0.787;
5409;-6.554968796;37.15813747;0.1;False;ok;6;1;0.904;
5410;-6.354968796;37.15813747;0.1;False;ok;8;1;0.867;
5411;-6.254968796;37.15813747;0.1;False;ok;0;1;1.519;
5412;-6.054968796;37.15813747;0.1;False;ok;2;1;0.954;
5413;-5.954968796;37.15813747;0.1;False;ok;7;1;0.797;
5414;-5.854968796;37.15813747;0.1;False;ok;19;1;0.839;
5415;-5.654968796;37.15813747;0.1;False;ok;0;1;1.697;
5416;-5.554968796;37.15813747;0.1;False;ok;5;1;0.854;
5417;-5.454968796;37.15813747;0.1;False;ok;5;1;0.957;
5418;-5.354968796;37.15813747;0.1;False;ok;37;1;1.067;
5419;-5.154968796;37.15813747;0.1;False;ok;16;1;1.129;
5420;-4.954968796;37.15813747;0.1;False;ok;4;1;1.165;
5421;-4.854968796;37.15813747;0.1;False;ok;20;1;1.347;
5422;-4.654968796;37.15813747;0.1;False;ok;2;1;1.212;
5423;-4.554968796;37.15813747;0.1;False;ok;11;1;1.282;
5424;-4.454968796;37.15813747;0.1;False;ok;22;1;1.283;
5425;-4.354968796;37.15813747;0.1;False;ok;37;1;1.308;
5426;-4.254968796;37.15813747;0.1;False;ok;11;1;1.310;
5427;-4.154968796;37.15813747;0.1;False;ok;6;1;1.232;
5428;-4.054968796;37.15813747;0.1;False;ok;6;1;1.254;
5429;-3.954968796;37.15813747;0.1;False;ok;6;1;1.152;
5430;-3.854968796;37.15813747;0.1;False;ok;11;1;1.314;
5431;-3.754968796;37.15813747;0.1;False;ok;47;1;1.315;
5432;-3.654968796;37.15813747;0.05;False;ok;75;1;1.522;
5433;-3.604968796;37.15813747;0.0125;False;ok;75;1;1.363;
5434;-3.592468796;37.15813747;0.0125;False;ok;44;1;1.221;
5435;-3.604968796;37.17063747;0.003125;False;ok;59;1;1.086;
5436;-3.601843796;37.17063747;0.003125;False;ok;49;1;1.058;
5437;-3.604968796;37.17376247;0.003125;False;ok;72;1;1.041;
5438;-3.601843796;37.17376247;0.003125;False;ok;75;1;1.023;
5439;-3.598718796;37.17063747;0.003125;False;ok;75;1;1.090;
5440;-3.595593796;37.17063747;0.003125;False;ok;47;1;1.045;
5441;-3.598718796;37.17376247;0.003125;False;ok;75;1;1.293;
5442;-3.595593796;37.17376247;0.003125;False;ok;67;1;1.296;
5443;-3.604968796;37.17688747;0.003125;False;ok;34;1;1.191;
5444;-3.601843796;37.17688747;0.003125;False;ok;75;1;1.292;
5445;-3.604968796;37.18001247;0.003125;False;ok;22;1;1.122;
5446;-3.601843796;37.18001247;0.003125;False;ok;73;1;1.315;
5447;-3.598718796;37.17688747;0.003125;False;ok;75;1;1.342;
5448;-3.595593796;37.17688747;0.003125;False;ok;74;1;1.379;
5449;-3.598718796;37.18001247;0.003125;False;ok;45;1;1.205;
5450;-3.595593796;37.18001247;0.003125;False;ok;28;1;1.179;
5451;-3.592468796;37.17063747;0.0125;False;ok;75;1;1.293;
5452;-3.579968796;37.15813747;0.025;False;ok;12;1;1.078;
5453;-3.604968796;37.18313747;0.025;False;ok;75;1;1.304;
5454;-3.654968796;37.20813747;0.05;False;ok;30;1;1.088;
5455;-3.604968796;37.20813747;0.05;False;ok;34;1;1.102;
5456;-3.554968796;37.15813747;0.1;False;ok;69;1;1.090;
5457;-3.454968796;37.15813747;0.1;False;ok;46;1;1.110;
5458;-3.254968796;37.15813747;0.1;False;ok;14;1;1.008;
5459;-3.154968796;37.15813747;0.1;False;ok;15;1;0.869;
5460;-3.054968796;37.15813747;0.1;False;ok;0;1;1.511;
5461;-2.954968796;37.15813747;0.1;False;ok;0;1;1.573;
5462;-2.754968796;37.15813747;0.1;False;ok;2;1;0.808;
5463;-2.454968796;37.15813747;0.1;False;ok;2;1;0.920;
5464;-2.354968796;37.15813747;0.1;False;ok;1;1;0.842;
5465;-7.454968796;37.25813747;0.1;True;ok;47;1;1.118;
5466;-7.354968796;37.25813747;0.1;False;ok;6;1;1.060;
5467;-7.254968796;37.25813747;0.1;False;ok;8;1;1.071;
5468;-7.154968796;37.25813747;0.1;False;ok;9;1;1.112;
5469;-7.054968796;37.25813747;0.1;False;ok;18;1;1.167;
5470;-6.954968796;37.25813747;0.1;False;ok;37;1;1.403;
5471;-6.854968796;37.25813747;0.1;False;ok;15;1;1.258;
5472;-6.754968796;37.25813747;0.1;False;ok;4;1;1.263;
5473;-6.654968796;37.25813747;0.1;False;ok;3;1;1.187;
5474;-6.554968796;37.25813747;0.1;False;ok;10;1;1.264;
5475;-6.454968796;37.25813747;0.1;False;ok;9;1;1.312;
5476;-6.354968796;37.25813747;0.1;False;ok;6;1;1.153;
5477;-6.254968796;37.25813747;0.1;False;ok;19;1;1.284;
5478;-6.154968796;37.25813747;0.1;False;ok;37;1;1.278;
5479;-6.054968796;37.25813747;0.1;False;ok;75;1;1.419;
5480;-5.954968796;37.25813747;0.1;False;ok;50;1;1.276;
5481;-5.854968796;37.25813747;0.1;False;ok;34;1;1.146;
5482;-5.554968796;37.25813747;0.1;False;ok;5;1;1.003;
5483;-5.454968796;37.25813747;0.1;False;ok;18;1;1.052;
5484;-5.254968796;37.25813747;0.1;False;ok;11;1;1.067;
5485;-4.954968796;37.25813747;0.1;False;ok;3;1;1.053;
5486;-4.854968796;37.25813747;0.1;False;ok;5;1;1.165;
5487;-4.754968796;37.25813747;0.1;False;ok;2;1;1.075;
5488;-4.554968796;37.25813747;0.1;False;ok;3;1;0.998;
5489;-4.454968796;37.25813747;0.1;False;ok;25;1;1.194;
5490;-4.354968796;37.25813747;0.1;False;ok;42;1;1.334;
5491;-4.254968796;37.25813747;0.1;False;ok;27;1;1.210;
5492;-4.154968796;37.25813747;0.1;False;ok;19;1;1.240;
5493;-4.054968796;37.25813747;0.1;False;ok;36;1;1.287;
5494;-3.954968796;37.25813747;0.1;False;ok;24;1;1.286;
5495;-3.854968796;37.25813747;0.1;False;ok;15;1;1.274;
5496;-3.754968796;37.25813747;0.1;False;ok;6;1;1.239;
5497;-3.654968796;37.25813747;0.1;False;ok;7;1;1.279;
5498;-3.354968796;37.25813747;0.1;False;ok;6;1;1.311;
5499;-3.254968796;37.25813747;0.1;False;ok;27;1;1.273;
5500;-3.154968796;37.25813747;0.1;False;ok;66;1;1.366;
5501;-2.554968796;37.25813747;0.1;False;ok;7;1;1.235;
5502;-2.454968796;37.25813747;0.1;False;ok;11;1;1.237;
5503;-2.354968796;37.25813747;0.1;False;ok;50;1;1.253;
5504;-7.254968796;37.35813747;0.1;False;ok;1;1;1.151;
5505;-7.154968796;37.35813747;0.1;False;ok;2;1;1.118;
5506;-7.054968796;37.35813747;0.1;False;ok;4;1;1.143;
5507;-6.854968796;37.35813747;0.1;False;ok;5;1;1.179;
5508;-6.754968796;37.35813747;0.1;False;ok;4;1;1.133;
5509;-6.554968796;37.35813747;0.1;False;ok;8;1;1.085;
5510;-6.454968796;37.35813747;0.1;False;ok;6;1;1.169;
5511;-6.254968796;37.35813747;0.1;False;ok;26;1;1.180;
5512;-6.154968796;37.35813747;0.1;False;ok;74;1;1.450;
5513;-6.054968796;37.35813747;0.05;False;ok;75;1;1.420;
5514;-5.992468796;37.35813747;0.0125;False;ok;13;1;1.244;
5515;-6.004968796;37.37063747;0.00625;False;ok;32;1;1.308;
5516;-5.998718796;37.37063747;0.00625;False;ok;30;1;1.296;
5517;-6.004968796;37.37688747;0.00625;False;ok;75;1;1.494;
5518;-5.998718796;37.37688747;0.00625;False;ok;43;1;1.437;
5519;-5.992468796;37.37063747;0.0125;False;ok;74;1;1.522;
5520;-5.979968796;37.35813747;0.025;False;ok;75;1;1.549;
5521;-6.004968796;37.38313747;0.00625;False;ok;74;1;1.467;
5522;-5.998718796;37.38313747;0.003125;False;ok;75;1;1.512;
5523;-5.995593796;37.38313747;0.003125;False;ok;61;1;1.446;
5524;-5.998718796;37.38626247;0.003125;False;ok;75;1;1.501;
5525;-5.995593796;37.38626247;0.003125;False;ok;75;1;1.470;
5526;-6.004968796;37.38938747;0.00625;False;ok;75;1;1.573;
5527;-5.998718796;37.38938747;0.003125;False;ok;75;1;1.381;
5528;-5.995593796;37.38938747;0.003125;False;ok;75;1;1.390;
5529;-5.998718796;37.39251247;0.003125;False;ok;46;1;1.214;
5530;-5.995593796;37.39251247;0.003125;False;ok;74;1;1.169;
5531;-5.992468796;37.38313747;0.003125;False;ok;75;1;1.111;
5532;-5.989343796;37.38313747;0.003125;False;ok;53;1;0.880;
5533;-5.992468796;37.38626247;0.003125;False;ok;75;1;1.026;
5534;-5.989343796;37.38626247;0.003125;False;ok;75;1;0.995;
5535;-5.986218796;37.38313747;0.00625;False;ok;75;1;0.985;
5536;-5.992468796;37.38938747;0.003125;False;ok;75;1;0.988;
5537;-5.989343796;37.38938747;0.003125;False;ok;75;1;0.857;
5538;-5.992468796;37.39251247;0.003125;False;ok;66;1;0.817;
5539;-5.989343796;37.39251247;0.003125;False;ok;74;1;0.928;
5540;-5.986218796;37.38938747;0.00625;False;ok;75;1;1.075;
5541;-6.004968796;37.39563747;0.00625;False;ok;43;1;0.985;
5542;-5.998718796;37.39563747;0.003125;False;ok;74;1;1.054;
5543;-5.995593796;37.39563747;0.003125;False;ok;74;1;1.234;
5544;-5.998718796;37.39876247;0.003125;False;ok;55;1;1.272;
5545;-5.995593796;37.39876247;0.003125;False;ok;75;1;1.308;
5546;-5.998718796;37.40188747;0.00625;False;ok;37;1;1.241;
5547;-5.992468796;37.39563747;0.003125;False;ok;75;1;1.308;
5548;-5.989343796;37.39563747;0.003125;False;ok;64;1;1.314;
5549;-5.992468796;37.39876247;0.003125;False;ok;74;1;1.404;
5550;-5.989343796;37.39876247;0.003125;False;ok;61;1;1.259;
5551;-5.986218796;37.39563747;0.00625;False;ok;73;1;1.390;
5552;-5.992468796;37.40188747;0.00625;False;ok;70;1;1.369;
5553;-5.986218796;37.40188747;0.00625;False;ok;32;1;1.205;
5554;-5.979968796;37.38313747;0.025;False;ok;74;1;1.422;
5555;-6.054968796;37.40813747;0.05;False;ok;27;1;1.235;
5556;-6.004968796;37.40813747;0.05;False;ok;50;1;1.250;
5557;-5.954968796;37.35813747;0.1;False;ok;72;1;1.300;
5558;-5.854968796;37.35813747;0.1;False;ok;13;1;1.141;
5559;-5.754968796;37.35813747;0.1;False;ok;9;1;0.924;
5560;-5.554968796;37.35813747;0.1;False;ok;0;1;1.562;
5561;-5.354968796;37.35813747;0.1;False;ok;0;1;1.610;
5562;-4.854968796;37.35813747;0.1;False;ok;12;1;0.859;
5563;-4.754968796;37.35813747;0.1;False;ok;4;1;0.786;
5564;-4.654968796;37.35813747;0.1;False;ok;10;1;0.845;
5565;-4.554968796;37.35813747;0.1;False;ok;43;1;1.030;
5566;-4.454968796;37.35813747;0.1;False;ok;9;1;0.968;
5567;-4.354968796;37.35813747;0.1;False;ok;25;1;0.956;
5568;-4.254968796;37.35813747;0.1;False;ok;53;1;1.078;
5569;-4.154968796;37.35813747;0.1;False;ok;24;1;1.102;
5570;-4.054968796;37.35813747;0.1;False;ok;7;1;1.359;
5571;-3.954968796;37.35813747;0.1;False;ok;10;1;1.265;
5572;-3.854968796;37.35813747;0.1;False;ok;19;1;1.252;
5573;-3.754968796;37.35813747;0.1;False;ok;3;1;1.095;
5574;-3.654968796;37.35813747;0.1;False;ok;0;1;1.835;
5575;-3.254968796;37.35813747;0.1;False;ok;8;1;1.214;
5576;-3.054968796;37.35813747;0.1;False;ok;7;1;1.178;
5577;-2.954968796;37.35813747;0.1;False;ok;5;1;1.140;
5578;-2.754968796;37.35813747;0.1;False;ok;3;1;1.129;
5579;-2.654968796;37.35813747;0.1;False;ok;0;1;1.854;
5580;-2.354968796;37.35813747;0.1;False;ok;4;1;1.104;
5581;-7.554968796;37.45813747;0.1;True;ok;20;1;1.064;
5582;-7.354968796;37.45813747;0.1;False;ok;2;1;1.022;
5583;-6.254968796;37.45813747;0.1;False;ok;15;1;1.042;
5584;-6.154968796;37.45813747;0.1;False;ok;3;1;1.042;
5585;-6.054968796;37.45813747;0.1;False;ok;26;1;1.112;
5586;-5.954968796;37.45813747;0.1;False;ok;9;1;0.890;
5587;-5.854968796;37.45813747;0.1;False;ok;3;1;0.901;
5588;-5.754968796;37.45813747;0.1;False;ok;11;1;0.921;
5589;-5.654968796;37.45813747;0.1;False;ok;44;1;1.004;
5590;-5.354968796;37.45813747;0.1;False;ok;10;1;1.081;
5591;-5.254968796;37.45813747;0.1;False;ok;2;1;1.076;
5592;-5.154968796;37.45813747;0.1;False;ok;38;1;1.231;
5593;-4.654968796;37.45813747;0.1;False;ok;7;1;1.172;
5594;-4.554968796;37.45813747;0.1;False;ok;7;1;1.142;
5595;-4.454968796;37.45813747;0.1;False;ok;16;1;1.173;
5596;-4.354968796;37.45813747;0.1;False;ok;42;1;1.296;
5597;-4.254968796;37.45813747;0.1;False;ok;27;1;1.297;
5598;-4.154968796;37.45813747;0.1;False;ok;15;1;1.183;
5599;-4.054968796;37.45813747;0.1;False;ok;11;1;1.162;
5600;-3.954968796;37.45813747;0.1;False;ok;28;1;1.257;
5601;-3.854968796;37.45813747;0.1;False;ok;10;1;1.338;
5602;-3.654968796;37.45813747;0.1;False;ok;8;1;1.285;
5603;-3.554968796;37.45813747;0.1;False;ok;1;1;1.200;
5604;-3.354968796;37.45813747;0.1;False;ok;0;1;1.999;
5605;-3.154968796;37.45813747;0.1;False;ok;1;1;1.159;
5606;-3.054968796;37.45813747;0.1;False;ok;14;1;1.312;
5607;-2.954968796;37.45813747;0.1;False;ok;17;1;1.272;
5608;-2.854968796;37.45813747;0.1;False;ok;18;1;1.201;
5609;-2.754968796;37.45813747;0.1;False;ok;22;1;1.279;
5610;-2.654968796;37.45813747;0.1;False;ok;2;1;1.170;
5611;-2.554968796;37.45813747;0.1;False;ok;0;1;1.945;
5612;-2.354968796;37.45813747;0.1;False;ok;5;1;1.187;
5613;-7.454968796;37.55813747;0.1;False;ok;1;1;1.189;
5614;-6.854968796;37.55813747;0.1;False;ok;0;1;1.933;
5615;-6.754968796;37.55813747;0.1;False;ok;3;1;1.249;
5616;-6.554968796;37.55813747;0.1;False;ok;3;1;1.150;
5617;-6.354968796;37.55813747;0.1;False;ok;4;1;1.146;
5618;-6.254968796;37.55813747;0.1;False;ok;6;1;1.130;
5619;-6.154968796;37.55813747;0.1;False;ok;18;1;1.197;
5620;-5.954968796;37.55813747;0.1;False;ok;3;1;1.103;
5621;-5.854968796;37.55813747;0.1;False;ok;13;1;1.188;
5622;-5.754968796;37.55813747;0.1;False;ok;9;1;1.159;
5623;-5.654968796;37.55813747;0.1;False;ok;0;1;1.793;
5624;-5.554968796;37.55813747;0.1;False;ok;7;1;1.127;
5625;-5.154968796;37.55813747;0.1;False;ok;1;1;1.002;
5626;-5.054968796;37.55813747;0.1;False;ok;7;1;1.053;
5627;-4.954968796;37.55813747;0.1;False;ok;8;1;1.058;
5628;-4.854968796;37.55813747;0.1;False;ok;2;1;0.990;
5629;-4.754968796;37.55813747;0.1;False;ok;21;1;1.066;
5630;-4.654968796;37.55813747;0.1;False;ok;19;1;0.975;
5631;-4.354968796;37.55813747;0.1;False;ok;50;1;1.172;
5632;-4.254968796;37.55813747;0.1;False;ok;1;1;0.948;
5633;-4.154968796;37.55813747;0.1;False;ok;11;1;1.041;
5634;-4.054968796;37.55813747;0.1;False;ok;2;1;1.032;
5635;-3.954968796;37.55813747;0.1;False;ok;7;1;1.010;
5636;-3.854968796;37.55813747;0.1;False;ok;4;1;1.002;
5637;-3.654968796;37.55813747;0.1;False;ok;6;1;1.046;
5638;-3.554968796;37.55813747;0.1;False;ok;9;1;1.005;
5639;-3.054968796;37.55813747;0.1;False;ok;1;1;1.065;
5640;-2.954968796;37.55813747;0.1;False;ok;8;1;1.134;
5641;-2.854968796;37.55813747;0.1;False;ok;6;1;1.082;
5642;-2.754968796;37.55813747;0.1;False;ok;9;1;1.167;
5643;-2.654968796;37.55813747;0.1;False;ok;3;1;1.135;
5644;-2.554968796;37.55813747;0.1;False;ok;1;1;1.090;
5645;-2.454968796;37.55813747;0.1;False;ok;1;1;1.209;
5646;-2.354968796;37.55813747;0.1;False;ok;0;1;1.903;
5647;-6.954968796;37.65813747;0.1;False;ok;3;1;1.215;
5648;-6.754968796;37.65813747;0.1;False;ok;1;1;1.179;
5649;-6.654968796;37.65813747;0.1;False;ok;4;1;1.754;
5650;-6.554968796;37.65813747;0.1;False;ok;2;1;1.289;
5651;-6.454968796;37.65813747;0.1;False;ok;0;1;2.204;
5652;-6.354968796;37.65813747;0.1;False;ok;11;1;1.518;
5653;-6.254968796;37.65813747;0.1;False;ok;19;1;1.545;
5654;-6.154968796;37.65813747;0.1;False;ok;9;1;1.385;
5655;-6.054968796;37.65813747;0.1;False;ok;11;1;1.403;
5656;-5.654968796;37.65813747;0.1;False;ok;2;1;1.337;
5657;-5.554968796;37.65813747;0.1;False;ok;5;1;1.328;
5658;-5.354968796;37.65813747;0.1;False;ok;22;1;1.450;
5659;-5.154968796;37.65813747;0.1;False;ok;5;1;1.303;
5660;-4.954968796;37.65813747;0.1;False;ok;13;1;1.325;
5661;-4.654968796;37.65813747;0.1;False;ok;3;1;1.184;
5662;-4.554968796;37.65813747;0.1;False;ok;6;1;1.165;
5663;-4.154968796;37.65813747;0.1;False;ok;1;1;1.121;
5664;-4.054968796;37.65813747;0.1;False;ok;16;1;1.270;
5665;-3.854968796;37.65813747;0.1;False;ok;5;1;1.080;
5666;-3.754968796;37.65813747;0.1;False;ok;10;1;1.106;
5667;-3.654968796;37.65813747;0.1;False;ok;28;1;1.063;
5668;-3.554968796;37.65813747;0.1;False;ok;3;1;0.856;
5669;-3.454968796;37.65813747;0.1;False;ok;4;1;1.002;
5670;-3.354968796;37.65813747;0.1;False;ok;1;1;1.066;
5671;-3.054968796;37.65813747;0.1;False;ok;35;1;1.190;
5672;-2.954968796;37.65813747;0.1;False;ok;60;1;1.319;
5673;-2.854968796;37.65813747;0.1;False;ok;6;1;1.257;
5674;-2.754968796;37.65813747;0.1;False;ok;6;1;1.254;
5675;-2.654968796;37.65813747;0.1;False;ok;4;1;1.346;
5676;-2.554968796;37.65813747;0.1;False;ok;23;1;1.445;
5677;-2.454968796;37.65813747;0.1;False;ok;4;1;1.307;
5678;-6.754968796;37.75813747;0.1;False;ok;3;1;1.355;
5679;-6.554968796;37.75813747;0.1;False;ok;2;1;1.297;
5680;-6.454968796;37.75813747;0.1;False;ok;13;1;1.466;
5681;-6.354968796;37.75813747;0.1;False;ok;10;1;1.431;
5682;-5.854968796;37.75813747;0.1;False;ok;9;1;1.497;
5683;-5.754968796;37.75813747;0.1;False;ok;1;1;1.397;
5684;-5.454968796;37.75813747;0.1;False;ok;30;1;1.475;
5685;-5.354968796;37.75813747;0.1;False;ok;7;1;1.428;
5686;-5.254968796;37.75813747;0.1;False;ok;27;1;1.453;
5687;-5.154968796;37.75813747;0.1;False;ok;16;1;1.367;
5688;-5.054968796;37.75813747;0.1;False;ok;42;1;1.361;
5689;-4.954968796;37.75813747;0.1;False;ok;12;1;1.213;
5690;-4.854968796;37.75813747;0.1;False;ok;1;1;1.122;
5691;-4.254968796;37.75813747;0.1;False;ok;1;1;1.131;
5692;-3.954968796;37.75813747;0.1;False;ok;7;1;1.206;
5693;-3.854968796;37.75813747;0.1;False;ok;74;1;1.390;
5694;-3.754968796;37.75813747;0.1;False;ok;6;1;1.158;
5695;-3.654968796;37.75813747;0.1;False;ok;10;1;1.260;
5696;-3.554968796;37.75813747;0.1;False;ok;24;1;1.273;
5697;-3.454968796;37.75813747;0.1;False;ok;18;1;1.359;
5698;-3.154968796;37.75813747;0.1;False;ok;27;1;1.368;
5699;-3.054968796;37.75813747;0.1;False;ok;6;1;1.416;
5700;-2.954968796;37.75813747;0.1;False;ok;6;1;1.400;
5701;-2.854968796;37.75813747;0.1;False;ok;56;1;1.448;
5702;-2.754968796;37.75813747;0.1;False;ok;7;1;1.339;
5703;-2.654968796;37.75813747;0.1;False;ok;1;1;1.342;
5704;-2.554968796;37.75813747;0.1;False;ok;22;1;1.507;
5705;-7.054968796;37.85813747;0.1;False;ok;4;1;1.384;
5706;-6.854968796;37.85813747;0.1;False;ok;27;1;1.469;
5707;-6.754968796;37.85813747;0.1;False;ok;73;1;1.471;
5708;-6.654968796;37.85813747;0.1;False;ok;75;1;1.571;
5709;-6.554968796;37.85813747;0.1;False;ok;47;1;1.420;
5710;-6.454968796;37.85813747;0.1;False;ok;2;1;1.217;
5711;-6.354968796;37.85813747;0.1;False;ok;1;1;1.171;
5712;-6.254968796;37.85813747;0.1;False;ok;15;1;1.263;
5713;-6.154968796;37.85813747;0.1;False;ok;12;1;1.266;
5714;-5.954968796;37.85813747;0.1;False;ok;1;1;1.069;
5715;-5.854968796;37.85813747;0.1;False;ok;52;1;1.290;
5716;-5.754968796;37.85813747;0.1;False;ok;16;1;1.279;
5717;-5.654968796;37.85813747;0.1;False;ok;43;1;1.244;
5718;-5.554968796;37.85813747;0.1;False;ok;4;1;1.175;
5719;-5.054968796;37.85813747;0.1;False;ok;5;1;1.279;
5720;-4.954968796;37.85813747;0.1;False;ok;11;1;1.292;
5721;-4.854968796;37.85813747;0.05;False;ok;3;1;1.259;
5722;-4.804968796;37.85813747;0.0125;False;ok;0;1;2.077;
5723;-4.792468796;37.85813747;0.0125;False;ok;15;1;1.426;
5724;-4.804968796;37.87063747;0.0125;False;ok;8;1;1.336;
5725;-4.792468796;37.87063747;0.00625;False;ok;2;1;1.440;
5726;-4.786218796;37.87063747;0.00625;False;ok;49;1;1.494;
5727;-4.792468796;37.87688747;0.00625;False;ok;75;1;1.676;
5728;-4.786218796;37.87688747;0.003125;False;ok;44;1;1.557;
5729;-4.783093796;37.87688747;0.003125;False;ok;53;1;1.488;
5730;-4.786218796;37.88001247;0.003125;False;ok;20;1;1.400;
5731;-4.783093796;37.88001247;0.003125;False;ok;75;1;1.539;
5732;-4.779968796;37.85813747;0.0125;False;ok;22;1;1.319;
5733;-4.779968796;37.87063747;0.00625;False;ok;75;1;1.564;
5734;-4.773718796;37.87063747;0.00625;False;ok;16;1;1.302;
5735;-4.779968796;37.87688747;0.00625;False;ok;75;1;1.446;
5736;-4.773718796;37.87688747;0.00625;False;ok;74;1;1.377;
5737;-4.767468796;37.87063747;0.0125;False;ok;28;1;1.167;
5738;-4.804968796;37.88313747;0.025;False;ok;74;1;1.356;
5739;-4.779968796;37.88313747;0.00625;False;ok;75;1;1.228;
5740;-4.773718796;37.88313747;0.00625;False;ok;75;1;1.168;
5741;-4.779968796;37.88938747;0.00625;False;ok;36;1;1.058;
5742;-4.773718796;37.88938747;0.00625;False;ok;38;1;0.962;
5743;-4.767468796;37.88313747;0.0125;False;ok;37;1;0.964;
5744;-4.767468796;37.89563747;0.0125;False;ok;3;1;0.728;
5745;-4.854968796;37.90813747;0.05;False;ok;12;1;0.817;
5746;-4.804968796;37.90813747;0.05;False;ok;25;1;0.902;
5747;-4.754968796;37.85813747;0.1;False;ok;22;1;0.904;
5748;-4.654968796;37.85813747;0.1;False;ok;4;1;0.872;
5749;-4.554968796;37.85813747;0.1;False;ok;4;1;0.875;
5750;-4.454968796;37.85813747;0.1;False;ok;2;1;0.949;
5751;-4.354968796;37.85813747;0.1;False;ok;1;1;0.879;
5752;-4.254968796;37.85813747;0.1;False;ok;3;1;1.072;
5753;-4.154968796;37.85813747;0.1;False;ok;5;1;1.150;
5754;-4.054968796;37.85813747;0.1;False;ok;3;1;1.145;
5755;-3.854968796;37.85813747;0.1;False;ok;1;1;1.213;
5756;-3.654968796;37.85813747;0.1;False;ok;0;1;2.040;
5757;-3.154968796;37.85813747;0.1;False;ok;7;1;1.399;
5758;-3.004968796;37.85813747;0.05;False;ok;24;1;1.428;
5759;-3.054968796;37.90813747;0.05;False;ok;48;1;1.536;
5760;-3.004968796;37.90813747;0.0125;False;ok;75;1;1.550;
5761;-2.992468796;37.90813747;0.0125;False;ok;3;1;1.365;
5762;-3.004968796;37.92063747;0.0125;False;ok;7;1;1.424;
5763;-2.992468796;37.92063747;0.0125;False;ok;27;1;1.448;
5764;-2.979968796;37.90813747;0.025;False;ok;5;1;1.420;
5765;-3.004968796;37.93313747;0.025;False;ok;4;1;1.351;
5766;-2.979968796;37.93313747;0.025;False;ok;28;1;1.420;
5767;-2.954968796;37.85813747;0.1;False;ok;74;1;1.476;
5768;-2.754968796;37.85813747;0.1;False;ok;4;1;1.267;
5769;-2.454968796;37.85813747;0.1;False;ok;10;1;1.245;
5770;-7.254968796;37.95813747;0.1;True;ok;2;1;1.286;
5771;-6.954968796;37.95813747;0.1;False;ok;0;1;1.909;
5772;-6.854968796;37.95813747;0.1;False;ok;4;1;0.977;
5773;-6.754968796;37.95813747;0.1;False;ok;3;1;0.825;
5774;-6.654968796;37.95813747;0.1;False;ok;4;1;0.901;
5775;-6.454968796;37.95813747;0.1;False;ok;3;1;0.831;
5776;-6.354968796;37.95813747;0.1;False;ok;5;1;0.795;
5777;-6.254968796;37.95813747;0.1;False;ok;1;1;0.772;
5778;-5.954968796;37.95813747;0.1;False;ok;1;1;0.790;
5779;-5.854968796;37.95813747;0.1;False;ok;1;1;0.941;
5780;-5.754968796;37.95813747;0.1;False;ok;6;1;1.198;
5781;-5.654968796;37.95813747;0.1;False;ok;7;1;1.180;
5782;-5.054968796;37.95813747;0.1;False;ok;5;1;1.233;
5783;-4.954968796;37.95813747;0.1;False;ok;3;1;1.222;
5784;-4.854968796;37.95813747;0.1;False;ok;34;1;1.412;
5785;-4.754968796;37.95813747;0.1;False;ok;0;1;2.023;
5786;-4.554968796;37.95813747;0.1;False;ok;11;1;1.470;
5787;-4.354968796;37.95813747;0.1;False;ok;3;1;1.373;
5788;-4.254968796;37.95813747;0.1;False;ok;11;1;1.374;
5789;-4.154968796;37.95813747;0.1;False;ok;25;1;1.401;
5790;-4.054968796;37.95813747;0.1;False;ok;17;1;1.417;
5791;-3.854968796;37.95813747;0.1;False;ok;1;1;1.335;
5792;-3.554968796;37.95813747;0.1;False;ok;75;1;1.542;
5793;-3.454968796;37.95813747;0.1;False;ok;74;1;1.599;
5794;-3.354968796;37.95813747;0.1;False;ok;5;1;1.343;
5795;-3.154968796;37.95813747;0.1;False;ok;7;1;1.228;
5796;-2.954968796;37.95813747;0.1;False;ok;19;1;1.332;
5797;-2.854968796;37.95813747;0.1;False;ok;11;1;1.197;
5798;-2.654968796;37.95813747;0.1;False;ok;3;1;1.057;
5799;-2.554968796;37.95813747;0.1;False;ok;4;1;1.079;
5800;-6.954968796;38.05813747;0.1;False;ok;7;1;0.912;
5801;-6.754968796;38.05813747;0.1;False;ok;5;1;0.885;
5802;-6.654968796;38.05813747;0.1;False;ok;6;1;0.855;
5803;-6.554968796;38.05813747;0.1;False;ok;24;1;0.933;
5804;-6.454968796;38.05813747;0.1;False;ok;6;1;0.916;
5805;-6.354968796;38.05813747;0.1;False;ok;20;1;1.022;
5806;-6.254968796;38.05813747;0.1;False;ok;1;1;1.019;
5807;-5.854968796;38.05813747;0.1;False;ok;17;1;1.222;
5808;-5.054968796;38.05813747;0.1;False;ok;0;1;1.860;
5809;-4.954968796;38.05813747;0.1;False;ok;7;1;1.127;
5810;-4.454968796;38.05813747;0.1;False;ok;0;1;1.891;
5811;-4.354968796;38.05813747;0.1;False;ok;0;1;1.993;
5812;-4.054968796;38.05813747;0.1;False;ok;12;1;1.233;
5813;-3.954968796;38.05813747;0.1;False;ok;1;1;1.253;
5814;-3.854968796;38.05813747;0.1;False;ok;6;1;1.329;
5815;-3.754968796;38.05813747;0.1;False;ok;1;1;1.272;
5816;-3.654968796;38.05813747;0.1;False;ok;39;1;1.388;
5817;-3.554968796;38.05813747;0.1;False;ok;4;1;1.284;
5818;-3.354968796;38.05813747;0.1;False;ok;10;1;1.289;
5819;-3.254968796;38.05813747;0.1;False;ok;1;1;1.280;
5820;-3.154968796;38.05813747;0.1;False;ok;6;1;1.281;
5821;-3.054968796;38.05813747;0.1;False;ok;23;1;1.329;
5822;-2.854968796;38.05813747;0.1;False;ok;3;1;1.180;
5823;-2.754968796;38.05813747;0.1;False;ok;21;1;1.243;
5824;-2.654968796;38.05813747;0.1;False;ok;9;1;1.062;
5825;-2.454968796;38.05813747;0.1;False;ok;1;1;0.925;
5826;-2.354968796;38.05813747;0.1;False;ok;7;1;0.963;
5827;-7.154968796;38.15813747;0.1;False;ok;1;1;0.809;
5828;-6.754968796;38.15813747;0.1;False;ok;6;1;0.765;
5829;-6.354968796;38.15813747;0.1;False;ok;1;1;0.665;
5830;-6.054968796;38.15813747;0.1;False;ok;5;1;0.730;
5831;-5.954968796;38.15813747;0.1;False;ok;1;1;0.920;
5832;-5.454968796;38.15813747;0.1;False;ok;3;1;0.942;
5833;-5.354968796;38.15813747;0.1;False;ok;7;1;1.071;
5834;-5.154968796;38.15813747;0.1;False;ok;3;1;1.162;
5835;-4.354968796;38.15813747;0.1;False;ok;1;1;1.224;
5836;-4.054968796;38.15813747;0.1;False;ok;3;1;1.300;
5837;-3.854968796;38.15813747;0.1;False;ok;20;1;1.413;
5838;-3.754968796;38.15813747;0.1;False;ok;4;1;1.333;
5839;-3.654968796;38.15813747;0.1;False;ok;1;1;1.411;
5840;-3.554968796;38.15813747;0.1;False;ok;5;1;1.339;
5841;-3.454968796;38.15813747;0.1;False;ok;2;1;1.432;
5842;-3.254968796;38.15813747;0.1;False;ok;3;1;1.500;
5843;-3.054968796;38.15813747;0.1;False;ok;8;1;1.480;
5844;-2.954968796;38.15813747;0.1;False;ok;10;1;1.562;
5845;-2.854968796;38.15813747;0.1;False;ok;4;1;1.435;
5846;-2.754968796;38.15813747;0.1;False;ok;34;1;1.510;
5847;-2.654968796;38.15813747;0.1;False;ok;6;1;1.393;
5848;-2.554968796;38.15813747;0.1;False;ok;3;1;1.353;
5849;-2.454968796;38.15813747;0.1;False;ok;4;1;1.385;
5850;-2.354968796;38.15813747;0.1;False;ok;2;1;1.353;
5851;0.08550972;35.95813747;0.1;True;ok;0;1;1.081;
5852;-2.21449028;36.65813747;0.1;False;ok;19;1;1.089;
5853;-2.11449028;36.65813747;0.1;False;ok;37;1;1.041;
5854;-2.31449028;36.75813747;0.1;False;ok;75;1;1.126;
5855;-2.21449028;36.75813747;0.1;False;ok;24;1;0.904;
5856;-2.11449028;36.75813747;0.00625;False;ok;73;1;1.053;
5857;-2.10824028;36.75813747;0.00625;False;ok;40;1;1.108;
5858;-2.11449028;36.76438747;0.00625;False;ok;67;1;1.283;
5859;-2.10824028;36.76438747;0.00625;False;ok;58;1;1.184;
5860;-2.11449028;36.77063747;0.0125;False;ok;2;1;1.036;
5861;-2.11449028;36.78313747;0.025;False;ok;51;1;1.202;
5862;-2.08949028;36.78313747;0.025;False;ok;6;1;1.253;
5863;-2.06449028;36.75813747;0.05;False;ok;5;1;1.263;
5864;-2.11449028;36.80813747;0.05;False;ok;10;1;1.376;
5865;-2.06449028;36.80813747;0.05;False;ok;73;1;1.440;
5866;-2.31449028;36.85813747;0.1;False;ok;3;1;1.329;
5867;-2.21449028;36.85813747;0.1;False;ok;7;1;1.461;
5868;-2.11449028;36.85813747;0.1;False;ok;43;1;1.447;
5869;-2.01449028;36.85813747;0.1;False;ok;75;1;1.468;
5870;-2.31449028;36.95813747;0.1;False;ok;2;1;1.286;
5871;-2.21449028;36.95813747;0.1;False;ok;69;1;1.535;
5872;-2.11449028;36.95813747;0.1;False;ok;6;1;1.313;
5873;-2.01449028;36.95813747;0.1;False;ok;5;1;1.327;
5874;-1.91449028;36.95813747;0.1;False;ok;74;1;1.457;
5875;-2.31449028;37.05813747;0.1;False;ok;2;1;1.113;
5876;-2.21449028;37.05813747;0.1;False;ok;4;1;1.153;
5877;-2.11449028;37.05813747;0.1;False;ok;11;1;1.075;
5878;-2.01449028;37.05813747;0.1;False;ok;19;1;1.056;
5879;-1.91449028;37.05813747;0.05;False;ok;1;1;0.880;
5880;-1.86449028;37.05813747;0.05;False;ok;75;1;1.133;
5881;-1.91449028;37.10813747;0.05;False;ok;12;1;0.941;
5882;-1.86449028;37.10813747;0.025;False;ok;71;1;1.156;
5883;-1.83949028;37.10813747;0.025;False;ok;47;1;1.050;
5884;-1.86449028;37.13313747;0.025;False;ok;59;1;1.284;
5885;-1.83949028;37.13313747;0.025;False;ok;73;1;1.271;
5886;-2.31449028;37.15813747;0.1;False;ok;1;1;1.125;
5887;-2.21449028;37.15813747;0.1;False;ok;2;1;1.121;
5888;-2.11449028;37.15813747;0.1;False;ok;9;1;1.297;
5889;-2.01449028;37.15813747;0.1;False;ok;25;1;1.345;
5890;-1.91449028;37.15813747;0.05;False;ok;51;1;1.326;
5891;-1.83949028;37.15813747;0.025;False;ok;71;1;1.418;
5892;-1.83949028;37.18313747;0.025;False;ok;73;1;1.485;
5893;-1.91449028;37.20813747;0.05;False;ok;4;1;1.270;
5894;-1.86449028;37.20813747;0.025;False;ok;0;1;2.063;
5895;-1.83949028;37.20813747;0.025;False;ok;75;1;1.460;
5896;-1.86449028;37.23313747;0.025;False;ok;6;1;1.268;
5897;-1.83949028;37.23313747;0.025;False;ok;16;1;1.371;
5898;-1.81449028;37.15813747;0.05;False;ok;18;1;1.365;
5899;-1.81449028;37.20813747;0.0125;False;ok;74;1;1.482;
5900;-1.81449028;37.22063747;0.00625;False;ok;19;1;1.206;
5901;-1.80824028;37.22063747;0.00625;False;ok;74;1;1.275;
5902;-1.81449028;37.22688747;0.00625;False;ok;5;1;0.988;
5903;-1.80824028;37.22688747;0.00625;False;ok;57;1;1.058;
5904;-1.80199028;37.22063747;0.0125;False;ok;75;1;1.129;
5905;-1.81449028;37.23313747;0.025;False;ok;25;1;1.000;
5906;-1.78949028;37.23313747;0.025;False;ok;21;1;0.967;
5907;-2.31449028;37.25813747;0.1;False;ok;9;1;0.863;
5908;-2.21449028;37.25813747;0.1;False;ok;5;1;0.825;
5909;-2.11449028;37.25813747;0.1;False;ok;23;1;1.050;
5910;-2.01449028;37.25813747;0.1;False;ok;7;1;0.920;
5911;-1.91449028;37.25813747;0.1;False;ok;15;1;0.941;
5912;-1.81449028;37.25813747;0.1;False;ok;8;1;0.928;
5913;-1.71449028;37.30813747;0.025;False;ok;18;1;1.040;
5914;-1.71449028;37.33313747;0.025;False;ok;50;1;1.189;
5915;-1.68949028;37.33313747;0.025;False;ok;74;1;1.223;
5916;-1.66449028;37.30813747;0.05;False;ok;5;1;1.112;
5917;-2.31449028;37.35813747;0.1;False;ok;4;1;1.131;
5918;-2.21449028;37.35813747;0.1;False;ok;17;1;1.215;
5919;-2.11449028;37.35813747;0.1;False;ok;9;1;1.308;
5920;-2.01449028;37.35813747;0.1;False;ok;5;1;1.298;
5921;-1.91449028;37.35813747;0.1;False;ok;5;1;1.262;
5922;-1.81449028;37.35813747;0.1;False;ok;4;1;1.228;
5923;-1.71449028;37.35813747;0.1;False;ok;68;1;1.429;
5924;-1.61449028;37.35813747;0.1;False;ok;75;1;1.441;
5925;-1.51449028;37.35813747;0.1;False;ok;28;1;1.327;
5926;-2.31449028;37.45813747;0.1;False;ok;10;1;1.285;
5927;-2.11449028;37.45813747;0.1;False;ok;9;1;1.262;
5928;-2.01449028;37.45813747;0.1;False;ok;6;1;1.266;
5929;-1.81449028;37.45813747;0.1;False;ok;4;1;1.246;
5930;-1.71449028;37.45813747;0.1;False;ok;6;1;1.212;
5931;-1.51449028;37.45813747;0.1;False;ok;2;1;1.262;
5932;-1.41449028;37.45813747;0.1;False;ok;3;1;1.218;
5933;-1.21449028;37.45813747;0.1;False;ok;8;1;1.143;
5934;-2.31449028;37.55813747;0.1;False;ok;1;1;1.032;
5935;-2.11449028;37.55813747;0.1;False;ok;21;1;1.145;
5936;-2.01449028;37.55813747;0.1;False;ok;1;1;1.093;
5937;-1.91449028;37.55813747;0.1;False;ok;0;1;1.771;
5938;-1.81449028;37.55813747;0.1;False;ok;9;1;1.191;
5939;-1.51449028;37.55813747;0.1;False;ok;2;1;1.067;
5940;-1.41449028;37.55813747;0.1;False;ok;42;1;1.274;
5941;-1.31449028;37.55813747;0.05;False;ok;69;1;1.441;
5942;-1.26449028;37.55813747;0.05;False;ok;73;1;1.358;
5943;-1.26449028;37.60813747;0.05;False;ok;1;1;1.257;
5944;-1.21449028;37.55813747;0.1;False;ok;49;1;1.392;
5945;-1.11449028;37.55813747;0.1;False;ok;13;1;1.394;
5946;-1.01449028;37.55813747;0.1;False;ok;73;1;1.500;
5947;-0.91449028;37.55813747;0.1;False;ok;16;1;1.367;
5948;-0.81449028;37.58313747;0.0125;False;ok;20;1;1.381;
5949;-0.80199028;37.58313747;0.0125;False;ok;15;1;1.280;
5950;-0.81449028;37.59563747;0.0125;False;ok;47;1;1.437;
5951;-0.80199028;37.59563747;0.0125;False;ok;6;1;1.278;
5952;-0.81449028;37.60813747;0.025;False;ok;17;1;1.335;
5953;-0.78949028;37.60813747;0.025;False;ok;10;1;1.185;
5954;-0.81449028;37.63313747;0.025;False;ok;6;1;1.173;
5955;-0.78949028;37.63313747;0.025;False;ok;74;1;1.193;
5956;-0.76449028;37.60813747;0.05;False;ok;75;1;1.323;
5957;-0.71449028;37.55813747;0.1;False;ok;73;1;1.129;
5958;-2.21449028;37.65813747;0.1;False;ok;6;1;0.904;
5959;-2.11449028;37.65813747;0.1;False;ok;28;1;0.827;
5960;-2.01449028;37.65813747;0.1;False;ok;1;1;0.665;
5961;-1.91449028;37.65813747;0.1;False;ok;4;1;0.779;
5962;-1.71449028;37.65813747;0.1;False;ok;21;1;0.948;
5963;-1.61449028;37.65813747;0.1;False;ok;2;1;0.800;
5964;-1.51449028;37.65813747;0.1;False;ok;0;1;1.850;
5965;-1.41449028;37.65813747;0.1;False;ok;74;1;1.400;
5966;-1.31449028;37.65813747;0.1;False;ok;1;1;1.119;
5967;-1.21449028;37.65813747;0.1;False;ok;12;1;1.320;
5968;-1.11449028;37.65813747;0.1;False;ok;7;1;1.383;
5969;-1.01449028;37.65813747;0.1;False;ok;73;1;1.560;
5970;-0.86449028;37.65813747;0.05;False;ok;29;1;1.484;
5971;-0.91449028;37.70813747;0.05;False;ok;71;1;1.552;
5972;-0.86449028;37.70813747;0.05;False;ok;75;1;1.703;
5973;-0.76449028;37.65813747;0.05;False;ok;75;1;1.620;
5974;-0.76449028;37.70813747;0.025;False;ok;37;1;1.550;
5975;-0.73949028;37.70813747;0.025;False;ok;1;1;1.308;
5976;-0.76449028;37.73313747;0.025;False;ok;55;1;1.537;
5977;-0.73949028;37.73313747;0.025;False;ok;67;1;1.521;
5978;-2.21449028;37.75813747;0.1;False;ok;0;1;2.032;
5979;-1.81449028;37.75813747;0.1;False;ok;0;1;2.073;
5980;-1.71449028;37.75813747;0.1;False;ok;2;1;1.311;
5981;-1.61449028;37.75813747;0.1;False;ok;8;1;1.280;
5982;-1.51449028;37.75813747;0.1;False;ok;11;1;1.261;
5983;-1.41449028;37.75813747;0.1;False;ok;1;1;1.046;
5984;-1.31449028;37.75813747;0.1;False;ok;1;1;0.842;
5985;-1.21449028;37.75813747;0.1;False;ok;65;1;0.955;
5986;-1.01449028;37.75813747;0.05;False;ok;54;1;0.910;
5987;-0.96449028;37.75813747;0.05;False;ok;1;1;0.626;
5988;-1.01449028;37.80813747;0.0125;False;ok;58;1;0.842;
5989;-1.01449028;37.82063747;0.0125;False;ok;57;1;0.965;
5990;-1.00199028;37.82063747;0.0125;False;ok;38;1;0.936;
5991;-1.01449028;37.83313747;0.025;False;ok;3;1;0.972;
5992;-0.96449028;37.80813747;0.05;False;ok;4;1;0.982;
5993;-0.91449028;37.75813747;0.1;False;ok;75;1;1.325;
5994;-0.81449028;37.75813747;0.05;False;ok;62;1;1.455;
5995;-0.75199028;37.75813747;0.0125;False;ok;61;1;1.415;
5996;-0.76449028;37.77063747;0.0125;False;ok;7;1;1.259;
5997;-0.75199028;37.77063747;0.0125;False;ok;75;1;1.457;
5998;-0.81449028;37.80813747;0.025;False;ok;73;1;1.478;
5999;-0.78949028;37.80813747;0.025;False;ok;75;1;1.512;
6000;-0.81449028;37.83313747;0.025;False;ok;7;1;1.342;
6001;-0.78949028;37.83313747;0.025;False;ok;72;1;1.446;
6002;-0.76449028;37.80813747;0.05;False;ok;6;1;1.278;
6003;-1.51449028;37.85813747;0.1;False;ok;4;1;1.239;
6004;-1.31449028;37.85813747;0.1;False;ok;2;1;1.188;
6005;-1.21449028;37.85813747;0.1;False;ok;16;1;1.261;
6006;-1.11449028;37.85813747;0.1;False;ok;68;1;1.324;
6007;-1.01449028;37.85813747;0.1;False;ok;75;1;1.287;
6008;-0.91449028;37.85813747;0.1;False;ok;37;1;1.135;
6009;-0.81449028;37.85813747;0.05;False;ok;72;1;1.165;
6010;-0.76449028;37.85813747;0.025;False;ok;72;1;1.167;
6011;-0.76449028;37.88313747;0.025;False;ok;74;1;1.195;
6012;-0.81449028;37.90813747;0.025;False;ok;22;1;1.037;
6013;-0.78949028;37.90813747;0.025;False;ok;48;1;0.977;
6014;-0.81449028;37.93313747;0.025;False;ok;13;1;0.948;
6015;-0.78949028;37.93313747;0.025;False;ok;73;1;1.281;
6016;-0.76449028;37.90813747;0.0125;False;ok;10;1;1.089;
6017;-0.75199028;37.90813747;0.0125;False;ok;74;1;1.313;
6018;-0.76449028;37.92063747;0.0125;False;ok;47;1;1.314;
6019;-0.75199028;37.92063747;0.0125;False;ok;45;1;1.394;
6020;-0.73949028;37.90813747;0.0125;False;ok;75;1;1.521;
6021;-0.72699028;37.90813747;0.0125;False;ok;8;1;1.209;
6022;-0.73949028;37.92063747;0.0125;False;ok;75;1;1.481;
6023;-0.72699028;37.92063747;0.0125;False;ok;72;1;1.486;
6024;-0.76449028;37.93313747;0.0125;False;ok;40;1;1.368;
6025;-0.75199028;37.93313747;0.0125;False;ok;73;1;1.490;
6026;-0.76449028;37.94563747;0.0125;False;ok;14;1;1.411;
6027;-0.75199028;37.94563747;0.0125;False;ok;68;1;1.446;
6028;-0.73949028;37.93313747;0.0125;False;ok;69;1;1.489;
6029;-0.72699028;37.93313747;0.0125;False;ok;69;1;1.544;
6030;-0.73949028;37.94563747;0.0125;False;ok;49;1;1.427;
6031;-0.72699028;37.94563747;0.00625;False;ok;38;1;1.389;
6032;-0.72074028;37.94563747;0.00625;False;ok;44;1;1.303;
6033;-0.72699028;37.95188747;0.00625;False;ok;35;1;1.180;
6034;-0.72074028;37.95188747;0.00625;False;ok;17;1;1.100;
6035;-0.71449028;37.93313747;0.0125;False;ok;75;1;1.082;
6036;-0.71449028;37.94563747;0.0125;False;ok;75;1;1.115;
6037;-2.01449028;37.95813747;0.1;False;ok;11;1;0.911;
6038;-1.91449028;37.95813747;0.1;False;ok;4;1;0.892;
6039;-1.81449028;37.95813747;0.1;False;ok;0;1;1.586;
6040;-1.71449028;37.95813747;0.1;False;ok;20;1;0.872;
6041;-1.61449028;37.95813747;0.1;False;ok;3;1;0.945;
6042;-1.51449028;37.95813747;0.1;False;ok;11;1;1.021;
6043;-1.41449028;37.95813747;0.1;False;ok;3;1;0.949;
6044;-1.31449028;37.95813747;0.1;False;ok;18;1;0.950;
6045;-1.21449028;37.95813747;0.1;False;ok;75;1;1.360;
6046;-1.11449028;37.95813747;0.1;False;ok;31;1;1.061;
6047;-1.01449028;37.95813747;0.1;False;ok;3;1;1.161;
6048;-0.91449028;37.95813747;0.1;False;ok;53;1;1.387;
6049;-0.81449028;37.95813747;0.1;False;ok;72;1;1.476;
6050;-0.71449028;37.95813747;0.0125;False;ok;68;1;1.440;
6051;-0.70199028;37.95813747;0.0125;False;ok;42;1;1.333;
6052;-0.70199028;37.97063747;0.0125;False;ok;75;1;1.419;
6053;-0.68949028;37.97063747;0.00625;False;ok;24;1;1.317;
6054;-0.68324028;37.97063747;0.00625;False;ok;33;1;1.389;
6055;-0.68949028;37.97688747;0.00625;False;ok;73;1;1.377;
6056;-0.68324028;37.97688747;0.00625;False;ok;71;1;1.378;
6057;-0.67699028;37.97063747;0.00625;False;ok;69;1;1.431;
6058;-0.67074028;37.97063747;0.00625;False;ok;20;1;1.241;
6059;-0.67699028;37.97688747;0.003125;False;ok;52;1;1.339;
6060;-0.67386528;37.97688747;0.003125;False;ok;71;1;1.221;
6061;-0.67699028;37.98001247;0.003125;False;ok;54;1;1.145;
6062;-0.67386528;37.98001247;0.003125;False;ok;71;1;1.121;
6063;-0.67074028;37.97688747;0.003125;False;ok;74;1;1.238;
6064;-0.66761528;37.97688747;0.003125;False;ok;72;1;0.943;
6065;-0.67074028;37.98001247;0.003125;False;ok;69;1;0.983;
6066;-0.66761528;37.98001247;0.003125;False;ok;74;1;0.937;
6067;-0.71449028;37.98313747;0.025;False;ok;66;1;0.940;
6068;-0.68949028;37.98313747;0.0125;False;ok;52;1;0.863;
6069;-0.67699028;37.98313747;0.0125;False;ok;74;1;0.940;
6070;-0.68949028;37.99563747;0.0125;False;ok;34;1;1.022;
6071;-0.67699028;37.99563747;0.0125;False;ok;67;1;1.025;
6072;-0.66449028;37.95813747;0.025;False;ok;75;1;1.184;
6073;-0.66449028;37.98313747;0.00625;False;ok;74;1;1.139;
6074;-0.65824028;37.98313747;0.00625;False;ok;31;1;1.040;
6075;-0.66449028;37.98938747;0.00625;False;ok;40;1;1.130;
6076;-0.65824028;37.98938747;0.00625;False;ok;11;1;1.134;
6077;-0.66449028;37.99563747;0.00625;False;ok;32;1;1.156;
6078;-0.65824028;37.99563747;0.00625;False;ok;25;1;1.204;
6079;-0.66449028;38.00188747;0.00625;False;ok;52;1;1.251;
6080;-0.65824028;38.00188747;0.00625;False;ok;73;1;1.266;
6081;-0.65199028;37.99563747;0.0125;False;ok;74;1;1.351;
6082;-0.71449028;38.00813747;0.05;False;ok;75;1;1.365;
6083;-0.66449028;38.00813747;0.00625;False;ok;69;1;1.290;
6084;-0.65824028;38.00813747;0.00625;False;ok;40;1;1.189;
6085;-0.66449028;38.01438747;0.00625;False;ok;25;1;1.172;
6086;-0.65824028;38.01438747;0.00625;False;ok;75;1;1.308;
6087;-0.65824028;38.02063747;0.00625;False;ok;72;1;1.209;
6088;-0.65824028;38.02688747;0.00625;False;ok;75;1;1.301;
6089;-0.65199028;38.02063747;0.0125;False;ok;1;1;1.047;
6090;-0.66449028;38.03313747;0.025;False;ok;18;1;1.170;
6091;-2.31449028;38.05813747;0.1;False;ok;5;1;0.994;
6092;-2.21449028;38.05813747;0.1;False;ok;3;1;0.993;
6093;-2.11449028;38.05813747;0.1;False;ok;8;1;0.963;
6094;-2.01449028;38.05813747;0.1;False;ok;10;1;1.050;
6095;-1.91449028;38.05813747;0.1;False;ok;55;1;1.096;
6096;-1.81449028;38.05813747;0.1;False;ok;33;1;1.167;
6097;-1.61449028;38.05813747;0.1;False;ok;0;1;1.796;
6098;-1.41449028;38.05813747;0.1;False;ok;5;1;1.063;
6099;-1.31449028;38.05813747;0.1;False;ok;40;1;1.251;
6100;-1.21449028;38.05813747;0.1;False;ok;4;1;1.163;
6101;-1.11449028;38.05813747;0.1;False;ok;12;1;1.139;
6102;-1.01449028;38.05813747;0.1;False;ok;18;1;1.148;
6103;-0.91449028;38.05813747;0.1;False;ok;16;1;1.241;
6104;-0.81449028;38.05813747;0.1;False;ok;74;1;1.365;
6105;-0.71449028;38.05813747;0.05;False;ok;74;1;1.382;
6106;-0.66449028;38.05813747;0.05;False;ok;71;1;1.286;
6107;-0.71449028;38.10813747;0.05;False;ok;60;1;1.329;
6108;-0.66449028;38.10813747;0.05;False;ok;29;1;1.290;
6109;-2.31449028;38.15813747;0.1;False;ok;1;1;1.197;
6110;-2.21449028;38.15813747;0.1;False;ok;4;1;1.126;
6111;-2.01449028;38.15813747;0.1;False;ok;4;1;1.163;
6112;-1.91449028;38.15813747;0.1;False;ok;52;1;1.282;
6113;-1.81449028;38.15813747;0.1;False;ok;11;1;1.170;
6114;-1.61449028;38.15813747;0.1;False;ok;0;1;1.801;
6115;-1.51449028;38.15813747;0.1;False;ok;9;1;1.018;
6116;-1.41449028;38.15813747;0.1;False;ok;22;1;0.972;
6117;-1.21449028;38.15813747;0.1;False;ok;13;1;0.978;
6118;-1.11449028;38.15813747;0.1;False;ok;9;1;0.881;
6119;-1.01449028;38.15813747;0.1;False;ok;3;1;0.804;
6120;-0.91449028;38.15813747;0.1;False;ok;2;1;0.801;
6121;-0.81449028;38.15813747;0.1;False;ok;24;1;0.862;
6122;-0.71449028;38.15813747;0.1;False;ok;13;1;0.895;
6123;-0.61449028;38.15813747;0.05;False;ok;72;1;1.159;
6124;-0.56449028;38.18313747;0.0125;False;ok;72;1;1.224;
6125;-0.55199028;38.18313747;0.0125;False;ok;72;1;1.245;
6126;-0.56449028;38.19563747;0.0125;False;ok;20;1;1.250;
6127;-0.53949028;38.18313747;0.025;False;ok;62;1;1.253;
6128;-0.61449028;38.20813747;0.05;False;ok;5;1;1.112;
6129;-0.56449028;38.20813747;0.025;False;ok;9;1;1.237;
6130;-0.53949028;38.20813747;0.025;False;ok;74;1;1.526;
6131;-0.56449028;38.23313747;0.025;False;ok;56;1;1.404;
6132;-0.53949028;38.23313747;0.0125;False;ok;58;1;1.298;
6133;-0.52699028;38.23313747;0.0125;False;ok;74;1;1.377;
6134;-0.52699028;38.24563747;0.0125;False;ok;73;1;1.474;
6135;-0.51449028;38.15813747;0.1;False;ok;27;1;1.215;
6136;1.307224089;38.62466885;0.1;False;ok;33;1;1.254;
6137;1.407224089;38.62466885;0.05;False;ok;3;1;1.073;
6138;1.457224089;38.62466885;0.05;False;ok;3;1;1.071;
6139;1.407224089;38.67466885;0.025;False;ok;25;1;1.133;
6140;1.432224089;38.67466885;0.025;False;ok;28;1;1.128;
6141;1.407224089;38.69966885;0.025;False;ok;29;1;1.111;
6142;1.432224089;38.69966885;0.025;False;ok;75;1;0.908;
6143;1.457224089;38.67466885;0.05;False;ok;75;1;0.863;
6144;1.507224089;38.62466885;0.1;False;ok;56;1;0.872;
6145;1.307224089;38.72466885;0.1;False;ok;1;1;0.765;
6146;1.407224089;38.72466885;0.1;False;ok;44;1;0.913;
6147;1.207224089;38.82466885;0.05;False;ok;0;1;1.565;
6148;1.257224089;38.82466885;0.05;False;ok;2;1;0.933;
6149;1.207224089;38.87466885;0.05;False;ok;50;1;1.067;
6150;1.257224089;38.87466885;0.05;False;ok;30;1;1.215;
6151;1.307224089;38.82466885;0.05;False;ok;9;1;1.249;
6152;1.357224089;38.82466885;0.05;False;ok;5;1;1.280;
6153;1.307224089;38.87466885;0.05;False;ok;38;1;1.408;
6154;1.357224089;38.87466885;0.05;False;ok;71;1;1.538;
6155;1.407224089;38.87466885;0.025;False;ok;21;1;1.353;
6156;1.407224089;38.89966885;0.025;False;ok;52;1;1.404;
6157;1.432224089;38.89966885;0.025;False;ok;43;1;1.399;
6158;1.457224089;38.87466885;0.05;False;ok;21;1;1.476;
6159;1.207224089;38.92466885;0.05;False;ok;39;1;1.429;
6160;1.257224089;38.92466885;0.025;False;ok;9;1;1.275;
6161;1.282224089;38.92466885;0.025;False;ok;10;1;1.283;
6162;1.257224089;38.94966885;0.025;False;ok;24;1;1.317;
6163;1.282224089;38.94966885;0.025;False;ok;61;1;1.307;
6164;1.257224089;38.97466885;0.05;False;ok;75;1;1.339;
6165;1.307224089;38.92466885;0.05;False;ok;33;1;1.174;
6166;1.357224089;38.92466885;0.05;False;ok;20;1;1.106;
6167;1.307224089;38.97466885;0.05;False;ok;22;1;1.084;
6168;1.357224089;38.97466885;0.05;False;ok;17;1;0.925;
6169;1.407224089;38.92466885;0.05;False;ok;42;1;0.838;
6170;1.457224089;38.92466885;0.05;False;ok;42;1;0.822;
6171;1.407224089;38.97466885;0.05;False;ok;26;1;0.934;
6172;1.457224089;38.97466885;0.05;False;ok;21;1;0.860;
6173;1.507224089;38.92466885;0.05;False;ok;26;1;1.185;
6174;1.507224089;38.97466885;0.05;False;ok;71;1;1.304;
6175;1.557224089;38.97466885;0.05;False;ok;63;1;1.360;
6176;1.307224089;39.02466885;0.1;False;ok;7;1;1.287;
6177;1.407224089;39.02466885;0.1;False;ok;61;1;1.355;
6178;1.507224089;39.02466885;0.1;False;ok;73;1;1.451;
6179;1.607224089;39.02466885;0.1;False;ok;0;1;2.116;
6180;2.907224089;39.22466885;0.1;False;ok;74;1;1.594;
6181;3.007224089;39.22466885;0.1;False;ok;1;1;1.229;
6182;3.107224089;39.22466885;0.1;False;ok;47;1;1.433;
6183;2.707224089;39.32466885;0.1;False;ok;8;1;1.343;
6184;2.807224089;39.32466885;0.1;False;ok;52;1;1.437;
6185;2.907224089;39.32466885;0.05;False;ok;73;1;1.584;
6186;2.957224089;39.32466885;0.05;False;ok;40;1;1.430;
6187;2.907224089;39.37466885;0.05;False;ok;29;1;1.372;
6188;2.957224089;39.37466885;0.05;False;ok;31;1;1.365;
6189;3.007224089;39.32466885;0.05;False;ok;75;1;1.510;
6190;3.057224089;39.32466885;0.05;False;ok;36;1;1.331;
6191;3.007224089;39.37466885;0.05;False;ok;62;1;1.129;
6192;3.057224089;39.37466885;0.05;False;ok;50;1;1.110;
6193;3.107224089;39.32466885;0.025;False;ok;6;1;0.870;
6194;3.132224089;39.32466885;0.025;False;ok;64;1;0.919;
6195;3.107224089;39.34966885;0.025;False;ok;29;1;0.936;
6196;3.132224089;39.34966885;0.025;False;ok;13;1;0.840;
6197;3.157224089;39.32466885;0.025;False;ok;63;1;0.943;
6198;3.182224089;39.32466885;0.025;False;ok;13;1;0.900;
6199;3.157224089;39.34966885;0.025;False;ok;5;1;0.981;
6200;3.182224089;39.34966885;0.025;False;ok;30;1;1.023;
6201;3.107224089;39.37466885;0.05;False;ok;33;1;1.048;
6202;3.157224089;39.37466885;0.05;False;ok;70;1;1.333;
6203;3.207224089;39.34966885;0.0125;False;ok;11;1;1.137;
6204;3.219724089;39.34966885;0.0125;False;ok;24;1;1.159;
6205;3.207224089;39.36216885;0.0125;False;ok;22;1;1.265;
6206;3.219724089;39.36216885;0.00625;False;ok;28;1;1.349;
6207;3.225974089;39.36216885;0.00625;False;ok;25;1;1.300;
6208;3.219724089;39.36841885;0.00625;False;ok;26;1;1.424;
6209;3.225974089;39.36841885;0.00625;False;ok;40;1;1.360;
6210;3.232224089;39.34966885;0.025;False;ok;37;1;1.420;
6211;3.207224089;39.37466885;0.025;False;ok;48;1;1.430;
6212;3.232224089;39.37466885;0.00625;False;ok;52;1;1.468;
6213;3.238474089;39.37466885;0.00625;False;ok;34;1;1.402;
6214;3.232224089;39.38091885;0.00625;False;ok;5;1;1.332;
6215;3.238474089;39.38091885;0.00625;False;ok;32;1;1.470;
6216;3.244724089;39.37466885;0.0125;False;ok;7;1;1.318;
6217;3.232224089;39.38716885;0.0125;False;ok;17;1;1.259;
6218;3.207224089;39.39966885;0.025;False;ok;28;1;1.327;
6219;3.232224089;39.39966885;0.025;False;ok;39;1;1.373;
6220;3.257224089;39.37466885;0.05;False;ok;66;1;1.397;
6221;2.407224089;39.42466885;0.1;False;ok;75;1;1.415;
6222;2.507224089;39.42466885;0.1;False;ok;75;1;1.371;
6223;2.707224089;39.42466885;0.05;False;ok;62;1;1.288;
6224;2.757224089;39.42466885;0.05;False;ok;18;1;1.135;
6225;2.707224089;39.47466885;0.025;False;ok;3;1;1.136;
6226;2.732224089;39.47466885;0.025;False;ok;43;1;1.197;
6227;2.744724089;39.49966885;0.0125;False;ok;58;1;1.311;
6228;2.732224089;39.51216885;0.0125;False;ok;30;1;1.232;
6229;2.744724089;39.51216885;0.0125;False;ok;45;1;1.335;
6230;2.757224089;39.47466885;0.05;False;ok;3;1;1.174;
6231;2.807224089;39.42466885;0.1;False;ok;74;1;1.375;
6232;2.907224089;39.42466885;0.1;False;ok;55;1;1.367;
6233;3.007224089;39.42466885;0.1;False;ok;75;1;1.473;
6234;3.107224089;39.42466885;0.05;False;ok;50;1;5.423;
6235;3.157224089;39.42466885;0.05;False;ok;35;1;1.266;
6236;3.107224089;39.47466885;0.05;False;ok;23;1;1.265;
6237;3.157224089;39.47466885;0.05;False;ok;29;1;1.316;
6238;3.207224089;39.42466885;0.05;False;ok;42;1;1.239;
6239;3.257224089;39.42466885;0.05;False;ok;67;1;1.224;
6240;3.207224089;39.47466885;0.05;False;ok;32;1;1.174;
6241;3.257224089;39.47466885;0.05;False;ok;17;1;1.047;
6242;3.307224089;39.42466885;0.1;False;ok;23;1;1.154;
6243;2.307224089;39.52466885;0.1;False;ok;72;1;1.274;
6244;2.407224089;39.52466885;0.05;False;ok;72;1;1.226;
6245;2.457224089;39.52466885;0.05;False;ok;24;1;1.026;
6246;2.407224089;39.57466885;0.05;False;ok;13;1;1.012;
6247;2.457224089;39.57466885;0.05;False;ok;12;1;0.880;
6248;2.507224089;39.52466885;0.05;False;ok;20;1;1.010;
6249;2.557224089;39.52466885;0.05;False;ok;63;1;1.091;
6250;2.507224089;39.57466885;0.05;False;ok;8;1;0.879;
6251;2.557224089;39.57466885;0.05;False;ok;7;1;0.873;
6252;2.607224089;39.54966885;0.025;False;ok;51;1;1.119;
6253;2.632224089;39.54966885;0.025;False;ok;74;1;1.328;
6254;2.657224089;39.52466885;0.05;False;ok;31;1;0.972;
6255;2.607224089;39.57466885;0.05;False;ok;50;1;1.164;
6256;2.657224089;39.57466885;0.05;False;ok;20;1;0.986;
6257;2.707224089;39.52466885;0.05;False;ok;67;1;1.116;
6258;2.757224089;39.52466885;0.05;False;ok;17;1;1.088;
6259;2.707224089;39.57466885;0.05;False;ok;28;1;1.010;
6260;2.757224089;39.57466885;0.05;False;ok;19;1;1.054;
6261;2.807224089;39.52466885;0.1;False;ok;66;1;1.121;
6262;2.907224089;39.52466885;0.1;False;ok;61;1;1.141;
6263;3.007224089;39.52466885;0.1;False;ok;73;1;1.139;
6264;3.107224089;39.52466885;0.05;False;ok;26;1;1.071;
6265;3.157224089;39.52466885;0.05;False;ok;23;1;1.116;
6266;3.107224089;39.57466885;0.05;False;ok;31;1;1.099;
6267;3.157224089;39.57466885;0.05;False;ok;30;1;1.035;
6268;3.207224089;39.52466885;0.05;False;ok;33;1;1.020;
6269;3.257224089;39.52466885;0.05;False;ok;39;1;0.951;
6270;3.207224089;39.57466885;0.05;False;ok;39;1;1.050;
6271;3.257224089;39.57466885;0.05;False;ok;49;1;0.953;
6272;3.307224089;39.52466885;0.05;False;ok;72;1;0.990;
6273;3.357224089;39.52466885;0.05;False;ok;71;1;0.974;
6274;3.307224089;39.57466885;0.05;False;ok;20;1;0.881;
6275;3.357224089;39.57466885;0.025;False;ok;42;1;1.042;
6276;3.382224089;39.57466885;0.025;False;ok;42;1;0.971;
6277;3.357224089;39.59966885;0.025;False;ok;42;1;1.138;
6278;3.382224089;39.59966885;0.025;False;ok;74;1;1.128;
6279;2.407224089;39.62466885;0.1;False;ok;15;1;1.033;
6280;2.507224089;39.62466885;0.1;False;ok;68;1;1.294;
6281;2.607224089;39.62466885;0.05;False;ok;14;1;1.180;
6282;2.657224089;39.62466885;0.05;False;ok;26;1;1.151;
6283;2.607224089;39.67466885;0.05;False;ok;36;1;1.151;
6284;2.657224089;39.67466885;0.05;False;ok;19;1;1.204;
6285;2.707224089;39.62466885;0.1;False;ok;72;1;1.289;
6286;2.807224089;39.62466885;0.05;False;ok;28;1;1.246;
6287;2.857224089;39.62466885;0.05;False;ok;24;1;1.213;
6288;2.807224089;39.67466885;0.05;False;ok;37;1;1.151;
6289;2.857224089;39.67466885;0.025;False;ok;8;1;1.062;
6290;2.882224089;39.67466885;0.025;False;ok;9;1;1.098;
6291;2.857224089;39.69966885;0.025;False;ok;32;1;1.104;
6292;2.882224089;39.69966885;0.025;False;ok;24;1;1.087;
6293;2.907224089;39.62466885;0.05;False;ok;49;1;1.111;
6294;2.957224089;39.62466885;0.05;False;ok;24;1;0.920;
6295;2.907224089;39.67466885;0.05;False;ok;66;1;1.040;
6296;2.957224089;39.67466885;0.05;False;ok;43;1;0.869;
6297;3.007224089;39.62466885;0.05;False;ok;32;1;0.871;
6298;3.057224089;39.62466885;0.05;False;ok;45;1;0.922;
6299;3.007224089;39.67466885;0.05;False;ok;36;1;0.988;
6300;3.057224089;39.67466885;0.05;False;ok;58;1;1.030;
6301;3.107224089;39.62466885;0.05;False;ok;59;1;0.989;
6302;3.157224089;39.62466885;0.05;False;ok;8;1;0.880;
6303;3.107224089;39.67466885;0.05;False;ok;40;1;1.203;
6304;3.157224089;39.67466885;0.05;False;ok;4;1;1.063;
6305;3.207224089;39.62466885;0.1;False;ok;45;1;1.146;
6306;3.307224089;39.62466885;0.05;False;ok;50;1;1.292;
6307;3.357224089;39.62466885;0.05;False;ok;74;1;1.283;
6308;3.307224089;39.67466885;0.05;False;ok;75;1;1.288;
6309;3.357224089;39.67466885;0.05;False;ok;52;1;1.213;
6310;3.407224089;39.62466885;0.05;False;ok;74;1;1.260;
6311;3.407224089;39.67466885;0.025;False;ok;9;1;1.138;
6312;3.432224089;39.67466885;0.025;False;ok;44;1;1.281;
6313;3.407224089;39.69966885;0.025;False;ok;21;1;1.162;
6314;3.432224089;39.69966885;0.025;False;ok;74;1;1.339;
6315;3.457224089;39.67466885;0.05;False;ok;75;1;1.246;
6316;2.607224089;39.72466885;0.05;False;ok;32;1;1.127;
6317;2.657224089;39.72466885;0.05;False;ok;13;1;1.024;
6318;2.657224089;39.77466885;0.05;False;ok;75;1;1.127;
6319;2.732224089;39.72466885;0.025;False;ok;0;1;1.698;
6320;2.707224089;39.74966885;0.025;False;ok;75;1;1.073;
6321;2.732224089;39.74966885;0.025;False;ok;10;1;0.917;
6322;2.757224089;39.72466885;0.05;False;ok;4;1;0.803;
6323;2.707224089;39.77466885;0.05;False;ok;52;1;1.068;
6324;2.757224089;39.77466885;0.05;False;ok;2;1;0.853;
6325;2.807224089;39.72466885;0.05;False;ok;1;1;0.962;
6326;2.857224089;39.72466885;0.025;False;ok;23;1;1.106;
6327;2.882224089;39.72466885;0.025;False;ok;27;1;1.114;
6328;2.857224089;39.74966885;0.025;False;ok;19;1;1.024;
6329;2.882224089;39.74966885;0.025;False;ok;64;1;1.156;
6330;2.857224089;39.77466885;0.05;False;ok;8;1;1.124;
6331;2.907224089;39.72466885;0.025;False;ok;28;1;1.210;
6332;2.932224089;39.72466885;0.025;False;ok;10;1;1.190;
6333;2.907224089;39.74966885;0.025;False;ok;25;1;1.179;
6334;2.932224089;39.74966885;0.025;False;ok;30;1;1.213;
6335;2.957224089;39.72466885;0.025;False;ok;4;1;1.122;
6336;2.982224089;39.72466885;0.025;False;ok;19;1;1.218;
6337;2.957224089;39.74966885;0.025;False;ok;51;1;1.313;
6338;2.982224089;39.74966885;0.025;False;ok;71;1;1.295;
6339;2.907224089;39.77466885;0.05;False;ok;34;1;1.199;
6340;2.957224089;39.77466885;0.05;False;ok;75;1;1.288;
6341;3.007224089;39.72466885;0.025;False;ok;12;1;1.070;
6342;3.032224089;39.72466885;0.025;False;ok;30;1;1.084;
6343;3.007224089;39.74966885;0.025;False;ok;51;1;1.158;
6344;3.032224089;39.74966885;0.025;False;ok;10;1;1.065;
6345;3.057224089;39.72466885;0.05;False;ok;63;1;1.115;
6346;3.007224089;39.77466885;0.025;False;ok;18;1;1.092;
6347;3.032224089;39.77466885;0.025;False;ok;6;1;1.006;
6348;3.007224089;39.79966885;0.025;False;ok;71;1;1.239;
6349;3.032224089;39.79966885;0.025;False;ok;7;1;1.035;
6350;3.057224089;39.77466885;0.05;False;ok;18;1;1.259;
6351;3.107224089;39.72466885;0.025;False;ok;34;1;1.210;
6352;3.132224089;39.72466885;0.025;False;ok;9;1;1.078;
6353;3.107224089;39.74966885;0.025;False;ok;31;1;1.235;
6354;3.132224089;39.74966885;0.0125;False;ok;3;1;1.093;
6355;3.144724089;39.74966885;0.0125;False;ok;17;1;1.209;
6356;3.132224089;39.76216885;0.0125;False;ok;25;1;1.162;
6357;3.144724089;39.76216885;0.00625;False;ok;32;1;1.200;
6358;3.150974089;39.76216885;0.00625;False;ok;59;1;1.299;
6359;3.144724089;39.76841885;0.00625;False;ok;24;1;1.152;
6360;3.150974089;39.76841885;0.00625;False;ok;2;1;1.154;
6361;3.157224089;39.74966885;0.0125;False;ok;53;1;1.340;
6362;3.157224089;39.76216885;0.0125;False;ok;28;1;1.195;
6363;3.107224089;39.77466885;0.025;False;ok;64;1;1.275;
6364;3.107224089;39.79966885;0.0125;False;ok;54;1;1.268;
6365;3.107224089;39.81216885;0.00625;False;ok;29;1;1.248;
6366;3.113474089;39.81216885;0.00625;False;ok;34;1;1.199;
6367;3.107224089;39.81841885;0.00625;False;ok;3;1;1.133;
6368;3.113474089;39.81841885;0.003125;False;ok;47;1;1.292;
6369;3.113474089;39.82154385;0.003125;False;ok;26;1;1.210;
6370;3.207224089;39.72466885;0.0125;False;ok;27;1;1.148;
6371;3.219724089;39.72466885;0.0125;False;ok;31;1;1.230;
6372;3.207224089;39.73716885;0.0125;False;ok;10;1;1.282;
6373;3.219724089;39.73716885;0.0125;False;ok;20;1;1.172;
6374;3.232224089;39.72466885;0.025;False;ok;18;1;1.147;
6375;3.257224089;39.72466885;0.05;False;ok;74;1;1.320;
6376;3.307224089;39.72466885;0.1;False;ok;47;1;1.283;
6377;3.407224089;39.72466885;0.1;False;ok;20;1;1.211;
6378;4.207224089;39.79966885;0.025;False;ok;15;1;1.147;
6379;4.232224089;39.81216885;0.0125;False;ok;72;1;1.202;
6380;4.244724089;39.81216885;0.0125;False;ok;30;1;1.196;
6381;4.257224089;39.77466885;0.05;False;ok;72;1;1.315;
6382;2.707224089;39.82466885;0.1;False;ok;4;1;1.074;
6383;2.807224089;39.82466885;0.1;False;ok;1;1;1.054;
6384;2.907224089;39.82466885;0.1;False;ok;73;1;1.269;
6385;3.007224089;39.82466885;0.025;False;ok;6;1;1.057;
6386;3.032224089;39.82466885;0.025;False;ok;31;1;1.095;
6387;3.007224089;39.84966885;0.0125;False;ok;18;1;1.120;
6388;3.019724089;39.84966885;0.0125;False;ok;25;1;1.120;
6389;3.007224089;39.86216885;0.0125;False;ok;48;1;1.188;
6390;3.019724089;39.86216885;0.0125;False;ok;21;1;1.118;
6391;3.032224089;39.84966885;0.0125;False;ok;10;1;1.143;
6392;3.044724089;39.84966885;0.0125;False;ok;41;1;1.206;
6393;3.032224089;39.86216885;0.0125;False;ok;33;1;1.204;
6394;3.044724089;39.86216885;0.0125;False;ok;22;1;1.142;
6395;3.057224089;39.82466885;0.025;False;ok;63;1;1.345;
6396;3.082224089;39.82466885;0.025;False;ok;38;1;1.297;
6397;3.057224089;39.84966885;0.0125;False;ok;34;1;1.180;
6398;3.069724089;39.84966885;0.0125;False;ok;16;1;1.205;
6399;3.057224089;39.86216885;0.0125;False;ok;24;1;1.230;
6400;3.069724089;39.86216885;0.0125;False;ok;27;1;1.312;
6401;3.082224089;39.84966885;0.025;False;ok;42;1;1.371;
6402;3.007224089;39.87466885;0.00625;False;ok;10;1;1.163;
6403;3.013474089;39.87466885;0.003125;False;ok;32;1;1.271;
6404;3.016599089;39.87466885;0.003125;False;ok;4;1;1.193;
6405;3.013474089;39.87779385;0.003125;False;ok;31;1;1.287;
6406;3.016599089;39.87779385;0.003125;False;ok;21;1;1.293;
6407;3.007224089;39.88091885;0.00625;False;ok;27;1;1.321;
6408;3.013474089;39.88091885;0.00625;False;ok;33;1;1.275;
6409;3.019724089;39.87466885;0.0125;False;ok;30;1;1.202;
6410;3.007224089;39.88716885;0.0125;False;ok;39;1;1.203;
6411;3.019724089;39.88716885;0.0125;False;ok;75;1;1.246;
6412;3.032224089;39.87466885;0.0125;False;ok;34;1;1.165;
6413;3.044724089;39.87466885;0.0125;False;ok;52;1;1.231;
6414;3.032224089;39.88716885;0.0125;False;ok;42;1;1.270;
6415;3.044724089;39.88716885;0.0125;False;ok;48;1;1.174;
6416;3.007224089;39.89966885;0.025;False;ok;2;1;1.046;
6417;3.032224089;39.89966885;0.0125;False;ok;21;1;1.099;
6418;3.044724089;39.89966885;0.0125;False;ok;5;1;1.075;
6419;3.032224089;39.91216885;0.0125;False;ok;0;1;1.829;
6420;3.044724089;39.91216885;0.00625;False;ok;14;1;1.212;
6421;3.050974089;39.91216885;0.003125;False;ok;0;1;1.898;
6422;3.050974089;39.91529385;0.003125;False;ok;40;1;1.367;
6423;3.054099089;39.91529385;0.003125;False;ok;20;1;1.221;
6424;3.050974089;39.91841885;0.00625;False;ok;40;1;1.210;
6425;3.057224089;39.87466885;0.0125;False;ok;36;1;1.326;
6426;3.069724089;39.87466885;0.0125;False;ok;20;1;1.272;
6427;3.057224089;39.88716885;0.0125;False;ok;41;1;1.257;
6428;3.069724089;39.88716885;0.00625;False;ok;28;1;1.197;
6429;3.075974089;39.88716885;0.00625;False;ok;30;1;1.258;
6430;3.069724089;39.89341885;0.00625;False;ok;26;1;1.197;
6431;3.075974089;39.89341885;0.00625;False;ok;58;1;1.223;
6432;3.082224089;39.87466885;0.025;False;ok;3;1;1.076;
6433;3.057224089;39.89966885;0.0125;False;ok;29;1;1.234;
6434;3.069724089;39.89966885;0.00625;False;ok;20;1;1.117;
6435;3.075974089;39.89966885;0.00625;False;ok;75;1;1.258;
6436;3.069724089;39.90591885;0.00625;False;ok;40;1;1.014;
6437;3.075974089;39.90591885;0.00625;False;ok;36;1;1.014;
6438;3.057224089;39.91216885;0.0125;False;ok;16;1;1.055;
6439;3.069724089;39.91216885;0.0125;False;ok;11;1;0.841;
6440;3.082224089;39.89966885;0.0125;False;ok;75;1;0.944;
6441;3.094724089;39.89966885;0.0125;False;ok;10;1;0.840;
6442;3.082224089;39.91216885;0.0125;False;ok;13;1;0.834;
6443;3.094724089;39.91216885;0.0125;False;ok;3;1;0.989;
6444;3.107224089;39.82466885;0.00625;False;ok;7;1;1.000;
6445;3.113474089;39.82466885;0.00625;False;ok;73;1;1.156;
6446;3.107224089;39.83091885;0.00625;False;ok;66;1;1.218;
6447;3.113474089;39.83091885;0.00625;False;ok;59;1;1.332;
6448;3.119724089;39.82466885;0.0125;False;ok;26;1;1.241;
6449;3.107224089;39.83716885;0.0125;False;ok;41;1;1.340;
6450;3.119724089;39.83716885;0.00625;False;ok;24;1;1.339;
6451;3.125974089;39.83716885;0.00625;False;ok;65;1;1.354;
6452;3.125974089;39.84341885;0.00625;False;ok;11;1;1.298;
6453;3.144724089;39.82466885;0.0125;False;ok;22;1;1.395;
6454;3.132224089;39.83716885;0.0125;False;ok;67;1;1.433;
6455;3.144724089;39.83716885;0.0125;False;ok;19;1;1.307;
6456;3.107224089;39.84966885;0.0125;False;ok;74;1;1.452;
6457;3.119724089;39.84966885;0.0125;False;ok;69;1;1.422;
6458;3.107224089;39.86216885;0.0125;False;ok;9;1;1.377;
6459;3.119724089;39.86216885;0.0125;False;ok;21;1;1.297;
6460;3.132224089;39.84966885;0.0125;False;ok;14;1;1.138;
6461;3.144724089;39.84966885;0.0125;False;ok;34;1;1.230;
6462;3.132224089;39.86216885;0.0125;False;ok;34;1;1.193;
6463;3.144724089;39.86216885;0.0125;False;ok;26;1;0.974;
6464;3.157224089;39.82466885;0.05;False;ok;33;1;1.048;
6465;3.807224089;39.82466885;0.1;False;ok;12;1;0.808;
6466;4.007224089;39.87466885;0.05;False;ok;42;1;0.872;
6467;4.057224089;39.87466885;0.025;False;ok;5;1;0.754;
6468;4.057224089;39.89966885;0.0125;False;ok;71;1;0.953;
6469;4.069724089;39.89966885;0.00625;False;ok;72;1;0.975;
6470;4.075974089;39.89966885;0.00625;False;ok;25;1;0.955;
6471;4.069724089;39.90591885;0.00625;False;ok;44;1;1.052;
6472;4.075974089;39.90591885;0.00625;False;ok;3;1;0.933;
6473;4.069724089;39.91216885;0.0125;False;ok;1;1;1.038;
6474;4.082224089;39.89966885;0.025;False;ok;2;1;1.152;
6475;4.107224089;39.82466885;0.05;False;ok;73;1;1.532;
6476;4.157224089;39.82466885;0.05;False;ok;21;1;1.322;
6477;4.107224089;39.87466885;0.05;False;ok;40;1;1.384;
6478;4.157224089;39.87466885;0.05;False;ok;8;1;1.394;
6479;4.207224089;39.82466885;0.05;False;ok;73;1;1.514;
6480;4.257224089;39.82466885;0.05;False;ok;42;1;1.428;
6481;4.207224089;39.87466885;0.05;False;ok;6;1;1.399;
6482;4.257224089;39.87466885;0.05;False;ok;65;1;1.631;
6483;3.107224089;39.92466885;0.1;False;ok;3;1;1.342;
6484;3.782224089;39.97466885;0.025;False;ok;21;1;1.365;
6485;3.782224089;39.99966885;0.025;False;ok;74;1;1.522;
6486;3.819724089;39.92466885;0.00625;False;ok;75;1;1.409;
6487;3.825974089;39.92466885;0.00625;False;ok;64;1;1.383;
6488;3.819724089;39.93091885;0.00625;False;ok;18;1;1.126;
6489;3.825974089;39.93091885;0.00625;False;ok;9;1;1.089;
6490;3.832224089;39.92466885;0.025;False;ok;69;1;1.232;
6491;3.807224089;39.94966885;0.025;False;ok;9;1;1.080;
6492;3.832224089;39.94966885;0.025;False;ok;73;1;1.105;
6493;3.857224089;39.92466885;0.05;False;ok;4;1;0.854;
6494;3.807224089;39.97466885;0.025;False;ok;9;1;0.767;
6495;3.832224089;39.97466885;0.025;False;ok;73;1;0.923;
6496;3.807224089;39.99966885;0.025;False;ok;75;1;0.995;
6497;3.832224089;39.99966885;0.025;False;ok;75;1;0.946;
6498;3.857224089;39.97466885;0.05;False;ok;6;1;1.012;
6499;3.907224089;39.92466885;0.05;False;ok;11;1;1.098;
6500;3.957224089;39.92466885;0.0125;False;ok;21;1;1.212;
6501;3.957224089;39.93716885;0.0125;False;ok;73;1;1.170;
6502;3.957224089;39.94966885;0.025;False;ok;1;1;1.198;
6503;3.982224089;39.94966885;0.025;False;ok;5;1;1.166;
6504;3.957224089;39.97466885;0.05;False;ok;1;1;1.231;
6505;4.007224089;39.92466885;0.1;False;ok;30;1;1.353;
6506;4.107224089;39.92466885;0.05;False;ok;14;1;1.412;
6507;4.157224089;39.92466885;0.05;False;ok;2;1;1.370;
6508;4.107224089;39.97466885;0.05;False;ok;3;1;1.260;
6509;4.182224089;39.97466885;0.025;False;ok;1;1;1.316;
6510;4.157224089;39.99966885;0.025;False;ok;71;1;1.540;
6511;4.182224089;39.99966885;0.025;False;ok;73;1;1.506;
6512;4.207224089;39.92466885;0.1;False;ok;9;1;1.413;
6513;3.807224089;40.02466885;0.1;False;ok;35;1;1.345;
6514;4.007224089;40.02466885;0.1;False;ok;1;1;1.196;
6515;4.107224089;40.02466885;0.05;False;ok;73;1;1.279;
6516;4.157224089;40.02466885;0.05;False;ok;73;1;1.204;
6517;0.807224089;40.62466885;0.1;False;ok;62;1;1.164;
6518;0.807224089;40.72466885;0.025;False;ok;26;1;0.977;
6519;0.832224089;40.72466885;0.00625;False;ok;75;1;1.009;
6520;0.838474089;40.72466885;0.00625;False;ok;72;1;0.921;
6521;-5.357657522;35.87616748;0.09;False;ok;36;1;0.880;
6522;-2.961443247;35.27658336;0.1;False;ok;24;1;0.847;
