index;x;y;inc;mixed;status;alojamientos;attempts;elapsed_seconds;error
0;-18.04263932;27.61024358;0.1;False;ok;73;1;1.617;
1;-18.14263932;27.71024358;0.1;False;ok;14;1;1.498;
2;-18.04263932;27.71024358;0.05;False;ok;75;1;1.645;
3;-17.99263932;27.71024358;0.05;False;ok;48;1;1.515;
4;-18.04263932;27.76024358;0.05;False;ok;33;1;1.543;
5;-17.99263932;27.76024358;0.05;False;ok;34;1;1.500;
6;-17.94263932;27.71024358;0.1;False;ok;37;1;1.535;
7;-15.69263932;27.71024358;0.05;False;ok;66;1;1.596;
8;-15.71763932;27.76024358;0.025;False;ok;72;1;1.600;
9;-15.74263932;27.78524358;0.0125;False;ok;1;1;1.417;
10;-15.73013932;27.78524358;0.0125;False;ok;35;1;1.569;
11;-15.74263932;27.79774358;0.0125;False;ok;73;1;1.688;
12;-15.73013932;27.79774358;0.0125;False;ok;40;1;1.493;
13;-15.71763932;27.78524358;0.00625;False;ok;75;1;1.728;
14;-15.71138932;27.78524358;0.00625;False;ok;75;1;1.666;
15;-15.71763932;27.79149358;0.00625;False;ok;43;1;1.554;
16;-15.71138932;27.79149358;0.00625;False;ok;75;1;1.707;
17;-15.70513932;27.78524358;0.0125;False;ok;55;1;1.570;
18;-15.71763932;27.79774358;0.0125;False;ok;46;1;1.573;
19;-15.70513932;27.79774358;0.0125;False;ok;3;1;1.461;
20;-15.69263932;27.76024358;0.025;False;ok;74;1;1.250;
21;-15.66763932;27.76024358;0.025;False;ok;73;1;1.726;
22;-15.66763932;27.78524358;0.025;False;ok;67;1;1.405;
23;-15.64263932;27.73524358;0.025;False;ok;56;1;1.342;
24;-15.61763932;27.73524358;0.0125;False;ok;56;1;1.290;
25;-15.60513932;27.73524358;0.0125;False;ok;42;1;1.355;
26;-15.61763932;27.74774358;0.0125;False;ok;53;1;1.443;
27;-15.60513932;27.74774358;0.00625;False;ok;44;1;1.407;
28;-15.59888932;27.74774358;0.00625;False;ok;40;1;1.451;
29;-15.60513932;27.75399358;0.00625;False;ok;74;1;1.598;
30;-15.59888932;27.75399358;0.00625;False;ok;60;1;1.609;
31;-15.58013932;27.73524358;0.0125;False;ok;6;1;1.322;
32;-15.59263932;27.74774358;0.00625;False;ok;23;1;1.445;
33;-15.58638932;27.74774358;0.00625;False;ok;23;1;1.456;
34;-15.59263932;27.75399358;0.00625;False;ok;74;1;1.781;
35;-15.58638932;27.75399358;0.00625;False;ok;47;1;1.461;
36;-15.58013932;27.74774358;0.00625;False;ok;74;1;1.602;
37;-15.57388932;27.74774358;0.00625;False;ok;46;1;1.610;
38;-15.58013932;27.75399358;0.003125;False;ok;74;1;1.756;
39;-15.57701432;27.75399358;0.003125;False;ok;14;1;1.493;
40;-15.58013932;27.75711858;0.003125;False;ok;49;1;2.497;
41;-15.57701432;27.75711858;0.003125;False;ok;43;1;2.587;
42;-15.57388932;27.75399358;0.003125;False;ok;24;1;4.577;
43;-15.57076432;27.75399358;0.003125;False;ok;19;1;4.702;
44;-15.57388932;27.75711858;0.003125;False;ok;75;1;4.850;
45;-15.57076432;27.75711858;0.003125;False;ok;75;1;4.875;
46;-15.56763932;27.73524358;0.025;False;ok;26;1;4.726;
47;-15.64263932;27.76024358;0.05;False;ok;73;1;4.954;
48;-15.59263932;27.76024358;0.0125;False;ok;74;1;4.955;
49;-15.58013932;27.76024358;0.00625;False;ok;75;1;5.089;
50;-15.57388932;27.76024358;0.00625;False;ok;53;1;4.985;
51;-15.58013932;27.76649358;0.00625;False;ok;12;1;4.902;
52;-15.57388932;27.76649358;0.00625;False;ok;6;1;2.636;
53;-15.59263932;27.77274358;0.0125;False;ok;0;1;5.430;
54;-15.56763932;27.76024358;0.00625;False;ok;75;1;5.098;
55;-15.56138932;27.76024358;0.00625;False;ok;18;1;2.766;
56;-15.56138932;27.76649358;0.00625;False;ok;3;1;2.688;
57;-15.55513932;27.76024358;0.00625;False;ok;16;1;2.798;
58;-15.55513932;27.76649358;0.00625;False;ok;74;1;4.802;
59;-15.54888932;27.76649358;0.00625;False;ok;73;1;4.807;
60;-15.55513932;27.77274358;0.0125;False;ok;9;1;2.546;
61;-15.54263932;27.76024358;0.0125;False;ok;75;1;2.702;
62;-15.54263932;27.77274358;0.0125;False;ok;24;1;2.343;
63;-15.53013932;27.77274358;0.0125;False;ok;73;1;2.418;
64;-15.51763932;27.76024358;0.025;False;ok;7;1;2.350;
65;-15.49263932;27.76024358;0.05;False;ok;21;1;2.310;
66;-18.04263932;27.81024358;0.1;False;ok;31;1;3.972;
67;-17.94263932;27.81024358;0.1;False;ok;68;1;4.300;
68;-15.76763932;27.81024358;0.00625;False;ok;1;1;4.261;
69;-15.76763932;27.81649358;0.003125;False;ok;71;1;2.466;
70;-15.76451432;27.81649358;0.003125;False;ok;75;1;4.684;
71;-15.76451432;27.81961858;0.003125;False;ok;28;1;4.528;
72;-15.76138932;27.81649358;0.00625;False;ok;14;1;4.876;
73;-15.75513932;27.81024358;0.0125;False;ok;41;1;4.899;
74;-15.76763932;27.82274358;0.0125;False;ok;24;1;4.904;
75;-15.76763932;27.83524358;0.025;False;ok;15;1;4.975;
76;-15.84263932;27.86024358;0.05;False;ok;11;1;2.491;
77;-15.74263932;27.81024358;0.1;False;ok;46;1;5.065;
78;-15.64263932;27.81024358;0.1;False;ok;55;1;2.739;
79;-15.54263932;27.81024358;0.1;False;ok;75;1;5.139;
80;-15.44263932;27.81024358;0.05;False;ok;75;1;5.173;
81;-15.39263932;27.81024358;0.05;False;ok;40;1;5.198;
82;-15.44263932;27.86024358;0.05;False;ok;47;1;2.628;
83;-15.39263932;27.86024358;0.05;False;ok;10;1;2.520;
84;-17.74263932;27.91024358;0.1;False;ok;0;1;3.234;
85;-16.66763932;27.99774358;0.0125;False;ok;28;1;4.775;
86;-16.65513932;28.00399358;0.00625;False;ok;23;1;2.474;
87;-16.64888932;28.00399358;0.00625;False;ok;75;1;2.584;
88;-16.64263932;27.91024358;0.1;False;ok;75;1;2.671;
89;-15.84263932;27.91024358;0.1;False;ok;66;1;2.619;
90;-15.74263932;27.91024358;0.1;False;ok;8;1;2.394;
91;-15.64263932;27.91024358;0.05;False;ok;11;1;3.745;
92;-15.59263932;27.91024358;0.05;False;ok;33;1;2.323;
93;-15.64263932;27.96024358;0.05;False;ok;74;1;4.065;
94;-15.59263932;27.96024358;0.05;False;ok;44;1;4.047;
95;-15.54263932;27.91024358;0.1;False;ok;75;1;4.291;
96;-15.44263932;27.91024358;0.05;False;ok;48;1;4.067;
97;-15.39263932;27.91024358;0.05;False;ok;5;1;2.158;
98;-15.44263932;27.96024358;0.05;False;ok;61;1;4.380;
99;-15.39263932;27.96024358;0.05;False;ok;74;1;4.474;
100;-17.44263932;28.01024358;0.1;False;ok;38;1;4.228;
101;-17.34263932;28.01024358;0.05;False;ok;1;1;4.255;
102;-17.34263932;28.06024358;0.025;False;ok;38;1;2.262;
103;-17.34263932;28.08524358;0.0125;False;ok;74;1;4.856;
104;-17.34263932;28.09774358;0.0125;False;ok;11;1;5.048;
105;-17.33013932;28.09774358;0.0125;False;ok;13;1;2.417;
106;-17.31763932;28.08524358;0.025;False;ok;1;1;5.065;
107;-17.29263932;28.06024358;0.05;False;ok;8;1;4.984;
108;-17.24263932;28.01024358;0.1;False;ok;72;1;5.154;
109;-17.14263932;28.01024358;0.1;False;ok;75;1;2.637;
110;-16.84263932;28.01024358;0.1;False;ok;74;1;2.644;
111;-16.70513932;28.01024358;0.0125;False;ok;65;1;2.714;
112;-16.70513932;28.02274358;0.0125;False;ok;73;1;3.161;
113;-16.73638932;28.04774358;0.00625;False;ok;1;1;4.403;
114;-16.74263932;28.05399358;0.00625;False;ok;0;1;3.615;
115;-16.73638932;28.05399358;0.003125;False;ok;9;1;2.760;
116;-16.73326432;28.05399358;0.003125;False;ok;6;1;4.270;
117;-16.73638932;28.05711858;0.003125;False;ok;66;1;4.468;
118;-16.73326432;28.05711858;0.003125;False;ok;44;1;2.801;
119;-16.73013932;28.04774358;0.00625;False;ok;66;1;2.784;
120;-16.72076432;28.04774358;0.003125;False;ok;36;1;4.262;
121;-16.72388932;28.05086858;0.003125;False;ok;72;1;4.446;
122;-16.72076432;28.05086858;0.003125;False;ok;75;1;2.696;
123;-16.73013932;28.05399358;0.003125;False;ok;19;1;4.136;
124;-16.72701432;28.05399358;0.003125;False;ok;73;1;4.124;
125;-16.73013932;28.05711858;0.003125;False;ok;73;1;4.264;
126;-16.72701432;28.05711858;0.003125;False;ok;1;1;3.764;
127;-16.72388932;28.05399358;0.00625;False;ok;60;1;2.181;
128;-16.71763932;28.03524358;0.0125;False;ok;73;1;3.701;
129;-16.71763932;28.04774358;0.003125;False;ok;5;1;3.443;
130;-16.71451432;28.04774358;0.003125;False;ok;74;1;3.731;
131;-16.71763932;28.05086858;0.003125;False;ok;71;1;3.738;
132;-16.71451432;28.05086858;0.003125;False;ok;75;1;2.276;
133;-16.71138932;28.04774358;0.00625;False;ok;75;1;3.844;
134;-16.71763932;28.05399358;0.00625;False;ok;69;1;2.373;
135;-16.71138932;28.05399358;0.00625;False;ok;52;1;2.231;
136;-16.70513932;28.04774358;0.0125;False;ok;75;1;2.406;
137;-16.69263932;28.01024358;0.025;False;ok;23;1;2.198;
138;-16.66763932;28.01024358;0.0125;False;ok;16;1;3.685;
139;-16.65513932;28.01024358;0.0125;False;ok;74;1;2.389;
140;-16.66763932;28.02274358;0.0125;False;ok;0;1;4.640;
141;-16.65513932;28.02274358;0.0125;False;ok;2;1;3.758;
142;-16.69263932;28.03524358;0.025;False;ok;7;1;3.752;
143;-16.66763932;28.03524358;0.025;False;ok;8;1;2.334;
144;-16.73638932;28.06024358;0.00625;False;ok;73;1;4.135;
145;-16.73638932;28.06649358;0.00625;False;ok;73;1;4.158;
146;-16.73013932;28.06024358;0.0015625;False;ok;68;1;2.647;
147;-16.72857682;28.06024358;0.0015625;False;ok;24;1;4.088;
148;-16.73013932;28.06180608;0.0015625;False;ok;35;1;4.162;
149;-16.72857682;28.06180608;0.0015625;False;ok;58;1;2.658;
150;-16.72701432;28.06024358;0.003125;False;ok;60;1;2.631;
151;-16.73013932;28.06336858;0.003125;False;ok;74;1;4.379;
152;-16.72388932;28.06024358;0.00625;False;ok;3;1;2.526;
153;-16.73013932;28.06649358;0.003125;False;ok;42;1;4.235;
154;-16.72701432;28.06649358;0.003125;False;ok;13;1;4.189;
155;-16.73013932;28.06961858;0.003125;False;ok;75;1;4.378;
156;-16.72388932;28.06649358;0.00625;False;ok;10;1;4.113;
157;-16.73638932;28.07274358;0.003125;False;ok;4;1;3.996;
158;-16.73326432;28.07274358;0.003125;False;ok;74;1;2.676;
159;-16.73638932;28.07586858;0.003125;False;ok;42;1;2.630;
160;-16.73326432;28.07586858;0.003125;False;ok;67;1;3.699;
161;-16.73638932;28.07899358;0.003125;False;ok;11;1;2.288;
162;-16.73326432;28.07899358;0.003125;False;ok;58;1;2.445;
163;-16.73638932;28.08211858;0.003125;False;ok;11;1;2.350;
164;-16.73326432;28.08211858;0.0015625;False;ok;21;1;2.273;
165;-16.73170182;28.08211858;0.0015625;False;ok;68;1;4.119;
166;-16.73326432;28.08368108;0.0015625;False;ok;45;1;4.418;
167;-16.73013932;28.07274358;0.00625;False;ok;72;1;4.359;
168;-16.72388932;28.07274358;0.00625;False;ok;11;1;4.035;
169;-16.73013932;28.07899358;0.00625;False;ok;74;1;2.425;
170;-16.72388932;28.07899358;0.00625;False;ok;75;1;4.331;
171;-16.71763932;28.06024358;0.025;False;ok;75;1;4.171;
172;-16.74263932;28.08524358;0.00625;False;ok;7;1;3.879;
173;-16.73638932;28.08524358;0.00625;False;ok;74;1;2.726;
174;-16.74263932;28.09149358;0.00625;False;ok;52;1;4.200;
175;-16.73638932;28.09149358;0.00625;False;ok;43;1;4.293;
176;-16.73013932;28.08524358;0.00625;False;ok;73;1;4.430;
177;-16.72388932;28.08524358;0.00625;False;ok;73;1;2.813;
178;-16.73013932;28.09149358;0.00625;False;ok;48;1;4.367;
179;-16.72388932;28.09149358;0.00625;False;ok;31;1;2.748;
180;-16.74263932;28.09774358;0.0125;False;ok;6;1;2.716;
181;-16.73013932;28.09774358;0.0125;False;ok;4;1;2.596;
182;-16.71763932;28.08524358;0.025;False;ok;72;1;4.483;
183;-16.69263932;28.06024358;0.05;False;ok;75;1;4.676;
184;-16.64263932;28.01024358;0.025;False;ok;74;1;4.711;
185;-16.61763932;28.01024358;0.0125;False;ok;66;1;2.709;
186;-16.61763932;28.02274358;0.00625;False;ok;75;1;3.860;
187;-16.61138932;28.02274358;0.00625;False;ok;75;1;2.768;
188;-16.61763932;28.02899358;0.00625;False;ok;49;1;4.070;
189;-16.61138932;28.02899358;0.00625;False;ok;71;1;2.608;
190;-16.60513932;28.02274358;0.0125;False;ok;73;1;2.783;
191;-16.64263932;28.03524358;0.025;False;ok;10;1;2.517;
192;-16.61763932;28.03524358;0.025;False;ok;44;1;2.687;
193;-16.59263932;28.01024358;0.025;False;ok;65;1;3.845;
194;-16.56451432;28.02899358;0.003125;False;ok;23;1;3.885;
195;-16.56763932;28.03211858;0.003125;False;ok;42;1;3.791;
196;-16.56451432;28.03211858;0.003125;False;ok;74;1;3.737;
197;-16.56138932;28.02899358;0.00625;False;ok;0;1;4.353;
198;-16.59263932;28.03524358;0.025;False;ok;1;1;3.326;
199;-16.56763932;28.03524358;0.025;False;ok;30;1;3.594;
200;-16.64263932;28.06024358;0.05;False;ok;52;1;2.329;
201;-16.59263932;28.06024358;0.05;False;ok;71;1;3.691;
202;-16.54263932;28.04149358;0.003125;False;ok;30;1;3.503;
203;-16.53951432;28.04149358;0.003125;False;ok;44;1;3.393;
204;-16.54263932;28.04461858;0.003125;False;ok;17;1;3.473;
205;-16.53951432;28.04461858;0.003125;False;ok;74;1;2.198;
206;-16.53638932;28.04149358;0.00625;False;ok;75;1;2.403;
207;-16.54263932;28.04774358;0.00625;False;ok;39;1;3.757;
208;-16.53638932;28.04774358;0.00625;False;ok;74;1;2.279;
209;-16.53013932;28.04774358;0.0125;False;ok;51;1;2.251;
210;-16.54263932;28.06024358;0.05;False;ok;1;1;2.105;
211;-16.49263932;28.06024358;0.05;False;ok;56;1;4.216;
212;-15.74263932;28.01024358;0.05;False;ok;8;1;2.445;
213;-15.69263932;28.01024358;0.05;False;ok;31;1;4.513;
214;-15.74263932;28.06024358;0.05;False;ok;75;1;4.714;
215;-15.69263932;28.06024358;0.05;False;ok;53;1;4.647;
216;-15.64263932;28.01024358;0.1;False;ok;75;1;4.509;
217;-15.54263932;28.01024358;0.05;False;ok;63;1;4.599;
218;-15.49263932;28.01024358;0.05;False;ok;57;1;4.679;
219;-15.54263932;28.06024358;0.05;False;ok;42;1;2.820;
220;-15.49263932;28.06024358;0.05;False;ok;18;1;4.652;
221;-15.44263932;28.01024358;0.05;False;ok;15;1;2.731;
222;-15.39263932;28.01024358;0.05;False;ok;19;1;2.878;
223;-15.44263932;28.06024358;0.05;False;ok;72;1;5.244;
224;-14.44263932;28.01024358;0.1;False;ok;74;1;2.865;
225;-14.34263932;28.01024358;0.1;False;ok;74;1;2.923;
226;-17.34263932;28.11024358;0.1;False;ok;74;1;4.895;
227;-17.24263932;28.11024358;0.05;False;ok;20;1;4.835;
228;-17.19263932;28.11024358;0.05;False;ok;13;1;4.865;
229;-17.24263932;28.16024358;0.05;False;ok;56;1;4.865;
230;-17.19263932;28.16024358;0.05;False;ok;54;1;2.665;
231;-17.14263932;28.11024358;0.1;False;ok;1;1;4.368;
232;-16.84263932;28.11024358;0.05;False;ok;5;1;2.575;
233;-16.77388932;28.11024358;0.00625;False;ok;5;1;4.478;
234;-16.78013932;28.11649358;0.00625;False;ok;74;1;3.019;
235;-16.77388932;28.11649358;0.00625;False;ok;75;1;3.007;
236;-16.79263932;28.12274358;0.0125;False;ok;75;1;3.016;
237;-16.78013932;28.12274358;0.00625;False;ok;73;1;2.964;
238;-16.77388932;28.12274358;0.00625;False;ok;74;1;5.072;
239;-16.78013932;28.12899358;0.00625;False;ok;52;1;5.069;
240;-16.77388932;28.12899358;0.00625;False;ok;10;1;4.933;
241;-16.76763932;28.11024358;0.025;False;ok;52;1;5.180;
242;-16.79263932;28.13524358;0.025;False;ok;14;1;2.832;
243;-16.76763932;28.13524358;0.025;False;ok;72;1;5.032;
244;-16.84263932;28.16024358;0.05;False;ok;74;1;5.022;
245;-16.79263932;28.16024358;0.05;False;ok;74;1;4.672;
246;-16.74263932;28.11024358;0.1;False;ok;75;1;3.305;
247;-16.64263932;28.11024358;0.1;False;ok;67;1;4.653;
248;-16.54263932;28.11024358;0.1;False;ok;75;1;4.572;
249;-16.44263932;28.11024358;0.1;False;ok;75;1;4.758;
250;-15.74263932;28.11024358;0.1;False;ok;73;1;4.523;
251;-15.64263932;28.11024358;0.1;False;ok;75;1;4.532;
252;-15.54263932;28.11024358;0.1;False;ok;74;1;2.944;
253;-15.44263932;28.11024358;0.0125;False;ok;9;1;4.394;
254;-15.43013932;28.11024358;0.0125;False;ok;34;1;2.827;
255;-15.44263932;28.12274358;0.0125;False;ok;75;1;2.974;
256;-15.43013932;28.12274358;0.0125;False;ok;17;1;2.703;
257;-15.41763932;28.11024358;0.025;False;ok;2;1;2.579;
258;-15.44263932;28.13524358;0.00625;False;ok;73;1;4.078;
259;-15.43638932;28.13524358;0.003125;False;ok;68;1;2.512;
260;-15.43326432;28.13524358;0.003125;False;ok;16;1;4.041;
261;-15.43638932;28.13836858;0.0015625;False;ok;73;1;2.558;
262;-15.43482682;28.13836858;0.0015625;False;ok;38;1;2.469;
263;-15.43638932;28.13993108;0.0015625;False;ok;35;1;2.405;
264;-15.43482682;28.13993108;0.0015625;False;ok;74;1;4.055;
265;-15.43326432;28.13836858;0.003125;False;ok;75;1;4.178;
266;-15.43638932;28.14149358;0.003125;False;ok;27;1;2.385;
267;-15.43326432;28.14149358;0.003125;False;ok;75;1;4.291;
268;-15.43326432;28.14461858;0.003125;False;ok;60;1;4.011;
269;-15.43013932;28.13524358;0.0125;False;ok;67;1;3.998;
270;-15.44263932;28.14774358;0.0125;False;ok;74;1;4.233;
271;-15.43013932;28.14774358;0.0125;False;ok;75;1;2.579;
272;-15.44263932;28.16024358;0.05;False;ok;2;1;3.941;
273;-14.34263932;28.11024358;0.1;False;ok;51;1;4.031;
274;-14.24263932;28.11024358;0.05;False;ok;71;1;4.125;
275;-14.24263932;28.16024358;0.05;False;ok;75;1;4.178;
276;-14.19263932;28.16024358;0.05;False;ok;56;1;4.115;
277;-14.14263932;28.11024358;0.1;False;ok;74;1;4.029;
278;-14.04263932;28.11024358;0.1;False;ok;29;1;2.309;
279;-16.94263932;28.21024358;0.1;False;ok;20;1;3.908;
280;-16.84263932;28.21024358;0.0125;False;ok;17;1;2.203;
281;-16.83013932;28.21024358;0.0125;False;ok;5;1;2.343;
282;-16.84263932;28.22274358;0.00625;False;ok;72;1;2.433;
283;-16.83638932;28.22274358;0.00625;False;ok;1;1;2.298;
284;-16.84263932;28.22899358;0.003125;False;ok;75;1;2.530;
285;-16.83951432;28.22899358;0.003125;False;ok;37;1;4.105;
286;-16.84263932;28.23211858;0.003125;False;ok;54;1;4.035;
287;-16.83951432;28.23211858;0.003125;False;ok;2;1;3.964;
288;-16.83638932;28.22899358;0.00625;False;ok;39;1;4.129;
289;-16.81763932;28.21024358;0.025;False;ok;5;1;2.304;
290;-16.84263932;28.23524358;0.003125;False;ok;73;1;4.324;
291;-16.84263932;28.23836858;0.003125;False;ok;56;1;4.439;
292;-16.83951432;28.23836858;0.003125;False;ok;24;1;2.499;
293;-16.83638932;28.23524358;0.00625;False;ok;32;1;4.528;
294;-16.84263932;28.24149358;0.00625;False;ok;74;1;2.690;
295;-16.83013932;28.23524358;0.0125;False;ok;7;1;2.420;
296;-16.84263932;28.24774358;0.0125;False;ok;25;1;4.724;
297;-16.83013932;28.24774358;0.0125;False;ok;3;1;2.330;
298;-16.81763932;28.23524358;0.025;False;ok;35;1;4.645;
299;-16.79263932;28.21024358;0.05;False;ok;12;1;4.360;
300;-16.84263932;28.26024358;0.05;False;ok;38;1;4.727;
301;-16.64263932;28.21024358;0.1;False;ok;2;1;4.518;
302;-16.54263932;28.21024358;0.1;False;ok;32;1;4.615;
303;-16.44263932;28.21024358;0.1;False;ok;74;1;2.804;
304;-14.24263932;28.21024358;0.1;False;ok;32;1;4.309;
305;-14.14263932;28.21024358;0.1;False;ok;32;1;2.531;
306;-14.04263932;28.21024358;0.1;False;ok;75;1;2.756;
307;-16.94263932;28.31024358;0.1;False;ok;72;1;2.861;
308;-16.84263932;28.31024358;0.05;False;ok;22;1;2.682;
309;-16.79263932;28.31024358;0.05;False;ok;18;1;2.617;
310;-16.84263932;28.36024358;0.05;False;ok;74;1;4.951;
311;-16.79263932;28.36024358;0.05;False;ok;75;1;5.073;
312;-16.74263932;28.31024358;0.05;False;ok;56;1;4.884;
313;-16.69263932;28.31024358;0.05;False;ok;18;1;4.848;
314;-16.74263932;28.36024358;0.025;False;ok;72;1;2.728;
315;-16.71763932;28.36024358;0.025;False;ok;75;1;4.716;
316;-16.69263932;28.36024358;0.05;False;ok;75;1;4.892;
317;-16.59263932;28.31024358;0.05;False;ok;7;1;2.664;
318;-16.64263932;28.36024358;0.05;False;ok;60;1;4.694;
319;-16.59263932;28.36024358;0.025;False;ok;24;1;4.680;
320;-16.56763932;28.36024358;0.025;False;ok;17;1;4.456;
321;-16.59263932;28.38524358;0.025;False;ok;72;1;4.899;
322;-16.56763932;28.38524358;0.025;False;ok;74;1;2.965;
323;-16.54263932;28.31024358;0.05;False;ok;2;1;2.646;
324;-16.54263932;28.36024358;0.05;False;ok;75;1;4.973;
325;-16.49263932;28.36024358;0.05;False;ok;0;1;3.498;
326;-16.44263932;28.31024358;0.05;False;ok;68;1;2.913;
327;-16.39263932;28.31024358;0.05;False;ok;65;1;4.762;
328;-16.39263932;28.36024358;0.05;False;ok;75;1;5.004;
329;-16.34263932;28.31024358;0.1;False;ok;75;1;4.805;
330;-14.24263932;28.31024358;0.1;False;ok;13;1;2.679;
331;-14.14263932;28.31024358;0.1;False;ok;21;1;2.628;
332;-14.04263932;28.31024358;0.1;False;ok;39;1;2.571;
333;-13.94263932;28.31024358;0.05;False;ok;2;1;2.552;
334;-13.89263932;28.36024358;0.025;False;ok;74;1;4.431;
335;-13.86763932;28.36024358;0.025;False;ok;6;1;2.655;
336;-13.88013932;28.38524358;0.0125;False;ok;74;1;4.562;
337;-13.89263932;28.39774358;0.0125;False;ok;11;1;4.523;
338;-13.88013932;28.39774358;0.0125;False;ok;73;1;4.431;
339;-13.86763932;28.38524358;0.0125;False;ok;37;1;4.335;
340;-13.85513932;28.38524358;0.0125;False;ok;8;1;2.737;
341;-13.86763932;28.39774358;0.00625;False;ok;35;1;4.225;
342;-13.86138932;28.39774358;0.00625;False;ok;75;1;2.861;
343;-13.86138932;28.40399358;0.00625;False;ok;7;1;4.035;
344;-13.85513932;28.39774358;0.0125;False;ok;31;1;4.057;
345;-17.94263932;28.41024358;0.1;False;ok;67;1;4.094;
346;-17.84263932;28.41024358;0.1;False;ok;14;1;2.806;
347;-16.56763932;28.41024358;0.0125;False;ok;75;1;4.107;
348;-16.55513932;28.41024358;0.00625;False;ok;75;1;3.970;
349;-16.54888932;28.41024358;0.00625;False;ok;74;1;4.019;
350;-16.55513932;28.41649358;0.00625;False;ok;71;1;2.628;
351;-16.54888932;28.41649358;0.00625;False;ok;74;1;3.892;
352;-16.54263932;28.41024358;0.025;False;ok;75;1;3.911;
353;-16.51763932;28.41024358;0.025;False;ok;75;1;2.626;
354;-16.51763932;28.43524358;0.025;False;ok;4;1;2.344;
355;-16.49263932;28.41024358;0.05;False;ok;75;1;2.316;
356;-16.49263932;28.46024358;0.05;False;ok;41;1;2.110;
357;-16.44263932;28.41024358;0.05;False;ok;5;1;2.054;
358;-16.39263932;28.41024358;0.05;False;ok;21;1;4.125;
359;-16.44263932;28.46024358;0.05;False;ok;75;1;4.524;
360;-16.39263932;28.46024358;0.05;False;ok;38;1;4.593;
361;-16.34263932;28.41024358;0.05;False;ok;47;1;4.728;
362;-16.29263932;28.41024358;0.05;False;ok;50;1;2.421;
363;-16.34263932;28.46024358;0.05;False;ok;73;1;5.039;
364;-16.29263932;28.46024358;0.025;False;ok;45;1;2.634;
365;-16.26763932;28.46024358;0.0125;False;ok;73;1;5.083;
366;-16.25513932;28.46024358;0.0125;False;ok;75;1;2.665;
367;-16.26763932;28.47274358;0.0125;False;ok;8;1;4.860;
368;-16.25513932;28.47274358;0.0125;False;ok;45;1;5.062;
369;-16.29263932;28.48524358;0.025;False;ok;4;1;4.857;
370;-16.24263932;28.41024358;0.1;False;ok;73;1;2.783;
371;-14.14263932;28.41024358;0.1;False;ok;16;1;4.992;
372;-14.04263932;28.41024358;0.1;False;ok;32;1;2.900;
373;-13.89263932;28.41024358;0.05;False;ok;74;1;5.321;
374;-13.94263932;28.46024358;0.05;False;ok;7;1;5.117;
375;-13.89263932;28.46024358;0.025;False;ok;13;1;5.352;
376;-13.86763932;28.46024358;0.025;False;ok;1;1;5.085;
377;-13.89263932;28.48524358;0.025;False;ok;49;1;2.904;
378;-13.86763932;28.48524358;0.025;False;ok;74;1;2.919;
379;-17.89263932;28.51024358;0.05;False;ok;10;1;2.681;
380;-17.91763932;28.56024358;0.025;False;ok;12;1;2.621;
381;-17.94263932;28.58524358;0.025;False;ok;8;1;2.608;
382;-17.91763932;28.58524358;0.0125;False;ok;74;1;5.100;
383;-17.90513932;28.58524358;0.0125;False;ok;10;1;2.560;
384;-17.91763932;28.59774358;0.0125;False;ok;9;1;4.714;
385;-17.90513932;28.59774358;0.0125;False;ok;17;1;2.561;
386;-17.89263932;28.56024358;0.05;False;ok;24;1;4.908;
387;-17.84263932;28.51024358;0.1;False;ok;63;1;5.010;
388;-16.44263932;28.51024358;0.1;False;ok;74;1;4.963;
389;-16.34263932;28.51024358;0.1;False;ok;72;1;4.994;
390;-16.24263932;28.51024358;0.1;False;ok;73;1;4.895;
391;-14.04263932;28.51024358;0.1;False;ok;48;1;2.893;
392;-13.94263932;28.51024358;0.1;False;ok;36;1;4.880;
393;-13.84263932;28.51024358;0.1;False;ok;54;1;5.168;
394;-18.04263932;28.61024358;0.1;False;ok;75;1;3.014;
395;-17.94263932;28.61024358;0.025;False;ok;4;1;2.743;
396;-17.91763932;28.61024358;0.025;False;ok;17;1;4.753;
397;-17.94263932;28.63524358;0.025;False;ok;71;1;2.893;
398;-17.91763932;28.63524358;0.025;False;ok;75;1;5.082;
399;-17.89263932;28.61024358;0.025;False;ok;6;1;4.878;
400;-17.89263932;28.63524358;0.025;False;ok;72;1;2.969;
401;-17.86763932;28.63524358;0.025;False;ok;23;1;4.936;
402;-17.94263932;28.66024358;0.05;False;ok;72;1;5.077;
403;-17.89263932;28.66024358;0.05;False;ok;6;1;2.716;
404;-17.84263932;28.61024358;0.05;False;ok;4;1;2.554;
405;-17.79263932;28.61024358;0.025;False;ok;37;1;2.735;
406;-17.76763932;28.61024358;0.025;False;ok;10;1;2.607;
407;-17.79263932;28.63524358;0.025;False;ok;56;1;5.223;
408;-17.76763932;28.63524358;0.025;False;ok;74;1;5.212;
409;-17.84263932;28.66024358;0.05;False;ok;1;1;2.637;
410;-17.79263932;28.66024358;0.025;False;ok;46;1;4.975;
411;-17.76763932;28.66024358;0.025;False;ok;73;1;2.878;
412;-17.79263932;28.68524358;0.025;False;ok;16;1;5.101;
413;-17.76763932;28.68524358;0.025;False;ok;74;1;2.845;
414;-14.01763932;28.66024358;0.0125;False;ok;0;1;5.703;
415;-14.01763932;28.67274358;0.0125;False;ok;75;1;5.220;
416;-14.00513932;28.67274358;0.0125;False;ok;7;1;4.930;
417;-14.04263932;28.68524358;0.025;False;ok;1;1;4.802;
418;-14.01763932;28.68524358;0.025;False;ok;74;1;5.002;
419;-13.99263932;28.66024358;0.05;False;ok;46;1;5.026;
420;-13.94263932;28.61024358;0.05;False;ok;75;1;2.913;
421;-13.89263932;28.61024358;0.05;False;ok;1;1;2.698;
422;-13.94263932;28.66024358;0.05;False;ok;74;1;2.981;
423;-13.89263932;28.66024358;0.05;False;ok;74;1;4.895;
424;-13.84263932;28.61024358;0.1;False;ok;2;1;4.809;
425;-18.04263932;28.71024358;0.1;False;ok;71;1;4.826;
426;-17.94263932;28.71024358;0.1;False;ok;19;1;4.681;
427;-17.84263932;28.71024358;0.1;False;ok;62;1;3.022;
428;-17.74263932;28.71024358;0.1;False;ok;4;1;2.667;
429;-14.04263932;28.71024358;0.1;False;ok;71;1;2.851;
430;-13.94263932;28.71024358;0.05;False;ok;4;1;2.574;
431;-13.88013932;28.71024358;0.0125;False;ok;74;1;2.851;
432;-13.89263932;28.72274358;0.0125;False;ok;0;1;5.435;
433;-13.88013932;28.72274358;0.0125;False;ok;74;1;2.815;
434;-13.86763932;28.71024358;0.0125;False;ok;46;1;4.692;
435;-13.86763932;28.72274358;0.00625;False;ok;74;1;4.671;
436;-13.86138932;28.72274358;0.00625;False;ok;74;1;4.786;
437;-13.86763932;28.72899358;0.00625;False;ok;75;1;2.808;
438;-13.86138932;28.72899358;0.00625;False;ok;51;1;2.741;
439;-13.85513932;28.72274358;0.0125;False;ok;18;1;4.754;
440;-13.87388932;28.73524358;0.003125;False;ok;73;1;4.936;
441;-13.87076432;28.73524358;0.003125;False;ok;74;1;4.711;
442;-13.87388932;28.73836858;0.003125;False;ok;23;1;2.620;
443;-13.87076432;28.73836858;0.003125;False;ok;75;1;4.846;
444;-13.87388932;28.74149358;0.00625;False;ok;75;1;4.871;
445;-13.86763932;28.73524358;0.025;False;ok;75;1;4.869;
446;-13.84263932;28.71024358;0.1;False;ok;2;1;4.526;
447;-13.74263932;28.71024358;0.1;False;ok;1;1;4.679;
448;-18.04263932;28.81024358;0.1;False;ok;6;1;2.759;
449;-17.94263932;28.81024358;0.1;False;ok;12;1;4.529;
450;-17.84263932;28.81024358;0.1;False;ok;23;1;4.699;
451;-13.89263932;28.81024358;0.05;False;ok;5;1;2.704;
452;-13.89263932;28.86024358;0.025;False;ok;70;1;2.786;
453;-13.86763932;28.86024358;0.0125;False;ok;73;1;2.879;
454;-13.85513932;28.86024358;0.00625;False;ok;13;1;2.730;
455;-13.84888932;28.86024358;0.00625;False;ok;38;1;2.645;
456;-13.85513932;28.86649358;0.00625;False;ok;5;1;4.619;
457;-13.84888932;28.86649358;0.00625;False;ok;53;1;2.631;
458;-13.85513932;28.87274358;0.0125;False;ok;72;1;4.731;
459;-13.84263932;28.81024358;0.05;False;ok;75;1;2.837;
460;-13.84263932;28.86024358;0.00625;False;ok;30;1;4.962;
461;-13.83638932;28.86024358;0.00625;False;ok;73;1;4.806;
462;-13.84263932;28.86649358;0.00625;False;ok;71;1;2.764;
463;-13.83638932;28.86649358;0.00625;False;ok;22;1;5.068;
464;-13.83013932;28.86024358;0.0125;False;ok;75;1;5.473;
465;-13.84263932;28.87274358;0.0125;False;ok;59;1;5.185;
466;-13.83013932;28.87274358;0.0125;False;ok;75;1;5.461;
467;-13.81763932;28.86024358;0.0125;False;ok;74;1;3.008;
468;-13.80513932;28.86024358;0.00625;False;ok;75;1;2.937;
469;-13.79888932;28.86024358;0.00625;False;ok;57;1;5.515;
470;-13.80513932;28.86649358;0.00625;False;ok;41;1;5.492;
471;-13.74263932;28.81024358;0.1;False;ok;20;1;2.793;
472;-13.84263932;28.91024358;0.1;False;ok;74;1;5.597;
473;-13.71763932;28.91024358;0.025;False;ok;74;1;5.401;
474;-13.74263932;28.93524358;0.025;False;ok;13;1;5.261;
475;-13.71763932;28.93524358;0.025;False;ok;73;1;5.349;
476;-13.69263932;28.91024358;0.0125;False;ok;2;1;2.566;
477;-13.68013932;28.91024358;0.0125;False;ok;75;1;2.825;
478;-13.69263932;28.92274358;0.0125;False;ok;9;1;2.612;
479;-13.68013932;28.92274358;0.00625;False;ok;74;1;2.820;
480;-13.67388932;28.92274358;0.003125;False;ok;45;1;2.639;
481;-13.67076432;28.92274358;0.003125;False;ok;61;1;2.788;
482;-13.67388932;28.92586858;0.003125;False;ok;16;1;4.526;
483;-13.67076432;28.92586858;0.003125;False;ok;8;1;4.895;
484;-13.68013932;28.92899358;0.00625;False;ok;7;1;2.382;
485;-13.67388932;28.92899358;0.00625;False;ok;12;1;4.738;
486;-13.66763932;28.91024358;0.0125;False;ok;75;1;4.774;
487;-13.65513932;28.91649358;0.00625;False;ok;74;1;4.499;
488;-13.64888932;28.91649358;0.00625;False;ok;74;1;2.656;
489;-13.66763932;28.92274358;0.00625;False;ok;75;1;2.698;
490;-13.66138932;28.92274358;0.00625;False;ok;74;1;4.620;
491;-13.66763932;28.92899358;0.00625;False;ok;1;1;4.356;
492;-13.65513932;28.92274358;0.0125;False;ok;75;1;4.918;
493;-13.69263932;28.93524358;0.025;False;ok;54;1;5.079;
494;-13.66763932;28.93524358;0.025;False;ok;75;1;2.668;
495;-13.74263932;28.96024358;0.05;False;ok;17;1;5.251;
496;-13.69263932;28.96024358;0.05;False;ok;74;1;5.434;
497;-13.64263932;28.91024358;0.0125;False;ok;12;1;5.249;
498;-13.64263932;28.92274358;0.0125;False;ok;75;1;2.730;
499;-13.63013932;28.92274358;0.0125;False;ok;41;1;2.666;
500;-13.61763932;28.91024358;0.025;False;ok;15;1;5.029;
501;-13.64263932;28.93524358;0.025;False;ok;45;1;5.227;
502;-13.61763932;28.93524358;0.025;False;ok;75;1;2.581;
503;-13.59263932;28.94774358;0.0125;False;ok;74;1;2.535;
504;-13.58013932;28.94774358;0.0125;False;ok;14;1;2.345;
505;-13.56763932;28.93524358;0.025;False;ok;75;1;5.168;
506;-13.64263932;28.96024358;0.05;False;ok;57;1;5.334;
507;-13.59263932;28.96024358;0.025;False;ok;21;1;2.506;
508;-13.56763932;28.96024358;0.0125;False;ok;32;1;2.535;
509;-13.55513932;28.96024358;0.0125;False;ok;75;1;2.688;
510;-13.56763932;28.97274358;0.0125;False;ok;16;1;5.293;
511;-13.55513932;28.97274358;0.0125;False;ok;7;1;2.419;
512;-13.56763932;28.98524358;0.025;False;ok;4;1;5.152;
513;-13.54263932;28.96024358;0.025;False;ok;9;1;5.162;
514;-13.51763932;28.96024358;0.025;False;ok;6;1;5.213;
515;-13.54263932;28.98524358;0.025;False;ok;14;1;5.269;
516;-13.51763932;28.98524358;0.0125;False;ok;48;1;2.685;
517;-13.50513932;28.98524358;0.0125;False;ok;75;1;2.628;
518;-13.51763932;28.99774358;0.0125;False;ok;16;1;4.917;
519;-13.50513932;28.99774358;0.0125;False;ok;43;1;4.975;
520;-13.49263932;28.98524358;0.0125;False;ok;44;1;2.605;
521;-13.49263932;28.99774358;0.0125;False;ok;75;1;5.429;
522;-13.69263932;29.01024358;0.05;False;ok;63;1;4.894;
523;-13.69263932;29.06024358;0.05;False;ok;75;1;5.349;
524;-13.64263932;29.01024358;0.05;False;ok;42;1;2.653;
525;-13.59263932;29.01024358;0.05;False;ok;72;1;5.001;
526;-13.64263932;29.06024358;0.05;False;ok;16;1;2.607;
527;-13.59263932;29.06024358;0.05;False;ok;22;1;2.673;
528;-13.54263932;29.01024358;0.05;False;ok;14;1;4.921;
529;-13.49263932;29.01024358;0.05;False;ok;7;1;2.309;
530;-13.54263932;29.06024358;0.05;False;ok;18;1;2.229;
531;-13.49263932;29.06024358;0.05;False;ok;75;1;4.430;
532;-13.74263932;29.11024358;0.1;False;ok;0;1;2.985;
533;-13.64263932;29.11024358;0.05;False;ok;21;1;4.333;
534;-13.59263932;29.11024358;0.05;False;ok;75;1;2.300;
535;-13.54263932;29.11024358;0.05;False;ok;33;1;2.250;
536;-13.49263932;29.11024358;0.025;False;ok;14;1;2.202;
537;-13.46763932;29.11024358;0.025;False;ok;75;1;4.233;
538;-13.49263932;29.13524358;0.025;False;ok;9;1;4.059;
539;-13.46763932;29.13524358;0.025;False;ok;75;1;4.221;
540;-13.54263932;29.16024358;0.05;False;ok;3;1;2.184;
541;-13.49263932;29.16024358;0.05;False;ok;11;1;2.316;
542;-13.44263932;29.11024358;0.1;False;ok;0;1;4.598;
543;-13.54263932;29.21024358;0.05;False;ok;74;1;3.916;
544;-13.49263932;29.21024358;0.05;False;ok;43;1;3.780;
545;-13.49263932;29.26024358;0.05;False;ok;4;1;3.854;
546;-8.919748187;41.83647628;0.05;True;ok;2;1;4.486;
547;-8.869748187;41.83647628;0.05;True;ok;2;1;2.408;
548;-8.719748187;41.78647628;0.1;True;ok;0;1;2.237;
549;-8.219748187;41.78647628;0.1;True;ok;2;1;2.188;
550;-8.119748187;41.78647628;0.1;False;ok;14;1;4.647;
551;-8.919748187;41.88647628;0.1;True;ok;73;1;4.997;
552;-8.819748187;41.88647628;0.1;True;ok;11;1;4.750;
553;-8.219748187;41.88647628;0.1;False;ok;2;1;4.356;
554;-8.119748187;41.88647628;0.1;False;ok;26;1;2.176;
555;-8.019748187;41.88647628;0.1;False;ok;9;1;2.020;
556;-7.919748187;41.88647628;0.1;True;ok;0;1;2.119;
557;-7.519748187;41.88647628;0.1;False;ok;13;1;4.586;
558;-8.919748187;41.98647628;0.1;False;ok;51;1;4.962;
559;-8.819748187;41.98647628;0.1;False;ok;21;1;4.883;
560;-8.719748187;41.98647628;0.1;True;ok;43;1;5.219;
561;-8.619748187;41.98647628;0.1;True;ok;5;1;2.603;
562;-7.919748187;41.98647628;0.1;False;ok;3;1;2.534;
563;-7.819748187;41.98647628;0.1;False;ok;5;1;5.251;
564;-7.519748187;41.98647628;0.1;False;ok;5;1;2.515;
565;-7.419748187;41.98647628;0.1;False;ok;2;1;2.541;
566;-7.219748187;41.98647628;0.1;False;ok;3;1;5.087;
567;-7.119748187;41.98647628;0.1;False;ok;3;1;2.489;
568;-7.019748187;41.98647628;0.1;False;ok;0;1;5.577;
569;-6.919748187;41.98647628;0.1;False;ok;11;1;2.550;
570;-6.819748187;41.98647628;0.1;False;ok;2;1;4.690;
571;-6.719748187;41.98647628;0.1;False;ok;42;1;4.612;
572;-8.919748187;42.08647628;0.1;False;ok;74;1;4.344;
573;-8.819748187;42.08647628;0.1;False;ok;74;1;4.505;
574;-8.719748187;42.08647628;0.1;False;ok;63;1;4.480;
575;-8.619748187;42.08647628;0.1;False;ok;46;1;2.745;
576;-8.519748187;42.08647628;0.1;False;ok;30;1;2.658;
577;-8.419748187;42.08647628;0.1;False;ok;5;1;2.632;
578;-8.319748187;42.08647628;0.1;True;ok;18;1;4.413;
579;-8.219748187;42.08647628;0.1;True;ok;9;1;2.675;
580;-8.119748187;42.08647628;0.1;False;ok;2;1;4.422;
581;-8.019748187;42.08647628;0.1;False;ok;16;1;2.639;
582;-7.919748187;42.08647628;0.1;False;ok;11;1;2.535;
583;-7.819748187;42.08647628;0.1;False;ok;7;1;4.334;
584;-7.619748187;42.08647628;0.1;False;ok;1;1;3.971;
585;-7.219748187;42.08647628;0.1;False;ok;2;1;4.129;
586;-7.119748187;42.08647628;0.1;False;ok;0;1;4.808;
587;-6.819748187;42.08647628;0.1;False;ok;4;1;2.648;
588;-6.719748187;42.08647628;0.1;False;ok;39;1;2.731;
589;-8.919748187;42.18647628;0.1;False;ok;36;1;2.747;
590;-8.819748187;42.18647628;0.05;False;ok;64;1;4.334;
591;-8.769748187;42.18647628;0.05;False;ok;75;1;4.379;
592;-8.819748187;42.23647628;0.05;False;ok;74;1;2.968;
593;-8.769748187;42.23647628;0.05;False;ok;73;1;3.055;
594;-8.719748187;42.18647628;0.05;False;ok;74;1;4.466;
595;-8.669748187;42.18647628;0.05;False;ok;8;1;4.202;
596;-8.719748187;42.23647628;0.05;False;ok;74;1;2.850;
597;-8.669748187;42.23647628;0.05;False;ok;9;1;4.044;
598;-8.619748187;42.18647628;0.1;False;ok;74;1;3.942;
599;-8.519748187;42.18647628;0.1;False;ok;43;1;3.965;
600;-8.419748187;42.18647628;0.1;False;ok;16;1;3.763;
601;-8.319748187;42.18647628;0.1;False;ok;13;1;3.562;
602;-8.219748187;42.18647628;0.1;False;ok;23;1;3.671;
603;-8.119748187;42.18647628;0.1;False;ok;3;1;2.171;
604;-7.919748187;42.18647628;0.1;False;ok;19;1;3.300;
605;-7.819748187;42.18647628;0.1;False;ok;49;1;2.255;
606;-7.719748187;42.18647628;0.1;False;ok;6;1;2.119;
607;-7.619748187;42.18647628;0.1;False;ok;2;1;2.158;
608;-7.419748187;42.18647628;0.1;False;ok;0;1;4.716;
609;-7.319748187;42.18647628;0.1;False;ok;6;1;2.116;
610;-7.119748187;42.18647628;0.1;False;ok;2;1;2.101;
611;-8.919748187;42.28647628;0.1;False;ok;11;1;4.011;
612;-8.819748187;42.28647628;0.1;False;ok;75;1;4.307;
613;-8.719748187;42.28647628;0.1;False;ok;63;1;4.379;
614;-8.619748187;42.28647628;0.1;False;ok;74;1;4.565;
615;-8.519748187;42.28647628;0.1;False;ok;6;1;4.238;
616;-8.319748187;42.28647628;0.1;False;ok;1;1;2.560;
617;-8.219748187;42.28647628;0.1;False;ok;32;1;4.619;
618;-8.119748187;42.28647628;0.1;False;ok;23;1;2.662;
619;-8.019748187;42.28647628;0.1;False;ok;8;1;2.587;
620;-7.919748187;42.28647628;0.05;False;ok;5;1;4.318;
621;-7.869748187;42.28647628;0.05;False;ok;56;1;4.287;
622;-7.919748187;42.33647628;0.05;False;ok;28;1;2.730;
623;-7.869748187;42.33647628;0.05;False;ok;75;1;4.911;
624;-7.819748187;42.28647628;0.1;False;ok;36;1;4.967;
625;-7.719748187;42.28647628;0.1;False;ok;10;1;2.632;
626;-7.619748187;42.28647628;0.1;False;ok;26;1;2.699;
627;-7.519748187;42.28647628;0.1;False;ok;20;1;4.692;
628;-7.419748187;42.28647628;0.1;False;ok;13;1;4.693;
629;-7.319748187;42.28647628;0.1;False;ok;10;1;4.482;
630;-7.219748187;42.28647628;0.1;False;ok;7;1;2.567;
631;-6.819748187;42.28647628;0.1;False;ok;3;1;4.496;
632;-9.019748187;42.38647628;0.1;False;ok;44;1;2.696;
633;-8.919748187;42.38647628;0.05;False;ok;30;1;2.723;
634;-8.869748187;42.38647628;0.025;False;ok;43;1;4.705;
635;-8.844748187;42.38647628;0.0125;False;ok;27;1;2.799;
636;-8.832248187;42.38647628;0.0125;False;ok;73;1;2.946;
637;-8.844748187;42.39897628;0.0125;False;ok;13;1;2.662;
638;-8.832248187;42.39897628;0.0125;False;ok;30;1;4.620;
639;-8.869748187;42.41147628;0.025;False;ok;43;1;4.582;
640;-8.844748187;42.41147628;0.025;False;ok;16;1;4.572;
641;-8.919748187;42.43647628;0.05;False;ok;62;1;4.631;
642;-8.869748187;42.43647628;0.05;False;ok;75;1;4.867;
643;-8.819748187;42.39897628;0.0125;False;ok;74;1;4.605;
644;-8.807248187;42.39897628;0.0125;False;ok;75;1;4.718;
645;-8.794748187;42.38647628;0.025;False;ok;48;1;2.829;
646;-8.819748187;42.41147628;0.025;False;ok;22;1;2.760;
647;-8.769748187;42.38647628;0.05;False;ok;75;1;2.849;
648;-8.819748187;42.43647628;0.05;False;ok;48;1;4.901;
649;-8.769748187;42.43647628;0.05;False;ok;18;1;4.858;
650;-8.719748187;42.38647628;0.05;False;ok;74;1;4.939;
651;-8.669748187;42.41147628;0.025;False;ok;69;1;5.051;
652;-8.644748187;42.41147628;0.025;False;ok;72;1;4.924;
653;-8.719748187;42.43647628;0.05;False;ok;51;1;2.874;
654;-8.669748187;42.43647628;0.05;False;ok;20;1;2.729;
655;-8.619748187;42.38647628;0.1;False;ok;20;1;2.749;
656;-8.519748187;42.38647628;0.1;False;ok;15;1;4.637;
657;-8.419748187;42.38647628;0.1;False;ok;4;1;4.538;
658;-8.319748187;42.38647628;0.1;False;ok;2;1;2.791;
659;-8.219748187;42.38647628;0.1;False;ok;7;1;2.743;
660;-8.119748187;42.38647628;0.1;False;ok;24;1;2.925;
661;-8.019748187;42.38647628;0.1;False;ok;12;1;4.495;
662;-7.919748187;42.38647628;0.1;False;ok;13;1;4.665;
663;-7.819748187;42.38647628;0.1;False;ok;21;1;4.628;
664;-7.719748187;42.38647628;0.1;False;ok;19;1;2.822;
665;-7.619748187;42.38647628;0.1;False;ok;32;1;2.868;
666;-7.519748187;42.38647628;0.1;False;ok;34;1;4.597;
667;-7.419748187;42.38647628;0.1;False;ok;2;1;2.707;
668;-7.319748187;42.38647628;0.1;False;ok;14;1;4.503;
669;-7.219748187;42.38647628;0.1;False;ok;2;1;4.243;
670;-7.119748187;42.38647628;0.1;False;ok;9;1;4.194;
671;-7.019748187;42.38647628;0.1;False;ok;19;1;3.799;
672;-6.919748187;42.38647628;0.1;False;ok;5;1;3.705;
673;-6.819748187;42.38647628;0.1;False;ok;14;1;3.715;
674;-9.119748187;42.48647628;0.1;False;ok;18;1;3.638;
675;-9.019748187;42.48647628;0.1;False;ok;74;1;3.729;
676;-8.919748187;42.48647628;0.05;False;ok;55;1;2.565;
677;-8.869748187;42.48647628;0.05;False;ok;75;1;2.500;
678;-8.919748187;42.53647628;0.05;False;ok;20;1;2.215;
679;-8.869748187;42.53647628;0.05;False;ok;73;1;2.288;
680;-8.819748187;42.48647628;0.1;False;ok;75;1;2.287;
681;-8.719748187;42.48647628;0.1;False;ok;46;1;3.906;
682;-8.619748187;42.48647628;0.1;False;ok;16;1;2.130;
683;-8.519748187;42.48647628;0.1;False;ok;10;1;3.703;
684;-8.419748187;42.48647628;0.1;False;ok;9;1;3.731;
685;-8.319748187;42.48647628;0.1;False;ok;6;1;2.282;
686;-8.219748187;42.48647628;0.1;False;ok;1;1;4.251;
687;-8.119748187;42.48647628;0.1;False;ok;6;1;4.482;
688;-8.019748187;42.48647628;0.1;False;ok;5;1;2.397;
689;-7.919748187;42.48647628;0.1;False;ok;4;1;2.305;
690;-7.819748187;42.48647628;0.1;False;ok;10;1;4.644;
691;-7.719748187;42.48647628;0.1;False;ok;30;1;4.676;
692;-7.619748187;42.48647628;0.1;False;ok;21;1;4.700;
693;-7.519748187;42.48647628;0.1;False;ok;74;1;4.923;
694;-7.419748187;42.48647628;0.1;False;ok;8;1;2.673;
695;-7.219748187;42.48647628;0.1;False;ok;1;1;2.557;
696;-7.119748187;42.48647628;0.1;False;ok;3;1;2.554;
697;-6.919748187;42.48647628;0.1;False;ok;3;1;4.667;
698;-6.819748187;42.48647628;0.1;False;ok;25;1;4.793;
699;-6.719748187;42.48647628;0.1;False;ok;26;1;4.820;
700;-9.119748187;42.58647628;0.1;False;ok;21;1;4.817;
701;-9.019748187;42.58647628;0.1;False;ok;55;1;4.774;
702;-8.919748187;42.58647628;0.1;False;ok;75;1;2.817;
703;-8.819748187;42.58647628;0.1;False;ok;75;1;4.322;
704;-8.719748187;42.58647628;0.1;False;ok;75;1;2.833;
705;-8.619748187;42.58647628;0.1;False;ok;25;1;2.737;
706;-8.519748187;42.58647628;0.1;False;ok;6;1;4.078;
707;-8.419748187;42.58647628;0.1;False;ok;4;1;2.516;
708;-8.319748187;42.58647628;0.1;False;ok;3;1;2.629;
709;-8.219748187;42.58647628;0.1;False;ok;10;1;2.535;
710;-8.119748187;42.58647628;0.1;False;ok;11;1;4.285;
711;-8.019748187;42.58647628;0.1;False;ok;2;1;3.882;
712;-7.919748187;42.58647628;0.1;False;ok;4;1;3.855;
713;-7.819748187;42.58647628;0.1;False;ok;45;1;4.281;
714;-7.719748187;42.58647628;0.1;False;ok;5;1;4.057;
715;-7.519748187;42.58647628;0.1;False;ok;5;1;4.138;
716;-7.419748187;42.58647628;0.1;False;ok;5;1;2.274;
717;-7.319748187;42.58647628;0.1;False;ok;8;1;2.363;
718;-7.219748187;42.58647628;0.1;False;ok;6;1;2.406;
719;-7.019748187;42.58647628;0.1;False;ok;15;1;4.145;
720;-6.919748187;42.58647628;0.1;False;ok;7;1;4.265;
721;-6.819748187;42.58647628;0.1;False;ok;31;1;4.648;
722;-6.719748187;42.58647628;0.1;False;ok;10;1;2.616;
723;-9.219748187;42.68647628;0.1;False;ok;3;1;4.533;
724;-9.119748187;42.68647628;0.1;False;ok;73;1;4.938;
725;-9.019748187;42.68647628;0.1;False;ok;73;1;2.771;
726;-8.919748187;42.68647628;0.1;False;ok;51;1;4.695;
727;-8.819748187;42.68647628;0.1;False;ok;9;1;2.571;
728;-8.719748187;42.68647628;0.1;False;ok;75;1;4.608;
729;-8.619748187;42.68647628;0.1;False;ok;12;1;4.265;
730;-8.519748187;42.68647628;0.1;False;ok;32;1;2.710;
731;-8.419748187;42.68647628;0.1;False;ok;15;1;2.607;
732;-8.319748187;42.68647628;0.1;False;ok;29;1;4.288;
733;-8.219748187;42.68647628;0.1;False;ok;4;1;2.503;
734;-7.919748187;42.68647628;0.1;False;ok;3;1;4.155;
735;-7.819748187;42.68647628;0.1;False;ok;5;1;2.405;
736;-7.619748187;42.68647628;0.1;False;ok;5;1;4.341;
737;-7.519748187;42.68647628;0.1;False;ok;10;1;2.427;
738;-7.419748187;42.68647628;0.1;False;ok;75;1;2.773;
739;-7.319748187;42.68647628;0.1;False;ok;24;1;4.236;
740;-7.219748187;42.68647628;0.1;False;ok;8;1;4.543;
741;-7.119748187;42.68647628;0.1;False;ok;9;1;4.379;
742;-7.019748187;42.68647628;0.1;False;ok;2;1;4.398;
743;-6.719748187;42.68647628;0.1;False;ok;27;1;4.650;
744;-9.319748187;42.78647628;0.1;False;ok;1;1;2.583;
745;-9.219748187;42.78647628;0.1;False;ok;38;1;2.737;
746;-9.119748187;42.78647628;0.1;False;ok;55;1;2.793;
747;-9.019748187;42.78647628;0.1;False;ok;46;1;5.133;
748;-8.919748187;42.78647628;0.1;False;ok;36;1;5.101;
749;-8.819748187;42.78647628;0.1;False;ok;5;1;5.124;
750;-8.719748187;42.78647628;0.1;False;ok;46;1;5.326;
751;-8.619748187;42.78647628;0.05;False;ok;15;1;2.771;
752;-8.569748187;42.78647628;0.05;False;ok;10;1;2.773;
753;-8.619748187;42.83647628;0.05;False;ok;52;1;5.008;
754;-8.569748187;42.83647628;0.025;False;ok;1;1;4.829;
755;-8.569748187;42.86147628;0.0125;False;ok;8;1;2.769;
756;-8.557248187;42.86147628;0.0125;False;ok;41;1;4.974;
757;-8.569748187;42.87397628;0.0125;False;ok;4;1;4.704;
758;-8.557248187;42.87397628;0.0125;False;ok;74;1;2.894;
759;-8.544748187;42.86147628;0.0125;False;ok;6;1;4.908;
760;-8.532248187;42.86147628;0.0125;False;ok;1;1;2.703;
761;-8.544748187;42.87397628;0.00625;False;ok;52;1;2.925;
762;-8.538498187;42.87397628;0.00625;False;ok;3;1;4.799;
763;-8.544748187;42.88022628;0.00625;False;ok;48;1;2.794;
764;-8.538498187;42.88022628;0.00625;False;ok;21;1;5.060;
765;-8.532248187;42.87397628;0.0125;False;ok;7;1;2.740;
766;-8.519748187;42.78647628;0.1;False;ok;20;1;5.038;
767;-8.419748187;42.78647628;0.1;False;ok;17;1;5.116;
768;-8.319748187;42.78647628;0.1;False;ok;5;1;2.718;
769;-8.219748187;42.78647628;0.1;False;ok;9;1;4.950;
770;-8.119748187;42.78647628;0.1;False;ok;5;1;4.997;
771;-8.019748187;42.78647628;0.1;False;ok;10;1;4.993;
772;-7.919748187;42.78647628;0.1;False;ok;63;1;2.970;
773;-7.819748187;42.78647628;0.1;False;ok;9;1;2.802;
774;-7.719748187;42.78647628;0.1;False;ok;4;1;5.130;
775;-7.619748187;42.78647628;0.1;False;ok;54;1;2.871;
776;-7.519748187;42.78647628;0.1;False;ok;2;1;5.164;
777;-7.419748187;42.78647628;0.1;False;ok;1;1;5.339;
778;-7.319748187;42.78647628;0.1;False;ok;1;1;5.245;
779;-7.219748187;42.78647628;0.1;False;ok;4;1;2.865;
780;-7.119748187;42.78647628;0.1;False;ok;3;1;2.831;
781;-6.919748187;42.78647628;0.1;False;ok;5;1;2.791;
782;-6.819748187;42.78647628;0.1;False;ok;4;1;5.006;
783;-6.719748187;42.78647628;0.1;False;ok;0;1;5.558;
784;-9.319748187;42.88647628;0.05;False;ok;3;1;4.574;
785;-9.269748187;42.88647628;0.025;False;ok;74;1;4.965;
786;-9.269748187;42.91147628;0.025;False;ok;73;1;2.960;
787;-9.269748187;42.93647628;0.05;False;ok;31;1;2.768;
788;-9.219748187;42.88647628;0.05;False;ok;21;1;4.790;
789;-9.169748187;42.88647628;0.05;False;ok;57;1;4.859;
790;-9.219748187;42.93647628;0.05;False;ok;75;1;2.981;
791;-9.169748187;42.93647628;0.05;False;ok;0;1;5.708;
792;-9.119748187;42.88647628;0.1;False;ok;12;1;2.714;
793;-9.019748187;42.88647628;0.1;False;ok;21;1;2.803;
794;-8.919748187;42.88647628;0.1;False;ok;6;1;4.870;
795;-8.819748187;42.88647628;0.1;False;ok;38;1;2.789;
796;-8.719748187;42.88647628;0.1;False;ok;9;1;4.569;
797;-8.619748187;42.88647628;0.1;False;ok;62;1;4.769;
798;-8.519748187;42.88647628;0.1;False;ok;50;1;4.654;
799;-8.419748187;42.88647628;0.1;False;ok;68;1;4.861;
800;-8.319748187;42.88647628;0.1;False;ok;18;1;2.790;
801;-8.219748187;42.88647628;0.1;False;ok;75;1;3.005;
802;-8.119748187;42.88647628;0.1;False;ok;26;1;4.928;
803;-8.019748187;42.88647628;0.1;False;ok;64;1;4.924;
804;-7.919748187;42.88647628;0.1;False;ok;8;1;2.913;
805;-7.819748187;42.88647628;0.1;False;ok;10;1;2.847;
806;-7.719748187;42.88647628;0.1;False;ok;3;1;4.847;
807;-7.619748187;42.88647628;0.1;False;ok;6;1;2.827;
808;-7.519748187;42.88647628;0.1;False;ok;1;1;4.680;
809;-7.419748187;42.88647628;0.1;False;ok;2;1;2.794;
810;-7.319748187;42.88647628;0.1;False;ok;4;1;4.921;
811;-7.219748187;42.88647628;0.1;False;ok;2;1;4.612;
812;-7.019748187;42.88647628;0.1;False;ok;5;1;4.592;
813;-9.319748187;42.98647628;0.1;False;ok;36;1;4.785;
814;-9.219748187;42.98647628;0.1;False;ok;46;1;2.995;
815;-9.119748187;42.98647628;0.1;False;ok;6;1;4.848;
816;-9.019748187;42.98647628;0.1;False;ok;10;1;2.799;
817;-8.919748187;42.98647628;0.1;False;ok;3;1;2.856;
818;-8.819748187;42.98647628;0.1;False;ok;4;1;5.049;
819;-8.519748187;42.98647628;0.1;False;ok;3;1;2.814;
820;-8.419748187;42.98647628;0.1;False;ok;7;1;2.874;
821;-8.319748187;42.98647628;0.1;False;ok;3;1;5.244;
822;-8.219748187;42.98647628;0.1;False;ok;11;1;5.114;
823;-8.119748187;42.98647628;0.1;False;ok;12;1;2.915;
824;-8.019748187;42.98647628;0.1;False;ok;0;1;5.903;
825;-7.919748187;42.98647628;0.1;False;ok;2;1;4.999;
826;-7.719748187;42.98647628;0.1;False;ok;2;1;4.872;
827;-7.619748187;42.98647628;0.1;False;ok;75;1;5.080;
828;-7.519748187;42.98647628;0.1;False;ok;2;1;4.853;
829;-7.319748187;42.98647628;0.1;False;ok;7;1;4.919;
830;-7.019748187;42.98647628;0.1;False;ok;2;1;2.817;
831;-6.919748187;42.98647628;0.1;False;ok;5;1;2.945;
832;-6.719748187;42.98647628;0.1;False;ok;7;1;5.126;
833;-9.219748187;43.08647628;0.1;False;ok;75;1;3.132;
834;-9.119748187;43.08647628;0.1;False;ok;63;1;3.152;
835;-9.019748187;43.08647628;0.1;False;ok;21;1;4.916;
836;-8.919748187;43.08647628;0.1;False;ok;7;1;2.841;
837;-8.819748187;43.08647628;0.1;False;ok;0;1;5.804;
838;-8.719748187;43.08647628;0.1;False;ok;2;1;2.787;
839;-8.419748187;43.08647628;0.1;False;ok;15;1;4.927;
840;-8.219748187;43.08647628;0.1;False;ok;2;1;4.772;
841;-8.119748187;43.08647628;0.1;False;ok;5;1;4.591;
842;-8.019748187;43.08647628;0.1;False;ok;2;1;2.656;
843;-7.919748187;43.08647628;0.1;False;ok;11;1;2.842;
844;-7.819748187;43.08647628;0.1;False;ok;5;1;4.713;
845;-7.719748187;43.08647628;0.1;False;ok;3;1;4.831;
846;-7.619748187;43.08647628;0.1;False;ok;13;1;2.842;
847;-7.419748187;43.08647628;0.1;False;ok;2;1;2.842;
848;-7.219748187;43.08647628;0.1;False;ok;1;1;2.789;
849;-7.119748187;43.08647628;0.1;False;ok;10;1;2.812;
850;-6.919748187;43.08647628;0.1;False;ok;1;1;4.882;
851;-6.819748187;43.08647628;0.1;False;ok;1;1;4.977;
852;-6.719748187;43.08647628;0.1;False;ok;1;1;4.999;
853;-9.019748187;43.18647628;0.1;False;ok;74;1;5.174;
854;-8.919748187;43.18647628;0.1;False;ok;50;1;5.163;
855;-8.819748187;43.18647628;0.1;False;ok;28;1;4.902;
856;-8.719748187;43.18647628;0.1;False;ok;35;1;2.943;
857;-8.619748187;43.18647628;0.1;False;ok;3;1;4.950;
858;-8.419748187;43.18647628;0.1;False;ok;7;1;4.815;
859;-8.319748187;43.18647628;0.1;False;ok;14;1;2.850;
860;-8.219748187;43.18647628;0.1;False;ok;42;1;5.223;
861;-8.119748187;43.18647628;0.1;False;ok;3;1;2.769;
862;-7.719748187;43.18647628;0.1;False;ok;1;1;2.831;
863;-7.619748187;43.18647628;0.1;False;ok;5;1;2.807;
864;-7.519748187;43.18647628;0.1;False;ok;1;1;2.774;
865;-7.419748187;43.18647628;0.1;False;ok;2;1;5.002;
866;-7.319748187;43.18647628;0.1;False;ok;4;1;5.120;
867;-7.219748187;43.18647628;0.1;False;ok;2;1;5.051;
868;-7.119748187;43.18647628;0.1;False;ok;13;1;4.866;
869;-7.019748187;43.18647628;0.1;False;ok;10;1;4.949;
870;-6.919748187;43.18647628;0.1;False;ok;4;1;2.755;
871;-6.819748187;43.18647628;0.1;False;ok;2;1;2.768;
872;-8.919748187;43.28647628;0.1;False;ok;23;1;4.985;
873;-8.819748187;43.28647628;0.1;False;ok;75;1;5.026;
874;-8.719748187;43.28647628;0.1;False;ok;22;1;2.863;
875;-8.619748187;43.28647628;0.1;False;ok;18;1;2.867;
876;-8.519748187;43.28647628;0.1;False;ok;29;1;2.846;
877;-8.419748187;43.28647628;0.05;False;ok;15;1;5.038;
878;-8.369748187;43.28647628;0.05;False;ok;10;1;2.796;
879;-8.419748187;43.33647628;0.025;False;ok;53;1;5.172;
880;-8.394748187;43.33647628;0.025;False;ok;10;1;5.288;
881;-8.419748187;43.36147628;0.0125;False;ok;24;1;5.231;
882;-8.407248187;43.36147628;0.0125;False;ok;67;1;4.929;
883;-8.419748187;43.37397628;0.0125;False;ok;3;1;4.617;
884;-8.407248187;43.37397628;0.0125;False;ok;36;1;2.773;
885;-8.394748187;43.36147628;0.025;False;ok;10;1;4.683;
886;-8.369748187;43.33647628;0.05;False;ok;14;1;2.853;
887;-8.319748187;43.28647628;0.1;False;ok;48;1;4.867;
888;-8.219748187;43.28647628;0.1;False;ok;72;1;5.042;
889;-8.119748187;43.28647628;0.1;False;ok;6;1;2.769;
890;-8.019748187;43.28647628;0.1;False;ok;4;1;2.793;
891;-7.919748187;43.28647628;0.1;False;ok;2;1;2.760;
892;-7.819748187;43.28647628;0.1;False;ok;2;1;2.838;
893;-7.719748187;43.28647628;0.1;False;ok;20;1;5.057;
894;-7.619748187;43.28647628;0.1;False;ok;1;1;4.795;
895;-7.519748187;43.28647628;0.1;False;ok;4;1;4.694;
896;-7.319748187;43.28647628;0.1;False;ok;5;1;4.585;
897;-7.219748187;43.28647628;0.1;False;ok;21;1;2.791;
898;-7.119748187;43.28647628;0.1;False;ok;13;1;4.366;
899;-7.019748187;43.28647628;0.1;False;ok;2;1;4.804;
900;-6.919748187;43.28647628;0.1;False;ok;1;1;2.770;
901;-6.819748187;43.28647628;0.1;False;ok;1;1;2.751;
902;-8.419748187;43.38647628;0.1;False;ok;6;1;4.875;
903;-8.319748187;43.38647628;0.1;False;ok;72;1;2.909;
904;-8.219748187;43.38647628;0.1;False;ok;73;1;3.004;
905;-8.119748187;43.38647628;0.1;False;ok;6;1;5.049;
906;-7.919748187;43.38647628;0.1;False;ok;4;1;5.068;
907;-7.819748187;43.38647628;0.1;False;ok;4;1;5.078;
908;-7.519748187;43.38647628;0.1;False;ok;1;1;2.760;
909;-7.419748187;43.38647628;0.1;False;ok;16;1;5.146;
910;-7.319748187;43.38647628;0.1;False;ok;13;1;4.874;
911;-7.219748187;43.38647628;0.1;False;ok;10;1;4.915;
912;-7.119748187;43.38647628;0.1;False;ok;30;1;2.862;
913;-7.019748187;43.38647628;0.1;False;ok;3;1;4.892;
914;-6.919748187;43.38647628;0.1;False;ok;4;1;2.795;
915;-6.819748187;43.38647628;0.1;False;ok;9;1;5.097;
916;-6.719748187;43.38647628;0.1;False;ok;5;1;2.821;
917;-8.319748187;43.48647628;0.1;False;ok;38;1;5.208;
918;-8.219748187;43.48647628;0.1;False;ok;46;1;5.264;
919;-8.119748187;43.48647628;0.1;False;ok;6;1;2.870;
920;-8.019748187;43.48647628;0.1;False;ok;3;1;2.780;
921;-7.919748187;43.48647628;0.1;False;ok;1;1;2.833;
922;-7.719748187;43.48647628;0.1;False;ok;2;1;4.942;
923;-7.619748187;43.48647628;0.1;False;ok;2;1;5.002;
924;-7.519748187;43.48647628;0.1;False;ok;9;1;4.557;
925;-7.419748187;43.48647628;0.1;False;ok;8;1;2.776;
926;-7.319748187;43.48647628;0.05;False;ok;4;1;4.728;
927;-7.319748187;43.53647628;0.05;False;ok;11;1;2.723;
928;-7.269748187;43.53647628;0.025;False;ok;7;1;4.882;
929;-7.244748187;43.53647628;0.025;False;ok;33;1;4.972;
930;-7.269748187;43.56147628;0.025;False;ok;74;1;5.243;
931;-7.244748187;43.56147628;0.025;False;ok;39;1;2.783;
932;-7.219748187;43.48647628;0.1;False;ok;75;1;5.095;
933;-7.119748187;43.48647628;0.05;False;ok;7;1;2.745;
934;-7.069748187;43.48647628;0.05;False;ok;40;1;2.845;
935;-7.119748187;43.53647628;0.05;False;ok;25;1;2.812;
936;-7.069748187;43.53647628;0.05;False;ok;75;1;5.211;
937;-7.019748187;43.48647628;0.1;False;ok;61;1;5.028;
938;-6.919748187;43.48647628;0.1;False;ok;28;1;4.781;
939;-6.819748187;43.48647628;0.1;False;ok;26;1;2.874;
940;-6.719748187;43.48647628;0.1;False;ok;37;1;4.670;
941;-8.219748187;43.58647628;0.1;False;ok;24;1;2.924;
942;-8.119748187;43.58647628;0.1;False;ok;73;1;4.823;
943;-8.019748187;43.58647628;0.1;False;ok;12;1;4.505;
944;-7.919748187;43.58647628;0.1;False;ok;19;1;2.851;
945;-7.819748187;43.58647628;0.1;False;ok;5;1;2.809;
946;-7.719748187;43.58647628;0.1;False;ok;2;1;4.852;
947;-7.619748187;43.58647628;0.1;False;ok;75;1;3.029;
948;-7.519748187;43.58647628;0.1;False;ok;19;1;4.767;
949;-7.419748187;43.58647628;0.1;False;ok;69;1;2.921;
950;-7.319748187;43.58647628;0.1;False;ok;12;1;4.842;
951;-8.119748187;43.68647628;0.1;False;ok;4;1;4.547;
952;-8.019748187;43.68647628;0.1;False;ok;4;1;4.545;
953;-7.919748187;43.68647628;0.1;False;ok;43;1;4.767;
954;-7.819748187;43.68647628;0.1;False;ok;70;1;2.879;
955;-7.719748187;43.68647628;0.1;False;ok;73;1;4.640;
956;-7.619748187;43.68647628;0.1;False;ok;19;1;4.734;
957;-7.519748187;43.68647628;0.1;False;ok;37;1;2.745;
958;-6.588522601;41.68647628;0.1;True;ok;0;1;2.613;
959;-6.488522601;41.68647628;0.1;False;ok;1;1;2.638;
960;-6.388522601;41.68647628;0.1;False;ok;6;1;4.834;
961;-5.788522601;41.68647628;0.1;False;ok;3;1;2.604;
962;-5.288522601;41.68647628;0.1;False;ok;8;1;2.639;
963;-5.188522601;41.68647628;0.1;False;ok;2;1;4.879;
964;-4.988522601;41.68647628;0.1;False;ok;1;1;4.845;
965;-4.888522601;41.68647628;0.1;False;ok;3;1;4.755;
966;-4.788522601;41.68647628;0.1;False;ok;2;1;4.618;
967;-4.688522601;41.68647628;0.1;False;ok;2;1;4.411;
968;-4.288522601;41.68647628;0.1;False;ok;1;1;2.707;
969;-4.088522601;41.68647628;0.1;False;ok;2;1;4.896;
970;-3.988522601;41.68647628;0.1;False;ok;8;1;4.715;
971;-3.888522601;41.68647628;0.1;False;ok;2;1;2.685;
972;-3.788522601;41.68647628;0.1;False;ok;3;1;4.680;
973;-3.688522601;41.68647628;0.1;False;ok;3;1;2.731;
974;-3.588522601;41.68647628;0.1;False;ok;5;1;2.813;
975;-3.488522601;41.68647628;0.1;False;ok;4;1;4.863;
976;-3.288522601;41.68647628;0.1;False;ok;1;1;2.653;
977;-3.088522601;41.68647628;0.1;False;ok;13;1;2.826;
978;-2.988522601;41.68647628;0.1;False;ok;4;1;4.927;
979;-2.888522601;41.68647628;0.1;False;ok;8;1;4.680;
980;-2.788522601;41.68647628;0.1;False;ok;2;1;4.540;
981;-2.588522601;41.68647628;0.1;False;ok;12;1;4.634;
982;-6.388522601;41.78647628;0.1;False;ok;1;1;2.583;
983;-6.188522601;41.78647628;0.1;False;ok;1;1;2.635;
984;-5.988522601;41.78647628;0.1;False;ok;4;1;4.899;
985;-5.788522601;41.78647628;0.1;False;ok;4;1;2.672;
986;-5.488522601;41.78647628;0.1;False;ok;6;1;4.968;
987;-5.388522601;41.78647628;0.1;False;ok;1;1;4.948;
988;-5.088522601;41.78647628;0.1;False;ok;5;1;2.742;
989;-4.688522601;41.78647628;0.1;False;ok;2;1;2.787;
990;-4.588522601;41.78647628;0.1;False;ok;7;1;5.156;
991;-3.788522601;41.78647628;0.1;False;ok;0;1;5.896;
992;-3.588522601;41.78647628;0.1;False;ok;7;1;2.725;
993;-3.488522601;41.78647628;0.1;False;ok;3;1;5.153;
994;-3.388522601;41.78647628;0.1;False;ok;4;1;4.840;
995;-3.288522601;41.78647628;0.1;False;ok;3;1;4.581;
996;-3.188522601;41.78647628;0.1;False;ok;6;1;4.799;
997;-3.088522601;41.78647628;0.1;False;ok;29;1;2.806;
998;-2.888522601;41.78647628;0.1;False;ok;2;1;2.739;
999;-2.788522601;41.78647628;0.1;False;ok;26;1;4.927;
1000;-2.688522601;41.78647628;0.1;False;ok;5;1;2.837;
1001;-2.588522601;41.78647628;0.1;False;ok;2;1;5.021;
1002;-6.588522601;41.88647628;0.1;True;ok;3;1;2.712;
1003;-6.388522601;41.88647628;0.1;False;ok;2;1;5.110;
1004;-6.288522601;41.88647628;0.1;False;ok;7;1;2.773;
1005;-6.088522601;41.88647628;0.1;False;ok;1;1;5.029;
1006;-5.688522601;41.88647628;0.1;False;ok;1;1;2.710;
1007;-5.288522601;41.88647628;0.1;False;ok;0;1;5.839;
1008;-5.188522601;41.88647628;0.1;False;ok;1;1;4.475;
1009;-5.088522601;41.88647628;0.1;False;ok;2;1;2.702;
1010;-4.788522601;41.88647628;0.1;False;ok;5;1;2.788;
1011;-4.588522601;41.88647628;0.1;False;ok;2;1;4.917;
1012;-4.488522601;41.88647628;0.1;False;ok;2;1;4.492;
1013;-4.288522601;41.88647628;0.1;False;ok;3;1;2.709;
1014;-3.688522601;41.88647628;0.1;False;ok;0;1;5.534;
1015;-3.588522601;41.88647628;0.1;False;ok;0;1;3.545;
1016;-3.488522601;41.88647628;0.1;False;ok;18;1;4.769;
1017;-3.388522601;41.88647628;0.1;False;ok;1;1;2.832;
1018;-3.088522601;41.88647628;0.1;False;ok;6;1;2.851;
1019;-2.988522601;41.88647628;0.1;False;ok;13;1;4.758;
1020;-2.888522601;41.88647628;0.1;False;ok;13;1;4.724;
1021;-2.788522601;41.88647628;0.1;False;ok;28;1;4.849;
1022;-2.688522601;41.88647628;0.1;False;ok;14;1;4.602;
1023;-2.588522601;41.88647628;0.1;False;ok;13;1;4.616;
1024;-6.688522601;41.98647628;0.1;False;ok;45;1;2.880;
1025;-6.588522601;41.98647628;0.1;False;ok;5;1;2.718;
1026;-6.488522601;41.98647628;0.1;False;ok;3;1;4.528;
1027;-6.388522601;41.98647628;0.1;False;ok;3;1;2.657;
1028;-6.188522601;41.98647628;0.1;False;ok;0;1;5.294;
1029;-6.088522601;41.98647628;0.1;False;ok;2;1;4.679;
1030;-5.788522601;41.98647628;0.1;False;ok;4;1;2.741;
1031;-5.688522601;41.98647628;0.1;False;ok;10;1;2.821;
1032;-5.488522601;41.98647628;0.1;False;ok;4;1;4.691;
1033;-5.288522601;41.98647628;0.1;False;ok;1;1;2.662;
1034;-4.988522601;41.98647628;0.1;False;ok;0;1;5.514;
1035;-4.588522601;41.98647628;0.1;False;ok;30;1;5.123;
1036;-4.388522601;41.98647628;0.1;False;ok;2;1;4.865;
1037;-4.288522601;41.98647628;0.1;False;ok;4;1;2.831;
1038;-4.188522601;41.98647628;0.1;False;ok;1;1;2.819;
1039;-4.088522601;41.98647628;0.1;False;ok;2;1;4.656;
1040;-3.988522601;41.98647628;0.1;False;ok;3;1;2.829;
1041;-3.788522601;41.98647628;0.1;False;ok;32;1;4.915;
1042;-3.688522601;41.98647628;0.1;False;ok;4;1;4.724;
1043;-3.588522601;41.98647628;0.1;False;ok;11;1;4.824;
1044;-3.488522601;41.98647628;0.1;False;ok;4;1;4.676;
1045;-3.388522601;41.98647628;0.1;False;ok;5;1;4.742;
1046;-3.288522601;41.98647628;0.1;False;ok;2;1;2.762;
1047;-3.088522601;41.98647628;0.1;False;ok;0;1;3.549;
1048;-2.588522601;41.98647628;0.1;False;ok;0;1;3.537;
1049;-6.688522601;42.08647628;0.1;False;ok;33;1;4.602;
1050;-6.388522601;42.08647628;0.1;False;ok;1;1;4.410;
1051;-6.188522601;42.08647628;0.1;False;ok;1;1;4.495;
1052;-6.088522601;42.08647628;0.1;False;ok;1;1;2.815;
1053;-5.888522601;42.08647628;0.1;False;ok;2;1;2.816;
1054;-5.788522601;42.08647628;0.1;False;ok;1;1;4.584;
1055;-5.188522601;42.08647628;0.1;False;ok;1;1;2.668;
1056;-5.088522601;42.08647628;0.1;False;ok;2;1;4.441;
1057;-4.788522601;42.08647628;0.1;False;ok;0;1;3.484;
1058;-4.688522601;42.08647628;0.1;False;ok;3;1;4.581;
1059;-4.588522601;42.08647628;0.1;False;ok;2;1;4.625;
1060;-4.488522601;42.08647628;0.1;False;ok;3;1;4.703;
1061;-3.588522601;42.08647628;0.1;False;ok;3;1;2.728;
1062;-3.288522601;42.08647628;0.1;False;ok;3;1;4.824;
1063;-3.188522601;42.08647628;0.1;False;ok;3;1;2.726;
1064;-2.888522601;42.08647628;0.1;False;ok;2;1;4.990;
1065;-2.788522601;42.08647628;0.1;False;ok;2;1;4.826;
1066;-2.688522601;42.08647628;0.1;False;ok;13;1;5.060;
1067;-2.588522601;42.08647628;0.1;False;ok;4;1;4.913;
1068;-5.988522601;42.18647628;0.1;False;ok;2;1;2.816;
1069;-5.888522601;42.18647628;0.1;False;ok;1;1;5.003;
1070;-5.488522601;42.18647628;0.1;False;ok;0;1;3.486;
1071;-4.488522601;42.18647628;0.1;False;ok;14;1;2.795;
1072;-4.388522601;42.18647628;0.1;False;ok;5;1;5.011;
1073;-3.988522601;42.18647628;0.1;False;ok;3;1;4.504;
1074;-3.788522601;42.18647628;0.1;False;ok;2;1;4.772;
1075;-3.588522601;42.18647628;0.1;False;ok;1;1;2.746;
1076;-3.388522601;42.18647628;0.1;False;ok;2;1;2.802;
1077;-3.088522601;42.18647628;0.1;False;ok;6;1;5.105;
1078;-2.888522601;42.18647628;0.1;False;ok;1;1;2.828;
1079;-2.788522601;42.18647628;0.1;False;ok;17;1;5.144;
1080;-2.688522601;42.18647628;0.1;False;ok;7;1;2.856;
1081;-2.588522601;42.18647628;0.1;False;ok;1;1;2.767;
1082;-6.688522601;42.28647628;0.1;False;ok;2;1;4.996;
1083;-6.388522601;42.28647628;0.1;False;ok;1;1;5.166;
1084;-6.288522601;42.28647628;0.1;False;ok;3;1;5.140;
1085;-6.188522601;42.28647628;0.1;False;ok;4;1;2.817;
1086;-5.988522601;42.28647628;0.1;False;ok;15;1;4.987;
1087;-5.788522601;42.28647628;0.1;False;ok;5;1;2.746;
1088;-5.588522601;42.28647628;0.1;False;ok;15;1;5.077;
1089;-5.488522601;42.28647628;0.1;False;ok;1;1;2.780;
1090;-5.288522601;42.28647628;0.1;False;ok;1;1;5.250;
1091;-5.088522601;42.28647628;0.1;False;ok;13;1;5.235;
1092;-4.988522601;42.28647628;0.1;False;ok;3;1;2.826;
1093;-4.888522601;42.28647628;0.1;False;ok;5;1;5.166;
1094;-4.688522601;42.28647628;0.1;False;ok;12;1;5.143;
1095;-4.588522601;42.28647628;0.1;False;ok;11;1;5.007;
1096;-4.288522601;42.28647628;0.1;False;ok;2;1;4.905;
1097;-4.188522601;42.28647628;0.1;False;ok;17;1;2.813;
1098;-4.088522601;42.28647628;0.1;False;ok;6;1;2.776;
1099;-3.988522601;42.28647628;0.1;False;ok;6;1;4.686;
1100;-3.888522601;42.28647628;0.1;False;ok;10;1;2.880;
1101;-3.738522601;42.28647628;0.05;False;ok;31;1;4.775;
1102;-3.788522601;42.33647628;0.05;False;ok;1;1;2.785;
1103;-3.738522601;42.33647628;0.025;False;ok;8;1;4.842;
1104;-3.713522601;42.33647628;0.0125;False;ok;75;1;2.951;
1105;-3.701022601;42.33647628;0.0125;False;ok;74;1;4.486;
1106;-3.738522601;42.36147628;0.025;False;ok;7;1;4.737;
1107;-3.713522601;42.36147628;0.025;False;ok;1;1;2.716;
1108;-3.688522601;42.28647628;0.1;False;ok;37;1;4.749;
1109;-3.588522601;42.28647628;0.1;False;ok;25;1;2.880;
1110;-3.488522601;42.28647628;0.1;False;ok;8;1;4.559;
1111;-3.288522601;42.28647628;0.1;False;ok;6;1;4.817;
1112;-3.188522601;42.28647628;0.1;False;ok;3;1;2.712;
1113;-3.088522601;42.28647628;0.1;False;ok;67;1;4.840;
1114;-2.988522601;42.28647628;0.1;False;ok;1;1;2.623;
1115;-2.888522601;42.28647628;0.1;False;ok;17;1;4.935;
1116;-2.788522601;42.28647628;0.1;False;ok;7;1;4.860;
1117;-2.688522601;42.28647628;0.1;False;ok;3;1;4.808;
1118;-2.588522601;42.28647628;0.1;False;ok;21;1;4.960;
1119;-6.588522601;42.38647628;0.1;False;ok;12;1;4.827;
1120;-6.288522601;42.38647628;0.1;False;ok;12;1;6.676;
1121;-6.188522601;42.38647628;0.1;False;ok;13;1;2.762;
1122;-6.088522601;42.38647628;0.1;False;ok;52;1;4.738;
1123;-5.988522601;42.38647628;0.1;False;ok;3;1;2.722;
1124;-5.888522601;42.38647628;0.1;False;ok;15;1;2.776;
1125;-5.688522601;42.38647628;0.1;False;ok;2;1;4.450;
1126;-5.588522601;42.38647628;0.1;False;ok;4;1;2.793;
1127;-5.488522601;42.38647628;0.1;False;ok;2;1;4.283;
1128;-5.388522601;42.38647628;0.1;False;ok;1;1;4.230;
1129;-5.288522601;42.38647628;0.1;False;ok;2;1;2.810;
1130;-5.188522601;42.38647628;0.1;False;ok;2;1;4.010;
1131;-4.488522601;42.38647628;0.1;False;ok;3;1;2.796;
1132;-4.388522601;42.38647628;0.1;False;ok;3;1;4.075;
1133;-4.288522601;42.38647628;0.1;False;ok;3;1;4.001;
1134;-4.088522601;42.38647628;0.1;False;ok;8;1;3.902;
1135;-3.788522601;42.38647628;0.1;False;ok;0;1;3.338;
1136;-3.688522601;42.38647628;0.1;False;ok;4;1;2.536;
1137;-3.588522601;42.38647628;0.1;False;ok;6;1;3.756;
1138;-3.488522601;42.38647628;0.1;False;ok;2;1;2.384;
1139;-3.388522601;42.38647628;0.1;False;ok;3;1;4.138;
1140;-3.288522601;42.38647628;0.1;False;ok;11;1;4.073;
1141;-3.188522601;42.38647628;0.1;False;ok;6;1;3.758;
1142;-3.088522601;42.38647628;0.1;False;ok;7;1;3.897;
1143;-2.988522601;42.38647628;0.1;False;ok;45;1;4.227;
1144;-2.888522601;42.38647628;0.1;False;ok;11;1;2.425;
1145;-2.788522601;42.38647628;0.1;False;ok;38;1;3.947;
1146;-2.688522601;42.38647628;0.1;False;ok;17;1;2.516;
1147;-2.588522601;42.38647628;0.1;False;ok;32;1;4.457;
1148;-6.688522601;42.48647628;0.1;False;ok;75;1;4.558;
1149;-6.588522601;42.48647628;0.1;False;ok;52;1;2.653;
1150;-6.488522601;42.48647628;0.1;False;ok;7;1;2.531;
1151;-6.388522601;42.48647628;0.1;False;ok;5;1;4.415;
1152;-6.188522601;42.48647628;0.1;False;ok;5;1;4.575;
1153;-6.088522601;42.48647628;0.1;False;ok;1;1;2.595;
1154;-5.988522601;42.48647628;0.1;False;ok;3;1;2.621;
1155;-5.888522601;42.48647628;0.1;False;ok;10;1;4.413;
1156;-5.788522601;42.48647628;0.1;False;ok;8;1;4.415;
1157;-5.688522601;42.48647628;0.1;False;ok;17;1;4.204;
1158;-5.588522601;42.48647628;0.1;False;ok;13;1;2.717;
1159;-5.488522601;42.48647628;0.1;False;ok;18;1;3.908;
1160;-4.788522601;42.48647628;0.1;False;ok;6;1;2.704;
1161;-4.488522601;42.48647628;0.1;False;ok;1;1;3.850;
1162;-4.388522601;42.48647628;0.1;False;ok;1;1;3.580;
1163;-4.088522601;42.48647628;0.1;False;ok;4;1;3.650;
1164;-3.788522601;42.48647628;0.1;False;ok;2;1;3.648;
1165;-3.388522601;42.48647628;0.1;False;ok;9;1;2.560;
1166;-3.288522601;42.48647628;0.1;False;ok;1;1;2.358;
1167;-3.088522601;42.48647628;0.1;False;ok;5;1;3.465;
1168;-2.988522601;42.48647628;0.1;False;ok;44;1;3.526;
1169;-2.888522601;42.48647628;0.1;False;ok;73;1;2.501;
1170;-2.788522601;42.48647628;0.1;False;ok;28;1;2.315;
1171;-2.688522601;42.48647628;0.1;False;ok;30;1;2.049;
1172;-2.588522601;42.48647628;0.1;False;ok;37;1;3.327;
1173;-6.688522601;42.58647628;0.1;False;ok;6;1;3.086;
1174;-6.588522601;42.58647628;0.1;False;ok;5;1;1.869;
1175;-6.488522601;42.58647628;0.1;False;ok;6;1;3.446;
1176;-6.388522601;42.58647628;0.1;False;ok;4;1;2.141;
1177;-6.288522601;42.58647628;0.1;False;ok;5;1;3.913;
1178;-6.188522601;42.58647628;0.1;False;ok;0;1;2.855;
1179;-5.988522601;42.58647628;0.1;False;ok;1;1;3.604;
1180;-5.888522601;42.58647628;0.1;False;ok;4;1;3.905;
1181;-5.688522601;42.58647628;0.1;False;ok;18;1;4.037;
1182;-5.588522601;42.58647628;0.0125;False;ok;21;1;2.351;
1183;-5.576022601;42.58647628;0.00625;False;ok;4;1;2.413;
1184;-5.569772601;42.58647628;0.00625;False;ok;15;1;4.359;
1185;-5.576022601;42.59272628;0.00625;False;ok;48;1;2.607;
1186;-5.569772601;42.59272628;0.00625;False;ok;75;1;4.673;
1187;-5.588522601;42.59897628;0.0125;False;ok;27;1;4.549;
1188;-5.576022601;42.59897628;0.0125;False;ok;74;1;4.762;
1189;-5.563522601;42.58647628;0.025;False;ok;33;1;4.556;
1190;-5.588522601;42.61147628;0.025;False;ok;6;1;4.488;
1191;-5.288522601;42.58647628;0.1;False;ok;0;1;4.949;
1192;-4.888522601;42.58647628;0.1;False;ok;1;1;2.431;
1193;-4.488522601;42.58647628;0.1;False;ok;1;1;2.633;
1194;-4.388522601;42.58647628;0.1;False;ok;3;1;4.293;
1195;-4.188522601;42.58647628;0.1;False;ok;2;1;4.094;
1196;-3.988522601;42.58647628;0.1;False;ok;1;1;2.475;
1197;-3.888522601;42.58647628;0.1;False;ok;1;1;2.527;
1198;-3.688522601;42.58647628;0.1;False;ok;0;1;3.254;
1199;-3.588522601;42.58647628;0.1;False;ok;1;1;4.134;
1200;-3.388522601;42.58647628;0.1;False;ok;3;1;2.472;
1201;-3.188522601;42.58647628;0.1;False;ok;6;1;4.329;
1202;-2.988522601;42.58647628;0.1;False;ok;7;1;2.469;
1203;-2.888522601;42.58647628;0.1;False;ok;19;1;4.495;
1204;-2.788522601;42.58647628;0.1;False;ok;2;1;4.381;
1205;-2.588522601;42.58647628;0.1;False;ok;5;1;4.184;
1206;-6.688522601;42.68647628;0.1;False;ok;26;1;2.582;
1207;-6.588522601;42.68647628;0.1;False;ok;4;1;4.379;
1208;-6.488522601;42.68647628;0.1;False;ok;5;1;2.661;
1209;-6.388522601;42.68647628;0.1;False;ok;3;1;2.677;
1210;-6.288522601;42.68647628;0.1;False;ok;4;1;4.896;
1211;-6.088522601;42.68647628;0.1;False;ok;7;1;4.763;
1212;-5.988522601;42.68647628;0.1;False;ok;5;1;4.822;
1213;-5.888522601;42.68647628;0.1;False;ok;2;1;4.912;
1214;-5.788522601;42.68647628;0.1;False;ok;3;1;4.943;
1215;-5.588522601;42.68647628;0.1;False;ok;1;1;2.805;
1216;-5.388522601;42.68647628;0.1;False;ok;3;1;2.822;
1217;-4.488522601;42.68647628;0.1;False;ok;2;1;4.813;
1218;-4.388522601;42.68647628;0.1;False;ok;0;1;3.592;
1219;-4.288522601;42.68647628;0.1;False;ok;7;1;4.848;
1220;-4.188522601;42.68647628;0.1;False;ok;3;1;4.918;
1221;-4.088522601;42.68647628;0.1;False;ok;2;1;4.632;
1222;-3.988522601;42.68647628;0.1;False;ok;1;1;2.748;
1223;-3.888522601;42.68647628;0.1;False;ok;2;1;5.295;
1224;-3.788522601;42.68647628;0.1;False;ok;1;1;2.821;
1225;-3.488522601;42.68647628;0.1;False;ok;6;1;2.803;
1226;-3.388522601;42.68647628;0.1;False;ok;9;1;4.442;
1227;-3.288522601;42.68647628;0.1;False;ok;4;1;4.350;
1228;-3.188522601;42.68647628;0.1;False;ok;2;1;4.342;
1229;-3.088522601;42.68647628;0.1;False;ok;3;1;2.639;
1230;-2.988522601;42.68647628;0.1;False;ok;8;1;2.565;
1231;-2.888522601;42.68647628;0.1;False;ok;6;1;3.874;
1232;-6.688522601;42.78647628;0.1;False;ok;1;1;2.290;
1233;-6.388522601;42.78647628;0.1;False;ok;1;1;2.319;
1234;-6.288522601;42.78647628;0.1;False;ok;2;1;3.321;
1235;-6.188522601;42.78647628;0.1;False;ok;1;1;3.317;
1236;-5.988522601;42.78647628;0.1;False;ok;1;1;3.383;
1237;-5.888522601;42.78647628;0.1;False;ok;3;1;3.184;
1238;-5.788522601;42.78647628;0.1;False;ok;8;1;3.286;
1239;-5.688522601;42.78647628;0.1;False;ok;14;1;2.272;
1240;-5.588522601;42.78647628;0.1;False;ok;5;1;2.180;
1241;-5.488522601;42.78647628;0.1;False;ok;5;1;3.128;
1242;-5.388522601;42.78647628;0.1;False;ok;12;1;3.234;
1243;-5.288522601;42.78647628;0.1;False;ok;2;1;2.000;
1244;-5.188522601;42.78647628;0.1;False;ok;16;1;3.231;
1245;-4.988522601;42.78647628;0.1;False;ok;5;1;1.957;
1246;-4.888522601;42.78647628;0.1;False;ok;12;1;3.007;
1247;-4.788522601;42.78647628;0.1;False;ok;4;1;1.823;
1248;-4.688522601;42.78647628;0.1;False;ok;7;1;1.918;
1249;-4.588522601;42.78647628;0.1;False;ok;11;1;3.094;
1250;-4.488522601;42.78647628;0.1;False;ok;2;1;2.914;
1251;-4.388522601;42.78647628;0.1;False;ok;4;1;2.934;
1252;-4.288522601;42.78647628;0.1;False;ok;20;1;1.989;
1253;-4.088522601;42.78647628;0.1;False;ok;4;1;1.921;
1254;-3.988522601;42.78647628;0.1;False;ok;10;1;3.159;
1255;-3.888522601;42.78647628;0.1;False;ok;9;1;3.077;
1256;-3.788522601;42.78647628;0.1;False;ok;9;1;2.024;
1257;-3.688522601;42.78647628;0.1;False;ok;7;1;2.016;
1258;-3.488522601;42.78647628;0.1;False;ok;7;1;3.131;
1259;-3.388522601;42.78647628;0.1;False;ok;4;1;3.116;
1260;-3.288522601;42.78647628;0.1;False;ok;4;1;3.114;
1261;-3.088522601;42.78647628;0.1;False;ok;4;1;3.090;
1262;-2.988522601;42.78647628;0.1;False;ok;6;1;3.016;
1263;-2.788522601;42.78647628;0.1;False;ok;13;1;1.965;
1264;-2.688522601;42.78647628;0.1;False;ok;50;1;3.027;
1265;-2.588522601;42.78647628;0.1;False;ok;1;1;1.927;
1266;-6.588522601;42.88647628;0.1;False;ok;3;1;2.805;
1267;-6.388522601;42.88647628;0.1;False;ok;29;1;3.012;
1268;-6.288522601;42.88647628;0.1;False;ok;8;1;2.752;
1269;-6.188522601;42.88647628;0.1;False;ok;4;1;1.855;
1270;-6.088522601;42.88647628;0.1;False;ok;7;1;1.800;
1271;-5.988522601;42.88647628;0.1;False;ok;3;1;1.739;
1272;-5.888522601;42.88647628;0.1;False;ok;3;1;1.764;
1273;-5.788522601;42.88647628;0.1;False;ok;2;1;2.716;
1274;-5.688522601;42.88647628;0.1;False;ok;4;1;2.702;
1275;-5.588522601;42.88647628;0.1;False;ok;4;1;2.821;
1276;-5.488522601;42.88647628;0.1;False;ok;4;1;1.784;
1277;-5.288522601;42.88647628;0.1;False;ok;2;1;1.801;
1278;-5.188522601;42.88647628;0.1;False;ok;10;1;2.901;
1279;-5.088522601;42.88647628;0.1;False;ok;21;1;3.039;
1280;-4.988522601;42.88647628;0.1;False;ok;10;1;3.766;
1281;-4.888522601;42.88647628;0.1;False;ok;3;1;3.802;
1282;-4.788522601;42.88647628;0.1;False;ok;12;1;1.793;
1283;-4.688522601;42.88647628;0.1;False;ok;6;1;1.856;
1284;-4.588522601;42.88647628;0.1;False;ok;1;1;3.921;
1285;-4.488522601;42.88647628;0.1;False;ok;5;1;3.903;
1286;-4.388522601;42.88647628;0.1;False;ok;9;1;3.922;
1287;-4.288522601;42.88647628;0.1;False;ok;4;1;1.765;
1288;-4.188522601;42.88647628;0.1;False;ok;3;1;3.935;
1289;-4.088522601;42.88647628;0.1;False;ok;6;1;2.008;
1290;-3.988522601;42.88647628;0.1;False;ok;4;1;4.495;
1291;-3.888522601;42.88647628;0.1;False;ok;5;1;4.215;
1292;-3.788522601;42.88647628;0.1;False;ok;3;1;2.352;
1293;-3.688522601;42.88647628;0.1;False;ok;9;1;4.811;
1294;-3.588522601;42.88647628;0.1;False;ok;28;1;2.621;
1295;-3.488522601;42.88647628;0.1;False;ok;19;1;5.236;
1296;-3.288522601;42.88647628;0.1;False;ok;1;1;5.366;
1297;-3.088522601;42.88647628;0.1;False;ok;1;1;2.879;
1298;-2.988522601;42.88647628;0.1;False;ok;5;1;5.334;
1299;-2.888522601;42.88647628;0.1;False;ok;8;1;2.955;
1300;-2.788522601;42.88647628;0.1;False;ok;4;1;3.037;
1301;-2.688522601;42.88647628;0.1;False;ok;6;1;5.537;
1302;-2.588522601;42.88647628;0.1;False;ok;4;1;3.023;
1303;-6.688522601;42.98647628;0.1;False;ok;17;1;5.520;
1304;-6.588522601;42.98647628;0.1;False;ok;1;1;2.994;
1305;-6.488522601;42.98647628;0.1;False;ok;1;1;5.472;
1306;-6.288522601;42.98647628;0.1;False;ok;16;1;5.571;
1307;-6.188522601;42.98647628;0.1;False;ok;1;1;2.885;
1308;-6.088522601;42.98647628;0.1;False;ok;3;1;5.441;
1309;-5.988522601;42.98647628;0.1;False;ok;2;1;5.565;
1310;-5.888522601;42.98647628;0.1;False;ok;5;1;5.511;
1311;-5.788522601;42.98647628;0.1;False;ok;9;1;5.351;
1312;-5.388522601;42.98647628;0.1;False;ok;12;1;3.053;
1313;-5.288522601;42.98647628;0.1;False;ok;16;1;3.066;
1314;-5.188522601;42.98647628;0.1;False;ok;9;1;5.301;
1315;-5.088522601;42.98647628;0.1;False;ok;2;1;5.442;
1316;-4.988522601;42.98647628;0.1;False;ok;6;1;3.021;
1317;-4.888522601;42.98647628;0.1;False;ok;4;1;2.962;
1318;-4.688522601;42.98647628;0.1;False;ok;4;1;5.306;
1319;-4.588522601;42.98647628;0.1;False;ok;12;1;3.022;
1320;-4.488522601;42.98647628;0.1;False;ok;3;1;3.012;
1321;-4.388522601;42.98647628;0.1;False;ok;5;1;5.309;
1322;-4.288522601;42.98647628;0.1;False;ok;18;1;5.286;
1323;-4.188522601;42.98647628;0.1;False;ok;23;1;5.496;
1324;-4.088522601;42.98647628;0.1;False;ok;9;1;2.956;
1325;-3.988522601;42.98647628;0.1;False;ok;10;1;2.957;
1326;-3.888522601;42.98647628;0.1;False;ok;3;1;5.227;
1327;-3.788522601;42.98647628;0.1;False;ok;4;1;5.417;
1328;-3.688522601;42.98647628;0.1;False;ok;8;1;2.974;
1329;-3.588522601;42.98647628;0.1;False;ok;20;1;3.033;
1330;-3.488522601;42.98647628;0.1;False;ok;3;1;5.457;
1331;-3.388522601;42.98647628;0.1;False;ok;5;1;3.126;
1332;-3.288522601;42.98647628;0.1;False;ok;3;1;5.547;
1333;-3.188522601;42.98647628;0.1;False;ok;2;1;5.577;
1334;-3.088522601;42.98647628;0.1;False;ok;14;1;5.633;
1335;-2.988522601;42.98647628;0.1;False;ok;8;1;5.600;
1336;-2.788522601;42.98647628;0.1;False;ok;2;1;5.464;
1337;-2.688522601;42.98647628;0.1;False;ok;4;1;2.991;
1338;-2.588522601;42.98647628;0.1;False;ok;11;1;5.482;
1339;-6.688522601;43.08647628;0.1;False;ok;2;1;5.291;
1340;-6.588522601;43.08647628;0.1;False;ok;33;1;3.096;
1341;-6.388522601;43.08647628;0.1;False;ok;5;1;3.022;
1342;-6.288522601;43.08647628;0.1;False;ok;20;1;5.583;
1343;-6.188522601;43.08647628;0.1;False;ok;10;1;3.132;
1344;-6.088522601;43.08647628;0.1;False;ok;24;1;3.093;
1345;-5.988522601;43.08647628;0.1;False;ok;11;1;5.552;
1346;-5.888522601;43.08647628;0.1;False;ok;25;1;5.582;
1347;-5.788522601;43.08647628;0.1;False;ok;8;1;3.072;
1348;-5.688522601;43.08647628;0.1;False;ok;17;1;5.405;
1349;-5.588522601;43.08647628;0.1;False;ok;39;1;3.144;
1350;-5.488522601;43.08647628;0.1;False;ok;6;1;5.411;
1351;-5.388522601;43.08647628;0.1;False;ok;9;1;5.616;
1352;-5.188522601;43.08647628;0.1;False;ok;4;1;3.135;
1353;-5.088522601;43.08647628;0.1;False;ok;3;1;3.151;
1354;-4.988522601;43.08647628;0.1;False;ok;11;1;3.292;
1355;-4.888522601;43.08647628;0.1;False;ok;9;1;2.975;
1356;-4.788522601;43.08647628;0.1;False;ok;39;1;5.634;
1357;-4.688522601;43.08647628;0.1;False;ok;75;1;5.828;
1358;-4.588522601;43.08647628;0.1;False;ok;31;1;5.415;
1359;-4.488522601;43.08647628;0.1;False;ok;6;1;5.363;
1360;-4.388522601;43.08647628;0.1;False;ok;5;1;5.465;
1361;-4.288522601;43.08647628;0.1;False;ok;5;1;5.532;
1362;-4.088522601;43.08647628;0.1;False;ok;16;1;3.076;
1363;-3.988522601;43.08647628;0.1;False;ok;9;1;5.214;
1364;-3.788522601;43.08647628;0.1;False;ok;8;1;5.590;
1365;-3.688522601;43.08647628;0.1;False;ok;3;1;3.009;
1366;-3.588522601;43.08647628;0.1;False;ok;10;1;5.204;
1367;-3.488522601;43.08647628;0.1;False;ok;5;1;2.963;
1368;-3.388522601;43.08647628;0.1;False;ok;8;1;3.030;
1369;-3.288522601;43.08647628;0.1;False;ok;4;1;3.035;
1370;-3.188522601;43.08647628;0.1;False;ok;4;1;3.008;
1371;-3.088522601;43.08647628;0.1;False;ok;4;1;5.023;
1372;-2.988522601;43.08647628;0.1;False;ok;20;1;4.896;
1373;-2.888522601;43.08647628;0.1;False;ok;9;1;4.793;
1374;-2.788522601;43.08647628;0.1;False;ok;14;1;4.340;
1375;-2.688522601;43.08647628;0.1;False;ok;22;1;2.926;
1376;-2.588522601;43.08647628;0.1;False;ok;11;1;2.979;
1377;-6.688522601;43.18647628;0.1;False;ok;3;1;4.098;
1378;-6.588522601;43.18647628;0.1;False;ok;4;1;2.611;
1379;-6.388522601;43.18647628;0.1;False;ok;2;1;2.567;
1380;-6.288522601;43.18647628;0.1;False;ok;8;1;3.528;
1381;-6.088522601;43.18647628;0.1;False;ok;23;1;3.445;
1382;-5.988522601;43.18647628;0.1;False;ok;6;1;3.321;
1383;-5.888522601;43.18647628;0.1;False;ok;19;1;2.364;
1384;-5.788522601;43.18647628;0.1;False;ok;27;1;2.341;
1385;-5.688522601;43.18647628;0.1;False;ok;21;1;3.370;
1386;-5.588522601;43.18647628;0.1;False;ok;18;1;3.368;
1387;-5.488522601;43.18647628;0.1;False;ok;19;1;3.262;
1388;-5.388522601;43.18647628;0.1;False;ok;3;1;3.152;
1389;-5.288522601;43.18647628;0.1;False;ok;10;1;2.936;
1390;-5.188522601;43.18647628;0.1;False;ok;16;1;1.910;
1391;-5.088522601;43.18647628;0.1;False;ok;0;1;2.562;
1392;-4.988522601;43.18647628;0.1;False;ok;5;1;2.534;
1393;-4.888522601;43.18647628;0.1;False;ok;5;1;1.785;
1394;-4.788522601;43.18647628;0.1;False;ok;13;1;1.792;
1395;-4.688522601;43.18647628;0.1;False;ok;19;1;2.594;
1396;-4.588522601;43.18647628;0.1;False;ok;10;1;2.425;
1397;-4.488522601;43.18647628;0.1;False;ok;20;1;2.526;
1398;-4.388522601;43.18647628;0.1;False;ok;18;1;2.498;
1399;-4.288522601;43.18647628;0.1;False;ok;16;1;1.858;
1400;-4.188522601;43.18647628;0.1;False;ok;9;1;1.742;
1401;-4.088522601;43.18647628;0.1;False;ok;28;1;2.558;
1402;-3.988522601;43.18647628;0.1;False;ok;28;1;1.848;
1403;-3.888522601;43.18647628;0.1;False;ok;53;1;2.892;
1404;-3.788522601;43.18647628;0.1;False;ok;26;1;2.680;
1405;-3.688522601;43.18647628;0.1;False;ok;22;1;2.756;
1406;-3.588522601;43.18647628;0.1;False;ok;15;1;2.814;
1407;-3.488522601;43.18647628;0.1;False;ok;41;1;2.858;
1408;-3.388522601;43.18647628;0.1;False;ok;12;1;2.745;
1409;-3.288522601;43.18647628;0.1;False;ok;7;1;2.677;
1410;-3.188522601;43.18647628;0.1;False;ok;17;1;1.821;
1411;-3.088522601;43.18647628;0.1;False;ok;5;1;2.587;
1412;-2.988522601;43.18647628;0.05;False;ok;1;1;1.776;
1413;-2.938522601;43.18647628;0.05;False;ok;6;1;1.858;
1414;-2.988522601;43.23647628;0.05;False;ok;75;1;2.809;
1415;-2.926022601;43.23647628;0.0125;False;ok;8;1;1.856;
1416;-2.938522601;43.24897628;0.0125;False;ok;73;1;1.968;
1417;-2.926022601;43.24897628;0.00625;False;ok;32;1;2.568;
1418;-2.919772601;43.24897628;0.00625;False;ok;18;1;1.747;
1419;-2.926022601;43.25522628;0.00625;False;ok;74;1;2.574;
1420;-2.919772601;43.25522628;0.00625;False;ok;44;1;2.536;
1421;-2.913522601;43.23647628;0.025;False;ok;39;1;2.543;
1422;-2.938522601;43.26147628;0.0125;False;ok;75;1;2.588;
1423;-2.926022601;43.26147628;0.0125;False;ok;74;1;1.799;
1424;-2.926022601;43.27397628;0.0125;False;ok;1;1;1.614;
1425;-2.913522601;43.26147628;0.025;False;ok;6;1;1.736;
1426;-2.888522601;43.18647628;0.1;False;ok;19;1;3.010;
1427;-2.788522601;43.18647628;0.1;False;ok;9;1;1.904;
1428;-2.688522601;43.18647628;0.1;False;ok;8;1;3.459;
1429;-2.588522601;43.18647628;0.1;False;ok;16;1;3.822;
1430;-6.588522601;43.28647628;0.1;False;ok;2;1;2.041;
1431;-6.488522601;43.28647628;0.1;False;ok;10;1;3.950;
1432;-6.388522601;43.28647628;0.1;False;ok;0;1;4.605;
1433;-6.288522601;43.28647628;0.1;False;ok;12;1;4.035;
1434;-6.188522601;43.28647628;0.1;False;ok;5;1;4.030;
1435;-6.088522601;43.28647628;0.1;False;ok;9;1;3.932;
1436;-5.988522601;43.28647628;0.1;False;ok;16;1;2.314;
1437;-5.888522601;43.28647628;0.05;False;ok;2;1;4.131;
1438;-5.838522601;43.28647628;0.05;False;ok;2;1;4.246;
1439;-5.888522601;43.33647628;0.025;False;ok;10;1;2.504;
1440;-5.863522601;43.33647628;0.025;False;ok;75;1;4.663;
1441;-5.888522601;43.36147628;0.025;False;ok;23;1;2.688;
1442;-5.863522601;43.36147628;0.0125;False;ok;74;1;4.705;
1443;-5.851022601;43.36147628;0.0125;False;ok;75;1;4.780;
1444;-5.863522601;43.37397628;0.0125;False;ok;3;1;2.559;
1445;-5.851022601;43.37397628;0.0125;False;ok;3;1;4.473;
1446;-5.838522601;43.33647628;0.05;False;ok;71;1;2.750;
1447;-5.788522601;43.28647628;0.1;False;ok;18;1;2.794;
1448;-5.688522601;43.28647628;0.1;False;ok;25;1;2.676;
1449;-5.588522601;43.28647628;0.1;False;ok;28;1;4.511;
1450;-5.488522601;43.28647628;0.1;False;ok;30;1;4.470;
1451;-5.388522601;43.28647628;0.1;False;ok;52;1;2.652;
1452;-5.288522601;43.28647628;0.1;False;ok;54;1;4.826;
1453;-5.188522601;43.28647628;0.05;False;ok;10;1;2.536;
1454;-5.138522601;43.28647628;0.05;False;ok;26;1;2.690;
1455;-5.188522601;43.33647628;0.05;False;ok;56;1;4.996;
1456;-5.138522601;43.33647628;0.0125;False;ok;39;1;4.801;
1457;-5.126022601;43.33647628;0.0125;False;ok;4;1;4.719;
1458;-5.138522601;43.34897628;0.0125;False;ok;75;1;4.797;
1459;-5.126022601;43.34897628;0.0125;False;ok;27;1;2.700;
1460;-5.113522601;43.33647628;0.025;False;ok;39;1;4.726;
1461;-5.138522601;43.36147628;0.025;False;ok;2;1;4.547;
1462;-5.088522601;43.28647628;0.1;False;ok;75;1;2.777;
1463;-4.988522601;43.28647628;0.1;False;ok;74;1;2.893;
1464;-4.888522601;43.28647628;0.1;False;ok;75;1;4.690;
1465;-4.788522601;43.28647628;0.1;False;ok;21;1;4.620;
1466;-4.688522601;43.28647628;0.1;False;ok;38;1;4.606;
1467;-4.588522601;43.28647628;0.1;False;ok;73;1;4.644;
1468;-4.488522601;43.28647628;0.1;False;ok;75;1;4.680;
1469;-4.388522601;43.28647628;0.1;False;ok;72;1;3.074;
1470;-4.288522601;43.28647628;0.1;False;ok;75;1;3.019;
1471;-4.188522601;43.28647628;0.1;False;ok;74;1;3.093;
1472;-4.088522601;43.28647628;0.1;False;ok;75;1;2.964;
1473;-3.988522601;43.28647628;0.1;False;ok;55;1;3.845;
1474;-3.888522601;43.28647628;0.1;False;ok;69;1;2.725;
1475;-3.788522601;43.28647628;0.1;False;ok;75;1;3.765;
1476;-3.688522601;43.28647628;0.1;False;ok;25;1;2.428;
1477;-3.588522601;43.28647628;0.1;False;ok;46;1;3.339;
1478;-3.488522601;43.28647628;0.1;False;ok;55;1;3.593;
1479;-3.388522601;43.28647628;0.1;False;ok;13;1;3.423;
1480;-3.288522601;43.28647628;0.1;False;ok;75;1;3.618;
1481;-3.188522601;43.28647628;0.1;False;ok;16;1;3.456;
1482;-3.088522601;43.28647628;0.1;False;ok;73;1;3.680;
1483;-2.988522601;43.28647628;0.1;False;ok;53;1;2.234;
1484;-2.888522601;43.28647628;0.1;False;ok;35;1;3.392;
1485;-2.788522601;43.28647628;0.1;False;ok;36;1;2.982;
1486;-2.688522601;43.28647628;0.1;False;ok;63;1;2.132;
1487;-2.588522601;43.28647628;0.1;False;ok;63;1;3.315;
1488;-6.688522601;43.38647628;0.1;False;ok;3;1;2.232;
1489;-6.588522601;43.38647628;0.1;False;ok;7;1;2.252;
1490;-6.488522601;43.38647628;0.1;False;ok;10;1;3.930;
1491;-6.388522601;43.38647628;0.1;False;ok;9;1;3.900;
1492;-6.288522601;43.38647628;0.1;False;ok;15;1;2.356;
1493;-6.188522601;43.38647628;0.1;False;ok;16;1;3.881;
1494;-6.088522601;43.38647628;0.1;False;ok;16;1;3.818;
1495;-5.988522601;43.38647628;0.1;False;ok;5;1;3.879;
1496;-5.888522601;43.38647628;0.1;False;ok;16;1;2.510;
1497;-5.788522601;43.38647628;0.1;False;ok;24;1;4.033;
1498;-5.688522601;43.38647628;0.1;False;ok;30;1;2.557;
1499;-5.588522601;43.38647628;0.1;False;ok;19;1;4.005;
1500;-5.488522601;43.38647628;0.1;False;ok;75;1;4.503;
1501;-5.388522601;43.38647628;0.1;False;ok;26;1;2.626;
1502;-5.288522601;43.38647628;0.1;False;ok;70;1;2.728;
1503;-5.188522601;43.38647628;0.1;False;ok;75;1;4.633;
1504;-5.088522601;43.38647628;0.1;False;ok;74;1;4.540;
1505;-4.988522601;43.38647628;0.1;False;ok;75;1;4.634;
1506;-4.888522601;43.38647628;0.05;False;ok;74;1;2.809;
1507;-4.838522601;43.38647628;0.05;False;ok;71;1;4.452;
1508;-4.888522601;43.43647628;0.05;False;ok;14;1;4.327;
1509;-4.788522601;43.38647628;0.025;False;ok;35;1;2.701;
1510;-4.763522601;43.38647628;0.025;False;ok;37;1;4.305;
1511;-4.788522601;43.41147628;0.025;False;ok;65;1;2.611;
1512;-4.763522601;43.41147628;0.0125;False;ok;75;1;2.814;
1513;-4.751022601;43.41147628;0.0125;False;ok;17;1;3.915;
1514;-4.763522601;43.42397628;0.0125;False;ok;5;1;4.009;
1515;-4.738522601;43.38647628;0.05;False;ok;47;1;3.962;
1516;-4.688522601;43.38647628;0.1;False;ok;35;1;4.078;
1517;-4.588522601;43.38647628;0.1;False;ok;29;1;2.567;
1518;-4.488522601;43.38647628;0.1;False;ok;49;1;3.994;
1519;-4.388522601;43.38647628;0.1;False;ok;73;1;2.698;
1520;-4.288522601;43.38647628;0.1;False;ok;52;1;2.506;
1521;-4.188522601;43.38647628;0.1;False;ok;75;1;4.229;
1522;-4.088522601;43.38647628;0.05;False;ok;72;1;2.700;
1523;-4.038522601;43.38647628;0.05;False;ok;74;1;4.060;
1524;-4.088522601;43.43647628;0.05;False;ok;16;1;2.590;
1525;-4.038522601;43.43647628;0.05;False;ok;11;1;4.294;
1526;-3.988522601;43.38647628;0.1;False;ok;74;1;4.848;
1527;-3.888522601;43.38647628;0.05;False;ok;28;1;4.839;
1528;-3.838522601;43.38647628;0.05;False;ok;26;1;2.746;
1529;-3.888522601;43.43647628;0.05;False;ok;60;1;4.805;
1530;-3.838522601;43.43647628;0.025;False;ok;75;1;4.410;
1531;-3.813522601;43.43647628;0.025;False;ok;46;1;4.801;
1532;-3.838522601;43.46147628;0.025;False;ok;70;1;2.833;
1533;-3.813522601;43.46147628;0.025;False;ok;74;1;4.912;
1534;-3.788522601;43.38647628;0.05;False;ok;15;1;2.691;
1535;-3.738522601;43.38647628;0.05;False;ok;40;1;2.795;
1536;-3.788522601;43.43647628;0.05;False;ok;72;1;4.878;
1537;-3.738522601;43.43647628;0.05;False;ok;74;1;2.765;
1538;-3.688522601;43.38647628;0.1;False;ok;73;1;4.908;
1539;-3.588522601;43.38647628;0.05;False;ok;13;1;4.757;
1540;-3.538522601;43.38647628;0.05;False;ok;26;1;4.670;
1541;-3.588522601;43.43647628;0.05;False;ok;54;1;4.626;
1542;-3.538522601;43.43647628;0.05;False;ok;75;1;2.998;
1543;-3.488522601;43.38647628;0.1;False;ok;74;1;5.047;
1544;-3.388522601;43.38647628;0.1;False;ok;18;1;2.838;
1545;-3.288522601;43.38647628;0.1;False;ok;14;1;4.759;
1546;-3.088522601;43.38647628;0.1;False;ok;10;1;2.767;
1547;-2.988522601;43.38647628;0.1;False;ok;34;1;2.877;
1548;-2.888522601;43.38647628;0.1;False;ok;31;1;2.832;
1549;-2.788522601;43.38647628;0.1;False;ok;74;1;2.988;
1550;-2.688522601;43.38647628;0.1;False;ok;25;1;5.069;
1551;-6.688522601;43.48647628;0.1;False;ok;32;1;5.033;
1552;-6.588522601;43.48647628;0.1;False;ok;74;1;5.084;
1553;-6.488522601;43.48647628;0.1;False;ok;36;1;4.943;
1554;-6.388522601;43.48647628;0.1;False;ok;21;1;5.066;
1555;-6.288522601;43.48647628;0.1;False;ok;63;1;5.064;
1556;-6.188522601;43.48647628;0.1;False;ok;74;1;3.146;
1557;-6.088522601;43.48647628;0.1;False;ok;56;1;4.849;
1558;-5.988522601;43.48647628;0.1;False;ok;74;1;3.053;
1559;-5.888522601;43.48647628;0.1;False;ok;20;1;4.919;
1560;-5.788522601;43.48647628;0.1;False;ok;65;1;3.011;
1561;-5.688522601;43.48647628;0.05;False;ok;75;1;4.907;
1562;-5.638522601;43.48647628;0.05;False;ok;23;1;4.864;
1563;-5.688522601;43.53647628;0.025;False;ok;75;1;5.221;
1564;-5.663522601;43.53647628;0.00625;False;ok;75;1;3.055;
1565;-5.657272601;43.53647628;0.00625;False;ok;75;1;2.968;
1566;-5.663522601;43.54272628;0.00625;False;ok;48;1;4.942;
1567;-5.651022601;43.53647628;0.0125;False;ok;73;1;2.918;
1568;-5.638522601;43.53647628;0.05;False;ok;17;1;4.504;
1569;-5.588522601;43.48647628;0.1;False;ok;45;1;4.304;
1570;-5.488522601;43.48647628;0.1;False;ok;56;1;2.828;
1571;-5.388522601;43.48647628;0.1;False;ok;47;1;2.728;
1572;-5.288522601;43.48647628;0.1;False;ok;61;1;2.700;
1573;-3.688522601;43.48647628;0.1;False;ok;22;1;4.304;
1574;-3.588522601;43.48647628;0.05;False;ok;75;1;2.812;
1575;-3.538522601;43.48647628;0.05;False;ok;42;1;2.767;
1576;-5.988522601;43.58647628;0.1;False;ok;6;1;4.361;
1577;-5.888522601;43.58647628;0.1;False;ok;74;1;4.699;
1578;-5.788522601;43.58647628;0.1;False;ok;32;1;4.459;
1579;-2.514401691;41.68647628;0.1;False;ok;75;1;2.853;
1580;-2.414401691;41.68647628;0.1;False;ok;2;1;4.247;
1581;-2.214401691;41.68647628;0.1;False;ok;0;1;5.242;
1582;-2.114401691;41.68647628;0.1;False;ok;2;1;4.335;
1583;-2.014401691;41.68647628;0.1;False;ok;5;1;4.407;
1584;-1.814401691;41.68647628;0.1;False;ok;3;1;4.434;
1585;-1.714401691;41.68647628;0.1;False;ok;2;1;4.467;
1586;-1.314401691;41.68647628;0.1;False;ok;2;1;2.688;
1587;-1.214401691;41.68647628;0.1;False;ok;1;1;2.650;
1588;-1.114401691;41.68647628;0.1;False;ok;4;1;4.237;
1589;-1.014401691;41.68647628;0.1;False;ok;9;1;4.522;
1590;-0.914401691;41.68647628;0.1;False;ok;5;1;2.586;
1591;-0.414401691;41.68647628;0.1;False;ok;1;1;4.582;
1592;0.085598309;41.68647628;0.1;False;ok;3;1;2.669;
1593;0.485598309;41.68647628;0.1;False;ok;1;1;2.694;
1594;0.685598309;41.68647628;0.1;False;ok;3;1;4.587;
1595;0.785598309;41.68647628;0.1;False;ok;5;1;2.674;
1596;0.885598309;41.68647628;0.1;False;ok;10;1;4.432;
1597;0.985598309;41.68647628;0.1;False;ok;1;1;2.624;
1598;1.085598309;41.68647628;0.1;False;ok;9;1;4.725;
1599;1.185598309;41.68647628;0.1;False;ok;6;1;2.607;
1600;1.285598309;41.68647628;0.1;False;ok;2;1;4.803;
1601;1.385598309;41.68647628;0.1;False;ok;5;1;4.845;
1602;1.485598309;41.68647628;0.1;False;ok;5;1;2.575;
1603;1.585598309;41.68647628;0.1;False;ok;5;1;4.434;
1604;1.785598309;41.68647628;0.1;False;ok;41;1;4.929;
1605;1.885598309;41.68647628;0.1;False;ok;8;1;2.624;
1606;1.985598309;41.68647628;0.1;False;ok;4;1;2.563;
1607;2.085598309;41.68647628;0.1;False;ok;8;1;4.841;
1608;2.185598309;41.68647628;0.1;False;ok;16;1;4.717;
1609;2.285598309;41.68647628;0.1;False;ok;10;1;2.590;
1610;2.385598309;41.68647628;0.1;False;ok;24;1;4.768;
1611;2.485598309;41.68647628;0.1;False;ok;17;1;4.654;
1612;2.585598309;41.68647628;0.1;False;ok;15;1;4.560;
1613;2.685598309;41.68647628;0.1;False;ok;70;1;4.633;
1614;2.785598309;41.68647628;0.025;False;ok;10;1;2.735;
1615;2.810598309;41.68647628;0.0125;False;ok;15;1;2.813;
1616;2.823098309;41.68647628;0.00625;False;ok;0;1;5.136;
1617;2.823098309;41.69272628;0.00625;False;ok;72;1;4.730;
1618;2.829348309;41.69272628;0.00625;False;ok;70;1;2.883;
1619;2.810598309;41.69897628;0.0125;False;ok;7;1;2.720;
1620;2.823098309;41.69897628;0.0125;False;ok;32;1;2.692;
1621;2.785598309;41.71147628;0.025;False;ok;3;1;4.471;
1622;2.810598309;41.71147628;0.025;False;ok;26;1;2.522;
1623;2.835598309;41.68647628;0.0125;False;ok;68;1;4.628;
1624;2.835598309;41.69897628;0.0125;False;ok;72;1;4.571;
1625;2.848098309;41.69897628;0.00625;False;ok;75;1;4.749;
1626;2.854348309;41.69897628;0.00625;False;ok;57;1;2.585;
1627;2.848098309;41.70522628;0.00625;False;ok;1;1;4.300;
1628;2.854348309;41.70522628;0.00625;False;ok;16;1;2.574;
1629;2.860598309;41.69897628;0.0125;False;ok;34;1;4.306;
1630;2.873098309;41.69897628;0.00625;False;ok;18;1;2.698;
1631;2.879348309;41.69897628;0.00625;False;ok;5;1;4.631;
1632;2.873098309;41.70522628;0.00625;False;ok;21;1;4.873;
1633;2.879348309;41.70522628;0.00625;False;ok;11;1;2.652;
1634;2.835598309;41.71147628;0.025;False;ok;32;1;2.782;
1635;2.860598309;41.71147628;0.0125;False;ok;33;1;4.725;
1636;2.873098309;41.71147628;0.0125;False;ok;28;1;4.890;
1637;2.860598309;41.72397628;0.0125;False;ok;2;1;4.661;
1638;2.873098309;41.72397628;0.0125;False;ok;5;1;2.632;
1639;2.785598309;41.73647628;0.025;False;ok;29;1;4.583;
1640;2.810598309;41.73647628;0.0125;False;ok;14;1;4.678;
1641;2.823098309;41.73647628;0.0125;False;ok;11;1;2.627;
1642;2.810598309;41.74897628;0.0125;False;ok;23;1;4.832;
1643;2.823098309;41.74897628;0.0125;False;ok;15;1;2.751;
1644;2.810598309;41.76147628;0.025;False;ok;1;1;4.854;
1645;2.835598309;41.73647628;0.05;False;ok;3;1;2.605;
1646;2.885598309;41.68647628;0.025;False;ok;45;1;2.833;
1647;2.885598309;41.71147628;0.0125;False;ok;10;1;2.663;
1648;2.898098309;41.71147628;0.00625;False;ok;18;1;2.885;
1649;2.904348309;41.71147628;0.00625;False;ok;17;1;5.050;
1650;2.898098309;41.71772628;0.00625;False;ok;14;1;5.135;
1651;2.904348309;41.71772628;0.00625;False;ok;21;1;5.029;
1652;2.898098309;41.72397628;0.0125;False;ok;2;1;4.859;
1653;2.910598309;41.71147628;0.0125;False;ok;3;1;4.853;
1654;2.923098309;41.71147628;0.00625;False;ok;11;1;2.848;
1655;2.929348309;41.71147628;0.00625;False;ok;50;1;5.089;
1656;2.923098309;41.71772628;0.00625;False;ok;33;1;2.945;
1657;2.929348309;41.71772628;0.003125;False;ok;61;1;5.307;
1658;2.932473309;41.71772628;0.003125;False;ok;14;1;5.021;
1659;2.929348309;41.72085128;0.003125;False;ok;43;1;5.213;
1660;2.932473309;41.72085128;0.003125;False;ok;60;1;3.077;
1661;2.910598309;41.72397628;0.0125;False;ok;3;1;4.904;
1662;2.923098309;41.72397628;0.0125;False;ok;37;1;4.909;
1663;2.935598309;41.68647628;0.05;False;ok;17;1;2.954;
1664;2.885598309;41.73647628;0.05;False;ok;6;1;2.949;
1665;2.935598309;41.73647628;0.05;False;ok;50;1;3.049;
1666;2.985598309;41.76147628;0.025;False;ok;3;1;4.914;
1667;3.023098309;41.76147628;0.0125;False;ok;5;1;4.887;
1668;3.010598309;41.77397628;0.0125;False;ok;5;1;4.694;
1669;3.023098309;41.77397628;0.0125;False;ok;75;1;3.054;
1670;3.035598309;41.73647628;0.05;False;ok;35;1;2.790;
1671;-2.514401691;41.78647628;0.1;False;ok;7;1;2.774;
1672;-2.414401691;41.78647628;0.1;False;ok;7;1;5.083;
1673;-2.114401691;41.78647628;0.1;False;ok;3;1;5.064;
1674;-2.014401691;41.78647628;0.1;False;ok;7;1;2.762;
1675;-1.914401691;41.78647628;0.1;False;ok;1;1;2.719;
1676;-1.814401691;41.78647628;0.1;False;ok;9;1;5.064;
1677;-1.714401691;41.78647628;0.1;False;ok;9;1;5.016;
1678;-1.614401691;41.78647628;0.1;False;ok;14;1;5.071;
1679;-1.514401691;41.78647628;0.1;False;ok;4;1;2.808;
1680;-1.414401691;41.78647628;0.1;False;ok;1;1;4.750;
1681;-1.314401691;41.78647628;0.1;False;ok;1;1;4.797;
1682;-1.214401691;41.78647628;0.1;False;ok;2;1;4.881;
1683;-0.914401691;41.78647628;0.1;False;ok;0;1;5.756;
1684;-0.814401691;41.78647628;0.1;False;ok;2;1;5.061;
1685;-0.614401691;41.78647628;0.1;False;ok;0;1;5.645;
1686;-0.214401691;41.78647628;0.1;False;ok;1;1;2.834;
1687;-0.114401691;41.78647628;0.1;False;ok;2;1;2.777;
1688;0.185598309;41.78647628;0.1;False;ok;0;1;3.592;
1689;0.285598309;41.78647628;0.1;False;ok;2;1;4.987;
1690;0.485598309;41.78647628;0.1;False;ok;5;1;2.889;
1691;0.585598309;41.78647628;0.1;False;ok;2;1;2.809;
1692;0.685598309;41.78647628;0.1;False;ok;8;1;4.816;
1693;0.785598309;41.78647628;0.1;False;ok;38;1;4.868;
1694;0.885598309;41.78647628;0.1;False;ok;2;1;2.765;
1695;0.985598309;41.78647628;0.1;False;ok;3;1;2.802;
1696;1.085598309;41.78647628;0.1;False;ok;5;1;2.809;
1697;1.185598309;41.78647628;0.1;False;ok;1;1;4.590;
1698;1.285598309;41.78647628;0.1;False;ok;7;1;4.719;
1699;1.385598309;41.78647628;0.1;False;ok;6;1;4.749;
1700;1.485598309;41.78647628;0.1;False;ok;0;1;5.544;
1701;1.585598309;41.78647628;0.1;False;ok;1;1;4.475;
1702;1.685598309;41.78647628;0.1;False;ok;8;1;2.819;
1703;1.785598309;41.78647628;0.1;False;ok;12;1;2.819;
1704;1.885598309;41.78647628;0.1;False;ok;8;1;4.930;
1705;1.985598309;41.78647628;0.1;False;ok;4;1;2.819;
1706;2.085598309;41.78647628;0.1;False;ok;11;1;2.947;
1707;2.185598309;41.78647628;0.1;False;ok;16;1;4.775;
1708;2.285598309;41.78647628;0.1;False;ok;10;1;4.890;
1709;2.385598309;41.78647628;0.1;False;ok;24;1;4.797;
1710;2.485598309;41.78647628;0.1;False;ok;35;1;4.803;
1711;2.585598309;41.78647628;0.1;False;ok;15;1;4.730;
1712;2.685598309;41.78647628;0.1;False;ok;40;1;2.847;
1713;2.785598309;41.78647628;0.1;False;ok;43;1;4.824;
1714;2.885598309;41.78647628;0.1;False;ok;35;1;2.796;
1715;2.985598309;41.78647628;0.05;False;ok;74;1;4.798;
1716;3.035598309;41.78647628;0.0125;False;ok;74;1;4.961;
1717;3.048098309;41.78647628;0.0125;False;ok;38;1;2.893;
1718;3.035598309;41.79897628;0.0125;False;ok;9;1;2.783;
1719;3.048098309;41.79897628;0.0125;False;ok;47;1;2.890;
1720;3.060598309;41.78647628;0.025;False;ok;73;1;2.945;
1721;3.035598309;41.81147628;0.025;False;ok;25;1;4.877;
1722;3.060598309;41.81147628;0.00625;False;ok;74;1;4.846;
1723;3.066848309;41.81147628;0.00625;False;ok;72;1;4.870;
1724;3.060598309;41.81772628;0.00625;False;ok;17;1;4.721;
1725;3.066848309;41.81772628;0.00625;False;ok;64;1;2.966;
1726;3.073098309;41.81147628;0.0125;False;ok;1;1;2.721;
1727;3.060598309;41.82397628;0.0125;False;ok;28;1;4.643;
1728;3.073098309;41.82397628;0.0125;False;ok;48;1;4.782;
1729;2.985598309;41.83647628;0.05;False;ok;11;1;4.672;
1730;3.035598309;41.83647628;0.025;False;ok;52;1;2.821;
1731;3.060598309;41.83647628;0.025;False;ok;53;1;4.902;
1732;3.035598309;41.86147628;0.025;False;ok;9;1;2.895;
1733;3.060598309;41.86147628;0.0125;False;ok;24;1;4.874;
1734;3.073098309;41.86147628;0.0125;False;ok;15;1;2.770;
1735;3.060598309;41.87397628;0.0125;False;ok;25;1;2.820;
1736;3.073098309;41.87397628;0.0125;False;ok;5;1;4.944;
1737;3.085598309;41.78647628;0.05;False;ok;6;1;4.867;
1738;3.085598309;41.83647628;0.0125;False;ok;59;1;4.890;
1739;3.098098309;41.83647628;0.0125;False;ok;55;1;4.889;
1740;3.085598309;41.84897628;0.0125;False;ok;2;1;2.767;
1741;3.098098309;41.84897628;0.0125;False;ok;5;1;4.680;
1742;3.110598309;41.83647628;0.0125;False;ok;9;1;2.703;
1743;3.123098309;41.83647628;0.0125;False;ok;75;1;3.024;
1744;3.110598309;41.84897628;0.0125;False;ok;54;1;2.921;
1745;3.123098309;41.84897628;0.0125;False;ok;41;1;5.036;
1746;3.085598309;41.86147628;0.025;False;ok;4;1;2.790;
1747;3.110598309;41.86147628;0.025;False;ok;10;1;5.017;
1748;3.135598309;41.83647628;0.025;False;ok;75;1;5.183;
1749;3.135598309;41.86147628;0.025;False;ok;8;1;4.860;
1750;3.160598309;41.86147628;0.025;False;ok;58;1;2.858;
1751;-2.514401691;41.88647628;0.1;False;ok;7;1;4.811;
1752;-2.414401691;41.88647628;0.1;False;ok;0;1;5.479;
1753;-2.314401691;41.88647628;0.1;False;ok;0;1;5.408;
1754;-2.214401691;41.88647628;0.1;False;ok;4;1;2.819;
1755;-2.114401691;41.88647628;0.1;False;ok;1;1;2.642;
1756;-2.014401691;41.88647628;0.1;False;ok;1;1;4.787;
1757;-1.814401691;41.88647628;0.1;False;ok;18;1;4.773;
1758;-1.714401691;41.88647628;0.1;False;ok;5;1;4.716;
1759;-1.314401691;41.88647628;0.1;False;ok;2;1;4.546;
1760;-0.614401691;41.88647628;0.1;False;ok;2;1;2.750;
1761;-0.514401691;41.88647628;0.1;False;ok;1;1;2.833;
1762;0.085598309;41.88647628;0.1;False;ok;1;1;4.639;
1763;0.185598309;41.88647628;0.1;False;ok;4;1;2.821;
1764;0.285598309;41.88647628;0.1;False;ok;3;1;4.691;
1765;0.385598309;41.88647628;0.1;False;ok;1;1;2.848;
1766;0.485598309;41.88647628;0.1;False;ok;2;1;4.533;
1767;0.585598309;41.88647628;0.1;False;ok;0;1;3.442;
1768;0.685598309;41.88647628;0.1;False;ok;8;1;2.752;
1769;0.785598309;41.88647628;0.1;False;ok;1;1;4.554;
1770;0.885598309;41.88647628;0.1;False;ok;3;1;4.445;
1771;0.985598309;41.88647628;0.1;False;ok;18;1;4.474;
1772;1.085598309;41.88647628;0.1;False;ok;5;1;4.468;
1773;1.185598309;41.88647628;0.1;False;ok;11;1;2.629;
1774;1.285598309;41.88647628;0.1;False;ok;1;1;2.614;
1775;1.385598309;41.88647628;0.1;False;ok;6;1;2.619;
1776;1.485598309;41.88647628;0.1;False;ok;9;1;4.695;
1777;1.585598309;41.88647628;0.1;False;ok;27;1;2.709;
1778;1.685598309;41.88647628;0.1;False;ok;8;1;4.837;
1779;1.785598309;41.88647628;0.1;False;ok;8;1;4.706;
1780;1.985598309;41.88647628;0.1;False;ok;1;1;4.601;
1781;2.085598309;41.88647628;0.1;False;ok;8;1;4.780;
1782;2.185598309;41.88647628;0.1;False;ok;32;1;2.772;
1783;2.285598309;41.88647628;0.1;False;ok;9;1;4.701;
1784;2.485598309;41.88647628;0.1;False;ok;13;1;4.798;
1785;2.585598309;41.88647628;0.1;False;ok;12;1;4.846;
1786;2.685598309;41.88647628;0.1;False;ok;15;1;2.768;
1787;2.785598309;41.88647628;0.05;False;ok;5;1;4.837;
1788;2.835598309;41.88647628;0.05;False;ok;7;1;4.755;
1789;2.810598309;41.93647628;0.025;False;ok;5;1;2.718;
1790;2.785598309;41.96147628;0.025;False;ok;7;1;2.791;
1791;2.810598309;41.96147628;0.0125;False;ok;5;1;2.710;
1792;2.823098309;41.96147628;0.0125;False;ok;3;1;2.756;
1793;2.810598309;41.97397628;0.0125;False;ok;74;1;4.960;
1794;2.823098309;41.97397628;0.0125;False;ok;75;1;5.027;
1795;2.835598309;41.93647628;0.05;False;ok;2;1;4.512;
1796;2.885598309;41.88647628;0.1;False;ok;7;1;2.763;
1797;2.985598309;41.88647628;0.1;False;ok;27;1;4.904;
1798;3.085598309;41.88647628;0.05;False;ok;4;1;2.698;
1799;3.135598309;41.88647628;0.025;False;ok;10;1;4.752;
1800;3.173098309;41.88647628;0.00625;False;ok;17;1;2.727;
1801;3.179348309;41.88647628;0.00625;False;ok;73;1;2.825;
1802;3.173098309;41.89272628;0.00625;False;ok;2;1;2.654;
1803;3.179348309;41.89272628;0.00625;False;ok;22;1;4.970;
1804;3.160598309;41.89897628;0.0125;False;ok;1;1;4.849;
1805;3.173098309;41.89897628;0.0125;False;ok;1;1;4.905;
1806;3.135598309;41.91147628;0.025;False;ok;8;1;4.758;
1807;3.160598309;41.91147628;0.025;False;ok;25;1;2.870;
1808;3.085598309;41.93647628;0.05;False;ok;24;1;4.858;
1809;3.135598309;41.93647628;0.05;False;ok;73;1;5.124;
1810;3.185598309;41.88647628;0.00625;False;ok;42;1;4.833;
1811;3.191848309;41.88647628;0.00625;False;ok;1;1;2.711;
1812;3.185598309;41.89272628;0.00625;False;ok;32;1;4.880;
1813;3.191848309;41.89272628;0.00625;False;ok;51;1;5.352;
1814;3.198098309;41.88647628;0.0125;False;ok;14;1;2.835;
1815;3.185598309;41.89897628;0.0125;False;ok;1;1;2.748;
1816;3.198098309;41.89897628;0.0125;False;ok;11;1;2.899;
1817;3.185598309;41.91147628;0.0125;False;ok;1;1;2.778;
1818;3.198098309;41.91147628;0.00625;False;ok;3;1;4.766;
1819;3.204348309;41.91147628;0.00625;False;ok;10;1;5.176;
1820;3.198098309;41.91772628;0.00625;False;ok;3;1;2.854;
1821;3.204348309;41.91772628;0.00625;False;ok;54;1;5.220;
1822;3.185598309;41.92397628;0.0125;False;ok;4;1;4.928;
1823;3.198098309;41.92397628;0.0125;False;ok;23;1;4.758;
1824;3.210598309;41.91147628;0.025;False;ok;30;1;2.859;
1825;3.185598309;41.93647628;0.0125;False;ok;19;1;2.751;
1826;3.198098309;41.93647628;0.0125;False;ok;24;1;4.881;
1827;3.198098309;41.94897628;0.00625;False;ok;4;1;2.746;
1828;3.204348309;41.94897628;0.00625;False;ok;29;1;5.193;
1829;3.198098309;41.95522628;0.00625;False;ok;7;1;4.941;
1830;3.204348309;41.95522628;0.00625;False;ok;27;1;5.050;
1831;3.210598309;41.93647628;0.0125;False;ok;17;1;2.832;
1832;3.210598309;41.94897628;0.0125;False;ok;12;1;2.761;
1833;3.223098309;41.94897628;0.0125;False;ok;52;1;4.952;
1834;3.198098309;41.96147628;0.0125;False;ok;71;1;4.963;
1835;3.185598309;41.97397628;0.0125;False;ok;33;1;4.968;
1836;3.198098309;41.97397628;0.0125;False;ok;74;1;2.934;
1837;3.210598309;41.96147628;0.025;False;ok;46;1;4.801;
1838;-2.514401691;41.98647628;0.1;False;ok;0;1;5.436;
1839;-2.414401691;41.98647628;0.1;False;ok;3;1;2.724;
1840;-2.014401691;41.98647628;0.1;False;ok;6;1;2.686;
1841;-1.914401691;41.98647628;0.1;False;ok;4;1;4.762;
1842;-1.814401691;41.98647628;0.1;False;ok;2;1;2.701;
1843;-1.714401691;41.98647628;0.1;False;ok;12;1;2.700;
1844;-1.614401691;41.98647628;0.1;False;ok;75;1;2.873;
1845;-1.414401691;41.98647628;0.1;False;ok;1;1;4.854;
1846;-0.914401691;41.98647628;0.1;False;ok;0;1;5.741;
1847;-0.314401691;41.98647628;0.1;False;ok;1;1;4.766;
1848;-0.114401691;41.98647628;0.1;False;ok;1;1;4.747;
1849;-0.014401691;41.98647628;0.1;False;ok;2;1;2.722;
1850;0.085598309;41.98647628;0.1;False;ok;20;1;2.793;
1851;0.185598309;41.98647628;0.1;False;ok;2;1;4.717;
1852;0.285598309;41.98647628;0.1;False;ok;2;1;4.751;
1853;0.385598309;41.98647628;0.1;False;ok;1;1;2.650;
1854;0.485598309;41.98647628;0.1;False;ok;2;1;4.669;
1855;0.685598309;41.98647628;0.1;False;ok;24;1;4.945;
1856;0.785598309;41.98647628;0.1;False;ok;9;1;4.916;
1857;0.885598309;41.98647628;0.1;False;ok;7;1;2.778;
1858;0.985598309;41.98647628;0.1;False;ok;4;1;2.840;
1859;1.085598309;41.98647628;0.1;False;ok;3;1;4.855;
1860;1.185598309;41.98647628;0.1;False;ok;9;1;4.938;
1861;1.285598309;41.98647628;0.1;False;ok;11;1;2.864;
1862;1.385598309;41.98647628;0.1;False;ok;3;1;4.884;
1863;1.485598309;41.98647628;0.1;False;ok;25;1;2.876;
1864;1.585598309;41.98647628;0.1;False;ok;3;1;4.793;
1865;1.685598309;41.98647628;0.1;False;ok;5;1;2.857;
1866;1.785598309;41.98647628;0.1;False;ok;38;1;4.823;
1867;1.885598309;41.98647628;0.1;False;ok;16;1;2.914;
1868;1.985598309;41.98647628;0.1;False;ok;5;1;2.689;
1869;2.085598309;41.98647628;0.1;False;ok;15;1;4.873;
1870;2.185598309;41.98647628;0.1;False;ok;4;1;4.745;
1871;2.285598309;41.98647628;0.1;False;ok;15;1;4.810;
1872;2.385598309;41.98647628;0.1;False;ok;15;1;2.856;
1873;2.485598309;41.98647628;0.1;False;ok;32;1;2.772;
1874;2.585598309;41.98647628;0.1;False;ok;17;1;4.728;
1875;2.685598309;41.98647628;0.1;False;ok;17;1;4.736;
1876;2.785598309;41.98647628;0.1;False;ok;74;1;2.837;
1877;2.885598309;41.98647628;0.1;False;ok;35;1;4.878;
1878;2.985598309;41.98647628;0.1;False;ok;49;1;4.791;
1879;3.085598309;41.98647628;0.05;False;ok;13;1;4.740;
1880;3.135598309;41.98647628;0.05;False;ok;10;1;2.858;
1881;3.085598309;42.03647628;0.05;False;ok;27;1;4.769;
1882;3.135598309;42.03647628;0.025;False;ok;31;1;2.867;
1883;3.160598309;42.03647628;0.025;False;ok;75;1;4.785;
1884;3.185598309;41.98647628;0.0125;False;ok;74;1;4.689;
1885;3.198098309;41.98647628;0.0125;False;ok;8;1;2.855;
1886;3.185598309;41.99897628;0.0125;False;ok;74;1;4.839;
1887;3.185598309;42.01147628;0.025;False;ok;0;1;3.465;
1888;3.185598309;42.03647628;0.0125;False;ok;75;1;3.019;
1889;3.185598309;42.04897628;0.003125;False;ok;20;1;4.677;
1890;3.188723309;42.04897628;0.003125;False;ok;74;1;4.726;
1891;3.185598309;42.05210128;0.003125;False;ok;1;1;2.688;
1892;3.191848309;42.04897628;0.003125;False;ok;49;1;4.611;
1893;3.194973309;42.04897628;0.003125;False;ok;74;1;2.849;
1894;3.191848309;42.05210128;0.003125;False;ok;18;1;4.697;
1895;3.194973309;42.05210128;0.003125;False;ok;40;1;4.525;
1896;3.191848309;42.05522628;0.00625;False;ok;13;1;2.732;
1897;3.198098309;42.04897628;0.0125;False;ok;75;1;2.838;
1898;-2.514401691;42.08647628;0.1;False;ok;0;1;5.017;
1899;-2.414401691;42.08647628;0.1;False;ok;5;1;4.554;
1900;-2.314401691;42.08647628;0.1;False;ok;6;1;4.757;
1901;-2.214401691;42.08647628;0.1;False;ok;6;1;4.737;
1902;-2.114401691;42.08647628;0.1;False;ok;3;1;2.654;
1903;-2.014401691;42.08647628;0.1;False;ok;2;1;4.717;
1904;-1.814401691;42.08647628;0.1;False;ok;15;1;2.729;
1905;-1.714401691;42.08647628;0.1;False;ok;5;1;4.781;
1906;-1.614401691;42.08647628;0.1;False;ok;24;1;2.780;
1907;-1.214401691;42.08647628;0.1;False;ok;1;1;4.837;
1908;-1.014401691;42.08647628;0.1;False;ok;0;1;5.562;
1909;-0.814401691;42.08647628;0.1;False;ok;1;1;4.747;
1910;-0.714401691;42.08647628;0.1;False;ok;3;1;2.694;
1911;-0.614401691;42.08647628;0.1;False;ok;1;1;2.652;
1912;-0.414401691;42.08647628;0.1;False;ok;46;1;2.944;
1913;-0.314401691;42.08647628;0.1;False;ok;3;1;4.732;
1914;-0.214401691;42.08647628;0.1;False;ok;5;1;4.767;
1915;-0.114401691;42.08647628;0.1;False;ok;14;1;2.795;
1916;-0.014401691;42.08647628;0.1;False;ok;67;1;5.065;
1917;0.085598309;42.08647628;0.1;False;ok;1;1;2.729;
1918;0.185598309;42.08647628;0.1;False;ok;5;1;5.123;
1919;0.285598309;42.08647628;0.1;False;ok;10;1;5.026;
1920;0.385598309;42.08647628;0.1;False;ok;8;1;2.768;
1921;0.485598309;42.08647628;0.1;False;ok;4;1;2.810;
1922;0.685598309;42.08647628;0.1;False;ok;1;1;2.829;
1923;0.785598309;42.08647628;0.1;False;ok;5;1;4.746;
1924;0.885598309;42.08647628;0.1;False;ok;43;1;4.866;
1925;0.985598309;42.08647628;0.1;False;ok;10;1;4.512;
1926;1.085598309;42.08647628;0.1;False;ok;2;1;4.569;
1927;1.185598309;42.08647628;0.1;False;ok;3;1;2.788;
1928;1.285598309;42.08647628;0.1;False;ok;5;1;4.664;
1929;1.385598309;42.08647628;0.1;False;ok;5;1;4.503;
1930;1.485598309;42.08647628;0.1;False;ok;17;1;2.901;
1931;1.585598309;42.08647628;0.1;False;ok;30;1;4.827;
1932;1.685598309;42.08647628;0.1;False;ok;0;1;3.379;
1933;1.785598309;42.08647628;0.1;False;ok;36;1;4.890;
1934;1.885598309;42.08647628;0.1;False;ok;3;1;2.732;
1935;1.985598309;42.08647628;0.1;False;ok;12;1;4.661;
1936;2.085598309;42.08647628;0.1;False;ok;10;1;4.653;
1937;2.185598309;42.08647628;0.1;False;ok;15;1;2.744;
1938;2.285598309;42.08647628;0.1;False;ok;5;1;2.679;
1939;2.385598309;42.08647628;0.1;False;ok;59;1;4.756;
1940;2.485598309;42.08647628;0.1;False;ok;54;1;2.793;
1941;2.585598309;42.08647628;0.1;False;ok;13;1;4.814;
1942;2.685598309;42.08647628;0.1;False;ok;66;1;5.068;
1943;2.785598309;42.08647628;0.1;False;ok;22;1;4.701;
1944;2.885598309;42.08647628;0.1;False;ok;38;1;2.834;
1945;2.985598309;42.08647628;0.1;False;ok;52;1;2.890;
1946;3.085598309;42.08647628;0.025;False;ok;1;1;4.718;
1947;3.110598309;42.08647628;0.025;False;ok;44;1;4.843;
1948;3.110598309;42.11147628;0.0125;False;ok;11;1;2.801;
1949;3.123098309;42.11147628;0.0125;False;ok;75;1;4.992;
1950;3.110598309;42.12397628;0.0125;False;ok;10;1;4.951;
1951;3.123098309;42.12397628;0.0125;False;ok;74;1;2.889;
1952;3.135598309;42.09897628;0.0125;False;ok;71;1;5.077;
1953;3.148098309;42.09897628;0.0125;False;ok;62;1;2.923;
1954;3.160598309;42.08647628;0.025;False;ok;42;1;4.839;
1955;3.135598309;42.11147628;0.0125;False;ok;75;1;2.879;
1956;3.148098309;42.11147628;0.0125;False;ok;46;1;4.380;
1957;3.135598309;42.12397628;0.0125;False;ok;18;1;4.498;
1958;3.160598309;42.11147628;0.025;False;ok;12;1;4.299;
1959;3.085598309;42.13647628;0.05;False;ok;75;1;2.935;
1960;-2.514401691;42.18647628;0.1;False;ok;7;1;3.980;
1961;-2.314401691;42.18647628;0.1;False;ok;28;1;2.854;
1962;-2.214401691;42.18647628;0.1;False;ok;6;1;3.971;
1963;-2.114401691;42.18647628;0.1;False;ok;11;1;2.734;
1964;-2.014401691;42.18647628;0.1;False;ok;3;1;2.512;
1965;-1.914401691;42.18647628;0.1;False;ok;11;1;2.545;
1966;-1.814401691;42.18647628;0.1;False;ok;10;1;3.872;
1967;-1.714401691;42.18647628;0.1;False;ok;15;1;3.721;
1968;-1.314401691;42.18647628;0.1;False;ok;1;1;3.619;
1969;-1.014401691;42.18647628;0.1;False;ok;4;1;2.248;
1970;-0.814401691;42.18647628;0.1;False;ok;1;1;3.426;
1971;-0.714401691;42.18647628;0.1;False;ok;10;1;3.410;
1972;-0.614401691;42.18647628;0.1;False;ok;4;1;2.201;
1973;-0.514401691;42.18647628;0.1;False;ok;3;1;3.396;
1974;-0.414401691;42.18647628;0.1;False;ok;3;1;3.277;
1975;-0.314401691;42.18647628;0.1;False;ok;6;1;2.191;
1976;-0.214401691;42.18647628;0.1;False;ok;5;1;3.331;
1977;-0.114401691;42.18647628;0.1;False;ok;6;1;2.228;
1978;-0.014401691;42.18647628;0.1;False;ok;2;1;3.349;
1979;0.085598309;42.18647628;0.1;False;ok;7;1;3.334;
1980;0.185598309;42.18647628;0.1;False;ok;4;1;2.115;
1981;0.285598309;42.18647628;0.1;False;ok;15;1;2.121;
1982;0.385598309;42.18647628;0.1;False;ok;2;1;3.721;
1983;0.485598309;42.18647628;0.1;False;ok;3;1;3.785;
1984;0.685598309;42.18647628;0.1;False;ok;9;1;3.676;
1985;0.785598309;42.18647628;0.1;False;ok;1;1;2.049;
1986;0.885598309;42.18647628;0.1;False;ok;26;1;3.758;
1987;0.985598309;42.18647628;0.1;False;ok;10;1;2.145;
1988;1.185598309;42.18647628;0.1;False;ok;2;1;4.206;
1989;1.285598309;42.18647628;0.1;False;ok;8;1;2.363;
1990;1.385598309;42.18647628;0.1;False;ok;1;1;4.248;
1991;1.485598309;42.18647628;0.1;False;ok;8;1;4.555;
1992;1.585598309;42.18647628;0.1;False;ok;3;1;2.320;
1993;1.685598309;42.18647628;0.1;False;ok;13;1;2.465;
1994;1.785598309;42.18647628;0.1;False;ok;43;1;5.034;
1995;1.885598309;42.18647628;0.1;False;ok;20;1;2.514;
1996;1.985598309;42.18647628;0.1;False;ok;13;1;4.961;
1997;2.085598309;42.18647628;0.1;False;ok;22;1;4.944;
1998;2.185598309;42.18647628;0.1;False;ok;43;1;5.123;
1999;2.285598309;42.18647628;0.1;False;ok;51;1;2.839;
2000;2.385598309;42.18647628;0.1;False;ok;27;1;5.108;
2001;2.485598309;42.18647628;0.1;False;ok;39;1;5.046;
2002;2.585598309;42.18647628;0.1;False;ok;30;1;5.348;
2003;2.685598309;42.18647628;0.1;False;ok;60;1;2.923;
2004;2.785598309;42.18647628;0.1;False;ok;37;1;5.270;
2005;2.885598309;42.18647628;0.1;False;ok;72;1;3.170;
2006;2.985598309;42.18647628;0.1;False;ok;73;1;5.330;
2007;3.085598309;42.18647628;0.05;False;ok;6;1;5.148;
2008;3.098098309;42.23647628;0.0125;False;ok;15;1;2.906;
2009;3.098098309;42.24897628;0.0125;False;ok;74;1;3.176;
2010;3.110598309;42.23647628;0.00625;False;ok;0;1;5.667;
2011;3.116848309;42.23647628;0.00625;False;ok;68;1;3.096;
2012;3.110598309;42.24272628;0.00625;False;ok;42;1;2.998;
2013;3.116848309;42.24272628;0.00625;False;ok;69;1;5.021;
2014;3.123098309;42.23647628;0.0015625;False;ok;20;1;4.821;
2015;3.124660809;42.23647628;0.0015625;False;ok;0;1;3.635;
2016;3.123098309;42.23803878;0.0015625;False;ok;74;1;4.928;
2017;3.124660809;42.23803878;0.0015625;False;ok;28;1;2.966;
2018;3.123098309;42.23960128;0.003125;False;ok;74;1;5.031;
2019;3.126223309;42.23960128;0.003125;False;ok;27;1;2.884;
2020;3.123098309;42.24272628;0.003125;False;ok;14;1;4.962;
2021;3.126223309;42.24272628;0.003125;False;ok;74;1;5.088;
2022;3.123098309;42.24585128;0.003125;False;ok;26;1;2.971;
2023;3.126223309;42.24585128;0.003125;False;ok;54;1;4.945;
2024;3.129348309;42.24272628;0.00625;False;ok;61;1;3.001;
2025;3.110598309;42.24897628;0.0125;False;ok;71;1;4.869;
2026;3.123098309;42.24897628;0.0125;False;ok;73;1;4.908;
2027;3.085598309;42.26147628;0.025;False;ok;9;1;2.956;
2028;3.135598309;42.23647628;0.025;False;ok;46;1;4.600;
2029;3.173098309;42.23647628;0.0125;False;ok;26;1;4.747;
2030;3.179348309;42.24897628;0.00625;False;ok;34;1;4.813;
2031;3.173098309;42.25522628;0.00625;False;ok;27;1;4.744;
2032;3.179348309;42.25522628;0.003125;False;ok;26;1;2.814;
2033;3.182473309;42.25522628;0.003125;False;ok;33;1;2.842;
2034;3.179348309;42.25835128;0.003125;False;ok;44;1;2.911;
2035;3.182473309;42.25835128;0.003125;False;ok;24;1;4.744;
2036;3.135598309;42.26147628;0.00625;False;ok;7;1;2.752;
2037;3.141848309;42.26147628;0.00625;False;ok;75;1;5.181;
2038;3.135598309;42.26772628;0.00625;False;ok;68;1;5.195;
2039;3.141848309;42.26772628;0.00625;False;ok;73;1;2.965;
2040;3.148098309;42.26147628;0.003125;False;ok;42;1;4.816;
2041;3.151223309;42.26147628;0.003125;False;ok;73;1;2.994;
2042;3.148098309;42.26460128;0.003125;False;ok;36;1;4.827;
2043;3.151223309;42.26460128;0.003125;False;ok;27;1;4.861;
2044;3.154348309;42.26147628;0.003125;False;ok;75;1;5.108;
2045;3.157473309;42.26147628;0.003125;False;ok;25;1;5.114;
2046;3.154348309;42.26460128;0.003125;False;ok;12;1;2.972;
2047;3.157473309;42.26460128;0.003125;False;ok;28;1;5.050;
2048;3.148098309;42.26772628;0.00625;False;ok;1;1;2.948;
2049;3.154348309;42.26772628;0.00625;False;ok;2;1;4.847;
2050;3.135598309;42.27397628;0.0125;False;ok;4;1;2.951;
2051;3.148098309;42.27397628;0.0125;False;ok;1;1;5.022;
2052;3.160598309;42.26147628;0.003125;False;ok;5;1;2.995;
2053;3.160598309;42.26460128;0.003125;False;ok;67;1;3.232;
2054;3.163723309;42.26460128;0.003125;False;ok;42;1;5.016;
2055;3.166848309;42.26147628;0.00625;False;ok;21;1;5.175;
2056;3.160598309;42.26772628;0.00625;False;ok;8;1;5.096;
2057;3.173098309;42.26147628;0.00625;False;ok;75;1;3.048;
2058;3.179348309;42.26147628;0.00625;False;ok;38;1;4.891;
2059;3.173098309;42.26772628;0.00625;False;ok;0;1;3.642;
2060;3.179348309;42.26772628;0.00625;False;ok;5;1;2.927;
2061;3.160598309;42.27397628;0.0125;False;ok;11;1;3.024;
2062;3.185598309;42.24272628;0.00625;False;ok;75;1;5.031;
2063;3.191848309;42.24272628;0.00625;False;ok;71;1;5.145;
2064;3.198098309;42.23647628;0.0125;False;ok;74;1;4.986;
2065;3.185598309;42.24897628;0.0125;False;ok;73;1;3.009;
2066;3.198098309;42.24897628;0.0125;False;ok;6;1;4.594;
2067;3.210598309;42.23647628;0.025;False;ok;6;1;2.917;
2068;3.185598309;42.26147628;0.025;False;ok;21;1;4.755;
2069;3.235598309;42.23647628;0.05;False;ok;12;1;2.912;
2070;3.285598309;42.18647628;0.1;False;ok;8;1;4.550;
2071;-2.514401691;42.28647628;0.1;False;ok;13;1;4.623;
2072;-2.314401691;42.28647628;0.1;False;ok;2;1;4.436;
2073;-2.214401691;42.28647628;0.1;False;ok;5;1;4.313;
2074;-2.014401691;42.28647628;0.1;False;ok;16;1;4.336;
2075;-1.914401691;42.28647628;0.1;False;ok;3;1;2.492;
2076;-1.814401691;42.28647628;0.1;False;ok;3;1;4.074;
2077;-1.714401691;42.28647628;0.1;False;ok;1;1;2.468;
2078;-1.614401691;42.28647628;0.1;False;ok;5;1;4.171;
2079;-1.514401691;42.28647628;0.1;False;ok;2;1;4.212;
2080;-1.414401691;42.28647628;0.1;False;ok;2;1;2.497;
2081;-1.214401691;42.28647628;0.1;False;ok;3;1;2.567;
2082;-1.114401691;42.28647628;0.1;False;ok;0;1;4.776;
2083;-0.814401691;42.28647628;0.1;False;ok;24;1;2.479;
2084;-0.714401691;42.28647628;0.1;False;ok;6;1;2.513;
2085;-0.614401691;42.28647628;0.1;False;ok;0;1;4.932;
2086;-0.514401691;42.28647628;0.1;False;ok;2;1;4.003;
2087;-0.414401691;42.28647628;0.1;False;ok;0;1;5.113;
2088;-0.314401691;42.28647628;0.1;False;ok;3;1;2.457;
2089;-0.014401691;42.28647628;0.1;False;ok;2;1;2.401;
2090;0.085598309;42.28647628;0.1;False;ok;12;1;4.150;
2091;0.185598309;42.28647628;0.1;False;ok;12;1;4.123;
2092;0.285598309;42.28647628;0.1;False;ok;2;1;2.513;
2093;0.385598309;42.28647628;0.1;False;ok;2;1;2.597;
2094;0.485598309;42.28647628;0.1;False;ok;17;1;4.135;
2095;0.585598309;42.28647628;0.1;False;ok;1;1;4.099;
2096;0.685598309;42.28647628;0.1;False;ok;3;1;4.109;
2097;0.785598309;42.28647628;0.1;False;ok;4;1;3.984;
2098;0.885598309;42.28647628;0.1;False;ok;8;1;2.526;
2099;0.985598309;42.28647628;0.1;False;ok;15;1;4.015;
2100;1.085598309;42.28647628;0.1;False;ok;7;1;2.522;
2101;1.185598309;42.28647628;0.1;False;ok;7;1;3.918;
2102;1.285598309;42.28647628;0.1;False;ok;9;1;3.637;
2103;1.385598309;42.28647628;0.1;False;ok;44;1;3.904;
2104;1.485598309;42.28647628;0.1;False;ok;11;1;2.447;
2105;1.585598309;42.28647628;0.1;False;ok;13;1;2.401;
2106;1.685598309;42.28647628;0.1;False;ok;48;1;2.462;
2107;1.785598309;42.28647628;0.1;False;ok;46;1;2.563;
2108;1.885598309;42.28647628;0.1;False;ok;75;1;3.841;
2109;1.985598309;42.28647628;0.1;False;ok;11;1;2.339;
2110;2.085598309;42.28647628;0.1;False;ok;74;1;3.952;
2111;2.185598309;42.28647628;0.1;False;ok;8;1;2.242;
2112;2.285598309;42.28647628;0.1;False;ok;75;1;4.330;
2113;2.385598309;42.28647628;0.1;False;ok;42;1;4.419;
2114;2.685598309;42.28647628;0.1;False;ok;13;1;4.619;
2115;2.785598309;42.28647628;0.1;False;ok;23;1;2.596;
2116;2.885598309;42.28647628;0.1;False;ok;27;1;2.619;
2117;2.985598309;42.28647628;0.1;False;ok;51;1;4.679;
2118;3.085598309;42.28647628;0.05;False;ok;19;1;4.534;
2119;3.135598309;42.28647628;0.05;False;ok;60;1;4.548;
2120;3.085598309;42.33647628;0.05;False;ok;1;1;4.380;
2121;3.135598309;42.33647628;0.025;False;ok;3;1;4.511;
2122;3.160598309;42.33647628;0.025;False;ok;75;1;4.658;
2123;3.135598309;42.36147628;0.025;False;ok;74;1;2.914;
2124;3.160598309;42.36147628;0.025;False;ok;74;1;5.013;
2125;3.185598309;42.28647628;0.05;False;ok;42;1;4.713;
2126;3.235598309;42.28647628;0.05;False;ok;74;1;2.979;
2127;3.185598309;42.33647628;0.05;False;ok;44;1;2.936;
2128;3.285598309;42.28647628;0.1;False;ok;6;1;4.856;
2129;-2.514401691;42.38647628;0.05;False;ok;4;1;2.947;
2130;-2.464401691;42.38647628;0.05;False;ok;16;1;4.794;
2131;-2.514401691;42.43647628;0.05;False;ok;7;1;2.836;
2132;-2.464401691;42.43647628;0.025;False;ok;50;1;2.957;
2133;-2.439401691;42.43647628;0.025;False;ok;9;1;4.792;
2134;-2.464401691;42.46147628;0.0125;False;ok;47;1;2.833;
2135;-2.451901691;42.46147628;0.00625;False;ok;74;1;5.234;
2136;-2.445651691;42.46147628;0.00625;False;ok;72;1;3.017;
2137;-2.451901691;42.46772628;0.00625;False;ok;13;1;2.773;
2138;-2.445651691;42.46772628;0.00625;False;ok;17;1;5.070;
2139;-2.451901691;42.47397628;0.0125;False;ok;3;1;2.796;
2140;-2.439401691;42.46147628;0.025;False;ok;55;1;5.058;
2141;-2.414401691;42.38647628;0.1;False;ok;7;1;5.140;
2142;-2.314401691;42.38647628;0.1;False;ok;4;1;5.245;
2143;-2.214401691;42.38647628;0.1;False;ok;4;1;5.142;
2144;-2.114401691;42.38647628;0.1;False;ok;2;1;5.671;
2145;-2.014401691;42.38647628;0.1;False;ok;5;1;5.135;
2146;-1.914401691;42.38647628;0.1;False;ok;3;1;4.913;
2147;-1.814401691;42.38647628;0.1;False;ok;0;1;3.714;
2148;-1.714401691;42.38647628;0.1;False;ok;31;1;4.921;
2149;-1.514401691;42.38647628;0.1;False;ok;2;1;2.862;
2150;-1.114401691;42.38647628;0.1;False;ok;2;1;4.725;
2151;-1.014401691;42.38647628;0.1;False;ok;3;1;4.648;
2152;-0.814401691;42.38647628;0.1;False;ok;0;1;3.714;
2153;-0.714401691;42.38647628;0.1;False;ok;0;1;3.603;
2154;-0.314401691;42.38647628;0.1;False;ok;3;1;2.862;
2155;-0.214401691;42.38647628;0.1;False;ok;1;1;4.717;
2156;-0.114401691;42.38647628;0.1;False;ok;6;1;2.860;
2157;-0.014401691;42.38647628;0.1;False;ok;41;1;4.895;
2158;0.085598309;42.38647628;0.1;False;ok;75;1;3.039;
2159;0.185598309;42.38647628;0.1;False;ok;10;1;4.678;
2160;0.285598309;42.38647628;0.1;False;ok;1;1;2.733;
2161;0.385598309;42.38647628;0.1;False;ok;13;1;4.697;
2162;0.485598309;42.38647628;0.1;False;ok;1;1;4.796;
2163;0.585598309;42.38647628;0.1;False;ok;15;1;5.110;
2164;0.685598309;42.38647628;0.1;False;ok;44;1;2.962;
2165;0.885598309;42.38647628;0.1;False;ok;3;1;5.136;
2166;0.985598309;42.38647628;0.1;False;ok;11;1;5.214;
2167;1.085598309;42.38647628;0.1;False;ok;75;1;5.394;
2168;1.185598309;42.38647628;0.1;False;ok;1;1;5.122;
2169;1.285598309;42.38647628;0.1;False;ok;0;1;3.570;
2170;1.385598309;42.38647628;0.1;True;ok;3;1;2.858;
2171;1.485598309;42.38647628;0.1;True;ok;0;1;5.182;
2172;1.585598309;42.38647628;0.1;False;ok;5;1;2.887;
2173;1.685598309;42.38647628;0.1;False;ok;6;1;5.046;
2174;1.785598309;42.38647628;0.1;False;ok;37;1;4.981;
2175;1.885598309;42.38647628;0.05;False;ok;75;1;5.245;
2176;1.935598309;42.38647628;0.05;True;ok;9;1;3.058;
2177;1.885598309;42.43647628;0.05;True;ok;8;1;4.867;
2178;1.935598309;42.43647628;0.05;True;ok;40;1;3.165;
2179;1.985598309;42.38647628;0.1;True;ok;3;1;4.917;
2180;2.085598309;42.38647628;0.1;True;ok;2;1;2.881;
2181;2.685598309;42.38647628;0.1;True;ok;2;1;2.874;
2182;2.785598309;42.38647628;0.1;True;ok;17;1;2.974;
2183;2.885598309;42.38647628;0.1;False;ok;10;1;2.738;
2184;2.985598309;42.38647628;0.1;False;ok;6;1;4.630;
2185;3.135598309;42.38647628;0.05;False;ok;40;1;4.875;
2186;-2.514401691;42.48647628;0.1;False;ok;5;1;4.573;
2187;-2.414401691;42.48647628;0.1;False;ok;17;1;2.810;
2188;-2.314401691;42.48647628;0.1;False;ok;11;1;4.852;
2189;-2.214401691;42.48647628;0.1;False;ok;13;1;4.776;
2190;-2.114401691;42.48647628;0.1;False;ok;0;1;3.555;
2191;-1.914401691;42.48647628;0.1;False;ok;4;1;4.924;
2192;-1.714401691;42.48647628;0.1;False;ok;7;1;4.941;
2193;-1.614401691;42.48647628;0.1;False;ok;4;1;4.690;
2194;-1.514401691;42.48647628;0.1;False;ok;4;1;4.776;
2195;-1.414401691;42.48647628;0.1;False;ok;6;1;5.007;
2196;-1.314401691;42.48647628;0.1;False;ok;11;1;4.889;
2197;-1.214401691;42.48647628;0.1;False;ok;3;1;2.904;
2198;-1.114401691;42.48647628;0.1;False;ok;2;1;2.963;
2199;-1.014401691;42.48647628;0.1;False;ok;1;1;4.742;
2200;-0.814401691;42.48647628;0.1;False;ok;6;1;2.952;
2201;-0.714401691;42.48647628;0.1;False;ok;10;1;3.468;
2202;-0.614401691;42.48647628;0.1;False;ok;75;1;5.019;
2203;-0.514401691;42.48647628;0.1;False;ok;23;1;2.704;
2204;-0.414401691;42.48647628;0.1;False;ok;75;1;5.223;
2205;-0.314401691;42.48647628;0.1;False;ok;1;1;4.795;
2206;-0.214401691;42.48647628;0.1;False;ok;21;1;2.693;
2207;-0.114401691;42.48647628;0.1;False;ok;15;1;2.664;
2208;-0.014401691;42.48647628;0.1;False;ok;5;1;5.112;
2209;0.085598309;42.48647628;0.1;False;ok;39;1;2.743;
2210;0.185598309;42.48647628;0.1;False;ok;11;1;5.202;
2211;0.285598309;42.48647628;0.1;False;ok;8;1;2.796;
2212;0.385598309;42.48647628;0.1;False;ok;44;1;5.234;
2213;0.485598309;42.48647628;0.1;False;ok;23;1;5.094;
2214;0.585598309;42.48647628;0.1;False;ok;2;1;2.939;
2215;0.685598309;42.48647628;0.1;False;ok;5;1;5.255;
2216;0.785598309;42.48647628;0.05;False;ok;38;1;5.218;
2217;0.835598309;42.48647628;0.05;False;ok;75;1;5.451;
2218;0.835598309;42.53647628;0.05;False;ok;2;1;2.952;
2219;0.985598309;42.48647628;0.1;False;ok;3;1;5.222;
2220;1.085598309;42.48647628;0.1;False;ok;37;1;5.151;
2221;1.185598309;42.48647628;0.1;False;ok;30;1;5.265;
2222;1.285598309;42.48647628;0.1;False;ok;6;1;4.975;
2223;1.685598309;42.48647628;0.05;True;ok;0;1;2.794;
2224;-2.514401691;42.58647628;0.1;False;ok;3;1;2.862;
2225;-2.414401691;42.58647628;0.1;False;ok;8;1;2.854;
2226;-2.314401691;42.58647628;0.1;False;ok;6;1;4.895;
2227;-2.214401691;42.58647628;0.1;False;ok;5;1;2.824;
2228;-2.114401691;42.58647628;0.1;False;ok;62;1;5.245;
2229;-2.014401691;42.58647628;0.1;False;ok;10;1;2.861;
2230;-1.914401691;42.58647628;0.1;False;ok;13;1;2.907;
2231;-1.814401691;42.58647628;0.1;False;ok;20;1;4.860;
2232;-1.714401691;42.58647628;0.1;False;ok;8;1;5.313;
2233;-1.614401691;42.58647628;0.1;False;ok;4;1;2.893;
2234;-1.414401691;42.58647628;0.1;False;ok;1;1;5.244;
2235;-1.314401691;42.58647628;0.1;False;ok;6;1;2.868;
2236;-1.214401691;42.58647628;0.1;False;ok;4;1;2.826;
2237;-1.014401691;42.58647628;0.1;False;ok;2;1;5.260;
2238;-0.914401691;42.58647628;0.1;False;ok;3;1;5.302;
2239;-0.814401691;42.58647628;0.1;False;ok;1;1;2.916;
2240;-0.714401691;42.58647628;0.1;False;ok;7;1;5.259;
2241;-0.614401691;42.58647628;0.1;False;ok;75;1;5.600;
2242;-0.414401691;42.58647628;0.1;False;ok;72;1;5.441;
2243;-0.314401691;42.58647628;0.1;False;ok;21;1;5.367;
2244;-0.214401691;42.58647628;0.1;False;ok;47;1;5.418;
2245;-0.114401691;42.58647628;0.1;False;ok;33;1;3.025;
2246;-0.014401691;42.58647628;0.1;False;ok;1;1;5.076;
2247;0.085598309;42.58647628;0.1;False;ok;2;1;5.386;
2248;0.185598309;42.58647628;0.1;False;ok;32;1;3.105;
2249;0.285598309;42.58647628;0.1;False;ok;18;1;5.057;
2250;0.485598309;42.58647628;0.025;False;ok;44;1;3.139;
2251;0.510598309;42.58647628;0.0125;False;ok;2;1;2.874;
2252;0.510598309;42.59897628;0.0125;False;ok;75;1;3.136;
2253;0.523098309;42.59897628;0.0125;False;ok;74;1;3.174;
2254;0.535598309;42.58647628;0.05;False;ok;65;1;5.109;
2255;0.535598309;42.63647628;0.05;False;ok;1;1;4.807;
2256;0.685598309;42.58647628;0.1;False;ok;0;1;3.621;
2257;0.885598309;42.58647628;0.1;False;ok;0;1;3.616;
2258;0.985598309;42.58647628;0.1;False;ok;4;1;4.934;
2259;1.085598309;42.58647628;0.1;False;ok;75;1;5.096;
2260;1.185598309;42.58647628;0.1;False;ok;8;1;2.943;
2261;1.285598309;42.58647628;0.1;False;ok;9;1;2.936;
2262;-2.514401691;42.68647628;0.1;False;ok;4;1;4.853;
2263;-2.414401691;42.68647628;0.1;False;ok;5;1;4.955;
2264;-2.314401691;42.68647628;0.1;False;ok;7;1;2.919;
2265;-2.214401691;42.68647628;0.1;False;ok;12;1;5.007;
2266;-2.114401691;42.68647628;0.1;False;ok;16;1;5.250;
2267;-2.014401691;42.68647628;0.1;False;ok;16;1;5.462;
2268;-1.914401691;42.68647628;0.1;False;ok;2;1;5.327;
2269;-1.814401691;42.68647628;0.1;False;ok;6;1;5.199;
2270;-1.714401691;42.68647628;0.1;False;ok;9;1;2.960;
2271;-1.514401691;42.68647628;0.1;False;ok;3;1;5.055;
2272;-1.414401691;42.68647628;0.1;False;ok;8;1;5.158;
2273;-1.314401691;42.68647628;0.1;False;ok;2;1;5.019;
2274;-1.014401691;42.68647628;0.1;False;ok;1;1;2.916;
2275;-0.914401691;42.68647628;0.1;False;ok;14;1;3.029;
2276;-0.814401691;42.68647628;0.1;False;ok;10;1;3.012;
2277;-0.714401691;42.68647628;0.1;False;ok;2;1;5.229;
2278;-0.614401691;42.68647628;0.1;False;ok;55;1;3.130;
2279;-0.514401691;42.68647628;0.1;False;ok;2;1;5.263;
2280;-0.414401691;42.68647628;0.1;False;ok;75;1;3.203;
2281;-0.314401691;42.68647628;0.1;False;ok;74;1;3.137;
2282;-0.114401691;42.68647628;0.1;False;ok;1;1;5.066;
2283;0.685598309;42.68647628;0.1;False;ok;40;1;5.200;
2284;0.785598309;42.68647628;0.0125;False;ok;2;1;5.020;
2285;0.798098309;42.68647628;0.0125;False;ok;29;1;5.208;
2286;0.785598309;42.69897628;0.0125;False;ok;75;1;3.066;
2287;0.798098309;42.69897628;0.0125;False;ok;35;1;5.164;
2288;0.810598309;42.68647628;0.025;False;ok;9;1;2.917;
2289;0.785598309;42.71147628;0.025;False;ok;12;1;3.029;
2290;0.835598309;42.68647628;0.05;False;ok;57;1;5.253;
2291;0.885598309;42.68647628;0.025;False;ok;75;1;5.604;
2292;0.932473309;42.69272628;0.003125;False;ok;20;1;3.016;
2293;0.929348309;42.69585128;0.003125;False;ok;11;1;5.455;
2294;0.932473309;42.69585128;0.003125;False;ok;75;1;5.633;
2295;0.910598309;42.69897628;0.0125;False;ok;16;1;5.434;
2296;0.923098309;42.69897628;0.0125;False;ok;43;1;5.530;
2297;0.910598309;42.71147628;0.025;False;ok;16;1;3.015;
2298;0.935598309;42.68647628;0.05;False;ok;65;1;5.387;
2299;0.985598309;42.68647628;0.1;False;ok;0;1;3.715;
2300;1.085598309;42.68647628;0.1;True;ok;0;1;5.958;
2301;-2.414401691;42.78647628;0.1;False;ok;2;1;3.029;
2302;-2.314401691;42.78647628;0.1;False;ok;4;1;5.262;
2303;-2.214401691;42.78647628;0.1;False;ok;4;1;3.049;
2304;-2.114401691;42.78647628;0.1;False;ok;1;1;2.924;
2305;-2.014401691;42.78647628;0.1;False;ok;0;1;3.666;
2306;-1.914401691;42.78647628;0.1;False;ok;4;1;4.894;
2307;-1.814401691;42.78647628;0.1;False;ok;9;1;3.004;
2308;-1.714401691;42.78647628;0.05;False;ok;49;1;5.146;
2309;-1.664401691;42.78647628;0.025;False;ok;53;1;4.993;
2310;-1.639401691;42.78647628;0.025;False;ok;24;1;4.744;
2311;-1.664401691;42.81147628;0.025;False;ok;74;1;4.986;
2312;-1.639401691;42.81147628;0.025;False;ok;24;1;3.084;
2313;-1.714401691;42.83647628;0.05;False;ok;6;1;5.061;
2314;-1.664401691;42.83647628;0.05;False;ok;4;1;2.990;
2315;-1.614401691;42.78647628;0.1;False;ok;23;1;5.166;
2316;-1.514401691;42.78647628;0.1;False;ok;2;1;5.148;
2317;-1.414401691;42.78647628;0.1;False;ok;2;1;3.003;
2318;-1.314401691;42.78647628;0.1;False;ok;1;1;5.147;
2319;-1.114401691;42.78647628;0.1;False;ok;5;1;3.017;
2320;-1.014401691;42.78647628;0.1;False;ok;33;1;5.240;
2321;-0.814401691;42.78647628;0.1;False;ok;1;1;4.932;
2322;-0.614401691;42.78647628;0.1;True;ok;15;1;5.135;
2323;-0.514401691;42.78647628;0.1;True;ok;0;1;3.747;
2324;0.685598309;42.78647628;0.1;True;ok;34;1;3.121;
2325;-2.414401691;42.88647628;0.1;False;ok;6;1;5.102;
2326;-2.314401691;42.88647628;0.1;False;ok;3;1;2.986;
2327;-2.214401691;42.88647628;0.1;False;ok;12;1;5.140;
2328;-2.114401691;42.88647628;0.1;False;ok;9;1;5.110;
2329;-2.014401691;42.88647628;0.1;False;ok;2;1;2.917;
2330;-1.914401691;42.88647628;0.1;False;ok;11;1;2.979;
2331;-1.814401691;42.88647628;0.1;False;ok;13;1;5.060;
2332;-1.714401691;42.88647628;0.1;False;ok;13;1;2.925;
2333;-1.614401691;42.88647628;0.1;False;ok;10;1;5.137;
2334;-1.514401691;42.88647628;0.1;False;ok;23;1;4.974;
2335;-1.414401691;42.88647628;0.1;False;ok;13;1;5.000;
2336;-1.314401691;42.88647628;0.1;False;ok;13;1;2.951;
2337;-1.214401691;42.88647628;0.1;False;ok;7;1;2.878;
2338;-1.114401691;42.88647628;0.1;False;ok;22;1;5.332;
2339;-2.514401691;42.98647628;0.1;False;ok;13;1;5.385;
2340;-2.414401691;42.98647628;0.1;False;ok;7;1;5.468;
2341;-2.314401691;42.98647628;0.1;False;ok;11;1;5.337;
2342;-2.214401691;42.98647628;0.1;False;ok;9;1;2.969;
2343;-2.114401691;42.98647628;0.1;False;ok;1;1;5.387;
2344;-2.014401691;42.98647628;0.1;False;ok;12;1;5.311;
2345;-1.914401691;42.98647628;0.1;False;ok;11;1;5.276;
2346;-1.814401691;42.98647628;0.1;False;ok;5;1;2.872;
2347;-1.714401691;42.98647628;0.1;False;ok;7;1;2.803;
2348;-1.614401691;42.98647628;0.1;False;ok;1;1;2.815;
2349;-1.514401691;42.98647628;0.1;True;ok;1;1;5.052;
2350;-1.414401691;42.98647628;0.1;False;ok;6;1;2.939;
2351;-1.314401691;42.98647628;0.1;False;ok;10;1;2.879;
2352;-2.514401691;43.08647628;0.1;False;ok;7;1;5.205;
2353;-2.414401691;43.08647628;0.1;False;ok;4;1;5.043;
2354;-2.314401691;43.08647628;0.1;False;ok;19;1;5.380;
2355;-2.214401691;43.08647628;0.1;False;ok;7;1;2.954;
2356;-2.114401691;43.08647628;0.1;False;ok;12;1;5.159;
2357;-2.014401691;43.08647628;0.1;False;ok;5;1;3.036;
2358;-1.914401691;43.08647628;0.1;False;ok;3;1;5.162;
2359;-1.814401691;43.08647628;0.1;False;ok;4;1;3.064;
2360;-1.714401691;43.08647628;0.1;False;ok;24;1;3.149;
2361;-1.614401691;43.08647628;0.1;False;ok;57;1;5.275;
2362;-1.514401691;43.08647628;0.1;True;ok;16;1;4.954;
2363;-1.314401691;43.08647628;0.1;True;ok;8;1;3.156;
2364;-2.514401691;43.18647628;0.1;False;ok;16;1;3.030;
2365;-2.414401691;43.18647628;0.1;False;ok;17;1;5.293;
2366;-2.314401691;43.18647628;0.1;False;ok;20;1;5.074;
2367;-2.214401691;43.18647628;0.1;False;ok;75;1;5.310;
2368;-2.114401691;43.18647628;0.1;False;ok;34;1;5.219;
2369;-2.014401691;43.18647628;0.1;False;ok;33;1;5.107;
2370;-1.914401691;43.18647628;0.1;False;ok;7;1;4.991;
2371;-1.814401691;43.18647628;0.1;False;ok;8;1;2.904;
2372;-1.714401691;43.18647628;0.1;True;ok;32;1;3.106;
2373;-1.614401691;43.18647628;0.1;True;ok;9;1;2.987;
2374;-1.514401691;43.18647628;0.1;False;ok;9;1;2.891;
2375;2.785598309;43.18647628;0.1;True;ok;0;1;4.508;
2376;-2.514401691;43.28647628;0.1;False;ok;67;1;4.198;
2377;-2.414401691;43.28647628;0.1;False;ok;23;1;4.020;
2378;-2.314401691;43.28647628;0.1;False;ok;38;1;2.753;
2379;-2.214401691;43.28647628;0.1;False;ok;75;1;2.802;
2380;-2.114401691;43.28647628;0.1;False;ok;30;1;4.120;
2381;-2.014401691;43.28647628;0.025;False;ok;31;1;4.231;
2382;-1.989401691;43.28647628;0.025;False;ok;65;1;4.290;
2383;-2.014401691;43.31147628;0.025;False;ok;67;1;2.534;
2384;-1.989401691;43.31147628;0.00625;False;ok;75;1;4.221;
2385;-1.983151691;43.31147628;0.00625;False;ok;73;1;2.509;
2386;-1.989401691;43.31772628;0.00625;False;ok;75;1;2.467;
2387;-1.983151691;43.31772628;0.003125;False;ok;74;1;2.459;
2388;-1.980026691;43.31772628;0.003125;False;ok;16;1;4.290;
2389;-1.983151691;43.32085128;0.003125;False;ok;35;1;4.492;
2390;-1.980026691;43.32085128;0.003125;False;ok;33;1;4.680;
2391;-1.976901691;43.31147628;0.0125;False;ok;74;1;4.791;
2392;-1.989401691;43.32397628;0.0125;False;ok;42;1;4.621;
2393;-1.976901691;43.32397628;0.0125;False;ok;75;1;4.759;
2394;-1.964401691;43.28647628;0.05;False;ok;39;1;4.609;
2395;-1.914401691;43.28647628;0.1;False;ok;41;1;3.051;
2396;-1.814401691;43.28647628;0.05;False;ok;5;1;3.005;
2397;-1.814401691;43.33647628;0.025;False;ok;18;1;3.098;
2398;-1.789401691;43.33647628;0.025;True;ok;4;1;4.478;
2399;-1.814401691;43.36147628;0.025;False;ok;75;1;4.426;
2400;-1.789401691;43.36147628;0.0125;True;ok;3;1;4.192;
2401;-1.764401691;43.33647628;0.05;True;ok;1;1;3.073;
2402;-1.714401691;43.28647628;0.05;False;ok;1;1;2.807;
2403;-1.614401691;43.28647628;0.1;True;ok;1;1;2.985;
2404;-1.514401691;43.38647628;0.1;True;ok;0;1;4.395;
2405;1.385598309;43.38647628;0.1;True;ok;1;1;4.076;
2406;-7.168057005;38.21713759;0.1;False;ok;1;1;3.942;
2407;-6.768057005;38.21713759;0.1;False;ok;4;1;3.678;
2408;-6.368057005;38.21713759;0.1;False;ok;1;1;2.209;
2409;-6.068057005;38.21713759;0.1;False;ok;5;1;2.177;
2410;-5.968057005;38.21713759;0.1;False;ok;0;1;4.296;
2411;-5.868057005;38.21713759;0.1;False;ok;2;1;2.152;
2412;-5.768057005;38.21713759;0.1;False;ok;0;1;4.561;
2413;-5.668057005;38.21713759;0.1;False;ok;4;1;2.298;
2414;-5.568057005;38.21713759;0.1;False;ok;1;1;2.263;
2415;-5.468057005;38.21713759;0.1;False;ok;6;1;2.377;
2416;-5.368057005;38.21713759;0.1;False;ok;4;1;3.997;
2417;-3.668057005;38.21713759;0.1;False;ok;3;1;4.316;
2418;-3.468057005;38.21713759;0.1;False;ok;2;1;4.083;
2419;-3.268057005;38.21713759;0.1;False;ok;3;1;4.065;
2420;-2.968057005;38.21713759;0.1;False;ok;6;1;4.189;
2421;-2.868057005;38.21713759;0.1;False;ok;6;1;3.960;
2422;-2.768057005;38.21713759;0.1;False;ok;37;1;3.962;
2423;-2.668057005;38.21713759;0.1;False;ok;26;1;3.945;
2424;-2.568057005;38.21713759;0.1;False;ok;1;1;2.494;
2425;-2.468057005;38.21713759;0.1;False;ok;3;1;2.467;
2426;-7.268057005;38.31713759;0.1;False;ok;3;1;2.607;
2427;-7.168057005;38.31713759;0.1;False;ok;2;1;3.926;
2428;-6.868057005;38.31713759;0.1;False;ok;14;1;3.915;
2429;-6.768057005;38.31713759;0.1;False;ok;4;1;3.811;
2430;-6.668057005;38.31713759;0.1;False;ok;0;1;4.440;
2431;-6.468057005;38.31713759;0.1;False;ok;5;1;2.415;
2432;-6.368057005;38.31713759;0.1;False;ok;3;1;2.387;
2433;-6.068057005;38.31713759;0.1;False;ok;2;1;2.368;
2434;-5.968057005;38.31713759;0.1;False;ok;0;1;4.295;
2435;-5.068057005;38.31713759;0.1;False;ok;12;1;2.185;
2436;-4.968057005;38.31713759;0.1;False;ok;3;1;2.174;
2437;-4.868057005;38.31713759;0.1;False;ok;10;1;2.176;
2438;-4.668057005;38.31713759;0.1;False;ok;6;1;3.797;
2439;-4.368057005;38.31713759;0.1;False;ok;6;1;4.254;
2440;-3.568057005;38.31713759;0.1;False;ok;11;1;4.470;
2441;-3.468057005;38.31713759;0.1;False;ok;2;1;4.273;
2442;-3.368057005;38.31713759;0.1;False;ok;1;1;4.341;
2443;-2.868057005;38.31713759;0.1;False;ok;7;1;4.293;
2444;-2.768057005;38.31713759;0.1;False;ok;8;1;2.383;
2445;-2.668057005;38.31713759;0.1;False;ok;27;1;2.348;
2446;-2.568057005;38.31713759;0.1;False;ok;6;1;4.421;
2447;-2.468057005;38.31713759;0.1;False;ok;17;1;4.435;
2448;-2.368057005;38.31713759;0.1;False;ok;16;1;2.338;
2449;-7.368057005;38.41713759;0.1;True;ok;1;1;4.231;
2450;-6.468057005;38.41713759;0.1;False;ok;30;1;4.665;
2451;-6.368057005;38.41713759;0.1;False;ok;0;1;5.457;
2452;-6.268057005;38.41713759;0.1;False;ok;2;1;4.809;
2453;-5.168057005;38.41713759;0.1;False;ok;5;1;2.771;
2454;-4.768057005;38.41713759;0.1;False;ok;1;1;2.685;
2455;-4.368057005;38.41713759;0.1;False;ok;1;1;2.714;
2456;-3.568057005;38.41713759;0.1;False;ok;1;1;4.522;
2457;-2.768057005;38.41713759;0.1;False;ok;0;1;3.582;
2458;-2.668057005;38.41713759;0.1;False;ok;2;1;2.821;
2459;-2.568057005;38.41713759;0.1;False;ok;10;1;2.793;
2460;-2.468057005;38.41713759;0.1;False;ok;72;1;4.964;
2461;-2.368057005;38.41713759;0.1;False;ok;6;1;4.822;
2462;-7.068057005;38.51713759;0.1;False;ok;0;1;3.439;
2463;-6.868057005;38.51713759;0.1;False;ok;4;1;2.685;
2464;-6.668057005;38.51713759;0.1;False;ok;3;1;4.454;
2465;-6.568057005;38.51713759;0.1;False;ok;1;1;4.881;
2466;-6.368057005;38.51713759;0.1;False;ok;10;1;4.852;
2467;-6.268057005;38.51713759;0.1;False;ok;3;1;4.806;
2468;-6.068057005;38.51713759;0.1;False;ok;3;1;4.656;
2469;-4.568057005;38.51713759;0.1;False;ok;0;1;3.554;
2470;-4.168057005;38.51713759;0.1;False;ok;1;1;4.779;
2471;-3.468057005;38.51713759;0.1;False;ok;3;1;4.922;
2472;-3.368057005;38.51713759;0.1;False;ok;0;1;5.533;
2473;-3.068057005;38.51713759;0.1;False;ok;1;1;2.885;
2474;-2.868057005;38.51713759;0.1;False;ok;0;1;3.678;
2475;-2.668057005;38.51713759;0.1;False;ok;1;1;4.767;
2476;-2.568057005;38.51713759;0.1;False;ok;4;1;4.955;
2477;-2.468057005;38.51713759;0.1;False;ok;1;1;2.862;
2478;-2.368057005;38.51713759;0.1;False;ok;2;1;4.881;
2479;-7.168057005;38.61713759;0.1;False;ok;22;1;4.854;
2480;-7.068057005;38.61713759;0.1;False;ok;3;1;2.887;
2481;-6.568057005;38.61713759;0.1;False;ok;1;1;2.838;
2482;-6.468057005;38.61713759;0.1;False;ok;12;1;4.537;
2483;-6.168057005;38.61713759;0.1;False;ok;1;1;2.847;
2484;-5.668057005;38.61713759;0.1;False;ok;4;1;2.820;
2485;-5.268057005;38.61713759;0.1;False;ok;3;1;4.670;
2486;-4.368057005;38.61713759;0.1;False;ok;2;1;4.869;
2487;-4.268057005;38.61713759;0.1;False;ok;3;1;2.694;
2488;-4.168057005;38.61713759;0.1;False;ok;15;1;4.855;
2489;-3.868057005;38.61713759;0.1;False;ok;4;1;4.793;
2490;-3.568057005;38.61713759;0.1;False;ok;2;1;2.616;
2491;-3.468057005;38.61713759;0.1;False;ok;5;1;4.933;
2492;-3.368057005;38.61713759;0.1;False;ok;3;1;4.794;
2493;-3.168057005;38.61713759;0.1;False;ok;1;1;4.560;
2494;-3.068057005;38.61713759;0.1;False;ok;0;1;5.378;
2495;-2.868057005;38.61713759;0.1;False;ok;4;1;2.571;
2496;-2.768057005;38.61713759;0.1;False;ok;2;1;2.560;
2497;-2.668057005;38.61713759;0.1;False;ok;1;1;4.554;
2498;-2.568057005;38.61713759;0.1;False;ok;15;1;4.509;
2499;-2.468057005;38.61713759;0.1;False;ok;0;1;5.471;
2500;-2.368057005;38.61713759;0.1;False;ok;2;1;2.689;
2501;-6.968057005;38.71713759;0.1;False;ok;2;1;2.728;
2502;-6.468057005;38.71713759;0.1;False;ok;2;1;4.642;
2503;-6.268057005;38.71713759;0.1;False;ok;7;1;4.532;
2504;-5.668057005;38.71713759;0.1;False;ok;0;1;3.425;
2505;-4.968057005;38.71713759;0.1;False;ok;2;1;2.739;
2506;-4.868057005;38.71713759;0.1;False;ok;4;1;2.731;
2507;-4.168057005;38.71713759;0.1;False;ok;4;1;4.592;
2508;-3.768057005;38.71713759;0.1;False;ok;2;1;2.758;
2509;-3.468057005;38.71713759;0.1;False;ok;18;1;4.734;
2510;-3.368057005;38.71713759;0.1;False;ok;2;1;4.413;
2511;-3.068057005;38.71713759;0.1;False;ok;24;1;2.830;
2512;-2.968057005;38.71713759;0.1;False;ok;4;1;2.754;
2513;-2.768057005;38.71713759;0.1;False;ok;1;1;4.366;
2514;-2.668057005;38.71713759;0.1;False;ok;1;1;4.379;
2515;-2.468057005;38.71713759;0.1;False;ok;2;1;4.574;
2516;-7.068057005;38.81713759;0.1;False;ok;44;1;4.802;
2517;-6.968057005;38.81713759;0.1;False;ok;11;1;4.630;
2518;-6.768057005;38.81713759;0.1;False;ok;3;1;2.749;
2519;-6.668057005;38.81713759;0.1;False;ok;7;1;4.515;
2520;-6.568057005;38.81713759;0.1;False;ok;0;1;3.504;
2521;-6.468057005;38.81713759;0.1;False;ok;7;1;4.580;
2522;-6.368057005;38.81713759;0.1;False;ok;75;1;4.906;
2523;-6.268057005;38.81713759;0.1;False;ok;7;1;2.820;
2524;-5.868057005;38.81713759;0.1;False;ok;0;1;3.399;
2525;-5.768057005;38.81713759;0.1;False;ok;0;1;5.276;
2526;-5.468057005;38.81713759;0.1;False;ok;4;1;4.639;
2527;-4.168057005;38.81713759;0.1;False;ok;3;1;4.754;
2528;-3.968057005;38.81713759;0.1;False;ok;1;1;2.597;
2529;-3.768057005;38.81713759;0.1;False;ok;74;1;2.820;
2530;-3.668057005;38.81713759;0.1;False;ok;6;1;4.751;
2531;-3.268057005;38.81713759;0.1;False;ok;6;1;2.560;
2532;-3.168057005;38.81713759;0.1;False;ok;2;1;4.554;
2533;-3.068057005;38.81713759;0.1;False;ok;2;1;2.764;
2534;-6.568057005;38.91713759;0.1;False;ok;3;1;4.480;
2535;-6.468057005;38.91713759;0.1;False;ok;1;1;4.837;
2536;-6.368057005;38.91713759;0.1;False;ok;65;1;5.219;
2537;-6.268057005;38.91713759;0.1;False;ok;5;1;2.786;
2538;-6.068057005;38.91713759;0.1;False;ok;5;1;4.782;
2539;-5.968057005;38.91713759;0.1;False;ok;7;1;5.002;
2540;-5.868057005;38.91713759;0.1;False;ok;12;1;4.745;
2541;-5.568057005;38.91713759;0.1;False;ok;7;1;2.834;
2542;-5.268057005;38.91713759;0.1;False;ok;4;1;2.827;
2543;-5.068057005;38.91713759;0.1;False;ok;2;1;2.817;
2544;-4.668057005;38.91713759;0.1;False;ok;0;1;5.666;
2545;-3.968057005;38.91713759;0.1;False;ok;30;1;4.982;
2546;-3.468057005;38.91713759;0.1;False;ok;18;1;2.818;
2547;-3.368057005;38.91713759;0.1;False;ok;4;1;4.736;
2548;-3.268057005;38.91713759;0.1;False;ok;6;1;4.694;
2549;-2.968057005;38.91713759;0.1;False;ok;66;1;2.944;
2550;-2.868057005;38.91713759;0.1;False;ok;42;1;4.486;
2551;-2.768057005;38.91713759;0.1;False;ok;14;1;4.692;
2552;-2.568057005;38.91713759;0.1;False;ok;2;1;2.650;
2553;-2.468057005;38.91713759;0.1;False;ok;0;1;3.317;
2554;-6.768057005;39.01713759;0.1;False;ok;1;1;2.557;
2555;-6.668057005;39.01713759;0.1;False;ok;1;1;4.336;
2556;-6.568057005;39.01713759;0.1;False;ok;1;1;2.580;
2557;-6.368057005;39.01713759;0.1;False;ok;6;1;4.138;
2558;-5.968057005;39.01713759;0.1;False;ok;3;1;4.244;
2559;-5.768057005;39.01713759;0.1;False;ok;1;1;2.402;
2560;-5.568057005;39.01713759;0.1;False;ok;2;1;3.792;
2561;-5.468057005;39.01713759;0.1;False;ok;0;1;4.609;
2562;-5.368057005;39.01713759;0.1;False;ok;3;1;3.643;
2563;-5.268057005;39.01713759;0.1;False;ok;0;1;3.216;
2564;-4.668057005;39.01713759;0.1;False;ok;3;1;3.830;
2565;-4.268057005;39.01713759;0.1;False;ok;3;1;3.672;
2566;-4.068057005;39.01713759;0.1;False;ok;5;1;2.481;
2567;-3.968057005;39.01713759;0.1;False;ok;2;1;2.149;
2568;-3.768057005;39.01713759;0.1;False;ok;1;1;3.396;
2569;-3.668057005;39.01713759;0.1;False;ok;17;1;3.792;
2570;-3.468057005;39.01713759;0.1;False;ok;1;1;2.128;
2571;-3.068057005;39.01713759;0.1;False;ok;1;1;3.950;
2572;-2.568057005;39.01713759;0.1;False;ok;4;1;2.127;
2573;-7.268057005;39.11713759;0.1;True;ok;6;1;2.178;
2574;-7.068057005;39.11713759;0.1;False;ok;1;1;3.794;
2575;-6.468057005;39.11713759;0.1;False;ok;3;1;3.817;
2576;-6.368057005;39.11713759;0.1;False;ok;1;1;3.827;
2577;-6.268057005;39.11713759;0.1;False;ok;9;1;4.312;
2578;-6.168057005;39.11713759;0.1;False;ok;1;1;2.479;
2579;-6.068057005;39.11713759;0.1;False;ok;6;1;4.239;
2580;-5.968057005;39.11713759;0.1;False;ok;4;1;4.416;
2581;-5.668057005;39.11713759;0.1;False;ok;2;1;2.581;
2582;-5.168057005;39.11713759;0.1;False;ok;0;1;3.371;
2583;-5.068057005;39.11713759;0.1;False;ok;12;1;2.689;
2584;-4.968057005;39.11713759;0.1;False;ok;1;1;4.403;
2585;-4.368057005;39.11713759;0.1;False;ok;4;1;5.012;
2586;-4.168057005;39.11713759;0.1;False;ok;0;1;3.616;
2587;-4.068057005;39.11713759;0.1;False;ok;3;1;2.748;
2588;-3.968057005;39.11713759;0.1;False;ok;2;1;4.956;
2589;-3.868057005;39.11713759;0.1;False;ok;0;1;5.806;
2590;-3.768057005;39.11713759;0.1;False;ok;0;1;5.473;
2591;-3.568057005;39.11713759;0.1;False;ok;0;1;5.418;
2592;-3.368057005;39.11713759;0.1;False;ok;1;1;4.624;
2593;-3.168057005;39.11713759;0.1;False;ok;20;1;2.964;
2594;-3.068057005;39.11713759;0.1;False;ok;31;1;4.720;
2595;-7.268057005;39.21713759;0.1;False;ok;9;1;4.801;
2596;-7.068057005;39.21713759;0.1;False;ok;7;1;2.880;
2597;-6.968057005;39.21713759;0.1;False;ok;0;1;5.267;
2598;-6.368057005;39.21713759;0.1;False;ok;2;1;2.777;
2599;-6.268057005;39.21713759;0.1;False;ok;1;1;4.755;
2600;-6.168057005;39.21713759;0.1;False;ok;25;1;2.826;
2601;-5.868057005;39.21713759;0.1;False;ok;2;1;2.757;
2602;-5.768057005;39.21713759;0.1;False;ok;1;1;5.051;
2603;-5.268057005;39.21713759;0.1;False;ok;2;1;4.704;
2604;-5.168057005;39.21713759;0.1;False;ok;2;1;2.786;
2605;-4.568057005;39.21713759;0.1;False;ok;2;1;4.789;
2606;-4.368057005;39.21713759;0.1;False;ok;5;1;4.695;
2607;-4.068057005;39.21713759;0.1;False;ok;1;1;2.802;
2608;-3.968057005;39.21713759;0.1;False;ok;1;1;2.717;
2609;-3.868057005;39.21713759;0.1;False;ok;2;1;4.815;
2610;-3.668057005;39.21713759;0.1;False;ok;4;1;2.762;
2611;-3.468057005;39.21713759;0.1;False;ok;4;1;4.792;
2612;-3.368057005;39.21713759;0.1;False;ok;0;1;3.493;
2613;-3.168057005;39.21713759;0.1;False;ok;2;1;2.803;
2614;-2.868057005;39.21713759;0.1;False;ok;5;1;5.157;
2615;-2.668057005;39.21713759;0.1;False;ok;7;1;5.019;
2616;-2.568057005;39.21713759;0.1;False;ok;3;1;4.983;
2617;-2.468057005;39.21713759;0.1;False;ok;3;1;4.810;
2618;-2.368057005;39.21713759;0.1;False;ok;2;1;2.658;
2619;-7.368057005;39.31713759;0.1;True;ok;9;1;5.151;
2620;-7.268057005;39.31713759;0.1;False;ok;9;1;4.857;
2621;-7.168057005;39.31713759;0.1;False;ok;6;1;4.979;
2622;-6.368057005;39.31713759;0.1;False;ok;3;1;2.720;
2623;-6.268057005;39.31713759;0.1;False;ok;8;1;4.987;
2624;-6.168057005;39.31713759;0.1;False;ok;1;1;2.731;
2625;-6.068057005;39.31713759;0.1;False;ok;5;1;2.784;
2626;-5.868057005;39.31713759;0.1;False;ok;9;1;5.003;
2627;-5.768057005;39.31713759;0.1;False;ok;1;1;4.978;
2628;-5.568057005;39.31713759;0.1;False;ok;3;1;2.779;
2629;-5.468057005;39.31713759;0.1;False;ok;10;1;5.033;
2630;-5.368057005;39.31713759;0.1;False;ok;2;1;4.698;
2631;-5.068057005;39.31713759;0.1;False;ok;1;1;2.729;
2632;-3.968057005;39.31713759;0.1;False;ok;0;1;3.464;
2633;-3.768057005;39.31713759;0.1;False;ok;5;1;4.902;
2634;-3.568057005;39.31713759;0.1;False;ok;7;1;4.868;
2635;-3.368057005;39.31713759;0.1;False;ok;19;1;2.911;
2636;-3.268057005;39.31713759;0.1;False;ok;14;1;2.927;
2637;-3.168057005;39.31713759;0.1;False;ok;14;1;2.833;
2638;-3.068057005;39.31713759;0.1;False;ok;1;1;5.015;
2639;-2.968057005;39.31713759;0.1;False;ok;2;1;4.898;
2640;-2.768057005;39.31713759;0.1;False;ok;2;1;5.148;
2641;-2.668057005;39.31713759;0.1;False;ok;2;1;5.071;
2642;-2.568057005;39.31713759;0.1;False;ok;1;1;2.849;
2643;-2.468057005;39.31713759;0.1;False;ok;9;1;4.979;
2644;-2.368057005;39.31713759;0.1;False;ok;7;1;4.892;
2645;-6.768057005;39.41713759;0.1;False;ok;2;1;3.104;
2646;-6.668057005;39.41713759;0.1;False;ok;4;1;4.914;
2647;-6.568057005;39.41713759;0.1;False;ok;10;1;5.183;
2648;-6.468057005;39.41713759;0.05;False;ok;1;1;2.803;
2649;-6.418057005;39.41713759;0.05;False;ok;4;1;2.730;
2650;-6.418057005;39.46713759;0.025;False;ok;2;1;5.392;
2651;-6.393057005;39.46713759;0.0125;False;ok;7;1;2.802;
2652;-6.380557005;39.46713759;0.00625;False;ok;13;1;5.192;
2653;-6.374307005;39.46713759;0.00625;False;ok;50;1;5.439;
2654;-6.380557005;39.47338759;0.00625;False;ok;18;1;2.869;
2655;-6.374307005;39.47338759;0.00625;False;ok;75;1;5.434;
2656;-6.380557005;39.47963759;0.0125;False;ok;2;1;2.723;
2657;-6.368057005;39.41713759;0.1;False;ok;12;1;5.155;
2658;-6.168057005;39.41713759;0.1;False;ok;3;1;4.995;
2659;-6.068057005;39.41713759;0.1;False;ok;1;1;2.713;
2660;-5.968057005;39.41713759;0.1;False;ok;63;1;3.057;
2661;-5.868057005;39.41713759;0.1;False;ok;1;1;2.825;
2662;-5.768057005;39.41713759;0.1;False;ok;1;1;4.707;
2663;-5.468057005;39.41713759;0.1;False;ok;2;1;4.715;
2664;-5.368057005;39.41713759;0.1;False;ok;22;1;2.868;
2665;-5.268057005;39.41713759;0.1;False;ok;4;1;4.739;
2666;-4.568057005;39.41713759;0.1;False;ok;7;1;4.635;
2667;-4.468057005;39.41713759;0.1;False;ok;5;1;2.800;
2668;-3.968057005;39.41713759;0.1;False;ok;1;1;4.599;
2669;-3.768057005;39.41713759;0.1;False;ok;1;1;4.483;
2670;-3.668057005;39.41713759;0.1;False;ok;26;1;2.885;
2671;-3.568057005;39.41713759;0.1;False;ok;9;1;4.230;
2672;-3.468057005;39.41713759;0.1;False;ok;5;1;2.703;
2673;-3.368057005;39.41713759;0.1;False;ok;4;1;3.895;
2674;-3.068057005;39.41713759;0.1;False;ok;7;1;2.363;
2675;-2.968057005;39.41713759;0.1;False;ok;18;1;3.942;
2676;-2.768057005;39.41713759;0.1;False;ok;2;1;2.323;
2677;-2.368057005;39.41713759;0.1;False;ok;2;1;3.994;
2678;-7.268057005;39.51713759;0.1;False;ok;0;1;4.446;
2679;-7.068057005;39.51713759;0.1;False;ok;2;1;2.208;
2680;-6.768057005;39.51713759;0.1;False;ok;2;1;3.853;
2681;-6.568057005;39.51713759;0.1;False;ok;1;1;2.130;
2682;-6.468057005;39.51713759;0.1;False;ok;7;1;2.123;
2683;-5.968057005;39.51713759;0.1;False;ok;4;1;3.658;
2684;-5.568057005;39.51713759;0.1;False;ok;4;1;3.641;
2685;-5.368057005;39.51713759;0.1;False;ok;1;1;2.033;
2686;-5.168057005;39.51713759;0.1;False;ok;2;1;3.810;
2687;-4.768057005;39.51713759;0.1;False;ok;1;1;3.884;
2688;-4.568057005;39.51713759;0.1;False;ok;3;1;4.079;
2689;-4.368057005;39.51713759;0.1;False;ok;11;1;2.402;
2690;-4.268057005;39.51713759;0.1;False;ok;5;1;2.387;
2691;-4.068057005;39.51713759;0.1;False;ok;0;1;4.713;
2692;-3.968057005;39.51713759;0.1;False;ok;7;1;4.152;
2693;-3.568057005;39.51713759;0.1;False;ok;1;1;4.071;
2694;-3.368057005;39.51713759;0.1;False;ok;3;1;2.397;
2695;-3.168057005;39.51713759;0.1;False;ok;4;1;2.280;
2696;-3.068057005;39.51713759;0.1;False;ok;3;1;4.081;
2697;-2.868057005;39.51713759;0.1;False;ok;1;1;4.221;
2698;-2.768057005;39.51713759;0.1;False;ok;23;1;2.557;
2699;-2.668057005;39.51713759;0.1;False;ok;1;1;2.511;
2700;-2.468057005;39.51713759;0.1;False;ok;0;1;5.058;
2701;-2.368057005;39.51713759;0.1;False;ok;1;1;4.475;
2702;-7.368057005;39.61713759;0.1;False;ok;0;1;5.245;
2703;-6.968057005;39.61713759;0.1;False;ok;3;1;2.634;
2704;-6.868057005;39.61713759;0.1;False;ok;3;1;2.649;
2705;-6.668057005;39.61713759;0.1;False;ok;1;1;4.777;
2706;-6.568057005;39.61713759;0.1;False;ok;3;1;4.947;
2707;-6.368057005;39.61713759;0.1;False;ok;4;1;4.825;
2708;-5.868057005;39.61713759;0.1;False;ok;1;1;2.596;
2709;-5.568057005;39.61713759;0.1;False;ok;1;1;2.537;
2710;-5.468057005;39.61713759;0.1;False;ok;2;1;2.604;
2711;-5.268057005;39.61713759;0.1;False;ok;4;1;4.681;
2712;-5.168057005;39.61713759;0.1;False;ok;1;1;4.693;
2713;-4.868057005;39.61713759;0.1;False;ok;0;1;3.400;
2714;-4.668057005;39.61713759;0.1;False;ok;14;1;4.782;
2715;-4.568057005;39.61713759;0.1;False;ok;9;1;4.961;
2716;-4.368057005;39.61713759;0.1;False;ok;14;1;5.067;
2717;-4.268057005;39.61713759;0.1;False;ok;12;1;5.012;
2718;-4.168057005;39.61713759;0.1;False;ok;7;1;4.993;
2719;-4.068057005;39.61713759;0.1;False;ok;11;1;4.754;
2720;-3.968057005;39.61713759;0.1;False;ok;13;1;2.957;
2721;-3.868057005;39.61713759;0.1;False;ok;6;1;2.896;
2722;-3.768057005;39.61713759;0.1;False;ok;1;1;2.804;
2723;-3.568057005;39.61713759;0.1;False;ok;3;1;2.846;
2724;-3.368057005;39.61713759;0.1;False;ok;4;1;2.842;
2725;-3.268057005;39.61713759;0.1;False;ok;1;1;5.003;
2726;-2.768057005;39.61713759;0.1;False;ok;2;1;5.088;
2727;-2.468057005;39.61713759;0.1;False;ok;2;1;5.230;
2728;-2.368057005;39.61713759;0.1;False;ok;1;1;5.277;
2729;-6.968057005;39.71713759;0.1;False;ok;3;1;2.865;
2730;-6.868057005;39.71713759;0.1;False;ok;1;1;5.181;
2731;-6.668057005;39.71713759;0.1;False;ok;1;1;5.093;
2732;-6.468057005;39.71713759;0.1;False;ok;3;1;2.825;
2733;-6.068057005;39.71713759;0.1;False;ok;24;1;2.908;
2734;-5.368057005;39.71713759;0.1;False;ok;1;1;2.827;
2735;-5.268057005;39.71713759;0.1;False;ok;3;1;2.845;
2736;-4.168057005;39.71713759;0.1;False;ok;26;1;5.495;
2737;-4.068057005;39.71713759;0.1;False;ok;42;1;5.659;
2738;-3.968057005;39.71713759;0.1;False;ok;4;1;5.228;
2739;-3.868057005;39.71713759;0.1;False;ok;7;1;2.908;
2740;-3.568057005;39.71713759;0.1;False;ok;10;1;5.280;
2741;-3.368057005;39.71713759;0.1;False;ok;4;1;5.178;
2742;-3.268057005;39.71713759;0.1;False;ok;1;1;5.125;
2743;-3.168057005;39.71713759;0.1;False;ok;1;1;5.106;
2744;-2.868057005;39.71713759;0.1;False;ok;0;1;5.848;
2745;-2.568057005;39.71713759;0.1;False;ok;1;1;2.915;
2746;-2.468057005;39.71713759;0.1;False;ok;1;1;2.937;
2747;-6.868057005;39.81713759;0.1;False;ok;3;1;2.963;
2748;-6.768057005;39.81713759;0.1;False;ok;0;1;3.715;
2749;-6.468057005;39.81713759;0.1;False;ok;6;1;3.070;
2750;-6.368057005;39.81713759;0.1;False;ok;2;1;4.872;
2751;-6.168057005;39.81713759;0.1;False;ok;4;1;4.991;
2752;-6.068057005;39.81713759;0.1;False;ok;3;1;2.825;
2753;-5.968057005;39.81713759;0.1;False;ok;1;1;4.527;
2754;-5.868057005;39.81713759;0.1;False;ok;1;1;4.789;
2755;-5.768057005;39.81713759;0.1;False;ok;2;1;4.945;
2756;-5.668057005;39.81713759;0.1;False;ok;3;1;4.797;
2757;-5.468057005;39.81713759;0.1;False;ok;1;1;2.811;
2758;-5.268057005;39.81713759;0.1;False;ok;6;1;2.897;
2759;-5.168057005;39.81713759;0.1;False;ok;1;1;4.832;
2760;-5.068057005;39.81713759;0.1;False;ok;1;1;2.833;
2761;-4.968057005;39.81713759;0.1;False;ok;3;1;2.832;
2762;-4.768057005;39.81713759;0.1;False;ok;6;1;5.095;
2763;-4.568057005;39.81713759;0.1;False;ok;1;1;5.076;
2764;-4.368057005;39.81713759;0.1;False;ok;11;1;5.297;
2765;-4.268057005;39.81713759;0.1;False;ok;6;1;5.285;
2766;-4.043057005;39.81713759;0.025;False;ok;2;1;2.761;
2767;-4.068057005;39.84213759;0.025;False;ok;3;1;2.734;
2768;-4.043057005;39.84213759;0.0125;False;ok;11;1;5.063;
2769;-4.030557005;39.84213759;0.0125;False;ok;46;1;5.341;
2770;-4.043057005;39.85463759;0.0125;False;ok;31;1;5.047;
2771;-4.030557005;39.85463759;0.00625;False;ok;75;1;2.880;
2772;-4.024307005;39.85463759;0.003125;False;ok;74;1;5.111;
2773;-4.021182005;39.85463759;0.003125;False;ok;22;1;2.977;
2774;-4.024307005;39.85776259;0.003125;False;ok;75;1;3.058;
2775;-4.021182005;39.85776259;0.003125;False;ok;23;1;5.136;
2776;-4.030557005;39.86088759;0.00625;False;ok;22;1;2.963;
2777;-4.024307005;39.86088759;0.00625;False;ok;41;1;5.380;
2778;-4.018057005;39.81713759;0.05;False;ok;13;1;5.399;
2779;-4.068057005;39.86713759;0.05;False;ok;29;1;3.018;
2780;-4.018057005;39.86713759;0.05;False;ok;5;1;5.357;
2781;-3.968057005;39.81713759;0.1;False;ok;14;1;2.993;
2782;-3.668057005;39.81713759;0.1;False;ok;2;1;5.257;
2783;-3.568057005;39.81713759;0.1;False;ok;3;1;4.639;
2784;-3.168057005;39.81713759;0.1;False;ok;0;1;3.577;
2785;-3.068057005;39.81713759;0.1;False;ok;3;1;4.796;
2786;-2.668057005;39.81713759;0.1;False;ok;1;1;4.532;
2787;-2.568057005;39.81713759;0.1;False;ok;1;1;2.962;
2788;-6.668057005;39.91713759;0.1;False;ok;0;1;3.707;
2789;-6.568057005;39.91713759;0.1;False;ok;8;1;5.190;
2790;-6.368057005;39.91713759;0.1;False;ok;7;1;2.931;
2791;-6.168057005;39.91713759;0.1;False;ok;7;1;5.104;
2792;-6.068057005;39.91713759;0.1;False;ok;11;1;5.151;
2793;-5.968057005;39.91713759;0.1;False;ok;2;1;5.122;
2794;-5.768057005;39.91713759;0.1;False;ok;3;1;2.843;
2795;-5.668057005;39.91713759;0.1;False;ok;11;1;2.926;
2796;-5.468057005;39.91713759;0.1;False;ok;1;1;5.066;
2797;-5.268057005;39.91713759;0.1;False;ok;10;1;4.892;
2798;-5.168057005;39.91713759;0.1;False;ok;2;1;4.609;
2799;-4.968057005;39.91713759;0.1;False;ok;8;1;4.935;
2800;-4.868057005;39.91713759;0.1;False;ok;43;1;2.997;
2801;-4.768057005;39.91713759;0.1;False;ok;12;1;2.934;
2802;-4.668057005;39.91713759;0.1;False;ok;0;1;3.535;
2803;-4.568057005;39.91713759;0.1;False;ok;1;1;5.265;
2804;-4.468057005;39.91713759;0.1;False;ok;3;1;5.263;
2805;-4.368057005;39.91713759;0.1;False;ok;7;1;5.187;
2806;-4.168057005;39.91713759;0.1;False;ok;4;1;5.124;
2807;-4.068057005;39.91713759;0.1;False;ok;7;1;2.827;
2808;-3.968057005;39.91713759;0.1;False;ok;11;1;2.842;
2809;-3.768057005;39.91713759;0.1;False;ok;1;1;2.802;
2810;-3.668057005;39.91713759;0.1;False;ok;0;1;5.831;
2811;-3.568057005;39.91713759;0.1;False;ok;7;1;5.085;
2812;-3.468057005;39.91713759;0.1;False;ok;3;1;4.579;
2813;-3.368057005;39.91713759;0.1;False;ok;1;1;4.700;
2814;-3.268057005;39.91713759;0.1;False;ok;5;1;4.604;
2815;-3.068057005;39.91713759;0.1;False;ok;5;1;4.398;
2816;-2.968057005;39.91713759;0.1;False;ok;2;1;2.860;
2817;-2.868057005;39.91713759;0.1;False;ok;5;1;2.832;
2818;-2.368057005;39.91713759;0.1;False;ok;0;1;5.039;
2819;-6.868057005;40.01713759;0.1;False;ok;0;1;3.554;
2820;-6.668057005;40.01713759;0.1;False;ok;10;1;4.532;
2821;-6.268057005;40.01713759;0.1;False;ok;5;1;2.872;
2822;-6.168057005;40.01713759;0.1;False;ok;71;1;3.042;
2823;-5.968057005;40.01713759;0.1;False;ok;13;1;2.890;
2824;-5.868057005;40.01713759;0.1;False;ok;19;1;4.404;
2825;-5.768057005;40.01713759;0.1;False;ok;49;1;4.196;
2826;-5.668057005;40.01713759;0.1;False;ok;4;1;4.152;
2827;-5.568057005;40.01713759;0.1;False;ok;2;1;3.950;
2828;-5.468057005;40.01713759;0.1;False;ok;2;1;4.045;
2829;-5.268057005;40.01713759;0.1;False;ok;2;1;2.406;
2830;-5.168057005;40.01713759;0.1;False;ok;7;1;2.379;
2831;-5.068057005;40.01713759;0.1;False;ok;3;1;4.122;
2832;-4.968057005;40.01713759;0.1;False;ok;3;1;4.712;
2833;-4.868057005;40.01713759;0.1;False;ok;13;1;2.586;
2834;-4.768057005;40.01713759;0.1;False;ok;12;1;2.603;
2835;-4.668057005;40.01713759;0.1;False;ok;8;1;2.610;
2836;-4.568057005;40.01713759;0.1;False;ok;4;1;4.935;
2837;-4.468057005;40.01713759;0.1;False;ok;5;1;4.807;
2838;-4.368057005;40.01713759;0.1;False;ok;4;1;4.853;
2839;-4.268057005;40.01713759;0.1;False;ok;16;1;2.600;
2840;-4.068057005;40.01713759;0.1;False;ok;2;1;4.894;
2841;-3.968057005;40.01713759;0.1;False;ok;9;1;4.806;
2842;-3.868057005;40.01713759;0.1;False;ok;2;1;4.797;
2843;-3.768057005;40.01713759;0.1;False;ok;3;1;2.851;
2844;-3.668057005;40.01713759;0.1;False;ok;23;1;2.887;
2845;-3.468057005;40.01713759;0.1;False;ok;11;1;4.560;
2846;-2.968057005;40.01713759;0.1;False;ok;2;1;4.596;
2847;-2.768057005;40.01713759;0.1;False;ok;4;1;4.630;
2848;-2.668057005;40.01713759;0.1;False;ok;1;1;2.701;
2849;-2.468057005;40.01713759;0.1;False;ok;1;1;2.736;
2850;-2.368057005;40.01713759;0.1;False;ok;1;1;2.647;
2851;-6.968057005;40.11713759;0.1;False;ok;4;1;4.756;
2852;-6.868057005;40.11713759;0.1;False;ok;35;1;4.879;
2853;-6.768057005;40.11713759;0.1;False;ok;20;1;5.010;
2854;-6.668057005;40.11713759;0.1;False;ok;2;1;2.629;
2855;-6.568057005;40.11713759;0.1;False;ok;3;1;4.739;
2856;-6.168057005;40.11713759;0.1;False;ok;4;1;2.585;
2857;-6.068057005;40.11713759;0.1;False;ok;12;1;2.595;
2858;-5.968057005;40.11713759;0.1;False;ok;33;1;4.713;
2859;-5.868057005;40.11713759;0.1;False;ok;60;1;5.234;
2860;-5.768057005;40.11713759;0.1;False;ok;11;1;2.810;
2861;-5.668057005;40.11713759;0.1;False;ok;60;1;5.255;
2862;-5.568057005;40.11713759;0.1;False;ok;10;1;5.298;
2863;-5.468057005;40.11713759;0.1;False;ok;30;1;5.256;
2864;-5.368057005;40.11713759;0.1;False;ok;36;1;2.987;
2865;-5.268057005;40.11713759;0.1;False;ok;73;1;5.500;
2866;-5.168057005;40.11713759;0.1;False;ok;75;1;2.991;
2867;-4.968057005;40.11713759;0.1;False;ok;13;1;2.935;
2868;-4.868057005;40.11713759;0.1;False;ok;3;1;5.087;
2869;-4.768057005;40.11713759;0.1;False;ok;7;1;5.105;
2870;-4.668057005;40.11713759;0.1;False;ok;2;1;5.120;
2871;-4.468057005;40.11713759;0.1;False;ok;8;1;2.831;
2872;-4.168057005;40.11713759;0.1;False;ok;1;1;4.909;
2873;-4.068057005;40.11713759;0.1;False;ok;3;1;2.685;
2874;-3.968057005;40.11713759;0.1;False;ok;4;1;4.993;
2875;-3.868057005;40.11713759;0.1;False;ok;7;1;4.915;
2876;-3.768057005;40.11713759;0.1;False;ok;11;1;4.956;
2877;-3.668057005;40.11713759;0.1;False;ok;30;1;2.853;
2878;-3.568057005;40.11713759;0.1;False;ok;1;1;4.805;
2879;-3.468057005;40.11713759;0.1;False;ok;37;1;2.924;
2880;-3.368057005;40.11713759;0.1;False;ok;11;1;2.883;
2881;-3.168057005;40.11713759;0.1;False;ok;11;1;2.845;
2882;-3.068057005;40.11713759;0.1;False;ok;3;1;4.819;
2883;-2.768057005;40.11713759;0.1;False;ok;1;1;2.872;
2884;-2.568057005;40.11713759;0.1;False;ok;1;1;2.903;
2885;-6.968057005;40.21713759;0.1;True;ok;3;1;5.063;
2886;-6.868057005;40.21713759;0.1;False;ok;3;1;5.124;
2887;-6.768057005;40.21713759;0.1;False;ok;1;1;5.124;
2888;-6.668057005;40.21713759;0.1;False;ok;25;1;5.163;
2889;-6.568057005;40.21713759;0.1;False;ok;4;1;4.917;
2890;-6.468057005;40.21713759;0.1;False;ok;6;1;2.858;
2891;-6.368057005;40.21713759;0.1;False;ok;9;1;2.760;
2892;-6.268057005;40.21713759;0.1;False;ok;5;1;2.793;
2893;-6.168057005;40.21713759;0.1;False;ok;0;1;5.631;
2894;-6.068057005;40.21713759;0.1;False;ok;11;1;5.191;
2895;-5.968057005;40.21713759;0.1;False;ok;17;1;2.790;
2896;-5.868057005;40.21713759;0.1;False;ok;57;1;5.285;
2897;-5.768057005;40.21713759;0.1;False;ok;21;1;5.016;
2898;-5.668057005;40.21713759;0.1;False;ok;25;1;4.875;
2899;-5.568057005;40.21713759;0.1;False;ok;16;1;2.731;
2900;-5.168057005;40.21713759;0.1;False;ok;36;1;2.859;
2901;-5.068057005;40.21713759;0.1;False;ok;38;1;5.066;
2902;-4.968057005;40.21713759;0.1;False;ok;13;1;5.018;
2903;-4.868057005;40.21713759;0.1;False;ok;24;1;5.097;
2904;-4.768057005;40.21713759;0.1;False;ok;22;1;2.874;
2905;-4.668057005;40.21713759;0.1;False;ok;49;1;2.979;
2906;-4.568057005;40.21713759;0.1;False;ok;4;1;2.791;
2907;-4.468057005;40.21713759;0.1;False;ok;14;1;5.096;
2908;-4.368057005;40.21713759;0.1;False;ok;1;1;2.782;
2909;-4.268057005;40.21713759;0.1;False;ok;10;1;2.806;
2910;-4.068057005;40.21713759;0.1;False;ok;11;1;5.145;
2911;-3.968057005;40.21713759;0.1;False;ok;11;1;2.807;
2912;-3.868057005;40.21713759;0.1;False;ok;29;1;5.285;
2913;-3.768057005;40.21713759;0.1;False;ok;38;1;5.289;
2914;-3.668057005;40.21713759;0.1;False;ok;1;1;4.975;
2915;-3.568057005;40.21713759;0.1;False;ok;3;1;4.984;
2916;-3.468057005;40.21713759;0.1;False;ok;9;1;4.970;
2917;-3.368057005;40.21713759;0.1;False;ok;3;1;2.753;
2918;-3.268057005;40.21713759;0.1;False;ok;3;1;5.082;
2919;-3.068057005;40.21713759;0.1;False;ok;4;1;2.711;
2920;-2.968057005;40.21713759;0.1;False;ok;1;1;5.101;
2921;-2.868057005;40.21713759;0.1;False;ok;8;1;5.166;
2922;-2.368057005;40.21713759;0.1;False;ok;2;1;2.717;
2923;-6.568057005;40.31713759;0.1;False;ok;12;1;2.790;
2924;-6.468057005;40.31713759;0.1;False;ok;4;1;5.163;
2925;-6.368057005;40.31713759;0.1;False;ok;9;1;4.897;
2926;-6.268057005;40.31713759;0.1;False;ok;8;1;4.930;
2927;-6.068057005;40.31713759;0.1;False;ok;1;1;4.865;
2928;-5.968057005;40.31713759;0.1;False;ok;5;1;2.840;
2929;-5.868057005;40.31713759;0.1;False;ok;44;1;3.063;
2930;-5.768057005;40.31713759;0.1;False;ok;75;1;5.327;
2931;-5.668057005;40.31713759;0.1;False;ok;18;1;2.793;
2932;-5.568057005;40.31713759;0.1;False;ok;31;1;2.957;
2933;-5.468057005;40.31713759;0.1;False;ok;6;1;2.813;
2934;-5.368057005;40.31713759;0.1;False;ok;10;1;2.750;
2935;-5.268057005;40.31713759;0.1;False;ok;34;1;5.304;
2936;-5.168057005;40.31713759;0.1;False;ok;41;1;5.316;
2937;-5.068057005;40.31713759;0.1;False;ok;14;1;5.128;
2938;-4.968057005;40.31713759;0.1;False;ok;11;1;5.042;
2939;-4.868057005;40.31713759;0.1;False;ok;19;1;2.898;
2940;-4.768057005;40.31713759;0.1;False;ok;48;1;5.170;
2941;-4.668057005;40.31713759;0.1;False;ok;10;1;2.877;
2942;-4.568057005;40.31713759;0.1;False;ok;12;1;5.234;
2943;-4.468057005;40.31713759;0.1;False;ok;58;1;5.291;
2944;-4.368057005;40.31713759;0.1;False;ok;15;1;5.226;
2945;-4.268057005;40.31713759;0.1;False;ok;7;1;5.176;
2946;-4.068057005;40.31713759;0.1;False;ok;9;1;2.900;
2947;-3.968057005;40.31713759;0.1;False;ok;10;1;2.926;
2948;-3.868057005;40.31713759;0.1;False;ok;43;1;2.997;
2949;-3.768057005;40.31713759;0.05;False;ok;12;1;2.897;
2950;-3.718057005;40.31713759;0.05;False;ok;49;1;5.505;
2951;-3.768057005;40.36713759;0.05;False;ok;74;1;5.676;
2952;-3.718057005;40.36713759;0.025;False;ok;74;1;5.483;
2953;-3.693057005;40.36713759;0.025;False;ok;40;1;5.566;
2954;-3.718057005;40.39213759;0.0125;False;ok;52;1;3.018;
2955;-3.705557005;40.39213759;0.0125;False;ok;74;1;3.011;
2956;-3.718057005;40.40463759;0.00625;False;ok;53;1;5.034;
2957;-3.711807005;40.40463759;0.00625;False;ok;74;1;2.965;
2958;-3.718057005;40.41088759;0.00625;False;ok;59;1;3.011;
2959;-3.711807005;40.41088759;0.003125;False;ok;29;1;2.922;
2960;-3.708682005;40.41088759;0.003125;False;ok;72;1;2.923;
2961;-3.711807005;40.41401259;0.003125;False;ok;69;1;5.164;
2962;-3.708682005;40.41401259;0.003125;False;ok;75;1;5.267;
2963;-3.705557005;40.40463759;0.00625;False;ok;75;1;5.298;
2964;-3.699307005;40.40463759;0.00625;False;ok;73;1;5.355;
2965;-3.705557005;40.41088759;0.003125;False;ok;74;1;5.009;
2966;-3.702432005;40.41088759;0.003125;False;ok;73;1;5.016;
2967;-3.705557005;40.41401259;0.003125;False;ok;75;1;2.803;
2968;-3.702432005;40.41401259;0.003125;False;ok;75;1;4.868;
2969;-3.699307005;40.41088759;0.003125;False;ok;63;1;5.708;
2970;-3.696182005;40.41088759;0.003125;False;ok;52;1;4.669;
2971;-3.699307005;40.41401259;0.003125;False;ok;65;1;2.772;
2972;-3.696182005;40.41401259;0.003125;False;ok;11;1;2.769;
2973;-3.693057005;40.39213759;0.025;False;ok;74;1;5.077;
2974;-3.668057005;40.31713759;0.1;False;ok;73;1;5.206;
2975;-3.568057005;40.31713759;0.1;False;ok;30;1;4.958;
2976;-3.468057005;40.31713759;0.1;False;ok;3;1;2.956;
2977;-3.368057005;40.31713759;0.1;False;ok;3;1;2.932;
2978;-3.268057005;40.31713759;0.1;False;ok;8;1;2.895;
2979;-3.168057005;40.31713759;0.1;False;ok;3;1;4.863;
2980;-2.968057005;40.31713759;0.1;False;ok;5;1;4.595;
2981;-2.868057005;40.31713759;0.1;False;ok;0;1;3.556;
2982;-2.768057005;40.31713759;0.1;False;ok;12;1;2.864;
2983;-2.468057005;40.31713759;0.1;False;ok;0;1;3.587;
2984;-2.368057005;40.31713759;0.1;False;ok;2;1;4.957;
2985;-6.868057005;40.41713759;0.1;False;ok;1;1;4.792;
2986;-6.768057005;40.41713759;0.1;False;ok;0;1;5.879;
2987;-6.368057005;40.41713759;0.1;False;ok;5;1;4.876;
2988;-6.268057005;40.41713759;0.1;False;ok;3;1;2.834;
2989;-6.168057005;40.41713759;0.1;False;ok;37;1;2.982;
2990;-6.068057005;40.41713759;0.1;False;ok;60;1;3.076;
2991;-5.968057005;40.41713759;0.1;False;ok;10;1;4.985;
2992;-5.868057005;40.41713759;0.1;False;ok;4;1;4.757;
2993;-5.768057005;40.41713759;0.1;False;ok;8;1;5.043;
2994;-5.668057005;40.41713759;0.1;False;ok;4;1;4.867;
2995;-5.568057005;40.41713759;0.1;False;ok;3;1;4.996;
2996;-5.468057005;40.41713759;0.1;False;ok;13;1;2.959;
2997;-5.368057005;40.41713759;0.1;False;ok;11;1;4.975;
2998;-5.268057005;40.41713759;0.1;False;ok;4;1;2.919;
2999;-5.168057005;40.41713759;0.1;False;ok;11;1;5.212;
3000;-5.068057005;40.41713759;0.1;False;ok;0;1;5.647;
3001;-4.968057005;40.41713759;0.1;False;ok;3;1;5.123;
3002;-4.868057005;40.41713759;0.1;False;ok;5;1;2.912;
3003;-4.768057005;40.41713759;0.1;False;ok;0;1;5.780;
3004;-4.668057005;40.41713759;0.1;False;ok;26;1;3.015;
3005;-4.568057005;40.41713759;0.1;False;ok;13;1;2.986;
3006;-4.468057005;40.41713759;0.1;False;ok;11;1;2.966;
3007;-4.368057005;40.41713759;0.1;False;ok;2;1;2.981;
3008;-4.268057005;40.41713759;0.1;False;ok;16;1;4.966;
3009;-4.168057005;40.41713759;0.1;False;ok;3;1;4.704;
3010;-4.068057005;40.41713759;0.1;False;ok;10;1;2.994;
3011;-3.968057005;40.41713759;0.1;False;ok;18;1;4.801;
3012;-3.868057005;40.41713759;0.1;False;ok;42;1;5.132;
3013;-3.768057005;40.41713759;0.05;False;ok;49;1;5.068;
3014;-3.718057005;40.41713759;0.00625;False;ok;32;1;4.892;
3015;-3.711807005;40.41713759;0.003125;False;ok;32;1;5.014;
3016;-3.708682005;40.41713759;0.003125;False;ok;73;1;3.199;
3017;-3.711807005;40.42026259;0.003125;False;ok;73;1;5.116;
3018;-3.708682005;40.42026259;0.003125;False;ok;75;1;3.180;
3019;-3.718057005;40.42338759;0.00625;False;ok;42;1;3.114;
3020;-3.711807005;40.42338759;0.00625;False;ok;74;1;3.146;
3021;-3.705557005;40.41713759;0.003125;False;ok;75;1;5.207;
3022;-3.702432005;40.41713759;0.003125;False;ok;75;1;5.113;
3023;-3.705557005;40.42026259;0.003125;False;ok;75;1;5.106;
3024;-3.702432005;40.42026259;0.003125;False;ok;75;1;5.338;
3025;-3.699307005;40.41713759;0.003125;False;ok;35;1;3.040;
3026;-3.696182005;40.41713759;0.003125;False;ok;1;1;4.973;
3027;-3.699307005;40.42026259;0.003125;False;ok;73;1;3.085;
3028;-3.696182005;40.42026259;0.003125;False;ok;9;1;4.821;
3029;-3.705557005;40.42338759;0.003125;False;ok;75;1;3.028;
3030;-3.702432005;40.42338759;0.003125;False;ok;57;1;2.985;
3031;-3.705557005;40.42651259;0.003125;False;ok;56;1;3.033;
3032;-3.702432005;40.42651259;0.003125;False;ok;14;1;2.853;
3033;-3.699307005;40.42338759;0.00625;False;ok;57;1;5.124;
3034;-3.718057005;40.42963759;0.0125;False;ok;74;1;5.093;
3035;-3.705557005;40.42963759;0.0125;False;ok;75;1;4.926;
3036;-3.693057005;40.41713759;0.0125;False;ok;74;1;5.096;
3037;-3.680557005;40.41713759;0.0125;False;ok;71;1;4.916;
3038;-3.693057005;40.42963759;0.0125;False;ok;47;1;4.941;
3039;-3.680557005;40.42963759;0.0125;False;ok;71;1;3.052;
3040;-3.718057005;40.44213759;0.0125;False;ok;46;1;4.889;
3041;-3.705557005;40.44213759;0.0125;False;ok;72;1;4.989;
3042;-3.718057005;40.45463759;0.0125;False;ok;20;1;3.005;
3043;-3.705557005;40.45463759;0.0125;False;ok;75;1;5.221;
3044;-3.693057005;40.44213759;0.025;False;ok;71;1;5.012;
3045;-3.768057005;40.46713759;0.05;False;ok;15;1;2.973;
3046;-3.718057005;40.46713759;0.05;False;ok;75;1;3.092;
3047;-3.668057005;40.41713759;0.025;False;ok;75;1;3.212;
3048;-3.643057005;40.41713759;0.025;False;ok;74;1;3.022;
3049;-3.668057005;40.44213759;0.025;False;ok;52;1;5.035;
3050;-3.643057005;40.44213759;0.025;False;ok;18;1;4.805;
3051;-3.618057005;40.41713759;0.05;False;ok;74;1;5.085;
3052;-3.668057005;40.46713759;0.05;False;ok;74;1;4.932;
3053;-3.618057005;40.46713759;0.05;False;ok;56;1;2.975;
3054;-3.568057005;40.41713759;0.1;False;ok;66;1;3.006;
3055;-3.468057005;40.41713759;0.1;False;ok;49;1;4.803;
3056;-3.368057005;40.41713759;0.1;False;ok;65;1;4.999;
3057;-3.268057005;40.41713759;0.1;False;ok;2;1;4.722;
3058;-3.068057005;40.41713759;0.1;False;ok;4;1;3.074;
3059;-2.968057005;40.41713759;0.1;False;ok;13;1;2.976;
3060;-2.868057005;40.41713759;0.1;False;ok;1;1;5.035;
3061;-2.768057005;40.41713759;0.1;False;ok;5;1;2.860;
3062;-2.468057005;40.41713759;0.1;False;ok;2;1;5.181;
3063;-2.368057005;40.41713759;0.1;False;ok;5;1;2.839;
3064;-6.868057005;40.51713759;0.1;True;ok;1;1;5.143;
3065;-6.668057005;40.51713759;0.1;False;ok;1;1;4.789;
3066;-6.568057005;40.51713759;0.1;False;ok;67;1;5.219;
3067;-6.168057005;40.51713759;0.1;False;ok;7;1;2.887;
3068;-6.068057005;40.51713759;0.1;False;ok;12;1;2.808;
3069;-5.968057005;40.51713759;0.1;False;ok;11;1;5.344;
3070;-5.868057005;40.51713759;0.1;False;ok;4;1;5.263;
3071;-5.768057005;40.51713759;0.1;False;ok;2;1;5.130;
3072;-5.668057005;40.51713759;0.1;False;ok;5;1;5.096;
3073;-5.368057005;40.51713759;0.1;False;ok;0;1;5.737;
3074;-5.268057005;40.51713759;0.1;False;ok;2;1;2.729;
3075;-5.168057005;40.51713759;0.1;False;ok;4;1;2.831;
3076;-5.068057005;40.51713759;0.1;False;ok;11;1;2.855;
3077;-4.968057005;40.51713759;0.1;False;ok;21;1;2.940;
3078;-4.868057005;40.51713759;0.1;False;ok;6;1;5.255;
3079;-4.768057005;40.51713759;0.1;False;ok;3;1;5.196;
3080;-4.668057005;40.51713759;0.1;False;ok;1;1;5.018;
3081;-4.568057005;40.51713759;0.1;False;ok;10;1;2.926;
3082;-4.468057005;40.51713759;0.1;False;ok;2;1;5.082;
3083;-4.368057005;40.51713759;0.1;False;ok;26;1;3.061;
3084;-4.268057005;40.51713759;0.1;False;ok;15;1;5.135;
3085;-4.168057005;40.51713759;0.1;False;ok;21;1;5.161;
3086;-4.068057005;40.51713759;0.1;False;ok;16;1;5.140;
3087;-3.968057005;40.51713759;0.1;False;ok;13;1;5.022;
3088;-3.768057005;40.51713759;0.1;False;ok;15;1;3.055;
3089;-3.668057005;40.51713759;0.1;False;ok;75;1;3.094;
3090;-3.568057005;40.51713759;0.1;False;ok;4;1;2.939;
3091;-3.468057005;40.51713759;0.1;False;ok;6;1;5.129;
3092;-3.368057005;40.51713759;0.1;False;ok;5;1;2.940;
3093;-3.268057005;40.51713759;0.1;False;ok;6;1;5.002;
3094;-3.068057005;40.51713759;0.1;False;ok;14;1;4.869;
3095;-2.968057005;40.51713759;0.1;False;ok;3;1;2.888;
3096;-2.768057005;40.51713759;0.1;False;ok;7;1;4.966;
3097;-6.868057005;40.61713759;0.1;True;ok;1;1;4.989;
3098;-6.468057005;40.61713759;0.1;False;ok;4;1;2.781;
3099;-5.968057005;40.61713759;0.1;False;ok;0;1;5.674;
3100;-5.168057005;40.61713759;0.1;False;ok;2;1;5.093;
3101;-5.068057005;40.61713759;0.1;False;ok;5;1;2.922;
3102;-4.868057005;40.61713759;0.1;False;ok;8;1;2.936;
3103;-4.768057005;40.61713759;0.05;False;ok;2;1;2.818;
3104;-4.693057005;40.61713759;0.025;False;ok;2;1;2.794;
3105;-4.718057005;40.64213759;0.025;False;ok;75;1;5.402;
3106;-4.693057005;40.64213759;0.025;False;ok;41;1;5.511;
3107;-4.768057005;40.66713759;0.05;False;ok;6;1;5.239;
3108;-4.718057005;40.66713759;0.05;False;ok;1;1;2.896;
3109;-4.668057005;40.61713759;0.1;False;ok;14;1;5.176;
3110;-4.568057005;40.61713759;0.1;False;ok;1;1;4.994;
3111;-4.368057005;40.61713759;0.1;False;ok;1;1;5.136;
3112;-4.268057005;40.61713759;0.1;False;ok;18;1;2.950;
3113;-4.168057005;40.61713759;0.1;False;ok;20;1;5.230;
3114;-4.068057005;40.61713759;0.1;False;ok;51;1;5.238;
3115;-3.968057005;40.61713759;0.1;False;ok;9;1;2.947;
3116;-3.868057005;40.61713759;0.1;False;ok;4;1;2.994;
3117;-3.768057005;40.61713759;0.1;False;ok;3;1;3.006;
3118;-3.668057005;40.61713759;0.1;False;ok;9;1;3.043;
3119;-3.568057005;40.61713759;0.1;False;ok;6;1;5.136;
3120;-3.468057005;40.61713759;0.1;False;ok;5;1;5.189;
3121;-3.368057005;40.61713759;0.1;False;ok;3;1;5.348;
3122;-3.268057005;40.61713759;0.1;False;ok;7;1;5.198;
3123;-3.168057005;40.61713759;0.1;False;ok;19;1;2.969;
3124;-3.068057005;40.61713759;0.1;False;ok;4;1;2.837;
3125;-2.968057005;40.61713759;0.1;False;ok;1;1;5.206;
3126;-2.768057005;40.61713759;0.1;False;ok;3;1;5.055;
3127;-2.668057005;40.61713759;0.1;False;ok;4;1;2.935;
3128;-6.768057005;40.71713759;0.1;False;ok;0;1;6.119;
3129;-6.368057005;40.71713759;0.1;False;ok;0;1;3.621;
3130;-5.968057005;40.71713759;0.1;False;ok;1;1;2.885;
3131;-5.768057005;40.71713759;0.1;False;ok;4;1;5.406;
3132;-5.668057005;40.71713759;0.1;False;ok;1;1;2.906;
3133;-5.068057005;40.71713759;0.1;False;ok;1;1;5.399;
3134;-4.968057005;40.71713759;0.1;False;ok;2;1;5.235;
3135;-4.768057005;40.71713759;0.1;False;ok;2;1;5.249;
3136;-4.668057005;40.71713759;0.1;False;ok;6;1;5.338;
3137;-4.568057005;40.71713759;0.1;False;ok;5;1;5.110;
3138;-4.468057005;40.71713759;0.1;False;ok;8;1;2.882;
3139;-4.368057005;40.71713759;0.1;False;ok;21;1;2.911;
3140;-4.268057005;40.71713759;0.1;False;ok;30;1;5.166;
3141;-4.168057005;40.71713759;0.1;False;ok;8;1;5.045;
3142;-4.068057005;40.71713759;0.1;False;ok;45;1;5.094;
3143;-3.968057005;40.71713759;0.1;False;ok;17;1;2.839;
3144;-3.868057005;40.71713759;0.1;False;ok;20;1;5.082;
3145;-3.768057005;40.71713759;0.1;False;ok;12;1;2.956;
3146;-3.668057005;40.71713759;0.1;False;ok;16;1;5.460;
3147;-3.568057005;40.71713759;0.1;False;ok;2;1;2.910;
3148;-3.468057005;40.71713759;0.1;False;ok;7;1;2.836;
3149;-3.168057005;40.71713759;0.1;False;ok;4;1;5.040;
3150;-3.068057005;40.71713759;0.1;False;ok;5;1;2.895;
3151;-2.968057005;40.71713759;0.1;False;ok;5;1;4.989;
3152;-2.868057005;40.71713759;0.1;False;ok;7;1;2.906;
3153;-2.768057005;40.71713759;0.1;False;ok;2;1;4.640;
3154;-2.668057005;40.71713759;0.1;False;ok;4;1;4.731;
3155;-2.468057005;40.71713759;0.1;False;ok;1;1;3.019;
3156;-2.368057005;40.71713759;0.1;False;ok;3;1;2.868;
3157;-6.868057005;40.81713759;0.1;True;ok;1;1;4.563;
3158;-6.768057005;40.81713759;0.1;False;ok;4;1;2.887;
3159;-6.668057005;40.81713759;0.1;False;ok;1;1;4.664;
3160;-6.068057005;40.81713759;0.1;False;ok;1;1;4.593;
3161;-5.768057005;40.81713759;0.1;False;ok;0;1;5.224;
3162;-5.668057005;40.81713759;0.1;False;ok;4;1;4.429;
3163;-5.568057005;40.81713759;0.1;False;ok;10;1;2.847;
3164;-5.268057005;40.81713759;0.1;False;ok;5;1;4.270;
3165;-4.868057005;40.81713759;0.1;False;ok;1;1;2.707;
3166;-4.768057005;40.81713759;0.1;False;ok;8;1;2.699;
3167;-4.668057005;40.81713759;0.1;False;ok;13;1;4.266;
3168;-4.568057005;40.81713759;0.1;False;ok;7;1;4.179;
3169;-4.368057005;40.81713759;0.1;False;ok;1;1;3.879;
3170;-4.268057005;40.81713759;0.1;False;ok;27;1;3.950;
3171;-4.168057005;40.81713759;0.1;False;ok;13;1;2.401;
3172;-4.068057005;40.81713759;0.1;False;ok;27;1;2.394;
3173;-3.968057005;40.81713759;0.1;False;ok;30;1;2.398;
3174;-3.768057005;40.81713759;0.1;False;ok;12;1;4.369;
3175;-3.668057005;40.81713759;0.1;False;ok;17;1;2.353;
3176;-3.568057005;40.81713759;0.1;False;ok;20;1;4.217;
3177;-3.468057005;40.81713759;0.1;False;ok;5;1;2.483;
3178;-3.368057005;40.81713759;0.1;False;ok;1;1;2.641;
3179;-3.168057005;40.81713759;0.1;False;ok;6;1;4.573;
3180;-3.068057005;40.81713759;0.1;False;ok;9;1;4.839;
3181;-2.968057005;40.81713759;0.1;False;ok;0;1;5.455;
3182;-2.768057005;40.81713759;0.1;False;ok;2;1;5.022;
3183;-2.568057005;40.81713759;0.1;False;ok;2;1;4.835;
3184;-6.868057005;40.91713759;0.1;False;ok;7;1;5.080;
3185;-6.768057005;40.91713759;0.1;False;ok;10;1;2.796;
3186;-6.468057005;40.91713759;0.1;False;ok;2;1;5.088;
3187;-6.368057005;40.91713759;0.1;False;ok;2;1;2.737;
3188;-5.868057005;40.91713759;0.1;False;ok;2;1;2.772;
3189;-5.768057005;40.91713759;0.1;False;ok;71;1;5.317;
3190;-5.643057005;40.91713759;0.025;False;ok;1;1;2.796;
3191;-5.655557005;40.94213759;0.0125;False;ok;2;1;4.985;
3192;-5.668057005;40.95463759;0.00625;False;ok;26;1;5.003;
3193;-5.661807005;40.95463759;0.00625;False;ok;8;1;4.942;
3194;-5.668057005;40.96088759;0.00625;False;ok;75;1;3.139;
3195;-5.661807005;40.96088759;0.00625;False;ok;36;1;4.807;
3196;-5.655557005;40.95463759;0.0125;False;ok;6;1;2.846;
3197;-5.643057005;40.94213759;0.025;False;ok;9;1;4.428;
3198;-5.618057005;40.91713759;0.05;False;ok;6;1;4.346;
3199;-5.668057005;40.96713759;0.05;False;ok;72;1;3.059;
3200;-5.618057005;40.96713759;0.05;False;ok;1;1;2.868;
3201;-5.568057005;40.91713759;0.1;False;ok;7;1;2.761;
3202;-5.468057005;40.91713759;0.1;False;ok;9;1;2.685;
3203;-4.968057005;40.91713759;0.1;False;ok;5;1;4.029;
3204;-4.868057005;40.91713759;0.1;False;ok;1;1;3.877;
3205;-4.668057005;40.91713759;0.1;False;ok;3;1;2.312;
3206;-4.568057005;40.91713759;0.1;False;ok;0;1;4.505;
3207;-4.368057005;40.91713759;0.1;False;ok;4;1;2.369;
3208;-4.268057005;40.91713759;0.1;False;ok;8;1;3.642;
3209;-4.168057005;40.91713759;0.1;False;ok;74;1;3.796;
3210;-4.068057005;40.91713759;0.1;False;ok;31;1;3.622;
3211;-3.868057005;40.91713759;0.1;False;ok;18;1;3.543;
3212;-3.768057005;40.91713759;0.1;False;ok;13;1;3.883;
3213;-3.668057005;40.91713759;0.1;False;ok;16;1;2.207;
3214;-3.568057005;40.91713759;0.1;False;ok;15;1;2.140;
3215;-3.468057005;40.91713759;0.1;False;ok;1;1;3.753;
3216;-3.268057005;40.91713759;0.1;False;ok;3;1;3.765;
3217;-3.168057005;40.91713759;0.1;False;ok;8;1;3.722;
3218;-2.968057005;40.91713759;0.1;False;ok;4;1;2.158;
3219;-2.868057005;40.91713759;0.1;False;ok;2;1;2.111;
3220;-2.768057005;40.91713759;0.1;False;ok;5;1;3.773;
3221;-2.668057005;40.91713759;0.1;False;ok;5;1;2.262;
3222;-2.468057005;40.91713759;0.1;False;ok;1;1;2.283;
3223;-6.868057005;41.01713759;0.1;True;ok;1;1;4.023;
3224;-6.768057005;41.01713759;0.1;False;ok;5;1;4.085;
3225;-6.468057005;41.01713759;0.1;False;ok;0;1;4.846;
3226;-6.068057005;41.01713759;0.1;False;ok;7;1;2.673;
3227;-5.968057005;41.01713759;0.1;False;ok;4;1;2.702;
3228;-5.868057005;41.01713759;0.1;False;ok;10;1;4.639;
3229;-5.768057005;41.01713759;0.1;False;ok;3;1;2.756;
3230;-5.668057005;41.01713759;0.1;False;ok;4;1;2.729;
3231;-5.568057005;41.01713759;0.1;False;ok;1;1;4.458;
3232;-5.168057005;41.01713759;0.1;False;ok;1;1;4.652;
3233;-5.068057005;41.01713759;0.1;False;ok;1;1;4.486;
3234;-4.768057005;41.01713759;0.1;False;ok;29;1;4.611;
3235;-4.668057005;41.01713759;0.1;False;ok;1;1;4.539;
3236;-4.568057005;41.01713759;0.1;False;ok;2;1;2.598;
3237;-4.468057005;41.01713759;0.1;False;ok;8;1;2.634;
3238;-4.368057005;41.01713759;0.1;False;ok;4;1;4.465;
3239;-4.268057005;41.01713759;0.1;False;ok;1;1;4.437;
3240;-4.168057005;41.01713759;0.1;False;ok;12;1;4.457;
3241;-4.068057005;41.01713759;0.1;False;ok;24;1;4.444;
3242;-3.968057005;41.01713759;0.1;False;ok;26;1;4.152;
3243;-3.868057005;41.01713759;0.1;False;ok;17;1;2.649;
3244;-3.768057005;41.01713759;0.1;False;ok;8;1;2.587;
3245;-3.668057005;41.01713759;0.1;False;ok;12;1;2.596;
3246;-3.568057005;41.01713759;0.1;False;ok;14;1;3.312;
3247;-3.468057005;41.01713759;0.1;False;ok;5;1;2.690;
3248;-3.368057005;41.01713759;0.1;False;ok;13;1;3.205;
3249;-3.268057005;41.01713759;0.1;False;ok;2;1;2.461;
3250;-3.168057005;41.01713759;0.1;False;ok;1;1;2.259;
3251;-3.068057005;41.01713759;0.1;False;ok;1;1;1.778;
3252;-2.968057005;41.01713759;0.1;False;ok;2;1;1.693;
3253;-2.768057005;41.01713759;0.1;False;ok;5;1;1.698;
3254;-2.668057005;41.01713759;0.1;False;ok;54;1;1.627;
3255;-2.568057005;41.01713759;0.1;False;ok;2;1;1.282;
3256;-2.468057005;41.01713759;0.1;False;ok;1;1;1.300;
3257;-6.668057005;41.11713759;0.1;False;ok;14;1;1.288;
3258;-6.568057005;41.11713759;0.1;False;ok;1;1;1.201;
3259;-6.268057005;41.11713759;0.1;False;ok;1;1;1.120;
3260;-5.768057005;41.11713759;0.1;False;ok;1;1;1.052;
3261;-4.868057005;41.11713759;0.1;False;ok;0;1;1.651;
3262;-4.668057005;41.11713759;0.1;False;ok;1;1;0.935;
3263;-4.568057005;41.11713759;0.1;False;ok;10;1;0.925;
3264;-4.468057005;41.11713759;0.1;False;ok;3;1;0.827;
3265;-4.368057005;41.11713759;0.1;False;ok;2;1;0.840;
3266;-4.268057005;41.11713759;0.1;False;ok;4;1;0.957;
3267;-4.168057005;41.11713759;0.1;False;ok;1;1;0.922;
3268;-4.068057005;41.11713759;0.1;False;ok;8;1;1.021;
3269;-3.968057005;41.11713759;0.1;False;ok;15;1;1.202;
3270;-3.868057005;41.11713759;0.1;False;ok;35;1;1.262;
3271;-3.768057005;41.11713759;0.1;False;ok;28;1;1.801;
3272;-3.668057005;41.11713759;0.1;False;ok;12;1;2.094;
3273;-3.568057005;41.11713759;0.1;False;ok;10;1;2.458;
3274;-3.268057005;41.11713759;0.1;False;ok;4;1;2.948;
3275;-3.168057005;41.11713759;0.1;False;ok;3;1;1.733;
3276;-3.068057005;41.11713759;0.1;False;ok;3;1;1.670;
3277;-2.968057005;41.11713759;0.1;False;ok;5;1;3.128;
3278;-2.768057005;41.11713759;0.1;False;ok;2;1;1.749;
3279;-2.668057005;41.11713759;0.1;False;ok;5;1;3.370;
3280;-2.568057005;41.11713759;0.1;False;ok;1;1;4.441;
3281;-2.468057005;41.11713759;0.1;False;ok;10;1;4.746;
3282;-2.368057005;41.11713759;0.1;False;ok;1;1;4.660;
3283;-6.668057005;41.21713759;0.1;False;ok;20;1;4.987;
3284;-6.568057005;41.21713759;0.1;True;ok;4;1;4.998;
3285;-6.468057005;41.21713759;0.1;False;ok;11;1;2.548;
3286;-6.268057005;41.21713759;0.1;False;ok;1;1;2.482;
3287;-6.168057005;41.21713759;0.1;False;ok;2;1;4.757;
3288;-5.968057005;41.21713759;0.1;False;ok;1;1;2.605;
3289;-5.868057005;41.21713759;0.1;False;ok;0;1;5.442;
3290;-5.768057005;41.21713759;0.1;False;ok;0;1;5.454;
3291;-5.668057005;41.21713759;0.1;False;ok;0;1;5.347;
3292;-5.568057005;41.21713759;0.1;False;ok;0;1;3.535;
3293;-5.368057005;41.21713759;0.1;False;ok;1;1;2.898;
3294;-5.268057005;41.21713759;0.1;False;ok;4;1;2.940;
3295;-4.968057005;41.21713759;0.1;False;ok;12;1;4.585;
3296;-4.868057005;41.21713759;0.1;False;ok;2;1;4.461;
3297;-4.768057005;41.21713759;0.1;False;ok;14;1;4.492;
3298;-4.568057005;41.21713759;0.1;False;ok;7;1;2.812;
3299;-4.468057005;41.21713759;0.1;False;ok;0;1;3.530;
3300;-4.368057005;41.21713759;0.1;False;ok;7;1;4.420;
3301;-4.268057005;41.21713759;0.1;False;ok;3;1;4.484;
3302;-4.168057005;41.21713759;0.1;False;ok;3;1;2.719;
3303;-3.968057005;41.21713759;0.1;False;ok;15;1;2.711;
3304;-3.868057005;41.21713759;0.1;False;ok;10;1;4.389;
3305;-3.768057005;41.21713759;0.1;False;ok;13;1;2.715;
3306;-3.668057005;41.21713759;0.1;False;ok;9;1;4.528;
3307;-3.568057005;41.21713759;0.1;False;ok;24;1;4.533;
3308;-3.368057005;41.21713759;0.1;False;ok;2;1;2.702;
3309;-3.268057005;41.21713759;0.1;False;ok;6;1;4.585;
3310;-3.168057005;41.21713759;0.1;False;ok;3;1;4.324;
3311;-3.068057005;41.21713759;0.1;False;ok;2;1;4.473;
3312;-2.668057005;41.21713759;0.1;False;ok;0;1;3.626;
3313;-2.468057005;41.21713759;0.1;False;ok;2;1;2.898;
3314;-2.368057005;41.21713759;0.1;False;ok;1;1;5.216;
3315;-6.468057005;41.31713759;0.1;True;ok;22;1;5.208;
3316;-6.368057005;41.31713759;0.1;True;ok;5;1;5.254;
3317;-6.268057005;41.31713759;0.1;True;ok;3;1;2.866;
3318;-6.168057005;41.31713759;0.1;False;ok;2;1;5.102;
3319;-6.068057005;41.31713759;0.1;False;ok;0;1;5.733;
3320;-5.968057005;41.31713759;0.1;False;ok;7;1;2.863;
3321;-5.868057005;41.31713759;0.1;False;ok;2;1;5.012;
3322;-5.768057005;41.31713759;0.1;False;ok;2;1;2.896;
3323;-5.268057005;41.31713759;0.1;False;ok;8;1;5.104;
3324;-5.168057005;41.31713759;0.1;False;ok;5;1;2.896;
3325;-4.968057005;41.31713759;0.1;False;ok;10;1;4.985;
3326;-4.868057005;41.31713759;0.1;False;ok;8;1;4.982;
3327;-4.768057005;41.31713759;0.1;False;ok;2;1;2.875;
3328;-4.568057005;41.31713759;0.1;False;ok;4;1;2.948;
3329;-4.468057005;41.31713759;0.1;False;ok;6;1;2.916;
3330;-4.368057005;41.31713759;0.1;False;ok;10;1;4.914;
3331;-4.268057005;41.31713759;0.1;False;ok;4;1;5.118;
3332;-4.168057005;41.31713759;0.1;False;ok;4;1;5.327;
3333;-3.968057005;41.31713759;0.1;False;ok;8;1;5.214;
3334;-3.868057005;41.31713759;0.1;False;ok;8;1;5.340;
3335;-3.668057005;41.31713759;0.1;False;ok;10;1;2.939;
3336;-3.568057005;41.31713759;0.1;False;ok;7;1;2.950;
3337;-3.468057005;41.31713759;0.1;False;ok;8;1;2.904;
3338;-3.368057005;41.31713759;0.1;False;ok;7;1;5.023;
3339;-3.268057005;41.31713759;0.1;False;ok;3;1;5.100;
3340;-3.068057005;41.31713759;0.1;False;ok;2;1;5.189;
3341;-6.168057005;41.41713759;0.1;False;ok;4;1;2.962;
3342;-5.968057005;41.41713759;0.1;False;ok;2;1;5.067;
3343;-5.868057005;41.41713759;0.1;False;ok;1;1;2.857;
3344;-5.768057005;41.41713759;0.1;False;ok;75;1;3.156;
3345;-5.668057005;41.41713759;0.1;False;ok;1;1;5.148;
3346;-5.568057005;41.41713759;0.1;False;ok;3;1;5.397;
3347;-5.168057005;41.41713759;0.1;False;ok;2;1;5.039;
3348;-5.068057005;41.41713759;0.1;False;ok;40;1;5.366;
3349;-4.968057005;41.41713759;0.1;False;ok;4;1;3.026;
3350;-4.768057005;41.41713759;0.1;False;ok;3;1;2.935;
3351;-4.668057005;41.41713759;0.1;False;ok;5;1;2.958;
3352;-4.468057005;41.41713759;0.1;False;ok;8;1;5.085;
3353;-4.068057005;41.41713759;0.1;False;ok;18;1;4.918;
3354;-3.868057005;41.41713759;0.1;False;ok;5;1;5.098;
3355;-3.668057005;41.41713759;0.1;False;ok;2;1;2.892;
3356;-3.568057005;41.41713759;0.1;False;ok;7;1;4.965;
3357;-3.468057005;41.41713759;0.1;False;ok;9;1;4.990;
3358;-3.068057005;41.41713759;0.1;False;ok;1;1;2.789;
3359;-2.968057005;41.41713759;0.1;False;ok;4;1;5.337;
3360;-2.868057005;41.41713759;0.1;False;ok;8;1;2.901;
3361;-2.768057005;41.41713759;0.1;False;ok;1;1;2.814;
3362;-2.568057005;41.41713759;0.1;False;ok;15;1;2.961;
3363;-6.268057005;41.51713759;0.1;True;ok;1;1;5.155;
3364;-6.168057005;41.51713759;0.1;False;ok;0;1;3.619;
3365;-6.068057005;41.51713759;0.1;False;ok;5;1;5.208;
3366;-5.768057005;41.51713759;0.1;False;ok;4;1;5.224;
3367;-5.668057005;41.51713759;0.1;False;ok;1;1;5.036;
3368;-5.468057005;41.51713759;0.1;False;ok;18;1;5.189;
3369;-5.268057005;41.51713759;0.1;False;ok;4;1;4.973;
3370;-4.968057005;41.51713759;0.1;False;ok;12;1;2.886;
3371;-4.868057005;41.51713759;0.1;False;ok;22;1;2.921;
3372;-4.768057005;41.51713759;0.1;False;ok;17;1;5.083;
3373;-4.668057005;41.51713759;0.1;False;ok;7;1;5.115;
3374;-4.568057005;41.51713759;0.1;False;ok;11;1;2.930;
3375;-4.468057005;41.51713759;0.1;False;ok;6;1;2.984;
3376;-4.168057005;41.51713759;0.1;False;ok;28;1;5.120;
3377;-3.768057005;41.51713759;0.1;False;ok;7;1;3.062;
3378;-3.668057005;41.51713759;0.1;False;ok;4;1;4.988;
3379;-3.568057005;41.51713759;0.1;False;ok;2;1;5.175;
3380;-3.468057005;41.51713759;0.1;False;ok;2;1;5.054;
3381;-3.268057005;41.51713759;0.1;False;ok;15;1;5.236;
3382;-3.168057005;41.51713759;0.1;False;ok;28;1;3.074;
3383;-3.068057005;41.51713759;0.1;False;ok;19;1;5.406;
3384;-2.968057005;41.51713759;0.1;False;ok;2;1;2.903;
3385;-2.868057005;41.51713759;0.1;False;ok;2;1;2.814;
3386;-6.268057005;41.61713759;0.1;False;ok;1;1;2.860;
3387;-6.068057005;41.61713759;0.1;False;ok;2;1;5.278;
3388;-5.868057005;41.61713759;0.1;False;ok;1;1;2.919;
3389;-5.768057005;41.61713759;0.1;False;ok;4;1;5.176;
3390;-5.368057005;41.61713759;0.1;False;ok;1;1;5.172;
3391;-5.268057005;41.61713759;0.1;False;ok;4;1;5.267;
3392;-5.068057005;41.61713759;0.1;False;ok;1;1;2.924;
3393;-4.868057005;41.61713759;0.1;False;ok;10;1;5.239;
3394;-4.768057005;41.61713759;0.1;False;ok;75;1;5.182;
3395;-4.368057005;41.61713759;0.1;False;ok;7;1;5.205;
3396;-4.268057005;41.61713759;0.1;False;ok;4;1;2.949;
3397;-4.168057005;41.61713759;0.1;False;ok;16;1;5.004;
3398;-3.968057005;41.61713759;0.1;False;ok;9;1;2.975;
3399;-3.868057005;41.61713759;0.1;False;ok;4;1;2.900;
3400;-3.768057005;41.61713759;0.1;False;ok;32;1;5.187;
3401;-3.668057005;41.61713759;0.1;False;ok;11;1;2.976;
3402;-3.568057005;41.61713759;0.1;False;ok;9;1;5.060;
3403;-3.468057005;41.61713759;0.1;False;ok;0;1;3.665;
3404;-3.068057005;41.61713759;0.1;False;ok;11;1;5.076;
3405;-2.868057005;41.61713759;0.1;False;ok;9;1;5.158;
3406;-2.668057005;41.61713759;0.1;False;ok;2;1;2.979;
3407;-2.32757849;38.31713759;0.1;False;ok;12;1;5.195;
3408;-2.32757849;38.41713759;0.1;False;ok;10;1;4.961;
3409;-2.32757849;38.51713759;0.1;False;ok;1;1;2.864;
3410;-2.32757849;38.61713759;0.1;False;ok;3;1;2.954;
3411;-2.32757849;38.71713759;0.1;False;ok;2;1;2.878;
3412;-2.32757849;39.21713759;0.1;False;ok;2;1;5.204;
3413;-2.32757849;39.31713759;0.1;False;ok;8;1;5.173;
3414;-2.32757849;39.41713759;0.1;False;ok;2;1;2.992;
3415;-2.32757849;39.51713759;0.1;False;ok;1;1;4.985;
3416;-2.32757849;39.81713759;0.1;False;ok;1;1;5.116;
3417;-2.32757849;40.01713759;0.1;False;ok;3;1;4.927;
3418;-2.32757849;40.11713759;0.1;False;ok;0;1;5.663;
3419;-2.32757849;40.21713759;0.1;False;ok;1;1;2.899;
3420;-2.32757849;40.31713759;0.1;False;ok;2;1;4.969;
3421;-2.32757849;40.41713759;0.1;False;ok;9;1;4.985;
3422;-2.32757849;40.71713759;0.1;False;ok;3;1;2.955;
3423;-2.32757849;41.11713759;0.1;False;ok;1;1;2.880;
3424;-2.32757849;41.21713759;0.1;False;ok;1;1;4.591;
3425;-2.22757849;38.41713759;0.1;False;ok;4;1;4.761;
3426;-2.22757849;38.51713759;0.1;False;ok;16;1;2.953;
3427;-2.22757849;38.61713759;0.1;False;ok;0;1;3.576;
3428;-2.22757849;39.11713759;0.1;False;ok;8;1;4.703;
3429;-2.22757849;39.31713759;0.1;False;ok;3;1;2.737;
3430;-2.22757849;39.61713759;0.1;False;ok;1;1;4.525;
3431;-2.22757849;39.71713759;0.1;False;ok;13;1;4.458;
3432;-2.22757849;39.91713759;0.1;False;ok;4;1;4.121;
3433;-2.22757849;40.06713759;0.05;False;ok;27;1;2.818;
3434;-2.22757849;40.11713759;0.1;False;ok;1;1;2.549;
3435;-2.22757849;40.31713759;0.1;False;ok;3;1;2.593;
3436;-2.22757849;40.41713759;0.1;False;ok;1;1;3.750;
3437;-2.22757849;40.51713759;0.1;False;ok;2;1;3.964;
3438;-2.22757849;40.71713759;0.1;False;ok;0;1;4.643;
3439;-2.22757849;40.81713759;0.1;False;ok;9;1;2.506;
3440;-2.22757849;41.21713759;0.1;False;ok;4;1;3.859;
3441;-2.22757849;41.41713759;0.1;False;ok;1;1;3.808;
3442;-2.22757849;41.61713759;0.1;False;ok;2;1;2.414;
3443;-2.17757849;40.01713759;0.05;False;ok;7;1;2.380;
3444;-2.17757849;40.06713759;0.025;False;ok;1;1;3.596;
3445;-2.15257849;40.06713759;0.0125;False;ok;6;1;3.680;
3446;-2.14007849;40.06713759;0.00625;False;ok;42;1;3.617;
3447;-2.14007849;40.07338759;0.00625;False;ok;49;1;2.477;
3448;-2.14007849;40.07963759;0.0125;False;ok;15;1;3.386;
3449;-2.13382849;40.06713759;0.00625;False;ok;21;1;2.298;
3450;-2.13382849;40.07338759;0.00625;False;ok;75;1;3.520;
3451;-2.12757849;38.31713759;0.1;False;ok;17;1;2.253;
3452;-2.12757849;38.41713759;0.1;False;ok;16;1;3.559;
3453;-2.12757849;38.51713759;0.1;False;ok;13;1;3.636;
3454;-2.12757849;38.61713759;0.1;False;ok;1;1;2.258;
3455;-2.12757849;38.81713759;0.1;False;ok;0;1;4.475;
3456;-2.12757849;39.21713759;0.1;False;ok;5;1;3.787;
3457;-2.12757849;39.41713759;0.1;False;ok;7;1;2.219;
3458;-2.12757849;39.51713759;0.1;False;ok;9;1;2.224;
3459;-2.12757849;39.71713759;0.1;False;ok;1;1;3.580;
3460;-2.12757849;39.91713759;0.1;False;ok;15;1;3.896;
3461;-2.12757849;40.01713759;0.1;False;ok;13;1;2.381;
3462;-2.12757849;40.11713759;0.1;False;ok;6;1;2.401;
3463;-2.12757849;40.21713759;0.1;False;ok;13;1;4.061;
3464;-2.12757849;40.41713759;0.1;False;ok;0;1;4.840;
3465;-2.12757849;40.51713759;0.1;False;ok;7;1;2.507;
3466;-2.12757849;40.61713759;0.1;False;ok;4;1;4.300;
3467;-2.12757849;40.81713759;0.1;False;ok;1;1;4.357;
3468;-2.12757849;40.91713759;0.1;False;ok;0;1;5.099;
3469;-2.12757849;41.01713759;0.1;False;ok;1;1;2.407;
3470;-2.12757849;41.21713759;0.1;False;ok;7;1;4.392;
3471;-2.12757849;41.61713759;0.1;False;ok;2;1;4.112;
3472;-2.02757849;38.21713759;0.1;False;ok;3;1;2.482;
3473;-2.02757849;38.31713759;0.1;False;ok;7;1;2.568;
3474;-2.02757849;38.41713759;0.1;False;ok;1;1;3.894;
3475;-2.02757849;38.51713759;0.1;False;ok;2;1;3.888;
3476;-2.02757849;39.41713759;0.1;False;ok;2;1;3.742;
3477;-2.02757849;39.91713759;0.1;False;ok;3;1;2.633;
3478;-2.02757849;40.11713759;0.1;False;ok;7;1;2.604;
3479;-2.02757849;40.21713759;0.1;False;ok;13;1;3.729;
3480;-2.02757849;40.31713759;0.1;False;ok;1;1;2.365;
3481;-2.02757849;40.41713759;0.1;False;ok;1;1;3.625;
3482;-2.02757849;40.61713759;0.1;False;ok;3;1;3.512;
3483;-2.02757849;40.71713759;0.1;False;ok;2;1;2.307;
3484;-2.02757849;40.81713759;0.1;False;ok;7;1;2.300;
3485;-2.02757849;40.91713759;0.1;False;ok;1;1;3.323;
3486;-2.02757849;41.41713759;0.1;False;ok;3;1;2.234;
3487;-1.92757849;38.21713759;0.1;False;ok;8;1;3.358;
3488;-1.92757849;38.41713759;0.1;False;ok;0;1;3.985;
3489;-1.92757849;38.91713759;0.1;False;ok;74;1;3.807;
3490;-1.92757849;39.31713759;0.1;False;ok;1;1;2.192;
3491;-1.92757849;39.51713759;0.1;False;ok;4;1;2.164;
3492;-1.92757849;39.71713759;0.1;False;ok;1;1;3.336;
3493;-1.92757849;39.81713759;0.1;False;ok;1;1;3.513;
3494;-1.92757849;39.91713759;0.1;False;ok;1;1;3.362;
3495;-1.92757849;40.11713759;0.1;False;ok;0;1;4.174;
3496;-1.92757849;40.31713759;0.1;False;ok;22;1;2.154;
3497;-1.92757849;40.41713759;0.1;False;ok;2;1;2.037;
3498;-1.92757849;40.51713759;0.1;False;ok;6;1;3.499;
3499;-1.92757849;40.61713759;0.1;False;ok;1;1;3.603;
3500;-1.92757849;40.71713759;0.1;False;ok;1;1;3.643;
3501;-1.92757849;40.81713759;0.1;False;ok;14;1;2.121;
3502;-1.92757849;41.11713759;0.1;False;ok;10;1;2.111;
3503;-1.92757849;41.21713759;0.1;False;ok;28;1;3.603;
3504;-1.92757849;41.41713759;0.1;False;ok;1;1;3.363;
3505;-1.92757849;41.51713759;0.1;False;ok;1;1;3.469;
3506;-1.82757849;38.91713759;0.1;False;ok;3;1;3.488;
3507;-1.82757849;39.11713759;0.1;False;ok;2;1;2.285;
3508;-1.82757849;39.51713759;0.1;False;ok;5;1;2.328;
3509;-1.82757849;39.81713759;0.1;False;ok;11;1;3.599;
3510;-1.82757849;39.91713759;0.1;False;ok;3;1;2.316;
3511;-1.82757849;40.21713759;0.1;False;ok;2;1;2.309;
3512;-1.82757849;40.51713759;0.1;False;ok;1;1;2.171;
3513;-1.82757849;40.61713759;0.1;False;ok;1;1;2.106;
3514;-1.82757849;41.11713759;0.1;False;ok;15;1;3.656;
3515;-1.82757849;41.21713759;0.1;False;ok;6;1;3.705;
3516;-1.82757849;41.31713759;0.1;False;ok;10;1;3.828;
3517;-1.82757849;41.41713759;0.1;False;ok;1;1;3.681;
3518;-1.82757849;41.61713759;0.1;False;ok;1;1;3.571;
3519;-1.72757849;38.21713759;0.1;False;ok;8;1;3.811;
3520;-1.72757849;38.41713759;0.1;False;ok;11;1;3.948;
3521;-1.72757849;38.51713759;0.1;False;ok;3;1;2.385;
3522;-1.72757849;38.81713759;0.1;False;ok;3;1;3.850;
3523;-1.72757849;38.91713759;0.1;False;ok;4;1;4.083;
3524;-1.72757849;39.01713759;0.1;False;ok;4;1;2.326;
3525;-1.72757849;39.11713759;0.1;False;ok;13;1;2.407;
3526;-1.72757849;39.21713759;0.1;False;ok;1;1;4.260;
3527;-1.72757849;39.41713759;0.1;False;ok;2;1;2.403;
3528;-1.72757849;39.51713759;0.1;False;ok;2;1;4.316;
3529;-1.72757849;39.71713759;0.1;False;ok;5;1;4.443;
3530;-1.72757849;39.81713759;0.1;False;ok;1;1;2.444;
3531;-1.72757849;40.01713759;0.1;False;ok;6;1;2.491;
3532;-1.72757849;40.11713759;0.1;False;ok;9;1;4.467;
3533;-1.72757849;40.31713759;0.1;False;ok;6;1;4.436;
3534;-1.72757849;40.41713759;0.1;False;ok;3;1;2.584;
3535;-1.72757849;40.51713759;0.1;False;ok;8;1;2.554;
3536;-1.72757849;40.71713759;0.1;False;ok;1;1;4.533;
3537;-1.72757849;40.81713759;0.1;False;ok;2;1;2.597;
3538;-1.72757849;41.21713759;0.1;False;ok;11;1;2.669;
3539;-1.72757849;41.31713759;0.1;False;ok;32;1;4.886;
3540;-1.72757849;41.41713759;0.1;False;ok;2;1;4.881;
3541;-1.72757849;41.51713759;0.1;False;ok;2;1;4.578;
3542;-1.72757849;41.61713759;0.1;False;ok;0;1;5.495;
3543;-1.62757849;38.51713759;0.1;False;ok;1;1;2.567;
3544;-1.62757849;38.81713759;0.1;False;ok;1;1;2.564;
3545;-1.62757849;38.91713759;0.1;False;ok;1;1;4.423;
3546;-1.62757849;39.11713759;0.1;False;ok;5;1;4.395;
3547;-1.62757849;39.21713759;0.1;False;ok;4;1;4.396;
3548;-1.62757849;39.31713759;0.1;False;ok;8;1;4.288;
3549;-1.62757849;39.51713759;0.1;False;ok;2;1;3.973;
3550;-1.62757849;39.61713759;0.1;False;ok;5;1;4.016;
3551;-1.62757849;39.91713759;0.1;False;ok;0;1;3.410;
3552;-1.62757849;40.21713759;0.1;False;ok;0;1;3.343;
3553;-1.62757849;40.31713759;0.1;False;ok;3;1;3.907;
3554;-1.62757849;40.41713759;0.1;False;ok;23;1;2.593;
3555;-1.62757849;40.81713759;0.1;False;ok;1;1;2.498;
3556;-1.62757849;40.91713759;0.1;False;ok;1;1;4.079;
3557;-1.62757849;41.21713759;0.1;False;ok;4;1;2.478;
3558;-1.62757849;41.31713759;0.1;False;ok;4;1;2.560;
3559;-1.62757849;41.41713759;0.1;False;ok;2;1;4.176;
3560;-1.62757849;41.51713759;0.1;False;ok;1;1;4.041;
3561;-1.52757849;38.21713759;0.1;False;ok;1;1;4.073;
3562;-1.52757849;38.61713759;0.1;False;ok;4;1;4.092;
3563;-1.52757849;38.81713759;0.1;False;ok;0;1;4.899;
3564;-1.52757849;38.91713759;0.1;False;ok;2;1;2.654;
3565;-1.52757849;39.11713759;0.1;False;ok;75;1;2.892;
3566;-1.52757849;39.21713759;0.1;False;ok;6;1;4.350;
3567;-1.52757849;39.51713759;0.1;False;ok;7;1;4.552;
3568;-1.52757849;40.01713759;0.1;False;ok;2;1;2.662;
3569;-1.52757849;40.21713759;0.1;False;ok;3;1;4.608;
3570;-1.52757849;40.31713759;0.1;False;ok;73;1;2.854;
3571;-1.52757849;40.41713759;0.1;False;ok;5;1;2.757;
3572;-1.52757849;40.51713759;0.1;False;ok;0;1;5.289;
3573;-1.52757849;40.81713759;0.1;False;ok;0;1;3.393;
3574;-1.52757849;40.91713759;0.1;False;ok;3;1;4.620;
3575;-1.52757849;41.11713759;0.1;False;ok;3;1;4.543;
3576;-1.42757849;38.21713759;0.1;False;ok;5;1;4.481;
3577;-1.42757849;38.41713759;0.1;False;ok;5;1;4.341;
3578;-1.42757849;38.61713759;0.1;False;ok;0;1;4.860;
3579;-1.42757849;39.01713759;0.1;False;ok;5;1;3.758;
3580;-1.42757849;39.11713759;0.1;False;ok;40;1;2.692;
3581;-1.42757849;39.21713759;0.1;False;ok;13;1;2.650;
3582;-1.42757849;39.31713759;0.1;False;ok;2;1;2.539;
3583;-1.42757849;39.41713759;0.1;False;ok;8;1;2.656;
3584;-1.42757849;39.71713759;0.1;False;ok;0;1;3.290;
3585;-1.42757849;39.81713759;0.1;False;ok;1;1;3.988;
3586;-1.42757849;39.91713759;0.1;False;ok;3;1;4.208;
3587;-1.42757849;40.01713759;0.1;False;ok;0;1;4.963;
3588;-1.42757849;40.11713759;0.1;False;ok;5;1;2.713;
3589;-1.42757849;40.21713759;0.1;False;ok;3;1;4.208;
3590;-1.42757849;40.31713759;0.1;False;ok;10;1;4.275;
3591;-1.42757849;40.71713759;0.1;False;ok;5;1;4.148;
3592;-1.42757849;40.81713759;0.1;False;ok;4;1;4.263;
3593;-1.42757849;41.01713759;0.1;False;ok;7;1;4.284;
3594;-1.42757849;41.11713759;0.1;False;ok;2;1;4.391;
3595;-1.42757849;41.41713759;0.1;False;ok;2;1;2.625;
3596;-1.32757849;38.31713759;0.1;False;ok;0;1;5.237;
3597;-1.32757849;38.41713759;0.1;False;ok;1;1;4.277;
3598;-1.32757849;38.71713759;0.1;False;ok;1;1;2.614;
3599;-1.32757849;38.91713759;0.1;False;ok;3;1;2.632;
3600;-1.32757849;39.01713759;0.1;False;ok;3;1;4.775;
3601;-1.32757849;39.11713759;0.1;False;ok;2;1;2.629;
3602;-1.32757849;39.21713759;0.1;False;ok;0;1;5.226;
3603;-1.32757849;39.31713759;0.1;False;ok;1;1;2.613;
3604;-1.32757849;39.41713759;0.1;False;ok;1;1;4.451;
3605;-1.32757849;39.51713759;0.1;False;ok;6;1;2.632;
3606;-1.32757849;39.71713759;0.1;False;ok;2;1;4.309;
3607;-1.32757849;39.81713759;0.1;False;ok;5;1;4.225;
3608;-1.32757849;39.91713759;0.1;False;ok;3;1;2.697;
3609;-1.32757849;40.01713759;0.1;False;ok;15;1;2.741;
3610;-1.32757849;40.11713759;0.1;False;ok;10;1;2.720;
3611;-1.32757849;40.21713759;0.1;False;ok;2;1;2.642;
3612;-1.32757849;40.31713759;0.1;False;ok;5;1;4.594;
3613;-1.32757849;40.41713759;0.1;False;ok;16;1;4.454;
3614;-1.32757849;40.51713759;0.1;False;ok;5;1;4.452;
3615;-1.32757849;40.61713759;0.1;False;ok;1;1;4.513;
3616;-1.32757849;40.81713759;0.1;False;ok;1;1;2.610;
3617;-1.32757849;40.91713759;0.1;False;ok;9;1;4.418;
3618;-1.32757849;41.01713759;0.1;False;ok;2;1;2.676;
3619;-1.32757849;41.41713759;0.1;False;ok;1;1;4.247;
3620;-1.32757849;41.51713759;0.1;False;ok;0;1;4.913;
3621;-1.32757849;41.61713759;0.1;False;ok;7;1;4.124;
3622;-1.22757849;38.21713759;0.1;False;ok;3;1;3.996;
3623;-1.22757849;38.31713759;0.1;False;ok;2;1;4.102;
3624;-1.22757849;38.41713759;0.1;False;ok;1;1;2.554;
3625;-1.22757849;38.61713759;0.1;False;ok;4;1;2.522;
3626;-1.22757849;38.91713759;0.1;False;ok;1;1;2.510;
3627;-1.22757849;39.21713759;0.1;False;ok;0;1;5.182;
3628;-1.22757849;39.41713759;0.1;False;ok;2;1;2.536;
3629;-1.22757849;39.51713759;0.1;False;ok;10;1;4.466;
3630;-1.22757849;39.91713759;0.1;False;ok;3;1;4.170;
3631;-1.22757849;40.01713759;0.1;False;ok;2;1;2.447;
3632;-1.22757849;40.21713759;0.1;False;ok;8;1;2.458;
3633;-1.22757849;40.31713759;0.1;False;ok;9;1;4.398;
3634;-1.22757849;40.61713759;0.1;False;ok;4;1;4.419;
3635;-1.22757849;41.31713759;0.1;False;ok;6;1;2.620;
3636;-1.12757849;38.21713759;0.1;False;ok;2;1;4.245;
3637;-1.12757849;38.31713759;0.1;False;ok;12;1;2.678;
3638;-1.12757849;38.41713759;0.1;False;ok;7;1;4.299;
3639;-1.12757849;38.51713759;0.1;False;ok;19;1;2.846;
3640;-1.12757849;38.61713759;0.1;False;ok;4;1;4.422;
3641;-1.12757849;38.81713759;0.1;False;ok;28;1;2.763;
3642;-1.12757849;38.91713759;0.1;False;ok;1;1;4.488;
3643;-1.12757849;39.01713759;0.1;False;ok;14;1;4.618;
3644;-1.12757849;39.11713759;0.1;False;ok;6;1;4.537;
3645;-1.12757849;39.21713759;0.1;False;ok;3;1;2.656;
3646;-1.12757849;39.31713759;0.1;False;ok;3;1;2.571;
3647;-1.12757849;39.41713759;0.1;False;ok;24;1;4.444;
3648;-1.12757849;39.71713759;0.1;False;ok;0;1;5.103;
3649;-1.12757849;39.81713759;0.1;False;ok;3;1;4.359;
3650;-1.12757849;39.91713759;0.1;False;ok;2;1;3.922;
3651;-1.12757849;40.11713759;0.1;False;ok;17;1;4.081;
3652;-1.12757849;40.21713759;0.1;False;ok;2;1;2.575;
3653;-1.12757849;40.31713759;0.1;False;ok;74;1;2.822;
3654;-1.12757849;40.41713759;0.1;False;ok;4;1;4.044;
3655;-1.12757849;40.51713759;0.1;False;ok;2;1;2.415;
3656;-1.12757849;41.01713759;0.1;False;ok;1;1;2.442;
3657;-1.02757849;38.21713759;0.1;False;ok;11;1;3.915;
3658;-1.02757849;38.31713759;0.1;False;ok;6;1;2.600;
3659;-1.02757849;38.41713759;0.1;False;ok;8;1;2.501;
3660;-1.02757849;38.61713759;0.1;False;ok;13;1;3.472;
3661;-1.02757849;39.21713759;0.1;False;ok;4;1;3.457;
3662;-1.02757849;39.31713759;0.1;False;ok;1;1;3.548;
3663;-1.02757849;39.41713759;0.1;False;ok;2;1;3.452;
3664;-1.02757849;39.51713759;0.1;False;ok;6;1;3.558;
3665;-1.02757849;39.71713759;0.1;False;ok;9;1;3.635;
3666;-1.02757849;39.81713759;0.1;False;ok;8;1;3.745;
3667;-1.02757849;39.91713759;0.1;False;ok;3;1;2.342;
3668;-1.02757849;40.11713759;0.1;False;ok;2;1;2.085;
3669;-1.02757849;40.21713759;0.1;False;ok;5;1;2.125;
3670;-1.02757849;40.81713759;0.1;False;ok;1;1;2.142;
3671;-1.02757849;41.31713759;0.1;False;ok;1;1;4.144;
3672;-1.02757849;41.51713759;0.1;False;ok;4;1;4.249;
3673;-1.02757849;41.61713759;0.1;False;ok;20;1;2.405;
3674;-0.92757849;38.21713759;0.1;False;ok;3;1;2.341;
3675;-0.92757849;38.31713759;0.1;False;ok;9;1;4.452;
3676;-0.92757849;38.41713759;0.1;False;ok;9;1;4.444;
3677;-0.92757849;38.51713759;0.1;False;ok;6;1;4.424;
3678;-0.92757849;38.61713759;0.1;False;ok;22;1;4.438;
3679;-0.92757849;38.91713759;0.1;False;ok;0;1;5.094;
3680;-0.92757849;39.31713759;0.1;False;ok;2;1;2.747;
3681;-0.92757849;39.41713759;0.1;False;ok;9;1;2.793;
3682;-0.92757849;39.51713759;0.1;False;ok;1;1;2.859;
3683;-0.92757849;39.61713759;0.1;False;ok;53;1;4.898;
3684;-0.92757849;40.01713759;0.1;False;ok;7;1;2.875;
3685;-0.92757849;40.11713759;0.1;False;ok;2;1;4.868;
3686;-0.92757849;40.31713759;0.1;False;ok;4;1;4.672;
3687;-0.92757849;40.61713759;0.1;False;ok;3;1;4.928;
3688;-0.92757849;40.71713759;0.1;False;ok;1;1;4.792;
3689;-0.92757849;40.81713759;0.1;False;ok;1;1;2.724;
3690;-0.92757849;41.01713759;0.1;False;ok;1;1;2.697;
3691;-0.92757849;41.21713759;0.1;False;ok;3;1;4.596;
3692;-0.92757849;41.61713759;0.025;False;ok;6;1;4.591;
3693;-0.92757849;41.64213759;0.025;False;ok;24;1;4.394;
3694;-0.92757849;41.66713759;0.05;False;ok;6;1;4.462;
3695;-0.90257849;41.61713759;0.025;False;ok;23;1;2.736;
3696;-0.90257849;41.64213759;0.0125;False;ok;32;1;2.815;
3697;-0.90257849;41.65463759;0.0125;False;ok;24;1;2.679;
3698;-0.89007849;41.64213759;0.0125;False;ok;74;1;2.781;
3699;-0.89007849;41.65463759;0.0125;False;ok;75;1;5.162;
3700;-0.87757849;41.61713759;0.05;False;ok;74;1;4.977;
3701;-0.87757849;41.66713759;0.05;False;ok;6;1;4.899;
3702;-0.82757849;38.21713759;0.1;False;ok;16;1;2.968;
3703;-0.82757849;38.31713759;0.1;False;ok;32;1;2.936;
3704;-0.82757849;38.41713759;0.1;False;ok;18;1;4.829;
3705;-0.82757849;38.51713759;0.1;False;ok;3;1;4.541;
3706;-0.82757849;38.61713759;0.1;False;ok;25;1;4.647;
3707;-0.82757849;38.71713759;0.1;False;ok;4;1;4.564;
3708;-0.82757849;38.81713759;0.1;False;ok;7;1;4.550;
3709;-0.82757849;38.91713759;0.1;False;ok;4;1;2.925;
3710;-0.82757849;39.01713759;0.1;False;ok;4;1;4.540;
3711;-0.82757849;39.31713759;0.1;False;ok;19;1;3.020;
3712;-0.82757849;39.41713759;0.1;False;ok;8;1;2.887;
3713;-0.82757849;39.51713759;0.1;False;ok;0;1;5.323;
3714;-0.82757849;39.71713759;0.1;False;ok;3;1;4.770;
3715;-0.82757849;39.91713759;0.1;False;ok;0;1;3.624;
3716;-0.82757849;40.01713759;0.1;False;ok;9;1;4.762;
3717;-0.82757849;40.11713759;0.1;False;ok;6;1;4.693;
3718;-0.82757849;40.21713759;0.1;False;ok;46;1;2.833;
3719;-0.82757849;40.31713759;0.1;False;ok;2;1;2.673;
3720;-0.82757849;40.41713759;0.1;False;ok;4;1;4.336;
3721;-0.82757849;40.51713759;0.1;False;ok;0;1;4.695;
3722;-0.82757849;40.61713759;0.1;False;ok;3;1;4.033;
3723;-0.82757849;41.21713759;0.1;False;ok;10;1;2.653;
3724;-0.82757849;41.51713759;0.1;False;ok;2;1;4.097;
3725;-0.82757849;41.61713759;0.1;False;ok;5;1;2.793;
3726;-0.72757849;38.21713759;0.1;False;ok;66;1;3.008;
3727;-0.72757849;38.31713759;0.1;False;ok;7;1;4.426;
3728;-0.72757849;38.41713759;0.1;False;ok;7;1;4.482;
3729;-0.72757849;38.51713759;0.1;False;ok;12;1;2.562;
3730;-0.72757849;38.61713759;0.1;False;ok;24;1;2.591;
3731;-0.72757849;38.71713759;0.1;False;ok;5;1;2.625;
3732;-0.72757849;38.81713759;0.1;False;ok;6;1;4.545;
3733;-0.72757849;38.91713759;0.1;False;ok;6;1;4.689;
3734;-0.72757849;39.01713759;0.1;False;ok;56;1;4.623;
3735;-0.72757849;39.21713759;0.1;False;ok;0;1;5.141;
3736;-0.72757849;39.31713759;0.1;False;ok;21;1;4.496;
3737;-0.72757849;39.41713759;0.1;False;ok;11;1;4.505;
3738;-0.72757849;39.51713759;0.1;False;ok;9;1;4.471;
3739;-0.72757849;39.61713759;0.1;False;ok;13;1;2.738;
3740;-0.72757849;39.91713759;0.1;False;ok;6;1;2.864;
3741;-0.72757849;40.01713759;0.1;False;ok;12;1;4.721;
3742;-0.72757849;40.11713759;0.1;False;ok;21;1;4.667;
3743;-0.72757849;40.21713759;0.1;False;ok;4;1;2.802;
3744;-0.72757849;40.31713759;0.1;False;ok;17;1;2.920;
3745;-0.72757849;40.41713759;0.1;False;ok;5;1;2.957;
3746;-0.72757849;40.51713759;0.1;False;ok;4;1;2.849;
3747;-0.72757849;40.61713759;0.1;False;ok;3;1;4.808;
3748;-0.72757849;40.81713759;0.1;False;ok;3;1;4.829;
3749;-0.72757849;40.91713759;0.1;False;ok;2;1;4.481;
3750;-0.72757849;41.01713759;0.1;False;ok;2;1;4.671;
3751;-0.72757849;41.11713759;0.1;False;ok;4;1;4.776;
3752;-0.72757849;41.31713759;0.1;False;ok;2;1;2.741;
3753;-0.72757849;41.51713759;0.1;False;ok;4;1;2.675;
3754;-0.62757849;38.21713759;0.1;False;ok;75;1;4.864;
3755;-0.62757849;38.31713759;0.1;False;ok;13;1;4.658;
3756;-0.62757849;38.41713759;0.1;False;ok;11;1;4.900;
3757;-0.62757849;38.51713759;0.1;False;ok;7;1;2.746;
3758;-0.62757849;38.61713759;0.1;False;ok;13;1;2.770;
3759;-0.62757849;38.71713759;0.1;False;ok;31;1;2.924;
3760;-0.62757849;38.81713759;0.1;False;ok;23;1;4.959;
3761;-0.62757849;39.01713759;0.1;False;ok;5;1;2.746;
3762;-0.62757849;39.11713759;0.1;False;ok;3;1;4.912;
3763;-0.62757849;39.21713759;0.1;False;ok;9;1;4.952;
3764;-0.62757849;39.31713759;0.1;False;ok;14;1;5.008;
3765;-0.62757849;39.41713759;0.1;False;ok;24;1;4.628;
3766;-0.62757849;39.51713759;0.1;False;ok;28;1;4.742;
3767;-0.62757849;39.61713759;0.1;False;ok;17;1;2.740;
3768;-0.62757849;39.81713759;0.1;False;ok;13;1;2.766;
3769;-0.62757849;39.91713759;0.1;False;ok;18;1;2.755;
3770;-0.62757849;40.01713759;0.1;False;ok;8;1;4.655;
3771;-0.62757849;40.11713759;0.1;False;ok;17;1;4.751;
3772;-0.62757849;40.31713759;0.1;False;ok;23;1;4.918;
3773;-0.62757849;40.61713759;0.1;False;ok;2;1;2.744;
3774;-0.62757849;40.71713759;0.1;False;ok;3;1;4.964;
3775;-0.62757849;40.81713759;0.1;False;ok;2;1;2.637;
3776;-0.62757849;41.41713759;0.1;False;ok;1;1;2.562;
3777;-0.52757849;38.21713759;0.0125;False;ok;73;1;4.891;
3778;-0.52757849;38.22963759;0.0125;False;ok;73;1;4.863;
3779;-0.52757849;38.24213759;0.00625;False;ok;5;1;4.428;
3780;-0.52757849;38.24838759;0.00625;False;ok;29;1;2.889;
3781;-0.52757849;38.25463759;0.0125;False;ok;42;1;4.672;
3782;-0.52757849;38.26713759;0.05;False;ok;27;1;2.834;
3783;-0.52757849;38.31713759;0.025;False;ok;11;1;2.840;
3784;-0.52757849;38.34213759;0.025;False;ok;9;1;4.415;
3785;-0.52757849;38.36713759;0.05;False;ok;49;1;4.801;
3786;-0.52757849;38.41713759;0.1;False;ok;63;1;4.620;
3787;-0.52757849;38.51713759;0.1;False;ok;5;1;2.790;
3788;-0.52757849;38.61713759;0.1;False;ok;18;1;2.837;
3789;-0.52757849;38.71713759;0.1;False;ok;11;1;4.718;
3790;-0.52757849;38.81713759;0.1;False;ok;7;1;2.743;
3791;-0.52757849;38.91713759;0.1;False;ok;38;1;4.733;
3792;-0.52757849;39.01713759;0.1;False;ok;8;1;4.643;
3793;-0.52757849;39.11713759;0.1;False;ok;32;1;4.504;
3794;-0.52757849;39.21713759;0.1;False;ok;12;1;4.524;
3795;-0.52757849;39.31713759;0.1;False;ok;19;1;2.429;
3796;-0.52757849;39.41713759;0.1;False;ok;69;1;4.559;
3797;-0.52757849;39.51713759;0.1;False;ok;48;1;2.651;
3798;-0.52757849;39.61713759;0.1;False;ok;15;1;4.652;
3799;-0.52757849;39.71713759;0.1;False;ok;5;1;2.482;
3800;-0.52757849;39.81713759;0.1;False;ok;60;1;2.560;
3801;-0.52757849;39.91713759;0.1;False;ok;3;1;2.397;
3802;-0.52757849;40.01713759;0.1;False;ok;24;1;2.560;
3803;-0.52757849;40.11713759;0.1;False;ok;4;1;4.741;
3804;-0.52757849;40.21713759;0.1;False;ok;8;1;4.635;
3805;-0.52757849;40.31713759;0.1;False;ok;10;1;4.566;
3806;-0.52757849;40.41713759;0.1;False;ok;4;1;4.461;
3807;-0.52757849;40.71713759;0.1;False;ok;5;1;4.316;
3808;-0.52757849;40.81713759;0.1;False;ok;8;1;2.898;
3809;-0.52757849;40.91713759;0.1;False;ok;4;1;4.248;
3810;-0.52757849;41.11713759;0.1;False;ok;11;1;4.467;
3811;-0.52757849;41.41713759;0.1;False;ok;2;1;2.764;
3812;-0.52132849;38.24213759;0.00625;False;ok;65;1;4.698;
3813;-0.52132849;38.24838759;0.00625;False;ok;73;1;2.954;
3814;-0.50257849;38.31713759;0.025;False;ok;65;1;4.621;
3815;-0.50257849;38.34213759;0.0125;False;ok;75;1;4.939;
3816;-0.50257849;38.35463759;0.0125;False;ok;16;1;2.759;
3817;-0.49007849;38.34213759;0.003125;False;ok;17;1;2.654;
3818;-0.49007849;38.34526259;0.003125;False;ok;54;1;2.783;
3819;-0.49007849;38.34838759;0.00625;False;ok;75;1;4.685;
3820;-0.49007849;38.35463759;0.0125;False;ok;74;1;4.810;
3821;-0.48695349;38.34213759;0.003125;False;ok;75;1;4.435;
3822;-0.48695349;38.34526259;0.003125;False;ok;64;1;4.431;
3823;-0.48382849;38.34213759;0.003125;False;ok;74;1;2.960;
3824;-0.48382849;38.34526259;0.0015625;False;ok;69;1;2.887;
3825;-0.48382849;38.34682509;0.0015625;False;ok;43;1;4.993;
3826;-0.48382849;38.34838759;0.00625;False;ok;75;1;5.032;
3827;-0.48226599;38.34526259;0.0015625;False;ok;69;1;2.930;
3828;-0.48226599;38.34682509;0.0015625;False;ok;30;1;2.886;
3829;-0.48070349;38.34213759;0.003125;False;ok;31;1;2.908;
3830;-0.48070349;38.34526259;0.003125;False;ok;66;1;5.362;
3831;-0.47757849;38.34213759;0.025;False;ok;73;1;5.193;
3832;-0.47757849;38.36713759;0.05;False;ok;48;1;2.969;
3833;-0.45257849;38.34213759;0.025;False;ok;74;1;5.146;
3834;-0.42757849;38.31713759;0.05;False;ok;73;1;5.097;
3835;-0.42757849;38.36713759;0.0125;False;ok;36;1;4.945;
3836;-0.42757849;38.37963759;0.0125;False;ok;28;1;4.617;
3837;-0.42757849;38.39213759;0.025;False;ok;72;1;5.016;
3838;-0.42757849;38.41713759;0.025;False;ok;7;1;4.489;
3839;-0.42757849;38.46713759;0.05;False;ok;7;1;2.966;
3840;-0.42757849;38.51713759;0.1;False;ok;6;1;2.847;
3841;-0.42757849;38.61713759;0.1;False;ok;11;1;4.859;
3842;-0.42757849;38.71713759;0.1;False;ok;10;1;2.724;
3843;-0.42757849;38.81713759;0.1;False;ok;13;1;2.798;
3844;-0.42757849;38.91713759;0.1;False;ok;0;1;3.450;
3845;-0.42757849;39.01713759;0.1;False;ok;11;1;4.942;
3846;-0.42757849;39.11713759;0.1;False;ok;26;1;4.993;
3847;-0.42757849;39.21713759;0.1;False;ok;4;1;2.688;
3848;-0.42757849;39.31713759;0.1;False;ok;22;1;4.938;
3849;-0.42757849;39.41713759;0.05;False;ok;74;1;5.081;
3850;-0.42757849;39.46713759;0.025;False;ok;44;1;4.936;
3851;-0.42757849;39.49213759;0.025;False;ok;34;1;2.915;
3852;-0.42757849;39.51713759;0.1;False;ok;24;1;2.938;
3853;-0.42757849;39.61713759;0.1;False;ok;20;1;5.103;
3854;-0.42757849;39.71713759;0.1;False;ok;13;1;5.185;
3855;-0.42757849;39.81713759;0.1;False;ok;9;1;5.077;
3856;-0.42757849;39.91713759;0.1;False;ok;6;1;2.831;
3857;-0.42757849;40.11713759;0.1;False;ok;17;1;2.917;
3858;-0.42757849;40.21713759;0.1;False;ok;2;1;5.078;
3859;-0.42757849;40.51713759;0.1;False;ok;15;1;2.932;
3860;-0.42757849;40.61713759;0.1;False;ok;12;1;5.134;
3861;-0.42757849;40.81713759;0.1;False;ok;4;1;4.832;
3862;-0.42757849;41.31713759;0.1;False;ok;4;1;2.862;
3863;-0.42757849;41.61713759;0.1;False;ok;1;1;4.627;
3864;-0.41507849;38.36713759;0.0125;False;ok;49;1;4.882;
3865;-0.41507849;38.37963759;0.0125;False;ok;74;1;4.832;
3866;-0.40257849;38.39213759;0.025;False;ok;52;1;4.655;
3867;-0.40257849;38.41713759;0.0125;False;ok;72;1;2.922;
3868;-0.40257849;38.42963759;0.0125;False;ok;12;1;4.896;
3869;-0.40257849;38.44213759;0.025;False;ok;8;1;2.578;
3870;-0.40257849;39.46713759;0.0125;False;ok;71;1;2.781;
3871;-0.40257849;39.47963759;0.0125;False;ok;37;1;5.203;
3872;-0.40257849;39.49213759;0.025;False;ok;47;1;2.654;
3873;-0.39007849;38.41713759;0.0125;False;ok;29;1;2.623;
3874;-0.39007849;38.42963759;0.0125;False;ok;23;1;2.662;
3875;-0.39007849;39.46713759;0.00625;False;ok;33;1;4.802;
3876;-0.39007849;39.47338759;0.00625;False;ok;49;1;4.674;
3877;-0.39007849;39.47963759;0.0125;False;ok;70;1;4.820;
3878;-0.38382849;39.46713759;0.00625;False;ok;73;1;4.733;
3879;-0.38382849;39.47338759;0.00625;False;ok;73;1;4.889;
3880;-0.37757849;38.41713759;0.05;False;ok;59;1;2.945;
3881;-0.37757849;38.46713759;0.05;False;ok;29;1;4.692;
3882;-0.37757849;39.44213759;0.0125;False;ok;46;1;2.884;
3883;-0.37757849;39.45463759;0.00625;False;ok;61;1;5.046;
3884;-0.37757849;39.46088759;0.00625;False;ok;67;1;4.833;
3885;-0.37757849;39.46713759;0.00625;False;ok;75;1;3.099;
3886;-0.37757849;39.47338759;0.00625;False;ok;75;1;5.033;
3887;-0.37757849;39.47963759;0.0125;False;ok;74;1;3.024;
3888;-0.37757849;39.49213759;0.025;False;ok;44;1;2.827;
3889;-0.37132849;39.45463759;0.00625;False;ok;70;1;5.050;
3890;-0.37132849;39.46088759;0.00625;False;ok;67;1;2.928;
3891;-0.37132849;39.46713759;0.00625;False;ok;15;1;4.837;
3892;-0.37132849;39.47338759;0.00625;False;ok;17;1;4.652;
3893;-0.36507849;39.44213759;0.0125;False;ok;20;1;4.578;
3894;-0.36507849;39.45463759;0.0125;False;ok;74;1;4.832;
3895;-0.36507849;39.46713759;0.0125;False;ok;63;1;2.767;
3896;-0.36507849;39.47963759;0.0125;False;ok;31;1;2.793;
3897;-0.35257849;39.44213759;0.0125;False;ok;2;1;2.609;
3898;-0.35257849;39.45463759;0.0125;False;ok;72;1;2.833;
3899;-0.35257849;39.46713759;0.0125;False;ok;74;1;2.888;
3900;-0.35257849;39.49213759;0.025;False;ok;5;1;4.830;
3901;-0.34007849;39.44213759;0.0125;False;ok;58;1;5.122;
3902;-0.34007849;39.45463759;0.0125;False;ok;74;1;3.046;
3903;-0.34007849;39.46713759;0.0125;False;ok;75;1;5.035;
3904;-0.34007849;39.47963759;0.0125;False;ok;41;1;5.029;
3905;-0.32757849;38.46713759;0.05;False;ok;51;1;5.144;
3906;-0.32757849;38.51713759;0.1;False;ok;23;1;4.966;
3907;-0.32757849;38.61713759;0.1;False;ok;8;1;4.907;
3908;-0.32757849;38.71713759;0.1;False;ok;7;1;4.688;
3909;-0.32757849;38.81713759;0.1;False;ok;9;1;4.736;
3910;-0.32757849;38.91713759;0.1;False;ok;16;1;2.897;
3911;-0.32757849;39.01713759;0.1;False;ok;20;1;2.926;
3912;-0.32757849;39.11713759;0.05;False;ok;6;1;4.693;
3913;-0.32757849;39.21713759;0.1;False;ok;72;1;3.015;
3914;-0.32757849;39.31713759;0.1;False;ok;12;1;2.853;
3915;-0.32757849;39.41713759;0.05;False;ok;39;1;2.995;
3916;-0.32757849;39.46713759;0.025;False;ok;71;1;5.021;
3917;-0.32757849;39.49213759;0.025;False;ok;60;1;5.026;
3918;-0.32757849;39.51713759;0.1;False;ok;67;1;5.041;
3919;-0.32757849;39.61713759;0.1;False;ok;64;1;3.005;
3920;-0.32757849;39.71713759;0.1;False;ok;7;1;4.776;
3921;-0.32757849;39.81713759;0.1;False;ok;20;1;2.880;
3922;-0.32757849;39.91713759;0.1;False;ok;6;1;4.638;
3923;-0.32757849;40.01713759;0.1;False;ok;2;1;2.820;
3924;-0.32757849;40.11713759;0.1;False;ok;10;1;5.005;
3925;-0.32757849;40.21713759;0.1;False;ok;6;1;2.815;
3926;-0.32757849;40.41713759;0.1;False;ok;25;1;2.867;
3927;-0.32757849;40.51713759;0.1;False;ok;11;1;2.830;
3928;-0.32757849;40.61713759;0.1;False;ok;3;1;5.091;
3929;-0.32757849;40.71713759;0.1;False;ok;9;1;5.096;
3930;-0.32757849;40.81713759;0.1;False;ok;2;1;5.088;
3931;-0.32757849;40.91713759;0.1;False;ok;7;1;5.157;
3932;-0.32757849;41.01713759;0.1;False;ok;6;1;5.155;
3933;-0.32757849;41.21713759;0.1;False;ok;1;1;5.113;
3934;-0.32757849;41.61713759;0.1;False;ok;2;1;2.813;
3935;-0.27757849;38.49213759;0.025;False;ok;73;1;5.390;
3936;-0.27757849;39.14213759;0.025;False;ok;15;1;4.915;
3937;-0.27757849;39.16713759;0.05;False;ok;74;1;5.253;
3938;-0.25257849;38.49213759;0.0125;False;ok;19;1;2.972;
3939;-0.25257849;39.11713759;0.025;False;ok;11;1;5.232;
3940;-0.25257849;39.15463759;0.00625;False;ok;1;1;2.892;
3941;-0.25257849;39.16088759;0.00625;False;ok;28;1;5.446;
3942;-0.24632849;39.15463759;0.00625;False;ok;19;1;2.994;
3943;-0.24632849;39.16088759;0.00625;False;ok;73;1;3.165;
3944;-0.24007849;38.49213759;0.0125;False;ok;75;1;3.258;
3945;-0.24007849;38.50463759;0.0125;False;ok;75;1;5.505;
3946;-0.24007849;39.14213759;0.0125;False;ok;3;1;2.901;
3947;-0.22757849;38.41713759;0.1;False;ok;69;1;5.218;
3948;-0.22757849;38.51713759;0.05;False;ok;74;1;4.994;
3949;-0.22757849;38.56713759;0.05;False;ok;15;1;3.127;
3950;-0.22757849;38.61713759;0.1;False;ok;49;1;3.096;
3951;-0.22757849;38.71713759;0.1;False;ok;6;1;4.569;
3952;-0.22757849;38.81713759;0.1;False;ok;49;1;5.097;
3953;-0.22757849;38.91713759;0.05;False;ok;43;1;5.031;
3954;-0.22757849;38.96713759;0.05;False;ok;51;1;2.965;
3955;-0.22757849;39.01713759;0.1;False;ok;72;1;5.381;
3956;-0.22757849;39.11713759;0.1;False;ok;73;1;5.296;
3957;-0.22757849;39.61713759;0.05;False;ok;73;1;5.443;
3958;-0.22757849;39.66713759;0.05;False;ok;72;1;3.178;
3959;-0.22757849;39.71713759;0.1;False;ok;70;1;5.425;
3960;-0.22757849;39.91713759;0.1;False;ok;2;1;2.979;
3961;-0.22757849;40.01713759;0.1;False;ok;7;1;5.110;
3962;-0.22757849;40.11713759;0.1;False;ok;5;1;2.898;
3963;-0.22757849;40.21713759;0.1;False;ok;5;1;4.728;
3964;-0.22757849;40.31713759;0.1;False;ok;16;1;4.920;
3965;-0.22757849;40.41713759;0.1;False;ok;8;1;4.637;
3966;-0.22757849;40.51713759;0.1;False;ok;6;1;2.839;
3967;-0.22757849;40.61713759;0.1;False;ok;12;1;2.888;
3968;-0.22757849;40.71713759;0.1;False;ok;2;1;2.879;
3969;-0.22757849;40.81713759;0.1;False;ok;2;1;4.932;
3970;-0.22757849;40.91713759;0.1;False;ok;9;1;2.902;
3971;-0.22757849;41.01713759;0.1;False;ok;52;1;5.159;
3972;-0.22757849;41.11713759;0.1;False;ok;7;1;2.823;
3973;-0.22757849;41.21713759;0.1;False;ok;1;1;2.782;
3974;-0.22757849;41.41713759;0.1;False;ok;0;1;5.555;
3975;-0.17757849;38.51713759;0.00625;False;ok;11;1;4.919;
3976;-0.17757849;38.52338759;0.00625;False;ok;75;1;5.028;
3977;-0.17757849;38.52963759;0.0125;False;ok;27;1;5.020;
3978;-0.17757849;38.54213759;0.025;False;ok;22;1;5.211;
3979;-0.17757849;38.56713759;0.05;False;ok;52;1;2.999;
3980;-0.17757849;38.91713759;0.05;False;ok;56;1;5.273;
3981;-0.17757849;38.96713759;0.025;False;ok;28;1;2.885;
3982;-0.17757849;38.99213759;0.0125;False;ok;27;1;5.210;
3983;-0.17757849;39.00463759;0.00625;False;ok;7;1;5.098;
3984;-0.17757849;39.01088759;0.00625;False;ok;61;1;3.006;
3985;-0.17132849;38.52338759;0.00625;False;ok;74;1;5.255;
3986;-0.17132849;39.00463759;0.00625;False;ok;69;1;2.994;
3987;-0.17132849;39.01088759;0.00625;False;ok;35;1;2.952;
3988;-0.16507849;38.51713759;0.0125;False;ok;70;1;5.210;
3989;-0.16507849;38.52963759;0.0125;False;ok;73;1;3.107;
3990;-0.16507849;38.99213759;0.00625;False;ok;58;1;5.205;
3991;-0.16507849;38.99838759;0.00625;False;ok;68;1;5.394;
3992;-0.16507849;39.00463759;0.0125;False;ok;17;1;4.854;
3993;-0.15882849;38.99213759;0.00625;False;ok;27;1;2.977;
3994;-0.15882849;38.99838759;0.00625;False;ok;8;1;2.857;
3995;-0.15257849;38.52963759;0.0125;False;ok;74;1;5.115;
3996;-0.15257849;38.54213759;0.025;False;ok;68;1;3.010;
3997;-0.15257849;38.96713759;0.025;False;ok;55;1;5.252;
3998;-0.14007849;38.53588759;0.00625;False;ok;75;1;3.120;
3999;-0.13382849;38.52963759;0.00625;False;ok;73;1;3.121;
4000;-0.13382849;38.53588759;0.003125;False;ok;65;1;5.175;
4001;-0.13382849;38.53901259;0.003125;False;ok;21;1;3.014;
4002;-0.13070349;38.53588759;0.003125;False;ok;73;1;5.122;
4003;-0.13070349;38.53901259;0.003125;False;ok;6;1;5.018;
4004;-0.12757849;38.52963759;0.00625;False;ok;4;1;4.917;
4005;-0.12757849;38.53588759;0.003125;False;ok;65;1;5.195;
4006;-0.12757849;38.53901259;0.003125;False;ok;27;1;4.972;
4007;-0.12757849;38.54213759;0.025;False;ok;62;1;5.067;
4008;-0.12757849;38.56713759;0.05;False;ok;61;1;5.081;
4009;-0.12757849;38.61713759;0.1;False;ok;72;1;3.018;
4010;-0.12757849;38.71713759;0.1;False;ok;70;1;3.058;
4011;-0.12757849;38.81713759;0.05;False;ok;26;1;4.947;
4012;-0.12757849;38.86713759;0.05;False;ok;19;1;2.949;
4013;-0.12757849;38.91713759;0.1;False;ok;74;1;5.177;
4014;-0.12757849;39.71713759;0.1;False;ok;2;1;5.194;
4015;-0.12757849;39.81713759;0.1;False;ok;58;1;3.066;
4016;-0.12757849;39.91713759;0.1;False;ok;75;1;3.220;
4017;-0.12757849;40.01713759;0.1;False;ok;19;1;2.973;
4018;-0.12757849;40.11713759;0.1;False;ok;13;1;5.049;
4019;-0.12757849;40.21713759;0.1;False;ok;7;1;5.004;
4020;-0.12757849;40.31713759;0.1;False;ok;6;1;2.958;
4021;-0.12757849;40.51713759;0.1;False;ok;10;1;4.959;
4022;-0.12757849;40.61713759;0.1;False;ok;46;1;3.035;
4023;-0.12757849;40.71713759;0.1;False;ok;5;1;5.351;
4024;-0.12757849;40.81713759;0.1;False;ok;2;1;2.777;
4025;-0.12757849;40.91713759;0.1;False;ok;6;1;5.155;
4026;-0.12757849;41.21713759;0.1;False;ok;13;1;5.203;
4027;-0.12445349;38.53588759;0.003125;False;ok;53;1;2.938;
4028;-0.12445349;38.53901259;0.003125;False;ok;29;1;5.225;
4029;-0.12132849;38.52963759;0.00625;False;ok;66;1;3.106;
4030;-0.12132849;38.53588759;0.003125;False;ok;50;1;2.938;
4031;-0.12132849;38.53901259;0.003125;False;ok;51;1;5.292;
4032;-0.11820349;38.53588759;0.003125;False;ok;73;1;5.368;
4033;-0.11820349;38.53901259;0.003125;False;ok;57;1;5.311;
4034;-0.11507849;38.51713759;0.0125;False;ok;12;1;5.178;
4035;-0.11507849;38.52963759;0.00625;False;ok;71;1;4.969;
4036;-0.11507849;38.53588759;0.003125;False;ok;73;1;4.945;
4037;-0.11507849;38.53901259;0.003125;False;ok;14;1;2.873;
4038;-0.11195349;38.53588759;0.003125;False;ok;62;1;3.000;
4039;-0.11195349;38.53901259;0.003125;False;ok;25;1;2.918;
4040;-0.10882849;38.52963759;0.0015625;False;ok;30;1;5.104;
4041;-0.10882849;38.53120009;0.0015625;False;ok;17;1;4.910;
4042;-0.10882849;38.53276259;0.003125;False;ok;73;1;2.986;
4043;-0.10882849;38.53588759;0.003125;False;ok;72;1;3.066;
4044;-0.10882849;38.53901259;0.003125;False;ok;19;1;2.843;
4045;-0.10726599;38.52963759;0.0015625;False;ok;69;1;5.164;
4046;-0.10726599;38.53120009;0.0015625;False;ok;45;1;4.941;
4047;-0.10570349;38.52963759;0.003125;False;ok;34;1;4.812;
4048;-0.10570349;38.53276259;0.003125;False;ok;69;1;4.969;
4049;-0.10570349;38.53588759;0.003125;False;ok;71;1;2.853;
4050;-0.10570349;38.53901259;0.003125;False;ok;4;1;4.818;
4051;-0.10257849;38.51713759;0.025;False;ok;74;1;3.094;
4052;-0.10257849;38.54213759;0.025;False;ok;17;1;2.930;
4053;-0.07757849;38.51713759;0.05;False;ok;24;1;4.947;
4054;-0.07757849;38.56713759;0.00625;False;ok;41;1;5.031;
4055;-0.07757849;38.57338759;0.00625;False;ok;19;1;5.033;
4056;-0.07757849;38.57963759;0.0125;False;ok;4;1;5.075;
4057;-0.07757849;38.59213759;0.025;False;ok;67;1;2.951;
4058;-0.07757849;38.81713759;0.05;False;ok;71;1;5.092;
4059;-0.07757849;38.86713759;0.025;False;ok;62;1;3.047;
4060;-0.07757849;38.89213759;0.025;False;ok;74;1;5.146;
4061;-0.07132849;38.56713759;0.00625;False;ok;30;1;2.911;
4062;-0.07132849;38.57338759;0.00625;False;ok;68;1;4.770;
4063;-0.06507849;38.56713759;0.0125;False;ok;14;1;4.768;
4064;-0.06507849;38.57963759;0.0125;False;ok;23;1;4.838;
4065;-0.05257849;38.59213759;0.00625;False;ok;33;1;2.918;
4066;-0.05257849;38.59838759;0.00625;False;ok;75;1;3.000;
4067;-0.05257849;38.60463759;0.0125;False;ok;7;1;2.884;
4068;-0.05257849;38.86713759;0.025;False;ok;75;1;4.974;
4069;-0.05257849;38.89213759;0.025;False;ok;12;1;4.971;
4070;-0.04632849;38.59838759;0.00625;False;ok;31;1;2.820;
4071;-0.04007849;38.59213759;0.0125;False;ok;0;1;3.626;
4072;-0.04007849;38.60463759;0.0125;False;ok;52;1;2.931;
4073;-0.02757849;38.61713759;0.0125;False;ok;30;1;4.964;
4074;-0.02757849;38.62963759;0.0125;False;ok;34;1;5.136;
4075;-0.02757849;38.64213759;0.025;False;ok;12;1;5.016;
4076;-0.02757849;38.66713759;0.05;False;ok;5;1;4.994;
4077;-0.02757849;38.71713759;0.05;False;ok;22;1;3.050;
4078;-0.02757849;38.76713759;0.05;False;ok;23;1;5.068;
4079;-0.02757849;38.81713759;0.025;False;ok;8;1;5.252;
4080;-0.02757849;38.84213759;0.025;False;ok;48;1;3.042;
4081;-0.02757849;38.86713759;0.05;False;ok;64;1;5.199;
4082;-0.02757849;39.91713759;0.1;False;ok;68;1;3.186;
4083;-0.02757849;40.01713759;0.1;False;ok;71;1;5.478;
4084;-0.02757849;40.11713759;0.1;False;ok;14;1;5.266;
4085;-0.02757849;40.21713759;0.1;False;ok;5;1;5.120;
4086;-0.02757849;40.31713759;0.1;False;ok;7;1;2.971;
4087;-0.02757849;40.41713759;0.1;False;ok;11;1;5.003;
4088;-0.02757849;40.51713759;0.1;False;ok;0;1;3.622;
4089;-0.02757849;40.61713759;0.1;False;ok;1;1;4.920;
4090;-0.02757849;40.71713759;0.1;False;ok;21;1;3.031;
4091;-0.02757849;40.81713759;0.1;False;ok;6;1;5.242;
4092;-0.02757849;40.91713759;0.1;False;ok;3;1;2.940;
4093;-0.02757849;41.41713759;0.1;False;ok;0;1;5.788;
4094;-0.01507849;38.61713759;0.0125;False;ok;4;1;2.949;
4095;-0.01507849;38.62963759;0.0125;False;ok;59;1;3.081;
4096;-0.00257849;38.62963759;0.0125;False;ok;47;1;5.140;
4097;-0.00257849;38.64213759;0.025;False;ok;5;1;5.091;
4098;-0.00257849;38.81713759;0.025;False;ok;20;1;5.226;
4099;-0.00257849;38.84213759;0.0125;False;ok;15;1;2.932;
4100;-0.00257849;38.85463759;0.0125;False;ok;71;1;5.134;
4101;0.00992151;38.62963759;0.0125;False;ok;38;1;5.178;
4102;0.00992151;38.84213759;0.0125;False;ok;23;1;2.890;
4103;0.00992151;38.85463759;0.0125;False;ok;70;1;2.999;
4104;0.02242151;38.62963759;0.00625;False;ok;37;1;5.317;
4105;0.02242151;38.63588759;0.00625;False;ok;15;1;5.114;
4106;0.02242151;38.64213759;0.0125;False;ok;36;1;2.888;
4107;0.02242151;38.65463759;0.0125;False;ok;23;1;5.236;
4108;0.02242151;38.66713759;0.025;False;ok;10;1;5.227;
4109;0.02242151;38.69213759;0.025;False;ok;9;1;5.133;
4110;0.02242151;38.71713759;0.05;False;ok;15;1;2.845;
4111;0.02242151;38.76713759;0.05;False;ok;66;1;5.161;
4112;0.02242151;38.81713759;0.025;False;ok;3;1;4.881;
4113;0.02242151;38.84213759;0.0125;False;ok;2;1;2.809;
4114;0.02242151;38.85463759;0.0125;False;ok;75;1;2.996;
4115;0.02867151;38.62963759;0.00625;False;ok;30;1;2.970;
4116;0.02867151;38.63588759;0.00625;False;ok;33;1;4.982;
4117;0.03492151;38.62963759;0.0125;False;ok;74;1;3.026;
4118;0.03492151;38.64213759;0.00625;False;ok;30;1;2.872;
4119;0.03492151;38.64838759;0.00625;False;ok;20;1;5.053;
4120;0.03492151;38.65463759;0.0125;False;ok;17;1;5.296;
4121;0.03492151;38.85463759;0.0125;False;ok;58;1;5.392;
4122;0.04117151;38.64213759;0.00625;False;ok;73;1;2.940;
4123;0.04117151;38.64838759;0.00625;False;ok;9;1;5.256;
4124;0.04742151;38.62963759;0.0125;False;ok;33;1;2.886;
4125;0.04742151;38.64213759;0.003125;False;ok;73;1;5.533;
4126;0.04742151;38.64526259;0.003125;False;ok;1;1;2.930;
4127;0.04742151;38.64838759;0.00625;False;ok;15;1;5.349;
4128;0.04742151;38.65463759;0.0125;False;ok;32;1;5.428;
4129;0.04742151;38.66713759;0.025;False;ok;73;1;5.358;
4130;0.04742151;38.69213759;0.025;False;ok;29;1;3.046;
4131;0.04742151;38.81713759;0.025;False;ok;10;1;5.288;
4132;0.04742151;38.84213759;0.0125;False;ok;0;1;6.122;
4133;0.04742151;38.85463759;0.00625;False;ok;59;1;5.564;
4134;0.04742151;38.86088759;0.00625;False;ok;32;1;3.073;
4135;0.05054651;38.64213759;0.003125;False;ok;73;1;5.620;
4136;0.05367151;38.64213759;0.003125;False;ok;73;1;5.508;
4137;0.05367151;38.64838759;0.00625;False;ok;20;1;3.022;
4138;0.05367151;38.85463759;0.00625;False;ok;72;1;3.150;
4139;0.05367151;38.86088759;0.00625;False;ok;8;1;2.850;
4140;0.05679651;38.64213759;0.003125;False;ok;74;1;2.994;
4141;0.05679651;38.64526259;0.003125;False;ok;27;1;5.043;
4142;0.05992151;38.63588759;0.00625;False;ok;64;1;4.972;
4143;0.05992151;38.64213759;0.00625;False;ok;40;1;2.994;
4144;0.05992151;38.64838759;0.00625;False;ok;50;1;5.064;
4145;0.05992151;38.65463759;0.00625;False;ok;43;1;2.974;
4146;0.05992151;38.66088759;0.00625;False;ok;21;1;5.217;
4147;0.05992151;38.84213759;0.0125;False;ok;25;1;5.178;
4148;0.05992151;38.85463759;0.00625;False;ok;71;1;3.042;
4149;0.06617151;38.63588759;0.00625;False;ok;75;1;3.032;
4150;0.06617151;38.64213759;0.003125;False;ok;7;1;2.811;
4151;0.06617151;38.64838759;0.00625;False;ok;22;1;4.885;
4152;0.06617151;38.65463759;0.00625;False;ok;24;1;4.770;
4153;0.06617151;38.66088759;0.00625;False;ok;33;1;2.756;
4154;0.06617151;38.85463759;0.00625;False;ok;62;1;4.646;
4155;0.06929651;38.64213759;0.003125;False;ok;75;1;4.632;
4156;0.06929651;38.64526259;0.003125;False;ok;22;1;4.502;
4157;0.07242151;38.51713759;0.1;False;ok;0;1;5.055;
4158;0.07242151;38.61713759;0.025;False;ok;38;1;4.499;
4159;0.07242151;38.64213759;0.00625;False;ok;73;1;2.748;
4160;0.07242151;38.64838759;0.003125;False;ok;72;1;4.499;
4161;0.07242151;38.65151259;0.003125;False;ok;38;1;4.369;
4162;0.07242151;38.65463759;0.00625;False;ok;48;1;2.768;
4163;0.07242151;38.66088759;0.00625;False;ok;39;1;2.724;
4164;0.07242151;38.66713759;0.0125;False;ok;71;1;3.028;
4165;0.07242151;38.67963759;0.0125;False;ok;13;1;4.306;
4166;0.07242151;38.69213759;0.025;False;ok;42;1;2.646;
4167;0.07242151;38.71713759;0.05;False;ok;30;1;2.540;
4168;0.07242151;38.76713759;0.05;False;ok;67;1;4.504;
4169;0.07242151;38.81713759;0.025;False;ok;56;1;4.360;
4170;0.07242151;38.84213759;0.0125;False;ok;70;1;4.374;
4171;0.07242151;38.85463759;0.0125;False;ok;39;1;4.466;
4172;0.07242151;40.01713759;0.05;False;ok;53;1;2.722;
4173;0.07242151;40.21713759;0.1;False;ok;5;1;2.595;
4174;0.07242151;40.31713759;0.1;False;ok;1;1;4.009;
4175;0.07242151;40.41713759;0.1;False;ok;5;1;2.648;
4176;0.07242151;40.51713759;0.1;False;ok;6;1;4.222;
4177;0.07242151;40.61713759;0.1;False;ok;8;1;4.599;
4178;0.07242151;40.71713759;0.1;False;ok;9;1;4.704;
4179;0.07242151;40.81713759;0.1;False;ok;69;1;2.811;
4180;0.07242151;40.91713759;0.1;False;ok;20;1;4.647;
4181;0.07242151;41.11713759;0.1;False;ok;3;1;2.648;
4182;0.07242151;41.61713759;0.1;False;ok;1;1;2.522;
4183;0.07554651;38.64838759;0.003125;False;ok;67;1;4.826;
4184;0.07554651;38.65151259;0.003125;False;ok;21;1;4.734;
4185;0.07867151;38.65463759;0.00625;False;ok;10;1;4.430;
4186;0.07867151;38.66088759;0.00625;False;ok;36;1;4.736;
4187;0.08492151;38.65463759;0.0125;False;ok;29;1;4.390;
4188;0.08492151;38.66713759;0.0125;False;ok;66;1;2.725;
4189;0.08492151;38.67963759;0.00625;False;ok;24;1;2.755;
4190;0.08492151;38.68588759;0.00625;False;ok;8;1;2.628;
4191;0.08492151;38.84213759;0.00625;False;ok;6;1;4.542;
4192;0.08492151;38.84838759;0.00625;False;ok;72;1;2.761;
4193;0.09117151;38.67963759;0.00625;False;ok;30;1;4.562;
4194;0.09117151;38.68588759;0.00625;False;ok;43;1;2.763;
4195;0.09117151;38.84213759;0.00625;False;ok;39;1;2.665;
4196;0.09117151;38.84838759;0.00625;False;ok;62;1;4.733;
4197;0.09742151;38.66713759;0.0125;False;ok;59;1;4.538;
4198;0.09742151;38.67963759;0.0125;False;ok;73;1;4.570;
4199;0.09742151;38.69213759;0.025;False;ok;71;1;4.542;
4200;0.09742151;38.81713759;0.0125;False;ok;44;1;2.566;
4201;0.09742151;38.82963759;0.0125;False;ok;70;1;4.537;
4202;0.09742151;38.84213759;0.00625;False;ok;73;1;2.753;
4203;0.09742151;38.84838759;0.00625;False;ok;26;1;4.676;
4204;0.10367151;38.84213759;0.00625;False;ok;61;1;4.435;
4205;0.10992151;38.66713759;0.0125;False;ok;18;1;2.543;
4206;0.10992151;38.67963759;0.0125;False;ok;68;1;4.593;
4207;0.10992151;38.81713759;0.0125;False;ok;55;1;4.620;
4208;0.10992151;38.82963759;0.0125;False;ok;73;1;4.915;
4209;0.10992151;38.84213759;0.0125;False;ok;18;1;2.656;
4210;0.12242151;38.67963759;0.0125;False;ok;74;1;2.882;
4211;0.12242151;38.69213759;0.0125;False;ok;68;1;2.867;
4212;0.12242151;38.70463759;0.0125;False;ok;16;1;4.466;
4213;0.12242151;38.71713759;0.025;False;ok;20;1;4.436;
4214;0.12242151;38.74213759;0.025;False;ok;28;1;2.798;
4215;0.12242151;38.76713759;0.025;False;ok;32;1;4.153;
4216;0.12242151;38.79213759;0.025;False;ok;48;1;2.707;
4217;0.12242151;38.81713759;0.0125;False;ok;59;1;2.751;
4218;0.12242151;38.82963759;0.0125;False;ok;16;1;4.088;
4219;0.12242151;40.06713759;0.025;False;ok;75;1;4.296;
4220;0.12242151;40.09213759;0.025;False;ok;72;1;4.295;
4221;0.12242151;40.11713759;0.025;False;ok;0;1;4.563;
4222;0.13492151;38.67963759;0.0125;False;ok;73;1;2.503;
4223;0.13492151;38.69213759;0.0125;False;ok;51;1;4.294;
4224;0.13492151;38.70463759;0.0125;False;ok;53;1;2.476;
4225;0.13492151;38.81713759;0.0125;False;ok;27;1;2.409;
4226;0.13492151;38.82963759;0.0125;False;ok;14;1;4.087;
4227;0.14742151;38.66713759;0.025;False;ok;14;1;3.937;
4228;0.14742151;38.69213759;0.0125;False;ok;49;1;4.444;
4229;0.14742151;38.70463759;0.0125;False;ok;57;1;2.390;
4230;0.14742151;38.71713759;0.025;False;ok;69;1;4.305;
4231;0.14742151;38.74213759;0.025;False;ok;51;1;2.482;
4232;0.14742151;38.76713759;0.025;False;ok;69;1;4.662;
4233;0.14742151;38.79213759;0.025;False;ok;32;1;2.532;
4234;0.14742151;38.81713759;0.025;False;ok;6;1;4.271;
4235;0.14742151;40.09213759;0.0125;False;ok;9;1;4.805;
4236;0.14742151;40.10463759;0.00625;False;ok;75;1;4.930;
4237;0.14742151;40.11088759;0.00625;False;ok;75;1;2.820;
4238;0.14742151;40.11713759;0.00625;False;ok;74;1;2.893;
4239;0.14742151;40.12338759;0.00625;False;ok;6;1;2.751;
4240;0.15367151;40.11088759;0.00625;False;ok;75;1;4.800;
4241;0.15367151;40.11713759;0.00625;False;ok;75;1;5.009;
4242;0.15367151;40.12338759;0.00625;False;ok;75;1;3.286;
4243;0.15992151;38.69213759;0.0125;False;ok;2;1;4.712;
4244;0.15992151;38.70463759;0.0125;False;ok;49;1;5.008;
4245;0.15992151;40.12963759;0.0125;False;ok;29;1;3.040;
4246;0.17242151;38.71713759;0.025;False;ok;22;1;5.032;
4247;0.17242151;38.74213759;0.0125;False;ok;20;1;4.961;
4248;0.17242151;38.75463759;0.0125;False;ok;29;1;2.948;
4249;0.17242151;38.76713759;0.0125;False;ok;73;1;5.152;
4250;0.17242151;38.77963759;0.0125;False;ok;73;1;5.166;
4251;0.17242151;38.79213759;0.025;False;ok;71;1;2.988;
4252;0.17242151;40.11713759;0.1;False;ok;23;1;2.857;
4253;0.17242151;40.21713759;0.05;False;ok;7;1;4.961;
4254;0.17242151;40.41713759;0.1;False;ok;18;1;2.837;
4255;0.17242151;40.51713759;0.1;False;ok;6;1;4.545;
4256;0.17242151;40.61713759;0.1;False;ok;5;1;4.936;
4257;0.17242151;40.81713759;0.1;False;ok;75;1;5.014;
4258;0.17242151;40.91713759;0.1;False;ok;30;1;4.871;
4259;0.17242151;41.01713759;0.1;False;ok;15;1;4.950;
4260;0.17242151;41.11713759;0.1;False;ok;2;1;2.677;
4261;0.17242151;41.61713759;0.1;False;ok;2;1;2.669;
4262;0.18492151;38.74213759;0.0125;False;ok;29;1;2.782;
4263;0.18492151;38.75463759;0.0125;False;ok;46;1;5.109;
4264;0.18492151;38.76713759;0.00625;False;ok;75;1;5.272;
4265;0.18492151;38.77338759;0.00625;False;ok;73;1;3.011;
4266;0.18492151;38.77963759;0.0125;False;ok;9;1;2.815;
4267;0.19117151;38.76713759;0.00625;False;ok;48;1;2.944;
4268;0.19742151;38.72963759;0.0125;False;ok;54;1;5.475;
4269;0.19742151;38.74213759;0.00625;False;ok;15;1;5.307;
4270;0.19742151;38.74838759;0.00625;False;ok;28;1;5.110;
4271;0.19742151;38.75463759;0.0125;False;ok;72;1;5.218;
4272;0.19742151;38.76713759;0.025;False;ok;12;1;2.877;
4273;0.20367151;38.74213759;0.00625;False;ok;19;1;2.954;
4274;0.20367151;38.74838759;0.00625;False;ok;24;1;5.054;
4275;0.20992151;38.72963759;0.0125;False;ok;42;1;5.183;
4276;0.20992151;38.74213759;0.0125;False;ok;44;1;3.039;
4277;0.20992151;38.75463759;0.0125;False;ok;7;1;5.103;
4278;0.22242151;38.71713759;0.05;False;ok;70;1;5.269;
4279;0.22242151;40.26713759;0.05;False;ok;5;1;5.006;
4280;0.24742151;40.21713759;0.0125;False;ok;0;1;3.654;
4281;0.24742151;40.24213759;0.025;False;ok;10;1;2.965;
4282;0.25992151;40.21713759;0.0125;False;ok;56;1;3.096;
4283;0.25992151;40.22963759;0.0125;False;ok;60;1;5.066;
4284;0.27242151;40.21713759;0.025;False;ok;53;1;5.225;
4285;0.27242151;40.24213759;0.0125;False;ok;75;1;5.152;
4286;0.27242151;40.25463759;0.0125;False;ok;8;1;2.893;
4287;0.27242151;40.26713759;0.05;False;ok;1;1;2.823;
4288;0.27242151;40.31713759;0.1;False;ok;71;1;5.116;
4289;0.27242151;40.41713759;0.1;False;ok;33;1;3.065;
4290;0.27242151;40.51713759;0.1;False;ok;22;1;5.108;
4291;0.27242151;40.61713759;0.1;False;ok;8;1;5.314;
4292;0.27242151;40.71713759;0.1;False;ok;3;1;2.848;
4293;0.27242151;40.91713759;0.1;False;ok;30;1;5.664;
4294;0.27242151;41.01713759;0.1;False;ok;7;1;5.401;
4295;0.27242151;41.11713759;0.1;False;ok;3;1;2.870;
4296;0.27242151;41.21713759;0.1;False;ok;7;1;5.076;
4297;0.27242151;41.31713759;0.1;False;ok;9;1;2.975;
4298;0.27242151;41.41713759;0.1;False;ok;2;1;5.236;
4299;0.27242151;41.51713759;0.1;False;ok;3;1;5.223;
4300;0.28492151;40.24213759;0.0125;False;ok;45;1;5.418;
4301;0.28492151;40.25463759;0.0125;False;ok;73;1;3.123;
4302;0.37242151;40.35463759;0.0125;False;ok;24;1;3.038;
4303;0.37242151;40.36713759;0.025;False;ok;73;1;5.403;
4304;0.37242151;40.39213759;0.025;False;ok;2;1;5.258;
4305;0.37242151;40.41713759;0.1;False;ok;75;1;3.178;
4306;0.37242151;40.51713759;0.1;False;ok;67;1;5.342;
4307;0.37242151;40.61713759;0.1;False;ok;1;1;5.251;
4308;0.37242151;40.71713759;0.1;False;ok;5;1;3.018;
4309;0.37242151;40.81713759;0.1;False;ok;7;1;5.224;
4310;0.37242151;40.91713759;0.1;False;ok;29;1;2.985;
4311;0.37242151;41.01713759;0.1;False;ok;5;1;2.940;
4312;0.37242151;41.21713759;0.1;False;ok;6;1;5.092;
4313;0.37242151;41.41713759;0.1;False;ok;3;1;4.844;
4314;0.37242151;41.51713759;0.1;False;ok;1;1;2.789;
4315;0.38492151;40.34213759;0.0125;False;ok;63;1;2.941;
4316;0.38492151;40.35463759;0.00625;False;ok;4;1;2.891;
4317;0.38492151;40.36088759;0.00625;False;ok;55;1;5.264;
4318;0.39117151;40.35463759;0.00625;False;ok;71;1;5.379;
4319;0.39117151;40.36088759;0.00625;False;ok;69;1;5.249;
4320;0.39742151;40.35463759;0.00625;False;ok;74;1;5.181;
4321;0.39742151;40.36088759;0.00625;False;ok;75;1;3.138;
4322;0.39742151;40.36713759;0.0125;False;ok;75;1;5.195;
4323;0.39742151;40.37963759;0.0125;False;ok;75;1;3.164;
4324;0.39742151;40.39213759;0.025;False;ok;73;1;5.365;
4325;0.40367151;40.35463759;0.00625;False;ok;74;1;3.021;
4326;0.40992151;40.37963759;0.0125;False;ok;53;1;5.092;
4327;0.42242151;40.36713759;0.05;False;ok;55;1;5.348;
4328;0.47242151;40.41713759;0.1;False;ok;73;1;5.301;
4329;0.47242151;40.51713759;0.1;False;ok;75;1;3.075;
4330;0.47242151;40.61713759;0.1;False;ok;18;1;2.957;
4331;0.47242151;40.71713759;0.1;False;ok;18;1;5.143;
4332;0.47242151;40.81713759;0.1;False;ok;38;1;5.206;
4333;0.47242151;40.91713759;0.1;False;ok;19;1;2.965;
4334;0.47242151;41.01713759;0.1;False;ok;7;1;4.807;
4335;0.47242151;41.21713759;0.1;False;ok;7;1;4.963;
4336;0.47242151;41.31713759;0.1;False;ok;2;1;2.873;
4337;0.47242151;41.41713759;0.1;False;ok;1;1;2.867;
4338;0.47242151;41.51713759;0.1;False;ok;4;1;5.018;
4339;0.47242151;41.61713759;0.1;False;ok;1;1;2.908;
4340;0.57242151;40.51713759;0.1;False;ok;73;1;3.104;
4341;0.57242151;40.61713759;0.1;False;ok;74;1;3.084;
4342;0.57242151;40.71713759;0.1;False;ok;68;1;5.349;
4343;0.57242151;40.81713759;0.1;False;ok;5;1;5.274;
4344;0.57242151;40.91713759;0.1;False;ok;12;1;5.234;
4345;0.57242151;41.01713759;0.1;False;ok;42;1;5.269;
4346;0.57242151;41.11713759;0.1;False;ok;9;1;2.886;
4347;0.57242151;41.31713759;0.1;False;ok;1;1;5.215;
4348;0.57242151;41.41713759;0.1;False;ok;1;1;5.098;
4349;0.57242151;41.51713759;0.1;False;ok;13;1;5.267;
4350;0.57242151;41.61713759;0.1;False;ok;16;1;2.928;
4351;0.67242151;40.61713759;0.1;False;ok;75;1;3.183;
4352;0.67242151;40.71713759;0.05;False;ok;63;1;5.386;
4353;0.67242151;40.76713759;0.025;False;ok;16;1;2.949;
4354;0.67242151;40.79213759;0.025;False;ok;24;1;5.103;
4355;0.67242151;40.81713759;0.05;False;ok;15;1;5.219;
4356;0.67242151;40.86713759;0.05;False;ok;15;1;5.162;
4357;0.67242151;40.91713759;0.1;False;ok;4;1;5.233;
4358;0.67242151;41.01713759;0.1;False;ok;16;1;2.911;
4359;0.67242151;41.11713759;0.1;False;ok;14;1;2.927;
4360;0.67242151;41.21713759;0.1;False;ok;12;1;5.157;
4361;0.67242151;41.41713759;0.1;False;ok;3;1;2.835;
4362;0.67242151;41.51713759;0.1;False;ok;1;1;4.995;
4363;0.67242151;41.61713759;0.1;False;ok;3;1;2.673;
4364;0.69742151;40.79213759;0.025;False;ok;72;1;2.928;
4365;0.72242151;40.71713759;0.05;False;ok;67;1;2.998;
4366;0.72242151;40.81713759;0.05;False;ok;53;1;5.042;
4367;0.72242151;40.86713759;0.05;False;ok;7;1;5.124;
4368;0.77242151;40.61713759;0.1;False;ok;51;1;5.166;
4369;0.77242151;40.71713759;0.05;False;ok;4;1;5.133;
4370;0.77242151;40.81713759;0.05;False;ok;2;1;2.739;
4371;0.77242151;40.86713759;0.025;False;ok;20;1;2.810;
4372;0.77242151;40.89213759;0.025;False;ok;11;1;5.141;
4373;0.77242151;40.91713759;0.1;False;ok;74;1;5.289;
4374;0.77242151;41.01713759;0.1;False;ok;11;1;2.853;
4375;0.77242151;41.11713759;0.1;False;ok;42;1;5.163;
4376;0.77242151;41.21713759;0.1;False;ok;13;1;2.820;
4377;0.77242151;41.31713759;0.1;False;ok;5;1;4.933;
4378;0.77242151;41.41713759;0.1;False;ok;4;1;4.939;
4379;0.77242151;41.51713759;0.1;False;ok;5;1;4.730;
4380;0.79742151;40.86713759;0.025;False;ok;59;1;5.005;
4381;0.79742151;40.90463759;0.0125;False;ok;38;1;2.923;
4382;0.80992151;40.89213759;0.0125;False;ok;15;1;2.929;
4383;0.80992151;40.90463759;0.0125;False;ok;39;1;4.839;
4384;0.82242151;40.71713759;0.0125;False;ok;75;1;4.720;
4385;0.82242151;40.72963759;0.0125;False;ok;4;1;2.869;
4386;0.82242151;40.86713759;0.05;False;ok;20;1;2.984;
4387;0.83492151;40.71713759;0.0125;False;ok;75;1;4.694;
4388;0.87242151;40.96713759;0.05;False;ok;30;1;2.930;
4389;0.87242151;41.01713759;0.05;False;ok;43;1;2.643;
4390;0.87242151;41.06713759;0.05;False;ok;2;1;3.807;
4391;0.87242151;41.11713759;0.1;False;ok;17;1;2.454;
4392;0.87242151;41.21713759;0.1;False;ok;35;1;4.308;
4393;0.87242151;41.31713759;0.1;False;ok;16;1;4.093;
4394;0.87242151;41.51713759;0.1;False;ok;8;1;2.268;
4395;0.87242151;41.61713759;0.1;False;ok;12;1;4.257;
4396;0.92242151;40.96713759;0.025;False;ok;15;1;4.138;
4397;0.92242151;40.99213759;0.0125;False;ok;74;1;4.292;
4398;0.92242151;41.00463759;0.0125;False;ok;40;1;2.267;
4399;0.92242151;41.01713759;0.025;False;ok;31;1;4.340;
4400;0.92242151;41.04213759;0.025;False;ok;2;1;2.074;
4401;0.92242151;41.06713759;0.05;False;ok;11;1;4.240;
4402;0.93492151;40.99213759;0.0125;False;ok;17;1;2.233;
4403;0.93492151;41.00463759;0.00625;False;ok;32;1;4.329;
4404;0.93492151;41.01088759;0.00625;False;ok;17;1;4.432;
4405;0.94117151;41.00463759;0.00625;False;ok;12;1;2.445;
4406;0.94117151;41.01088759;0.00625;False;ok;64;1;4.692;
4407;0.94742151;40.99213759;0.025;False;ok;39;1;4.646;
4408;0.94742151;41.01713759;0.0125;False;ok;74;1;2.772;
4409;0.94742151;41.02963759;0.0125;False;ok;8;1;2.662;
4410;0.95992151;41.01713759;0.0125;False;ok;21;1;4.654;
4411;0.95992151;41.02963759;0.0125;False;ok;8;1;4.842;
4412;0.97242151;41.01713759;0.05;False;ok;45;1;2.899;
4413;0.97242151;41.06713759;0.05;False;ok;2;1;2.832;
4414;0.97242151;41.11713759;0.1;False;ok;30;1;5.035;
4415;0.97242151;41.21713759;0.1;False;ok;28;1;2.841;
4416;0.97242151;41.31713759;0.1;False;ok;3;1;4.747;
4417;0.97242151;41.41713759;0.1;False;ok;7;1;2.803;
4418;0.97242151;41.51713759;0.1;False;ok;9;1;4.752;
4419;0.97242151;41.61713759;0.1;False;ok;1;1;4.698;
4420;1.02242151;41.04213759;0.0125;False;ok;7;1;4.792;
4421;1.02242151;41.05463759;0.0125;False;ok;56;1;4.933;
4422;1.02242151;41.06713759;0.025;False;ok;7;1;2.689;
4423;1.02242151;41.09213759;0.025;False;ok;3;1;2.722;
4424;1.03492151;41.05463759;0.0125;False;ok;40;1;4.773;
4425;1.04742151;41.05463759;0.0125;False;ok;75;1;4.854;
4426;1.04742151;41.06713759;0.025;False;ok;75;1;5.137;
4427;1.05992151;41.05463759;0.0125;False;ok;72;1;3.051;
4428;1.07242151;41.01713759;0.05;False;ok;75;1;2.972;
4429;1.07242151;41.06713759;0.0125;False;ok;56;1;5.060;
4430;1.07242151;41.09213759;0.025;False;ok;2;1;2.693;
4431;1.07242151;41.11713759;0.1;False;ok;42;1;4.928;
4432;1.07242151;41.21713759;0.1;False;ok;21;1;4.938;
4433;1.07242151;41.31713759;0.1;False;ok;43;1;2.918;
4434;1.07242151;41.41713759;0.1;False;ok;5;1;4.780;
4435;1.07242151;41.51713759;0.1;False;ok;6;1;4.736;
4436;1.07242151;41.61713759;0.1;False;ok;15;1;2.852;
4437;1.08492151;41.06713759;0.0125;False;ok;67;1;3.091;
4438;1.08492151;41.07963759;0.0125;False;ok;6;1;4.876;
4439;1.09742151;41.06713759;0.0125;False;ok;75;1;5.343;
4440;1.09742151;41.07963759;0.0125;False;ok;14;1;2.983;
4441;1.10992151;41.06713759;0.0125;False;ok;52;1;2.998;
4442;1.10992151;41.07963759;0.0125;False;ok;0;1;5.660;
4443;1.12242151;41.07338759;0.00625;False;ok;61;1;5.250;
4444;1.12242151;41.07963759;0.0125;False;ok;44;1;3.047;
4445;1.12242151;41.09213759;0.025;False;ok;7;1;5.174;
4446;1.12867151;41.07338759;0.00625;False;ok;61;1;2.978;
4447;1.13492151;41.07338759;0.003125;False;ok;60;1;4.975;
4448;1.13492151;41.07651259;0.003125;False;ok;27;1;4.910;
4449;1.13492151;41.07963759;0.0125;False;ok;18;1;4.804;
4450;1.13804651;41.07338759;0.003125;False;ok;47;1;2.953;
4451;1.13804651;41.07651259;0.003125;False;ok;24;1;4.767;
4452;1.14117151;41.06713759;0.00625;False;ok;75;1;3.126;
4453;1.14117151;41.07338759;0.003125;False;ok;73;1;5.200;
4454;1.14117151;41.07651259;0.003125;False;ok;68;1;4.827;
4455;1.14429651;41.07338759;0.003125;False;ok;44;1;4.820;
4456;1.14429651;41.07651259;0.003125;False;ok;35;1;3.081;
4457;1.14742151;41.05463759;0.0125;False;ok;23;1;2.930;
4458;1.14742151;41.06713759;0.003125;False;ok;61;1;4.771;
4459;1.14742151;41.07026259;0.003125;False;ok;72;1;2.987;
4460;1.14742151;41.07338759;0.00625;False;ok;58;1;4.602;
4461;1.14742151;41.07963759;0.0125;False;ok;16;1;2.860;
4462;1.14742151;41.09213759;0.025;False;ok;3;1;3.965;
4463;1.15054651;41.06713759;0.003125;False;ok;68;1;2.843;
4464;1.15054651;41.07026259;0.003125;False;ok;53;1;2.862;
4465;1.15367151;41.06713759;0.00625;False;ok;47;1;3.988;
4466;1.15992151;41.05463759;0.00625;False;ok;73;1;4.002;
4467;1.15992151;41.06088759;0.00625;False;ok;22;1;3.810;
4468;1.15992151;41.06713759;0.0125;False;ok;6;1;3.888;
4469;1.15992151;41.07963759;0.0125;False;ok;3;1;2.324;
4470;1.16617151;41.05463759;0.00625;False;ok;50;1;3.959;
4471;1.16617151;41.06088759;0.00625;False;ok;65;1;2.460;
4472;1.17242151;41.01713759;0.05;False;ok;49;1;3.966;
4473;1.17242151;41.06713759;0.00625;False;ok;33;1;2.426;
4474;1.17242151;41.07338759;0.00625;False;ok;23;1;3.831;
4475;1.17242151;41.07963759;0.0125;False;ok;68;1;3.755;
4476;1.17242151;41.11713759;0.05;False;ok;4;1;2.216;
4477;1.17242151;41.16713759;0.05;False;ok;5;1;3.619;
4478;1.17242151;41.21713759;0.1;False;ok;7;1;2.328;
4479;1.17242151;41.31713759;0.1;False;ok;16;1;3.939;
4480;1.17242151;41.41713759;0.1;False;ok;9;1;3.982;
4481;1.17242151;41.51713759;0.1;False;ok;11;1;4.120;
4482;1.17242151;41.61713759;0.1;False;ok;5;1;2.380;
4483;1.17867151;41.07338759;0.00625;False;ok;73;1;4.151;
4484;1.18492151;41.07963759;0.0125;False;ok;50;1;2.569;
4485;1.19742151;41.09213759;0.025;False;ok;3;1;4.412;
4486;1.22242151;41.06713759;0.05;False;ok;74;1;2.686;
4487;1.22242151;41.11713759;0.05;False;ok;74;1;2.764;
4488;1.22242151;41.16713759;0.05;False;ok;1;1;2.521;
4489;1.27242151;41.01713759;0.1;False;ok;0;1;5.250;
4490;1.27242151;41.11713759;0.1;False;ok;70;1;4.855;
4491;1.27242151;41.21713759;0.1;False;ok;12;1;4.623;
4492;1.27242151;41.31713759;0.1;False;ok;7;1;4.609;
4493;1.27242151;41.41713759;0.1;False;ok;8;1;2.620;
4494;1.27242151;41.51713759;0.1;False;ok;1;1;4.631;
4495;1.27242151;41.61713759;0.1;False;ok;6;1;4.590;
4496;1.37242151;41.11713759;0.025;False;ok;48;1;4.593;
4497;1.37242151;41.14213759;0.025;False;ok;5;1;2.661;
4498;1.37242151;41.16713759;0.05;False;ok;11;1;4.439;
4499;1.37242151;41.21713759;0.1;False;ok;14;1;2.745;
4500;1.37242151;41.31713759;0.1;False;ok;7;1;4.186;
4501;1.37242151;41.41713759;0.1;False;ok;0;1;3.571;
4502;1.37242151;41.51713759;0.1;False;ok;2;1;2.725;
4503;1.37242151;41.61713759;0.1;False;ok;5;1;4.251;
4504;1.39742151;41.11713759;0.025;False;ok;73;1;3.029;
4505;1.39742151;41.14213759;0.025;False;ok;73;1;4.514;
4506;1.42242151;41.11713759;0.05;False;ok;48;1;4.489;
4507;1.42242151;41.16713759;0.05;False;ok;27;1;4.542;
4508;1.47242151;41.16713759;0.05;False;ok;71;1;2.784;
4509;1.47242151;41.21713759;0.1;False;ok;37;1;4.539;
4510;1.47242151;41.31713759;0.1;False;ok;14;1;2.718;
4511;1.47242151;41.41713759;0.1;False;ok;2;1;2.542;
4512;1.47242151;41.51713759;0.1;False;ok;12;1;4.444;
4513;1.47242151;41.61713759;0.1;False;ok;7;1;2.547;
4514;1.52242151;41.16713759;0.025;False;ok;31;1;4.652;
4515;1.52242151;41.19213759;0.025;False;ok;3;1;4.636;
4516;1.54742151;41.16713759;0.025;False;ok;74;1;4.779;
4517;1.54742151;41.19213759;0.025;False;ok;23;1;2.870;
4518;1.57242151;41.16713759;0.025;False;ok;74;1;4.983;
4519;1.57242151;41.19213759;0.025;False;ok;18;1;4.990;
4520;1.57242151;41.21713759;0.1;False;ok;34;1;4.737;
4521;1.57242151;41.31713759;0.1;False;ok;30;1;2.912;
4522;1.57242151;41.41713759;0.1;False;ok;12;1;4.861;
4523;1.57242151;41.51713759;0.1;False;ok;14;1;4.920;
4524;1.57242151;41.61713759;0.1;False;ok;3;1;2.783;
4525;1.59742151;41.16713759;0.025;False;ok;33;1;4.934;
4526;1.59742151;41.19213759;0.025;False;ok;65;1;3.068;
4527;1.62242151;41.16713759;0.05;False;ok;59;1;4.925;
4528;1.67242151;41.11713759;0.1;False;ok;48;1;2.975;
4529;1.67242151;41.21713759;0.1;False;ok;71;1;5.030;
4530;1.67242151;41.31713759;0.1;False;ok;47;1;2.879;
4531;1.67242151;41.41713759;0.1;False;ok;15;1;4.836;
4532;1.67242151;41.51713759;0.1;False;ok;12;1;4.611;
4533;1.67242151;41.61713759;0.1;False;ok;15;1;2.740;
4534;1.77242151;41.21713759;0.025;False;ok;27;1;2.839;
4535;1.77242151;41.24213759;0.025;False;ok;13;1;2.789;
4536;1.77242151;41.26713759;0.05;False;ok;29;1;4.534;
4537;1.77242151;41.31713759;0.1;False;ok;23;1;2.900;
4538;1.77242151;41.41713759;0.1;False;ok;20;1;4.691;
4539;1.77242151;41.51713759;0.1;False;ok;40;1;4.867;
4540;1.77242151;41.61713759;0.1;False;ok;13;1;2.908;
4541;1.79742151;41.22963759;0.00625;False;ok;19;1;4.739;
4542;1.79742151;41.23588759;0.00625;False;ok;25;1;4.797;
4543;1.79742151;41.24213759;0.025;False;ok;18;1;2.868;
4544;1.80367151;41.22963759;0.00625;False;ok;63;1;5.012;
4545;1.80367151;41.23588759;0.003125;False;ok;40;1;4.888;
4546;1.80679651;41.23588759;0.003125;False;ok;59;1;4.711;
4547;1.80679651;41.23901259;0.003125;False;ok;7;1;4.723;
4548;1.80992151;41.22963759;0.00625;False;ok;20;1;2.789;
4549;1.80992151;41.23588759;0.00625;False;ok;59;1;2.959;
4550;1.81617151;41.22963759;0.00625;False;ok;2;1;4.477;
4551;1.81617151;41.23588759;0.00625;False;ok;26;1;2.845;
4552;1.82242151;41.21713759;0.05;False;ok;59;1;4.530;
4553;1.87242151;41.21713759;0.1;False;ok;62;1;4.481;
4554;1.87242151;41.31713759;0.1;False;ok;19;1;4.276;
4555;1.87242151;41.41713759;0.1;False;ok;24;1;2.742;
4556;1.87242151;41.51713759;0.1;False;ok;7;1;4.204;
4557;1.87242151;41.61713759;0.1;False;ok;7;1;2.704;
4558;1.97242151;41.21713759;0.1;False;ok;71;1;2.907;
4559;1.97242151;41.31713759;0.1;False;ok;43;1;4.099;
4560;1.97242151;41.41713759;0.1;False;ok;38;1;2.733;
4561;1.97242151;41.51713759;0.1;False;ok;65;1;2.668;
4562;1.97242151;41.61713759;0.1;False;ok;5;1;3.496;
4563;2.07242151;41.21713759;0.1;False;ok;2;1;2.383;
4564;2.07242151;41.31713759;0.05;False;ok;66;1;3.628;
4565;2.07242151;41.36713759;0.05;False;ok;73;1;3.575;
4566;2.07242151;41.41713759;0.1;False;ok;69;1;3.370;
4567;2.07242151;41.51713759;0.1;False;ok;18;1;2.282;
4568;2.07242151;41.61713759;0.1;False;ok;11;1;3.070;
4569;2.12242151;41.31713759;0.05;False;ok;70;1;3.206;
4570;2.12242151;41.36713759;0.0125;False;ok;75;1;3.226;
4571;2.12242151;41.37963759;0.0125;False;ok;52;1;2.156;
4572;2.12242151;41.39213759;0.025;False;ok;75;1;3.295;
4573;2.13492151;41.36713759;0.0125;False;ok;75;1;3.145;
4574;2.13492151;41.37963759;0.0125;False;ok;69;1;2.141;
4575;2.14742151;41.36713759;0.00625;False;ok;7;1;2.773;
4576;2.14742151;41.37338759;0.00625;False;ok;28;1;2.057;
4577;2.14742151;41.37963759;0.00625;False;ok;59;1;2.904;
4578;2.14742151;41.38588759;0.00625;False;ok;28;1;2.950;
4579;2.14742151;41.39213759;0.00625;False;ok;40;1;2.215;
4580;2.14742151;41.39838759;0.00625;False;ok;31;1;2.034;
4581;2.14742151;41.40463759;0.0125;False;ok;51;1;2.882;
4582;2.15367151;41.36713759;0.00625;False;ok;21;1;2.147;
4583;2.15367151;41.37338759;0.00625;False;ok;75;1;2.217;
4584;2.15367151;41.37963759;0.00625;False;ok;63;1;3.314;
4585;2.15367151;41.38588759;0.00625;False;ok;75;1;3.432;
4586;2.15367151;41.39213759;0.00625;False;ok;72;1;3.827;
4587;2.15367151;41.39838759;0.00625;False;ok;70;1;2.340;
4588;2.15992151;41.36713759;0.00625;False;ok;41;1;3.977;
4589;2.15992151;41.37338759;0.00625;False;ok;73;1;3.897;
4590;2.15992151;41.37963759;0.00625;False;ok;73;1;4.061;
4591;2.15992151;41.38588759;0.00625;False;ok;74;1;4.029;
4592;2.15992151;41.39213759;0.00625;False;ok;74;1;2.611;
4593;2.15992151;41.39838759;0.00625;False;ok;64;1;4.085;
4594;2.15992151;41.40463759;0.0125;False;ok;74;1;4.039;
4595;2.16617151;41.36713759;0.00625;False;ok;34;1;2.487;
4596;2.16617151;41.37338759;0.00625;False;ok;67;1;2.527;
4597;2.16617151;41.37963759;0.00625;False;ok;70;1;3.932;
4598;2.16617151;41.38588759;0.003125;False;ok;43;1;3.893;
4599;2.16617151;41.38901259;0.003125;False;ok;27;1;3.898;
4600;2.16617151;41.39213759;0.00625;False;ok;72;1;2.754;
4601;2.16617151;41.39838759;0.00625;False;ok;55;1;3.814;
4602;2.16929651;41.38588759;0.003125;False;ok;34;1;4.050;
4603;2.16929651;41.38901259;0.003125;False;ok;29;1;2.591;
4604;2.17242151;41.36713759;0.0125;False;ok;68;1;2.596;
4605;2.17242151;41.37963759;0.003125;False;ok;43;1;4.448;
4606;2.17242151;41.38276259;0.003125;False;ok;24;1;2.593;
4607;2.17242151;41.38588759;0.00625;False;ok;74;1;4.356;
4608;2.17242151;41.39213759;0.00625;False;ok;72;1;2.590;
4609;2.17242151;41.39838759;0.00625;False;ok;74;1;2.624;
4610;2.17242151;41.40463759;0.00625;False;ok;74;1;4.387;
4611;2.17242151;41.41088759;0.00625;False;ok;28;1;4.604;
4612;2.17242151;41.41713759;0.05;False;ok;74;1;4.769;
4613;2.17242151;41.46713759;0.05;False;ok;3;1;2.555;
4614;2.17242151;41.51713759;0.1;False;ok;23;1;4.722;
4615;2.17242151;41.61713759;0.1;False;ok;24;1;2.527;
4616;2.17554651;41.37963759;0.003125;False;ok;34;1;4.691;
4617;2.17554651;41.38276259;0.003125;False;ok;13;1;4.545;
4618;2.17867151;41.37963759;0.00625;False;ok;73;1;4.977;
4619;2.17867151;41.38588759;0.00625;False;ok;28;1;4.685;
4620;2.17867151;41.39213759;0.00625;False;ok;32;1;4.676;
4621;2.17867151;41.39838759;0.00625;False;ok;38;1;2.593;
4622;2.17867151;41.40463759;0.00625;False;ok;52;1;4.657;
4623;2.17867151;41.41088759;0.00625;False;ok;10;1;4.548;
4624;2.18492151;41.36713759;0.0125;False;ok;28;1;2.728;
4625;2.18492151;41.37963759;0.0125;False;ok;59;1;4.728;
4626;2.18492151;41.39213759;0.0125;False;ok;69;1;2.722;
4627;2.18492151;41.40463759;0.0125;False;ok;37;1;2.698;
4628;2.19742151;41.36713759;0.025;False;ok;9;1;2.661;
4629;2.19742151;41.39213759;0.0125;False;ok;72;1;2.877;
4630;2.19742151;41.40463759;0.0125;False;ok;34;1;4.217;
4631;2.20992151;41.39213759;0.0125;False;ok;9;1;4.039;
4632;2.20992151;41.40463759;0.0125;False;ok;51;1;2.874;
4633;2.22242151;41.36713759;0.05;False;ok;17;1;3.981;
4634;2.22242151;41.41713759;0.05;False;ok;74;1;2.712;
4635;2.22242151;41.46713759;0.05;False;ok;12;1;2.603;
4636;2.27242151;41.41713759;0.1;False;ok;74;1;2.694;
4637;2.27242151;41.51713759;0.1;False;ok;43;1;4.136;
4638;2.27242151;41.61713759;0.1;False;ok;21;1;4.060;
4639;2.37242151;41.41713759;0.1;False;ok;47;1;4.356;
4640;2.37242151;41.51713759;0.1;False;ok;71;1;4.539;
4641;2.37242151;41.61713759;0.1;False;ok;20;1;4.361;
4642;2.47242151;41.51713759;0.05;False;ok;20;1;2.497;
4643;2.47242151;41.56713759;0.05;False;ok;22;1;4.373;
4644;2.47242151;41.61713759;0.1;False;ok;14;1;4.313;
4645;2.52242151;41.51713759;0.05;False;ok;0;1;5.236;
4646;2.52242151;41.56713759;0.05;False;ok;52;1;2.824;
4647;-5.754968796;35.95813747;0.1;False;ok;1;1;4.100;
4648;-5.611218796;36.00813747;0.00625;False;ok;72;1;4.203;
4649;-5.617468796;36.01438747;0.00625;False;ok;72;1;4.247;
4650;-5.611218796;36.01438747;0.003125;False;ok;32;1;2.657;
4651;-5.608093796;36.01438747;0.003125;False;ok;74;1;2.901;
4652;-5.611218796;36.01751247;0.003125;False;ok;21;1;2.711;
4653;-5.608093796;36.01751247;0.003125;False;ok;18;1;2.764;
4654;-5.617468796;36.02063747;0.0125;False;ok;73;1;4.277;
4655;-5.654968796;36.03313747;0.025;False;ok;16;1;4.194;
4656;-5.629968796;36.03313747;0.025;False;ok;11;1;2.582;
4657;-5.604968796;36.00813747;0.003125;False;ok;1;1;4.188;
4658;-5.604968796;36.01126247;0.003125;False;ok;75;1;2.727;
4659;-5.601843796;36.01126247;0.003125;False;ok;38;1;4.134;
4660;-5.598718796;36.00813747;0.00625;False;ok;1;1;4.055;
4661;-5.604968796;36.01438747;0.00625;False;ok;75;1;2.748;
4662;-5.592468796;36.02063747;0.0125;False;ok;1;1;4.122;
4663;-5.579968796;36.00813747;0.025;False;ok;2;1;4.339;
4664;-5.604968796;36.03313747;0.025;False;ok;0;1;4.905;
4665;-5.854968796;36.05813747;0.05;False;ok;33;1;4.453;
4666;-5.804968796;36.05813747;0.05;False;ok;48;1;4.458;
4667;-5.854968796;36.10813747;0.025;False;ok;52;1;2.644;
4668;-5.829968796;36.10813747;0.025;False;ok;75;1;2.772;
4669;-5.854968796;36.13313747;0.025;False;ok;74;1;4.475;
4670;-5.754968796;36.05813747;0.1;False;ok;74;1;4.724;
4671;-5.654968796;36.05813747;0.1;False;ok;24;1;2.721;
4672;-5.554968796;36.05813747;0.1;False;ok;25;1;2.871;
4673;-5.454968796;36.05813747;0.1;True;ok;56;1;4.581;
4674;-5.354968796;36.05813747;0.1;True;ok;3;1;4.777;
4675;-6.154968796;36.15813747;0.1;False;ok;73;1;2.881;
4676;-6.054968796;36.18313747;0.025;False;ok;75;1;4.949;
4677;-6.029968796;36.18313747;0.025;False;ok;71;1;4.735;
4678;-6.004968796;36.15813747;0.05;False;ok;12;1;2.682;
4679;-6.054968796;36.20813747;0.05;False;ok;36;1;4.566;
4680;-6.004968796;36.20813747;0.025;False;ok;10;1;2.728;
4681;-5.979968796;36.20813747;0.025;False;ok;2;1;2.718;
4682;-5.979968796;36.23313747;0.0125;False;ok;4;1;2.602;
4683;-5.979968796;36.24563747;0.0125;False;ok;72;1;4.625;
4684;-5.967468796;36.24563747;0.00625;False;ok;47;1;4.818;
4685;-5.961218796;36.24563747;0.00625;False;ok;1;1;2.629;
4686;-5.967468796;36.25188747;0.003125;False;ok;75;1;4.770;
4687;-5.964343796;36.25188747;0.003125;False;ok;75;1;4.830;
4688;-5.961218796;36.25188747;0.00625;False;ok;39;1;2.748;
4689;-5.954968796;36.15813747;0.05;False;ok;74;1;4.730;
4690;-5.904968796;36.15813747;0.05;False;ok;5;1;4.562;
4691;-5.954968796;36.20813747;0.05;False;ok;75;1;4.792;
4692;-5.904968796;36.20813747;0.05;False;ok;8;1;4.350;
4693;-5.854968796;36.15813747;0.1;False;ok;11;1;2.675;
4694;-5.554968796;36.15813747;0.1;False;ok;4;1;4.562;
4695;-5.454968796;36.15813747;0.1;False;ok;38;1;4.595;
4696;-5.354968796;36.15813747;0.1;False;ok;75;1;3.049;
4697;-6.254968796;36.25813747;0.1;False;ok;34;1;2.978;
4698;-6.154968796;36.25813747;0.05;False;ok;74;1;3.013;
4699;-6.104968796;36.27063747;0.0125;False;ok;64;1;4.656;
4700;-6.089343796;36.27063747;0.003125;False;ok;31;1;2.763;
4701;-6.092468796;36.27376247;0.003125;False;ok;74;1;4.676;
4702;-6.089343796;36.27376247;0.003125;False;ok;73;1;4.710;
4703;-6.086218796;36.27063747;0.00625;False;ok;73;1;2.947;
4704;-6.092468796;36.27688747;0.003125;False;ok;72;1;4.592;
4705;-6.089343796;36.27688747;0.003125;False;ok;74;1;2.890;
4706;-6.092468796;36.28001247;0.003125;False;ok;27;1;4.297;
4707;-6.089343796;36.28001247;0.003125;False;ok;73;1;4.547;
4708;-6.086218796;36.27688747;0.00625;False;ok;74;1;4.530;
4709;-6.079968796;36.25813747;0.025;False;ok;20;1;2.716;
4710;-6.104968796;36.28313747;0.0125;False;ok;62;1;2.778;
4711;-6.092468796;36.28313747;0.0125;False;ok;74;1;2.825;
4712;-6.104968796;36.29563747;0.0125;False;ok;1;1;4.421;
4713;-6.092468796;36.29563747;0.0125;False;ok;30;1;2.775;
4714;-6.079968796;36.28313747;0.025;False;ok;61;1;4.548;
4715;-6.154968796;36.30813747;0.025;False;ok;20;1;4.559;
4716;-6.129968796;36.30813747;0.025;False;ok;72;1;4.668;
4717;-6.154968796;36.33313747;0.025;False;ok;70;1;4.578;
4718;-6.129968796;36.33313747;0.025;False;ok;35;1;4.454;
4719;-6.104968796;36.30813747;0.025;False;ok;74;1;3.002;
4720;-6.079968796;36.30813747;0.025;False;ok;53;1;4.536;
4721;-6.104968796;36.33313747;0.025;False;ok;62;1;2.769;
4722;-6.079968796;36.33313747;0.025;False;ok;44;1;4.490;
4723;-6.054968796;36.25813747;0.1;False;ok;75;1;2.888;
4724;-5.954968796;36.25813747;0.1;False;ok;13;1;2.753;
4725;-5.854968796;36.25813747;0.1;False;ok;50;1;4.608;
4726;-5.754968796;36.25813747;0.1;False;ok;6;1;2.672;
4727;-5.454968796;36.25813747;0.1;False;ok;8;1;4.625;
4728;-5.354968796;36.25813747;0.1;False;ok;72;1;4.717;
4729;-5.254968796;36.30813747;0.025;False;ok;72;1;2.873;
4730;-5.254968796;36.33313747;0.0125;False;ok;67;1;4.580;
4731;-5.242468796;36.33313747;0.0125;False;ok;61;1;4.524;
4732;-5.254968796;36.34563747;0.0125;False;ok;15;1;4.280;
4733;-5.242468796;36.34563747;0.00625;False;ok;30;1;2.700;
4734;-5.236218796;36.34563747;0.00625;False;ok;34;1;2.681;
4735;-5.242468796;36.35188747;0.00625;False;ok;40;1;4.388;
4736;-5.236218796;36.35188747;0.00625;False;ok;73;1;4.516;
4737;-5.229968796;36.33313747;0.025;False;ok;4;1;4.192;
4738;-6.204968796;36.35813747;0.025;False;ok;73;1;4.593;
4739;-6.179968796;36.35813747;0.0125;False;ok;68;1;4.719;
4740;-6.167468796;36.35813747;0.0125;False;ok;33;1;4.469;
4741;-6.179968796;36.37063747;0.0125;False;ok;74;1;2.872;
4742;-6.167468796;36.37063747;0.0125;False;ok;33;1;2.743;
4743;-6.204968796;36.38313747;0.025;False;ok;30;1;2.749;
4744;-6.179968796;36.38313747;0.025;False;ok;72;1;4.550;
4745;-6.254968796;36.40813747;0.05;False;ok;19;1;2.699;
4746;-6.204968796;36.40813747;0.05;False;ok;50;1;4.349;
4747;-6.154968796;36.35813747;0.05;False;ok;72;1;2.909;
4748;-6.104968796;36.35813747;0.05;False;ok;30;1;2.795;
4749;-6.154968796;36.40813747;0.05;False;ok;73;1;4.415;
4750;-6.054968796;36.35813747;0.1;False;ok;2;1;4.118;
4751;-5.954968796;36.35813747;0.1;False;ok;23;1;4.241;
4752;-5.754968796;36.35813747;0.1;False;ok;1;1;4.184;
4753;-5.554968796;36.35813747;0.1;False;ok;3;1;2.585;
4754;-5.454968796;36.35813747;0.1;False;ok;31;1;2.696;
4755;-5.354968796;36.35813747;0.1;False;ok;29;1;2.648;
4756;-5.254968796;36.35813747;0.0125;False;ok;44;1;4.516;
4757;-5.242468796;36.35813747;0.00625;False;ok;20;1;4.311;
4758;-5.236218796;36.35813747;0.00625;False;ok;71;1;2.909;
4759;-5.242468796;36.36438747;0.00625;False;ok;34;1;4.386;
4760;-5.236218796;36.36438747;0.00625;False;ok;27;1;4.257;
4761;-5.254968796;36.37063747;0.0125;False;ok;10;1;4.238;
4762;-5.242468796;36.37063747;0.0125;False;ok;2;1;4.163;
4763;-5.229968796;36.35813747;0.025;False;ok;75;1;4.346;
4764;-5.254968796;36.38313747;0.025;False;ok;32;1;2.628;
4765;-5.229968796;36.38313747;0.025;False;ok;73;1;2.881;
4766;-5.204968796;36.35813747;0.05;False;ok;75;1;4.567;
4767;-5.254968796;36.40813747;0.05;False;ok;74;1;4.413;
4768;-5.204968796;36.40813747;0.025;False;ok;74;1;4.851;
4769;-5.179968796;36.40813747;0.0125;False;ok;36;1;2.828;
4770;-5.167468796;36.41438747;0.00625;False;ok;46;1;2.723;
4771;-5.161218796;36.41438747;0.003125;False;ok;63;1;2.735;
4772;-5.158093796;36.41438747;0.003125;False;ok;19;1;2.644;
4773;-5.161218796;36.41751247;0.003125;False;ok;53;1;4.592;
4774;-5.158093796;36.41751247;0.003125;False;ok;12;1;4.495;
4775;-5.167468796;36.42063747;0.0125;False;ok;70;1;4.684;
4776;-5.204968796;36.43313747;0.025;False;ok;0;1;5.016;
4777;-5.179968796;36.43313747;0.025;False;ok;6;1;2.670;
4778;-5.154968796;36.40813747;0.0125;False;ok;38;1;2.745;
4779;-5.154968796;36.42063747;0.00625;False;ok;73;1;4.430;
4780;-5.148718796;36.42063747;0.00625;False;ok;73;1;4.492;
4781;-5.154968796;36.42688747;0.00625;False;ok;34;1;4.448;
4782;-5.148718796;36.42688747;0.00625;False;ok;70;1;4.679;
4783;-5.142468796;36.42063747;0.0125;False;ok;72;1;2.889;
4784;-5.129968796;36.40813747;0.025;False;ok;37;1;2.811;
4785;-5.154968796;36.43313747;0.025;False;ok;71;1;4.677;
4786;-5.129968796;36.43313747;0.025;False;ok;49;1;2.913;
4787;-5.104968796;36.40813747;0.05;False;ok;74;1;4.618;
4788;-5.054968796;36.35813747;0.1;False;ok;61;1;4.576;
4789;-6.304968796;36.45813747;0.05;False;ok;75;1;2.998;
4790;-6.354968796;36.50813747;0.05;False;ok;9;1;4.310;
4791;-6.292468796;36.50813747;0.0125;False;ok;70;1;4.480;
4792;-6.304968796;36.52688747;0.003125;False;ok;48;1;2.917;
4793;-6.301843796;36.52688747;0.003125;False;ok;25;1;4.171;
4794;-6.304968796;36.53001247;0.003125;False;ok;48;1;2.773;
4795;-6.301843796;36.53001247;0.003125;False;ok;75;1;4.640;
4796;-6.298718796;36.52688747;0.003125;False;ok;16;1;4.356;
4797;-6.295593796;36.52688747;0.003125;False;ok;43;1;2.819;
4798;-6.298718796;36.53001247;0.003125;False;ok;60;1;2.806;
4799;-6.295593796;36.53001247;0.003125;False;ok;75;1;2.854;
4800;-6.292468796;36.52063747;0.0125;False;ok;74;1;4.688;
4801;-6.279968796;36.50813747;0.025;False;ok;37;1;4.570;
4802;-6.304968796;36.53313747;0.00625;False;ok;74;1;2.725;
4803;-6.298718796;36.53313747;0.003125;False;ok;75;1;4.615;
4804;-6.295593796;36.53313747;0.003125;False;ok;60;1;4.630;
4805;-6.298718796;36.53626247;0.003125;False;ok;11;1;4.497;
4806;-6.295593796;36.53626247;0.003125;False;ok;5;1;4.380;
4807;-6.292468796;36.53313747;0.0125;False;ok;4;1;2.678;
4808;-6.254968796;36.45813747;0.1;False;ok;73;1;4.568;
4809;-6.154968796;36.45813747;0.1;False;ok;17;1;2.774;
4810;-5.954968796;36.45813747;0.1;False;ok;34;1;4.401;
4811;-5.754968796;36.45813747;0.1;False;ok;35;1;4.394;
4812;-5.454968796;36.45813747;0.1;False;ok;28;1;4.470;
4813;-5.354968796;36.45813747;0.1;False;ok;48;1;2.878;
4814;-5.254968796;36.45813747;0.1;False;ok;13;1;2.794;
4815;-5.154968796;36.45813747;0.1;False;ok;73;1;4.828;
4816;-5.054968796;36.45813747;0.0125;False;ok;75;1;2.971;
4817;-5.042468796;36.45813747;0.0125;False;ok;63;1;4.698;
4818;-5.054968796;36.47063747;0.0125;False;ok;41;1;2.798;
4819;-5.042468796;36.47063747;0.0125;False;ok;57;1;4.568;
4820;-5.029968796;36.45813747;0.0125;False;ok;71;1;2.873;
4821;-5.017468796;36.45813747;0.0125;False;ok;18;1;4.428;
4822;-5.029968796;36.47063747;0.0125;False;ok;53;1;2.751;
4823;-5.017468796;36.47063747;0.0125;False;ok;28;1;4.208;
4824;-5.054968796;36.48313747;0.025;False;ok;48;1;4.061;
4825;-5.029968796;36.48313747;0.025;False;ok;69;1;4.489;
4826;-5.004968796;36.45813747;0.025;False;ok;75;1;4.509;
4827;-4.979968796;36.45813747;0.025;False;ok;50;1;2.883;
4828;-5.004968796;36.48313747;0.025;False;ok;75;1;2.795;
4829;-4.979968796;36.48313747;0.0125;False;ok;73;1;4.647;
4830;-4.967468796;36.48313747;0.00625;False;ok;68;1;2.837;
4831;-4.961218796;36.48313747;0.003125;False;ok;31;1;4.331;
4832;-4.958093796;36.48313747;0.003125;False;ok;10;1;2.696;
4833;-4.961218796;36.48626247;0.003125;False;ok;66;1;4.301;
4834;-4.958093796;36.48626247;0.003125;False;ok;54;1;4.634;
4835;-4.967468796;36.48938747;0.00625;False;ok;73;1;4.559;
4836;-4.961218796;36.48938747;0.00625;False;ok;26;1;4.227;
4837;-4.979968796;36.49563747;0.0125;False;ok;46;1;2.683;
4838;-4.967468796;36.49563747;0.00625;False;ok;75;1;2.594;
4839;-4.961218796;36.49563747;0.00625;False;ok;21;1;3.990;
4840;-4.967468796;36.50188747;0.00625;False;ok;6;1;3.715;
4841;-4.961218796;36.50188747;0.00625;False;ok;19;1;2.671;
4842;-5.054968796;36.50813747;0.05;False;ok;68;1;2.688;
4843;-5.004968796;36.50813747;0.025;False;ok;64;1;4.007;
4844;-4.979968796;36.50813747;0.025;False;ok;71;1;2.571;
4845;-5.004968796;36.53313747;0.025;False;ok;2;1;3.712;
4846;-4.954968796;36.48313747;0.00625;False;ok;75;1;2.854;
4847;-4.954968796;36.48938747;0.00625;False;ok;55;1;3.802;
4848;-4.948718796;36.48938747;0.00625;False;ok;20;1;3.629;
4849;-4.954968796;36.49563747;0.0125;False;ok;75;1;2.453;
4850;-4.942468796;36.49563747;0.0125;False;ok;17;1;3.514;
4851;-4.929968796;36.48313747;0.025;False;ok;66;1;2.348;
4852;-4.904968796;36.49563747;0.0125;False;ok;74;1;3.651;
4853;-4.892468796;36.49563747;0.0125;False;ok;75;1;3.599;
4854;-4.879968796;36.48313747;0.025;False;ok;5;1;3.350;
4855;-4.954968796;36.50813747;0.025;False;ok;34;1;3.349;
4856;-4.929968796;36.50813747;0.025;False;ok;74;1;3.635;
4857;-4.954968796;36.53313747;0.025;False;ok;14;1;2.333;
4858;-4.904968796;36.50813747;0.00625;False;ok;75;1;3.652;
4859;-4.898718796;36.50813747;0.00625;False;ok;74;1;2.517;
4860;-4.904968796;36.51438747;0.00625;False;ok;4;1;3.258;
4861;-4.898718796;36.51438747;0.00625;False;ok;26;1;2.299;
4862;-4.892468796;36.50813747;0.00625;False;ok;74;1;3.822;
4863;-4.886218796;36.50813747;0.00625;False;ok;74;1;3.540;
4864;-4.892468796;36.51438747;0.00625;False;ok;9;1;2.185;
4865;-4.886218796;36.51438747;0.00625;False;ok;7;1;1.924;
4866;-4.904968796;36.52063747;0.0125;False;ok;14;1;1.984;
4867;-4.892468796;36.52063747;0.0125;False;ok;8;1;3.562;
4868;-4.879968796;36.50813747;0.025;False;ok;74;1;3.710;
4869;-4.879968796;36.53313747;0.025;False;ok;34;1;3.481;
4870;-4.854968796;36.48313747;0.025;False;ok;59;1;3.724;
4871;-4.829968796;36.49563747;0.0125;False;ok;30;1;2.461;
4872;-4.817468796;36.49563747;0.0125;False;ok;74;1;3.734;
4873;-4.804968796;36.48313747;0.025;False;ok;72;1;2.699;
4874;-4.779968796;36.48313747;0.0125;False;ok;74;1;2.721;
4875;-4.767468796;36.48313747;0.0125;False;ok;66;1;4.071;
4876;-4.779968796;36.49563747;0.0125;False;ok;57;1;4.177;
4877;-4.767468796;36.49563747;0.0125;False;ok;27;1;4.172;
4878;-4.854968796;36.50813747;0.05;False;ok;72;1;2.612;
4879;-4.804968796;36.50813747;0.05;False;ok;34;1;4.276;
4880;-4.754968796;36.48313747;0.0125;False;ok;73;1;2.613;
4881;-4.742468796;36.48313747;0.0125;False;ok;74;1;2.656;
4882;-4.754968796;36.49563747;0.0125;False;ok;61;1;4.359;
4883;-4.742468796;36.49563747;0.0125;False;ok;14;1;4.453;
4884;-4.729968796;36.48313747;0.00625;False;ok;24;1;4.314;
4885;-4.723718796;36.48626247;0.003125;False;ok;54;1;4.360;
4886;-4.720593796;36.48626247;0.003125;False;ok;74;1;4.487;
4887;-4.729968796;36.48938747;0.00625;False;ok;22;1;2.626;
4888;-4.723718796;36.48938747;0.00625;False;ok;53;1;4.853;
4889;-4.717468796;36.48313747;0.00625;False;ok;73;1;2.867;
4890;-4.711218796;36.48313747;0.00625;False;ok;5;1;4.977;
4891;-4.717468796;36.48938747;0.00625;False;ok;31;1;2.880;
4892;-4.711218796;36.48938747;0.00625;False;ok;73;1;5.017;
4893;-4.729968796;36.49563747;0.0125;False;ok;73;1;2.879;
4894;-4.717468796;36.49563747;0.0125;False;ok;74;1;4.990;
4895;-4.704968796;36.48313747;0.0125;False;ok;73;1;2.895;
4896;-4.692468796;36.48313747;0.0125;False;ok;12;1;2.774;
4897;-4.704968796;36.49563747;0.0125;False;ok;73;1;4.962;
4898;-4.692468796;36.49563747;0.0125;False;ok;74;1;4.797;
4899;-4.679968796;36.48313747;0.025;False;ok;70;1;4.790;
4900;-4.754968796;36.50813747;0.025;False;ok;58;1;4.613;
4901;-4.729968796;36.50813747;0.0125;False;ok;25;1;4.562;
4902;-4.717468796;36.50813747;0.0125;False;ok;73;1;2.855;
4903;-4.754968796;36.53313747;0.025;False;ok;13;1;4.332;
4904;-4.729968796;36.53313747;0.025;False;ok;39;1;4.601;
4905;-4.704968796;36.50813747;0.05;False;ok;72;1;4.876;
4906;-4.654968796;36.45813747;0.05;False;ok;16;1;2.703;
4907;-4.654968796;36.50813747;0.0125;False;ok;70;1;2.798;
4908;-4.642468796;36.50813747;0.0125;False;ok;74;1;2.954;
4909;-4.642468796;36.52063747;0.0125;False;ok;44;1;4.912;
4910;-4.629968796;36.50813747;0.025;False;ok;75;1;2.807;
4911;-4.654968796;36.53313747;0.025;False;ok;73;1;2.739;
4912;-4.629968796;36.53313747;0.00625;False;ok;75;1;4.946;
4913;-4.623718796;36.53313747;0.00625;False;ok;75;1;4.726;
4914;-4.629968796;36.53938747;0.00625;False;ok;57;1;4.557;
4915;-4.623718796;36.53938747;0.003125;False;ok;75;1;3.063;
4916;-4.620593796;36.53938747;0.003125;False;ok;74;1;4.472;
4917;-4.623718796;36.54251247;0.003125;False;ok;26;1;4.485;
4918;-4.620593796;36.54251247;0.003125;False;ok;69;1;3.203;
4919;-4.617468796;36.53313747;0.0125;False;ok;0;1;3.633;
4920;-4.629968796;36.54563747;0.0125;False;ok;73;1;4.832;
4921;-4.617468796;36.54563747;0.00625;False;ok;73;1;3.012;
4922;-4.617468796;36.55188747;0.00625;False;ok;73;1;3.166;
4923;-4.611218796;36.55188747;0.00625;False;ok;32;1;2.810;
4924;-4.554968796;36.45813747;0.1;False;ok;0;1;5.442;
4925;-6.454968796;36.55813747;0.1;False;ok;75;1;4.995;
4926;-6.304968796;36.55813747;0.05;False;ok;73;1;5.058;
4927;-6.354968796;36.60813747;0.05;False;ok;10;1;4.633;
4928;-6.304968796;36.60813747;0.05;False;ok;48;1;4.564;
4929;-6.229968796;36.55813747;0.025;False;ok;71;1;4.477;
4930;-6.254968796;36.58313747;0.025;False;ok;75;1;4.467;
4931;-6.229968796;36.58313747;0.025;False;ok;75;1;2.833;
4932;-6.254968796;36.60813747;0.05;False;ok;19;1;4.162;
4933;-6.204968796;36.60813747;0.05;False;ok;3;1;4.457;
4934;-6.054968796;36.55813747;0.1;False;ok;0;1;3.419;
4935;-5.954968796;36.55813747;0.1;False;ok;4;1;2.598;
4936;-5.854968796;36.55813747;0.1;False;ok;5;1;2.593;
4937;-5.754968796;36.55813747;0.1;False;ok;14;1;2.647;
4938;-5.654968796;36.55813747;0.1;False;ok;1;1;4.737;
4939;-5.554968796;36.55813747;0.1;False;ok;1;1;2.469;
4940;-5.454968796;36.55813747;0.1;False;ok;3;1;4.854;
4941;-5.354968796;36.55813747;0.1;False;ok;73;1;4.971;
4942;-5.254968796;36.55813747;0.1;False;ok;35;1;4.807;
4943;-5.154968796;36.55813747;0.1;False;ok;14;1;4.289;
4944;-5.054968796;36.55813747;0.1;False;ok;0;1;3.498;
4945;-4.954968796;36.55813747;0.1;False;ok;24;1;4.269;
4946;-4.854968796;36.55813747;0.1;False;ok;52;1;4.656;
4947;-4.754968796;36.55813747;0.05;False;ok;11;1;4.483;
4948;-4.704968796;36.55813747;0.05;False;ok;52;1;4.692;
4949;-4.754968796;36.60813747;0.05;False;ok;60;1;2.959;
4950;-4.704968796;36.60813747;0.05;False;ok;74;1;2.980;
4951;-4.654968796;36.55813747;0.025;False;ok;41;1;4.689;
4952;-4.629968796;36.55813747;0.0125;False;ok;24;1;4.756;
4953;-4.617468796;36.55813747;0.0125;False;ok;73;1;2.885;
4954;-4.629968796;36.57063747;0.0125;False;ok;5;1;2.719;
4955;-4.617468796;36.57063747;0.0125;False;ok;30;1;4.999;
4956;-4.654968796;36.58313747;0.025;False;ok;74;1;2.964;
4957;-4.629968796;36.58313747;0.025;False;ok;31;1;4.923;
4958;-4.604968796;36.55813747;0.0125;False;ok;72;1;4.775;
4959;-4.592468796;36.55813747;0.0125;False;ok;2;1;4.232;
4960;-4.604968796;36.57063747;0.0125;False;ok;75;1;5.069;
4961;-4.592468796;36.57063747;0.0125;False;ok;75;1;3.081;
4962;-4.579968796;36.55813747;0.025;False;ok;74;1;3.145;
4963;-4.604968796;36.58313747;0.025;False;ok;63;1;5.273;
4964;-4.579968796;36.58313747;0.025;False;ok;74;1;5.027;
4965;-4.654968796;36.60813747;0.05;False;ok;54;1;3.068;
4966;-4.604968796;36.60813747;0.05;False;ok;44;1;2.917;
4967;-4.554968796;36.55813747;0.025;False;ok;72;1;3.018;
4968;-4.529968796;36.55813747;0.025;False;ok;0;1;5.670;
4969;-4.554968796;36.58313747;0.0125;False;ok;73;1;3.005;
4970;-4.542468796;36.58313747;0.00625;False;ok;55;1;4.891;
4971;-4.536218796;36.58313747;0.003125;False;ok;72;1;4.993;
4972;-4.533093796;36.58313747;0.003125;False;ok;1;1;4.785;
4973;-4.536218796;36.58626247;0.003125;False;ok;73;1;4.892;
4974;-4.533093796;36.58626247;0.003125;False;ok;74;1;4.807;
4975;-4.542468796;36.58938747;0.00625;False;ok;8;1;4.496;
4976;-4.536218796;36.58938747;0.00625;False;ok;75;1;4.561;
4977;-4.554968796;36.59563747;0.0125;False;ok;38;1;4.416;
4978;-4.542468796;36.59563747;0.0125;False;ok;74;1;3.130;
4979;-4.529968796;36.58313747;0.00625;False;ok;2;1;2.815;
4980;-4.529968796;36.58938747;0.0015625;False;ok;75;1;3.211;
4981;-4.528406296;36.58938747;0.0015625;False;ok;19;1;2.965;
4982;-4.529968796;36.59094997;0.0015625;False;ok;74;1;3.060;
4983;-4.528406296;36.59094997;0.0015625;False;ok;20;1;4.787;
4984;-4.526843796;36.58938747;0.003125;False;ok;24;1;2.824;
4985;-4.529968796;36.59251247;0.003125;False;ok;12;1;4.790;
4986;-4.526843796;36.59251247;0.003125;False;ok;74;1;4.855;
4987;-4.523718796;36.58938747;0.00625;False;ok;57;1;4.737;
4988;-4.517468796;36.58313747;0.0125;False;ok;11;1;4.560;
4989;-4.529968796;36.59563747;0.0015625;False;ok;60;1;4.912;
4990;-4.528406296;36.59563747;0.0015625;False;ok;74;1;3.088;
4991;-4.529968796;36.59719997;0.0015625;False;ok;48;1;5.031;
4992;-4.528406296;36.59719997;0.0015625;False;ok;12;1;2.888;
4993;-4.526843796;36.59563747;0.003125;False;ok;71;1;3.103;
4994;-4.529968796;36.59876247;0.003125;False;ok;39;1;5.357;
4995;-4.526843796;36.59876247;0.003125;False;ok;24;1;2.940;
4996;-4.523718796;36.59563747;0.00625;False;ok;75;1;5.331;
4997;-4.529968796;36.60188747;0.00625;False;ok;3;1;2.893;
4998;-4.523718796;36.60188747;0.00625;False;ok;46;1;3.012;
4999;-4.517468796;36.59563747;0.003125;False;ok;73;1;5.316;
5000;-4.514343796;36.59563747;0.003125;False;ok;59;1;5.351;
5001;-4.517468796;36.59876247;0.003125;False;ok;64;1;5.414;
5002;-4.514343796;36.59876247;0.003125;False;ok;53;1;5.113;
5003;-4.511218796;36.59563747;0.00625;False;ok;61;1;5.225;
5004;-4.517468796;36.60188747;0.00625;False;ok;72;1;4.882;
5005;-4.511218796;36.60188747;0.00625;False;ok;75;1;4.751;
5006;-4.504968796;36.55813747;0.05;False;ok;0;1;3.577;
5007;-4.554968796;36.60813747;0.025;False;ok;17;1;2.864;
5008;-4.529968796;36.60813747;0.025;False;ok;74;1;3.115;
5009;-4.554968796;36.63313747;0.025;False;ok;14;1;2.872;
5010;-4.529968796;36.63313747;0.025;False;ok;4;1;2.863;
5011;-4.504968796;36.60813747;0.003125;False;ok;58;1;3.007;
5012;-4.504968796;36.61126247;0.003125;False;ok;75;1;4.789;
5013;-4.501843796;36.61126247;0.003125;False;ok;30;1;4.705;
5014;-4.504968796;36.61438747;0.00625;False;ok;75;1;4.915;
5015;-4.498718796;36.61438747;0.003125;False;ok;69;1;4.174;
5016;-4.498718796;36.61751247;0.003125;False;ok;74;1;4.194;
5017;-4.504968796;36.62063747;0.003125;False;ok;38;1;3.635;
5018;-4.501843796;36.62063747;0.003125;False;ok;74;1;3.682;
5019;-4.504968796;36.62376247;0.003125;False;ok;49;1;3.582;
5020;-4.501843796;36.62376247;0.003125;False;ok;74;1;2.862;
5021;-4.498718796;36.62063747;0.003125;False;ok;74;1;3.568;
5022;-4.495593796;36.62063747;0.003125;False;ok;16;1;3.405;
5023;-4.498718796;36.62376247;0.003125;False;ok;65;1;2.657;
5024;-4.495593796;36.62376247;0.003125;False;ok;39;1;2.631;
5025;-4.504968796;36.62688747;0.00625;False;ok;75;1;3.592;
5026;-4.498718796;36.62688747;0.00625;False;ok;75;1;2.679;
5027;-4.492468796;36.62063747;0.0125;False;ok;63;1;3.449;
5028;-4.504968796;36.63313747;0.0125;False;ok;74;1;2.598;
5029;-4.492468796;36.63313747;0.0125;False;ok;75;1;2.586;
5030;-4.504968796;36.64563747;0.0125;False;ok;9;1;3.175;
5031;-4.492468796;36.64563747;0.0125;False;ok;20;1;3.267;
5032;-4.479968796;36.63313747;0.025;False;ok;17;1;3.851;
5033;-6.454968796;36.65813747;0.05;False;ok;71;1;4.537;
5034;-6.404968796;36.65813747;0.05;False;ok;3;1;2.478;
5035;-6.454968796;36.70813747;0.05;False;ok;75;1;2.863;
5036;-6.404968796;36.70813747;0.05;False;ok;11;1;2.762;
5037;-6.354968796;36.65813747;0.1;False;ok;2;1;4.524;
5038;-6.254968796;36.65813747;0.1;False;ok;5;1;4.589;
5039;-6.154968796;36.65813747;0.025;False;ok;75;1;3.118;
5040;-6.129968796;36.65813747;0.025;False;ok;20;1;2.822;
5041;-6.154968796;36.68313747;0.0125;False;ok;69;1;2.913;
5042;-6.142468796;36.68313747;0.00625;False;ok;74;1;5.230;
5043;-6.136218796;36.68313747;0.00625;False;ok;73;1;5.322;
5044;-6.142468796;36.68938747;0.00625;False;ok;10;1;5.162;
5045;-6.136218796;36.68938747;0.00625;False;ok;6;1;5.063;
5046;-6.154968796;36.69563747;0.0125;False;ok;5;1;5.079;
5047;-6.142468796;36.69563747;0.0125;False;ok;6;1;5.140;
5048;-6.129968796;36.68313747;0.025;False;ok;37;1;5.123;
5049;-6.104968796;36.65813747;0.05;False;ok;3;1;4.947;
5050;-6.154968796;36.70813747;0.05;False;ok;1;1;4.786;
5051;-6.104968796;36.70813747;0.05;False;ok;5;1;4.574;
5052;-6.054968796;36.65813747;0.1;False;ok;12;1;2.901;
5053;-5.954968796;36.65813747;0.1;False;ok;6;1;3.037;
5054;-5.854968796;36.65813747;0.1;False;ok;75;1;3.154;
5055;-5.754968796;36.65813747;0.1;False;ok;20;1;2.962;
5056;-5.654968796;36.65813747;0.1;False;ok;7;1;2.876;
5057;-5.554968796;36.65813747;0.1;False;ok;62;1;3.100;
5058;-5.454968796;36.65813747;0.1;False;ok;73;1;5.279;
5059;-5.354968796;36.65813747;0.1;False;ok;5;1;4.778;
5060;-5.204968796;36.65813747;0.05;False;ok;2;1;4.755;
5061;-5.254968796;36.70813747;0.05;False;ok;66;1;4.725;
5062;-5.204968796;36.70813747;0.025;False;ok;1;1;2.715;
5063;-5.179968796;36.70813747;0.025;False;ok;14;1;5.196;
5064;-5.204968796;36.73313747;0.025;False;ok;8;1;5.126;
5065;-5.179968796;36.73313747;0.0125;False;ok;12;1;5.196;
5066;-5.167468796;36.73313747;0.00625;False;ok;47;1;5.466;
5067;-5.167468796;36.73938747;0.003125;False;ok;42;1;2.928;
5068;-5.164343796;36.73938747;0.003125;False;ok;45;1;5.335;
5069;-5.167468796;36.74251247;0.003125;False;ok;63;1;5.361;
5070;-5.164343796;36.74251247;0.003125;False;ok;65;1;2.942;
5071;-5.161218796;36.73938747;0.00625;False;ok;31;1;5.498;
5072;-5.179968796;36.74563747;0.0125;False;ok;16;1;2.926;
5073;-5.167468796;36.74563747;0.0125;False;ok;64;1;5.482;
5074;-5.154968796;36.65813747;0.1;False;ok;22;1;3.022;
5075;-4.954968796;36.65813747;0.1;False;ok;75;1;5.479;
5076;-4.854968796;36.65813747;0.1;False;ok;43;1;5.296;
5077;-4.754968796;36.65813747;0.1;False;ok;75;1;3.083;
5078;-4.654968796;36.65813747;0.1;False;ok;73;1;3.238;
5079;-4.554968796;36.65813747;0.05;False;ok;43;1;3.024;
5080;-4.504968796;36.65813747;0.05;False;ok;74;1;5.376;
5081;-4.554968796;36.70813747;0.05;False;ok;10;1;2.994;
5082;-4.504968796;36.70813747;0.05;False;ok;45;1;3.016;
5083;-4.454968796;36.65813747;0.025;False;ok;12;1;5.221;
5084;-4.454968796;36.68313747;0.0125;False;ok;72;1;2.986;
5085;-4.442468796;36.68313747;0.0125;False;ok;13;1;5.229;
5086;-4.454968796;36.69563747;0.0125;False;ok;74;1;5.323;
5087;-4.442468796;36.69563747;0.0125;False;ok;75;1;3.066;
5088;-4.454968796;36.70813747;0.0125;False;ok;30;1;4.934;
5089;-4.442468796;36.70813747;0.0125;False;ok;75;1;4.996;
5090;-4.454968796;36.72063747;0.0125;False;ok;22;1;4.952;
5091;-4.442468796;36.72063747;0.0125;False;ok;75;1;5.282;
5092;-4.429968796;36.70813747;0.00625;False;ok;75;1;5.380;
5093;-4.423718796;36.70813747;0.00625;False;ok;10;1;4.997;
5094;-4.429968796;36.71438747;0.003125;False;ok;29;1;3.022;
5095;-4.426843796;36.71438747;0.003125;False;ok;72;1;4.993;
5096;-4.429968796;36.71751247;0.003125;False;ok;48;1;5.312;
5097;-4.426843796;36.71751247;0.003125;False;ok;73;1;5.558;
5098;-4.423718796;36.71438747;0.003125;False;ok;74;1;5.324;
5099;-4.420593796;36.71438747;0.003125;False;ok;1;1;2.960;
5100;-4.423718796;36.71751247;0.0015625;False;ok;23;1;2.975;
5101;-4.422156296;36.71751247;0.0015625;False;ok;13;1;2.988;
5102;-4.423718796;36.71907497;0.0015625;False;ok;75;1;3.183;
5103;-4.422156296;36.71907497;0.0015625;False;ok;32;1;3.051;
5104;-4.420593796;36.71751247;0.003125;False;ok;56;1;4.722;
5105;-4.417468796;36.71438747;0.00625;False;ok;75;1;3.014;
5106;-4.411218796;36.71438747;0.00625;False;ok;75;1;4.831;
5107;-4.429968796;36.72063747;0.003125;False;ok;75;1;5.295;
5108;-4.426843796;36.72063747;0.003125;False;ok;75;1;3.427;
5109;-4.429968796;36.72376247;0.003125;False;ok;71;1;5.130;
5110;-4.426843796;36.72376247;0.003125;False;ok;73;1;3.178;
5111;-4.423718796;36.72063747;0.0015625;False;ok;64;1;3.096;
5112;-4.422156296;36.72063747;0.0015625;False;ok;75;1;3.284;
5113;-4.423718796;36.72219997;0.0015625;False;ok;59;1;3.029;
5114;-4.422156296;36.72219997;0.0015625;False;ok;75;1;5.188;
5115;-4.420593796;36.72063747;0.0015625;False;ok;72;1;5.324;
5116;-4.419031296;36.72063747;0.0015625;False;ok;46;1;4.900;
5117;-4.420593796;36.72219997;0.0015625;False;ok;75;1;5.176;
5118;-4.419031296;36.72219997;0.0015625;False;ok;66;1;5.026;
5119;-4.423718796;36.72376247;0.0015625;False;ok;59;1;4.888;
5120;-4.422156296;36.72376247;0.0015625;False;ok;62;1;5.019;
5121;-4.423718796;36.72532497;0.0015625;False;ok;45;1;4.790;
5122;-4.422156296;36.72532497;0.0015625;False;ok;71;1;4.859;
5123;-4.420593796;36.72376247;0.0015625;False;ok;75;1;4.752;
5124;-4.419031296;36.72376247;0.0015625;False;ok;75;1;3.145;
5125;-4.420593796;36.72532497;0.0015625;False;ok;74;1;3.227;
5126;-4.419031296;36.72532497;0.0015625;False;ok;54;1;3.111;
5127;-4.429968796;36.72688747;0.00625;False;ok;75;1;3.234;
5128;-4.423718796;36.72688747;0.00625;False;ok;75;1;3.073;
5129;-4.417468796;36.72063747;0.003125;False;ok;52;1;3.092;
5130;-4.414343796;36.72063747;0.003125;False;ok;7;1;4.652;
5131;-4.417468796;36.72376247;0.003125;False;ok;74;1;4.984;
5132;-4.414343796;36.72376247;0.003125;False;ok;45;1;4.688;
5133;-4.411218796;36.72063747;0.00625;False;ok;48;1;4.767;
5134;-4.417468796;36.72688747;0.00625;False;ok;75;1;3.047;
5135;-4.411218796;36.72688747;0.00625;False;ok;20;1;4.454;
5136;-4.429968796;36.73313747;0.025;False;ok;62;1;4.764;
5137;-4.404968796;36.70813747;0.025;False;ok;73;1;4.725;
5138;-4.379968796;36.70813747;0.0125;False;ok;10;1;2.995;
5139;-4.367468796;36.70813747;0.0125;False;ok;73;1;3.082;
5140;-4.379968796;36.72063747;0.0125;False;ok;75;1;3.327;
5141;-4.367468796;36.72063747;0.0125;False;ok;59;1;4.989;
5142;-4.404968796;36.73313747;0.025;False;ok;3;1;4.927;
5143;-4.379968796;36.73313747;0.025;False;ok;18;1;5.052;
5144;-4.354968796;36.70813747;0.05;False;ok;74;1;5.220;
5145;-4.304968796;36.70813747;0.025;False;ok;74;1;3.087;
5146;-4.279968796;36.70813747;0.025;False;ok;71;1;5.219;
5147;-4.279968796;36.73313747;0.025;False;ok;15;1;2.951;
5148;-4.254968796;36.70813747;0.05;False;ok;74;1;5.197;
5149;-4.204968796;36.70813747;0.05;False;ok;73;1;5.316;
5150;-4.154968796;36.70813747;0.05;False;ok;54;1;2.927;
5151;-4.104968796;36.70813747;0.025;False;ok;39;1;4.353;
5152;-4.104968796;36.73313747;0.00625;False;ok;29;1;4.547;
5153;-4.098718796;36.73313747;0.00625;False;ok;73;1;2.995;
5154;-4.104968796;36.73938747;0.00625;False;ok;10;1;2.842;
5155;-4.098718796;36.73938747;0.00625;False;ok;73;1;4.876;
5156;-4.092468796;36.73313747;0.0125;False;ok;73;1;4.560;
5157;-4.104968796;36.74563747;0.0125;False;ok;10;1;2.757;
5158;-4.092468796;36.74563747;0.0125;False;ok;34;1;2.931;
5159;-4.079968796;36.73313747;0.025;False;ok;74;1;2.931;
5160;-4.054968796;36.70813747;0.05;False;ok;72;1;4.395;
5161;-3.979968796;36.72063747;0.0125;False;ok;74;1;4.496;
5162;-3.967468796;36.72063747;0.0125;False;ok;75;1;5.222;
5163;-4.004968796;36.73313747;0.025;False;ok;75;1;4.209;
5164;-3.979968796;36.73313747;0.025;False;ok;72;1;4.241;
5165;-3.954968796;36.70813747;0.025;False;ok;71;1;2.753;
5166;-3.954968796;36.73313747;0.025;False;ok;75;1;4.228;
5167;-3.929968796;36.73313747;0.025;False;ok;72;1;4.021;
5168;-3.904968796;36.73313747;0.0125;False;ok;34;1;4.242;
5169;-3.892468796;36.73938747;0.00625;False;ok;15;1;3.913;
5170;-3.886218796;36.73938747;0.003125;False;ok;42;1;2.498;
5171;-3.883093796;36.73938747;0.003125;False;ok;33;1;2.416;
5172;-3.886218796;36.74251247;0.003125;False;ok;73;1;4.417;
5173;-3.883093796;36.74251247;0.0015625;False;ok;40;1;2.342;
5174;-3.881531296;36.74251247;0.0015625;False;ok;75;1;2.392;
5175;-3.883093796;36.74407497;0.0015625;False;ok;14;1;2.272;
5176;-3.881531296;36.74407497;0.0015625;False;ok;42;1;4.075;
5177;-3.904968796;36.74563747;0.0125;False;ok;68;1;4.177;
5178;-3.892468796;36.74563747;0.0125;False;ok;55;1;2.379;
5179;-3.879968796;36.73313747;0.0125;False;ok;75;1;4.548;
5180;-3.879968796;36.74563747;0.003125;False;ok;72;1;4.779;
5181;-3.876843796;36.74563747;0.003125;False;ok;66;1;4.675;
5182;-3.879968796;36.74876247;0.003125;False;ok;50;1;2.580;
5183;-3.876843796;36.74876247;0.003125;False;ok;74;1;2.512;
5184;-3.873718796;36.74563747;0.003125;False;ok;75;1;2.530;
5185;-3.873718796;36.74876247;0.003125;False;ok;75;1;2.665;
5186;-3.870593796;36.74876247;0.003125;False;ok;62;1;2.715;
5187;-3.879968796;36.75188747;0.00625;False;ok;62;1;5.226;
5188;-3.873718796;36.75188747;0.003125;False;ok;73;1;4.992;
5189;-3.870593796;36.75188747;0.003125;False;ok;72;1;5.163;
5190;-3.873718796;36.75501247;0.003125;False;ok;48;1;4.867;
5191;-3.870593796;36.75501247;0.003125;False;ok;28;1;4.855;
5192;-3.867468796;36.74563747;0.0125;False;ok;74;1;5.081;
5193;-3.854968796;36.65813747;0.1;False;ok;72;1;5.021;
5194;-3.754968796;36.70813747;0.025;False;ok;58;1;4.947;
5195;-3.729968796;36.70813747;0.025;False;ok;72;1;2.953;
5196;-3.754968796;36.73313747;0.025;False;ok;72;1;4.516;
5197;-3.729968796;36.73313747;0.025;False;ok;72;1;4.589;
5198;-3.704968796;36.70813747;0.025;False;ok;75;1;3.050;
5199;-3.679968796;36.70813747;0.025;False;ok;14;1;2.927;
5200;-3.704968796;36.73313747;0.025;False;ok;74;1;3.129;
5201;-3.679968796;36.73313747;0.025;False;ok;75;1;2.956;
5202;-3.654968796;36.70813747;0.05;False;ok;72;1;2.912;
5203;-3.604968796;36.70813747;0.05;False;ok;74;1;4.770;
5204;-3.554968796;36.65813747;0.1;False;ok;75;1;4.538;
5205;-3.454968796;36.65813747;0.1;False;ok;58;1;4.434;
5206;-3.354968796;36.65813747;0.1;False;ok;31;1;4.364;
5207;-3.254968796;36.65813747;0.1;False;ok;10;1;2.597;
5208;-3.154968796;36.65813747;0.1;False;ok;12;1;2.681;
5209;-3.054968796;36.65813747;0.1;False;ok;24;1;2.869;
5210;-2.954968796;36.65813747;0.1;False;ok;14;1;4.721;
5211;-2.854968796;36.65813747;0.1;False;ok;72;1;3.101;
5212;-2.654968796;36.65813747;0.05;False;ok;0;1;5.580;
5213;-2.654968796;36.70813747;0.025;False;ok;72;1;3.033;
5214;-2.629968796;36.70813747;0.025;False;ok;73;1;5.112;
5215;-2.654968796;36.73313747;0.025;False;ok;2;1;2.846;
5216;-2.629968796;36.73313747;0.025;False;ok;74;1;5.130;
5217;-6.454968796;36.75813747;0.1;False;ok;73;1;5.000;
5218;-6.354968796;36.75813747;0.0125;False;ok;4;1;4.855;
5219;-6.342468796;36.75813747;0.0125;False;ok;1;1;4.846;
5220;-6.354968796;36.77063747;0.0125;False;ok;75;1;5.055;
5221;-6.342468796;36.77063747;0.0125;False;ok;8;1;4.895;
5222;-6.329968796;36.75813747;0.025;False;ok;3;1;4.620;
5223;-6.354968796;36.78313747;0.025;False;ok;73;1;3.081;
5224;-6.329968796;36.78313747;0.025;False;ok;27;1;4.517;
5225;-6.304968796;36.75813747;0.05;False;ok;1;1;2.762;
5226;-6.354968796;36.80813747;0.05;False;ok;1;1;2.782;
5227;-6.054968796;36.75813747;0.1;False;ok;5;1;4.699;
5228;-5.954968796;36.75813747;0.1;False;ok;1;1;2.732;
5229;-5.854968796;36.75813747;0.1;False;ok;24;1;2.879;
5230;-5.754968796;36.75813747;0.1;False;ok;12;1;4.842;
5231;-5.654968796;36.75813747;0.1;False;ok;43;1;2.956;
5232;-5.554968796;36.75813747;0.1;False;ok;74;1;5.033;
5233;-5.454968796;36.75813747;0.1;False;ok;72;1;4.624;
5234;-5.354968796;36.75813747;0.1;False;ok;72;1;3.105;
5235;-5.254968796;36.75813747;0.1;False;ok;52;1;3.132;
5236;-5.154968796;36.75813747;0.1;False;ok;74;1;5.013;
5237;-5.054968796;36.75813747;0.1;False;ok;1;1;4.793;
5238;-4.954968796;36.75813747;0.1;False;ok;8;1;4.954;
5239;-4.854968796;36.75813747;0.1;False;ok;44;1;2.986;
5240;-4.754968796;36.75813747;0.1;False;ok;73;1;5.140;
5241;-4.654968796;36.75813747;0.1;False;ok;18;1;5.071;
5242;-4.554968796;36.75813747;0.1;False;ok;36;1;5.086;
5243;-4.454968796;36.75813747;0.1;False;ok;13;1;5.162;
5244;-4.354968796;36.75813747;0.1;False;ok;31;1;5.044;
5245;-4.254968796;36.75813747;0.1;False;ok;74;1;3.070;
5246;-4.154968796;36.75813747;0.1;False;ok;74;1;5.214;
5247;-4.054968796;36.75813747;0.05;False;ok;73;1;3.012;
5248;-4.004968796;36.75813747;0.05;False;ok;75;1;3.020;
5249;-4.054968796;36.80813747;0.05;False;ok;51;1;4.820;
5250;-4.004968796;36.80813747;0.025;False;ok;28;1;4.428;
5251;-3.979968796;36.80813747;0.025;False;ok;73;1;2.927;
5252;-4.004968796;36.83313747;0.025;False;ok;43;1;4.677;
5253;-3.979968796;36.83313747;0.025;False;ok;47;1;4.718;
5254;-3.954968796;36.75813747;0.025;False;ok;68;1;2.852;
5255;-3.929968796;36.75813747;0.025;False;ok;55;1;2.884;
5256;-3.954968796;36.78313747;0.025;False;ok;19;1;2.917;
5257;-3.929968796;36.78313747;0.025;False;ok;73;1;2.922;
5258;-3.904968796;36.75813747;0.0125;False;ok;29;1;2.894;
5259;-3.892468796;36.75813747;0.0125;False;ok;72;1;5.050;
5260;-3.904968796;36.77063747;0.0125;False;ok;52;1;4.893;
5261;-3.892468796;36.77063747;0.0125;False;ok;17;1;4.815;
5262;-3.879968796;36.75813747;0.0125;False;ok;75;1;4.990;
5263;-3.867468796;36.75813747;0.0125;False;ok;75;1;4.992;
5264;-3.904968796;36.78313747;0.025;False;ok;75;1;5.147;
5265;-3.954968796;36.80813747;0.05;False;ok;34;1;5.140;
5266;-3.904968796;36.80813747;0.05;False;ok;1;1;2.759;
5267;-3.854968796;36.75813747;0.1;False;ok;38;1;5.110;
5268;-3.754968796;36.75813747;0.1;False;ok;37;1;5.107;
5269;-3.654968796;36.75813747;0.1;False;ok;41;1;5.167;
5270;-3.554968796;36.75813747;0.1;False;ok;33;1;2.893;
5271;-3.454968796;36.75813747;0.1;False;ok;11;1;2.841;
5272;-3.354968796;36.75813747;0.1;False;ok;24;1;5.091;
5273;-3.254968796;36.75813747;0.1;False;ok;8;1;2.995;
5274;-3.154968796;36.75813747;0.1;False;ok;7;1;2.901;
5275;-3.054968796;36.75813747;0.1;False;ok;5;1;5.063;
5276;-2.954968796;36.75813747;0.1;False;ok;6;1;2.898;
5277;-2.854968796;36.75813747;0.1;False;ok;10;1;5.026;
5278;-2.754968796;36.75813747;0.1;False;ok;1;1;4.928;
5279;-2.654968796;36.75813747;0.05;False;ok;53;1;2.971;
5280;-2.604968796;36.75813747;0.05;False;ok;67;1;3.028;
5281;-2.654968796;36.80813747;0.05;False;ok;27;1;3.021;
5282;-2.604968796;36.80813747;0.05;False;ok;74;1;5.106;
5283;-2.554968796;36.75813747;0.1;False;ok;74;1;3.145;
5284;-2.454968796;36.75813747;0.1;False;ok;74;1;3.149;
5285;-2.354968796;36.75813747;0.1;False;ok;72;1;3.139;
5286;-6.154968796;36.85813747;0.1;False;ok;13;1;4.878;
5287;-5.854968796;36.85813747;0.1;False;ok;2;1;5.077;
5288;-5.754968796;36.85813747;0.1;False;ok;1;1;4.925;
5289;-5.654968796;36.85813747;0.1;False;ok;7;1;4.987;
5290;-5.554968796;36.85813747;0.1;False;ok;3;1;5.062;
5291;-5.454968796;36.85813747;0.1;False;ok;63;1;5.146;
5292;-5.354968796;36.85813747;0.1;False;ok;71;1;5.270;
5293;-5.254968796;36.85813747;0.1;False;ok;75;1;5.394;
5294;-5.154968796;36.85813747;0.1;False;ok;2;1;4.984;
5295;-5.054968796;36.85813747;0.1;False;ok;24;1;2.973;
5296;-4.954968796;36.85813747;0.1;False;ok;7;1;4.838;
5297;-4.854968796;36.85813747;0.1;False;ok;73;1;3.129;
5298;-4.754968796;36.85813747;0.1;False;ok;75;1;5.191;
5299;-4.654968796;36.85813747;0.1;False;ok;75;1;3.065;
5300;-4.554968796;36.85813747;0.1;False;ok;41;1;5.006;
5301;-4.454968796;36.85813747;0.1;False;ok;33;1;5.262;
5302;-4.354968796;36.85813747;0.1;False;ok;53;1;3.074;
5303;-4.254968796;36.85813747;0.1;False;ok;71;1;3.281;
5304;-4.154968796;36.85813747;0.1;False;ok;74;1;3.195;
5305;-4.054968796;36.85813747;0.1;False;ok;16;1;5.039;
5306;-3.954968796;36.85813747;0.1;False;ok;4;1;3.175;
5307;-3.654968796;36.85813747;0.1;False;ok;57;1;4.987;
5308;-3.554968796;36.85813747;0.1;False;ok;74;1;3.061;
5309;-3.454968796;36.85813747;0.1;False;ok;74;1;5.164;
5310;-3.354968796;36.85813747;0.1;False;ok;75;1;3.113;
5311;-3.254968796;36.85813747;0.1;False;ok;9;1;4.850;
5312;-3.154968796;36.85813747;0.1;False;ok;4;1;4.829;
5313;-2.754968796;36.85813747;0.1;False;ok;3;1;5.226;
5314;-2.654968796;36.85813747;0.1;False;ok;18;1;2.951;
5315;-2.454968796;36.85813747;0.1;False;ok;16;1;5.171;
5316;-2.354968796;36.85813747;0.1;False;ok;2;1;5.106;
5317;-6.654968796;36.95813747;0.1;False;ok;36;1;5.270;
5318;-6.554968796;36.95813747;0.1;False;ok;56;1;3.182;
5319;-5.954968796;36.95813747;0.1;False;ok;3;1;3.020;
5320;-5.854968796;36.95813747;0.1;False;ok;1;1;5.212;
5321;-5.654968796;36.95813747;0.1;False;ok;13;1;5.134;
5322;-5.554968796;36.95813747;0.1;False;ok;1;1;4.995;
5323;-5.454968796;36.95813747;0.1;False;ok;7;1;2.905;
5324;-5.354968796;36.95813747;0.1;False;ok;6;1;4.967;
5325;-5.254968796;36.95813747;0.1;False;ok;8;1;4.819;
5326;-5.154968796;36.95813747;0.1;False;ok;4;1;2.972;
5327;-4.954968796;36.95813747;0.1;False;ok;19;1;2.954;
5328;-4.754968796;36.95813747;0.1;False;ok;6;1;2.969;
5329;-4.654968796;36.95813747;0.1;False;ok;71;1;3.097;
5330;-4.554968796;36.95813747;0.1;False;ok;11;1;2.992;
5331;-4.454968796;36.95813747;0.1;False;ok;17;1;5.087;
5332;-4.354968796;36.95813747;0.1;False;ok;31;1;5.067;
5333;-4.254968796;36.95813747;0.1;False;ok;8;1;5.064;
5334;-4.154968796;36.95813747;0.1;False;ok;3;1;5.197;
5335;-4.054968796;36.95813747;0.1;False;ok;20;1;5.167;
5336;-3.954968796;36.95813747;0.1;False;ok;6;1;2.917;
5337;-3.654968796;36.95813747;0.1;False;ok;74;1;5.198;
5338;-3.554968796;36.95813747;0.1;False;ok;38;1;5.333;
5339;-3.454968796;36.95813747;0.1;False;ok;58;1;2.916;
5340;-3.354968796;36.95813747;0.1;False;ok;34;1;5.373;
5341;-3.254968796;36.95813747;0.1;False;ok;11;1;2.827;
5342;-3.154968796;36.95813747;0.1;False;ok;27;1;5.164;
5343;-3.054968796;36.95813747;0.1;False;ok;17;1;5.376;
5344;-2.954968796;36.95813747;0.1;False;ok;34;1;5.280;
5345;-2.854968796;36.95813747;0.1;False;ok;11;1;2.760;
5346;-2.754968796;36.95813747;0.1;False;ok;10;1;4.799;
5347;-2.654968796;36.95813747;0.1;False;ok;10;1;2.823;
5348;-2.554968796;36.95813747;0.1;False;ok;2;1;2.792;
5349;-2.454968796;36.95813747;0.1;False;ok;19;1;4.806;
5350;-6.954968796;37.05813747;0.1;False;ok;4;1;4.438;
5351;-6.854968796;37.05813747;0.1;False;ok;52;1;2.949;
5352;-6.554968796;37.05813747;0.1;False;ok;65;1;2.958;
5353;-5.954968796;37.05813747;0.1;False;ok;3;1;2.855;
5354;-5.654968796;37.05813747;0.1;False;ok;1;1;4.852;
5355;-5.554968796;37.05813747;0.1;False;ok;4;1;2.617;
5356;-5.454968796;37.05813747;0.1;False;ok;4;1;4.839;
5357;-5.254968796;37.05813747;0.1;False;ok;0;1;5.722;
5358;-5.154968796;37.05813747;0.1;False;ok;5;1;2.619;
5359;-5.054968796;37.05813747;0.1;False;ok;1;1;2.691;
5360;-4.954968796;37.05813747;0.1;False;ok;4;1;4.927;
5361;-4.854968796;37.05813747;0.1;False;ok;8;1;4.957;
5362;-4.754968796;37.05813747;0.1;False;ok;21;1;4.835;
5363;-4.654968796;37.05813747;0.1;False;ok;1;1;2.727;
5364;-4.554968796;37.05813747;0.1;False;ok;8;1;4.789;
5365;-4.454968796;37.05813747;0.1;False;ok;43;1;4.905;
5366;-4.354968796;37.05813747;0.1;False;ok;28;1;4.997;
5367;-4.254968796;37.05813747;0.1;False;ok;1;1;5.121;
5368;-4.154968796;37.05813747;0.1;False;ok;10;1;5.014;
5369;-4.054968796;37.05813747;0.1;False;ok;5;1;3.115;
5370;-3.954968796;37.05813747;0.1;False;ok;5;1;5.247;
5371;-3.754968796;37.05813747;0.1;False;ok;18;1;3.051;
5372;-3.654968796;37.05813747;0.05;False;ok;39;1;3.074;
5373;-3.604968796;37.05813747;0.05;False;ok;12;1;5.073;
5374;-3.654968796;37.10813747;0.05;False;ok;55;1;5.308;
5375;-3.604968796;37.10813747;0.05;False;ok;71;1;3.187;
5376;-3.554968796;37.05813747;0.1;False;ok;75;1;3.136;
5377;-3.404968796;37.08938747;0.00625;False;ok;50;1;3.067;
5378;-3.398718796;37.08938747;0.003125;False;ok;7;1;4.795;
5379;-3.398718796;37.09251247;0.003125;False;ok;73;1;5.272;
5380;-3.395593796;37.09251247;0.003125;False;ok;50;1;3.085;
5381;-3.392468796;37.08313747;0.0125;False;ok;12;1;3.025;
5382;-3.404968796;37.09563747;0.00625;False;ok;7;1;2.894;
5383;-3.398718796;37.09563747;0.003125;False;ok;75;1;5.463;
5384;-3.395593796;37.09563747;0.003125;False;ok;72;1;5.573;
5385;-3.398718796;37.09876247;0.003125;False;ok;0;1;6.120;
5386;-3.395593796;37.09876247;0.003125;False;ok;5;1;2.952;
5387;-3.398718796;37.10188747;0.00625;False;ok;1;1;2.942;
5388;-3.392468796;37.09563747;0.0125;False;ok;1;1;5.460;
5389;-3.454968796;37.10813747;0.05;False;ok;25;1;5.485;
5390;-3.254968796;37.05813747;0.1;False;ok;1;1;5.238;
5391;-2.854968796;37.05813747;0.1;False;ok;8;1;5.092;
5392;-2.754968796;37.05813747;0.1;False;ok;0;1;5.974;
5393;-2.554968796;37.05813747;0.1;False;ok;4;1;5.093;
5394;-2.454968796;37.05813747;0.1;False;ok;11;1;3.087;
5395;-2.354968796;37.05813747;0.1;False;ok;7;1;5.043;
5396;-7.429968796;37.18313747;0.025;True;ok;0;1;5.132;
5397;-7.404968796;37.15813747;0.05;False;ok;75;1;5.287;
5398;-7.454968796;37.20813747;0.05;True;ok;69;1;3.301;
5399;-7.404968796;37.20813747;0.05;False;ok;47;1;3.209;
5400;-7.354968796;37.15813747;0.1;False;ok;74;1;3.388;
5401;-7.254968796;37.15813747;0.05;False;ok;63;1;3.290;
5402;-7.204968796;37.15813747;0.05;False;ok;1;1;2.955;
5403;-7.254968796;37.20813747;0.05;False;ok;75;1;5.088;
5404;-7.204968796;37.20813747;0.05;False;ok;8;1;4.841;
5405;-7.154968796;37.15813747;0.1;False;ok;74;1;3.150;
5406;-7.054968796;37.15813747;0.1;False;ok;75;1;4.986;
5407;-6.954968796;37.15813747;0.1;False;ok;63;1;4.898;
5408;-6.854968796;37.15813747;0.1;False;ok;1;1;2.907;
5409;-6.554968796;37.15813747;0.1;False;ok;6;1;2.910;
5410;-6.354968796;37.15813747;0.1;False;ok;8;1;5.028;
5411;-6.254968796;37.15813747;0.1;False;ok;0;1;3.747;
5412;-6.054968796;37.15813747;0.1;False;ok;2;1;4.938;
5413;-5.954968796;37.15813747;0.1;False;ok;6;1;4.988;
5414;-5.854968796;37.15813747;0.1;False;ok;19;1;4.911;
5415;-5.654968796;37.15813747;0.1;False;ok;0;1;3.682;
5416;-5.554968796;37.15813747;0.1;False;ok;5;1;5.132;
5417;-5.454968796;37.15813747;0.1;False;ok;5;1;5.301;
5418;-5.354968796;37.15813747;0.1;False;ok;38;1;3.162;
5419;-5.154968796;37.15813747;0.1;False;ok;16;1;5.237;
5420;-4.954968796;37.15813747;0.1;False;ok;4;1;4.994;
5421;-4.854968796;37.15813747;0.1;False;ok;16;1;4.943;
5422;-4.654968796;37.15813747;0.1;False;ok;2;1;4.997;
5423;-4.554968796;37.15813747;0.1;False;ok;10;1;3.017;
5424;-4.454968796;37.15813747;0.1;False;ok;22;1;3.017;
5425;-4.354968796;37.15813747;0.1;False;ok;38;1;5.202;
5426;-4.254968796;37.15813747;0.1;False;ok;11;1;2.933;
5427;-4.154968796;37.15813747;0.1;False;ok;6;1;5.189;
5428;-4.054968796;37.15813747;0.1;False;ok;6;1;2.962;
5429;-3.954968796;37.15813747;0.1;False;ok;6;1;3.042;
5430;-3.854968796;37.15813747;0.1;False;ok;11;1;3.049;
5431;-3.754968796;37.15813747;0.1;False;ok;45;1;5.626;
5432;-3.654968796;37.15813747;0.05;False;ok;75;1;5.794;
5433;-3.604968796;37.15813747;0.0125;False;ok;73;1;3.235;
5434;-3.592468796;37.15813747;0.0125;False;ok;44;1;5.415;
5435;-3.604968796;37.17063747;0.003125;False;ok;60;1;5.435;
5436;-3.601843796;37.17063747;0.003125;False;ok;49;1;5.307;
5437;-3.604968796;37.17376247;0.003125;False;ok;72;1;5.401;
5438;-3.601843796;37.17376247;0.003125;False;ok;75;1;5.408;
5439;-3.598718796;37.17063747;0.003125;False;ok;75;1;3.154;
5440;-3.595593796;37.17063747;0.003125;False;ok;47;1;3.160;
5441;-3.598718796;37.17376247;0.003125;False;ok;75;1;5.276;
5442;-3.595593796;37.17376247;0.003125;False;ok;66;1;5.360;
5443;-3.604968796;37.17688747;0.003125;False;ok;34;1;5.371;
5444;-3.601843796;37.17688747;0.003125;False;ok;75;1;5.367;
5445;-3.604968796;37.18001247;0.003125;False;ok;22;1;5.273;
5446;-3.601843796;37.18001247;0.003125;False;ok;73;1;3.255;
5447;-3.598718796;37.17688747;0.003125;False;ok;75;1;3.209;
5448;-3.595593796;37.17688747;0.003125;False;ok;74;1;3.235;
5449;-3.598718796;37.18001247;0.003125;False;ok;44;1;4.864;
5450;-3.595593796;37.18001247;0.003125;False;ok;29;1;3.246;
5451;-3.592468796;37.17063747;0.0125;False;ok;75;1;4.846;
5452;-3.579968796;37.15813747;0.025;False;ok;12;1;2.908;
5453;-3.604968796;37.18313747;0.025;False;ok;74;1;3.166;
5454;-3.654968796;37.20813747;0.05;False;ok;31;1;4.493;
5455;-3.604968796;37.20813747;0.05;False;ok;33;1;2.940;
5456;-3.554968796;37.15813747;0.1;False;ok;70;1;2.990;
5457;-3.454968796;37.15813747;0.1;False;ok;47;1;4.427;
5458;-3.254968796;37.15813747;0.1;False;ok;14;1;2.797;
5459;-3.154968796;37.15813747;0.1;False;ok;15;1;4.344;
5460;-3.054968796;37.15813747;0.1;False;ok;0;1;4.880;
5461;-2.954968796;37.15813747;0.1;False;ok;0;1;4.824;
5462;-2.754968796;37.15813747;0.1;False;ok;2;1;3.965;
5463;-2.454968796;37.15813747;0.1;False;ok;2;1;3.831;
5464;-2.354968796;37.15813747;0.1;False;ok;1;1;3.891;
5465;-7.454968796;37.25813747;0.1;True;ok;47;1;3.880;
5466;-7.354968796;37.25813747;0.1;False;ok;6;1;2.557;
5467;-7.254968796;37.25813747;0.1;False;ok;8;1;3.718;
5468;-7.154968796;37.25813747;0.1;False;ok;9;1;3.608;
5469;-7.054968796;37.25813747;0.1;False;ok;18;1;3.829;
5470;-6.954968796;37.25813747;0.1;False;ok;36;1;2.560;
5471;-6.854968796;37.25813747;0.1;False;ok;14;1;2.417;
5472;-6.754968796;37.25813747;0.1;False;ok;4;1;3.211;
5473;-6.654968796;37.25813747;0.1;False;ok;3;1;2.118;
5474;-6.554968796;37.25813747;0.1;False;ok;10;1;2.232;
5475;-6.454968796;37.25813747;0.1;False;ok;10;1;2.151;
5476;-6.354968796;37.25813747;0.1;False;ok;8;1;3.823;
5477;-6.254968796;37.25813747;0.1;False;ok;19;1;2.445;
5478;-6.154968796;37.25813747;0.1;False;ok;37;1;2.682;
5479;-6.054968796;37.25813747;0.1;False;ok;72;1;4.596;
5480;-5.954968796;37.25813747;0.1;False;ok;55;1;2.831;
5481;-5.854968796;37.25813747;0.1;False;ok;35;1;4.684;
5482;-5.554968796;37.25813747;0.1;False;ok;5;1;4.645;
5483;-5.454968796;37.25813747;0.1;False;ok;18;1;4.738;
5484;-5.254968796;37.25813747;0.1;False;ok;11;1;4.711;
5485;-4.954968796;37.25813747;0.1;False;ok;3;1;4.837;
5486;-4.854968796;37.25813747;0.1;False;ok;4;1;2.797;
5487;-4.754968796;37.25813747;0.1;False;ok;2;1;4.757;
5488;-4.554968796;37.25813747;0.1;False;ok;3;1;4.976;
5489;-4.454968796;37.25813747;0.1;False;ok;25;1;5.032;
5490;-4.354968796;37.25813747;0.1;False;ok;42;1;2.947;
5491;-4.254968796;37.25813747;0.1;False;ok;28;1;2.939;
5492;-4.154968796;37.25813747;0.1;False;ok;19;1;4.995;
5493;-4.054968796;37.25813747;0.1;False;ok;37;1;5.146;
5494;-3.954968796;37.25813747;0.1;False;ok;25;1;4.845;
5495;-3.854968796;37.25813747;0.1;False;ok;15;1;4.878;
5496;-3.754968796;37.25813747;0.1;False;ok;6;1;2.879;
5497;-3.654968796;37.25813747;0.1;False;ok;8;1;2.879;
5498;-3.354968796;37.25813747;0.1;False;ok;6;1;4.467;
5499;-3.254968796;37.25813747;0.1;False;ok;27;1;2.907;
5500;-3.154968796;37.25813747;0.1;False;ok;65;1;2.901;
5501;-2.554968796;37.25813747;0.1;False;ok;7;1;2.762;
5502;-2.454968796;37.25813747;0.1;False;ok;11;1;2.749;
5503;-2.354968796;37.25813747;0.1;False;ok;46;1;4.671;
5504;-7.254968796;37.35813747;0.1;False;ok;1;1;4.449;
5505;-7.154968796;37.35813747;0.1;False;ok;2;1;2.762;
5506;-7.054968796;37.35813747;0.1;False;ok;4;1;4.433;
5507;-6.854968796;37.35813747;0.1;False;ok;4;1;4.440;
5508;-6.754968796;37.35813747;0.1;False;ok;4;1;4.494;
5509;-6.554968796;37.35813747;0.1;False;ok;8;1;4.294;
5510;-6.454968796;37.35813747;0.1;False;ok;6;1;4.427;
5511;-6.254968796;37.35813747;0.1;False;ok;24;1;2.837;
5512;-6.154968796;37.35813747;0.1;False;ok;74;1;4.798;
5513;-6.054968796;37.35813747;0.05;False;ok;75;1;3.146;
5514;-5.992468796;37.35813747;0.0125;False;ok;13;1;4.664;
5515;-6.004968796;37.37063747;0.00625;False;ok;30;1;4.516;
5516;-5.998718796;37.37063747;0.00625;False;ok;28;1;4.671;
5517;-6.004968796;37.37688747;0.00625;False;ok;74;1;4.748;
5518;-5.998718796;37.37688747;0.00625;False;ok;44;1;2.744;
5519;-5.992468796;37.37063747;0.0125;False;ok;74;1;4.765;
5520;-5.979968796;37.35813747;0.025;False;ok;73;1;2.919;
5521;-6.004968796;37.38313747;0.00625;False;ok;74;1;2.872;
5522;-5.998718796;37.38313747;0.003125;False;ok;75;1;4.663;
5523;-5.995593796;37.38313747;0.003125;False;ok;61;1;2.737;
5524;-5.998718796;37.38626247;0.003125;False;ok;75;1;2.779;
5525;-5.995593796;37.38626247;0.003125;False;ok;75;1;2.888;
5526;-6.004968796;37.38938747;0.00625;False;ok;75;1;2.924;
5527;-5.998718796;37.38938747;0.003125;False;ok;75;1;4.735;
5528;-5.995593796;37.38938747;0.003125;False;ok;75;1;4.870;
5529;-5.998718796;37.39251247;0.003125;False;ok;46;1;4.797;
5530;-5.995593796;37.39251247;0.003125;False;ok;74;1;3.022;
5531;-5.992468796;37.38313747;0.003125;False;ok;75;1;2.886;
5532;-5.989343796;37.38313747;0.003125;False;ok;52;1;4.764;
5533;-5.992468796;37.38626247;0.003125;False;ok;75;1;4.858;
5534;-5.989343796;37.38626247;0.003125;False;ok;74;1;4.611;
5535;-5.986218796;37.38313747;0.00625;False;ok;75;1;4.586;
5536;-5.992468796;37.38938747;0.003125;False;ok;75;1;2.941;
5537;-5.989343796;37.38938747;0.003125;False;ok;75;1;4.808;
5538;-5.992468796;37.39251247;0.003125;False;ok;65;1;4.734;
5539;-5.989343796;37.39251247;0.003125;False;ok;72;1;4.557;
5540;-5.986218796;37.38938747;0.00625;False;ok;75;1;4.771;
5541;-6.004968796;37.39563747;0.00625;False;ok;43;1;4.519;
5542;-5.998718796;37.39563747;0.003125;False;ok;74;1;2.825;
5543;-5.995593796;37.39563747;0.003125;False;ok;74;1;4.571;
5544;-5.998718796;37.39876247;0.003125;False;ok;56;1;2.709;
5545;-5.995593796;37.39876247;0.003125;False;ok;75;1;4.489;
5546;-5.998718796;37.40188747;0.00625;False;ok;36;1;2.779;
5547;-5.992468796;37.39563747;0.003125;False;ok;74;1;2.723;
5548;-5.989343796;37.39563747;0.003125;False;ok;64;1;2.810;
5549;-5.992468796;37.39876247;0.003125;False;ok;70;1;2.915;
5550;-5.989343796;37.39876247;0.003125;False;ok;59;1;2.910;
5551;-5.986218796;37.39563747;0.00625;False;ok;72;1;4.708;
5552;-5.992468796;37.40188747;0.00625;False;ok;71;1;4.710;
5553;-5.986218796;37.40188747;0.00625;False;ok;26;1;4.690;
5554;-5.979968796;37.38313747;0.025;False;ok;73;1;4.837;
5555;-6.054968796;37.40813747;0.05;False;ok;27;1;4.726;
5556;-6.004968796;37.40813747;0.05;False;ok;50;1;4.736;
5557;-5.954968796;37.35813747;0.1;False;ok;73;1;5.090;
5558;-5.854968796;37.35813747;0.1;False;ok;14;1;2.879;
5559;-5.754968796;37.35813747;0.1;False;ok;9;1;2.877;
5560;-5.554968796;37.35813747;0.1;False;ok;0;1;3.538;
5561;-5.354968796;37.35813747;0.1;False;ok;0;1;5.486;
5562;-4.854968796;37.35813747;0.1;False;ok;12;1;4.741;
5563;-4.754968796;37.35813747;0.1;False;ok;4;1;4.696;
5564;-4.654968796;37.35813747;0.1;False;ok;10;1;2.732;
5565;-4.554968796;37.35813747;0.1;False;ok;44;1;4.874;
5566;-4.454968796;37.35813747;0.1;False;ok;8;1;4.711;
5567;-4.354968796;37.35813747;0.1;False;ok;27;1;4.703;
5568;-4.254968796;37.35813747;0.1;False;ok;54;1;2.941;
5569;-4.154968796;37.35813747;0.1;False;ok;24;1;4.574;
5570;-4.054968796;37.35813747;0.1;False;ok;7;1;2.739;
5571;-3.954968796;37.35813747;0.1;False;ok;10;1;2.865;
5572;-3.854968796;37.35813747;0.1;False;ok;19;1;2.928;
5573;-3.754968796;37.35813747;0.1;False;ok;3;1;2.816;
5574;-3.654968796;37.35813747;0.1;False;ok;0;1;3.513;
5575;-3.254968796;37.35813747;0.1;False;ok;9;1;4.842;
5576;-3.054968796;37.35813747;0.1;False;ok;7;1;4.917;
5577;-2.954968796;37.35813747;0.1;False;ok;5;1;4.876;
5578;-2.754968796;37.35813747;0.1;False;ok;3;1;4.799;
5579;-2.654968796;37.35813747;0.1;False;ok;0;1;5.526;
5580;-2.354968796;37.35813747;0.1;False;ok;4;1;2.798;
5581;-7.554968796;37.45813747;0.1;True;ok;20;1;4.945;
5582;-7.354968796;37.45813747;0.1;False;ok;2;1;4.868;
5583;-6.254968796;37.45813747;0.1;False;ok;15;1;2.919;
5584;-6.154968796;37.45813747;0.1;False;ok;3;1;4.789;
5585;-6.054968796;37.45813747;0.1;False;ok;25;1;4.871;
5586;-5.954968796;37.45813747;0.1;False;ok;10;1;4.824;
5587;-5.854968796;37.45813747;0.1;False;ok;3;1;4.851;
5588;-5.754968796;37.45813747;0.1;False;ok;11;1;2.828;
5589;-5.654968796;37.45813747;0.1;False;ok;44;1;5.015;
5590;-5.354968796;37.45813747;0.1;False;ok;9;1;2.855;
5591;-5.254968796;37.45813747;0.1;False;ok;2;1;4.745;
5592;-5.154968796;37.45813747;0.1;False;ok;36;1;2.919;
5593;-4.654968796;37.45813747;0.1;False;ok;7;1;4.747;
5594;-4.554968796;37.45813747;0.1;False;ok;7;1;2.828;
5595;-4.454968796;37.45813747;0.1;False;ok;16;1;2.888;
5596;-4.354968796;37.45813747;0.1;False;ok;43;1;2.907;
5597;-4.254968796;37.45813747;0.1;False;ok;28;1;3.131;
5598;-4.154968796;37.45813747;0.1;False;ok;15;1;3.036;
5599;-4.054968796;37.45813747;0.1;False;ok;11;1;5.056;
5600;-3.954968796;37.45813747;0.1;False;ok;28;1;5.109;
5601;-3.854968796;37.45813747;0.1;False;ok;10;1;4.983;
5602;-3.654968796;37.45813747;0.1;False;ok;9;1;2.942;
5603;-3.554968796;37.45813747;0.1;False;ok;1;1;5.026;
5604;-3.354968796;37.45813747;0.1;False;ok;0;1;6.049;
5605;-3.154968796;37.45813747;0.1;False;ok;1;1;4.637;
5606;-3.054968796;37.45813747;0.1;False;ok;13;1;4.815;
5607;-2.954968796;37.45813747;0.1;False;ok;17;1;4.934;
5608;-2.854968796;37.45813747;0.1;False;ok;18;1;2.904;
5609;-2.754968796;37.45813747;0.1;False;ok;21;1;4.786;
5610;-2.654968796;37.45813747;0.1;False;ok;2;1;5.350;
5611;-2.554968796;37.45813747;0.1;False;ok;0;1;3.596;
5612;-2.354968796;37.45813747;0.1;False;ok;5;1;4.694;
5613;-7.454968796;37.55813747;0.1;False;ok;1;1;4.645;
5614;-6.854968796;37.55813747;0.1;False;ok;0;1;3.637;
5615;-6.754968796;37.55813747;0.1;False;ok;3;1;4.669;
5616;-6.554968796;37.55813747;0.1;False;ok;3;1;4.536;
5617;-6.354968796;37.55813747;0.1;False;ok;4;1;2.823;
5618;-6.254968796;37.55813747;0.1;False;ok;7;1;2.784;
5619;-6.154968796;37.55813747;0.1;False;ok;19;1;2.843;
5620;-5.954968796;37.55813747;0.1;False;ok;3;1;2.770;
5621;-5.854968796;37.55813747;0.1;False;ok;13;1;4.637;
5622;-5.754968796;37.55813747;0.1;False;ok;9;1;2.797;
5623;-5.654968796;37.55813747;0.1;False;ok;0;1;5.508;
5624;-5.554968796;37.55813747;0.1;False;ok;7;1;4.831;
5625;-5.154968796;37.55813747;0.1;False;ok;1;1;4.814;
5626;-5.054968796;37.55813747;0.1;False;ok;7;1;2.834;
5627;-4.954968796;37.55813747;0.1;False;ok;9;1;4.664;
5628;-4.854968796;37.55813747;0.1;False;ok;3;1;2.988;
5629;-4.754968796;37.55813747;0.1;False;ok;21;1;2.917;
5630;-4.654968796;37.55813747;0.1;False;ok;18;1;4.872;
5631;-4.354968796;37.55813747;0.1;False;ok;51;1;3.069;
5632;-4.254968796;37.55813747;0.1;False;ok;1;1;5.240;
5633;-4.154968796;37.55813747;0.1;False;ok;11;1;5.231;
5634;-4.054968796;37.55813747;0.1;False;ok;2;1;5.151;
5635;-3.954968796;37.55813747;0.1;False;ok;7;1;5.119;
5636;-3.854968796;37.55813747;0.1;False;ok;4;1;5.133;
5637;-3.654968796;37.55813747;0.1;False;ok;6;1;5.189;
5638;-3.554968796;37.55813747;0.1;False;ok;9;1;5.096;
5639;-3.054968796;37.55813747;0.1;False;ok;1;1;5.037;
5640;-2.954968796;37.55813747;0.1;False;ok;8;1;2.947;
5641;-2.854968796;37.55813747;0.1;False;ok;6;1;2.956;
5642;-2.754968796;37.55813747;0.1;False;ok;9;1;3.006;
5643;-2.654968796;37.55813747;0.1;False;ok;3;1;2.893;
5644;-2.554968796;37.55813747;0.1;False;ok;1;1;2.827;
5645;-2.454968796;37.55813747;0.1;False;ok;1;1;2.905;
5646;-2.354968796;37.55813747;0.1;False;ok;0;1;5.773;
5647;-6.954968796;37.65813747;0.1;False;ok;3;1;2.969;
5648;-6.754968796;37.65813747;0.1;False;ok;1;1;4.878;
5649;-6.654968796;37.65813747;0.1;False;ok;4;1;4.999;
5650;-6.554968796;37.65813747;0.1;False;ok;2;1;4.931;
5651;-6.454968796;37.65813747;0.1;False;ok;0;1;5.517;
5652;-6.354968796;37.65813747;0.1;False;ok;12;1;4.903;
5653;-6.254968796;37.65813747;0.1;False;ok;20;1;3.023;
5654;-6.154968796;37.65813747;0.1;False;ok;9;1;4.878;
5655;-6.054968796;37.65813747;0.1;False;ok;11;1;3.001;
5656;-5.654968796;37.65813747;0.1;False;ok;2;1;4.912;
5657;-5.554968796;37.65813747;0.1;False;ok;5;1;5.057;
5658;-5.354968796;37.65813747;0.1;False;ok;24;1;2.972;
5659;-5.154968796;37.65813747;0.1;False;ok;6;1;2.961;
5660;-4.954968796;37.65813747;0.1;False;ok;13;1;4.870;
5661;-4.654968796;37.65813747;0.1;False;ok;3;1;4.878;
5662;-4.554968796;37.65813747;0.1;False;ok;6;1;4.972;
5663;-4.154968796;37.65813747;0.1;False;ok;1;1;4.911;
5664;-4.054968796;37.65813747;0.1;False;ok;16;1;4.991;
5665;-3.854968796;37.65813747;0.1;False;ok;5;1;2.881;
5666;-3.754968796;37.65813747;0.1;False;ok;10;1;2.854;
5667;-3.654968796;37.65813747;0.1;False;ok;29;1;2.870;
5668;-3.554968796;37.65813747;0.1;False;ok;3;1;2.613;
5669;-3.454968796;37.65813747;0.1;False;ok;4;1;2.624;
5670;-3.354968796;37.65813747;0.1;False;ok;1;1;2.651;
5671;-3.054968796;37.65813747;0.1;False;ok;35;1;2.745;
5672;-2.954968796;37.65813747;0.1;False;ok;59;1;3.376;
5673;-2.854968796;37.65813747;0.1;False;ok;6;1;3.100;
5674;-2.754968796;37.65813747;0.1;False;ok;6;1;3.248;
5675;-2.654968796;37.65813747;0.1;False;ok;4;1;3.071;
5676;-2.554968796;37.65813747;0.1;False;ok;24;1;2.299;
5677;-2.454968796;37.65813747;0.1;False;ok;4;1;2.923;
5678;-6.754968796;37.75813747;0.1;False;ok;3;1;2.866;
5679;-6.554968796;37.75813747;0.1;False;ok;2;1;2.977;
5680;-6.454968796;37.75813747;0.1;False;ok;13;1;3.103;
5681;-6.354968796;37.75813747;0.1;False;ok;10;1;3.200;
5682;-5.854968796;37.75813747;0.1;False;ok;8;1;2.950;
5683;-5.754968796;37.75813747;0.1;False;ok;1;1;3.274;
5684;-5.454968796;37.75813747;0.1;False;ok;31;1;1.601;
5685;-5.354968796;37.75813747;0.1;False;ok;7;1;3.367;
5686;-5.254968796;37.75813747;0.1;False;ok;27;1;3.251;
5687;-5.154968796;37.75813747;0.1;False;ok;16;1;3.288;
5688;-5.054968796;37.75813747;0.1;False;ok;42;1;1.475;
5689;-4.954968796;37.75813747;0.1;False;ok;12;1;1.470;
5690;-4.854968796;37.75813747;0.1;False;ok;1;1;1.414;
5691;-4.254968796;37.75813747;0.1;False;ok;1;1;2.276;
5692;-3.954968796;37.75813747;0.1;False;ok;7;1;2.571;
5693;-3.854968796;37.75813747;0.1;False;ok;74;1;3.916;
5694;-3.754968796;37.75813747;0.1;False;ok;6;1;2.364;
5695;-3.654968796;37.75813747;0.1;False;ok;10;1;4.228;
5696;-3.554968796;37.75813747;0.1;False;ok;24;1;4.122;
5697;-3.454968796;37.75813747;0.1;False;ok;18;1;2.496;
5698;-3.154968796;37.75813747;0.1;False;ok;25;1;2.403;
5699;-3.054968796;37.75813747;0.1;False;ok;6;1;2.412;
5700;-2.954968796;37.75813747;0.1;False;ok;6;1;4.001;
5701;-2.854968796;37.75813747;0.1;False;ok;57;1;4.082;
5702;-2.754968796;37.75813747;0.1;False;ok;7;1;4.052;
5703;-2.654968796;37.75813747;0.1;False;ok;1;1;4.071;
5704;-2.554968796;37.75813747;0.1;False;ok;22;1;3.982;
5705;-7.054968796;37.85813747;0.1;False;ok;4;1;3.991;
5706;-6.854968796;37.85813747;0.1;False;ok;27;1;3.903;
5707;-6.754968796;37.85813747;0.1;False;ok;75;1;2.314;
5708;-6.654968796;37.85813747;0.1;False;ok;74;1;3.900;
5709;-6.554968796;37.85813747;0.1;False;ok;48;1;3.938;
5710;-6.454968796;37.85813747;0.1;False;ok;2;1;3.642;
5711;-6.354968796;37.85813747;0.1;False;ok;1;1;3.603;
5712;-6.254968796;37.85813747;0.1;False;ok;15;1;2.314;
5713;-6.154968796;37.85813747;0.1;False;ok;12;1;2.359;
5714;-5.954968796;37.85813747;0.1;False;ok;1;1;2.434;
5715;-5.854968796;37.85813747;0.1;False;ok;53;1;2.657;
5716;-5.754968796;37.85813747;0.1;False;ok;17;1;2.539;
5717;-5.654968796;37.85813747;0.1;False;ok;42;1;4.593;
5718;-5.554968796;37.85813747;0.1;False;ok;4;1;2.660;
5719;-5.054968796;37.85813747;0.1;False;ok;5;1;4.413;
5720;-4.954968796;37.85813747;0.1;False;ok;12;1;4.581;
5721;-4.854968796;37.85813747;0.05;False;ok;3;1;4.570;
5722;-4.804968796;37.85813747;0.0125;False;ok;0;1;5.204;
5723;-4.792468796;37.85813747;0.0125;False;ok;16;1;2.833;
5724;-4.804968796;37.87063747;0.0125;False;ok;7;1;2.786;
5725;-4.792468796;37.87063747;0.00625;False;ok;2;1;4.435;
5726;-4.786218796;37.87063747;0.00625;False;ok;49;1;4.685;
5727;-4.792468796;37.87688747;0.00625;False;ok;75;1;3.032;
5728;-4.786218796;37.87688747;0.003125;False;ok;42;1;4.771;
5729;-4.783093796;37.87688747;0.003125;False;ok;53;1;4.893;
5730;-4.786218796;37.88001247;0.003125;False;ok;20;1;2.957;
5731;-4.783093796;37.88001247;0.003125;False;ok;75;1;4.981;
5732;-4.779968796;37.85813747;0.0125;False;ok;21;1;2.810;
5733;-4.779968796;37.87063747;0.00625;False;ok;74;1;5.302;
5734;-4.773718796;37.87063747;0.00625;False;ok;15;1;4.932;
5735;-4.779968796;37.87688747;0.00625;False;ok;75;1;5.154;
5736;-4.773718796;37.87688747;0.00625;False;ok;75;1;5.076;
5737;-4.767468796;37.87063747;0.0125;False;ok;28;1;2.871;
5738;-4.804968796;37.88313747;0.025;False;ok;75;1;3.101;
5739;-4.779968796;37.88313747;0.00625;False;ok;75;1;3.025;
5740;-4.773718796;37.88313747;0.00625;False;ok;75;1;3.029;
5741;-4.779968796;37.88938747;0.00625;False;ok;36;1;2.925;
5742;-4.773718796;37.88938747;0.00625;False;ok;37;1;2.865;
5743;-4.767468796;37.88313747;0.0125;False;ok;37;1;4.820;
5744;-4.767468796;37.89563747;0.0125;False;ok;3;1;4.736;
5745;-4.854968796;37.90813747;0.05;False;ok;13;1;4.739;
5746;-4.804968796;37.90813747;0.05;False;ok;25;1;4.815;
5747;-4.754968796;37.85813747;0.1;False;ok;22;1;4.798;
5748;-4.654968796;37.85813747;0.1;False;ok;4;1;2.809;
5749;-4.554968796;37.85813747;0.1;False;ok;4;1;4.651;
5750;-4.454968796;37.85813747;0.1;False;ok;2;1;4.488;
5751;-4.354968796;37.85813747;0.1;False;ok;1;1;4.691;
5752;-4.254968796;37.85813747;0.1;False;ok;3;1;4.525;
5753;-4.154968796;37.85813747;0.1;False;ok;5;1;4.753;
5754;-4.054968796;37.85813747;0.1;False;ok;3;1;4.615;
5755;-3.854968796;37.85813747;0.1;False;ok;1;1;2.804;
5756;-3.654968796;37.85813747;0.1;False;ok;0;1;3.561;
5757;-3.154968796;37.85813747;0.1;False;ok;7;1;5.075;
5758;-3.004968796;37.85813747;0.05;False;ok;24;1;4.959;
5759;-3.054968796;37.90813747;0.05;False;ok;49;1;4.916;
5760;-3.004968796;37.90813747;0.0125;False;ok;75;1;3.115;
5761;-2.992468796;37.90813747;0.0125;False;ok;3;1;2.829;
5762;-3.004968796;37.92063747;0.0125;False;ok;7;1;2.964;
5763;-2.992468796;37.92063747;0.0125;False;ok;28;1;2.991;
5764;-2.979968796;37.90813747;0.025;False;ok;5;1;4.580;
5765;-3.004968796;37.93313747;0.025;False;ok;4;1;2.817;
5766;-2.979968796;37.93313747;0.025;False;ok;28;1;4.638;
5767;-2.954968796;37.85813747;0.1;False;ok;74;1;4.836;
5768;-2.754968796;37.85813747;0.1;False;ok;4;1;4.568;
5769;-2.454968796;37.85813747;0.1;False;ok;10;1;2.847;
5770;-7.254968796;37.95813747;0.1;True;ok;3;1;4.921;
5771;-6.954968796;37.95813747;0.1;False;ok;0;1;3.627;
5772;-6.854968796;37.95813747;0.1;False;ok;4;1;2.928;
5773;-6.754968796;37.95813747;0.1;False;ok;3;1;4.880;
5774;-6.654968796;37.95813747;0.1;False;ok;4;1;2.873;
5775;-6.454968796;37.95813747;0.1;False;ok;3;1;5.034;
5776;-6.354968796;37.95813747;0.1;False;ok;6;1;4.702;
5777;-6.254968796;37.95813747;0.1;False;ok;1;1;4.779;
5778;-5.954968796;37.95813747;0.1;False;ok;1;1;4.706;
5779;-5.854968796;37.95813747;0.1;False;ok;1;1;4.733;
5780;-5.754968796;37.95813747;0.1;False;ok;6;1;3.042;
5781;-5.654968796;37.95813747;0.1;False;ok;7;1;4.613;
5782;-5.054968796;37.95813747;0.1;False;ok;5;1;4.646;
5783;-4.954968796;37.95813747;0.1;False;ok;3;1;4.729;
5784;-4.854968796;37.95813747;0.1;False;ok;33;1;2.936;
5785;-4.754968796;37.95813747;0.1;False;ok;0;1;3.536;
5786;-4.554968796;37.95813747;0.1;False;ok;11;1;2.884;
5787;-4.354968796;37.95813747;0.1;False;ok;3;1;2.826;
5788;-4.254968796;37.95813747;0.1;False;ok;11;1;2.816;
5789;-4.154968796;37.95813747;0.1;False;ok;25;1;4.871;
5790;-4.054968796;37.95813747;0.1;False;ok;17;1;4.630;
5791;-3.854968796;37.95813747;0.1;False;ok;1;1;4.544;
5792;-3.554968796;37.95813747;0.1;False;ok;75;1;2.998;
5793;-3.454968796;37.95813747;0.1;False;ok;74;1;4.837;
5794;-3.354968796;37.95813747;0.1;False;ok;5;1;4.569;
5795;-3.154968796;37.95813747;0.1;False;ok;7;1;4.602;
5796;-2.954968796;37.95813747;0.1;False;ok;18;1;2.642;
5797;-2.854968796;37.95813747;0.1;False;ok;11;1;4.471;
5798;-2.654968796;37.95813747;0.1;False;ok;3;1;4.473;
5799;-2.554968796;37.95813747;0.1;False;ok;4;1;4.472;
5800;-6.954968796;38.05813747;0.1;False;ok;7;1;4.472;
5801;-6.754968796;38.05813747;0.1;False;ok;5;1;4.542;
5802;-6.654968796;38.05813747;0.1;False;ok;6;1;2.718;
5803;-6.554968796;38.05813747;0.1;False;ok;24;1;2.764;
5804;-6.454968796;38.05813747;0.1;False;ok;6;1;2.709;
5805;-6.354968796;38.05813747;0.1;False;ok;20;1;4.675;
5806;-6.254968796;38.05813747;0.1;False;ok;2;1;4.418;
5807;-5.854968796;38.05813747;0.1;False;ok;17;1;4.558;
5808;-5.054968796;38.05813747;0.1;False;ok;0;1;3.503;
5809;-4.954968796;38.05813747;0.1;False;ok;7;1;2.822;
5810;-4.454968796;38.05813747;0.1;False;ok;0;1;3.513;
5811;-4.354968796;38.05813747;0.1;False;ok;0;1;3.415;
5812;-4.054968796;38.05813747;0.1;False;ok;12;1;4.322;
5813;-3.954968796;38.05813747;0.1;False;ok;1;1;2.556;
5814;-3.854968796;38.05813747;0.1;False;ok;6;1;4.136;
5815;-3.754968796;38.05813747;0.1;False;ok;1;1;4.101;
5816;-3.654968796;38.05813747;0.1;False;ok;39;1;2.765;
5817;-3.554968796;38.05813747;0.1;False;ok;4;1;4.101;
5818;-3.354968796;38.05813747;0.1;False;ok;10;1;4.500;
5819;-3.254968796;38.05813747;0.1;False;ok;1;1;4.419;
5820;-3.154968796;38.05813747;0.1;False;ok;5;1;4.583;
5821;-3.054968796;38.05813747;0.1;False;ok;21;1;4.475;
5822;-2.854968796;38.05813747;0.1;False;ok;3;1;4.246;
5823;-2.754968796;38.05813747;0.1;False;ok;21;1;2.720;
5824;-2.654968796;38.05813747;0.1;False;ok;9;1;2.695;
5825;-2.454968796;38.05813747;0.1;False;ok;1;1;4.398;
5826;-2.354968796;38.05813747;0.1;False;ok;8;1;4.410;
5827;-7.154968796;38.15813747;0.1;False;ok;1;1;4.540;
5828;-6.754968796;38.15813747;0.1;False;ok;6;1;4.616;
5829;-6.354968796;38.15813747;0.1;False;ok;1;1;4.481;
5830;-6.054968796;38.15813747;0.1;False;ok;5;1;2.710;
5831;-5.954968796;38.15813747;0.1;False;ok;1;1;2.730;
5832;-5.454968796;38.15813747;0.1;False;ok;3;1;2.668;
5833;-5.354968796;38.15813747;0.1;False;ok;7;1;2.650;
5834;-5.154968796;38.15813747;0.1;False;ok;3;1;2.698;
5835;-4.354968796;38.15813747;0.1;False;ok;1;1;2.769;
5836;-4.054968796;38.15813747;0.1;False;ok;3;1;4.757;
5837;-3.854968796;38.15813747;0.1;False;ok;20;1;4.813;
5838;-3.754968796;38.15813747;0.1;False;ok;4;1;4.817;
5839;-3.654968796;38.15813747;0.1;False;ok;1;1;4.690;
5840;-3.554968796;38.15813747;0.1;False;ok;5;1;2.876;
5841;-3.454968796;38.15813747;0.1;False;ok;2;1;2.828;
5842;-3.254968796;38.15813747;0.1;False;ok;3;1;4.945;
5843;-3.054968796;38.15813747;0.1;False;ok;8;1;4.965;
5844;-2.954968796;38.15813747;0.1;False;ok;11;1;4.725;
5845;-2.854968796;38.15813747;0.1;False;ok;4;1;4.919;
5846;-2.754968796;38.15813747;0.1;False;ok;34;1;5.034;
5847;-2.654968796;38.15813747;0.1;False;ok;6;1;2.831;
5848;-2.554968796;38.15813747;0.1;False;ok;3;1;5.549;
5849;-2.454968796;38.15813747;0.1;False;ok;4;1;2.815;
5850;-2.354968796;38.15813747;0.1;False;ok;2;1;4.868;
5851;0.08550972;35.95813747;0.1;True;ok;0;1;4.645;
5852;-2.21449028;36.65813747;0.1;False;ok;20;1;2.725;
5853;-2.11449028;36.65813747;0.1;False;ok;37;1;4.574;
5854;-2.31449028;36.75813747;0.1;False;ok;74;1;2.814;
5855;-2.21449028;36.75813747;0.1;False;ok;24;1;4.410;
5856;-2.11449028;36.75813747;0.00625;False;ok;74;1;2.847;
5857;-2.10824028;36.75813747;0.00625;False;ok;39;1;2.802;
5858;-2.11449028;36.76438747;0.00625;False;ok;69;1;2.680;
5859;-2.10824028;36.76438747;0.00625;False;ok;62;1;2.688;
5860;-2.11449028;36.77063747;0.0125;False;ok;2;1;3.816;
5861;-2.11449028;36.78313747;0.025;False;ok;51;1;3.838;
5862;-2.08949028;36.78313747;0.025;False;ok;6;1;3.771;
5863;-2.06449028;36.75813747;0.05;False;ok;5;1;3.693;
5864;-2.11449028;36.80813747;0.05;False;ok;10;1;2.367;
5865;-2.06449028;36.80813747;0.05;False;ok;74;1;2.514;
5866;-2.31449028;36.85813747;0.1;False;ok;4;1;3.210;
5867;-2.21449028;36.85813747;0.1;False;ok;7;1;3.073;
5868;-2.11449028;36.85813747;0.1;False;ok;43;1;3.351;
5869;-2.01449028;36.85813747;0.1;False;ok;75;1;3.304;
5870;-2.31449028;36.95813747;0.1;False;ok;2;1;3.152;
5871;-2.21449028;36.95813747;0.1;False;ok;67;1;3.372;
5872;-2.11449028;36.95813747;0.1;False;ok;6;1;2.188;
5873;-2.01449028;36.95813747;0.1;False;ok;5;1;2.137;
5874;-1.91449028;36.95813747;0.1;False;ok;75;1;2.351;
5875;-2.31449028;37.05813747;0.1;False;ok;2;1;3.582;
5876;-2.21449028;37.05813747;0.1;False;ok;4;1;3.566;
5877;-2.11449028;37.05813747;0.1;False;ok;11;1;3.658;
5878;-2.01449028;37.05813747;0.1;False;ok;17;1;3.576;
5879;-1.91449028;37.05813747;0.05;False;ok;1;1;2.026;
5880;-1.86449028;37.05813747;0.05;False;ok;71;1;2.259;
5881;-1.91449028;37.10813747;0.05;False;ok;10;1;2.100;
5882;-1.86449028;37.10813747;0.025;False;ok;70;1;3.816;
5883;-1.83949028;37.10813747;0.025;False;ok;45;1;3.952;
5884;-1.86449028;37.13313747;0.025;False;ok;58;1;3.824;
5885;-1.83949028;37.13313747;0.025;False;ok;73;1;3.999;
5886;-2.31449028;37.15813747;0.1;False;ok;1;1;2.518;
5887;-2.21449028;37.15813747;0.1;False;ok;2;1;2.525;
5888;-2.11449028;37.15813747;0.1;False;ok;9;1;3.802;
5889;-2.01449028;37.15813747;0.1;False;ok;24;1;3.815;
5890;-1.91449028;37.15813747;0.05;False;ok;51;1;2.589;
5891;-1.83949028;37.15813747;0.025;False;ok;72;1;2.617;
5892;-1.83949028;37.18313747;0.025;False;ok;74;1;4.015;
5893;-1.91449028;37.20813747;0.05;False;ok;4;1;3.772;
5894;-1.86449028;37.20813747;0.025;False;ok;0;1;4.385;
5895;-1.83949028;37.20813747;0.025;False;ok;75;1;2.532;
5896;-1.86449028;37.23313747;0.025;False;ok;6;1;3.629;
5897;-1.83949028;37.23313747;0.025;False;ok;16;1;2.411;
5898;-1.81449028;37.15813747;0.05;False;ok;18;1;3.356;
5899;-1.81449028;37.20813747;0.0125;False;ok;74;1;3.584;
5900;-1.81449028;37.22063747;0.00625;False;ok;18;1;3.333;
5901;-1.80824028;37.22063747;0.00625;False;ok;75;1;3.513;
5902;-1.81449028;37.22688747;0.00625;False;ok;5;1;2.169;
5903;-1.80824028;37.22688747;0.00625;False;ok;57;1;2.242;
5904;-1.80199028;37.22063747;0.0125;False;ok;73;1;2.446;
5905;-1.81449028;37.23313747;0.025;False;ok;24;1;2.321;
5906;-1.78949028;37.23313747;0.025;False;ok;21;1;3.788;
5907;-2.31449028;37.25813747;0.1;False;ok;8;1;2.202;
5908;-2.21449028;37.25813747;0.1;False;ok;5;1;3.922;
5909;-2.11449028;37.25813747;0.1;False;ok;23;1;2.265;
5910;-2.01449028;37.25813747;0.1;False;ok;7;1;4.142;
5911;-1.91449028;37.25813747;0.1;False;ok;15;1;4.206;
5912;-1.81449028;37.25813747;0.1;False;ok;8;1;4.236;
5913;-1.71449028;37.30813747;0.025;False;ok;18;1;4.191;
5914;-1.71449028;37.33313747;0.025;False;ok;50;1;4.697;
5915;-1.68949028;37.33313747;0.025;False;ok;74;1;4.627;
5916;-1.66449028;37.30813747;0.05;False;ok;4;1;2.667;
5917;-2.31449028;37.35813747;0.1;False;ok;4;1;2.574;
5918;-2.21449028;37.35813747;0.1;False;ok;16;1;4.473;
5919;-2.11449028;37.35813747;0.1;False;ok;9;1;4.608;
5920;-2.01449028;37.35813747;0.1;False;ok;5;1;4.814;
5921;-1.91449028;37.35813747;0.1;False;ok;6;1;4.703;
5922;-1.81449028;37.35813747;0.1;False;ok;4;1;4.830;
5923;-1.71449028;37.35813747;0.1;False;ok;68;1;2.984;
5924;-1.61449028;37.35813747;0.1;False;ok;74;1;3.099;
5925;-1.51449028;37.35813747;0.1;False;ok;27;1;4.953;
5926;-2.31449028;37.45813747;0.1;False;ok;10;1;2.829;
5927;-2.11449028;37.45813747;0.1;False;ok;9;1;2.887;
5928;-2.01449028;37.45813747;0.1;False;ok;6;1;4.488;
5929;-1.81449028;37.45813747;0.1;False;ok;4;1;2.815;
5930;-1.71449028;37.45813747;0.1;False;ok;6;1;2.713;
5931;-1.51449028;37.45813747;0.1;False;ok;2;1;4.469;
5932;-1.41449028;37.45813747;0.1;False;ok;3;1;4.333;
5933;-1.21449028;37.45813747;0.1;False;ok;7;1;4.621;
5934;-2.31449028;37.55813747;0.1;False;ok;1;1;4.616;
5935;-2.11449028;37.55813747;0.1;False;ok;21;1;4.758;
5936;-2.01449028;37.55813747;0.1;False;ok;1;1;2.638;
5937;-1.91449028;37.55813747;0.1;False;ok;0;1;3.369;
5938;-1.81449028;37.55813747;0.1;False;ok;9;1;2.660;
5939;-1.51449028;37.55813747;0.1;False;ok;1;1;2.624;
5940;-1.41449028;37.55813747;0.1;False;ok;42;1;4.932;
5941;-1.31449028;37.55813747;0.05;False;ok;71;1;4.995;
5942;-1.26449028;37.55813747;0.05;False;ok;70;1;5.030;
5943;-1.26449028;37.60813747;0.05;False;ok;1;1;4.586;
5944;-1.21449028;37.55813747;0.1;False;ok;47;1;4.850;
5945;-1.11449028;37.55813747;0.1;False;ok;11;1;4.879;
5946;-1.01449028;37.55813747;0.1;False;ok;75;1;3.227;
5947;-0.91449028;37.55813747;0.1;False;ok;16;1;2.972;
5948;-0.81449028;37.58313747;0.0125;False;ok;20;1;4.650;
5949;-0.80199028;37.58313747;0.0125;False;ok;16;1;4.485;
5950;-0.81449028;37.59563747;0.0125;False;ok;47;1;3.018;
5951;-0.80199028;37.59563747;0.0125;False;ok;6;1;2.916;
5952;-0.81449028;37.60813747;0.025;False;ok;17;1;2.931;
5953;-0.78949028;37.60813747;0.025;False;ok;10;1;4.722;
5954;-0.81449028;37.63313747;0.025;False;ok;7;1;2.767;
5955;-0.78949028;37.63313747;0.025;False;ok;73;1;4.981;
5956;-0.76449028;37.60813747;0.05;False;ok;75;1;4.938;
5957;-0.71449028;37.55813747;0.1;False;ok;67;1;4.781;
5958;-2.21449028;37.65813747;0.1;False;ok;6;1;4.736;
5959;-2.11449028;37.65813747;0.1;False;ok;29;1;4.763;
5960;-2.01449028;37.65813747;0.1;False;ok;1;1;2.614;
5961;-1.91449028;37.65813747;0.1;False;ok;4;1;2.702;
5962;-1.71449028;37.65813747;0.1;False;ok;21;1;2.873;
5963;-1.61449028;37.65813747;0.1;False;ok;2;1;4.873;
5964;-1.51449028;37.65813747;0.1;False;ok;0;1;3.526;
5965;-1.41449028;37.65813747;0.1;False;ok;75;1;5.286;
5966;-1.31449028;37.65813747;0.1;False;ok;2;1;5.004;
5967;-1.21449028;37.65813747;0.1;False;ok;11;1;5.053;
5968;-1.11449028;37.65813747;0.1;False;ok;7;1;2.861;
5969;-1.01449028;37.65813747;0.1;False;ok;70;1;2.963;
5970;-0.86449028;37.65813747;0.05;False;ok;29;1;5.024;
5971;-0.91449028;37.70813747;0.05;False;ok;70;1;5.319;
5972;-0.86449028;37.70813747;0.05;False;ok;75;1;5.347;
5973;-0.76449028;37.65813747;0.05;False;ok;74;1;5.346;
5974;-0.76449028;37.70813747;0.025;False;ok;36;1;3.194;
5975;-0.73949028;37.70813747;0.025;False;ok;1;1;2.951;
5976;-0.76449028;37.73313747;0.025;False;ok;55;1;4.812;
5977;-0.73949028;37.73313747;0.025;False;ok;69;1;3.151;
5978;-2.21449028;37.75813747;0.1;False;ok;0;1;5.486;
5979;-1.81449028;37.75813747;0.1;False;ok;0;1;5.492;
5980;-1.71449028;37.75813747;0.1;False;ok;2;1;2.904;
5981;-1.61449028;37.75813747;0.1;False;ok;8;1;4.885;
5982;-1.51449028;37.75813747;0.1;False;ok;11;1;4.942;
5983;-1.41449028;37.75813747;0.1;False;ok;1;1;2.912;
5984;-1.31449028;37.75813747;0.1;False;ok;1;1;2.874;
5985;-1.21449028;37.75813747;0.1;False;ok;62;1;4.958;
5986;-1.01449028;37.75813747;0.05;False;ok;55;1;3.089;
5987;-0.96449028;37.75813747;0.05;False;ok;1;1;2.973;
5988;-1.01449028;37.80813747;0.0125;False;ok;58;1;4.794;
5989;-1.01449028;37.82063747;0.0125;False;ok;55;1;4.536;
5990;-1.00199028;37.82063747;0.0125;False;ok;38;1;4.683;
5991;-1.01449028;37.83313747;0.025;False;ok;3;1;4.484;
5992;-0.96449028;37.80813747;0.05;False;ok;4;1;4.587;
5993;-0.91449028;37.75813747;0.1;False;ok;75;1;3.035;
5994;-0.81449028;37.75813747;0.05;False;ok;65;1;3.044;
5995;-0.75199028;37.75813747;0.0125;False;ok;65;1;4.996;
5996;-0.76449028;37.77063747;0.0125;False;ok;8;1;4.862;
5997;-0.75199028;37.77063747;0.0125;False;ok;74;1;4.984;
5998;-0.81449028;37.80813747;0.025;False;ok;71;1;2.995;
5999;-0.78949028;37.80813747;0.025;False;ok;75;1;3.022;
6000;-0.81449028;37.83313747;0.025;False;ok;6;1;4.768;
6001;-0.78949028;37.83313747;0.025;False;ok;72;1;3.030;
6002;-0.76449028;37.80813747;0.05;False;ok;6;1;2.799;
6003;-1.51449028;37.85813747;0.1;False;ok;5;1;4.829;
6004;-1.31449028;37.85813747;0.1;False;ok;2;1;4.969;
6005;-1.21449028;37.85813747;0.1;False;ok;15;1;5.153;
6006;-1.11449028;37.85813747;0.1;False;ok;70;1;5.143;
6007;-1.01449028;37.85813747;0.1;False;ok;75;1;5.274;
6008;-0.91449028;37.85813747;0.1;False;ok;38;1;2.999;
6009;-0.81449028;37.85813747;0.05;False;ok;71;1;3.070;
6010;-0.76449028;37.85813747;0.025;False;ok;68;1;3.101;
6011;-0.76449028;37.88313747;0.025;False;ok;71;1;3.132;
6012;-0.81449028;37.90813747;0.025;False;ok;22;1;5.343;
6013;-0.78949028;37.90813747;0.025;False;ok;49;1;5.247;
6014;-0.81449028;37.93313747;0.025;False;ok;12;1;5.160;
6015;-0.78949028;37.93313747;0.025;False;ok;73;1;5.977;
6016;-0.76449028;37.90813747;0.0125;False;ok;10;1;5.130;
6017;-0.75199028;37.90813747;0.0125;False;ok;73;1;3.074;
6018;-0.76449028;37.92063747;0.0125;False;ok;46;1;2.977;
6019;-0.75199028;37.92063747;0.0125;False;ok;44;1;4.969;
6020;-0.73949028;37.90813747;0.0125;False;ok;74;1;5.163;
6021;-0.72699028;37.90813747;0.0125;False;ok;7;1;4.987;
6022;-0.73949028;37.92063747;0.0125;False;ok;73;1;5.193;
6023;-0.72699028;37.92063747;0.0125;False;ok;71;1;3.016;
6024;-0.76449028;37.93313747;0.0125;False;ok;39;1;3.017;
6025;-0.75199028;37.93313747;0.0125;False;ok;66;1;3.047;
6026;-0.76449028;37.94563747;0.0125;False;ok;13;1;3.057;
6027;-0.75199028;37.94563747;0.0125;False;ok;64;1;5.122;
6028;-0.73949028;37.93313747;0.0125;False;ok;69;1;5.103;
6029;-0.72699028;37.93313747;0.0125;False;ok;68;1;5.159;
6030;-0.73949028;37.94563747;0.0125;False;ok;49;1;5.030;
6031;-0.72699028;37.94563747;0.00625;False;ok;37;1;3.028;
6032;-0.72074028;37.94563747;0.00625;False;ok;44;1;3.031;
6033;-0.72699028;37.95188747;0.00625;False;ok;36;1;4.972;
6034;-0.72074028;37.95188747;0.00625;False;ok;15;1;4.592;
6035;-0.71449028;37.93313747;0.0125;False;ok;75;1;4.848;
6036;-0.71449028;37.94563747;0.0125;False;ok;72;1;3.224;
6037;-2.01449028;37.95813747;0.1;False;ok;11;1;4.613;
6038;-1.91449028;37.95813747;0.1;False;ok;4;1;3.034;
6039;-1.81449028;37.95813747;0.1;False;ok;0;1;5.384;
6040;-1.71449028;37.95813747;0.1;False;ok;19;1;2.961;
6041;-1.61449028;37.95813747;0.1;False;ok;3;1;2.934;
6042;-1.51449028;37.95813747;0.1;False;ok;11;1;4.625;
6043;-1.41449028;37.95813747;0.1;False;ok;3;1;4.558;
6044;-1.31449028;37.95813747;0.1;False;ok;18;1;4.850;
6045;-1.21449028;37.95813747;0.1;False;ok;75;1;4.908;
6046;-1.11449028;37.95813747;0.1;False;ok;30;1;2.650;
6047;-1.01449028;37.95813747;0.1;False;ok;3;1;2.567;
6048;-0.91449028;37.95813747;0.1;False;ok;51;1;4.412;
6049;-0.81449028;37.95813747;0.1;False;ok;73;1;2.908;
6050;-0.71449028;37.95813747;0.0125;False;ok;69;1;2.771;
6051;-0.70199028;37.95813747;0.0125;False;ok;43;1;4.417;
6052;-0.70199028;37.97063747;0.0125;False;ok;75;1;4.943;
6053;-0.68949028;37.97063747;0.00625;False;ok;24;1;2.829;
6054;-0.68324028;37.97063747;0.00625;False;ok;34;1;2.821;
6055;-0.68949028;37.97688747;0.00625;False;ok;75;1;4.843;
6056;-0.68324028;37.97688747;0.00625;False;ok;71;1;4.954;
6057;-0.67699028;37.97063747;0.00625;False;ok;69;1;4.830;
6058;-0.67074028;37.97063747;0.00625;False;ok;19;1;2.938;
6059;-0.67699028;37.97688747;0.003125;False;ok;52;1;2.948;
6060;-0.67386528;37.97688747;0.003125;False;ok;75;1;4.613;
6061;-0.67699028;37.98001247;0.003125;False;ok;54;1;4.595;
6062;-0.67386528;37.98001247;0.003125;False;ok;73;1;4.633;
6063;-0.67074028;37.97688747;0.003125;False;ok;72;1;4.637;
6064;-0.66761528;37.97688747;0.003125;False;ok;73;1;4.559;
6065;-0.67074028;37.98001247;0.003125;False;ok;70;1;4.743;
6066;-0.66761528;37.98001247;0.003125;False;ok;72;1;4.651;
6067;-0.71449028;37.98313747;0.025;False;ok;61;1;2.876;
6068;-0.68949028;37.98313747;0.0125;False;ok;54;1;2.857;
6069;-0.67699028;37.98313747;0.0125;False;ok;74;1;4.507;
6070;-0.68949028;37.99563747;0.0125;False;ok;34;1;2.788;
6071;-0.67699028;37.99563747;0.0125;False;ok;65;1;2.862;
6072;-0.66449028;37.95813747;0.025;False;ok;75;1;4.221;
6073;-0.66449028;37.98313747;0.00625;False;ok;73;1;2.838;
6074;-0.65824028;37.98313747;0.00625;False;ok;28;1;2.636;
6075;-0.66449028;37.98938747;0.00625;False;ok;40;1;3.966;
6076;-0.65824028;37.98938747;0.00625;False;ok;11;1;3.729;
6077;-0.66449028;37.99563747;0.00625;False;ok;30;1;4.137;
6078;-0.65824028;37.99563747;0.00625;False;ok;24;1;4.009;
6079;-0.66449028;38.00188747;0.00625;False;ok;52;1;4.250;
6080;-0.65824028;38.00188747;0.00625;False;ok;73;1;2.671;
6081;-0.65199028;37.99563747;0.0125;False;ok;74;1;2.706;
6082;-0.71449028;38.00813747;0.05;False;ok;73;1;2.686;
6083;-0.66449028;38.00813747;0.00625;False;ok;69;1;4.053;
6084;-0.65824028;38.00813747;0.00625;False;ok;36;1;4.030;
6085;-0.66449028;38.01438747;0.00625;False;ok;25;1;2.514;
6086;-0.65824028;38.01438747;0.00625;False;ok;73;1;3.969;
6087;-0.65824028;38.02063747;0.00625;False;ok;73;1;2.868;
6088;-0.65824028;38.02688747;0.00625;False;ok;73;1;4.436;
6089;-0.65199028;38.02063747;0.0125;False;ok;1;1;4.183;
6090;-0.66449028;38.03313747;0.025;False;ok;18;1;2.631;
6091;-2.31449028;38.05813747;0.1;False;ok;6;1;4.163;
6092;-2.21449028;38.05813747;0.1;False;ok;3;1;4.004;
6093;-2.11449028;38.05813747;0.1;False;ok;8;1;4.029;
6094;-2.01449028;38.05813747;0.1;False;ok;9;1;3.963;
6095;-1.91449028;38.05813747;0.1;False;ok;52;1;2.559;
6096;-1.81449028;38.05813747;0.1;False;ok;33;1;2.587;
6097;-1.61449028;38.05813747;0.1;False;ok;0;1;4.429;
6098;-1.41449028;38.05813747;0.1;False;ok;5;1;2.501;
6099;-1.31449028;38.05813747;0.1;False;ok;41;1;2.608;
6100;-1.21449028;38.05813747;0.1;False;ok;5;1;3.452;
6101;-1.11449028;38.05813747;0.1;False;ok;11;1;3.846;
6102;-1.01449028;38.05813747;0.1;False;ok;17;1;3.876;
6103;-0.91449028;38.05813747;0.1;False;ok;16;1;2.456;
6104;-0.81449028;38.05813747;0.1;False;ok;67;1;2.525;
6105;-0.71449028;38.05813747;0.05;False;ok;74;1;4.001;
6106;-0.66449028;38.05813747;0.05;False;ok;70;1;3.870;
6107;-0.71449028;38.10813747;0.05;False;ok;58;1;3.785;
6108;-0.66449028;38.10813747;0.05;False;ok;30;1;3.571;
6109;-2.31449028;38.15813747;0.1;False;ok;1;1;2.273;
6110;-2.21449028;38.15813747;0.1;False;ok;5;1;2.384;
6111;-2.01449028;38.15813747;0.1;False;ok;4;1;2.364;
6112;-1.91449028;38.15813747;0.1;False;ok;55;1;3.455;
6113;-1.81449028;38.15813747;0.1;False;ok;11;1;2.343;
6114;-1.61449028;38.15813747;0.1;False;ok;0;1;4.210;
6115;-1.51449028;38.15813747;0.1;False;ok;9;1;3.531;
6116;-1.41449028;38.15813747;0.1;False;ok;23;1;3.445;
6117;-1.21449028;38.15813747;0.1;False;ok;11;1;3.365;
6118;-1.11449028;38.15813747;0.1;False;ok;10;1;3.428;
6119;-1.01449028;38.15813747;0.1;False;ok;3;1;2.258;
6120;-0.91449028;38.15813747;0.1;False;ok;2;1;2.186;
6121;-0.81449028;38.15813747;0.1;False;ok;22;1;3.644;
6122;-0.71449028;38.15813747;0.1;False;ok;11;1;3.438;
6123;-0.61449028;38.15813747;0.05;False;ok;74;1;2.327;
6124;-0.56449028;38.18313747;0.0125;False;ok;73;1;3.987;
6125;-0.55199028;38.18313747;0.0125;False;ok;71;1;4.001;
6126;-0.56449028;38.19563747;0.0125;False;ok;21;1;2.313;
6127;-0.53949028;38.18313747;0.025;False;ok;59;1;2.333;
6128;-0.61449028;38.20813747;0.05;False;ok;5;1;2.362;
6129;-0.56449028;38.20813747;0.025;False;ok;9;1;4.282;
6130;-0.53949028;38.20813747;0.025;False;ok;73;1;4.609;
6131;-0.56449028;38.23313747;0.025;False;ok;55;1;4.397;
6132;-0.53949028;38.23313747;0.0125;False;ok;56;1;4.433;
6133;-0.52699028;38.23313747;0.0125;False;ok;72;1;2.752;
6134;-0.52699028;38.24563747;0.0125;False;ok;74;1;2.725;
6135;-0.51449028;38.15813747;0.1;False;ok;27;1;4.305;
6136;1.307224089;38.62466885;0.1;False;ok;33;1;4.255;
6137;1.407224089;38.62466885;0.05;False;ok;4;1;4.207;
6138;1.457224089;38.62466885;0.05;False;ok;3;1;4.167;
6139;1.407224089;38.67466885;0.025;False;ok;25;1;4.248;
6140;1.432224089;38.67466885;0.025;False;ok;28;1;6.892;
6141;1.407224089;38.69966885;0.025;False;ok;31;1;3.873;
6142;1.432224089;38.69966885;0.025;False;ok;75;1;2.921;
6143;1.457224089;38.67466885;0.05;False;ok;75;1;3.636;
6144;1.507224089;38.62466885;0.1;False;ok;56;1;2.912;
6145;1.307224089;38.72466885;0.1;False;ok;1;1;3.331;
6146;1.407224089;38.72466885;0.1;False;ok;44;1;3.241;
6147;1.207224089;38.82466885;0.05;False;ok;0;1;3.039;
6148;1.257224089;38.82466885;0.05;False;ok;2;1;2.205;
6149;1.207224089;38.87466885;0.05;False;ok;50;1;2.390;
6150;1.257224089;38.87466885;0.05;False;ok;30;1;2.326;
6151;1.307224089;38.82466885;0.05;False;ok;9;1;1.656;
6152;1.357224089;38.82466885;0.05;False;ok;5;1;1.493;
6153;1.307224089;38.87466885;0.05;False;ok;38;1;1.476;
6154;1.357224089;38.87466885;0.05;False;ok;73;1;1.599;
6155;1.407224089;38.87466885;0.025;False;ok;21;1;1.117;
6156;1.407224089;38.89966885;0.025;False;ok;52;1;1.096;
6157;1.432224089;38.89966885;0.025;False;ok;43;1;1.045;
6158;1.457224089;38.87466885;0.05;False;ok;21;1;0.875;
6159;1.207224089;38.92466885;0.05;False;ok;39;1;0.955;
6160;1.257224089;38.92466885;0.025;False;ok;8;1;0.844;
6161;1.282224089;38.92466885;0.025;False;ok;9;1;0.818;
6162;1.257224089;38.94966885;0.025;False;ok;22;1;0.781;
6163;1.282224089;38.94966885;0.025;False;ok;61;1;0.855;
6164;1.257224089;38.97466885;0.05;False;ok;75;1;0.904;
6165;1.307224089;38.92466885;0.05;False;ok;32;1;0.762;
6166;1.357224089;38.92466885;0.05;False;ok;22;1;0.945;
6167;1.307224089;38.97466885;0.05;False;ok;22;1;2.376;
6168;1.357224089;38.97466885;0.05;False;ok;17;1;1.982;
6169;1.407224089;38.92466885;0.05;False;ok;41;1;2.739;
6170;1.457224089;38.92466885;0.05;False;ok;40;1;1.753;
6171;1.407224089;38.97466885;0.05;False;ok;28;1;3.151;
6172;1.457224089;38.97466885;0.05;False;ok;22;1;3.304;
6173;1.507224089;38.92466885;0.05;False;ok;26;1;4.632;
6174;1.507224089;38.97466885;0.05;False;ok;71;1;2.678;
6175;1.557224089;38.97466885;0.05;False;ok;63;1;5.033;
6176;1.307224089;39.02466885;0.1;False;ok;7;1;4.913;
6177;1.407224089;39.02466885;0.1;False;ok;61;1;5.021;
6178;1.507224089;39.02466885;0.1;False;ok;73;1;5.075;
6179;1.607224089;39.02466885;0.1;False;ok;0;1;5.587;
6180;2.907224089;39.22466885;0.1;False;ok;74;1;5.087;
6181;3.007224089;39.22466885;0.1;False;ok;1;1;2.364;
6182;3.107224089;39.22466885;0.1;False;ok;47;1;2.617;
6183;2.707224089;39.32466885;0.1;False;ok;8;1;2.490;
6184;2.807224089;39.32466885;0.1;False;ok;50;1;4.789;
6185;2.907224089;39.32466885;0.05;False;ok;74;1;4.817;
6186;2.957224089;39.32466885;0.05;False;ok;40;1;2.789;
6187;2.907224089;39.37466885;0.05;False;ok;29;1;4.454;
6188;2.957224089;39.37466885;0.05;False;ok;31;1;4.445;
6189;3.007224089;39.32466885;0.05;False;ok;75;1;3.238;
6190;3.057224089;39.32466885;0.05;False;ok;35;1;4.493;
6191;3.007224089;39.37466885;0.05;False;ok;60;1;2.973;
6192;3.057224089;39.37466885;0.05;False;ok;49;1;3.048;
6193;3.107224089;39.32466885;0.025;False;ok;6;1;2.758;
6194;3.132224089;39.32466885;0.025;False;ok;61;1;2.909;
6195;3.107224089;39.34966885;0.025;False;ok;28;1;4.560;
6196;3.132224089;39.34966885;0.025;False;ok;13;1;4.418;
6197;3.157224089;39.32466885;0.025;False;ok;63;1;2.803;
6198;3.182224089;39.32466885;0.025;False;ok;13;1;3.934;
6199;3.157224089;39.34966885;0.025;False;ok;5;1;3.837;
6200;3.182224089;39.34966885;0.025;False;ok;30;1;4.104;
6201;3.107224089;39.37466885;0.05;False;ok;32;1;4.052;
6202;3.157224089;39.37466885;0.05;False;ok;70;1;4.104;
6203;3.207224089;39.34966885;0.0125;False;ok;11;1;4.052;
6204;3.219724089;39.34966885;0.0125;False;ok;24;1;4.074;
6205;3.207224089;39.36216885;0.0125;False;ok;22;1;3.966;
6206;3.219724089;39.36216885;0.00625;False;ok;28;1;2.700;
6207;3.225974089;39.36216885;0.00625;False;ok;25;1;2.669;
6208;3.219724089;39.36841885;0.00625;False;ok;26;1;2.566;
6209;3.225974089;39.36841885;0.00625;False;ok;41;1;4.107;
6210;3.232224089;39.34966885;0.025;False;ok;37;1;2.617;
6211;3.207224089;39.37466885;0.025;False;ok;48;1;2.486;
6212;3.232224089;39.37466885;0.00625;False;ok;52;1;3.762;
6213;3.238474089;39.37466885;0.00625;False;ok;34;1;3.874;
6214;3.232224089;39.38091885;0.00625;False;ok;5;1;3.777;
6215;3.238474089;39.38091885;0.00625;False;ok;32;1;2.340;
6216;3.244724089;39.37466885;0.0125;False;ok;7;1;3.598;
6217;3.232224089;39.38716885;0.0125;False;ok;16;1;3.689;
6218;3.207224089;39.39966885;0.025;False;ok;28;1;2.383;
6219;3.232224089;39.39966885;0.025;False;ok;39;1;2.416;
6220;3.257224089;39.37466885;0.05;False;ok;67;1;2.640;
6221;2.407224089;39.42466885;0.1;False;ok;72;1;2.711;
6222;2.507224089;39.42466885;0.1;False;ok;75;1;2.751;
6223;2.707224089;39.42466885;0.05;False;ok;62;1;3.998;
6224;2.757224089;39.42466885;0.05;False;ok;18;1;4.066;
6225;2.707224089;39.47466885;0.025;False;ok;3;1;4.365;
6226;2.732224089;39.47466885;0.025;False;ok;44;1;4.599;
6227;2.744724089;39.49966885;0.0125;False;ok;58;1;4.577;
6228;2.732224089;39.51216885;0.0125;False;ok;30;1;4.446;
6229;2.744724089;39.51216885;0.0125;False;ok;45;1;4.547;
6230;2.757224089;39.47466885;0.05;False;ok;3;1;4.319;
6231;2.807224089;39.42466885;0.1;False;ok;73;1;2.673;
6232;2.907224089;39.42466885;0.1;False;ok;55;1;4.215;
6233;3.007224089;39.42466885;0.1;False;ok;75;1;4.210;
6234;3.107224089;39.42466885;0.05;False;ok;50;1;3.963;
6235;3.157224089;39.42466885;0.05;False;ok;35;1;2.562;
6236;3.107224089;39.47466885;0.05;False;ok;22;1;2.535;
6237;3.157224089;39.47466885;0.05;False;ok;28;1;3.981;
6238;3.207224089;39.42466885;0.05;False;ok;40;1;2.659;
6239;3.257224089;39.42466885;0.05;False;ok;66;1;2.765;
6240;3.207224089;39.47466885;0.05;False;ok;31;1;2.717;
6241;3.257224089;39.47466885;0.05;False;ok;17;1;4.397;
6242;3.307224089;39.42466885;0.1;False;ok;24;1;4.343;
6243;2.307224089;39.52466885;0.1;False;ok;70;1;2.741;
6244;2.407224089;39.52466885;0.05;False;ok;72;1;4.443;
6245;2.457224089;39.52466885;0.05;False;ok;24;1;4.313;
6246;2.407224089;39.57466885;0.05;False;ok;13;1;2.696;
6247;2.457224089;39.57466885;0.05;False;ok;11;1;2.679;
6248;2.507224089;39.52466885;0.05;False;ok;20;1;4.621;
6249;2.557224089;39.52466885;0.05;False;ok;61;1;2.980;
6250;2.507224089;39.57466885;0.05;False;ok;8;1;4.947;
6251;2.557224089;39.57466885;0.05;False;ok;7;1;4.906;
6252;2.607224089;39.54966885;0.025;False;ok;50;1;3.168;
6253;2.632224089;39.54966885;0.025;False;ok;74;1;5.090;
6254;2.657224089;39.52466885;0.05;False;ok;30;1;5.007;
6255;2.607224089;39.57466885;0.05;False;ok;51;1;3.065;
6256;2.657224089;39.57466885;0.05;False;ok;20;1;5.014;
6257;2.707224089;39.52466885;0.05;False;ok;66;1;4.934;
6258;2.757224089;39.52466885;0.05;False;ok;17;1;4.821;
6259;2.707224089;39.57466885;0.05;False;ok;27;1;4.861;
6260;2.757224089;39.57466885;0.05;False;ok;18;1;4.632;
6261;2.807224089;39.52466885;0.1;False;ok;65;1;2.866;
6262;2.907224089;39.52466885;0.1;False;ok;60;1;4.591;
6263;3.007224089;39.52466885;0.1;False;ok;72;1;4.687;
6264;3.107224089;39.52466885;0.05;False;ok;26;1;2.710;
6265;3.157224089;39.52466885;0.05;False;ok;22;1;2.725;
6266;3.107224089;39.57466885;0.05;False;ok;30;1;2.824;
6267;3.157224089;39.57466885;0.05;False;ok;30;1;2.864;
6268;3.207224089;39.52466885;0.05;False;ok;33;1;2.822;
6269;3.257224089;39.52466885;0.05;False;ok;39;1;4.817;
6270;3.207224089;39.57466885;0.05;False;ok;39;1;4.670;
6271;3.257224089;39.57466885;0.05;False;ok;49;1;2.909;
6272;3.307224089;39.52466885;0.05;False;ok;73;1;4.703;
6273;3.357224089;39.52466885;0.05;False;ok;71;1;3.057;
6274;3.307224089;39.57466885;0.05;False;ok;20;1;2.912;
6275;3.357224089;39.57466885;0.025;False;ok;41;1;4.890;
6276;3.382224089;39.57466885;0.025;False;ok;43;1;4.660;
6277;3.357224089;39.59966885;0.025;False;ok;42;1;4.662;
6278;3.382224089;39.59966885;0.025;False;ok;75;1;4.948;
6279;2.407224089;39.62466885;0.1;False;ok;15;1;4.700;
6280;2.507224089;39.62466885;0.1;False;ok;70;1;4.944;
6281;2.607224089;39.62466885;0.05;False;ok;14;1;4.842;
6282;2.657224089;39.62466885;0.05;False;ok;26;1;4.647;
6283;2.607224089;39.67466885;0.05;False;ok;37;1;2.922;
6284;2.657224089;39.67466885;0.05;False;ok;19;1;4.666;
6285;2.707224089;39.62466885;0.1;False;ok;73;1;2.929;
6286;2.807224089;39.62466885;0.05;False;ok;27;1;2.872;
6287;2.857224089;39.62466885;0.05;False;ok;24;1;4.708;
6288;2.807224089;39.67466885;0.05;False;ok;38;1;4.566;
6289;2.857224089;39.67466885;0.025;False;ok;8;1;2.720;
6290;2.882224089;39.67466885;0.025;False;ok;9;1;2.741;
6291;2.857224089;39.69966885;0.025;False;ok;32;1;2.751;
6292;2.882224089;39.69966885;0.025;False;ok;25;1;4.389;
6293;2.907224089;39.62466885;0.05;False;ok;49;1;4.582;
6294;2.957224089;39.62466885;0.05;False;ok;25;1;2.826;
6295;2.907224089;39.67466885;0.05;False;ok;64;1;2.950;
6296;2.957224089;39.67466885;0.05;False;ok;43;1;2.883;
6297;3.007224089;39.62466885;0.05;False;ok;32;1;4.454;
6298;3.057224089;39.62466885;0.05;False;ok;43;1;4.090;
6299;3.007224089;39.67466885;0.05;False;ok;35;1;2.718;
6300;3.057224089;39.67466885;0.05;False;ok;58;1;3.952;
6301;3.107224089;39.62466885;0.05;False;ok;57;1;4.322;
6302;3.157224089;39.62466885;0.05;False;ok;8;1;4.032;
6303;3.107224089;39.67466885;0.05;False;ok;40;1;4.098;
6304;3.157224089;39.67466885;0.05;False;ok;4;1;3.940;
6305;3.207224089;39.62466885;0.1;False;ok;46;1;4.018;
6306;3.307224089;39.62466885;0.05;False;ok;48;1;4.101;
6307;3.357224089;39.62466885;0.05;False;ok;74;1;4.025;
6308;3.307224089;39.67466885;0.05;False;ok;74;1;2.614;
6309;3.357224089;39.67466885;0.05;False;ok;51;1;2.498;
6310;3.407224089;39.62466885;0.05;False;ok;74;1;3.623;
6311;3.407224089;39.67466885;0.025;False;ok;8;1;3.291;
6312;3.432224089;39.67466885;0.025;False;ok;42;1;2.210;
6313;3.407224089;39.69966885;0.025;False;ok;20;1;2.302;
6314;3.432224089;39.69966885;0.025;False;ok;73;1;2.305;
6315;3.457224089;39.67466885;0.05;False;ok;75;1;2.526;
6316;2.607224089;39.72466885;0.05;False;ok;32;1;3.940;
6317;2.657224089;39.72466885;0.05;False;ok;13;1;3.949;
6318;2.657224089;39.77466885;0.05;False;ok;75;1;2.805;
6319;2.732224089;39.72466885;0.025;False;ok;0;1;3.309;
6320;2.707224089;39.74966885;0.025;False;ok;74;1;4.798;
6321;2.732224089;39.74966885;0.025;False;ok;9;1;2.705;
6322;2.757224089;39.72466885;0.05;False;ok;4;1;4.498;
6323;2.707224089;39.77466885;0.05;False;ok;51;1;4.518;
6324;2.757224089;39.77466885;0.05;False;ok;2;1;4.709;
6325;2.807224089;39.72466885;0.05;False;ok;1;1;4.913;
6326;2.857224089;39.72466885;0.025;False;ok;23;1;5.047;
6327;2.882224089;39.72466885;0.025;False;ok;27;1;2.905;
6328;2.857224089;39.74966885;0.025;False;ok;19;1;2.854;
6329;2.882224089;39.74966885;0.025;False;ok;64;1;5.112;
6330;2.857224089;39.77466885;0.05;False;ok;8;1;5.184;
6331;2.907224089;39.72466885;0.025;False;ok;28;1;5.145;
6332;2.932224089;39.72466885;0.025;False;ok;11;1;5.013;
6333;2.907224089;39.74966885;0.025;False;ok;24;1;4.930;
6334;2.932224089;39.74966885;0.025;False;ok;29;1;4.918;
6335;2.957224089;39.72466885;0.025;False;ok;4;1;2.847;
6336;2.982224089;39.72466885;0.025;False;ok;19;1;2.908;
6337;2.957224089;39.74966885;0.025;False;ok;50;1;2.891;
6338;2.982224089;39.74966885;0.025;False;ok;70;1;4.944;
6339;2.907224089;39.77466885;0.05;False;ok;34;1;2.998;
6340;2.957224089;39.77466885;0.05;False;ok;74;1;4.998;
6341;3.007224089;39.72466885;0.025;False;ok;11;1;2.845;
6342;3.032224089;39.72466885;0.025;False;ok;29;1;2.862;
6343;3.007224089;39.74966885;0.025;False;ok;51;1;2.854;
6344;3.032224089;39.74966885;0.025;False;ok;10;1;4.695;
6345;3.057224089;39.72466885;0.05;False;ok;62;1;5.052;
6346;3.007224089;39.77466885;0.025;False;ok;18;1;4.790;
6347;3.032224089;39.77466885;0.025;False;ok;6;1;4.587;
6348;3.007224089;39.79966885;0.025;False;ok;71;1;2.950;
6349;3.032224089;39.79966885;0.025;False;ok;7;1;4.680;
6350;3.057224089;39.77466885;0.05;False;ok;18;1;4.979;
6351;3.107224089;39.72466885;0.025;False;ok;34;1;2.846;
6352;3.132224089;39.72466885;0.025;False;ok;9;1;4.934;
6353;3.107224089;39.74966885;0.025;False;ok;32;1;5.141;
6354;3.132224089;39.74966885;0.0125;False;ok;3;1;5.191;
6355;3.144724089;39.74966885;0.0125;False;ok;17;1;5.133;
6356;3.132224089;39.76216885;0.0125;False;ok;25;1;2.906;
6357;3.144724089;39.76216885;0.00625;False;ok;32;1;5.095;
6358;3.150974089;39.76216885;0.00625;False;ok;58;1;5.174;
6359;3.144724089;39.76841885;0.00625;False;ok;24;1;2.906;
6360;3.150974089;39.76841885;0.00625;False;ok;2;1;2.891;
6361;3.157224089;39.74966885;0.0125;False;ok;53;1;3.051;
6362;3.157224089;39.76216885;0.0125;False;ok;27;1;4.721;
6363;3.107224089;39.77466885;0.025;False;ok;63;1;4.912;
6364;3.107224089;39.79966885;0.0125;False;ok;53;1;3.020;
6365;3.107224089;39.81216885;0.00625;False;ok;29;1;2.985;
6366;3.113474089;39.81216885;0.00625;False;ok;34;1;2.931;
6367;3.107224089;39.81841885;0.00625;False;ok;3;1;2.765;
6368;3.113474089;39.81841885;0.003125;False;ok;47;1;2.831;
6369;3.113474089;39.82154385;0.003125;False;ok;26;1;4.915;
6370;3.207224089;39.72466885;0.0125;False;ok;27;1;5.059;
6371;3.219724089;39.72466885;0.0125;False;ok;31;1;5.014;
6372;3.207224089;39.73716885;0.0125;False;ok;10;1;4.975;
6373;3.219724089;39.73716885;0.0125;False;ok;20;1;4.992;
6374;3.232224089;39.72466885;0.025;False;ok;18;1;2.821;
6375;3.257224089;39.72466885;0.05;False;ok;74;1;4.986;
6376;3.307224089;39.72466885;0.1;False;ok;46;1;5.100;
6377;3.407224089;39.72466885;0.1;False;ok;20;1;5.019;
6378;4.207224089;39.79966885;0.025;False;ok;15;1;4.872;
6379;4.232224089;39.81216885;0.0125;False;ok;73;1;5.370;
6380;4.244724089;39.81216885;0.0125;False;ok;31;1;5.067;
6381;4.257224089;39.77466885;0.05;False;ok;72;1;3.159;
6382;2.707224089;39.82466885;0.1;False;ok;4;1;4.902;
6383;2.807224089;39.82466885;0.1;False;ok;1;1;2.880;
6384;2.907224089;39.82466885;0.1;False;ok;73;1;3.075;
6385;3.007224089;39.82466885;0.025;False;ok;6;1;2.913;
6386;3.032224089;39.82466885;0.025;False;ok;31;1;2.912;
6387;3.007224089;39.84966885;0.0125;False;ok;18;1;4.967;
6388;3.019724089;39.84966885;0.0125;False;ok;25;1;2.984;
6389;3.007224089;39.86216885;0.0125;False;ok;48;1;4.966;
6390;3.019724089;39.86216885;0.0125;False;ok;21;1;5.037;
6391;3.032224089;39.84966885;0.0125;False;ok;10;1;2.860;
6392;3.044724089;39.84966885;0.0125;False;ok;42;1;2.903;
6393;3.032224089;39.86216885;0.0125;False;ok;34;1;5.053;
6394;3.044724089;39.86216885;0.0125;False;ok;22;1;5.148;
6395;3.057224089;39.82466885;0.025;False;ok;63;1;5.287;
6396;3.082224089;39.82466885;0.025;False;ok;37;1;2.915;
6397;3.057224089;39.84966885;0.0125;False;ok;34;1;3.023;
6398;3.069724089;39.84966885;0.0125;False;ok;16;1;2.972;
6399;3.057224089;39.86216885;0.0125;False;ok;24;1;5.206;
6400;3.069724089;39.86216885;0.0125;False;ok;27;1;5.141;
6401;3.082224089;39.84966885;0.025;False;ok;44;1;5.195;
6402;3.007224089;39.87466885;0.00625;False;ok;10;1;4.967;
6403;3.013474089;39.87466885;0.003125;False;ok;32;1;2.953;
6404;3.016599089;39.87466885;0.003125;False;ok;4;1;4.957;
6405;3.013474089;39.87779385;0.003125;False;ok;32;1;5.098;
6406;3.016599089;39.87779385;0.003125;False;ok;21;1;4.912;
6407;3.007224089;39.88091885;0.00625;False;ok;27;1;4.985;
6408;3.013474089;39.88091885;0.00625;False;ok;33;1;2.938;
6409;3.019724089;39.87466885;0.0125;False;ok;30;1;2.870;
6410;3.007224089;39.88716885;0.0125;False;ok;39;1;4.848;
6411;3.019724089;39.88716885;0.0125;False;ok;75;1;2.917;
6412;3.032224089;39.87466885;0.0125;False;ok;35;1;2.924;
6413;3.044724089;39.87466885;0.0125;False;ok;54;1;2.955;
6414;3.032224089;39.88716885;0.0125;False;ok;43;1;4.980;
6415;3.044724089;39.88716885;0.0125;False;ok;48;1;2.976;
6416;3.007224089;39.89966885;0.025;False;ok;2;1;4.616;
6417;3.032224089;39.89966885;0.0125;False;ok;21;1;4.798;
6418;3.044724089;39.89966885;0.0125;False;ok;5;1;4.729;
6419;3.032224089;39.91216885;0.0125;False;ok;0;1;5.440;
6420;3.044724089;39.91216885;0.00625;False;ok;14;1;2.946;
6421;3.050974089;39.91216885;0.003125;False;ok;0;1;3.643;
6422;3.050974089;39.91529385;0.003125;False;ok;41;1;4.779;
6423;3.054099089;39.91529385;0.003125;False;ok;19;1;2.933;
6424;3.050974089;39.91841885;0.00625;False;ok;40;1;5.243;
6425;3.057224089;39.87466885;0.0125;False;ok;36;1;5.274;
6426;3.069724089;39.87466885;0.0125;False;ok;21;1;2.965;
6427;3.057224089;39.88716885;0.0125;False;ok;41;1;3.052;
6428;3.069724089;39.88716885;0.00625;False;ok;28;1;4.967;
6429;3.075974089;39.88716885;0.00625;False;ok;30;1;5.209;
6430;3.069724089;39.89341885;0.00625;False;ok;26;1;5.200;
6431;3.075974089;39.89341885;0.00625;False;ok;58;1;5.229;
6432;3.082224089;39.87466885;0.025;False;ok;3;1;4.983;
6433;3.057224089;39.89966885;0.0125;False;ok;29;1;2.962;
6434;3.069724089;39.89966885;0.00625;False;ok;20;1;5.039;
6435;3.075974089;39.89966885;0.00625;False;ok;74;1;5.063;
6436;3.069724089;39.90591885;0.00625;False;ok;40;1;3.016;
6437;3.075974089;39.90591885;0.00625;False;ok;35;1;2.980;
6438;3.057224089;39.91216885;0.0125;False;ok;16;1;2.959;
6439;3.069724089;39.91216885;0.0125;False;ok;11;1;2.855;
6440;3.082224089;39.89966885;0.0125;False;ok;72;1;5.325;
6441;3.094724089;39.89966885;0.0125;False;ok;9;1;2.898;
6442;3.082224089;39.91216885;0.0125;False;ok;12;1;4.942;
6443;3.094724089;39.91216885;0.0125;False;ok;3;1;4.993;
6444;3.107224089;39.82466885;0.00625;False;ok;7;1;2.948;
6445;3.113474089;39.82466885;0.00625;False;ok;72;1;5.055;
6446;3.107224089;39.83091885;0.00625;False;ok;67;1;5.024;
6447;3.113474089;39.83091885;0.00625;False;ok;59;1;5.150;
6448;3.119724089;39.82466885;0.0125;False;ok;26;1;5.144;
6449;3.107224089;39.83716885;0.0125;False;ok;41;1;4.973;
6450;3.119724089;39.83716885;0.00625;False;ok;24;1;2.943;
6451;3.125974089;39.83716885;0.00625;False;ok;64;1;5.263;
6452;3.125974089;39.84341885;0.00625;False;ok;11;1;5.080;
6453;3.144724089;39.82466885;0.0125;False;ok;22;1;5.139;
6454;3.132224089;39.83716885;0.0125;False;ok;66;1;5.213;
6455;3.144724089;39.83716885;0.0125;False;ok;19;1;3.045;
6456;3.107224089;39.84966885;0.0125;False;ok;74;1;3.111;
6457;3.119724089;39.84966885;0.0125;False;ok;69;1;3.088;
6458;3.107224089;39.86216885;0.0125;False;ok;9;1;2.850;
6459;3.119724089;39.86216885;0.0125;False;ok;21;1;5.027;
6460;3.132224089;39.84966885;0.0125;False;ok;14;1;2.979;
6461;3.144724089;39.84966885;0.0125;False;ok;35;1;4.894;
6462;3.132224089;39.86216885;0.0125;False;ok;31;1;2.994;
6463;3.144724089;39.86216885;0.0125;False;ok;26;1;4.767;
6464;3.157224089;39.82466885;0.05;False;ok;33;1;4.956;
6465;3.807224089;39.82466885;0.1;False;ok;12;1;4.950;
6466;4.007224089;39.87466885;0.05;False;ok;46;1;3.062;
6467;4.057224089;39.87466885;0.025;False;ok;5;1;2.955;
6468;4.057224089;39.89966885;0.0125;False;ok;73;1;3.079;
6469;4.069724089;39.89966885;0.00625;False;ok;74;1;3.036;
6470;4.075974089;39.89966885;0.00625;False;ok;25;1;5.212;
6471;4.069724089;39.90591885;0.00625;False;ok;44;1;5.191;
6472;4.075974089;39.90591885;0.00625;False;ok;3;1;2.896;
6473;4.069724089;39.91216885;0.0125;False;ok;1;1;4.987;
6474;4.082224089;39.89966885;0.025;False;ok;2;1;5.002;
6475;4.107224089;39.82466885;0.05;False;ok;71;1;5.191;
6476;4.157224089;39.82466885;0.05;False;ok;22;1;5.052;
6477;4.107224089;39.87466885;0.05;False;ok;40;1;5.271;
6478;4.157224089;39.87466885;0.05;False;ok;8;1;5.138;
6479;4.207224089;39.82466885;0.05;False;ok;73;1;5.280;
6480;4.257224089;39.82466885;0.05;False;ok;43;1;3.041;
6481;4.207224089;39.87466885;0.05;False;ok;6;1;4.864;
6482;4.257224089;39.87466885;0.05;False;ok;67;1;3.074;
6483;3.107224089;39.92466885;0.1;False;ok;3;1;2.839;
6484;3.782224089;39.97466885;0.025;False;ok;21;1;2.879;
6485;3.782224089;39.99966885;0.025;False;ok;75;1;3.065;
6486;3.819724089;39.92466885;0.00625;False;ok;75;1;5.153;
6487;3.825974089;39.92466885;0.00625;False;ok;65;1;2.965;
6488;3.819724089;39.93091885;0.00625;False;ok;18;1;4.995;
6489;3.825974089;39.93091885;0.00625;False;ok;9;1;4.867;
6490;3.832224089;39.92466885;0.025;False;ok;65;1;5.065;
6491;3.807224089;39.94966885;0.025;False;ok;9;1;2.819;
6492;3.832224089;39.94966885;0.025;False;ok;74;1;4.890;
6493;3.857224089;39.92466885;0.05;False;ok;4;1;2.964;
6494;3.807224089;39.97466885;0.025;False;ok;9;1;5.054;
6495;3.832224089;39.97466885;0.025;False;ok;75;1;3.118;
6496;3.807224089;39.99966885;0.025;False;ok;75;1;3.149;
6497;3.832224089;39.99966885;0.025;False;ok;75;1;3.123;
6498;3.857224089;39.97466885;0.05;False;ok;6;1;5.026;
6499;3.907224089;39.92466885;0.05;False;ok;11;1;5.002;
6500;3.957224089;39.92466885;0.0125;False;ok;21;1;5.062;
6501;3.957224089;39.93716885;0.0125;False;ok;73;1;5.207;
6502;3.957224089;39.94966885;0.025;False;ok;1;1;2.895;
6503;3.982224089;39.94966885;0.025;False;ok;6;1;5.063;
6504;3.957224089;39.97466885;0.05;False;ok;2;1;5.014;
6505;4.007224089;39.92466885;0.1;False;ok;30;1;5.190;
6506;4.107224089;39.92466885;0.05;False;ok;13;1;4.842;
6507;4.157224089;39.92466885;0.05;False;ok;2;1;2.861;
6508;4.107224089;39.97466885;0.05;False;ok;3;1;4.255;
6509;4.182224089;39.97466885;0.025;False;ok;1;1;2.782;
6510;4.157224089;39.99966885;0.025;False;ok;75;1;3.028;
6511;4.182224089;39.99966885;0.025;False;ok;75;1;2.943;
6512;4.207224089;39.92466885;0.1;False;ok;11;1;3.984;
6513;3.807224089;40.02466885;0.1;False;ok;36;1;2.940;
6514;4.007224089;40.02466885;0.1;False;ok;1;1;3.597;
6515;4.107224089;40.02466885;0.05;False;ok;75;1;3.078;
6516;4.157224089;40.02466885;0.05;False;ok;72;1;3.631;
6517;0.807224089;40.62466885;0.1;False;ok;62;1;3.119;
6518;0.807224089;40.72466885;0.025;False;ok;26;1;2.748;
6519;0.832224089;40.72466885;0.00625;False;ok;75;1;2.752;
6520;0.838474089;40.72466885;0.00625;False;ok;71;1;2.537;
6521;-5.357657522;35.87616748;0.09;False;ok;37;1;2.472;
6522;-2.961443247;35.27658336;0.1;False;ok;23;1;2.272;
