index;x;y;inc;mixed;status;alojamientos;attempts;elapsed_seconds;error
0;-18.04263932;27.61024358;0.1;False;ok;73;1;1.685;
1;-18.14263932;27.71024358;0.1;False;ok;14;1;1.488;
2;-18.04263932;27.71024358;0.05;False;ok;75;1;1.589;
3;-17.99263932;27.71024358;0.05;False;ok;48;1;1.606;
4;-18.04263932;27.76024358;0.05;False;ok;33;1;1.575;
5;-17.99263932;27.76024358;0.05;False;ok;35;1;1.622;
6;-17.94263932;27.71024358;0.1;False;ok;39;1;1.610;
7;-15.69263932;27.71024358;0.05;False;ok;66;1;1.644;
8;-15.71763932;27.76024358;0.025;False;ok;70;1;1.630;
9;-15.74263932;27.78524358;0.0125;False;ok;1;1;1.390;
10;-15.73013932;27.78524358;0.0125;False;ok;33;1;1.593;
11;-15.74263932;27.79774358;0.0125;False;ok;70;1;1.702;
12;-15.73013932;27.79774358;0.0125;False;ok;39;1;1.634;
13;-15.71763932;27.78524358;0.00625;False;ok;75;1;1.721;
14;-15.71138932;27.78524358;0.00625;False;ok;75;1;1.871;
15;-15.71763932;27.79149358;0.00625;False;ok;44;1;1.681;
16;-15.71138932;27.79149358;0.00625;False;ok;73;1;1.689;
17;-15.70513932;27.78524358;0.0125;False;ok;55;1;1.703;
18;-15.71763932;27.79774358;0.0125;False;ok;48;1;1.571;
19;-15.70513932;27.79774358;0.0125;False;ok;3;1;1.548;
20;-15.69263932;27.76024358;0.025;False;ok;73;1;0.877;
21;-15.66763932;27.76024358;0.025;False;ok;74;1;1.202;
22;-15.66763932;27.78524358;0.025;False;ok;66;1;1.485;
23;-15.64263932;27.73524358;0.025;False;ok;58;1;1.509;
24;-15.61763932;27.73524358;0.0125;False;ok;57;1;1.477;
25;-15.60513932;27.73524358;0.0125;False;ok;42;1;1.566;
26;-15.61763932;27.74774358;0.0125;False;ok;52;1;1.599;
27;-15.60513932;27.74774358;0.00625;False;ok;43;1;1.514;
28;-15.59888932;27.74774358;0.00625;False;ok;39;1;1.602;
29;-15.60513932;27.75399358;0.00625;False;ok;73;1;1.598;
30;-15.59888932;27.75399358;0.00625;False;ok;58;1;1.623;
31;-15.58013932;27.73524358;0.0125;False;ok;5;1;1.472;
32;-15.59263932;27.74774358;0.00625;False;ok;23;1;1.518;
33;-15.58638932;27.74774358;0.00625;False;ok;22;1;1.484;
34;-15.59263932;27.75399358;0.00625;False;ok;73;1;1.688;
35;-15.58638932;27.75399358;0.00625;False;ok;45;1;1.494;
36;-15.58013932;27.74774358;0.00625;False;ok;74;1;1.651;
37;-15.57388932;27.74774358;0.00625;False;ok;46;1;1.548;
38;-15.58013932;27.75399358;0.003125;False;ok;73;1;1.605;
39;-15.57701432;27.75399358;0.003125;False;ok;14;1;1.308;
40;-15.58013932;27.75711858;0.003125;False;ok;47;1;1.118;
41;-15.57701432;27.75711858;0.003125;False;ok;41;1;0.730;
42;-15.57388932;27.75399358;0.003125;False;ok;24;1;0.818;
43;-15.57076432;27.75399358;0.003125;False;ok;19;1;1.190;
44;-15.57388932;27.75711858;0.003125;False;ok;75;1;1.511;
45;-15.57076432;27.75711858;0.003125;False;ok;75;1;1.441;
46;-15.56763932;27.73524358;0.025;False;ok;26;1;1.519;
47;-15.64263932;27.76024358;0.05;False;ok;74;1;1.617;
48;-15.59263932;27.76024358;0.0125;False;ok;73;1;1.786;
49;-15.58013932;27.76024358;0.00625;False;ok;75;1;1.723;
50;-15.57388932;27.76024358;0.00625;False;ok;53;1;1.660;
51;-15.58013932;27.76649358;0.00625;False;ok;12;1;1.546;
52;-15.57388932;27.76649358;0.00625;False;ok;6;1;1.543;
53;-15.59263932;27.77274358;0.0125;False;ok;0;1;2.232;
54;-15.56763932;27.76024358;0.00625;False;ok;75;1;1.915;
55;-15.56138932;27.76024358;0.00625;False;ok;18;1;1.629;
56;-15.56138932;27.76649358;0.00625;False;ok;3;1;1.515;
57;-15.55513932;27.76024358;0.00625;False;ok;16;1;1.455;
58;-15.55513932;27.76649358;0.00625;False;ok;73;1;1.579;
59;-15.54888932;27.76649358;0.00625;False;ok;73;1;1.703;
60;-15.55513932;27.77274358;0.0125;False;ok;9;1;1.415;
61;-15.54263932;27.76024358;0.0125;False;ok;75;1;1.608;
62;-15.54263932;27.77274358;0.0125;False;ok;25;1;1.143;
63;-15.53013932;27.77274358;0.0125;False;ok;73;1;0.822;
64;-15.51763932;27.76024358;0.025;False;ok;7;1;0.663;
65;-15.49263932;27.76024358;0.05;False;ok;20;1;0.671;
66;-18.04263932;27.81024358;0.1;False;ok;33;1;0.846;
67;-17.94263932;27.81024358;0.1;False;ok;71;1;1.254;
68;-15.76763932;27.81024358;0.00625;False;ok;1;1;0.993;
69;-15.76763932;27.81649358;0.003125;False;ok;70;1;1.331;
70;-15.76451432;27.81649358;0.003125;False;ok;75;1;1.456;
71;-15.76451432;27.81961858;0.003125;False;ok;27;1;1.324;
72;-15.76138932;27.81649358;0.00625;False;ok;14;1;1.401;
73;-15.75513932;27.81024358;0.0125;False;ok;40;1;1.490;
74;-15.76763932;27.82274358;0.0125;False;ok;25;1;1.440;
75;-15.76763932;27.83524358;0.025;False;ok;17;1;1.382;
76;-15.84263932;27.86024358;0.05;False;ok;11;1;1.434;
77;-15.74263932;27.81024358;0.1;False;ok;47;1;1.557;
78;-15.64263932;27.81024358;0.1;False;ok;54;1;1.573;
79;-15.54263932;27.81024358;0.1;False;ok;74;1;1.628;
80;-15.44263932;27.81024358;0.05;False;ok;75;1;1.631;
81;-15.39263932;27.81024358;0.05;False;ok;40;1;1.456;
82;-15.44263932;27.86024358;0.05;False;ok;47;1;1.596;
83;-15.39263932;27.86024358;0.05;False;ok;10;1;1.330;
84;-17.74263932;27.91024358;0.1;False;ok;0;1;2.014;
85;-16.66763932;27.99774358;0.0125;False;ok;28;1;1.263;
86;-16.65513932;28.00399358;0.00625;False;ok;23;1;1.257;
87;-16.64888932;28.00399358;0.00625;False;ok;75;1;1.175;
88;-16.64263932;27.91024358;0.1;False;ok;75;1;1.019;
89;-15.84263932;27.91024358;0.1;False;ok;67;1;0.939;
90;-15.74263932;27.91024358;0.1;False;ok;8;1;0.800;
91;-15.64263932;27.91024358;0.05;False;ok;11;1;0.862;
92;-15.59263932;27.91024358;0.05;False;ok;36;1;0.945;
93;-15.64263932;27.96024358;0.05;False;ok;74;1;1.020;
94;-15.59263932;27.96024358;0.05;False;ok;44;1;0.982;
95;-15.54263932;27.91024358;0.1;False;ok;75;1;1.141;
96;-15.44263932;27.91024358;0.05;False;ok;49;1;1.135;
97;-15.39263932;27.91024358;0.05;False;ok;5;1;1.098;
98;-15.44263932;27.96024358;0.05;False;ok;61;1;1.269;
99;-15.39263932;27.96024358;0.05;False;ok;74;1;1.278;
100;-17.44263932;28.01024358;0.1;False;ok;37;1;1.268;
101;-17.34263932;28.01024358;0.05;False;ok;1;1;1.125;
102;-17.34263932;28.06024358;0.025;False;ok;38;1;1.259;
103;-17.34263932;28.08524358;0.0125;False;ok;71;1;1.295;
104;-17.34263932;28.09774358;0.0125;False;ok;9;1;1.206;
105;-17.33013932;28.09774358;0.0125;False;ok;13;1;1.214;
106;-17.31763932;28.08524358;0.025;False;ok;1;1;1.138;
107;-17.29263932;28.06024358;0.05;False;ok;8;1;1.217;
108;-17.24263932;28.01024358;0.1;False;ok;71;1;1.360;
109;-17.14263932;28.01024358;0.1;False;ok;75;1;1.323;
110;-16.84263932;28.01024358;0.1;False;ok;74;1;1.462;
111;-16.70513932;28.01024358;0.0125;False;ok;62;1;1.253;
112;-16.70513932;28.02274358;0.0125;False;ok;74;1;1.300;
113;-16.73638932;28.04774358;0.00625;False;ok;2;1;1.022;
114;-16.74263932;28.05399358;0.00625;False;ok;0;1;1.860;
115;-16.73638932;28.05399358;0.003125;False;ok;9;1;1.162;
116;-16.73326432;28.05399358;0.003125;False;ok;7;1;1.163;
117;-16.73638932;28.05711858;0.003125;False;ok;69;1;1.325;
118;-16.73326432;28.05711858;0.003125;False;ok;49;1;1.305;
119;-16.73013932;28.04774358;0.00625;False;ok;68;1;1.481;
120;-16.72076432;28.04774358;0.003125;False;ok;35;1;1.155;
121;-16.72388932;28.05086858;0.003125;False;ok;73;1;1.307;
122;-16.72076432;28.05086858;0.003125;False;ok;74;1;1.405;
123;-16.73013932;28.05399358;0.003125;False;ok;20;1;1.223;
124;-16.72701432;28.05399358;0.003125;False;ok;74;1;1.398;
125;-16.73013932;28.05711858;0.003125;False;ok;74;1;1.354;
126;-16.72701432;28.05711858;0.003125;False;ok;1;1;1.114;
127;-16.72388932;28.05399358;0.00625;False;ok;62;1;1.299;
128;-16.71763932;28.03524358;0.0125;False;ok;73;1;1.327;
129;-16.71763932;28.04774358;0.003125;False;ok;6;1;1.117;
130;-16.71451432;28.04774358;0.003125;False;ok;74;1;1.244;
131;-16.71763932;28.05086858;0.003125;False;ok;72;1;1.240;
132;-16.71451432;28.05086858;0.003125;False;ok;74;1;1.155;
133;-16.71138932;28.04774358;0.00625;False;ok;75;1;1.254;
134;-16.71763932;28.05399358;0.00625;False;ok;69;1;1.174;
135;-16.71138932;28.05399358;0.00625;False;ok;54;1;1.043;
136;-16.70513932;28.04774358;0.0125;False;ok;75;1;1.116;
137;-16.69263932;28.01024358;0.025;False;ok;21;1;0.929;
138;-16.66763932;28.01024358;0.0125;False;ok;16;1;0.887;
139;-16.65513932;28.01024358;0.0125;False;ok;75;1;1.214;
140;-16.66763932;28.02274358;0.0125;False;ok;0;1;1.702;
141;-16.65513932;28.02274358;0.0125;False;ok;2;1;0.920;
142;-16.69263932;28.03524358;0.025;False;ok;6;1;0.958;
143;-16.66763932;28.03524358;0.025;False;ok;8;1;1.022;
144;-16.73638932;28.06024358;0.00625;False;ok;75;1;1.272;
145;-16.73638932;28.06649358;0.00625;False;ok;74;1;1.371;
146;-16.73013932;28.06024358;0.0015625;False;ok;67;1;1.216;
147;-16.72857682;28.06024358;0.0015625;False;ok;22;1;1.199;
148;-16.73013932;28.06180608;0.0015625;False;ok;37;1;1.346;
149;-16.72857682;28.06180608;0.0015625;False;ok;57;1;1.325;
150;-16.72701432;28.06024358;0.003125;False;ok;61;1;1.357;
151;-16.73013932;28.06336858;0.003125;False;ok;75;1;1.443;
152;-16.72388932;28.06024358;0.00625;False;ok;3;1;1.207;
153;-16.73013932;28.06649358;0.003125;False;ok;41;1;1.309;
154;-16.72701432;28.06649358;0.003125;False;ok;11;1;1.229;
155;-16.73013932;28.06961858;0.003125;False;ok;75;1;1.386;
156;-16.72388932;28.06649358;0.00625;False;ok;10;1;1.214;
157;-16.73638932;28.07274358;0.003125;False;ok;4;1;1.134;
158;-16.73326432;28.07274358;0.003125;False;ok;75;1;1.278;
159;-16.73638932;28.07586858;0.003125;False;ok;46;1;1.155;
160;-16.73326432;28.07586858;0.003125;False;ok;68;1;1.195;
161;-16.73638932;28.07899358;0.003125;False;ok;11;1;1.055;
162;-16.73326432;28.07899358;0.003125;False;ok;59;1;1.044;
163;-16.73638932;28.08211858;0.003125;False;ok;13;1;0.884;
164;-16.73326432;28.08211858;0.0015625;False;ok;21;1;0.900;
165;-16.73170182;28.08211858;0.0015625;False;ok;71;1;0.913;
166;-16.73326432;28.08368108;0.0015625;False;ok;47;1;0.951;
167;-16.73013932;28.07274358;0.00625;False;ok;73;1;1.047;
168;-16.72388932;28.07274358;0.00625;False;ok;10;1;1.020;
169;-16.73013932;28.07899358;0.00625;False;ok;75;1;1.386;
170;-16.72388932;28.07899358;0.00625;False;ok;74;1;1.203;
171;-16.71763932;28.06024358;0.025;False;ok;75;1;1.395;
172;-16.74263932;28.08524358;0.00625;False;ok;7;1;1.245;
173;-16.73638932;28.08524358;0.00625;False;ok;74;1;1.410;
174;-16.74263932;28.09149358;0.00625;False;ok;53;1;1.395;
175;-16.73638932;28.09149358;0.00625;False;ok;46;1;1.331;
176;-16.73013932;28.08524358;0.00625;False;ok;74;1;1.491;
177;-16.72388932;28.08524358;0.00625;False;ok;75;1;1.535;
178;-16.73013932;28.09149358;0.00625;False;ok;49;1;1.489;
179;-16.72388932;28.09149358;0.00625;False;ok;30;1;1.348;
180;-16.74263932;28.09774358;0.0125;False;ok;6;1;1.239;
181;-16.73013932;28.09774358;0.0125;False;ok;4;1;1.334;
182;-16.71763932;28.08524358;0.025;False;ok;75;1;1.479;
183;-16.69263932;28.06024358;0.05;False;ok;75;1;1.438;
184;-16.64263932;28.01024358;0.025;False;ok;75;1;1.460;
185;-16.61763932;28.01024358;0.0125;False;ok;64;1;1.388;
186;-16.61763932;28.02274358;0.00625;False;ok;74;1;1.271;
187;-16.61138932;28.02274358;0.00625;False;ok;75;1;1.169;
188;-16.61763932;28.02899358;0.00625;False;ok;49;1;1.124;
189;-16.61138932;28.02899358;0.00625;False;ok;72;1;1.017;
190;-16.60513932;28.02274358;0.0125;False;ok;75;1;0.998;
191;-16.64263932;28.03524358;0.025;False;ok;10;1;0.817;
192;-16.61763932;28.03524358;0.025;False;ok;44;1;0.937;
193;-16.59263932;28.01024358;0.025;False;ok;64;1;1.017;
194;-16.56451432;28.02899358;0.003125;False;ok;23;1;0.920;
195;-16.56763932;28.03211858;0.003125;False;ok;42;1;1.003;
196;-16.56451432;28.03211858;0.003125;False;ok;74;1;1.099;
197;-16.56138932;28.02899358;0.00625;False;ok;0;1;1.716;
198;-16.59263932;28.03524358;0.025;False;ok;1;1;0.952;
199;-16.56763932;28.03524358;0.025;False;ok;31;1;1.126;
200;-16.64263932;28.06024358;0.05;False;ok;52;1;1.243;
201;-16.59263932;28.06024358;0.05;False;ok;72;1;1.325;
202;-16.54263932;28.04149358;0.003125;False;ok;30;1;1.273;
203;-16.53951432;28.04149358;0.003125;False;ok;45;1;1.285;
204;-16.54263932;28.04461858;0.003125;False;ok;17;1;1.328;
205;-16.53951432;28.04461858;0.003125;False;ok;75;1;1.350;
206;-16.53638932;28.04149358;0.00625;False;ok;75;1;1.465;
207;-16.54263932;28.04774358;0.00625;False;ok;38;1;1.290;
208;-16.53638932;28.04774358;0.00625;False;ok;75;1;1.371;
209;-16.53013932;28.04774358;0.0125;False;ok;48;1;1.382;
210;-16.54263932;28.06024358;0.05;False;ok;1;1;1.243;
211;-16.49263932;28.06024358;0.05;False;ok;58;1;1.358;
212;-15.74263932;28.01024358;0.05;False;ok;9;1;1.239;
213;-15.69263932;28.01024358;0.05;False;ok;30;1;1.216;
214;-15.74263932;28.06024358;0.05;False;ok;75;1;1.348;
215;-15.69263932;28.06024358;0.05;False;ok;55;1;1.187;
216;-15.64263932;28.01024358;0.1;False;ok;75;1;1.193;
217;-15.54263932;28.01024358;0.05;False;ok;64;1;1.132;
218;-15.49263932;28.01024358;0.05;False;ok;57;1;1.013;
219;-15.54263932;28.06024358;0.05;False;ok;41;1;0.959;
220;-15.49263932;28.06024358;0.05;False;ok;16;1;0.868;
221;-15.44263932;28.01024358;0.05;False;ok;14;1;0.885;
222;-15.39263932;28.01024358;0.05;False;ok;20;1;1.011;
223;-15.44263932;28.06024358;0.05;False;ok;73;1;1.250;
224;-14.44263932;28.01024358;0.1;False;ok;75;1;1.264;
225;-14.34263932;28.01024358;0.1;False;ok;75;1;1.277;
226;-17.34263932;28.11024358;0.1;False;ok;75;1;1.329;
227;-17.24263932;28.11024358;0.05;False;ok;20;1;1.229;
228;-17.19263932;28.11024358;0.05;False;ok;13;1;1.342;
229;-17.24263932;28.16024358;0.05;False;ok;57;1;1.376;
230;-17.19263932;28.16024358;0.05;False;ok;56;1;1.374;
231;-17.14263932;28.11024358;0.1;False;ok;1;1;1.307;
232;-16.84263932;28.11024358;0.05;False;ok;6;1;1.405;
233;-16.77388932;28.11024358;0.00625;False;ok;5;1;1.351;
234;-16.78013932;28.11649358;0.00625;False;ok;75;1;1.517;
235;-16.77388932;28.11649358;0.00625;False;ok;75;1;1.534;
236;-16.79263932;28.12274358;0.0125;False;ok;75;1;1.562;
237;-16.78013932;28.12274358;0.00625;False;ok;74;1;1.618;
238;-16.77388932;28.12274358;0.00625;False;ok;74;1;1.488;
239;-16.78013932;28.12899358;0.00625;False;ok;57;1;1.308;
240;-16.77388932;28.12899358;0.00625;False;ok;11;1;1.179;
241;-16.76763932;28.11024358;0.025;False;ok;52;1;1.347;
242;-16.79263932;28.13524358;0.025;False;ok;17;1;1.123;
243;-16.76763932;28.13524358;0.025;False;ok;75;1;1.098;
244;-16.84263932;28.16024358;0.05;False;ok;74;1;1.225;
245;-16.79263932;28.16024358;0.05;False;ok;75;1;1.057;
246;-16.74263932;28.11024358;0.1;False;ok;75;1;1.197;
247;-16.64263932;28.11024358;0.1;False;ok;68;1;1.116;
248;-16.54263932;28.11024358;0.1;False;ok;75;1;1.140;
249;-16.44263932;28.11024358;0.1;False;ok;75;1;1.116;
250;-15.74263932;28.11024358;0.1;False;ok;75;1;1.124;
251;-15.64263932;28.11024358;0.1;False;ok;74;1;1.031;
252;-15.54263932;28.11024358;0.1;False;ok;75;1;1.080;
253;-15.44263932;28.11024358;0.0125;False;ok;8;1;1.365;
254;-15.43013932;28.11024358;0.0125;False;ok;33;1;1.068;
255;-15.44263932;28.12274358;0.0125;False;ok;75;1;1.207;
256;-15.43013932;28.12274358;0.0125;False;ok;18;1;1.042;
257;-15.41763932;28.11024358;0.025;False;ok;2;1;0.958;
258;-15.44263932;28.13524358;0.00625;False;ok;75;1;1.220;
259;-15.43638932;28.13524358;0.003125;False;ok;65;1;1.144;
260;-15.43326432;28.13524358;0.003125;False;ok;17;1;1.065;
261;-15.43638932;28.13836858;0.0015625;False;ok;75;1;1.198;
262;-15.43482682;28.13836858;0.0015625;False;ok;38;1;1.149;
263;-15.43638932;28.13993108;0.0015625;False;ok;36;1;1.178;
264;-15.43482682;28.13993108;0.0015625;False;ok;74;1;1.246;
265;-15.43326432;28.13836858;0.003125;False;ok;75;1;1.374;
266;-15.43638932;28.14149358;0.003125;False;ok;27;1;1.105;
267;-15.43326432;28.14149358;0.003125;False;ok;75;1;1.264;
268;-15.43326432;28.14461858;0.003125;False;ok;59;1;1.190;
269;-15.43013932;28.13524358;0.0125;False;ok;63;1;1.340;
270;-15.44263932;28.14774358;0.0125;False;ok;74;1;1.195;
271;-15.43013932;28.14774358;0.0125;False;ok;74;1;1.235;
272;-15.44263932;28.16024358;0.05;False;ok;2;1;1.059;
273;-14.34263932;28.11024358;0.1;False;ok;49;1;1.162;
274;-14.24263932;28.11024358;0.05;False;ok;73;1;1.265;
275;-14.24263932;28.16024358;0.05;False;ok;75;1;1.376;
276;-14.19263932;28.16024358;0.05;False;ok;57;1;1.176;
277;-14.14263932;28.11024358;0.1;False;ok;74;1;1.256;
278;-14.04263932;28.11024358;0.1;False;ok;28;1;1.107;
279;-16.94263932;28.21024358;0.1;False;ok;20;1;1.089;
280;-16.84263932;28.21024358;0.0125;False;ok;17;1;1.043;
281;-16.83013932;28.21024358;0.0125;False;ok;5;1;1.027;
282;-16.84263932;28.22274358;0.00625;False;ok;72;1;1.162;
283;-16.83638932;28.22274358;0.00625;False;ok;2;1;0.949;
284;-16.84263932;28.22899358;0.003125;False;ok;75;1;1.227;
285;-16.83951432;28.22899358;0.003125;False;ok;38;1;1.070;
286;-16.84263932;28.23211858;0.003125;False;ok;55;1;1.108;
287;-16.83951432;28.23211858;0.003125;False;ok;2;1;0.945;
288;-16.83638932;28.22899358;0.00625;False;ok;38;1;1.026;
289;-16.81763932;28.21024358;0.025;False;ok;6;1;1.053;
290;-16.84263932;28.23524358;0.003125;False;ok;73;1;1.248;
291;-16.84263932;28.23836858;0.003125;False;ok;57;1;1.271;
292;-16.83951432;28.23836858;0.003125;False;ok;24;1;1.122;
293;-16.83638932;28.23524358;0.00625;False;ok;32;1;1.186;
294;-16.84263932;28.24149358;0.00625;False;ok;75;1;1.421;
295;-16.83013932;28.23524358;0.0125;False;ok;6;1;1.331;
296;-16.84263932;28.24774358;0.0125;False;ok;26;1;1.347;
297;-16.83013932;28.24774358;0.0125;False;ok;3;1;1.378;
298;-16.81763932;28.23524358;0.025;False;ok;35;1;1.248;
299;-16.79263932;28.21024358;0.05;False;ok;12;1;1.298;
300;-16.84263932;28.26024358;0.05;False;ok;38;1;1.359;
301;-16.64263932;28.21024358;0.1;False;ok;3;1;1.202;
302;-16.54263932;28.21024358;0.1;False;ok;35;1;1.296;
303;-16.44263932;28.21024358;0.1;False;ok;73;1;1.382;
304;-14.24263932;28.21024358;0.1;False;ok;32;1;1.326;
305;-14.14263932;28.21024358;0.1;False;ok;33;1;1.358;
306;-14.04263932;28.21024358;0.1;False;ok;75;1;1.347;
307;-16.94263932;28.31024358;0.1;False;ok;72;1;1.307;
308;-16.84263932;28.31024358;0.05;False;ok;23;1;1.186;
309;-16.79263932;28.31024358;0.05;False;ok;20;1;1.217;
310;-16.84263932;28.36024358;0.05;False;ok;74;1;1.064;
311;-16.79263932;28.36024358;0.05;False;ok;74;1;1.260;
312;-16.74263932;28.31024358;0.05;False;ok;56;1;1.097;
313;-16.69263932;28.31024358;0.05;False;ok;18;1;0.940;
314;-16.74263932;28.36024358;0.025;False;ok;71;1;1.200;
315;-16.71763932;28.36024358;0.025;False;ok;75;1;1.245;
316;-16.69263932;28.36024358;0.05;False;ok;75;1;1.235;
317;-16.59263932;28.31024358;0.05;False;ok;7;1;1.048;
318;-16.64263932;28.36024358;0.05;False;ok;59;1;1.134;
319;-16.59263932;28.36024358;0.025;False;ok;25;1;1.081;
320;-16.56763932;28.36024358;0.025;False;ok;17;1;1.060;
321;-16.59263932;28.38524358;0.025;False;ok;74;1;1.342;
322;-16.56763932;28.38524358;0.025;False;ok;73;1;1.374;
323;-16.54263932;28.31024358;0.05;False;ok;2;1;1.007;
324;-16.54263932;28.36024358;0.05;False;ok;75;1;1.311;
325;-16.49263932;28.36024358;0.05;False;ok;0;1;1.902;
326;-16.44263932;28.31024358;0.05;False;ok;69;1;1.325;
327;-16.39263932;28.31024358;0.05;False;ok;69;1;1.303;
328;-16.39263932;28.36024358;0.05;False;ok;75;1;1.314;
329;-16.34263932;28.31024358;0.1;False;ok;75;1;1.391;
330;-14.24263932;28.31024358;0.1;False;ok;13;1;1.099;
331;-14.14263932;28.31024358;0.1;False;ok;20;1;1.229;
332;-14.04263932;28.31024358;0.1;False;ok;40;1;1.202;
333;-13.94263932;28.31024358;0.05;False;ok;2;1;1.024;
334;-13.89263932;28.36024358;0.025;False;ok;75;1;1.239;
335;-13.86763932;28.36024358;0.025;False;ok;6;1;0.983;
336;-13.88013932;28.38524358;0.0125;False;ok;75;1;1.158;
337;-13.89263932;28.39774358;0.0125;False;ok;11;1;0.941;
338;-13.88013932;28.39774358;0.0125;False;ok;74;1;1.095;
339;-13.86763932;28.38524358;0.0125;False;ok;38;1;1.022;
340;-13.85513932;28.38524358;0.0125;False;ok;8;1;0.935;
341;-13.86763932;28.39774358;0.00625;False;ok;35;1;1.006;
342;-13.86138932;28.39774358;0.00625;False;ok;75;1;1.109;
343;-13.86138932;28.40399358;0.00625;False;ok;7;1;0.839;
344;-13.85513932;28.39774358;0.0125;False;ok;31;1;0.904;
345;-17.94263932;28.41024358;0.1;False;ok;67;1;1.044;
346;-17.84263932;28.41024358;0.1;False;ok;16;1;1.060;
347;-16.56763932;28.41024358;0.0125;False;ok;75;1;1.225;
348;-16.55513932;28.41024358;0.00625;False;ok;75;1;1.214;
349;-16.54888932;28.41024358;0.00625;False;ok;74;1;1.325;
350;-16.55513932;28.41649358;0.00625;False;ok;73;1;1.288;
351;-16.54888932;28.41649358;0.00625;False;ok;75;1;1.291;
352;-16.54263932;28.41024358;0.025;False;ok;75;1;1.384;
353;-16.51763932;28.41024358;0.025;False;ok;74;1;1.392;
354;-16.51763932;28.43524358;0.025;False;ok;4;1;1.173;
355;-16.49263932;28.41024358;0.05;False;ok;75;1;1.434;
356;-16.49263932;28.46024358;0.05;False;ok;40;1;1.219;
357;-16.44263932;28.41024358;0.05;False;ok;6;1;1.153;
358;-16.39263932;28.41024358;0.05;False;ok;22;1;1.185;
359;-16.44263932;28.46024358;0.05;False;ok;72;1;1.512;
360;-16.39263932;28.46024358;0.05;False;ok;39;1;1.367;
361;-16.34263932;28.41024358;0.05;False;ok;47;1;1.350;
362;-16.29263932;28.41024358;0.05;False;ok;48;1;1.344;
363;-16.34263932;28.46024358;0.05;False;ok;74;1;1.280;
364;-16.29263932;28.46024358;0.025;False;ok;44;1;1.166;
365;-16.26763932;28.46024358;0.0125;False;ok;75;1;1.143;
366;-16.25513932;28.46024358;0.0125;False;ok;74;1;1.138;
367;-16.26763932;28.47274358;0.0125;False;ok;7;1;0.859;
368;-16.25513932;28.47274358;0.0125;False;ok;47;1;0.947;
369;-16.29263932;28.48524358;0.025;False;ok;4;1;0.864;
370;-16.24263932;28.41024358;0.1;False;ok;74;1;1.060;
371;-14.14263932;28.41024358;0.1;False;ok;16;1;0.896;
372;-14.04263932;28.41024358;0.1;False;ok;31;1;1.027;
373;-13.89263932;28.41024358;0.05;False;ok;74;1;1.125;
374;-13.94263932;28.46024358;0.05;False;ok;7;1;0.985;
375;-13.89263932;28.46024358;0.025;False;ok;13;1;0.932;
376;-13.86763932;28.46024358;0.025;False;ok;1;1;0.944;
377;-13.89263932;28.48524358;0.025;False;ok;48;1;1.092;
378;-13.86763932;28.48524358;0.025;False;ok;75;1;1.327;
379;-17.89263932;28.51024358;0.05;False;ok;9;1;1.223;
380;-17.91763932;28.56024358;0.025;False;ok;12;1;1.232;
381;-17.94263932;28.58524358;0.025;False;ok;8;1;1.243;
382;-17.91763932;28.58524358;0.0125;False;ok;74;1;1.388;
383;-17.90513932;28.58524358;0.0125;False;ok;11;1;1.618;
384;-17.91763932;28.59774358;0.0125;False;ok;9;1;1.221;
385;-17.90513932;28.59774358;0.0125;False;ok;17;1;1.288;
386;-17.89263932;28.56024358;0.05;False;ok;26;1;1.206;
387;-17.84263932;28.51024358;0.1;False;ok;59;1;1.378;
388;-16.44263932;28.51024358;0.1;False;ok;75;1;1.534;
389;-16.34263932;28.51024358;0.1;False;ok;73;1;1.476;
390;-16.24263932;28.51024358;0.1;False;ok;74;1;1.404;
391;-14.04263932;28.51024358;0.1;False;ok;50;1;1.241;
392;-13.94263932;28.51024358;0.1;False;ok;36;1;1.290;
393;-13.84263932;28.51024358;0.1;False;ok;56;1;1.291;
394;-18.04263932;28.61024358;0.1;False;ok;74;1;1.269;
395;-17.94263932;28.61024358;0.025;False;ok;4;1;1.142;
396;-17.91763932;28.61024358;0.025;False;ok;17;1;1.050;
397;-17.94263932;28.63524358;0.025;False;ok;72;1;1.111;
398;-17.91763932;28.63524358;0.025;False;ok;74;1;1.081;
399;-17.89263932;28.61024358;0.025;False;ok;6;1;0.946;
400;-17.89263932;28.63524358;0.025;False;ok;73;1;1.024;
401;-17.86763932;28.63524358;0.025;False;ok;23;1;1.032;
402;-17.94263932;28.66024358;0.05;False;ok;75;1;0.991;
403;-17.89263932;28.66024358;0.05;False;ok;6;1;0.822;
404;-17.84263932;28.61024358;0.05;False;ok;4;1;0.775;
405;-17.79263932;28.61024358;0.025;False;ok;36;1;0.991;
406;-17.76763932;28.61024358;0.025;False;ok;10;1;0.953;
407;-17.79263932;28.63524358;0.025;False;ok;58;1;1.225;
408;-17.76763932;28.63524358;0.025;False;ok;75;1;1.396;
409;-17.84263932;28.66024358;0.05;False;ok;1;1;1.259;
410;-17.79263932;28.66024358;0.025;False;ok;45;1;1.359;
411;-17.76763932;28.66024358;0.025;False;ok;73;1;1.304;
412;-17.79263932;28.68524358;0.025;False;ok;15;1;1.300;
413;-17.76763932;28.68524358;0.025;False;ok;75;1;1.417;
414;-14.01763932;28.66024358;0.0125;False;ok;0;1;1.959;
415;-14.01763932;28.67274358;0.0125;False;ok;74;1;1.416;
416;-14.00513932;28.67274358;0.0125;False;ok;8;1;1.336;
417;-14.04263932;28.68524358;0.025;False;ok;1;1;1.302;
418;-14.01763932;28.68524358;0.025;False;ok;75;1;1.399;
419;-13.99263932;28.66024358;0.05;False;ok;47;1;1.303;
420;-13.94263932;28.61024358;0.05;False;ok;74;1;1.384;
421;-13.89263932;28.61024358;0.05;False;ok;1;1;1.133;
422;-13.94263932;28.66024358;0.05;False;ok;74;1;1.452;
423;-13.89263932;28.66024358;0.05;False;ok;75;1;1.438;
424;-13.84263932;28.61024358;0.1;False;ok;2;1;1.114;
425;-18.04263932;28.71024358;0.1;False;ok;73;1;1.235;
426;-17.94263932;28.71024358;0.1;False;ok;19;1;0.941;
427;-17.84263932;28.71024358;0.1;False;ok;63;1;0.917;
428;-17.74263932;28.71024358;0.1;False;ok;4;1;0.703;
429;-14.04263932;28.71024358;0.1;False;ok;73;1;1.024;
430;-13.94263932;28.71024358;0.05;False;ok;4;1;0.846;
431;-13.88013932;28.71024358;0.0125;False;ok;74;1;1.038;
432;-13.89263932;28.72274358;0.0125;False;ok;0;1;1.508;
433;-13.88013932;28.72274358;0.0125;False;ok;75;1;1.117;
434;-13.86763932;28.71024358;0.0125;False;ok;48;1;1.072;
435;-13.86763932;28.72274358;0.00625;False;ok;75;1;1.211;
436;-13.86138932;28.72274358;0.00625;False;ok;74;1;1.280;
437;-13.86763932;28.72899358;0.00625;False;ok;75;1;1.233;
438;-13.86138932;28.72899358;0.00625;False;ok;52;1;1.203;
439;-13.85513932;28.72274358;0.0125;False;ok;19;1;1.148;
440;-13.87388932;28.73524358;0.003125;False;ok;75;1;1.292;
441;-13.87076432;28.73524358;0.003125;False;ok;73;1;1.275;
442;-13.87388932;28.73836858;0.003125;False;ok;23;1;1.173;
443;-13.87076432;28.73836858;0.003125;False;ok;75;1;1.193;
444;-13.87388932;28.74149358;0.00625;False;ok;75;1;1.381;
445;-13.86763932;28.73524358;0.025;False;ok;75;1;1.215;
446;-13.84263932;28.71024358;0.1;False;ok;2;1;1.065;
447;-13.74263932;28.71024358;0.1;False;ok;1;1;1.007;
448;-18.04263932;28.81024358;0.1;False;ok;7;1;1.012;
449;-17.94263932;28.81024358;0.1;False;ok;12;1;0.936;
450;-17.84263932;28.81024358;0.1;False;ok;23;1;0.882;
451;-13.89263932;28.81024358;0.05;False;ok;5;1;0.828;
452;-13.89263932;28.86024358;0.025;False;ok;74;1;1.016;
453;-13.86763932;28.86024358;0.0125;False;ok;75;1;0.984;
454;-13.85513932;28.86024358;0.00625;False;ok;13;1;0.789;
455;-13.84888932;28.86024358;0.00625;False;ok;38;1;1.094;
456;-13.85513932;28.86649358;0.00625;False;ok;5;1;0.977;
457;-13.84888932;28.86649358;0.00625;False;ok;55;1;1.283;
458;-13.85513932;28.87274358;0.0125;False;ok;75;1;1.107;
459;-13.84263932;28.81024358;0.05;False;ok;75;1;1.223;
460;-13.84263932;28.86024358;0.00625;False;ok;30;1;1.335;
461;-13.83638932;28.86024358;0.00625;False;ok;73;1;1.383;
462;-13.84263932;28.86649358;0.00625;False;ok;73;1;1.551;
463;-13.83638932;28.86649358;0.00625;False;ok;23;1;1.913;
464;-13.83013932;28.86024358;0.0125;False;ok;75;1;1.514;
465;-13.84263932;28.87274358;0.0125;False;ok;58;1;1.428;
466;-13.83013932;28.87274358;0.0125;False;ok;75;1;1.551;
467;-13.81763932;28.86024358;0.0125;False;ok;75;1;1.590;
468;-13.80513932;28.86024358;0.00625;False;ok;75;1;1.541;
469;-13.79888932;28.86024358;0.00625;False;ok;58;1;1.433;
470;-13.80513932;28.86649358;0.00625;False;ok;41;1;1.309;
471;-13.74263932;28.81024358;0.1;False;ok;20;1;1.246;
472;-13.84263932;28.91024358;0.1;False;ok;74;1;1.308;
473;-13.71763932;28.91024358;0.025;False;ok;75;1;1.322;
474;-13.74263932;28.93524358;0.025;False;ok;13;1;1.028;
475;-13.71763932;28.93524358;0.025;False;ok;72;1;1.091;
476;-13.69263932;28.91024358;0.0125;False;ok;3;1;0.876;
477;-13.68013932;28.91024358;0.0125;False;ok;75;1;1.007;
478;-13.69263932;28.92274358;0.0125;False;ok;9;1;0.777;
479;-13.68013932;28.92274358;0.00625;False;ok;73;1;0.896;
480;-13.67388932;28.92274358;0.003125;False;ok;44;1;0.742;
481;-13.67076432;28.92274358;0.003125;False;ok;60;1;0.841;
482;-13.67388932;28.92586858;0.003125;False;ok;17;1;0.905;
483;-13.67076432;28.92586858;0.003125;False;ok;8;1;0.937;
484;-13.68013932;28.92899358;0.00625;False;ok;7;1;1.068;
485;-13.67388932;28.92899358;0.00625;False;ok;12;1;1.130;
486;-13.66763932;28.91024358;0.0125;False;ok;75;1;1.336;
487;-13.65513932;28.91649358;0.00625;False;ok;74;1;1.385;
488;-13.64888932;28.91649358;0.00625;False;ok;75;1;1.415;
489;-13.66763932;28.92274358;0.00625;False;ok;75;1;1.535;
490;-13.66138932;28.92274358;0.00625;False;ok;75;1;1.433;
491;-13.66763932;28.92899358;0.00625;False;ok;1;1;1.309;
492;-13.65513932;28.92274358;0.0125;False;ok;75;1;1.589;
493;-13.69263932;28.93524358;0.025;False;ok;56;1;1.504;
494;-13.66763932;28.93524358;0.025;False;ok;71;1;1.574;
495;-13.74263932;28.96024358;0.05;False;ok;17;1;1.384;
496;-13.69263932;28.96024358;0.05;False;ok;75;1;1.717;
497;-13.64263932;28.91024358;0.0125;False;ok;12;1;1.388;
498;-13.64263932;28.92274358;0.0125;False;ok;75;1;1.462;
499;-13.63013932;28.92274358;0.0125;False;ok;42;1;1.363;
500;-13.61763932;28.91024358;0.025;False;ok;15;1;1.272;
501;-13.64263932;28.93524358;0.025;False;ok;46;1;1.197;
502;-13.61763932;28.93524358;0.025;False;ok;74;1;1.173;
503;-13.59263932;28.94774358;0.0125;False;ok;74;1;1.247;
504;-13.58013932;28.94774358;0.0125;False;ok;14;1;1.015;
505;-13.56763932;28.93524358;0.025;False;ok;75;1;1.078;
506;-13.64263932;28.96024358;0.05;False;ok;58;1;0.879;
507;-13.59263932;28.96024358;0.025;False;ok;22;1;0.790;
508;-13.56763932;28.96024358;0.0125;False;ok;31;1;0.815;
509;-13.55513932;28.96024358;0.0125;False;ok;75;1;0.975;
510;-13.56763932;28.97274358;0.0125;False;ok;16;1;0.808;
511;-13.55513932;28.97274358;0.0125;False;ok;9;1;0.795;
512;-13.56763932;28.98524358;0.025;False;ok;4;1;0.875;
513;-13.54263932;28.96024358;0.025;False;ok;9;1;1.070;
514;-13.51763932;28.96024358;0.025;False;ok;5;1;0.999;
515;-13.54263932;28.98524358;0.025;False;ok;14;1;1.178;
516;-13.51763932;28.98524358;0.0125;False;ok;49;1;1.298;
517;-13.50513932;28.98524358;0.0125;False;ok;75;1;1.373;
518;-13.51763932;28.99774358;0.0125;False;ok;17;1;1.316;
519;-13.50513932;28.99774358;0.0125;False;ok;47;1;1.342;
520;-13.49263932;28.98524358;0.0125;False;ok;43;1;1.403;
521;-13.49263932;28.99774358;0.0125;False;ok;74;1;1.577;
522;-13.69263932;29.01024358;0.05;False;ok;62;1;1.487;
523;-13.69263932;29.06024358;0.05;False;ok;75;1;1.620;
524;-13.64263932;29.01024358;0.05;False;ok;42;1;1.473;
525;-13.59263932;29.01024358;0.05;False;ok;74;1;1.545;
526;-13.64263932;29.06024358;0.05;False;ok;16;1;1.311;
527;-13.59263932;29.06024358;0.05;False;ok;24;1;1.352;
528;-13.54263932;29.01024358;0.05;False;ok;14;1;1.322;
529;-13.49263932;29.01024358;0.05;False;ok;7;1;1.316;
530;-13.54263932;29.06024358;0.05;False;ok;18;1;1.295;
531;-13.49263932;29.06024358;0.05;False;ok;75;1;1.387;
532;-13.74263932;29.11024358;0.1;False;ok;0;1;1.819;
533;-13.64263932;29.11024358;0.05;False;ok;21;1;1.134;
534;-13.59263932;29.11024358;0.05;False;ok;75;1;1.264;
535;-13.54263932;29.11024358;0.05;False;ok;33;1;1.060;
536;-13.49263932;29.11024358;0.025;False;ok;15;1;0.844;
537;-13.46763932;29.11024358;0.025;False;ok;75;1;0.982;
538;-13.49263932;29.13524358;0.025;False;ok;9;1;0.864;
539;-13.46763932;29.13524358;0.025;False;ok;75;1;1.201;
540;-13.54263932;29.16024358;0.05;False;ok;3;1;0.778;
541;-13.49263932;29.16024358;0.05;False;ok;11;1;0.993;
542;-13.44263932;29.11024358;0.1;False;ok;0;1;1.697;
543;-13.54263932;29.21024358;0.05;False;ok;75;1;1.132;
544;-13.49263932;29.21024358;0.05;False;ok;44;1;1.063;
545;-13.49263932;29.26024358;0.05;False;ok;4;1;1.028;
546;-8.919748187;41.83647628;0.05;True;ok;2;1;1.108;
547;-8.869748187;41.83647628;0.05;True;ok;0;1;1.381;
548;-8.719748187;41.78647628;0.1;True;ok;0;1;1.288;
549;-8.219748187;41.78647628;0.1;True;ok;2;1;1.215;
550;-8.119748187;41.78647628;0.1;False;ok;13;1;1.181;
551;-8.919748187;41.88647628;0.1;True;ok;72;1;1.305;
552;-8.819748187;41.88647628;0.1;True;ok;10;1;1.404;
553;-8.219748187;41.88647628;0.1;False;ok;2;1;1.177;
554;-8.119748187;41.88647628;0.1;False;ok;26;1;1.167;
555;-8.019748187;41.88647628;0.1;False;ok;9;1;1.162;
556;-7.919748187;41.88647628;0.1;True;ok;0;1;1.204;
557;-7.519748187;41.88647628;0.1;False;ok;13;1;1.211;
558;-8.919748187;41.98647628;0.1;False;ok;53;1;1.277;
559;-8.819748187;41.98647628;0.1;False;ok;23;1;1.011;
560;-8.719748187;41.98647628;0.1;True;ok;44;1;1.239;
561;-8.619748187;41.98647628;0.1;True;ok;6;1;1.139;
562;-7.919748187;41.98647628;0.1;False;ok;3;1;0.898;
563;-7.819748187;41.98647628;0.1;False;ok;5;1;0.931;
564;-7.519748187;41.98647628;0.1;False;ok;4;1;0.897;
565;-7.419748187;41.98647628;0.1;False;ok;2;1;0.822;
566;-7.219748187;41.98647628;0.1;False;ok;3;1;0.982;
567;-7.119748187;41.98647628;0.1;False;ok;3;1;0.998;
568;-7.019748187;41.98647628;0.1;False;ok;0;1;1.675;
569;-6.919748187;41.98647628;0.1;False;ok;11;1;1.035;
570;-6.819748187;41.98647628;0.1;False;ok;2;1;1.060;
571;-6.719748187;41.98647628;0.1;False;ok;43;1;1.193;
572;-8.919748187;42.08647628;0.1;False;ok;75;1;1.417;
573;-8.819748187;42.08647628;0.1;False;ok;75;1;1.455;
574;-8.719748187;42.08647628;0.1;False;ok;61;1;1.431;
575;-8.619748187;42.08647628;0.1;False;ok;45;1;1.468;
576;-8.519748187;42.08647628;0.1;False;ok;33;1;1.436;
577;-8.419748187;42.08647628;0.1;False;ok;4;1;1.290;
578;-8.319748187;42.08647628;0.1;True;ok;18;1;1.433;
579;-8.219748187;42.08647628;0.1;True;ok;9;1;1.339;
580;-8.119748187;42.08647628;0.1;False;ok;2;1;1.262;
581;-8.019748187;42.08647628;0.1;False;ok;15;1;1.332;
582;-7.919748187;42.08647628;0.1;False;ok;10;1;1.352;
583;-7.819748187;42.08647628;0.1;False;ok;6;1;1.329;
584;-7.619748187;42.08647628;0.1;False;ok;1;1;1.226;
585;-7.219748187;42.08647628;0.1;False;ok;2;1;1.184;
586;-7.119748187;42.08647628;0.1;False;ok;0;1;1.821;
587;-6.819748187;42.08647628;0.1;False;ok;4;1;1.041;
588;-6.719748187;42.08647628;0.1;False;ok;43;1;1.078;
589;-8.919748187;42.18647628;0.1;False;ok;39;1;0.918;
590;-8.819748187;42.18647628;0.05;False;ok;60;1;0.895;
591;-8.769748187;42.18647628;0.05;False;ok;75;1;1.111;
592;-8.819748187;42.23647628;0.05;False;ok;74;1;1.224;
593;-8.769748187;42.23647628;0.05;False;ok;72;1;1.394;
594;-8.719748187;42.18647628;0.05;False;ok;75;1;1.484;
595;-8.669748187;42.18647628;0.05;False;ok;8;1;1.303;
596;-8.719748187;42.23647628;0.05;False;ok;73;1;1.580;
597;-8.669748187;42.23647628;0.05;False;ok;10;1;1.339;
598;-8.619748187;42.18647628;0.1;False;ok;72;1;1.456;
599;-8.519748187;42.18647628;0.1;False;ok;40;1;1.491;
600;-8.419748187;42.18647628;0.1;False;ok;15;1;1.422;
601;-8.319748187;42.18647628;0.1;False;ok;13;1;1.378;
602;-8.219748187;42.18647628;0.1;False;ok;22;1;1.391;
603;-8.119748187;42.18647628;0.1;False;ok;3;1;1.363;
604;-7.919748187;42.18647628;0.1;False;ok;19;1;1.476;
605;-7.819748187;42.18647628;0.1;False;ok;49;1;1.558;
606;-7.719748187;42.18647628;0.1;False;ok;6;1;1.390;
607;-7.619748187;42.18647628;0.1;False;ok;2;1;1.230;
608;-7.419748187;42.18647628;0.1;False;ok;0;1;1.886;
609;-7.319748187;42.18647628;0.1;False;ok;6;1;1.155;
610;-7.119748187;42.18647628;0.1;False;ok;2;1;0.810;
611;-8.919748187;42.28647628;0.1;False;ok;12;1;0.808;
612;-8.819748187;42.28647628;0.1;False;ok;74;1;0.923;
613;-8.719748187;42.28647628;0.1;False;ok;61;1;0.787;
614;-8.619748187;42.28647628;0.1;False;ok;75;1;0.875;
615;-8.519748187;42.28647628;0.1;False;ok;6;1;0.738;
616;-8.319748187;42.28647628;0.1;False;ok;1;1;0.990;
617;-8.219748187;42.28647628;0.1;False;ok;30;1;1.221;
618;-8.119748187;42.28647628;0.1;False;ok;24;1;1.313;
619;-8.019748187;42.28647628;0.1;False;ok;7;1;1.239;
620;-7.919748187;42.28647628;0.05;False;ok;5;1;1.408;
621;-7.869748187;42.28647628;0.05;False;ok;61;1;1.425;
622;-7.919748187;42.33647628;0.05;False;ok;29;1;1.356;
623;-7.869748187;42.33647628;0.05;False;ok;75;1;1.819;
624;-7.819748187;42.28647628;0.1;False;ok;37;1;1.501;
625;-7.719748187;42.28647628;0.1;False;ok;11;1;1.409;
626;-7.619748187;42.28647628;0.1;False;ok;26;1;1.484;
627;-7.519748187;42.28647628;0.1;False;ok;20;1;1.443;
628;-7.419748187;42.28647628;0.1;False;ok;13;1;1.354;
629;-7.319748187;42.28647628;0.1;False;ok;10;1;1.415;
630;-7.219748187;42.28647628;0.1;False;ok;7;1;1.275;
631;-6.819748187;42.28647628;0.1;False;ok;3;1;1.202;
632;-9.019748187;42.38647628;0.1;False;ok;43;1;1.274;
633;-8.919748187;42.38647628;0.05;False;ok;32;1;1.206;
634;-8.869748187;42.38647628;0.025;False;ok;46;1;1.211;
635;-8.844748187;42.38647628;0.0125;False;ok;28;1;0.993;
636;-8.832248187;42.38647628;0.0125;False;ok;75;1;1.151;
637;-8.844748187;42.39897628;0.0125;False;ok;14;1;0.764;
638;-8.832248187;42.39897628;0.0125;False;ok;32;1;0.850;
639;-8.869748187;42.41147628;0.025;False;ok;50;1;0.853;
640;-8.844748187;42.41147628;0.025;False;ok;16;1;0.777;
641;-8.919748187;42.43647628;0.05;False;ok;59;1;1.042;
642;-8.869748187;42.43647628;0.05;False;ok;73;1;1.087;
643;-8.819748187;42.39897628;0.0125;False;ok;74;1;1.350;
644;-8.807248187;42.39897628;0.0125;False;ok;73;1;1.404;
645;-8.794748187;42.38647628;0.025;False;ok;57;1;1.349;
646;-8.819748187;42.41147628;0.025;False;ok;21;1;1.256;
647;-8.769748187;42.38647628;0.05;False;ok;72;1;1.478;
648;-8.819748187;42.43647628;0.05;False;ok;50;1;1.400;
649;-8.769748187;42.43647628;0.05;False;ok;18;1;1.300;
650;-8.719748187;42.38647628;0.05;False;ok;74;1;1.507;
651;-8.669748187;42.41147628;0.025;False;ok;71;1;1.515;
652;-8.644748187;42.41147628;0.025;False;ok;73;1;1.514;
653;-8.719748187;42.43647628;0.05;False;ok;49;1;1.466;
654;-8.669748187;42.43647628;0.05;False;ok;21;1;1.385;
655;-8.619748187;42.38647628;0.1;False;ok;21;1;1.436;
656;-8.519748187;42.38647628;0.1;False;ok;16;1;1.328;
657;-8.419748187;42.38647628;0.1;False;ok;3;1;1.139;
658;-8.319748187;42.38647628;0.1;False;ok;2;1;1.234;
659;-8.219748187;42.38647628;0.1;False;ok;7;1;1.180;
660;-8.119748187;42.38647628;0.1;False;ok;24;1;1.194;
661;-8.019748187;42.38647628;0.1;False;ok;12;1;0.973;
662;-7.919748187;42.38647628;0.1;False;ok;14;1;0.862;
663;-7.819748187;42.38647628;0.1;False;ok;21;1;0.810;
664;-7.719748187;42.38647628;0.1;False;ok;20;1;0.694;
665;-7.619748187;42.38647628;0.1;False;ok;36;1;0.829;
666;-7.519748187;42.38647628;0.1;False;ok;33;1;0.871;
667;-7.419748187;42.38647628;0.1;False;ok;2;1;0.772;
668;-7.319748187;42.38647628;0.1;False;ok;15;1;0.984;
669;-7.219748187;42.38647628;0.1;False;ok;2;1;0.963;
670;-7.119748187;42.38647628;0.1;False;ok;10;1;1.283;
671;-7.019748187;42.38647628;0.1;False;ok;19;1;1.424;
672;-6.919748187;42.38647628;0.1;False;ok;5;1;1.383;
673;-6.819748187;42.38647628;0.1;False;ok;14;1;1.421;
674;-9.119748187;42.48647628;0.1;False;ok;19;1;1.482;
675;-9.019748187;42.48647628;0.1;False;ok;73;1;1.694;
676;-8.919748187;42.48647628;0.05;False;ok;52;1;1.485;
677;-8.869748187;42.48647628;0.05;False;ok;74;1;1.669;
678;-8.919748187;42.53647628;0.05;False;ok;24;1;1.499;
679;-8.869748187;42.53647628;0.05;False;ok;72;1;1.610;
680;-8.819748187;42.48647628;0.1;False;ok;75;1;1.673;
681;-8.719748187;42.48647628;0.1;False;ok;45;1;1.516;
682;-8.619748187;42.48647628;0.1;False;ok;16;1;1.447;
683;-8.519748187;42.48647628;0.1;False;ok;9;1;1.383;
684;-8.419748187;42.48647628;0.1;False;ok;10;1;1.427;
685;-8.319748187;42.48647628;0.1;False;ok;6;1;1.181;
686;-8.219748187;42.48647628;0.1;False;ok;1;1;1.149;
687;-8.119748187;42.48647628;0.1;False;ok;5;1;1.122;
688;-8.019748187;42.48647628;0.1;False;ok;5;1;1.044;
689;-7.919748187;42.48647628;0.1;False;ok;3;1;1.008;
690;-7.819748187;42.48647628;0.1;False;ok;10;1;0.749;
691;-7.719748187;42.48647628;0.1;False;ok;29;1;0.831;
692;-7.619748187;42.48647628;0.1;False;ok;23;1;0.720;
693;-7.519748187;42.48647628;0.1;False;ok;75;1;0.859;
694;-7.419748187;42.48647628;0.1;False;ok;7;1;1.064;
695;-7.219748187;42.48647628;0.1;False;ok;1;1;1.050;
696;-7.119748187;42.48647628;0.1;False;ok;3;1;1.274;
697;-6.919748187;42.48647628;0.1;False;ok;3;1;1.412;
698;-6.819748187;42.48647628;0.1;False;ok;24;1;1.504;
699;-6.719748187;42.48647628;0.1;False;ok;26;1;1.620;
700;-9.119748187;42.58647628;0.1;False;ok;21;1;1.553;
701;-9.019748187;42.58647628;0.1;False;ok;54;1;1.608;
702;-8.919748187;42.58647628;0.1;False;ok;74;1;1.689;
703;-8.819748187;42.58647628;0.1;False;ok;74;1;1.815;
704;-8.719748187;42.58647628;0.1;False;ok;75;1;1.706;
705;-8.619748187;42.58647628;0.1;False;ok;25;1;1.575;
706;-8.519748187;42.58647628;0.1;False;ok;7;1;1.553;
707;-8.419748187;42.58647628;0.1;False;ok;4;1;1.486;
708;-8.319748187;42.58647628;0.1;False;ok;3;1;1.480;
709;-8.219748187;42.58647628;0.1;False;ok;10;1;1.541;
710;-8.119748187;42.58647628;0.1;False;ok;11;1;1.392;
711;-8.019748187;42.58647628;0.1;False;ok;2;1;1.217;
712;-7.919748187;42.58647628;0.1;False;ok;3;1;1.294;
713;-7.819748187;42.58647628;0.1;False;ok;47;1;1.386;
714;-7.719748187;42.58647628;0.1;False;ok;7;1;0.973;
715;-7.519748187;42.58647628;0.1;False;ok;5;1;0.918;
716;-7.419748187;42.58647628;0.1;False;ok;5;1;0.718;
717;-7.319748187;42.58647628;0.1;False;ok;8;1;0.658;
718;-7.219748187;42.58647628;0.1;False;ok;7;1;0.677;
719;-7.019748187;42.58647628;0.1;False;ok;15;1;1.250;
720;-6.919748187;42.58647628;0.1;False;ok;7;1;1.320;
721;-6.819748187;42.58647628;0.1;False;ok;31;1;1.483;
722;-6.719748187;42.58647628;0.1;False;ok;9;1;1.459;
723;-9.219748187;42.68647628;0.1;False;ok;4;1;1.372;
724;-9.119748187;42.68647628;0.1;False;ok;74;1;1.618;
725;-9.019748187;42.68647628;0.1;False;ok;69;1;1.678;
726;-8.919748187;42.68647628;0.1;False;ok;56;1;1.606;
727;-8.819748187;42.68647628;0.1;False;ok;8;1;1.528;
728;-8.719748187;42.68647628;0.1;False;ok;75;1;1.686;
729;-8.619748187;42.68647628;0.1;False;ok;12;1;1.521;
730;-8.519748187;42.68647628;0.1;False;ok;30;1;1.495;
731;-8.419748187;42.68647628;0.1;False;ok;15;1;1.537;
732;-8.319748187;42.68647628;0.1;False;ok;31;1;1.583;
733;-8.219748187;42.68647628;0.1;False;ok;5;1;1.471;
734;-7.919748187;42.68647628;0.1;False;ok;3;1;1.537;
735;-7.819748187;42.68647628;0.1;False;ok;5;1;1.492;
736;-7.619748187;42.68647628;0.1;False;ok;5;1;1.376;
737;-7.519748187;42.68647628;0.1;False;ok;10;1;1.374;
738;-7.419748187;42.68647628;0.1;False;ok;75;1;1.433;
739;-7.319748187;42.68647628;0.1;False;ok;24;1;0.673;
740;-7.219748187;42.68647628;0.1;False;ok;8;1;0.671;
741;-7.119748187;42.68647628;0.1;False;ok;9;1;0.728;
742;-7.019748187;42.68647628;0.1;False;ok;2;1;0.722;
743;-6.719748187;42.68647628;0.1;False;ok;28;1;0.828;
744;-9.319748187;42.78647628;0.1;False;ok;1;1;1.259;
745;-9.219748187;42.78647628;0.1;False;ok;42;1;1.388;
746;-9.119748187;42.78647628;0.1;False;ok;57;1;1.563;
747;-9.019748187;42.78647628;0.1;False;ok;45;1;1.553;
748;-8.919748187;42.78647628;0.1;False;ok;37;1;1.485;
749;-8.819748187;42.78647628;0.1;False;ok;5;1;1.582;
750;-8.719748187;42.78647628;0.1;False;ok;47;1;1.589;
751;-8.619748187;42.78647628;0.05;False;ok;15;1;1.529;
752;-8.569748187;42.78647628;0.05;False;ok;11;1;1.610;
753;-8.619748187;42.83647628;0.05;False;ok;52;1;1.606;
754;-8.569748187;42.83647628;0.025;False;ok;1;1;1.507;
755;-8.569748187;42.86147628;0.0125;False;ok;9;1;1.561;
756;-8.557248187;42.86147628;0.0125;False;ok;55;1;1.710;
757;-8.569748187;42.87397628;0.0125;False;ok;4;1;1.543;
758;-8.557248187;42.87397628;0.0125;False;ok;74;1;1.702;
759;-8.544748187;42.86147628;0.0125;False;ok;6;1;1.461;
760;-8.532248187;42.86147628;0.0125;False;ok;1;1;1.410;
761;-8.544748187;42.87397628;0.00625;False;ok;53;1;1.490;
762;-8.538498187;42.87397628;0.00625;False;ok;3;1;1.256;
763;-8.544748187;42.88022628;0.00625;False;ok;51;1;1.432;
764;-8.538498187;42.88022628;0.00625;False;ok;22;1;0.827;
765;-8.532248187;42.87397628;0.0125;False;ok;7;1;0.664;
766;-8.519748187;42.78647628;0.1;False;ok;21;1;0.729;
767;-8.419748187;42.78647628;0.1;False;ok;17;1;0.966;
768;-8.319748187;42.78647628;0.1;False;ok;5;1;1.045;
769;-8.219748187;42.78647628;0.1;False;ok;8;1;1.320;
770;-8.119748187;42.78647628;0.1;False;ok;5;1;1.292;
771;-8.019748187;42.78647628;0.1;False;ok;10;1;1.319;
772;-7.919748187;42.78647628;0.1;False;ok;65;1;1.617;
773;-7.819748187;42.78647628;0.1;False;ok;9;1;1.559;
774;-7.719748187;42.78647628;0.1;False;ok;4;1;1.380;
775;-7.619748187;42.78647628;0.1;False;ok;52;1;1.550;
776;-7.519748187;42.78647628;0.1;False;ok;3;1;1.486;
777;-7.419748187;42.78647628;0.1;False;ok;1;1;1.435;
778;-7.319748187;42.78647628;0.1;False;ok;1;1;1.559;
779;-7.219748187;42.78647628;0.1;False;ok;4;1;1.453;
780;-7.119748187;42.78647628;0.1;False;ok;3;1;1.458;
781;-6.919748187;42.78647628;0.1;False;ok;3;1;1.450;
782;-6.819748187;42.78647628;0.1;False;ok;4;1;1.415;
783;-6.719748187;42.78647628;0.1;False;ok;0;1;2.044;
784;-9.319748187;42.88647628;0.05;False;ok;3;1;1.312;
785;-9.269748187;42.88647628;0.025;False;ok;73;1;1.437;
786;-9.269748187;42.91147628;0.025;False;ok;74;1;1.422;
787;-9.269748187;42.93647628;0.05;False;ok;32;1;1.037;
788;-9.219748187;42.88647628;0.05;False;ok;24;1;1.011;
789;-9.169748187;42.88647628;0.05;False;ok;69;1;0.877;
790;-9.219748187;42.93647628;0.05;False;ok;74;1;0.994;
791;-9.169748187;42.93647628;0.05;False;ok;1;1;0.639;
792;-9.119748187;42.88647628;0.1;False;ok;12;1;0.831;
793;-9.019748187;42.88647628;0.1;False;ok;22;1;1.051;
794;-8.919748187;42.88647628;0.1;False;ok;6;1;1.086;
795;-8.819748187;42.88647628;0.1;False;ok;38;1;1.183;
796;-8.719748187;42.88647628;0.1;False;ok;9;1;1.115;
797;-8.619748187;42.88647628;0.1;False;ok;67;1;1.358;
798;-8.519748187;42.88647628;0.1;False;ok;50;1;1.412;
799;-8.419748187;42.88647628;0.1;False;ok;68;1;1.314;
800;-8.319748187;42.88647628;0.1;False;ok;18;1;1.321;
801;-8.219748187;42.88647628;0.1;False;ok;75;1;1.514;
802;-8.119748187;42.88647628;0.1;False;ok;26;1;1.260;
803;-8.019748187;42.88647628;0.1;False;ok;65;1;1.504;
804;-7.919748187;42.88647628;0.1;False;ok;8;1;1.321;
805;-7.819748187;42.88647628;0.1;False;ok;10;1;1.234;
806;-7.719748187;42.88647628;0.1;False;ok;3;1;1.247;
807;-7.619748187;42.88647628;0.1;False;ok;6;1;1.244;
808;-7.519748187;42.88647628;0.1;False;ok;1;1;1.221;
809;-7.419748187;42.88647628;0.1;False;ok;2;1;1.137;
810;-7.319748187;42.88647628;0.1;False;ok;5;1;1.083;
811;-7.219748187;42.88647628;0.1;False;ok;2;1;1.049;
812;-7.019748187;42.88647628;0.1;False;ok;5;1;1.015;
813;-9.319748187;42.98647628;0.1;False;ok;36;1;0.969;
814;-9.219748187;42.98647628;0.1;False;ok;48;1;0.970;
815;-9.119748187;42.98647628;0.1;False;ok;6;1;0.834;
816;-9.019748187;42.98647628;0.1;False;ok;10;1;1.030;
817;-8.919748187;42.98647628;0.1;False;ok;3;1;1.043;
818;-8.819748187;42.98647628;0.1;False;ok;4;1;1.097;
819;-8.519748187;42.98647628;0.1;False;ok;3;1;1.086;
820;-8.419748187;42.98647628;0.1;False;ok;7;1;1.196;
821;-8.319748187;42.98647628;0.1;False;ok;3;1;1.189;
822;-8.219748187;42.98647628;0.1;False;ok;12;1;1.336;
823;-8.119748187;42.98647628;0.1;False;ok;12;1;1.491;
824;-8.019748187;42.98647628;0.1;False;ok;0;1;2.144;
825;-7.919748187;42.98647628;0.1;False;ok;2;1;1.336;
826;-7.719748187;42.98647628;0.1;False;ok;2;1;1.366;
827;-7.619748187;42.98647628;0.1;False;ok;75;1;1.706;
828;-7.519748187;42.98647628;0.1;False;ok;2;1;1.414;
829;-7.319748187;42.98647628;0.1;False;ok;5;1;1.413;
830;-7.019748187;42.98647628;0.1;False;ok;2;1;1.348;
831;-6.919748187;42.98647628;0.1;False;ok;4;1;1.402;
832;-6.719748187;42.98647628;0.1;False;ok;8;1;1.431;
833;-9.219748187;43.08647628;0.1;False;ok;75;1;1.495;
834;-9.119748187;43.08647628;0.1;False;ok;64;1;1.399;
835;-9.019748187;43.08647628;0.1;False;ok;20;1;1.328;
836;-8.919748187;43.08647628;0.1;False;ok;8;1;1.178;
837;-8.819748187;43.08647628;0.1;False;ok;1;1;0.920;
838;-8.719748187;43.08647628;0.1;False;ok;3;1;0.927;
839;-8.419748187;43.08647628;0.1;False;ok;15;1;1.011;
840;-8.219748187;43.08647628;0.1;False;ok;2;1;0.973;
841;-8.119748187;43.08647628;0.1;False;ok;5;1;0.878;
842;-8.019748187;43.08647628;0.1;False;ok;2;1;0.814;
843;-7.919748187;43.08647628;0.1;False;ok;10;1;0.816;
844;-7.819748187;43.08647628;0.1;False;ok;5;1;0.769;
845;-7.719748187;43.08647628;0.1;False;ok;3;1;0.840;
846;-7.619748187;43.08647628;0.1;False;ok;13;1;1.093;
847;-7.419748187;43.08647628;0.1;False;ok;2;1;0.882;
848;-7.219748187;43.08647628;0.1;False;ok;1;1;1.062;
849;-7.119748187;43.08647628;0.1;False;ok;10;1;1.007;
850;-6.919748187;43.08647628;0.1;False;ok;1;1;1.210;
851;-6.819748187;43.08647628;0.1;False;ok;1;1;1.216;
852;-6.719748187;43.08647628;0.1;False;ok;1;1;1.344;
853;-9.019748187;43.18647628;0.1;False;ok;75;1;1.602;
854;-8.919748187;43.18647628;0.1;False;ok;52;1;1.549;
855;-8.819748187;43.18647628;0.1;False;ok;27;1;1.540;
856;-8.719748187;43.18647628;0.1;False;ok;36;1;1.522;
857;-8.619748187;43.18647628;0.1;False;ok;2;1;1.454;
858;-8.419748187;43.18647628;0.1;False;ok;6;1;1.459;
859;-8.319748187;43.18647628;0.1;False;ok;15;1;1.521;
860;-8.219748187;43.18647628;0.1;False;ok;41;1;1.502;
861;-8.119748187;43.18647628;0.1;False;ok;3;1;1.333;
862;-7.719748187;43.18647628;0.1;False;ok;1;1;1.317;
863;-7.619748187;43.18647628;0.1;False;ok;5;1;1.372;
864;-7.519748187;43.18647628;0.1;False;ok;1;1;1.266;
865;-7.419748187;43.18647628;0.1;False;ok;2;1;1.174;
866;-7.319748187;43.18647628;0.1;False;ok;4;1;1.216;
867;-7.219748187;43.18647628;0.1;False;ok;2;1;1.016;
868;-7.119748187;43.18647628;0.1;False;ok;13;1;1.010;
869;-7.019748187;43.18647628;0.1;False;ok;10;1;1.170;
870;-6.919748187;43.18647628;0.1;False;ok;4;1;0.840;
871;-6.819748187;43.18647628;0.1;False;ok;2;1;0.793;
872;-8.919748187;43.28647628;0.1;False;ok;25;1;0.759;
873;-8.819748187;43.28647628;0.1;False;ok;75;1;1.287;
874;-8.719748187;43.28647628;0.1;False;ok;22;1;1.209;
875;-8.619748187;43.28647628;0.1;False;ok;17;1;1.401;
876;-8.519748187;43.28647628;0.1;False;ok;32;1;1.314;
877;-8.419748187;43.28647628;0.05;False;ok;16;1;1.277;
878;-8.369748187;43.28647628;0.05;False;ok;9;1;1.445;
879;-8.419748187;43.33647628;0.025;False;ok;60;1;1.612;
880;-8.394748187;43.33647628;0.025;False;ok;10;1;1.532;
881;-8.419748187;43.36147628;0.0125;False;ok;26;1;1.559;
882;-8.407248187;43.36147628;0.0125;False;ok;69;1;1.617;
883;-8.419748187;43.37397628;0.0125;False;ok;4;1;1.444;
884;-8.407248187;43.37397628;0.0125;False;ok;38;1;1.598;
885;-8.394748187;43.36147628;0.025;False;ok;10;1;1.543;
886;-8.369748187;43.33647628;0.05;False;ok;15;1;1.486;
887;-8.319748187;43.28647628;0.1;False;ok;49;1;1.497;
888;-8.219748187;43.28647628;0.1;False;ok;70;1;1.600;
889;-8.119748187;43.28647628;0.1;False;ok;6;1;1.343;
890;-8.019748187;43.28647628;0.1;False;ok;3;1;1.281;
891;-7.919748187;43.28647628;0.1;False;ok;2;1;1.322;
892;-7.819748187;43.28647628;0.1;False;ok;2;1;1.245;
893;-7.719748187;43.28647628;0.1;False;ok;15;1;0.765;
894;-7.619748187;43.28647628;0.1;False;ok;1;1;0.695;
895;-7.519748187;43.28647628;0.1;False;ok;4;1;0.663;
896;-7.319748187;43.28647628;0.1;False;ok;5;1;0.714;
897;-7.219748187;43.28647628;0.1;False;ok;23;1;0.723;
898;-7.119748187;43.28647628;0.1;False;ok;14;1;0.653;
899;-7.019748187;43.28647628;0.1;False;ok;2;1;0.885;
900;-6.919748187;43.28647628;0.1;False;ok;3;1;1.122;
901;-6.819748187;43.28647628;0.1;False;ok;1;1;1.384;
902;-8.419748187;43.38647628;0.1;False;ok;7;1;1.396;
903;-8.319748187;43.38647628;0.1;False;ok;71;1;1.653;
904;-8.219748187;43.38647628;0.1;False;ok;73;1;1.759;
905;-8.119748187;43.38647628;0.1;False;ok;6;1;1.494;
906;-7.919748187;43.38647628;0.1;False;ok;3;1;1.459;
907;-7.819748187;43.38647628;0.1;False;ok;4;1;1.455;
908;-7.519748187;43.38647628;0.1;False;ok;1;1;1.526;
909;-7.419748187;43.38647628;0.1;False;ok;17;1;1.552;
910;-7.319748187;43.38647628;0.1;False;ok;13;1;1.540;
911;-7.219748187;43.38647628;0.1;False;ok;10;1;1.564;
912;-7.119748187;43.38647628;0.1;False;ok;34;1;1.649;
913;-7.019748187;43.38647628;0.1;False;ok;3;1;1.460;
914;-6.919748187;43.38647628;0.1;False;ok;4;1;1.402;
915;-6.819748187;43.38647628;0.1;False;ok;10;1;1.517;
916;-6.719748187;43.38647628;0.1;False;ok;5;1;1.409;
917;-8.319748187;43.48647628;0.1;False;ok;39;1;1.455;
918;-8.219748187;43.48647628;0.1;False;ok;40;1;1.414;
919;-8.119748187;43.48647628;0.1;False;ok;5;1;1.031;
920;-8.019748187;43.48647628;0.1;False;ok;3;1;0.808;
921;-7.919748187;43.48647628;0.1;False;ok;1;1;0.638;
922;-7.719748187;43.48647628;0.1;False;ok;2;1;0.679;
923;-7.619748187;43.48647628;0.1;False;ok;2;1;0.833;
924;-7.519748187;43.48647628;0.1;False;ok;9;1;0.928;
925;-7.419748187;43.48647628;0.1;False;ok;9;1;1.121;
926;-7.319748187;43.48647628;0.05;False;ok;4;1;1.229;
927;-7.319748187;43.53647628;0.05;False;ok;11;1;1.294;
928;-7.269748187;43.53647628;0.025;False;ok;5;1;1.307;
929;-7.244748187;43.53647628;0.025;False;ok;31;1;1.496;
930;-7.269748187;43.56147628;0.025;False;ok;74;1;1.656;
931;-7.244748187;43.56147628;0.025;False;ok;42;1;1.602;
932;-7.219748187;43.48647628;0.1;False;ok;75;1;1.621;
933;-7.119748187;43.48647628;0.05;False;ok;6;1;1.446;
934;-7.069748187;43.48647628;0.05;False;ok;45;1;1.629;
935;-7.119748187;43.53647628;0.05;False;ok;25;1;1.540;
936;-7.069748187;43.53647628;0.05;False;ok;74;1;1.685;
937;-7.019748187;43.48647628;0.1;False;ok;64;1;1.597;
938;-6.919748187;43.48647628;0.1;False;ok;28;1;1.564;
939;-6.819748187;43.48647628;0.1;False;ok;26;1;1.643;
940;-6.719748187;43.48647628;0.1;False;ok;37;1;1.610;
941;-8.219748187;43.58647628;0.1;False;ok;26;1;1.520;
942;-8.119748187;43.58647628;0.1;False;ok;74;1;1.528;
943;-8.019748187;43.58647628;0.1;False;ok;13;1;1.164;
944;-7.919748187;43.58647628;0.1;False;ok;23;1;1.156;
945;-7.819748187;43.58647628;0.1;False;ok;7;1;0.846;
946;-7.719748187;43.58647628;0.1;False;ok;2;1;0.875;
947;-7.619748187;43.58647628;0.1;False;ok;75;1;0.992;
948;-7.519748187;43.58647628;0.1;False;ok;19;1;0.823;
949;-7.419748187;43.58647628;0.1;False;ok;72;1;0.880;
950;-7.319748187;43.58647628;0.1;False;ok;11;1;0.690;
951;-8.119748187;43.68647628;0.1;False;ok;4;1;0.848;
952;-8.019748187;43.68647628;0.1;False;ok;4;1;1.100;
953;-7.919748187;43.68647628;0.1;False;ok;44;1;1.196;
954;-7.819748187;43.68647628;0.1;False;ok;70;1;1.457;
955;-7.719748187;43.68647628;0.1;False;ok;74;1;1.595;
956;-7.619748187;43.68647628;0.1;False;ok;19;1;1.423;
957;-7.519748187;43.68647628;0.1;False;ok;35;1;1.460;
958;-6.588522601;41.68647628;0.1;True;ok;0;1;1.439;
959;-6.488522601;41.68647628;0.1;False;ok;1;1;1.469;
960;-6.388522601;41.68647628;0.1;False;ok;6;1;1.555;
961;-5.788522601;41.68647628;0.1;False;ok;4;1;1.409;
962;-5.288522601;41.68647628;0.1;False;ok;8;1;1.503;
963;-5.188522601;41.68647628;0.1;False;ok;2;1;1.445;
964;-4.988522601;41.68647628;0.1;False;ok;1;1;1.373;
965;-4.888522601;41.68647628;0.1;False;ok;3;1;1.574;
966;-4.788522601;41.68647628;0.1;False;ok;2;1;1.397;
967;-4.688522601;41.68647628;0.1;False;ok;2;1;1.346;
968;-4.288522601;41.68647628;0.1;False;ok;1;1;1.244;
969;-4.088522601;41.68647628;0.1;False;ok;2;1;1.397;
970;-3.988522601;41.68647628;0.1;False;ok;8;1;1.142;
971;-3.888522601;41.68647628;0.1;False;ok;1;1;1.069;
972;-3.788522601;41.68647628;0.1;False;ok;4;1;0.815;
973;-3.688522601;41.68647628;0.1;False;ok;3;1;0.765;
974;-3.588522601;41.68647628;0.1;False;ok;5;1;0.751;
975;-3.488522601;41.68647628;0.1;False;ok;3;1;0.809;
976;-3.288522601;41.68647628;0.1;False;ok;1;1;0.999;
977;-3.088522601;41.68647628;0.1;False;ok;14;1;1.309;
978;-2.988522601;41.68647628;0.1;False;ok;4;1;1.286;
979;-2.888522601;41.68647628;0.1;False;ok;7;1;1.322;
980;-2.788522601;41.68647628;0.1;False;ok;2;1;1.465;
981;-2.588522601;41.68647628;0.1;False;ok;12;1;1.445;
982;-6.388522601;41.78647628;0.1;False;ok;1;1;1.405;
983;-6.188522601;41.78647628;0.1;False;ok;1;1;1.300;
984;-5.988522601;41.78647628;0.1;False;ok;4;1;1.555;
985;-5.788522601;41.78647628;0.1;False;ok;2;1;1.380;
986;-5.488522601;41.78647628;0.1;False;ok;6;1;1.474;
987;-5.388522601;41.78647628;0.1;False;ok;1;1;1.423;
988;-5.088522601;41.78647628;0.1;False;ok;5;1;1.457;
989;-4.688522601;41.78647628;0.1;False;ok;3;1;1.455;
990;-4.588522601;41.78647628;0.1;False;ok;7;1;1.511;
991;-3.788522601;41.78647628;0.1;False;ok;1;1;1.381;
992;-3.588522601;41.78647628;0.1;False;ok;7;1;1.370;
993;-3.488522601;41.78647628;0.1;False;ok;2;1;1.404;
994;-3.388522601;41.78647628;0.1;False;ok;4;1;1.204;
995;-3.288522601;41.78647628;0.1;False;ok;3;1;1.076;
996;-3.188522601;41.78647628;0.1;False;ok;6;1;0.934;
997;-3.088522601;41.78647628;0.1;False;ok;30;1;0.915;
998;-2.888522601;41.78647628;0.1;False;ok;2;1;0.826;
999;-2.788522601;41.78647628;0.1;False;ok;26;1;1.004;
1000;-2.688522601;41.78647628;0.1;False;ok;6;1;0.952;
1001;-2.588522601;41.78647628;0.1;False;ok;2;1;1.234;
1002;-6.588522601;41.88647628;0.1;True;ok;3;1;1.192;
1003;-6.388522601;41.88647628;0.1;False;ok;2;1;1.125;
1004;-6.288522601;41.88647628;0.1;False;ok;8;1;1.287;
1005;-6.088522601;41.88647628;0.1;False;ok;1;1;2.066;
1006;-5.688522601;41.88647628;0.1;False;ok;1;1;1.471;
1007;-5.288522601;41.88647628;0.1;False;ok;0;1;2.228;
1008;-5.188522601;41.88647628;0.1;False;ok;1;1;1.381;
1009;-5.088522601;41.88647628;0.1;False;ok;2;1;1.440;
1010;-4.788522601;41.88647628;0.1;False;ok;5;1;1.516;
1011;-4.588522601;41.88647628;0.1;False;ok;2;1;1.518;
1012;-4.488522601;41.88647628;0.1;False;ok;2;1;1.451;
1013;-4.288522601;41.88647628;0.1;False;ok;3;1;1.427;
1014;-3.688522601;41.88647628;0.1;False;ok;0;1;2.258;
1015;-3.588522601;41.88647628;0.1;False;ok;0;1;2.200;
1016;-3.488522601;41.88647628;0.1;False;ok;18;1;1.501;
1017;-3.388522601;41.88647628;0.1;False;ok;1;1;1.288;
1018;-3.088522601;41.88647628;0.1;False;ok;6;1;1.208;
1019;-2.988522601;41.88647628;0.1;False;ok;13;1;1.161;
1020;-2.888522601;41.88647628;0.1;False;ok;13;1;1.139;
1021;-2.788522601;41.88647628;0.1;False;ok;27;1;0.965;
1022;-2.688522601;41.88647628;0.1;False;ok;14;1;0.917;
1023;-2.588522601;41.88647628;0.1;False;ok;13;1;0.893;
1024;-6.688522601;41.98647628;0.1;False;ok;46;1;0.857;
1025;-6.588522601;41.98647628;0.1;False;ok;5;1;0.786;
1026;-6.488522601;41.98647628;0.1;False;ok;3;1;0.787;
1027;-6.388522601;41.98647628;0.1;False;ok;3;1;0.859;
1028;-6.188522601;41.98647628;0.1;False;ok;0;1;1.652;
1029;-6.088522601;41.98647628;0.1;False;ok;2;1;0.882;
1030;-5.788522601;41.98647628;0.1;False;ok;4;1;0.858;
1031;-5.688522601;41.98647628;0.1;False;ok;11;1;0.991;
1032;-5.488522601;41.98647628;0.1;False;ok;4;1;1.130;
1033;-5.288522601;41.98647628;0.1;False;ok;1;1;0.994;
1034;-4.988522601;41.98647628;0.1;False;ok;0;1;1.805;
1035;-4.588522601;41.98647628;0.1;False;ok;31;1;1.403;
1036;-4.388522601;41.98647628;0.1;False;ok;2;1;1.177;
1037;-4.288522601;41.98647628;0.1;False;ok;4;1;1.180;
1038;-4.188522601;41.98647628;0.1;False;ok;1;1;1.250;
1039;-4.088522601;41.98647628;0.1;False;ok;2;1;1.295;
1040;-3.988522601;41.98647628;0.1;False;ok;3;1;1.195;
1041;-3.788522601;41.98647628;0.1;False;ok;31;1;1.376;
1042;-3.688522601;41.98647628;0.1;False;ok;4;1;1.262;
1043;-3.588522601;41.98647628;0.1;False;ok;11;1;1.227;
1044;-3.488522601;41.98647628;0.1;False;ok;4;1;1.274;
1045;-3.388522601;41.98647628;0.1;False;ok;5;1;1.216;
1046;-3.288522601;41.98647628;0.1;False;ok;1;1;1.147;
1047;-3.088522601;41.98647628;0.1;False;ok;0;1;1.907;
1048;-2.588522601;41.98647628;0.1;False;ok;0;1;1.911;
1049;-6.688522601;42.08647628;0.1;False;ok;37;1;1.262;
1050;-6.388522601;42.08647628;0.1;False;ok;1;1;1.028;
1051;-6.188522601;42.08647628;0.1;False;ok;1;1;0.955;
1052;-6.088522601;42.08647628;0.1;False;ok;1;1;0.881;
1053;-5.888522601;42.08647628;0.1;False;ok;2;1;0.863;
1054;-5.788522601;42.08647628;0.1;False;ok;1;1;0.858;
1055;-5.188522601;42.08647628;0.1;False;ok;1;1;0.933;
1056;-5.088522601;42.08647628;0.1;False;ok;2;1;1.000;
1057;-4.788522601;42.08647628;0.1;False;ok;0;1;1.730;
1058;-4.688522601;42.08647628;0.1;False;ok;3;1;1.155;
1059;-4.588522601;42.08647628;0.1;False;ok;2;1;1.042;
1060;-4.488522601;42.08647628;0.1;False;ok;3;1;1.238;
1061;-3.588522601;42.08647628;0.1;False;ok;3;1;1.189;
1062;-3.288522601;42.08647628;0.1;False;ok;3;1;1.196;
1063;-3.188522601;42.08647628;0.1;False;ok;2;1;1.277;
1064;-2.888522601;42.08647628;0.1;False;ok;2;1;1.318;
1065;-2.788522601;42.08647628;0.1;False;ok;2;1;1.202;
1066;-2.688522601;42.08647628;0.1;False;ok;13;1;1.352;
1067;-2.588522601;42.08647628;0.1;False;ok;4;1;1.259;
1068;-5.988522601;42.18647628;0.1;False;ok;1;1;1.206;
1069;-5.888522601;42.18647628;0.1;False;ok;1;1;1.142;
1070;-5.488522601;42.18647628;0.1;False;ok;0;1;1.972;
1071;-4.488522601;42.18647628;0.1;False;ok;13;1;1.210;
1072;-4.388522601;42.18647628;0.1;False;ok;5;1;1.102;
1073;-3.988522601;42.18647628;0.1;False;ok;2;1;1.073;
1074;-3.788522601;42.18647628;0.1;False;ok;2;1;1.036;
1075;-3.588522601;42.18647628;0.1;False;ok;1;1;0.917;
1076;-3.388522601;42.18647628;0.1;False;ok;2;1;0.918;
1077;-3.088522601;42.18647628;0.1;False;ok;6;1;0.964;
1078;-2.888522601;42.18647628;0.1;False;ok;1;1;0.929;
1079;-2.788522601;42.18647628;0.1;False;ok;17;1;1.101;
1080;-2.688522601;42.18647628;0.1;False;ok;7;1;1.143;
1081;-2.588522601;42.18647628;0.1;False;ok;1;1;1.086;
1082;-6.688522601;42.28647628;0.1;False;ok;2;1;1.159;
1083;-6.388522601;42.28647628;0.1;False;ok;1;1;1.114;
1084;-6.288522601;42.28647628;0.1;False;ok;3;1;1.297;
1085;-6.188522601;42.28647628;0.1;False;ok;4;1;1.217;
1086;-5.988522601;42.28647628;0.1;False;ok;15;1;1.306;
1087;-5.788522601;42.28647628;0.1;False;ok;5;1;1.311;
1088;-5.588522601;42.28647628;0.1;False;ok;14;1;1.340;
1089;-5.488522601;42.28647628;0.1;False;ok;1;1;1.266;
1090;-5.288522601;42.28647628;0.1;False;ok;1;1;1.212;
1091;-5.088522601;42.28647628;0.1;False;ok;13;1;1.407;
1092;-4.988522601;42.28647628;0.1;False;ok;3;1;1.275;
1093;-4.888522601;42.28647628;0.1;False;ok;5;1;1.350;
1094;-4.688522601;42.28647628;0.1;False;ok;12;1;1.278;
1095;-4.588522601;42.28647628;0.1;False;ok;10;1;1.316;
1096;-4.288522601;42.28647628;0.1;False;ok;2;1;1.206;
1097;-4.188522601;42.28647628;0.1;False;ok;17;1;1.237;
1098;-4.088522601;42.28647628;0.1;False;ok;6;1;1.163;
1099;-3.988522601;42.28647628;0.1;False;ok;6;1;1.159;
1100;-3.888522601;42.28647628;0.1;False;ok;10;1;1.209;
1101;-3.738522601;42.28647628;0.05;False;ok;30;1;1.226;
1102;-3.788522601;42.33647628;0.05;False;ok;1;1;1.090;
1103;-3.738522601;42.33647628;0.025;False;ok;9;1;1.195;
1104;-3.713522601;42.33647628;0.0125;False;ok;75;1;1.331;
1105;-3.701022601;42.33647628;0.0125;False;ok;74;1;1.443;
1106;-3.738522601;42.36147628;0.025;False;ok;7;1;1.193;
1107;-3.713522601;42.36147628;0.025;False;ok;1;1;1.223;
1108;-3.688522601;42.28647628;0.1;False;ok;37;1;1.418;
1109;-3.588522601;42.28647628;0.1;False;ok;24;1;1.411;
1110;-3.488522601;42.28647628;0.1;False;ok;8;1;1.355;
1111;-3.288522601;42.28647628;0.1;False;ok;6;1;1.354;
1112;-3.188522601;42.28647628;0.1;False;ok;3;1;1.347;
1113;-3.088522601;42.28647628;0.1;False;ok;70;1;1.545;
1114;-2.988522601;42.28647628;0.1;False;ok;1;1;1.206;
1115;-2.888522601;42.28647628;0.1;False;ok;17;1;1.337;
1116;-2.788522601;42.28647628;0.1;False;ok;5;1;1.297;
1117;-2.688522601;42.28647628;0.1;False;ok;3;1;1.266;
1118;-2.588522601;42.28647628;0.1;False;ok;20;1;1.174;
1119;-6.588522601;42.38647628;0.1;False;ok;12;1;1.136;
1120;-6.288522601;42.38647628;0.1;False;ok;15;1;1.079;
1121;-6.188522601;42.38647628;0.1;False;ok;13;1;1.091;
1122;-6.088522601;42.38647628;0.1;False;ok;54;1;1.201;
1123;-5.988522601;42.38647628;0.1;False;ok;4;1;0.925;
1124;-5.888522601;42.38647628;0.1;False;ok;15;1;0.890;
1125;-5.688522601;42.38647628;0.1;False;ok;2;1;0.836;
1126;-5.588522601;42.38647628;0.1;False;ok;4;1;0.872;
1127;-5.488522601;42.38647628;0.1;False;ok;2;1;0.909;
1128;-5.388522601;42.38647628;0.1;False;ok;1;1;1.073;
1129;-5.288522601;42.38647628;0.1;False;ok;1;1;1.020;
1130;-5.188522601;42.38647628;0.1;False;ok;2;1;0.964;
1131;-4.488522601;42.38647628;0.1;False;ok;3;1;1.193;
1132;-4.388522601;42.38647628;0.1;False;ok;3;1;1.284;
1133;-4.288522601;42.38647628;0.1;False;ok;3;1;1.291;
1134;-4.088522601;42.38647628;0.1;False;ok;8;1;1.249;
1135;-3.788522601;42.38647628;0.1;False;ok;0;1;1.986;
1136;-3.688522601;42.38647628;0.1;False;ok;4;1;1.415;
1137;-3.588522601;42.38647628;0.1;False;ok;6;1;1.412;
1138;-3.488522601;42.38647628;0.1;False;ok;2;1;1.452;
1139;-3.388522601;42.38647628;0.1;False;ok;3;1;1.562;
1140;-3.288522601;42.38647628;0.1;False;ok;12;1;1.448;
1141;-3.188522601;42.38647628;0.1;False;ok;7;1;1.313;
1142;-3.088522601;42.38647628;0.1;False;ok;8;1;1.388;
1143;-2.988522601;42.38647628;0.1;False;ok;46;1;1.473;
1144;-2.888522601;42.38647628;0.1;False;ok;11;1;1.375;
1145;-2.788522601;42.38647628;0.1;False;ok;40;1;1.459;
1146;-2.688522601;42.38647628;0.1;False;ok;17;1;1.323;
1147;-2.588522601;42.38647628;0.1;False;ok;32;1;1.275;
1148;-6.688522601;42.48647628;0.1;False;ok;72;1;1.349;
1149;-6.588522601;42.48647628;0.1;False;ok;54;1;1.323;
1150;-6.488522601;42.48647628;0.1;False;ok;7;1;1.077;
1151;-6.388522601;42.48647628;0.1;False;ok;6;1;1.004;
1152;-6.188522601;42.48647628;0.1;False;ok;5;1;0.840;
1153;-6.088522601;42.48647628;0.1;False;ok;1;1;0.933;
1154;-5.988522601;42.48647628;0.1;False;ok;3;1;0.973;
1155;-5.888522601;42.48647628;0.1;False;ok;10;1;0.863;
1156;-5.788522601;42.48647628;0.1;False;ok;8;1;0.874;
1157;-5.688522601;42.48647628;0.1;False;ok;17;1;0.967;
1158;-5.588522601;42.48647628;0.1;False;ok;13;1;0.965;
1159;-5.488522601;42.48647628;0.1;False;ok;18;1;1.040;
1160;-4.788522601;42.48647628;0.1;False;ok;9;1;0.974;
1161;-4.488522601;42.48647628;0.1;False;ok;1;1;1.173;
1162;-4.388522601;42.48647628;0.1;False;ok;1;1;1.204;
1163;-4.088522601;42.48647628;0.1;False;ok;4;1;1.138;
1164;-3.788522601;42.48647628;0.1;False;ok;3;1;1.169;
1165;-3.388522601;42.48647628;0.1;False;ok;9;1;1.465;
1166;-3.288522601;42.48647628;0.1;False;ok;1;1;1.382;
1167;-3.088522601;42.48647628;0.1;False;ok;5;1;1.303;
1168;-2.988522601;42.48647628;0.1;False;ok;44;1;1.445;
1169;-2.888522601;42.48647628;0.1;False;ok;74;1;1.595;
1170;-2.788522601;42.48647628;0.1;False;ok;31;1;1.438;
1171;-2.688522601;42.48647628;0.1;False;ok;30;1;1.420;
1172;-2.588522601;42.48647628;0.1;False;ok;42;1;1.434;
1173;-6.688522601;42.58647628;0.1;False;ok;4;1;1.447;
1174;-6.588522601;42.58647628;0.1;False;ok;5;1;1.319;
1175;-6.488522601;42.58647628;0.1;False;ok;6;1;1.391;
1176;-6.388522601;42.58647628;0.1;False;ok;4;1;1.300;
1177;-6.288522601;42.58647628;0.1;False;ok;4;1;1.165;
1178;-6.188522601;42.58647628;0.1;False;ok;0;1;1.880;
1179;-5.988522601;42.58647628;0.1;False;ok;1;1;1.056;
1180;-5.888522601;42.58647628;0.1;False;ok;3;1;1.181;
1181;-5.688522601;42.58647628;0.1;False;ok;17;1;1.000;
1182;-5.588522601;42.58647628;0.0125;False;ok;20;1;1.059;
1183;-5.576022601;42.58647628;0.00625;False;ok;3;1;0.897;
1184;-5.569772601;42.58647628;0.00625;False;ok;14;1;0.985;
1185;-5.576022601;42.59272628;0.00625;False;ok;50;1;1.006;
1186;-5.569772601;42.59272628;0.00625;False;ok;75;1;1.086;
1187;-5.588522601;42.59897628;0.0125;False;ok;28;1;0.942;
1188;-5.576022601;42.59897628;0.0125;False;ok;74;1;1.156;
1189;-5.563522601;42.58647628;0.025;False;ok;34;1;1.100;
1190;-5.588522601;42.61147628;0.025;False;ok;6;1;1.129;
1191;-5.288522601;42.58647628;0.1;False;ok;0;1;1.876;
1192;-4.888522601;42.58647628;0.1;False;ok;1;1;1.036;
1193;-4.488522601;42.58647628;0.1;False;ok;1;1;1.163;
1194;-4.388522601;42.58647628;0.1;False;ok;3;1;1.222;
1195;-4.188522601;42.58647628;0.1;False;ok;2;1;1.425;
1196;-3.988522601;42.58647628;0.1;False;ok;1;1;1.187;
1197;-3.888522601;42.58647628;0.1;False;ok;1;1;1.184;
1198;-3.688522601;42.58647628;0.1;False;ok;0;1;1.921;
1199;-3.588522601;42.58647628;0.1;False;ok;2;1;1.091;
1200;-3.388522601;42.58647628;0.1;False;ok;4;1;1.119;
1201;-3.188522601;42.58647628;0.1;False;ok;6;1;1.155;
1202;-2.988522601;42.58647628;0.1;False;ok;7;1;1.247;
1203;-2.888522601;42.58647628;0.1;False;ok;19;1;1.200;
1204;-2.788522601;42.58647628;0.1;False;ok;3;1;1.028;
1205;-2.588522601;42.58647628;0.1;False;ok;6;1;1.029;
1206;-6.688522601;42.68647628;0.1;False;ok;27;1;0.988;
1207;-6.588522601;42.68647628;0.1;False;ok;4;1;0.875;
1208;-6.488522601;42.68647628;0.1;False;ok;5;1;0.922;
1209;-6.388522601;42.68647628;0.1;False;ok;2;1;0.871;
1210;-6.288522601;42.68647628;0.1;False;ok;4;1;0.978;
1211;-6.088522601;42.68647628;0.1;False;ok;7;1;1.043;
1212;-5.988522601;42.68647628;0.1;False;ok;5;1;0.932;
1213;-5.888522601;42.68647628;0.1;False;ok;2;1;0.987;
1214;-5.788522601;42.68647628;0.1;False;ok;3;1;1.061;
1215;-5.588522601;42.68647628;0.1;False;ok;3;1;0.996;
1216;-5.388522601;42.68647628;0.1;False;ok;3;1;1.058;
1217;-4.488522601;42.68647628;0.1;False;ok;2;1;1.115;
1218;-4.388522601;42.68647628;0.1;False;ok;0;1;1.894;
1219;-4.288522601;42.68647628;0.1;False;ok;7;1;1.207;
1220;-4.188522601;42.68647628;0.1;False;ok;4;1;1.261;
1221;-4.088522601;42.68647628;0.1;False;ok;2;1;1.223;
1222;-3.988522601;42.68647628;0.1;False;ok;1;1;1.171;
1223;-3.888522601;42.68647628;0.1;False;ok;2;1;1.295;
1224;-3.788522601;42.68647628;0.1;False;ok;1;1;1.253;
1225;-3.488522601;42.68647628;0.1;False;ok;7;1;1.338;
1226;-3.388522601;42.68647628;0.1;False;ok;9;1;1.357;
1227;-3.288522601;42.68647628;0.1;False;ok;4;1;1.297;
1228;-3.188522601;42.68647628;0.1;False;ok;2;1;1.272;
1229;-3.088522601;42.68647628;0.1;False;ok;3;1;1.261;
1230;-2.988522601;42.68647628;0.1;False;ok;7;1;1.307;
1231;-2.888522601;42.68647628;0.1;False;ok;7;1;1.249;
1232;-6.688522601;42.78647628;0.1;False;ok;1;1;1.144;
1233;-6.388522601;42.78647628;0.1;False;ok;1;1;1.144;
1234;-6.288522601;42.78647628;0.1;False;ok;2;1;1.198;
1235;-6.188522601;42.78647628;0.1;False;ok;1;1;1.114;
1236;-5.988522601;42.78647628;0.1;False;ok;1;1;1.089;
1237;-5.888522601;42.78647628;0.1;False;ok;3;1;1.078;
1238;-5.788522601;42.78647628;0.1;False;ok;8;1;0.959;
1239;-5.688522601;42.78647628;0.1;False;ok;15;1;0.954;
1240;-5.588522601;42.78647628;0.1;False;ok;5;1;1.075;
1241;-5.488522601;42.78647628;0.1;False;ok;5;1;0.935;
1242;-5.388522601;42.78647628;0.1;False;ok;10;1;1.074;
1243;-5.288522601;42.78647628;0.1;False;ok;2;1;1.048;
1244;-5.188522601;42.78647628;0.1;False;ok;17;1;1.349;
1245;-4.988522601;42.78647628;0.1;False;ok;5;1;1.183;
1246;-4.888522601;42.78647628;0.1;False;ok;11;1;1.349;
1247;-4.788522601;42.78647628;0.1;False;ok;4;1;1.316;
1248;-4.688522601;42.78647628;0.1;False;ok;7;1;1.365;
1249;-4.588522601;42.78647628;0.1;False;ok;10;1;1.398;
1250;-4.488522601;42.78647628;0.1;False;ok;2;1;1.298;
1251;-4.388522601;42.78647628;0.1;False;ok;5;1;1.367;
1252;-4.288522601;42.78647628;0.1;False;ok;20;1;1.404;
1253;-4.088522601;42.78647628;0.1;False;ok;4;1;1.375;
1254;-3.988522601;42.78647628;0.1;False;ok;10;1;1.399;
1255;-3.888522601;42.78647628;0.1;False;ok;9;1;1.459;
1256;-3.788522601;42.78647628;0.1;False;ok;9;1;1.345;
1257;-3.688522601;42.78647628;0.1;False;ok;7;1;1.276;
1258;-3.488522601;42.78647628;0.1;False;ok;7;1;1.292;
1259;-3.388522601;42.78647628;0.1;False;ok;4;1;1.163;
1260;-3.288522601;42.78647628;0.1;False;ok;5;1;1.200;
1261;-3.088522601;42.78647628;0.1;False;ok;5;1;1.119;
1262;-2.988522601;42.78647628;0.1;False;ok;7;1;1.119;
1263;-2.788522601;42.78647628;0.1;False;ok;12;1;1.100;
1264;-2.688522601;42.78647628;0.1;False;ok;54;1;1.057;
1265;-2.588522601;42.78647628;0.1;False;ok;1;1;1.073;
1266;-6.588522601;42.88647628;0.1;False;ok;3;1;0.930;
1267;-6.388522601;42.88647628;0.1;False;ok;26;1;1.142;
1268;-6.288522601;42.88647628;0.1;False;ok;7;1;1.137;
1269;-6.188522601;42.88647628;0.1;False;ok;4;1;1.137;
1270;-6.088522601;42.88647628;0.1;False;ok;8;1;1.241;
1271;-5.988522601;42.88647628;0.1;False;ok;3;1;1.287;
1272;-5.888522601;42.88647628;0.1;False;ok;3;1;1.295;
1273;-5.788522601;42.88647628;0.1;False;ok;2;1;1.401;
1274;-5.688522601;42.88647628;0.1;False;ok;5;1;1.415;
1275;-5.588522601;42.88647628;0.1;False;ok;4;1;1.288;
1276;-5.488522601;42.88647628;0.1;False;ok;4;1;1.395;
1277;-5.288522601;42.88647628;0.1;False;ok;2;1;1.469;
1278;-5.188522601;42.88647628;0.1;False;ok;10;1;1.395;
1279;-5.088522601;42.88647628;0.1;False;ok;21;1;1.507;
1280;-4.988522601;42.88647628;0.1;False;ok;9;1;1.393;
1281;-4.888522601;42.88647628;0.1;False;ok;3;1;1.329;
1282;-4.788522601;42.88647628;0.1;False;ok;12;1;1.323;
1283;-4.688522601;42.88647628;0.1;False;ok;6;1;1.226;
1284;-4.588522601;42.88647628;0.1;False;ok;1;1;1.140;
1285;-4.488522601;42.88647628;0.1;False;ok;5;1;1.188;
1286;-4.388522601;42.88647628;0.1;False;ok;9;1;1.119;
1287;-4.288522601;42.88647628;0.1;False;ok;4;1;1.025;
1288;-4.188522601;42.88647628;0.1;False;ok;3;1;0.953;
1289;-4.088522601;42.88647628;0.1;False;ok;7;1;0.993;
1290;-3.988522601;42.88647628;0.1;False;ok;5;1;1.067;
1291;-3.888522601;42.88647628;0.1;False;ok;5;1;1.004;
1292;-3.788522601;42.88647628;0.1;False;ok;3;1;1.005;
1293;-3.688522601;42.88647628;0.1;False;ok;10;1;1.030;
1294;-3.588522601;42.88647628;0.1;False;ok;29;1;1.213;
1295;-3.488522601;42.88647628;0.1;False;ok;20;1;1.244;
1296;-3.288522601;42.88647628;0.1;False;ok;1;1;1.064;
1297;-3.088522601;42.88647628;0.1;False;ok;1;1;1.301;
1298;-2.988522601;42.88647628;0.1;False;ok;5;1;1.311;
1299;-2.888522601;42.88647628;0.1;False;ok;9;1;1.251;
1300;-2.788522601;42.88647628;0.1;False;ok;5;1;1.348;
1301;-2.688522601;42.88647628;0.1;False;ok;6;1;1.367;
1302;-2.588522601;42.88647628;0.1;False;ok;4;1;1.328;
1303;-6.688522601;42.98647628;0.1;False;ok;18;1;1.376;
1304;-6.588522601;42.98647628;0.1;False;ok;1;1;1.225;
1305;-6.488522601;42.98647628;0.1;False;ok;1;1;1.290;
1306;-6.288522601;42.98647628;0.1;False;ok;16;1;1.368;
1307;-6.188522601;42.98647628;0.1;False;ok;1;1;1.362;
1308;-6.088522601;42.98647628;0.1;False;ok;3;1;1.198;
1309;-5.988522601;42.98647628;0.1;False;ok;2;1;1.285;
1310;-5.888522601;42.98647628;0.1;False;ok;5;1;1.176;
1311;-5.788522601;42.98647628;0.1;False;ok;10;1;1.136;
1312;-5.388522601;42.98647628;0.1;False;ok;11;1;1.206;
1313;-5.288522601;42.98647628;0.1;False;ok;18;1;1.070;
1314;-5.188522601;42.98647628;0.1;False;ok;8;1;1.080;
1315;-5.088522601;42.98647628;0.1;False;ok;2;1;1.000;
1316;-4.988522601;42.98647628;0.1;False;ok;6;1;0.965;
1317;-4.888522601;42.98647628;0.1;False;ok;4;1;1.115;
1318;-4.688522601;42.98647628;0.1;False;ok;4;1;1.183;
1319;-4.588522601;42.98647628;0.1;False;ok;12;1;1.296;
1320;-4.488522601;42.98647628;0.1;False;ok;3;1;1.256;
1321;-4.388522601;42.98647628;0.1;False;ok;5;1;1.399;
1322;-4.288522601;42.98647628;0.1;False;ok;18;1;1.380;
1323;-4.188522601;42.98647628;0.1;False;ok;25;1;1.376;
1324;-4.088522601;42.98647628;0.1;False;ok;9;1;1.350;
1325;-3.988522601;42.98647628;0.1;False;ok;11;1;1.409;
1326;-3.888522601;42.98647628;0.1;False;ok;3;1;1.317;
1327;-3.788522601;42.98647628;0.1;False;ok;4;1;1.344;
1328;-3.688522601;42.98647628;0.1;False;ok;7;1;1.366;
1329;-3.588522601;42.98647628;0.1;False;ok;20;1;1.466;
1330;-3.488522601;42.98647628;0.1;False;ok;3;1;1.370;
1331;-3.388522601;42.98647628;0.1;False;ok;5;1;1.356;
1332;-3.288522601;42.98647628;0.1;False;ok;3;1;1.304;
1333;-3.188522601;42.98647628;0.1;False;ok;2;1;1.352;
1334;-3.088522601;42.98647628;0.1;False;ok;15;1;1.332;
1335;-2.988522601;42.98647628;0.1;False;ok;8;1;1.222;
1336;-2.788522601;42.98647628;0.1;False;ok;2;1;1.130;
1337;-2.688522601;42.98647628;0.1;False;ok;4;1;1.092;
1338;-2.588522601;42.98647628;0.1;False;ok;11;1;1.040;
1339;-6.688522601;43.08647628;0.1;False;ok;2;1;0.840;
1340;-6.588522601;43.08647628;0.1;False;ok;33;1;1.083;
1341;-6.388522601;43.08647628;0.1;False;ok;5;1;1.281;
1342;-6.288522601;43.08647628;0.1;False;ok;22;1;1.207;
1343;-6.188522601;43.08647628;0.1;False;ok;10;1;1.222;
1344;-6.088522601;43.08647628;0.1;False;ok;21;1;1.293;
1345;-5.988522601;43.08647628;0.1;False;ok;12;1;1.299;
1346;-5.888522601;43.08647628;0.1;False;ok;26;1;1.396;
1347;-5.788522601;43.08647628;0.1;False;ok;7;1;1.379;
1348;-5.688522601;43.08647628;0.1;False;ok;18;1;1.440;
1349;-5.588522601;43.08647628;0.1;False;ok;39;1;1.507;
1350;-5.488522601;43.08647628;0.1;False;ok;6;1;1.489;
1351;-5.388522601;43.08647628;0.1;False;ok;10;1;1.482;
1352;-5.188522601;43.08647628;0.1;False;ok;4;1;1.435;
1353;-5.088522601;43.08647628;0.1;False;ok;4;1;1.347;
1354;-4.988522601;43.08647628;0.1;False;ok;10;1;1.596;
1355;-4.888522601;43.08647628;0.1;False;ok;9;1;1.429;
1356;-4.788522601;43.08647628;0.1;False;ok;39;1;1.517;
1357;-4.688522601;43.08647628;0.1;False;ok;75;1;1.611;
1358;-4.588522601;43.08647628;0.1;False;ok;31;1;1.351;
1359;-4.488522601;43.08647628;0.1;False;ok;6;1;1.302;
1360;-4.388522601;43.08647628;0.1;False;ok;6;1;1.234;
1361;-4.288522601;43.08647628;0.1;False;ok;8;1;1.170;
1362;-4.088522601;43.08647628;0.1;False;ok;16;1;1.072;
1363;-3.988522601;43.08647628;0.1;False;ok;8;1;0.954;
1364;-3.788522601;43.08647628;0.1;False;ok;8;1;1.013;
1365;-3.688522601;43.08647628;0.1;False;ok;3;1;0.906;
1366;-3.588522601;43.08647628;0.1;False;ok;10;1;0.886;
1367;-3.488522601;43.08647628;0.1;False;ok;5;1;0.906;
1368;-3.388522601;43.08647628;0.1;False;ok;8;1;0.978;
1369;-3.288522601;43.08647628;0.1;False;ok;4;1;1.070;
1370;-3.188522601;43.08647628;0.1;False;ok;4;1;1.064;
1371;-3.088522601;43.08647628;0.1;False;ok;4;1;1.225;
1372;-2.988522601;43.08647628;0.1;False;ok;19;1;1.209;
1373;-2.888522601;43.08647628;0.1;False;ok;9;1;1.144;
1374;-2.788522601;43.08647628;0.1;False;ok;14;1;1.233;
1375;-2.688522601;43.08647628;0.1;False;ok;22;1;1.420;
1376;-2.588522601;43.08647628;0.1;False;ok;11;1;1.367;
1377;-6.688522601;43.18647628;0.1;False;ok;3;1;1.361;
1378;-6.588522601;43.18647628;0.1;False;ok;4;1;1.426;
1379;-6.388522601;43.18647628;0.1;False;ok;2;1;1.396;
1380;-6.288522601;43.18647628;0.1;False;ok;8;1;1.429;
1381;-6.088522601;43.18647628;0.1;False;ok;22;1;1.469;
1382;-5.988522601;43.18647628;0.1;False;ok;6;1;1.513;
1383;-5.888522601;43.18647628;0.1;False;ok;20;1;1.447;
1384;-5.788522601;43.18647628;0.1;False;ok;29;1;1.421;
1385;-5.688522601;43.18647628;0.1;False;ok;22;1;1.436;
1386;-5.588522601;43.18647628;0.1;False;ok;18;1;1.384;
1387;-5.488522601;43.18647628;0.1;False;ok;24;1;1.393;
1388;-5.388522601;43.18647628;0.1;False;ok;4;1;1.194;
1389;-5.288522601;43.18647628;0.1;False;ok;11;1;1.273;
1390;-5.188522601;43.18647628;0.1;False;ok;16;1;1.157;
1391;-5.088522601;43.18647628;0.1;False;ok;0;1;1.764;
1392;-4.988522601;43.18647628;0.1;False;ok;5;1;1.066;
1393;-4.888522601;43.18647628;0.1;False;ok;5;1;1.049;
1394;-4.788522601;43.18647628;0.1;False;ok;12;1;0.909;
1395;-4.688522601;43.18647628;0.1;False;ok;19;1;1.046;
1396;-4.588522601;43.18647628;0.1;False;ok;10;1;0.951;
1397;-4.488522601;43.18647628;0.1;False;ok;20;1;0.968;
1398;-4.388522601;43.18647628;0.1;False;ok;18;1;1.088;
1399;-4.288522601;43.18647628;0.1;False;ok;16;1;1.032;
1400;-4.188522601;43.18647628;0.1;False;ok;10;1;1.071;
1401;-4.088522601;43.18647628;0.1;False;ok;29;1;1.340;
1402;-3.988522601;43.18647628;0.1;False;ok;30;1;1.420;
1403;-3.888522601;43.18647628;0.1;False;ok;57;1;1.481;
1404;-3.788522601;43.18647628;0.1;False;ok;26;1;1.354;
1405;-3.688522601;43.18647628;0.1;False;ok;23;1;1.300;
1406;-3.588522601;43.18647628;0.1;False;ok;15;1;1.312;
1407;-3.488522601;43.18647628;0.1;False;ok;39;1;1.434;
1408;-3.388522601;43.18647628;0.1;False;ok;12;1;1.403;
1409;-3.288522601;43.18647628;0.1;False;ok;8;1;1.324;
1410;-3.188522601;43.18647628;0.1;False;ok;18;1;1.372;
1411;-3.088522601;43.18647628;0.1;False;ok;5;1;1.217;
1412;-2.988522601;43.18647628;0.05;False;ok;1;1;1.201;
1413;-2.938522601;43.18647628;0.05;False;ok;5;1;1.274;
1414;-2.988522601;43.23647628;0.05;False;ok;75;1;1.444;
1415;-2.926022601;43.23647628;0.0125;False;ok;10;1;1.156;
1416;-2.938522601;43.24897628;0.0125;False;ok;74;1;1.345;
1417;-2.926022601;43.24897628;0.00625;False;ok;33;1;1.097;
1418;-2.919772601;43.24897628;0.00625;False;ok;19;1;1.028;
1419;-2.926022601;43.25522628;0.00625;False;ok;75;1;1.090;
1420;-2.919772601;43.25522628;0.00625;False;ok;44;1;1.032;
1421;-2.913522601;43.23647628;0.025;False;ok;40;1;0.964;
1422;-2.938522601;43.26147628;0.0125;False;ok;75;1;1.152;
1423;-2.926022601;43.26147628;0.0125;False;ok;74;1;1.144;
1424;-2.926022601;43.27397628;0.0125;False;ok;1;1;0.856;
1425;-2.913522601;43.26147628;0.025;False;ok;6;1;0.967;
1426;-2.888522601;43.18647628;0.1;False;ok;20;1;1.227;
1427;-2.788522601;43.18647628;0.1;False;ok;8;1;1.108;
1428;-2.688522601;43.18647628;0.1;False;ok;9;1;1.309;
1429;-2.588522601;43.18647628;0.1;False;ok;16;1;1.294;
1430;-6.588522601;43.28647628;0.1;False;ok;2;1;1.219;
1431;-6.488522601;43.28647628;0.1;False;ok;10;1;1.222;
1432;-6.388522601;43.28647628;0.1;False;ok;0;1;1.970;
1433;-6.288522601;43.28647628;0.1;False;ok;11;1;1.193;
1434;-6.188522601;43.28647628;0.1;False;ok;5;1;1.179;
1435;-6.088522601;43.28647628;0.1;False;ok;9;1;1.253;
1436;-5.988522601;43.28647628;0.1;False;ok;16;1;1.224;
1437;-5.888522601;43.28647628;0.05;False;ok;2;1;1.205;
1438;-5.838522601;43.28647628;0.05;False;ok;2;1;1.143;
1439;-5.888522601;43.33647628;0.025;False;ok;11;1;1.192;
1440;-5.863522601;43.33647628;0.025;False;ok;75;1;1.412;
1441;-5.888522601;43.36147628;0.025;False;ok;24;1;1.089;
1442;-5.863522601;43.36147628;0.0125;False;ok;75;1;1.233;
1443;-5.851022601;43.36147628;0.0125;False;ok;73;1;1.308;
1444;-5.863522601;43.37397628;0.0125;False;ok;3;1;1.051;
1445;-5.851022601;43.37397628;0.0125;False;ok;3;1;0.987;
1446;-5.838522601;43.33647628;0.05;False;ok;73;1;1.177;
1447;-5.788522601;43.28647628;0.1;False;ok;21;1;1.052;
1448;-5.688522601;43.28647628;0.1;False;ok;23;1;1.142;
1449;-5.588522601;43.28647628;0.1;False;ok;32;1;1.166;
1450;-5.488522601;43.28647628;0.1;False;ok;32;1;1.126;
1451;-5.388522601;43.28647628;0.1;False;ok;58;1;1.227;
1452;-5.288522601;43.28647628;0.1;False;ok;54;1;1.174;
1453;-5.188522601;43.28647628;0.05;False;ok;9;1;1.052;
1454;-5.138522601;43.28647628;0.05;False;ok;24;1;1.102;
1455;-5.188522601;43.33647628;0.05;False;ok;58;1;1.257;
1456;-5.138522601;43.33647628;0.0125;False;ok;39;1;1.201;
1457;-5.126022601;43.33647628;0.0125;False;ok;4;1;1.256;
1458;-5.138522601;43.34897628;0.0125;False;ok;75;1;1.362;
1459;-5.126022601;43.34897628;0.0125;False;ok;26;1;1.189;
1460;-5.113522601;43.33647628;0.025;False;ok;41;1;1.197;
1461;-5.138522601;43.36147628;0.025;False;ok;2;1;1.188;
1462;-5.088522601;43.28647628;0.1;False;ok;75;1;1.318;
1463;-4.988522601;43.28647628;0.1;False;ok;72;1;1.294;
1464;-4.888522601;43.28647628;0.1;False;ok;75;1;1.372;
1465;-4.788522601;43.28647628;0.1;False;ok;21;1;1.140;
1466;-4.688522601;43.28647628;0.1;False;ok;39;1;1.227;
1467;-4.588522601;43.28647628;0.1;False;ok;74;1;1.250;
1468;-4.488522601;43.28647628;0.1;False;ok;75;1;1.284;
1469;-4.388522601;43.28647628;0.1;False;ok;73;1;1.394;
1470;-4.288522601;43.28647628;0.1;False;ok;75;1;1.362;
1471;-4.188522601;43.28647628;0.1;False;ok;74;1;1.319;
1472;-4.088522601;43.28647628;0.1;False;ok;74;1;1.320;
1473;-3.988522601;43.28647628;0.1;False;ok;55;1;1.240;
1474;-3.888522601;43.28647628;0.1;False;ok;69;1;1.157;
1475;-3.788522601;43.28647628;0.1;False;ok;75;1;1.155;
1476;-3.688522601;43.28647628;0.1;False;ok;28;1;1.052;
1477;-3.588522601;43.28647628;0.1;False;ok;47;1;1.115;
1478;-3.488522601;43.28647628;0.1;False;ok;58;1;1.204;
1479;-3.388522601;43.28647628;0.1;False;ok;13;1;0.939;
1480;-3.288522601;43.28647628;0.1;False;ok;75;1;1.136;
1481;-3.188522601;43.28647628;0.1;False;ok;16;1;1.015;
1482;-3.088522601;43.28647628;0.1;False;ok;75;1;1.210;
1483;-2.988522601;43.28647628;0.1;False;ok;55;1;1.093;
1484;-2.888522601;43.28647628;0.1;False;ok;35;1;0.997;
1485;-2.788522601;43.28647628;0.1;False;ok;36;1;0.895;
1486;-2.688522601;43.28647628;0.1;False;ok;66;1;1.019;
1487;-2.588522601;43.28647628;0.1;False;ok;63;1;1.004;
1488;-6.688522601;43.38647628;0.1;False;ok;3;1;0.927;
1489;-6.588522601;43.38647628;0.1;False;ok;7;1;1.074;
1490;-6.488522601;43.38647628;0.1;False;ok;11;1;1.107;
1491;-6.388522601;43.38647628;0.1;False;ok;9;1;1.057;
1492;-6.288522601;43.38647628;0.1;False;ok;15;1;1.117;
1493;-6.188522601;43.38647628;0.1;False;ok;17;1;1.138;
1494;-6.088522601;43.38647628;0.1;False;ok;18;1;1.188;
1495;-5.988522601;43.38647628;0.1;False;ok;4;1;1.201;
1496;-5.888522601;43.38647628;0.1;False;ok;17;1;1.179;
1497;-5.788522601;43.38647628;0.1;False;ok;24;1;1.301;
1498;-5.688522601;43.38647628;0.1;False;ok;30;1;1.268;
1499;-5.588522601;43.38647628;0.1;False;ok;18;1;1.260;
1500;-5.488522601;43.38647628;0.1;False;ok;74;1;1.364;
1501;-5.388522601;43.38647628;0.1;False;ok;27;1;1.325;
1502;-5.288522601;43.38647628;0.1;False;ok;73;1;1.439;
1503;-5.188522601;43.38647628;0.1;False;ok;73;1;1.419;
1504;-5.088522601;43.38647628;0.1;False;ok;75;1;1.456;
1505;-4.988522601;43.38647628;0.1;False;ok;75;1;1.449;
1506;-4.888522601;43.38647628;0.05;False;ok;72;1;1.392;
1507;-4.838522601;43.38647628;0.05;False;ok;71;1;1.383;
1508;-4.888522601;43.43647628;0.05;False;ok;14;1;1.258;
1509;-4.788522601;43.38647628;0.025;False;ok;36;1;1.259;
1510;-4.763522601;43.38647628;0.025;False;ok;38;1;1.292;
1511;-4.788522601;43.41147628;0.025;False;ok;67;1;1.331;
1512;-4.763522601;43.41147628;0.0125;False;ok;75;1;1.366;
1513;-4.751022601;43.41147628;0.0125;False;ok;17;1;1.214;
1514;-4.763522601;43.42397628;0.0125;False;ok;7;1;1.180;
1515;-4.738522601;43.38647628;0.05;False;ok;47;1;1.268;
1516;-4.688522601;43.38647628;0.1;False;ok;36;1;1.158;
1517;-4.588522601;43.38647628;0.1;False;ok;30;1;1.086;
1518;-4.488522601;43.38647628;0.1;False;ok;47;1;1.105;
1519;-4.388522601;43.38647628;0.1;False;ok;75;1;1.202;
1520;-4.288522601;43.38647628;0.1;False;ok;54;1;0.996;
1521;-4.188522601;43.38647628;0.1;False;ok;74;1;1.083;
1522;-4.088522601;43.38647628;0.05;False;ok;74;1;1.090;
1523;-4.038522601;43.38647628;0.05;False;ok;74;1;1.125;
1524;-4.088522601;43.43647628;0.05;False;ok;16;1;1.017;
1525;-4.038522601;43.43647628;0.05;False;ok;11;1;0.997;
1526;-3.988522601;43.38647628;0.1;False;ok;74;1;1.189;
1527;-3.888522601;43.38647628;0.05;False;ok;28;1;1.045;
1528;-3.838522601;43.38647628;0.05;False;ok;26;1;1.029;
1529;-3.888522601;43.43647628;0.05;False;ok;58;1;1.238;
1530;-3.838522601;43.43647628;0.025;False;ok;75;1;1.306;
1531;-3.813522601;43.43647628;0.025;False;ok;48;1;1.375;
1532;-3.838522601;43.46147628;0.025;False;ok;69;1;1.341;
1533;-3.813522601;43.46147628;0.025;False;ok;72;1;1.467;
1534;-3.788522601;43.38647628;0.05;False;ok;15;1;1.258;
1535;-3.738522601;43.38647628;0.05;False;ok;42;1;1.285;
1536;-3.788522601;43.43647628;0.05;False;ok;71;1;1.532;
1537;-3.738522601;43.43647628;0.05;False;ok;73;1;1.356;
1538;-3.688522601;43.38647628;0.1;False;ok;73;1;1.397;
1539;-3.588522601;43.38647628;0.05;False;ok;16;1;1.248;
1540;-3.538522601;43.38647628;0.05;False;ok;26;1;1.211;
1541;-3.588522601;43.43647628;0.05;False;ok;56;1;1.314;
1542;-3.538522601;43.43647628;0.05;False;ok;74;1;1.353;
1543;-3.488522601;43.38647628;0.1;False;ok;74;1;1.399;
1544;-3.388522601;43.38647628;0.1;False;ok;19;1;1.170;
1545;-3.288522601;43.38647628;0.1;False;ok;12;1;1.096;
1546;-3.088522601;43.38647628;0.1;False;ok;9;1;1.086;
1547;-2.988522601;43.38647628;0.1;False;ok;35;1;1.085;
1548;-2.888522601;43.38647628;0.1;False;ok;32;1;1.030;
1549;-2.788522601;43.38647628;0.1;False;ok;75;1;0.968;
1550;-2.688522601;43.38647628;0.1;False;ok;25;1;0.881;
1551;-6.688522601;43.48647628;0.1;False;ok;31;1;0.894;
1552;-6.588522601;43.48647628;0.1;False;ok;72;1;0.971;
1553;-6.488522601;43.48647628;0.1;False;ok;36;1;0.878;
1554;-6.388522601;43.48647628;0.1;False;ok;20;1;0.878;
1555;-6.288522601;43.48647628;0.1;False;ok;65;1;1.171;
1556;-6.188522601;43.48647628;0.1;False;ok;75;1;1.259;
1557;-6.088522601;43.48647628;0.1;False;ok;57;1;1.139;
1558;-5.988522601;43.48647628;0.1;False;ok;74;1;1.308;
1559;-5.888522601;43.48647628;0.1;False;ok;20;1;1.191;
1560;-5.788522601;43.48647628;0.1;False;ok;68;1;1.368;
1561;-5.688522601;43.48647628;0.05;False;ok;75;1;1.493;
1562;-5.638522601;43.48647628;0.05;False;ok;24;1;1.322;
1563;-5.688522601;43.53647628;0.025;False;ok;75;1;1.533;
1564;-5.663522601;43.53647628;0.00625;False;ok;75;1;1.411;
1565;-5.657272601;43.53647628;0.00625;False;ok;75;1;1.469;
1566;-5.663522601;43.54272628;0.00625;False;ok;50;1;1.358;
1567;-5.651022601;43.53647628;0.0125;False;ok;74;1;1.402;
1568;-5.638522601;43.53647628;0.05;False;ok;17;1;1.378;
1569;-5.588522601;43.48647628;0.1;False;ok;50;1;1.344;
1570;-5.488522601;43.48647628;0.1;False;ok;58;1;1.336;
1571;-5.388522601;43.48647628;0.1;False;ok;46;1;1.265;
1572;-5.288522601;43.48647628;0.1;False;ok;55;1;1.286;
1573;-3.688522601;43.48647628;0.1;False;ok;24;1;1.177;
1574;-3.588522601;43.48647628;0.05;False;ok;75;1;1.218;
1575;-3.538522601;43.48647628;0.05;False;ok;43;1;1.132;
1576;-5.988522601;43.58647628;0.1;False;ok;6;1;0.876;
1577;-5.888522601;43.58647628;0.1;False;ok;74;1;1.025;
1578;-5.788522601;43.58647628;0.1;False;ok;35;1;0.908;
1579;-2.514401691;41.68647628;0.1;False;ok;75;1;0.992;
1580;-2.414401691;41.68647628;0.1;False;ok;2;1;0.723;
1581;-2.214401691;41.68647628;0.1;False;ok;0;1;1.455;
1582;-2.114401691;41.68647628;0.1;False;ok;2;1;0.951;
1583;-2.014401691;41.68647628;0.1;False;ok;5;1;0.954;
1584;-1.814401691;41.68647628;0.1;False;ok;3;1;1.087;
1585;-1.714401691;41.68647628;0.1;False;ok;2;1;1.063;
1586;-1.314401691;41.68647628;0.1;False;ok;2;1;1.171;
1587;-1.214401691;41.68647628;0.1;False;ok;1;1;1.169;
1588;-1.114401691;41.68647628;0.1;False;ok;4;1;1.306;
1589;-1.014401691;41.68647628;0.1;False;ok;9;1;1.270;
1590;-0.914401691;41.68647628;0.1;False;ok;6;1;1.493;
1591;-0.414401691;41.68647628;0.1;False;ok;1;1;1.225;
1592;0.085598309;41.68647628;0.1;False;ok;3;1;1.284;
1593;0.485598309;41.68647628;0.1;False;ok;1;1;1.283;
1594;0.685598309;41.68647628;0.1;False;ok;3;1;1.260;
1595;0.785598309;41.68647628;0.1;False;ok;4;1;1.361;
1596;0.885598309;41.68647628;0.1;False;ok;10;1;1.347;
1597;0.985598309;41.68647628;0.1;False;ok;1;1;1.175;
1598;1.085598309;41.68647628;0.1;False;ok;9;1;1.254;
1599;1.185598309;41.68647628;0.1;False;ok;6;1;1.279;
1600;1.285598309;41.68647628;0.1;False;ok;2;1;1.153;
1601;1.385598309;41.68647628;0.1;False;ok;5;1;1.018;
1602;1.485598309;41.68647628;0.1;False;ok;5;1;1.009;
1603;1.585598309;41.68647628;0.1;False;ok;5;1;0.976;
1604;1.785598309;41.68647628;0.1;False;ok;41;1;1.116;
1605;1.885598309;41.68647628;0.1;False;ok;9;1;0.971;
1606;1.985598309;41.68647628;0.1;False;ok;5;1;1.073;
1607;2.085598309;41.68647628;0.1;False;ok;6;1;1.048;
1608;2.185598309;41.68647628;0.1;False;ok;16;1;1.190;
1609;2.285598309;41.68647628;0.1;False;ok;10;1;1.182;
1610;2.385598309;41.68647628;0.1;False;ok;24;1;1.371;
1611;2.485598309;41.68647628;0.1;False;ok;18;1;1.239;
1612;2.585598309;41.68647628;0.1;False;ok;16;1;1.308;
1613;2.685598309;41.68647628;0.1;False;ok;72;1;1.423;
1614;2.785598309;41.68647628;0.025;False;ok;11;1;1.324;
1615;2.810598309;41.68647628;0.0125;False;ok;15;1;1.344;
1616;2.823098309;41.68647628;0.00625;False;ok;0;1;2.013;
1617;2.823098309;41.69272628;0.00625;False;ok;72;1;1.479;
1618;2.829348309;41.69272628;0.00625;False;ok;70;1;1.449;
1619;2.810598309;41.69897628;0.0125;False;ok;7;1;1.281;
1620;2.823098309;41.69897628;0.0125;False;ok;33;1;1.445;
1621;2.785598309;41.71147628;0.025;False;ok;3;1;1.282;
1622;2.810598309;41.71147628;0.025;False;ok;25;1;1.319;
1623;2.835598309;41.68647628;0.0125;False;ok;69;1;1.386;
1624;2.835598309;41.69897628;0.0125;False;ok;71;1;1.296;
1625;2.848098309;41.69897628;0.00625;False;ok;75;1;1.388;
1626;2.854348309;41.69897628;0.00625;False;ok;60;1;1.189;
1627;2.848098309;41.70522628;0.00625;False;ok;2;1;1.082;
1628;2.854348309;41.70522628;0.00625;False;ok;17;1;0.986;
1629;2.860598309;41.69897628;0.0125;False;ok;34;1;0.984;
1630;2.873098309;41.69897628;0.00625;False;ok;19;1;0.915;
1631;2.879348309;41.69897628;0.00625;False;ok;5;1;0.813;
1632;2.873098309;41.70522628;0.00625;False;ok;21;1;0.866;
1633;2.879348309;41.70522628;0.00625;False;ok;12;1;0.834;
1634;2.835598309;41.71147628;0.025;False;ok;34;1;0.931;
1635;2.860598309;41.71147628;0.0125;False;ok;30;1;0.925;
1636;2.873098309;41.71147628;0.0125;False;ok;26;1;0.912;
1637;2.860598309;41.72397628;0.0125;False;ok;2;1;0.937;
1638;2.873098309;41.72397628;0.0125;False;ok;5;1;0.877;
1639;2.785598309;41.73647628;0.025;False;ok;29;1;1.019;
1640;2.810598309;41.73647628;0.0125;False;ok;13;1;1.035;
1641;2.823098309;41.73647628;0.0125;False;ok;11;1;1.110;
1642;2.810598309;41.74897628;0.0125;False;ok;25;1;1.276;
1643;2.823098309;41.74897628;0.0125;False;ok;15;1;1.304;
1644;2.810598309;41.76147628;0.025;False;ok;1;1;1.293;
1645;2.835598309;41.73647628;0.05;False;ok;3;1;1.257;
1646;2.885598309;41.68647628;0.025;False;ok;48;1;1.425;
1647;2.885598309;41.71147628;0.0125;False;ok;10;1;1.382;
1648;2.898098309;41.71147628;0.00625;False;ok;20;1;1.424;
1649;2.904348309;41.71147628;0.00625;False;ok;17;1;1.401;
1650;2.898098309;41.71772628;0.00625;False;ok;12;1;1.361;
1651;2.904348309;41.71772628;0.00625;False;ok;19;1;1.346;
1652;2.898098309;41.72397628;0.0125;False;ok;3;1;1.348;
1653;2.910598309;41.71147628;0.0125;False;ok;3;1;1.282;
1654;2.923098309;41.71147628;0.00625;False;ok;12;1;1.321;
1655;2.929348309;41.71147628;0.00625;False;ok;49;1;1.491;
1656;2.923098309;41.71772628;0.00625;False;ok;34;1;1.377;
1657;2.929348309;41.71772628;0.003125;False;ok;63;1;1.289;
1658;2.932473309;41.71772628;0.003125;False;ok;13;1;1.151;
1659;2.929348309;41.72085128;0.003125;False;ok;41;1;1.146;
1660;2.932473309;41.72085128;0.003125;False;ok;56;1;1.206;
1661;2.910598309;41.72397628;0.0125;False;ok;3;1;0.994;
1662;2.923098309;41.72397628;0.0125;False;ok;35;1;1.015;
1663;2.935598309;41.68647628;0.05;False;ok;17;1;0.996;
1664;2.885598309;41.73647628;0.05;False;ok;6;1;0.892;
1665;2.935598309;41.73647628;0.05;False;ok;53;1;1.061;
1666;2.985598309;41.76147628;0.025;False;ok;3;1;1.101;
1667;3.023098309;41.76147628;0.0125;False;ok;6;1;1.112;
1668;3.010598309;41.77397628;0.0125;False;ok;7;1;1.179;
1669;3.023098309;41.77397628;0.0125;False;ok;74;1;1.401;
1670;3.035598309;41.73647628;0.05;False;ok;36;1;1.320;
1671;-2.514401691;41.78647628;0.1;False;ok;8;1;1.240;
1672;-2.414401691;41.78647628;0.1;False;ok;7;1;1.267;
1673;-2.114401691;41.78647628;0.1;False;ok;3;1;1.220;
1674;-2.014401691;41.78647628;0.1;False;ok;7;1;1.328;
1675;-1.914401691;41.78647628;0.1;False;ok;1;1;1.307;
1676;-1.814401691;41.78647628;0.1;False;ok;9;1;1.365;
1677;-1.714401691;41.78647628;0.1;False;ok;9;1;1.361;
1678;-1.614401691;41.78647628;0.1;False;ok;14;1;1.391;
1679;-1.514401691;41.78647628;0.1;False;ok;5;1;1.338;
1680;-1.414401691;41.78647628;0.1;False;ok;1;1;1.228;
1681;-1.314401691;41.78647628;0.1;False;ok;1;1;1.273;
1682;-1.214401691;41.78647628;0.1;False;ok;2;1;1.326;
1683;-0.914401691;41.78647628;0.1;False;ok;1;1;1.225;
1684;-0.814401691;41.78647628;0.1;False;ok;2;1;1.240;
1685;-0.614401691;41.78647628;0.1;False;ok;0;1;1.971;
1686;-0.214401691;41.78647628;0.1;False;ok;1;1;1.314;
1687;-0.114401691;41.78647628;0.1;False;ok;2;1;1.065;
1688;0.185598309;41.78647628;0.1;False;ok;0;1;1.848;
1689;0.285598309;41.78647628;0.1;False;ok;2;1;1.158;
1690;0.485598309;41.78647628;0.1;False;ok;5;1;1.226;
1691;0.585598309;41.78647628;0.1;False;ok;2;1;1.116;
1692;0.685598309;41.78647628;0.1;False;ok;8;1;1.208;
1693;0.785598309;41.78647628;0.1;False;ok;37;1;1.301;
1694;0.885598309;41.78647628;0.1;False;ok;2;1;1.143;
1695;0.985598309;41.78647628;0.1;False;ok;3;1;1.220;
1696;1.085598309;41.78647628;0.1;False;ok;5;1;1.266;
1697;1.185598309;41.78647628;0.1;False;ok;1;1;1.121;
1698;1.285598309;41.78647628;0.1;False;ok;7;1;1.251;
1699;1.385598309;41.78647628;0.1;False;ok;6;1;1.233;
1700;1.485598309;41.78647628;0.1;False;ok;0;1;1.938;
1701;1.585598309;41.78647628;0.1;False;ok;2;1;1.158;
1702;1.685598309;41.78647628;0.1;False;ok;6;1;1.118;
1703;1.785598309;41.78647628;0.1;False;ok;12;1;1.233;
1704;1.885598309;41.78647628;0.1;False;ok;9;1;1.174;
1705;1.985598309;41.78647628;0.1;False;ok;4;1;1.069;
1706;2.085598309;41.78647628;0.1;False;ok;11;1;1.019;
1707;2.185598309;41.78647628;0.1;False;ok;17;1;1.044;
1708;2.285598309;41.78647628;0.1;False;ok;11;1;1.031;
1709;2.385598309;41.78647628;0.1;False;ok;26;1;1.127;
1710;2.485598309;41.78647628;0.1;False;ok;36;1;1.011;
1711;2.585598309;41.78647628;0.1;False;ok;15;1;1.089;
1712;2.685598309;41.78647628;0.1;False;ok;40;1;1.065;
1713;2.785598309;41.78647628;0.1;False;ok;45;1;1.313;
1714;2.885598309;41.78647628;0.1;False;ok;37;1;1.197;
1715;2.985598309;41.78647628;0.05;False;ok;73;1;1.307;
1716;3.035598309;41.78647628;0.0125;False;ok;75;1;1.580;
1717;3.048098309;41.78647628;0.0125;False;ok;42;1;1.280;
1718;3.035598309;41.79897628;0.0125;False;ok;10;1;1.165;
1719;3.048098309;41.79897628;0.0125;False;ok;47;1;1.340;
1720;3.060598309;41.78647628;0.025;False;ok;73;1;1.416;
1721;3.035598309;41.81147628;0.025;False;ok;30;1;1.262;
1722;3.060598309;41.81147628;0.00625;False;ok;74;1;1.502;
1723;3.066848309;41.81147628;0.00625;False;ok;73;1;1.384;
1724;3.060598309;41.81772628;0.00625;False;ok;18;1;1.208;
1725;3.066848309;41.81772628;0.00625;False;ok;70;1;1.276;
1726;3.073098309;41.81147628;0.0125;False;ok;1;1;1.017;
1727;3.060598309;41.82397628;0.0125;False;ok;29;1;1.159;
1728;3.073098309;41.82397628;0.0125;False;ok;51;1;1.168;
1729;2.985598309;41.83647628;0.05;False;ok;13;1;1.064;
1730;3.035598309;41.83647628;0.025;False;ok;55;1;1.047;
1731;3.060598309;41.83647628;0.025;False;ok;57;1;1.055;
1732;3.035598309;41.86147628;0.025;False;ok;9;1;0.868;
1733;3.060598309;41.86147628;0.0125;False;ok;25;1;0.872;
1734;3.073098309;41.86147628;0.0125;False;ok;15;1;0.900;
1735;3.060598309;41.87397628;0.0125;False;ok;27;1;0.863;
1736;3.073098309;41.87397628;0.0125;False;ok;6;1;0.774;
1737;3.085598309;41.78647628;0.05;False;ok;6;1;0.837;
1738;3.085598309;41.83647628;0.0125;False;ok;60;1;1.107;
1739;3.098098309;41.83647628;0.0125;False;ok;56;1;1.079;
1740;3.085598309;41.84897628;0.0125;False;ok;2;1;1.192;
1741;3.098098309;41.84897628;0.0125;False;ok;5;1;1.227;
1742;3.110598309;41.83647628;0.0125;False;ok;10;1;1.120;
1743;3.123098309;41.83647628;0.0125;False;ok;74;1;1.394;
1744;3.110598309;41.84897628;0.0125;False;ok;54;1;1.415;
1745;3.123098309;41.84897628;0.0125;False;ok;42;1;1.521;
1746;3.085598309;41.86147628;0.025;False;ok;4;1;1.347;
1747;3.110598309;41.86147628;0.025;False;ok;11;1;1.395;
1748;3.135598309;41.83647628;0.025;False;ok;75;1;1.580;
1749;3.135598309;41.86147628;0.025;False;ok;9;1;1.577;
1750;3.160598309;41.86147628;0.025;False;ok;61;1;1.508;
1751;-2.514401691;41.88647628;0.1;False;ok;7;1;1.391;
1752;-2.414401691;41.88647628;0.1;False;ok;0;1;2.099;
1753;-2.314401691;41.88647628;0.1;False;ok;0;1;2.051;
1754;-2.214401691;41.88647628;0.1;False;ok;4;1;1.355;
1755;-2.114401691;41.88647628;0.1;False;ok;1;1;1.163;
1756;-2.014401691;41.88647628;0.1;False;ok;1;1;1.252;
1757;-1.814401691;41.88647628;0.1;False;ok;18;1;1.292;
1758;-1.714401691;41.88647628;0.1;False;ok;5;1;0.998;
1759;-1.314401691;41.88647628;0.1;False;ok;2;1;0.981;
1760;-0.614401691;41.88647628;0.1;False;ok;2;1;0.929;
1761;-0.514401691;41.88647628;0.1;False;ok;1;1;0.884;
1762;0.085598309;41.88647628;0.1;False;ok;1;1;0.807;
1763;0.185598309;41.88647628;0.1;False;ok;4;1;0.744;
1764;0.285598309;41.88647628;0.1;False;ok;3;1;0.838;
1765;0.385598309;41.88647628;0.1;False;ok;1;1;0.758;
1766;0.485598309;41.88647628;0.1;False;ok;2;1;0.877;
1767;0.585598309;41.88647628;0.1;False;ok;0;1;1.782;
1768;0.685598309;41.88647628;0.1;False;ok;8;1;1.011;
1769;0.785598309;41.88647628;0.1;False;ok;0;1;1.856;
1770;0.885598309;41.88647628;0.1;False;ok;3;1;1.187;
1771;0.985598309;41.88647628;0.1;False;ok;17;1;1.274;
1772;1.085598309;41.88647628;0.1;False;ok;5;1;1.245;
1773;1.185598309;41.88647628;0.1;False;ok;11;1;1.346;
1774;1.285598309;41.88647628;0.1;False;ok;1;1;1.298;
1775;1.385598309;41.88647628;0.1;False;ok;6;1;1.362;
1776;1.485598309;41.88647628;0.1;False;ok;7;1;1.362;
1777;1.585598309;41.88647628;0.1;False;ok;26;1;1.470;
1778;1.685598309;41.88647628;0.1;False;ok;8;1;1.372;
1779;1.785598309;41.88647628;0.1;False;ok;8;1;1.299;
1780;1.985598309;41.88647628;0.1;False;ok;1;1;1.296;
1781;2.085598309;41.88647628;0.1;False;ok;9;1;1.256;
1782;2.185598309;41.88647628;0.1;False;ok;33;1;1.179;
1783;2.285598309;41.88647628;0.1;False;ok;9;1;1.130;
1784;2.485598309;41.88647628;0.1;False;ok;14;1;1.042;
1785;2.585598309;41.88647628;0.1;False;ok;13;1;1.147;
1786;2.685598309;41.88647628;0.1;False;ok;17;1;1.191;
1787;2.785598309;41.88647628;0.05;False;ok;5;1;0.848;
1788;2.835598309;41.88647628;0.05;False;ok;8;1;0.893;
1789;2.810598309;41.93647628;0.025;False;ok;5;1;0.797;
1790;2.785598309;41.96147628;0.025;False;ok;6;1;0.773;
1791;2.810598309;41.96147628;0.0125;False;ok;5;1;0.819;
1792;2.823098309;41.96147628;0.0125;False;ok;3;1;0.722;
1793;2.810598309;41.97397628;0.0125;False;ok;75;1;1.109;
1794;2.823098309;41.97397628;0.0125;False;ok;75;1;1.179;
1795;2.835598309;41.93647628;0.05;False;ok;2;1;1.233;
1796;2.885598309;41.88647628;0.1;False;ok;9;1;1.321;
1797;2.985598309;41.88647628;0.1;False;ok;28;1;1.520;
1798;3.085598309;41.88647628;0.05;False;ok;4;1;1.359;
1799;3.135598309;41.88647628;0.025;False;ok;10;1;1.365;
1800;3.173098309;41.88647628;0.00625;False;ok;17;1;1.358;
1801;3.179348309;41.88647628;0.00625;False;ok;70;1;1.620;
1802;3.173098309;41.89272628;0.00625;False;ok;3;1;1.367;
1803;3.179348309;41.89272628;0.00625;False;ok;20;1;1.370;
1804;3.160598309;41.89897628;0.0125;False;ok;1;1;1.413;
1805;3.173098309;41.89897628;0.0125;False;ok;1;1;1.308;
1806;3.135598309;41.91147628;0.025;False;ok;9;1;1.393;
1807;3.160598309;41.91147628;0.025;False;ok;26;1;1.465;
1808;3.085598309;41.93647628;0.05;False;ok;25;1;1.396;
1809;3.135598309;41.93647628;0.05;False;ok;74;1;1.430;
1810;3.185598309;41.88647628;0.00625;False;ok;43;1;1.383;
1811;3.191848309;41.88647628;0.00625;False;ok;2;1;1.250;
1812;3.185598309;41.89272628;0.00625;False;ok;35;1;1.256;
1813;3.191848309;41.89272628;0.00625;False;ok;54;1;0.919;
1814;3.198098309;41.88647628;0.0125;False;ok;14;1;0.893;
1815;3.185598309;41.89897628;0.0125;False;ok;1;1;0.732;
1816;3.198098309;41.89897628;0.0125;False;ok;12;1;0.785;
1817;3.185598309;41.91147628;0.0125;False;ok;1;1;0.879;
1818;3.198098309;41.91147628;0.00625;False;ok;3;1;1.121;
1819;3.204348309;41.91147628;0.00625;False;ok;11;1;1.034;
1820;3.198098309;41.91772628;0.00625;False;ok;4;1;1.218;
1821;3.204348309;41.91772628;0.00625;False;ok;55;1;1.145;
1822;3.185598309;41.92397628;0.0125;False;ok;6;1;1.311;
1823;3.198098309;41.92397628;0.0125;False;ok;23;1;1.182;
1824;3.210598309;41.91147628;0.025;False;ok;33;1;1.348;
1825;3.185598309;41.93647628;0.0125;False;ok;21;1;1.834;
1826;3.198098309;41.93647628;0.0125;False;ok;24;1;1.445;
1827;3.198098309;41.94897628;0.00625;False;ok;5;1;1.414;
1828;3.204348309;41.94897628;0.00625;False;ok;36;1;1.425;
1829;3.198098309;41.95522628;0.00625;False;ok;8;1;1.405;
1830;3.204348309;41.95522628;0.00625;False;ok;32;1;1.421;
1831;3.210598309;41.93647628;0.0125;False;ok;19;1;1.358;
1832;3.210598309;41.94897628;0.0125;False;ok;12;1;1.367;
1833;3.223098309;41.94897628;0.0125;False;ok;56;1;1.438;
1834;3.198098309;41.96147628;0.0125;False;ok;73;1;1.479;
1835;3.185598309;41.97397628;0.0125;False;ok;35;1;1.385;
1836;3.198098309;41.97397628;0.0125;False;ok;74;1;1.394;
1837;3.210598309;41.96147628;0.025;False;ok;42;1;1.260;
1838;-2.514401691;41.98647628;0.1;False;ok;0;1;1.775;
1839;-2.414401691;41.98647628;0.1;False;ok;3;1;0.941;
1840;-2.014401691;41.98647628;0.1;False;ok;6;1;1.032;
1841;-1.914401691;41.98647628;0.1;False;ok;4;1;0.916;
1842;-1.814401691;41.98647628;0.1;False;ok;3;1;0.885;
1843;-1.714401691;41.98647628;0.1;False;ok;12;1;1.016;
1844;-1.614401691;41.98647628;0.1;False;ok;75;1;1.042;
1845;-1.414401691;41.98647628;0.1;False;ok;1;1;0.890;
1846;-0.914401691;41.98647628;0.1;False;ok;0;1;1.610;
1847;-0.314401691;41.98647628;0.1;False;ok;1;1;0.948;
1848;-0.114401691;41.98647628;0.1;False;ok;1;1;1.031;
1849;-0.014401691;41.98647628;0.1;False;ok;2;1;0.957;
1850;0.085598309;41.98647628;0.1;False;ok;19;1;1.143;
1851;0.185598309;41.98647628;0.1;False;ok;1;1;1.174;
1852;0.285598309;41.98647628;0.1;False;ok;1;1;1.165;
1853;0.385598309;41.98647628;0.1;False;ok;1;1;1.267;
1854;0.485598309;41.98647628;0.1;False;ok;2;1;1.221;
1855;0.685598309;41.98647628;0.1;False;ok;25;1;1.380;
1856;0.785598309;41.98647628;0.1;False;ok;9;1;1.291;
1857;0.885598309;41.98647628;0.1;False;ok;7;1;1.309;
1858;0.985598309;41.98647628;0.1;False;ok;4;1;1.279;
1859;1.085598309;41.98647628;0.1;False;ok;4;1;1.270;
1860;1.185598309;41.98647628;0.1;False;ok;8;1;1.227;
1861;1.285598309;41.98647628;0.1;False;ok;12;1;1.163;
1862;1.385598309;41.98647628;0.1;False;ok;3;1;1.142;
1863;1.485598309;41.98647628;0.1;False;ok;27;1;1.230;
1864;1.585598309;41.98647628;0.1;False;ok;3;1;1.036;
1865;1.685598309;41.98647628;0.1;False;ok;6;1;0.998;
1866;1.785598309;41.98647628;0.1;False;ok;40;1;1.100;
1867;1.885598309;41.98647628;0.1;False;ok;16;1;1.060;
1868;1.985598309;41.98647628;0.1;False;ok;4;1;0.872;
1869;2.085598309;41.98647628;0.1;False;ok;15;1;1.038;
1870;2.185598309;41.98647628;0.1;False;ok;4;1;1.105;
1871;2.285598309;41.98647628;0.1;False;ok;17;1;1.188;
1872;2.385598309;41.98647628;0.1;False;ok;14;1;1.262;
1873;2.485598309;41.98647628;0.1;False;ok;31;1;1.386;
1874;2.585598309;41.98647628;0.1;False;ok;17;1;1.475;
1875;2.685598309;41.98647628;0.1;False;ok;18;1;1.441;
1876;2.785598309;41.98647628;0.1;False;ok;75;1;1.551;
1877;2.885598309;41.98647628;0.1;False;ok;36;1;1.472;
1878;2.985598309;41.98647628;0.1;False;ok;51;1;1.530;
1879;3.085598309;41.98647628;0.05;False;ok;14;1;1.437;
1880;3.135598309;41.98647628;0.05;False;ok;10;1;1.440;
1881;3.085598309;42.03647628;0.05;False;ok;28;1;1.495;
1882;3.135598309;42.03647628;0.025;False;ok;32;1;1.440;
1883;3.160598309;42.03647628;0.025;False;ok;74;1;1.507;
1884;3.185598309;41.98647628;0.0125;False;ok;75;1;1.448;
1885;3.198098309;41.98647628;0.0125;False;ok;8;1;1.418;
1886;3.185598309;41.99897628;0.0125;False;ok;71;1;1.647;
1887;3.185598309;42.01147628;0.025;False;ok;0;1;2.207;
1888;3.185598309;42.03647628;0.0125;False;ok;73;1;1.424;
1889;3.185598309;42.04897628;0.003125;False;ok;19;1;1.163;
1890;3.188723309;42.04897628;0.003125;False;ok;73;1;1.209;
1891;3.185598309;42.05210128;0.003125;False;ok;1;1;0.872;
1892;3.191848309;42.04897628;0.003125;False;ok;52;1;1.009;
1893;3.194973309;42.04897628;0.003125;False;ok;74;1;0.984;
1894;3.191848309;42.05210128;0.003125;False;ok;18;1;0.988;
1895;3.194973309;42.05210128;0.003125;False;ok;40;1;1.061;
1896;3.191848309;42.05522628;0.00625;False;ok;13;1;0.963;
1897;3.198098309;42.04897628;0.0125;False;ok;75;1;1.235;
1898;-2.514401691;42.08647628;0.1;False;ok;0;1;1.745;
1899;-2.414401691;42.08647628;0.1;False;ok;5;1;1.231;
1900;-2.314401691;42.08647628;0.1;False;ok;6;1;1.150;
1901;-2.214401691;42.08647628;0.1;False;ok;6;1;1.115;
1902;-2.114401691;42.08647628;0.1;False;ok;3;1;1.104;
1903;-2.014401691;42.08647628;0.1;False;ok;2;1;1.233;
1904;-1.814401691;42.08647628;0.1;False;ok;16;1;1.307;
1905;-1.714401691;42.08647628;0.1;False;ok;5;1;1.227;
1906;-1.614401691;42.08647628;0.1;False;ok;26;1;1.360;
1907;-1.214401691;42.08647628;0.1;False;ok;2;1;1.262;
1908;-1.014401691;42.08647628;0.1;False;ok;0;1;1.914;
1909;-0.814401691;42.08647628;0.1;False;ok;1;1;1.078;
1910;-0.714401691;42.08647628;0.1;False;ok;2;1;1.006;
1911;-0.614401691;42.08647628;0.1;False;ok;1;1;0.999;
1912;-0.414401691;42.08647628;0.1;False;ok;46;1;1.090;
1913;-0.314401691;42.08647628;0.1;False;ok;3;1;1.010;
1914;-0.214401691;42.08647628;0.1;False;ok;5;1;0.893;
1915;-0.114401691;42.08647628;0.1;False;ok;14;1;1.012;
1916;-0.014401691;42.08647628;0.1;False;ok;67;1;1.200;
1917;0.085598309;42.08647628;0.1;False;ok;1;1;0.960;
1918;0.185598309;42.08647628;0.1;False;ok;5;1;1.051;
1919;0.285598309;42.08647628;0.1;False;ok;10;1;1.071;
1920;0.385598309;42.08647628;0.1;False;ok;9;1;1.138;
1921;0.485598309;42.08647628;0.1;False;ok;4;1;1.071;
1922;0.685598309;42.08647628;0.1;False;ok;1;1;1.177;
1923;0.785598309;42.08647628;0.1;False;ok;5;1;1.205;
1924;0.885598309;42.08647628;0.1;False;ok;42;1;1.369;
1925;0.985598309;42.08647628;0.1;False;ok;10;1;1.287;
1926;1.085598309;42.08647628;0.1;False;ok;2;1;1.180;
1927;1.185598309;42.08647628;0.1;False;ok;3;1;1.269;
1928;1.285598309;42.08647628;0.1;False;ok;6;1;1.330;
1929;1.385598309;42.08647628;0.1;False;ok;8;1;1.268;
1930;1.485598309;42.08647628;0.1;False;ok;16;1;1.254;
1931;1.585598309;42.08647628;0.1;False;ok;28;1;1.347;
1932;1.685598309;42.08647628;0.1;False;ok;0;1;1.954;
1933;1.785598309;42.08647628;0.1;False;ok;36;1;1.273;
1934;1.885598309;42.08647628;0.1;False;ok;3;1;1.275;
1935;1.985598309;42.08647628;0.1;False;ok;12;1;1.180;
1936;2.085598309;42.08647628;0.1;False;ok;10;1;1.240;
1937;2.185598309;42.08647628;0.1;False;ok;15;1;1.113;
1938;2.285598309;42.08647628;0.1;False;ok;4;1;1.141;
1939;2.385598309;42.08647628;0.1;False;ok;59;1;1.425;
1940;2.485598309;42.08647628;0.1;False;ok;54;1;1.337;
1941;2.585598309;42.08647628;0.1;False;ok;15;1;1.265;
1942;2.685598309;42.08647628;0.1;False;ok;67;1;1.304;
1943;2.785598309;42.08647628;0.1;False;ok;22;1;1.335;
1944;2.885598309;42.08647628;0.1;False;ok;37;1;1.215;
1945;2.985598309;42.08647628;0.1;False;ok;52;1;1.254;
1946;3.085598309;42.08647628;0.025;False;ok;1;1;1.059;
1947;3.110598309;42.08647628;0.025;False;ok;48;1;1.210;
1948;3.110598309;42.11147628;0.0125;False;ok;10;1;1.064;
1949;3.123098309;42.11147628;0.0125;False;ok;74;1;1.285;
1950;3.110598309;42.12397628;0.0125;False;ok;10;1;1.261;
1951;3.123098309;42.12397628;0.0125;False;ok;75;1;1.198;
1952;3.135598309;42.09897628;0.0125;False;ok;71;1;1.145;
1953;3.148098309;42.09897628;0.0125;False;ok;65;1;1.166;
1954;3.160598309;42.08647628;0.025;False;ok;44;1;1.149;
1955;3.135598309;42.11147628;0.0125;False;ok;74;1;1.256;
1956;3.148098309;42.11147628;0.0125;False;ok;52;1;0.971;
1957;3.135598309;42.12397628;0.0125;False;ok;19;1;1.035;
1958;3.160598309;42.11147628;0.025;False;ok;12;1;0.933;
1959;3.085598309;42.13647628;0.05;False;ok;74;1;1.061;
1960;-2.514401691;42.18647628;0.1;False;ok;7;1;1.031;
1961;-2.314401691;42.18647628;0.1;False;ok;30;1;1.097;
1962;-2.214401691;42.18647628;0.1;False;ok;5;1;1.068;
1963;-2.114401691;42.18647628;0.1;False;ok;11;1;1.109;
1964;-2.014401691;42.18647628;0.1;False;ok;3;1;1.080;
1965;-1.914401691;42.18647628;0.1;False;ok;11;1;1.148;
1966;-1.814401691;42.18647628;0.1;False;ok;11;1;1.172;
1967;-1.714401691;42.18647628;0.1;False;ok;15;1;1.222;
1968;-1.314401691;42.18647628;0.1;False;ok;1;1;1.152;
1969;-1.014401691;42.18647628;0.1;False;ok;4;1;1.146;
1970;-0.814401691;42.18647628;0.1;False;ok;2;1;1.193;
1971;-0.714401691;42.18647628;0.1;False;ok;11;1;1.268;
1972;-0.614401691;42.18647628;0.1;False;ok;4;1;1.278;
1973;-0.514401691;42.18647628;0.1;False;ok;3;1;1.231;
1974;-0.414401691;42.18647628;0.1;False;ok;3;1;1.290;
1975;-0.314401691;42.18647628;0.1;False;ok;6;1;1.287;
1976;-0.214401691;42.18647628;0.1;False;ok;5;1;1.260;
1977;-0.114401691;42.18647628;0.1;False;ok;6;1;1.502;
1978;-0.014401691;42.18647628;0.1;False;ok;2;1;1.216;
1979;0.085598309;42.18647628;0.1;False;ok;6;1;1.375;
1980;0.185598309;42.18647628;0.1;False;ok;3;1;1.311;
1981;0.285598309;42.18647628;0.1;False;ok;19;1;1.312;
1982;0.385598309;42.18647628;0.1;False;ok;2;1;1.198;
1983;0.485598309;42.18647628;0.1;False;ok;3;1;1.279;
1984;0.685598309;42.18647628;0.1;False;ok;9;1;1.260;
1985;0.785598309;42.18647628;0.1;False;ok;1;1;1.266;
1986;0.885598309;42.18647628;0.1;False;ok;27;1;1.268;
1987;0.985598309;42.18647628;0.1;False;ok;10;1;1.289;
1988;1.185598309;42.18647628;0.1;False;ok;2;1;1.156;
1989;1.285598309;42.18647628;0.1;False;ok;8;1;1.295;
1990;1.385598309;42.18647628;0.1;False;ok;1;1;1.214;
1991;1.485598309;42.18647628;0.1;False;ok;8;1;1.189;
1992;1.585598309;42.18647628;0.1;False;ok;3;1;1.168;
1993;1.685598309;42.18647628;0.1;False;ok;13;1;1.228;
1994;1.785598309;42.18647628;0.1;False;ok;42;1;1.390;
1995;1.885598309;42.18647628;0.1;False;ok;20;1;1.314;
1996;1.985598309;42.18647628;0.1;False;ok;13;1;1.248;
1997;2.085598309;42.18647628;0.1;False;ok;22;1;1.204;
1998;2.185598309;42.18647628;0.1;False;ok;43;1;1.354;
1999;2.285598309;42.18647628;0.1;False;ok;52;1;1.371;
2000;2.385598309;42.18647628;0.1;False;ok;26;1;1.380;
2001;2.485598309;42.18647628;0.1;False;ok;39;1;1.335;
2002;2.585598309;42.18647628;0.1;False;ok;31;1;1.388;
2003;2.685598309;42.18647628;0.1;False;ok;59;1;1.593;
2004;2.785598309;42.18647628;0.1;False;ok;36;1;1.351;
2005;2.885598309;42.18647628;0.1;False;ok;74;1;1.542;
2006;2.985598309;42.18647628;0.1;False;ok;74;1;1.468;
2007;3.085598309;42.18647628;0.05;False;ok;7;1;1.309;
2008;3.098098309;42.23647628;0.0125;False;ok;16;1;1.297;
2009;3.098098309;42.24897628;0.0125;False;ok;74;1;1.379;
2010;3.110598309;42.23647628;0.00625;False;ok;0;1;1.947;
2011;3.116848309;42.23647628;0.00625;False;ok;69;1;1.294;
2012;3.110598309;42.24272628;0.00625;False;ok;43;1;1.356;
2013;3.116848309;42.24272628;0.00625;False;ok;70;1;1.234;
2014;3.123098309;42.23647628;0.0015625;False;ok;20;1;1.098;
2015;3.124660809;42.23647628;0.0015625;False;ok;0;1;1.756;
2016;3.123098309;42.23803878;0.0015625;False;ok;74;1;1.240;
2017;3.124660809;42.23803878;0.0015625;False;ok;29;1;1.145;
2018;3.123098309;42.23960128;0.003125;False;ok;74;1;1.082;
2019;3.126223309;42.23960128;0.003125;False;ok;28;1;0.949;
2020;3.123098309;42.24272628;0.003125;False;ok;14;1;0.915;
2021;3.126223309;42.24272628;0.003125;False;ok;74;1;1.060;
2022;3.123098309;42.24585128;0.003125;False;ok;26;1;0.924;
2023;3.126223309;42.24585128;0.003125;False;ok;54;1;0.947;
2024;3.129348309;42.24272628;0.00625;False;ok;63;1;0.943;
2025;3.110598309;42.24897628;0.0125;False;ok;74;1;1.044;
2026;3.123098309;42.24897628;0.0125;False;ok;73;1;1.061;
2027;3.085598309;42.26147628;0.025;False;ok;9;1;1.019;
2028;3.135598309;42.23647628;0.025;False;ok;47;1;1.039;
2029;3.173098309;42.23647628;0.0125;False;ok;35;1;1.064;
2030;3.179348309;42.24897628;0.00625;False;ok;36;1;1.041;
2031;3.173098309;42.25522628;0.00625;False;ok;28;1;1.065;
2032;3.179348309;42.25522628;0.003125;False;ok;26;1;1.046;
2033;3.182473309;42.25522628;0.003125;False;ok;39;1;1.006;
2034;3.179348309;42.25835128;0.003125;False;ok;44;1;1.197;
2035;3.182473309;42.25835128;0.003125;False;ok;23;1;1.133;
2036;3.135598309;42.26147628;0.00625;False;ok;8;1;1.068;
2037;3.141848309;42.26147628;0.00625;False;ok;75;1;1.270;
2038;3.135598309;42.26772628;0.00625;False;ok;72;1;1.298;
2039;3.141848309;42.26772628;0.00625;False;ok;74;1;1.281;
2040;3.148098309;42.26147628;0.003125;False;ok;43;1;1.159;
2041;3.151223309;42.26147628;0.003125;False;ok;73;1;1.377;
2042;3.148098309;42.26460128;0.003125;False;ok;40;1;1.226;
2043;3.151223309;42.26460128;0.003125;False;ok;29;1;1.188;
2044;3.154348309;42.26147628;0.003125;False;ok;75;1;1.284;
2045;3.157473309;42.26147628;0.003125;False;ok;25;1;1.255;
2046;3.154348309;42.26460128;0.003125;False;ok;12;1;1.189;
2047;3.157473309;42.26460128;0.003125;False;ok;27;1;1.186;
2048;3.148098309;42.26772628;0.00625;False;ok;1;1;1.095;
2049;3.154348309;42.26772628;0.00625;False;ok;2;1;1.038;
2050;3.135598309;42.27397628;0.0125;False;ok;4;1;1.173;
2051;3.148098309;42.27397628;0.0125;False;ok;1;1;1.073;
2052;3.160598309;42.26147628;0.003125;False;ok;5;1;1.066;
2053;3.160598309;42.26460128;0.003125;False;ok;74;1;1.257;
2054;3.163723309;42.26460128;0.003125;False;ok;42;1;1.127;
2055;3.166848309;42.26147628;0.00625;False;ok;23;1;1.109;
2056;3.160598309;42.26772628;0.00625;False;ok;7;1;1.075;
2057;3.173098309;42.26147628;0.00625;False;ok;75;1;1.346;
2058;3.179348309;42.26147628;0.00625;False;ok;42;1;1.240;
2059;3.173098309;42.26772628;0.00625;False;ok;0;1;1.843;
2060;3.179348309;42.26772628;0.00625;False;ok;5;1;1.224;
2061;3.160598309;42.27397628;0.0125;False;ok;14;1;1.293;
2062;3.185598309;42.24272628;0.00625;False;ok;74;1;1.385;
2063;3.191848309;42.24272628;0.00625;False;ok;74;1;1.459;
2064;3.198098309;42.23647628;0.0125;False;ok;74;1;1.414;
2065;3.185598309;42.24897628;0.0125;False;ok;73;1;1.545;
2066;3.198098309;42.24897628;0.0125;False;ok;7;1;1.417;
2067;3.210598309;42.23647628;0.025;False;ok;9;1;1.360;
2068;3.185598309;42.26147628;0.025;False;ok;21;1;1.462;
2069;3.235598309;42.23647628;0.05;False;ok;13;1;1.391;
2070;3.285598309;42.18647628;0.1;False;ok;8;1;1.406;
2071;-2.514401691;42.28647628;0.1;False;ok;11;1;1.404;
2072;-2.314401691;42.28647628;0.1;False;ok;3;1;1.294;
2073;-2.214401691;42.28647628;0.1;False;ok;5;1;1.217;
2074;-2.014401691;42.28647628;0.1;False;ok;16;1;1.171;
2075;-1.914401691;42.28647628;0.1;False;ok;3;1;1.087;
2076;-1.814401691;42.28647628;0.1;False;ok;3;1;1.109;
2077;-1.714401691;42.28647628;0.1;False;ok;1;1;0.833;
2078;-1.614401691;42.28647628;0.1;False;ok;5;1;0.855;
2079;-1.514401691;42.28647628;0.1;False;ok;2;1;0.867;
2080;-1.414401691;42.28647628;0.1;False;ok;2;1;0.695;
2081;-1.214401691;42.28647628;0.1;False;ok;3;1;0.707;
2082;-1.114401691;42.28647628;0.1;False;ok;0;1;1.579;
2083;-0.814401691;42.28647628;0.1;False;ok;24;1;1.219;
2084;-0.714401691;42.28647628;0.1;False;ok;6;1;1.166;
2085;-0.614401691;42.28647628;0.1;False;ok;0;1;2.124;
2086;-0.514401691;42.28647628;0.1;False;ok;4;1;1.328;
2087;-0.414401691;42.28647628;0.1;False;ok;0;1;2.092;
2088;-0.314401691;42.28647628;0.1;False;ok;3;1;1.510;
2089;-0.014401691;42.28647628;0.1;False;ok;2;1;1.445;
2090;0.085598309;42.28647628;0.1;False;ok;12;1;1.525;
2091;0.185598309;42.28647628;0.1;False;ok;12;1;1.502;
2092;0.285598309;42.28647628;0.1;False;ok;3;1;1.480;
2093;0.385598309;42.28647628;0.1;False;ok;2;1;1.540;
2094;0.485598309;42.28647628;0.1;False;ok;17;1;1.493;
2095;0.585598309;42.28647628;0.1;False;ok;1;1;1.331;
2096;0.685598309;42.28647628;0.1;False;ok;3;1;1.432;
2097;0.785598309;42.28647628;0.1;False;ok;4;1;1.379;
2098;0.885598309;42.28647628;0.1;False;ok;9;1;1.417;
2099;0.985598309;42.28647628;0.1;False;ok;15;1;1.435;
2100;1.085598309;42.28647628;0.1;False;ok;7;1;1.300;
2101;1.185598309;42.28647628;0.1;False;ok;7;1;1.236;
2102;1.285598309;42.28647628;0.1;False;ok;9;1;0.693;
2103;1.385598309;42.28647628;0.1;False;ok;44;1;0.848;
2104;1.485598309;42.28647628;0.1;False;ok;10;1;0.605;
2105;1.585598309;42.28647628;0.1;False;ok;14;1;0.885;
2106;1.685598309;42.28647628;0.1;False;ok;50;1;1.103;
2107;1.785598309;42.28647628;0.1;False;ok;46;1;1.122;
2108;1.885598309;42.28647628;0.1;False;ok;74;1;1.535;
2109;1.985598309;42.28647628;0.1;False;ok;11;1;1.362;
2110;2.085598309;42.28647628;0.1;False;ok;74;1;1.540;
2111;2.185598309;42.28647628;0.1;False;ok;8;1;1.438;
2112;2.285598309;42.28647628;0.1;False;ok;74;1;1.538;
2113;2.385598309;42.28647628;0.1;False;ok;42;1;1.537;
2114;2.685598309;42.28647628;0.1;False;ok;14;1;1.420;
2115;2.785598309;42.28647628;0.1;False;ok;26;1;1.636;
2116;2.885598309;42.28647628;0.1;False;ok;27;1;1.456;
2117;2.985598309;42.28647628;0.1;False;ok;53;1;1.615;
2118;3.085598309;42.28647628;0.05;False;ok;20;1;1.533;
2119;3.135598309;42.28647628;0.05;False;ok;65;1;1.531;
2120;3.085598309;42.33647628;0.05;False;ok;1;1;1.311;
2121;3.135598309;42.33647628;0.025;False;ok;3;1;1.205;
2122;3.160598309;42.33647628;0.025;False;ok;75;1;1.395;
2123;3.135598309;42.36147628;0.025;False;ok;75;1;1.417;
2124;3.160598309;42.36147628;0.025;False;ok;74;1;1.238;
2125;3.185598309;42.28647628;0.05;False;ok;42;1;1.123;
2126;3.235598309;42.28647628;0.05;False;ok;74;1;1.011;
2127;3.185598309;42.33647628;0.05;False;ok;42;1;0.880;
2128;3.285598309;42.28647628;0.1;False;ok;6;1;0.632;
2129;-2.514401691;42.38647628;0.05;False;ok;4;1;0.935;
2130;-2.464401691;42.38647628;0.05;False;ok;16;1;0.993;
2131;-2.514401691;42.43647628;0.05;False;ok;7;1;1.290;
2132;-2.464401691;42.43647628;0.025;False;ok;50;1;1.366;
2133;-2.439401691;42.43647628;0.025;False;ok;10;1;1.199;
2134;-2.464401691;42.46147628;0.0125;False;ok;46;1;1.545;
2135;-2.451901691;42.46147628;0.00625;False;ok;74;1;1.574;
2136;-2.445651691;42.46147628;0.00625;False;ok;75;1;1.475;
2137;-2.451901691;42.46772628;0.00625;False;ok;14;1;1.355;
2138;-2.445651691;42.46772628;0.00625;False;ok;17;1;1.364;
2139;-2.451901691;42.47397628;0.0125;False;ok;3;1;1.315;
2140;-2.439401691;42.46147628;0.025;False;ok;58;1;1.537;
2141;-2.414401691;42.38647628;0.1;False;ok;6;1;1.429;
2142;-2.314401691;42.38647628;0.1;False;ok;4;1;1.359;
2143;-2.214401691;42.38647628;0.1;False;ok;4;1;1.326;
2144;-2.114401691;42.38647628;0.1;False;ok;2;1;1.299;
2145;-2.014401691;42.38647628;0.1;False;ok;5;1;1.296;
2146;-1.914401691;42.38647628;0.1;False;ok;3;1;1.271;
2147;-1.814401691;42.38647628;0.1;False;ok;0;1;1.928;
2148;-1.714401691;42.38647628;0.1;False;ok;32;1;1.272;
2149;-1.514401691;42.38647628;0.1;False;ok;2;1;0.936;
2150;-1.114401691;42.38647628;0.1;False;ok;2;1;0.812;
2151;-1.014401691;42.38647628;0.1;False;ok;3;1;0.688;
2152;-0.814401691;42.38647628;0.1;False;ok;0;1;1.346;
2153;-0.714401691;42.38647628;0.1;False;ok;1;1;0.638;
2154;-0.314401691;42.38647628;0.1;False;ok;2;1;0.773;
2155;-0.214401691;42.38647628;0.1;False;ok;1;1;1.036;
2156;-0.114401691;42.38647628;0.1;False;ok;6;1;1.091;
2157;-0.014401691;42.38647628;0.1;False;ok;42;1;1.244;
2158;0.085598309;42.38647628;0.1;False;ok;75;1;1.510;
2159;0.185598309;42.38647628;0.1;False;ok;10;1;1.428;
2160;0.285598309;42.38647628;0.1;False;ok;1;1;1.327;
2161;0.385598309;42.38647628;0.1;False;ok;13;1;1.445;
2162;0.485598309;42.38647628;0.1;False;ok;2;1;1.372;
2163;0.585598309;42.38647628;0.1;False;ok;16;1;1.462;
2164;0.685598309;42.38647628;0.1;False;ok;44;1;1.496;
2165;0.885598309;42.38647628;0.1;False;ok;3;1;1.371;
2166;0.985598309;42.38647628;0.1;False;ok;11;1;1.386;
2167;1.085598309;42.38647628;0.1;False;ok;75;1;1.633;
2168;1.185598309;42.38647628;0.1;False;ok;1;1;1.244;
2169;1.285598309;42.38647628;0.1;False;ok;0;1;2.106;
2170;1.385598309;42.38647628;0.1;True;ok;3;1;1.341;
2171;1.485598309;42.38647628;0.1;True;ok;0;1;1.305;
2172;1.585598309;42.38647628;0.1;False;ok;5;1;1.111;
2173;1.685598309;42.38647628;0.1;False;ok;6;1;0.998;
2174;1.785598309;42.38647628;0.1;False;ok;37;1;0.899;
2175;1.885598309;42.38647628;0.05;False;ok;74;1;1.053;
2176;1.935598309;42.38647628;0.05;True;ok;10;1;0.918;
2177;1.885598309;42.43647628;0.05;True;ok;8;1;0.828;
2178;1.935598309;42.43647628;0.05;True;ok;40;1;1.336;
2179;1.985598309;42.38647628;0.1;True;ok;4;1;1.122;
2180;2.085598309;42.38647628;0.1;True;ok;3;1;1.126;
2181;2.685598309;42.38647628;0.1;True;ok;2;1;1.164;
2182;2.785598309;42.38647628;0.1;True;ok;17;1;1.202;
2183;2.885598309;42.38647628;0.1;False;ok;11;1;1.208;
2184;2.985598309;42.38647628;0.1;False;ok;6;1;1.253;
2185;3.135598309;42.38647628;0.05;False;ok;41;1;1.303;
2186;-2.514401691;42.48647628;0.1;False;ok;7;1;1.127;
2187;-2.414401691;42.48647628;0.1;False;ok;17;1;1.267;
2188;-2.314401691;42.48647628;0.1;False;ok;11;1;1.292;
2189;-2.214401691;42.48647628;0.1;False;ok;14;1;1.287;
2190;-2.114401691;42.48647628;0.1;False;ok;0;1;1.955;
2191;-1.914401691;42.48647628;0.1;False;ok;4;1;1.128;
2192;-1.714401691;42.48647628;0.1;False;ok;7;1;1.121;
2193;-1.614401691;42.48647628;0.1;False;ok;4;1;1.101;
2194;-1.514401691;42.48647628;0.1;False;ok;4;1;1.010;
2195;-1.414401691;42.48647628;0.1;False;ok;6;1;1.051;
2196;-1.314401691;42.48647628;0.1;False;ok;10;1;0.997;
2197;-1.214401691;42.48647628;0.1;False;ok;3;1;0.763;
2198;-1.114401691;42.48647628;0.1;False;ok;2;1;0.789;
2199;-1.014401691;42.48647628;0.1;False;ok;1;1;0.741;
2200;-0.814401691;42.48647628;0.1;False;ok;6;1;0.980;
2201;-0.714401691;42.48647628;0.1;False;ok;8;1;1.169;
2202;-0.614401691;42.48647628;0.1;False;ok;74;1;1.360;
2203;-0.514401691;42.48647628;0.1;False;ok;23;1;1.223;
2204;-0.414401691;42.48647628;0.1;False;ok;74;1;1.432;
2205;-0.314401691;42.48647628;0.1;False;ok;1;1;1.168;
2206;-0.214401691;42.48647628;0.1;False;ok;20;1;1.475;
2207;-0.114401691;42.48647628;0.1;False;ok;15;1;1.369;
2208;-0.014401691;42.48647628;0.1;False;ok;5;1;1.362;
2209;0.085598309;42.48647628;0.1;False;ok;37;1;1.467;
2210;0.185598309;42.48647628;0.1;False;ok;12;1;1.431;
2211;0.285598309;42.48647628;0.1;False;ok;8;1;1.391;
2212;0.385598309;42.48647628;0.1;False;ok;44;1;1.452;
2213;0.485598309;42.48647628;0.1;False;ok;22;1;1.400;
2214;0.585598309;42.48647628;0.1;False;ok;2;1;1.333;
2215;0.685598309;42.48647628;0.1;False;ok;5;1;1.335;
2216;0.785598309;42.48647628;0.05;False;ok;42;1;1.448;
2217;0.835598309;42.48647628;0.05;False;ok;75;1;1.428;
2218;0.835598309;42.53647628;0.05;False;ok;3;1;1.146;
2219;0.985598309;42.48647628;0.1;False;ok;4;1;1.045;
2220;1.085598309;42.48647628;0.1;False;ok;38;1;1.063;
2221;1.185598309;42.48647628;0.1;False;ok;32;1;1.086;
2222;1.285598309;42.48647628;0.1;False;ok;6;1;0.854;
2223;1.685598309;42.48647628;0.05;True;ok;0;1;0.835;
2224;-2.514401691;42.58647628;0.1;False;ok;5;1;0.800;
2225;-2.414401691;42.58647628;0.1;False;ok;8;1;0.967;
2226;-2.314401691;42.58647628;0.1;False;ok;6;1;1.178;
2227;-2.214401691;42.58647628;0.1;False;ok;5;1;1.184;
2228;-2.114401691;42.58647628;0.1;False;ok;64;1;1.343;
2229;-2.014401691;42.58647628;0.1;False;ok;11;1;1.359;
2230;-1.914401691;42.58647628;0.1;False;ok;13;1;1.418;
2231;-1.814401691;42.58647628;0.1;False;ok;20;1;1.502;
2232;-1.714401691;42.58647628;0.1;False;ok;8;1;1.462;
2233;-1.614401691;42.58647628;0.1;False;ok;4;1;1.395;
2234;-1.414401691;42.58647628;0.1;False;ok;1;1;1.383;
2235;-1.314401691;42.58647628;0.1;False;ok;6;1;1.481;
2236;-1.214401691;42.58647628;0.1;False;ok;3;1;1.411;
2237;-1.014401691;42.58647628;0.1;False;ok;2;1;1.370;
2238;-0.914401691;42.58647628;0.1;False;ok;3;1;1.362;
2239;-0.814401691;42.58647628;0.1;False;ok;1;1;1.360;
2240;-0.714401691;42.58647628;0.1;False;ok;9;1;1.330;
2241;-0.614401691;42.58647628;0.1;False;ok;74;1;1.540;
2242;-0.414401691;42.58647628;0.1;False;ok;73;1;1.534;
2243;-0.314401691;42.58647628;0.1;False;ok;21;1;1.380;
2244;-0.214401691;42.58647628;0.1;False;ok;46;1;1.299;
2245;-0.114401691;42.58647628;0.1;False;ok;38;1;1.203;
2246;-0.014401691;42.58647628;0.1;False;ok;1;1;0.863;
2247;0.085598309;42.58647628;0.1;False;ok;2;1;0.851;
2248;0.185598309;42.58647628;0.1;False;ok;35;1;1.006;
2249;0.285598309;42.58647628;0.1;False;ok;18;1;0.936;
2250;0.485598309;42.58647628;0.025;False;ok;42;1;1.059;
2251;0.510598309;42.58647628;0.0125;False;ok;2;1;1.030;
2252;0.510598309;42.59897628;0.0125;False;ok;75;1;1.227;
2253;0.523098309;42.59897628;0.0125;False;ok;72;1;1.215;
2254;0.535598309;42.58647628;0.05;False;ok;60;1;1.358;
2255;0.535598309;42.63647628;0.05;False;ok;1;1;1.162;
2256;0.685598309;42.58647628;0.1;False;ok;0;1;1.945;
2257;0.885598309;42.58647628;0.1;False;ok;0;1;1.936;
2258;0.985598309;42.58647628;0.1;False;ok;4;1;1.241;
2259;1.085598309;42.58647628;0.1;False;ok;75;1;1.447;
2260;1.185598309;42.58647628;0.1;False;ok;9;1;1.215;
2261;1.285598309;42.58647628;0.1;False;ok;9;1;1.319;
2262;-2.514401691;42.68647628;0.1;False;ok;4;1;1.280;
2263;-2.414401691;42.68647628;0.1;False;ok;5;1;1.347;
2264;-2.314401691;42.68647628;0.1;False;ok;6;1;1.317;
2265;-2.214401691;42.68647628;0.1;False;ok;12;1;1.353;
2266;-2.114401691;42.68647628;0.1;False;ok;16;1;1.302;
2267;-2.014401691;42.68647628;0.1;False;ok;16;1;1.344;
2268;-1.914401691;42.68647628;0.1;False;ok;2;1;1.107;
2269;-1.814401691;42.68647628;0.1;False;ok;6;1;1.055;
2270;-1.714401691;42.68647628;0.1;False;ok;8;1;1.145;
2271;-1.514401691;42.68647628;0.1;False;ok;3;1;1.016;
2272;-1.414401691;42.68647628;0.1;False;ok;8;1;0.960;
2273;-1.314401691;42.68647628;0.1;False;ok;2;1;0.932;
2274;-1.014401691;42.68647628;0.1;False;ok;1;1;0.835;
2275;-0.914401691;42.68647628;0.1;False;ok;13;1;0.893;
2276;-0.814401691;42.68647628;0.1;False;ok;10;1;0.820;
2277;-0.714401691;42.68647628;0.1;False;ok;2;1;0.830;
2278;-0.614401691;42.68647628;0.1;False;ok;57;1;1.189;
2279;-0.514401691;42.68647628;0.1;False;ok;2;1;0.924;
2280;-0.414401691;42.68647628;0.1;False;ok;75;1;1.907;
2281;-0.314401691;42.68647628;0.1;False;ok;73;1;1.386;
2282;-0.114401691;42.68647628;0.1;False;ok;1;1;1.167;
2283;0.685598309;42.68647628;0.1;False;ok;40;1;1.332;
2284;0.785598309;42.68647628;0.0125;False;ok;2;1;1.246;
2285;0.798098309;42.68647628;0.0125;False;ok;31;1;1.340;
2286;0.785598309;42.69897628;0.0125;False;ok;75;1;1.445;
2287;0.798098309;42.69897628;0.0125;False;ok;36;1;1.396;
2288;0.810598309;42.68647628;0.025;False;ok;10;1;1.416;
2289;0.785598309;42.71147628;0.025;False;ok;13;1;1.410;
2290;0.835598309;42.68647628;0.05;False;ok;56;1;1.401;
2291;0.885598309;42.68647628;0.025;False;ok;75;1;1.429;
2292;0.932473309;42.69272628;0.003125;False;ok;20;1;1.440;
2293;0.929348309;42.69585128;0.003125;False;ok;10;1;1.271;
2294;0.932473309;42.69585128;0.003125;False;ok;75;1;1.449;
2295;0.910598309;42.69897628;0.0125;False;ok;15;1;1.297;
2296;0.923098309;42.69897628;0.0125;False;ok;44;1;1.342;
2297;0.910598309;42.71147628;0.025;False;ok;15;1;1.191;
2298;0.935598309;42.68647628;0.05;False;ok;62;1;1.190;
2299;0.985598309;42.68647628;0.1;False;ok;1;1;0.789;
2300;1.085598309;42.68647628;0.1;True;ok;0;1;1.506;
2301;-2.414401691;42.78647628;0.1;False;ok;2;1;0.678;
2302;-2.314401691;42.78647628;0.1;False;ok;4;1;0.685;
2303;-2.214401691;42.78647628;0.1;False;ok;4;1;0.789;
2304;-2.114401691;42.78647628;0.1;False;ok;1;1;0.667;
2305;-2.014401691;42.78647628;0.1;False;ok;0;1;1.599;
2306;-1.914401691;42.78647628;0.1;False;ok;5;1;0.959;
2307;-1.814401691;42.78647628;0.1;False;ok;9;1;1.236;
2308;-1.714401691;42.78647628;0.05;False;ok;50;1;1.377;
2309;-1.664401691;42.78647628;0.025;False;ok;47;1;1.448;
2310;-1.639401691;42.78647628;0.025;False;ok;23;1;1.267;
2311;-1.664401691;42.81147628;0.025;False;ok;75;1;1.632;
2312;-1.639401691;42.81147628;0.025;False;ok;23;1;1.446;
2313;-1.714401691;42.83647628;0.05;False;ok;5;1;1.394;
2314;-1.664401691;42.83647628;0.05;False;ok;4;1;1.323;
2315;-1.614401691;42.78647628;0.1;False;ok;23;1;1.422;
2316;-1.514401691;42.78647628;0.1;False;ok;2;1;1.393;
2317;-1.414401691;42.78647628;0.1;False;ok;3;1;1.379;
2318;-1.314401691;42.78647628;0.1;False;ok;1;1;1.281;
2319;-1.114401691;42.78647628;0.1;False;ok;5;1;1.303;
2320;-1.014401691;42.78647628;0.1;False;ok;33;1;1.312;
2321;-0.814401691;42.78647628;0.1;False;ok;1;1;1.117;
2322;-0.614401691;42.78647628;0.1;True;ok;15;1;1.268;
2323;-0.514401691;42.78647628;0.1;True;ok;0;1;1.893;
2324;0.685598309;42.78647628;0.1;True;ok;34;1;0.993;
2325;-2.414401691;42.88647628;0.1;False;ok;6;1;0.790;
2326;-2.314401691;42.88647628;0.1;False;ok;3;1;0.753;
2327;-2.214401691;42.88647628;0.1;False;ok;13;1;0.698;
2328;-2.114401691;42.88647628;0.1;False;ok;9;1;0.789;
2329;-2.014401691;42.88647628;0.1;False;ok;2;1;1.130;
2330;-1.914401691;42.88647628;0.1;False;ok;11;1;1.275;
2331;-1.814401691;42.88647628;0.1;False;ok;14;1;1.289;
2332;-1.714401691;42.88647628;0.1;False;ok;13;1;1.367;
2333;-1.614401691;42.88647628;0.1;False;ok;9;1;1.364;
2334;-1.514401691;42.88647628;0.1;False;ok;24;1;1.351;
2335;-1.414401691;42.88647628;0.1;False;ok;14;1;1.390;
2336;-1.314401691;42.88647628;0.1;False;ok;15;1;1.367;
2337;-1.214401691;42.88647628;0.1;False;ok;9;1;1.419;
2338;-1.114401691;42.88647628;0.1;False;ok;20;1;1.455;
2339;-2.514401691;42.98647628;0.1;False;ok;13;1;1.425;
2340;-2.414401691;42.98647628;0.1;False;ok;8;1;1.336;
2341;-2.314401691;42.98647628;0.1;False;ok;11;1;1.427;
2342;-2.214401691;42.98647628;0.1;False;ok;10;1;1.353;
2343;-2.114401691;42.98647628;0.1;False;ok;1;1;1.271;
2344;-2.014401691;42.98647628;0.1;False;ok;13;1;1.394;
2345;-1.914401691;42.98647628;0.1;False;ok;12;1;1.181;
2346;-1.814401691;42.98647628;0.1;False;ok;6;1;1.242;
2347;-1.714401691;42.98647628;0.1;False;ok;8;1;1.045;
2348;-1.614401691;42.98647628;0.1;False;ok;1;1;0.801;
2349;-1.514401691;42.98647628;0.1;True;ok;1;1;0.628;
2350;-1.414401691;42.98647628;0.1;False;ok;6;1;0.827;
2351;-1.314401691;42.98647628;0.1;False;ok;10;1;0.880;
2352;-2.514401691;43.08647628;0.1;False;ok;7;1;1.112;
2353;-2.414401691;43.08647628;0.1;False;ok;4;1;1.105;
2354;-2.314401691;43.08647628;0.1;False;ok;19;1;1.189;
2355;-2.214401691;43.08647628;0.1;False;ok;7;1;1.226;
2356;-2.114401691;43.08647628;0.1;False;ok;11;1;1.339;
2357;-2.014401691;43.08647628;0.1;False;ok;6;1;1.480;
2358;-1.914401691;43.08647628;0.1;False;ok;3;1;1.316;
2359;-1.814401691;43.08647628;0.1;False;ok;4;1;1.433;
2360;-1.714401691;43.08647628;0.1;False;ok;26;1;1.505;
2361;-1.614401691;43.08647628;0.1;False;ok;58;1;1.646;
2362;-1.514401691;43.08647628;0.1;True;ok;16;1;1.527;
2363;-1.314401691;43.08647628;0.1;True;ok;7;1;1.752;
2364;-2.514401691;43.18647628;0.1;False;ok;16;1;1.574;
2365;-2.414401691;43.18647628;0.1;False;ok;16;1;1.514;
2366;-2.314401691;43.18647628;0.1;False;ok;21;1;1.562;
2367;-2.214401691;43.18647628;0.1;False;ok;75;1;1.793;
2368;-2.114401691;43.18647628;0.1;False;ok;34;1;1.524;
2369;-2.014401691;43.18647628;0.1;False;ok;33;1;1.559;
2370;-1.914401691;43.18647628;0.1;False;ok;7;1;1.167;
2371;-1.814401691;43.18647628;0.1;False;ok;8;1;1.219;
2372;-1.714401691;43.18647628;0.1;True;ok;31;1;1.020;
2373;-1.614401691;43.18647628;0.1;True;ok;9;1;1.208;
2374;-1.514401691;43.18647628;0.1;False;ok;9;1;0.894;
2375;2.785598309;43.18647628;0.1;True;ok;0;1;1.044;
2376;-2.514401691;43.28647628;0.1;False;ok;68;1;0.883;
2377;-2.414401691;43.28647628;0.1;False;ok;22;1;0.831;
2378;-2.314401691;43.28647628;0.1;False;ok;41;1;0.830;
2379;-2.214401691;43.28647628;0.1;False;ok;75;1;0.984;
2380;-2.114401691;43.28647628;0.1;False;ok;30;1;0.833;
2381;-2.014401691;43.28647628;0.025;False;ok;31;1;1.035;
2382;-1.989401691;43.28647628;0.025;False;ok;68;1;1.322;
2383;-2.014401691;43.31147628;0.025;False;ok;67;1;1.343;
2384;-1.989401691;43.31147628;0.00625;False;ok;75;1;1.352;
2385;-1.983151691;43.31147628;0.00625;False;ok;75;1;1.252;
2386;-1.989401691;43.31772628;0.00625;False;ok;75;1;1.425;
2387;-1.983151691;43.31772628;0.003125;False;ok;73;1;1.432;
2388;-1.980026691;43.31772628;0.003125;False;ok;17;1;1.345;
2389;-1.983151691;43.32085128;0.003125;False;ok;36;1;1.321;
2390;-1.980026691;43.32085128;0.003125;False;ok;34;1;1.395;
2391;-1.976901691;43.31147628;0.0125;False;ok;75;1;1.532;
2392;-1.989401691;43.32397628;0.0125;False;ok;42;1;1.336;
2393;-1.976901691;43.32397628;0.0125;False;ok;75;1;1.468;
2394;-1.964401691;43.28647628;0.05;False;ok;43;1;1.356;
2395;-1.914401691;43.28647628;0.1;False;ok;43;1;1.301;
2396;-1.814401691;43.28647628;0.05;False;ok;5;1;1.166;
2397;-1.814401691;43.33647628;0.025;False;ok;18;1;1.216;
2398;-1.789401691;43.33647628;0.025;True;ok;5;1;1.280;
2399;-1.814401691;43.36147628;0.025;False;ok;75;1;1.258;
2400;-1.789401691;43.36147628;0.0125;True;ok;3;1;0.945;
2401;-1.764401691;43.33647628;0.05;True;ok;1;1;0.967;
2402;-1.714401691;43.28647628;0.05;False;ok;1;1;0.600;
2403;-1.614401691;43.28647628;0.1;True;ok;1;1;0.923;
2404;-1.514401691;43.38647628;0.1;True;ok;1;1;0.999;
2405;1.385598309;43.38647628;0.1;True;ok;1;1;0.899;
2406;-7.168057005;38.21713759;0.1;False;ok;1;1;0.919;
2407;-6.768057005;38.21713759;0.1;False;ok;4;1;1.060;
2408;-6.368057005;38.21713759;0.1;False;ok;2;1;1.086;
2409;-6.068057005;38.21713759;0.1;False;ok;5;1;1.126;
2410;-5.968057005;38.21713759;0.1;False;ok;1;1;1.046;
2411;-5.868057005;38.21713759;0.1;False;ok;2;1;1.226;
2412;-5.768057005;38.21713759;0.1;False;ok;0;1;2.014;
2413;-5.668057005;38.21713759;0.1;False;ok;4;1;1.315;
2414;-5.568057005;38.21713759;0.1;False;ok;1;1;1.232;
2415;-5.468057005;38.21713759;0.1;False;ok;6;1;1.389;
2416;-5.368057005;38.21713759;0.1;False;ok;4;1;1.360;
2417;-3.668057005;38.21713759;0.1;False;ok;4;1;1.365;
2418;-3.468057005;38.21713759;0.1;False;ok;2;1;1.409;
2419;-3.268057005;38.21713759;0.1;False;ok;3;1;1.361;
2420;-2.968057005;38.21713759;0.1;False;ok;6;1;1.356;
2421;-2.868057005;38.21713759;0.1;False;ok;5;1;1.409;
2422;-2.768057005;38.21713759;0.1;False;ok;37;1;1.432;
2423;-2.668057005;38.21713759;0.1;False;ok;26;1;1.315;
2424;-2.568057005;38.21713759;0.1;False;ok;1;1;1.275;
2425;-2.468057005;38.21713759;0.1;False;ok;3;1;1.231;
2426;-7.268057005;38.31713759;0.1;False;ok;3;1;1.203;
2427;-7.168057005;38.31713759;0.1;False;ok;2;1;1.101;
2428;-6.868057005;38.31713759;0.1;False;ok;14;1;1.163;
2429;-6.768057005;38.31713759;0.1;False;ok;3;1;1.456;
2430;-6.668057005;38.31713759;0.1;False;ok;0;1;1.806;
2431;-6.468057005;38.31713759;0.1;False;ok;4;1;0.984;
2432;-6.368057005;38.31713759;0.1;False;ok;3;1;1.071;
2433;-6.068057005;38.31713759;0.1;False;ok;2;1;1.036;
2434;-5.968057005;38.31713759;0.1;False;ok;0;1;1.837;
2435;-5.068057005;38.31713759;0.1;False;ok;12;1;1.200;
2436;-4.968057005;38.31713759;0.1;False;ok;4;1;1.135;
2437;-4.868057005;38.31713759;0.1;False;ok;10;1;1.205;
2438;-4.668057005;38.31713759;0.1;False;ok;6;1;1.224;
2439;-4.368057005;38.31713759;0.1;False;ok;6;1;1.255;
2440;-3.568057005;38.31713759;0.1;False;ok;10;1;1.199;
2441;-3.468057005;38.31713759;0.1;False;ok;2;1;1.136;
2442;-3.368057005;38.31713759;0.1;False;ok;1;1;1.136;
2443;-2.868057005;38.31713759;0.1;False;ok;6;1;1.231;
2444;-2.768057005;38.31713759;0.1;False;ok;8;1;1.125;
2445;-2.668057005;38.31713759;0.1;False;ok;30;1;1.235;
2446;-2.568057005;38.31713759;0.1;False;ok;6;1;1.112;
2447;-2.468057005;38.31713759;0.1;False;ok;17;1;1.150;
2448;-2.368057005;38.31713759;0.1;False;ok;18;1;1.113;
2449;-7.368057005;38.41713759;0.1;True;ok;1;1;1.088;
2450;-6.468057005;38.41713759;0.1;False;ok;30;1;1.141;
2451;-6.368057005;38.41713759;0.1;False;ok;0;1;1.717;
2452;-6.268057005;38.41713759;0.1;False;ok;2;1;0.957;
2453;-5.168057005;38.41713759;0.1;False;ok;5;1;0.979;
2454;-4.768057005;38.41713759;0.1;False;ok;1;1;0.838;
2455;-4.368057005;38.41713759;0.1;False;ok;1;1;0.888;
2456;-3.568057005;38.41713759;0.1;False;ok;1;1;0.969;
2457;-2.768057005;38.41713759;0.1;False;ok;0;1;1.820;
2458;-2.668057005;38.41713759;0.1;False;ok;2;1;1.055;
2459;-2.568057005;38.41713759;0.1;False;ok;10;1;1.097;
2460;-2.468057005;38.41713759;0.1;False;ok;74;1;1.235;
2461;-2.368057005;38.41713759;0.1;False;ok;6;1;1.216;
2462;-7.068057005;38.51713759;0.1;False;ok;0;1;1.970;
2463;-6.868057005;38.51713759;0.1;False;ok;4;1;1.174;
2464;-6.668057005;38.51713759;0.1;False;ok;3;1;1.234;
2465;-6.568057005;38.51713759;0.1;False;ok;1;1;1.328;
2466;-6.368057005;38.51713759;0.1;False;ok;9;1;1.300;
2467;-6.268057005;38.51713759;0.1;False;ok;3;1;1.271;
2468;-6.068057005;38.51713759;0.1;False;ok;3;1;1.318;
2469;-4.568057005;38.51713759;0.1;False;ok;0;1;1.986;
2470;-4.168057005;38.51713759;0.1;False;ok;1;1;1.259;
2471;-3.468057005;38.51713759;0.1;False;ok;3;1;1.178;
2472;-3.368057005;38.51713759;0.1;False;ok;0;1;1.906;
2473;-3.068057005;38.51713759;0.1;False;ok;2;1;1.099;
2474;-2.868057005;38.51713759;0.1;False;ok;0;1;1.850;
2475;-2.668057005;38.51713759;0.1;False;ok;1;1;1.035;
2476;-2.568057005;38.51713759;0.1;False;ok;4;1;0.984;
2477;-2.468057005;38.51713759;0.1;False;ok;1;1;0.868;
2478;-2.368057005;38.51713759;0.1;False;ok;2;1;0.895;
2479;-7.168057005;38.61713759;0.1;False;ok;22;1;0.991;
2480;-7.068057005;38.61713759;0.1;False;ok;3;1;0.876;
2481;-6.568057005;38.61713759;0.1;False;ok;1;1;0.781;
2482;-6.468057005;38.61713759;0.1;False;ok;12;1;0.946;
2483;-6.168057005;38.61713759;0.1;False;ok;1;1;0.926;
2484;-5.668057005;38.61713759;0.1;False;ok;4;1;0.968;
2485;-5.268057005;38.61713759;0.1;False;ok;3;1;0.954;
2486;-4.368057005;38.61713759;0.1;False;ok;3;1;0.998;
2487;-4.268057005;38.61713759;0.1;False;ok;3;1;1.102;
2488;-4.168057005;38.61713759;0.1;False;ok;13;1;1.147;
2489;-3.868057005;38.61713759;0.1;False;ok;4;1;1.028;
2490;-3.568057005;38.61713759;0.1;False;ok;2;1;1.037;
2491;-3.468057005;38.61713759;0.1;False;ok;5;1;1.062;
2492;-3.368057005;38.61713759;0.1;False;ok;3;1;1.149;
2493;-3.168057005;38.61713759;0.1;False;ok;1;1;1.154;
2494;-3.068057005;38.61713759;0.1;False;ok;0;1;1.915;
2495;-2.868057005;38.61713759;0.1;False;ok;4;1;1.155;
2496;-2.768057005;38.61713759;0.1;False;ok;2;1;1.233;
2497;-2.668057005;38.61713759;0.1;False;ok;1;1;1.084;
2498;-2.568057005;38.61713759;0.1;False;ok;15;1;1.357;
2499;-2.468057005;38.61713759;0.1;False;ok;1;1;1.177;
2500;-2.368057005;38.61713759;0.1;False;ok;2;1;1.190;
2501;-6.968057005;38.71713759;0.1;False;ok;2;1;1.281;
2502;-6.468057005;38.71713759;0.1;False;ok;2;1;1.239;
2503;-6.268057005;38.71713759;0.1;False;ok;7;1;1.259;
2504;-5.668057005;38.71713759;0.1;False;ok;0;1;1.977;
2505;-4.968057005;38.71713759;0.1;False;ok;2;1;1.296;
2506;-4.868057005;38.71713759;0.1;False;ok;6;1;1.299;
2507;-4.168057005;38.71713759;0.1;False;ok;4;1;1.248;
2508;-3.768057005;38.71713759;0.1;False;ok;2;1;1.142;
2509;-3.468057005;38.71713759;0.1;False;ok;19;1;1.339;
2510;-3.368057005;38.71713759;0.1;False;ok;2;1;1.208;
2511;-3.068057005;38.71713759;0.1;False;ok;24;1;1.295;
2512;-2.968057005;38.71713759;0.1;False;ok;4;1;1.160;
2513;-2.768057005;38.71713759;0.1;False;ok;1;1;1.139;
2514;-2.668057005;38.71713759;0.1;False;ok;1;1;0.970;
2515;-2.468057005;38.71713759;0.1;False;ok;2;1;1.039;
2516;-7.068057005;38.81713759;0.1;False;ok;42;1;1.135;
2517;-6.968057005;38.81713759;0.1;False;ok;11;1;1.107;
2518;-6.768057005;38.81713759;0.1;False;ok;3;1;0.982;
2519;-6.668057005;38.81713759;0.1;False;ok;7;1;1.037;
2520;-6.568057005;38.81713759;0.1;False;ok;0;1;1.805;
2521;-6.468057005;38.81713759;0.1;False;ok;7;1;1.050;
2522;-6.368057005;38.81713759;0.1;False;ok;75;1;1.341;
2523;-6.268057005;38.81713759;0.1;False;ok;7;1;1.232;
2524;-5.868057005;38.81713759;0.1;False;ok;0;1;2.005;
2525;-5.768057005;38.81713759;0.1;False;ok;1;1;1.246;
2526;-5.468057005;38.81713759;0.1;False;ok;4;1;1.403;
2527;-4.168057005;38.81713759;0.1;False;ok;3;1;1.264;
2528;-3.968057005;38.81713759;0.1;False;ok;1;1;1.168;
2529;-3.768057005;38.81713759;0.1;False;ok;73;1;1.612;
2530;-3.668057005;38.81713759;0.1;False;ok;6;1;1.410;
2531;-3.268057005;38.81713759;0.1;False;ok;6;1;1.334;
2532;-3.168057005;38.81713759;0.1;False;ok;2;1;1.305;
2533;-3.068057005;38.81713759;0.1;False;ok;3;1;1.269;
2534;-6.568057005;38.91713759;0.1;False;ok;3;1;1.259;
2535;-6.468057005;38.91713759;0.1;False;ok;1;1;1.178;
2536;-6.368057005;38.91713759;0.1;False;ok;66;1;1.428;
2537;-6.268057005;38.91713759;0.1;False;ok;5;1;1.174;
2538;-6.068057005;38.91713759;0.1;False;ok;5;1;1.067;
2539;-5.968057005;38.91713759;0.1;False;ok;7;1;1.120;
2540;-5.868057005;38.91713759;0.1;False;ok;13;1;1.128;
2541;-5.568057005;38.91713759;0.1;False;ok;7;1;0.765;
2542;-5.268057005;38.91713759;0.1;False;ok;5;1;0.790;
2543;-5.068057005;38.91713759;0.1;False;ok;2;1;0.840;
2544;-4.668057005;38.91713759;0.1;False;ok;0;1;1.499;
2545;-3.968057005;38.91713759;0.1;False;ok;33;1;0.993;
2546;-3.468057005;38.91713759;0.1;False;ok;19;1;0.955;
2547;-3.368057005;38.91713759;0.1;False;ok;4;1;1.202;
2548;-3.268057005;38.91713759;0.1;False;ok;6;1;1.202;
2549;-2.968057005;38.91713759;0.1;False;ok;66;1;1.308;
2550;-2.868057005;38.91713759;0.1;False;ok;41;1;1.310;
2551;-2.768057005;38.91713759;0.1;False;ok;14;1;1.262;
2552;-2.568057005;38.91713759;0.1;False;ok;2;1;1.250;
2553;-2.468057005;38.91713759;0.1;False;ok;0;1;1.868;
2554;-6.768057005;39.01713759;0.1;False;ok;1;1;1.255;
2555;-6.668057005;39.01713759;0.1;False;ok;1;1;1.265;
2556;-6.568057005;39.01713759;0.1;False;ok;1;1;1.289;
2557;-6.368057005;39.01713759;0.1;False;ok;7;1;1.312;
2558;-5.968057005;39.01713759;0.1;False;ok;3;1;1.248;
2559;-5.768057005;39.01713759;0.1;False;ok;1;1;1.213;
2560;-5.568057005;39.01713759;0.1;False;ok;2;1;1.219;
2561;-5.468057005;39.01713759;0.1;False;ok;0;1;1.929;
2562;-5.368057005;39.01713759;0.1;False;ok;3;1;1.223;
2563;-5.268057005;39.01713759;0.1;False;ok;0;1;1.855;
2564;-4.668057005;39.01713759;0.1;False;ok;3;1;0.927;
2565;-4.268057005;39.01713759;0.1;False;ok;3;1;0.968;
2566;-4.068057005;39.01713759;0.1;False;ok;5;1;0.919;
2567;-3.968057005;39.01713759;0.1;False;ok;2;1;0.812;
2568;-3.768057005;39.01713759;0.1;False;ok;1;1;0.855;
2569;-3.668057005;39.01713759;0.1;False;ok;17;1;1.078;
2570;-3.468057005;39.01713759;0.1;False;ok;1;1;0.948;
2571;-3.068057005;39.01713759;0.1;False;ok;1;1;0.957;
2572;-2.568057005;39.01713759;0.1;False;ok;3;1;1.102;
2573;-7.268057005;39.11713759;0.1;True;ok;6;1;1.194;
2574;-7.068057005;39.11713759;0.1;False;ok;1;1;1.109;
2575;-6.468057005;39.11713759;0.1;False;ok;3;1;1.150;
2576;-6.368057005;39.11713759;0.1;False;ok;1;1;1.120;
2577;-6.268057005;39.11713759;0.1;False;ok;9;1;1.208;
2578;-6.168057005;39.11713759;0.1;False;ok;1;1;1.084;
2579;-6.068057005;39.11713759;0.1;False;ok;6;1;1.115;
2580;-5.968057005;39.11713759;0.1;False;ok;4;1;1.169;
2581;-5.668057005;39.11713759;0.1;False;ok;2;1;1.190;
2582;-5.168057005;39.11713759;0.1;False;ok;0;1;1.875;
2583;-5.068057005;39.11713759;0.1;False;ok;12;1;1.077;
2584;-4.968057005;39.11713759;0.1;False;ok;1;1;1.054;
2585;-4.368057005;39.11713759;0.1;False;ok;4;1;1.178;
2586;-4.168057005;39.11713759;0.1;False;ok;0;1;1.858;
2587;-4.068057005;39.11713759;0.1;False;ok;3;1;1.203;
2588;-3.968057005;39.11713759;0.1;False;ok;2;1;1.249;
2589;-3.868057005;39.11713759;0.1;False;ok;0;1;1.996;
2590;-3.768057005;39.11713759;0.1;False;ok;0;1;2.052;
2591;-3.568057005;39.11713759;0.1;False;ok;0;1;2.008;
2592;-3.368057005;39.11713759;0.1;False;ok;1;1;1.228;
2593;-3.168057005;39.11713759;0.1;False;ok;20;1;1.378;
2594;-3.068057005;39.11713759;0.1;False;ok;29;1;1.461;
2595;-7.268057005;39.21713759;0.1;False;ok;9;1;1.267;
2596;-7.068057005;39.21713759;0.1;False;ok;6;1;1.254;
2597;-6.968057005;39.21713759;0.1;False;ok;0;1;1.918;
2598;-6.368057005;39.21713759;0.1;False;ok;2;1;1.243;
2599;-6.268057005;39.21713759;0.1;False;ok;1;1;1.215;
2600;-6.168057005;39.21713759;0.1;False;ok;26;1;1.297;
2601;-5.868057005;39.21713759;0.1;False;ok;2;1;1.140;
2602;-5.768057005;39.21713759;0.1;False;ok;1;1;1.046;
2603;-5.268057005;39.21713759;0.1;False;ok;2;1;0.984;
2604;-5.168057005;39.21713759;0.1;False;ok;2;1;0.891;
2605;-4.568057005;39.21713759;0.1;False;ok;2;1;0.843;
2606;-4.368057005;39.21713759;0.1;False;ok;5;1;0.738;
2607;-4.068057005;39.21713759;0.1;False;ok;1;1;0.635;
2608;-3.968057005;39.21713759;0.1;False;ok;1;1;0.651;
2609;-3.868057005;39.21713759;0.1;False;ok;2;1;1.074;
2610;-3.668057005;39.21713759;0.1;False;ok;4;1;0.979;
2611;-3.468057005;39.21713759;0.1;False;ok;4;1;0.993;
2612;-3.368057005;39.21713759;0.1;False;ok;0;1;1.915;
2613;-3.168057005;39.21713759;0.1;False;ok;2;1;1.059;
2614;-2.868057005;39.21713759;0.1;False;ok;5;1;1.232;
2615;-2.668057005;39.21713759;0.1;False;ok;8;1;1.299;
2616;-2.568057005;39.21713759;0.1;False;ok;3;1;1.365;
2617;-2.468057005;39.21713759;0.1;False;ok;3;1;1.449;
2618;-2.368057005;39.21713759;0.1;False;ok;2;1;1.335;
2619;-7.368057005;39.31713759;0.1;True;ok;9;1;1.514;
2620;-7.268057005;39.31713759;0.1;False;ok;9;1;1.411;
2621;-7.168057005;39.31713759;0.1;False;ok;6;1;1.472;
2622;-6.368057005;39.31713759;0.1;False;ok;3;1;1.391;
2623;-6.268057005;39.31713759;0.1;False;ok;9;1;1.864;
2624;-6.168057005;39.31713759;0.1;False;ok;2;1;1.470;
2625;-6.068057005;39.31713759;0.1;False;ok;6;1;1.373;
2626;-5.868057005;39.31713759;0.1;False;ok;9;1;1.420;
2627;-5.768057005;39.31713759;0.1;False;ok;1;1;1.338;
2628;-5.568057005;39.31713759;0.1;False;ok;3;1;1.195;
2629;-5.468057005;39.31713759;0.1;False;ok;10;1;1.037;
2630;-5.368057005;39.31713759;0.1;False;ok;2;1;0.997;
2631;-5.068057005;39.31713759;0.1;False;ok;1;1;0.928;
2632;-3.968057005;39.31713759;0.1;False;ok;0;1;1.723;
2633;-3.768057005;39.31713759;0.1;False;ok;5;1;0.888;
2634;-3.568057005;39.31713759;0.1;False;ok;7;1;0.865;
2635;-3.368057005;39.31713759;0.1;False;ok;19;1;0.929;
2636;-3.268057005;39.31713759;0.1;False;ok;15;1;1.043;
2637;-3.168057005;39.31713759;0.1;False;ok;15;1;0.981;
2638;-3.068057005;39.31713759;0.1;False;ok;1;1;0.928;
2639;-2.968057005;39.31713759;0.1;False;ok;2;1;0.997;
2640;-2.768057005;39.31713759;0.1;False;ok;2;1;1.275;
2641;-2.668057005;39.31713759;0.1;False;ok;2;1;1.195;
2642;-2.568057005;39.31713759;0.1;False;ok;1;1;1.291;
2643;-2.468057005;39.31713759;0.1;False;ok;9;1;1.191;
2644;-2.368057005;39.31713759;0.1;False;ok;7;1;1.237;
2645;-6.768057005;39.41713759;0.1;False;ok;2;1;1.643;
2646;-6.668057005;39.41713759;0.1;False;ok;4;1;1.248;
2647;-6.568057005;39.41713759;0.1;False;ok;10;1;1.299;
2648;-6.468057005;39.41713759;0.05;False;ok;1;1;1.316;
2649;-6.418057005;39.41713759;0.05;False;ok;5;1;1.285;
2650;-6.418057005;39.46713759;0.025;False;ok;2;1;1.245;
2651;-6.393057005;39.46713759;0.0125;False;ok;7;1;2.797;
2652;-6.380557005;39.46713759;0.00625;False;ok;12;1;1.242;
2653;-6.374307005;39.46713759;0.00625;False;ok;45;1;1.469;
2654;-6.380557005;39.47338759;0.00625;False;ok;20;1;1.174;
2655;-6.374307005;39.47338759;0.00625;False;ok;75;1;1.225;
2656;-6.380557005;39.47963759;0.0125;False;ok;2;1;1.052;
2657;-6.368057005;39.41713759;0.1;False;ok;12;1;1.033;
2658;-6.168057005;39.41713759;0.1;False;ok;3;1;1.025;
2659;-6.068057005;39.41713759;0.1;False;ok;1;1;0.947;
2660;-5.968057005;39.41713759;0.1;False;ok;62;1;1.156;
2661;-5.868057005;39.41713759;0.1;False;ok;1;1;1.030;
2662;-5.768057005;39.41713759;0.1;False;ok;1;1;1.061;
2663;-5.468057005;39.41713759;0.1;False;ok;2;1;1.237;
2664;-5.368057005;39.41713759;0.1;False;ok;20;1;1.119;
2665;-5.268057005;39.41713759;0.1;False;ok;4;1;1.044;
2666;-4.568057005;39.41713759;0.1;False;ok;7;1;1.228;
2667;-4.468057005;39.41713759;0.1;False;ok;5;1;1.122;
2668;-3.968057005;39.41713759;0.1;False;ok;1;1;1.070;
2669;-3.768057005;39.41713759;0.1;False;ok;1;1;1.082;
2670;-3.668057005;39.41713759;0.1;False;ok;26;1;1.254;
2671;-3.568057005;39.41713759;0.1;False;ok;10;1;1.170;
2672;-3.468057005;39.41713759;0.1;False;ok;5;1;1.190;
2673;-3.368057005;39.41713759;0.1;False;ok;4;1;1.173;
2674;-3.068057005;39.41713759;0.1;False;ok;7;1;1.119;
2675;-2.968057005;39.41713759;0.1;False;ok;18;1;1.270;
2676;-2.768057005;39.41713759;0.1;False;ok;2;1;1.141;
2677;-2.368057005;39.41713759;0.1;False;ok;2;1;1.082;
2678;-7.268057005;39.51713759;0.1;False;ok;0;1;1.826;
2679;-7.068057005;39.51713759;0.1;False;ok;2;1;1.082;
2680;-6.768057005;39.51713759;0.1;False;ok;2;1;1.083;
2681;-6.568057005;39.51713759;0.1;False;ok;1;1;1.069;
2682;-6.468057005;39.51713759;0.1;False;ok;7;1;1.094;
2683;-5.968057005;39.51713759;0.1;False;ok;4;1;1.053;
2684;-5.568057005;39.51713759;0.1;False;ok;4;1;1.057;
2685;-5.368057005;39.51713759;0.1;False;ok;1;1;0.991;
2686;-5.168057005;39.51713759;0.1;False;ok;2;1;1.045;
2687;-4.768057005;39.51713759;0.1;False;ok;1;1;0.896;
2688;-4.568057005;39.51713759;0.1;False;ok;3;1;1.072;
2689;-4.368057005;39.51713759;0.1;False;ok;11;1;1.125;
2690;-4.268057005;39.51713759;0.1;False;ok;6;1;1.109;
2691;-4.068057005;39.51713759;0.1;False;ok;0;1;1.782;
2692;-3.968057005;39.51713759;0.1;False;ok;7;1;1.178;
2693;-3.568057005;39.51713759;0.1;False;ok;1;1;1.039;
2694;-3.368057005;39.51713759;0.1;False;ok;4;1;1.186;
2695;-3.168057005;39.51713759;0.1;False;ok;4;1;1.165;
2696;-3.068057005;39.51713759;0.1;False;ok;3;1;1.278;
2697;-2.868057005;39.51713759;0.1;False;ok;1;1;1.096;
2698;-2.768057005;39.51713759;0.1;False;ok;21;1;1.308;
2699;-2.668057005;39.51713759;0.1;False;ok;1;1;1.273;
2700;-2.468057005;39.51713759;0.1;False;ok;1;1;1.275;
2701;-2.368057005;39.51713759;0.1;False;ok;1;1;1.256;
2702;-7.368057005;39.61713759;0.1;False;ok;0;1;2.098;
2703;-6.968057005;39.61713759;0.1;False;ok;1;1;1.234;
2704;-6.868057005;39.61713759;0.1;False;ok;3;1;1.238;
2705;-6.668057005;39.61713759;0.1;False;ok;1;1;1.184;
2706;-6.568057005;39.61713759;0.1;False;ok;3;1;1.224;
2707;-6.368057005;39.61713759;0.1;False;ok;4;1;1.210;
2708;-5.868057005;39.61713759;0.1;False;ok;1;1;1.188;
2709;-5.568057005;39.61713759;0.1;False;ok;1;1;1.074;
2710;-5.468057005;39.61713759;0.1;False;ok;3;1;1.082;
2711;-5.268057005;39.61713759;0.1;False;ok;4;1;1.072;
2712;-5.168057005;39.61713759;0.1;False;ok;1;1;1.019;
2713;-4.868057005;39.61713759;0.1;False;ok;0;1;1.816;
2714;-4.668057005;39.61713759;0.1;False;ok;14;1;1.089;
2715;-4.568057005;39.61713759;0.1;False;ok;9;1;1.024;
2716;-4.368057005;39.61713759;0.1;False;ok;14;1;1.087;
2717;-4.268057005;39.61713759;0.1;False;ok;12;1;1.297;
2718;-4.168057005;39.61713759;0.1;False;ok;7;1;1.280;
2719;-4.068057005;39.61713759;0.1;False;ok;12;1;1.260;
2720;-3.968057005;39.61713759;0.1;False;ok;14;1;1.243;
2721;-3.868057005;39.61713759;0.1;False;ok;8;1;1.244;
2722;-3.768057005;39.61713759;0.1;False;ok;1;1;1.258;
2723;-3.568057005;39.61713759;0.1;False;ok;3;1;1.271;
2724;-3.368057005;39.61713759;0.1;False;ok;4;1;1.289;
2725;-3.268057005;39.61713759;0.1;False;ok;1;1;1.233;
2726;-2.768057005;39.61713759;0.1;False;ok;2;1;1.191;
2727;-2.468057005;39.61713759;0.1;False;ok;2;1;1.177;
2728;-2.368057005;39.61713759;0.1;False;ok;1;1;1.117;
2729;-6.968057005;39.71713759;0.1;False;ok;3;1;1.229;
2730;-6.868057005;39.71713759;0.1;False;ok;1;1;1.180;
2731;-6.668057005;39.71713759;0.1;False;ok;1;1;1.052;
2732;-6.468057005;39.71713759;0.1;False;ok;3;1;1.032;
2733;-6.068057005;39.71713759;0.1;False;ok;24;1;1.104;
2734;-5.368057005;39.71713759;0.1;False;ok;1;1;0.806;
2735;-5.268057005;39.71713759;0.1;False;ok;3;1;0.907;
2736;-4.168057005;39.71713759;0.1;False;ok;28;1;1.061;
2737;-4.068057005;39.71713759;0.1;False;ok;42;1;1.263;
2738;-3.968057005;39.71713759;0.1;False;ok;4;1;1.090;
2739;-3.868057005;39.71713759;0.1;False;ok;7;1;1.289;
2740;-3.568057005;39.71713759;0.1;False;ok;10;1;1.246;
2741;-3.368057005;39.71713759;0.1;False;ok;4;1;1.164;
2742;-3.268057005;39.71713759;0.1;False;ok;1;1;1.419;
2743;-3.168057005;39.71713759;0.1;False;ok;1;1;1.286;
2744;-2.868057005;39.71713759;0.1;False;ok;0;1;2.076;
2745;-2.568057005;39.71713759;0.1;False;ok;1;1;1.372;
2746;-2.468057005;39.71713759;0.1;False;ok;1;1;1.419;
2747;-6.868057005;39.81713759;0.1;False;ok;3;1;1.344;
2748;-6.768057005;39.81713759;0.1;False;ok;0;1;2.174;
2749;-6.468057005;39.81713759;0.1;False;ok;6;1;1.372;
2750;-6.368057005;39.81713759;0.1;False;ok;3;1;1.316;
2751;-6.168057005;39.81713759;0.1;False;ok;4;1;1.267;
2752;-6.068057005;39.81713759;0.1;False;ok;3;1;1.389;
2753;-5.968057005;39.81713759;0.1;False;ok;1;1;1.280;
2754;-5.868057005;39.81713759;0.1;False;ok;1;1;1.176;
2755;-5.768057005;39.81713759;0.1;False;ok;2;1;1.211;
2756;-5.668057005;39.81713759;0.1;False;ok;3;1;1.013;
2757;-5.468057005;39.81713759;0.1;False;ok;1;1;1.010;
2758;-5.268057005;39.81713759;0.1;False;ok;6;1;0.834;
2759;-5.168057005;39.81713759;0.1;False;ok;1;1;0.845;
2760;-5.068057005;39.81713759;0.1;False;ok;1;1;0.874;
2761;-4.968057005;39.81713759;0.1;False;ok;3;1;1.044;
2762;-4.768057005;39.81713759;0.1;False;ok;6;1;1.026;
2763;-4.568057005;39.81713759;0.1;False;ok;1;1;1.070;
2764;-4.368057005;39.81713759;0.1;False;ok;10;1;1.193;
2765;-4.268057005;39.81713759;0.1;False;ok;6;1;1.157;
2766;-4.043057005;39.81713759;0.025;False;ok;2;1;1.139;
2767;-4.068057005;39.84213759;0.025;False;ok;4;1;1.277;
2768;-4.043057005;39.84213759;0.0125;False;ok;11;1;1.226;
2769;-4.030557005;39.84213759;0.0125;False;ok;49;1;1.398;
2770;-4.043057005;39.85463759;0.0125;False;ok;31;1;1.340;
2771;-4.030557005;39.85463759;0.00625;False;ok;75;1;1.512;
2772;-4.024307005;39.85463759;0.003125;False;ok;75;1;1.381;
2773;-4.021182005;39.85463759;0.003125;False;ok;22;1;1.227;
2774;-4.024307005;39.85776259;0.003125;False;ok;75;1;1.604;
2775;-4.021182005;39.85776259;0.003125;False;ok;23;1;1.347;
2776;-4.030557005;39.86088759;0.00625;False;ok;23;1;1.282;
2777;-4.024307005;39.86088759;0.00625;False;ok;41;1;1.353;
2778;-4.018057005;39.81713759;0.05;False;ok;13;1;1.254;
2779;-4.068057005;39.86713759;0.05;False;ok;28;1;1.320;
2780;-4.018057005;39.86713759;0.05;False;ok;5;1;1.149;
2781;-3.968057005;39.81713759;0.1;False;ok;14;1;1.200;
2782;-3.668057005;39.81713759;0.1;False;ok;2;1;1.164;
2783;-3.568057005;39.81713759;0.1;False;ok;4;1;1.022;
2784;-3.168057005;39.81713759;0.1;False;ok;0;1;1.782;
2785;-3.068057005;39.81713759;0.1;False;ok;3;1;1.033;
2786;-2.668057005;39.81713759;0.1;False;ok;2;1;0.983;
2787;-2.568057005;39.81713759;0.1;False;ok;1;1;0.979;
2788;-6.668057005;39.91713759;0.1;False;ok;0;1;1.670;
2789;-6.568057005;39.91713759;0.1;False;ok;9;1;1.050;
2790;-6.368057005;39.91713759;0.1;False;ok;7;1;1.005;
2791;-6.168057005;39.91713759;0.1;False;ok;6;1;1.072;
2792;-6.068057005;39.91713759;0.1;False;ok;11;1;0.997;
2793;-5.968057005;39.91713759;0.1;False;ok;2;1;1.025;
2794;-5.768057005;39.91713759;0.1;False;ok;3;1;1.158;
2795;-5.668057005;39.91713759;0.1;False;ok;11;1;1.183;
2796;-5.468057005;39.91713759;0.1;False;ok;1;1;1.174;
2797;-5.268057005;39.91713759;0.1;False;ok;11;1;1.211;
2798;-5.168057005;39.91713759;0.1;False;ok;2;1;1.162;
2799;-4.968057005;39.91713759;0.1;False;ok;8;1;1.285;
2800;-4.868057005;39.91713759;0.1;False;ok;43;1;1.356;
2801;-4.768057005;39.91713759;0.1;False;ok;13;1;1.287;
2802;-4.668057005;39.91713759;0.1;False;ok;1;1;1.227;
2803;-4.568057005;39.91713759;0.1;False;ok;0;1;1.933;
2804;-4.468057005;39.91713759;0.1;False;ok;3;1;1.255;
2805;-4.368057005;39.91713759;0.1;False;ok;7;1;1.221;
2806;-4.168057005;39.91713759;0.1;False;ok;4;1;1.169;
2807;-4.068057005;39.91713759;0.1;False;ok;7;1;1.173;
2808;-3.968057005;39.91713759;0.1;False;ok;11;1;1.172;
2809;-3.768057005;39.91713759;0.1;False;ok;1;1;1.027;
2810;-3.668057005;39.91713759;0.1;False;ok;0;1;1.823;
2811;-3.568057005;39.91713759;0.1;False;ok;7;1;1.049;
2812;-3.468057005;39.91713759;0.1;False;ok;3;1;1.095;
2813;-3.368057005;39.91713759;0.1;False;ok;1;1;1.016;
2814;-3.268057005;39.91713759;0.1;False;ok;4;1;1.125;
2815;-3.068057005;39.91713759;0.1;False;ok;5;1;1.101;
2816;-2.968057005;39.91713759;0.1;False;ok;2;1;1.146;
2817;-2.868057005;39.91713759;0.1;False;ok;5;1;1.156;
2818;-2.368057005;39.91713759;0.1;False;ok;0;1;1.928;
2819;-6.868057005;40.01713759;0.1;False;ok;0;1;1.859;
2820;-6.668057005;40.01713759;0.1;False;ok;11;1;1.173;
2821;-6.268057005;40.01713759;0.1;False;ok;5;1;1.245;
2822;-6.168057005;40.01713759;0.1;False;ok;71;1;1.359;
2823;-5.968057005;40.01713759;0.1;False;ok;13;1;1.162;
2824;-5.868057005;40.01713759;0.1;False;ok;19;1;1.234;
2825;-5.768057005;40.01713759;0.1;False;ok;50;1;1.383;
2826;-5.668057005;40.01713759;0.1;False;ok;4;1;1.133;
2827;-5.568057005;40.01713759;0.1;False;ok;3;1;1.160;
2828;-5.468057005;40.01713759;0.1;False;ok;2;1;1.084;
2829;-5.268057005;40.01713759;0.1;False;ok;2;1;1.103;
2830;-5.168057005;40.01713759;0.1;False;ok;6;1;1.055;
2831;-5.068057005;40.01713759;0.1;False;ok;2;1;1.002;
2832;-4.968057005;40.01713759;0.1;False;ok;3;1;0.997;
2833;-4.868057005;40.01713759;0.1;False;ok;13;1;1.010;
2834;-4.768057005;40.01713759;0.1;False;ok;13;1;0.966;
2835;-4.668057005;40.01713759;0.1;False;ok;8;1;1.061;
2836;-4.568057005;40.01713759;0.1;False;ok;4;1;0.937;
2837;-4.468057005;40.01713759;0.1;False;ok;5;1;0.931;
2838;-4.368057005;40.01713759;0.1;False;ok;4;1;1.020;
2839;-4.268057005;40.01713759;0.1;False;ok;16;1;1.091;
2840;-4.068057005;40.01713759;0.1;False;ok;2;1;0.985;
2841;-3.968057005;40.01713759;0.1;False;ok;9;1;0.981;
2842;-3.868057005;40.01713759;0.1;False;ok;3;1;1.132;
2843;-3.768057005;40.01713759;0.1;False;ok;4;1;1.165;
2844;-3.668057005;40.01713759;0.1;False;ok;22;1;1.309;
2845;-3.468057005;40.01713759;0.1;False;ok;11;1;1.211;
2846;-2.968057005;40.01713759;0.1;False;ok;2;1;1.172;
2847;-2.768057005;40.01713759;0.1;False;ok;4;1;1.322;
2848;-2.668057005;40.01713759;0.1;False;ok;1;1;1.267;
2849;-2.468057005;40.01713759;0.1;False;ok;1;1;1.376;
2850;-2.368057005;40.01713759;0.1;False;ok;1;1;1.226;
2851;-6.968057005;40.11713759;0.1;False;ok;4;1;1.341;
2852;-6.868057005;40.11713759;0.1;False;ok;35;1;1.461;
2853;-6.768057005;40.11713759;0.1;False;ok;20;1;1.434;
2854;-6.668057005;40.11713759;0.1;False;ok;2;1;1.311;
2855;-6.568057005;40.11713759;0.1;False;ok;3;1;1.440;
2856;-6.168057005;40.11713759;0.1;False;ok;4;1;1.338;
2857;-6.068057005;40.11713759;0.1;False;ok;13;1;1.274;
2858;-5.968057005;40.11713759;0.1;False;ok;34;1;1.294;
2859;-5.868057005;40.11713759;0.1;False;ok;63;1;1.430;
2860;-5.768057005;40.11713759;0.1;False;ok;12;1;1.235;
2861;-5.668057005;40.11713759;0.1;False;ok;62;1;1.340;
2862;-5.568057005;40.11713759;0.1;False;ok;10;1;1.110;
2863;-5.468057005;40.11713759;0.1;False;ok;32;1;1.206;
2864;-5.368057005;40.11713759;0.1;False;ok;37;1;1.155;
2865;-5.268057005;40.11713759;0.1;False;ok;75;1;1.451;
2866;-5.168057005;40.11713759;0.1;False;ok;74;1;1.303;
2867;-4.968057005;40.11713759;0.1;False;ok;13;1;1.110;
2868;-4.868057005;40.11713759;0.1;False;ok;3;1;1.079;
2869;-4.768057005;40.11713759;0.1;False;ok;7;1;1.155;
2870;-4.668057005;40.11713759;0.1;False;ok;2;1;1.156;
2871;-4.468057005;40.11713759;0.1;False;ok;10;1;1.171;
2872;-4.168057005;40.11713759;0.1;False;ok;1;1;1.176;
2873;-4.068057005;40.11713759;0.1;False;ok;3;1;1.174;
2874;-3.968057005;40.11713759;0.1;False;ok;5;1;1.165;
2875;-3.868057005;40.11713759;0.1;False;ok;7;1;1.162;
2876;-3.768057005;40.11713759;0.1;False;ok;13;1;1.196;
2877;-3.668057005;40.11713759;0.1;False;ok;29;1;1.194;
2878;-3.568057005;40.11713759;0.1;False;ok;1;1;1.119;
2879;-3.468057005;40.11713759;0.1;False;ok;36;1;1.263;
2880;-3.368057005;40.11713759;0.1;False;ok;10;1;1.194;
2881;-3.168057005;40.11713759;0.1;False;ok;12;1;1.213;
2882;-3.068057005;40.11713759;0.1;False;ok;4;1;1.228;
2883;-2.768057005;40.11713759;0.1;False;ok;2;1;1.088;
2884;-2.568057005;40.11713759;0.1;False;ok;1;1;1.071;
2885;-6.968057005;40.21713759;0.1;True;ok;3;1;1.190;
2886;-6.868057005;40.21713759;0.1;False;ok;3;1;1.287;
2887;-6.768057005;40.21713759;0.1;False;ok;1;1;1.204;
2888;-6.668057005;40.21713759;0.1;False;ok;25;1;1.299;
2889;-6.568057005;40.21713759;0.1;False;ok;4;1;1.259;
2890;-6.468057005;40.21713759;0.1;False;ok;6;1;1.312;
2891;-6.368057005;40.21713759;0.1;False;ok;9;1;1.329;
2892;-6.268057005;40.21713759;0.1;False;ok;4;1;1.290;
2893;-6.168057005;40.21713759;0.1;False;ok;0;1;1.981;
2894;-6.068057005;40.21713759;0.1;False;ok;12;1;1.301;
2895;-5.968057005;40.21713759;0.1;False;ok;18;1;1.318;
2896;-5.868057005;40.21713759;0.1;False;ok;59;1;1.379;
2897;-5.768057005;40.21713759;0.1;False;ok;21;1;1.323;
2898;-5.668057005;40.21713759;0.1;False;ok;24;1;1.362;
2899;-5.568057005;40.21713759;0.1;False;ok;16;1;1.238;
2900;-5.168057005;40.21713759;0.1;False;ok;38;1;1.236;
2901;-5.068057005;40.21713759;0.1;False;ok;38;1;1.504;
2902;-4.968057005;40.21713759;0.1;False;ok;13;1;1.195;
2903;-4.868057005;40.21713759;0.1;False;ok;24;1;1.289;
2904;-4.768057005;40.21713759;0.1;False;ok;22;1;1.245;
2905;-4.668057005;40.21713759;0.1;False;ok;48;1;1.207;
2906;-4.568057005;40.21713759;0.1;False;ok;4;1;1.014;
2907;-4.468057005;40.21713759;0.1;False;ok;16;1;1.101;
2908;-4.368057005;40.21713759;0.1;False;ok;2;1;1.077;
2909;-4.268057005;40.21713759;0.1;False;ok;11;1;1.093;
2910;-4.068057005;40.21713759;0.1;False;ok;12;1;1.126;
2911;-3.968057005;40.21713759;0.1;False;ok;11;1;1.079;
2912;-3.868057005;40.21713759;0.1;False;ok;28;1;1.172;
2913;-3.768057005;40.21713759;0.1;False;ok;38;1;1.205;
2914;-3.668057005;40.21713759;0.1;False;ok;1;1;0.935;
2915;-3.568057005;40.21713759;0.1;False;ok;3;1;0.984;
2916;-3.468057005;40.21713759;0.1;False;ok;9;1;1.088;
2917;-3.368057005;40.21713759;0.1;False;ok;4;1;1.082;
2918;-3.268057005;40.21713759;0.1;False;ok;3;1;1.075;
2919;-3.068057005;40.21713759;0.1;False;ok;4;1;1.055;
2920;-2.968057005;40.21713759;0.1;False;ok;1;1;1.137;
2921;-2.868057005;40.21713759;0.1;False;ok;8;1;1.104;
2922;-2.368057005;40.21713759;0.1;False;ok;2;1;1.140;
2923;-6.568057005;40.31713759;0.1;False;ok;15;1;1.191;
2924;-6.468057005;40.31713759;0.1;False;ok;4;1;1.206;
2925;-6.368057005;40.31713759;0.1;False;ok;9;1;1.307;
2926;-6.268057005;40.31713759;0.1;False;ok;8;1;1.285;
2927;-6.068057005;40.31713759;0.1;False;ok;1;1;1.139;
2928;-5.968057005;40.31713759;0.1;False;ok;4;1;1.256;
2929;-5.868057005;40.31713759;0.1;False;ok;45;1;1.411;
2930;-5.768057005;40.31713759;0.1;False;ok;75;1;1.470;
2931;-5.668057005;40.31713759;0.1;False;ok;18;1;1.327;
2932;-5.568057005;40.31713759;0.1;False;ok;32;1;1.339;
2933;-5.468057005;40.31713759;0.1;False;ok;6;1;1.303;
2934;-5.368057005;40.31713759;0.1;False;ok;10;1;1.283;
2935;-5.268057005;40.31713759;0.1;False;ok;34;1;1.344;
2936;-5.168057005;40.31713759;0.1;False;ok;42;1;1.384;
2937;-5.068057005;40.31713759;0.1;False;ok;13;1;1.241;
2938;-4.968057005;40.31713759;0.1;False;ok;11;1;1.359;
2939;-4.868057005;40.31713759;0.1;False;ok;18;1;1.188;
2940;-4.768057005;40.31713759;0.1;False;ok;51;1;1.348;
2941;-4.668057005;40.31713759;0.1;False;ok;10;1;1.161;
2942;-4.568057005;40.31713759;0.1;False;ok;12;1;1.258;
2943;-4.468057005;40.31713759;0.1;False;ok;58;1;1.307;
2944;-4.368057005;40.31713759;0.1;False;ok;15;1;1.137;
2945;-4.268057005;40.31713759;0.1;False;ok;7;1;1.152;
2946;-4.068057005;40.31713759;0.1;False;ok;9;1;1.112;
2947;-3.968057005;40.31713759;0.1;False;ok;11;1;1.168;
2948;-3.868057005;40.31713759;0.1;False;ok;45;1;1.192;
2949;-3.768057005;40.31713759;0.05;False;ok;12;1;1.058;
2950;-3.718057005;40.31713759;0.05;False;ok;58;1;1.251;
2951;-3.768057005;40.36713759;0.05;False;ok;73;1;1.367;
2952;-3.718057005;40.36713759;0.025;False;ok;74;1;1.363;
2953;-3.693057005;40.36713759;0.025;False;ok;43;1;1.266;
2954;-3.718057005;40.39213759;0.0125;False;ok;52;1;1.319;
2955;-3.705557005;40.39213759;0.0125;False;ok;75;1;1.390;
2956;-3.718057005;40.40463759;0.00625;False;ok;56;1;1.389;
2957;-3.711807005;40.40463759;0.00625;False;ok;74;1;1.482;
2958;-3.718057005;40.41088759;0.00625;False;ok;59;1;1.386;
2959;-3.711807005;40.41088759;0.003125;False;ok;31;1;1.309;
2960;-3.708682005;40.41088759;0.003125;False;ok;73;1;1.366;
2961;-3.711807005;40.41401259;0.003125;False;ok;66;1;1.431;
2962;-3.708682005;40.41401259;0.003125;False;ok;75;1;1.373;
2963;-3.705557005;40.40463759;0.00625;False;ok;75;1;1.355;
2964;-3.699307005;40.40463759;0.00625;False;ok;73;1;1.416;
2965;-3.705557005;40.41088759;0.003125;False;ok;74;1;1.321;
2966;-3.702432005;40.41088759;0.003125;False;ok;73;1;1.302;
2967;-3.705557005;40.41401259;0.003125;False;ok;75;1;1.323;
2968;-3.702432005;40.41401259;0.003125;False;ok;75;1;1.295;
2969;-3.699307005;40.41088759;0.003125;False;ok;61;1;1.166;
2970;-3.696182005;40.41088759;0.003125;False;ok;50;1;0.952;
2971;-3.699307005;40.41401259;0.003125;False;ok;65;1;1.074;
2972;-3.696182005;40.41401259;0.003125;False;ok;11;1;0.848;
2973;-3.693057005;40.39213759;0.025;False;ok;74;1;1.109;
2974;-3.668057005;40.31713759;0.1;False;ok;75;1;1.076;
2975;-3.568057005;40.31713759;0.1;False;ok;29;1;0.824;
2976;-3.468057005;40.31713759;0.1;False;ok;3;1;0.774;
2977;-3.368057005;40.31713759;0.1;False;ok;1;1;0.715;
2978;-3.268057005;40.31713759;0.1;False;ok;8;1;0.779;
2979;-3.168057005;40.31713759;0.1;False;ok;4;1;0.779;
2980;-2.968057005;40.31713759;0.1;False;ok;4;1;0.751;
2981;-2.868057005;40.31713759;0.1;False;ok;0;1;1.749;
2982;-2.768057005;40.31713759;0.1;False;ok;12;1;1.038;
2983;-2.468057005;40.31713759;0.1;False;ok;0;1;1.846;
2984;-2.368057005;40.31713759;0.1;False;ok;2;1;1.235;
2985;-6.868057005;40.41713759;0.1;False;ok;1;1;1.301;
2986;-6.768057005;40.41713759;0.1;False;ok;0;1;2.069;
2987;-6.368057005;40.41713759;0.1;False;ok;5;1;1.327;
2988;-6.268057005;40.41713759;0.1;False;ok;3;1;1.399;
2989;-6.168057005;40.41713759;0.1;False;ok;37;1;1.484;
2990;-6.068057005;40.41713759;0.1;False;ok;59;1;1.463;
2991;-5.968057005;40.41713759;0.1;False;ok;10;1;1.403;
2992;-5.868057005;40.41713759;0.1;False;ok;4;1;1.368;
2993;-5.768057005;40.41713759;0.1;False;ok;8;1;1.451;
2994;-5.668057005;40.41713759;0.1;False;ok;4;1;1.357;
2995;-5.568057005;40.41713759;0.1;False;ok;3;1;1.329;
2996;-5.468057005;40.41713759;0.1;False;ok;13;1;1.367;
2997;-5.368057005;40.41713759;0.1;False;ok;12;1;1.315;
2998;-5.268057005;40.41713759;0.1;False;ok;4;1;1.353;
2999;-5.168057005;40.41713759;0.1;False;ok;11;1;1.286;
3000;-5.068057005;40.41713759;0.1;False;ok;0;1;1.929;
3001;-4.968057005;40.41713759;0.1;False;ok;3;1;0.919;
3002;-4.868057005;40.41713759;0.1;False;ok;5;1;0.720;
3003;-4.768057005;40.41713759;0.1;False;ok;0;1;1.410;
3004;-4.668057005;40.41713759;0.1;False;ok;26;1;0.811;
3005;-4.568057005;40.41713759;0.1;False;ok;12;1;0.820;
3006;-4.468057005;40.41713759;0.1;False;ok;10;1;1.086;
3007;-4.368057005;40.41713759;0.1;False;ok;3;1;0.949;
3008;-4.268057005;40.41713759;0.1;False;ok;14;1;1.117;
3009;-4.168057005;40.41713759;0.1;False;ok;3;1;1.043;
3010;-4.068057005;40.41713759;0.1;False;ok;9;1;1.337;
3011;-3.968057005;40.41713759;0.1;False;ok;17;1;1.293;
3012;-3.868057005;40.41713759;0.1;False;ok;44;1;1.392;
3013;-3.768057005;40.41713759;0.05;False;ok;47;1;1.404;
3014;-3.718057005;40.41713759;0.00625;False;ok;33;1;1.580;
3015;-3.711807005;40.41713759;0.003125;False;ok;31;1;1.480;
3016;-3.708682005;40.41713759;0.003125;False;ok;75;1;1.669;
3017;-3.711807005;40.42026259;0.003125;False;ok;74;1;1.759;
3018;-3.708682005;40.42026259;0.003125;False;ok;75;1;1.613;
3019;-3.718057005;40.42338759;0.00625;False;ok;41;1;1.455;
3020;-3.711807005;40.42338759;0.00625;False;ok;73;1;1.556;
3021;-3.705557005;40.41713759;0.003125;False;ok;75;1;1.520;
3022;-3.702432005;40.41713759;0.003125;False;ok;75;1;1.548;
3023;-3.705557005;40.42026259;0.003125;False;ok;75;1;1.427;
3024;-3.702432005;40.42026259;0.003125;False;ok;75;1;1.350;
3025;-3.699307005;40.41713759;0.003125;False;ok;36;1;1.224;
3026;-3.696182005;40.41713759;0.003125;False;ok;1;1;0.970;
3027;-3.699307005;40.42026259;0.003125;False;ok;74;1;1.144;
3028;-3.696182005;40.42026259;0.003125;False;ok;10;1;0.956;
3029;-3.705557005;40.42338759;0.003125;False;ok;74;1;1.135;
3030;-3.702432005;40.42338759;0.003125;False;ok;56;1;0.949;
3031;-3.705557005;40.42651259;0.003125;False;ok;55;1;0.962;
3032;-3.702432005;40.42651259;0.003125;False;ok;15;1;0.807;
3033;-3.699307005;40.42338759;0.00625;False;ok;59;1;0.948;
3034;-3.718057005;40.42963759;0.0125;False;ok;75;1;0.943;
3035;-3.705557005;40.42963759;0.0125;False;ok;74;1;1.050;
3036;-3.693057005;40.41713759;0.0125;False;ok;73;1;1.113;
3037;-3.680557005;40.41713759;0.0125;False;ok;74;1;1.111;
3038;-3.693057005;40.42963759;0.0125;False;ok;49;1;1.265;
3039;-3.680557005;40.42963759;0.0125;False;ok;75;1;1.194;
3040;-3.718057005;40.44213759;0.0125;False;ok;44;1;1.162;
3041;-3.705557005;40.44213759;0.0125;False;ok;75;1;1.397;
3042;-3.718057005;40.45463759;0.0125;False;ok;19;1;1.325;
3043;-3.705557005;40.45463759;0.0125;False;ok;75;1;1.385;
3044;-3.693057005;40.44213759;0.025;False;ok;74;1;1.483;
3045;-3.768057005;40.46713759;0.05;False;ok;14;1;1.322;
3046;-3.718057005;40.46713759;0.05;False;ok;74;1;1.589;
3047;-3.668057005;40.41713759;0.025;False;ok;75;1;1.503;
3048;-3.643057005;40.41713759;0.025;False;ok;74;1;1.467;
3049;-3.668057005;40.44213759;0.025;False;ok;54;1;1.423;
3050;-3.643057005;40.44213759;0.025;False;ok;18;1;1.314;
3051;-3.618057005;40.41713759;0.05;False;ok;74;1;1.447;
3052;-3.668057005;40.46713759;0.05;False;ok;74;1;1.445;
3053;-3.618057005;40.46713759;0.05;False;ok;49;1;1.298;
3054;-3.568057005;40.41713759;0.1;False;ok;68;1;1.220;
3055;-3.468057005;40.41713759;0.1;False;ok;48;1;1.102;
3056;-3.368057005;40.41713759;0.1;False;ok;66;1;1.126;
3057;-3.268057005;40.41713759;0.1;False;ok;2;1;0.924;
3058;-3.068057005;40.41713759;0.1;False;ok;4;1;0.765;
3059;-2.968057005;40.41713759;0.1;False;ok;13;1;0.811;
3060;-2.868057005;40.41713759;0.1;False;ok;1;1;0.769;
3061;-2.768057005;40.41713759;0.1;False;ok;5;1;0.721;
3062;-2.468057005;40.41713759;0.1;False;ok;2;1;0.703;
3063;-2.368057005;40.41713759;0.1;False;ok;5;1;0.806;
3064;-6.868057005;40.51713759;0.1;True;ok;1;1;0.730;
3065;-6.668057005;40.51713759;0.1;False;ok;1;1;1.122;
3066;-6.568057005;40.51713759;0.1;False;ok;68;1;1.290;
3067;-6.168057005;40.51713759;0.1;False;ok;7;1;1.273;
3068;-6.068057005;40.51713759;0.1;False;ok;13;1;1.417;
3069;-5.968057005;40.51713759;0.1;False;ok;9;1;1.427;
3070;-5.868057005;40.51713759;0.1;False;ok;4;1;1.450;
3071;-5.768057005;40.51713759;0.1;False;ok;2;1;1.475;
3072;-5.668057005;40.51713759;0.1;False;ok;5;1;1.457;
3073;-5.368057005;40.51713759;0.1;False;ok;0;1;2.256;
3074;-5.268057005;40.51713759;0.1;False;ok;2;1;1.512;
3075;-5.168057005;40.51713759;0.1;False;ok;4;1;1.484;
3076;-5.068057005;40.51713759;0.1;False;ok;11;1;1.563;
3077;-4.968057005;40.51713759;0.1;False;ok;21;1;1.596;
3078;-4.868057005;40.51713759;0.1;False;ok;6;1;1.490;
3079;-4.768057005;40.51713759;0.1;False;ok;2;1;1.516;
3080;-4.668057005;40.51713759;0.1;False;ok;1;1;1.372;
3081;-4.568057005;40.51713759;0.1;False;ok;10;1;1.405;
3082;-4.468057005;40.51713759;0.1;False;ok;2;1;1.316;
3083;-4.368057005;40.51713759;0.1;False;ok;26;1;1.365;
3084;-4.268057005;40.51713759;0.1;False;ok;16;1;1.308;
3085;-4.168057005;40.51713759;0.1;False;ok;20;1;0.966;
3086;-4.068057005;40.51713759;0.1;False;ok;17;1;0.813;
3087;-3.968057005;40.51713759;0.1;False;ok;12;1;0.802;
3088;-3.768057005;40.51713759;0.1;False;ok;14;1;0.829;
3089;-3.668057005;40.51713759;0.1;False;ok;74;1;0.994;
3090;-3.568057005;40.51713759;0.1;False;ok;5;1;0.796;
3091;-3.468057005;40.51713759;0.1;False;ok;7;1;0.986;
3092;-3.368057005;40.51713759;0.1;False;ok;5;1;1.020;
3093;-3.268057005;40.51713759;0.1;False;ok;5;1;1.203;
3094;-3.068057005;40.51713759;0.1;False;ok;13;1;1.273;
3095;-2.968057005;40.51713759;0.1;False;ok;3;1;1.269;
3096;-2.768057005;40.51713759;0.1;False;ok;7;1;1.366;
3097;-6.868057005;40.61713759;0.1;True;ok;1;1;1.352;
3098;-6.468057005;40.61713759;0.1;False;ok;4;1;1.357;
3099;-5.968057005;40.61713759;0.1;False;ok;0;1;2.060;
3100;-5.168057005;40.61713759;0.1;False;ok;2;1;1.314;
3101;-5.068057005;40.61713759;0.1;False;ok;5;1;1.372;
3102;-4.868057005;40.61713759;0.1;False;ok;9;1;1.420;
3103;-4.768057005;40.61713759;0.05;False;ok;2;1;1.399;
3104;-4.693057005;40.61713759;0.025;False;ok;1;1;1.258;
3105;-4.718057005;40.64213759;0.025;False;ok;75;1;1.522;
3106;-4.693057005;40.64213759;0.025;False;ok;42;1;1.492;
3107;-4.768057005;40.66713759;0.05;False;ok;6;1;1.228;
3108;-4.718057005;40.66713759;0.05;False;ok;1;1;1.136;
3109;-4.668057005;40.61713759;0.1;False;ok;15;1;1.172;
3110;-4.568057005;40.61713759;0.1;False;ok;1;1;1.020;
3111;-4.368057005;40.61713759;0.1;False;ok;1;1;1.016;
3112;-4.268057005;40.61713759;0.1;False;ok;21;1;1.119;
3113;-4.168057005;40.61713759;0.1;False;ok;20;1;0.911;
3114;-4.068057005;40.61713759;0.1;False;ok;51;1;1.053;
3115;-3.968057005;40.61713759;0.1;False;ok;9;1;1.006;
3116;-3.868057005;40.61713759;0.1;False;ok;2;1;1.030;
3117;-3.768057005;40.61713759;0.1;False;ok;3;1;1.111;
3118;-3.668057005;40.61713759;0.1;False;ok;9;1;1.093;
3119;-3.568057005;40.61713759;0.1;False;ok;5;1;1.048;
3120;-3.468057005;40.61713759;0.1;False;ok;6;1;1.070;
3121;-3.368057005;40.61713759;0.1;False;ok;2;1;1.151;
3122;-3.268057005;40.61713759;0.1;False;ok;7;1;1.168;
3123;-3.168057005;40.61713759;0.1;False;ok;19;1;1.286;
3124;-3.068057005;40.61713759;0.1;False;ok;5;1;1.247;
3125;-2.968057005;40.61713759;0.1;False;ok;0;1;2.035;
3126;-2.768057005;40.61713759;0.1;False;ok;3;1;1.238;
3127;-2.668057005;40.61713759;0.1;False;ok;4;1;1.209;
3128;-6.768057005;40.71713759;0.1;False;ok;0;1;1.996;
3129;-6.368057005;40.71713759;0.1;False;ok;0;1;2.005;
3130;-5.968057005;40.71713759;0.1;False;ok;1;1;1.256;
3131;-5.768057005;40.71713759;0.1;False;ok;4;1;1.284;
3132;-5.668057005;40.71713759;0.1;False;ok;1;1;1.251;
3133;-5.068057005;40.71713759;0.1;False;ok;1;1;1.190;
3134;-4.968057005;40.71713759;0.1;False;ok;2;1;1.211;
3135;-4.768057005;40.71713759;0.1;False;ok;2;1;1.151;
3136;-4.668057005;40.71713759;0.1;False;ok;5;1;1.205;
3137;-4.568057005;40.71713759;0.1;False;ok;5;1;1.164;
3138;-4.468057005;40.71713759;0.1;False;ok;8;1;1.181;
3139;-4.368057005;40.71713759;0.1;False;ok;20;1;1.170;
3140;-4.268057005;40.71713759;0.1;False;ok;32;1;1.232;
3141;-4.168057005;40.71713759;0.1;False;ok;8;1;1.016;
3142;-4.068057005;40.71713759;0.1;False;ok;44;1;1.166;
3143;-3.968057005;40.71713759;0.1;False;ok;17;1;0.972;
3144;-3.868057005;40.71713759;0.1;False;ok;22;1;1.072;
3145;-3.768057005;40.71713759;0.1;False;ok;12;1;0.992;
3146;-3.668057005;40.71713759;0.1;False;ok;15;1;0.895;
3147;-3.568057005;40.71713759;0.1;False;ok;2;1;0.900;
3148;-3.468057005;40.71713759;0.1;False;ok;6;1;0.841;
3149;-3.168057005;40.71713759;0.1;False;ok;5;1;0.815;
3150;-3.068057005;40.71713759;0.1;False;ok;5;1;0.875;
3151;-2.968057005;40.71713759;0.1;False;ok;5;1;0.852;
3152;-2.868057005;40.71713759;0.1;False;ok;7;1;0.934;
3153;-2.768057005;40.71713759;0.1;False;ok;2;1;0.929;
3154;-2.668057005;40.71713759;0.1;False;ok;5;1;1.044;
3155;-2.468057005;40.71713759;0.1;False;ok;1;1;1.178;
3156;-2.368057005;40.71713759;0.1;False;ok;3;1;1.094;
3157;-6.868057005;40.81713759;0.1;True;ok;1;1;1.339;
3158;-6.768057005;40.81713759;0.1;False;ok;4;1;1.312;
3159;-6.668057005;40.81713759;0.1;False;ok;1;1;1.318;
3160;-6.068057005;40.81713759;0.1;False;ok;1;1;1.409;
3161;-5.768057005;40.81713759;0.1;False;ok;0;1;2.068;
3162;-5.668057005;40.81713759;0.1;False;ok;4;1;1.482;
3163;-5.568057005;40.81713759;0.1;False;ok;10;1;1.519;
3164;-5.268057005;40.81713759;0.1;False;ok;5;1;1.499;
3165;-4.868057005;40.81713759;0.1;False;ok;1;1;1.422;
3166;-4.768057005;40.81713759;0.1;False;ok;7;1;1.486;
3167;-4.668057005;40.81713759;0.1;False;ok;13;1;1.411;
3168;-4.568057005;40.81713759;0.1;False;ok;7;1;1.347;
3169;-4.368057005;40.81713759;0.1;False;ok;1;1;1.414;
3170;-4.268057005;40.81713759;0.1;False;ok;28;1;1.455;
3171;-4.168057005;40.81713759;0.1;False;ok;14;1;1.347;
3172;-4.068057005;40.81713759;0.1;False;ok;27;1;1.361;
3173;-3.968057005;40.81713759;0.1;False;ok;29;1;1.261;
3174;-3.768057005;40.81713759;0.1;False;ok;12;1;1.114;
3175;-3.668057005;40.81713759;0.1;False;ok;17;1;1.107;
3176;-3.568057005;40.81713759;0.1;False;ok;20;1;1.069;
3177;-3.468057005;40.81713759;0.1;False;ok;4;1;0.951;
3178;-3.368057005;40.81713759;0.1;False;ok;1;1;0.846;
3179;-3.168057005;40.81713759;0.1;False;ok;6;1;0.963;
3180;-3.068057005;40.81713759;0.1;False;ok;9;1;1.029;
3181;-2.968057005;40.81713759;0.1;False;ok;0;1;1.835;
3182;-2.768057005;40.81713759;0.1;False;ok;2;1;1.197;
3183;-2.568057005;40.81713759;0.1;False;ok;2;1;1.168;
3184;-6.868057005;40.91713759;0.1;False;ok;8;1;1.307;
3185;-6.768057005;40.91713759;0.1;False;ok;10;1;1.240;
3186;-6.468057005;40.91713759;0.1;False;ok;2;1;1.206;
3187;-6.368057005;40.91713759;0.1;False;ok;2;1;1.238;
3188;-5.868057005;40.91713759;0.1;False;ok;2;1;1.283;
3189;-5.768057005;40.91713759;0.1;False;ok;73;1;1.506;
3190;-5.643057005;40.91713759;0.025;False;ok;1;1;1.177;
3191;-5.655557005;40.94213759;0.0125;False;ok;3;1;1.303;
3192;-5.668057005;40.95463759;0.00625;False;ok;26;1;1.493;
3193;-5.661807005;40.95463759;0.00625;False;ok;8;1;1.332;
3194;-5.668057005;40.96088759;0.00625;False;ok;75;1;1.571;
3195;-5.661807005;40.96088759;0.00625;False;ok;37;1;1.363;
3196;-5.655557005;40.95463759;0.0125;False;ok;6;1;1.322;
3197;-5.643057005;40.94213759;0.025;False;ok;9;1;1.249;
3198;-5.618057005;40.91713759;0.05;False;ok;6;1;1.213;
3199;-5.668057005;40.96713759;0.05;False;ok;75;1;1.401;
3200;-5.618057005;40.96713759;0.05;False;ok;1;1;1.068;
3201;-5.568057005;40.91713759;0.1;False;ok;7;1;1.028;
3202;-5.468057005;40.91713759;0.1;False;ok;9;1;1.018;
3203;-4.968057005;40.91713759;0.1;False;ok;6;1;0.935;
3204;-4.868057005;40.91713759;0.1;False;ok;1;1;0.980;
3205;-4.668057005;40.91713759;0.1;False;ok;3;1;0.964;
3206;-4.568057005;40.91713759;0.1;False;ok;0;1;1.603;
3207;-4.368057005;40.91713759;0.1;False;ok;6;1;0.989;
3208;-4.268057005;40.91713759;0.1;False;ok;7;1;0.963;
3209;-4.168057005;40.91713759;0.1;False;ok;74;1;1.299;
3210;-4.068057005;40.91713759;0.1;False;ok;33;1;1.298;
3211;-3.868057005;40.91713759;0.1;False;ok;19;1;1.237;
3212;-3.768057005;40.91713759;0.1;False;ok;13;1;1.230;
3213;-3.668057005;40.91713759;0.1;False;ok;18;1;1.189;
3214;-3.568057005;40.91713759;0.1;False;ok;16;1;1.278;
3215;-3.468057005;40.91713759;0.1;False;ok;1;1;1.257;
3216;-3.268057005;40.91713759;0.1;False;ok;3;1;1.205;
3217;-3.168057005;40.91713759;0.1;False;ok;8;1;1.219;
3218;-2.968057005;40.91713759;0.1;False;ok;4;1;1.234;
3219;-2.868057005;40.91713759;0.1;False;ok;2;1;1.234;
3220;-2.768057005;40.91713759;0.1;False;ok;5;1;1.230;
3221;-2.668057005;40.91713759;0.1;False;ok;5;1;1.329;
3222;-2.468057005;40.91713759;0.1;False;ok;1;1;1.116;
3223;-6.868057005;41.01713759;0.1;True;ok;1;1;1.165;
3224;-6.768057005;41.01713759;0.1;False;ok;4;1;1.110;
3225;-6.468057005;41.01713759;0.1;False;ok;0;1;1.774;
3226;-6.068057005;41.01713759;0.1;False;ok;7;1;1.090;
3227;-5.968057005;41.01713759;0.1;False;ok;4;1;0.991;
3228;-5.868057005;41.01713759;0.1;False;ok;11;1;1.180;
3229;-5.768057005;41.01713759;0.1;False;ok;3;1;1.056;
3230;-5.668057005;41.01713759;0.1;False;ok;3;1;1.056;
3231;-5.568057005;41.01713759;0.1;False;ok;1;1;1.102;
3232;-5.168057005;41.01713759;0.1;False;ok;1;1;1.198;
3233;-5.068057005;41.01713759;0.1;False;ok;1;1;1.163;
3234;-4.768057005;41.01713759;0.1;False;ok;29;1;1.425;
3235;-4.668057005;41.01713759;0.1;False;ok;1;1;1.283;
3236;-4.568057005;41.01713759;0.1;False;ok;2;1;1.248;
3237;-4.468057005;41.01713759;0.1;False;ok;7;1;1.276;
3238;-4.368057005;41.01713759;0.1;False;ok;4;1;1.327;
3239;-4.268057005;41.01713759;0.1;False;ok;1;1;1.256;
3240;-4.168057005;41.01713759;0.1;False;ok;14;1;1.320;
3241;-4.068057005;41.01713759;0.1;False;ok;23;1;1.321;
3242;-3.968057005;41.01713759;0.1;False;ok;26;1;1.446;
3243;-3.868057005;41.01713759;0.1;False;ok;20;1;1.318;
3244;-3.768057005;41.01713759;0.1;False;ok;8;1;1.450;
3245;-3.668057005;41.01713759;0.1;False;ok;11;1;1.340;
3246;-3.568057005;41.01713759;0.1;False;ok;15;1;1.227;
3247;-3.468057005;41.01713759;0.1;False;ok;5;1;0.960;
3248;-3.368057005;41.01713759;0.1;False;ok;13;1;1.031;
3249;-3.268057005;41.01713759;0.1;False;ok;2;1;1.104;
3250;-3.168057005;41.01713759;0.1;False;ok;1;1;0.993;
3251;-3.068057005;41.01713759;0.1;False;ok;1;1;1.070;
3252;-2.968057005;41.01713759;0.1;False;ok;2;1;1.075;
3253;-2.768057005;41.01713759;0.1;False;ok;5;1;1.084;
3254;-2.668057005;41.01713759;0.1;False;ok;54;1;1.361;
3255;-2.568057005;41.01713759;0.1;False;ok;2;1;1.102;
3256;-2.468057005;41.01713759;0.1;False;ok;1;1;1.124;
3257;-6.668057005;41.11713759;0.1;False;ok;15;1;1.291;
3258;-6.568057005;41.11713759;0.1;False;ok;1;1;1.208;
3259;-6.268057005;41.11713759;0.1;False;ok;1;1;1.213;
3260;-5.768057005;41.11713759;0.1;False;ok;1;1;1.284;
3261;-4.868057005;41.11713759;0.1;False;ok;0;1;2.043;
3262;-4.668057005;41.11713759;0.1;False;ok;1;1;1.261;
3263;-4.568057005;41.11713759;0.1;False;ok;9;1;1.283;
3264;-4.468057005;41.11713759;0.1;False;ok;3;1;1.314;
3265;-4.368057005;41.11713759;0.1;False;ok;2;1;1.280;
3266;-4.268057005;41.11713759;0.1;False;ok;3;1;1.284;
3267;-4.168057005;41.11713759;0.1;False;ok;1;1;1.252;
3268;-4.068057005;41.11713759;0.1;False;ok;8;1;1.355;
3269;-3.968057005;41.11713759;0.1;False;ok;17;1;1.320;
3270;-3.868057005;41.11713759;0.1;False;ok;35;1;1.396;
3271;-3.768057005;41.11713759;0.1;False;ok;29;1;1.391;
3272;-3.668057005;41.11713759;0.1;False;ok;13;1;1.321;
3273;-3.568057005;41.11713759;0.1;False;ok;10;1;1.251;
3274;-3.268057005;41.11713759;0.1;False;ok;5;1;1.198;
3275;-3.168057005;41.11713759;0.1;False;ok;3;1;1.112;
3276;-3.068057005;41.11713759;0.1;False;ok;4;1;1.145;
3277;-2.968057005;41.11713759;0.1;False;ok;5;1;1.158;
3278;-2.768057005;41.11713759;0.1;False;ok;2;1;1.172;
3279;-2.668057005;41.11713759;0.1;False;ok;4;1;1.187;
3280;-2.568057005;41.11713759;0.1;False;ok;1;1;1.017;
3281;-2.468057005;41.11713759;0.1;False;ok;10;1;1.094;
3282;-2.368057005;41.11713759;0.1;False;ok;0;1;1.777;
3283;-6.668057005;41.21713759;0.1;False;ok;20;1;1.206;
3284;-6.568057005;41.21713759;0.1;True;ok;4;1;1.171;
3285;-6.468057005;41.21713759;0.1;False;ok;11;1;1.074;
3286;-6.268057005;41.21713759;0.1;False;ok;1;1;0.999;
3287;-6.168057005;41.21713759;0.1;False;ok;2;1;1.159;
3288;-5.968057005;41.21713759;0.1;False;ok;1;1;1.039;
3289;-5.868057005;41.21713759;0.1;False;ok;0;1;1.959;
3290;-5.768057005;41.21713759;0.1;False;ok;0;1;1.916;
3291;-5.668057005;41.21713759;0.1;False;ok;0;1;1.987;
3292;-5.568057005;41.21713759;0.1;False;ok;0;1;1.970;
3293;-5.368057005;41.21713759;0.1;False;ok;1;1;1.216;
3294;-5.268057005;41.21713759;0.1;False;ok;4;1;1.259;
3295;-4.968057005;41.21713759;0.1;False;ok;12;1;1.324;
3296;-4.868057005;41.21713759;0.1;False;ok;2;1;1.207;
3297;-4.768057005;41.21713759;0.1;False;ok;14;1;1.304;
3298;-4.568057005;41.21713759;0.1;False;ok;7;1;1.285;
3299;-4.468057005;41.21713759;0.1;False;ok;0;1;1.995;
3300;-4.368057005;41.21713759;0.1;False;ok;7;1;1.244;
3301;-4.268057005;41.21713759;0.1;False;ok;3;1;1.131;
3302;-4.168057005;41.21713759;0.1;False;ok;3;1;1.103;
3303;-3.968057005;41.21713759;0.1;False;ok;15;1;1.114;
3304;-3.868057005;41.21713759;0.1;False;ok;10;1;1.081;
3305;-3.768057005;41.21713759;0.1;False;ok;13;1;1.096;
3306;-3.668057005;41.21713759;0.1;False;ok;9;1;0.975;
3307;-3.568057005;41.21713759;0.1;False;ok;25;1;0.992;
3308;-3.368057005;41.21713759;0.1;False;ok;2;1;0.681;
3309;-3.268057005;41.21713759;0.1;False;ok;6;1;0.770;
3310;-3.168057005;41.21713759;0.1;False;ok;3;1;0.664;
3311;-3.068057005;41.21713759;0.1;False;ok;2;1;0.660;
3312;-2.668057005;41.21713759;0.1;False;ok;1;1;0.621;
3313;-2.468057005;41.21713759;0.1;False;ok;2;1;0.750;
3314;-2.368057005;41.21713759;0.1;False;ok;1;1;0.824;
3315;-6.468057005;41.31713759;0.1;True;ok;21;1;0.916;
3316;-6.368057005;41.31713759;0.1;True;ok;5;1;0.942;
3317;-6.268057005;41.31713759;0.1;True;ok;3;1;1.180;
3318;-6.168057005;41.31713759;0.1;False;ok;2;1;1.067;
3319;-6.068057005;41.31713759;0.1;False;ok;0;1;1.857;
3320;-5.968057005;41.31713759;0.1;False;ok;7;1;1.327;
3321;-5.868057005;41.31713759;0.1;False;ok;2;1;1.310;
3322;-5.768057005;41.31713759;0.1;False;ok;2;1;1.474;
3323;-5.268057005;41.31713759;0.1;False;ok;8;1;1.359;
3324;-5.168057005;41.31713759;0.1;False;ok;5;1;1.397;
3325;-4.968057005;41.31713759;0.1;False;ok;10;1;1.504;
3326;-4.868057005;41.31713759;0.1;False;ok;8;1;1.522;
3327;-4.768057005;41.31713759;0.1;False;ok;6;1;1.508;
3328;-4.568057005;41.31713759;0.1;False;ok;4;1;1.515;
3329;-4.468057005;41.31713759;0.1;False;ok;6;1;1.412;
3330;-4.368057005;41.31713759;0.1;False;ok;10;1;1.453;
3331;-4.268057005;41.31713759;0.1;False;ok;4;1;1.469;
3332;-4.168057005;41.31713759;0.1;False;ok;5;1;1.357;
3333;-3.968057005;41.31713759;0.1;False;ok;9;1;1.271;
3334;-3.868057005;41.31713759;0.1;False;ok;8;1;1.224;
3335;-3.668057005;41.31713759;0.1;False;ok;10;1;1.140;
3336;-3.568057005;41.31713759;0.1;False;ok;7;1;1.146;
3337;-3.468057005;41.31713759;0.1;False;ok;8;1;0.894;
3338;-3.368057005;41.31713759;0.1;False;ok;7;1;0.809;
3339;-3.268057005;41.31713759;0.1;False;ok;3;1;0.779;
3340;-3.068057005;41.31713759;0.1;False;ok;1;1;0.718;
3341;-6.168057005;41.41713759;0.1;False;ok;4;1;0.954;
3342;-5.968057005;41.41713759;0.1;False;ok;2;1;0.830;
3343;-5.868057005;41.41713759;0.1;False;ok;1;1;1.104;
3344;-5.768057005;41.41713759;0.1;False;ok;75;1;1.441;
3345;-5.668057005;41.41713759;0.1;False;ok;1;1;1.245;
3346;-5.568057005;41.41713759;0.1;False;ok;3;1;1.323;
3347;-5.168057005;41.41713759;0.1;False;ok;2;1;1.313;
3348;-5.068057005;41.41713759;0.1;False;ok;41;1;2.111;
3349;-4.968057005;41.41713759;0.1;False;ok;4;1;1.499;
3350;-4.768057005;41.41713759;0.1;False;ok;3;1;1.477;
3351;-4.668057005;41.41713759;0.1;False;ok;5;1;1.542;
3352;-4.468057005;41.41713759;0.1;False;ok;8;1;1.544;
3353;-4.068057005;41.41713759;0.1;False;ok;19;1;1.569;
3354;-3.868057005;41.41713759;0.1;False;ok;5;1;1.601;
3355;-3.668057005;41.41713759;0.1;False;ok;2;1;1.473;
3356;-3.568057005;41.41713759;0.1;False;ok;7;1;1.681;
3357;-3.468057005;41.41713759;0.1;False;ok;9;1;1.448;
3358;-3.068057005;41.41713759;0.1;False;ok;1;1;1.447;
3359;-2.968057005;41.41713759;0.1;False;ok;4;1;1.463;
3360;-2.868057005;41.41713759;0.1;False;ok;11;1;1.378;
3361;-2.768057005;41.41713759;0.1;False;ok;1;1;1.125;
3362;-2.568057005;41.41713759;0.1;False;ok;15;1;1.207;
3363;-6.268057005;41.51713759;0.1;True;ok;1;1;0.939;
3364;-6.168057005;41.51713759;0.1;False;ok;0;1;1.478;
3365;-6.068057005;41.51713759;0.1;False;ok;5;1;0.732;
3366;-5.768057005;41.51713759;0.1;False;ok;4;1;0.823;
3367;-5.668057005;41.51713759;0.1;False;ok;1;1;0.691;
3368;-5.468057005;41.51713759;0.1;False;ok;17;1;0.902;
3369;-5.268057005;41.51713759;0.1;False;ok;4;1;0.882;
3370;-4.968057005;41.51713759;0.1;False;ok;12;1;1.303;
3371;-4.868057005;41.51713759;0.1;False;ok;21;1;1.260;
3372;-4.768057005;41.51713759;0.1;False;ok;19;1;1.298;
3373;-4.668057005;41.51713759;0.1;False;ok;5;1;1.209;
3374;-4.568057005;41.51713759;0.1;False;ok;10;1;1.423;
3375;-4.468057005;41.51713759;0.1;False;ok;6;1;1.259;
3376;-4.168057005;41.51713759;0.1;False;ok;30;1;1.488;
3377;-3.768057005;41.51713759;0.1;False;ok;7;1;1.364;
3378;-3.668057005;41.51713759;0.1;False;ok;4;1;1.373;
3379;-3.568057005;41.51713759;0.1;False;ok;2;1;1.284;
3380;-3.468057005;41.51713759;0.1;False;ok;1;1;1.345;
3381;-3.268057005;41.51713759;0.1;False;ok;16;1;1.382;
3382;-3.168057005;41.51713759;0.1;False;ok;28;1;1.398;
3383;-3.068057005;41.51713759;0.1;False;ok;18;1;1.303;
3384;-2.968057005;41.51713759;0.1;False;ok;2;1;1.174;
3385;-2.868057005;41.51713759;0.1;False;ok;3;1;1.224;
3386;-6.268057005;41.61713759;0.1;False;ok;1;1;1.132;
3387;-6.068057005;41.61713759;0.1;False;ok;2;1;0.983;
3388;-5.868057005;41.61713759;0.1;False;ok;1;1;0.809;
3389;-5.768057005;41.61713759;0.1;False;ok;4;1;0.804;
3390;-5.368057005;41.61713759;0.1;False;ok;1;1;0.727;
3391;-5.268057005;41.61713759;0.1;False;ok;4;1;0.971;
3392;-5.068057005;41.61713759;0.1;False;ok;1;1;0.723;
3393;-4.868057005;41.61713759;0.1;False;ok;10;1;0.820;
3394;-4.768057005;41.61713759;0.1;False;ok;75;1;1.141;
3395;-4.368057005;41.61713759;0.1;False;ok;8;1;1.385;
3396;-4.268057005;41.61713759;0.1;False;ok;4;1;1.310;
3397;-4.168057005;41.61713759;0.1;False;ok;16;1;1.394;
3398;-3.968057005;41.61713759;0.1;False;ok;9;1;1.376;
3399;-3.868057005;41.61713759;0.1;False;ok;3;1;1.485;
3400;-3.768057005;41.61713759;0.1;False;ok;31;1;1.586;
3401;-3.668057005;41.61713759;0.1;False;ok;11;1;1.450;
3402;-3.568057005;41.61713759;0.1;False;ok;10;1;1.593;
3403;-3.468057005;41.61713759;0.1;False;ok;0;1;2.204;
3404;-3.068057005;41.61713759;0.1;False;ok;10;1;1.469;
3405;-2.868057005;41.61713759;0.1;False;ok;9;1;1.497;
3406;-2.668057005;41.61713759;0.1;False;ok;2;1;1.447;
3407;-2.32757849;38.31713759;0.1;False;ok;14;1;1.431;
3408;-2.32757849;38.41713759;0.1;False;ok;10;1;1.551;
3409;-2.32757849;38.51713759;0.1;False;ok;1;1;1.240;
3410;-2.32757849;38.61713759;0.1;False;ok;4;1;1.297;
3411;-2.32757849;38.71713759;0.1;False;ok;2;1;1.182;
3412;-2.32757849;39.21713759;0.1;False;ok;2;1;1.039;
3413;-2.32757849;39.31713759;0.1;False;ok;8;1;1.098;
3414;-2.32757849;39.41713759;0.1;False;ok;2;1;0.800;
3415;-2.32757849;39.51713759;0.1;False;ok;1;1;0.652;
3416;-2.32757849;39.81713759;0.1;False;ok;1;1;0.619;
3417;-2.32757849;40.01713759;0.1;False;ok;4;1;0.679;
3418;-2.32757849;40.11713759;0.1;False;ok;0;1;1.434;
3419;-2.32757849;40.21713759;0.1;False;ok;1;1;1.195;
3420;-2.32757849;40.31713759;0.1;False;ok;2;1;1.112;
3421;-2.32757849;40.41713759;0.1;False;ok;9;1;1.235;
3422;-2.32757849;40.71713759;0.1;False;ok;3;1;1.341;
3423;-2.32757849;41.11713759;0.1;False;ok;0;1;2.067;
3424;-2.32757849;41.21713759;0.1;False;ok;1;1;1.337;
3425;-2.22757849;38.41713759;0.1;False;ok;5;1;1.335;
3426;-2.22757849;38.51713759;0.1;False;ok;16;1;1.348;
3427;-2.22757849;38.61713759;0.1;False;ok;0;1;2.095;
3428;-2.22757849;39.11713759;0.1;False;ok;8;1;1.364;
3429;-2.22757849;39.31713759;0.1;False;ok;3;1;1.368;
3430;-2.22757849;39.61713759;0.1;False;ok;1;1;1.377;
3431;-2.22757849;39.71713759;0.1;False;ok;13;1;1.396;
3432;-2.22757849;39.91713759;0.1;False;ok;4;1;1.550;
3433;-2.22757849;40.06713759;0.05;False;ok;27;1;1.376;
3434;-2.22757849;40.11713759;0.1;False;ok;1;1;1.254;
3435;-2.22757849;40.31713759;0.1;False;ok;3;1;1.290;
3436;-2.22757849;40.41713759;0.1;False;ok;1;1;1.133;
3437;-2.22757849;40.51713759;0.1;False;ok;3;1;0.905;
3438;-2.22757849;40.71713759;0.1;False;ok;0;1;1.386;
3439;-2.22757849;40.81713759;0.1;False;ok;9;1;0.724;
3440;-2.22757849;41.21713759;0.1;False;ok;4;1;0.855;
3441;-2.22757849;41.41713759;0.1;False;ok;1;1;0.770;
3442;-2.22757849;41.61713759;0.1;False;ok;2;1;0.992;
3443;-2.17757849;40.01713759;0.05;False;ok;7;1;1.029;
3444;-2.17757849;40.06713759;0.025;False;ok;1;1;1.112;
3445;-2.15257849;40.06713759;0.0125;False;ok;6;1;1.083;
3446;-2.14007849;40.06713759;0.00625;False;ok;42;1;1.282;
3447;-2.14007849;40.07338759;0.00625;False;ok;50;1;1.350;
3448;-2.14007849;40.07963759;0.0125;False;ok;15;1;1.317;
3449;-2.13382849;40.06713759;0.00625;False;ok;22;1;1.239;
3450;-2.13382849;40.07338759;0.00625;False;ok;75;1;1.478;
3451;-2.12757849;38.31713759;0.1;False;ok;16;1;1.394;
3452;-2.12757849;38.41713759;0.1;False;ok;16;1;1.288;
3453;-2.12757849;38.51713759;0.1;False;ok;14;1;1.282;
3454;-2.12757849;38.61713759;0.1;False;ok;1;1;1.231;
3455;-2.12757849;38.81713759;0.1;False;ok;0;1;1.956;
3456;-2.12757849;39.21713759;0.1;False;ok;5;1;1.238;
3457;-2.12757849;39.41713759;0.1;False;ok;8;1;1.205;
3458;-2.12757849;39.51713759;0.1;False;ok;9;1;1.168;
3459;-2.12757849;39.71713759;0.1;False;ok;1;1;0.983;
3460;-2.12757849;39.91713759;0.1;False;ok;15;1;1.118;
3461;-2.12757849;40.01713759;0.1;False;ok;13;1;0.992;
3462;-2.12757849;40.11713759;0.1;False;ok;6;1;0.947;
3463;-2.12757849;40.21713759;0.1;False;ok;13;1;0.943;
3464;-2.12757849;40.41713759;0.1;False;ok;0;1;1.728;
3465;-2.12757849;40.51713759;0.1;False;ok;7;1;0.951;
3466;-2.12757849;40.61713759;0.1;False;ok;4;1;1.031;
3467;-2.12757849;40.81713759;0.1;False;ok;1;1;1.030;
3468;-2.12757849;40.91713759;0.1;False;ok;0;1;1.899;
3469;-2.12757849;41.01713759;0.1;False;ok;1;1;1.039;
3470;-2.12757849;41.21713759;0.1;False;ok;7;1;1.177;
3471;-2.12757849;41.61713759;0.1;False;ok;2;1;1.226;
3472;-2.02757849;38.21713759;0.1;False;ok;3;1;1.177;
3473;-2.02757849;38.31713759;0.1;False;ok;7;1;1.212;
3474;-2.02757849;38.41713759;0.1;False;ok;1;1;1.175;
3475;-2.02757849;38.51713759;0.1;False;ok;1;1;1.218;
3476;-2.02757849;39.41713759;0.1;False;ok;1;1;1.198;
3477;-2.02757849;39.91713759;0.1;False;ok;3;1;1.265;
3478;-2.02757849;40.11713759;0.1;False;ok;7;1;1.201;
3479;-2.02757849;40.21713759;0.1;False;ok;15;1;1.218;
3480;-2.02757849;40.31713759;0.1;False;ok;1;1;1.128;
3481;-2.02757849;40.41713759;0.1;False;ok;1;1;1.119;
3482;-2.02757849;40.61713759;0.1;False;ok;3;1;1.077;
3483;-2.02757849;40.71713759;0.1;False;ok;2;1;1.125;
3484;-2.02757849;40.81713759;0.1;False;ok;6;1;1.078;
3485;-2.02757849;40.91713759;0.1;False;ok;1;1;0.900;
3486;-2.02757849;41.41713759;0.1;False;ok;1;1;0.971;
3487;-1.92757849;38.21713759;0.1;False;ok;8;1;1.004;
3488;-1.92757849;38.41713759;0.1;False;ok;0;1;1.791;
3489;-1.92757849;38.91713759;0.1;False;ok;75;1;1.277;
3490;-1.92757849;39.31713759;0.1;False;ok;1;1;1.225;
3491;-1.92757849;39.51713759;0.1;False;ok;5;1;1.209;
3492;-1.92757849;39.71713759;0.1;False;ok;1;1;1.160;
3493;-1.92757849;39.81713759;0.1;False;ok;1;1;1.244;
3494;-1.92757849;39.91713759;0.1;False;ok;1;1;1.277;
3495;-1.92757849;40.11713759;0.1;False;ok;0;1;2.049;
3496;-1.92757849;40.31713759;0.1;False;ok;22;1;1.399;
3497;-1.92757849;40.41713759;0.1;False;ok;3;1;1.279;
3498;-1.92757849;40.51713759;0.1;False;ok;6;1;1.345;
3499;-1.92757849;40.61713759;0.1;False;ok;1;1;1.346;
3500;-1.92757849;40.71713759;0.1;False;ok;1;1;1.265;
3501;-1.92757849;40.81713759;0.1;False;ok;15;1;1.397;
3502;-1.92757849;41.11713759;0.1;False;ok;10;1;1.384;
3503;-1.92757849;41.21713759;0.1;False;ok;28;1;1.376;
3504;-1.92757849;41.41713759;0.1;False;ok;1;1;1.253;
3505;-1.92757849;41.51713759;0.1;False;ok;1;1;1.249;
3506;-1.82757849;38.91713759;0.1;False;ok;3;1;1.190;
3507;-1.82757849;39.11713759;0.1;False;ok;2;1;1.218;
3508;-1.82757849;39.51713759;0.1;False;ok;5;1;0.924;
3509;-1.82757849;39.81713759;0.1;False;ok;12;1;0.952;
3510;-1.82757849;39.91713759;0.1;False;ok;3;1;0.818;
3511;-1.82757849;40.21713759;0.1;False;ok;2;1;0.930;
3512;-1.82757849;40.51713759;0.1;False;ok;1;1;0.901;
3513;-1.82757849;40.61713759;0.1;False;ok;1;1;0.737;
3514;-1.82757849;41.11713759;0.1;False;ok;15;1;1.199;
3515;-1.82757849;41.21713759;0.1;False;ok;6;1;1.045;
3516;-1.82757849;41.31713759;0.1;False;ok;10;1;1.173;
3517;-1.82757849;41.41713759;0.1;False;ok;1;1;1.179;
3518;-1.82757849;41.61713759;0.1;False;ok;1;1;1.272;
3519;-1.72757849;38.21713759;0.1;False;ok;8;1;1.219;
3520;-1.72757849;38.41713759;0.1;False;ok;13;1;1.389;
3521;-1.72757849;38.51713759;0.1;False;ok;3;1;1.344;
3522;-1.72757849;38.81713759;0.1;False;ok;3;1;1.364;
3523;-1.72757849;38.91713759;0.1;False;ok;4;1;1.298;
3524;-1.72757849;39.01713759;0.1;False;ok;4;1;1.399;
3525;-1.72757849;39.11713759;0.1;False;ok;13;1;1.374;
3526;-1.72757849;39.21713759;0.1;False;ok;1;1;1.375;
3527;-1.72757849;39.41713759;0.1;False;ok;2;1;1.343;
3528;-1.72757849;39.51713759;0.1;False;ok;2;1;1.366;
3529;-1.72757849;39.71713759;0.1;False;ok;5;1;1.298;
3530;-1.72757849;39.81713759;0.1;False;ok;1;1;1.284;
3531;-1.72757849;40.01713759;0.1;False;ok;6;1;1.423;
3532;-1.72757849;40.11713759;0.1;False;ok;8;1;1.381;
3533;-1.72757849;40.31713759;0.1;False;ok;6;1;1.290;
3534;-1.72757849;40.41713759;0.1;False;ok;3;1;1.096;
3535;-1.72757849;40.51713759;0.1;False;ok;8;1;1.089;
3536;-1.72757849;40.71713759;0.1;False;ok;1;1;1.022;
3537;-1.72757849;40.81713759;0.1;False;ok;2;1;1.068;
3538;-1.72757849;41.21713759;0.1;False;ok;12;1;1.242;
3539;-1.72757849;41.31713759;0.1;False;ok;32;1;1.238;
3540;-1.72757849;41.41713759;0.1;False;ok;2;1;1.298;
3541;-1.72757849;41.51713759;0.1;False;ok;2;1;1.203;
3542;-1.72757849;41.61713759;0.1;False;ok;0;1;2.083;
3543;-1.62757849;38.51713759;0.1;False;ok;1;1;1.331;
3544;-1.62757849;38.81713759;0.1;False;ok;1;1;1.367;
3545;-1.62757849;38.91713759;0.1;False;ok;1;1;1.346;
3546;-1.62757849;39.11713759;0.1;False;ok;5;1;1.401;
3547;-1.62757849;39.21713759;0.1;False;ok;4;1;1.438;
3548;-1.62757849;39.31713759;0.1;False;ok;8;1;1.486;
3549;-1.62757849;39.51713759;0.1;False;ok;2;1;1.436;
3550;-1.62757849;39.61713759;0.1;False;ok;5;1;1.432;
3551;-1.62757849;39.91713759;0.1;False;ok;0;1;2.106;
3552;-1.62757849;40.21713759;0.1;False;ok;0;1;2.083;
3553;-1.62757849;40.31713759;0.1;False;ok;3;1;1.394;
3554;-1.62757849;40.41713759;0.1;False;ok;23;1;1.387;
3555;-1.62757849;40.81713759;0.1;False;ok;1;1;1.244;
3556;-1.62757849;40.91713759;0.1;False;ok;1;1;1.159;
3557;-1.62757849;41.21713759;0.1;False;ok;4;1;1.139;
3558;-1.62757849;41.31713759;0.1;False;ok;5;1;1.083;
3559;-1.62757849;41.41713759;0.1;False;ok;2;1;1.023;
3560;-1.62757849;41.51713759;0.1;False;ok;1;1;0.886;
3561;-1.52757849;38.21713759;0.1;False;ok;1;1;0.869;
3562;-1.52757849;38.61713759;0.1;False;ok;4;1;0.841;
3563;-1.52757849;38.81713759;0.1;False;ok;0;1;1.629;
3564;-1.52757849;38.91713759;0.1;False;ok;2;1;0.829;
3565;-1.52757849;39.11713759;0.1;False;ok;75;1;1.067;
3566;-1.52757849;39.21713759;0.1;False;ok;6;1;0.963;
3567;-1.52757849;39.51713759;0.1;False;ok;7;1;1.145;
3568;-1.52757849;40.01713759;0.1;False;ok;2;1;0.999;
3569;-1.52757849;40.21713759;0.1;False;ok;4;1;0.985;
3570;-1.52757849;40.31713759;0.1;False;ok;74;1;1.311;
3571;-1.52757849;40.41713759;0.1;False;ok;5;1;1.230;
3572;-1.52757849;40.51713759;0.1;False;ok;0;1;1.872;
3573;-1.52757849;40.81713759;0.1;False;ok;0;1;1.946;
3574;-1.52757849;40.91713759;0.1;False;ok;4;1;1.188;
3575;-1.52757849;41.11713759;0.1;False;ok;3;1;1.185;
3576;-1.42757849;38.21713759;0.1;False;ok;5;1;1.249;
3577;-1.42757849;38.41713759;0.1;False;ok;5;1;1.270;
3578;-1.42757849;38.61713759;0.1;False;ok;0;1;1.960;
3579;-1.42757849;39.01713759;0.1;False;ok;4;1;1.219;
3580;-1.42757849;39.11713759;0.1;False;ok;42;1;1.245;
3581;-1.42757849;39.21713759;0.1;False;ok;13;1;1.160;
3582;-1.42757849;39.31713759;0.1;False;ok;2;1;1.090;
3583;-1.42757849;39.41713759;0.1;False;ok;9;1;1.103;
3584;-1.42757849;39.71713759;0.1;False;ok;0;1;1.720;
3585;-1.42757849;39.81713759;0.1;False;ok;1;1;0.937;
3586;-1.42757849;39.91713759;0.1;False;ok;3;1;0.847;
3587;-1.42757849;40.01713759;0.1;False;ok;0;1;1.720;
3588;-1.42757849;40.11713759;0.1;False;ok;5;1;0.846;
3589;-1.42757849;40.21713759;0.1;False;ok;3;1;0.789;
3590;-1.42757849;40.31713759;0.1;False;ok;9;1;0.910;
3591;-1.42757849;40.71713759;0.1;False;ok;4;1;0.985;
3592;-1.42757849;40.81713759;0.1;False;ok;4;1;0.961;
3593;-1.42757849;41.01713759;0.1;False;ok;7;1;0.844;
3594;-1.42757849;41.11713759;0.1;False;ok;2;1;0.993;
3595;-1.42757849;41.41713759;0.1;False;ok;2;1;1.015;
3596;-1.32757849;38.31713759;0.1;False;ok;0;1;1.679;
3597;-1.32757849;38.41713759;0.1;False;ok;1;1;0.973;
3598;-1.32757849;38.71713759;0.1;False;ok;1;1;1.005;
3599;-1.32757849;38.91713759;0.1;False;ok;4;1;1.014;
3600;-1.32757849;39.01713759;0.1;False;ok;4;1;1.137;
3601;-1.32757849;39.11713759;0.1;False;ok;2;1;1.100;
3602;-1.32757849;39.21713759;0.1;False;ok;0;1;1.787;
3603;-1.32757849;39.31713759;0.1;False;ok;1;1;0.977;
3604;-1.32757849;39.41713759;0.1;False;ok;1;1;0.980;
3605;-1.32757849;39.51713759;0.1;False;ok;6;1;1.090;
3606;-1.32757849;39.71713759;0.1;False;ok;2;1;0.960;
3607;-1.32757849;39.81713759;0.1;False;ok;5;1;1.066;
3608;-1.32757849;39.91713759;0.1;False;ok;3;1;1.035;
3609;-1.32757849;40.01713759;0.1;False;ok;14;1;1.189;
3610;-1.32757849;40.11713759;0.1;False;ok;10;1;1.123;
3611;-1.32757849;40.21713759;0.1;False;ok;2;1;1.023;
3612;-1.32757849;40.31713759;0.1;False;ok;5;1;1.031;
3613;-1.32757849;40.41713759;0.1;False;ok;16;1;1.130;
3614;-1.32757849;40.51713759;0.1;False;ok;5;1;1.121;
3615;-1.32757849;40.61713759;0.1;False;ok;1;1;1.153;
3616;-1.32757849;40.81713759;0.1;False;ok;1;1;1.137;
3617;-1.32757849;40.91713759;0.1;False;ok;8;1;1.189;
3618;-1.32757849;41.01713759;0.1;False;ok;2;1;1.140;
3619;-1.32757849;41.41713759;0.1;False;ok;1;1;1.189;
3620;-1.32757849;41.51713759;0.1;False;ok;0;1;1.904;
3621;-1.32757849;41.61713759;0.1;False;ok;7;1;1.149;
3622;-1.22757849;38.21713759;0.1;False;ok;4;1;1.167;
3623;-1.22757849;38.31713759;0.1;False;ok;2;1;1.112;
3624;-1.22757849;38.41713759;0.1;False;ok;1;1;1.092;
3625;-1.22757849;38.61713759;0.1;False;ok;4;1;1.195;
3626;-1.22757849;38.91713759;0.1;False;ok;1;1;1.171;
3627;-1.22757849;39.21713759;0.1;False;ok;0;1;1.946;
3628;-1.22757849;39.41713759;0.1;False;ok;2;1;1.278;
3629;-1.22757849;39.51713759;0.1;False;ok;8;1;1.269;
3630;-1.22757849;39.91713759;0.1;False;ok;3;1;1.179;
3631;-1.22757849;40.01713759;0.1;False;ok;2;1;1.293;
3632;-1.22757849;40.21713759;0.1;False;ok;8;1;1.250;
3633;-1.22757849;40.31713759;0.1;False;ok;11;1;1.259;
3634;-1.22757849;40.61713759;0.1;False;ok;4;1;1.205;
3635;-1.22757849;41.31713759;0.1;False;ok;6;1;1.257;
3636;-1.12757849;38.21713759;0.1;False;ok;2;1;1.109;
3637;-1.12757849;38.31713759;0.1;False;ok;12;1;1.258;
3638;-1.12757849;38.41713759;0.1;False;ok;7;1;1.252;
3639;-1.12757849;38.51713759;0.1;False;ok;20;1;1.154;
3640;-1.12757849;38.61713759;0.1;False;ok;4;1;2.041;
3641;-1.12757849;38.81713759;0.1;False;ok;27;1;1.075;
3642;-1.12757849;38.91713759;0.1;False;ok;1;1;1.032;
3643;-1.12757849;39.01713759;0.1;False;ok;14;1;1.025;
3644;-1.12757849;39.11713759;0.1;False;ok;6;1;0.955;
3645;-1.12757849;39.21713759;0.1;False;ok;3;1;0.877;
3646;-1.12757849;39.31713759;0.1;False;ok;3;1;0.882;
3647;-1.12757849;39.41713759;0.1;False;ok;27;1;1.059;
3648;-1.12757849;39.71713759;0.1;False;ok;0;1;1.710;
3649;-1.12757849;39.81713759;0.1;False;ok;2;1;1.046;
3650;-1.12757849;39.91713759;0.1;False;ok;2;1;1.023;
3651;-1.12757849;40.11713759;0.1;False;ok;16;1;1.056;
3652;-1.12757849;40.21713759;0.1;False;ok;2;1;1.139;
3653;-1.12757849;40.31713759;0.1;False;ok;74;1;1.432;
3654;-1.12757849;40.41713759;0.1;False;ok;4;1;1.145;
3655;-1.12757849;40.51713759;0.1;False;ok;2;1;1.152;
3656;-1.12757849;41.01713759;0.1;False;ok;1;1;1.239;
3657;-1.02757849;38.21713759;0.1;False;ok;12;1;1.309;
3658;-1.02757849;38.31713759;0.1;False;ok;5;1;1.324;
3659;-1.02757849;38.41713759;0.1;False;ok;9;1;1.268;
3660;-1.02757849;38.61713759;0.1;False;ok;13;1;1.250;
3661;-1.02757849;39.21713759;0.1;False;ok;4;1;1.173;
3662;-1.02757849;39.31713759;0.1;False;ok;1;1;1.226;
3663;-1.02757849;39.41713759;0.1;False;ok;2;1;1.213;
3664;-1.02757849;39.51713759;0.1;False;ok;7;1;1.218;
3665;-1.02757849;39.71713759;0.1;False;ok;8;1;1.073;
3666;-1.02757849;39.81713759;0.1;False;ok;8;1;1.057;
3667;-1.02757849;39.91713759;0.1;False;ok;3;1;0.974;
3668;-1.02757849;40.11713759;0.1;False;ok;2;1;0.891;
3669;-1.02757849;40.21713759;0.1;False;ok;5;1;0.955;
3670;-1.02757849;40.81713759;0.1;False;ok;1;1;0.876;
3671;-1.02757849;41.31713759;0.1;False;ok;2;1;0.893;
3672;-1.02757849;41.51713759;0.1;False;ok;4;1;0.962;
3673;-1.02757849;41.61713759;0.1;False;ok;20;1;1.043;
3674;-0.92757849;38.21713759;0.1;False;ok;5;1;1.153;
3675;-0.92757849;38.31713759;0.1;False;ok;11;1;1.293;
3676;-0.92757849;38.41713759;0.1;False;ok;9;1;1.282;
3677;-0.92757849;38.51713759;0.1;False;ok;6;1;1.303;
3678;-0.92757849;38.61713759;0.1;False;ok;24;1;1.488;
3679;-0.92757849;38.91713759;0.1;False;ok;0;1;2.089;
3680;-0.92757849;39.31713759;0.1;False;ok;2;1;1.363;
3681;-0.92757849;39.41713759;0.1;False;ok;10;1;1.424;
3682;-0.92757849;39.51713759;0.1;False;ok;1;1;1.312;
3683;-0.92757849;39.61713759;0.1;False;ok;52;1;1.535;
3684;-0.92757849;40.01713759;0.1;False;ok;8;1;1.362;
3685;-0.92757849;40.11713759;0.1;False;ok;2;1;1.429;
3686;-0.92757849;40.31713759;0.1;False;ok;4;1;1.301;
3687;-0.92757849;40.61713759;0.1;False;ok;3;1;1.202;
3688;-0.92757849;40.71713759;0.1;False;ok;1;1;1.310;
3689;-0.92757849;40.81713759;0.1;False;ok;1;1;1.263;
3690;-0.92757849;41.01713759;0.1;False;ok;1;1;1.162;
3691;-0.92757849;41.21713759;0.1;False;ok;2;1;1.223;
3692;-0.92757849;41.61713759;0.025;False;ok;6;1;1.082;
3693;-0.92757849;41.64213759;0.025;False;ok;25;1;1.090;
3694;-0.92757849;41.66713759;0.05;False;ok;6;1;0.991;
3695;-0.90257849;41.61713759;0.025;False;ok;22;1;0.911;
3696;-0.90257849;41.64213759;0.0125;False;ok;33;1;1.037;
3697;-0.90257849;41.65463759;0.0125;False;ok;24;1;0.989;
3698;-0.89007849;41.64213759;0.0125;False;ok;74;1;1.254;
3699;-0.89007849;41.65463759;0.0125;False;ok;75;1;1.314;
3700;-0.87757849;41.61713759;0.05;False;ok;75;1;1.961;
3701;-0.87757849;41.66713759;0.05;False;ok;7;1;1.337;
3702;-0.82757849;38.21713759;0.1;False;ok;18;1;1.293;
3703;-0.82757849;38.31713759;0.1;False;ok;32;1;1.352;
3704;-0.82757849;38.41713759;0.1;False;ok;18;1;1.845;
3705;-0.82757849;38.51713759;0.1;False;ok;4;1;1.822;
3706;-0.82757849;38.61713759;0.1;False;ok;24;1;1.319;
3707;-0.82757849;38.71713759;0.1;False;ok;4;1;1.284;
3708;-0.82757849;38.81713759;0.1;False;ok;8;1;1.765;
3709;-0.82757849;38.91713759;0.1;False;ok;4;1;1.744;
3710;-0.82757849;39.01713759;0.1;False;ok;4;1;1.697;
3711;-0.82757849;39.31713759;0.1;False;ok;18;1;1.680;
3712;-0.82757849;39.41713759;0.1;False;ok;8;1;1.552;
3713;-0.82757849;39.51713759;0.1;False;ok;0;1;2.176;
3714;-0.82757849;39.71713759;0.1;False;ok;3;1;1.310;
3715;-0.82757849;39.91713759;0.1;False;ok;0;1;2.096;
3716;-0.82757849;40.01713759;0.1;False;ok;9;1;1.161;
3717;-0.82757849;40.11713759;0.1;False;ok;6;1;1.156;
3718;-0.82757849;40.21713759;0.1;False;ok;44;1;0.830;
3719;-0.82757849;40.31713759;0.1;False;ok;2;1;1.066;
3720;-0.82757849;40.41713759;0.1;False;ok;5;1;1.007;
3721;-0.82757849;40.51713759;0.1;False;ok;0;1;1.736;
3722;-0.82757849;40.61713759;0.1;False;ok;3;1;0.947;
3723;-0.82757849;41.21713759;0.1;False;ok;11;1;0.863;
3724;-0.82757849;41.51713759;0.1;False;ok;2;1;0.904;
3725;-0.82757849;41.61713759;0.1;False;ok;3;1;1.255;
3726;-0.72757849;38.21713759;0.1;False;ok;71;1;1.466;
3727;-0.72757849;38.31713759;0.1;False;ok;7;1;1.335;
3728;-0.72757849;38.41713759;0.1;False;ok;7;1;1.262;
3729;-0.72757849;38.51713759;0.1;False;ok;12;1;1.353;
3730;-0.72757849;38.61713759;0.1;False;ok;21;1;1.421;
3731;-0.72757849;38.71713759;0.1;False;ok;5;1;1.390;
3732;-0.72757849;38.81713759;0.1;False;ok;6;1;1.319;
3733;-0.72757849;38.91713759;0.1;False;ok;7;1;1.326;
3734;-0.72757849;39.01713759;0.1;False;ok;56;1;1.438;
3735;-0.72757849;39.21713759;0.1;False;ok;0;1;2.001;
3736;-0.72757849;39.31713759;0.1;False;ok;22;1;1.448;
3737;-0.72757849;39.41713759;0.1;False;ok;9;1;1.183;
3738;-0.72757849;39.51713759;0.1;False;ok;10;1;1.131;
3739;-0.72757849;39.61713759;0.1;False;ok;13;1;1.137;
3740;-0.72757849;39.91713759;0.1;False;ok;5;1;1.127;
3741;-0.72757849;40.01713759;0.1;False;ok;13;1;1.146;
3742;-0.72757849;40.11713759;0.1;False;ok;22;1;0.894;
3743;-0.72757849;40.21713759;0.1;False;ok;3;1;0.775;
3744;-0.72757849;40.31713759;0.1;False;ok;23;1;0.699;
3745;-0.72757849;40.41713759;0.1;False;ok;6;1;0.823;
3746;-0.72757849;40.51713759;0.1;False;ok;4;1;0.871;
3747;-0.72757849;40.61713759;0.1;False;ok;3;1;1.183;
3748;-0.72757849;40.81713759;0.1;False;ok;4;1;1.256;
3749;-0.72757849;40.91713759;0.1;False;ok;2;1;1.306;
3750;-0.72757849;41.01713759;0.1;False;ok;2;1;1.354;
3751;-0.72757849;41.11713759;0.1;False;ok;4;1;1.460;
3752;-0.72757849;41.31713759;0.1;False;ok;2;1;1.355;
3753;-0.72757849;41.51713759;0.1;False;ok;4;1;1.392;
3754;-0.62757849;38.21713759;0.1;False;ok;75;1;1.771;
3755;-0.62757849;38.31713759;0.1;False;ok;13;1;1.539;
3756;-0.62757849;38.41713759;0.1;False;ok;11;1;1.483;
3757;-0.62757849;38.51713759;0.1;False;ok;8;1;1.512;
3758;-0.62757849;38.61713759;0.1;False;ok;14;1;1.547;
3759;-0.62757849;38.71713759;0.1;False;ok;33;1;1.590;
3760;-0.62757849;38.81713759;0.1;False;ok;24;1;1.573;
3761;-0.62757849;39.01713759;0.1;False;ok;5;1;1.419;
3762;-0.62757849;39.11713759;0.1;False;ok;2;1;1.387;
3763;-0.62757849;39.21713759;0.1;False;ok;9;1;1.289;
3764;-0.62757849;39.31713759;0.1;False;ok;13;1;1.231;
3765;-0.62757849;39.41713759;0.1;False;ok;23;1;1.235;
3766;-0.62757849;39.51713759;0.1;False;ok;25;1;1.182;
3767;-0.62757849;39.61713759;0.1;False;ok;18;1;0.880;
3768;-0.62757849;39.81713759;0.1;False;ok;13;1;0.854;
3769;-0.62757849;39.91713759;0.1;False;ok;19;1;0.967;
3770;-0.62757849;40.01713759;0.1;False;ok;6;1;0.797;
3771;-0.62757849;40.11713759;0.1;False;ok;18;1;0.915;
3772;-0.62757849;40.31713759;0.1;False;ok;20;1;0.931;
3773;-0.62757849;40.61713759;0.1;False;ok;2;1;0.869;
3774;-0.62757849;40.71713759;0.1;False;ok;3;1;0.976;
3775;-0.62757849;40.81713759;0.1;False;ok;3;1;1.071;
3776;-0.62757849;41.41713759;0.1;False;ok;1;1;1.344;
3777;-0.52757849;38.21713759;0.0125;False;ok;73;1;1.715;
3778;-0.52757849;38.22963759;0.0125;False;ok;74;1;1.582;
3779;-0.52757849;38.24213759;0.00625;False;ok;5;1;1.306;
3780;-0.52757849;38.24838759;0.00625;False;ok;31;1;1.452;
3781;-0.52757849;38.25463759;0.0125;False;ok;44;1;1.439;
3782;-0.52757849;38.26713759;0.05;False;ok;27;1;1.406;
3783;-0.52757849;38.31713759;0.025;False;ok;11;1;1.510;
3784;-0.52757849;38.34213759;0.025;False;ok;9;1;1.455;
3785;-0.52757849;38.36713759;0.05;False;ok;48;1;1.597;
3786;-0.52757849;38.41713759;0.1;False;ok;72;1;1.703;
3787;-0.52757849;38.51713759;0.1;False;ok;7;1;1.422;
3788;-0.52757849;38.61713759;0.1;False;ok;19;1;1.377;
3789;-0.52757849;38.71713759;0.1;False;ok;12;1;1.354;
3790;-0.52757849;38.81713759;0.1;False;ok;6;1;1.152;
3791;-0.52757849;38.91713759;0.1;False;ok;38;1;1.327;
3792;-0.52757849;39.01713759;0.1;False;ok;8;1;1.180;
3793;-0.52757849;39.11713759;0.1;False;ok;24;1;1.175;
3794;-0.52757849;39.21713759;0.1;False;ok;12;1;1.019;
3795;-0.52757849;39.31713759;0.1;False;ok;19;1;0.968;
3796;-0.52757849;39.41713759;0.1;False;ok;68;1;0.840;
3797;-0.52757849;39.51713759;0.1;False;ok;48;1;0.807;
3798;-0.52757849;39.61713759;0.1;False;ok;14;1;0.765;
3799;-0.52757849;39.71713759;0.1;False;ok;5;1;0.727;
3800;-0.52757849;39.81713759;0.1;False;ok;58;1;0.932;
3801;-0.52757849;39.91713759;0.1;False;ok;3;1;1.032;
3802;-0.52757849;40.01713759;0.1;False;ok;23;1;1.246;
3803;-0.52757849;40.11713759;0.1;False;ok;4;1;1.197;
3804;-0.52757849;40.21713759;0.1;False;ok;8;1;1.146;
3805;-0.52757849;40.31713759;0.1;False;ok;9;1;1.284;
3806;-0.52757849;40.41713759;0.1;False;ok;4;1;1.401;
3807;-0.52757849;40.71713759;0.1;False;ok;5;1;1.259;
3808;-0.52757849;40.81713759;0.1;False;ok;8;1;1.399;
3809;-0.52757849;40.91713759;0.1;False;ok;4;1;1.388;
3810;-0.52757849;41.11713759;0.1;False;ok;11;1;1.369;
3811;-0.52757849;41.41713759;0.1;False;ok;1;1;1.419;
3812;-0.52132849;38.24213759;0.00625;False;ok;66;1;1.572;
3813;-0.52132849;38.24838759;0.00625;False;ok;74;1;1.599;
3814;-0.50257849;38.31713759;0.025;False;ok;64;1;1.553;
3815;-0.50257849;38.34213759;0.0125;False;ok;75;1;1.700;
3816;-0.50257849;38.35463759;0.0125;False;ok;15;1;1.410;
3817;-0.49007849;38.34213759;0.003125;False;ok;18;1;1.378;
3818;-0.49007849;38.34526259;0.003125;False;ok;55;1;1.416;
3819;-0.49007849;38.34838759;0.00625;False;ok;75;1;1.527;
3820;-0.49007849;38.35463759;0.0125;False;ok;74;1;1.349;
3821;-0.48695349;38.34213759;0.003125;False;ok;75;1;1.241;
3822;-0.48695349;38.34526259;0.003125;False;ok;72;1;1.115;
3823;-0.48382849;38.34213759;0.003125;False;ok;74;1;1.285;
3824;-0.48382849;38.34526259;0.0015625;False;ok;70;1;1.107;
3825;-0.48382849;38.34682509;0.0015625;False;ok;42;1;1.017;
3826;-0.48382849;38.34838759;0.00625;False;ok;75;1;1.197;
3827;-0.48226599;38.34526259;0.0015625;False;ok;69;1;1.067;
3828;-0.48226599;38.34682509;0.0015625;False;ok;31;1;0.906;
3829;-0.48070349;38.34213759;0.003125;False;ok;32;1;1.121;
3830;-0.48070349;38.34526259;0.003125;False;ok;67;1;1.059;
3831;-0.47757849;38.34213759;0.025;False;ok;75;1;1.154;
3832;-0.47757849;38.36713759;0.05;False;ok;53;1;1.116;
3833;-0.45257849;38.34213759;0.025;False;ok;75;1;1.206;
3834;-0.42757849;38.31713759;0.05;False;ok;73;1;1.158;
3835;-0.42757849;38.36713759;0.0125;False;ok;36;1;1.037;
3836;-0.42757849;38.37963759;0.0125;False;ok;29;1;1.020;
3837;-0.42757849;38.39213759;0.025;False;ok;74;1;1.177;
3838;-0.42757849;38.41713759;0.025;False;ok;6;1;0.992;
3839;-0.42757849;38.46713759;0.05;False;ok;7;1;1.040;
3840;-0.42757849;38.51713759;0.1;False;ok;6;1;1.056;
3841;-0.42757849;38.61713759;0.1;False;ok;11;1;1.022;
3842;-0.42757849;38.71713759;0.1;False;ok;10;1;1.027;
3843;-0.42757849;38.81713759;0.1;False;ok;13;1;1.098;
3844;-0.42757849;38.91713759;0.1;False;ok;0;1;1.637;
3845;-0.42757849;39.01713759;0.1;False;ok;11;1;1.061;
3846;-0.42757849;39.11713759;0.1;False;ok;26;1;1.135;
3847;-0.42757849;39.21713759;0.1;False;ok;4;1;1.051;
3848;-0.42757849;39.31713759;0.1;False;ok;22;1;1.073;
3849;-0.42757849;39.41713759;0.05;False;ok;74;1;1.307;
3850;-0.42757849;39.46713759;0.025;False;ok;44;1;1.048;
3851;-0.42757849;39.49213759;0.025;False;ok;34;1;1.018;
3852;-0.42757849;39.51713759;0.1;False;ok;24;1;1.088;
3853;-0.42757849;39.61713759;0.1;False;ok;21;1;1.110;
3854;-0.42757849;39.71713759;0.1;False;ok;14;1;1.128;
3855;-0.42757849;39.81713759;0.1;False;ok;9;1;1.098;
3856;-0.42757849;39.91713759;0.1;False;ok;7;1;1.070;
3857;-0.42757849;40.11713759;0.1;False;ok;18;1;1.153;
3858;-0.42757849;40.21713759;0.1;False;ok;2;1;1.138;
3859;-0.42757849;40.51713759;0.1;False;ok;15;1;1.042;
3860;-0.42757849;40.61713759;0.1;False;ok;12;1;1.137;
3861;-0.42757849;40.81713759;0.1;False;ok;4;1;1.081;
3862;-0.42757849;41.31713759;0.1;False;ok;4;1;1.127;
3863;-0.42757849;41.61713759;0.1;False;ok;1;1;1.052;
3864;-0.41507849;38.36713759;0.0125;False;ok;53;1;1.126;
3865;-0.41507849;38.37963759;0.0125;False;ok;75;1;1.230;
3866;-0.40257849;38.39213759;0.025;False;ok;53;1;1.267;
3867;-0.40257849;38.41713759;0.0125;False;ok;74;1;1.236;
3868;-0.40257849;38.42963759;0.0125;False;ok;12;1;1.094;
3869;-0.40257849;38.44213759;0.025;False;ok;8;1;1.144;
3870;-0.40257849;39.46713759;0.0125;False;ok;73;1;1.251;
3871;-0.40257849;39.47963759;0.0125;False;ok;36;1;1.453;
3872;-0.40257849;39.49213759;0.025;False;ok;45;1;1.218;
3873;-0.39007849;38.41713759;0.0125;False;ok;29;1;1.310;
3874;-0.39007849;38.42963759;0.0125;False;ok;26;1;1.333;
3875;-0.39007849;39.46713759;0.00625;False;ok;34;1;1.149;
3876;-0.39007849;39.47338759;0.00625;False;ok;50;1;1.241;
3877;-0.39007849;39.47963759;0.0125;False;ok;69;1;1.313;
3878;-0.38382849;39.46713759;0.00625;False;ok;72;1;1.320;
3879;-0.38382849;39.47338759;0.00625;False;ok;72;1;1.349;
3880;-0.37757849;38.41713759;0.05;False;ok;66;1;1.390;
3881;-0.37757849;38.46713759;0.05;False;ok;33;1;1.362;
3882;-0.37757849;39.44213759;0.0125;False;ok;48;1;1.195;
3883;-0.37757849;39.45463759;0.00625;False;ok;62;1;1.122;
3884;-0.37757849;39.46088759;0.00625;False;ok;68;1;1.129;
3885;-0.37757849;39.46713759;0.00625;False;ok;75;1;1.075;
3886;-0.37757849;39.47338759;0.00625;False;ok;75;1;1.148;
3887;-0.37757849;39.47963759;0.0125;False;ok;72;1;1.045;
3888;-0.37757849;39.49213759;0.025;False;ok;45;1;1.026;
3889;-0.37132849;39.45463759;0.00625;False;ok;69;1;0.948;
3890;-0.37132849;39.46088759;0.00625;False;ok;66;1;0.950;
3891;-0.37132849;39.46713759;0.00625;False;ok;16;1;0.952;
3892;-0.37132849;39.47338759;0.00625;False;ok;16;1;0.996;
3893;-0.36507849;39.44213759;0.0125;False;ok;21;1;0.961;
3894;-0.36507849;39.45463759;0.0125;False;ok;74;1;1.106;
3895;-0.36507849;39.46713759;0.0125;False;ok;65;1;1.036;
3896;-0.36507849;39.47963759;0.0125;False;ok;30;1;1.112;
3897;-0.35257849;39.44213759;0.0125;False;ok;3;1;0.996;
3898;-0.35257849;39.45463759;0.0125;False;ok;73;1;1.294;
3899;-0.35257849;39.46713759;0.0125;False;ok;74;1;1.318;
3900;-0.35257849;39.49213759;0.025;False;ok;5;1;1.180;
3901;-0.34007849;39.44213759;0.0125;False;ok;56;1;1.325;
3902;-0.34007849;39.45463759;0.0125;False;ok;74;1;1.326;
3903;-0.34007849;39.46713759;0.0125;False;ok;72;1;1.371;
3904;-0.34007849;39.47963759;0.0125;False;ok;40;1;1.302;
3905;-0.32757849;38.46713759;0.05;False;ok;53;1;1.391;
3906;-0.32757849;38.51713759;0.1;False;ok;18;1;1.344;
3907;-0.32757849;38.61713759;0.1;False;ok;8;1;1.313;
3908;-0.32757849;38.71713759;0.1;False;ok;6;1;1.309;
3909;-0.32757849;38.81713759;0.1;False;ok;8;1;1.235;
3910;-0.32757849;38.91713759;0.1;False;ok;18;1;1.238;
3911;-0.32757849;39.01713759;0.1;False;ok;20;1;1.405;
3912;-0.32757849;39.11713759;0.05;False;ok;6;1;1.225;
3913;-0.32757849;39.21713759;0.1;False;ok;65;1;1.248;
3914;-0.32757849;39.31713759;0.1;False;ok;12;1;1.125;
3915;-0.32757849;39.41713759;0.05;False;ok;42;1;1.185;
3916;-0.32757849;39.46713759;0.025;False;ok;72;1;1.214;
3917;-0.32757849;39.49213759;0.025;False;ok;57;1;1.198;
3918;-0.32757849;39.51713759;0.1;False;ok;66;1;1.285;
3919;-0.32757849;39.61713759;0.1;False;ok;62;1;1.259;
3920;-0.32757849;39.71713759;0.1;False;ok;6;1;1.218;
3921;-0.32757849;39.81713759;0.1;False;ok;17;1;1.122;
3922;-0.32757849;39.91713759;0.1;False;ok;7;1;1.212;
3923;-0.32757849;40.01713759;0.1;False;ok;2;1;1.173;
3924;-0.32757849;40.11713759;0.1;False;ok;11;1;1.235;
3925;-0.32757849;40.21713759;0.1;False;ok;6;1;1.344;
3926;-0.32757849;40.41713759;0.1;False;ok;25;1;1.336;
3927;-0.32757849;40.51713759;0.1;False;ok;11;1;1.337;
3928;-0.32757849;40.61713759;0.1;False;ok;3;1;1.306;
3929;-0.32757849;40.71713759;0.1;False;ok;9;1;1.485;
3930;-0.32757849;40.81713759;0.1;False;ok;2;1;1.269;
3931;-0.32757849;40.91713759;0.1;False;ok;7;1;1.302;
3932;-0.32757849;41.01713759;0.1;False;ok;5;1;1.285;
3933;-0.32757849;41.21713759;0.1;False;ok;1;1;1.270;
3934;-0.32757849;41.61713759;0.1;False;ok;2;1;1.264;
3935;-0.27757849;38.49213759;0.025;False;ok;73;1;1.450;
3936;-0.27757849;39.14213759;0.025;False;ok;17;1;1.237;
3937;-0.27757849;39.16713759;0.05;False;ok;75;1;1.487;
3938;-0.25257849;38.49213759;0.0125;False;ok;19;1;1.086;
3939;-0.25257849;39.11713759;0.025;False;ok;11;1;1.146;
3940;-0.25257849;39.15463759;0.00625;False;ok;1;1;1.055;
3941;-0.25257849;39.16088759;0.00625;False;ok;29;1;1.186;
3942;-0.24632849;39.15463759;0.00625;False;ok;18;1;1.052;
3943;-0.24632849;39.16088759;0.00625;False;ok;72;1;1.246;
3944;-0.24007849;38.49213759;0.0125;False;ok;75;1;1.246;
3945;-0.24007849;38.50463759;0.0125;False;ok;73;1;1.280;
3946;-0.24007849;39.14213759;0.0125;False;ok;2;1;1.014;
3947;-0.22757849;38.41713759;0.1;False;ok;73;1;1.238;
3948;-0.22757849;38.51713759;0.05;False;ok;75;1;1.281;
3949;-0.22757849;38.56713759;0.05;False;ok;15;1;1.060;
3950;-0.22757849;38.61713759;0.1;False;ok;49;1;1.298;
3951;-0.22757849;38.71713759;0.1;False;ok;6;1;1.201;
3952;-0.22757849;38.81713759;0.1;False;ok;45;1;1.215;
3953;-0.22757849;38.91713759;0.05;False;ok;42;1;1.189;
3954;-0.22757849;38.96713759;0.05;False;ok;55;1;1.303;
3955;-0.22757849;39.01713759;0.1;False;ok;75;1;1.279;
3956;-0.22757849;39.11713759;0.1;False;ok;70;1;1.326;
3957;-0.22757849;39.61713759;0.05;False;ok;71;1;1.330;
3958;-0.22757849;39.66713759;0.05;False;ok;72;1;1.322;
3959;-0.22757849;39.71713759;0.1;False;ok;73;1;1.288;
3960;-0.22757849;39.91713759;0.1;False;ok;2;1;1.100;
3961;-0.22757849;40.01713759;0.1;False;ok;6;1;1.121;
3962;-0.22757849;40.11713759;0.1;False;ok;5;1;1.026;
3963;-0.22757849;40.21713759;0.1;False;ok;5;1;1.004;
3964;-0.22757849;40.31713759;0.1;False;ok;15;1;1.085;
3965;-0.22757849;40.41713759;0.1;False;ok;8;1;1.012;
3966;-0.22757849;40.51713759;0.1;False;ok;7;1;0.979;
3967;-0.22757849;40.61713759;0.1;False;ok;11;1;0.995;
3968;-0.22757849;40.71713759;0.1;False;ok;2;1;0.933;
3969;-0.22757849;40.81713759;0.1;False;ok;2;1;0.912;
3970;-0.22757849;40.91713759;0.1;False;ok;9;1;1.070;
3971;-0.22757849;41.01713759;0.1;False;ok;53;1;1.191;
3972;-0.22757849;41.11713759;0.1;False;ok;7;1;1.060;
3973;-0.22757849;41.21713759;0.1;False;ok;1;1;0.971;
3974;-0.22757849;41.41713759;0.1;False;ok;0;1;1.816;
3975;-0.17757849;38.51713759;0.00625;False;ok;13;1;1.270;
3976;-0.17757849;38.52338759;0.00625;False;ok;74;1;1.517;
3977;-0.17757849;38.52963759;0.0125;False;ok;27;1;1.341;
3978;-0.17757849;38.54213759;0.025;False;ok;23;1;1.330;
3979;-0.17757849;38.56713759;0.05;False;ok;51;1;1.485;
3980;-0.17757849;38.91713759;0.05;False;ok;55;1;1.451;
3981;-0.17757849;38.96713759;0.025;False;ok;38;1;1.475;
3982;-0.17757849;38.99213759;0.0125;False;ok;36;1;1.453;
3983;-0.17757849;39.00463759;0.00625;False;ok;8;1;1.318;
3984;-0.17757849;39.01088759;0.00625;False;ok;59;1;1.483;
3985;-0.17132849;38.52338759;0.00625;False;ok;75;1;1.498;
3986;-0.17132849;39.00463759;0.00625;False;ok;72;1;1.367;
3987;-0.17132849;39.01088759;0.00625;False;ok;39;1;1.361;
3988;-0.16507849;38.51713759;0.0125;False;ok;73;1;1.426;
3989;-0.16507849;38.52963759;0.0125;False;ok;75;1;1.559;
3990;-0.16507849;38.99213759;0.00625;False;ok;63;1;1.232;
3991;-0.16507849;38.99838759;0.00625;False;ok;74;1;1.291;
3992;-0.16507849;39.00463759;0.0125;False;ok;20;1;1.059;
3993;-0.15882849;38.99213759;0.00625;False;ok;31;1;1.036;
3994;-0.15882849;38.99838759;0.00625;False;ok;8;1;0.721;
3995;-0.15257849;38.52963759;0.0125;False;ok;75;1;0.990;
3996;-0.15257849;38.54213759;0.025;False;ok;69;1;0.910;
3997;-0.15257849;38.96713759;0.025;False;ok;57;1;0.924;
3998;-0.14007849;38.53588759;0.00625;False;ok;75;1;1.115;
3999;-0.13382849;38.52963759;0.00625;False;ok;75;1;1.342;
4000;-0.13382849;38.53588759;0.003125;False;ok;65;1;1.358;
4001;-0.13382849;38.53901259;0.003125;False;ok;21;1;1.232;
4002;-0.13070349;38.53588759;0.003125;False;ok;73;1;1.428;
4003;-0.13070349;38.53901259;0.003125;False;ok;6;1;1.157;
4004;-0.12757849;38.52963759;0.00625;False;ok;4;1;1.290;
4005;-0.12757849;38.53588759;0.003125;False;ok;63;1;1.494;
4006;-0.12757849;38.53901259;0.003125;False;ok;26;1;1.405;
4007;-0.12757849;38.54213759;0.025;False;ok;66;1;1.464;
4008;-0.12757849;38.56713759;0.05;False;ok;65;1;1.606;
4009;-0.12757849;38.61713759;0.1;False;ok;74;1;1.601;
4010;-0.12757849;38.71713759;0.1;False;ok;72;1;1.460;
4011;-0.12757849;38.81713759;0.05;False;ok;27;1;1.441;
4012;-0.12757849;38.86713759;0.05;False;ok;20;1;1.363;
4013;-0.12757849;38.91713759;0.1;False;ok;73;1;1.500;
4014;-0.12757849;39.71713759;0.1;False;ok;2;1;1.265;
4015;-0.12757849;39.81713759;0.1;False;ok;63;1;1.206;
4016;-0.12757849;39.91713759;0.1;False;ok;74;1;1.261;
4017;-0.12757849;40.01713759;0.1;False;ok;18;1;1.014;
4018;-0.12757849;40.11713759;0.1;False;ok;13;1;0.881;
4019;-0.12757849;40.21713759;0.1;False;ok;8;1;0.805;
4020;-0.12757849;40.31713759;0.1;False;ok;6;1;0.778;
4021;-0.12757849;40.51713759;0.1;False;ok;10;1;0.780;
4022;-0.12757849;40.61713759;0.1;False;ok;47;1;0.812;
4023;-0.12757849;40.71713759;0.1;False;ok;5;1;0.741;
4024;-0.12757849;40.81713759;0.1;False;ok;2;1;0.747;
4025;-0.12757849;40.91713759;0.1;False;ok;6;1;1.261;
4026;-0.12757849;41.21713759;0.1;False;ok;13;1;1.186;
4027;-0.12445349;38.53588759;0.003125;False;ok;52;1;1.253;
4028;-0.12445349;38.53901259;0.003125;False;ok;31;1;1.410;
4029;-0.12132849;38.52963759;0.00625;False;ok;66;1;1.376;
4030;-0.12132849;38.53588759;0.003125;False;ok;52;1;1.577;
4031;-0.12132849;38.53901259;0.003125;False;ok;51;1;1.482;
4032;-0.11820349;38.53588759;0.003125;False;ok;74;1;1.658;
4033;-0.11820349;38.53901259;0.003125;False;ok;57;1;1.516;
4034;-0.11507849;38.51713759;0.0125;False;ok;12;1;1.393;
4035;-0.11507849;38.52963759;0.00625;False;ok;74;1;1.630;
4036;-0.11507849;38.53588759;0.003125;False;ok;75;1;1.560;
4037;-0.11507849;38.53901259;0.003125;False;ok;14;1;1.471;
4038;-0.11195349;38.53588759;0.003125;False;ok;63;1;1.492;
4039;-0.11195349;38.53901259;0.003125;False;ok;27;1;1.344;
4040;-0.10882849;38.52963759;0.0015625;False;ok;31;1;1.442;
4041;-0.10882849;38.53120009;0.0015625;False;ok;17;1;1.414;
4042;-0.10882849;38.53276259;0.003125;False;ok;75;1;1.593;
4043;-0.10882849;38.53588759;0.003125;False;ok;73;1;1.458;
4044;-0.10882849;38.53901259;0.003125;False;ok;19;1;1.225;
4045;-0.10726599;38.52963759;0.0015625;False;ok;67;1;0.866;
4046;-0.10726599;38.53120009;0.0015625;False;ok;47;1;0.820;
4047;-0.10570349;38.52963759;0.003125;False;ok;34;1;0.832;
4048;-0.10570349;38.53276259;0.003125;False;ok;70;1;0.817;
4049;-0.10570349;38.53588759;0.003125;False;ok;70;1;0.843;
4050;-0.10570349;38.53901259;0.003125;False;ok;4;1;0.840;
4051;-0.10257849;38.51713759;0.025;False;ok;74;1;1.053;
4052;-0.10257849;38.54213759;0.025;False;ok;18;1;1.122;
4053;-0.07757849;38.51713759;0.05;False;ok;26;1;1.097;
4054;-0.07757849;38.56713759;0.00625;False;ok;47;1;1.250;
4055;-0.07757849;38.57338759;0.00625;False;ok;22;1;1.220;
4056;-0.07757849;38.57963759;0.0125;False;ok;4;1;1.343;
4057;-0.07757849;38.59213759;0.025;False;ok;69;1;1.411;
4058;-0.07757849;38.81713759;0.05;False;ok;75;1;1.561;
4059;-0.07757849;38.86713759;0.025;False;ok;57;1;1.445;
4060;-0.07757849;38.89213759;0.025;False;ok;73;1;1.496;
4061;-0.07132849;38.56713759;0.00625;False;ok;32;1;1.445;
4062;-0.07132849;38.57338759;0.00625;False;ok;68;1;1.426;
4063;-0.06507849;38.56713759;0.0125;False;ok;18;1;1.494;
4064;-0.06507849;38.57963759;0.0125;False;ok;23;1;1.362;
4065;-0.05257849;38.59213759;0.00625;False;ok;33;1;1.449;
4066;-0.05257849;38.59838759;0.00625;False;ok;75;1;1.583;
4067;-0.05257849;38.60463759;0.0125;False;ok;6;1;1.351;
4068;-0.05257849;38.86713759;0.025;False;ok;75;1;1.361;
4069;-0.05257849;38.89213759;0.025;False;ok;12;1;1.234;
4070;-0.04632849;38.59838759;0.00625;False;ok;31;1;1.152;
4071;-0.04007849;38.59213759;0.0125;False;ok;0;1;1.664;
4072;-0.04007849;38.60463759;0.0125;False;ok;54;1;0.958;
4073;-0.02757849;38.61713759;0.0125;False;ok;30;1;0.889;
4074;-0.02757849;38.62963759;0.0125;False;ok;35;1;0.909;
4075;-0.02757849;38.64213759;0.025;False;ok;12;1;0.828;
4076;-0.02757849;38.66713759;0.05;False;ok;5;1;0.725;
4077;-0.02757849;38.71713759;0.05;False;ok;23;1;0.853;
4078;-0.02757849;38.76713759;0.05;False;ok;22;1;0.965;
4079;-0.02757849;38.81713759;0.025;False;ok;7;1;1.093;
4080;-0.02757849;38.84213759;0.025;False;ok;46;1;1.222;
4081;-0.02757849;38.86713759;0.05;False;ok;73;1;1.201;
4082;-0.02757849;39.91713759;0.1;False;ok;70;1;1.240;
4083;-0.02757849;40.01713759;0.1;False;ok;74;1;1.417;
4084;-0.02757849;40.11713759;0.1;False;ok;15;1;1.198;
4085;-0.02757849;40.21713759;0.1;False;ok;5;1;1.224;
4086;-0.02757849;40.31713759;0.1;False;ok;7;1;1.429;
4087;-0.02757849;40.41713759;0.1;False;ok;11;1;1.291;
4088;-0.02757849;40.51713759;0.1;False;ok;0;1;1.934;
4089;-0.02757849;40.61713759;0.1;False;ok;1;1;1.160;
4090;-0.02757849;40.71713759;0.1;False;ok;21;1;1.421;
4091;-0.02757849;40.81713759;0.1;False;ok;7;1;1.422;
4092;-0.02757849;40.91713759;0.1;False;ok;3;1;1.193;
4093;-0.02757849;41.41713759;0.1;False;ok;0;1;1.889;
4094;-0.01507849;38.61713759;0.0125;False;ok;5;1;1.111;
4095;-0.01507849;38.62963759;0.0125;False;ok;64;1;1.433;
4096;-0.00257849;38.62963759;0.0125;False;ok;51;1;1.176;
4097;-0.00257849;38.64213759;0.025;False;ok;5;1;1.005;
4098;-0.00257849;38.81713759;0.025;False;ok;20;1;0.996;
4099;-0.00257849;38.84213759;0.0125;False;ok;16;1;0.949;
4100;-0.00257849;38.85463759;0.0125;False;ok;73;1;1.169;
4101;0.00992151;38.62963759;0.0125;False;ok;38;1;1.079;
4102;0.00992151;38.84213759;0.0125;False;ok;23;1;1.000;
4103;0.00992151;38.85463759;0.0125;False;ok;69;1;1.056;
4104;0.02242151;38.62963759;0.00625;False;ok;42;1;1.046;
4105;0.02242151;38.63588759;0.00625;False;ok;17;1;0.976;
4106;0.02242151;38.64213759;0.0125;False;ok;37;1;1.118;
4107;0.02242151;38.65463759;0.0125;False;ok;23;1;1.027;
4108;0.02242151;38.66713759;0.025;False;ok;9;1;0.998;
4109;0.02242151;38.69213759;0.025;False;ok;9;1;0.977;
4110;0.02242151;38.71713759;0.05;False;ok;15;1;1.087;
4111;0.02242151;38.76713759;0.05;False;ok;70;1;1.236;
4112;0.02242151;38.81713759;0.025;False;ok;3;1;0.935;
4113;0.02242151;38.84213759;0.0125;False;ok;2;1;0.910;
4114;0.02242151;38.85463759;0.0125;False;ok;73;1;1.135;
4115;0.02867151;38.62963759;0.00625;False;ok;31;1;1.121;
4116;0.02867151;38.63588759;0.00625;False;ok;35;1;1.135;
4117;0.03492151;38.62963759;0.0125;False;ok;74;1;1.189;
4118;0.03492151;38.64213759;0.00625;False;ok;34;1;1.101;
4119;0.03492151;38.64838759;0.00625;False;ok;21;1;1.199;
4120;0.03492151;38.65463759;0.0125;False;ok;17;1;1.208;
4121;0.03492151;38.85463759;0.0125;False;ok;60;1;1.282;
4122;0.04117151;38.64213759;0.00625;False;ok;73;1;1.423;
4123;0.04117151;38.64838759;0.00625;False;ok;10;1;1.134;
4124;0.04742151;38.62963759;0.0125;False;ok;34;1;1.249;
4125;0.04742151;38.64213759;0.003125;False;ok;75;1;1.507;
4126;0.04742151;38.64526259;0.003125;False;ok;1;1;1.121;
4127;0.04742151;38.64838759;0.00625;False;ok;15;1;1.227;
4128;0.04742151;38.65463759;0.0125;False;ok;31;1;1.259;
4129;0.04742151;38.66713759;0.025;False;ok;74;1;1.329;
4130;0.04742151;38.69213759;0.025;False;ok;30;1;1.222;
4131;0.04742151;38.81713759;0.025;False;ok;8;1;1.258;
4132;0.04742151;38.84213759;0.0125;False;ok;0;1;1.814;
4133;0.04742151;38.85463759;0.00625;False;ok;60;1;1.242;
4134;0.04742151;38.86088759;0.00625;False;ok;32;1;1.087;
4135;0.05054651;38.64213759;0.003125;False;ok;74;1;1.267;
4136;0.05367151;38.64213759;0.003125;False;ok;75;1;1.169;
4137;0.05367151;38.64838759;0.00625;False;ok;21;1;1.063;
4138;0.05367151;38.85463759;0.00625;False;ok;71;1;1.313;
4139;0.05367151;38.86088759;0.00625;False;ok;8;1;0.991;
4140;0.05679651;38.64213759;0.003125;False;ok;73;1;1.185;
4141;0.05679651;38.64526259;0.003125;False;ok;30;1;1.068;
4142;0.05992151;38.63588759;0.00625;False;ok;64;1;1.175;
4143;0.05992151;38.64213759;0.00625;False;ok;43;1;1.135;
4144;0.05992151;38.64838759;0.00625;False;ok;51;1;1.128;
4145;0.05992151;38.65463759;0.00625;False;ok;42;1;1.135;
4146;0.05992151;38.66088759;0.00625;False;ok;22;1;1.115;
4147;0.05992151;38.84213759;0.0125;False;ok;25;1;1.154;
4148;0.05992151;38.85463759;0.00625;False;ok;72;1;1.214;
4149;0.06617151;38.63588759;0.00625;False;ok;74;1;1.242;
4150;0.06617151;38.64213759;0.003125;False;ok;7;1;1.015;
4151;0.06617151;38.64838759;0.00625;False;ok;26;1;1.113;
4152;0.06617151;38.65463759;0.00625;False;ok;24;1;1.088;
4153;0.06617151;38.66088759;0.00625;False;ok;34;1;1.044;
4154;0.06617151;38.85463759;0.00625;False;ok;66;1;1.106;
4155;0.06929651;38.64213759;0.003125;False;ok;74;1;1.208;
4156;0.06929651;38.64526259;0.003125;False;ok;22;1;1.034;
4157;0.07242151;38.51713759;0.1;False;ok;0;1;1.611;
4158;0.07242151;38.61713759;0.025;False;ok;38;1;1.131;
4159;0.07242151;38.64213759;0.00625;False;ok;73;1;1.157;
4160;0.07242151;38.64838759;0.003125;False;ok;75;1;1.188;
4161;0.07242151;38.65151259;0.003125;False;ok;42;1;1.147;
4162;0.07242151;38.65463759;0.00625;False;ok;50;1;1.143;
4163;0.07242151;38.66088759;0.00625;False;ok;39;1;1.093;
4164;0.07242151;38.66713759;0.0125;False;ok;70;1;1.236;
4165;0.07242151;38.67963759;0.0125;False;ok;14;1;1.173;
4166;0.07242151;38.69213759;0.025;False;ok;42;1;1.135;
4167;0.07242151;38.71713759;0.05;False;ok;31;1;1.166;
4168;0.07242151;38.76713759;0.05;False;ok;68;1;1.217;
4169;0.07242151;38.81713759;0.025;False;ok;59;1;1.249;
4170;0.07242151;38.84213759;0.0125;False;ok;72;1;1.203;
4171;0.07242151;38.85463759;0.0125;False;ok;42;1;1.075;
4172;0.07242151;40.01713759;0.05;False;ok;53;1;1.133;
4173;0.07242151;40.21713759;0.1;False;ok;5;1;1.035;
4174;0.07242151;40.31713759;0.1;False;ok;1;1;0.870;
4175;0.07242151;40.41713759;0.1;False;ok;5;1;0.981;
4176;0.07242151;40.51713759;0.1;False;ok;6;1;0.814;
4177;0.07242151;40.61713759;0.1;False;ok;8;1;0.860;
4178;0.07242151;40.71713759;0.1;False;ok;9;1;0.750;
4179;0.07242151;40.81713759;0.1;False;ok;67;1;0.999;
4180;0.07242151;40.91713759;0.1;False;ok;20;1;0.821;
4181;0.07242151;41.11713759;0.1;False;ok;3;1;0.926;
4182;0.07242151;41.61713759;0.1;False;ok;1;1;0.824;
4183;0.07554651;38.64838759;0.003125;False;ok;70;1;1.381;
4184;0.07554651;38.65151259;0.003125;False;ok;22;1;1.259;
4185;0.07867151;38.65463759;0.00625;False;ok;12;1;1.255;
4186;0.07867151;38.66088759;0.00625;False;ok;38;1;1.317;
4187;0.08492151;38.65463759;0.0125;False;ok;30;1;1.319;
4188;0.08492151;38.66713759;0.0125;False;ok;69;1;1.485;
4189;0.08492151;38.67963759;0.00625;False;ok;25;1;1.433;
4190;0.08492151;38.68588759;0.00625;False;ok;8;1;1.455;
4191;0.08492151;38.84213759;0.00625;False;ok;6;1;1.419;
4192;0.08492151;38.84838759;0.00625;False;ok;71;1;1.478;
4193;0.09117151;38.67963759;0.00625;False;ok;30;1;1.469;
4194;0.09117151;38.68588759;0.00625;False;ok;41;1;1.520;
4195;0.09117151;38.84213759;0.00625;False;ok;44;1;1.515;
4196;0.09117151;38.84838759;0.00625;False;ok;64;1;1.473;
4197;0.09742151;38.66713759;0.0125;False;ok;59;1;1.430;
4198;0.09742151;38.67963759;0.0125;False;ok;74;1;1.466;
4199;0.09742151;38.69213759;0.025;False;ok;74;1;1.366;
4200;0.09742151;38.81713759;0.0125;False;ok;48;1;1.305;
4201;0.09742151;38.82963759;0.0125;False;ok;70;1;1.256;
4202;0.09742151;38.84213759;0.00625;False;ok;73;1;1.249;
4203;0.09742151;38.84838759;0.00625;False;ok;26;1;0.814;
4204;0.10367151;38.84213759;0.00625;False;ok;71;1;0.906;
4205;0.10992151;38.66713759;0.0125;False;ok;19;1;0.758;
4206;0.10992151;38.67963759;0.0125;False;ok;72;1;0.884;
4207;0.10992151;38.81713759;0.0125;False;ok;58;1;0.904;
4208;0.10992151;38.82963759;0.0125;False;ok;74;1;1.074;
4209;0.10992151;38.84213759;0.0125;False;ok;19;1;0.820;
4210;0.12242151;38.67963759;0.0125;False;ok;74;1;1.265;
4211;0.12242151;38.69213759;0.0125;False;ok;69;1;1.137;
4212;0.12242151;38.70463759;0.0125;False;ok;17;1;1.701;
4213;0.12242151;38.71713759;0.025;False;ok;22;1;1.113;
4214;0.12242151;38.74213759;0.025;False;ok;31;1;1.172;
4215;0.12242151;38.76713759;0.025;False;ok;35;1;1.347;
4216;0.12242151;38.79213759;0.025;False;ok;47;1;1.347;
4217;0.12242151;38.81713759;0.0125;False;ok;68;1;1.390;
4218;0.12242151;38.82963759;0.0125;False;ok;17;1;1.409;
4219;0.12242151;40.06713759;0.025;False;ok;75;1;1.436;
4220;0.12242151;40.09213759;0.025;False;ok;72;1;1.396;
4221;0.12242151;40.11713759;0.025;False;ok;0;1;1.998;
4222;0.13492151;38.67963759;0.0125;False;ok;72;1;1.454;
4223;0.13492151;38.69213759;0.0125;False;ok;53;1;1.328;
4224;0.13492151;38.70463759;0.0125;False;ok;53;1;1.405;
4225;0.13492151;38.81713759;0.0125;False;ok;29;1;1.326;
4226;0.13492151;38.82963759;0.0125;False;ok;14;1;1.146;
4227;0.14742151;38.66713759;0.025;False;ok;13;1;1.200;
4228;0.14742151;38.69213759;0.0125;False;ok;50;1;1.136;
4229;0.14742151;38.70463759;0.0125;False;ok;64;1;1.049;
4230;0.14742151;38.71713759;0.025;False;ok;72;1;0.971;
4231;0.14742151;38.74213759;0.025;False;ok;57;1;0.921;
4232;0.14742151;38.76713759;0.025;False;ok;71;1;0.996;
4233;0.14742151;38.79213759;0.025;False;ok;30;1;0.799;
4234;0.14742151;38.81713759;0.025;False;ok;8;1;0.790;
4235;0.14742151;40.09213759;0.0125;False;ok;10;1;0.754;
4236;0.14742151;40.10463759;0.00625;False;ok;75;1;1.026;
4237;0.14742151;40.11088759;0.00625;False;ok;74;1;1.220;
4238;0.14742151;40.11713759;0.00625;False;ok;73;1;1.191;
4239;0.14742151;40.12338759;0.00625;False;ok;6;1;1.088;
4240;0.15367151;40.11088759;0.00625;False;ok;75;1;1.354;
4241;0.15367151;40.11713759;0.00625;False;ok;75;1;1.413;
4242;0.15367151;40.12338759;0.00625;False;ok;75;1;1.406;
4243;0.15992151;38.69213759;0.0125;False;ok;2;1;1.201;
4244;0.15992151;38.70463759;0.0125;False;ok;49;1;1.416;
4245;0.15992151;40.12963759;0.0125;False;ok;31;1;1.390;
4246;0.17242151;38.71713759;0.025;False;ok;22;1;1.324;
4247;0.17242151;38.74213759;0.0125;False;ok;19;1;1.335;
4248;0.17242151;38.75463759;0.0125;False;ok;31;1;1.265;
4249;0.17242151;38.76713759;0.0125;False;ok;73;1;1.428;
4250;0.17242151;38.77963759;0.0125;False;ok;74;1;1.450;
4251;0.17242151;38.79213759;0.025;False;ok;73;1;1.291;
4252;0.17242151;40.11713759;0.1;False;ok;22;1;1.247;
4253;0.17242151;40.21713759;0.05;False;ok;9;1;1.112;
4254;0.17242151;40.41713759;0.1;False;ok;19;1;1.094;
4255;0.17242151;40.51713759;0.1;False;ok;6;1;1.129;
4256;0.17242151;40.61713759;0.1;False;ok;4;1;0.894;
4257;0.17242151;40.81713759;0.1;False;ok;75;1;0.921;
4258;0.17242151;40.91713759;0.1;False;ok;30;1;0.766;
4259;0.17242151;41.01713759;0.1;False;ok;15;1;0.826;
4260;0.17242151;41.11713759;0.1;False;ok;2;1;0.774;
4261;0.17242151;41.61713759;0.1;False;ok;2;1;0.825;
4262;0.18492151;38.74213759;0.0125;False;ok;29;1;1.071;
4263;0.18492151;38.75463759;0.0125;False;ok;45;1;1.171;
4264;0.18492151;38.76713759;0.00625;False;ok;73;1;1.446;
4265;0.18492151;38.77338759;0.00625;False;ok;73;1;1.313;
4266;0.18492151;38.77963759;0.0125;False;ok;9;1;1.142;
4267;0.19117151;38.76713759;0.00625;False;ok;50;1;1.314;
4268;0.19742151;38.72963759;0.0125;False;ok;57;1;1.401;
4269;0.19742151;38.74213759;0.00625;False;ok;16;1;1.384;
4270;0.19742151;38.74838759;0.00625;False;ok;27;1;1.344;
4271;0.19742151;38.75463759;0.0125;False;ok;69;1;1.471;
4272;0.19742151;38.76713759;0.025;False;ok;13;1;1.403;
4273;0.20367151;38.74213759;0.00625;False;ok;20;1;1.441;
4274;0.20367151;38.74838759;0.00625;False;ok;27;1;1.391;
4275;0.20992151;38.72963759;0.0125;False;ok;45;1;1.536;
4276;0.20992151;38.74213759;0.0125;False;ok;43;1;1.431;
4277;0.20992151;38.75463759;0.0125;False;ok;7;1;1.248;
4278;0.22242151;38.71713759;0.05;False;ok;71;1;1.401;
4279;0.22242151;40.26713759;0.05;False;ok;5;1;1.300;
4280;0.24742151;40.21713759;0.0125;False;ok;0;1;1.904;
4281;0.24742151;40.24213759;0.025;False;ok;11;1;1.185;
4282;0.25992151;40.21713759;0.0125;False;ok;64;1;1.121;
4283;0.25992151;40.22963759;0.0125;False;ok;65;1;1.010;
4284;0.27242151;40.21713759;0.025;False;ok;60;1;0.957;
4285;0.27242151;40.24213759;0.0125;False;ok;75;1;0.947;
4286;0.27242151;40.25463759;0.0125;False;ok;6;1;0.868;
4287;0.27242151;40.26713759;0.05;False;ok;1;1;0.871;
4288;0.27242151;40.31713759;0.1;False;ok;72;1;1.077;
4289;0.27242151;40.41713759;0.1;False;ok;34;1;1.081;
4290;0.27242151;40.51713759;0.1;False;ok;23;1;1.083;
4291;0.27242151;40.61713759;0.1;False;ok;8;1;1.171;
4292;0.27242151;40.71713759;0.1;False;ok;3;1;1.130;
4293;0.27242151;40.91713759;0.1;False;ok;30;1;1.339;
4294;0.27242151;41.01713759;0.1;False;ok;7;1;1.218;
4295;0.27242151;41.11713759;0.1;False;ok;3;1;1.178;
4296;0.27242151;41.21713759;0.1;False;ok;7;1;1.215;
4297;0.27242151;41.31713759;0.1;False;ok;9;1;1.286;
4298;0.27242151;41.41713759;0.1;False;ok;2;1;1.178;
4299;0.27242151;41.51713759;0.1;False;ok;2;1;1.276;
4300;0.28492151;40.24213759;0.0125;False;ok;47;1;1.373;
4301;0.28492151;40.25463759;0.0125;False;ok;74;1;1.396;
4302;0.37242151;40.35463759;0.0125;False;ok;24;1;1.245;
4303;0.37242151;40.36713759;0.025;False;ok;72;1;1.405;
4304;0.37242151;40.39213759;0.025;False;ok;2;1;1.272;
4305;0.37242151;40.41713759;0.1;False;ok;73;1;1.368;
4306;0.37242151;40.51713759;0.1;False;ok;67;1;1.290;
4307;0.37242151;40.61713759;0.1;False;ok;2;1;1.109;
4308;0.37242151;40.71713759;0.1;False;ok;4;1;1.034;
4309;0.37242151;40.81713759;0.1;False;ok;7;1;1.183;
4310;0.37242151;40.91713759;0.1;False;ok;30;1;1.237;
4311;0.37242151;41.01713759;0.1;False;ok;4;1;1.098;
4312;0.37242151;41.21713759;0.1;False;ok;6;1;1.164;
4313;0.37242151;41.41713759;0.1;False;ok;3;1;1.067;
4314;0.37242151;41.51713759;0.1;False;ok;2;1;1.028;
4315;0.38492151;40.34213759;0.0125;False;ok;61;1;1.218;
4316;0.38492151;40.35463759;0.00625;False;ok;4;1;1.056;
4317;0.38492151;40.36088759;0.00625;False;ok;56;1;1.203;
4318;0.39117151;40.35463759;0.00625;False;ok;71;1;1.206;
4319;0.39117151;40.36088759;0.00625;False;ok;74;1;1.173;
4320;0.39742151;40.35463759;0.00625;False;ok;74;1;1.200;
4321;0.39742151;40.36088759;0.00625;False;ok;75;1;1.242;
4322;0.39742151;40.36713759;0.0125;False;ok;75;1;1.311;
4323;0.39742151;40.37963759;0.0125;False;ok;75;1;1.227;
4324;0.39742151;40.39213759;0.025;False;ok;73;1;1.352;
4325;0.40367151;40.35463759;0.00625;False;ok;74;1;1.344;
4326;0.40992151;40.37963759;0.0125;False;ok;54;1;1.301;
4327;0.42242151;40.36713759;0.05;False;ok;65;1;1.330;
4328;0.47242151;40.41713759;0.1;False;ok;75;1;1.432;
4329;0.47242151;40.51713759;0.1;False;ok;72;1;1.420;
4330;0.47242151;40.61713759;0.1;False;ok;17;1;1.276;
4331;0.47242151;40.71713759;0.1;False;ok;18;1;1.266;
4332;0.47242151;40.81713759;0.1;False;ok;42;1;1.306;
4333;0.47242151;40.91713759;0.1;False;ok;20;1;1.245;
4334;0.47242151;41.01713759;0.1;False;ok;7;1;1.199;
4335;0.47242151;41.21713759;0.1;False;ok;7;1;1.059;
4336;0.47242151;41.31713759;0.1;False;ok;2;1;1.058;
4337;0.47242151;41.41713759;0.1;False;ok;1;1;1.019;
4338;0.47242151;41.51713759;0.1;False;ok;4;1;1.009;
4339;0.47242151;41.61713759;0.1;False;ok;1;1;1.077;
4340;0.57242151;40.51713759;0.1;False;ok;74;1;1.156;
4341;0.57242151;40.61713759;0.1;False;ok;72;1;0.945;
4342;0.57242151;40.71713759;0.1;False;ok;71;1;0.993;
4343;0.57242151;40.81713759;0.1;False;ok;5;1;0.888;
4344;0.57242151;40.91713759;0.1;False;ok;12;1;0.952;
4345;0.57242151;41.01713759;0.1;False;ok;43;1;1.004;
4346;0.57242151;41.11713759;0.1;False;ok;9;1;0.960;
4347;0.57242151;41.31713759;0.1;False;ok;0;1;1.735;
4348;0.57242151;41.41713759;0.1;False;ok;1;1;1.212;
4349;0.57242151;41.51713759;0.1;False;ok;13;1;1.391;
4350;0.57242151;41.61713759;0.1;False;ok;17;1;1.362;
4351;0.67242151;40.61713759;0.1;False;ok;75;1;1.525;
4352;0.67242151;40.71713759;0.05;False;ok;62;1;1.474;
4353;0.67242151;40.76713759;0.025;False;ok;17;1;1.381;
4354;0.67242151;40.79213759;0.025;False;ok;25;1;1.392;
4355;0.67242151;40.81713759;0.05;False;ok;15;1;1.437;
4356;0.67242151;40.86713759;0.05;False;ok;15;1;1.329;
4357;0.67242151;40.91713759;0.1;False;ok;4;1;1.309;
4358;0.67242151;41.01713759;0.1;False;ok;17;1;1.343;
4359;0.67242151;41.11713759;0.1;False;ok;14;1;1.296;
4360;0.67242151;41.21713759;0.1;False;ok;12;1;1.220;
4361;0.67242151;41.41713759;0.1;False;ok;3;1;1.172;
4362;0.67242151;41.51713759;0.1;False;ok;1;1;1.235;
4363;0.67242151;41.61713759;0.1;False;ok;3;1;1.065;
4364;0.69742151;40.79213759;0.025;False;ok;71;1;1.270;
4365;0.72242151;40.71713759;0.05;False;ok;68;1;1.143;
4366;0.72242151;40.81713759;0.05;False;ok;58;1;1.077;
4367;0.72242151;40.86713759;0.05;False;ok;7;1;0.666;
4368;0.77242151;40.61713759;0.1;False;ok;52;1;0.990;
4369;0.77242151;40.71713759;0.05;False;ok;4;1;0.968;
4370;0.77242151;40.81713759;0.05;False;ok;2;1;1.152;
4371;0.77242151;40.86713759;0.025;False;ok;20;1;1.228;
4372;0.77242151;40.89213759;0.025;False;ok;12;1;1.234;
4373;0.77242151;40.91713759;0.1;False;ok;75;1;1.537;
4374;0.77242151;41.01713759;0.1;False;ok;12;1;1.466;
4375;0.77242151;41.11713759;0.1;False;ok;42;1;1.557;
4376;0.77242151;41.21713759;0.1;False;ok;14;1;1.483;
4377;0.77242151;41.31713759;0.1;False;ok;5;1;1.377;
4378;0.77242151;41.41713759;0.1;False;ok;4;1;1.414;
4379;0.77242151;41.51713759;0.1;False;ok;5;1;1.398;
4380;0.79742151;40.86713759;0.025;False;ok;71;1;1.562;
4381;0.79742151;40.90463759;0.0125;False;ok;45;1;1.492;
4382;0.80992151;40.89213759;0.0125;False;ok;17;1;1.443;
4383;0.80992151;40.90463759;0.0125;False;ok;45;1;1.453;
4384;0.82242151;40.71713759;0.0125;False;ok;75;1;1.501;
4385;0.82242151;40.72963759;0.0125;False;ok;5;1;1.249;
4386;0.82242151;40.86713759;0.05;False;ok;23;1;1.332;
4387;0.83492151;40.71713759;0.0125;False;ok;75;1;1.380;
4388;0.87242151;40.96713759;0.05;False;ok;31;1;0.963;
4389;0.87242151;41.01713759;0.05;False;ok;50;1;1.055;
4390;0.87242151;41.06713759;0.05;False;ok;2;1;0.730;
4391;0.87242151;41.11713759;0.1;False;ok;18;1;0.760;
4392;0.87242151;41.21713759;0.1;False;ok;35;1;0.926;
4393;0.87242151;41.31713759;0.1;False;ok;15;1;0.889;
4394;0.87242151;41.51713759;0.1;False;ok;8;1;1.024;
4395;0.87242151;41.61713759;0.1;False;ok;12;1;0.969;
4396;0.92242151;40.96713759;0.025;False;ok;15;1;1.195;
4397;0.92242151;40.99213759;0.0125;False;ok;71;1;1.246;
4398;0.92242151;41.00463759;0.0125;False;ok;41;1;1.295;
4399;0.92242151;41.01713759;0.025;False;ok;37;1;1.360;
4400;0.92242151;41.04213759;0.025;False;ok;2;1;1.331;
4401;0.92242151;41.06713759;0.05;False;ok;14;1;1.334;
4402;0.93492151;40.99213759;0.0125;False;ok;18;1;1.344;
4403;0.93492151;41.00463759;0.00625;False;ok;33;1;1.462;
4404;0.93492151;41.01088759;0.00625;False;ok;17;1;1.340;
4405;0.94117151;41.00463759;0.00625;False;ok;12;1;1.430;
4406;0.94117151;41.01088759;0.00625;False;ok;64;1;1.516;
4407;0.94742151;40.99213759;0.025;False;ok;42;1;1.481;
4408;0.94742151;41.01713759;0.0125;False;ok;70;1;1.547;
4409;0.94742151;41.02963759;0.0125;False;ok;8;1;1.345;
4410;0.95992151;41.01713759;0.0125;False;ok;22;1;1.364;
4411;0.95992151;41.02963759;0.0125;False;ok;10;1;1.374;
4412;0.97242151;41.01713759;0.05;False;ok;47;1;1.288;
4413;0.97242151;41.06713759;0.05;False;ok;2;1;0.945;
4414;0.97242151;41.11713759;0.1;False;ok;31;1;1.166;
4415;0.97242151;41.21713759;0.1;False;ok;27;1;1.027;
4416;0.97242151;41.31713759;0.1;False;ok;3;1;0.822;
4417;0.97242151;41.41713759;0.1;False;ok;7;1;0.884;
4418;0.97242151;41.51713759;0.1;False;ok;9;1;0.961;
4419;0.97242151;41.61713759;0.1;False;ok;2;1;0.886;
4420;1.02242151;41.04213759;0.0125;False;ok;7;1;1.005;
4421;1.02242151;41.05463759;0.0125;False;ok;60;1;1.128;
4422;1.02242151;41.06713759;0.025;False;ok;7;1;0.974;
4423;1.02242151;41.09213759;0.025;False;ok;2;1;1.118;
4424;1.03492151;41.05463759;0.0125;False;ok;42;1;1.377;
4425;1.04742151;41.05463759;0.0125;False;ok;74;1;1.515;
4426;1.04742151;41.06713759;0.025;False;ok;75;1;1.443;
4427;1.05992151;41.05463759;0.0125;False;ok;74;1;1.577;
4428;1.07242151;41.01713759;0.05;False;ok;75;1;1.506;
4429;1.07242151;41.06713759;0.0125;False;ok;57;1;1.552;
4430;1.07242151;41.09213759;0.025;False;ok;2;1;1.437;
4431;1.07242151;41.11713759;0.1;False;ok;44;1;1.555;
4432;1.07242151;41.21713759;0.1;False;ok;18;1;1.966;
4433;1.07242151;41.31713759;0.1;False;ok;41;1;1.576;
4434;1.07242151;41.41713759;0.1;False;ok;5;1;1.378;
4435;1.07242151;41.51713759;0.1;False;ok;6;1;1.358;
4436;1.07242151;41.61713759;0.1;False;ok;15;1;1.324;
4437;1.08492151;41.06713759;0.0125;False;ok;74;1;1.407;
4438;1.08492151;41.07963759;0.0125;False;ok;8;1;1.248;
4439;1.09742151;41.06713759;0.0125;False;ok;74;1;1.365;
4440;1.09742151;41.07963759;0.0125;False;ok;16;1;1.154;
4441;1.10992151;41.06713759;0.0125;False;ok;61;1;1.195;
4442;1.10992151;41.07963759;0.0125;False;ok;0;1;1.613;
4443;1.12242151;41.07338759;0.00625;False;ok;69;1;1.068;
4444;1.12242151;41.07963759;0.0125;False;ok;46;1;0.788;
4445;1.12242151;41.09213759;0.025;False;ok;7;1;0.678;
4446;1.12867151;41.07338759;0.00625;False;ok;65;1;0.892;
4447;1.13492151;41.07338759;0.003125;False;ok;63;1;0.967;
4448;1.13492151;41.07651259;0.003125;False;ok;29;1;0.967;
4449;1.13492151;41.07963759;0.0125;False;ok;20;1;1.200;
4450;1.13804651;41.07338759;0.003125;False;ok;50;1;1.238;
4451;1.13804651;41.07651259;0.003125;False;ok;27;1;1.332;
4452;1.14117151;41.06713759;0.00625;False;ok;74;1;1.413;
4453;1.14117151;41.07338759;0.003125;False;ok;75;1;1.508;
4454;1.14117151;41.07651259;0.003125;False;ok;74;1;1.493;
4455;1.14429651;41.07338759;0.003125;False;ok;47;1;1.411;
4456;1.14429651;41.07651259;0.003125;False;ok;41;1;1.417;
4457;1.14742151;41.05463759;0.0125;False;ok;24;1;1.377;
4458;1.14742151;41.06713759;0.003125;False;ok;65;1;1.408;
4459;1.14742151;41.07026259;0.003125;False;ok;71;1;1.435;
4460;1.14742151;41.07338759;0.00625;False;ok;62;1;1.503;
4461;1.14742151;41.07963759;0.0125;False;ok;17;1;1.314;
4462;1.14742151;41.09213759;0.025;False;ok;3;1;1.291;
4463;1.15054651;41.06713759;0.003125;False;ok;74;1;1.377;
4464;1.15054651;41.07026259;0.003125;False;ok;60;1;1.367;
4465;1.15367151;41.06713759;0.00625;False;ok;49;1;1.306;
4466;1.15992151;41.05463759;0.00625;False;ok;75;1;1.146;
4467;1.15992151;41.06088759;0.00625;False;ok;25;1;1.102;
4468;1.15992151;41.06713759;0.0125;False;ok;6;1;1.051;
4469;1.15992151;41.07963759;0.0125;False;ok;4;1;0.914;
4470;1.16617151;41.05463759;0.00625;False;ok;55;1;1.022;
4471;1.16617151;41.06088759;0.00625;False;ok;66;1;1.009;
4472;1.17242151;41.01713759;0.05;False;ok;55;1;1.094;
4473;1.17242151;41.06713759;0.00625;False;ok;37;1;1.254;
4474;1.17242151;41.07338759;0.00625;False;ok;30;1;1.304;
4475;1.17242151;41.07963759;0.0125;False;ok;71;1;1.404;
4476;1.17242151;41.11713759;0.05;False;ok;3;1;1.279;
4477;1.17242151;41.16713759;0.05;False;ok;5;1;1.261;
4478;1.17242151;41.21713759;0.1;False;ok;6;1;1.329;
4479;1.17242151;41.31713759;0.1;False;ok;18;1;1.435;
4480;1.17242151;41.41713759;0.1;False;ok;8;1;1.345;
4481;1.17242151;41.51713759;0.1;False;ok;11;1;1.458;
4482;1.17242151;41.61713759;0.1;False;ok;5;1;1.481;
4483;1.17867151;41.07338759;0.00625;False;ok;74;1;1.644;
4484;1.18492151;41.07963759;0.0125;False;ok;56;1;1.503;
4485;1.19742151;41.09213759;0.025;False;ok;3;1;1.338;
4486;1.22242151;41.06713759;0.05;False;ok;75;1;1.533;
4487;1.22242151;41.11713759;0.05;False;ok;73;1;1.575;
4488;1.22242151;41.16713759;0.05;False;ok;1;1;1.191;
4489;1.27242151;41.01713759;0.1;False;ok;0;1;2.046;
4490;1.27242151;41.11713759;0.1;False;ok;67;1;1.398;
4491;1.27242151;41.21713759;0.1;False;ok;12;1;1.136;
4492;1.27242151;41.31713759;0.1;False;ok;7;1;1.047;
4493;1.27242151;41.41713759;0.1;False;ok;9;1;0.900;
4494;1.27242151;41.51713759;0.1;False;ok;1;1;0.829;
4495;1.27242151;41.61713759;0.1;False;ok;6;1;0.944;
4496;1.37242151;41.11713759;0.025;False;ok;51;1;1.089;
4497;1.37242151;41.14213759;0.025;False;ok;6;1;1.093;
4498;1.37242151;41.16713759;0.05;False;ok;11;1;0.941;
4499;1.37242151;41.21713759;0.1;False;ok;14;1;0.958;
4500;1.37242151;41.31713759;0.1;False;ok;7;1;0.988;
4501;1.37242151;41.41713759;0.1;False;ok;0;1;1.768;
4502;1.37242151;41.51713759;0.1;False;ok;2;1;1.039;
4503;1.37242151;41.61713759;0.1;False;ok;5;1;1.104;
4504;1.39742151;41.11713759;0.025;False;ok;74;1;1.225;
4505;1.39742151;41.14213759;0.025;False;ok;74;1;1.269;
4506;1.42242151;41.11713759;0.05;False;ok;55;1;1.306;
4507;1.42242151;41.16713759;0.05;False;ok;26;1;1.242;
4508;1.47242151;41.16713759;0.05;False;ok;73;1;1.612;
4509;1.47242151;41.21713759;0.1;False;ok;37;1;1.528;
4510;1.47242151;41.31713759;0.1;False;ok;14;1;1.250;
4511;1.47242151;41.41713759;0.1;False;ok;4;1;1.159;
4512;1.47242151;41.51713759;0.1;False;ok;12;1;1.217;
4513;1.47242151;41.61713759;0.1;False;ok;7;1;1.175;
4514;1.52242151;41.16713759;0.025;False;ok;35;1;1.388;
4515;1.52242151;41.19213759;0.025;False;ok;3;1;1.166;
4516;1.54742151;41.16713759;0.025;False;ok;75;1;1.260;
4517;1.54742151;41.19213759;0.025;False;ok;23;1;1.158;
4518;1.57242151;41.16713759;0.025;False;ok;74;1;1.246;
4519;1.57242151;41.19213759;0.025;False;ok;20;1;1.125;
4520;1.57242151;41.21713759;0.1;False;ok;35;1;1.249;
4521;1.57242151;41.31713759;0.1;False;ok;31;1;1.045;
4522;1.57242151;41.41713759;0.1;False;ok;12;1;0.930;
4523;1.57242151;41.51713759;0.1;False;ok;15;1;1.002;
4524;1.57242151;41.61713759;0.1;False;ok;3;1;0.865;
4525;1.59742151;41.16713759;0.025;False;ok;38;1;0.911;
4526;1.59742151;41.19213759;0.025;False;ok;68;1;0.880;
4527;1.62242151;41.16713759;0.05;False;ok;61;1;0.971;
4528;1.67242151;41.11713759;0.1;False;ok;50;1;0.974;
4529;1.67242151;41.21713759;0.1;False;ok;73;1;0.996;
4530;1.67242151;41.31713759;0.1;False;ok;46;1;1.514;
4531;1.67242151;41.41713759;0.1;False;ok;16;1;1.193;
4532;1.67242151;41.51713759;0.1;False;ok;12;1;1.242;
4533;1.67242151;41.61713759;0.1;False;ok;16;1;1.038;
4534;1.77242151;41.21713759;0.025;False;ok;39;1;1.234;
4535;1.77242151;41.24213759;0.025;False;ok;14;1;1.302;
4536;1.77242151;41.26713759;0.05;False;ok;36;1;1.310;
4537;1.77242151;41.31713759;0.1;False;ok;23;1;1.268;
4538;1.77242151;41.41713759;0.1;False;ok;20;1;1.320;
4539;1.77242151;41.51713759;0.1;False;ok;41;1;1.484;
4540;1.77242151;41.61713759;0.1;False;ok;13;1;1.341;
4541;1.79742151;41.22963759;0.00625;False;ok;21;1;1.301;
4542;1.79742151;41.23588759;0.00625;False;ok;29;1;1.437;
4543;1.79742151;41.24213759;0.025;False;ok;23;1;1.316;
4544;1.80367151;41.22963759;0.00625;False;ok;67;1;1.403;
4545;1.80367151;41.23588759;0.003125;False;ok;51;1;1.344;
4546;1.80679651;41.23588759;0.003125;False;ok;71;1;1.342;
4547;1.80679651;41.23901259;0.003125;False;ok;7;1;0.969;
4548;1.80992151;41.22963759;0.00625;False;ok;23;1;1.013;
4549;1.80992151;41.23588759;0.00625;False;ok;63;1;1.109;
4550;1.81617151;41.22963759;0.00625;False;ok;2;1;0.788;
4551;1.81617151;41.23588759;0.00625;False;ok;28;1;0.868;
4552;1.82242151;41.21713759;0.05;False;ok;69;1;1.057;
4553;1.87242151;41.21713759;0.1;False;ok;67;1;1.046;
4554;1.87242151;41.31713759;0.1;False;ok;19;1;0.853;
4555;1.87242151;41.41713759;0.1;False;ok;23;1;1.010;
4556;1.87242151;41.51713759;0.1;False;ok;7;1;0.902;
4557;1.87242151;41.61713759;0.1;False;ok;8;1;0.968;
4558;1.97242151;41.21713759;0.1;False;ok;73;1;1.382;
4559;1.97242151;41.31713759;0.1;False;ok;44;1;1.321;
4560;1.97242151;41.41713759;0.1;False;ok;37;1;1.280;
4561;1.97242151;41.51713759;0.1;False;ok;71;1;1.429;
4562;1.97242151;41.61713759;0.1;False;ok;5;1;1.285;
4563;2.07242151;41.21713759;0.1;False;ok;2;1;1.208;
4564;2.07242151;41.31713759;0.05;False;ok;67;1;1.523;
4565;2.07242151;41.36713759;0.05;False;ok;74;1;1.706;
4566;2.07242151;41.41713759;0.1;False;ok;69;1;1.600;
4567;2.07242151;41.51713759;0.1;False;ok;18;1;1.390;
4568;2.07242151;41.61713759;0.1;False;ok;12;1;1.366;
4569;2.12242151;41.31713759;0.05;False;ok;69;1;1.607;
4570;2.12242151;41.36713759;0.0125;False;ok;75;1;1.636;
4571;2.12242151;41.37963759;0.0125;False;ok;51;1;1.479;
4572;2.12242151;41.39213759;0.025;False;ok;74;1;1.454;
4573;2.13492151;41.36713759;0.0125;False;ok;75;1;1.351;
4574;2.13492151;41.37963759;0.0125;False;ok;71;1;1.289;
4575;2.14742151;41.36713759;0.00625;False;ok;7;1;1.097;
4576;2.14742151;41.37338759;0.00625;False;ok;28;1;1.043;
4577;2.14742151;41.37963759;0.00625;False;ok;59;1;1.240;
4578;2.14742151;41.38588759;0.00625;False;ok;29;1;0.776;
4579;2.14742151;41.39213759;0.00625;False;ok;41;1;0.977;
4580;2.14742151;41.39838759;0.00625;False;ok;35;1;0.886;
4581;2.14742151;41.40463759;0.0125;False;ok;51;1;0.910;
4582;2.15367151;41.36713759;0.00625;False;ok;22;1;0.814;
4583;2.15367151;41.37338759;0.00625;False;ok;75;1;0.991;
4584;2.15367151;41.37963759;0.00625;False;ok;71;1;0.916;
4585;2.15367151;41.38588759;0.00625;False;ok;75;1;0.995;
4586;2.15367151;41.39213759;0.00625;False;ok;73;1;1.023;
4587;2.15367151;41.39838759;0.00625;False;ok;71;1;1.165;
4588;2.15992151;41.36713759;0.00625;False;ok;42;1;1.160;
4589;2.15992151;41.37338759;0.00625;False;ok;75;1;1.232;
4590;2.15992151;41.37963759;0.00625;False;ok;73;1;1.373;
4591;2.15992151;41.38588759;0.00625;False;ok;75;1;1.338;
4592;2.15992151;41.39213759;0.00625;False;ok;74;1;1.489;
4593;2.15992151;41.39838759;0.00625;False;ok;70;1;1.440;
4594;2.15992151;41.40463759;0.0125;False;ok;74;1;1.454;
4595;2.16617151;41.36713759;0.00625;False;ok;35;1;1.373;
4596;2.16617151;41.37338759;0.00625;False;ok;68;1;1.506;
4597;2.16617151;41.37963759;0.00625;False;ok;72;1;1.570;
4598;2.16617151;41.38588759;0.003125;False;ok;44;1;1.560;
4599;2.16617151;41.38901259;0.003125;False;ok;27;1;1.357;
4600;2.16617151;41.39213759;0.00625;False;ok;75;1;1.500;
4601;2.16617151;41.39838759;0.00625;False;ok;54;1;1.449;
4602;2.16929651;41.38588759;0.003125;False;ok;33;1;1.307;
4603;2.16929651;41.38901259;0.003125;False;ok;30;1;1.109;
4604;2.17242151;41.36713759;0.0125;False;ok;69;1;1.213;
4605;2.17242151;41.37963759;0.003125;False;ok;49;1;1.229;
4606;2.17242151;41.38276259;0.003125;False;ok;24;1;1.011;
4607;2.17242151;41.38588759;0.00625;False;ok;75;1;1.045;
4608;2.17242151;41.39213759;0.00625;False;ok;72;1;0.914;
4609;2.17242151;41.39838759;0.00625;False;ok;75;1;0.961;
4610;2.17242151;41.40463759;0.00625;False;ok;75;1;0.911;
4611;2.17242151;41.41088759;0.00625;False;ok;28;1;1.009;
4612;2.17242151;41.41713759;0.05;False;ok;74;1;1.086;
4613;2.17242151;41.46713759;0.05;False;ok;3;1;0.902;
4614;2.17242151;41.51713759;0.1;False;ok;23;1;0.822;
4615;2.17242151;41.61713759;0.1;False;ok;27;1;1.081;
4616;2.17554651;41.37963759;0.003125;False;ok;34;1;1.110;
4617;2.17554651;41.38276259;0.003125;False;ok;13;1;1.106;
4618;2.17867151;41.37963759;0.00625;False;ok;75;1;1.343;
4619;2.17867151;41.38588759;0.00625;False;ok;28;1;1.414;
4620;2.17867151;41.39213759;0.00625;False;ok;33;1;1.487;
4621;2.17867151;41.39838759;0.00625;False;ok;40;1;1.350;
4622;2.17867151;41.40463759;0.00625;False;ok;52;1;1.403;
4623;2.17867151;41.41088759;0.00625;False;ok;10;1;1.254;
4624;2.18492151;41.36713759;0.0125;False;ok;29;1;1.341;
4625;2.18492151;41.37963759;0.0125;False;ok;63;1;1.482;
4626;2.18492151;41.39213759;0.0125;False;ok;69;1;1.445;
4627;2.18492151;41.40463759;0.0125;False;ok;38;1;1.293;
4628;2.19742151;41.36713759;0.025;False;ok;10;1;1.227;
4629;2.19742151;41.39213759;0.0125;False;ok;72;1;1.296;
4630;2.19742151;41.40463759;0.0125;False;ok;38;1;1.324;
4631;2.20992151;41.39213759;0.0125;False;ok;9;1;1.082;
4632;2.20992151;41.40463759;0.0125;False;ok;55;1;1.156;
4633;2.22242151;41.36713759;0.05;False;ok;17;1;1.107;
4634;2.22242151;41.41713759;0.05;False;ok;75;1;1.105;
4635;2.22242151;41.46713759;0.05;False;ok;13;1;0.862;
4636;2.27242151;41.41713759;0.1;False;ok;74;1;1.100;
4637;2.27242151;41.51713759;0.1;False;ok;46;1;0.931;
4638;2.27242151;41.61713759;0.1;False;ok;21;1;0.817;
4639;2.37242151;41.41713759;0.1;False;ok;52;1;0.880;
4640;2.37242151;41.51713759;0.1;False;ok;74;1;1.519;
4641;2.37242151;41.61713759;0.1;False;ok;20;1;0.915;
4642;2.47242151;41.51713759;0.05;False;ok;20;1;1.011;
4643;2.47242151;41.56713759;0.05;False;ok;24;1;1.208;
4644;2.47242151;41.61713759;0.1;False;ok;14;1;1.106;
4645;2.52242151;41.51713759;0.05;False;ok;0;1;1.813;
4646;2.52242151;41.56713759;0.05;False;ok;54;1;1.267;
4647;-5.754968796;35.95813747;0.1;False;ok;1;1;1.179;
4648;-5.611218796;36.00813747;0.00625;False;ok;72;1;1.354;
4649;-5.617468796;36.01438747;0.00625;False;ok;73;1;1.423;
4650;-5.611218796;36.01438747;0.003125;False;ok;37;1;1.353;
4651;-5.608093796;36.01438747;0.003125;False;ok;75;1;1.421;
4652;-5.611218796;36.01751247;0.003125;False;ok;22;1;1.210;
4653;-5.608093796;36.01751247;0.003125;False;ok;20;1;1.416;
4654;-5.617468796;36.02063747;0.0125;False;ok;73;1;1.438;
4655;-5.654968796;36.03313747;0.025;False;ok;16;1;1.240;
4656;-5.629968796;36.03313747;0.025;False;ok;12;1;1.199;
4657;-5.604968796;36.00813747;0.003125;False;ok;1;1;1.186;
4658;-5.604968796;36.01126247;0.003125;False;ok;73;1;1.375;
4659;-5.601843796;36.01126247;0.003125;False;ok;37;1;1.178;
4660;-5.598718796;36.00813747;0.00625;False;ok;1;1;0.956;
4661;-5.604968796;36.01438747;0.00625;False;ok;74;1;1.133;
4662;-5.592468796;36.02063747;0.0125;False;ok;1;1;0.740;
4663;-5.579968796;36.00813747;0.025;False;ok;2;1;0.697;
4664;-5.604968796;36.03313747;0.025;False;ok;0;1;1.467;
4665;-5.854968796;36.05813747;0.05;False;ok;38;1;0.873;
4666;-5.804968796;36.05813747;0.05;False;ok;51;1;0.976;
4667;-5.854968796;36.10813747;0.025;False;ok;52;1;1.068;
4668;-5.829968796;36.10813747;0.025;False;ok;75;1;1.300;
4669;-5.854968796;36.13313747;0.025;False;ok;74;1;1.291;
4670;-5.754968796;36.05813747;0.1;False;ok;73;1;1.330;
4671;-5.654968796;36.05813747;0.1;False;ok;23;1;1.369;
4672;-5.554968796;36.05813747;0.1;False;ok;27;1;1.384;
4673;-5.454968796;36.05813747;0.1;True;ok;50;1;1.477;
4674;-5.354968796;36.05813747;0.1;True;ok;6;1;1.518;
4675;-6.154968796;36.15813747;0.1;False;ok;74;1;1.556;
4676;-6.054968796;36.18313747;0.025;False;ok;75;1;1.507;
4677;-6.029968796;36.18313747;0.025;False;ok;73;1;1.732;
4678;-6.004968796;36.15813747;0.05;False;ok;12;1;1.384;
4679;-6.054968796;36.20813747;0.05;False;ok;38;1;1.453;
4680;-6.004968796;36.20813747;0.025;False;ok;10;1;1.301;
4681;-5.979968796;36.20813747;0.025;False;ok;2;1;1.295;
4682;-5.979968796;36.23313747;0.0125;False;ok;4;1;1.215;
4683;-5.979968796;36.24563747;0.0125;False;ok;74;1;1.277;
4684;-5.967468796;36.24563747;0.00625;False;ok;46;1;1.187;
4685;-5.961218796;36.24563747;0.00625;False;ok;1;1;0.870;
4686;-5.967468796;36.25188747;0.003125;False;ok;75;1;1.001;
4687;-5.964343796;36.25188747;0.003125;False;ok;75;1;0.874;
4688;-5.961218796;36.25188747;0.00625;False;ok;40;1;0.802;
4689;-5.954968796;36.15813747;0.05;False;ok;75;1;0.866;
4690;-5.904968796;36.15813747;0.05;False;ok;5;1;0.689;
4691;-5.954968796;36.20813747;0.05;False;ok;73;1;0.925;
4692;-5.904968796;36.20813747;0.05;False;ok;7;1;0.921;
4693;-5.854968796;36.15813747;0.1;False;ok;12;1;1.310;
4694;-5.554968796;36.15813747;0.1;False;ok;4;1;1.353;
4695;-5.454968796;36.15813747;0.1;False;ok;40;1;1.415;
4696;-5.354968796;36.15813747;0.1;False;ok;73;1;1.524;
4697;-6.254968796;36.25813747;0.1;False;ok;33;1;1.467;
4698;-6.154968796;36.25813747;0.05;False;ok;75;1;1.615;
4699;-6.104968796;36.27063747;0.0125;False;ok;64;1;1.501;
4700;-6.089343796;36.27063747;0.003125;False;ok;31;1;1.436;
4701;-6.092468796;36.27376247;0.003125;False;ok;73;1;1.546;
4702;-6.089343796;36.27376247;0.003125;False;ok;74;1;1.536;
4703;-6.086218796;36.27063747;0.00625;False;ok;73;1;1.653;
4704;-6.092468796;36.27688747;0.003125;False;ok;72;1;1.462;
4705;-6.089343796;36.27688747;0.003125;False;ok;71;1;1.547;
4706;-6.092468796;36.28001247;0.003125;False;ok;24;1;1.380;
4707;-6.089343796;36.28001247;0.003125;False;ok;73;1;1.407;
4708;-6.086218796;36.27688747;0.00625;False;ok;75;1;1.530;
4709;-6.079968796;36.25813747;0.025;False;ok;20;1;1.258;
4710;-6.104968796;36.28313747;0.0125;False;ok;68;1;1.349;
4711;-6.092468796;36.28313747;0.0125;False;ok;73;1;1.111;
4712;-6.104968796;36.29563747;0.0125;False;ok;1;1;0.855;
4713;-6.092468796;36.29563747;0.0125;False;ok;29;1;0.675;
4714;-6.079968796;36.28313747;0.025;False;ok;58;1;0.733;
4715;-6.154968796;36.30813747;0.025;False;ok;19;1;0.744;
4716;-6.129968796;36.30813747;0.025;False;ok;72;1;0.963;
4717;-6.154968796;36.33313747;0.025;False;ok;68;1;1.035;
4718;-6.129968796;36.33313747;0.025;False;ok;37;1;0.972;
4719;-6.104968796;36.30813747;0.025;False;ok;72;1;1.207;
4720;-6.079968796;36.30813747;0.025;False;ok;53;1;1.433;
4721;-6.104968796;36.33313747;0.025;False;ok;65;1;1.353;
4722;-6.079968796;36.33313747;0.025;False;ok;40;1;1.292;
4723;-6.054968796;36.25813747;0.1;False;ok;74;1;1.398;
4724;-5.954968796;36.25813747;0.1;False;ok;17;1;1.322;
4725;-5.854968796;36.25813747;0.1;False;ok;50;1;1.522;
4726;-5.754968796;36.25813747;0.1;False;ok;6;1;1.385;
4727;-5.454968796;36.25813747;0.1;False;ok;8;1;1.429;
4728;-5.354968796;36.25813747;0.1;False;ok;72;1;1.608;
4729;-5.254968796;36.30813747;0.025;False;ok;74;1;1.608;
4730;-5.254968796;36.33313747;0.0125;False;ok;68;1;1.485;
4731;-5.242468796;36.33313747;0.0125;False;ok;64;1;1.538;
4732;-5.254968796;36.34563747;0.0125;False;ok;15;1;1.350;
4733;-5.242468796;36.34563747;0.00625;False;ok;31;1;1.391;
4734;-5.236218796;36.34563747;0.00625;False;ok;37;1;1.303;
4735;-5.242468796;36.35188747;0.00625;False;ok;42;1;1.325;
4736;-5.236218796;36.35188747;0.00625;False;ok;75;1;1.225;
4737;-5.229968796;36.33313747;0.025;False;ok;4;1;0.952;
4738;-6.204968796;36.35813747;0.025;False;ok;74;1;1.126;
4739;-6.179968796;36.35813747;0.0125;False;ok;70;1;0.863;
4740;-6.167468796;36.35813747;0.0125;False;ok;33;1;0.800;
4741;-6.179968796;36.37063747;0.0125;False;ok;71;1;0.923;
4742;-6.167468796;36.37063747;0.0125;False;ok;33;1;0.794;
4743;-6.204968796;36.38313747;0.025;False;ok;31;1;0.868;
4744;-6.179968796;36.38313747;0.025;False;ok;73;1;1.076;
4745;-6.254968796;36.40813747;0.05;False;ok;22;1;0.921;
4746;-6.204968796;36.40813747;0.05;False;ok;48;1;1.179;
4747;-6.154968796;36.35813747;0.05;False;ok;75;1;1.247;
4748;-6.104968796;36.35813747;0.05;False;ok;27;1;1.161;
4749;-6.154968796;36.40813747;0.05;False;ok;72;1;1.425;
4750;-6.054968796;36.35813747;0.1;False;ok;3;1;1.202;
4751;-5.954968796;36.35813747;0.1;False;ok;24;1;1.221;
4752;-5.754968796;36.35813747;0.1;False;ok;1;1;1.236;
4753;-5.554968796;36.35813747;0.1;False;ok;3;1;1.322;
4754;-5.454968796;36.35813747;0.1;False;ok;31;1;1.341;
4755;-5.354968796;36.35813747;0.1;False;ok;30;1;1.358;
4756;-5.254968796;36.35813747;0.0125;False;ok;43;1;1.368;
4757;-5.242468796;36.35813747;0.00625;False;ok;21;1;1.318;
4758;-5.236218796;36.35813747;0.00625;False;ok;70;1;1.345;
4759;-5.242468796;36.36438747;0.00625;False;ok;34;1;1.328;
4760;-5.236218796;36.36438747;0.00625;False;ok;30;1;1.195;
4761;-5.254968796;36.37063747;0.0125;False;ok;9;1;1.236;
4762;-5.242468796;36.37063747;0.0125;False;ok;3;1;1.121;
4763;-5.229968796;36.35813747;0.025;False;ok;75;1;1.283;
4764;-5.254968796;36.38313747;0.025;False;ok;33;1;1.041;
4765;-5.229968796;36.38313747;0.025;False;ok;74;1;1.090;
4766;-5.204968796;36.35813747;0.05;False;ok;73;1;1.003;
4767;-5.254968796;36.40813747;0.05;False;ok;74;1;1.055;
4768;-5.204968796;36.40813747;0.025;False;ok;74;1;1.131;
4769;-5.179968796;36.40813747;0.0125;False;ok;38;1;1.033;
4770;-5.167468796;36.41438747;0.00625;False;ok;53;1;1.097;
4771;-5.161218796;36.41438747;0.003125;False;ok;71;1;1.225;
4772;-5.158093796;36.41438747;0.003125;False;ok;19;1;1.277;
4773;-5.161218796;36.41751247;0.003125;False;ok;56;1;1.389;
4774;-5.158093796;36.41751247;0.003125;False;ok;14;1;1.348;
4775;-5.167468796;36.42063747;0.0125;False;ok;70;1;1.478;
4776;-5.204968796;36.43313747;0.025;False;ok;0;1;1.939;
4777;-5.179968796;36.43313747;0.025;False;ok;6;1;1.133;
4778;-5.154968796;36.40813747;0.0125;False;ok;41;1;1.307;
4779;-5.154968796;36.42063747;0.00625;False;ok;75;1;1.425;
4780;-5.148718796;36.42063747;0.00625;False;ok;74;1;1.504;
4781;-5.154968796;36.42688747;0.00625;False;ok;34;1;1.380;
4782;-5.148718796;36.42688747;0.00625;False;ok;74;1;1.496;
4783;-5.142468796;36.42063747;0.0125;False;ok;74;1;1.361;
4784;-5.129968796;36.40813747;0.025;False;ok;39;1;1.258;
4785;-5.154968796;36.43313747;0.025;False;ok;74;1;1.405;
4786;-5.129968796;36.43313747;0.025;False;ok;53;1;1.248;
4787;-5.104968796;36.40813747;0.05;False;ok;75;1;1.169;
4788;-5.054968796;36.35813747;0.1;False;ok;64;1;1.066;
4789;-6.304968796;36.45813747;0.05;False;ok;75;1;1.192;
4790;-6.354968796;36.50813747;0.05;False;ok;12;1;0.874;
4791;-6.292468796;36.50813747;0.0125;False;ok;71;1;0.903;
4792;-6.304968796;36.52688747;0.003125;False;ok;53;1;0.903;
4793;-6.301843796;36.52688747;0.003125;False;ok;26;1;0.778;
4794;-6.304968796;36.53001247;0.003125;False;ok;50;1;0.791;
4795;-6.301843796;36.53001247;0.003125;False;ok;75;1;0.978;
4796;-6.298718796;36.52688747;0.003125;False;ok;15;1;0.792;
4797;-6.295593796;36.52688747;0.003125;False;ok;44;1;0.942;
4798;-6.298718796;36.53001247;0.003125;False;ok;63;1;1.118;
4799;-6.295593796;36.53001247;0.003125;False;ok;75;1;1.190;
4800;-6.292468796;36.52063747;0.0125;False;ok;75;1;1.135;
4801;-6.279968796;36.50813747;0.025;False;ok;36;1;1.015;
4802;-6.304968796;36.53313747;0.00625;False;ok;75;1;1.343;
4803;-6.298718796;36.53313747;0.003125;False;ok;75;1;1.341;
4804;-6.295593796;36.53313747;0.003125;False;ok;61;1;1.373;
4805;-6.298718796;36.53626247;0.003125;False;ok;11;1;1.272;
4806;-6.295593796;36.53626247;0.003125;False;ok;5;1;1.251;
4807;-6.292468796;36.53313747;0.0125;False;ok;7;1;1.292;
4808;-6.254968796;36.45813747;0.1;False;ok;73;1;1.547;
4809;-6.154968796;36.45813747;0.1;False;ok;17;1;1.308;
4810;-5.954968796;36.45813747;0.1;False;ok;35;1;1.362;
4811;-5.754968796;36.45813747;0.1;False;ok;35;1;1.373;
4812;-5.454968796;36.45813747;0.1;False;ok;30;1;1.332;
4813;-5.354968796;36.45813747;0.1;False;ok;51;1;1.320;
4814;-5.254968796;36.45813747;0.1;False;ok;14;1;1.176;
4815;-5.154968796;36.45813747;0.1;False;ok;74;1;1.359;
4816;-5.054968796;36.45813747;0.0125;False;ok;75;1;1.335;
4817;-5.042468796;36.45813747;0.0125;False;ok;60;1;1.227;
4818;-5.054968796;36.47063747;0.0125;False;ok;42;1;0.960;
4819;-5.042468796;36.47063747;0.0125;False;ok;59;1;0.975;
4820;-5.029968796;36.45813747;0.0125;False;ok;73;1;1.038;
4821;-5.017468796;36.45813747;0.0125;False;ok;17;1;0.919;
4822;-5.029968796;36.47063747;0.0125;False;ok;61;1;0.927;
4823;-5.017468796;36.47063747;0.0125;False;ok;28;1;0.882;
4824;-5.054968796;36.48313747;0.025;False;ok;47;1;0.970;
4825;-5.029968796;36.48313747;0.025;False;ok;71;1;1.024;
4826;-5.004968796;36.45813747;0.025;False;ok;75;1;1.070;
4827;-4.979968796;36.45813747;0.025;False;ok;52;1;1.008;
4828;-5.004968796;36.48313747;0.025;False;ok;75;1;1.130;
4829;-4.979968796;36.48313747;0.0125;False;ok;75;1;1.263;
4830;-4.967468796;36.48313747;0.00625;False;ok;70;1;1.385;
4831;-4.961218796;36.48313747;0.003125;False;ok;30;1;1.145;
4832;-4.958093796;36.48313747;0.003125;False;ok;11;1;1.117;
4833;-4.961218796;36.48626247;0.003125;False;ok;66;1;1.283;
4834;-4.958093796;36.48626247;0.003125;False;ok;54;1;1.215;
4835;-4.967468796;36.48938747;0.00625;False;ok;75;1;1.349;
4836;-4.961218796;36.48938747;0.00625;False;ok;27;1;1.118;
4837;-4.979968796;36.49563747;0.0125;False;ok;50;1;1.265;
4838;-4.967468796;36.49563747;0.00625;False;ok;75;1;1.333;
4839;-4.961218796;36.49563747;0.00625;False;ok;22;1;1.317;
4840;-4.967468796;36.50188747;0.00625;False;ok;7;1;1.128;
4841;-4.961218796;36.50188747;0.00625;False;ok;18;1;1.189;
4842;-5.054968796;36.50813747;0.05;False;ok;74;1;1.320;
4843;-5.004968796;36.50813747;0.025;False;ok;67;1;1.236;
4844;-4.979968796;36.50813747;0.025;False;ok;72;1;1.265;
4845;-5.004968796;36.53313747;0.025;False;ok;2;1;0.973;
4846;-4.954968796;36.48313747;0.00625;False;ok;75;1;1.194;
4847;-4.954968796;36.48938747;0.00625;False;ok;57;1;1.175;
4848;-4.948718796;36.48938747;0.00625;False;ok;20;1;1.034;
4849;-4.954968796;36.49563747;0.0125;False;ok;75;1;1.171;
4850;-4.942468796;36.49563747;0.0125;False;ok;18;1;0.979;
4851;-4.929968796;36.48313747;0.025;False;ok;70;1;1.129;
4852;-4.904968796;36.49563747;0.0125;False;ok;72;1;1.119;
4853;-4.892468796;36.49563747;0.0125;False;ok;75;1;1.168;
4854;-4.879968796;36.48313747;0.025;False;ok;6;1;0.889;
4855;-4.954968796;36.50813747;0.025;False;ok;37;1;1.018;
4856;-4.929968796;36.50813747;0.025;False;ok;73;1;1.174;
4857;-4.954968796;36.53313747;0.025;False;ok;15;1;1.008;
4858;-4.904968796;36.50813747;0.00625;False;ok;75;1;1.246;
4859;-4.898718796;36.50813747;0.00625;False;ok;73;1;1.268;
4860;-4.904968796;36.51438747;0.00625;False;ok;4;1;1.117;
4861;-4.898718796;36.51438747;0.00625;False;ok;27;1;1.056;
4862;-4.892468796;36.50813747;0.00625;False;ok;74;1;1.223;
4863;-4.886218796;36.50813747;0.00625;False;ok;75;1;1.326;
4864;-4.892468796;36.51438747;0.00625;False;ok;9;1;1.061;
4865;-4.886218796;36.51438747;0.00625;False;ok;8;1;1.110;
4866;-4.904968796;36.52063747;0.0125;False;ok;14;1;1.106;
4867;-4.892468796;36.52063747;0.0125;False;ok;9;1;1.089;
4868;-4.879968796;36.50813747;0.025;False;ok;73;1;1.349;
4869;-4.879968796;36.53313747;0.025;False;ok;35;1;1.173;
4870;-4.854968796;36.48313747;0.025;False;ok;59;1;1.210;
4871;-4.829968796;36.49563747;0.0125;False;ok;28;1;1.150;
4872;-4.817468796;36.49563747;0.0125;False;ok;75;1;1.284;
4873;-4.804968796;36.48313747;0.025;False;ok;74;1;1.308;
4874;-4.779968796;36.48313747;0.0125;False;ok;75;1;1.293;
4875;-4.767468796;36.48313747;0.0125;False;ok;67;1;1.238;
4876;-4.779968796;36.49563747;0.0125;False;ok;65;1;1.202;
4877;-4.767468796;36.49563747;0.0125;False;ok;29;1;1.119;
4878;-4.854968796;36.50813747;0.05;False;ok;74;1;1.511;
4879;-4.804968796;36.50813747;0.05;False;ok;39;1;1.080;
4880;-4.754968796;36.48313747;0.0125;False;ok;72;1;1.259;
4881;-4.742468796;36.48313747;0.0125;False;ok;75;1;1.105;
4882;-4.754968796;36.49563747;0.0125;False;ok;67;1;1.271;
4883;-4.742468796;36.49563747;0.0125;False;ok;12;1;1.069;
4884;-4.729968796;36.48313747;0.00625;False;ok;26;1;1.084;
4885;-4.723718796;36.48626247;0.003125;False;ok;57;1;1.158;
4886;-4.720593796;36.48626247;0.003125;False;ok;74;1;1.168;
4887;-4.729968796;36.48938747;0.00625;False;ok;23;1;1.012;
4888;-4.723718796;36.48938747;0.00625;False;ok;56;1;1.080;
4889;-4.717468796;36.48313747;0.00625;False;ok;74;1;1.133;
4890;-4.711218796;36.48313747;0.00625;False;ok;5;1;0.906;
4891;-4.717468796;36.48938747;0.00625;False;ok;31;1;0.947;
4892;-4.711218796;36.48938747;0.00625;False;ok;73;1;1.030;
4893;-4.729968796;36.49563747;0.0125;False;ok;74;1;1.074;
4894;-4.717468796;36.49563747;0.0125;False;ok;74;1;1.077;
4895;-4.704968796;36.48313747;0.0125;False;ok;74;1;1.082;
4896;-4.692468796;36.48313747;0.0125;False;ok;14;1;0.892;
4897;-4.704968796;36.49563747;0.0125;False;ok;74;1;1.049;
4898;-4.692468796;36.49563747;0.0125;False;ok;74;1;1.028;
4899;-4.679968796;36.48313747;0.025;False;ok;74;1;1.147;
4900;-4.754968796;36.50813747;0.025;False;ok;64;1;1.137;
4901;-4.729968796;36.50813747;0.0125;False;ok;26;1;1.036;
4902;-4.717468796;36.50813747;0.0125;False;ok;75;1;1.224;
4903;-4.754968796;36.53313747;0.025;False;ok;17;1;1.018;
4904;-4.729968796;36.53313747;0.025;False;ok;51;1;1.159;
4905;-4.704968796;36.50813747;0.05;False;ok;74;1;1.262;
4906;-4.654968796;36.45813747;0.05;False;ok;20;1;1.130;
4907;-4.654968796;36.50813747;0.0125;False;ok;72;1;1.266;
4908;-4.642468796;36.50813747;0.0125;False;ok;74;1;1.288;
4909;-4.642468796;36.52063747;0.0125;False;ok;46;1;1.234;
4910;-4.629968796;36.50813747;0.025;False;ok;75;1;1.335;
4911;-4.654968796;36.53313747;0.025;False;ok;74;1;1.206;
4912;-4.629968796;36.53313747;0.00625;False;ok;75;1;1.257;
4913;-4.623718796;36.53313747;0.00625;False;ok;75;1;1.222;
4914;-4.629968796;36.53938747;0.00625;False;ok;58;1;1.237;
4915;-4.623718796;36.53938747;0.003125;False;ok;75;1;1.238;
4916;-4.620593796;36.53938747;0.003125;False;ok;73;1;1.212;
4917;-4.623718796;36.54251247;0.003125;False;ok;28;1;1.136;
4918;-4.620593796;36.54251247;0.003125;False;ok;72;1;1.458;
4919;-4.617468796;36.53313747;0.0125;False;ok;0;1;1.646;
4920;-4.629968796;36.54563747;0.0125;False;ok;75;1;1.165;
4921;-4.617468796;36.54563747;0.00625;False;ok;75;1;1.241;
4922;-4.617468796;36.55188747;0.00625;False;ok;74;1;1.215;
4923;-4.611218796;36.55188747;0.00625;False;ok;34;1;1.025;
4924;-4.554968796;36.45813747;0.1;False;ok;0;1;1.565;
4925;-6.454968796;36.55813747;0.1;False;ok;75;1;1.096;
4926;-6.304968796;36.55813747;0.05;False;ok;75;1;1.150;
4927;-6.354968796;36.60813747;0.05;False;ok;11;1;0.959;
4928;-6.304968796;36.60813747;0.05;False;ok;50;1;1.016;
4929;-6.229968796;36.55813747;0.025;False;ok;70;1;1.071;
4930;-6.254968796;36.58313747;0.025;False;ok;75;1;1.021;
4931;-6.229968796;36.58313747;0.025;False;ok;74;1;1.214;
4932;-6.254968796;36.60813747;0.05;False;ok;22;1;0.966;
4933;-6.204968796;36.60813747;0.05;False;ok;3;1;0.919;
4934;-6.054968796;36.55813747;0.1;False;ok;0;1;1.888;
4935;-5.954968796;36.55813747;0.1;False;ok;4;1;0.815;
4936;-5.854968796;36.55813747;0.1;False;ok;5;1;0.830;
4937;-5.754968796;36.55813747;0.1;False;ok;13;1;0.799;
4938;-5.654968796;36.55813747;0.1;False;ok;1;1;1.161;
4939;-5.554968796;36.55813747;0.1;False;ok;1;1;0.749;
4940;-5.454968796;36.55813747;0.1;False;ok;3;1;0.829;
4941;-5.354968796;36.55813747;0.1;False;ok;73;1;1.045;
4942;-5.254968796;36.55813747;0.1;False;ok;35;1;0.981;
4943;-5.154968796;36.55813747;0.1;False;ok;14;1;0.993;
4944;-5.054968796;36.55813747;0.1;False;ok;0;1;1.595;
4945;-4.954968796;36.55813747;0.1;False;ok;26;1;1.254;
4946;-4.854968796;36.55813747;0.1;False;ok;53;1;1.328;
4947;-4.754968796;36.55813747;0.05;False;ok;11;1;1.225;
4948;-4.704968796;36.55813747;0.05;False;ok;60;1;1.422;
4949;-4.754968796;36.60813747;0.05;False;ok;62;1;1.365;
4950;-4.704968796;36.60813747;0.05;False;ok;75;1;1.527;
4951;-4.654968796;36.55813747;0.025;False;ok;42;1;1.381;
4952;-4.629968796;36.55813747;0.0125;False;ok;23;1;1.300;
4953;-4.617468796;36.55813747;0.0125;False;ok;75;1;1.608;
4954;-4.629968796;36.57063747;0.0125;False;ok;5;1;1.125;
4955;-4.617468796;36.57063747;0.0125;False;ok;36;1;1.319;
4956;-4.654968796;36.58313747;0.025;False;ok;74;1;1.453;
4957;-4.629968796;36.58313747;0.025;False;ok;33;1;1.279;
4958;-4.604968796;36.55813747;0.0125;False;ok;74;1;1.251;
4959;-4.592468796;36.55813747;0.0125;False;ok;2;1;0.955;
4960;-4.604968796;36.57063747;0.0125;False;ok;74;1;1.063;
4961;-4.592468796;36.57063747;0.0125;False;ok;74;1;1.129;
4962;-4.579968796;36.55813747;0.025;False;ok;74;1;1.070;
4963;-4.604968796;36.58313747;0.025;False;ok;69;1;0.905;
4964;-4.579968796;36.58313747;0.025;False;ok;74;1;0.924;
4965;-4.654968796;36.60813747;0.05;False;ok;56;1;0.930;
4966;-4.604968796;36.60813747;0.05;False;ok;47;1;1.111;
4967;-4.554968796;36.55813747;0.025;False;ok;75;1;1.108;
4968;-4.529968796;36.55813747;0.025;False;ok;0;1;1.731;
4969;-4.554968796;36.58313747;0.0125;False;ok;74;1;1.267;
4970;-4.542468796;36.58313747;0.00625;False;ok;59;1;1.208;
4971;-4.536218796;36.58313747;0.003125;False;ok;74;1;1.240;
4972;-4.533093796;36.58313747;0.003125;False;ok;1;1;1.087;
4973;-4.536218796;36.58626247;0.003125;False;ok;74;1;1.448;
4974;-4.533093796;36.58626247;0.003125;False;ok;74;1;1.393;
4975;-4.542468796;36.58938747;0.00625;False;ok;9;1;1.264;
4976;-4.536218796;36.58938747;0.00625;False;ok;75;1;1.498;
4977;-4.554968796;36.59563747;0.0125;False;ok;41;1;1.381;
4978;-4.542468796;36.59563747;0.0125;False;ok;73;1;1.545;
4979;-4.529968796;36.58313747;0.00625;False;ok;2;1;1.255;
4980;-4.529968796;36.58938747;0.0015625;False;ok;75;1;1.493;
4981;-4.528406296;36.58938747;0.0015625;False;ok;19;1;1.281;
4982;-4.529968796;36.59094997;0.0015625;False;ok;75;1;1.395;
4983;-4.528406296;36.59094997;0.0015625;False;ok;19;1;1.186;
4984;-4.526843796;36.58938747;0.003125;False;ok;25;1;1.252;
4985;-4.529968796;36.59251247;0.003125;False;ok;12;1;1.050;
4986;-4.526843796;36.59251247;0.003125;False;ok;74;1;1.131;
4987;-4.523718796;36.58938747;0.00625;False;ok;63;1;1.199;
4988;-4.517468796;36.58313747;0.0125;False;ok;12;1;0.903;
4989;-4.529968796;36.59563747;0.0015625;False;ok;61;1;0.896;
4990;-4.528406296;36.59563747;0.0015625;False;ok;75;1;1.023;
4991;-4.529968796;36.59719997;0.0015625;False;ok;49;1;0.865;
4992;-4.528406296;36.59719997;0.0015625;False;ok;12;1;0.981;
4993;-4.526843796;36.59563747;0.003125;False;ok;73;1;0.990;
4994;-4.529968796;36.59876247;0.003125;False;ok;37;1;0.862;
4995;-4.526843796;36.59876247;0.003125;False;ok;25;1;0.893;
4996;-4.523718796;36.59563747;0.00625;False;ok;75;1;1.139;
4997;-4.529968796;36.60188747;0.00625;False;ok;3;1;0.829;
4998;-4.523718796;36.60188747;0.00625;False;ok;48;1;1.351;
4999;-4.517468796;36.59563747;0.003125;False;ok;74;1;1.568;
5000;-4.514343796;36.59563747;0.003125;False;ok;62;1;1.537;
5001;-4.517468796;36.59876247;0.003125;False;ok;68;1;1.491;
5002;-4.514343796;36.59876247;0.003125;False;ok;55;1;1.475;
5003;-4.511218796;36.59563747;0.00625;False;ok;62;1;1.515;
5004;-4.517468796;36.60188747;0.00625;False;ok;74;1;1.540;
5005;-4.511218796;36.60188747;0.00625;False;ok;75;1;1.538;
5006;-4.504968796;36.55813747;0.05;False;ok;0;1;2.061;
5007;-4.554968796;36.60813747;0.025;False;ok;19;1;1.450;
5008;-4.529968796;36.60813747;0.025;False;ok;74;1;1.577;
5009;-4.554968796;36.63313747;0.025;False;ok;15;1;1.343;
5010;-4.529968796;36.63313747;0.025;False;ok;6;1;1.259;
5011;-4.504968796;36.60813747;0.003125;False;ok;61;1;1.359;
5012;-4.504968796;36.61126247;0.003125;False;ok;75;1;1.446;
5013;-4.501843796;36.61126247;0.003125;False;ok;29;1;1.178;
5014;-4.504968796;36.61438747;0.00625;False;ok;75;1;1.329;
5015;-4.498718796;36.61438747;0.003125;False;ok;69;1;1.169;
5016;-4.498718796;36.61751247;0.003125;False;ok;75;1;1.349;
5017;-4.504968796;36.62063747;0.003125;False;ok;40;1;0.925;
5018;-4.501843796;36.62063747;0.003125;False;ok;75;1;0.948;
5019;-4.504968796;36.62376247;0.003125;False;ok;51;1;0.839;
5020;-4.501843796;36.62376247;0.003125;False;ok;75;1;1.297;
5021;-4.498718796;36.62063747;0.003125;False;ok;75;1;1.131;
5022;-4.495593796;36.62063747;0.003125;False;ok;18;1;1.004;
5023;-4.498718796;36.62376247;0.003125;False;ok;66;1;1.201;
5024;-4.495593796;36.62376247;0.003125;False;ok;39;1;1.285;
5025;-4.504968796;36.62688747;0.00625;False;ok;72;1;1.292;
5026;-4.498718796;36.62688747;0.00625;False;ok;75;1;1.451;
5027;-4.492468796;36.62063747;0.0125;False;ok;66;1;1.446;
5028;-4.504968796;36.63313747;0.0125;False;ok;74;1;1.474;
5029;-4.492468796;36.63313747;0.0125;False;ok;75;1;1.431;
5030;-4.504968796;36.64563747;0.0125;False;ok;9;1;1.205;
5031;-4.492468796;36.64563747;0.0125;False;ok;21;1;1.297;
5032;-4.479968796;36.63313747;0.025;False;ok;17;1;1.342;
5033;-6.454968796;36.65813747;0.05;False;ok;71;1;1.534;
5034;-6.404968796;36.65813747;0.05;False;ok;3;1;1.195;
5035;-6.454968796;36.70813747;0.05;False;ok;73;1;1.470;
5036;-6.404968796;36.70813747;0.05;False;ok;11;1;1.132;
5037;-6.354968796;36.65813747;0.1;False;ok;2;1;1.127;
5038;-6.254968796;36.65813747;0.1;False;ok;5;1;1.062;
5039;-6.154968796;36.65813747;0.025;False;ok;75;1;1.213;
5040;-6.129968796;36.65813747;0.025;False;ok;24;1;0.965;
5041;-6.154968796;36.68313747;0.0125;False;ok;69;1;1.025;
5042;-6.142468796;36.68313747;0.00625;False;ok;73;1;0.888;
5043;-6.136218796;36.68313747;0.00625;False;ok;74;1;0.888;
5044;-6.142468796;36.68938747;0.00625;False;ok;9;1;0.795;
5045;-6.136218796;36.68938747;0.00625;False;ok;6;1;0.930;
5046;-6.154968796;36.69563747;0.0125;False;ok;5;1;1.036;
5047;-6.142468796;36.69563747;0.0125;False;ok;6;1;1.100;
5048;-6.129968796;36.68313747;0.025;False;ok;43;1;1.126;
5049;-6.104968796;36.65813747;0.05;False;ok;2;1;1.199;
5050;-6.154968796;36.70813747;0.05;False;ok;1;1;1.169;
5051;-6.104968796;36.70813747;0.05;False;ok;6;1;1.252;
5052;-6.054968796;36.65813747;0.1;False;ok;11;1;1.328;
5053;-5.954968796;36.65813747;0.1;False;ok;6;1;1.323;
5054;-5.854968796;36.65813747;0.1;False;ok;75;1;1.534;
5055;-5.754968796;36.65813747;0.1;False;ok;20;1;1.373;
5056;-5.654968796;36.65813747;0.1;False;ok;8;1;1.279;
5057;-5.554968796;36.65813747;0.1;False;ok;62;1;1.453;
5058;-5.454968796;36.65813747;0.1;False;ok;74;1;1.484;
5059;-5.354968796;36.65813747;0.1;False;ok;4;1;1.315;
5060;-5.204968796;36.65813747;0.05;False;ok;2;1;1.295;
5061;-5.254968796;36.70813747;0.05;False;ok;66;1;1.383;
5062;-5.204968796;36.70813747;0.025;False;ok;1;1;1.256;
5063;-5.179968796;36.70813747;0.025;False;ok;15;1;1.257;
5064;-5.204968796;36.73313747;0.025;False;ok;8;1;1.225;
5065;-5.179968796;36.73313747;0.0125;False;ok;11;1;1.158;
5066;-5.167468796;36.73313747;0.00625;False;ok;49;1;1.065;
5067;-5.167468796;36.73938747;0.003125;False;ok;44;1;1.076;
5068;-5.164343796;36.73938747;0.003125;False;ok;48;1;1.022;
5069;-5.167468796;36.74251247;0.003125;False;ok;64;1;1.004;
5070;-5.164343796;36.74251247;0.003125;False;ok;69;1;1.016;
5071;-5.161218796;36.73938747;0.00625;False;ok;30;1;0.898;
5072;-5.179968796;36.74563747;0.0125;False;ok;17;1;0.966;
5073;-5.167468796;36.74563747;0.0125;False;ok;64;1;0.978;
5074;-5.154968796;36.65813747;0.1;False;ok;23;1;1.028;
5075;-4.954968796;36.65813747;0.1;False;ok;73;1;1.069;
5076;-4.854968796;36.65813747;0.1;False;ok;45;1;1.107;
5077;-4.754968796;36.65813747;0.1;False;ok;74;1;1.368;
5078;-4.654968796;36.65813747;0.1;False;ok;73;1;1.374;
5079;-4.554968796;36.65813747;0.05;False;ok;44;1;1.439;
5080;-4.504968796;36.65813747;0.05;False;ok;74;1;1.581;
5081;-4.554968796;36.70813747;0.05;False;ok;11;1;1.235;
5082;-4.504968796;36.70813747;0.05;False;ok;48;1;1.359;
5083;-4.454968796;36.65813747;0.025;False;ok;12;1;1.203;
5084;-4.454968796;36.68313747;0.0125;False;ok;75;1;1.466;
5085;-4.442468796;36.68313747;0.0125;False;ok;14;1;1.240;
5086;-4.454968796;36.69563747;0.0125;False;ok;74;1;1.427;
5087;-4.442468796;36.69563747;0.0125;False;ok;75;1;1.448;
5088;-4.454968796;36.70813747;0.0125;False;ok;34;1;1.406;
5089;-4.442468796;36.70813747;0.0125;False;ok;75;1;1.433;
5090;-4.454968796;36.72063747;0.0125;False;ok;22;1;1.184;
5091;-4.442468796;36.72063747;0.0125;False;ok;75;1;1.379;
5092;-4.429968796;36.70813747;0.00625;False;ok;75;1;1.339;
5093;-4.423718796;36.70813747;0.00625;False;ok;10;1;1.105;
5094;-4.429968796;36.71438747;0.003125;False;ok;29;1;0.993;
5095;-4.426843796;36.71438747;0.003125;False;ok;73;1;1.112;
5096;-4.429968796;36.71751247;0.003125;False;ok;49;1;0.952;
5097;-4.426843796;36.71751247;0.003125;False;ok;75;1;1.065;
5098;-4.423718796;36.71438747;0.003125;False;ok;74;1;0.979;
5099;-4.420593796;36.71438747;0.003125;False;ok;1;1;0.711;
5100;-4.423718796;36.71751247;0.0015625;False;ok;22;1;0.835;
5101;-4.422156296;36.71751247;0.0015625;False;ok;13;1;0.821;
5102;-4.423718796;36.71907497;0.0015625;False;ok;75;1;1.047;
5103;-4.422156296;36.71907497;0.0015625;False;ok;32;1;0.879;
5104;-4.420593796;36.71751247;0.003125;False;ok;59;1;1.105;
5105;-4.417468796;36.71438747;0.00625;False;ok;75;1;1.122;
5106;-4.411218796;36.71438747;0.00625;False;ok;75;1;1.177;
5107;-4.429968796;36.72063747;0.003125;False;ok;75;1;1.211;
5108;-4.426843796;36.72063747;0.003125;False;ok;75;1;1.425;
5109;-4.429968796;36.72376247;0.003125;False;ok;74;1;1.416;
5110;-4.426843796;36.72376247;0.003125;False;ok;74;1;1.388;
5111;-4.423718796;36.72063747;0.0015625;False;ok;64;1;1.480;
5112;-4.422156296;36.72063747;0.0015625;False;ok;75;1;1.512;
5113;-4.423718796;36.72219997;0.0015625;False;ok;60;1;1.400;
5114;-4.422156296;36.72219997;0.0015625;False;ok;75;1;1.524;
5115;-4.420593796;36.72063747;0.0015625;False;ok;70;1;1.412;
5116;-4.419031296;36.72063747;0.0015625;False;ok;46;1;1.358;
5117;-4.420593796;36.72219997;0.0015625;False;ok;75;1;1.427;
5118;-4.419031296;36.72219997;0.0015625;False;ok;66;1;1.335;
5119;-4.423718796;36.72376247;0.0015625;False;ok;57;1;1.277;
5120;-4.422156296;36.72376247;0.0015625;False;ok;62;1;1.284;
5121;-4.423718796;36.72532497;0.0015625;False;ok;48;1;1.219;
5122;-4.422156296;36.72532497;0.0015625;False;ok;71;1;1.245;
5123;-4.420593796;36.72376247;0.0015625;False;ok;75;1;1.176;
5124;-4.419031296;36.72376247;0.0015625;False;ok;75;1;1.145;
5125;-4.420593796;36.72532497;0.0015625;False;ok;75;1;1.124;
5126;-4.419031296;36.72532497;0.0015625;False;ok;53;1;0.886;
5127;-4.429968796;36.72688747;0.00625;False;ok;74;1;0.939;
5128;-4.423718796;36.72688747;0.00625;False;ok;75;1;0.958;
5129;-4.417468796;36.72063747;0.003125;False;ok;52;1;0.907;
5130;-4.414343796;36.72063747;0.003125;False;ok;7;1;0.767;
5131;-4.417468796;36.72376247;0.003125;False;ok;75;1;1.323;
5132;-4.414343796;36.72376247;0.003125;False;ok;45;1;1.171;
5133;-4.411218796;36.72063747;0.00625;False;ok;49;1;1.207;
5134;-4.417468796;36.72688747;0.00625;False;ok;75;1;1.332;
5135;-4.411218796;36.72688747;0.00625;False;ok;24;1;1.215;
5136;-4.429968796;36.73313747;0.025;False;ok;66;1;1.611;
5137;-4.404968796;36.70813747;0.025;False;ok;73;1;1.603;
5138;-4.379968796;36.70813747;0.0125;False;ok;10;1;1.298;
5139;-4.367468796;36.70813747;0.0125;False;ok;75;1;1.490;
5140;-4.379968796;36.72063747;0.0125;False;ok;75;1;1.522;
5141;-4.367468796;36.72063747;0.0125;False;ok;62;1;1.440;
5142;-4.404968796;36.73313747;0.025;False;ok;3;1;1.284;
5143;-4.379968796;36.73313747;0.025;False;ok;17;1;1.419;
5144;-4.354968796;36.70813747;0.05;False;ok;73;1;1.799;
5145;-4.304968796;36.70813747;0.025;False;ok;74;1;1.400;
5146;-4.279968796;36.70813747;0.025;False;ok;75;1;1.485;
5147;-4.279968796;36.73313747;0.025;False;ok;15;1;1.201;
5148;-4.254968796;36.70813747;0.05;False;ok;74;1;1.391;
5149;-4.204968796;36.70813747;0.05;False;ok;73;1;1.200;
5150;-4.154968796;36.70813747;0.05;False;ok;57;1;1.156;
5151;-4.104968796;36.70813747;0.025;False;ok;46;1;0.912;
5152;-4.104968796;36.73313747;0.00625;False;ok;31;1;0.825;
5153;-4.098718796;36.73313747;0.00625;False;ok;75;1;1.201;
5154;-4.104968796;36.73938747;0.00625;False;ok;10;1;0.723;
5155;-4.098718796;36.73938747;0.00625;False;ok;74;1;0.974;
5156;-4.092468796;36.73313747;0.0125;False;ok;74;1;0.961;
5157;-4.104968796;36.74563747;0.0125;False;ok;11;1;0.889;
5158;-4.092468796;36.74563747;0.0125;False;ok;37;1;1.031;
5159;-4.079968796;36.73313747;0.025;False;ok;75;1;1.041;
5160;-4.054968796;36.70813747;0.05;False;ok;73;1;1.219;
5161;-3.979968796;36.72063747;0.0125;False;ok;73;1;1.428;
5162;-3.967468796;36.72063747;0.0125;False;ok;75;1;1.264;
5163;-4.004968796;36.73313747;0.025;False;ok;75;1;1.302;
5164;-3.979968796;36.73313747;0.025;False;ok;74;1;1.242;
5165;-3.954968796;36.70813747;0.025;False;ok;74;1;1.321;
5166;-3.954968796;36.73313747;0.025;False;ok;75;1;1.500;
5167;-3.929968796;36.73313747;0.025;False;ok;75;1;1.462;
5168;-3.904968796;36.73313747;0.0125;False;ok;31;1;1.349;
5169;-3.892468796;36.73938747;0.00625;False;ok;16;1;1.259;
5170;-3.886218796;36.73938747;0.003125;False;ok;44;1;1.326;
5171;-3.883093796;36.73938747;0.003125;False;ok;35;1;1.252;
5172;-3.886218796;36.74251247;0.003125;False;ok;74;1;1.441;
5173;-3.883093796;36.74251247;0.0015625;False;ok;45;1;1.248;
5174;-3.881531296;36.74251247;0.0015625;False;ok;75;1;1.148;
5175;-3.883093796;36.74407497;0.0015625;False;ok;14;1;1.070;
5176;-3.881531296;36.74407497;0.0015625;False;ok;44;1;1.150;
5177;-3.904968796;36.74563747;0.0125;False;ok;68;1;1.102;
5178;-3.892468796;36.74563747;0.0125;False;ok;56;1;1.015;
5179;-3.879968796;36.73313747;0.0125;False;ok;75;1;1.245;
5180;-3.879968796;36.74563747;0.003125;False;ok;75;1;0.965;
5181;-3.876843796;36.74563747;0.003125;False;ok;67;1;0.936;
5182;-3.879968796;36.74876247;0.003125;False;ok;50;1;0.962;
5183;-3.876843796;36.74876247;0.003125;False;ok;74;1;1.045;
5184;-3.873718796;36.74563747;0.003125;False;ok;75;1;1.079;
5185;-3.873718796;36.74876247;0.003125;False;ok;75;1;1.145;
5186;-3.870593796;36.74876247;0.003125;False;ok;62;1;1.391;
5187;-3.879968796;36.75188747;0.00625;False;ok;63;1;1.333;
5188;-3.873718796;36.75188747;0.003125;False;ok;74;1;1.278;
5189;-3.870593796;36.75188747;0.003125;False;ok;72;1;1.232;
5190;-3.873718796;36.75501247;0.003125;False;ok;48;1;1.323;
5191;-3.870593796;36.75501247;0.003125;False;ok;29;1;1.276;
5192;-3.867468796;36.74563747;0.0125;False;ok;75;1;1.501;
5193;-3.854968796;36.65813747;0.1;False;ok;75;1;1.418;
5194;-3.754968796;36.70813747;0.025;False;ok;58;1;1.326;
5195;-3.729968796;36.70813747;0.025;False;ok;73;1;1.386;
5196;-3.754968796;36.73313747;0.025;False;ok;74;1;1.402;
5197;-3.729968796;36.73313747;0.025;False;ok;73;1;1.335;
5198;-3.704968796;36.70813747;0.025;False;ok;75;1;1.362;
5199;-3.679968796;36.70813747;0.025;False;ok;14;1;1.086;
5200;-3.704968796;36.73313747;0.025;False;ok;75;1;1.210;
5201;-3.679968796;36.73313747;0.025;False;ok;74;1;1.207;
5202;-3.654968796;36.70813747;0.05;False;ok;75;1;1.251;
5203;-3.604968796;36.70813747;0.05;False;ok;75;1;1.183;
5204;-3.554968796;36.65813747;0.1;False;ok;75;1;1.073;
5205;-3.454968796;36.65813747;0.1;False;ok;61;1;0.883;
5206;-3.354968796;36.65813747;0.1;False;ok;29;1;0.875;
5207;-3.254968796;36.65813747;0.1;False;ok;10;1;0.769;
5208;-3.154968796;36.65813747;0.1;False;ok;11;1;0.758;
5209;-3.054968796;36.65813747;0.1;False;ok;26;1;0.805;
5210;-2.954968796;36.65813747;0.1;False;ok;14;1;1.001;
5211;-2.854968796;36.65813747;0.1;False;ok;74;1;1.027;
5212;-2.654968796;36.65813747;0.05;False;ok;0;1;1.761;
5213;-2.654968796;36.70813747;0.025;False;ok;73;1;1.306;
5214;-2.629968796;36.70813747;0.025;False;ok;74;1;1.515;
5215;-2.654968796;36.73313747;0.025;False;ok;2;1;1.209;
5216;-2.629968796;36.73313747;0.025;False;ok;75;1;1.576;
5217;-6.454968796;36.75813747;0.1;False;ok;74;1;1.459;
5218;-6.354968796;36.75813747;0.0125;False;ok;4;1;1.260;
5219;-6.342468796;36.75813747;0.0125;False;ok;1;1;1.257;
5220;-6.354968796;36.77063747;0.0125;False;ok;75;1;1.552;
5221;-6.342468796;36.77063747;0.0125;False;ok;8;1;1.430;
5222;-6.329968796;36.75813747;0.025;False;ok;3;1;1.300;
5223;-6.354968796;36.78313747;0.025;False;ok;73;1;1.451;
5224;-6.329968796;36.78313747;0.025;False;ok;28;1;1.352;
5225;-6.304968796;36.75813747;0.05;False;ok;1;1;1.218;
5226;-6.354968796;36.80813747;0.05;False;ok;1;1;1.259;
5227;-6.054968796;36.75813747;0.1;False;ok;5;1;1.259;
5228;-5.954968796;36.75813747;0.1;False;ok;1;1;1.105;
5229;-5.854968796;36.75813747;0.1;False;ok;23;1;1.241;
5230;-5.754968796;36.75813747;0.1;False;ok;12;1;1.061;
5231;-5.654968796;36.75813747;0.1;False;ok;42;1;1.164;
5232;-5.554968796;36.75813747;0.1;False;ok;72;1;0.901;
5233;-5.454968796;36.75813747;0.1;False;ok;73;1;0.855;
5234;-5.354968796;36.75813747;0.1;False;ok;73;1;0.873;
5235;-5.254968796;36.75813747;0.1;False;ok;51;1;0.917;
5236;-5.154968796;36.75813747;0.1;False;ok;74;1;1.274;
5237;-5.054968796;36.75813747;0.1;False;ok;1;1;0.945;
5238;-4.954968796;36.75813747;0.1;False;ok;7;1;1.289;
5239;-4.854968796;36.75813747;0.1;False;ok;45;1;1.438;
5240;-4.754968796;36.75813747;0.1;False;ok;75;1;1.580;
5241;-4.654968796;36.75813747;0.1;False;ok;21;1;1.504;
5242;-4.554968796;36.75813747;0.1;False;ok;36;1;1.534;
5243;-4.454968796;36.75813747;0.1;False;ok;12;1;1.447;
5244;-4.354968796;36.75813747;0.1;False;ok;31;1;1.509;
5245;-4.254968796;36.75813747;0.1;False;ok;75;1;2.051;
5246;-4.154968796;36.75813747;0.1;False;ok;75;1;1.763;
5247;-4.054968796;36.75813747;0.05;False;ok;74;1;1.790;
5248;-4.004968796;36.75813747;0.05;False;ok;75;1;1.663;
5249;-4.054968796;36.80813747;0.05;False;ok;51;1;1.592;
5250;-4.004968796;36.80813747;0.025;False;ok;30;1;1.413;
5251;-3.979968796;36.80813747;0.025;False;ok;73;1;1.545;
5252;-4.004968796;36.83313747;0.025;False;ok;45;1;1.429;
5253;-3.979968796;36.83313747;0.025;False;ok;51;1;1.410;
5254;-3.954968796;36.75813747;0.025;False;ok;70;1;1.412;
5255;-3.929968796;36.75813747;0.025;False;ok;57;1;1.196;
5256;-3.954968796;36.78313747;0.025;False;ok;19;1;1.061;
5257;-3.929968796;36.78313747;0.025;False;ok;73;1;0.943;
5258;-3.904968796;36.75813747;0.0125;False;ok;29;1;0.792;
5259;-3.892468796;36.75813747;0.0125;False;ok;70;1;0.824;
5260;-3.904968796;36.77063747;0.0125;False;ok;56;1;0.910;
5261;-3.892468796;36.77063747;0.0125;False;ok;17;1;0.857;
5262;-3.879968796;36.75813747;0.0125;False;ok;75;1;0.896;
5263;-3.867468796;36.75813747;0.0125;False;ok;75;1;0.927;
5264;-3.904968796;36.78313747;0.025;False;ok;75;1;0.978;
5265;-3.954968796;36.80813747;0.05;False;ok;36;1;0.949;
5266;-3.904968796;36.80813747;0.05;False;ok;1;1;0.904;
5267;-3.854968796;36.75813747;0.1;False;ok;42;1;1.180;
5268;-3.754968796;36.75813747;0.1;False;ok;41;1;1.281;
5269;-3.654968796;36.75813747;0.1;False;ok;41;1;1.511;
5270;-3.554968796;36.75813747;0.1;False;ok;35;1;1.326;
5271;-3.454968796;36.75813747;0.1;False;ok;12;1;1.267;
5272;-3.354968796;36.75813747;0.1;False;ok;25;1;1.370;
5273;-3.254968796;36.75813747;0.1;False;ok;8;1;1.430;
5274;-3.154968796;36.75813747;0.1;False;ok;7;1;1.282;
5275;-3.054968796;36.75813747;0.1;False;ok;5;1;1.364;
5276;-2.954968796;36.75813747;0.1;False;ok;6;1;1.401;
5277;-2.854968796;36.75813747;0.1;False;ok;10;1;1.288;
5278;-2.754968796;36.75813747;0.1;False;ok;1;1;1.313;
5279;-2.654968796;36.75813747;0.05;False;ok;59;1;1.639;
5280;-2.604968796;36.75813747;0.05;False;ok;70;1;1.417;
5281;-2.654968796;36.80813747;0.05;False;ok;28;1;1.281;
5282;-2.604968796;36.80813747;0.05;False;ok;74;1;1.352;
5283;-2.554968796;36.75813747;0.1;False;ok;74;1;1.375;
5284;-2.454968796;36.75813747;0.1;False;ok;71;1;1.439;
5285;-2.354968796;36.75813747;0.1;False;ok;74;1;1.266;
5286;-6.154968796;36.85813747;0.1;False;ok;13;1;1.084;
5287;-5.854968796;36.85813747;0.1;False;ok;2;1;0.874;
5288;-5.754968796;36.85813747;0.1;False;ok;0;1;1.449;
5289;-5.654968796;36.85813747;0.1;False;ok;7;1;0.878;
5290;-5.554968796;36.85813747;0.1;False;ok;3;1;0.901;
5291;-5.454968796;36.85813747;0.1;False;ok;61;1;1.024;
5292;-5.354968796;36.85813747;0.1;False;ok;72;1;1.083;
5293;-5.254968796;36.85813747;0.1;False;ok;75;1;1.141;
5294;-5.154968796;36.85813747;0.1;False;ok;2;1;0.926;
5295;-5.054968796;36.85813747;0.1;False;ok;24;1;1.033;
5296;-4.954968796;36.85813747;0.1;False;ok;7;1;0.971;
5297;-4.854968796;36.85813747;0.1;False;ok;74;1;1.217;
5298;-4.754968796;36.85813747;0.1;False;ok;75;1;1.140;
5299;-4.654968796;36.85813747;0.1;False;ok;75;1;1.178;
5300;-4.554968796;36.85813747;0.1;False;ok;43;1;1.163;
5301;-4.454968796;36.85813747;0.1;False;ok;39;1;1.244;
5302;-4.354968796;36.85813747;0.1;False;ok;56;1;1.193;
5303;-4.254968796;36.85813747;0.1;False;ok;74;1;1.354;
5304;-4.154968796;36.85813747;0.1;False;ok;74;1;1.289;
5305;-4.054968796;36.85813747;0.1;False;ok;16;1;1.110;
5306;-3.954968796;36.85813747;0.1;False;ok;4;1;1.050;
5307;-3.654968796;36.85813747;0.1;False;ok;57;1;1.137;
5308;-3.554968796;36.85813747;0.1;False;ok;75;1;1.197;
5309;-3.454968796;36.85813747;0.1;False;ok;75;1;1.403;
5310;-3.354968796;36.85813747;0.1;False;ok;73;1;1.181;
5311;-3.254968796;36.85813747;0.1;False;ok;9;1;1.139;
5312;-3.154968796;36.85813747;0.1;False;ok;4;1;1.021;
5313;-2.754968796;36.85813747;0.1;False;ok;4;1;1.021;
5314;-2.654968796;36.85813747;0.1;False;ok;19;1;1.116;
5315;-2.454968796;36.85813747;0.1;False;ok;16;1;1.001;
5316;-2.354968796;36.85813747;0.1;False;ok;2;1;0.886;
5317;-6.654968796;36.95813747;0.1;False;ok;39;1;0.999;
5318;-6.554968796;36.95813747;0.1;False;ok;56;1;1.057;
5319;-5.954968796;36.95813747;0.1;False;ok;3;1;0.922;
5320;-5.854968796;36.95813747;0.1;False;ok;1;1;0.900;
5321;-5.654968796;36.95813747;0.1;False;ok;13;1;0.979;
5322;-5.554968796;36.95813747;0.1;False;ok;1;1;1.059;
5323;-5.454968796;36.95813747;0.1;False;ok;5;1;0.961;
5324;-5.354968796;36.95813747;0.1;False;ok;4;1;1.081;
5325;-5.254968796;36.95813747;0.1;False;ok;9;1;1.025;
5326;-5.154968796;36.95813747;0.1;False;ok;4;1;1.127;
5327;-4.954968796;36.95813747;0.1;False;ok;20;1;1.224;
5328;-4.754968796;36.95813747;0.1;False;ok;6;1;1.218;
5329;-4.654968796;36.95813747;0.1;False;ok;75;1;1.470;
5330;-4.554968796;36.95813747;0.1;False;ok;11;1;1.289;
5331;-4.454968796;36.95813747;0.1;False;ok;20;1;1.327;
5332;-4.354968796;36.95813747;0.1;False;ok;32;1;1.385;
5333;-4.254968796;36.95813747;0.1;False;ok;8;1;1.324;
5334;-4.154968796;36.95813747;0.1;False;ok;4;1;1.369;
5335;-4.054968796;36.95813747;0.1;False;ok;20;1;1.394;
5336;-3.954968796;36.95813747;0.1;False;ok;7;1;1.334;
5337;-3.654968796;36.95813747;0.1;False;ok;75;1;1.603;
5338;-3.554968796;36.95813747;0.1;False;ok;38;1;1.398;
5339;-3.454968796;36.95813747;0.1;False;ok;57;1;1.556;
5340;-3.354968796;36.95813747;0.1;False;ok;32;1;1.362;
5341;-3.254968796;36.95813747;0.1;False;ok;12;1;1.275;
5342;-3.154968796;36.95813747;0.1;False;ok;27;1;1.321;
5343;-3.054968796;36.95813747;0.1;False;ok;18;1;1.167;
5344;-2.954968796;36.95813747;0.1;False;ok;35;1;1.241;
5345;-2.854968796;36.95813747;0.1;False;ok;12;1;1.088;
5346;-2.754968796;36.95813747;0.1;False;ok;11;1;0.953;
5347;-2.654968796;36.95813747;0.1;False;ok;10;1;0.899;
5348;-2.554968796;36.95813747;0.1;False;ok;3;1;0.883;
5349;-2.454968796;36.95813747;0.1;False;ok;19;1;0.883;
5350;-6.954968796;37.05813747;0.1;False;ok;4;1;0.918;
5351;-6.854968796;37.05813747;0.1;False;ok;56;1;0.943;
5352;-6.554968796;37.05813747;0.1;False;ok;62;1;1.022;
5353;-5.954968796;37.05813747;0.1;False;ok;3;1;0.852;
5354;-5.654968796;37.05813747;0.1;False;ok;1;1;0.777;
5355;-5.554968796;37.05813747;0.1;False;ok;4;1;0.904;
5356;-5.454968796;37.05813747;0.1;False;ok;4;1;0.944;
5357;-5.254968796;37.05813747;0.1;False;ok;0;1;1.774;
5358;-5.154968796;37.05813747;0.1;False;ok;5;1;1.257;
5359;-5.054968796;37.05813747;0.1;False;ok;0;1;1.964;
5360;-4.954968796;37.05813747;0.1;False;ok;4;1;1.289;
5361;-4.854968796;37.05813747;0.1;False;ok;8;1;1.253;
5362;-4.754968796;37.05813747;0.1;False;ok;23;1;1.430;
5363;-4.654968796;37.05813747;0.1;False;ok;2;1;1.286;
5364;-4.554968796;37.05813747;0.1;False;ok;8;1;1.371;
5365;-4.454968796;37.05813747;0.1;False;ok;43;1;1.472;
5366;-4.354968796;37.05813747;0.1;False;ok;29;1;1.445;
5367;-4.254968796;37.05813747;0.1;False;ok;1;1;1.274;
5368;-4.154968796;37.05813747;0.1;False;ok;11;1;1.381;
5369;-4.054968796;37.05813747;0.1;False;ok;5;1;1.220;
5370;-3.954968796;37.05813747;0.1;False;ok;5;1;1.209;
5371;-3.754968796;37.05813747;0.1;False;ok;19;1;1.240;
5372;-3.654968796;37.05813747;0.05;False;ok;37;1;1.226;
5373;-3.604968796;37.05813747;0.05;False;ok;13;1;1.155;
5374;-3.654968796;37.10813747;0.05;False;ok;54;1;1.356;
5375;-3.604968796;37.10813747;0.05;False;ok;72;1;1.296;
5376;-3.554968796;37.05813747;0.1;False;ok;74;1;1.347;
5377;-3.404968796;37.08938747;0.00625;False;ok;45;1;0.867;
5378;-3.398718796;37.08938747;0.003125;False;ok;7;1;0.723;
5379;-3.398718796;37.09251247;0.003125;False;ok;74;1;0.902;
5380;-3.395593796;37.09251247;0.003125;False;ok;47;1;0.830;
5381;-3.392468796;37.08313747;0.0125;False;ok;11;1;1.056;
5382;-3.404968796;37.09563747;0.00625;False;ok;7;1;0.886;
5383;-3.398718796;37.09563747;0.003125;False;ok;72;1;1.083;
5384;-3.395593796;37.09563747;0.003125;False;ok;69;1;1.204;
5385;-3.398718796;37.09876247;0.003125;False;ok;0;1;1.803;
5386;-3.395593796;37.09876247;0.003125;False;ok;5;1;1.292;
5387;-3.398718796;37.10188747;0.00625;False;ok;1;1;1.119;
5388;-3.392468796;37.09563747;0.0125;False;ok;1;1;1.161;
5389;-3.454968796;37.10813747;0.05;False;ok;25;1;1.294;
5390;-3.254968796;37.05813747;0.1;False;ok;1;1;1.131;
5391;-2.854968796;37.05813747;0.1;False;ok;8;1;1.386;
5392;-2.754968796;37.05813747;0.1;False;ok;0;1;1.964;
5393;-2.554968796;37.05813747;0.1;False;ok;3;1;1.174;
5394;-2.454968796;37.05813747;0.1;False;ok;12;1;1.386;
5395;-2.354968796;37.05813747;0.1;False;ok;7;1;1.269;
5396;-7.429968796;37.18313747;0.025;True;ok;0;1;1.506;
5397;-7.404968796;37.15813747;0.05;False;ok;74;1;1.477;
5398;-7.454968796;37.20813747;0.05;True;ok;73;1;1.380;
5399;-7.404968796;37.20813747;0.05;False;ok;49;1;1.336;
5400;-7.354968796;37.15813747;0.1;False;ok;74;1;1.427;
5401;-7.254968796;37.15813747;0.05;False;ok;63;1;1.169;
5402;-7.204968796;37.15813747;0.05;False;ok;1;1;0.873;
5403;-7.254968796;37.20813747;0.05;False;ok;72;1;1.173;
5404;-7.204968796;37.20813747;0.05;False;ok;8;1;1.072;
5405;-7.154968796;37.15813747;0.1;False;ok;70;1;1.047;
5406;-7.054968796;37.15813747;0.1;False;ok;72;1;1.094;
5407;-6.954968796;37.15813747;0.1;False;ok;68;1;1.008;
5408;-6.854968796;37.15813747;0.1;False;ok;1;1;0.825;
5409;-6.554968796;37.15813747;0.1;False;ok;6;1;0.805;
5410;-6.354968796;37.15813747;0.1;False;ok;8;1;0.857;
5411;-6.254968796;37.15813747;0.1;False;ok;0;1;1.497;
5412;-6.054968796;37.15813747;0.1;False;ok;1;1;0.809;
5413;-5.954968796;37.15813747;0.1;False;ok;6;1;0.895;
5414;-5.854968796;37.15813747;0.1;False;ok;23;1;0.907;
5415;-5.654968796;37.15813747;0.1;False;ok;0;1;1.720;
5416;-5.554968796;37.15813747;0.1;False;ok;4;1;1.200;
5417;-5.454968796;37.15813747;0.1;False;ok;5;1;1.209;
5418;-5.354968796;37.15813747;0.1;False;ok;38;1;1.308;
5419;-5.154968796;37.15813747;0.1;False;ok;15;1;1.296;
5420;-4.954968796;37.15813747;0.1;False;ok;4;1;1.236;
5421;-4.854968796;37.15813747;0.1;False;ok;19;1;1.391;
5422;-4.654968796;37.15813747;0.1;False;ok;2;1;1.303;
5423;-4.554968796;37.15813747;0.1;False;ok;10;1;1.369;
5424;-4.454968796;37.15813747;0.1;False;ok;21;1;1.371;
5425;-4.354968796;37.15813747;0.1;False;ok;35;1;1.419;
5426;-4.254968796;37.15813747;0.1;False;ok;13;1;1.354;
5427;-4.154968796;37.15813747;0.1;False;ok;7;1;1.353;
5428;-4.054968796;37.15813747;0.1;False;ok;6;1;1.318;
5429;-3.954968796;37.15813747;0.1;False;ok;6;1;1.230;
5430;-3.854968796;37.15813747;0.1;False;ok;11;1;1.330;
5431;-3.754968796;37.15813747;0.1;False;ok;47;1;1.349;
5432;-3.654968796;37.15813747;0.05;False;ok;75;1;1.394;
5433;-3.604968796;37.15813747;0.0125;False;ok;74;1;1.490;
5434;-3.592468796;37.15813747;0.0125;False;ok;46;1;1.016;
5435;-3.604968796;37.17063747;0.003125;False;ok;60;1;0.994;
5436;-3.601843796;37.17063747;0.003125;False;ok;48;1;1.000;
5437;-3.604968796;37.17376247;0.003125;False;ok;74;1;0.987;
5438;-3.601843796;37.17376247;0.003125;False;ok;75;1;1.102;
5439;-3.598718796;37.17063747;0.003125;False;ok;75;1;1.115;
5440;-3.595593796;37.17063747;0.003125;False;ok;46;1;1.163;
5441;-3.598718796;37.17376247;0.003125;False;ok;75;1;1.324;
5442;-3.595593796;37.17376247;0.003125;False;ok;67;1;1.260;
5443;-3.604968796;37.17688747;0.003125;False;ok;39;1;1.264;
5444;-3.601843796;37.17688747;0.003125;False;ok;75;1;1.317;
5445;-3.604968796;37.18001247;0.003125;False;ok;22;1;1.215;
5446;-3.601843796;37.18001247;0.003125;False;ok;74;1;1.317;
5447;-3.598718796;37.17688747;0.003125;False;ok;75;1;1.404;
5448;-3.595593796;37.17688747;0.003125;False;ok;74;1;1.470;
5449;-3.598718796;37.18001247;0.003125;False;ok;45;1;1.306;
5450;-3.595593796;37.18001247;0.003125;False;ok;28;1;1.280;
5451;-3.592468796;37.17063747;0.0125;False;ok;75;1;1.441;
5452;-3.579968796;37.15813747;0.025;False;ok;13;1;1.076;
5453;-3.604968796;37.18313747;0.025;False;ok;74;1;1.297;
5454;-3.654968796;37.20813747;0.05;False;ok;32;1;1.087;
5455;-3.604968796;37.20813747;0.05;False;ok;35;1;1.078;
5456;-3.554968796;37.15813747;0.1;False;ok;70;1;1.162;
5457;-3.454968796;37.15813747;0.1;False;ok;45;1;1.091;
5458;-3.254968796;37.15813747;0.1;False;ok;15;1;0.942;
5459;-3.154968796;37.15813747;0.1;False;ok;16;1;0.896;
5460;-3.054968796;37.15813747;0.1;False;ok;0;1;1.472;
5461;-2.954968796;37.15813747;0.1;False;ok;0;1;1.611;
5462;-2.754968796;37.15813747;0.1;False;ok;2;1;0.831;
5463;-2.454968796;37.15813747;0.1;False;ok;2;1;0.756;
5464;-2.354968796;37.15813747;0.1;False;ok;1;1;0.807;
5465;-7.454968796;37.25813747;0.1;True;ok;48;1;1.046;
5466;-7.354968796;37.25813747;0.1;False;ok;8;1;1.106;
5467;-7.254968796;37.25813747;0.1;False;ok;8;1;1.151;
5468;-7.154968796;37.25813747;0.1;False;ok;9;1;1.205;
5469;-7.054968796;37.25813747;0.1;False;ok;18;1;1.168;
5470;-6.954968796;37.25813747;0.1;False;ok;38;1;1.230;
5471;-6.854968796;37.25813747;0.1;False;ok;17;1;1.259;
5472;-6.754968796;37.25813747;0.1;False;ok;4;1;1.256;
5473;-6.654968796;37.25813747;0.1;False;ok;3;1;1.237;
5474;-6.554968796;37.25813747;0.1;False;ok;10;1;1.340;
5475;-6.454968796;37.25813747;0.1;False;ok;9;1;1.263;
5476;-6.354968796;37.25813747;0.1;False;ok;7;1;1.314;
5477;-6.254968796;37.25813747;0.1;False;ok;20;1;1.395;
5478;-6.154968796;37.25813747;0.1;False;ok;37;1;1.356;
5479;-6.054968796;37.25813747;0.1;False;ok;74;1;1.547;
5480;-5.954968796;37.25813747;0.1;False;ok;54;1;1.287;
5481;-5.854968796;37.25813747;0.1;False;ok;35;1;1.206;
5482;-5.554968796;37.25813747;0.1;False;ok;5;1;1.058;
5483;-5.454968796;37.25813747;0.1;False;ok;19;1;0.948;
5484;-5.254968796;37.25813747;0.1;False;ok;10;1;0.946;
5485;-4.954968796;37.25813747;0.1;False;ok;2;1;0.910;
5486;-4.854968796;37.25813747;0.1;False;ok;4;1;0.959;
5487;-4.754968796;37.25813747;0.1;False;ok;2;1;0.918;
5488;-4.554968796;37.25813747;0.1;False;ok;3;1;0.890;
5489;-4.454968796;37.25813747;0.1;False;ok;25;1;1.047;
5490;-4.354968796;37.25813747;0.1;False;ok;43;1;1.216;
5491;-4.254968796;37.25813747;0.1;False;ok;27;1;1.114;
5492;-4.154968796;37.25813747;0.1;False;ok;19;1;1.199;
5493;-4.054968796;37.25813747;0.1;False;ok;38;1;1.365;
5494;-3.954968796;37.25813747;0.1;False;ok;23;1;1.341;
5495;-3.854968796;37.25813747;0.1;False;ok;15;1;1.243;
5496;-3.754968796;37.25813747;0.1;False;ok;6;1;1.297;
5497;-3.654968796;37.25813747;0.1;False;ok;6;1;1.331;
5498;-3.354968796;37.25813747;0.1;False;ok;6;1;1.335;
5499;-3.254968796;37.25813747;0.1;False;ok;24;1;1.452;
5500;-3.154968796;37.25813747;0.1;False;ok;65;1;1.521;
5501;-2.554968796;37.25813747;0.1;False;ok;7;1;1.306;
5502;-2.454968796;37.25813747;0.1;False;ok;11;1;1.379;
5503;-2.354968796;37.25813747;0.1;False;ok;50;1;1.467;
5504;-7.254968796;37.35813747;0.1;False;ok;1;1;1.320;
5505;-7.154968796;37.35813747;0.1;False;ok;3;1;1.347;
5506;-7.054968796;37.35813747;0.1;False;ok;4;1;1.298;
5507;-6.854968796;37.35813747;0.1;False;ok;5;1;1.253;
5508;-6.754968796;37.35813747;0.1;False;ok;3;1;1.323;
5509;-6.554968796;37.35813747;0.1;False;ok;8;1;1.129;
5510;-6.454968796;37.35813747;0.1;False;ok;6;1;1.097;
5511;-6.254968796;37.35813747;0.1;False;ok;27;1;1.184;
5512;-6.154968796;37.35813747;0.1;False;ok;74;1;1.346;
5513;-6.054968796;37.35813747;0.05;False;ok;74;1;1.275;
5514;-5.992468796;37.35813747;0.0125;False;ok;13;1;0.979;
5515;-6.004968796;37.37063747;0.00625;False;ok;30;1;1.012;
5516;-5.998718796;37.37063747;0.00625;False;ok;29;1;1.018;
5517;-6.004968796;37.37688747;0.00625;False;ok;74;1;1.328;
5518;-5.998718796;37.37688747;0.00625;False;ok;43;1;1.207;
5519;-5.992468796;37.37063747;0.0125;False;ok;74;1;1.342;
5520;-5.979968796;37.35813747;0.025;False;ok;75;1;1.334;
5521;-6.004968796;37.38313747;0.00625;False;ok;74;1;1.502;
5522;-5.998718796;37.38313747;0.003125;False;ok;75;1;1.413;
5523;-5.995593796;37.38313747;0.003125;False;ok;62;1;1.423;
5524;-5.998718796;37.38626247;0.003125;False;ok;75;1;1.552;
5525;-5.995593796;37.38626247;0.003125;False;ok;75;1;1.643;
5526;-6.004968796;37.38938747;0.00625;False;ok;74;1;1.536;
5527;-5.998718796;37.38938747;0.003125;False;ok;75;1;1.570;
5528;-5.995593796;37.38938747;0.003125;False;ok;75;1;1.516;
5529;-5.998718796;37.39251247;0.003125;False;ok;47;1;1.399;
5530;-5.995593796;37.39251247;0.003125;False;ok;74;1;1.392;
5531;-5.992468796;37.38313747;0.003125;False;ok;75;1;1.316;
5532;-5.989343796;37.38313747;0.003125;False;ok;51;1;1.217;
5533;-5.992468796;37.38626247;0.003125;False;ok;75;1;1.266;
5534;-5.989343796;37.38626247;0.003125;False;ok;74;1;1.258;
5535;-5.986218796;37.38313747;0.00625;False;ok;75;1;1.182;
5536;-5.992468796;37.38938747;0.003125;False;ok;75;1;1.111;
5537;-5.989343796;37.38938747;0.003125;False;ok;75;1;1.024;
5538;-5.992468796;37.39251247;0.003125;False;ok;64;1;0.910;
5539;-5.989343796;37.39251247;0.003125;False;ok;75;1;0.891;
5540;-5.986218796;37.38938747;0.00625;False;ok;75;1;0.932;
5541;-6.004968796;37.39563747;0.00625;False;ok;42;1;0.810;
5542;-5.998718796;37.39563747;0.003125;False;ok;74;1;0.874;
5543;-5.995593796;37.39563747;0.003125;False;ok;74;1;0.964;
5544;-5.998718796;37.39876247;0.003125;False;ok;53;1;1.027;
5545;-5.995593796;37.39876247;0.003125;False;ok;75;1;1.194;
5546;-5.998718796;37.40188747;0.00625;False;ok;35;1;1.247;
5547;-5.992468796;37.39563747;0.003125;False;ok;75;1;1.265;
5548;-5.989343796;37.39563747;0.003125;False;ok;64;1;1.285;
5549;-5.992468796;37.39876247;0.003125;False;ok;75;1;1.313;
5550;-5.989343796;37.39876247;0.003125;False;ok;62;1;1.374;
5551;-5.986218796;37.39563747;0.00625;False;ok;73;1;1.368;
5552;-5.992468796;37.40188747;0.00625;False;ok;70;1;1.461;
5553;-5.986218796;37.40188747;0.00625;False;ok;31;1;1.391;
5554;-5.979968796;37.38313747;0.025;False;ok;74;1;1.600;
5555;-6.054968796;37.40813747;0.05;False;ok;26;1;1.508;
5556;-6.004968796;37.40813747;0.05;False;ok;49;1;1.417;
5557;-5.954968796;37.35813747;0.1;False;ok;73;1;1.420;
5558;-5.854968796;37.35813747;0.1;False;ok;15;1;1.261;
5559;-5.754968796;37.35813747;0.1;False;ok;9;1;1.286;
5560;-5.554968796;37.35813747;0.1;False;ok;0;1;1.861;
5561;-5.354968796;37.35813747;0.1;False;ok;0;1;1.841;
5562;-4.854968796;37.35813747;0.1;False;ok;12;1;1.045;
5563;-4.754968796;37.35813747;0.1;False;ok;4;1;0.929;
5564;-4.654968796;37.35813747;0.1;False;ok;12;1;0.961;
5565;-4.554968796;37.35813747;0.1;False;ok;41;1;0.884;
5566;-4.454968796;37.35813747;0.1;False;ok;9;1;0.828;
5567;-4.354968796;37.35813747;0.1;False;ok;27;1;0.998;
5568;-4.254968796;37.35813747;0.1;False;ok;54;1;0.884;
5569;-4.154968796;37.35813747;0.1;False;ok;24;1;0.893;
5570;-4.054968796;37.35813747;0.1;False;ok;8;1;0.867;
5571;-3.954968796;37.35813747;0.1;False;ok;10;1;0.892;
5572;-3.854968796;37.35813747;0.1;False;ok;19;1;1.046;
5573;-3.754968796;37.35813747;0.1;False;ok;3;1;0.942;
5574;-3.654968796;37.35813747;0.1;False;ok;0;1;1.798;
5575;-3.254968796;37.35813747;0.1;False;ok;8;1;1.077;
5576;-3.054968796;37.35813747;0.1;False;ok;6;1;1.227;
5577;-2.954968796;37.35813747;0.1;False;ok;5;1;1.169;
5578;-2.754968796;37.35813747;0.1;False;ok;3;1;1.135;
5579;-2.654968796;37.35813747;0.1;False;ok;0;1;1.915;
5580;-2.354968796;37.35813747;0.1;False;ok;4;1;1.193;
5581;-7.554968796;37.45813747;0.1;True;ok;20;1;1.212;
5582;-7.354968796;37.45813747;0.1;False;ok;2;1;1.153;
5583;-6.254968796;37.45813747;0.1;False;ok;15;1;1.151;
5584;-6.154968796;37.45813747;0.1;False;ok;3;1;1.133;
5585;-6.054968796;37.45813747;0.1;False;ok;25;1;1.159;
5586;-5.954968796;37.45813747;0.1;False;ok;10;1;1.146;
5587;-5.854968796;37.45813747;0.1;False;ok;3;1;1.127;
5588;-5.754968796;37.45813747;0.1;False;ok;10;1;1.137;
5589;-5.654968796;37.45813747;0.1;False;ok;44;1;1.326;
5590;-5.354968796;37.45813747;0.1;False;ok;9;1;1.118;
5591;-5.254968796;37.45813747;0.1;False;ok;2;1;1.054;
5592;-5.154968796;37.45813747;0.1;False;ok;37;1;1.176;
5593;-4.654968796;37.45813747;0.1;False;ok;7;1;1.046;
5594;-4.554968796;37.45813747;0.1;False;ok;7;1;0.945;
5595;-4.454968796;37.45813747;0.1;False;ok;17;1;1.008;
5596;-4.354968796;37.45813747;0.1;False;ok;42;1;1.102;
5597;-4.254968796;37.45813747;0.1;False;ok;29;1;1.085;
5598;-4.154968796;37.45813747;0.1;False;ok;14;1;1.068;
5599;-4.054968796;37.45813747;0.1;False;ok;13;1;1.082;
5600;-3.954968796;37.45813747;0.1;False;ok;28;1;1.116;
5601;-3.854968796;37.45813747;0.1;False;ok;10;1;1.113;
5602;-3.654968796;37.45813747;0.1;False;ok;8;1;1.075;
5603;-3.554968796;37.45813747;0.1;False;ok;0;1;1.985;
5604;-3.354968796;37.45813747;0.1;False;ok;0;1;1.963;
5605;-3.154968796;37.45813747;0.1;False;ok;1;1;1.181;
5606;-3.054968796;37.45813747;0.1;False;ok;14;1;1.286;
5607;-2.954968796;37.45813747;0.1;False;ok;17;1;1.248;
5608;-2.854968796;37.45813747;0.1;False;ok;18;1;1.272;
5609;-2.754968796;37.45813747;0.1;False;ok;23;1;1.427;
5610;-2.654968796;37.45813747;0.1;False;ok;2;1;1.290;
5611;-2.554968796;37.45813747;0.1;False;ok;0;1;1.998;
5612;-2.354968796;37.45813747;0.1;False;ok;5;1;1.295;
5613;-7.454968796;37.55813747;0.1;False;ok;1;1;1.354;
5614;-6.854968796;37.55813747;0.1;False;ok;0;1;2.059;
5615;-6.754968796;37.55813747;0.1;False;ok;3;1;1.174;
5616;-6.554968796;37.55813747;0.1;False;ok;2;1;1.138;
5617;-6.354968796;37.55813747;0.1;False;ok;4;1;1.191;
5618;-6.254968796;37.55813747;0.1;False;ok;7;1;1.191;
5619;-6.154968796;37.55813747;0.1;False;ok;19;1;1.177;
5620;-5.954968796;37.55813747;0.1;False;ok;3;1;1.069;
5621;-5.854968796;37.55813747;0.1;False;ok;14;1;1.061;
5622;-5.754968796;37.55813747;0.1;False;ok;10;1;1.005;
5623;-5.654968796;37.55813747;0.1;False;ok;0;1;1.607;
5624;-5.554968796;37.55813747;0.1;False;ok;7;1;0.811;
5625;-5.154968796;37.55813747;0.1;False;ok;1;1;0.754;
5626;-5.054968796;37.55813747;0.1;False;ok;7;1;0.884;
5627;-4.954968796;37.55813747;0.1;False;ok;8;1;0.816;
5628;-4.854968796;37.55813747;0.1;False;ok;3;1;0.738;
5629;-4.754968796;37.55813747;0.1;False;ok;21;1;0.910;
5630;-4.654968796;37.55813747;0.1;False;ok;19;1;1.038;
5631;-4.354968796;37.55813747;0.1;False;ok;52;1;1.057;
5632;-4.254968796;37.55813747;0.1;False;ok;1;1;0.986;
5633;-4.154968796;37.55813747;0.1;False;ok;11;1;1.150;
5634;-4.054968796;37.55813747;0.1;False;ok;2;1;1.152;
5635;-3.954968796;37.55813747;0.1;False;ok;8;1;1.143;
5636;-3.854968796;37.55813747;0.1;False;ok;5;1;1.224;
5637;-3.654968796;37.55813747;0.1;False;ok;6;1;1.264;
5638;-3.554968796;37.55813747;0.1;False;ok;10;1;1.220;
5639;-3.054968796;37.55813747;0.1;False;ok;1;1;1.099;
5640;-2.954968796;37.55813747;0.1;False;ok;8;1;1.200;
5641;-2.854968796;37.55813747;0.1;False;ok;6;1;1.222;
5642;-2.754968796;37.55813747;0.1;False;ok;9;1;1.249;
5643;-2.654968796;37.55813747;0.1;False;ok;3;1;1.180;
5644;-2.554968796;37.55813747;0.1;False;ok;1;1;1.156;
5645;-2.454968796;37.55813747;0.1;False;ok;1;1;1.112;
5646;-2.354968796;37.55813747;0.1;False;ok;0;1;1.833;
5647;-6.954968796;37.65813747;0.1;False;ok;3;1;1.143;
5648;-6.754968796;37.65813747;0.1;False;ok;1;1;1.157;
5649;-6.654968796;37.65813747;0.1;False;ok;4;1;1.075;
5650;-6.554968796;37.65813747;0.1;False;ok;2;1;1.075;
5651;-6.454968796;37.65813747;0.1;False;ok;0;1;1.857;
5652;-6.354968796;37.65813747;0.1;False;ok;13;1;1.167;
5653;-6.254968796;37.65813747;0.1;False;ok;21;1;1.270;
5654;-6.154968796;37.65813747;0.1;False;ok;9;1;1.360;
5655;-6.054968796;37.65813747;0.1;False;ok;11;1;1.255;
5656;-5.654968796;37.65813747;0.1;False;ok;2;1;1.215;
5657;-5.554968796;37.65813747;0.1;False;ok;5;1;1.305;
5658;-5.354968796;37.65813747;0.1;False;ok;26;1;1.365;
5659;-5.154968796;37.65813747;0.1;False;ok;7;1;1.303;
5660;-4.954968796;37.65813747;0.1;False;ok;13;1;1.447;
5661;-4.654968796;37.65813747;0.1;False;ok;3;1;1.158;
5662;-4.554968796;37.65813747;0.1;False;ok;6;1;1.272;
5663;-4.154968796;37.65813747;0.1;False;ok;1;1;1.154;
5664;-4.054968796;37.65813747;0.1;False;ok;17;1;1.225;
5665;-3.854968796;37.65813747;0.1;False;ok;5;1;1.191;
5666;-3.754968796;37.65813747;0.1;False;ok;9;1;1.264;
5667;-3.654968796;37.65813747;0.1;False;ok;28;1;1.154;
5668;-3.554968796;37.65813747;0.1;False;ok;3;1;0.946;
5669;-3.454968796;37.65813747;0.1;False;ok;4;1;0.933;
5670;-3.354968796;37.65813747;0.1;False;ok;1;1;0.868;
5671;-3.054968796;37.65813747;0.1;False;ok;36;1;1.018;
5672;-2.954968796;37.65813747;0.1;False;ok;61;1;1.011;
5673;-2.854968796;37.65813747;0.1;False;ok;7;1;0.765;
5674;-2.754968796;37.65813747;0.1;False;ok;6;1;0.899;
5675;-2.654968796;37.65813747;0.1;False;ok;4;1;1.053;
5676;-2.554968796;37.65813747;0.1;False;ok;22;1;1.178;
5677;-2.454968796;37.65813747;0.1;False;ok;3;1;1.174;
5678;-6.754968796;37.75813747;0.1;False;ok;3;1;1.211;
5679;-6.554968796;37.75813747;0.1;False;ok;2;1;1.290;
5680;-6.454968796;37.75813747;0.1;False;ok;14;1;1.451;
5681;-6.354968796;37.75813747;0.1;False;ok;12;1;1.467;
5682;-5.854968796;37.75813747;0.1;False;ok;8;1;1.322;
5683;-5.754968796;37.75813747;0.1;False;ok;1;1;1.436;
5684;-5.454968796;37.75813747;0.1;False;ok;29;1;1.517;
5685;-5.354968796;37.75813747;0.1;False;ok;8;1;1.463;
5686;-5.254968796;37.75813747;0.1;False;ok;28;1;1.513;
5687;-5.154968796;37.75813747;0.1;False;ok;15;1;1.492;
5688;-5.054968796;37.75813747;0.1;False;ok;45;1;1.504;
5689;-4.954968796;37.75813747;0.1;False;ok;12;1;1.418;
5690;-4.854968796;37.75813747;0.1;False;ok;1;1;1.343;
5691;-4.254968796;37.75813747;0.1;False;ok;1;1;1.292;
5692;-3.954968796;37.75813747;0.1;False;ok;9;1;1.210;
5693;-3.854968796;37.75813747;0.1;False;ok;75;1;1.443;
5694;-3.754968796;37.75813747;0.1;False;ok;6;1;1.107;
5695;-3.654968796;37.75813747;0.1;False;ok;10;1;1.075;
5696;-3.554968796;37.75813747;0.1;False;ok;25;1;0.952;
5697;-3.454968796;37.75813747;0.1;False;ok;17;1;0.912;
5698;-3.154968796;37.75813747;0.1;False;ok;27;1;0.959;
5699;-3.054968796;37.75813747;0.1;False;ok;7;1;0.732;
5700;-2.954968796;37.75813747;0.1;False;ok;6;1;0.857;
5701;-2.854968796;37.75813747;0.1;False;ok;57;1;1.045;
5702;-2.754968796;37.75813747;0.1;False;ok;7;1;1.115;
5703;-2.654968796;37.75813747;0.1;False;ok;1;1;1.058;
5704;-2.554968796;37.75813747;0.1;False;ok;20;1;1.172;
5705;-7.054968796;37.85813747;0.1;False;ok;5;1;1.302;
5706;-6.854968796;37.85813747;0.1;False;ok;28;1;1.268;
5707;-6.754968796;37.85813747;0.1;False;ok;73;1;1.479;
5708;-6.654968796;37.85813747;0.1;False;ok;74;1;1.480;
5709;-6.554968796;37.85813747;0.1;False;ok;44;1;1.350;
5710;-6.454968796;37.85813747;0.1;False;ok;1;1;1.301;
5711;-6.354968796;37.85813747;0.1;False;ok;1;1;1.314;
5712;-6.254968796;37.85813747;0.1;False;ok;16;1;1.406;
5713;-6.154968796;37.85813747;0.1;False;ok;12;1;1.375;
5714;-5.954968796;37.85813747;0.1;False;ok;1;1;1.269;
5715;-5.854968796;37.85813747;0.1;False;ok;53;1;1.360;
5716;-5.754968796;37.85813747;0.1;False;ok;17;1;1.360;
5717;-5.654968796;37.85813747;0.1;False;ok;42;1;1.403;
5718;-5.554968796;37.85813747;0.1;False;ok;4;1;1.246;
5719;-5.054968796;37.85813747;0.1;False;ok;5;1;1.229;
5720;-4.954968796;37.85813747;0.1;False;ok;11;1;2.059;
5721;-4.854968796;37.85813747;0.05;False;ok;3;1;0.973;
5722;-4.804968796;37.85813747;0.0125;False;ok;0;1;1.713;
5723;-4.792468796;37.85813747;0.0125;False;ok;15;1;1.005;
5724;-4.804968796;37.87063747;0.0125;False;ok;7;1;0.845;
5725;-4.792468796;37.87063747;0.00625;False;ok;2;1;0.840;
5726;-4.786218796;37.87063747;0.00625;False;ok;49;1;1.014;
5727;-4.792468796;37.87688747;0.00625;False;ok;75;1;1.212;
5728;-4.786218796;37.87688747;0.003125;False;ok;43;1;1.154;
5729;-4.783093796;37.87688747;0.003125;False;ok;53;1;1.250;
5730;-4.786218796;37.88001247;0.003125;False;ok;20;1;1.250;
5731;-4.783093796;37.88001247;0.003125;False;ok;75;1;1.423;
5732;-4.779968796;37.85813747;0.0125;False;ok;21;1;1.419;
5733;-4.779968796;37.87063747;0.00625;False;ok;74;1;1.497;
5734;-4.773718796;37.87063747;0.00625;False;ok;15;1;1.185;
5735;-4.779968796;37.87688747;0.00625;False;ok;75;1;1.398;
5736;-4.773718796;37.87688747;0.00625;False;ok;75;1;1.403;
5737;-4.767468796;37.87063747;0.0125;False;ok;27;1;1.288;
5738;-4.804968796;37.88313747;0.025;False;ok;74;1;1.501;
5739;-4.779968796;37.88313747;0.00625;False;ok;75;1;1.459;
5740;-4.773718796;37.88313747;0.00625;False;ok;75;1;1.396;
5741;-4.779968796;37.88938747;0.00625;False;ok;37;1;1.191;
5742;-4.773718796;37.88938747;0.00625;False;ok;36;1;1.085;
5743;-4.767468796;37.88313747;0.0125;False;ok;36;1;1.055;
5744;-4.767468796;37.89563747;0.0125;False;ok;3;1;0.839;
5745;-4.854968796;37.90813747;0.05;False;ok;10;1;0.797;
5746;-4.804968796;37.90813747;0.05;False;ok;24;1;0.800;
5747;-4.754968796;37.85813747;0.1;False;ok;22;1;0.763;
5748;-4.654968796;37.85813747;0.1;False;ok;4;1;0.857;
5749;-4.554968796;37.85813747;0.1;False;ok;4;1;0.707;
5750;-4.454968796;37.85813747;0.1;False;ok;2;1;0.675;
5751;-4.354968796;37.85813747;0.1;False;ok;1;1;0.637;
5752;-4.254968796;37.85813747;0.1;False;ok;3;1;0.856;
5753;-4.154968796;37.85813747;0.1;False;ok;5;1;1.042;
5754;-4.054968796;37.85813747;0.1;False;ok;3;1;1.033;
5755;-3.854968796;37.85813747;0.1;False;ok;1;1;1.282;
5756;-3.654968796;37.85813747;0.1;False;ok;0;1;2.088;
5757;-3.154968796;37.85813747;0.1;False;ok;8;1;1.285;
5758;-3.004968796;37.85813747;0.05;False;ok;27;1;1.460;
5759;-3.054968796;37.90813747;0.05;False;ok;48;1;1.513;
5760;-3.004968796;37.90813747;0.0125;False;ok;74;1;1.586;
5761;-2.992468796;37.90813747;0.0125;False;ok;3;1;1.391;
5762;-3.004968796;37.92063747;0.0125;False;ok;7;1;1.469;
5763;-2.992468796;37.92063747;0.0125;False;ok;27;1;1.536;
5764;-2.979968796;37.90813747;0.025;False;ok;5;1;1.427;
5765;-3.004968796;37.93313747;0.025;False;ok;4;1;1.464;
5766;-2.979968796;37.93313747;0.025;False;ok;28;1;1.530;
5767;-2.954968796;37.85813747;0.1;False;ok;74;1;1.534;
5768;-2.754968796;37.85813747;0.1;False;ok;4;1;1.420;
5769;-2.454968796;37.85813747;0.1;False;ok;11;1;1.401;
5770;-7.254968796;37.95813747;0.1;True;ok;2;1;1.396;
5771;-6.954968796;37.95813747;0.1;False;ok;0;1;1.968;
5772;-6.854968796;37.95813747;0.1;False;ok;4;1;1.095;
5773;-6.754968796;37.95813747;0.1;False;ok;4;1;0.854;
5774;-6.654968796;37.95813747;0.1;False;ok;4;1;0.861;
5775;-6.454968796;37.95813747;0.1;False;ok;3;1;0.633;
5776;-6.354968796;37.95813747;0.1;False;ok;5;1;0.747;
5777;-6.254968796;37.95813747;0.1;False;ok;1;1;0.654;
5778;-5.954968796;37.95813747;0.1;False;ok;1;1;0.628;
5779;-5.854968796;37.95813747;0.1;False;ok;1;1;0.838;
5780;-5.754968796;37.95813747;0.1;False;ok;6;1;0.937;
5781;-5.654968796;37.95813747;0.1;False;ok;7;1;1.124;
5782;-5.054968796;37.95813747;0.1;False;ok;5;1;1.146;
5783;-4.954968796;37.95813747;0.1;False;ok;3;1;1.323;
5784;-4.854968796;37.95813747;0.1;False;ok;33;1;1.534;
5785;-4.754968796;37.95813747;0.1;False;ok;0;1;2.139;
5786;-4.554968796;37.95813747;0.1;False;ok;10;1;1.443;
5787;-4.354968796;37.95813747;0.1;False;ok;3;1;1.448;
5788;-4.254968796;37.95813747;0.1;False;ok;10;1;1.442;
5789;-4.154968796;37.95813747;0.1;False;ok;24;1;1.576;
5790;-4.054968796;37.95813747;0.1;False;ok;17;1;1.537;
5791;-3.854968796;37.95813747;0.1;False;ok;2;1;1.432;
5792;-3.554968796;37.95813747;0.1;False;ok;75;1;1.616;
5793;-3.454968796;37.95813747;0.1;False;ok;75;1;1.628;
5794;-3.354968796;37.95813747;0.1;False;ok;5;1;1.348;
5795;-3.154968796;37.95813747;0.1;False;ok;7;1;1.340;
5796;-2.954968796;37.95813747;0.1;False;ok;19;1;1.366;
5797;-2.854968796;37.95813747;0.1;False;ok;10;1;1.397;
5798;-2.654968796;37.95813747;0.1;False;ok;3;1;1.169;
5799;-2.554968796;37.95813747;0.1;False;ok;4;1;1.132;
5800;-6.954968796;38.05813747;0.1;False;ok;8;1;1.103;
5801;-6.754968796;38.05813747;0.1;False;ok;5;1;0.882;
5802;-6.654968796;38.05813747;0.1;False;ok;6;1;0.844;
5803;-6.554968796;38.05813747;0.1;False;ok;24;1;0.797;
5804;-6.454968796;38.05813747;0.1;False;ok;6;1;0.725;
5805;-6.354968796;38.05813747;0.1;False;ok;20;1;1.407;
5806;-6.254968796;38.05813747;0.1;False;ok;1;1;0.895;
5807;-5.854968796;38.05813747;0.1;False;ok;17;1;1.290;
5808;-5.054968796;38.05813747;0.1;False;ok;1;1;1.016;
5809;-4.954968796;38.05813747;0.1;False;ok;7;1;1.230;
5810;-4.454968796;38.05813747;0.1;False;ok;0;1;2.052;
5811;-4.354968796;38.05813747;0.1;False;ok;0;1;2.043;
5812;-4.054968796;38.05813747;0.1;False;ok;12;1;1.458;
5813;-3.954968796;38.05813747;0.1;False;ok;1;1;1.318;
5814;-3.854968796;38.05813747;0.1;False;ok;6;1;1.413;
5815;-3.754968796;38.05813747;0.1;False;ok;1;1;1.303;
5816;-3.654968796;38.05813747;0.1;False;ok;39;1;1.426;
5817;-3.554968796;38.05813747;0.1;False;ok;4;1;1.342;
5818;-3.354968796;38.05813747;0.1;False;ok;10;1;1.380;
5819;-3.254968796;38.05813747;0.1;False;ok;1;1;1.456;
5820;-3.154968796;38.05813747;0.1;False;ok;4;1;1.379;
5821;-3.054968796;38.05813747;0.1;False;ok;22;1;1.471;
5822;-2.854968796;38.05813747;0.1;False;ok;3;1;1.130;
5823;-2.754968796;38.05813747;0.1;False;ok;21;1;1.283;
5824;-2.654968796;38.05813747;0.1;False;ok;8;1;1.319;
5825;-2.454968796;38.05813747;0.1;False;ok;1;1;1.062;
5826;-2.354968796;38.05813747;0.1;False;ok;6;1;0.958;
5827;-7.154968796;38.15813747;0.1;False;ok;1;1;0.706;
5828;-6.754968796;38.15813747;0.1;False;ok;6;1;0.686;
5829;-6.354968796;38.15813747;0.1;False;ok;2;1;0.851;
5830;-6.054968796;38.15813747;0.1;False;ok;6;1;0.771;
5831;-5.954968796;38.15813747;0.1;False;ok;1;1;0.705;
5832;-5.454968796;38.15813747;0.1;False;ok;3;1;1.172;
5833;-5.354968796;38.15813747;0.1;False;ok;8;1;1.124;
5834;-5.154968796;38.15813747;0.1;False;ok;3;1;1.161;
5835;-4.354968796;38.15813747;0.1;False;ok;1;1;1.219;
5836;-4.054968796;38.15813747;0.1;False;ok;3;1;1.207;
5837;-3.854968796;38.15813747;0.1;False;ok;20;1;1.294;
5838;-3.754968796;38.15813747;0.1;False;ok;4;1;1.273;
5839;-3.654968796;38.15813747;0.1;False;ok;1;1;1.260;
5840;-3.554968796;38.15813747;0.1;False;ok;5;1;1.315;
5841;-3.454968796;38.15813747;0.1;False;ok;2;1;1.382;
5842;-3.254968796;38.15813747;0.1;False;ok;3;1;1.326;
5843;-3.054968796;38.15813747;0.1;False;ok;8;1;1.336;
5844;-2.954968796;38.15813747;0.1;False;ok;11;1;1.296;
5845;-2.854968796;38.15813747;0.1;False;ok;4;1;1.319;
5846;-2.754968796;38.15813747;0.1;False;ok;34;1;1.460;
5847;-2.654968796;38.15813747;0.1;False;ok;6;1;1.306;
5848;-2.554968796;38.15813747;0.1;False;ok;3;1;1.342;
5849;-2.454968796;38.15813747;0.1;False;ok;4;1;1.258;
5850;-2.354968796;38.15813747;0.1;False;ok;2;1;1.257;
5851;0.08550972;35.95813747;0.1;True;ok;0;1;1.296;
5852;-2.21449028;36.65813747;0.1;False;ok;21;1;1.173;
5853;-2.11449028;36.65813747;0.1;False;ok;40;1;1.290;
5854;-2.31449028;36.75813747;0.1;False;ok;75;1;1.353;
5855;-2.21449028;36.75813747;0.1;False;ok;24;1;1.144;
5856;-2.11449028;36.75813747;0.00625;False;ok;74;1;1.230;
5857;-2.10824028;36.75813747;0.00625;False;ok;39;1;1.186;
5858;-2.11449028;36.76438747;0.00625;False;ok;68;1;1.302;
5859;-2.10824028;36.76438747;0.00625;False;ok;61;1;1.297;
5860;-2.11449028;36.77063747;0.0125;False;ok;2;1;1.126;
5861;-2.11449028;36.78313747;0.025;False;ok;53;1;1.365;
5862;-2.08949028;36.78313747;0.025;False;ok;6;1;1.227;
5863;-2.06449028;36.75813747;0.05;False;ok;5;1;1.228;
5864;-2.11449028;36.80813747;0.05;False;ok;10;1;1.264;
5865;-2.06449028;36.80813747;0.05;False;ok;73;1;1.392;
5866;-2.31449028;36.85813747;0.1;False;ok;4;1;1.187;
5867;-2.21449028;36.85813747;0.1;False;ok;7;1;1.252;
5868;-2.11449028;36.85813747;0.1;False;ok;45;1;1.425;
5869;-2.01449028;36.85813747;0.1;False;ok;75;1;1.462;
5870;-2.31449028;36.95813747;0.1;False;ok;2;1;1.265;
5871;-2.21449028;36.95813747;0.1;False;ok;72;1;1.334;
5872;-2.11449028;36.95813747;0.1;False;ok;6;1;1.058;
5873;-2.01449028;36.95813747;0.1;False;ok;5;1;1.116;
5874;-1.91449028;36.95813747;0.1;False;ok;75;1;1.196;
5875;-2.31449028;37.05813747;0.1;False;ok;2;1;0.965;
5876;-2.21449028;37.05813747;0.1;False;ok;4;1;0.999;
5877;-2.11449028;37.05813747;0.1;False;ok;11;1;0.982;
5878;-2.01449028;37.05813747;0.1;False;ok;19;1;1.201;
5879;-1.91449028;37.05813747;0.05;False;ok;1;1;0.943;
5880;-1.86449028;37.05813747;0.05;False;ok;75;1;1.337;
5881;-1.91449028;37.10813747;0.05;False;ok;12;1;1.189;
5882;-1.86449028;37.10813747;0.025;False;ok;73;1;1.253;
5883;-1.83949028;37.10813747;0.025;False;ok;45;1;1.256;
5884;-1.86449028;37.13313747;0.025;False;ok;61;1;1.265;
5885;-1.83949028;37.13313747;0.025;False;ok;73;1;1.348;
5886;-2.31449028;37.15813747;0.1;False;ok;1;1;1.123;
5887;-2.21449028;37.15813747;0.1;False;ok;1;1;1.087;
5888;-2.11449028;37.15813747;0.1;False;ok;9;1;1.213;
5889;-2.01449028;37.15813747;0.1;False;ok;23;1;1.281;
5890;-1.91449028;37.15813747;0.05;False;ok;55;1;1.305;
5891;-1.83949028;37.15813747;0.025;False;ok;73;1;1.371;
5892;-1.83949028;37.18313747;0.025;False;ok;73;1;1.437;
5893;-1.91449028;37.20813747;0.05;False;ok;4;1;1.189;
5894;-1.86449028;37.20813747;0.025;False;ok;0;1;1.931;
5895;-1.83949028;37.20813747;0.025;False;ok;74;1;1.392;
5896;-1.86449028;37.23313747;0.025;False;ok;6;1;1.179;
5897;-1.83949028;37.23313747;0.025;False;ok;17;1;1.221;
5898;-1.81449028;37.15813747;0.05;False;ok;21;1;1.162;
5899;-1.81449028;37.20813747;0.0125;False;ok;74;1;1.313;
5900;-1.81449028;37.22063747;0.00625;False;ok;19;1;1.135;
5901;-1.80824028;37.22063747;0.00625;False;ok;75;1;1.279;
5902;-1.81449028;37.22688747;0.00625;False;ok;5;1;1.038;
5903;-1.80824028;37.22688747;0.00625;False;ok;60;1;1.142;
5904;-1.80199028;37.22063747;0.0125;False;ok;75;1;1.250;
5905;-1.81449028;37.23313747;0.025;False;ok;26;1;1.210;
5906;-1.78949028;37.23313747;0.025;False;ok;21;1;1.074;
5907;-2.31449028;37.25813747;0.1;False;ok;9;1;1.101;
5908;-2.21449028;37.25813747;0.1;False;ok;5;1;1.084;
5909;-2.11449028;37.25813747;0.1;False;ok;23;1;1.133;
5910;-2.01449028;37.25813747;0.1;False;ok;6;1;1.082;
5911;-1.91449028;37.25813747;0.1;False;ok;15;1;1.124;
5912;-1.81449028;37.25813747;0.1;False;ok;9;1;0.996;
5913;-1.71449028;37.30813747;0.025;False;ok;17;1;1.074;
5914;-1.71449028;37.33313747;0.025;False;ok;57;1;1.217;
5915;-1.68949028;37.33313747;0.025;False;ok;75;1;1.089;
5916;-1.66449028;37.30813747;0.05;False;ok;5;1;1.029;
5917;-2.31449028;37.35813747;0.1;False;ok;4;1;0.968;
5918;-2.21449028;37.35813747;0.1;False;ok;16;1;1.082;
5919;-2.11449028;37.35813747;0.1;False;ok;10;1;1.060;
5920;-2.01449028;37.35813747;0.1;False;ok;5;1;1.021;
5921;-1.91449028;37.35813747;0.1;False;ok;7;1;1.578;
5922;-1.81449028;37.35813747;0.1;False;ok;5;1;1.114;
5923;-1.71449028;37.35813747;0.1;False;ok;69;1;1.350;
5924;-1.61449028;37.35813747;0.1;False;ok;74;1;1.463;
5925;-1.51449028;37.35813747;0.1;False;ok;28;1;1.380;
5926;-2.31449028;37.45813747;0.1;False;ok;11;1;1.275;
5927;-2.11449028;37.45813747;0.1;False;ok;9;1;1.389;
5928;-2.01449028;37.45813747;0.1;False;ok;6;1;1.299;
5929;-1.81449028;37.45813747;0.1;False;ok;4;1;1.373;
5930;-1.71449028;37.45813747;0.1;False;ok;7;1;1.296;
5931;-1.51449028;37.45813747;0.1;False;ok;2;1;1.297;
5932;-1.41449028;37.45813747;0.1;False;ok;4;1;1.336;
5933;-1.21449028;37.45813747;0.1;False;ok;8;1;1.347;
5934;-2.31449028;37.55813747;0.1;False;ok;1;1;1.256;
5935;-2.11449028;37.55813747;0.1;False;ok;23;1;1.356;
5936;-2.01449028;37.55813747;0.1;False;ok;1;1;1.209;
5937;-1.91449028;37.55813747;0.1;False;ok;0;1;1.846;
5938;-1.81449028;37.55813747;0.1;False;ok;9;1;1.143;
5939;-1.51449028;37.55813747;0.1;False;ok;2;1;1.040;
5940;-1.41449028;37.55813747;0.1;False;ok;42;1;1.138;
5941;-1.31449028;37.55813747;0.05;False;ok;72;1;1.149;
5942;-1.26449028;37.55813747;0.05;False;ok;70;1;1.126;
5943;-1.26449028;37.60813747;0.05;False;ok;1;1;0.924;
5944;-1.21449028;37.55813747;0.1;False;ok;49;1;1.030;
5945;-1.11449028;37.55813747;0.1;False;ok;14;1;1.079;
5946;-1.01449028;37.55813747;0.1;False;ok;74;1;1.360;
5947;-0.91449028;37.55813747;0.1;False;ok;17;1;1.194;
5948;-0.81449028;37.58313747;0.0125;False;ok;18;1;1.234;
5949;-0.80199028;37.58313747;0.0125;False;ok;16;1;1.185;
5950;-0.81449028;37.59563747;0.0125;False;ok;50;1;1.329;
5951;-0.80199028;37.59563747;0.0125;False;ok;6;1;1.144;
5952;-0.81449028;37.60813747;0.025;False;ok;17;1;1.294;
5953;-0.78949028;37.60813747;0.025;False;ok;10;1;1.410;
5954;-0.81449028;37.63313747;0.025;False;ok;7;1;1.175;
5955;-0.78949028;37.63313747;0.025;False;ok;73;1;1.474;
5956;-0.76449028;37.60813747;0.05;False;ok;75;1;1.481;
5957;-0.71449028;37.55813747;0.1;False;ok;73;1;1.386;
5958;-2.21449028;37.65813747;0.1;False;ok;6;1;1.214;
5959;-2.11449028;37.65813747;0.1;False;ok;27;1;1.220;
5960;-2.01449028;37.65813747;0.1;False;ok;1;1;0.916;
5961;-1.91449028;37.65813747;0.1;False;ok;4;1;1.088;
5962;-1.71449028;37.65813747;0.1;False;ok;21;1;1.094;
5963;-1.61449028;37.65813747;0.1;False;ok;2;1;1.077;
5964;-1.51449028;37.65813747;0.1;False;ok;0;1;1.755;
5965;-1.41449028;37.65813747;0.1;False;ok;74;1;1.188;
5966;-1.31449028;37.65813747;0.1;False;ok;1;1;0.970;
5967;-1.21449028;37.65813747;0.1;False;ok;12;1;1.045;
5968;-1.11449028;37.65813747;0.1;False;ok;7;1;1.099;
5969;-1.01449028;37.65813747;0.1;False;ok;75;1;1.318;
5970;-0.86449028;37.65813747;0.05;False;ok;31;1;1.172;
5971;-0.91449028;37.70813747;0.05;False;ok;73;1;1.411;
5972;-0.86449028;37.70813747;0.05;False;ok;75;1;1.567;
5973;-0.76449028;37.65813747;0.05;False;ok;74;1;1.560;
5974;-0.76449028;37.70813747;0.025;False;ok;37;1;1.331;
5975;-0.73949028;37.70813747;0.025;False;ok;1;1;1.123;
5976;-0.76449028;37.73313747;0.025;False;ok;55;1;1.310;
5977;-0.73949028;37.73313747;0.025;False;ok;67;1;1.400;
5978;-2.21449028;37.75813747;0.1;False;ok;0;1;1.968;
5979;-1.81449028;37.75813747;0.1;False;ok;0;1;1.929;
5980;-1.71449028;37.75813747;0.1;False;ok;2;1;1.228;
5981;-1.61449028;37.75813747;0.1;False;ok;7;1;1.253;
5982;-1.51449028;37.75813747;0.1;False;ok;10;1;1.150;
5983;-1.41449028;37.75813747;0.1;False;ok;1;1;1.035;
5984;-1.31449028;37.75813747;0.1;False;ok;1;1;1.108;
5985;-1.21449028;37.75813747;0.1;False;ok;64;1;1.222;
5986;-1.01449028;37.75813747;0.05;False;ok;52;1;1.103;
5987;-0.96449028;37.75813747;0.05;False;ok;1;1;0.939;
5988;-1.01449028;37.80813747;0.0125;False;ok;74;1;1.342;
5989;-1.01449028;37.82063747;0.0125;False;ok;74;1;1.023;
5990;-1.00199028;37.82063747;0.0125;False;ok;44;1;0.926;
5991;-1.01449028;37.83313747;0.025;False;ok;3;1;0.841;
5992;-0.96449028;37.80813747;0.05;False;ok;3;1;0.932;
5993;-0.91449028;37.75813747;0.1;False;ok;75;1;1.464;
5994;-0.81449028;37.75813747;0.05;False;ok;68;1;1.114;
5995;-0.75199028;37.75813747;0.0125;False;ok;65;1;1.183;
5996;-0.76449028;37.77063747;0.0125;False;ok;10;1;1.091;
5997;-0.75199028;37.77063747;0.0125;False;ok;74;1;1.323;
5998;-0.81449028;37.80813747;0.025;False;ok;75;1;1.247;
5999;-0.78949028;37.80813747;0.025;False;ok;74;1;1.352;
6000;-0.81449028;37.83313747;0.025;False;ok;8;1;1.201;
6001;-0.78949028;37.83313747;0.025;False;ok;73;1;1.386;
6002;-0.76449028;37.80813747;0.05;False;ok;6;1;1.185;
6003;-1.51449028;37.85813747;0.1;False;ok;4;1;1.258;
6004;-1.31449028;37.85813747;0.1;False;ok;2;1;1.106;
6005;-1.21449028;37.85813747;0.1;False;ok;17;1;1.193;
6006;-1.11449028;37.85813747;0.1;False;ok;70;1;1.276;
6007;-1.01449028;37.85813747;0.1;False;ok;74;1;1.309;
6008;-0.91449028;37.85813747;0.1;False;ok;42;1;1.169;
6009;-0.81449028;37.85813747;0.05;False;ok;73;1;1.234;
6010;-0.76449028;37.85813747;0.025;False;ok;74;1;1.176;
6011;-0.76449028;37.88313747;0.025;False;ok;71;1;1.157;
6012;-0.81449028;37.90813747;0.025;False;ok;23;1;1.072;
6013;-0.78949028;37.90813747;0.025;False;ok;48;1;0.982;
6014;-0.81449028;37.93313747;0.025;False;ok;12;1;0.969;
6015;-0.78949028;37.93313747;0.025;False;ok;72;1;1.088;
6016;-0.76449028;37.90813747;0.0125;False;ok;10;1;0.960;
6017;-0.75199028;37.90813747;0.0125;False;ok;74;1;1.062;
6018;-0.76449028;37.92063747;0.0125;False;ok;47;1;0.983;
6019;-0.75199028;37.92063747;0.0125;False;ok;48;1;1.131;
6020;-0.73949028;37.90813747;0.0125;False;ok;74;1;1.272;
6021;-0.72699028;37.90813747;0.0125;False;ok;8;1;1.063;
6022;-0.73949028;37.92063747;0.0125;False;ok;75;1;1.287;
6023;-0.72699028;37.92063747;0.0125;False;ok;72;1;1.242;
6024;-0.76449028;37.93313747;0.0125;False;ok;40;1;1.190;
6025;-0.75199028;37.93313747;0.0125;False;ok;72;1;1.254;
6026;-0.76449028;37.94563747;0.0125;False;ok;15;1;1.162;
6027;-0.75199028;37.94563747;0.0125;False;ok;68;1;1.327;
6028;-0.73949028;37.93313747;0.0125;False;ok;70;1;1.246;
6029;-0.72699028;37.93313747;0.0125;False;ok;72;1;1.215;
6030;-0.73949028;37.94563747;0.0125;False;ok;50;1;1.273;
6031;-0.72699028;37.94563747;0.00625;False;ok;39;1;1.223;
6032;-0.72074028;37.94563747;0.00625;False;ok;45;1;1.162;
6033;-0.72699028;37.95188747;0.00625;False;ok;37;1;1.131;
6034;-0.72074028;37.95188747;0.00625;False;ok;17;1;1.064;
6035;-0.71449028;37.93313747;0.0125;False;ok;75;1;1.233;
6036;-0.71449028;37.94563747;0.0125;False;ok;73;1;1.293;
6037;-2.01449028;37.95813747;0.1;False;ok;9;1;1.012;
6038;-1.91449028;37.95813747;0.1;False;ok;4;1;1.194;
6039;-1.81449028;37.95813747;0.1;False;ok;0;1;1.626;
6040;-1.71449028;37.95813747;0.1;False;ok;18;1;1.023;
6041;-1.61449028;37.95813747;0.1;False;ok;3;1;0.920;
6042;-1.51449028;37.95813747;0.1;False;ok;12;1;1.010;
6043;-1.41449028;37.95813747;0.1;False;ok;3;1;0.902;
6044;-1.31449028;37.95813747;0.1;False;ok;18;1;1.077;
6045;-1.21449028;37.95813747;0.1;False;ok;75;1;1.255;
6046;-1.11449028;37.95813747;0.1;False;ok;29;1;1.064;
6047;-1.01449028;37.95813747;0.1;False;ok;4;1;1.220;
6048;-0.91449028;37.95813747;0.1;False;ok;51;1;1.239;
6049;-0.81449028;37.95813747;0.1;False;ok;68;1;1.366;
6050;-0.71449028;37.95813747;0.0125;False;ok;69;1;1.254;
6051;-0.70199028;37.95813747;0.0125;False;ok;44;1;1.305;
6052;-0.70199028;37.97063747;0.0125;False;ok;75;1;1.427;
6053;-0.68949028;37.97063747;0.00625;False;ok;23;1;1.235;
6054;-0.68324028;37.97063747;0.00625;False;ok;33;1;1.284;
6055;-0.68949028;37.97688747;0.00625;False;ok;73;1;1.385;
6056;-0.68324028;37.97688747;0.00625;False;ok;72;1;1.319;
6057;-0.67699028;37.97063747;0.00625;False;ok;70;1;1.216;
6058;-0.67074028;37.97063747;0.00625;False;ok;19;1;1.227;
6059;-0.67699028;37.97688747;0.003125;False;ok;53;1;1.198;
6060;-0.67386528;37.97688747;0.003125;False;ok;74;1;1.246;
6061;-0.67699028;37.98001247;0.003125;False;ok;58;1;1.184;
6062;-0.67386528;37.98001247;0.003125;False;ok;72;1;1.105;
6063;-0.67074028;37.97688747;0.003125;False;ok;73;1;1.227;
6064;-0.66761528;37.97688747;0.003125;False;ok;72;1;1.049;
6065;-0.67074028;37.98001247;0.003125;False;ok;71;1;0.972;
6066;-0.66761528;37.98001247;0.003125;False;ok;73;1;1.034;
6067;-0.71449028;37.98313747;0.025;False;ok;69;1;1.107;
6068;-0.68949028;37.98313747;0.0125;False;ok;57;1;1.033;
6069;-0.67699028;37.98313747;0.0125;False;ok;74;1;1.114;
6070;-0.68949028;37.99563747;0.0125;False;ok;30;1;0.998;
6071;-0.67699028;37.99563747;0.0125;False;ok;71;1;1.041;
6072;-0.66449028;37.95813747;0.025;False;ok;75;1;1.133;
6073;-0.66449028;37.98313747;0.00625;False;ok;74;1;1.109;
6074;-0.65824028;37.98313747;0.00625;False;ok;31;1;1.077;
6075;-0.66449028;37.98938747;0.00625;False;ok;41;1;1.165;
6076;-0.65824028;37.98938747;0.00625;False;ok;12;1;1.102;
6077;-0.66449028;37.99563747;0.00625;False;ok;32;1;1.149;
6078;-0.65824028;37.99563747;0.00625;False;ok;24;1;1.256;
6079;-0.66449028;38.00188747;0.00625;False;ok;52;1;1.179;
6080;-0.65824028;38.00188747;0.00625;False;ok;73;1;1.278;
6081;-0.65199028;37.99563747;0.0125;False;ok;75;1;1.353;
6082;-0.71449028;38.00813747;0.05;False;ok;74;1;1.271;
6083;-0.66449028;38.00813747;0.00625;False;ok;70;1;1.242;
6084;-0.65824028;38.00813747;0.00625;False;ok;44;1;1.126;
6085;-0.66449028;38.01438747;0.00625;False;ok;24;1;1.162;
6086;-0.65824028;38.01438747;0.00625;False;ok;73;1;1.251;
6087;-0.65824028;38.02063747;0.00625;False;ok;72;1;1.244;
6088;-0.65824028;38.02688747;0.00625;False;ok;75;1;1.309;
6089;-0.65199028;38.02063747;0.0125;False;ok;1;1;1.019;
6090;-0.66449028;38.03313747;0.025;False;ok;19;1;1.055;
6091;-2.31449028;38.05813747;0.1;False;ok;4;1;1.050;
6092;-2.21449028;38.05813747;0.1;False;ok;3;1;1.041;
6093;-2.11449028;38.05813747;0.1;False;ok;8;1;0.950;
6094;-2.01449028;38.05813747;0.1;False;ok;10;1;0.948;
6095;-1.91449028;38.05813747;0.1;False;ok;56;1;1.111;
6096;-1.81449028;38.05813747;0.1;False;ok;34;1;0.985;
6097;-1.61449028;38.05813747;0.1;False;ok;0;1;1.634;
6098;-1.41449028;38.05813747;0.1;False;ok;5;1;0.969;
6099;-1.31449028;38.05813747;0.1;False;ok;37;1;1.091;
6100;-1.21449028;38.05813747;0.1;False;ok;5;1;1.064;
6101;-1.11449028;38.05813747;0.1;False;ok;12;1;0.996;
6102;-1.01449028;38.05813747;0.1;False;ok;18;1;1.026;
6103;-0.91449028;38.05813747;0.1;False;ok;15;1;1.127;
6104;-0.81449028;38.05813747;0.1;False;ok;75;1;1.311;
6105;-0.71449028;38.05813747;0.05;False;ok;74;1;1.254;
6106;-0.66449028;38.05813747;0.05;False;ok;74;1;1.356;
6107;-0.71449028;38.10813747;0.05;False;ok;65;1;1.296;
6108;-0.66449028;38.10813747;0.05;False;ok;29;1;1.230;
6109;-2.31449028;38.15813747;0.1;False;ok;1;1;1.151;
6110;-2.21449028;38.15813747;0.1;False;ok;5;1;1.222;
6111;-2.01449028;38.15813747;0.1;False;ok;4;1;1.171;
6112;-1.91449028;38.15813747;0.1;False;ok;52;1;1.284;
6113;-1.81449028;38.15813747;0.1;False;ok;11;1;1.149;
6114;-1.61449028;38.15813747;0.1;False;ok;0;1;1.759;
6115;-1.51449028;38.15813747;0.1;False;ok;9;1;1.085;
6116;-1.41449028;38.15813747;0.1;False;ok;21;1;1.091;
6117;-1.21449028;38.15813747;0.1;False;ok;13;1;1.112;
6118;-1.11449028;38.15813747;0.1;False;ok;9;1;1.086;
6119;-1.01449028;38.15813747;0.1;False;ok;3;1;0.877;
6120;-0.91449028;38.15813747;0.1;False;ok;2;1;0.917;
6121;-0.81449028;38.15813747;0.1;False;ok;25;1;0.946;
6122;-0.71449028;38.15813747;0.1;False;ok;15;1;0.938;
6123;-0.61449028;38.15813747;0.05;False;ok;74;1;1.150;
6124;-0.56449028;38.18313747;0.0125;False;ok;72;1;1.145;
6125;-0.55199028;38.18313747;0.0125;False;ok;72;1;1.117;
6126;-0.56449028;38.19563747;0.0125;False;ok;20;1;1.144;
6127;-0.53949028;38.18313747;0.025;False;ok;67;1;1.314;
6128;-0.61449028;38.20813747;0.05;False;ok;6;1;1.175;
6129;-0.56449028;38.20813747;0.025;False;ok;10;1;1.193;
6130;-0.53949028;38.20813747;0.025;False;ok;75;1;1.375;
6131;-0.56449028;38.23313747;0.025;False;ok;53;1;1.356;
6132;-0.53949028;38.23313747;0.0125;False;ok;55;1;1.340;
6133;-0.52699028;38.23313747;0.0125;False;ok;73;1;1.348;
6134;-0.52699028;38.24563747;0.0125;False;ok;74;1;1.382;
6135;-0.51449028;38.15813747;0.1;False;ok;26;1;1.221;
6136;1.307224089;38.62466885;0.1;False;ok;35;1;1.246;
6137;1.407224089;38.62466885;0.05;False;ok;3;1;1.105;
6138;1.457224089;38.62466885;0.05;False;ok;2;1;1.062;
6139;1.407224089;38.67466885;0.025;False;ok;25;1;1.112;
6140;1.432224089;38.67466885;0.025;False;ok;28;1;1.190;
6141;1.407224089;38.69966885;0.025;False;ok;29;1;1.120;
6142;1.432224089;38.69966885;0.025;False;ok;75;1;1.050;
6143;1.457224089;38.67466885;0.05;False;ok;74;1;0.975;
6144;1.507224089;38.62466885;0.1;False;ok;57;1;0.952;
6145;1.307224089;38.72466885;0.1;False;ok;1;1;0.767;
6146;1.407224089;38.72466885;0.1;False;ok;44;1;0.823;
6147;1.207224089;38.82466885;0.05;False;ok;0;1;1.414;
6148;1.257224089;38.82466885;0.05;False;ok;2;1;0.838;
6149;1.207224089;38.87466885;0.05;False;ok;49;1;1.020;
6150;1.257224089;38.87466885;0.05;False;ok;35;1;1.208;
6151;1.307224089;38.82466885;0.05;False;ok;9;1;1.140;
6152;1.357224089;38.82466885;0.05;False;ok;5;1;1.166;
6153;1.307224089;38.87466885;0.05;False;ok;41;1;1.318;
6154;1.357224089;38.87466885;0.05;False;ok;72;1;1.323;
6155;1.407224089;38.87466885;0.025;False;ok;22;1;2.348;
6156;1.407224089;38.89966885;0.025;False;ok;52;1;1.392;
6157;1.432224089;38.89966885;0.025;False;ok;44;1;1.465;
6158;1.457224089;38.87466885;0.05;False;ok;21;1;1.402;
6159;1.207224089;38.92466885;0.05;False;ok;40;1;1.412;
6160;1.257224089;38.92466885;0.025;False;ok;9;1;1.367;
6161;1.282224089;38.92466885;0.025;False;ok;10;1;1.352;
6162;1.257224089;38.94966885;0.025;False;ok;23;1;1.286;
6163;1.282224089;38.94966885;0.025;False;ok;63;1;1.303;
6164;1.257224089;38.97466885;0.05;False;ok;75;1;1.326;
6165;1.307224089;38.92466885;0.05;False;ok;33;1;1.276;
6166;1.357224089;38.92466885;0.05;False;ok;20;1;1.264;
6167;1.307224089;38.97466885;0.05;False;ok;21;1;1.210;
6168;1.357224089;38.97466885;0.05;False;ok;17;1;0.986;
6169;1.407224089;38.92466885;0.05;False;ok;42;1;0.933;
6170;1.457224089;38.92466885;0.05;False;ok;39;1;0.959;
6171;1.407224089;38.97466885;0.05;False;ok;27;1;0.965;
6172;1.457224089;38.97466885;0.05;False;ok;22;1;0.830;
6173;1.507224089;38.92466885;0.05;False;ok;26;1;0.854;
6174;1.507224089;38.97466885;0.05;False;ok;71;1;1.042;
6175;1.557224089;38.97466885;0.05;False;ok;62;1;1.190;
6176;1.307224089;39.02466885;0.1;False;ok;7;1;1.119;
6177;1.407224089;39.02466885;0.1;False;ok;61;1;1.260;
6178;1.507224089;39.02466885;0.1;False;ok;74;1;1.294;
6179;1.607224089;39.02466885;0.1;False;ok;0;1;1.880;
6180;2.907224089;39.22466885;0.1;False;ok;75;1;1.375;
6181;3.007224089;39.22466885;0.1;False;ok;1;1;1.131;
6182;3.107224089;39.22466885;0.1;False;ok;48;1;1.345;
6183;2.707224089;39.32466885;0.1;False;ok;8;1;1.272;
6184;2.807224089;39.32466885;0.1;False;ok;52;1;1.339;
6185;2.907224089;39.32466885;0.05;False;ok;74;1;1.528;
6186;2.957224089;39.32466885;0.05;False;ok;39;1;1.344;
6187;2.907224089;39.37466885;0.05;False;ok;29;1;1.365;
6188;2.957224089;39.37466885;0.05;False;ok;31;1;1.281;
6189;3.007224089;39.32466885;0.05;False;ok;75;1;1.342;
6190;3.057224089;39.32466885;0.05;False;ok;35;1;1.270;
6191;3.007224089;39.37466885;0.05;False;ok;62;1;1.336;
6192;3.057224089;39.37466885;0.05;False;ok;49;1;1.301;
6193;3.107224089;39.32466885;0.025;False;ok;5;1;0.929;
6194;3.132224089;39.32466885;0.025;False;ok;63;1;1.124;
6195;3.107224089;39.34966885;0.025;False;ok;29;1;0.860;
6196;3.132224089;39.34966885;0.025;False;ok;13;1;0.887;
6197;3.157224089;39.32466885;0.025;False;ok;64;1;0.939;
6198;3.182224089;39.32466885;0.025;False;ok;13;1;0.822;
6199;3.157224089;39.34966885;0.025;False;ok;5;1;0.816;
6200;3.182224089;39.34966885;0.025;False;ok;30;1;0.870;
6201;3.107224089;39.37466885;0.05;False;ok;33;1;0.856;
6202;3.157224089;39.37466885;0.05;False;ok;67;1;0.914;
6203;3.207224089;39.34966885;0.0125;False;ok;11;1;0.728;
6204;3.219724089;39.34966885;0.0125;False;ok;24;1;1.058;
6205;3.207224089;39.36216885;0.0125;False;ok;24;1;1.037;
6206;3.219724089;39.36216885;0.00625;False;ok;28;1;1.346;
6207;3.225974089;39.36216885;0.00625;False;ok;26;1;1.287;
6208;3.219724089;39.36841885;0.00625;False;ok;26;1;1.358;
6209;3.225974089;39.36841885;0.00625;False;ok;40;1;1.422;
6210;3.232224089;39.34966885;0.025;False;ok;36;1;1.344;
6211;3.207224089;39.37466885;0.025;False;ok;43;1;1.384;
6212;3.232224089;39.37466885;0.00625;False;ok;52;1;1.484;
6213;3.238474089;39.37466885;0.00625;False;ok;33;1;1.459;
6214;3.232224089;39.38091885;0.00625;False;ok;5;1;1.360;
6215;3.238474089;39.38091885;0.00625;False;ok;34;1;1.467;
6216;3.244724089;39.37466885;0.0125;False;ok;7;1;1.371;
6217;3.232224089;39.38716885;0.0125;False;ok;16;1;1.336;
6218;3.207224089;39.39966885;0.025;False;ok;25;1;1.508;
6219;3.232224089;39.39966885;0.025;False;ok;36;1;1.420;
6220;3.257224089;39.37466885;0.05;False;ok;56;1;1.436;
6221;2.407224089;39.42466885;0.1;False;ok;75;1;1.419;
6222;2.507224089;39.42466885;0.1;False;ok;75;1;1.385;
6223;2.707224089;39.42466885;0.05;False;ok;65;1;1.327;
6224;2.757224089;39.42466885;0.05;False;ok;19;1;1.078;
6225;2.707224089;39.47466885;0.025;False;ok;3;1;1.064;
6226;2.732224089;39.47466885;0.025;False;ok;44;1;0.858;
6227;2.744724089;39.49966885;0.0125;False;ok;58;1;0.876;
6228;2.732224089;39.51216885;0.0125;False;ok;30;1;0.864;
6229;2.744724089;39.51216885;0.0125;False;ok;45;1;0.845;
6230;2.757224089;39.47466885;0.05;False;ok;3;1;0.834;
6231;2.807224089;39.42466885;0.1;False;ok;73;1;1.149;
6232;2.907224089;39.42466885;0.1;False;ok;57;1;0.988;
6233;3.007224089;39.42466885;0.1;False;ok;75;1;1.233;
6234;3.107224089;39.42466885;0.05;False;ok;48;1;1.101;
6235;3.157224089;39.42466885;0.05;False;ok;33;1;1.200;
6236;3.107224089;39.47466885;0.05;False;ok;22;1;1.207;
6237;3.157224089;39.47466885;0.05;False;ok;26;1;1.197;
6238;3.207224089;39.42466885;0.05;False;ok;39;1;1.302;
6239;3.257224089;39.42466885;0.05;False;ok;68;1;1.342;
6240;3.207224089;39.47466885;0.05;False;ok;31;1;1.296;
6241;3.257224089;39.47466885;0.05;False;ok;18;1;1.302;
6242;3.307224089;39.42466885;0.1;False;ok;24;1;1.394;
6243;2.307224089;39.52466885;0.1;False;ok;72;1;1.434;
6244;2.407224089;39.52466885;0.05;False;ok;73;1;1.335;
6245;2.457224089;39.52466885;0.05;False;ok;24;1;1.349;
6246;2.407224089;39.57466885;0.05;False;ok;13;1;1.175;
6247;2.457224089;39.57466885;0.05;False;ok;10;1;1.252;
6248;2.507224089;39.52466885;0.05;False;ok;21;1;1.241;
6249;2.557224089;39.52466885;0.05;False;ok;64;1;1.405;
6250;2.507224089;39.57466885;0.05;False;ok;8;1;1.200;
6251;2.557224089;39.57466885;0.05;False;ok;7;1;1.063;
6252;2.607224089;39.54966885;0.025;False;ok;53;1;1.217;
6253;2.632224089;39.54966885;0.025;False;ok;74;1;1.277;
6254;2.657224089;39.52466885;0.05;False;ok;31;1;1.025;
6255;2.607224089;39.57466885;0.05;False;ok;50;1;1.139;
6256;2.657224089;39.57466885;0.05;False;ok;19;1;0.927;
6257;2.707224089;39.52466885;0.05;False;ok;69;1;1.137;
6258;2.757224089;39.52466885;0.05;False;ok;17;1;1.028;
6259;2.707224089;39.57466885;0.05;False;ok;30;1;1.064;
6260;2.757224089;39.57466885;0.05;False;ok;19;1;1.105;
6261;2.807224089;39.52466885;0.1;False;ok;67;1;1.176;
6262;2.907224089;39.52466885;0.1;False;ok;60;1;1.286;
6263;3.007224089;39.52466885;0.1;False;ok;74;1;1.248;
6264;3.107224089;39.52466885;0.05;False;ok;27;1;1.165;
6265;3.157224089;39.52466885;0.05;False;ok;24;1;1.138;
6266;3.107224089;39.57466885;0.05;False;ok;31;1;1.213;
6267;3.157224089;39.57466885;0.05;False;ok;30;1;1.239;
6268;3.207224089;39.52466885;0.05;False;ok;31;1;1.294;
6269;3.257224089;39.52466885;0.05;False;ok;40;1;1.248;
6270;3.207224089;39.57466885;0.05;False;ok;39;1;1.200;
6271;3.257224089;39.57466885;0.05;False;ok;49;1;1.252;
6272;3.307224089;39.52466885;0.05;False;ok;73;1;1.223;
6273;3.357224089;39.52466885;0.05;False;ok;71;1;1.239;
6274;3.307224089;39.57466885;0.05;False;ok;20;1;1.193;
6275;3.357224089;39.57466885;0.025;False;ok;43;1;1.191;
6276;3.382224089;39.57466885;0.025;False;ok;43;1;1.213;
6277;3.357224089;39.59966885;0.025;False;ok;40;1;1.127;
6278;3.382224089;39.59966885;0.025;False;ok;75;1;1.185;
6279;2.407224089;39.62466885;0.1;False;ok;15;1;1.048;
6280;2.507224089;39.62466885;0.1;False;ok;72;1;1.492;
6281;2.607224089;39.62466885;0.05;False;ok;13;1;0.963;
6282;2.657224089;39.62466885;0.05;False;ok;27;1;1.012;
6283;2.607224089;39.67466885;0.05;False;ok;37;1;1.161;
6284;2.657224089;39.67466885;0.05;False;ok;20;1;1.053;
6285;2.707224089;39.62466885;0.1;False;ok;73;1;1.188;
6286;2.807224089;39.62466885;0.05;False;ok;29;1;1.083;
6287;2.857224089;39.62466885;0.05;False;ok;26;1;1.128;
6288;2.807224089;39.67466885;0.05;False;ok;38;1;1.150;
6289;2.857224089;39.67466885;0.025;False;ok;8;1;1.042;
6290;2.882224089;39.67466885;0.025;False;ok;9;1;1.142;
6291;2.857224089;39.69966885;0.025;False;ok;32;1;1.171;
6292;2.882224089;39.69966885;0.025;False;ok;24;1;1.163;
6293;2.907224089;39.62466885;0.05;False;ok;49;1;1.215;
6294;2.957224089;39.62466885;0.05;False;ok;25;1;1.203;
6295;2.907224089;39.67466885;0.05;False;ok;66;1;1.371;
6296;2.957224089;39.67466885;0.05;False;ok;41;1;1.154;
6297;3.007224089;39.62466885;0.05;False;ok;33;1;1.129;
6298;3.057224089;39.62466885;0.05;False;ok;44;1;1.199;
6299;3.007224089;39.67466885;0.05;False;ok;36;1;1.189;
6300;3.057224089;39.67466885;0.05;False;ok;61;1;1.130;
6301;3.107224089;39.62466885;0.05;False;ok;58;1;1.215;
6302;3.157224089;39.62466885;0.05;False;ok;8;1;1.004;
6303;3.107224089;39.67466885;0.05;False;ok;41;1;1.197;
6304;3.157224089;39.67466885;0.05;False;ok;4;1;1.021;
6305;3.207224089;39.62466885;0.1;False;ok;46;1;1.144;
6306;3.307224089;39.62466885;0.05;False;ok;50;1;1.216;
6307;3.357224089;39.62466885;0.05;False;ok;74;1;1.173;
6308;3.307224089;39.67466885;0.05;False;ok;75;1;1.254;
6309;3.357224089;39.67466885;0.05;False;ok;52;1;1.200;
6310;3.407224089;39.62466885;0.05;False;ok;75;1;1.362;
6311;3.407224089;39.67466885;0.025;False;ok;9;1;1.055;
6312;3.432224089;39.67466885;0.025;False;ok;43;1;1.147;
6313;3.407224089;39.69966885;0.025;False;ok;21;1;2.361;
6314;3.432224089;39.69966885;0.025;False;ok;74;1;1.263;
6315;3.457224089;39.67466885;0.05;False;ok;75;1;1.265;
6316;2.607224089;39.72466885;0.05;False;ok;32;1;1.166;
6317;2.657224089;39.72466885;0.05;False;ok;13;1;1.058;
6318;2.657224089;39.77466885;0.05;False;ok;75;1;1.305;
6319;2.732224089;39.72466885;0.025;False;ok;0;1;1.807;
6320;2.707224089;39.74966885;0.025;False;ok;75;1;1.222;
6321;2.732224089;39.74966885;0.025;False;ok;11;1;1.111;
6322;2.757224089;39.72466885;0.05;False;ok;4;1;0.972;
6323;2.707224089;39.77466885;0.05;False;ok;54;1;1.213;
6324;2.757224089;39.77466885;0.05;False;ok;2;1;1.019;
6325;2.807224089;39.72466885;0.05;False;ok;1;1;0.969;
6326;2.857224089;39.72466885;0.025;False;ok;23;1;1.145;
6327;2.882224089;39.72466885;0.025;False;ok;27;1;1.042;
6328;2.857224089;39.74966885;0.025;False;ok;18;1;0.963;
6329;2.882224089;39.74966885;0.025;False;ok;63;1;1.160;
6330;2.857224089;39.77466885;0.05;False;ok;8;1;1.054;
6331;2.907224089;39.72466885;0.025;False;ok;28;1;0.961;
6332;2.932224089;39.72466885;0.025;False;ok;10;1;0.951;
6333;2.907224089;39.74966885;0.025;False;ok;26;1;0.986;
6334;2.932224089;39.74966885;0.025;False;ok;29;1;0.992;
6335;2.957224089;39.72466885;0.025;False;ok;5;1;0.916;
6336;2.982224089;39.72466885;0.025;False;ok;20;1;1.045;
6337;2.957224089;39.74966885;0.025;False;ok;50;1;0.943;
6338;2.982224089;39.74966885;0.025;False;ok;72;1;1.097;
6339;2.907224089;39.77466885;0.05;False;ok;35;1;1.124;
6340;2.957224089;39.77466885;0.05;False;ok;75;1;1.195;
6341;3.007224089;39.72466885;0.025;False;ok;12;1;1.104;
6342;3.032224089;39.72466885;0.025;False;ok;30;1;1.131;
6343;3.007224089;39.74966885;0.025;False;ok;50;1;1.317;
6344;3.032224089;39.74966885;0.025;False;ok;10;1;1.142;
6345;3.057224089;39.72466885;0.05;False;ok;62;1;1.259;
6346;3.007224089;39.77466885;0.025;False;ok;18;1;1.257;
6347;3.032224089;39.77466885;0.025;False;ok;6;1;1.128;
6348;3.007224089;39.79966885;0.025;False;ok;70;1;1.405;
6349;3.032224089;39.79966885;0.025;False;ok;6;1;1.173;
6350;3.057224089;39.77466885;0.05;False;ok;18;1;1.185;
6351;3.107224089;39.72466885;0.025;False;ok;34;1;1.306;
6352;3.132224089;39.72466885;0.025;False;ok;9;1;1.225;
6353;3.107224089;39.74966885;0.025;False;ok;32;1;1.275;
6354;3.132224089;39.74966885;0.0125;False;ok;3;1;1.173;
6355;3.144724089;39.74966885;0.0125;False;ok;18;1;1.197;
6356;3.132224089;39.76216885;0.0125;False;ok;25;1;1.220;
6357;3.144724089;39.76216885;0.00625;False;ok;32;1;1.313;
6358;3.150974089;39.76216885;0.00625;False;ok;60;1;1.287;
6359;3.144724089;39.76841885;0.00625;False;ok;24;1;1.172;
6360;3.150974089;39.76841885;0.00625;False;ok;2;1;1.037;
6361;3.157224089;39.74966885;0.0125;False;ok;53;1;1.241;
6362;3.157224089;39.76216885;0.0125;False;ok;26;1;1.366;
6363;3.107224089;39.77466885;0.025;False;ok;62;1;1.268;
6364;3.107224089;39.79966885;0.0125;False;ok;53;1;1.275;
6365;3.107224089;39.81216885;0.00625;False;ok;29;1;1.249;
6366;3.113474089;39.81216885;0.00625;False;ok;34;1;1.301;
6367;3.107224089;39.81841885;0.00625;False;ok;3;1;1.173;
6368;3.113474089;39.81841885;0.003125;False;ok;34;1;1.376;
6369;3.113474089;39.82154385;0.003125;False;ok;27;1;1.252;
6370;3.207224089;39.72466885;0.0125;False;ok;27;1;1.276;
6371;3.219724089;39.72466885;0.0125;False;ok;32;1;1.398;
6372;3.207224089;39.73716885;0.0125;False;ok;10;1;1.209;
6373;3.219724089;39.73716885;0.0125;False;ok;20;1;1.238;
6374;3.232224089;39.72466885;0.025;False;ok;19;1;1.306;
6375;3.257224089;39.72466885;0.05;False;ok;75;1;1.489;
6376;3.307224089;39.72466885;0.1;False;ok;43;1;1.341;
6377;3.407224089;39.72466885;0.1;False;ok;20;1;1.272;
6378;4.207224089;39.79966885;0.025;False;ok;15;1;1.215;
6379;4.232224089;39.81216885;0.0125;False;ok;71;1;1.271;
6380;4.244724089;39.81216885;0.0125;False;ok;34;1;1.148;
6381;4.257224089;39.77466885;0.05;False;ok;71;1;1.359;
6382;2.707224089;39.82466885;0.1;False;ok;4;1;1.054;
6383;2.807224089;39.82466885;0.1;False;ok;1;1;1.081;
6384;2.907224089;39.82466885;0.1;False;ok;74;1;1.196;
6385;3.007224089;39.82466885;0.025;False;ok;6;1;1.000;
6386;3.032224089;39.82466885;0.025;False;ok;29;1;1.017;
6387;3.007224089;39.84966885;0.0125;False;ok;18;1;1.008;
6388;3.019724089;39.84966885;0.0125;False;ok;24;1;1.085;
6389;3.007224089;39.86216885;0.0125;False;ok;47;1;1.048;
6390;3.019724089;39.86216885;0.0125;False;ok;21;1;1.069;
6391;3.032224089;39.84966885;0.0125;False;ok;10;1;1.049;
6392;3.044724089;39.84966885;0.0125;False;ok;41;1;1.250;
6393;3.032224089;39.86216885;0.0125;False;ok;33;1;1.249;
6394;3.044724089;39.86216885;0.0125;False;ok;22;1;1.161;
6395;3.057224089;39.82466885;0.025;False;ok;63;1;1.300;
6396;3.082224089;39.82466885;0.025;False;ok;38;1;1.922;
6397;3.057224089;39.84966885;0.0125;False;ok;31;1;1.325;
6398;3.069724089;39.84966885;0.0125;False;ok;16;1;1.286;
6399;3.057224089;39.86216885;0.0125;False;ok;23;1;1.347;
6400;3.069724089;39.86216885;0.0125;False;ok;27;1;1.433;
6401;3.082224089;39.84966885;0.025;False;ok;44;1;1.459;
6402;3.007224089;39.87466885;0.00625;False;ok;11;1;1.368;
6403;3.013474089;39.87466885;0.003125;False;ok;32;1;1.460;
6404;3.016599089;39.87466885;0.003125;False;ok;4;1;1.279;
6405;3.013474089;39.87779385;0.003125;False;ok;32;1;1.414;
6406;3.016599089;39.87779385;0.003125;False;ok;22;1;1.394;
6407;3.007224089;39.88091885;0.00625;False;ok;27;1;1.306;
6408;3.013474089;39.88091885;0.00625;False;ok;35;1;1.370;
6409;3.019724089;39.87466885;0.0125;False;ok;31;1;1.194;
6410;3.007224089;39.88716885;0.0125;False;ok;39;1;1.264;
6411;3.019724089;39.88716885;0.0125;False;ok;75;1;1.233;
6412;3.032224089;39.87466885;0.0125;False;ok;34;1;1.066;
6413;3.044724089;39.87466885;0.0125;False;ok;52;1;1.098;
6414;3.032224089;39.88716885;0.0125;False;ok;42;1;1.007;
6415;3.044724089;39.88716885;0.0125;False;ok;48;1;0.948;
6416;3.007224089;39.89966885;0.025;False;ok;2;1;0.781;
6417;3.032224089;39.89966885;0.0125;False;ok;21;1;0.920;
6418;3.044724089;39.89966885;0.0125;False;ok;5;1;0.865;
6419;3.032224089;39.91216885;0.0125;False;ok;0;1;1.732;
6420;3.044724089;39.91216885;0.00625;False;ok;15;1;1.143;
6421;3.050974089;39.91216885;0.003125;False;ok;0;1;2.003;
6422;3.050974089;39.91529385;0.003125;False;ok;41;1;1.276;
6423;3.054099089;39.91529385;0.003125;False;ok;20;1;1.440;
6424;3.050974089;39.91841885;0.00625;False;ok;39;1;1.463;
6425;3.057224089;39.87466885;0.0125;False;ok;36;1;1.495;
6426;3.069724089;39.87466885;0.0125;False;ok;21;1;1.394;
6427;3.057224089;39.88716885;0.0125;False;ok;41;1;1.438;
6428;3.069724089;39.88716885;0.00625;False;ok;27;1;1.515;
6429;3.075974089;39.88716885;0.00625;False;ok;32;1;1.517;
6430;3.069724089;39.89341885;0.00625;False;ok;25;1;1.523;
6431;3.075974089;39.89341885;0.00625;False;ok;58;1;1.595;
6432;3.082224089;39.87466885;0.025;False;ok;3;1;1.560;
6433;3.057224089;39.89966885;0.0125;False;ok;30;1;1.416;
6434;3.069724089;39.89966885;0.00625;False;ok;20;1;1.421;
6435;3.075974089;39.89966885;0.00625;False;ok;75;1;1.521;
6436;3.069724089;39.90591885;0.00625;False;ok;40;1;1.372;
6437;3.075974089;39.90591885;0.00625;False;ok;35;1;1.375;
6438;3.057224089;39.91216885;0.0125;False;ok;16;1;1.333;
6439;3.069724089;39.91216885;0.0125;False;ok;11;1;0.792;
6440;3.082224089;39.89966885;0.0125;False;ok;75;1;0.946;
6441;3.094724089;39.89966885;0.0125;False;ok;10;1;0.803;
6442;3.082224089;39.91216885;0.0125;False;ok;14;1;0.857;
6443;3.094724089;39.91216885;0.0125;False;ok;3;1;0.933;
6444;3.107224089;39.82466885;0.00625;False;ok;7;1;0.774;
6445;3.113474089;39.82466885;0.00625;False;ok;71;1;1.056;
6446;3.107224089;39.83091885;0.00625;False;ok;65;1;1.224;
6447;3.113474089;39.83091885;0.00625;False;ok;55;1;1.428;
6448;3.119724089;39.82466885;0.0125;False;ok;26;1;1.417;
6449;3.107224089;39.83716885;0.0125;False;ok;41;1;1.537;
6450;3.119724089;39.83716885;0.00625;False;ok;24;1;1.531;
6451;3.125974089;39.83716885;0.00625;False;ok;66;1;1.516;
6452;3.125974089;39.84341885;0.00625;False;ok;11;1;1.466;
6453;3.144724089;39.82466885;0.0125;False;ok;22;1;1.518;
6454;3.132224089;39.83716885;0.0125;False;ok;68;1;1.605;
6455;3.144724089;39.83716885;0.0125;False;ok;19;1;1.527;
6456;3.107224089;39.84966885;0.0125;False;ok;74;1;1.688;
6457;3.119724089;39.84966885;0.0125;False;ok;71;1;1.599;
6458;3.107224089;39.86216885;0.0125;False;ok;9;1;1.447;
6459;3.119724089;39.86216885;0.0125;False;ok;21;1;1.488;
6460;3.132224089;39.84966885;0.0125;False;ok;14;1;1.327;
6461;3.144724089;39.84966885;0.0125;False;ok;33;1;1.616;
6462;3.132224089;39.86216885;0.0125;False;ok;32;1;1.346;
6463;3.144724089;39.86216885;0.0125;False;ok;26;1;1.239;
6464;3.157224089;39.82466885;0.05;False;ok;34;1;1.211;
6465;3.807224089;39.82466885;0.1;False;ok;12;1;0.996;
6466;4.007224089;39.87466885;0.05;False;ok;42;1;0.887;
6467;4.057224089;39.87466885;0.025;False;ok;5;1;0.653;
6468;4.057224089;39.89966885;0.0125;False;ok;74;1;0.842;
6469;4.069724089;39.89966885;0.00625;False;ok;71;1;1.130;
6470;4.075974089;39.89966885;0.00625;False;ok;26;1;1.119;
6471;4.069724089;39.90591885;0.00625;False;ok;44;1;1.110;
6472;4.075974089;39.90591885;0.00625;False;ok;2;1;1.040;
6473;4.069724089;39.91216885;0.0125;False;ok;1;1;1.179;
6474;4.082224089;39.89966885;0.025;False;ok;2;1;1.328;
6475;4.107224089;39.82466885;0.05;False;ok;72;1;1.501;
6476;4.157224089;39.82466885;0.05;False;ok;24;1;1.394;
6477;4.107224089;39.87466885;0.05;False;ok;40;1;1.441;
6478;4.157224089;39.87466885;0.05;False;ok;8;1;1.456;
6479;4.207224089;39.82466885;0.05;False;ok;74;1;1.521;
6480;4.257224089;39.82466885;0.05;False;ok;42;1;1.497;
6481;4.207224089;39.87466885;0.05;False;ok;6;1;1.554;
6482;4.257224089;39.87466885;0.05;False;ok;66;1;1.700;
6483;3.107224089;39.92466885;0.1;False;ok;3;1;1.356;
6484;3.782224089;39.97466885;0.025;False;ok;20;1;1.679;
6485;3.782224089;39.99966885;0.025;False;ok;74;1;1.448;
6486;3.819724089;39.92466885;0.00625;False;ok;74;1;1.476;
6487;3.825974089;39.92466885;0.00625;False;ok;65;1;1.439;
6488;3.819724089;39.93091885;0.00625;False;ok;19;1;1.220;
6489;3.825974089;39.93091885;0.00625;False;ok;10;1;0.974;
6490;3.832224089;39.92466885;0.025;False;ok;69;1;1.191;
6491;3.807224089;39.94966885;0.025;False;ok;9;1;0.998;
6492;3.832224089;39.94966885;0.025;False;ok;74;1;1.055;
6493;3.857224089;39.92466885;0.05;False;ok;4;1;0.759;
6494;3.807224089;39.97466885;0.025;False;ok;8;1;0.841;
6495;3.832224089;39.97466885;0.025;False;ok;74;1;0.954;
6496;3.807224089;39.99966885;0.025;False;ok;74;1;0.920;
6497;3.832224089;39.99966885;0.025;False;ok;75;1;1.093;
6498;3.857224089;39.97466885;0.05;False;ok;7;1;0.985;
6499;3.907224089;39.92466885;0.05;False;ok;11;1;1.042;
6500;3.957224089;39.92466885;0.0125;False;ok;21;1;1.147;
6501;3.957224089;39.93716885;0.0125;False;ok;74;1;1.341;
6502;3.957224089;39.94966885;0.025;False;ok;1;1;1.205;
6503;3.982224089;39.94966885;0.025;False;ok;6;1;1.197;
6504;3.957224089;39.97466885;0.05;False;ok;1;1;1.178;
6505;4.007224089;39.92466885;0.1;False;ok;31;1;1.368;
6506;4.107224089;39.92466885;0.05;False;ok;14;1;1.286;
6507;4.157224089;39.92466885;0.05;False;ok;2;1;1.272;
6508;4.107224089;39.97466885;0.05;False;ok;3;1;1.335;
6509;4.182224089;39.97466885;0.025;False;ok;1;1;1.305;
6510;4.157224089;39.99966885;0.025;False;ok;73;1;1.602;
6511;4.182224089;39.99966885;0.025;False;ok;72;1;1.405;
6512;4.207224089;39.92466885;0.1;False;ok;9;1;1.327;
6513;3.807224089;40.02466885;0.1;False;ok;37;1;1.369;
6514;4.007224089;40.02466885;0.1;False;ok;1;1;1.190;
6515;4.107224089;40.02466885;0.05;False;ok;73;1;2.065;
6516;4.157224089;40.02466885;0.05;False;ok;73;1;1.195;
6517;0.807224089;40.62466885;0.1;False;ok;63;1;1.191;
6518;0.807224089;40.72466885;0.025;False;ok;26;1;1.084;
6519;0.832224089;40.72466885;0.00625;False;ok;75;1;1.167;
6520;0.838474089;40.72466885;0.00625;False;ok;73;1;1.056;
6521;-5.357657522;35.87616748;0.09;False;ok;37;1;0.860;
6522;-2.961443247;35.27658336;0.1;False;ok;26;1;0.872;
