index;x;y;inc;mixed;status;alojamientos;attempts;elapsed_seconds;error
0;-18.04263932;27.61024358;0.1;False;ok;74;1;1.648;
1;-18.14263932;27.71024358;0.1;False;ok;15;1;1.486;
2;-18.04263932;27.71024358;0.05;False;ok;75;1;1.603;
3;-17.99263932;27.71024358;0.05;False;ok;48;1;1.595;
4;-18.04263932;27.76024358;0.05;False;ok;33;1;1.566;
5;-17.99263932;27.76024358;0.05;False;ok;34;1;1.547;
6;-17.94263932;27.71024358;0.1;False;ok;38;1;1.497;
7;-15.69263932;27.71024358;0.05;False;ok;66;1;1.614;
8;-15.71763932;27.76024358;0.025;False;ok;74;1;1.654;
9;-15.74263932;27.78524358;0.0125;False;ok;1;1;1.408;
10;-15.73013932;27.78524358;0.0125;False;ok;34;1;1.549;
11;-15.74263932;27.79774358;0.0125;False;ok;73;1;1.585;
12;-15.73013932;27.79774358;0.0125;False;ok;41;1;1.482;
13;-15.71763932;27.78524358;0.00625;False;ok;75;1;1.678;
14;-15.71138932;27.78524358;0.00625;False;ok;75;1;1.603;
15;-15.71763932;27.79149358;0.00625;False;ok;43;1;1.505;
16;-15.71138932;27.79149358;0.00625;False;ok;73;1;1.615;
17;-15.70513932;27.78524358;0.0125;False;ok;55;1;1.564;
18;-15.71763932;27.79774358;0.0125;False;ok;47;1;1.482;
19;-15.70513932;27.79774358;0.0125;False;ok;3;1;1.471;
20;-15.69263932;27.76024358;0.025;False;ok;75;1;0.835;
21;-15.66763932;27.76024358;0.025;False;ok;73;1;1.302;
22;-15.66763932;27.78524358;0.025;False;ok;67;1;1.306;
23;-15.64263932;27.73524358;0.025;False;ok;56;1;1.248;
24;-15.61763932;27.73524358;0.0125;False;ok;56;1;1.257;
25;-15.60513932;27.73524358;0.0125;False;ok;42;1;1.352;
26;-15.61763932;27.74774358;0.0125;False;ok;52;1;1.370;
27;-15.60513932;27.74774358;0.00625;False;ok;43;1;1.424;
28;-15.59888932;27.74774358;0.00625;False;ok;40;1;1.508;
29;-15.60513932;27.75399358;0.00625;False;ok;74;1;1.682;
30;-15.59888932;27.75399358;0.00625;False;ok;60;1;1.576;
31;-15.58013932;27.73524358;0.0125;False;ok;6;1;1.318;
32;-15.59263932;27.74774358;0.00625;False;ok;23;1;1.404;
33;-15.58638932;27.74774358;0.00625;False;ok;23;1;1.336;
34;-15.59263932;27.75399358;0.00625;False;ok;73;1;1.673;
35;-15.58638932;27.75399358;0.00625;False;ok;46;1;1.422;
36;-15.58013932;27.74774358;0.00625;False;ok;75;1;1.723;
37;-15.57388932;27.74774358;0.00625;False;ok;46;1;1.563;
38;-15.58013932;27.75399358;0.003125;False;ok;74;1;1.450;
39;-15.57701432;27.75399358;0.003125;False;ok;14;1;1.237;
40;-15.58013932;27.75711858;0.003125;False;ok;49;1;0.947;
41;-15.57701432;27.75711858;0.003125;False;ok;42;1;1.974;
42;-15.57388932;27.75399358;0.003125;False;ok;24;1;2.704;
43;-15.57076432;27.75399358;0.003125;False;ok;19;1;3.385;
44;-15.57388932;27.75711858;0.003125;False;ok;75;1;3.716;
45;-15.57076432;27.75711858;0.003125;False;ok;75;1;4.519;
46;-15.56763932;27.73524358;0.025;False;ok;26;1;4.696;
47;-15.64263932;27.76024358;0.05;False;ok;73;1;2.956;
48;-15.59263932;27.76024358;0.0125;False;ok;73;1;2.980;
49;-15.58013932;27.76024358;0.00625;False;ok;75;1;4.712;
50;-15.57388932;27.76024358;0.00625;False;ok;52;1;4.949;
51;-15.58013932;27.76649358;0.00625;False;ok;12;1;4.771;
52;-15.57388932;27.76649358;0.00625;False;ok;6;1;4.801;
53;-15.59263932;27.77274358;0.0125;False;ok;0;1;3.452;
54;-15.56763932;27.76024358;0.00625;False;ok;75;1;5.133;
55;-15.56138932;27.76024358;0.00625;False;ok;18;1;5.230;
56;-15.56138932;27.76649358;0.00625;False;ok;3;1;2.903;
57;-15.55513932;27.76024358;0.00625;False;ok;16;1;4.972;
58;-15.55513932;27.76649358;0.00625;False;ok;72;1;5.190;
59;-15.54888932;27.76649358;0.00625;False;ok;73;1;2.943;
60;-15.55513932;27.77274358;0.0125;False;ok;9;1;4.917;
61;-15.54263932;27.76024358;0.0125;False;ok;75;1;3.116;
62;-15.54263932;27.77274358;0.0125;False;ok;24;1;4.399;
63;-15.53013932;27.77274358;0.0125;False;ok;74;1;3.153;
64;-15.51763932;27.76024358;0.025;False;ok;7;1;2.988;
65;-15.49263932;27.76024358;0.05;False;ok;21;1;2.867;
66;-18.04263932;27.81024358;0.1;False;ok;31;1;5.084;
67;-17.94263932;27.81024358;0.1;False;ok;70;1;3.052;
68;-15.76763932;27.81024358;0.00625;False;ok;1;1;5.129;
69;-15.76763932;27.81649358;0.003125;False;ok;71;1;3.016;
70;-15.76451432;27.81649358;0.003125;False;ok;75;1;5.149;
71;-15.76451432;27.81961858;0.003125;False;ok;28;1;4.849;
72;-15.76138932;27.81649358;0.00625;False;ok;14;1;4.910;
73;-15.75513932;27.81024358;0.0125;False;ok;40;1;4.953;
74;-15.76763932;27.82274358;0.0125;False;ok;24;1;2.968;
75;-15.76763932;27.83524358;0.025;False;ok;15;1;4.969;
76;-15.84263932;27.86024358;0.05;False;ok;11;1;4.850;
77;-15.74263932;27.81024358;0.1;False;ok;45;1;5.034;
78;-15.64263932;27.81024358;0.1;False;ok;55;1;4.948;
79;-15.54263932;27.81024358;0.1;False;ok;73;1;5.052;
80;-15.44263932;27.81024358;0.05;False;ok;75;1;5.022;
81;-15.39263932;27.81024358;0.05;False;ok;40;1;4.815;
82;-15.44263932;27.86024358;0.05;False;ok;49;1;3.119;
83;-15.39263932;27.86024358;0.05;False;ok;10;1;3.021;
84;-17.74263932;27.91024358;0.1;False;ok;0;1;3.631;
85;-16.66763932;27.99774358;0.0125;False;ok;28;1;3.010;
86;-16.65513932;28.00399358;0.00625;False;ok;23;1;3.062;
87;-16.64888932;28.00399358;0.00625;False;ok;75;1;5.203;
88;-16.64263932;27.91024358;0.1;False;ok;75;1;3.154;
89;-15.84263932;27.91024358;0.1;False;ok;67;1;4.852;
90;-15.74263932;27.91024358;0.1;False;ok;8;1;4.521;
91;-15.64263932;27.91024358;0.05;False;ok;11;1;2.914;
92;-15.59263932;27.91024358;0.05;False;ok;34;1;2.977;
93;-15.64263932;27.96024358;0.05;False;ok;73;1;3.133;
94;-15.59263932;27.96024358;0.05;False;ok;44;1;5.101;
95;-15.54263932;27.91024358;0.1;False;ok;75;1;5.509;
96;-15.44263932;27.91024358;0.05;False;ok;48;1;6.303;
97;-15.39263932;27.91024358;0.05;False;ok;5;1;2.920;
98;-15.44263932;27.96024358;0.05;False;ok;61;1;3.091;
99;-15.39263932;27.96024358;0.05;False;ok;74;1;5.505;
100;-17.44263932;28.01024358;0.1;False;ok;38;1;5.294;
101;-17.34263932;28.01024358;0.05;False;ok;1;1;5.054;
102;-17.34263932;28.06024358;0.025;False;ok;37;1;5.300;
103;-17.34263932;28.08524358;0.0125;False;ok;70;1;5.313;
104;-17.34263932;28.09774358;0.0125;False;ok;9;1;5.173;
105;-17.33013932;28.09774358;0.0125;False;ok;13;1;5.088;
106;-17.31763932;28.08524358;0.025;False;ok;1;1;4.963;
107;-17.29263932;28.06024358;0.05;False;ok;8;1;2.965;
108;-17.24263932;28.01024358;0.1;False;ok;71;1;3.035;
109;-17.14263932;28.01024358;0.1;False;ok;74;1;3.119;
110;-16.84263932;28.01024358;0.1;False;ok;75;1;4.737;
111;-16.70513932;28.01024358;0.0125;False;ok;59;1;3.030;
112;-16.70513932;28.02274358;0.0125;False;ok;74;1;3.083;
113;-16.73638932;28.04774358;0.00625;False;ok;1;1;2.805;
114;-16.74263932;28.05399358;0.00625;False;ok;0;1;5.293;
115;-16.73638932;28.05399358;0.003125;False;ok;9;1;4.736;
116;-16.73326432;28.05399358;0.003125;False;ok;7;1;2.789;
117;-16.73638932;28.05711858;0.003125;False;ok;70;1;4.523;
118;-16.73326432;28.05711858;0.003125;False;ok;44;1;4.587;
119;-16.73013932;28.04774358;0.00625;False;ok;67;1;2.914;
120;-16.72076432;28.04774358;0.003125;False;ok;36;1;4.886;
121;-16.72388932;28.05086858;0.003125;False;ok;72;1;4.839;
122;-16.72076432;28.05086858;0.003125;False;ok;75;1;3.106;
123;-16.73013932;28.05399358;0.003125;False;ok;20;1;5.205;
124;-16.72701432;28.05399358;0.003125;False;ok;75;1;5.532;
125;-16.73013932;28.05711858;0.003125;False;ok;73;1;5.408;
126;-16.72701432;28.05711858;0.003125;False;ok;1;1;5.245;
127;-16.72388932;28.05399358;0.00625;False;ok;60;1;3.074;
128;-16.71763932;28.03524358;0.0125;False;ok;73;1;5.553;
129;-16.71763932;28.04774358;0.003125;False;ok;6;1;5.237;
130;-16.71451432;28.04774358;0.003125;False;ok;74;1;3.227;
131;-16.71763932;28.05086858;0.003125;False;ok;72;1;3.214;
132;-16.71451432;28.05086858;0.003125;False;ok;74;1;5.309;
133;-16.71138932;28.04774358;0.00625;False;ok;75;1;3.308;
134;-16.71763932;28.05399358;0.00625;False;ok;69;1;5.125;
135;-16.71138932;28.05399358;0.00625;False;ok;52;1;3.253;
136;-16.70513932;28.04774358;0.0125;False;ok;75;1;4.930;
137;-16.69263932;28.01024358;0.025;False;ok;22;1;3.013;
138;-16.66763932;28.01024358;0.0125;False;ok;16;1;4.688;
139;-16.65513932;28.01024358;0.0125;False;ok;74;1;3.098;
140;-16.66763932;28.02274358;0.0125;False;ok;0;1;3.694;
141;-16.65513932;28.02274358;0.0125;False;ok;2;1;3.374;
142;-16.69263932;28.03524358;0.025;False;ok;6;1;4.831;
143;-16.66763932;28.03524358;0.025;False;ok;8;1;4.834;
144;-16.73638932;28.06024358;0.00625;False;ok;73;1;5.122;
145;-16.73638932;28.06649358;0.00625;False;ok;73;1;5.048;
146;-16.73013932;28.06024358;0.0015625;False;ok;68;1;3.104;
147;-16.72857682;28.06024358;0.0015625;False;ok;25;1;4.850;
148;-16.73013932;28.06180608;0.0015625;False;ok;37;1;4.760;
149;-16.72857682;28.06180608;0.0015625;False;ok;58;1;5.050;
150;-16.72701432;28.06024358;0.003125;False;ok;59;1;4.957;
151;-16.73013932;28.06336858;0.003125;False;ok;75;1;5.102;
152;-16.72388932;28.06024358;0.00625;False;ok;3;1;4.971;
153;-16.73013932;28.06649358;0.003125;False;ok;42;1;3.077;
154;-16.72701432;28.06649358;0.003125;False;ok;13;1;4.967;
155;-16.73013932;28.06961858;0.003125;False;ok;75;1;3.190;
156;-16.72388932;28.06649358;0.00625;False;ok;10;1;2.964;
157;-16.73638932;28.07274358;0.003125;False;ok;4;1;4.713;
158;-16.73326432;28.07274358;0.003125;False;ok;75;1;3.163;
159;-16.73638932;28.07586858;0.003125;False;ok;43;1;3.086;
160;-16.73326432;28.07586858;0.003125;False;ok;67;1;4.856;
161;-16.73638932;28.07899358;0.003125;False;ok;11;1;4.517;
162;-16.73326432;28.07899358;0.003125;False;ok;58;1;3.049;
163;-16.73638932;28.08211858;0.003125;False;ok;11;1;4.394;
164;-16.73326432;28.08211858;0.0015625;False;ok;21;1;2.796;
165;-16.73170182;28.08211858;0.0015625;False;ok;69;1;4.206;
166;-16.73326432;28.08368108;0.0015625;False;ok;45;1;2.703;
167;-16.73013932;28.07274358;0.00625;False;ok;74;1;2.822;
168;-16.72388932;28.07274358;0.00625;False;ok;11;1;4.117;
169;-16.73013932;28.07899358;0.00625;False;ok;75;1;4.248;
170;-16.72388932;28.07899358;0.00625;False;ok;75;1;4.484;
171;-16.71763932;28.06024358;0.025;False;ok;75;1;2.810;
172;-16.74263932;28.08524358;0.00625;False;ok;7;1;4.259;
173;-16.73638932;28.08524358;0.00625;False;ok;74;1;2.764;
174;-16.74263932;28.09149358;0.00625;False;ok;53;1;4.373;
175;-16.73638932;28.09149358;0.00625;False;ok;44;1;4.459;
176;-16.73013932;28.08524358;0.00625;False;ok;72;1;4.710;
177;-16.72388932;28.08524358;0.00625;False;ok;75;1;4.563;
178;-16.73013932;28.09149358;0.00625;False;ok;49;1;4.378;
179;-16.72388932;28.09149358;0.00625;False;ok;31;1;2.480;
180;-16.74263932;28.09774358;0.0125;False;ok;6;1;4.435;
181;-16.73013932;28.09774358;0.0125;False;ok;4;1;2.474;
182;-16.71763932;28.08524358;0.025;False;ok;72;1;2.783;
183;-16.69263932;28.06024358;0.05;False;ok;75;1;2.894;
184;-16.64263932;28.01024358;0.025;False;ok;75;1;5.056;
185;-16.61763932;28.01024358;0.0125;False;ok;65;1;5.194;
186;-16.61763932;28.02274358;0.00625;False;ok;74;1;3.225;
187;-16.61138932;28.02274358;0.00625;False;ok;75;1;5.786;
188;-16.61763932;28.02899358;0.00625;False;ok;48;1;3.107;
189;-16.61138932;28.02899358;0.00625;False;ok;71;1;5.634;
190;-16.60513932;28.02274358;0.0125;False;ok;75;1;3.325;
191;-16.64263932;28.03524358;0.025;False;ok;10;1;5.627;
192;-16.61763932;28.03524358;0.025;False;ok;44;1;5.719;
193;-16.59263932;28.01024358;0.025;False;ok;64;1;3.307;
194;-16.56451432;28.02899358;0.003125;False;ok;23;1;5.583;
195;-16.56763932;28.03211858;0.003125;False;ok;41;1;5.520;
196;-16.56451432;28.03211858;0.003125;False;ok;75;1;3.314;
197;-16.56138932;28.02899358;0.00625;False;ok;0;1;6.353;
198;-16.59263932;28.03524358;0.025;False;ok;1;1;5.626;
199;-16.56763932;28.03524358;0.025;False;ok;30;1;3.303;
200;-16.64263932;28.06024358;0.05;False;ok;51;1;5.670;
201;-16.59263932;28.06024358;0.05;False;ok;71;1;5.767;
202;-16.54263932;28.04149358;0.003125;False;ok;30;1;5.590;
203;-16.53951432;28.04149358;0.003125;False;ok;44;1;5.580;
204;-16.54263932;28.04461858;0.003125;False;ok;18;1;3.152;
205;-16.53951432;28.04461858;0.003125;False;ok;75;1;3.214;
206;-16.53638932;28.04149358;0.00625;False;ok;75;1;3.381;
207;-16.54263932;28.04774358;0.00625;False;ok;38;1;5.534;
208;-16.53638932;28.04774358;0.00625;False;ok;74;1;3.294;
209;-16.53013932;28.04774358;0.0125;False;ok;51;1;5.469;
210;-16.54263932;28.06024358;0.05;False;ok;1;1;3.156;
211;-16.49263932;28.06024358;0.05;False;ok;55;1;3.371;
212;-15.74263932;28.01024358;0.05;False;ok;8;1;5.360;
213;-15.69263932;28.01024358;0.05;False;ok;31;1;5.457;
214;-15.74263932;28.06024358;0.05;False;ok;75;1;3.351;
215;-15.69263932;28.06024358;0.05;False;ok;53;1;3.334;
216;-15.64263932;28.01024358;0.1;False;ok;74;1;5.620;
217;-15.54263932;28.01024358;0.05;False;ok;64;1;5.541;
218;-15.49263932;28.01024358;0.05;False;ok;58;1;5.687;
219;-15.54263932;28.06024358;0.05;False;ok;40;1;5.714;
220;-15.49263932;28.06024358;0.05;False;ok;17;1;3.238;
221;-15.44263932;28.01024358;0.05;False;ok;14;1;5.577;
222;-15.39263932;28.01024358;0.05;False;ok;19;1;3.145;
223;-15.44263932;28.06024358;0.05;False;ok;73;1;6.083;
224;-14.44263932;28.01024358;0.1;False;ok;73;1;5.823;
225;-14.34263932;28.01024358;0.1;False;ok;74;1;5.986;
226;-17.34263932;28.11024358;0.1;False;ok;75;1;3.379;
227;-17.24263932;28.11024358;0.05;False;ok;20;1;5.875;
228;-17.19263932;28.11024358;0.05;False;ok;13;1;5.533;
229;-17.24263932;28.16024358;0.05;False;ok;57;1;3.381;
230;-17.19263932;28.16024358;0.05;False;ok;54;1;3.303;
231;-17.14263932;28.11024358;0.1;False;ok;1;1;3.110;
232;-16.84263932;28.11024358;0.05;False;ok;5;1;5.455;
233;-16.77388932;28.11024358;0.00625;False;ok;5;1;5.649;
234;-16.78013932;28.11649358;0.00625;False;ok;74;1;3.475;
235;-16.77388932;28.11649358;0.00625;False;ok;75;1;3.340;
236;-16.79263932;28.12274358;0.0125;False;ok;75;1;5.587;
237;-16.78013932;28.12274358;0.00625;False;ok;73;1;5.736;
238;-16.77388932;28.12274358;0.00625;False;ok;74;1;3.381;
239;-16.78013932;28.12899358;0.00625;False;ok;58;1;5.727;
240;-16.77388932;28.12899358;0.00625;False;ok;11;1;3.136;
241;-16.76763932;28.11024358;0.025;False;ok;52;1;5.779;
242;-16.79263932;28.13524358;0.025;False;ok;14;1;5.449;
243;-16.76763932;28.13524358;0.025;False;ok;73;1;5.759;
244;-16.84263932;28.16024358;0.05;False;ok;75;1;3.443;
245;-16.79263932;28.16024358;0.05;False;ok;73;1;3.367;
246;-16.74263932;28.11024358;0.1;False;ok;75;1;5.850;
247;-16.64263932;28.11024358;0.1;False;ok;67;1;3.316;
248;-16.54263932;28.11024358;0.1;False;ok;74;1;5.924;
249;-16.44263932;28.11024358;0.1;False;ok;74;1;5.797;
250;-15.74263932;28.11024358;0.1;False;ok;75;1;5.882;
251;-15.64263932;28.11024358;0.1;False;ok;74;1;5.897;
252;-15.54263932;28.11024358;0.1;False;ok;75;1;6.013;
253;-15.44263932;28.11024358;0.0125;False;ok;9;1;3.205;
254;-15.43013932;28.11024358;0.0125;False;ok;35;1;3.355;
255;-15.44263932;28.12274358;0.0125;False;ok;75;1;3.402;
256;-15.43013932;28.12274358;0.0125;False;ok;17;1;5.475;
257;-15.41763932;28.11024358;0.025;False;ok;2;1;5.288;
258;-15.44263932;28.13524358;0.00625;False;ok;75;1;3.390;
259;-15.43638932;28.13524358;0.003125;False;ok;67;1;3.295;
260;-15.43326432;28.13524358;0.003125;False;ok;16;1;4.750;
261;-15.43638932;28.13836858;0.0015625;False;ok;74;1;4.922;
262;-15.43482682;28.13836858;0.0015625;False;ok;37;1;3.239;
263;-15.43638932;28.13993108;0.0015625;False;ok;35;1;3.147;
264;-15.43482682;28.13993108;0.0015625;False;ok;75;1;4.719;
265;-15.43326432;28.13836858;0.003125;False;ok;74;1;4.797;
266;-15.43638932;28.14149358;0.003125;False;ok;27;1;4.566;
267;-15.43326432;28.14149358;0.003125;False;ok;75;1;3.100;
268;-15.43326432;28.14461858;0.003125;False;ok;60;1;4.606;
269;-15.43013932;28.13524358;0.0125;False;ok;66;1;3.030;
270;-15.44263932;28.14774358;0.0125;False;ok;74;1;4.221;
271;-15.43013932;28.14774358;0.0125;False;ok;72;1;2.823;
272;-15.44263932;28.16024358;0.05;False;ok;2;1;2.556;
273;-14.34263932;28.11024358;0.1;False;ok;51;1;4.416;
274;-14.24263932;28.11024358;0.05;False;ok;72;1;4.332;
275;-14.24263932;28.16024358;0.05;False;ok;75;1;4.304;
276;-14.19263932;28.16024358;0.05;False;ok;56;1;4.018;
277;-14.14263932;28.11024358;0.1;False;ok;74;1;4.227;
278;-14.04263932;28.11024358;0.1;False;ok;29;1;2.593;
279;-16.94263932;28.21024358;0.1;False;ok;20;1;2.503;
280;-16.84263932;28.21024358;0.0125;False;ok;17;1;3.902;
281;-16.83013932;28.21024358;0.0125;False;ok;5;1;3.944;
282;-16.84263932;28.22274358;0.00625;False;ok;72;1;2.721;
283;-16.83638932;28.22274358;0.00625;False;ok;2;1;4.326;
284;-16.84263932;28.22899358;0.003125;False;ok;74;1;2.620;
285;-16.83951432;28.22899358;0.003125;False;ok;37;1;4.518;
286;-16.84263932;28.23211858;0.003125;False;ok;55;1;2.524;
287;-16.83951432;28.23211858;0.003125;False;ok;2;1;2.424;
288;-16.83638932;28.22899358;0.00625;False;ok;39;1;4.191;
289;-16.81763932;28.21024358;0.025;False;ok;5;1;4.247;
290;-16.84263932;28.23524358;0.003125;False;ok;73;1;4.488;
291;-16.84263932;28.23836858;0.003125;False;ok;56;1;2.901;
292;-16.83951432;28.23836858;0.003125;False;ok;23;1;4.314;
293;-16.83638932;28.23524358;0.00625;False;ok;32;1;2.819;
294;-16.84263932;28.24149358;0.00625;False;ok;75;1;4.506;
295;-16.83013932;28.23524358;0.0125;False;ok;6;1;4.392;
296;-16.84263932;28.24774358;0.0125;False;ok;25;1;2.759;
297;-16.83013932;28.24774358;0.0125;False;ok;3;1;4.357;
298;-16.81763932;28.23524358;0.025;False;ok;35;1;4.524;
299;-16.79263932;28.21024358;0.05;False;ok;12;1;4.479;
300;-16.84263932;28.26024358;0.05;False;ok;37;1;2.686;
301;-16.64263932;28.21024358;0.1;False;ok;2;1;4.111;
302;-16.54263932;28.21024358;0.1;False;ok;34;1;2.637;
303;-16.44263932;28.21024358;0.1;False;ok;74;1;4.283;
304;-14.24263932;28.21024358;0.1;False;ok;33;1;2.554;
305;-14.14263932;28.21024358;0.1;False;ok;33;1;4.000;
306;-14.04263932;28.21024358;0.1;False;ok;75;1;3.942;
307;-16.94263932;28.31024358;0.1;False;ok;72;1;2.569;
308;-16.84263932;28.31024358;0.05;False;ok;22;1;2.500;
309;-16.79263932;28.31024358;0.05;False;ok;18;1;4.033;
310;-16.84263932;28.36024358;0.05;False;ok;75;1;4.286;
311;-16.79263932;28.36024358;0.05;False;ok;74;1;2.642;
312;-16.74263932;28.31024358;0.05;False;ok;56;1;4.109;
313;-16.69263932;28.31024358;0.05;False;ok;17;1;2.441;
314;-16.74263932;28.36024358;0.025;False;ok;70;1;4.205;
315;-16.71763932;28.36024358;0.025;False;ok;75;1;2.479;
316;-16.69263932;28.36024358;0.05;False;ok;75;1;2.500;
317;-16.59263932;28.31024358;0.05;False;ok;7;1;4.041;
318;-16.64263932;28.36024358;0.05;False;ok;60;1;4.100;
319;-16.59263932;28.36024358;0.025;False;ok;24;1;4.483;
320;-16.56763932;28.36024358;0.025;False;ok;17;1;2.597;
321;-16.59263932;28.38524358;0.025;False;ok;72;1;2.723;
322;-16.56763932;28.38524358;0.025;False;ok;69;1;4.695;
323;-16.54263932;28.31024358;0.05;False;ok;2;1;4.409;
324;-16.54263932;28.36024358;0.05;False;ok;75;1;4.417;
325;-16.49263932;28.36024358;0.05;False;ok;0;1;5.017;
326;-16.44263932;28.31024358;0.05;False;ok;68;1;4.586;
327;-16.39263932;28.31024358;0.05;False;ok;68;1;4.458;
328;-16.39263932;28.36024358;0.05;False;ok;75;1;2.958;
329;-16.34263932;28.31024358;0.1;False;ok;74;1;2.999;
330;-14.24263932;28.31024358;0.1;False;ok;13;1;4.398;
331;-14.14263932;28.31024358;0.1;False;ok;21;1;2.727;
332;-14.04263932;28.31024358;0.1;False;ok;39;1;2.732;
333;-13.94263932;28.31024358;0.05;False;ok;2;1;4.060;
334;-13.89263932;28.36024358;0.025;False;ok;74;1;4.425;
335;-13.86763932;28.36024358;0.025;False;ok;6;1;2.663;
336;-13.88013932;28.38524358;0.0125;False;ok;75;1;4.236;
337;-13.89263932;28.39774358;0.0125;False;ok;11;1;2.644;
338;-13.88013932;28.39774358;0.0125;False;ok;74;1;4.363;
339;-13.86763932;28.38524358;0.0125;False;ok;37;1;4.340;
340;-13.85513932;28.38524358;0.0125;False;ok;8;1;3.952;
341;-13.86763932;28.39774358;0.00625;False;ok;35;1;2.412;
342;-13.86138932;28.39774358;0.00625;False;ok;75;1;2.556;
343;-13.86138932;28.40399358;0.00625;False;ok;7;1;2.382;
344;-13.85513932;28.39774358;0.0125;False;ok;32;1;2.469;
345;-17.94263932;28.41024358;0.1;False;ok;67;1;4.383;
346;-17.84263932;28.41024358;0.1;False;ok;14;1;4.293;
347;-16.56763932;28.41024358;0.0125;False;ok;75;1;4.784;
348;-16.55513932;28.41024358;0.00625;False;ok;75;1;4.653;
349;-16.54888932;28.41024358;0.00625;False;ok;74;1;4.792;
350;-16.55513932;28.41649358;0.00625;False;ok;71;1;4.635;
351;-16.54888932;28.41649358;0.00625;False;ok;75;1;2.700;
352;-16.54263932;28.41024358;0.025;False;ok;75;1;4.745;
353;-16.51763932;28.41024358;0.025;False;ok;75;1;2.682;
354;-16.51763932;28.43524358;0.025;False;ok;4;1;4.376;
355;-16.49263932;28.41024358;0.05;False;ok;75;1;4.799;
356;-16.49263932;28.46024358;0.05;False;ok;40;1;2.918;
357;-16.44263932;28.41024358;0.05;False;ok;6;1;2.805;
358;-16.39263932;28.41024358;0.05;False;ok;21;1;2.895;
359;-16.44263932;28.46024358;0.05;False;ok;73;1;3.125;
360;-16.39263932;28.46024358;0.05;False;ok;40;1;4.831;
361;-16.34263932;28.41024358;0.05;False;ok;47;1;5.033;
362;-16.29263932;28.41024358;0.05;False;ok;52;1;5.002;
363;-16.34263932;28.46024358;0.05;False;ok;74;1;4.898;
364;-16.29263932;28.46024358;0.025;False;ok;44;1;4.764;
365;-16.26763932;28.46024358;0.0125;False;ok;75;1;2.843;
366;-16.25513932;28.46024358;0.0125;False;ok;75;1;2.941;
367;-16.26763932;28.47274358;0.0125;False;ok;8;1;4.275;
368;-16.25513932;28.47274358;0.0125;False;ok;47;1;4.285;
369;-16.29263932;28.48524358;0.025;False;ok;4;1;2.632;
370;-16.24263932;28.41024358;0.1;False;ok;74;1;3.037;
371;-14.14263932;28.41024358;0.1;False;ok;16;1;4.603;
372;-14.04263932;28.41024358;0.1;False;ok;32;1;4.619;
373;-13.89263932;28.41024358;0.05;False;ok;74;1;2.985;
374;-13.94263932;28.46024358;0.05;False;ok;7;1;4.555;
375;-13.89263932;28.46024358;0.025;False;ok;13;1;2.634;
376;-13.86763932;28.46024358;0.025;False;ok;1;1;4.675;
377;-13.89263932;28.48524358;0.025;False;ok;48;1;4.764;
378;-13.86763932;28.48524358;0.025;False;ok;75;1;4.889;
379;-17.89263932;28.51024358;0.05;False;ok;9;1;2.543;
380;-17.91763932;28.56024358;0.025;False;ok;12;1;4.560;
381;-17.94263932;28.58524358;0.025;False;ok;8;1;2.686;
382;-17.91763932;28.58524358;0.0125;False;ok;75;1;4.501;
383;-17.90513932;28.58524358;0.0125;False;ok;11;1;2.646;
384;-17.91763932;28.59774358;0.0125;False;ok;9;1;4.626;
385;-17.90513932;28.59774358;0.0125;False;ok;17;1;5.042;
386;-17.89263932;28.56024358;0.05;False;ok;26;1;4.966;
387;-17.84263932;28.51024358;0.1;False;ok;62;1;2.968;
388;-16.44263932;28.51024358;0.1;False;ok;74;1;5.155;
389;-16.34263932;28.51024358;0.1;False;ok;73;1;3.151;
390;-16.24263932;28.51024358;0.1;False;ok;73;1;3.034;
391;-14.04263932;28.51024358;0.1;False;ok;49;1;5.325;
392;-13.94263932;28.51024358;0.1;False;ok;36;1;5.028;
393;-13.84263932;28.51024358;0.1;False;ok;55;1;3.007;
394;-18.04263932;28.61024358;0.1;False;ok;74;1;3.167;
395;-17.94263932;28.61024358;0.025;False;ok;4;1;4.837;
396;-17.91763932;28.61024358;0.025;False;ok;16;1;4.881;
397;-17.94263932;28.63524358;0.025;False;ok;72;1;5.103;
398;-17.91763932;28.63524358;0.025;False;ok;74;1;5.117;
399;-17.89263932;28.61024358;0.025;False;ok;6;1;2.878;
400;-17.89263932;28.63524358;0.025;False;ok;70;1;5.134;
401;-17.86763932;28.63524358;0.025;False;ok;23;1;5.040;
402;-17.94263932;28.66024358;0.05;False;ok;75;1;3.065;
403;-17.89263932;28.66024358;0.05;False;ok;6;1;2.875;
404;-17.84263932;28.61024358;0.05;False;ok;4;1;4.867;
405;-17.79263932;28.61024358;0.025;False;ok;37;1;3.001;
406;-17.76763932;28.61024358;0.025;False;ok;10;1;5.057;
407;-17.79263932;28.63524358;0.025;False;ok;60;1;3.422;
408;-17.76763932;28.63524358;0.025;False;ok;75;1;5.219;
409;-17.84263932;28.66024358;0.05;False;ok;1;1;2.846;
410;-17.79263932;28.66024358;0.025;False;ok;45;1;5.148;
411;-17.76763932;28.66024358;0.025;False;ok;73;1;5.085;
412;-17.79263932;28.68524358;0.025;False;ok;17;1;2.879;
413;-17.76763932;28.68524358;0.025;False;ok;74;1;5.100;
414;-14.01763932;28.66024358;0.0125;False;ok;0;1;5.605;
415;-14.01763932;28.67274358;0.0125;False;ok;74;1;5.282;
416;-14.00513932;28.67274358;0.0125;False;ok;6;1;2.886;
417;-14.04263932;28.68524358;0.025;False;ok;1;1;2.831;
418;-14.01763932;28.68524358;0.025;False;ok;75;1;3.052;
419;-13.99263932;28.66024358;0.05;False;ok;50;1;5.013;
420;-13.94263932;28.61024358;0.05;False;ok;75;1;5.078;
421;-13.89263932;28.61024358;0.05;False;ok;1;1;4.988;
422;-13.94263932;28.66024358;0.05;False;ok;74;1;5.117;
423;-13.89263932;28.66024358;0.05;False;ok;75;1;3.184;
424;-13.84263932;28.61024358;0.1;False;ok;2;1;2.892;
425;-18.04263932;28.71024358;0.1;False;ok;73;1;5.277;
426;-17.94263932;28.71024358;0.1;False;ok;19;1;4.888;
427;-17.84263932;28.71024358;0.1;False;ok;62;1;3.002;
428;-17.74263932;28.71024358;0.1;False;ok;4;1;5.000;
429;-14.04263932;28.71024358;0.1;False;ok;74;1;3.080;
430;-13.94263932;28.71024358;0.05;False;ok;4;1;2.833;
431;-13.88013932;28.71024358;0.0125;False;ok;75;1;5.017;
432;-13.89263932;28.72274358;0.0125;False;ok;0;1;3.641;
433;-13.88013932;28.72274358;0.0125;False;ok;75;1;4.976;
434;-13.86763932;28.71024358;0.0125;False;ok;46;1;5.077;
435;-13.86763932;28.72274358;0.00625;False;ok;74;1;5.106;
436;-13.86138932;28.72274358;0.00625;False;ok;74;1;3.202;
437;-13.86763932;28.72899358;0.00625;False;ok;75;1;5.013;
438;-13.86138932;28.72899358;0.00625;False;ok;52;1;3.029;
439;-13.85513932;28.72274358;0.0125;False;ok;18;1;2.985;
440;-13.87388932;28.73524358;0.003125;False;ok;75;1;5.085;
441;-13.87076432;28.73524358;0.003125;False;ok;73;1;5.102;
442;-13.87388932;28.73836858;0.003125;False;ok;23;1;4.929;
443;-13.87076432;28.73836858;0.003125;False;ok;75;1;5.090;
444;-13.87388932;28.74149358;0.00625;False;ok;75;1;3.070;
445;-13.86763932;28.73524358;0.025;False;ok;75;1;3.092;
446;-13.84263932;28.71024358;0.1;False;ok;2;1;4.813;
447;-13.74263932;28.71024358;0.1;False;ok;1;1;4.642;
448;-18.04263932;28.81024358;0.1;False;ok;6;1;4.964;
449;-17.94263932;28.81024358;0.1;False;ok;12;1;4.924;
450;-17.84263932;28.81024358;0.1;False;ok;23;1;2.817;
451;-13.89263932;28.81024358;0.05;False;ok;5;1;4.807;
452;-13.89263932;28.86024358;0.025;False;ok;74;1;2.937;
453;-13.86763932;28.86024358;0.0125;False;ok;74;1;2.974;
454;-13.85513932;28.86024358;0.00625;False;ok;13;1;4.867;
455;-13.84888932;28.86024358;0.00625;False;ok;38;1;2.915;
456;-13.85513932;28.86649358;0.00625;False;ok;5;1;4.608;
457;-13.84888932;28.86649358;0.00625;False;ok;55;1;3.048;
458;-13.85513932;28.87274358;0.0125;False;ok;74;1;3.048;
459;-13.84263932;28.81024358;0.05;False;ok;75;1;5.277;
460;-13.84263932;28.86024358;0.00625;False;ok;33;1;5.117;
461;-13.83638932;28.86024358;0.00625;False;ok;72;1;4.922;
462;-13.84263932;28.86649358;0.00625;False;ok;72;1;3.100;
463;-13.83638932;28.86649358;0.00625;False;ok;22;1;5.301;
464;-13.83013932;28.86024358;0.0125;False;ok;75;1;5.149;
465;-13.84263932;28.87274358;0.0125;False;ok;59;1;3.112;
466;-13.83013932;28.87274358;0.0125;False;ok;75;1;5.346;
467;-13.81763932;28.86024358;0.0125;False;ok;75;1;3.186;
468;-13.80513932;28.86024358;0.00625;False;ok;75;1;5.398;
469;-13.79888932;28.86024358;0.00625;False;ok;57;1;5.355;
470;-13.80513932;28.86649358;0.00625;False;ok;41;1;3.069;
471;-13.74263932;28.81024358;0.1;False;ok;20;1;5.399;
472;-13.84263932;28.91024358;0.1;False;ok;75;1;5.313;
473;-13.71763932;28.91024358;0.025;False;ok;74;1;5.452;
474;-13.74263932;28.93524358;0.025;False;ok;13;1;5.203;
475;-13.71763932;28.93524358;0.025;False;ok;74;1;3.103;
476;-13.69263932;28.91024358;0.0125;False;ok;2;1;2.928;
477;-13.68013932;28.91024358;0.0125;False;ok;73;1;5.396;
478;-13.69263932;28.92274358;0.0125;False;ok;9;1;3.101;
479;-13.68013932;28.92274358;0.00625;False;ok;74;1;5.189;
480;-13.67388932;28.92274358;0.003125;False;ok;45;1;3.057;
481;-13.67076432;28.92274358;0.003125;False;ok;61;1;3.054;
482;-13.67388932;28.92586858;0.003125;False;ok;18;1;3.064;
483;-13.67076432;28.92586858;0.003125;False;ok;8;1;4.939;
484;-13.68013932;28.92899358;0.00625;False;ok;7;1;4.967;
485;-13.67388932;28.92899358;0.00625;False;ok;12;1;5.000;
486;-13.66763932;28.91024358;0.0125;False;ok;75;1;3.141;
487;-13.65513932;28.91649358;0.00625;False;ok;75;1;3.204;
488;-13.64888932;28.91649358;0.00625;False;ok;74;1;5.167;
489;-13.66763932;28.92274358;0.00625;False;ok;75;1;5.116;
490;-13.66138932;28.92274358;0.00625;False;ok;75;1;5.068;
491;-13.66763932;28.92899358;0.00625;False;ok;1;1;2.875;
492;-13.65513932;28.92274358;0.0125;False;ok;75;1;5.293;
493;-13.69263932;28.93524358;0.025;False;ok;55;1;5.180;
494;-13.66763932;28.93524358;0.025;False;ok;74;1;5.086;
495;-13.74263932;28.96024358;0.05;False;ok;17;1;2.953;
496;-13.69263932;28.96024358;0.05;False;ok;75;1;3.231;
497;-13.64263932;28.91024358;0.0125;False;ok;12;1;5.114;
498;-13.64263932;28.92274358;0.0125;False;ok;75;1;3.197;
499;-13.63013932;28.92274358;0.0125;False;ok;40;1;5.202;
500;-13.61763932;28.91024358;0.025;False;ok;15;1;4.810;
501;-13.64263932;28.93524358;0.025;False;ok;46;1;3.088;
502;-13.61763932;28.93524358;0.025;False;ok;75;1;5.203;
503;-13.59263932;28.94774358;0.0125;False;ok;75;1;3.260;
504;-13.58013932;28.94774358;0.0125;False;ok;14;1;5.143;
505;-13.56763932;28.93524358;0.025;False;ok;75;1;3.266;
506;-13.64263932;28.96024358;0.05;False;ok;57;1;5.265;
507;-13.59263932;28.96024358;0.025;False;ok;21;1;5.083;
508;-13.56763932;28.96024358;0.0125;False;ok;32;1;5.141;
509;-13.55513932;28.96024358;0.0125;False;ok;75;1;3.175;
510;-13.56763932;28.97274358;0.0125;False;ok;16;1;2.945;
511;-13.55513932;28.97274358;0.0125;False;ok;7;1;2.957;
512;-13.56763932;28.98524358;0.025;False;ok;4;1;4.961;
513;-13.54263932;28.96024358;0.025;False;ok;9;1;5.004;
514;-13.51763932;28.96024358;0.025;False;ok;6;1;5.034;
515;-13.54263932;28.98524358;0.025;False;ok;14;1;2.931;
516;-13.51763932;28.98524358;0.0125;False;ok;49;1;5.184;
517;-13.50513932;28.98524358;0.0125;False;ok;75;1;5.195;
518;-13.51763932;28.99774358;0.0125;False;ok;16;1;2.977;
519;-13.50513932;28.99774358;0.0125;False;ok;44;1;5.123;
520;-13.49263932;28.98524358;0.0125;False;ok;44;1;5.263;
521;-13.49263932;28.99774358;0.0125;False;ok;74;1;5.456;
522;-13.69263932;29.01024358;0.05;False;ok;63;1;3.091;
523;-13.69263932;29.06024358;0.05;False;ok;75;1;5.182;
524;-13.64263932;29.01024358;0.05;False;ok;42;1;3.022;
525;-13.59263932;29.01024358;0.05;False;ok;74;1;3.115;
526;-13.64263932;29.06024358;0.05;False;ok;16;1;2.989;
527;-13.59263932;29.06024358;0.05;False;ok;22;1;4.863;
528;-13.54263932;29.01024358;0.05;False;ok;14;1;4.711;
529;-13.49263932;29.01024358;0.05;False;ok;7;1;2.877;
530;-13.54263932;29.06024358;0.05;False;ok;18;1;4.949;
531;-13.49263932;29.06024358;0.05;False;ok;75;1;4.996;
532;-13.74263932;29.11024358;0.1;False;ok;0;1;3.608;
533;-13.64263932;29.11024358;0.05;False;ok;21;1;4.832;
534;-13.59263932;29.11024358;0.05;False;ok;74;1;3.069;
535;-13.54263932;29.11024358;0.05;False;ok;33;1;4.533;
536;-13.49263932;29.11024358;0.025;False;ok;14;1;2.918;
537;-13.46763932;29.11024358;0.025;False;ok;75;1;4.993;
538;-13.49263932;29.13524358;0.025;False;ok;9;1;4.613;
539;-13.46763932;29.13524358;0.025;False;ok;75;1;3.133;
540;-13.54263932;29.16024358;0.05;False;ok;3;1;2.835;
541;-13.49263932;29.16024358;0.05;False;ok;11;1;4.753;
542;-13.44263932;29.11024358;0.1;False;ok;0;1;5.388;
543;-13.54263932;29.21024358;0.05;False;ok;75;1;4.936;
544;-13.49263932;29.21024358;0.05;False;ok;43;1;2.897;
545;-13.49263932;29.26024358;0.05;False;ok;4;1;4.517;
546;-8.919748187;41.83647628;0.05;True;ok;2;1;4.356;
547;-8.869748187;41.83647628;0.05;True;ok;0;1;4.687;
548;-8.719748187;41.78647628;0.1;True;ok;0;1;2.786;
549;-8.219748187;41.78647628;0.1;True;ok;2;1;4.064;
550;-8.119748187;41.78647628;0.1;False;ok;14;1;2.800;
551;-8.919748187;41.88647628;0.1;True;ok;72;1;4.095;
552;-8.819748187;41.88647628;0.1;True;ok;10;1;2.992;
553;-8.219748187;41.88647628;0.1;False;ok;2;1;2.676;
554;-8.119748187;41.88647628;0.1;False;ok;26;1;2.797;
555;-8.019748187;41.88647628;0.1;False;ok;9;1;3.932;
556;-7.919748187;41.88647628;0.1;True;ok;0;1;3.957;
557;-7.519748187;41.88647628;0.1;False;ok;13;1;3.844;
558;-8.919748187;41.98647628;0.1;False;ok;49;1;2.499;
559;-8.819748187;41.98647628;0.1;False;ok;21;1;3.475;
560;-8.719748187;41.98647628;0.1;True;ok;48;1;3.869;
561;-8.619748187;41.98647628;0.1;True;ok;5;1;3.684;
562;-7.919748187;41.98647628;0.1;False;ok;3;1;2.236;
563;-7.819748187;41.98647628;0.1;False;ok;5;1;2.107;
564;-7.519748187;41.98647628;0.1;False;ok;5;1;3.745;
565;-7.419748187;41.98647628;0.1;False;ok;2;1;4.189;
566;-7.219748187;41.98647628;0.1;False;ok;3;1;2.235;
567;-7.119748187;41.98647628;0.1;False;ok;3;1;2.176;
568;-7.019748187;41.98647628;0.1;False;ok;0;1;5.035;
569;-6.919748187;41.98647628;0.1;False;ok;11;1;4.358;
570;-6.819748187;41.98647628;0.1;False;ok;2;1;2.332;
571;-6.719748187;41.98647628;0.1;False;ok;42;1;4.515;
572;-8.919748187;42.08647628;0.1;False;ok;74;1;4.971;
573;-8.819748187;42.08647628;0.1;False;ok;75;1;4.716;
574;-8.719748187;42.08647628;0.1;False;ok;62;1;4.737;
575;-8.619748187;42.08647628;0.1;False;ok;47;1;2.634;
576;-8.519748187;42.08647628;0.1;False;ok;32;1;2.833;
577;-8.419748187;42.08647628;0.1;False;ok;5;1;2.818;
578;-8.319748187;42.08647628;0.1;True;ok;18;1;4.689;
579;-8.219748187;42.08647628;0.1;True;ok;9;1;4.535;
580;-8.119748187;42.08647628;0.1;False;ok;2;1;4.277;
581;-8.019748187;42.08647628;0.1;False;ok;15;1;4.450;
582;-7.919748187;42.08647628;0.1;False;ok;11;1;2.869;
583;-7.819748187;42.08647628;0.1;False;ok;6;1;2.828;
584;-7.619748187;42.08647628;0.1;False;ok;1;1;2.706;
585;-7.219748187;42.08647628;0.1;False;ok;2;1;4.069;
586;-7.119748187;42.08647628;0.1;False;ok;0;1;4.752;
587;-6.819748187;42.08647628;0.1;False;ok;4;1;2.554;
588;-6.719748187;42.08647628;0.1;False;ok;40;1;3.864;
589;-8.919748187;42.18647628;0.1;False;ok;37;1;3.623;
590;-8.819748187;42.18647628;0.05;False;ok;62;1;2.403;
591;-8.769748187;42.18647628;0.05;False;ok;75;1;2.576;
592;-8.819748187;42.23647628;0.05;False;ok;75;1;3.614;
593;-8.769748187;42.23647628;0.05;False;ok;71;1;3.791;
594;-8.719748187;42.18647628;0.05;False;ok;75;1;2.380;
595;-8.669748187;42.18647628;0.05;False;ok;8;1;2.034;
596;-8.719748187;42.23647628;0.05;False;ok;74;1;4.219;
597;-8.669748187;42.23647628;0.05;False;ok;9;1;4.627;
598;-8.619748187;42.18647628;0.1;False;ok;75;1;2.414;
599;-8.519748187;42.18647628;0.1;False;ok;43;1;4.173;
600;-8.419748187;42.18647628;0.1;False;ok;14;1;4.132;
601;-8.319748187;42.18647628;0.1;False;ok;13;1;2.288;
602;-8.219748187;42.18647628;0.1;False;ok;23;1;4.093;
603;-8.119748187;42.18647628;0.1;False;ok;3;1;4.057;
604;-7.919748187;42.18647628;0.1;False;ok;19;1;4.188;
605;-7.819748187;42.18647628;0.1;False;ok;49;1;4.216;
606;-7.719748187;42.18647628;0.1;False;ok;6;1;2.727;
607;-7.619748187;42.18647628;0.1;False;ok;2;1;4.201;
608;-7.419748187;42.18647628;0.1;False;ok;0;1;3.426;
609;-7.319748187;42.18647628;0.1;False;ok;6;1;2.778;
610;-7.119748187;42.18647628;0.1;False;ok;2;1;4.562;
611;-8.919748187;42.28647628;0.1;False;ok;11;1;2.766;
612;-8.819748187;42.28647628;0.1;False;ok;75;1;4.787;
613;-8.719748187;42.28647628;0.1;False;ok;62;1;4.745;
614;-8.619748187;42.28647628;0.1;False;ok;75;1;2.975;
615;-8.519748187;42.28647628;0.1;False;ok;6;1;4.601;
616;-8.319748187;42.28647628;0.1;False;ok;1;1;2.677;
617;-8.219748187;42.28647628;0.1;False;ok;31;1;4.430;
618;-8.119748187;42.28647628;0.1;False;ok;24;1;4.606;
619;-8.019748187;42.28647628;0.1;False;ok;8;1;2.703;
620;-7.919748187;42.28647628;0.05;False;ok;5;1;4.812;
621;-7.869748187;42.28647628;0.05;False;ok;57;1;4.761;
622;-7.919748187;42.33647628;0.05;False;ok;28;1;2.788;
623;-7.869748187;42.33647628;0.05;False;ok;75;1;5.086;
624;-7.819748187;42.28647628;0.1;False;ok;36;1;5.010;
625;-7.719748187;42.28647628;0.1;False;ok;10;1;2.689;
626;-7.619748187;42.28647628;0.1;False;ok;26;1;4.963;
627;-7.519748187;42.28647628;0.1;False;ok;20;1;2.758;
628;-7.419748187;42.28647628;0.1;False;ok;13;1;5.291;
629;-7.319748187;42.28647628;0.1;False;ok;10;1;5.006;
630;-7.219748187;42.28647628;0.1;False;ok;7;1;2.776;
631;-6.819748187;42.28647628;0.1;False;ok;3;1;2.805;
632;-9.019748187;42.38647628;0.1;False;ok;42;1;5.182;
633;-8.919748187;42.38647628;0.05;False;ok;30;1;4.619;
634;-8.869748187;42.38647628;0.025;False;ok;41;1;2.911;
635;-8.844748187;42.38647628;0.0125;False;ok;26;1;4.626;
636;-8.832248187;42.38647628;0.0125;False;ok;74;1;4.670;
637;-8.844748187;42.39897628;0.0125;False;ok;13;1;3.026;
638;-8.832248187;42.39897628;0.0125;False;ok;30;1;4.565;
639;-8.869748187;42.41147628;0.025;False;ok;42;1;3.010;
640;-8.844748187;42.41147628;0.025;False;ok;16;1;3.044;
641;-8.919748187;42.43647628;0.05;False;ok;60;1;4.513;
642;-8.869748187;42.43647628;0.05;False;ok;74;1;3.015;
643;-8.819748187;42.39897628;0.0125;False;ok;74;1;2.987;
644;-8.807248187;42.39897628;0.0125;False;ok;73;1;4.541;
645;-8.794748187;42.38647628;0.025;False;ok;48;1;4.291;
646;-8.819748187;42.41147628;0.025;False;ok;22;1;4.344;
647;-8.769748187;42.38647628;0.05;False;ok;73;1;4.677;
648;-8.819748187;42.43647628;0.05;False;ok;48;1;2.536;
649;-8.769748187;42.43647628;0.05;False;ok;18;1;4.652;
650;-8.719748187;42.38647628;0.05;False;ok;74;1;4.646;
651;-8.669748187;42.41147628;0.025;False;ok;72;1;2.617;
652;-8.644748187;42.41147628;0.025;False;ok;74;1;4.663;
653;-8.719748187;42.43647628;0.05;False;ok;49;1;4.583;
654;-8.669748187;42.43647628;0.05;False;ok;20;1;2.473;
655;-8.619748187;42.38647628;0.1;False;ok;19;1;2.551;
656;-8.519748187;42.38647628;0.1;False;ok;15;1;4.623;
657;-8.419748187;42.38647628;0.1;False;ok;3;1;4.728;
658;-8.319748187;42.38647628;0.1;False;ok;2;1;2.699;
659;-8.219748187;42.38647628;0.1;False;ok;7;1;2.765;
660;-8.119748187;42.38647628;0.1;False;ok;24;1;4.690;
661;-8.019748187;42.38647628;0.1;False;ok;12;1;4.577;
662;-7.919748187;42.38647628;0.1;False;ok;13;1;4.521;
663;-7.819748187;42.38647628;0.1;False;ok;20;1;2.931;
664;-7.719748187;42.38647628;0.1;False;ok;19;1;4.554;
665;-7.619748187;42.38647628;0.1;False;ok;34;1;2.896;
666;-7.519748187;42.38647628;0.1;False;ok;33;1;2.871;
667;-7.419748187;42.38647628;0.1;False;ok;2;1;4.764;
668;-7.319748187;42.38647628;0.1;False;ok;15;1;2.729;
669;-7.219748187;42.38647628;0.1;False;ok;2;1;4.671;
670;-7.119748187;42.38647628;0.1;False;ok;9;1;4.750;
671;-7.019748187;42.38647628;0.1;False;ok;20;1;2.643;
672;-6.919748187;42.38647628;0.1;False;ok;5;1;2.582;
673;-6.819748187;42.38647628;0.1;False;ok;14;1;4.677;
674;-9.119748187;42.48647628;0.1;False;ok;17;1;4.751;
675;-9.019748187;42.48647628;0.1;False;ok;74;1;4.827;
676;-8.919748187;42.48647628;0.05;False;ok;54;1;4.802;
677;-8.869748187;42.48647628;0.05;False;ok;74;1;4.885;
678;-8.919748187;42.53647628;0.05;False;ok;20;1;2.713;
679;-8.869748187;42.53647628;0.05;False;ok;73;1;5.003;
680;-8.819748187;42.48647628;0.1;False;ok;75;1;5.117;
681;-8.719748187;42.48647628;0.1;False;ok;45;1;3.033;
682;-8.619748187;42.48647628;0.1;False;ok;16;1;2.911;
683;-8.519748187;42.48647628;0.1;False;ok;10;1;2.929;
684;-8.419748187;42.48647628;0.1;False;ok;9;1;5.135;
685;-8.319748187;42.48647628;0.1;False;ok;6;1;5.320;
686;-8.219748187;42.48647628;0.1;False;ok;1;1;5.206;
687;-8.119748187;42.48647628;0.1;False;ok;6;1;2.795;
688;-8.019748187;42.48647628;0.1;False;ok;5;1;2.807;
689;-7.919748187;42.48647628;0.1;False;ok;4;1;5.009;
690;-7.819748187;42.48647628;0.1;False;ok;10;1;2.889;
691;-7.719748187;42.48647628;0.1;False;ok;30;1;4.765;
692;-7.619748187;42.48647628;0.1;False;ok;21;1;4.741;
693;-7.519748187;42.48647628;0.1;False;ok;74;1;5.037;
694;-7.419748187;42.48647628;0.1;False;ok;8;1;2.819;
695;-7.219748187;42.48647628;0.1;False;ok;1;1;2.832;
696;-7.119748187;42.48647628;0.1;False;ok;3;1;2.808;
697;-6.919748187;42.48647628;0.1;False;ok;3;1;4.835;
698;-6.819748187;42.48647628;0.1;False;ok;25;1;5.110;
699;-6.719748187;42.48647628;0.1;False;ok;26;1;4.960;
700;-9.119748187;42.58647628;0.1;False;ok;21;1;2.868;
701;-9.019748187;42.58647628;0.1;False;ok;53;1;2.907;
702;-8.919748187;42.58647628;0.1;False;ok;74;1;5.092;
703;-8.819748187;42.58647628;0.1;False;ok;75;1;5.171;
704;-8.719748187;42.58647628;0.1;False;ok;75;1;4.951;
705;-8.619748187;42.58647628;0.1;False;ok;25;1;2.759;
706;-8.519748187;42.58647628;0.1;False;ok;6;1;4.882;
707;-8.419748187;42.58647628;0.1;False;ok;3;1;4.830;
708;-8.319748187;42.58647628;0.1;False;ok;3;1;2.787;
709;-8.219748187;42.58647628;0.1;False;ok;10;1;4.983;
710;-8.119748187;42.58647628;0.1;False;ok;11;1;2.882;
711;-8.019748187;42.58647628;0.1;False;ok;2;1;5.064;
712;-7.919748187;42.58647628;0.1;False;ok;3;1;2.868;
713;-7.819748187;42.58647628;0.1;False;ok;46;1;5.104;
714;-7.719748187;42.58647628;0.1;False;ok;5;1;2.895;
715;-7.519748187;42.58647628;0.1;False;ok;5;1;2.867;
716;-7.419748187;42.58647628;0.1;False;ok;5;1;5.073;
717;-7.319748187;42.58647628;0.1;False;ok;8;1;5.037;
718;-7.219748187;42.58647628;0.1;False;ok;6;1;4.839;
719;-7.019748187;42.58647628;0.1;False;ok;15;1;2.912;
720;-6.919748187;42.58647628;0.1;False;ok;7;1;4.807;
721;-6.819748187;42.58647628;0.1;False;ok;31;1;5.072;
722;-6.719748187;42.58647628;0.1;False;ok;11;1;4.806;
723;-9.219748187;42.68647628;0.1;False;ok;3;1;2.856;
724;-9.119748187;42.68647628;0.1;False;ok;74;1;3.076;
725;-9.019748187;42.68647628;0.1;False;ok;72;1;2.930;
726;-8.919748187;42.68647628;0.1;False;ok;52;1;5.262;
727;-8.819748187;42.68647628;0.1;False;ok;8;1;5.055;
728;-8.719748187;42.68647628;0.1;False;ok;75;1;3.123;
729;-8.619748187;42.68647628;0.1;False;ok;12;1;2.898;
730;-8.519748187;42.68647628;0.1;False;ok;32;1;5.091;
731;-8.419748187;42.68647628;0.1;False;ok;16;1;5.101;
732;-8.319748187;42.68647628;0.1;False;ok;30;1;5.062;
733;-8.219748187;42.68647628;0.1;False;ok;4;1;2.837;
734;-7.919748187;42.68647628;0.1;False;ok;3;1;4.837;
735;-7.819748187;42.68647628;0.1;False;ok;5;1;4.944;
736;-7.619748187;42.68647628;0.1;False;ok;5;1;4.669;
737;-7.519748187;42.68647628;0.1;False;ok;10;1;2.921;
738;-7.419748187;42.68647628;0.1;False;ok;75;1;3.190;
739;-7.319748187;42.68647628;0.1;False;ok;24;1;3.012;
740;-7.219748187;42.68647628;0.1;False;ok;8;1;5.316;
741;-7.119748187;42.68647628;0.1;False;ok;9;1;5.339;
742;-7.019748187;42.68647628;0.1;False;ok;2;1;5.278;
743;-6.719748187;42.68647628;0.1;False;ok;27;1;2.934;
744;-9.319748187;42.78647628;0.1;False;ok;1;1;2.909;
745;-9.219748187;42.78647628;0.1;False;ok;37;1;5.076;
746;-9.119748187;42.78647628;0.1;False;ok;55;1;5.139;
747;-9.019748187;42.78647628;0.1;False;ok;44;1;2.942;
748;-8.919748187;42.78647628;0.1;False;ok;36;1;5.016;
749;-8.819748187;42.78647628;0.1;False;ok;5;1;4.896;
750;-8.719748187;42.78647628;0.1;False;ok;46;1;5.091;
751;-8.619748187;42.78647628;0.05;False;ok;15;1;2.937;
752;-8.569748187;42.78647628;0.05;False;ok;11;1;4.941;
753;-8.619748187;42.83647628;0.05;False;ok;52;1;2.992;
754;-8.569748187;42.83647628;0.025;False;ok;1;1;2.884;
755;-8.569748187;42.86147628;0.0125;False;ok;8;1;4.990;
756;-8.557248187;42.86147628;0.0125;False;ok;41;1;2.965;
757;-8.569748187;42.87397628;0.0125;False;ok;4;1;2.984;
758;-8.557248187;42.87397628;0.0125;False;ok;74;1;5.256;
759;-8.544748187;42.86147628;0.0125;False;ok;6;1;5.142;
760;-8.532248187;42.86147628;0.0125;False;ok;1;1;4.986;
761;-8.544748187;42.87397628;0.00625;False;ok;52;1;5.166;
762;-8.538498187;42.87397628;0.00625;False;ok;3;1;3.080;
763;-8.544748187;42.88022628;0.00625;False;ok;50;1;4.868;
764;-8.538498187;42.88022628;0.00625;False;ok;22;1;2.857;
765;-8.532248187;42.87397628;0.0125;False;ok;7;1;4.969;
766;-8.519748187;42.78647628;0.1;False;ok;20;1;4.901;
767;-8.419748187;42.78647628;0.1;False;ok;17;1;2.843;
768;-8.319748187;42.78647628;0.1;False;ok;5;1;2.782;
769;-8.219748187;42.78647628;0.1;False;ok;9;1;4.952;
770;-8.119748187;42.78647628;0.1;False;ok;5;1;2.886;
771;-8.019748187;42.78647628;0.1;False;ok;10;1;2.831;
772;-7.919748187;42.78647628;0.1;False;ok;64;1;5.092;
773;-7.819748187;42.78647628;0.1;False;ok;9;1;5.093;
774;-7.719748187;42.78647628;0.1;False;ok;4;1;4.969;
775;-7.619748187;42.78647628;0.1;False;ok;53;1;5.085;
776;-7.519748187;42.78647628;0.1;False;ok;2;1;2.846;
777;-7.419748187;42.78647628;0.1;False;ok;1;1;4.886;
778;-7.319748187;42.78647628;0.1;False;ok;1;1;4.895;
779;-7.219748187;42.78647628;0.1;False;ok;4;1;2.891;
780;-7.119748187;42.78647628;0.1;False;ok;3;1;2.874;
781;-6.919748187;42.78647628;0.1;False;ok;5;1;2.867;
782;-6.819748187;42.78647628;0.1;False;ok;4;1;5.049;
783;-6.719748187;42.78647628;0.1;False;ok;0;1;5.851;
784;-9.319748187;42.88647628;0.05;False;ok;3;1;4.944;
785;-9.269748187;42.88647628;0.025;False;ok;74;1;5.047;
786;-9.269748187;42.91147628;0.025;False;ok;74;1;3.094;
787;-9.269748187;42.93647628;0.05;False;ok;31;1;2.999;
788;-9.219748187;42.88647628;0.05;False;ok;21;1;4.923;
789;-9.169748187;42.88647628;0.05;False;ok;57;1;5.043;
790;-9.219748187;42.93647628;0.05;False;ok;74;1;3.120;
791;-9.169748187;42.93647628;0.05;False;ok;0;1;5.481;
792;-9.119748187;42.88647628;0.1;False;ok;12;1;4.502;
793;-9.019748187;42.88647628;0.1;False;ok;21;1;2.919;
794;-8.919748187;42.88647628;0.1;False;ok;5;1;4.777;
795;-8.819748187;42.88647628;0.1;False;ok;39;1;2.943;
796;-8.719748187;42.88647628;0.1;False;ok;9;1;2.945;
797;-8.619748187;42.88647628;0.1;False;ok;64;1;4.927;
798;-8.519748187;42.88647628;0.1;False;ok;50;1;2.908;
799;-8.419748187;42.88647628;0.1;False;ok;68;1;4.999;
800;-8.319748187;42.88647628;0.1;False;ok;18;1;2.887;
801;-8.219748187;42.88647628;0.1;False;ok;75;1;5.060;
802;-8.119748187;42.88647628;0.1;False;ok;26;1;4.891;
803;-8.019748187;42.88647628;0.1;False;ok;65;1;4.941;
804;-7.919748187;42.88647628;0.1;False;ok;8;1;2.786;
805;-7.819748187;42.88647628;0.1;False;ok;10;1;4.738;
806;-7.719748187;42.88647628;0.1;False;ok;3;1;4.489;
807;-7.619748187;42.88647628;0.1;False;ok;6;1;2.838;
808;-7.519748187;42.88647628;0.1;False;ok;1;1;4.800;
809;-7.419748187;42.88647628;0.1;False;ok;2;1;2.881;
810;-7.319748187;42.88647628;0.1;False;ok;4;1;2.886;
811;-7.219748187;42.88647628;0.1;False;ok;2;1;4.839;
812;-7.019748187;42.88647628;0.1;False;ok;5;1;4.784;
813;-9.319748187;42.98647628;0.1;False;ok;36;1;3.058;
814;-9.219748187;42.98647628;0.1;False;ok;46;1;2.985;
815;-9.119748187;42.98647628;0.1;False;ok;6;1;4.970;
816;-9.019748187;42.98647628;0.1;False;ok;10;1;4.972;
817;-8.919748187;42.98647628;0.1;False;ok;3;1;4.806;
818;-8.819748187;42.98647628;0.1;False;ok;4;1;2.789;
819;-8.519748187;42.98647628;0.1;False;ok;3;1;4.785;
820;-8.419748187;42.98647628;0.1;False;ok;7;1;4.731;
821;-8.319748187;42.98647628;0.1;False;ok;3;1;2.801;
822;-8.219748187;42.98647628;0.1;False;ok;11;1;4.808;
823;-8.119748187;42.98647628;0.1;False;ok;12;1;2.770;
824;-8.019748187;42.98647628;0.1;False;ok;0;1;3.429;
825;-7.919748187;42.98647628;0.1;False;ok;2;1;4.763;
826;-7.719748187;42.98647628;0.1;False;ok;2;1;4.804;
827;-7.619748187;42.98647628;0.1;False;ok;75;1;4.939;
828;-7.519748187;42.98647628;0.1;False;ok;2;1;2.739;
829;-7.319748187;42.98647628;0.1;False;ok;7;1;2.668;
830;-7.019748187;42.98647628;0.1;False;ok;2;1;4.620;
831;-6.919748187;42.98647628;0.1;False;ok;4;1;4.587;
832;-6.719748187;42.98647628;0.1;False;ok;7;1;4.582;
833;-9.219748187;43.08647628;0.1;False;ok;75;1;2.854;
834;-9.119748187;43.08647628;0.1;False;ok;62;1;4.678;
835;-9.019748187;43.08647628;0.1;False;ok;21;1;2.774;
836;-8.919748187;43.08647628;0.1;False;ok;7;1;4.645;
837;-8.819748187;43.08647628;0.1;False;ok;0;1;3.412;
838;-8.719748187;43.08647628;0.1;False;ok;2;1;4.824;
839;-8.419748187;43.08647628;0.1;False;ok;15;1;4.779;
840;-8.219748187;43.08647628;0.1;False;ok;2;1;4.776;
841;-8.119748187;43.08647628;0.1;False;ok;5;1;2.782;
842;-8.019748187;43.08647628;0.1;False;ok;2;1;2.695;
843;-7.919748187;43.08647628;0.1;False;ok;10;1;2.758;
844;-7.819748187;43.08647628;0.1;False;ok;5;1;4.801;
845;-7.719748187;43.08647628;0.1;False;ok;3;1;4.887;
846;-7.619748187;43.08647628;0.1;False;ok;13;1;2.753;
847;-7.419748187;43.08647628;0.1;False;ok;2;1;4.737;
848;-7.219748187;43.08647628;0.1;False;ok;1;1;4.938;
849;-7.119748187;43.08647628;0.1;False;ok;10;1;2.980;
850;-6.919748187;43.08647628;0.1;False;ok;1;1;4.932;
851;-6.819748187;43.08647628;0.1;False;ok;1;1;4.806;
852;-6.719748187;43.08647628;0.1;False;ok;1;1;4.946;
853;-9.019748187;43.18647628;0.1;False;ok;75;1;5.324;
854;-8.919748187;43.18647628;0.1;False;ok;50;1;3.042;
855;-8.819748187;43.18647628;0.1;False;ok;27;1;5.253;
856;-8.719748187;43.18647628;0.1;False;ok;36;1;3.046;
857;-8.619748187;43.18647628;0.1;False;ok;3;1;2.917;
858;-8.419748187;43.18647628;0.1;False;ok;6;1;2.914;
859;-8.319748187;43.18647628;0.1;False;ok;14;1;5.219;
860;-8.219748187;43.18647628;0.1;False;ok;41;1;5.234;
861;-8.119748187;43.18647628;0.1;False;ok;3;1;2.852;
862;-7.719748187;43.18647628;0.1;False;ok;1;1;4.899;
863;-7.619748187;43.18647628;0.1;False;ok;5;1;5.094;
864;-7.519748187;43.18647628;0.1;False;ok;2;1;2.833;
865;-7.419748187;43.18647628;0.1;False;ok;2;1;5.033;
866;-7.319748187;43.18647628;0.1;False;ok;4;1;5.083;
867;-7.219748187;43.18647628;0.1;False;ok;2;1;5.184;
868;-7.119748187;43.18647628;0.1;False;ok;13;1;2.847;
869;-7.019748187;43.18647628;0.1;False;ok;10;1;2.921;
870;-6.919748187;43.18647628;0.1;False;ok;4;1;2.775;
871;-6.819748187;43.18647628;0.1;False;ok;2;1;2.823;
872;-8.919748187;43.28647628;0.1;False;ok;23;1;5.338;
873;-8.819748187;43.28647628;0.1;False;ok;75;1;5.505;
874;-8.719748187;43.28647628;0.1;False;ok;22;1;5.494;
875;-8.619748187;43.28647628;0.1;False;ok;17;1;2.869;
876;-8.519748187;43.28647628;0.1;False;ok;29;1;5.384;
877;-8.419748187;43.28647628;0.05;False;ok;15;1;5.312;
878;-8.369748187;43.28647628;0.05;False;ok;10;1;2.943;
879;-8.419748187;43.33647628;0.025;False;ok;54;1;5.290;
880;-8.394748187;43.33647628;0.025;False;ok;10;1;5.163;
881;-8.419748187;43.36147628;0.0125;False;ok;24;1;2.910;
882;-8.407248187;43.36147628;0.0125;False;ok;67;1;3.143;
883;-8.419748187;43.37397628;0.0125;False;ok;3;1;5.422;
884;-8.407248187;43.37397628;0.0125;False;ok;36;1;3.104;
885;-8.394748187;43.36147628;0.025;False;ok;10;1;2.964;
886;-8.369748187;43.33647628;0.05;False;ok;14;1;5.382;
887;-8.319748187;43.28647628;0.1;False;ok;48;1;5.432;
888;-8.219748187;43.28647628;0.1;False;ok;71;1;5.546;
889;-8.119748187;43.28647628;0.1;False;ok;6;1;2.948;
890;-8.019748187;43.28647628;0.1;False;ok;3;1;5.165;
891;-7.919748187;43.28647628;0.1;False;ok;2;1;5.045;
892;-7.819748187;43.28647628;0.1;False;ok;2;1;2.981;
893;-7.719748187;43.28647628;0.1;False;ok;19;1;5.090;
894;-7.619748187;43.28647628;0.1;False;ok;1;1;4.844;
895;-7.519748187;43.28647628;0.1;False;ok;4;1;2.960;
896;-7.319748187;43.28647628;0.1;False;ok;5;1;3.005;
897;-7.219748187;43.28647628;0.1;False;ok;22;1;3.099;
898;-7.119748187;43.28647628;0.1;False;ok;13;1;2.959;
899;-7.019748187;43.28647628;0.1;False;ok;2;1;4.975;
900;-6.919748187;43.28647628;0.1;False;ok;1;1;4.958;
901;-6.819748187;43.28647628;0.1;False;ok;1;1;5.103;
902;-8.419748187;43.38647628;0.1;False;ok;6;1;4.975;
903;-8.319748187;43.38647628;0.1;False;ok;73;1;3.181;
904;-8.219748187;43.38647628;0.1;False;ok;75;1;5.190;
905;-8.119748187;43.38647628;0.1;False;ok;6;1;5.000;
906;-7.919748187;43.38647628;0.1;False;ok;4;1;2.883;
907;-7.819748187;43.38647628;0.1;False;ok;4;1;4.784;
908;-7.519748187;43.38647628;0.1;False;ok;1;1;4.656;
909;-7.419748187;43.38647628;0.1;False;ok;16;1;2.893;
910;-7.319748187;43.38647628;0.1;False;ok;13;1;2.862;
911;-7.219748187;43.38647628;0.1;False;ok;10;1;4.749;
912;-7.119748187;43.38647628;0.1;False;ok;29;1;2.950;
913;-7.019748187;43.38647628;0.1;False;ok;3;1;2.796;
914;-6.919748187;43.38647628;0.1;False;ok;4;1;4.981;
915;-6.819748187;43.38647628;0.1;False;ok;9;1;5.024;
916;-6.719748187;43.38647628;0.1;False;ok;5;1;4.969;
917;-8.319748187;43.48647628;0.1;False;ok;39;1;5.073;
918;-8.219748187;43.48647628;0.1;False;ok;45;1;3.035;
919;-8.119748187;43.48647628;0.1;False;ok;5;1;4.830;
920;-8.019748187;43.48647628;0.1;False;ok;3;1;2.847;
921;-7.919748187;43.48647628;0.1;False;ok;1;1;4.676;
922;-7.719748187;43.48647628;0.1;False;ok;2;1;4.859;
923;-7.619748187;43.48647628;0.1;False;ok;2;1;2.767;
924;-7.519748187;43.48647628;0.1;False;ok;9;1;4.927;
925;-7.419748187;43.48647628;0.1;False;ok;8;1;4.828;
926;-7.319748187;43.48647628;0.05;False;ok;4;1;2.788;
927;-7.319748187;43.53647628;0.05;False;ok;11;1;2.823;
928;-7.269748187;43.53647628;0.025;False;ok;7;1;2.801;
929;-7.244748187;43.53647628;0.025;False;ok;33;1;5.021;
930;-7.269748187;43.56147628;0.025;False;ok;74;1;5.346;
931;-7.244748187;43.56147628;0.025;False;ok;38;1;2.929;
932;-7.219748187;43.48647628;0.1;False;ok;75;1;5.150;
933;-7.119748187;43.48647628;0.05;False;ok;7;1;4.927;
934;-7.069748187;43.48647628;0.05;False;ok;41;1;2.955;
935;-7.119748187;43.53647628;0.05;False;ok;25;1;4.828;
936;-7.069748187;43.53647628;0.05;False;ok;74;1;5.009;
937;-7.019748187;43.48647628;0.1;False;ok;59;1;4.929;
938;-6.919748187;43.48647628;0.1;False;ok;28;1;2.991;
939;-6.819748187;43.48647628;0.1;False;ok;24;1;5.007;
940;-6.719748187;43.48647628;0.1;False;ok;37;1;2.877;
941;-8.219748187;43.58647628;0.1;False;ok;24;1;2.893;
942;-8.119748187;43.58647628;0.1;False;ok;74;1;3.128;
943;-8.019748187;43.58647628;0.1;False;ok;12;1;4.924;
944;-7.919748187;43.58647628;0.1;False;ok;20;1;4.881;
945;-7.819748187;43.58647628;0.1;False;ok;6;1;4.811;
946;-7.719748187;43.58647628;0.1;False;ok;2;1;2.800;
947;-7.619748187;43.58647628;0.1;False;ok;75;1;5.145;
948;-7.519748187;43.58647628;0.1;False;ok;19;1;2.943;
949;-7.419748187;43.58647628;0.1;False;ok;67;1;4.890;
950;-7.319748187;43.58647628;0.1;False;ok;11;1;4.989;
951;-8.119748187;43.68647628;0.1;False;ok;4;1;2.836;
952;-8.019748187;43.68647628;0.1;False;ok;3;1;2.846;
953;-7.919748187;43.68647628;0.1;False;ok;43;1;4.866;
954;-7.819748187;43.68647628;0.1;False;ok;69;1;3.000;
955;-7.719748187;43.68647628;0.1;False;ok;75;1;4.925;
956;-7.619748187;43.68647628;0.1;False;ok;19;1;2.946;
957;-7.519748187;43.68647628;0.1;False;ok;34;1;4.973;
958;-6.588522601;41.68647628;0.1;True;ok;0;1;4.787;
959;-6.488522601;41.68647628;0.1;False;ok;1;1;4.707;
960;-6.388522601;41.68647628;0.1;False;ok;6;1;2.877;
961;-5.788522601;41.68647628;0.1;False;ok;4;1;4.748;
962;-5.288522601;41.68647628;0.1;False;ok;8;1;5.019;
963;-5.188522601;41.68647628;0.1;False;ok;2;1;2.817;
964;-4.988522601;41.68647628;0.1;False;ok;1;1;4.821;
965;-4.888522601;41.68647628;0.1;False;ok;3;1;4.761;
966;-4.788522601;41.68647628;0.1;False;ok;2;1;4.867;
967;-4.688522601;41.68647628;0.1;False;ok;1;1;2.567;
968;-4.288522601;41.68647628;0.1;False;ok;1;1;2.678;
969;-4.088522601;41.68647628;0.1;False;ok;2;1;2.689;
970;-3.988522601;41.68647628;0.1;False;ok;8;1;4.940;
971;-3.888522601;41.68647628;0.1;False;ok;2;1;2.661;
972;-3.788522601;41.68647628;0.1;False;ok;2;1;4.816;
973;-3.688522601;41.68647628;0.1;False;ok;3;1;5.075;
974;-3.588522601;41.68647628;0.1;False;ok;5;1;4.994;
975;-3.488522601;41.68647628;0.1;False;ok;4;1;2.760;
976;-3.288522601;41.68647628;0.1;False;ok;1;1;2.893;
977;-3.088522601;41.68647628;0.1;False;ok;13;1;5.034;
978;-2.988522601;41.68647628;0.1;False;ok;4;1;5.026;
979;-2.888522601;41.68647628;0.1;False;ok;7;1;2.965;
980;-2.788522601;41.68647628;0.1;False;ok;2;1;2.898;
981;-2.588522601;41.68647628;0.1;False;ok;12;1;5.207;
982;-6.388522601;41.78647628;0.1;False;ok;1;1;5.112;
983;-6.188522601;41.78647628;0.1;False;ok;1;1;4.903;
984;-5.988522601;41.78647628;0.1;False;ok;4;1;2.919;
985;-5.788522601;41.78647628;0.1;False;ok;4;1;2.955;
986;-5.488522601;41.78647628;0.1;False;ok;6;1;4.842;
987;-5.388522601;41.78647628;0.1;False;ok;1;1;4.677;
988;-5.088522601;41.78647628;0.1;False;ok;5;1;4.869;
989;-4.688522601;41.78647628;0.1;False;ok;3;1;2.728;
990;-4.588522601;41.78647628;0.1;False;ok;7;1;4.723;
991;-3.788522601;41.78647628;0.1;False;ok;0;1;3.324;
992;-3.588522601;41.78647628;0.1;False;ok;7;1;4.650;
993;-3.488522601;41.78647628;0.1;False;ok;2;1;4.717;
994;-3.388522601;41.78647628;0.1;False;ok;4;1;2.554;
995;-3.288522601;41.78647628;0.1;False;ok;3;1;2.571;
996;-3.188522601;41.78647628;0.1;False;ok;6;1;4.887;
997;-3.088522601;41.78647628;0.1;False;ok;30;1;2.648;
998;-2.888522601;41.78647628;0.1;False;ok;2;1;2.684;
999;-2.788522601;41.78647628;0.1;False;ok;26;1;5.064;
1000;-2.688522601;41.78647628;0.1;False;ok;5;1;5.142;
1001;-2.588522601;41.78647628;0.1;False;ok;2;1;2.812;
1002;-6.588522601;41.88647628;0.1;True;ok;3;1;4.862;
1003;-6.388522601;41.88647628;0.1;False;ok;2;1;5.099;
1004;-6.288522601;41.88647628;0.1;False;ok;8;1;5.338;
1005;-6.088522601;41.88647628;0.1;False;ok;1;1;5.212;
1006;-5.688522601;41.88647628;0.1;False;ok;1;1;5.113;
1007;-5.288522601;41.88647628;0.1;False;ok;0;1;3.697;
1008;-5.188522601;41.88647628;0.1;False;ok;1;1;2.916;
1009;-5.088522601;41.88647628;0.1;False;ok;2;1;2.937;
1010;-4.788522601;41.88647628;0.1;False;ok;5;1;5.348;
1011;-4.588522601;41.88647628;0.1;False;ok;2;1;2.907;
1012;-4.488522601;41.88647628;0.1;False;ok;2;1;5.361;
1013;-4.288522601;41.88647628;0.1;False;ok;3;1;2.977;
1014;-3.688522601;41.88647628;0.1;False;ok;0;1;5.802;
1015;-3.588522601;41.88647628;0.1;False;ok;0;1;5.870;
1016;-3.488522601;41.88647628;0.1;False;ok;18;1;5.244;
1017;-3.388522601;41.88647628;0.1;False;ok;2;1;2.870;
1018;-3.088522601;41.88647628;0.1;False;ok;6;1;4.917;
1019;-2.988522601;41.88647628;0.1;False;ok;13;1;4.884;
1020;-2.888522601;41.88647628;0.1;False;ok;13;1;2.926;
1021;-2.788522601;41.88647628;0.1;False;ok;28;1;3.033;
1022;-2.688522601;41.88647628;0.1;False;ok;14;1;4.877;
1023;-2.588522601;41.88647628;0.1;False;ok;14;1;4.941;
1024;-6.688522601;41.98647628;0.1;False;ok;45;1;3.025;
1025;-6.588522601;41.98647628;0.1;False;ok;5;1;2.894;
1026;-6.488522601;41.98647628;0.1;False;ok;3;1;2.898;
1027;-6.388522601;41.98647628;0.1;False;ok;3;1;4.922;
1028;-6.188522601;41.98647628;0.1;False;ok;0;1;3.607;
1029;-6.088522601;41.98647628;0.1;False;ok;2;1;4.978;
1030;-5.788522601;41.98647628;0.1;False;ok;4;1;4.654;
1031;-5.688522601;41.98647628;0.1;False;ok;11;1;4.839;
1032;-5.488522601;41.98647628;0.1;False;ok;4;1;4.774;
1033;-5.288522601;41.98647628;0.1;False;ok;1;1;4.557;
1034;-4.988522601;41.98647628;0.1;False;ok;0;1;3.726;
1035;-4.588522601;41.98647628;0.1;False;ok;30;1;4.805;
1036;-4.388522601;41.98647628;0.1;False;ok;2;1;2.934;
1037;-4.288522601;41.98647628;0.1;False;ok;4;1;2.956;
1038;-4.188522601;41.98647628;0.1;False;ok;1;1;2.898;
1039;-4.088522601;41.98647628;0.1;False;ok;2;1;5.079;
1040;-3.988522601;41.98647628;0.1;False;ok;3;1;2.898;
1041;-3.788522601;41.98647628;0.1;False;ok;32;1;5.236;
1042;-3.688522601;41.98647628;0.1;False;ok;4;1;5.040;
1043;-3.588522601;41.98647628;0.1;False;ok;11;1;5.150;
1044;-3.488522601;41.98647628;0.1;False;ok;4;1;5.065;
1045;-3.388522601;41.98647628;0.1;False;ok;5;1;2.883;
1046;-3.288522601;41.98647628;0.1;False;ok;2;1;4.823;
1047;-3.088522601;41.98647628;0.1;False;ok;0;1;5.696;
1048;-2.588522601;41.98647628;0.1;False;ok;0;1;5.545;
1049;-6.688522601;42.08647628;0.1;False;ok;34;1;3.023;
1050;-6.388522601;42.08647628;0.1;False;ok;1;1;2.930;
1051;-6.188522601;42.08647628;0.1;False;ok;1;1;2.946;
1052;-6.088522601;42.08647628;0.1;False;ok;1;1;5.004;
1053;-5.888522601;42.08647628;0.1;False;ok;2;1;2.900;
1054;-5.788522601;42.08647628;0.1;False;ok;1;1;2.990;
1055;-5.188522601;42.08647628;0.1;False;ok;1;1;5.219;
1056;-5.088522601;42.08647628;0.1;False;ok;2;1;5.181;
1057;-4.788522601;42.08647628;0.1;False;ok;0;1;5.979;
1058;-4.688522601;42.08647628;0.1;False;ok;3;1;5.149;
1059;-4.588522601;42.08647628;0.1;False;ok;2;1;4.815;
1060;-4.488522601;42.08647628;0.1;False;ok;3;1;2.906;
1061;-3.588522601;42.08647628;0.1;False;ok;3;1;4.696;
1062;-3.288522601;42.08647628;0.1;False;ok;3;1;4.891;
1063;-3.188522601;42.08647628;0.1;False;ok;3;1;4.916;
1064;-2.888522601;42.08647628;0.1;False;ok;2;1;2.861;
1065;-2.788522601;42.08647628;0.1;False;ok;2;1;4.979;
1066;-2.688522601;42.08647628;0.1;False;ok;14;1;2.969;
1067;-2.588522601;42.08647628;0.1;False;ok;4;1;2.833;
1068;-5.988522601;42.18647628;0.1;False;ok;2;1;2.908;
1069;-5.888522601;42.18647628;0.1;False;ok;1;1;2.793;
1070;-5.488522601;42.18647628;0.1;False;ok;0;1;6.006;
1071;-4.488522601;42.18647628;0.1;False;ok;14;1;5.115;
1072;-4.388522601;42.18647628;0.1;False;ok;5;1;2.907;
1073;-3.988522601;42.18647628;0.1;False;ok;2;1;4.931;
1074;-3.788522601;42.18647628;0.1;False;ok;2;1;4.830;
1075;-3.588522601;42.18647628;0.1;False;ok;1;1;4.947;
1076;-3.388522601;42.18647628;0.1;False;ok;2;1;2.883;
1077;-3.088522601;42.18647628;0.1;False;ok;6;1;4.912;
1078;-2.888522601;42.18647628;0.1;False;ok;1;1;5.026;
1079;-2.788522601;42.18647628;0.1;False;ok;17;1;2.934;
1080;-2.688522601;42.18647628;0.1;False;ok;7;1;2.884;
1081;-2.588522601;42.18647628;0.1;False;ok;1;1;2.839;
1082;-6.688522601;42.28647628;0.1;False;ok;2;1;2.882;
1083;-6.388522601;42.28647628;0.1;False;ok;1;1;5.149;
1084;-6.288522601;42.28647628;0.1;False;ok;3;1;5.337;
1085;-6.188522601;42.28647628;0.1;False;ok;4;1;5.233;
1086;-5.988522601;42.28647628;0.1;False;ok;15;1;4.983;
1087;-5.788522601;42.28647628;0.1;False;ok;5;1;2.790;
1088;-5.588522601;42.28647628;0.1;False;ok;15;1;5.072;
1089;-5.488522601;42.28647628;0.1;False;ok;1;1;5.118;
1090;-5.288522601;42.28647628;0.1;False;ok;1;1;4.827;
1091;-5.088522601;42.28647628;0.1;False;ok;13;1;2.909;
1092;-4.988522601;42.28647628;0.1;False;ok;3;1;5.265;
1093;-4.888522601;42.28647628;0.1;False;ok;5;1;2.919;
1094;-4.688522601;42.28647628;0.1;False;ok;12;1;2.930;
1095;-4.588522601;42.28647628;0.1;False;ok;10;1;3.003;
1096;-4.288522601;42.28647628;0.1;False;ok;2;1;2.973;
1097;-4.188522601;42.28647628;0.1;False;ok;16;1;5.294;
1098;-4.088522601;42.28647628;0.1;False;ok;6;1;5.241;
1099;-3.988522601;42.28647628;0.1;False;ok;6;1;4.996;
1100;-3.888522601;42.28647628;0.1;False;ok;10;1;4.997;
1101;-3.738522601;42.28647628;0.05;False;ok;30;1;2.949;
1102;-3.788522601;42.33647628;0.05;False;ok;1;1;5.006;
1103;-3.738522601;42.33647628;0.025;False;ok;9;1;5.013;
1104;-3.713522601;42.33647628;0.0125;False;ok;75;1;5.332;
1105;-3.701022601;42.33647628;0.0125;False;ok;74;1;3.085;
1106;-3.738522601;42.36147628;0.025;False;ok;7;1;4.899;
1107;-3.713522601;42.36147628;0.025;False;ok;1;1;2.915;
1108;-3.688522601;42.28647628;0.1;False;ok;37;1;3.004;
1109;-3.588522601;42.28647628;0.1;False;ok;25;1;5.138;
1110;-3.488522601;42.28647628;0.1;False;ok;8;1;2.950;
1111;-3.288522601;42.28647628;0.1;False;ok;6;1;2.930;
1112;-3.188522601;42.28647628;0.1;False;ok;3;1;5.087;
1113;-3.088522601;42.28647628;0.1;False;ok;66;1;5.143;
1114;-2.988522601;42.28647628;0.1;False;ok;1;1;5.060;
1115;-2.888522601;42.28647628;0.1;False;ok;17;1;5.091;
1116;-2.788522601;42.28647628;0.1;False;ok;7;1;2.841;
1117;-2.688522601;42.28647628;0.1;False;ok;3;1;5.000;
1118;-2.588522601;42.28647628;0.1;False;ok;19;1;2.858;
1119;-6.588522601;42.38647628;0.1;False;ok;12;1;5.442;
1120;-6.288522601;42.38647628;0.1;False;ok;14;1;2.817;
1121;-6.188522601;42.38647628;0.1;False;ok;13;1;2.948;
1122;-6.088522601;42.38647628;0.1;False;ok;52;1;3.019;
1123;-5.988522601;42.38647628;0.1;False;ok;3;1;2.799;
1124;-5.888522601;42.38647628;0.1;False;ok;16;1;5.612;
1125;-5.688522601;42.38647628;0.1;False;ok;2;1;5.643;
1126;-5.588522601;42.38647628;0.1;False;ok;4;1;5.496;
1127;-5.488522601;42.38647628;0.1;False;ok;2;1;5.339;
1128;-5.388522601;42.38647628;0.1;False;ok;1;1;5.127;
1129;-5.288522601;42.38647628;0.1;False;ok;2;1;3.015;
1130;-5.188522601;42.38647628;0.1;False;ok;2;1;5.198;
1131;-4.488522601;42.38647628;0.1;False;ok;3;1;5.052;
1132;-4.388522601;42.38647628;0.1;False;ok;3;1;5.259;
1133;-4.288522601;42.38647628;0.1;False;ok;3;1;5.169;
1134;-4.088522601;42.38647628;0.1;False;ok;8;1;3.163;
1135;-3.788522601;42.38647628;0.1;False;ok;0;1;3.715;
1136;-3.688522601;42.38647628;0.1;False;ok;4;1;3.047;
1137;-3.588522601;42.38647628;0.1;False;ok;6;1;5.534;
1138;-3.488522601;42.38647628;0.1;False;ok;2;1;5.405;
1139;-3.388522601;42.38647628;0.1;False;ok;3;1;5.428;
1140;-3.288522601;42.38647628;0.1;False;ok;12;1;3.109;
1141;-3.188522601;42.38647628;0.1;False;ok;6;1;2.989;
1142;-3.088522601;42.38647628;0.1;False;ok;7;1;5.074;
1143;-2.988522601;42.38647628;0.1;False;ok;44;1;2.929;
1144;-2.888522601;42.38647628;0.1;False;ok;11;1;4.829;
1145;-2.788522601;42.38647628;0.1;False;ok;39;1;3.035;
1146;-2.688522601;42.38647628;0.1;False;ok;17;1;5.029;
1147;-2.588522601;42.38647628;0.1;False;ok;33;1;5.316;
1148;-6.688522601;42.48647628;0.1;False;ok;74;1;5.484;
1149;-6.588522601;42.48647628;0.1;False;ok;52;1;3.111;
1150;-6.488522601;42.48647628;0.1;False;ok;7;1;3.039;
1151;-6.388522601;42.48647628;0.1;False;ok;6;1;2.901;
1152;-6.188522601;42.48647628;0.1;False;ok;5;1;5.406;
1153;-6.088522601;42.48647628;0.1;False;ok;1;1;5.291;
1154;-5.988522601;42.48647628;0.1;False;ok;3;1;2.872;
1155;-5.888522601;42.48647628;0.1;False;ok;10;1;5.237;
1156;-5.788522601;42.48647628;0.1;False;ok;8;1;5.246;
1157;-5.688522601;42.48647628;0.1;False;ok;17;1;2.859;
1158;-5.588522601;42.48647628;0.1;False;ok;13;1;5.160;
1159;-5.488522601;42.48647628;0.1;False;ok;18;1;5.263;
1160;-4.788522601;42.48647628;0.1;False;ok;9;1;5.101;
1161;-4.488522601;42.48647628;0.1;False;ok;1;1;5.054;
1162;-4.388522601;42.48647628;0.1;False;ok;1;1;5.211;
1163;-4.088522601;42.48647628;0.1;False;ok;4;1;2.845;
1164;-3.788522601;42.48647628;0.1;False;ok;3;1;2.901;
1165;-3.388522601;42.48647628;0.1;False;ok;9;1;2.911;
1166;-3.288522601;42.48647628;0.1;False;ok;1;1;2.968;
1167;-3.088522601;42.48647628;0.1;False;ok;5;1;2.931;
1168;-2.988522601;42.48647628;0.1;False;ok;43;1;5.507;
1169;-2.888522601;42.48647628;0.1;False;ok;75;1;3.291;
1170;-2.788522601;42.48647628;0.1;False;ok;33;1;5.409;
1171;-2.688522601;42.48647628;0.1;False;ok;31;1;5.115;
1172;-2.588522601;42.48647628;0.1;False;ok;41;1;4.987;
1173;-6.688522601;42.58647628;0.1;False;ok;6;1;5.229;
1174;-6.588522601;42.58647628;0.1;False;ok;5;1;5.078;
1175;-6.488522601;42.58647628;0.1;False;ok;6;1;5.029;
1176;-6.388522601;42.58647628;0.1;False;ok;4;1;2.938;
1177;-6.288522601;42.58647628;0.1;False;ok;4;1;3.054;
1178;-6.188522601;42.58647628;0.1;False;ok;0;1;3.705;
1179;-5.988522601;42.58647628;0.1;False;ok;1;1;2.872;
1180;-5.888522601;42.58647628;0.1;False;ok;4;1;5.297;
1181;-5.688522601;42.58647628;0.1;False;ok;18;1;5.378;
1182;-5.588522601;42.58647628;0.0125;False;ok;21;1;3.042;
1183;-5.576022601;42.58647628;0.00625;False;ok;3;1;5.046;
1184;-5.569772601;42.58647628;0.00625;False;ok;16;1;5.358;
1185;-5.576022601;42.59272628;0.00625;False;ok;49;1;3.042;
1186;-5.569772601;42.59272628;0.00625;False;ok;75;1;5.341;
1187;-5.588522601;42.59897628;0.0125;False;ok;28;1;5.238;
1188;-5.576022601;42.59897628;0.0125;False;ok;75;1;5.203;
1189;-5.563522601;42.58647628;0.025;False;ok;35;1;3.025;
1190;-5.588522601;42.61147628;0.025;False;ok;6;1;4.736;
1191;-5.288522601;42.58647628;0.1;False;ok;0;1;3.627;
1192;-4.888522601;42.58647628;0.1;False;ok;1;1;2.816;
1193;-4.488522601;42.58647628;0.1;False;ok;1;1;2.856;
1194;-4.388522601;42.58647628;0.1;False;ok;3;1;4.900;
1195;-4.188522601;42.58647628;0.1;False;ok;2;1;2.860;
1196;-3.988522601;42.58647628;0.1;False;ok;1;1;4.936;
1197;-3.888522601;42.58647628;0.1;False;ok;1;1;4.938;
1198;-3.688522601;42.58647628;0.1;False;ok;0;1;3.606;
1199;-3.588522601;42.58647628;0.1;False;ok;1;1;4.776;
1200;-3.388522601;42.58647628;0.1;False;ok;4;1;4.938;
1201;-3.188522601;42.58647628;0.1;False;ok;6;1;4.937;
1202;-2.988522601;42.58647628;0.1;False;ok;7;1;4.792;
1203;-2.888522601;42.58647628;0.1;False;ok;19;1;3.010;
1204;-2.788522601;42.58647628;0.1;False;ok;2;1;4.779;
1205;-2.588522601;42.58647628;0.1;False;ok;6;1;4.960;
1206;-6.688522601;42.68647628;0.1;False;ok;26;1;3.035;
1207;-6.588522601;42.68647628;0.1;False;ok;4;1;5.065;
1208;-6.488522601;42.68647628;0.1;False;ok;5;1;2.944;
1209;-6.388522601;42.68647628;0.1;False;ok;2;1;3.013;
1210;-6.288522601;42.68647628;0.1;False;ok;4;1;2.916;
1211;-6.088522601;42.68647628;0.1;False;ok;7;1;5.125;
1212;-5.988522601;42.68647628;0.1;False;ok;5;1;5.104;
1213;-5.888522601;42.68647628;0.1;False;ok;2;1;5.069;
1214;-5.788522601;42.68647628;0.1;False;ok;3;1;4.679;
1215;-5.588522601;42.68647628;0.1;False;ok;3;1;2.987;
1216;-5.388522601;42.68647628;0.1;False;ok;3;1;4.297;
1217;-4.488522601;42.68647628;0.1;False;ok;2;1;2.944;
1218;-4.388522601;42.68647628;0.1;False;ok;0;1;3.722;
1219;-4.288522601;42.68647628;0.1;False;ok;7;1;4.097;
1220;-4.188522601;42.68647628;0.1;False;ok;4;1;4.325;
1221;-4.088522601;42.68647628;0.1;False;ok;2;1;2.758;
1222;-3.988522601;42.68647628;0.1;False;ok;1;1;4.054;
1223;-3.888522601;42.68647628;0.1;False;ok;2;1;2.675;
1224;-3.788522601;42.68647628;0.1;False;ok;1;1;4.048;
1225;-3.488522601;42.68647628;0.1;False;ok;6;1;2.694;
1226;-3.388522601;42.68647628;0.1;False;ok;9;1;4.009;
1227;-3.288522601;42.68647628;0.1;False;ok;4;1;3.952;
1228;-3.188522601;42.68647628;0.1;False;ok;2;1;3.796;
1229;-3.088522601;42.68647628;0.1;False;ok;3;1;4.004;
1230;-2.988522601;42.68647628;0.1;False;ok;8;1;2.226;
1231;-2.888522601;42.68647628;0.1;False;ok;6;1;3.762;
1232;-6.688522601;42.78647628;0.1;False;ok;1;1;2.056;
1233;-6.388522601;42.78647628;0.1;False;ok;1;1;4.395;
1234;-6.288522601;42.78647628;0.1;False;ok;2;1;2.306;
1235;-6.188522601;42.78647628;0.1;False;ok;1;1;4.353;
1236;-5.988522601;42.78647628;0.1;False;ok;1;1;4.517;
1237;-5.888522601;42.78647628;0.1;False;ok;3;1;2.462;
1238;-5.788522601;42.78647628;0.1;False;ok;8;1;2.511;
1239;-5.688522601;42.78647628;0.1;False;ok;14;1;4.893;
1240;-5.588522601;42.78647628;0.1;False;ok;5;1;2.708;
1241;-5.488522601;42.78647628;0.1;False;ok;5;1;5.004;
1242;-5.388522601;42.78647628;0.1;False;ok;13;1;5.312;
1243;-5.288522601;42.78647628;0.1;False;ok;2;1;2.948;
1244;-5.188522601;42.78647628;0.1;False;ok;16;1;5.412;
1245;-4.988522601;42.78647628;0.1;False;ok;5;1;5.370;
1246;-4.888522601;42.78647628;0.1;False;ok;12;1;5.475;
1247;-4.788522601;42.78647628;0.1;False;ok;4;1;5.430;
1248;-4.688522601;42.78647628;0.1;False;ok;7;1;2.965;
1249;-4.588522601;42.78647628;0.1;False;ok;12;1;3.104;
1250;-4.488522601;42.78647628;0.1;False;ok;2;1;5.416;
1251;-4.388522601;42.78647628;0.1;False;ok;5;1;5.449;
1252;-4.288522601;42.78647628;0.1;False;ok;20;1;3.011;
1253;-4.088522601;42.78647628;0.1;False;ok;4;1;5.381;
1254;-3.988522601;42.78647628;0.1;False;ok;10;1;3.045;
1255;-3.888522601;42.78647628;0.1;False;ok;9;1;5.446;
1256;-3.788522601;42.78647628;0.1;False;ok;9;1;2.976;
1257;-3.688522601;42.78647628;0.1;False;ok;7;1;3.001;
1258;-3.488522601;42.78647628;0.1;False;ok;7;1;5.322;
1259;-3.388522601;42.78647628;0.1;False;ok;4;1;5.267;
1260;-3.288522601;42.78647628;0.1;False;ok;4;1;5.265;
1261;-3.088522601;42.78647628;0.1;False;ok;3;1;2.915;
1262;-2.988522601;42.78647628;0.1;False;ok;6;1;5.251;
1263;-2.788522601;42.78647628;0.1;False;ok;13;1;2.967;
1264;-2.688522601;42.78647628;0.1;False;ok;53;1;3.047;
1265;-2.588522601;42.78647628;0.1;False;ok;1;1;5.301;
1266;-6.588522601;42.88647628;0.1;False;ok;3;1;2.968;
1267;-6.388522601;42.88647628;0.1;False;ok;27;1;3.063;
1268;-6.288522601;42.88647628;0.1;False;ok;7;1;5.036;
1269;-6.188522601;42.88647628;0.1;False;ok;4;1;5.146;
1270;-6.088522601;42.88647628;0.1;False;ok;9;1;5.097;
1271;-5.988522601;42.88647628;0.1;False;ok;3;1;4.944;
1272;-5.888522601;42.88647628;0.1;False;ok;3;1;5.074;
1273;-5.788522601;42.88647628;0.1;False;ok;2;1;3.001;
1274;-5.688522601;42.88647628;0.1;False;ok;5;1;2.923;
1275;-5.588522601;42.88647628;0.1;False;ok;4;1;4.811;
1276;-5.488522601;42.88647628;0.1;False;ok;4;1;5.088;
1277;-5.288522601;42.88647628;0.1;False;ok;2;1;5.041;
1278;-5.188522601;42.88647628;0.1;False;ok;10;1;2.960;
1279;-5.088522601;42.88647628;0.1;False;ok;21;1;5.078;
1280;-4.988522601;42.88647628;0.1;False;ok;10;1;2.747;
1281;-4.888522601;42.88647628;0.1;False;ok;3;1;2.703;
1282;-4.788522601;42.88647628;0.1;False;ok;12;1;2.723;
1283;-4.688522601;42.88647628;0.1;False;ok;6;1;5.044;
1284;-4.588522601;42.88647628;0.1;False;ok;1;1;5.001;
1285;-4.488522601;42.88647628;0.1;False;ok;5;1;5.061;
1286;-4.388522601;42.88647628;0.1;False;ok;9;1;2.748;
1287;-4.288522601;42.88647628;0.1;False;ok;4;1;2.816;
1288;-4.188522601;42.88647628;0.1;False;ok;3;1;5.005;
1289;-4.088522601;42.88647628;0.1;False;ok;7;1;4.932;
1290;-3.988522601;42.88647628;0.1;False;ok;4;1;2.937;
1291;-3.888522601;42.88647628;0.1;False;ok;5;1;5.010;
1292;-3.788522601;42.88647628;0.1;False;ok;3;1;3.003;
1293;-3.688522601;42.88647628;0.1;False;ok;9;1;3.038;
1294;-3.588522601;42.88647628;0.1;False;ok;30;1;5.250;
1295;-3.488522601;42.88647628;0.1;False;ok;20;1;5.191;
1296;-3.288522601;42.88647628;0.1;False;ok;1;1;5.095;
1297;-3.088522601;42.88647628;0.1;False;ok;1;1;2.970;
1298;-2.988522601;42.88647628;0.1;False;ok;5;1;5.110;
1299;-2.888522601;42.88647628;0.1;False;ok;8;1;4.945;
1300;-2.788522601;42.88647628;0.1;False;ok;4;1;4.902;
1301;-2.688522601;42.88647628;0.1;False;ok;8;1;2.921;
1302;-2.588522601;42.88647628;0.1;False;ok;4;1;4.710;
1303;-6.688522601;42.98647628;0.1;False;ok;17;1;2.914;
1304;-6.588522601;42.98647628;0.1;False;ok;1;1;4.485;
1305;-6.488522601;42.98647628;0.1;False;ok;1;1;2.723;
1306;-6.288522601;42.98647628;0.1;False;ok;17;1;2.747;
1307;-6.188522601;42.98647628;0.1;False;ok;1;1;2.710;
1308;-6.088522601;42.98647628;0.1;False;ok;3;1;4.250;
1309;-5.988522601;42.98647628;0.1;False;ok;2;1;4.148;
1310;-5.888522601;42.98647628;0.1;False;ok;5;1;4.176;
1311;-5.788522601;42.98647628;0.1;False;ok;9;1;2.687;
1312;-5.388522601;42.98647628;0.1;False;ok;11;1;4.187;
1313;-5.288522601;42.98647628;0.1;False;ok;16;1;2.570;
1314;-5.188522601;42.98647628;0.1;False;ok;9;1;3.961;
1315;-5.088522601;42.98647628;0.1;False;ok;2;1;2.387;
1316;-4.988522601;42.98647628;0.1;False;ok;6;1;3.964;
1317;-4.888522601;42.98647628;0.1;False;ok;4;1;2.079;
1318;-4.688522601;42.98647628;0.1;False;ok;4;1;3.998;
1319;-4.588522601;42.98647628;0.1;False;ok;12;1;4.008;
1320;-4.488522601;42.98647628;0.1;False;ok;3;1;4.059;
1321;-4.388522601;42.98647628;0.1;False;ok;5;1;2.038;
1322;-4.288522601;42.98647628;0.1;False;ok;18;1;2.075;
1323;-4.188522601;42.98647628;0.1;False;ok;23;1;4.199;
1324;-4.088522601;42.98647628;0.1;False;ok;9;1;3.960;
1325;-3.988522601;42.98647628;0.1;False;ok;10;1;2.256;
1326;-3.888522601;42.98647628;0.1;False;ok;3;1;3.874;
1327;-3.788522601;42.98647628;0.1;False;ok;4;1;3.783;
1328;-3.688522601;42.98647628;0.1;False;ok;8;1;3.836;
1329;-3.588522601;42.98647628;0.1;False;ok;20;1;2.648;
1330;-3.488522601;42.98647628;0.1;False;ok;3;1;2.575;
1331;-3.388522601;42.98647628;0.1;False;ok;5;1;3.782;
1332;-3.288522601;42.98647628;0.1;False;ok;3;1;3.781;
1333;-3.188522601;42.98647628;0.1;False;ok;2;1;2.514;
1334;-3.088522601;42.98647628;0.1;False;ok;15;1;3.767;
1335;-2.988522601;42.98647628;0.1;False;ok;8;1;2.571;
1336;-2.788522601;42.98647628;0.1;False;ok;2;1;2.431;
1337;-2.688522601;42.98647628;0.1;False;ok;4;1;3.621;
1338;-2.588522601;42.98647628;0.1;False;ok;11;1;2.431;
1339;-6.688522601;43.08647628;0.1;False;ok;2;1;3.370;
1340;-6.588522601;43.08647628;0.1;False;ok;33;1;3.370;
1341;-6.388522601;43.08647628;0.1;False;ok;5;1;3.351;
1342;-6.288522601;43.08647628;0.1;False;ok;20;1;2.126;
1343;-6.188522601;43.08647628;0.1;False;ok;10;1;2.156;
1344;-6.088522601;43.08647628;0.1;False;ok;23;1;3.672;
1345;-5.988522601;43.08647628;0.1;False;ok;12;1;3.694;
1346;-5.888522601;43.08647628;0.1;False;ok;25;1;3.716;
1347;-5.788522601;43.08647628;0.1;False;ok;9;1;3.911;
1348;-5.688522601;43.08647628;0.1;False;ok;17;1;2.197;
1349;-5.588522601;43.08647628;0.1;False;ok;39;1;4.179;
1350;-5.488522601;43.08647628;0.1;False;ok;6;1;3.983;
1351;-5.388522601;43.08647628;0.1;False;ok;9;1;2.167;
1352;-5.188522601;43.08647628;0.1;False;ok;4;1;2.238;
1353;-5.088522601;43.08647628;0.1;False;ok;3;1;4.074;
1354;-4.988522601;43.08647628;0.1;False;ok;10;1;2.294;
1355;-4.888522601;43.08647628;0.1;False;ok;9;1;4.071;
1356;-4.788522601;43.08647628;0.1;False;ok;39;1;4.084;
1357;-4.688522601;43.08647628;0.1;False;ok;75;1;4.256;
1358;-4.588522601;43.08647628;0.1;False;ok;30;1;2.637;
1359;-4.488522601;43.08647628;0.1;False;ok;6;1;4.270;
1360;-4.388522601;43.08647628;0.1;False;ok;5;1;2.614;
1361;-4.288522601;43.08647628;0.1;False;ok;7;1;4.355;
1362;-4.088522601;43.08647628;0.1;False;ok;16;1;4.561;
1363;-3.988522601;43.08647628;0.1;False;ok;8;1;2.631;
1364;-3.788522601;43.08647628;0.1;False;ok;8;1;2.601;
1365;-3.688522601;43.08647628;0.1;False;ok;3;1;2.547;
1366;-3.588522601;43.08647628;0.1;False;ok;10;1;4.549;
1367;-3.488522601;43.08647628;0.1;False;ok;5;1;2.555;
1368;-3.388522601;43.08647628;0.1;False;ok;8;1;4.581;
1369;-3.288522601;43.08647628;0.1;False;ok;4;1;4.539;
1370;-3.188522601;43.08647628;0.1;False;ok;4;1;4.470;
1371;-3.088522601;43.08647628;0.1;False;ok;4;1;4.486;
1372;-2.988522601;43.08647628;0.1;False;ok;20;1;4.664;
1373;-2.888522601;43.08647628;0.1;False;ok;9;1;4.714;
1374;-2.788522601;43.08647628;0.1;False;ok;14;1;2.861;
1375;-2.688522601;43.08647628;0.1;False;ok;21;1;2.946;
1376;-2.588522601;43.08647628;0.1;False;ok;11;1;4.858;
1377;-6.688522601;43.18647628;0.1;False;ok;3;1;2.902;
1378;-6.588522601;43.18647628;0.1;False;ok;4;1;2.861;
1379;-6.388522601;43.18647628;0.1;False;ok;2;1;5.183;
1380;-6.288522601;43.18647628;0.1;False;ok;8;1;2.936;
1381;-6.088522601;43.18647628;0.1;False;ok;22;1;5.227;
1382;-5.988522601;43.18647628;0.1;False;ok;6;1;5.135;
1383;-5.888522601;43.18647628;0.1;False;ok;19;1;2.937;
1384;-5.788522601;43.18647628;0.1;False;ok;29;1;5.072;
1385;-5.688522601;43.18647628;0.1;False;ok;21;1;5.151;
1386;-5.588522601;43.18647628;0.1;False;ok;18;1;4.872;
1387;-5.488522601;43.18647628;0.1;False;ok;22;1;2.896;
1388;-5.388522601;43.18647628;0.1;False;ok;4;1;3.003;
1389;-5.288522601;43.18647628;0.1;False;ok;10;1;4.899;
1390;-5.188522601;43.18647628;0.1;False;ok;16;1;3.011;
1391;-5.088522601;43.18647628;0.1;False;ok;0;1;3.671;
1392;-4.988522601;43.18647628;0.1;False;ok;5;1;5.164;
1393;-4.888522601;43.18647628;0.1;False;ok;5;1;4.997;
1394;-4.788522601;43.18647628;0.1;False;ok;13;1;5.093;
1395;-4.688522601;43.18647628;0.1;False;ok;19;1;3.098;
1396;-4.588522601;43.18647628;0.1;False;ok;10;1;5.083;
1397;-4.488522601;43.18647628;0.1;False;ok;20;1;3.078;
1398;-4.388522601;43.18647628;0.1;False;ok;18;1;5.172;
1399;-4.288522601;43.18647628;0.1;False;ok;15;1;4.991;
1400;-4.188522601;43.18647628;0.1;False;ok;9;1;4.961;
1401;-4.088522601;43.18647628;0.1;False;ok;28;1;2.990;
1402;-3.988522601;43.18647628;0.1;False;ok;31;1;5.156;
1403;-3.888522601;43.18647628;0.1;False;ok;57;1;3.112;
1404;-3.788522601;43.18647628;0.1;False;ok;25;1;5.150;
1405;-3.688522601;43.18647628;0.1;False;ok;22;1;5.055;
1406;-3.588522601;43.18647628;0.1;False;ok;16;1;2.971;
1407;-3.488522601;43.18647628;0.1;False;ok;40;1;5.360;
1408;-3.388522601;43.18647628;0.1;False;ok;12;1;2.966;
1409;-3.288522601;43.18647628;0.1;False;ok;8;1;5.228;
1410;-3.188522601;43.18647628;0.1;False;ok;18;1;3.008;
1411;-3.088522601;43.18647628;0.1;False;ok;5;1;5.069;
1412;-2.988522601;43.18647628;0.05;False;ok;1;1;2.857;
1413;-2.938522601;43.18647628;0.05;False;ok;5;1;5.007;
1414;-2.988522601;43.23647628;0.05;False;ok;75;1;5.508;
1415;-2.926022601;43.23647628;0.0125;False;ok;10;1;4.930;
1416;-2.938522601;43.24897628;0.0125;False;ok;74;1;3.192;
1417;-2.926022601;43.24897628;0.00625;False;ok;33;1;5.253;
1418;-2.919772601;43.24897628;0.00625;False;ok;18;1;5.318;
1419;-2.926022601;43.25522628;0.00625;False;ok;75;1;3.195;
1420;-2.919772601;43.25522628;0.00625;False;ok;44;1;3.135;
1421;-2.913522601;43.23647628;0.025;False;ok;39;1;5.400;
1422;-2.938522601;43.26147628;0.0125;False;ok;75;1;5.451;
1423;-2.926022601;43.26147628;0.0125;False;ok;75;1;3.235;
1424;-2.926022601;43.27397628;0.0125;False;ok;1;1;5.214;
1425;-2.913522601;43.26147628;0.025;False;ok;6;1;2.979;
1426;-2.888522601;43.18647628;0.1;False;ok;20;1;3.039;
1427;-2.788522601;43.18647628;0.1;False;ok;9;1;4.734;
1428;-2.688522601;43.18647628;0.1;False;ok;9;1;4.997;
1429;-2.588522601;43.18647628;0.1;False;ok;16;1;4.964;
1430;-6.588522601;43.28647628;0.1;False;ok;2;1;2.941;
1431;-6.488522601;43.28647628;0.1;False;ok;10;1;4.685;
1432;-6.388522601;43.28647628;0.1;False;ok;0;1;5.919;
1433;-6.288522601;43.28647628;0.1;False;ok;11;1;2.943;
1434;-6.188522601;43.28647628;0.1;False;ok;6;1;5.030;
1435;-6.088522601;43.28647628;0.1;False;ok;9;1;2.879;
1436;-5.988522601;43.28647628;0.1;False;ok;17;1;2.968;
1437;-5.888522601;43.28647628;0.05;False;ok;2;1;5.108;
1438;-5.838522601;43.28647628;0.05;False;ok;2;1;2.937;
1439;-5.888522601;43.33647628;0.025;False;ok;10;1;2.919;
1440;-5.863522601;43.33647628;0.025;False;ok;75;1;5.340;
1441;-5.888522601;43.36147628;0.025;False;ok;22;1;4.953;
1442;-5.863522601;43.36147628;0.0125;False;ok;73;1;5.424;
1443;-5.851022601;43.36147628;0.0125;False;ok;73;1;5.059;
1444;-5.863522601;43.37397628;0.0125;False;ok;3;1;2.950;
1445;-5.851022601;43.37397628;0.0125;False;ok;3;1;4.798;
1446;-5.838522601;43.33647628;0.05;False;ok;72;1;5.278;
1447;-5.788522601;43.28647628;0.1;False;ok;19;1;5.178;
1448;-5.688522601;43.28647628;0.1;False;ok;25;1;3.109;
1449;-5.588522601;43.28647628;0.1;False;ok;28;1;3.074;
1450;-5.488522601;43.28647628;0.1;False;ok;31;1;5.048;
1451;-5.388522601;43.28647628;0.1;False;ok;51;1;3.051;
1452;-5.288522601;43.28647628;0.1;False;ok;54;1;2.982;
1453;-5.188522601;43.28647628;0.05;False;ok;9;1;5.136;
1454;-5.138522601;43.28647628;0.05;False;ok;25;1;2.913;
1455;-5.188522601;43.33647628;0.05;False;ok;55;1;5.270;
1456;-5.138522601;43.33647628;0.0125;False;ok;39;1;5.330;
1457;-5.126022601;43.33647628;0.0125;False;ok;4;1;4.877;
1458;-5.138522601;43.34897628;0.0125;False;ok;75;1;3.104;
1459;-5.126022601;43.34897628;0.0125;False;ok;26;1;4.891;
1460;-5.113522601;43.33647628;0.025;False;ok;40;1;4.833;
1461;-5.138522601;43.36147628;0.025;False;ok;2;1;2.859;
1462;-5.088522601;43.28647628;0.1;False;ok;75;1;3.094;
1463;-4.988522601;43.28647628;0.1;False;ok;72;1;5.522;
1464;-4.888522601;43.28647628;0.1;False;ok;75;1;5.450;
1465;-4.788522601;43.28647628;0.1;False;ok;21;1;2.936;
1466;-4.688522601;43.28647628;0.1;False;ok;38;1;2.995;
1467;-4.588522601;43.28647628;0.1;False;ok;75;1;3.156;
1468;-4.488522601;43.28647628;0.1;False;ok;75;1;5.385;
1469;-4.388522601;43.28647628;0.1;False;ok;74;1;5.542;
1470;-4.288522601;43.28647628;0.1;False;ok;75;1;5.322;
1471;-4.188522601;43.28647628;0.1;False;ok;74;1;5.120;
1472;-4.088522601;43.28647628;0.1;False;ok;75;1;5.203;
1473;-3.988522601;43.28647628;0.1;False;ok;57;1;4.834;
1474;-3.888522601;43.28647628;0.1;False;ok;68;1;3.176;
1475;-3.788522601;43.28647628;0.1;False;ok;75;1;3.189;
1476;-3.688522601;43.28647628;0.1;False;ok;24;1;4.980;
1477;-3.588522601;43.28647628;0.1;False;ok;48;1;3.086;
1478;-3.488522601;43.28647628;0.1;False;ok;56;1;4.897;
1479;-3.388522601;43.28647628;0.1;False;ok;13;1;2.937;
1480;-3.288522601;43.28647628;0.1;False;ok;75;1;3.104;
1481;-3.188522601;43.28647628;0.1;False;ok;16;1;4.847;
1482;-3.088522601;43.28647628;0.1;False;ok;75;1;5.146;
1483;-2.988522601;43.28647628;0.1;False;ok;52;1;3.204;
1484;-2.888522601;43.28647628;0.1;False;ok;36;1;4.907;
1485;-2.788522601;43.28647628;0.1;False;ok;36;1;4.741;
1486;-2.688522601;43.28647628;0.1;False;ok;65;1;2.959;
1487;-2.588522601;43.28647628;0.1;False;ok;63;1;3.008;
1488;-6.688522601;43.38647628;0.1;False;ok;3;1;4.654;
1489;-6.588522601;43.38647628;0.1;False;ok;7;1;4.727;
1490;-6.488522601;43.38647628;0.1;False;ok;10;1;2.827;
1491;-6.388522601;43.38647628;0.1;False;ok;9;1;5.271;
1492;-6.288522601;43.38647628;0.1;False;ok;15;1;2.957;
1493;-6.188522601;43.38647628;0.1;False;ok;15;1;5.178;
1494;-6.088522601;43.38647628;0.1;False;ok;16;1;5.228;
1495;-5.988522601;43.38647628;0.1;False;ok;4;1;2.876;
1496;-5.888522601;43.38647628;0.1;False;ok;17;1;5.254;
1497;-5.788522601;43.38647628;0.1;False;ok;24;1;2.925;
1498;-5.688522601;43.38647628;0.1;False;ok;30;1;5.383;
1499;-5.588522601;43.38647628;0.1;False;ok;19;1;5.206;
1500;-5.488522601;43.38647628;0.1;False;ok;75;1;5.212;
1501;-5.388522601;43.38647628;0.1;False;ok;26;1;4.844;
1502;-5.288522601;43.38647628;0.1;False;ok;70;1;5.130;
1503;-5.188522601;43.38647628;0.1;False;ok;75;1;3.088;
1504;-5.088522601;43.38647628;0.1;False;ok;74;1;5.168;
1505;-4.988522601;43.38647628;0.1;False;ok;75;1;3.214;
1506;-4.888522601;43.38647628;0.05;False;ok;73;1;3.090;
1507;-4.838522601;43.38647628;0.05;False;ok;71;1;5.015;
1508;-4.888522601;43.43647628;0.05;False;ok;14;1;2.951;
1509;-4.788522601;43.38647628;0.025;False;ok;35;1;5.116;
1510;-4.763522601;43.38647628;0.025;False;ok;37;1;2.948;
1511;-4.788522601;43.41147628;0.025;False;ok;66;1;3.061;
1512;-4.763522601;43.41147628;0.0125;False;ok;75;1;4.701;
1513;-4.751022601;43.41147628;0.0125;False;ok;16;1;4.435;
1514;-4.763522601;43.42397628;0.0125;False;ok;5;1;4.110;
1515;-4.738522601;43.38647628;0.05;False;ok;47;1;3.007;
1516;-4.688522601;43.38647628;0.1;False;ok;36;1;4.441;
1517;-4.588522601;43.38647628;0.1;False;ok;29;1;4.391;
1518;-4.488522601;43.38647628;0.1;False;ok;45;1;2.860;
1519;-4.388522601;43.38647628;0.1;False;ok;75;1;2.817;
1520;-4.288522601;43.38647628;0.1;False;ok;52;1;4.625;
1521;-4.188522601;43.38647628;0.1;False;ok;74;1;2.754;
1522;-4.088522601;43.38647628;0.05;False;ok;72;1;4.784;
1523;-4.038522601;43.38647628;0.05;False;ok;73;1;4.945;
1524;-4.088522601;43.43647628;0.05;False;ok;15;1;2.591;
1525;-4.038522601;43.43647628;0.05;False;ok;11;1;4.611;
1526;-3.988522601;43.38647628;0.1;False;ok;74;1;2.813;
1527;-3.888522601;43.38647628;0.05;False;ok;27;1;4.670;
1528;-3.838522601;43.38647628;0.05;False;ok;26;1;4.539;
1529;-3.888522601;43.43647628;0.05;False;ok;59;1;4.523;
1530;-3.838522601;43.43647628;0.025;False;ok;75;1;4.598;
1531;-3.813522601;43.43647628;0.025;False;ok;46;1;4.698;
1532;-3.838522601;43.46147628;0.025;False;ok;71;1;3.166;
1533;-3.813522601;43.46147628;0.025;False;ok;71;1;3.309;
1534;-3.788522601;43.38647628;0.05;False;ok;15;1;3.118;
1535;-3.738522601;43.38647628;0.05;False;ok;40;1;3.111;
1536;-3.788522601;43.43647628;0.05;False;ok;73;1;3.217;
1537;-3.738522601;43.43647628;0.05;False;ok;74;1;5.024;
1538;-3.688522601;43.38647628;0.1;False;ok;74;1;5.182;
1539;-3.588522601;43.38647628;0.05;False;ok;13;1;5.041;
1540;-3.538522601;43.38647628;0.05;False;ok;25;1;3.115;
1541;-3.588522601;43.43647628;0.05;False;ok;54;1;5.074;
1542;-3.538522601;43.43647628;0.05;False;ok;75;1;4.960;
1543;-3.488522601;43.38647628;0.1;False;ok;75;1;4.798;
1544;-3.388522601;43.38647628;0.1;False;ok;18;1;4.472;
1545;-3.288522601;43.38647628;0.1;False;ok;13;1;4.459;
1546;-3.088522601;43.38647628;0.1;False;ok;10;1;4.271;
1547;-2.988522601;43.38647628;0.1;False;ok;35;1;4.510;
1548;-2.888522601;43.38647628;0.1;False;ok;32;1;2.789;
1549;-2.788522601;43.38647628;0.1;False;ok;75;1;3.057;
1550;-2.688522601;43.38647628;0.1;False;ok;25;1;4.888;
1551;-6.688522601;43.48647628;0.1;False;ok;31;1;2.733;
1552;-6.588522601;43.48647628;0.1;False;ok;75;1;2.843;
1553;-6.488522601;43.48647628;0.1;False;ok;37;1;2.745;
1554;-6.388522601;43.48647628;0.1;False;ok;22;1;4.893;
1555;-6.288522601;43.48647628;0.1;False;ok;63;1;5.057;
1556;-6.188522601;43.48647628;0.1;False;ok;73;1;2.910;
1557;-6.088522601;43.48647628;0.1;False;ok;55;1;5.100;
1558;-5.988522601;43.48647628;0.1;False;ok;73;1;5.057;
1559;-5.888522601;43.48647628;0.1;False;ok;20;1;4.656;
1560;-5.788522601;43.48647628;0.1;False;ok;66;1;3.105;
1561;-5.688522601;43.48647628;0.05;False;ok;75;1;5.324;
1562;-5.638522601;43.48647628;0.05;False;ok;23;1;2.986;
1563;-5.688522601;43.53647628;0.025;False;ok;75;1;3.103;
1564;-5.663522601;43.53647628;0.00625;False;ok;75;1;3.166;
1565;-5.657272601;43.53647628;0.00625;False;ok;75;1;3.084;
1566;-5.663522601;43.54272628;0.00625;False;ok;49;1;5.160;
1567;-5.651022601;43.53647628;0.0125;False;ok;74;1;5.567;
1568;-5.638522601;43.53647628;0.05;False;ok;18;1;5.439;
1569;-5.588522601;43.48647628;0.1;False;ok;47;1;5.424;
1570;-5.488522601;43.48647628;0.1;False;ok;56;1;5.268;
1571;-5.388522601;43.48647628;0.1;False;ok;47;1;3.002;
1572;-5.288522601;43.48647628;0.1;False;ok;59;1;5.414;
1573;-3.688522601;43.48647628;0.1;False;ok;23;1;5.068;
1574;-3.588522601;43.48647628;0.05;False;ok;74;1;4.890;
1575;-3.538522601;43.48647628;0.05;False;ok;41;1;4.802;
1576;-5.988522601;43.58647628;0.1;False;ok;6;1;2.839;
1577;-5.888522601;43.58647628;0.1;False;ok;74;1;3.048;
1578;-5.788522601;43.58647628;0.1;False;ok;31;1;4.962;
1579;-2.514401691;41.68647628;0.1;False;ok;75;1;3.185;
1580;-2.414401691;41.68647628;0.1;False;ok;2;1;2.929;
1581;-2.214401691;41.68647628;0.1;False;ok;0;1;3.712;
1582;-2.114401691;41.68647628;0.1;False;ok;2;1;5.263;
1583;-2.014401691;41.68647628;0.1;False;ok;5;1;2.884;
1584;-1.814401691;41.68647628;0.1;False;ok;3;1;4.964;
1585;-1.714401691;41.68647628;0.1;False;ok;2;1;5.126;
1586;-1.314401691;41.68647628;0.1;False;ok;2;1;4.863;
1587;-1.214401691;41.68647628;0.1;False;ok;1;1;4.576;
1588;-1.114401691;41.68647628;0.1;False;ok;4;1;2.923;
1589;-1.014401691;41.68647628;0.1;False;ok;9;1;5.162;
1590;-0.914401691;41.68647628;0.1;False;ok;6;1;3.001;
1591;-0.414401691;41.68647628;0.1;False;ok;1;1;5.168;
1592;0.085598309;41.68647628;0.1;False;ok;3;1;5.147;
1593;0.485598309;41.68647628;0.1;False;ok;1;1;4.984;
1594;0.685598309;41.68647628;0.1;False;ok;3;1;3.049;
1595;0.785598309;41.68647628;0.1;False;ok;4;1;5.190;
1596;0.885598309;41.68647628;0.1;False;ok;10;1;5.204;
1597;0.985598309;41.68647628;0.1;False;ok;1;1;2.971;
1598;1.085598309;41.68647628;0.1;False;ok;9;1;3.001;
1599;1.185598309;41.68647628;0.1;False;ok;6;1;5.245;
1600;1.285598309;41.68647628;0.1;False;ok;2;1;3.084;
1601;1.385598309;41.68647628;0.1;False;ok;6;1;4.933;
1602;1.485598309;41.68647628;0.1;False;ok;5;1;4.943;
1603;1.585598309;41.68647628;0.1;False;ok;5;1;2.744;
1604;1.785598309;41.68647628;0.1;False;ok;41;1;4.862;
1605;1.885598309;41.68647628;0.1;False;ok;9;1;2.834;
1606;1.985598309;41.68647628;0.1;False;ok;6;1;5.115;
1607;2.085598309;41.68647628;0.1;False;ok;6;1;2.672;
1608;2.185598309;41.68647628;0.1;False;ok;16;1;2.680;
1609;2.285598309;41.68647628;0.1;False;ok;10;1;5.113;
1610;2.385598309;41.68647628;0.1;False;ok;24;1;2.727;
1611;2.485598309;41.68647628;0.1;False;ok;18;1;5.046;
1612;2.585598309;41.68647628;0.1;False;ok;16;1;4.960;
1613;2.685598309;41.68647628;0.1;False;ok;71;1;2.845;
1614;2.785598309;41.68647628;0.025;False;ok;10;1;4.771;
1615;2.810598309;41.68647628;0.0125;False;ok;15;1;4.753;
1616;2.823098309;41.68647628;0.00625;False;ok;0;1;5.405;
1617;2.823098309;41.69272628;0.00625;False;ok;73;1;4.892;
1618;2.829348309;41.69272628;0.00625;False;ok;70;1;3.099;
1619;2.810598309;41.69897628;0.0125;False;ok;7;1;4.750;
1620;2.823098309;41.69897628;0.0125;False;ok;32;1;4.801;
1621;2.785598309;41.71147628;0.025;False;ok;3;1;2.988;
1622;2.810598309;41.71147628;0.025;False;ok;25;1;2.931;
1623;2.835598309;41.68647628;0.0125;False;ok;68;1;3.185;
1624;2.835598309;41.69897628;0.0125;False;ok;72;1;5.046;
1625;2.848098309;41.69897628;0.00625;False;ok;75;1;4.880;
1626;2.854348309;41.69897628;0.00625;False;ok;58;1;2.964;
1627;2.848098309;41.70522628;0.00625;False;ok;1;1;4.781;
1628;2.854348309;41.70522628;0.00625;False;ok;16;1;2.748;
1629;2.860598309;41.69897628;0.0125;False;ok;34;1;4.782;
1630;2.873098309;41.69897628;0.00625;False;ok;18;1;4.831;
1631;2.879348309;41.69897628;0.00625;False;ok;5;1;2.575;
1632;2.873098309;41.70522628;0.00625;False;ok;21;1;4.591;
1633;2.879348309;41.70522628;0.00625;False;ok;11;1;2.675;
1634;2.835598309;41.71147628;0.025;False;ok;30;1;2.673;
1635;2.860598309;41.71147628;0.0125;False;ok;29;1;4.998;
1636;2.873098309;41.71147628;0.0125;False;ok;26;1;4.884;
1637;2.860598309;41.72397628;0.0125;False;ok;2;1;2.648;
1638;2.873098309;41.72397628;0.0125;False;ok;5;1;2.828;
1639;2.785598309;41.73647628;0.025;False;ok;29;1;2.930;
1640;2.810598309;41.73647628;0.0125;False;ok;13;1;5.277;
1641;2.823098309;41.73647628;0.0125;False;ok;11;1;5.196;
1642;2.810598309;41.74897628;0.0125;False;ok;22;1;5.292;
1643;2.823098309;41.74897628;0.0125;False;ok;15;1;5.335;
1644;2.810598309;41.76147628;0.025;False;ok;1;1;5.190;
1645;2.835598309;41.73647628;0.05;False;ok;3;1;5.143;
1646;2.885598309;41.68647628;0.025;False;ok;46;1;3.052;
1647;2.885598309;41.71147628;0.0125;False;ok;10;1;5.039;
1648;2.898098309;41.71147628;0.00625;False;ok;18;1;5.305;
1649;2.904348309;41.71147628;0.00625;False;ok;17;1;3.026;
1650;2.898098309;41.71772628;0.00625;False;ok;12;1;2.999;
1651;2.904348309;41.71772628;0.00625;False;ok;19;1;5.135;
1652;2.898098309;41.72397628;0.0125;False;ok;2;1;3.003;
1653;2.910598309;41.71147628;0.0125;False;ok;3;1;5.466;
1654;2.923098309;41.71147628;0.00625;False;ok;11;1;3.027;
1655;2.929348309;41.71147628;0.00625;False;ok;49;1;3.191;
1656;2.923098309;41.71772628;0.00625;False;ok;34;1;5.303;
1657;2.929348309;41.71772628;0.003125;False;ok;62;1;5.618;
1658;2.932473309;41.71772628;0.003125;False;ok;13;1;5.283;
1659;2.929348309;41.72085128;0.003125;False;ok;41;1;5.343;
1660;2.932473309;41.72085128;0.003125;False;ok;55;1;3.099;
1661;2.910598309;41.72397628;0.0125;False;ok;3;1;2.966;
1662;2.923098309;41.72397628;0.0125;False;ok;34;1;2.996;
1663;2.935598309;41.68647628;0.05;False;ok;17;1;3.028;
1664;2.885598309;41.73647628;0.05;False;ok;6;1;5.366;
1665;2.935598309;41.73647628;0.05;False;ok;50;1;5.495;
1666;2.985598309;41.76147628;0.025;False;ok;3;1;2.910;
1667;3.023098309;41.76147628;0.0125;False;ok;5;1;5.505;
1668;3.010598309;41.77397628;0.0125;False;ok;6;1;5.389;
1669;3.023098309;41.77397628;0.0125;False;ok;74;1;5.469;
1670;3.035598309;41.73647628;0.05;False;ok;35;1;5.499;
1671;-2.514401691;41.78647628;0.1;False;ok;7;1;2.894;
1672;-2.414401691;41.78647628;0.1;False;ok;7;1;5.010;
1673;-2.114401691;41.78647628;0.1;False;ok;3;1;5.301;
1674;-2.014401691;41.78647628;0.1;False;ok;7;1;5.146;
1675;-1.914401691;41.78647628;0.1;False;ok;1;1;2.872;
1676;-1.814401691;41.78647628;0.1;False;ok;9;1;2.975;
1677;-1.714401691;41.78647628;0.1;False;ok;9;1;2.976;
1678;-1.614401691;41.78647628;0.1;False;ok;14;1;5.205;
1679;-1.514401691;41.78647628;0.1;False;ok;5;1;2.917;
1680;-1.414401691;41.78647628;0.1;False;ok;1;1;2.809;
1681;-1.314401691;41.78647628;0.1;False;ok;1;1;5.170;
1682;-1.214401691;41.78647628;0.1;False;ok;2;1;2.899;
1683;-0.914401691;41.78647628;0.1;False;ok;0;1;5.890;
1684;-0.814401691;41.78647628;0.1;False;ok;2;1;4.959;
1685;-0.614401691;41.78647628;0.1;False;ok;0;1;5.936;
1686;-0.214401691;41.78647628;0.1;False;ok;1;1;2.944;
1687;-0.114401691;41.78647628;0.1;False;ok;2;1;2.882;
1688;0.185598309;41.78647628;0.1;False;ok;0;1;5.785;
1689;0.285598309;41.78647628;0.1;False;ok;2;1;2.870;
1690;0.485598309;41.78647628;0.1;False;ok;5;1;5.223;
1691;0.585598309;41.78647628;0.1;False;ok;2;1;2.803;
1692;0.685598309;41.78647628;0.1;False;ok;8;1;5.246;
1693;0.785598309;41.78647628;0.1;False;ok;38;1;5.286;
1694;0.885598309;41.78647628;0.1;False;ok;2;1;2.914;
1695;0.985598309;41.78647628;0.1;False;ok;3;1;5.063;
1696;1.085598309;41.78647628;0.1;False;ok;5;1;5.129;
1697;1.185598309;41.78647628;0.1;False;ok;1;1;5.152;
1698;1.285598309;41.78647628;0.1;False;ok;7;1;3.423;
1699;1.385598309;41.78647628;0.1;False;ok;6;1;4.889;
1700;1.485598309;41.78647628;0.1;False;ok;0;1;5.639;
1701;1.585598309;41.78647628;0.1;False;ok;2;1;4.720;
1702;1.685598309;41.78647628;0.1;False;ok;8;1;3.022;
1703;1.785598309;41.78647628;0.1;False;ok;12;1;3.072;
1704;1.885598309;41.78647628;0.1;False;ok;8;1;2.998;
1705;1.985598309;41.78647628;0.1;False;ok;4;1;4.775;
1706;2.085598309;41.78647628;0.1;False;ok;11;1;2.960;
1707;2.185598309;41.78647628;0.1;False;ok;16;1;2.957;
1708;2.285598309;41.78647628;0.1;False;ok;10;1;4.884;
1709;2.385598309;41.78647628;0.1;False;ok;25;1;5.031;
1710;2.485598309;41.78647628;0.1;False;ok;36;1;3.132;
1711;2.585598309;41.78647628;0.1;False;ok;15;1;4.950;
1712;2.685598309;41.78647628;0.1;False;ok;40;1;5.085;
1713;2.785598309;41.78647628;0.1;False;ok;43;1;3.113;
1714;2.885598309;41.78647628;0.1;False;ok;35;1;5.253;
1715;2.985598309;41.78647628;0.05;False;ok;73;1;5.368;
1716;3.035598309;41.78647628;0.0125;False;ok;75;1;5.372;
1717;3.048098309;41.78647628;0.0125;False;ok;38;1;5.139;
1718;3.035598309;41.79897628;0.0125;False;ok;9;1;5.292;
1719;3.048098309;41.79897628;0.0125;False;ok;46;1;3.057;
1720;3.060598309;41.78647628;0.025;False;ok;72;1;5.292;
1721;3.035598309;41.81147628;0.025;False;ok;24;1;3.038;
1722;3.060598309;41.81147628;0.00625;False;ok;73;1;3.124;
1723;3.066848309;41.81147628;0.00625;False;ok;72;1;5.405;
1724;3.060598309;41.81772628;0.00625;False;ok;17;1;2.946;
1725;3.066848309;41.81772628;0.00625;False;ok;65;1;5.203;
1726;3.073098309;41.81147628;0.0125;False;ok;1;1;4.866;
1727;3.060598309;41.82397628;0.0125;False;ok;28;1;2.984;
1728;3.073098309;41.82397628;0.0125;False;ok;46;1;4.882;
1729;2.985598309;41.83647628;0.05;False;ok;11;1;5.107;
1730;3.035598309;41.83647628;0.025;False;ok;52;1;3.125;
1731;3.060598309;41.83647628;0.025;False;ok;52;1;2.985;
1732;3.035598309;41.86147628;0.025;False;ok;9;1;2.926;
1733;3.060598309;41.86147628;0.0125;False;ok;24;1;5.312;
1734;3.073098309;41.86147628;0.0125;False;ok;15;1;3.027;
1735;3.060598309;41.87397628;0.0125;False;ok;26;1;2.928;
1736;3.073098309;41.87397628;0.0125;False;ok;5;1;5.029;
1737;3.085598309;41.78647628;0.05;False;ok;6;1;5.109;
1738;3.085598309;41.83647628;0.0125;False;ok;57;1;3.082;
1739;3.098098309;41.83647628;0.0125;False;ok;54;1;5.196;
1740;3.085598309;41.84897628;0.0125;False;ok;2;1;4.916;
1741;3.098098309;41.84897628;0.0125;False;ok;4;1;5.284;
1742;3.110598309;41.83647628;0.0125;False;ok;9;1;5.163;
1743;3.123098309;41.83647628;0.0125;False;ok;75;1;5.197;
1744;3.110598309;41.84897628;0.0125;False;ok;54;1;5.422;
1745;3.123098309;41.84897628;0.0125;False;ok;41;1;5.183;
1746;3.085598309;41.86147628;0.025;False;ok;4;1;2.944;
1747;3.110598309;41.86147628;0.025;False;ok;10;1;2.953;
1748;3.135598309;41.83647628;0.025;False;ok;75;1;3.119;
1749;3.135598309;41.86147628;0.025;False;ok;8;1;5.215;
1750;3.160598309;41.86147628;0.025;False;ok;57;1;3.188;
1751;-2.514401691;41.88647628;0.1;False;ok;7;1;3.039;
1752;-2.414401691;41.88647628;0.1;False;ok;0;1;5.754;
1753;-2.314401691;41.88647628;0.1;False;ok;0;1;5.906;
1754;-2.214401691;41.88647628;0.1;False;ok;4;1;4.886;
1755;-2.114401691;41.88647628;0.1;False;ok;1;1;2.890;
1756;-2.014401691;41.88647628;0.1;False;ok;1;1;4.868;
1757;-1.814401691;41.88647628;0.1;False;ok;18;1;3.058;
1758;-1.714401691;41.88647628;0.1;False;ok;5;1;4.960;
1759;-1.314401691;41.88647628;0.1;False;ok;2;1;2.959;
1760;-0.614401691;41.88647628;0.1;False;ok;2;1;2.899;
1761;-0.514401691;41.88647628;0.1;False;ok;1;1;2.892;
1762;0.085598309;41.88647628;0.1;False;ok;1;1;2.840;
1763;0.185598309;41.88647628;0.1;False;ok;4;1;5.315;
1764;0.285598309;41.88647628;0.1;False;ok;3;1;5.116;
1765;0.385598309;41.88647628;0.1;False;ok;1;1;5.074;
1766;0.485598309;41.88647628;0.1;False;ok;2;1;4.990;
1767;0.585598309;41.88647628;0.1;False;ok;0;1;5.692;
1768;0.685598309;41.88647628;0.1;False;ok;8;1;5.071;
1769;0.785598309;41.88647628;0.1;False;ok;0;1;5.883;
1770;0.885598309;41.88647628;0.1;False;ok;3;1;2.968;
1771;0.985598309;41.88647628;0.1;False;ok;18;1;4.958;
1772;1.085598309;41.88647628;0.1;False;ok;5;1;5.027;
1773;1.185598309;41.88647628;0.1;False;ok;11;1;2.979;
1774;1.285598309;41.88647628;0.1;False;ok;1;1;2.901;
1775;1.385598309;41.88647628;0.1;False;ok;6;1;2.976;
1776;1.485598309;41.88647628;0.1;False;ok;9;1;5.219;
1777;1.585598309;41.88647628;0.1;False;ok;27;1;3.114;
1778;1.685598309;41.88647628;0.1;False;ok;8;1;2.930;
1779;1.785598309;41.88647628;0.1;False;ok;8;1;5.388;
1780;1.985598309;41.88647628;0.1;False;ok;1;1;5.335;
1781;2.085598309;41.88647628;0.1;False;ok;9;1;5.059;
1782;2.185598309;41.88647628;0.1;False;ok;32;1;3.062;
1783;2.285598309;41.88647628;0.1;False;ok;9;1;4.996;
1784;2.485598309;41.88647628;0.1;False;ok;14;1;3.089;
1785;2.585598309;41.88647628;0.1;False;ok;12;1;3.086;
1786;2.685598309;41.88647628;0.1;False;ok;15;1;5.311;
1787;2.785598309;41.88647628;0.05;False;ok;5;1;3.062;
1788;2.835598309;41.88647628;0.05;False;ok;7;1;5.256;
1789;2.810598309;41.93647628;0.025;False;ok;5;1;5.164;
1790;2.785598309;41.96147628;0.025;False;ok;7;1;3.118;
1791;2.810598309;41.96147628;0.0125;False;ok;5;1;5.313;
1792;2.823098309;41.96147628;0.0125;False;ok;3;1;2.993;
1793;2.810598309;41.97397628;0.0125;False;ok;75;1;5.544;
1794;2.823098309;41.97397628;0.0125;False;ok;75;1;5.590;
1795;2.835598309;41.93647628;0.05;False;ok;2;1;5.178;
1796;2.885598309;41.88647628;0.1;False;ok;9;1;5.198;
1797;2.985598309;41.88647628;0.1;False;ok;27;1;5.157;
1798;3.085598309;41.88647628;0.05;False;ok;4;1;2.978;
1799;3.135598309;41.88647628;0.025;False;ok;10;1;4.956;
1800;3.173098309;41.88647628;0.00625;False;ok;16;1;2.996;
1801;3.179348309;41.88647628;0.00625;False;ok;70;1;3.187;
1802;3.173098309;41.89272628;0.00625;False;ok;3;1;5.030;
1803;3.179348309;41.89272628;0.00625;False;ok;22;1;3.029;
1804;3.160598309;41.89897628;0.0125;False;ok;1;1;5.036;
1805;3.173098309;41.89897628;0.0125;False;ok;1;1;3.115;
1806;3.135598309;41.91147628;0.025;False;ok;9;1;2.993;
1807;3.160598309;41.91147628;0.025;False;ok;25;1;5.414;
1808;3.085598309;41.93647628;0.05;False;ok;25;1;5.287;
1809;3.135598309;41.93647628;0.05;False;ok;74;1;3.130;
1810;3.185598309;41.88647628;0.00625;False;ok;43;1;5.120;
1811;3.191848309;41.88647628;0.00625;False;ok;2;1;5.054;
1812;3.185598309;41.89272628;0.00625;False;ok;32;1;5.020;
1813;3.191848309;41.89272628;0.00625;False;ok;51;1;5.056;
1814;3.198098309;41.88647628;0.0125;False;ok;14;1;3.007;
1815;3.185598309;41.89897628;0.0125;False;ok;1;1;5.097;
1816;3.198098309;41.89897628;0.0125;False;ok;11;1;2.981;
1817;3.185598309;41.91147628;0.0125;False;ok;1;1;3.016;
1818;3.198098309;41.91147628;0.00625;False;ok;3;1;5.361;
1819;3.204348309;41.91147628;0.00625;False;ok;10;1;2.947;
1820;3.198098309;41.91772628;0.00625;False;ok;3;1;2.966;
1821;3.204348309;41.91772628;0.00625;False;ok;54;1;5.537;
1822;3.185598309;41.92397628;0.0125;False;ok;4;1;5.504;
1823;3.198098309;41.92397628;0.0125;False;ok;24;1;5.410;
1824;3.210598309;41.91147628;0.025;False;ok;30;1;5.130;
1825;3.185598309;41.93647628;0.0125;False;ok;18;1;2.988;
1826;3.198098309;41.93647628;0.0125;False;ok;24;1;5.239;
1827;3.198098309;41.94897628;0.00625;False;ok;4;1;4.944;
1828;3.204348309;41.94897628;0.00625;False;ok;31;1;3.036;
1829;3.198098309;41.95522628;0.00625;False;ok;7;1;5.146;
1830;3.204348309;41.95522628;0.00625;False;ok;28;1;3.083;
1831;3.210598309;41.93647628;0.0125;False;ok;16;1;5.382;
1832;3.210598309;41.94897628;0.0125;False;ok;12;1;2.992;
1833;3.223098309;41.94897628;0.0125;False;ok;53;1;2.992;
1834;3.198098309;41.96147628;0.0125;False;ok;72;1;3.038;
1835;3.185598309;41.97397628;0.0125;False;ok;33;1;5.521;
1836;3.198098309;41.97397628;0.0125;False;ok;74;1;5.288;
1837;3.210598309;41.96147628;0.025;False;ok;42;1;5.315;
1838;-2.514401691;41.98647628;0.1;False;ok;0;1;5.749;
1839;-2.414401691;41.98647628;0.1;False;ok;3;1;2.925;
1840;-2.014401691;41.98647628;0.1;False;ok;6;1;4.955;
1841;-1.914401691;41.98647628;0.1;False;ok;4;1;5.055;
1842;-1.814401691;41.98647628;0.1;False;ok;3;1;2.912;
1843;-1.714401691;41.98647628;0.1;False;ok;12;1;5.157;
1844;-1.614401691;41.98647628;0.1;False;ok;75;1;5.430;
1845;-1.414401691;41.98647628;0.1;False;ok;1;1;2.864;
1846;-0.914401691;41.98647628;0.1;False;ok;0;1;3.583;
1847;-0.314401691;41.98647628;0.1;False;ok;1;1;5.126;
1848;-0.114401691;41.98647628;0.1;False;ok;1;1;2.862;
1849;-0.014401691;41.98647628;0.1;False;ok;2;1;5.179;
1850;0.085598309;41.98647628;0.1;False;ok;20;1;2.904;
1851;0.185598309;41.98647628;0.1;False;ok;2;1;5.100;
1852;0.285598309;41.98647628;0.1;False;ok;2;1;4.896;
1853;0.385598309;41.98647628;0.1;False;ok;1;1;2.873;
1854;0.485598309;41.98647628;0.1;False;ok;2;1;5.073;
1855;0.685598309;41.98647628;0.1;False;ok;25;1;5.100;
1856;0.785598309;41.98647628;0.1;False;ok;9;1;3.033;
1857;0.885598309;41.98647628;0.1;False;ok;7;1;3.004;
1858;0.985598309;41.98647628;0.1;False;ok;4;1;2.984;
1859;1.085598309;41.98647628;0.1;False;ok;3;1;2.965;
1860;1.185598309;41.98647628;0.1;False;ok;9;1;5.518;
1861;1.285598309;41.98647628;0.1;False;ok;11;1;2.992;
1862;1.385598309;41.98647628;0.1;False;ok;3;1;5.499;
1863;1.485598309;41.98647628;0.1;False;ok;27;1;5.361;
1864;1.585598309;41.98647628;0.1;False;ok;3;1;5.253;
1865;1.685598309;41.98647628;0.1;False;ok;5;1;5.059;
1866;1.785598309;41.98647628;0.1;False;ok;39;1;3.034;
1867;1.885598309;41.98647628;0.1;False;ok;16;1;5.164;
1868;1.985598309;41.98647628;0.1;False;ok;5;1;5.024;
1869;2.085598309;41.98647628;0.1;False;ok;15;1;5.204;
1870;2.185598309;41.98647628;0.1;False;ok;4;1;5.045;
1871;2.285598309;41.98647628;0.1;False;ok;17;1;5.111;
1872;2.385598309;41.98647628;0.1;False;ok;15;1;2.979;
1873;2.485598309;41.98647628;0.1;False;ok;32;1;3.028;
1874;2.585598309;41.98647628;0.1;False;ok;17;1;5.420;
1875;2.685598309;41.98647628;0.1;False;ok;19;1;3.028;
1876;2.785598309;41.98647628;0.1;False;ok;75;1;5.429;
1877;2.885598309;41.98647628;0.1;False;ok;36;1;2.993;
1878;2.985598309;41.98647628;0.1;False;ok;50;1;2.958;
1879;3.085598309;41.98647628;0.05;False;ok;13;1;5.171;
1880;3.135598309;41.98647628;0.05;False;ok;10;1;5.278;
1881;3.085598309;42.03647628;0.05;False;ok;27;1;3.051;
1882;3.135598309;42.03647628;0.025;False;ok;31;1;3.067;
1883;3.160598309;42.03647628;0.025;False;ok;74;1;3.163;
1884;3.185598309;41.98647628;0.0125;False;ok;74;1;5.992;
1885;3.198098309;41.98647628;0.0125;False;ok;8;1;5.970;
1886;3.185598309;41.99897628;0.0125;False;ok;71;1;3.227;
1887;3.185598309;42.01147628;0.025;False;ok;0;1;6.492;
1888;3.185598309;42.03647628;0.0125;False;ok;73;1;6.151;
1889;3.185598309;42.04897628;0.003125;False;ok;20;1;3.154;
1890;3.188723309;42.04897628;0.003125;False;ok;73;1;5.984;
1891;3.185598309;42.05210128;0.003125;False;ok;1;1;3.086;
1892;3.191848309;42.04897628;0.003125;False;ok;49;1;5.798;
1893;3.194973309;42.04897628;0.003125;False;ok;73;1;5.607;
1894;3.191848309;42.05210128;0.003125;False;ok;18;1;5.506;
1895;3.194973309;42.05210128;0.003125;False;ok;40;1;5.547;
1896;3.191848309;42.05522628;0.00625;False;ok;13;1;3.100;
1897;3.198098309;42.04897628;0.0125;False;ok;75;1;5.562;
1898;-2.514401691;42.08647628;0.1;False;ok;0;1;5.931;
1899;-2.414401691;42.08647628;0.1;False;ok;5;1;5.120;
1900;-2.314401691;42.08647628;0.1;False;ok;6;1;3.111;
1901;-2.214401691;42.08647628;0.1;False;ok;6;1;3.149;
1902;-2.114401691;42.08647628;0.1;False;ok;3;1;5.097;
1903;-2.014401691;42.08647628;0.1;False;ok;2;1;3.118;
1904;-1.814401691;42.08647628;0.1;False;ok;15;1;3.131;
1905;-1.714401691;42.08647628;0.1;False;ok;5;1;3.192;
1906;-1.614401691;42.08647628;0.1;False;ok;26;1;5.236;
1907;-1.214401691;42.08647628;0.1;False;ok;2;1;2.910;
1908;-1.014401691;42.08647628;0.1;False;ok;0;1;3.460;
1909;-0.814401691;42.08647628;0.1;False;ok;1;1;4.888;
1910;-0.714401691;42.08647628;0.1;False;ok;3;1;4.861;
1911;-0.614401691;42.08647628;0.1;False;ok;1;1;2.683;
1912;-0.414401691;42.08647628;0.1;False;ok;46;1;4.997;
1913;-0.314401691;42.08647628;0.1;False;ok;3;1;5.138;
1914;-0.214401691;42.08647628;0.1;False;ok;5;1;2.873;
1915;-0.114401691;42.08647628;0.1;False;ok;14;1;5.417;
1916;-0.014401691;42.08647628;0.1;False;ok;68;1;2.991;
1917;0.085598309;42.08647628;0.1;False;ok;1;1;5.313;
1918;0.185598309;42.08647628;0.1;False;ok;5;1;5.463;
1919;0.285598309;42.08647628;0.1;False;ok;10;1;2.927;
1920;0.385598309;42.08647628;0.1;False;ok;9;1;5.313;
1921;0.485598309;42.08647628;0.1;False;ok;4;1;5.307;
1922;0.685598309;42.08647628;0.1;False;ok;1;1;5.201;
1923;0.785598309;42.08647628;0.1;False;ok;5;1;3.123;
1924;0.885598309;42.08647628;0.1;False;ok;43;1;5.053;
1925;0.985598309;42.08647628;0.1;False;ok;10;1;4.795;
1926;1.085598309;42.08647628;0.1;False;ok;2;1;5.061;
1927;1.185598309;42.08647628;0.1;False;ok;3;1;3.093;
1928;1.285598309;42.08647628;0.1;False;ok;5;1;5.127;
1929;1.385598309;42.08647628;0.1;False;ok;5;1;3.056;
1930;1.485598309;42.08647628;0.1;False;ok;17;1;3.167;
1931;1.585598309;42.08647628;0.1;False;ok;28;1;3.072;
1932;1.685598309;42.08647628;0.1;False;ok;0;1;3.641;
1933;1.785598309;42.08647628;0.1;False;ok;36;1;2.920;
1934;1.885598309;42.08647628;0.1;False;ok;3;1;4.915;
1935;1.985598309;42.08647628;0.1;False;ok;12;1;5.128;
1936;2.085598309;42.08647628;0.1;False;ok;10;1;5.075;
1937;2.185598309;42.08647628;0.1;False;ok;15;1;5.107;
1938;2.285598309;42.08647628;0.1;False;ok;5;1;5.301;
1939;2.385598309;42.08647628;0.1;False;ok;59;1;5.407;
1940;2.485598309;42.08647628;0.1;False;ok;55;1;3.105;
1941;2.585598309;42.08647628;0.1;False;ok;14;1;5.622;
1942;2.685598309;42.08647628;0.1;False;ok;67;1;5.899;
1943;2.785598309;42.08647628;0.1;False;ok;22;1;5.757;
1944;2.885598309;42.08647628;0.1;False;ok;37;1;3.273;
1945;2.985598309;42.08647628;0.1;False;ok;51;1;5.948;
1946;3.085598309;42.08647628;0.025;False;ok;1;1;3.089;
1947;3.110598309;42.08647628;0.025;False;ok;45;1;3.284;
1948;3.110598309;42.11147628;0.0125;False;ok;10;1;5.662;
1949;3.123098309;42.11147628;0.0125;False;ok;75;1;5.924;
1950;3.110598309;42.12397628;0.0125;False;ok;10;1;3.192;
1951;3.123098309;42.12397628;0.0125;False;ok;74;1;5.872;
1952;3.135598309;42.09897628;0.0125;False;ok;70;1;3.336;
1953;3.148098309;42.09897628;0.0125;False;ok;61;1;5.617;
1954;3.160598309;42.08647628;0.025;False;ok;42;1;3.235;
1955;3.135598309;42.11147628;0.0125;False;ok;74;1;3.361;
1956;3.148098309;42.11147628;0.0125;False;ok;47;1;3.229;
1957;3.135598309;42.12397628;0.0125;False;ok;18;1;5.766;
1958;3.160598309;42.11147628;0.025;False;ok;12;1;3.128;
1959;3.085598309;42.13647628;0.05;False;ok;74;1;5.715;
1960;-2.514401691;42.18647628;0.1;False;ok;7;1;5.744;
1961;-2.314401691;42.18647628;0.1;False;ok;28;1;3.151;
1962;-2.214401691;42.18647628;0.1;False;ok;6;1;5.494;
1963;-2.114401691;42.18647628;0.1;False;ok;11;1;3.194;
1964;-2.014401691;42.18647628;0.1;False;ok;3;1;5.204;
1965;-1.914401691;42.18647628;0.1;False;ok;11;1;5.230;
1966;-1.814401691;42.18647628;0.1;False;ok;11;1;5.437;
1967;-1.714401691;42.18647628;0.1;False;ok;15;1;5.565;
1968;-1.314401691;42.18647628;0.1;False;ok;1;1;5.322;
1969;-1.014401691;42.18647628;0.1;False;ok;4;1;3.178;
1970;-0.814401691;42.18647628;0.1;False;ok;1;1;5.211;
1971;-0.714401691;42.18647628;0.1;False;ok;10;1;5.182;
1972;-0.614401691;42.18647628;0.1;False;ok;4;1;3.092;
1973;-0.514401691;42.18647628;0.1;False;ok;3;1;3.095;
1974;-0.414401691;42.18647628;0.1;False;ok;3;1;5.170;
1975;-0.314401691;42.18647628;0.1;False;ok;6;1;3.039;
1976;-0.214401691;42.18647628;0.1;False;ok;5;1;5.139;
1977;-0.114401691;42.18647628;0.1;False;ok;6;1;5.310;
1978;-0.014401691;42.18647628;0.1;False;ok;2;1;2.942;
1979;0.085598309;42.18647628;0.1;False;ok;7;1;2.897;
1980;0.185598309;42.18647628;0.1;False;ok;4;1;2.736;
1981;0.285598309;42.18647628;0.1;False;ok;15;1;5.067;
1982;0.385598309;42.18647628;0.1;False;ok;2;1;4.791;
1983;0.485598309;42.18647628;0.1;False;ok;3;1;2.852;
1984;0.685598309;42.18647628;0.1;False;ok;9;1;2.947;
1985;0.785598309;42.18647628;0.1;False;ok;1;1;2.887;
1986;0.885598309;42.18647628;0.1;False;ok;27;1;5.365;
1987;0.985598309;42.18647628;0.1;False;ok;10;1;5.266;
1988;1.185598309;42.18647628;0.1;False;ok;2;1;5.342;
1989;1.285598309;42.18647628;0.1;False;ok;8;1;5.299;
1990;1.385598309;42.18647628;0.1;False;ok;1;1;2.935;
1991;1.485598309;42.18647628;0.1;False;ok;8;1;2.978;
1992;1.585598309;42.18647628;0.1;False;ok;3;1;5.430;
1993;1.685598309;42.18647628;0.1;False;ok;13;1;5.472;
1994;1.785598309;42.18647628;0.1;False;ok;42;1;5.626;
1995;1.885598309;42.18647628;0.1;False;ok;20;1;5.492;
1996;1.985598309;42.18647628;0.1;False;ok;13;1;5.273;
1997;2.085598309;42.18647628;0.1;False;ok;22;1;5.426;
1998;2.185598309;42.18647628;0.1;False;ok;43;1;3.075;
1999;2.285598309;42.18647628;0.1;False;ok;52;1;5.286;
2000;2.385598309;42.18647628;0.1;False;ok;26;1;3.099;
2001;2.485598309;42.18647628;0.1;False;ok;39;1;3.048;
2002;2.585598309;42.18647628;0.1;False;ok;29;1;3.087;
2003;2.685598309;42.18647628;0.1;False;ok;59;1;5.551;
2004;2.785598309;42.18647628;0.1;False;ok;37;1;3.115;
2005;2.885598309;42.18647628;0.1;False;ok;74;1;3.286;
2006;2.985598309;42.18647628;0.1;False;ok;74;1;5.544;
2007;3.085598309;42.18647628;0.05;False;ok;6;1;5.542;
2008;3.098098309;42.23647628;0.0125;False;ok;16;1;3.097;
2009;3.098098309;42.24897628;0.0125;False;ok;74;1;5.583;
2010;3.110598309;42.23647628;0.00625;False;ok;0;1;6.012;
2011;3.116848309;42.23647628;0.00625;False;ok;69;1;5.466;
2012;3.110598309;42.24272628;0.00625;False;ok;42;1;5.439;
2013;3.116848309;42.24272628;0.00625;False;ok;69;1;3.308;
2014;3.123098309;42.23647628;0.0015625;False;ok;20;1;3.177;
2015;3.124660809;42.23647628;0.0015625;False;ok;0;1;3.811;
2016;3.123098309;42.23803878;0.0015625;False;ok;74;1;5.604;
2017;3.124660809;42.23803878;0.0015625;False;ok;28;1;3.135;
2018;3.123098309;42.23960128;0.003125;False;ok;74;1;5.658;
2019;3.126223309;42.23960128;0.003125;False;ok;28;1;5.470;
2020;3.123098309;42.24272628;0.003125;False;ok;14;1;5.512;
2021;3.126223309;42.24272628;0.003125;False;ok;74;1;5.526;
2022;3.123098309;42.24585128;0.003125;False;ok;26;1;3.286;
2023;3.126223309;42.24585128;0.003125;False;ok;54;1;5.552;
2024;3.129348309;42.24272628;0.00625;False;ok;61;1;5.558;
2025;3.110598309;42.24897628;0.0125;False;ok;73;1;3.332;
2026;3.123098309;42.24897628;0.0125;False;ok;73;1;5.367;
2027;3.085598309;42.26147628;0.025;False;ok;9;1;3.125;
2028;3.135598309;42.23647628;0.025;False;ok;46;1;3.172;
2029;3.173098309;42.23647628;0.0125;False;ok;26;1;3.180;
2030;3.179348309;42.24897628;0.00625;False;ok;34;1;3.121;
2031;3.173098309;42.25522628;0.00625;False;ok;27;1;5.736;
2032;3.179348309;42.25522628;0.003125;False;ok;26;1;5.329;
2033;3.182473309;42.25522628;0.003125;False;ok;33;1;3.091;
2034;3.179348309;42.25835128;0.003125;False;ok;44;1;5.627;
2035;3.182473309;42.25835128;0.003125;False;ok;24;1;5.497;
2036;3.135598309;42.26147628;0.00625;False;ok;7;1;5.369;
2037;3.141848309;42.26147628;0.00625;False;ok;75;1;5.586;
2038;3.135598309;42.26772628;0.00625;False;ok;68;1;3.295;
2039;3.141848309;42.26772628;0.00625;False;ok;74;1;5.922;
2040;3.148098309;42.26147628;0.003125;False;ok;41;1;3.153;
2041;3.151223309;42.26147628;0.003125;False;ok;73;1;5.679;
2042;3.148098309;42.26460128;0.003125;False;ok;36;1;3.291;
2043;3.151223309;42.26460128;0.003125;False;ok;27;1;5.967;
2044;3.154348309;42.26147628;0.003125;False;ok;75;1;5.800;
2045;3.157473309;42.26147628;0.003125;False;ok;25;1;5.635;
2046;3.154348309;42.26460128;0.003125;False;ok;12;1;3.185;
2047;3.157473309;42.26460128;0.003125;False;ok;27;1;3.280;
2048;3.148098309;42.26772628;0.00625;False;ok;1;1;5.497;
2049;3.154348309;42.26772628;0.00625;False;ok;2;1;5.538;
2050;3.135598309;42.27397628;0.0125;False;ok;4;1;3.102;
2051;3.148098309;42.27397628;0.0125;False;ok;1;1;5.475;
2052;3.160598309;42.26147628;0.003125;False;ok;5;1;3.205;
2053;3.160598309;42.26460128;0.003125;False;ok;67;1;3.244;
2054;3.163723309;42.26460128;0.003125;False;ok;42;1;5.764;
2055;3.166848309;42.26147628;0.00625;False;ok;21;1;3.232;
2056;3.160598309;42.26772628;0.00625;False;ok;8;1;5.492;
2057;3.173098309;42.26147628;0.00625;False;ok;75;1;3.317;
2058;3.179348309;42.26147628;0.00625;False;ok;38;1;3.173;
2059;3.173098309;42.26772628;0.00625;False;ok;0;1;6.369;
2060;3.179348309;42.26772628;0.00625;False;ok;5;1;5.636;
2061;3.160598309;42.27397628;0.0125;False;ok;11;1;5.487;
2062;3.185598309;42.24272628;0.00625;False;ok;74;1;3.259;
2063;3.191848309;42.24272628;0.00625;False;ok;73;1;5.700;
2064;3.198098309;42.23647628;0.0125;False;ok;73;1;5.717;
2065;3.185598309;42.24897628;0.0125;False;ok;73;1;5.708;
2066;3.198098309;42.24897628;0.0125;False;ok;6;1;3.059;
2067;3.210598309;42.23647628;0.025;False;ok;6;1;5.630;
2068;3.185598309;42.26147628;0.025;False;ok;20;1;5.632;
2069;3.235598309;42.23647628;0.05;False;ok;12;1;5.773;
2070;3.285598309;42.18647628;0.1;False;ok;8;1;5.641;
2071;-2.514401691;42.28647628;0.1;False;ok;12;1;3.234;
2072;-2.314401691;42.28647628;0.1;False;ok;2;1;5.599;
2073;-2.214401691;42.28647628;0.1;False;ok;5;1;3.111;
2074;-2.014401691;42.28647628;0.1;False;ok;17;1;5.804;
2075;-1.914401691;42.28647628;0.1;False;ok;3;1;3.144;
2076;-1.814401691;42.28647628;0.1;False;ok;3;1;3.093;
2077;-1.714401691;42.28647628;0.1;False;ok;1;1;3.083;
2078;-1.614401691;42.28647628;0.1;False;ok;5;1;3.104;
2079;-1.514401691;42.28647628;0.1;False;ok;2;1;5.641;
2080;-1.414401691;42.28647628;0.1;False;ok;2;1;5.332;
2081;-1.214401691;42.28647628;0.1;False;ok;3;1;3.122;
2082;-1.114401691;42.28647628;0.1;False;ok;0;1;3.827;
2083;-0.814401691;42.28647628;0.1;False;ok;24;1;5.719;
2084;-0.714401691;42.28647628;0.1;False;ok;6;1;5.512;
2085;-0.614401691;42.28647628;0.1;False;ok;0;1;3.874;
2086;-0.514401691;42.28647628;0.1;False;ok;2;1;3.039;
2087;-0.414401691;42.28647628;0.1;False;ok;0;1;6.269;
2088;-0.314401691;42.28647628;0.1;False;ok;3;1;5.589;
2089;-0.014401691;42.28647628;0.1;False;ok;2;1;3.031;
2090;0.085598309;42.28647628;0.1;False;ok;12;1;5.576;
2091;0.185598309;42.28647628;0.1;False;ok;12;1;5.512;
2092;0.285598309;42.28647628;0.1;False;ok;2;1;5.352;
2093;0.385598309;42.28647628;0.1;False;ok;2;1;5.506;
2094;0.485598309;42.28647628;0.1;False;ok;16;1;5.794;
2095;0.585598309;42.28647628;0.1;False;ok;1;1;5.538;
2096;0.685598309;42.28647628;0.1;False;ok;3;1;3.100;
2097;0.785598309;42.28647628;0.1;False;ok;4;1;5.657;
2098;0.885598309;42.28647628;0.1;False;ok;9;1;3.100;
2099;0.985598309;42.28647628;0.1;False;ok;15;1;5.662;
2100;1.085598309;42.28647628;0.1;False;ok;7;1;3.127;
2101;1.185598309;42.28647628;0.1;False;ok;7;1;3.107;
2102;1.285598309;42.28647628;0.1;False;ok;9;1;3.159;
2103;1.385598309;42.28647628;0.1;False;ok;45;1;3.250;
2104;1.485598309;42.28647628;0.1;False;ok;11;1;5.909;
2105;1.585598309;42.28647628;0.1;False;ok;13;1;5.992;
2106;1.685598309;42.28647628;0.1;False;ok;48;1;3.167;
2107;1.785598309;42.28647628;0.1;False;ok;46;1;6.014;
2108;1.885598309;42.28647628;0.1;False;ok;73;1;5.978;
2109;1.985598309;42.28647628;0.1;False;ok;11;1;3.069;
2110;2.085598309;42.28647628;0.1;False;ok;74;1;6.156;
2111;2.185598309;42.28647628;0.1;False;ok;8;1;3.074;
2112;2.285598309;42.28647628;0.1;False;ok;75;1;3.214;
2113;2.385598309;42.28647628;0.1;False;ok;42;1;5.878;
2114;2.685598309;42.28647628;0.1;False;ok;13;1;5.899;
2115;2.785598309;42.28647628;0.1;False;ok;24;1;6.033;
2116;2.885598309;42.28647628;0.1;False;ok;27;1;3.032;
2117;2.985598309;42.28647628;0.1;False;ok;50;1;5.993;
2118;3.085598309;42.28647628;0.05;False;ok;20;1;5.981;
2119;3.135598309;42.28647628;0.05;False;ok;60;1;3.177;
2120;3.085598309;42.33647628;0.05;False;ok;1;1;5.745;
2121;3.135598309;42.33647628;0.025;False;ok;3;1;5.725;
2122;3.160598309;42.33647628;0.025;False;ok;75;1;5.838;
2123;3.135598309;42.36147628;0.025;False;ok;75;1;3.320;
2124;3.160598309;42.36147628;0.025;False;ok;74;1;5.970;
2125;3.185598309;42.28647628;0.05;False;ok;42;1;3.223;
2126;3.235598309;42.28647628;0.05;False;ok;74;1;3.228;
2127;3.185598309;42.33647628;0.05;False;ok;42;1;3.132;
2128;3.285598309;42.28647628;0.1;False;ok;6;1;2.993;
2129;-2.514401691;42.38647628;0.05;False;ok;4;1;5.970;
2130;-2.464401691;42.38647628;0.05;False;ok;17;1;2.992;
2131;-2.514401691;42.43647628;0.05;False;ok;7;1;5.804;
2132;-2.464401691;42.43647628;0.025;False;ok;50;1;5.937;
2133;-2.439401691;42.43647628;0.025;False;ok;9;1;5.515;
2134;-2.464401691;42.46147628;0.0125;False;ok;47;1;3.102;
2135;-2.451901691;42.46147628;0.00625;False;ok;74;1;3.224;
2136;-2.445651691;42.46147628;0.00625;False;ok;74;1;6.135;
2137;-2.451901691;42.46772628;0.00625;False;ok;13;1;5.670;
2138;-2.445651691;42.46772628;0.00625;False;ok;18;1;3.090;
2139;-2.451901691;42.47397628;0.0125;False;ok;3;1;5.777;
2140;-2.439401691;42.46147628;0.025;False;ok;55;1;3.218;
2141;-2.414401691;42.38647628;0.1;False;ok;7;1;5.936;
2142;-2.314401691;42.38647628;0.1;False;ok;4;1;3.032;
2143;-2.214401691;42.38647628;0.1;False;ok;4;1;6.019;
2144;-2.114401691;42.38647628;0.1;False;ok;2;1;5.718;
2145;-2.014401691;42.38647628;0.1;False;ok;6;1;5.899;
2146;-1.914401691;42.38647628;0.1;False;ok;3;1;5.874;
2147;-1.814401691;42.38647628;0.1;False;ok;0;1;3.796;
2148;-1.714401691;42.38647628;0.1;False;ok;31;1;5.757;
2149;-1.514401691;42.38647628;0.1;False;ok;2;1;5.560;
2150;-1.114401691;42.38647628;0.1;False;ok;2;1;3.076;
2151;-1.014401691;42.38647628;0.1;False;ok;3;1;3.004;
2152;-0.814401691;42.38647628;0.1;False;ok;0;1;3.778;
2153;-0.714401691;42.38647628;0.1;False;ok;0;1;3.720;
2154;-0.314401691;42.38647628;0.1;False;ok;3;1;3.089;
2155;-0.214401691;42.38647628;0.1;False;ok;1;1;5.504;
2156;-0.114401691;42.38647628;0.1;False;ok;7;1;5.616;
2157;-0.014401691;42.38647628;0.1;False;ok;42;1;5.978;
2158;0.085598309;42.38647628;0.1;False;ok;75;1;3.205;
2159;0.185598309;42.38647628;0.1;False;ok;10;1;5.750;
2160;0.285598309;42.38647628;0.1;False;ok;1;1;2.970;
2161;0.385598309;42.38647628;0.1;False;ok;13;1;5.552;
2162;0.485598309;42.38647628;0.1;False;ok;1;1;3.035;
2163;0.585598309;42.38647628;0.1;False;ok;15;1;5.650;
2164;0.685598309;42.38647628;0.1;False;ok;44;1;5.717;
2165;0.885598309;42.38647628;0.1;False;ok;3;1;5.609;
2166;0.985598309;42.38647628;0.1;False;ok;11;1;5.832;
2167;1.085598309;42.38647628;0.1;False;ok;75;1;6.217;
2168;1.185598309;42.38647628;0.1;False;ok;1;1;5.519;
2169;1.285598309;42.38647628;0.1;False;ok;0;1;3.777;
2170;1.385598309;42.38647628;0.1;True;ok;3;1;5.606;
2171;1.485598309;42.38647628;0.1;True;ok;0;1;5.732;
2172;1.585598309;42.38647628;0.1;False;ok;5;1;3.040;
2173;1.685598309;42.38647628;0.1;False;ok;6;1;3.023;
2174;1.785598309;42.38647628;0.1;False;ok;37;1;5.807;
2175;1.885598309;42.38647628;0.05;False;ok;74;1;3.287;
2176;1.935598309;42.38647628;0.05;True;ok;9;1;3.124;
2177;1.885598309;42.43647628;0.05;True;ok;8;1;3.117;
2178;1.935598309;42.43647628;0.05;True;ok;39;1;5.972;
2179;1.985598309;42.38647628;0.1;True;ok;3;1;6.198;
2180;2.085598309;42.38647628;0.1;True;ok;2;1;3.143;
2181;2.685598309;42.38647628;0.1;True;ok;2;1;3.159;
2182;2.785598309;42.38647628;0.1;True;ok;17;1;3.076;
2183;2.885598309;42.38647628;0.1;False;ok;11;1;5.699;
2184;2.985598309;42.38647628;0.1;False;ok;6;1;5.715;
2185;3.135598309;42.38647628;0.05;False;ok;40;1;5.888;
2186;-2.514401691;42.48647628;0.1;False;ok;6;1;2.994;
2187;-2.414401691;42.48647628;0.1;False;ok;17;1;3.053;
2188;-2.314401691;42.48647628;0.1;False;ok;10;1;5.871;
2189;-2.214401691;42.48647628;0.1;False;ok;15;1;5.642;
2190;-2.114401691;42.48647628;0.1;False;ok;0;1;6.446;
2191;-1.914401691;42.48647628;0.1;False;ok;4;1;3.063;
2192;-1.714401691;42.48647628;0.1;False;ok;7;1;5.646;
2193;-1.614401691;42.48647628;0.1;False;ok;4;1;5.480;
2194;-1.514401691;42.48647628;0.1;False;ok;4;1;5.552;
2195;-1.414401691;42.48647628;0.1;False;ok;6;1;5.291;
2196;-1.314401691;42.48647628;0.1;False;ok;10;1;5.400;
2197;-1.214401691;42.48647628;0.1;False;ok;3;1;2.930;
2198;-1.114401691;42.48647628;0.1;False;ok;2;1;5.508;
2199;-1.014401691;42.48647628;0.1;False;ok;1;1;2.871;
2200;-0.814401691;42.48647628;0.1;False;ok;6;1;2.832;
2201;-0.714401691;42.48647628;0.1;False;ok;10;1;2.761;
2202;-0.614401691;42.48647628;0.1;False;ok;75;1;2.943;
2203;-0.514401691;42.48647628;0.1;False;ok;23;1;2.759;
2204;-0.414401691;42.48647628;0.1;False;ok;75;1;5.843;
2205;-0.314401691;42.48647628;0.1;False;ok;1;1;5.441;
2206;-0.214401691;42.48647628;0.1;False;ok;21;1;3.129;
2207;-0.114401691;42.48647628;0.1;False;ok;15;1;5.909;
2208;-0.014401691;42.48647628;0.1;False;ok;5;1;3.119;
2209;0.085598309;42.48647628;0.1;False;ok;40;1;5.877;
2210;0.185598309;42.48647628;0.1;False;ok;11;1;2.957;
2211;0.285598309;42.48647628;0.1;False;ok;8;1;2.999;
2212;0.385598309;42.48647628;0.1;False;ok;43;1;5.985;
2213;0.485598309;42.48647628;0.1;False;ok;22;1;3.111;
2214;0.585598309;42.48647628;0.1;False;ok;2;1;5.909;
2215;0.685598309;42.48647628;0.1;False;ok;5;1;5.916;
2216;0.785598309;42.48647628;0.05;False;ok;38;1;6.173;
2217;0.835598309;42.48647628;0.05;False;ok;75;1;6.365;
2218;0.835598309;42.53647628;0.05;False;ok;2;1;3.021;
2219;0.985598309;42.48647628;0.1;False;ok;3;1;6.134;
2220;1.085598309;42.48647628;0.1;False;ok;37;1;5.942;
2221;1.185598309;42.48647628;0.1;False;ok;29;1;5.983;
2222;1.285598309;42.48647628;0.1;False;ok;6;1;5.870;
2223;1.685598309;42.48647628;0.05;True;ok;0;1;5.690;
2224;-2.514401691;42.58647628;0.1;False;ok;4;1;3.072;
2225;-2.414401691;42.58647628;0.1;False;ok;8;1;3.074;
2226;-2.314401691;42.58647628;0.1;False;ok;6;1;3.053;
2227;-2.214401691;42.58647628;0.1;False;ok;5;1;3.102;
2228;-2.114401691;42.58647628;0.1;False;ok;64;1;3.250;
2229;-2.014401691;42.58647628;0.1;False;ok;10;1;3.058;
2230;-1.914401691;42.58647628;0.1;False;ok;13;1;5.795;
2231;-1.814401691;42.58647628;0.1;False;ok;20;1;5.738;
2232;-1.714401691;42.58647628;0.1;False;ok;8;1;5.664;
2233;-1.614401691;42.58647628;0.1;False;ok;4;1;5.642;
2234;-1.414401691;42.58647628;0.1;False;ok;1;1;3.018;
2235;-1.314401691;42.58647628;0.1;False;ok;6;1;3.051;
2236;-1.214401691;42.58647628;0.1;False;ok;4;1;3.085;
2237;-1.014401691;42.58647628;0.1;False;ok;2;1;5.513;
2238;-0.914401691;42.58647628;0.1;False;ok;3;1;3.101;
2239;-0.814401691;42.58647628;0.1;False;ok;1;1;6.232;
2240;-0.714401691;42.58647628;0.1;False;ok;7;1;5.680;
2241;-0.614401691;42.58647628;0.1;False;ok;73;1;3.320;
2242;-0.414401691;42.58647628;0.1;False;ok;73;1;3.361;
2243;-0.314401691;42.58647628;0.1;False;ok;21;1;5.981;
2244;-0.214401691;42.58647628;0.1;False;ok;47;1;6.058;
2245;-0.114401691;42.58647628;0.1;False;ok;33;1;5.852;
2246;-0.014401691;42.58647628;0.1;False;ok;1;1;5.826;
2247;0.085598309;42.58647628;0.1;False;ok;2;1;5.635;
2248;0.185598309;42.58647628;0.1;False;ok;33;1;5.886;
2249;0.285598309;42.58647628;0.1;False;ok;18;1;5.797;
2250;0.485598309;42.58647628;0.025;False;ok;43;1;3.298;
2251;0.510598309;42.58647628;0.0125;False;ok;2;1;3.077;
2252;0.510598309;42.59897628;0.0125;False;ok;75;1;3.322;
2253;0.523098309;42.59897628;0.0125;False;ok;73;1;3.316;
2254;0.535598309;42.58647628;0.05;False;ok;59;1;5.476;
2255;0.535598309;42.63647628;0.05;False;ok;1;1;5.372;
2256;0.685598309;42.58647628;0.1;False;ok;0;1;3.928;
2257;0.885598309;42.58647628;0.1;False;ok;0;1;3.908;
2258;0.985598309;42.58647628;0.1;False;ok;4;1;5.057;
2259;1.085598309;42.58647628;0.1;False;ok;75;1;5.312;
2260;1.185598309;42.58647628;0.1;False;ok;8;1;4.401;
2261;1.285598309;42.58647628;0.1;False;ok;9;1;5.452;
2262;-2.514401691;42.68647628;0.1;False;ok;4;1;3.118;
2263;-2.414401691;42.68647628;0.1;False;ok;5;1;3.148;
2264;-2.314401691;42.68647628;0.1;False;ok;6;1;5.206;
2265;-2.214401691;42.68647628;0.1;False;ok;12;1;3.222;
2266;-2.114401691;42.68647628;0.1;False;ok;17;1;5.521;
2267;-2.014401691;42.68647628;0.1;False;ok;16;1;5.514;
2268;-1.914401691;42.68647628;0.1;False;ok;2;1;5.409;
2269;-1.814401691;42.68647628;0.1;False;ok;6;1;5.342;
2270;-1.714401691;42.68647628;0.1;False;ok;8;1;5.538;
2271;-1.514401691;42.68647628;0.1;False;ok;3;1;5.565;
2272;-1.414401691;42.68647628;0.1;False;ok;8;1;5.247;
2273;-1.314401691;42.68647628;0.1;False;ok;2;1;5.452;
2274;-1.014401691;42.68647628;0.1;False;ok;1;1;3.163;
2275;-0.914401691;42.68647628;0.1;False;ok;13;1;3.141;
2276;-0.814401691;42.68647628;0.1;False;ok;10;1;3.218;
2277;-0.714401691;42.68647628;0.1;False;ok;2;1;3.126;
2278;-0.614401691;42.68647628;0.1;False;ok;55;1;5.996;
2279;-0.514401691;42.68647628;0.1;False;ok;2;1;5.649;
2280;-0.414401691;42.68647628;0.1;False;ok;75;1;3.355;
2281;-0.314401691;42.68647628;0.1;False;ok;75;1;5.990;
2282;-0.114401691;42.68647628;0.1;False;ok;1;1;3.104;
2283;0.685598309;42.68647628;0.1;False;ok;39;1;5.731;
2284;0.785598309;42.68647628;0.0125;False;ok;2;1;5.588;
2285;0.798098309;42.68647628;0.0125;False;ok;29;1;3.180;
2286;0.785598309;42.69897628;0.0125;False;ok;75;1;3.331;
2287;0.798098309;42.69897628;0.0125;False;ok;35;1;5.922;
2288;0.810598309;42.68647628;0.025;False;ok;9;1;3.104;
2289;0.785598309;42.71147628;0.025;False;ok;12;1;5.804;
2290;0.835598309;42.68647628;0.05;False;ok;56;1;3.316;
2291;0.885598309;42.68647628;0.025;False;ok;75;1;5.830;
2292;0.932473309;42.69272628;0.003125;False;ok;20;1;5.739;
2293;0.929348309;42.69585128;0.003125;False;ok;11;1;5.682;
2294;0.932473309;42.69585128;0.003125;False;ok;75;1;5.751;
2295;0.910598309;42.69897628;0.0125;False;ok;16;1;5.771;
2296;0.923098309;42.69897628;0.0125;False;ok;44;1;5.539;
2297;0.910598309;42.71147628;0.025;False;ok;16;1;5.493;
2298;0.935598309;42.68647628;0.05;False;ok;65;1;3.316;
2299;0.985598309;42.68647628;0.1;False;ok;0;1;3.830;
2300;1.085598309;42.68647628;0.1;True;ok;0;1;3.828;
2301;-2.414401691;42.78647628;0.1;False;ok;2;1;3.057;
2302;-2.314401691;42.78647628;0.1;False;ok;4;1;5.235;
2303;-2.214401691;42.78647628;0.1;False;ok;4;1;3.122;
2304;-2.114401691;42.78647628;0.1;False;ok;1;1;5.120;
2305;-2.014401691;42.78647628;0.1;False;ok;0;1;3.884;
2306;-1.914401691;42.78647628;0.1;False;ok;5;1;5.420;
2307;-1.814401691;42.78647628;0.1;False;ok;9;1;5.195;
2308;-1.714401691;42.78647628;0.05;False;ok;50;1;3.221;
2309;-1.664401691;42.78647628;0.025;False;ok;53;1;5.487;
2310;-1.639401691;42.78647628;0.025;False;ok;24;1;3.001;
2311;-1.664401691;42.81147628;0.025;False;ok;75;1;5.542;
2312;-1.639401691;42.81147628;0.025;False;ok;24;1;3.036;
2313;-1.714401691;42.83647628;0.05;False;ok;5;1;5.570;
2314;-1.664401691;42.83647628;0.05;False;ok;4;1;5.845;
2315;-1.614401691;42.78647628;0.1;False;ok;23;1;5.983;
2316;-1.514401691;42.78647628;0.1;False;ok;2;1;5.443;
2317;-1.414401691;42.78647628;0.1;False;ok;2;1;5.800;
2318;-1.314401691;42.78647628;0.1;False;ok;1;1;5.941;
2319;-1.114401691;42.78647628;0.1;False;ok;5;1;3.121;
2320;-1.014401691;42.78647628;0.1;False;ok;33;1;6.065;
2321;-0.814401691;42.78647628;0.1;False;ok;1;1;2.970;
2322;-0.614401691;42.78647628;0.1;True;ok;15;1;5.935;
2323;-0.514401691;42.78647628;0.1;True;ok;0;1;3.769;
2324;0.685598309;42.78647628;0.1;True;ok;34;1;3.177;
2325;-2.414401691;42.88647628;0.1;False;ok;6;1;3.029;
2326;-2.314401691;42.88647628;0.1;False;ok;3;1;5.910;
2327;-2.214401691;42.88647628;0.1;False;ok;12;1;5.798;
2328;-2.114401691;42.88647628;0.1;False;ok;9;1;3.039;
2329;-2.014401691;42.88647628;0.1;False;ok;2;1;5.744;
2330;-1.914401691;42.88647628;0.1;False;ok;10;1;3.041;
2331;-1.814401691;42.88647628;0.1;False;ok;14;1;3.012;
2332;-1.714401691;42.88647628;0.1;False;ok;13;1;5.825;
2333;-1.614401691;42.88647628;0.1;False;ok;9;1;5.580;
2334;-1.514401691;42.88647628;0.1;False;ok;23;1;3.064;
2335;-1.414401691;42.88647628;0.1;False;ok;14;1;5.939;
2336;-1.314401691;42.88647628;0.1;False;ok;15;1;3.106;
2337;-1.214401691;42.88647628;0.1;False;ok;9;1;3.068;
2338;-1.114401691;42.88647628;0.1;False;ok;22;1;5.942;
2339;-2.514401691;42.98647628;0.1;False;ok;13;1;5.851;
2340;-2.414401691;42.98647628;0.1;False;ok;7;1;3.109;
2341;-2.314401691;42.98647628;0.1;False;ok;11;1;5.934;
2342;-2.214401691;42.98647628;0.1;False;ok;9;1;5.921;
2343;-2.114401691;42.98647628;0.1;False;ok;1;1;6.133;
2344;-2.014401691;42.98647628;0.1;False;ok;12;1;5.961;
2345;-1.914401691;42.98647628;0.1;False;ok;11;1;6.134;
2346;-1.814401691;42.98647628;0.1;False;ok;6;1;3.209;
2347;-1.714401691;42.98647628;0.1;False;ok;8;1;3.164;
2348;-1.614401691;42.98647628;0.1;False;ok;1;1;5.904;
2349;-1.514401691;42.98647628;0.1;True;ok;1;1;3.137;
2350;-1.414401691;42.98647628;0.1;False;ok;6;1;6.017;
2351;-1.314401691;42.98647628;0.1;False;ok;10;1;3.181;
2352;-2.514401691;43.08647628;0.1;False;ok;7;1;5.847;
2353;-2.414401691;43.08647628;0.1;False;ok;4;1;3.082;
2354;-2.314401691;43.08647628;0.1;False;ok;19;1;3.103;
2355;-2.214401691;43.08647628;0.1;False;ok;7;1;5.854;
2356;-2.114401691;43.08647628;0.1;False;ok;12;1;5.856;
2357;-2.014401691;43.08647628;0.1;False;ok;6;1;3.074;
2358;-1.914401691;43.08647628;0.1;False;ok;3;1;3.070;
2359;-1.814401691;43.08647628;0.1;False;ok;4;1;5.847;
2360;-1.714401691;43.08647628;0.1;False;ok;24;1;6.027;
2361;-1.614401691;43.08647628;0.1;False;ok;57;1;3.219;
2362;-1.514401691;43.08647628;0.1;True;ok;16;1;3.211;
2363;-1.314401691;43.08647628;0.1;True;ok;7;1;3.229;
2364;-2.514401691;43.18647628;0.1;False;ok;16;1;5.931;
2365;-2.414401691;43.18647628;0.1;False;ok;17;1;5.958;
2366;-2.314401691;43.18647628;0.1;False;ok;20;1;5.998;
2367;-2.214401691;43.18647628;0.1;False;ok;75;1;6.262;
2368;-2.114401691;43.18647628;0.1;False;ok;33;1;3.124;
2369;-2.014401691;43.18647628;0.1;False;ok;33;1;5.914;
2370;-1.914401691;43.18647628;0.1;False;ok;7;1;6.049;
2371;-1.814401691;43.18647628;0.1;False;ok;8;1;6.043;
2372;-1.714401691;43.18647628;0.1;True;ok;32;1;5.957;
2373;-1.614401691;43.18647628;0.1;True;ok;9;1;3.081;
2374;-1.514401691;43.18647628;0.1;False;ok;9;1;3.112;
2375;2.785598309;43.18647628;0.1;True;ok;0;1;5.724;
2376;-2.514401691;43.28647628;0.1;False;ok;67;1;6.039;
2377;-2.414401691;43.28647628;0.1;False;ok;23;1;3.112;
2378;-2.314401691;43.28647628;0.1;False;ok;38;1;3.103;
2379;-2.214401691;43.28647628;0.1;False;ok;74;1;3.257;
2380;-2.114401691;43.28647628;0.1;False;ok;30;1;5.842;
2381;-2.014401691;43.28647628;0.025;False;ok;31;1;5.886;
2382;-1.989401691;43.28647628;0.025;False;ok;66;1;3.301;
2383;-2.014401691;43.31147628;0.025;False;ok;67;1;3.195;
2384;-1.989401691;43.31147628;0.00625;False;ok;75;1;6.109;
2385;-1.983151691;43.31147628;0.00625;False;ok;75;1;3.187;
2386;-1.989401691;43.31772628;0.00625;False;ok;75;1;5.946;
2387;-1.983151691;43.31772628;0.003125;False;ok;74;1;5.785;
2388;-1.980026691;43.31772628;0.003125;False;ok;17;1;3.031;
2389;-1.983151691;43.32085128;0.003125;False;ok;35;1;5.788;
2390;-1.980026691;43.32085128;0.003125;False;ok;33;1;3.029;
2391;-1.976901691;43.31147628;0.0125;False;ok;75;1;5.972;
2392;-1.989401691;43.32397628;0.0125;False;ok;42;1;3.160;
2393;-1.976901691;43.32397628;0.0125;False;ok;75;1;5.887;
2394;-1.964401691;43.28647628;0.05;False;ok;39;1;6.064;
2395;-1.914401691;43.28647628;0.1;False;ok;41;1;5.912;
2396;-1.814401691;43.28647628;0.05;False;ok;5;1;5.951;
2397;-1.814401691;43.33647628;0.025;False;ok;19;1;6.015;
2398;-1.789401691;43.33647628;0.025;True;ok;5;1;3.101;
2399;-1.814401691;43.36147628;0.025;False;ok;75;1;3.421;
2400;-1.789401691;43.36147628;0.0125;True;ok;3;1;3.097;
2401;-1.764401691;43.33647628;0.05;True;ok;1;1;5.758;
2402;-1.714401691;43.28647628;0.05;False;ok;1;1;5.573;
2403;-1.614401691;43.28647628;0.1;True;ok;1;1;3.225;
2404;-1.514401691;43.38647628;0.1;True;ok;1;1;5.670;
2405;1.385598309;43.38647628;0.1;True;ok;1;1;3.062;
2406;-7.168057005;38.21713759;0.1;False;ok;1;1;5.526;
2407;-6.768057005;38.21713759;0.1;False;ok;4;1;3.059;
2408;-6.368057005;38.21713759;0.1;False;ok;2;1;3.033;
2409;-6.068057005;38.21713759;0.1;False;ok;5;1;5.657;
2410;-5.968057005;38.21713759;0.1;False;ok;0;1;3.755;
2411;-5.868057005;38.21713759;0.1;False;ok;2;1;3.015;
2412;-5.768057005;38.21713759;0.1;False;ok;0;1;6.328;
2413;-5.668057005;38.21713759;0.1;False;ok;4;1;5.697;
2414;-5.568057005;38.21713759;0.1;False;ok;1;1;5.786;
2415;-5.468057005;38.21713759;0.1;False;ok;6;1;3.018;
2416;-5.368057005;38.21713759;0.1;False;ok;4;1;3.084;
2417;-3.668057005;38.21713759;0.1;False;ok;4;1;5.974;
2418;-3.468057005;38.21713759;0.1;False;ok;2;1;6.020;
2419;-3.268057005;38.21713759;0.1;False;ok;3;1;3.096;
2420;-2.968057005;38.21713759;0.1;False;ok;6;1;5.971;
2421;-2.868057005;38.21713759;0.1;False;ok;6;1;5.846;
2422;-2.768057005;38.21713759;0.1;False;ok;37;1;6.000;
2423;-2.668057005;38.21713759;0.1;False;ok;26;1;6.057;
2424;-2.568057005;38.21713759;0.1;False;ok;1;1;2.982;
2425;-2.468057005;38.21713759;0.1;False;ok;3;1;3.082;
2426;-7.268057005;38.31713759;0.1;False;ok;3;1;5.263;
2427;-7.168057005;38.31713759;0.1;False;ok;2;1;3.053;
2428;-6.868057005;38.31713759;0.1;False;ok;17;1;5.107;
2429;-6.768057005;38.31713759;0.1;False;ok;4;1;5.019;
2430;-6.668057005;38.31713759;0.1;False;ok;0;1;5.716;
2431;-6.468057005;38.31713759;0.1;False;ok;4;1;3.136;
2432;-6.368057005;38.31713759;0.1;False;ok;3;1;3.082;
2433;-6.068057005;38.31713759;0.1;False;ok;2;1;2.902;
2434;-5.968057005;38.31713759;0.1;False;ok;0;1;5.104;
2435;-5.068057005;38.31713759;0.1;False;ok;12;1;2.941;
2436;-4.968057005;38.31713759;0.1;False;ok;4;1;2.572;
2437;-4.868057005;38.31713759;0.1;False;ok;10;1;2.598;
2438;-4.668057005;38.31713759;0.1;False;ok;6;1;3.921;
2439;-4.368057005;38.31713759;0.1;False;ok;7;1;4.006;
2440;-3.568057005;38.31713759;0.1;False;ok;11;1;4.139;
2441;-3.468057005;38.31713759;0.1;False;ok;2;1;3.834;
2442;-3.368057005;38.31713759;0.1;False;ok;1;1;2.369;
2443;-2.868057005;38.31713759;0.1;False;ok;7;1;2.327;
2444;-2.768057005;38.31713759;0.1;False;ok;8;1;3.951;
2445;-2.668057005;38.31713759;0.1;False;ok;27;1;4.074;
2446;-2.568057005;38.31713759;0.1;False;ok;6;1;2.357;
2447;-2.468057005;38.31713759;0.1;False;ok;17;1;4.028;
2448;-2.368057005;38.31713759;0.1;False;ok;19;1;4.321;
2449;-7.368057005;38.41713759;0.1;True;ok;1;1;3.844;
2450;-6.468057005;38.41713759;0.1;False;ok;30;1;2.490;
2451;-6.368057005;38.41713759;0.1;False;ok;0;1;4.689;
2452;-6.268057005;38.41713759;0.1;False;ok;2;1;3.874;
2453;-5.168057005;38.41713759;0.1;False;ok;5;1;2.337;
2454;-4.768057005;38.41713759;0.1;False;ok;1;1;3.624;
2455;-4.368057005;38.41713759;0.1;False;ok;1;1;2.319;
2456;-3.568057005;38.41713759;0.1;False;ok;1;1;3.621;
2457;-2.768057005;38.41713759;0.1;False;ok;0;1;3.162;
2458;-2.668057005;38.41713759;0.1;False;ok;2;1;2.392;
2459;-2.568057005;38.41713759;0.1;False;ok;10;1;2.366;
2460;-2.468057005;38.41713759;0.1;False;ok;75;1;3.826;
2461;-2.368057005;38.41713759;0.1;False;ok;6;1;3.672;
2462;-7.068057005;38.51713759;0.1;False;ok;0;1;3.096;
2463;-6.868057005;38.51713759;0.1;False;ok;4;1;3.805;
2464;-6.668057005;38.51713759;0.1;False;ok;3;1;3.787;
2465;-6.568057005;38.51713759;0.1;False;ok;1;1;2.273;
2466;-6.368057005;38.51713759;0.1;False;ok;10;1;3.740;
2467;-6.268057005;38.51713759;0.1;False;ok;3;1;2.326;
2468;-6.068057005;38.51713759;0.1;False;ok;3;1;3.606;
2469;-4.568057005;38.51713759;0.1;False;ok;0;1;4.331;
2470;-4.168057005;38.51713759;0.1;False;ok;1;1;3.551;
2471;-3.468057005;38.51713759;0.1;False;ok;3;1;3.625;
2472;-3.368057005;38.51713759;0.1;False;ok;0;1;4.601;
2473;-3.068057005;38.51713759;0.1;False;ok;1;1;2.441;
2474;-2.868057005;38.51713759;0.1;False;ok;0;1;4.592;
2475;-2.668057005;38.51713759;0.1;False;ok;1;1;2.395;
2476;-2.568057005;38.51713759;0.1;False;ok;4;1;3.763;
2477;-2.468057005;38.51713759;0.1;False;ok;1;1;2.356;
2478;-2.368057005;38.51713759;0.1;False;ok;2;1;3.843;
2479;-7.168057005;38.61713759;0.1;False;ok;22;1;2.382;
2480;-7.068057005;38.61713759;0.1;False;ok;3;1;3.933;
2481;-6.568057005;38.61713759;0.1;False;ok;1;1;2.394;
2482;-6.468057005;38.61713759;0.1;False;ok;12;1;2.541;
2483;-6.168057005;38.61713759;0.1;False;ok;1;1;4.093;
2484;-5.668057005;38.61713759;0.1;False;ok;4;1;4.201;
2485;-5.268057005;38.61713759;0.1;False;ok;3;1;4.247;
2486;-4.368057005;38.61713759;0.1;False;ok;2;1;4.640;
2487;-4.268057005;38.61713759;0.1;False;ok;3;1;2.472;
2488;-4.168057005;38.61713759;0.1;False;ok;15;1;2.537;
2489;-3.868057005;38.61713759;0.1;False;ok;4;1;4.286;
2490;-3.568057005;38.61713759;0.1;False;ok;2;1;4.599;
2491;-3.468057005;38.61713759;0.1;False;ok;5;1;5.043;
2492;-3.368057005;38.61713759;0.1;False;ok;3;1;2.710;
2493;-3.168057005;38.61713759;0.1;False;ok;1;1;5.153;
2494;-3.068057005;38.61713759;0.1;False;ok;0;1;3.511;
2495;-2.868057005;38.61713759;0.1;False;ok;4;1;5.403;
2496;-2.768057005;38.61713759;0.1;False;ok;2;1;3.002;
2497;-2.668057005;38.61713759;0.1;False;ok;1;1;3.069;
2498;-2.568057005;38.61713759;0.1;False;ok;14;1;5.423;
2499;-2.468057005;38.61713759;0.1;False;ok;0;1;6.316;
2500;-2.368057005;38.61713759;0.1;False;ok;2;1;5.594;
2501;-6.968057005;38.71713759;0.1;False;ok;2;1;5.568;
2502;-6.468057005;38.71713759;0.1;False;ok;2;1;3.276;
2503;-6.268057005;38.71713759;0.1;False;ok;7;1;5.432;
2504;-5.668057005;38.71713759;0.1;False;ok;0;1;3.876;
2505;-4.968057005;38.71713759;0.1;False;ok;2;1;3.448;
2506;-4.868057005;38.71713759;0.1;False;ok;5;1;5.455;
2507;-4.168057005;38.71713759;0.1;False;ok;4;1;5.498;
2508;-3.768057005;38.71713759;0.1;False;ok;2;1;5.532;
2509;-3.468057005;38.71713759;0.1;False;ok;18;1;3.275;
2510;-3.368057005;38.71713759;0.1;False;ok;2;1;3.111;
2511;-3.068057005;38.71713759;0.1;False;ok;24;1;5.735;
2512;-2.968057005;38.71713759;0.1;False;ok;4;1;3.136;
2513;-2.768057005;38.71713759;0.1;False;ok;1;1;5.525;
2514;-2.668057005;38.71713759;0.1;False;ok;1;1;5.369;
2515;-2.468057005;38.71713759;0.1;False;ok;2;1;5.266;
2516;-7.068057005;38.81713759;0.1;False;ok;44;1;3.280;
2517;-6.968057005;38.81713759;0.1;False;ok;11;1;5.713;
2518;-6.768057005;38.81713759;0.1;False;ok;3;1;3.090;
2519;-6.668057005;38.81713759;0.1;False;ok;7;1;5.318;
2520;-6.568057005;38.81713759;0.1;False;ok;0;1;3.801;
2521;-6.468057005;38.81713759;0.1;False;ok;7;1;5.275;
2522;-6.368057005;38.81713759;0.1;False;ok;75;1;3.342;
2523;-6.268057005;38.81713759;0.1;False;ok;7;1;3.055;
2524;-5.868057005;38.81713759;0.1;False;ok;0;1;3.808;
2525;-5.768057005;38.81713759;0.1;False;ok;1;1;5.675;
2526;-5.468057005;38.81713759;0.1;False;ok;4;1;5.531;
2527;-4.168057005;38.81713759;0.1;False;ok;3;1;5.809;
2528;-3.968057005;38.81713759;0.1;False;ok;1;1;5.645;
2529;-3.768057005;38.81713759;0.1;False;ok;74;1;5.809;
2530;-3.668057005;38.81713759;0.1;False;ok;6;1;2.974;
2531;-3.268057005;38.81713759;0.1;False;ok;6;1;5.851;
2532;-3.168057005;38.81713759;0.1;False;ok;2;1;5.610;
2533;-3.068057005;38.81713759;0.1;False;ok;4;1;3.023;
2534;-6.568057005;38.91713759;0.1;False;ok;3;1;5.664;
2535;-6.468057005;38.91713759;0.1;False;ok;1;1;5.826;
2536;-6.368057005;38.91713759;0.1;False;ok;67;1;6.048;
2537;-6.268057005;38.91713759;0.1;False;ok;5;1;3.082;
2538;-6.068057005;38.91713759;0.1;False;ok;5;1;2.972;
2539;-5.968057005;38.91713759;0.1;False;ok;8;1;2.970;
2540;-5.868057005;38.91713759;0.1;False;ok;14;1;5.958;
2541;-5.568057005;38.91713759;0.1;False;ok;7;1;3.001;
2542;-5.268057005;38.91713759;0.1;False;ok;4;1;5.772;
2543;-5.068057005;38.91713759;0.1;False;ok;2;1;3.011;
2544;-4.668057005;38.91713759;0.1;False;ok;0;1;6.808;
2545;-3.968057005;38.91713759;0.1;False;ok;32;1;6.007;
2546;-3.468057005;38.91713759;0.1;False;ok;18;1;3.040;
2547;-3.368057005;38.91713759;0.1;False;ok;4;1;5.964;
2548;-3.268057005;38.91713759;0.1;False;ok;6;1;6.061;
2549;-2.968057005;38.91713759;0.1;False;ok;66;1;3.256;
2550;-2.868057005;38.91713759;0.1;False;ok;41;1;3.092;
2551;-2.768057005;38.91713759;0.1;False;ok;14;1;3.191;
2552;-2.568057005;38.91713759;0.1;False;ok;2;1;5.867;
2553;-2.468057005;38.91713759;0.1;False;ok;0;1;6.478;
2554;-6.768057005;39.01713759;0.1;False;ok;1;1;2.953;
2555;-6.668057005;39.01713759;0.1;False;ok;1;1;5.836;
2556;-6.568057005;39.01713759;0.1;False;ok;1;1;5.579;
2557;-6.368057005;39.01713759;0.1;False;ok;6;1;3.018;
2558;-5.968057005;39.01713759;0.1;False;ok;3;1;5.760;
2559;-5.768057005;39.01713759;0.1;False;ok;1;1;2.921;
2560;-5.568057005;39.01713759;0.1;False;ok;2;1;5.708;
2561;-5.468057005;39.01713759;0.1;False;ok;0;1;6.290;
2562;-5.368057005;39.01713759;0.1;False;ok;3;1;5.616;
2563;-5.268057005;39.01713759;0.1;False;ok;0;1;3.710;
2564;-4.668057005;39.01713759;0.1;False;ok;3;1;5.718;
2565;-4.268057005;39.01713759;0.1;False;ok;3;1;3.066;
2566;-4.068057005;39.01713759;0.1;False;ok;5;1;3.032;
2567;-3.968057005;39.01713759;0.1;False;ok;2;1;5.749;
2568;-3.768057005;39.01713759;0.1;False;ok;1;1;2.923;
2569;-3.668057005;39.01713759;0.1;False;ok;18;1;3.154;
2570;-3.468057005;39.01713759;0.1;False;ok;1;1;5.529;
2571;-3.068057005;39.01713759;0.1;False;ok;1;1;3.012;
2572;-2.568057005;39.01713759;0.1;False;ok;4;1;5.722;
2573;-7.268057005;39.11713759;0.1;True;ok;6;1;5.867;
2574;-7.068057005;39.11713759;0.1;False;ok;1;1;5.787;
2575;-6.468057005;39.11713759;0.1;False;ok;3;1;5.616;
2576;-6.368057005;39.11713759;0.1;False;ok;1;1;2.982;
2577;-6.268057005;39.11713759;0.1;False;ok;9;1;3.088;
2578;-6.168057005;39.11713759;0.1;False;ok;1;1;3.006;
2579;-6.068057005;39.11713759;0.1;False;ok;6;1;5.913;
2580;-5.968057005;39.11713759;0.1;False;ok;4;1;3.078;
2581;-5.668057005;39.11713759;0.1;False;ok;2;1;5.787;
2582;-5.168057005;39.11713759;0.1;False;ok;0;1;6.684;
2583;-5.068057005;39.11713759;0.1;False;ok;12;1;5.876;
2584;-4.968057005;39.11713759;0.1;False;ok;1;1;3.042;
2585;-4.368057005;39.11713759;0.1;False;ok;4;1;5.455;
2586;-4.168057005;39.11713759;0.1;False;ok;0;1;3.839;
2587;-4.068057005;39.11713759;0.1;False;ok;3;1;5.500;
2588;-3.968057005;39.11713759;0.1;False;ok;2;1;5.608;
2589;-3.868057005;39.11713759;0.1;False;ok;0;1;6.033;
2590;-3.768057005;39.11713759;0.1;False;ok;0;1;3.875;
2591;-3.568057005;39.11713759;0.1;False;ok;0;1;3.788;
2592;-3.368057005;39.11713759;0.1;False;ok;1;1;5.562;
2593;-3.168057005;39.11713759;0.1;False;ok;20;1;3.147;
2594;-3.068057005;39.11713759;0.1;False;ok;32;1;3.143;
2595;-7.268057005;39.21713759;0.1;False;ok;9;1;5.393;
2596;-7.068057005;39.21713759;0.1;False;ok;6;1;3.032;
2597;-6.968057005;39.21713759;0.1;False;ok;0;1;6.314;
2598;-6.368057005;39.21713759;0.1;False;ok;2;1;5.439;
2599;-6.268057005;39.21713759;0.1;False;ok;1;1;5.320;
2600;-6.168057005;39.21713759;0.1;False;ok;25;1;5.449;
2601;-5.868057005;39.21713759;0.1;False;ok;2;1;2.929;
2602;-5.768057005;39.21713759;0.1;False;ok;1;1;5.665;
2603;-5.268057005;39.21713759;0.1;False;ok;2;1;5.466;
2604;-5.168057005;39.21713759;0.1;False;ok;2;1;3.038;
2605;-4.568057005;39.21713759;0.1;False;ok;2;1;3.103;
2606;-4.368057005;39.21713759;0.1;False;ok;5;1;5.961;
2607;-4.068057005;39.21713759;0.1;False;ok;1;1;2.978;
2608;-3.968057005;39.21713759;0.1;False;ok;1;1;3.025;
2609;-3.868057005;39.21713759;0.1;False;ok;2;1;6.048;
2610;-3.668057005;39.21713759;0.1;False;ok;4;1;5.900;
2611;-3.468057005;39.21713759;0.1;False;ok;4;1;2.985;
2612;-3.368057005;39.21713759;0.1;False;ok;0;1;6.718;
2613;-3.168057005;39.21713759;0.1;False;ok;2;1;5.695;
2614;-2.868057005;39.21713759;0.1;False;ok;5;1;3.060;
2615;-2.668057005;39.21713759;0.1;False;ok;8;1;5.900;
2616;-2.568057005;39.21713759;0.1;False;ok;3;1;5.887;
2617;-2.468057005;39.21713759;0.1;False;ok;3;1;5.588;
2618;-2.368057005;39.21713759;0.1;False;ok;2;1;3.094;
2619;-7.368057005;39.31713759;0.1;True;ok;9;1;3.202;
2620;-7.268057005;39.31713759;0.1;False;ok;9;1;3.083;
2621;-7.168057005;39.31713759;0.1;False;ok;6;1;3.119;
2622;-6.368057005;39.31713759;0.1;False;ok;4;1;3.052;
2623;-6.268057005;39.31713759;0.1;False;ok;9;1;6.236;
2624;-6.168057005;39.31713759;0.1;False;ok;1;1;5.955;
2625;-6.068057005;39.31713759;0.1;False;ok;5;1;5.869;
2626;-5.868057005;39.31713759;0.1;False;ok;9;1;5.924;
2627;-5.768057005;39.31713759;0.1;False;ok;1;1;3.032;
2628;-5.568057005;39.31713759;0.1;False;ok;3;1;5.667;
2629;-5.468057005;39.31713759;0.1;False;ok;10;1;5.656;
2630;-5.368057005;39.31713759;0.1;False;ok;2;1;3.137;
2631;-5.068057005;39.31713759;0.1;False;ok;1;1;5.691;
2632;-3.968057005;39.31713759;0.1;False;ok;0;1;3.746;
2633;-3.768057005;39.31713759;0.1;False;ok;5;1;3.151;
2634;-3.568057005;39.31713759;0.1;False;ok;7;1;6.048;
2635;-3.368057005;39.31713759;0.1;False;ok;19;1;3.097;
2636;-3.268057005;39.31713759;0.1;False;ok;15;1;6.008;
2637;-3.168057005;39.31713759;0.1;False;ok;15;1;3.109;
2638;-3.068057005;39.31713759;0.1;False;ok;1;1;5.758;
2639;-2.968057005;39.31713759;0.1;False;ok;2;1;5.590;
2640;-2.768057005;39.31713759;0.1;False;ok;2;1;3.047;
2641;-2.668057005;39.31713759;0.1;False;ok;2;1;5.884;
2642;-2.568057005;39.31713759;0.1;False;ok;1;1;5.748;
2643;-2.468057005;39.31713759;0.1;False;ok;9;1;5.672;
2644;-2.368057005;39.31713759;0.1;False;ok;7;1;3.052;
2645;-6.768057005;39.41713759;0.1;False;ok;2;1;3.131;
2646;-6.668057005;39.41713759;0.1;False;ok;4;1;3.144;
2647;-6.568057005;39.41713759;0.1;False;ok;10;1;3.117;
2648;-6.468057005;39.41713759;0.05;False;ok;1;1;5.792;
2649;-6.418057005;39.41713759;0.05;False;ok;4;1;3.067;
2650;-6.418057005;39.46713759;0.025;False;ok;2;1;6.043;
2651;-6.393057005;39.46713759;0.0125;False;ok;7;1;5.954;
2652;-6.380557005;39.46713759;0.00625;False;ok;13;1;6.009;
2653;-6.374307005;39.46713759;0.00625;False;ok;50;1;5.926;
2654;-6.380557005;39.47338759;0.00625;False;ok;18;1;3.073;
2655;-6.374307005;39.47338759;0.00625;False;ok;75;1;5.967;
2656;-6.380557005;39.47963759;0.0125;False;ok;2;1;5.825;
2657;-6.368057005;39.41713759;0.1;False;ok;12;1;3.055;
2658;-6.168057005;39.41713759;0.1;False;ok;3;1;5.617;
2659;-6.068057005;39.41713759;0.1;False;ok;1;1;5.916;
2660;-5.968057005;39.41713759;0.1;False;ok;63;1;3.204;
2661;-5.868057005;39.41713759;0.1;False;ok;1;1;3.050;
2662;-5.768057005;39.41713759;0.1;False;ok;1;1;6.036;
2663;-5.468057005;39.41713759;0.1;False;ok;2;1;3.753;
2664;-5.368057005;39.41713759;0.1;False;ok;22;1;3.156;
2665;-5.268057005;39.41713759;0.1;False;ok;4;1;5.852;
2666;-4.568057005;39.41713759;0.1;False;ok;7;1;5.932;
2667;-4.468057005;39.41713759;0.1;False;ok;5;1;5.997;
2668;-3.968057005;39.41713759;0.1;False;ok;1;1;5.630;
2669;-3.768057005;39.41713759;0.1;False;ok;1;1;3.037;
2670;-3.668057005;39.41713759;0.1;False;ok;26;1;3.101;
2671;-3.568057005;39.41713759;0.1;False;ok;9;1;3.037;
2672;-3.468057005;39.41713759;0.1;False;ok;5;1;5.864;
2673;-3.368057005;39.41713759;0.1;False;ok;4;1;3.011;
2674;-3.068057005;39.41713759;0.1;False;ok;7;1;5.938;
2675;-2.968057005;39.41713759;0.1;False;ok;18;1;5.959;
2676;-2.768057005;39.41713759;0.1;False;ok;2;1;3.035;
2677;-2.368057005;39.41713759;0.1;False;ok;2;1;5.909;
2678;-7.268057005;39.51713759;0.1;False;ok;0;1;3.852;
2679;-7.068057005;39.51713759;0.1;False;ok;2;1;6.042;
2680;-6.768057005;39.51713759;0.1;False;ok;2;1;5.833;
2681;-6.568057005;39.51713759;0.1;False;ok;1;1;3.028;
2682;-6.468057005;39.51713759;0.1;False;ok;7;1;5.919;
2683;-5.968057005;39.51713759;0.1;False;ok;4;1;5.643;
2684;-5.568057005;39.51713759;0.1;False;ok;4;1;3.074;
2685;-5.368057005;39.51713759;0.1;False;ok;1;1;5.759;
2686;-5.168057005;39.51713759;0.1;False;ok;2;1;3.095;
2687;-4.768057005;39.51713759;0.1;False;ok;1;1;2.999;
2688;-4.568057005;39.51713759;0.1;False;ok;3;1;5.804;
2689;-4.368057005;39.51713759;0.1;False;ok;11;1;5.992;
2690;-4.268057005;39.51713759;0.1;False;ok;6;1;3.152;
2691;-4.068057005;39.51713759;0.1;False;ok;0;1;6.417;
2692;-3.968057005;39.51713759;0.1;False;ok;7;1;6.050;
2693;-3.568057005;39.51713759;0.1;False;ok;1;1;6.149;
2694;-3.368057005;39.51713759;0.1;False;ok;4;1;3.122;
2695;-3.168057005;39.51713759;0.1;False;ok;4;1;3.082;
2696;-3.068057005;39.51713759;0.1;False;ok;4;1;3.038;
2697;-2.868057005;39.51713759;0.1;False;ok;1;1;5.867;
2698;-2.768057005;39.51713759;0.1;False;ok;23;1;3.164;
2699;-2.668057005;39.51713759;0.1;False;ok;1;1;3.049;
2700;-2.468057005;39.51713759;0.1;False;ok;1;1;6.155;
2701;-2.368057005;39.51713759;0.1;False;ok;1;1;5.948;
2702;-7.368057005;39.61713759;0.1;False;ok;0;1;6.850;
2703;-6.968057005;39.61713759;0.1;False;ok;3;1;2.959;
2704;-6.868057005;39.61713759;0.1;False;ok;3;1;5.713;
2705;-6.668057005;39.61713759;0.1;False;ok;1;1;5.839;
2706;-6.568057005;39.61713759;0.1;False;ok;3;1;3.133;
2707;-6.368057005;39.61713759;0.1;False;ok;4;1;5.848;
2708;-5.868057005;39.61713759;0.1;False;ok;1;1;3.110;
2709;-5.568057005;39.61713759;0.1;False;ok;1;1;5.389;
2710;-5.468057005;39.61713759;0.1;False;ok;2;1;5.525;
2711;-5.268057005;39.61713759;0.1;False;ok;4;1;3.052;
2712;-5.168057005;39.61713759;0.1;False;ok;1;1;5.421;
2713;-4.868057005;39.61713759;0.1;False;ok;0;1;3.804;
2714;-4.668057005;39.61713759;0.1;False;ok;14;1;3.110;
2715;-4.568057005;39.61713759;0.1;False;ok;9;1;5.781;
2716;-4.368057005;39.61713759;0.1;False;ok;15;1;3.183;
2717;-4.268057005;39.61713759;0.1;False;ok;12;1;5.947;
2718;-4.168057005;39.61713759;0.1;False;ok;7;1;5.731;
2719;-4.068057005;39.61713759;0.1;False;ok;12;1;5.694;
2720;-3.968057005;39.61713759;0.1;False;ok;14;1;3.046;
2721;-3.868057005;39.61713759;0.1;False;ok;7;1;3.037;
2722;-3.768057005;39.61713759;0.1;False;ok;1;1;5.544;
2723;-3.568057005;39.61713759;0.1;False;ok;3;1;2.953;
2724;-3.368057005;39.61713759;0.1;False;ok;4;1;5.622;
2725;-3.268057005;39.61713759;0.1;False;ok;1;1;3.009;
2726;-2.768057005;39.61713759;0.1;False;ok;2;1;5.927;
2727;-2.468057005;39.61713759;0.1;False;ok;2;1;5.914;
2728;-2.368057005;39.61713759;0.1;False;ok;1;1;3.063;
2729;-6.968057005;39.71713759;0.1;False;ok;3;1;5.855;
2730;-6.868057005;39.71713759;0.1;False;ok;1;1;3.017;
2731;-6.668057005;39.71713759;0.1;False;ok;1;1;6.055;
2732;-6.468057005;39.71713759;0.1;False;ok;3;1;5.991;
2733;-6.068057005;39.71713759;0.1;False;ok;24;1;3.157;
2734;-5.368057005;39.71713759;0.1;False;ok;1;1;5.836;
2735;-5.268057005;39.71713759;0.1;False;ok;3;1;3.064;
2736;-4.168057005;39.71713759;0.1;False;ok;29;1;5.964;
2737;-4.068057005;39.71713759;0.1;False;ok;42;1;5.957;
2738;-3.968057005;39.71713759;0.1;False;ok;5;1;3.053;
2739;-3.868057005;39.71713759;0.1;False;ok;7;1;6.075;
2740;-3.568057005;39.71713759;0.1;False;ok;10;1;3.049;
2741;-3.368057005;39.71713759;0.1;False;ok;4;1;3.092;
2742;-3.268057005;39.71713759;0.1;False;ok;1;1;6.012;
2743;-3.168057005;39.71713759;0.1;False;ok;1;1;6.070;
2744;-2.868057005;39.71713759;0.1;False;ok;0;1;6.582;
2745;-2.568057005;39.71713759;0.1;False;ok;1;1;3.052;
2746;-2.468057005;39.71713759;0.1;False;ok;1;1;3.075;
2747;-6.868057005;39.81713759;0.1;False;ok;3;1;3.051;
2748;-6.768057005;39.81713759;0.1;False;ok;0;1;6.305;
2749;-6.468057005;39.81713759;0.1;False;ok;6;1;2.998;
2750;-6.368057005;39.81713759;0.1;False;ok;2;1;5.840;
2751;-6.168057005;39.81713759;0.1;False;ok;4;1;5.804;
2752;-6.068057005;39.81713759;0.1;False;ok;3;1;3.018;
2753;-5.968057005;39.81713759;0.1;False;ok;1;1;5.788;
2754;-5.868057005;39.81713759;0.1;False;ok;1;1;5.688;
2755;-5.768057005;39.81713759;0.1;False;ok;2;1;3.005;
2756;-5.668057005;39.81713759;0.1;False;ok;3;1;3.041;
2757;-5.468057005;39.81713759;0.1;False;ok;1;1;6.023;
2758;-5.268057005;39.81713759;0.1;False;ok;6;1;5.986;
2759;-5.168057005;39.81713759;0.1;False;ok;1;1;5.883;
2760;-5.068057005;39.81713759;0.1;False;ok;1;1;2.999;
2761;-4.968057005;39.81713759;0.1;False;ok;3;1;5.795;
2762;-4.768057005;39.81713759;0.1;False;ok;6;1;2.999;
2763;-4.568057005;39.81713759;0.1;False;ok;1;1;5.745;
2764;-4.368057005;39.81713759;0.1;False;ok;11;1;3.085;
2765;-4.268057005;39.81713759;0.1;False;ok;6;1;5.684;
2766;-4.043057005;39.81713759;0.025;False;ok;2;1;3.027;
2767;-4.068057005;39.84213759;0.025;False;ok;3;1;5.736;
2768;-4.043057005;39.84213759;0.0125;False;ok;11;1;3.060;
2769;-4.030557005;39.84213759;0.0125;False;ok;49;1;6.079;
2770;-4.043057005;39.85463759;0.0125;False;ok;32;1;3.236;
2771;-4.030557005;39.85463759;0.00625;False;ok;75;1;5.922;
2772;-4.024307005;39.85463759;0.003125;False;ok;75;1;3.326;
2773;-4.021182005;39.85463759;0.003125;False;ok;22;1;3.137;
2774;-4.024307005;39.85776259;0.003125;False;ok;75;1;6.056;
2775;-4.021182005;39.85776259;0.003125;False;ok;23;1;5.805;
2776;-4.030557005;39.86088759;0.00625;False;ok;23;1;3.090;
2777;-4.024307005;39.86088759;0.00625;False;ok;41;1;5.837;
2778;-4.018057005;39.81713759;0.05;False;ok;13;1;5.826;
2779;-4.068057005;39.86713759;0.05;False;ok;30;1;3.041;
2780;-4.018057005;39.86713759;0.05;False;ok;5;1;5.713;
2781;-3.968057005;39.81713759;0.1;False;ok;14;1;2.971;
2782;-3.668057005;39.81713759;0.1;False;ok;2;1;3.019;
2783;-3.568057005;39.81713759;0.1;False;ok;4;1;5.750;
2784;-3.168057005;39.81713759;0.1;False;ok;0;1;6.494;
2785;-3.068057005;39.81713759;0.1;False;ok;3;1;5.776;
2786;-2.668057005;39.81713759;0.1;False;ok;1;1;5.693;
2787;-2.568057005;39.81713759;0.1;False;ok;1;1;5.671;
2788;-6.668057005;39.91713759;0.1;False;ok;0;1;3.739;
2789;-6.568057005;39.91713759;0.1;False;ok;8;1;3.065;
2790;-6.368057005;39.91713759;0.1;False;ok;7;1;5.578;
2791;-6.168057005;39.91713759;0.1;False;ok;7;1;3.023;
2792;-6.068057005;39.91713759;0.1;False;ok;11;1;3.103;
2793;-5.968057005;39.91713759;0.1;False;ok;2;1;5.622;
2794;-5.768057005;39.91713759;0.1;False;ok;3;1;2.985;
2795;-5.668057005;39.91713759;0.1;False;ok;11;1;5.690;
2796;-5.468057005;39.91713759;0.1;False;ok;1;1;2.971;
2797;-5.268057005;39.91713759;0.1;False;ok;12;1;5.610;
2798;-5.168057005;39.91713759;0.1;False;ok;2;1;2.961;
2799;-4.968057005;39.91713759;0.1;False;ok;8;1;5.786;
2800;-4.868057005;39.91713759;0.1;False;ok;44;1;5.757;
2801;-4.768057005;39.91713759;0.1;False;ok;12;1;3.054;
2802;-4.668057005;39.91713759;0.1;False;ok;1;1;5.617;
2803;-4.568057005;39.91713759;0.1;False;ok;0;1;3.757;
2804;-4.468057005;39.91713759;0.1;False;ok;3;1;5.538;
2805;-4.368057005;39.91713759;0.1;False;ok;7;1;5.486;
2806;-4.168057005;39.91713759;0.1;False;ok;4;1;3.021;
2807;-4.068057005;39.91713759;0.1;False;ok;7;1;3.025;
2808;-3.968057005;39.91713759;0.1;False;ok;11;1;5.708;
2809;-3.768057005;39.91713759;0.1;False;ok;1;1;5.622;
2810;-3.668057005;39.91713759;0.1;False;ok;0;1;3.698;
2811;-3.568057005;39.91713759;0.1;False;ok;7;1;5.804;
2812;-3.468057005;39.91713759;0.1;False;ok;3;1;5.452;
2813;-3.368057005;39.91713759;0.1;False;ok;1;1;5.370;
2814;-3.268057005;39.91713759;0.1;False;ok;5;1;2.986;
2815;-3.068057005;39.91713759;0.1;False;ok;5;1;5.612;
2816;-2.968057005;39.91713759;0.1;False;ok;2;1;2.970;
2817;-2.868057005;39.91713759;0.1;False;ok;6;1;5.213;
2818;-2.368057005;39.91713759;0.1;False;ok;0;1;3.681;
2819;-6.868057005;40.01713759;0.1;False;ok;0;1;6.353;
2820;-6.668057005;40.01713759;0.1;False;ok;10;1;3.002;
2821;-6.268057005;40.01713759;0.1;False;ok;5;1;2.981;
2822;-6.168057005;40.01713759;0.1;False;ok;71;1;5.954;
2823;-5.968057005;40.01713759;0.1;False;ok;13;1;3.015;
2824;-5.868057005;40.01713759;0.1;False;ok;19;1;3.099;
2825;-5.768057005;40.01713759;0.1;False;ok;50;1;5.849;
2826;-5.668057005;40.01713759;0.1;False;ok;4;1;5.742;
2827;-5.568057005;40.01713759;0.1;False;ok;2;1;5.708;
2828;-5.468057005;40.01713759;0.1;False;ok;2;1;5.845;
2829;-5.268057005;40.01713759;0.1;False;ok;2;1;5.840;
2830;-5.168057005;40.01713759;0.1;False;ok;8;1;2.986;
2831;-5.068057005;40.01713759;0.1;False;ok;3;1;5.585;
2832;-4.968057005;40.01713759;0.1;False;ok;3;1;5.931;
2833;-4.868057005;40.01713759;0.1;False;ok;13;1;3.031;
2834;-4.768057005;40.01713759;0.1;False;ok;13;1;3.155;
2835;-4.668057005;40.01713759;0.1;False;ok;8;1;5.728;
2836;-4.568057005;40.01713759;0.1;False;ok;4;1;5.789;
2837;-4.468057005;40.01713759;0.1;False;ok;5;1;5.936;
2838;-4.368057005;40.01713759;0.1;False;ok;4;1;3.040;
2839;-4.268057005;40.01713759;0.1;False;ok;16;1;3.191;
2840;-4.068057005;40.01713759;0.1;False;ok;2;1;5.740;
2841;-3.968057005;40.01713759;0.1;False;ok;9;1;3.079;
2842;-3.868057005;40.01713759;0.1;False;ok;3;1;5.776;
2843;-3.768057005;40.01713759;0.1;False;ok;3;1;3.061;
2844;-3.668057005;40.01713759;0.1;False;ok;23;1;3.089;
2845;-3.468057005;40.01713759;0.1;False;ok;11;1;6.010;
2846;-2.968057005;40.01713759;0.1;False;ok;2;1;6.122;
2847;-2.768057005;40.01713759;0.1;False;ok;4;1;3.164;
2848;-2.668057005;40.01713759;0.1;False;ok;1;1;2.940;
2849;-2.468057005;40.01713759;0.1;False;ok;1;1;5.999;
2850;-2.368057005;40.01713759;0.1;False;ok;1;1;2.981;
2851;-6.968057005;40.11713759;0.1;False;ok;4;1;5.986;
2852;-6.868057005;40.11713759;0.1;False;ok;35;1;6.207;
2853;-6.768057005;40.11713759;0.1;False;ok;20;1;3.213;
2854;-6.668057005;40.11713759;0.1;False;ok;2;1;5.974;
2855;-6.568057005;40.11713759;0.1;False;ok;3;1;5.986;
2856;-6.168057005;40.11713759;0.1;False;ok;4;1;3.045;
2857;-6.068057005;40.11713759;0.1;False;ok;13;1;5.943;
2858;-5.968057005;40.11713759;0.1;False;ok;33;1;6.128;
2859;-5.868057005;40.11713759;0.1;False;ok;64;1;5.859;
2860;-5.768057005;40.11713759;0.1;False;ok;11;1;3.100;
2861;-5.668057005;40.11713759;0.1;False;ok;62;1;5.911;
2862;-5.568057005;40.11713759;0.1;False;ok;10;1;6.125;
2863;-5.468057005;40.11713759;0.1;False;ok;32;1;3.234;
2864;-5.368057005;40.11713759;0.1;False;ok;36;1;3.245;
2865;-5.268057005;40.11713759;0.1;False;ok;75;1;6.043;
2866;-5.168057005;40.11713759;0.1;False;ok;74;1;3.313;
2867;-4.968057005;40.11713759;0.1;False;ok;13;1;5.754;
2868;-4.868057005;40.11713759;0.1;False;ok;3;1;3.133;
2869;-4.768057005;40.11713759;0.1;False;ok;7;1;3.027;
2870;-4.668057005;40.11713759;0.1;False;ok;2;1;3.076;
2871;-4.468057005;40.11713759;0.1;False;ok;10;1;5.830;
2872;-4.168057005;40.11713759;0.1;False;ok;1;1;5.961;
2873;-4.068057005;40.11713759;0.1;False;ok;3;1;3.022;
2874;-3.968057005;40.11713759;0.1;False;ok;5;1;3.065;
2875;-3.868057005;40.11713759;0.1;False;ok;7;1;5.924;
2876;-3.768057005;40.11713759;0.1;False;ok;13;1;5.932;
2877;-3.668057005;40.11713759;0.1;False;ok;30;1;3.098;
2878;-3.568057005;40.11713759;0.1;False;ok;1;1;6.010;
2879;-3.468057005;40.11713759;0.1;False;ok;37;1;6.211;
2880;-3.368057005;40.11713759;0.1;False;ok;11;1;5.847;
2881;-3.168057005;40.11713759;0.1;False;ok;12;1;3.060;
2882;-3.068057005;40.11713759;0.1;False;ok;3;1;2.990;
2883;-2.768057005;40.11713759;0.1;False;ok;2;1;5.724;
2884;-2.568057005;40.11713759;0.1;False;ok;1;1;5.918;
2885;-6.968057005;40.21713759;0.1;True;ok;3;1;5.938;
2886;-6.868057005;40.21713759;0.1;False;ok;3;1;5.740;
2887;-6.768057005;40.21713759;0.1;False;ok;1;1;2.994;
2888;-6.668057005;40.21713759;0.1;False;ok;25;1;5.977;
2889;-6.568057005;40.21713759;0.1;False;ok;4;1;2.992;
2890;-6.468057005;40.21713759;0.1;False;ok;6;1;3.029;
2891;-6.368057005;40.21713759;0.1;False;ok;9;1;5.909;
2892;-6.268057005;40.21713759;0.1;False;ok;5;1;5.721;
2893;-6.168057005;40.21713759;0.1;False;ok;0;1;3.844;
2894;-6.068057005;40.21713759;0.1;False;ok;11;1;3.040;
2895;-5.968057005;40.21713759;0.1;False;ok;17;1;3.046;
2896;-5.868057005;40.21713759;0.1;False;ok;57;1;5.903;
2897;-5.768057005;40.21713759;0.1;False;ok;21;1;3.021;
2898;-5.668057005;40.21713759;0.1;False;ok;25;1;5.737;
2899;-5.568057005;40.21713759;0.1;False;ok;16;1;3.037;
2900;-5.168057005;40.21713759;0.1;False;ok;36;1;3.118;
2901;-5.068057005;40.21713759;0.1;False;ok;39;1;5.882;
2902;-4.968057005;40.21713759;0.1;False;ok;13;1;5.788;
2903;-4.868057005;40.21713759;0.1;False;ok;24;1;5.678;
2904;-4.768057005;40.21713759;0.1;False;ok;23;1;5.766;
2905;-4.668057005;40.21713759;0.1;False;ok;49;1;5.754;
2906;-4.568057005;40.21713759;0.1;False;ok;4;1;2.979;
2907;-4.468057005;40.21713759;0.1;False;ok;15;1;5.623;
2908;-4.368057005;40.21713759;0.1;False;ok;2;1;2.997;
2909;-4.268057005;40.21713759;0.1;False;ok;11;1;3.043;
2910;-4.068057005;40.21713759;0.1;False;ok;11;1;5.626;
2911;-3.968057005;40.21713759;0.1;False;ok;10;1;5.673;
2912;-3.868057005;40.21713759;0.1;False;ok;30;1;5.826;
2913;-3.768057005;40.21713759;0.1;False;ok;38;1;3.171;
2914;-3.668057005;40.21713759;0.1;False;ok;1;1;5.482;
2915;-3.568057005;40.21713759;0.1;False;ok;3;1;3.036;
2916;-3.468057005;40.21713759;0.1;False;ok;9;1;5.770;
2917;-3.368057005;40.21713759;0.1;False;ok;5;1;5.432;
2918;-3.268057005;40.21713759;0.1;False;ok;3;1;3.000;
2919;-3.068057005;40.21713759;0.1;False;ok;4;1;3.125;
2920;-2.968057005;40.21713759;0.1;False;ok;1;1;3.046;
2921;-2.868057005;40.21713759;0.1;False;ok;8;1;3.088;
2922;-2.368057005;40.21713759;0.1;False;ok;2;1;5.574;
2923;-6.568057005;40.31713759;0.1;False;ok;13;1;5.698;
2924;-6.468057005;40.31713759;0.1;False;ok;4;1;3.133;
2925;-6.368057005;40.31713759;0.1;False;ok;9;1;3.108;
2926;-6.268057005;40.31713759;0.1;False;ok;8;1;3.091;
2927;-6.068057005;40.31713759;0.1;False;ok;1;1;5.511;
2928;-5.968057005;40.31713759;0.1;False;ok;5;1;5.548;
2929;-5.868057005;40.31713759;0.1;False;ok;44;1;5.484;
2930;-5.768057005;40.31713759;0.1;False;ok;75;1;5.544;
2931;-5.668057005;40.31713759;0.1;False;ok;18;1;5.272;
2932;-5.568057005;40.31713759;0.1;False;ok;35;1;5.313;
2933;-5.468057005;40.31713759;0.1;False;ok;6;1;3.202;
2934;-5.368057005;40.31713759;0.1;False;ok;10;1;3.157;
2935;-5.268057005;40.31713759;0.1;False;ok;34;1;5.184;
2936;-5.168057005;40.31713759;0.1;False;ok;41;1;5.076;
2937;-5.068057005;40.31713759;0.1;False;ok;14;1;3.196;
2938;-4.968057005;40.31713759;0.1;False;ok;11;1;4.862;
2939;-4.868057005;40.31713759;0.1;False;ok;19;1;4.740;
2940;-4.768057005;40.31713759;0.1;False;ok;49;1;4.856;
2941;-4.668057005;40.31713759;0.1;False;ok;10;1;2.983;
2942;-4.568057005;40.31713759;0.1;False;ok;12;1;4.484;
2943;-4.468057005;40.31713759;0.1;False;ok;58;1;2.968;
2944;-4.368057005;40.31713759;0.1;False;ok;16;1;2.897;
2945;-4.268057005;40.31713759;0.1;False;ok;7;1;2.619;
2946;-4.068057005;40.31713759;0.1;False;ok;9;1;2.581;
2947;-3.968057005;40.31713759;0.1;False;ok;10;1;4.279;
2948;-3.868057005;40.31713759;0.1;False;ok;46;1;4.554;
2949;-3.768057005;40.31713759;0.05;False;ok;12;1;2.476;
2950;-3.718057005;40.31713759;0.05;False;ok;51;1;2.952;
2951;-3.768057005;40.36713759;0.05;False;ok;75;1;5.224;
2952;-3.718057005;40.36713759;0.025;False;ok;74;1;5.346;
2953;-3.693057005;40.36713759;0.025;False;ok;42;1;5.215;
2954;-3.718057005;40.39213759;0.0125;False;ok;53;1;3.157;
2955;-3.705557005;40.39213759;0.0125;False;ok;74;1;3.300;
2956;-3.718057005;40.40463759;0.00625;False;ok;54;1;5.504;
2957;-3.711807005;40.40463759;0.00625;False;ok;74;1;5.782;
2958;-3.718057005;40.41088759;0.00625;False;ok;59;1;5.484;
2959;-3.711807005;40.41088759;0.003125;False;ok;29;1;5.384;
2960;-3.708682005;40.41088759;0.003125;False;ok;73;1;5.676;
2961;-3.711807005;40.41401259;0.003125;False;ok;68;1;5.476;
2962;-3.708682005;40.41401259;0.003125;False;ok;75;1;5.588;
2963;-3.705557005;40.40463759;0.00625;False;ok;75;1;3.247;
2964;-3.699307005;40.40463759;0.00625;False;ok;74;1;3.379;
2965;-3.705557005;40.41088759;0.003125;False;ok;74;1;5.651;
2966;-3.702432005;40.41088759;0.003125;False;ok;73;1;5.368;
2967;-3.705557005;40.41401259;0.003125;False;ok;75;1;3.378;
2968;-3.702432005;40.41401259;0.003125;False;ok;75;1;3.329;
2969;-3.699307005;40.41088759;0.003125;False;ok;63;1;5.248;
2970;-3.696182005;40.41088759;0.003125;False;ok;52;1;3.166;
2971;-3.699307005;40.41401259;0.003125;False;ok;65;1;3.202;
2972;-3.696182005;40.41401259;0.003125;False;ok;11;1;5.132;
2973;-3.693057005;40.39213759;0.025;False;ok;75;1;3.272;
2974;-3.668057005;40.31713759;0.1;False;ok;73;1;3.271;
2975;-3.568057005;40.31713759;0.1;False;ok;31;1;3.188;
2976;-3.468057005;40.31713759;0.1;False;ok;3;1;5.449;
2977;-3.368057005;40.31713759;0.1;False;ok;1;1;5.190;
2978;-3.268057005;40.31713759;0.1;False;ok;8;1;5.492;
2979;-3.168057005;40.31713759;0.1;False;ok;4;1;5.388;
2980;-2.968057005;40.31713759;0.1;False;ok;5;1;5.125;
2981;-2.868057005;40.31713759;0.1;False;ok;0;1;6.555;
2982;-2.768057005;40.31713759;0.1;False;ok;12;1;3.076;
2983;-2.468057005;40.31713759;0.1;False;ok;0;1;6.238;
2984;-2.368057005;40.31713759;0.1;False;ok;2;1;5.836;
2985;-6.868057005;40.41713759;0.1;False;ok;1;1;3.092;
2986;-6.768057005;40.41713759;0.1;False;ok;0;1;6.461;
2987;-6.368057005;40.41713759;0.1;False;ok;5;1;5.901;
2988;-6.268057005;40.41713759;0.1;False;ok;3;1;3.012;
2989;-6.168057005;40.41713759;0.1;False;ok;38;1;5.666;
2990;-6.068057005;40.41713759;0.1;False;ok;61;1;5.861;
2991;-5.968057005;40.41713759;0.1;False;ok;10;1;3.060;
2992;-5.868057005;40.41713759;0.1;False;ok;4;1;3.089;
2993;-5.768057005;40.41713759;0.1;False;ok;8;1;3.020;
2994;-5.668057005;40.41713759;0.1;False;ok;4;1;5.507;
2995;-5.568057005;40.41713759;0.1;False;ok;3;1;5.449;
2996;-5.468057005;40.41713759;0.1;False;ok;13;1;3.069;
2997;-5.368057005;40.41713759;0.1;False;ok;12;1;3.060;
2998;-5.268057005;40.41713759;0.1;False;ok;4;1;2.956;
2999;-5.168057005;40.41713759;0.1;False;ok;11;1;5.484;
3000;-5.068057005;40.41713759;0.1;False;ok;0;1;6.008;
3001;-4.968057005;40.41713759;0.1;False;ok;3;1;2.979;
3002;-4.868057005;40.41713759;0.1;False;ok;5;1;5.454;
3003;-4.768057005;40.41713759;0.1;False;ok;0;1;6.304;
3004;-4.668057005;40.41713759;0.1;False;ok;26;1;2.992;
3005;-4.568057005;40.41713759;0.1;False;ok;13;1;5.514;
3006;-4.468057005;40.41713759;0.1;False;ok;11;1;2.979;
3007;-4.368057005;40.41713759;0.1;False;ok;2;1;5.408;
3008;-4.268057005;40.41713759;0.1;False;ok;13;1;2.995;
3009;-4.168057005;40.41713759;0.1;False;ok;3;1;5.400;
3010;-4.068057005;40.41713759;0.1;False;ok;11;1;5.829;
3011;-3.968057005;40.41713759;0.1;False;ok;17;1;5.745;
3012;-3.868057005;40.41713759;0.1;False;ok;43;1;3.118;
3013;-3.768057005;40.41713759;0.05;False;ok;49;1;5.855;
3014;-3.718057005;40.41713759;0.00625;False;ok;33;1;3.085;
3015;-3.711807005;40.41713759;0.003125;False;ok;32;1;5.861;
3016;-3.708682005;40.41713759;0.003125;False;ok;73;1;5.916;
3017;-3.711807005;40.42026259;0.003125;False;ok;74;1;3.126;
3018;-3.708682005;40.42026259;0.003125;False;ok;75;1;5.759;
3019;-3.718057005;40.42338759;0.00625;False;ok;42;1;3.063;
3020;-3.711807005;40.42338759;0.00625;False;ok;74;1;5.527;
3021;-3.705557005;40.41713759;0.003125;False;ok;75;1;3.254;
3022;-3.702432005;40.41713759;0.003125;False;ok;75;1;3.277;
3023;-3.705557005;40.42026259;0.003125;False;ok;75;1;3.269;
3024;-3.702432005;40.42026259;0.003125;False;ok;75;1;3.203;
3025;-3.699307005;40.41713759;0.003125;False;ok;36;1;5.900;
3026;-3.696182005;40.41713759;0.003125;False;ok;1;1;5.532;
3027;-3.699307005;40.42026259;0.003125;False;ok;73;1;5.784;
3028;-3.696182005;40.42026259;0.003125;False;ok;10;1;5.477;
3029;-3.705557005;40.42338759;0.003125;False;ok;74;1;3.128;
3030;-3.702432005;40.42338759;0.003125;False;ok;57;1;3.036;
3031;-3.705557005;40.42651259;0.003125;False;ok;57;1;5.772;
3032;-3.702432005;40.42651259;0.003125;False;ok;15;1;2.958;
3033;-3.699307005;40.42338759;0.00625;False;ok;58;1;5.627;
3034;-3.718057005;40.42963759;0.0125;False;ok;74;1;5.635;
3035;-3.705557005;40.42963759;0.0125;False;ok;75;1;5.613;
3036;-3.693057005;40.41713759;0.0125;False;ok;75;1;5.707;
3037;-3.680557005;40.41713759;0.0125;False;ok;74;1;6.103;
3038;-3.693057005;40.42963759;0.0125;False;ok;47;1;3.251;
3039;-3.680557005;40.42963759;0.0125;False;ok;72;1;5.809;
3040;-3.718057005;40.44213759;0.0125;False;ok;44;1;5.750;
3041;-3.705557005;40.44213759;0.0125;False;ok;74;1;3.323;
3042;-3.718057005;40.45463759;0.0125;False;ok;20;1;3.168;
3043;-3.705557005;40.45463759;0.0125;False;ok;76;1;5.960;
3044;-3.693057005;40.44213759;0.025;False;ok;74;1;5.714;
3045;-3.768057005;40.46713759;0.05;False;ok;15;1;3.104;
3046;-3.718057005;40.46713759;0.05;False;ok;74;1;3.467;
3047;-3.668057005;40.41713759;0.025;False;ok;75;1;3.329;
3048;-3.643057005;40.41713759;0.025;False;ok;75;1;3.397;
3049;-3.668057005;40.44213759;0.025;False;ok;57;1;5.458;
3050;-3.643057005;40.44213759;0.025;False;ok;19;1;5.308;
3051;-3.618057005;40.41713759;0.05;False;ok;74;1;5.379;
3052;-3.668057005;40.46713759;0.05;False;ok;74;1;3.324;
3053;-3.618057005;40.46713759;0.05;False;ok;56;1;3.336;
3054;-3.568057005;40.41713759;0.1;False;ok;65;1;5.450;
3055;-3.468057005;40.41713759;0.1;False;ok;50;1;5.421;
3056;-3.368057005;40.41713759;0.1;False;ok;67;1;3.234;
3057;-3.268057005;40.41713759;0.1;False;ok;2;1;5.321;
3058;-3.068057005;40.41713759;0.1;False;ok;4;1;5.503;
3059;-2.968057005;40.41713759;0.1;False;ok;13;1;3.194;
3060;-2.868057005;40.41713759;0.1;False;ok;1;1;3.075;
3061;-2.768057005;40.41713759;0.1;False;ok;5;1;5.557;
3062;-2.468057005;40.41713759;0.1;False;ok;2;1;5.600;
3063;-2.368057005;40.41713759;0.1;False;ok;5;1;5.494;
3064;-6.868057005;40.51713759;0.1;True;ok;1;1;5.553;
3065;-6.668057005;40.51713759;0.1;False;ok;1;1;5.438;
3066;-6.568057005;40.51713759;0.1;False;ok;68;1;3.382;
3067;-6.168057005;40.51713759;0.1;False;ok;7;1;5.913;
3068;-6.068057005;40.51713759;0.1;False;ok;12;1;3.257;
3069;-5.968057005;40.51713759;0.1;False;ok;9;1;5.648;
3070;-5.868057005;40.51713759;0.1;False;ok;4;1;3.221;
3071;-5.768057005;40.51713759;0.1;False;ok;2;1;3.227;
3072;-5.668057005;40.51713759;0.1;False;ok;5;1;3.158;
3073;-5.368057005;40.51713759;0.1;False;ok;0;1;3.891;
3074;-5.268057005;40.51713759;0.1;False;ok;2;1;5.652;
3075;-5.168057005;40.51713759;0.1;False;ok;4;1;5.664;
3076;-5.068057005;40.51713759;0.1;False;ok;11;1;5.621;
3077;-4.968057005;40.51713759;0.1;False;ok;21;1;5.561;
3078;-4.868057005;40.51713759;0.1;False;ok;6;1;5.582;
3079;-4.768057005;40.51713759;0.1;False;ok;3;1;3.199;
3080;-4.668057005;40.51713759;0.1;False;ok;1;1;5.769;
3081;-4.568057005;40.51713759;0.1;False;ok;10;1;3.106;
3082;-4.468057005;40.51713759;0.1;False;ok;2;1;3.068;
3083;-4.368057005;40.51713759;0.1;False;ok;25;1;5.878;
3084;-4.268057005;40.51713759;0.1;False;ok;16;1;5.684;
3085;-4.168057005;40.51713759;0.1;False;ok;21;1;3.176;
3086;-4.068057005;40.51713759;0.1;False;ok;17;1;5.726;
3087;-3.968057005;40.51713759;0.1;False;ok;12;1;3.298;
3088;-3.768057005;40.51713759;0.1;False;ok;15;1;5.893;
3089;-3.668057005;40.51713759;0.1;False;ok;75;1;6.057;
3090;-3.568057005;40.51713759;0.1;False;ok;5;1;5.656;
3091;-3.468057005;40.51713759;0.1;False;ok;6;1;3.156;
3092;-3.368057005;40.51713759;0.1;False;ok;5;1;5.973;
3093;-3.268057005;40.51713759;0.1;False;ok;6;1;5.765;
3094;-3.068057005;40.51713759;0.1;False;ok;14;1;3.201;
3095;-2.968057005;40.51713759;0.1;False;ok;3;1;3.162;
3096;-2.768057005;40.51713759;0.1;False;ok;8;1;3.245;
3097;-6.868057005;40.61713759;0.1;True;ok;1;1;3.152;
3098;-6.468057005;40.61713759;0.1;False;ok;4;1;5.883;
3099;-5.968057005;40.61713759;0.1;False;ok;0;1;6.512;
3100;-5.168057005;40.61713759;0.1;False;ok;2;1;5.740;
3101;-5.068057005;40.61713759;0.1;False;ok;5;1;3.118;
3102;-4.868057005;40.61713759;0.1;False;ok;10;1;5.685;
3103;-4.768057005;40.61713759;0.05;False;ok;2;1;3.129;
3104;-4.693057005;40.61713759;0.025;False;ok;1;1;5.721;
3105;-4.718057005;40.64213759;0.025;False;ok;75;1;6.012;
3106;-4.693057005;40.64213759;0.025;False;ok;42;1;5.818;
3107;-4.768057005;40.66713759;0.05;False;ok;6;1;3.200;
3108;-4.718057005;40.66713759;0.05;False;ok;1;1;3.155;
3109;-4.668057005;40.61713759;0.1;False;ok;16;1;5.751;
3110;-4.568057005;40.61713759;0.1;False;ok;1;1;3.151;
3111;-4.368057005;40.61713759;0.1;False;ok;1;1;5.726;
3112;-4.268057005;40.61713759;0.1;False;ok;19;1;5.735;
3113;-4.168057005;40.61713759;0.1;False;ok;20;1;3.171;
3114;-4.068057005;40.61713759;0.1;False;ok;49;1;5.917;
3115;-3.968057005;40.61713759;0.1;False;ok;9;1;5.577;
3116;-3.868057005;40.61713759;0.1;False;ok;3;1;3.095;
3117;-3.768057005;40.61713759;0.1;False;ok;3;1;3.140;
3118;-3.668057005;40.61713759;0.1;False;ok;9;1;5.731;
3119;-3.568057005;40.61713759;0.1;False;ok;6;1;5.745;
3120;-3.468057005;40.61713759;0.1;False;ok;6;1;2.839;
3121;-3.368057005;40.61713759;0.1;False;ok;3;1;2.855;
3122;-3.268057005;40.61713759;0.1;False;ok;8;1;2.869;
3123;-3.168057005;40.61713759;0.1;False;ok;18;1;5.807;
3124;-3.068057005;40.61713759;0.1;False;ok;4;1;5.684;
3125;-2.968057005;40.61713759;0.1;False;ok;0;1;6.342;
3126;-2.768057005;40.61713759;0.1;False;ok;3;1;2.852;
3127;-2.668057005;40.61713759;0.1;False;ok;4;1;5.855;
3128;-6.768057005;40.71713759;0.1;False;ok;0;1;3.583;
3129;-6.368057005;40.71713759;0.1;False;ok;0;1;6.587;
3130;-5.968057005;40.71713759;0.1;False;ok;1;1;2.941;
3131;-5.768057005;40.71713759;0.1;False;ok;4;1;6.024;
3132;-5.668057005;40.71713759;0.1;False;ok;1;1;6.006;
3133;-5.068057005;40.71713759;0.1;False;ok;1;1;5.863;
3134;-4.968057005;40.71713759;0.1;False;ok;2;1;3.010;
3135;-4.768057005;40.71713759;0.1;False;ok;2;1;2.990;
3136;-4.668057005;40.71713759;0.1;False;ok;5;1;5.711;
3137;-4.568057005;40.71713759;0.1;False;ok;5;1;3.117;
3138;-4.468057005;40.71713759;0.1;False;ok;8;1;5.665;
3139;-4.368057005;40.71713759;0.1;False;ok;21;1;5.753;
3140;-4.268057005;40.71713759;0.1;False;ok;31;1;5.768;
3141;-4.168057005;40.71713759;0.1;False;ok;8;1;3.113;
3142;-4.068057005;40.71713759;0.1;False;ok;44;1;5.892;
3143;-3.968057005;40.71713759;0.1;False;ok;17;1;5.852;
3144;-3.868057005;40.71713759;0.1;False;ok;21;1;3.337;
3145;-3.768057005;40.71713759;0.1;False;ok;12;1;3.274;
3146;-3.668057005;40.71713759;0.1;False;ok;16;1;3.099;
3147;-3.568057005;40.71713759;0.1;False;ok;2;1;2.979;
3148;-3.468057005;40.71713759;0.1;False;ok;7;1;3.046;
3149;-3.168057005;40.71713759;0.1;False;ok;4;1;5.609;
3150;-3.068057005;40.71713759;0.1;False;ok;5;1;5.830;
3151;-2.968057005;40.71713759;0.1;False;ok;5;1;3.090;
3152;-2.868057005;40.71713759;0.1;False;ok;7;1;5.867;
3153;-2.768057005;40.71713759;0.1;False;ok;2;1;5.691;
3154;-2.668057005;40.71713759;0.1;False;ok;5;1;3.128;
3155;-2.468057005;40.71713759;0.1;False;ok;1;1;5.846;
3156;-2.368057005;40.71713759;0.1;False;ok;3;1;2.991;
3157;-6.868057005;40.81713759;0.1;True;ok;1;1;5.701;
3158;-6.768057005;40.81713759;0.1;False;ok;4;1;5.875;
3159;-6.668057005;40.81713759;0.1;False;ok;1;1;5.865;
3160;-6.068057005;40.81713759;0.1;False;ok;1;1;5.866;
3161;-5.768057005;40.81713759;0.1;False;ok;0;1;3.808;
3162;-5.668057005;40.81713759;0.1;False;ok;4;1;3.107;
3163;-5.568057005;40.81713759;0.1;False;ok;10;1;5.716;
3164;-5.268057005;40.81713759;0.1;False;ok;5;1;3.050;
3165;-4.868057005;40.81713759;0.1;False;ok;1;1;5.810;
3166;-4.768057005;40.81713759;0.1;False;ok;8;1;5.854;
3167;-4.668057005;40.81713759;0.1;False;ok;13;1;3.036;
3168;-4.568057005;40.81713759;0.1;False;ok;7;1;5.490;
3169;-4.368057005;40.81713759;0.1;False;ok;1;1;5.716;
3170;-4.268057005;40.81713759;0.1;False;ok;28;1;3.244;
3171;-4.168057005;40.81713759;0.1;False;ok;14;1;3.087;
3172;-4.068057005;40.81713759;0.1;False;ok;27;1;5.886;
3173;-3.968057005;40.81713759;0.1;False;ok;29;1;3.186;
3174;-3.768057005;40.81713759;0.1;False;ok;14;1;5.683;
3175;-3.668057005;40.81713759;0.1;False;ok;18;1;3.191;
3176;-3.568057005;40.81713759;0.1;False;ok;20;1;3.148;
3177;-3.468057005;40.81713759;0.1;False;ok;5;1;5.898;
3178;-3.368057005;40.81713759;0.1;False;ok;1;1;5.727;
3179;-3.168057005;40.81713759;0.1;False;ok;6;1;3.176;
3180;-3.068057005;40.81713759;0.1;False;ok;9;1;5.840;
3181;-2.968057005;40.81713759;0.1;False;ok;0;1;6.339;
3182;-2.768057005;40.81713759;0.1;False;ok;2;1;3.249;
3183;-2.568057005;40.81713759;0.1;False;ok;2;1;5.616;
3184;-6.868057005;40.91713759;0.1;False;ok;7;1;5.786;
3185;-6.768057005;40.91713759;0.1;False;ok;10;1;3.228;
3186;-6.468057005;40.91713759;0.1;False;ok;2;1;5.777;
3187;-6.368057005;40.91713759;0.1;False;ok;2;1;5.436;
3188;-5.868057005;40.91713759;0.1;False;ok;2;1;5.601;
3189;-5.768057005;40.91713759;0.1;False;ok;73;1;3.456;
3190;-5.643057005;40.91713759;0.025;False;ok;1;1;5.529;
3191;-5.655557005;40.94213759;0.0125;False;ok;2;1;3.185;
3192;-5.668057005;40.95463759;0.00625;False;ok;26;1;3.272;
3193;-5.661807005;40.95463759;0.00625;False;ok;9;1;5.653;
3194;-5.668057005;40.96088759;0.00625;False;ok;75;1;3.473;
3195;-5.661807005;40.96088759;0.00625;False;ok;37;1;5.862;
3196;-5.655557005;40.95463759;0.0125;False;ok;7;1;3.158;
3197;-5.643057005;40.94213759;0.025;False;ok;10;1;3.152;
3198;-5.618057005;40.91713759;0.05;False;ok;6;1;5.302;
3199;-5.668057005;40.96713759;0.05;False;ok;74;1;5.817;
3200;-5.618057005;40.96713759;0.05;False;ok;1;1;3.154;
3201;-5.568057005;40.91713759;0.1;False;ok;7;1;3.131;
3202;-5.468057005;40.91713759;0.1;False;ok;9;1;5.602;
3203;-4.968057005;40.91713759;0.1;False;ok;6;1;5.741;
3204;-4.868057005;40.91713759;0.1;False;ok;1;1;3.135;
3205;-4.668057005;40.91713759;0.1;False;ok;3;1;3.119;
3206;-4.568057005;40.91713759;0.1;False;ok;0;1;6.559;
3207;-4.368057005;40.91713759;0.1;False;ok;4;1;5.765;
3208;-4.268057005;40.91713759;0.1;False;ok;8;1;5.851;
3209;-4.168057005;40.91713759;0.1;False;ok;75;1;5.748;
3210;-4.068057005;40.91713759;0.1;False;ok;32;1;5.825;
3211;-3.868057005;40.91713759;0.1;False;ok;17;1;5.776;
3212;-3.768057005;40.91713759;0.1;False;ok;14;1;5.767;
3213;-3.668057005;40.91713759;0.1;False;ok;16;1;3.222;
3214;-3.568057005;40.91713759;0.1;False;ok;15;1;3.216;
3215;-3.468057005;40.91713759;0.1;False;ok;1;1;5.700;
3216;-3.268057005;40.91713759;0.1;False;ok;3;1;5.628;
3217;-3.168057005;40.91713759;0.1;False;ok;8;1;3.226;
3218;-2.968057005;40.91713759;0.1;False;ok;4;1;3.196;
3219;-2.868057005;40.91713759;0.1;False;ok;2;1;5.756;
3220;-2.768057005;40.91713759;0.1;False;ok;5;1;3.113;
3221;-2.668057005;40.91713759;0.1;False;ok;5;1;3.091;
3222;-2.468057005;40.91713759;0.1;False;ok;1;1;5.580;
3223;-6.868057005;41.01713759;0.1;True;ok;1;1;5.477;
3224;-6.768057005;41.01713759;0.1;False;ok;4;1;3.158;
3225;-6.468057005;41.01713759;0.1;False;ok;0;1;3.848;
3226;-6.068057005;41.01713759;0.1;False;ok;7;1;5.664;
3227;-5.968057005;41.01713759;0.1;False;ok;4;1;5.505;
3228;-5.868057005;41.01713759;0.1;False;ok;11;1;3.156;
3229;-5.768057005;41.01713759;0.1;False;ok;3;1;3.151;
3230;-5.668057005;41.01713759;0.1;False;ok;4;1;3.179;
3231;-5.568057005;41.01713759;0.1;False;ok;1;1;5.621;
3232;-5.168057005;41.01713759;0.1;False;ok;1;1;3.180;
3233;-5.068057005;41.01713759;0.1;False;ok;1;1;5.762;
3234;-4.768057005;41.01713759;0.1;False;ok;29;1;5.950;
3235;-4.668057005;41.01713759;0.1;False;ok;1;1;5.636;
3236;-4.568057005;41.01713759;0.1;False;ok;2;1;5.631;
3237;-4.468057005;41.01713759;0.1;False;ok;8;1;5.698;
3238;-4.368057005;41.01713759;0.1;False;ok;4;1;5.706;
3239;-4.268057005;41.01713759;0.1;False;ok;1;1;5.596;
3240;-4.168057005;41.01713759;0.1;False;ok;12;1;3.188;
3241;-4.068057005;41.01713759;0.1;False;ok;25;1;5.784;
3242;-3.968057005;41.01713759;0.1;False;ok;26;1;3.175;
3243;-3.868057005;41.01713759;0.1;False;ok;18;1;5.799;
3244;-3.768057005;41.01713759;0.1;False;ok;8;1;3.142;
3245;-3.668057005;41.01713759;0.1;False;ok;13;1;3.228;
3246;-3.568057005;41.01713759;0.1;False;ok;14;1;3.113;
3247;-3.468057005;41.01713759;0.1;False;ok;5;1;5.905;
3248;-3.368057005;41.01713759;0.1;False;ok;13;1;3.172;
3249;-3.268057005;41.01713759;0.1;False;ok;2;1;5.821;
3250;-3.168057005;41.01713759;0.1;False;ok;1;1;5.584;
3251;-3.068057005;41.01713759;0.1;False;ok;1;1;5.823;
3252;-2.968057005;41.01713759;0.1;False;ok;2;1;3.087;
3253;-2.768057005;41.01713759;0.1;False;ok;5;1;3.099;
3254;-2.668057005;41.01713759;0.1;False;ok;55;1;3.230;
3255;-2.568057005;41.01713759;0.1;False;ok;2;1;2.960;
3256;-2.468057005;41.01713759;0.1;False;ok;2;1;6.081;
3257;-6.668057005;41.11713759;0.1;False;ok;14;1;3.159;
3258;-6.568057005;41.11713759;0.1;False;ok;1;1;5.975;
3259;-6.268057005;41.11713759;0.1;False;ok;1;1;5.903;
3260;-5.768057005;41.11713759;0.1;False;ok;1;1;5.907;
3261;-4.868057005;41.11713759;0.1;False;ok;0;1;6.769;
3262;-4.668057005;41.11713759;0.1;False;ok;1;1;6.042;
3263;-4.568057005;41.11713759;0.1;False;ok;10;1;6.090;
3264;-4.468057005;41.11713759;0.1;False;ok;3;1;5.882;
3265;-4.368057005;41.11713759;0.1;False;ok;2;1;3.075;
3266;-4.268057005;41.11713759;0.1;False;ok;4;1;5.732;
3267;-4.168057005;41.11713759;0.1;False;ok;1;1;3.093;
3268;-4.068057005;41.11713759;0.1;False;ok;8;1;5.986;
3269;-3.968057005;41.11713759;0.1;False;ok;15;1;3.153;
3270;-3.868057005;41.11713759;0.1;False;ok;35;1;3.317;
3271;-3.768057005;41.11713759;0.1;False;ok;29;1;3.263;
3272;-3.668057005;41.11713759;0.1;False;ok;13;1;5.996;
3273;-3.568057005;41.11713759;0.1;False;ok;10;1;3.078;
3274;-3.268057005;41.11713759;0.1;False;ok;5;1;5.840;
3275;-3.168057005;41.11713759;0.1;False;ok;3;1;3.077;
3276;-3.068057005;41.11713759;0.1;False;ok;4;1;5.822;
3277;-2.968057005;41.11713759;0.1;False;ok;5;1;5.797;
3278;-2.768057005;41.11713759;0.1;False;ok;2;1;3.087;
3279;-2.668057005;41.11713759;0.1;False;ok;4;1;3.020;
3280;-2.568057005;41.11713759;0.1;False;ok;1;1;6.021;
3281;-2.468057005;41.11713759;0.1;False;ok;10;1;5.879;
3282;-2.368057005;41.11713759;0.1;False;ok;1;1;3.032;
3283;-6.668057005;41.21713759;0.1;False;ok;20;1;5.870;
3284;-6.568057005;41.21713759;0.1;True;ok;4;1;6.052;
3285;-6.468057005;41.21713759;0.1;False;ok;11;1;3.112;
3286;-6.268057005;41.21713759;0.1;False;ok;1;1;2.991;
3287;-6.168057005;41.21713759;0.1;False;ok;2;1;5.937;
3288;-5.968057005;41.21713759;0.1;False;ok;1;1;5.840;
3289;-5.868057005;41.21713759;0.1;False;ok;0;1;6.604;
3290;-5.768057005;41.21713759;0.1;False;ok;0;1;3.769;
3291;-5.668057005;41.21713759;0.1;False;ok;0;1;6.476;
3292;-5.568057005;41.21713759;0.1;False;ok;0;1;6.527;
3293;-5.368057005;41.21713759;0.1;False;ok;1;1;2.996;
3294;-5.268057005;41.21713759;0.1;False;ok;4;1;5.641;
3295;-4.968057005;41.21713759;0.1;False;ok;12;1;3.076;
3296;-4.868057005;41.21713759;0.1;False;ok;2;1;5.396;
3297;-4.768057005;41.21713759;0.1;False;ok;14;1;3.088;
3298;-4.568057005;41.21713759;0.1;False;ok;7;1;3.147;
3299;-4.468057005;41.21713759;0.1;False;ok;0;1;6.103;
3300;-4.368057005;41.21713759;0.1;False;ok;7;1;3.097;
3301;-4.268057005;41.21713759;0.1;False;ok;3;1;5.396;
3302;-4.168057005;41.21713759;0.1;False;ok;3;1;5.270;
3303;-3.968057005;41.21713759;0.1;False;ok;15;1;3.088;
3304;-3.868057005;41.21713759;0.1;False;ok;10;1;4.622;
3305;-3.768057005;41.21713759;0.1;False;ok;13;1;3.176;
3306;-3.668057005;41.21713759;0.1;False;ok;9;1;5.146;
3307;-3.568057005;41.21713759;0.1;False;ok;23;1;5.315;
3308;-3.368057005;41.21713759;0.1;False;ok;2;1;5.157;
3309;-3.268057005;41.21713759;0.1;False;ok;6;1;5.394;
3310;-3.168057005;41.21713759;0.1;False;ok;3;1;3.102;
3311;-3.068057005;41.21713759;0.1;False;ok;2;1;5.312;
3312;-2.668057005;41.21713759;0.1;False;ok;0;1;3.903;
3313;-2.468057005;41.21713759;0.1;False;ok;2;1;3.144;
3314;-2.368057005;41.21713759;0.1;False;ok;1;1;5.180;
3315;-6.468057005;41.31713759;0.1;True;ok;22;1;5.379;
3316;-6.368057005;41.31713759;0.1;True;ok;5;1;3.175;
3317;-6.268057005;41.31713759;0.1;True;ok;3;1;5.281;
3318;-6.168057005;41.31713759;0.1;False;ok;2;1;5.312;
3319;-6.068057005;41.31713759;0.1;False;ok;0;1;6.087;
3320;-5.968057005;41.31713759;0.1;False;ok;7;1;5.255;
3321;-5.868057005;41.31713759;0.1;False;ok;2;1;3.100;
3322;-5.768057005;41.31713759;0.1;False;ok;2;1;5.475;
3323;-5.268057005;41.31713759;0.1;False;ok;8;1;3.167;
3324;-5.168057005;41.31713759;0.1;False;ok;5;1;5.652;
3325;-4.968057005;41.31713759;0.1;False;ok;10;1;5.840;
3326;-4.868057005;41.31713759;0.1;False;ok;8;1;3.242;
3327;-4.768057005;41.31713759;0.1;False;ok;5;1;3.176;
3328;-4.568057005;41.31713759;0.1;False;ok;4;1;3.156;
3329;-4.468057005;41.31713759;0.1;False;ok;6;1;3.154;
3330;-4.368057005;41.31713759;0.1;False;ok;10;1;5.827;
3331;-4.268057005;41.31713759;0.1;False;ok;4;1;5.506;
3332;-4.168057005;41.31713759;0.1;False;ok;4;1;5.599;
3333;-3.968057005;41.31713759;0.1;False;ok;9;1;5.662;
3334;-3.868057005;41.31713759;0.1;False;ok;8;1;5.753;
3335;-3.668057005;41.31713759;0.1;False;ok;10;1;5.670;
3336;-3.568057005;41.31713759;0.1;False;ok;7;1;3.201;
3337;-3.468057005;41.31713759;0.1;False;ok;8;1;3.163;
3338;-3.368057005;41.31713759;0.1;False;ok;7;1;5.933;
3339;-3.268057005;41.31713759;0.1;False;ok;3;1;3.159;
3340;-3.068057005;41.31713759;0.1;False;ok;2;1;3.147;
3341;-6.168057005;41.41713759;0.1;False;ok;4;1;5.792;
3342;-5.968057005;41.41713759;0.1;False;ok;2;1;5.718;
3343;-5.868057005;41.41713759;0.1;False;ok;1;1;3.135;
3344;-5.768057005;41.41713759;0.1;False;ok;75;1;5.877;
3345;-5.668057005;41.41713759;0.1;False;ok;1;1;5.768;
3346;-5.568057005;41.41713759;0.1;False;ok;3;1;3.140;
3347;-5.168057005;41.41713759;0.1;False;ok;2;1;5.708;
3348;-5.068057005;41.41713759;0.1;False;ok;40;1;5.851;
3349;-4.968057005;41.41713759;0.1;False;ok;6;1;5.853;
3350;-4.768057005;41.41713759;0.1;False;ok;3;1;3.120;
3351;-4.668057005;41.41713759;0.1;False;ok;5;1;3.152;
3352;-4.468057005;41.41713759;0.1;False;ok;8;1;3.191;
3353;-4.068057005;41.41713759;0.1;False;ok;19;1;3.231;
3354;-3.868057005;41.41713759;0.1;False;ok;5;1;3.159;
3355;-3.668057005;41.41713759;0.1;False;ok;2;1;5.721;
3356;-3.568057005;41.41713759;0.1;False;ok;7;1;5.785;
3357;-3.468057005;41.41713759;0.1;False;ok;9;1;5.721;
3358;-3.068057005;41.41713759;0.1;False;ok;1;1;3.123;
3359;-2.968057005;41.41713759;0.1;False;ok;4;1;5.758;
3360;-2.868057005;41.41713759;0.1;False;ok;8;1;5.862;
3361;-2.768057005;41.41713759;0.1;False;ok;1;1;5.770;
3362;-2.568057005;41.41713759;0.1;False;ok;15;1;3.354;
3363;-6.268057005;41.51713759;0.1;True;ok;1;1;5.965;
3364;-6.168057005;41.51713759;0.1;False;ok;0;1;6.488;
3365;-6.068057005;41.51713759;0.1;False;ok;5;1;3.285;
3366;-5.768057005;41.51713759;0.1;False;ok;4;1;5.969;
3367;-5.668057005;41.51713759;0.1;False;ok;1;1;3.262;
3368;-5.468057005;41.51713759;0.1;False;ok;18;1;3.234;
3369;-5.268057005;41.51713759;0.1;False;ok;4;1;5.763;
3370;-4.968057005;41.51713759;0.1;False;ok;12;1;5.949;
3371;-4.868057005;41.51713759;0.1;False;ok;22;1;3.281;
3372;-4.768057005;41.51713759;0.1;False;ok;19;1;3.174;
3373;-4.668057005;41.51713759;0.1;False;ok;7;1;5.609;
3374;-4.568057005;41.51713759;0.1;False;ok;10;1;5.660;
3375;-4.468057005;41.51713759;0.1;False;ok;6;1;5.613;
3376;-4.168057005;41.51713759;0.1;False;ok;29;1;3.176;
3377;-3.768057005;41.51713759;0.1;False;ok;7;1;3.058;
3378;-3.668057005;41.51713759;0.1;False;ok;4;1;5.888;
3379;-3.568057005;41.51713759;0.1;False;ok;2;1;2.990;
3380;-3.468057005;41.51713759;0.1;False;ok;2;1;3.005;
3381;-3.268057005;41.51713759;0.1;False;ok;15;1;5.771;
3382;-3.168057005;41.51713759;0.1;False;ok;28;1;6.199;
3383;-3.068057005;41.51713759;0.1;False;ok;19;1;6.056;
3384;-2.968057005;41.51713759;0.1;False;ok;2;1;2.952;
3385;-2.868057005;41.51713759;0.1;False;ok;2;1;5.901;
3386;-6.268057005;41.61713759;0.1;False;ok;1;1;5.834;
3387;-6.068057005;41.61713759;0.1;False;ok;2;1;2.947;
3388;-5.868057005;41.61713759;0.1;False;ok;1;1;5.694;
3389;-5.768057005;41.61713759;0.1;False;ok;4;1;5.751;
3390;-5.368057005;41.61713759;0.1;False;ok;1;1;3.049;
3391;-5.268057005;41.61713759;0.1;False;ok;4;1;3.095;
3392;-5.068057005;41.61713759;0.1;False;ok;1;1;5.647;
3393;-4.868057005;41.61713759;0.1;False;ok;10;1;6.018;
3394;-4.768057005;41.61713759;0.1;False;ok;75;1;3.496;
3395;-4.368057005;41.61713759;0.1;False;ok;8;1;3.115;
3396;-4.268057005;41.61713759;0.1;False;ok;4;1;6.160;
3397;-4.168057005;41.61713759;0.1;False;ok;16;1;3.116;
3398;-3.968057005;41.61713759;0.1;False;ok;9;1;5.996;
3399;-3.868057005;41.61713759;0.1;False;ok;4;1;3.114;
3400;-3.768057005;41.61713759;0.1;False;ok;32;1;5.900;
3401;-3.668057005;41.61713759;0.1;False;ok;11;1;5.783;
3402;-3.568057005;41.61713759;0.1;False;ok;10;1;3.092;
3403;-3.468057005;41.61713759;0.1;False;ok;0;1;3.833;
3404;-3.068057005;41.61713759;0.1;False;ok;11;1;5.800;
3405;-2.868057005;41.61713759;0.1;False;ok;9;1;5.593;
3406;-2.668057005;41.61713759;0.1;False;ok;2;1;3.148;
3407;-2.32757849;38.31713759;0.1;False;ok;14;1;6.042;
3408;-2.32757849;38.41713759;0.1;False;ok;10;1;3.129;
3409;-2.32757849;38.51713759;0.1;False;ok;1;1;6.012;
3410;-2.32757849;38.61713759;0.1;False;ok;4;1;6.084;
3411;-2.32757849;38.71713759;0.1;False;ok;2;1;6.097;
3412;-2.32757849;39.21713759;0.1;False;ok;2;1;3.066;
3413;-2.32757849;39.31713759;0.1;False;ok;8;1;3.038;
3414;-2.32757849;39.41713759;0.1;False;ok;2;1;5.711;
3415;-2.32757849;39.51713759;0.1;False;ok;1;1;5.490;
3416;-2.32757849;39.81713759;0.1;False;ok;1;1;5.514;
3417;-2.32757849;40.01713759;0.1;False;ok;4;1;3.074;
3418;-2.32757849;40.11713759;0.1;False;ok;0;1;6.458;
3419;-2.32757849;40.21713759;0.1;False;ok;1;1;3.065;
3420;-2.32757849;40.31713759;0.1;False;ok;2;1;5.965;
3421;-2.32757849;40.41713759;0.1;False;ok;9;1;5.983;
3422;-2.32757849;40.71713759;0.1;False;ok;3;1;3.011;
3423;-2.32757849;41.11713759;0.1;False;ok;1;1;3.010;
3424;-2.32757849;41.21713759;0.1;False;ok;1;1;3.006;
3425;-2.22757849;38.41713759;0.1;False;ok;5;1;5.939;
3426;-2.22757849;38.51713759;0.1;False;ok;16;1;5.761;
3427;-2.22757849;38.61713759;0.1;False;ok;0;1;3.769;
3428;-2.22757849;39.11713759;0.1;False;ok;8;1;5.557;
3429;-2.22757849;39.31713759;0.1;False;ok;3;1;5.198;
3430;-2.22757849;39.61713759;0.1;False;ok;1;1;2.955;
3431;-2.22757849;39.71713759;0.1;False;ok;13;1;3.073;
3432;-2.22757849;39.91713759;0.1;False;ok;4;1;5.127;
3433;-2.22757849;40.06713759;0.05;False;ok;27;1;3.184;
3434;-2.22757849;40.11713759;0.1;False;ok;1;1;5.181;
3435;-2.22757849;40.31713759;0.1;False;ok;3;1;3.106;
3436;-2.22757849;40.41713759;0.1;False;ok;1;1;5.127;
3437;-2.22757849;40.51713759;0.1;False;ok;2;1;5.395;
3438;-2.22757849;40.71713759;0.1;False;ok;0;1;3.749;
3439;-2.22757849;40.81713759;0.1;False;ok;9;1;5.273;
3440;-2.22757849;41.21713759;0.1;False;ok;4;1;5.256;
3441;-2.22757849;41.41713759;0.1;False;ok;1;1;3.139;
3442;-2.22757849;41.61713759;0.1;False;ok;2;1;4.945;
3443;-2.17757849;40.01713759;0.05;False;ok;7;1;2.953;
3444;-2.17757849;40.06713759;0.025;False;ok;1;1;5.120;
3445;-2.15257849;40.06713759;0.0125;False;ok;6;1;4.956;
3446;-2.14007849;40.06713759;0.00625;False;ok;42;1;2.950;
3447;-2.14007849;40.07338759;0.00625;False;ok;50;1;5.490;
3448;-2.14007849;40.07963759;0.0125;False;ok;15;1;2.819;
3449;-2.13382849;40.06713759;0.00625;False;ok;21;1;2.874;
3450;-2.13382849;40.07338759;0.00625;False;ok;75;1;5.707;
3451;-2.12757849;38.31713759;0.1;False;ok;16;1;5.477;
3452;-2.12757849;38.41713759;0.1;False;ok;16;1;2.788;
3453;-2.12757849;38.51713759;0.1;False;ok;14;1;5.406;
3454;-2.12757849;38.61713759;0.1;False;ok;1;1;2.993;
3455;-2.12757849;38.81713759;0.1;False;ok;0;1;6.238;
3456;-2.12757849;39.21713759;0.1;False;ok;5;1;5.814;
3457;-2.12757849;39.41713759;0.1;False;ok;7;1;3.131;
3458;-2.12757849;39.51713759;0.1;False;ok;9;1;5.838;
3459;-2.12757849;39.71713759;0.1;False;ok;1;1;5.732;
3460;-2.12757849;39.91713759;0.1;False;ok;15;1;5.795;
3461;-2.12757849;40.01713759;0.1;False;ok;13;1;3.136;
3462;-2.12757849;40.11713759;0.1;False;ok;6;1;3.111;
3463;-2.12757849;40.21713759;0.1;False;ok;13;1;3.159;
3464;-2.12757849;40.41713759;0.1;False;ok;0;1;6.322;
3465;-2.12757849;40.51713759;0.1;False;ok;7;1;5.863;
3466;-2.12757849;40.61713759;0.1;False;ok;4;1;5.458;
3467;-2.12757849;40.81713759;0.1;False;ok;1;1;3.065;
3468;-2.12757849;40.91713759;0.1;False;ok;0;1;3.791;
3469;-2.12757849;41.01713759;0.1;False;ok;1;1;5.482;
3470;-2.12757849;41.21713759;0.1;False;ok;7;1;5.535;
3471;-2.12757849;41.61713759;0.1;False;ok;2;1;3.047;
3472;-2.02757849;38.21713759;0.1;False;ok;3;1;5.612;
3473;-2.02757849;38.31713759;0.1;False;ok;7;1;5.614;
3474;-2.02757849;38.41713759;0.1;False;ok;1;1;5.700;
3475;-2.02757849;38.51713759;0.1;False;ok;2;1;3.229;
3476;-2.02757849;39.41713759;0.1;False;ok;2;1;3.095;
3477;-2.02757849;39.91713759;0.1;False;ok;3;1;3.139;
3478;-2.02757849;40.11713759;0.1;False;ok;7;1;5.709;
3479;-2.02757849;40.21713759;0.1;False;ok;13;1;3.226;
3480;-2.02757849;40.31713759;0.1;False;ok;1;1;5.552;
3481;-2.02757849;40.41713759;0.1;False;ok;1;1;5.482;
3482;-2.02757849;40.61713759;0.1;False;ok;3;1;5.602;
3483;-2.02757849;40.71713759;0.1;False;ok;2;1;5.502;
3484;-2.02757849;40.81713759;0.1;False;ok;7;1;3.269;
3485;-2.02757849;40.91713759;0.1;False;ok;1;1;3.166;
3486;-2.02757849;41.41713759;0.1;False;ok;2;1;5.667;
3487;-1.92757849;38.21713759;0.1;False;ok;8;1;5.719;
3488;-1.92757849;38.41713759;0.1;False;ok;0;1;6.365;
3489;-1.92757849;38.91713759;0.1;False;ok;74;1;3.373;
3490;-1.92757849;39.31713759;0.1;False;ok;1;1;3.140;
3491;-1.92757849;39.51713759;0.1;False;ok;5;1;3.156;
3492;-1.92757849;39.71713759;0.1;False;ok;1;1;5.698;
3493;-1.92757849;39.81713759;0.1;False;ok;1;1;3.138;
3494;-1.92757849;39.91713759;0.1;False;ok;1;1;5.730;
3495;-1.92757849;40.11713759;0.1;False;ok;0;1;6.368;
3496;-1.92757849;40.31713759;0.1;False;ok;22;1;5.555;
3497;-1.92757849;40.41713759;0.1;False;ok;2;1;3.172;
3498;-1.92757849;40.51713759;0.1;False;ok;6;1;5.716;
3499;-1.92757849;40.61713759;0.1;False;ok;1;1;3.154;
3500;-1.92757849;40.71713759;0.1;False;ok;1;1;5.783;
3501;-1.92757849;40.81713759;0.1;False;ok;14;1;3.201;
3502;-1.92757849;41.11713759;0.1;False;ok;10;1;5.746;
3503;-1.92757849;41.21713759;0.1;False;ok;29;1;3.219;
3504;-1.92757849;41.41713759;0.1;False;ok;1;1;3.134;
3505;-1.92757849;41.51713759;0.1;False;ok;1;1;3.025;
3506;-1.82757849;38.91713759;0.1;False;ok;3;1;5.748;
3507;-1.82757849;39.11713759;0.1;False;ok;2;1;5.817;
3508;-1.82757849;39.51713759;0.1;False;ok;5;1;5.917;
3509;-1.82757849;39.81713759;0.1;False;ok;11;1;6.075;
3510;-1.82757849;39.91713759;0.1;False;ok;3;1;5.875;
3511;-1.82757849;40.21713759;0.1;False;ok;2;1;5.888;
3512;-1.82757849;40.51713759;0.1;False;ok;1;1;3.002;
3513;-1.82757849;40.61713759;0.1;False;ok;1;1;2.997;
3514;-1.82757849;41.11713759;0.1;False;ok;15;1;6.033;
3515;-1.82757849;41.21713759;0.1;False;ok;6;1;6.165;
3516;-1.82757849;41.31713759;0.1;False;ok;10;1;3.118;
3517;-1.82757849;41.41713759;0.1;False;ok;1;1;3.068;
3518;-1.82757849;41.61713759;0.1;False;ok;1;1;3.022;
3519;-1.72757849;38.21713759;0.1;False;ok;8;1;5.892;
3520;-1.72757849;38.41713759;0.1;False;ok;11;1;3.094;
3521;-1.72757849;38.51713759;0.1;False;ok;3;1;5.978;
3522;-1.72757849;38.81713759;0.1;False;ok;3;1;5.942;
3523;-1.72757849;38.91713759;0.1;False;ok;4;1;5.710;
3524;-1.72757849;39.01713759;0.1;False;ok;4;1;6.226;
3525;-1.72757849;39.11713759;0.1;False;ok;13;1;3.095;
3526;-1.72757849;39.21713759;0.1;False;ok;1;1;3.111;
3527;-1.72757849;39.41713759;0.1;False;ok;3;1;5.952;
3528;-1.72757849;39.51713759;0.1;False;ok;2;1;3.056;
3529;-1.72757849;39.71713759;0.1;False;ok;5;1;3.053;
3530;-1.72757849;39.81713759;0.1;False;ok;1;1;3.041;
3531;-1.72757849;40.01713759;0.1;False;ok;6;1;6.013;
3532;-1.72757849;40.11713759;0.1;False;ok;8;1;6.170;
3533;-1.72757849;40.31713759;0.1;False;ok;6;1;3.081;
3534;-1.72757849;40.41713759;0.1;False;ok;3;1;5.861;
3535;-1.72757849;40.51713759;0.1;False;ok;8;1;5.937;
3536;-1.72757849;40.71713759;0.1;False;ok;1;1;5.572;
3537;-1.72757849;40.81713759;0.1;False;ok;2;1;5.655;
3538;-1.72757849;41.21713759;0.1;False;ok;11;1;3.150;
3539;-1.72757849;41.31713759;0.1;False;ok;32;1;3.158;
3540;-1.72757849;41.41713759;0.1;False;ok;2;1;5.936;
3541;-1.72757849;41.51713759;0.1;False;ok;2;1;5.903;
3542;-1.72757849;41.61713759;0.1;False;ok;0;1;3.790;
3543;-1.62757849;38.51713759;0.1;False;ok;1;1;3.141;
3544;-1.62757849;38.81713759;0.1;False;ok;1;1;3.073;
3545;-1.62757849;38.91713759;0.1;False;ok;1;1;5.814;
3546;-1.62757849;39.11713759;0.1;False;ok;5;1;3.018;
3547;-1.62757849;39.21713759;0.1;False;ok;4;1;5.529;
3548;-1.62757849;39.31713759;0.1;False;ok;8;1;5.824;
3549;-1.62757849;39.51713759;0.1;False;ok;2;1;5.685;
3550;-1.62757849;39.61713759;0.1;False;ok;5;1;5.436;
3551;-1.62757849;39.91713759;0.1;False;ok;0;1;3.695;
3552;-1.62757849;40.21713759;0.1;False;ok;0;1;3.803;
3553;-1.62757849;40.31713759;0.1;False;ok;3;1;5.473;
3554;-1.62757849;40.41713759;0.1;False;ok;24;1;3.097;
3555;-1.62757849;40.81713759;0.1;False;ok;1;1;2.966;
3556;-1.62757849;40.91713759;0.1;False;ok;1;1;5.859;
3557;-1.62757849;41.21713759;0.1;False;ok;4;1;5.779;
3558;-1.62757849;41.31713759;0.1;False;ok;4;1;5.735;
3559;-1.62757849;41.41713759;0.1;False;ok;2;1;3.799;
3560;-1.62757849;41.51713759;0.1;False;ok;1;1;5.668;
3561;-1.52757849;38.21713759;0.1;False;ok;1;1;3.031;
3562;-1.52757849;38.61713759;0.1;False;ok;4;1;5.587;
3563;-1.52757849;38.81713759;0.1;False;ok;0;1;6.205;
3564;-1.52757849;38.91713759;0.1;False;ok;2;1;5.382;
3565;-1.52757849;39.11713759;0.1;False;ok;75;1;3.303;
3566;-1.52757849;39.21713759;0.1;False;ok;6;1;5.391;
3567;-1.52757849;39.51713759;0.1;False;ok;7;1;5.582;
3568;-1.52757849;40.01713759;0.1;False;ok;2;1;3.108;
3569;-1.52757849;40.21713759;0.1;False;ok;3;1;3.154;
3570;-1.52757849;40.31713759;0.1;False;ok;74;1;3.251;
3571;-1.52757849;40.41713759;0.1;False;ok;5;1;5.574;
3572;-1.52757849;40.51713759;0.1;False;ok;0;1;3.868;
3573;-1.52757849;40.81713759;0.1;False;ok;0;1;6.306;
3574;-1.52757849;40.91713759;0.1;False;ok;3;1;5.648;
3575;-1.52757849;41.11713759;0.1;False;ok;3;1;5.504;
3576;-1.42757849;38.21713759;0.1;False;ok;5;1;3.088;
3577;-1.42757849;38.41713759;0.1;False;ok;5;1;5.176;
3578;-1.42757849;38.61713759;0.1;False;ok;0;1;3.904;
3579;-1.42757849;39.01713759;0.1;False;ok;6;1;3.139;
3580;-1.42757849;39.11713759;0.1;False;ok;42;1;5.449;
3581;-1.42757849;39.21713759;0.1;False;ok;13;1;3.299;
3582;-1.42757849;39.31713759;0.1;False;ok;2;1;5.569;
3583;-1.42757849;39.41713759;0.1;False;ok;8;1;5.676;
3584;-1.42757849;39.71713759;0.1;False;ok;0;1;6.187;
3585;-1.42757849;39.81713759;0.1;False;ok;1;1;5.466;
3586;-1.42757849;39.91713759;0.1;False;ok;3;1;3.221;
3587;-1.42757849;40.01713759;0.1;False;ok;0;1;3.887;
3588;-1.42757849;40.11713759;0.1;False;ok;5;1;5.369;
3589;-1.42757849;40.21713759;0.1;False;ok;3;1;3.084;
3590;-1.42757849;40.31713759;0.1;False;ok;10;1;5.493;
3591;-1.42757849;40.71713759;0.1;False;ok;5;1;5.259;
3592;-1.42757849;40.81713759;0.1;False;ok;4;1;5.218;
3593;-1.42757849;41.01713759;0.1;False;ok;7;1;5.188;
3594;-1.42757849;41.11713759;0.1;False;ok;2;1;3.161;
3595;-1.42757849;41.41713759;0.1;False;ok;2;1;5.450;
3596;-1.32757849;38.31713759;0.1;False;ok;0;1;3.856;
3597;-1.32757849;38.41713759;0.1;False;ok;1;1;3.133;
3598;-1.32757849;38.71713759;0.1;False;ok;1;1;5.321;
3599;-1.32757849;38.91713759;0.1;False;ok;4;1;3.095;
3600;-1.32757849;39.01713759;0.1;False;ok;4;1;5.336;
3601;-1.32757849;39.11713759;0.1;False;ok;2;1;5.500;
3602;-1.32757849;39.21713759;0.1;False;ok;0;1;3.819;
3603;-1.32757849;39.31713759;0.1;False;ok;1;1;3.050;
3604;-1.32757849;39.41713759;0.1;False;ok;1;1;5.572;
3605;-1.32757849;39.51713759;0.1;False;ok;6;1;5.555;
3606;-1.32757849;39.71713759;0.1;False;ok;2;1;5.709;
3607;-1.32757849;39.81713759;0.1;False;ok;5;1;5.622;
3608;-1.32757849;39.91713759;0.1;False;ok;3;1;3.151;
3609;-1.32757849;40.01713759;0.1;False;ok;14;1;5.573;
3610;-1.32757849;40.11713759;0.1;False;ok;10;1;3.220;
3611;-1.32757849;40.21713759;0.1;False;ok;2;1;5.543;
3612;-1.32757849;40.31713759;0.1;False;ok;5;1;3.156;
3613;-1.32757849;40.41713759;0.1;False;ok;16;1;5.586;
3614;-1.32757849;40.51713759;0.1;False;ok;5;1;5.850;
3615;-1.32757849;40.61713759;0.1;False;ok;1;1;3.142;
3616;-1.32757849;40.81713759;0.1;False;ok;1;1;5.738;
3617;-1.32757849;40.91713759;0.1;False;ok;9;1;5.589;
3618;-1.32757849;41.01713759;0.1;False;ok;2;1;3.163;
3619;-1.32757849;41.41713759;0.1;False;ok;1;1;3.194;
3620;-1.32757849;41.51713759;0.1;False;ok;0;1;6.382;
3621;-1.32757849;41.61713759;0.1;False;ok;7;1;5.564;
3622;-1.22757849;38.21713759;0.1;False;ok;4;1;5.682;
3623;-1.22757849;38.31713759;0.1;False;ok;2;1;3.152;
3624;-1.22757849;38.41713759;0.1;False;ok;1;1;5.479;
3625;-1.22757849;38.61713759;0.1;False;ok;4;1;3.161;
3626;-1.22757849;38.91713759;0.1;False;ok;1;1;3.130;
3627;-1.22757849;39.21713759;0.1;False;ok;0;1;3.853;
3628;-1.22757849;39.41713759;0.1;False;ok;2;1;5.764;
3629;-1.22757849;39.51713759;0.1;False;ok;8;1;5.834;
3630;-1.22757849;39.91713759;0.1;False;ok;3;1;3.147;
3631;-1.22757849;40.01713759;0.1;False;ok;2;1;6.009;
3632;-1.22757849;40.21713759;0.1;False;ok;8;1;5.709;
3633;-1.22757849;40.31713759;0.1;False;ok;10;1;3.127;
3634;-1.22757849;40.61713759;0.1;False;ok;4;1;5.777;
3635;-1.22757849;41.31713759;0.1;False;ok;6;1;5.640;
3636;-1.12757849;38.21713759;0.1;False;ok;2;1;3.059;
3637;-1.12757849;38.31713759;0.1;False;ok;12;1;5.864;
3638;-1.12757849;38.41713759;0.1;False;ok;7;1;3.027;
3639;-1.12757849;38.51713759;0.1;False;ok;21;1;5.787;
3640;-1.12757849;38.61713759;0.1;False;ok;4;1;3.067;
3641;-1.12757849;38.81713759;0.1;False;ok;28;1;5.907;
3642;-1.12757849;38.91713759;0.1;False;ok;1;1;5.553;
3643;-1.12757849;39.01713759;0.1;False;ok;14;1;3.028;
3644;-1.12757849;39.11713759;0.1;False;ok;6;1;6.156;
3645;-1.12757849;39.21713759;0.1;False;ok;3;1;3.073;
3646;-1.12757849;39.31713759;0.1;False;ok;3;1;3.078;
3647;-1.12757849;39.41713759;0.1;False;ok;27;1;6.111;
3648;-1.12757849;39.71713759;0.1;False;ok;0;1;6.714;
3649;-1.12757849;39.81713759;0.1;False;ok;3;1;6.080;
3650;-1.12757849;39.91713759;0.1;False;ok;2;1;3.079;
3651;-1.12757849;40.11713759;0.1;False;ok;16;1;3.065;
3652;-1.12757849;40.21713759;0.1;False;ok;2;1;3.028;
3653;-1.12757849;40.31713759;0.1;False;ok;75;1;6.111;
3654;-1.12757849;40.41713759;0.1;False;ok;4;1;6.221;
3655;-1.12757849;40.51713759;0.1;False;ok;2;1;5.748;
3656;-1.12757849;41.01713759;0.1;False;ok;1;1;3.037;
3657;-1.02757849;38.21713759;0.1;False;ok;11;1;5.962;
3658;-1.02757849;38.31713759;0.1;False;ok;5;1;3.000;
3659;-1.02757849;38.41713759;0.1;False;ok;8;1;5.893;
3660;-1.02757849;38.61713759;0.1;False;ok;13;1;2.989;
3661;-1.02757849;39.21713759;0.1;False;ok;4;1;5.781;
3662;-1.02757849;39.31713759;0.1;False;ok;1;1;5.969;
3663;-1.02757849;39.41713759;0.1;False;ok;2;1;2.992;
3664;-1.02757849;39.51713759;0.1;False;ok;7;1;5.927;
3665;-1.02757849;39.71713759;0.1;False;ok;8;1;6.196;
3666;-1.02757849;39.81713759;0.1;False;ok;8;1;3.076;
3667;-1.02757849;39.91713759;0.1;False;ok;3;1;5.994;
3668;-1.02757849;40.11713759;0.1;False;ok;2;1;3.028;
3669;-1.02757849;40.21713759;0.1;False;ok;5;1;2.996;
3670;-1.02757849;40.81713759;0.1;False;ok;1;1;3.021;
3671;-1.02757849;41.31713759;0.1;False;ok;2;1;5.878;
3672;-1.02757849;41.51713759;0.1;False;ok;4;1;3.071;
3673;-1.02757849;41.61713759;0.1;False;ok;20;1;6.010;
3674;-0.92757849;38.21713759;0.1;False;ok;3;1;5.857;
3675;-0.92757849;38.31713759;0.1;False;ok;9;1;6.193;
3676;-0.92757849;38.41713759;0.1;False;ok;9;1;3.091;
3677;-0.92757849;38.51713759;0.1;False;ok;6;1;3.025;
3678;-0.92757849;38.61713759;0.1;False;ok;22;1;3.119;
3679;-0.92757849;38.91713759;0.1;False;ok;0;1;6.723;
3680;-0.92757849;39.31713759;0.1;False;ok;2;1;5.894;
3681;-0.92757849;39.41713759;0.1;False;ok;10;1;6.238;
3682;-0.92757849;39.51713759;0.1;False;ok;1;1;3.006;
3683;-0.92757849;39.61713759;0.1;False;ok;53;1;6.316;
3684;-0.92757849;40.01713759;0.1;False;ok;8;1;6.103;
3685;-0.92757849;40.11713759;0.1;False;ok;2;1;2.992;
3686;-0.92757849;40.31713759;0.1;False;ok;4;1;5.906;
3687;-0.92757849;40.61713759;0.1;False;ok;3;1;3.106;
3688;-0.92757849;40.71713759;0.1;False;ok;1;1;5.831;
3689;-0.92757849;40.81713759;0.1;False;ok;1;1;2.978;
3690;-0.92757849;41.01713759;0.1;False;ok;1;1;5.656;
3691;-0.92757849;41.21713759;0.1;False;ok;3;1;5.685;
3692;-0.92757849;41.61713759;0.025;False;ok;6;1;3.105;
3693;-0.92757849;41.64213759;0.025;False;ok;24;1;5.738;
3694;-0.92757849;41.66713759;0.05;False;ok;6;1;3.063;
3695;-0.90257849;41.61713759;0.025;False;ok;22;1;3.139;
3696;-0.90257849;41.64213759;0.0125;False;ok;32;1;5.664;
3697;-0.90257849;41.65463759;0.0125;False;ok;25;1;3.212;
3698;-0.89007849;41.64213759;0.0125;False;ok;75;1;5.682;
3699;-0.89007849;41.65463759;0.0125;False;ok;75;1;3.362;
3700;-0.87757849;41.61713759;0.05;False;ok;75;1;5.852;
3701;-0.87757849;41.66713759;0.05;False;ok;7;1;3.122;
3702;-0.82757849;38.21713759;0.1;False;ok;18;1;5.554;
3703;-0.82757849;38.31713759;0.1;False;ok;32;1;3.277;
3704;-0.82757849;38.41713759;0.1;False;ok;18;1;3.191;
3705;-0.82757849;38.51713759;0.1;False;ok;4;1;5.400;
3706;-0.82757849;38.61713759;0.1;False;ok;24;1;3.271;
3707;-0.82757849;38.71713759;0.1;False;ok;4;1;5.601;
3708;-0.82757849;38.81713759;0.1;False;ok;7;1;5.538;
3709;-0.82757849;38.91713759;0.1;False;ok;4;1;5.496;
3710;-0.82757849;39.01713759;0.1;False;ok;4;1;5.538;
3711;-0.82757849;39.31713759;0.1;False;ok;18;1;5.756;
3712;-0.82757849;39.41713759;0.1;False;ok;8;1;3.143;
3713;-0.82757849;39.51713759;0.1;False;ok;0;1;3.865;
3714;-0.82757849;39.71713759;0.1;False;ok;3;1;5.579;
3715;-0.82757849;39.91713759;0.1;False;ok;0;1;6.336;
3716;-0.82757849;40.01713759;0.1;False;ok;9;1;3.210;
3717;-0.82757849;40.11713759;0.1;False;ok;6;1;5.539;
3718;-0.82757849;40.21713759;0.1;False;ok;45;1;5.536;
3719;-0.82757849;40.31713759;0.1;False;ok;2;1;3.106;
3720;-0.82757849;40.41713759;0.1;False;ok;4;1;3.149;
3721;-0.82757849;40.51713759;0.1;False;ok;0;1;6.279;
3722;-0.82757849;40.61713759;0.1;False;ok;3;1;5.466;
3723;-0.82757849;41.21713759;0.1;False;ok;11;1;3.104;
3724;-0.82757849;41.51713759;0.1;False;ok;2;1;5.410;
3725;-0.82757849;41.61713759;0.1;False;ok;5;1;3.127;
3726;-0.72757849;38.21713759;0.1;False;ok;68;1;5.835;
3727;-0.72757849;38.31713759;0.1;False;ok;7;1;3.171;
3728;-0.72757849;38.41713759;0.1;False;ok;7;1;3.171;
3729;-0.72757849;38.51713759;0.1;False;ok;12;1;5.595;
3730;-0.72757849;38.61713759;0.1;False;ok;23;1;3.283;
3731;-0.72757849;38.71713759;0.1;False;ok;5;1;3.153;
3732;-0.72757849;38.81713759;0.1;False;ok;6;1;5.683;
3733;-0.72757849;38.91713759;0.1;False;ok;7;1;5.720;
3734;-0.72757849;39.01713759;0.1;False;ok;56;1;5.759;
3735;-0.72757849;39.21713759;0.1;False;ok;0;1;6.516;
3736;-0.72757849;39.31713759;0.1;False;ok;21;1;5.774;
3737;-0.72757849;39.41713759;0.1;False;ok;10;1;3.205;
3738;-0.72757849;39.51713759;0.1;False;ok;9;1;5.650;
3739;-0.72757849;39.61713759;0.1;False;ok;13;1;3.207;
3740;-0.72757849;39.91713759;0.1;False;ok;6;1;5.533;
3741;-0.72757849;40.01713759;0.1;False;ok;13;1;5.392;
3742;-0.72757849;40.11713759;0.1;False;ok;20;1;5.549;
3743;-0.72757849;40.21713759;0.1;False;ok;4;1;3.030;
3744;-0.72757849;40.31713759;0.1;False;ok;17;1;3.070;
3745;-0.72757849;40.41713759;0.1;False;ok;6;1;3.128;
3746;-0.72757849;40.51713759;0.1;False;ok;4;1;3.106;
3747;-0.72757849;40.61713759;0.1;False;ok;3;1;5.731;
3748;-0.72757849;40.81713759;0.1;False;ok;3;1;5.631;
3749;-0.72757849;40.91713759;0.1;False;ok;2;1;5.587;
3750;-0.72757849;41.01713759;0.1;False;ok;2;1;3.116;
3751;-0.72757849;41.11713759;0.1;False;ok;4;1;5.613;
3752;-0.72757849;41.31713759;0.1;False;ok;2;1;3.051;
3753;-0.72757849;41.51713759;0.1;False;ok;4;1;5.380;
3754;-0.62757849;38.21713759;0.1;False;ok;74;1;3.352;
3755;-0.62757849;38.31713759;0.1;False;ok;13;1;3.201;
3756;-0.62757849;38.41713759;0.1;False;ok;11;1;5.705;
3757;-0.62757849;38.51713759;0.1;False;ok;8;1;5.800;
3758;-0.62757849;38.61713759;0.1;False;ok;14;1;5.956;
3759;-0.62757849;38.71713759;0.1;False;ok;33;1;3.223;
3760;-0.62757849;38.81713759;0.1;False;ok;24;1;3.320;
3761;-0.62757849;39.01713759;0.1;False;ok;5;1;5.724;
3762;-0.62757849;39.11713759;0.1;False;ok;2;1;5.763;
3763;-0.62757849;39.21713759;0.1;False;ok;10;1;5.720;
3764;-0.62757849;39.31713759;0.1;False;ok;15;1;5.945;
3765;-0.62757849;39.41713759;0.1;False;ok;23;1;5.805;
3766;-0.62757849;39.51713759;0.1;False;ok;30;1;3.170;
3767;-0.62757849;39.61713759;0.1;False;ok;18;1;3.236;
3768;-0.62757849;39.81713759;0.1;False;ok;12;1;5.961;
3769;-0.62757849;39.91713759;0.1;False;ok;18;1;3.136;
3770;-0.62757849;40.01713759;0.1;False;ok;8;1;3.052;
3771;-0.62757849;40.11713759;0.1;False;ok;18;1;6.126;
3772;-0.62757849;40.31713759;0.1;False;ok;23;1;5.987;
3773;-0.62757849;40.61713759;0.1;False;ok;2;1;5.951;
3774;-0.62757849;40.71713759;0.1;False;ok;3;1;3.062;
3775;-0.62757849;40.81713759;0.1;False;ok;3;1;3.012;
3776;-0.62757849;41.41713759;0.1;False;ok;1;1;5.783;
3777;-0.52757849;38.21713759;0.0125;False;ok;74;1;5.945;
3778;-0.52757849;38.22963759;0.0125;False;ok;73;1;3.258;
3779;-0.52757849;38.24213759;0.00625;False;ok;5;1;3.050;
3780;-0.52757849;38.24838759;0.00625;False;ok;30;1;5.613;
3781;-0.52757849;38.25463759;0.0125;False;ok;42;1;6.195;
3782;-0.52757849;38.26713759;0.05;False;ok;27;1;3.110;
3783;-0.52757849;38.31713759;0.025;False;ok;11;1;3.126;
3784;-0.52757849;38.34213759;0.025;False;ok;9;1;5.934;
3785;-0.52757849;38.36713759;0.05;False;ok;50;1;6.052;
3786;-0.52757849;38.41713759;0.1;False;ok;70;1;3.215;
3787;-0.52757849;38.51713759;0.1;False;ok;7;1;6.091;
3788;-0.52757849;38.61713759;0.1;False;ok;19;1;3.075;
3789;-0.52757849;38.71713759;0.1;False;ok;11;1;6.229;
3790;-0.52757849;38.81713759;0.1;False;ok;8;1;5.988;
3791;-0.52757849;38.91713759;0.1;False;ok;38;1;6.030;
3792;-0.52757849;39.01713759;0.1;False;ok;9;1;5.819;
3793;-0.52757849;39.11713759;0.1;False;ok;32;1;3.028;
3794;-0.52757849;39.21713759;0.1;False;ok;12;1;2.976;
3795;-0.52757849;39.31713759;0.1;False;ok;19;1;3.085;
3796;-0.52757849;39.41713759;0.1;False;ok;72;1;3.206;
3797;-0.52757849;39.51713759;0.1;False;ok;51;1;5.918;
3798;-0.52757849;39.61713759;0.1;False;ok;14;1;5.776;
3799;-0.52757849;39.71713759;0.1;False;ok;5;1;5.836;
3800;-0.52757849;39.81713759;0.1;False;ok;59;1;3.138;
3801;-0.52757849;39.91713759;0.1;False;ok;3;1;3.027;
3802;-0.52757849;40.01713759;0.1;False;ok;23;1;6.103;
3803;-0.52757849;40.11713759;0.1;False;ok;4;1;5.957;
3804;-0.52757849;40.21713759;0.1;False;ok;8;1;3.001;
3805;-0.52757849;40.31713759;0.1;False;ok;10;1;3.015;
3806;-0.52757849;40.41713759;0.1;False;ok;4;1;5.687;
3807;-0.52757849;40.71713759;0.1;False;ok;5;1;5.879;
3808;-0.52757849;40.81713759;0.1;False;ok;8;1;5.636;
3809;-0.52757849;40.91713759;0.1;False;ok;4;1;3.016;
3810;-0.52757849;41.11713759;0.1;False;ok;11;1;5.930;
3811;-0.52757849;41.41713759;0.1;False;ok;1;1;2.966;
3812;-0.52132849;38.24213759;0.00625;False;ok;65;1;6.152;
3813;-0.52132849;38.24838759;0.00625;False;ok;74;1;3.299;
3814;-0.50257849;38.31713759;0.025;False;ok;64;1;3.216;
3815;-0.50257849;38.34213759;0.0125;False;ok;75;1;6.137;
3816;-0.50257849;38.35463759;0.0125;False;ok;16;1;5.961;
3817;-0.49007849;38.34213759;0.003125;False;ok;17;1;6.303;
3818;-0.49007849;38.34526259;0.003125;False;ok;55;1;6.352;
3819;-0.49007849;38.34838759;0.00625;False;ok;75;1;3.327;
3820;-0.49007849;38.35463759;0.0125;False;ok;74;1;3.201;
3821;-0.48695349;38.34213759;0.003125;False;ok;75;1;6.233;
3822;-0.48695349;38.34526259;0.003125;False;ok;73;1;6.018;
3823;-0.48382849;38.34213759;0.003125;False;ok;75;1;3.443;
3824;-0.48382849;38.34526259;0.0015625;False;ok;70;1;6.270;
3825;-0.48382849;38.34682509;0.0015625;False;ok;43;1;3.234;
3826;-0.48382849;38.34838759;0.00625;False;ok;75;1;6.123;
3827;-0.48226599;38.34526259;0.0015625;False;ok;73;1;3.541;
3828;-0.48226599;38.34682509;0.0015625;False;ok;31;1;3.347;
3829;-0.48070349;38.34213759;0.003125;False;ok;31;1;5.910;
3830;-0.48070349;38.34526259;0.003125;False;ok;67;1;6.192;
3831;-0.47757849;38.34213759;0.025;False;ok;73;1;3.338;
3832;-0.47757849;38.36713759;0.05;False;ok;50;1;3.332;
3833;-0.45257849;38.34213759;0.025;False;ok;74;1;6.063;
3834;-0.42757849;38.31713759;0.05;False;ok;73;1;6.009;
3835;-0.42757849;38.36713759;0.0125;False;ok;36;1;5.984;
3836;-0.42757849;38.37963759;0.0125;False;ok;28;1;3.284;
3837;-0.42757849;38.39213759;0.025;False;ok;72;1;3.640;
3838;-0.42757849;38.41713759;0.025;False;ok;6;1;5.742;
3839;-0.42757849;38.46713759;0.05;False;ok;7;1;5.754;
3840;-0.42757849;38.51713759;0.1;False;ok;6;1;5.443;
3841;-0.42757849;38.61713759;0.1;False;ok;11;1;5.454;
3842;-0.42757849;38.71713759;0.1;False;ok;10;1;3.216;
3843;-0.42757849;38.81713759;0.1;False;ok;13;1;3.256;
3844;-0.42757849;38.91713759;0.1;False;ok;0;1;6.423;
3845;-0.42757849;39.01713759;0.1;False;ok;11;1;3.198;
3846;-0.42757849;39.11713759;0.1;False;ok;28;1;3.184;
3847;-0.42757849;39.21713759;0.1;False;ok;4;1;5.483;
3848;-0.42757849;39.31713759;0.1;False;ok;22;1;5.599;
3849;-0.42757849;39.41713759;0.05;False;ok;74;1;5.735;
3850;-0.42757849;39.46713759;0.025;False;ok;45;1;3.226;
3851;-0.42757849;39.49213759;0.025;False;ok;36;1;5.915;
3852;-0.42757849;39.51713759;0.1;False;ok;24;1;3.171;
3853;-0.42757849;39.61713759;0.1;False;ok;20;1;5.496;
3854;-0.42757849;39.71713759;0.1;False;ok;14;1;3.094;
3855;-0.42757849;39.81713759;0.1;False;ok;9;1;3.152;
3856;-0.42757849;39.91713759;0.1;False;ok;6;1;5.664;
3857;-0.42757849;40.11713759;0.1;False;ok;17;1;3.107;
3858;-0.42757849;40.21713759;0.1;False;ok;2;1;3.040;
3859;-0.42757849;40.51713759;0.1;False;ok;15;1;5.523;
3860;-0.42757849;40.61713759;0.1;False;ok;12;1;5.792;
3861;-0.42757849;40.81713759;0.1;False;ok;4;1;5.642;
3862;-0.42757849;41.31713759;0.1;False;ok;4;1;5.504;
3863;-0.42757849;41.61713759;0.1;False;ok;1;1;5.414;
3864;-0.41507849;38.36713759;0.0125;False;ok;50;1;5.594;
3865;-0.41507849;38.37963759;0.0125;False;ok;75;1;5.718;
3866;-0.40257849;38.39213759;0.025;False;ok;53;1;3.191;
3867;-0.40257849;38.41713759;0.0125;False;ok;74;1;3.378;
3868;-0.40257849;38.42963759;0.0125;False;ok;12;1;3.161;
3869;-0.40257849;38.44213759;0.025;False;ok;8;1;3.082;
3870;-0.40257849;39.46713759;0.0125;False;ok;73;1;5.703;
3871;-0.40257849;39.47963759;0.0125;False;ok;36;1;5.521;
3872;-0.40257849;39.49213759;0.025;False;ok;49;1;3.233;
3873;-0.39007849;38.41713759;0.0125;False;ok;29;1;3.250;
3874;-0.39007849;38.42963759;0.0125;False;ok;23;1;5.591;
3875;-0.39007849;39.46713759;0.00625;False;ok;35;1;5.566;
3876;-0.39007849;39.47338759;0.00625;False;ok;51;1;5.517;
3877;-0.39007849;39.47963759;0.0125;False;ok;72;1;5.595;
3878;-0.38382849;39.46713759;0.00625;False;ok;74;1;3.362;
3879;-0.38382849;39.47338759;0.00625;False;ok;74;1;3.443;
3880;-0.37757849;38.41713759;0.05;False;ok;65;1;5.505;
3881;-0.37757849;38.46713759;0.05;False;ok;30;1;3.249;
3882;-0.37757849;39.44213759;0.0125;False;ok;46;1;3.305;
3883;-0.37757849;39.45463759;0.00625;False;ok;63;1;5.595;
3884;-0.37757849;39.46088759;0.00625;False;ok;72;1;5.872;
3885;-0.37757849;39.46713759;0.00625;False;ok;75;1;6.062;
3886;-0.37757849;39.47338759;0.00625;False;ok;75;1;3.443;
3887;-0.37757849;39.47963759;0.0125;False;ok;75;1;3.467;
3888;-0.37757849;39.49213759;0.025;False;ok;44;1;5.797;
3889;-0.37132849;39.45463759;0.00625;False;ok;73;1;5.674;
3890;-0.37132849;39.46088759;0.00625;False;ok;62;1;5.667;
3891;-0.37132849;39.46713759;0.00625;False;ok;15;1;5.407;
3892;-0.37132849;39.47338759;0.00625;False;ok;17;1;3.090;
3893;-0.36507849;39.44213759;0.0125;False;ok;21;1;5.343;
3894;-0.36507849;39.45463759;0.0125;False;ok;74;1;5.624;
3895;-0.36507849;39.46713759;0.0125;False;ok;62;1;3.177;
3896;-0.36507849;39.47963759;0.0125;False;ok;31;1;3.207;
3897;-0.35257849;39.44213759;0.0125;False;ok;2;1;5.687;
3898;-0.35257849;39.45463759;0.0125;False;ok;75;1;3.333;
3899;-0.35257849;39.46713759;0.0125;False;ok;75;1;5.850;
3900;-0.35257849;39.49213759;0.025;False;ok;5;1;5.566;
3901;-0.34007849;39.44213759;0.0125;False;ok;60;1;3.117;
3902;-0.34007849;39.45463759;0.0125;False;ok;74;1;3.267;
3903;-0.34007849;39.46713759;0.0125;False;ok;75;1;5.812;
3904;-0.34007849;39.47963759;0.0125;False;ok;41;1;5.478;
3905;-0.32757849;38.46713759;0.05;False;ok;53;1;3.156;
3906;-0.32757849;38.51713759;0.1;False;ok;22;1;5.430;
3907;-0.32757849;38.61713759;0.1;False;ok;8;1;2.985;
3908;-0.32757849;38.71713759;0.1;False;ok;7;1;3.009;
3909;-0.32757849;38.81713759;0.1;False;ok;9;1;5.756;
3910;-0.32757849;38.91713759;0.1;False;ok;18;1;6.076;
3911;-0.32757849;39.01713759;0.1;False;ok;20;1;2.989;
3912;-0.32757849;39.11713759;0.05;False;ok;6;1;6.045;
3913;-0.32757849;39.21713759;0.1;False;ok;74;1;6.097;
3914;-0.32757849;39.31713759;0.1;False;ok;12;1;5.858;
3915;-0.32757849;39.41713759;0.05;False;ok;39;1;5.870;
3916;-0.32757849;39.46713759;0.025;False;ok;74;1;3.352;
3917;-0.32757849;39.49213759;0.025;False;ok;60;1;3.187;
3918;-0.32757849;39.51713759;0.1;False;ok;70;1;5.837;
3919;-0.32757849;39.61713759;0.1;False;ok;65;1;5.732;
3920;-0.32757849;39.71713759;0.1;False;ok;7;1;3.010;
3921;-0.32757849;39.81713759;0.1;False;ok;19;1;5.419;
3922;-0.32757849;39.91713759;0.1;False;ok;7;1;3.111;
3923;-0.32757849;40.01713759;0.1;False;ok;2;1;3.003;
3924;-0.32757849;40.11713759;0.1;False;ok;10;1;5.761;
3925;-0.32757849;40.21713759;0.1;False;ok;7;1;3.056;
3926;-0.32757849;40.41713759;0.1;False;ok;25;1;5.899;
3927;-0.32757849;40.51713759;0.1;False;ok;11;1;5.624;
3928;-0.32757849;40.61713759;0.1;False;ok;3;1;5.636;
3929;-0.32757849;40.71713759;0.1;False;ok;9;1;3.017;
3930;-0.32757849;40.81713759;0.1;False;ok;2;1;2.966;
3931;-0.32757849;40.91713759;0.1;False;ok;7;1;5.554;
3932;-0.32757849;41.01713759;0.1;False;ok;6;1;3.042;
3933;-0.32757849;41.21713759;0.1;False;ok;1;1;5.692;
3934;-0.32757849;41.61713759;0.1;False;ok;2;1;3.017;
3935;-0.27757849;38.49213759;0.025;False;ok;73;1;3.217;
3936;-0.27757849;39.14213759;0.025;False;ok;16;1;6.140;
3937;-0.27757849;39.16713759;0.05;False;ok;74;1;3.314;
3938;-0.25257849;38.49213759;0.0125;False;ok;19;1;6.122;
3939;-0.25257849;39.11713759;0.025;False;ok;10;1;5.938;
3940;-0.25257849;39.15463759;0.00625;False;ok;1;1;5.845;
3941;-0.25257849;39.16088759;0.00625;False;ok;28;1;6.077;
3942;-0.24632849;39.15463759;0.00625;False;ok;19;1;3.019;
3943;-0.24632849;39.16088759;0.00625;False;ok;71;1;3.117;
3944;-0.24007849;38.49213759;0.0125;False;ok;75;1;6.181;
3945;-0.24007849;38.50463759;0.0125;False;ok;74;1;5.926;
3946;-0.24007849;39.14213759;0.0125;False;ok;2;1;5.545;
3947;-0.22757849;38.41713759;0.1;False;ok;72;1;3.223;
3948;-0.22757849;38.51713759;0.05;False;ok;75;1;5.600;
3949;-0.22757849;38.56713759;0.05;False;ok;15;1;3.099;
3950;-0.22757849;38.61713759;0.1;False;ok;49;1;3.144;
3951;-0.22757849;38.71713759;0.1;False;ok;6;1;5.375;
3952;-0.22757849;38.81713759;0.1;False;ok;49;1;5.729;
3953;-0.22757849;38.91713759;0.05;False;ok;42;1;3.130;
3954;-0.22757849;38.96713759;0.05;False;ok;53;1;5.593;
3955;-0.22757849;39.01713759;0.1;False;ok;70;1;5.538;
3956;-0.22757849;39.11713759;0.1;False;ok;74;1;3.384;
3957;-0.22757849;39.61713759;0.05;False;ok;73;1;3.306;
3958;-0.22757849;39.66713759;0.05;False;ok;72;1;5.869;
3959;-0.22757849;39.71713759;0.1;False;ok;73;1;3.377;
3960;-0.22757849;39.91713759;0.1;False;ok;2;1;3.145;
3961;-0.22757849;40.01713759;0.1;False;ok;7;1;5.594;
3962;-0.22757849;40.11713759;0.1;False;ok;4;1;5.696;
3963;-0.22757849;40.21713759;0.1;False;ok;5;1;3.086;
3964;-0.22757849;40.31713759;0.1;False;ok;16;1;5.729;
3965;-0.22757849;40.41713759;0.1;False;ok;8;1;5.335;
3966;-0.22757849;40.51713759;0.1;False;ok;6;1;5.454;
3967;-0.22757849;40.61713759;0.1;False;ok;11;1;3.172;
3968;-0.22757849;40.71713759;0.1;False;ok;2;1;5.430;
3969;-0.22757849;40.81713759;0.1;False;ok;2;1;5.603;
3970;-0.22757849;40.91713759;0.1;False;ok;8;1;3.204;
3971;-0.22757849;41.01713759;0.1;False;ok;50;1;3.392;
3972;-0.22757849;41.11713759;0.1;False;ok;7;1;5.459;
3973;-0.22757849;41.21713759;0.1;False;ok;1;1;5.576;
3974;-0.22757849;41.41713759;0.1;False;ok;0;1;6.251;
3975;-0.17757849;38.51713759;0.00625;False;ok;11;1;3.171;
3976;-0.17757849;38.52338759;0.00625;False;ok;75;1;3.377;
3977;-0.17757849;38.52963759;0.0125;False;ok;27;1;5.780;
3978;-0.17757849;38.54213759;0.025;False;ok;23;1;3.177;
3979;-0.17757849;38.56713759;0.05;False;ok;53;1;5.661;
3980;-0.17757849;38.91713759;0.05;False;ok;53;1;5.737;
3981;-0.17757849;38.96713759;0.025;False;ok;30;1;3.241;
3982;-0.17757849;38.99213759;0.0125;False;ok;29;1;3.246;
3983;-0.17757849;39.00463759;0.00625;False;ok;8;1;3.156;
3984;-0.17757849;39.01088759;0.00625;False;ok;60;1;5.541;
3985;-0.17132849;38.52338759;0.00625;False;ok;75;1;5.651;
3986;-0.17132849;39.00463759;0.00625;False;ok;71;1;5.586;
3987;-0.17132849;39.01088759;0.00625;False;ok;38;1;5.782;
3988;-0.16507849;38.51713759;0.0125;False;ok;72;1;5.914;
3989;-0.16507849;38.52963759;0.0125;False;ok;75;1;3.401;
3990;-0.16507849;38.99213759;0.00625;False;ok;60;1;5.735;
3991;-0.16507849;38.99838759;0.00625;False;ok;75;1;3.964;
3992;-0.16507849;39.00463759;0.0125;False;ok;19;1;3.160;
3993;-0.15882849;38.99213759;0.00625;False;ok;28;1;5.403;
3994;-0.15882849;38.99838759;0.00625;False;ok;8;1;3.163;
3995;-0.15257849;38.52963759;0.0125;False;ok;74;1;5.564;
3996;-0.15257849;38.54213759;0.025;False;ok;68;1;5.441;
3997;-0.15257849;38.96713759;0.025;False;ok;55;1;5.450;
3998;-0.14007849;38.53588759;0.00625;False;ok;75;1;3.426;
3999;-0.13382849;38.52963759;0.00625;False;ok;75;1;3.433;
4000;-0.13382849;38.53588759;0.003125;False;ok;65;1;5.252;
4001;-0.13382849;38.53901259;0.003125;False;ok;21;1;5.418;
4002;-0.13070349;38.53588759;0.003125;False;ok;73;1;5.459;
4003;-0.13070349;38.53901259;0.003125;False;ok;6;1;3.166;
4004;-0.12757849;38.52963759;0.00625;False;ok;4;1;5.375;
4005;-0.12757849;38.53588759;0.003125;False;ok;66;1;3.228;
4006;-0.12757849;38.53901259;0.003125;False;ok;27;1;3.202;
4007;-0.12757849;38.54213759;0.025;False;ok;63;1;3.255;
4008;-0.12757849;38.56713759;0.05;False;ok;67;1;5.750;
4009;-0.12757849;38.61713759;0.1;False;ok;74;1;5.873;
4010;-0.12757849;38.71713759;0.1;False;ok;71;1;5.891;
4011;-0.12757849;38.81713759;0.05;False;ok;26;1;3.201;
4012;-0.12757849;38.86713759;0.05;False;ok;19;1;5.890;
4013;-0.12757849;38.91713759;0.1;False;ok;72;1;3.603;
4014;-0.12757849;39.71713759;0.1;False;ok;2;1;5.569;
4015;-0.12757849;39.81713759;0.1;False;ok;60;1;5.904;
4016;-0.12757849;39.91713759;0.1;False;ok;73;1;5.875;
4017;-0.12757849;40.01713759;0.1;False;ok;19;1;3.179;
4018;-0.12757849;40.11713759;0.1;False;ok;13;1;5.471;
4019;-0.12757849;40.21713759;0.1;False;ok;8;1;5.783;
4020;-0.12757849;40.31713759;0.1;False;ok;6;1;3.124;
4021;-0.12757849;40.51713759;0.1;False;ok;10;1;5.822;
4022;-0.12757849;40.61713759;0.1;False;ok;46;1;3.311;
4023;-0.12757849;40.71713759;0.1;False;ok;5;1;3.210;
4024;-0.12757849;40.81713759;0.1;False;ok;2;1;5.673;
4025;-0.12757849;40.91713759;0.1;False;ok;6;1;5.643;
4026;-0.12757849;41.21713759;0.1;False;ok;13;1;5.611;
4027;-0.12445349;38.53588759;0.003125;False;ok;53;1;3.240;
4028;-0.12445349;38.53901259;0.003125;False;ok;29;1;5.834;
4029;-0.12132849;38.52963759;0.00625;False;ok;66;1;3.191;
4030;-0.12132849;38.53588759;0.003125;False;ok;50;1;3.141;
4031;-0.12132849;38.53901259;0.003125;False;ok;49;1;3.051;
4032;-0.11820349;38.53588759;0.003125;False;ok;74;1;6.093;
4033;-0.11820349;38.53901259;0.003125;False;ok;57;1;3.135;
4034;-0.11507849;38.51713759;0.0125;False;ok;12;1;3.104;
4035;-0.11507849;38.52963759;0.00625;False;ok;75;1;5.954;
4036;-0.11507849;38.53588759;0.003125;False;ok;75;1;5.956;
4037;-0.11507849;38.53901259;0.003125;False;ok;14;1;5.848;
4038;-0.11195349;38.53588759;0.003125;False;ok;62;1;5.960;
4039;-0.11195349;38.53901259;0.003125;False;ok;25;1;5.992;
4040;-0.10882849;38.52963759;0.0015625;False;ok;31;1;3.121;
4041;-0.10882849;38.53120009;0.0015625;False;ok;17;1;5.484;
4042;-0.10882849;38.53276259;0.003125;False;ok;75;1;5.826;
4043;-0.10882849;38.53588759;0.003125;False;ok;73;1;3.235;
4044;-0.10882849;38.53901259;0.003125;False;ok;19;1;5.581;
4045;-0.10726599;38.52963759;0.0015625;False;ok;70;1;3.200;
4046;-0.10726599;38.53120009;0.0015625;False;ok;45;1;3.245;
4047;-0.10570349;38.52963759;0.003125;False;ok;34;1;5.823;
4048;-0.10570349;38.53276259;0.003125;False;ok;69;1;5.631;
4049;-0.10570349;38.53588759;0.003125;False;ok;72;1;3.408;
4050;-0.10570349;38.53901259;0.003125;False;ok;4;1;5.835;
4051;-0.10257849;38.51713759;0.025;False;ok;74;1;3.356;
4052;-0.10257849;38.54213759;0.025;False;ok;17;1;5.559;
4053;-0.07757849;38.51713759;0.05;False;ok;24;1;5.800;
4054;-0.07757849;38.56713759;0.00625;False;ok;46;1;3.165;
4055;-0.07757849;38.57338759;0.00625;False;ok;20;1;3.066;
4056;-0.07757849;38.57963759;0.0125;False;ok;4;1;3.061;
4057;-0.07757849;38.59213759;0.025;False;ok;70;1;3.227;
4058;-0.07757849;38.81713759;0.05;False;ok;73;1;6.062;
4059;-0.07757849;38.86713759;0.025;False;ok;58;1;5.796;
4060;-0.07757849;38.89213759;0.025;False;ok;74;1;5.997;
4061;-0.07132849;38.56713759;0.00625;False;ok;30;1;5.819;
4062;-0.07132849;38.57338759;0.00625;False;ok;70;1;3.279;
4063;-0.06507849;38.56713759;0.0125;False;ok;15;1;3.096;
4064;-0.06507849;38.57963759;0.0125;False;ok;23;1;5.700;
4065;-0.05257849;38.59213759;0.00625;False;ok;33;1;5.815;
4066;-0.05257849;38.59838759;0.00625;False;ok;75;1;5.908;
4067;-0.05257849;38.60463759;0.0125;False;ok;7;1;5.727;
4068;-0.05257849;38.86713759;0.025;False;ok;75;1;5.972;
4069;-0.05257849;38.89213759;0.025;False;ok;12;1;3.067;
4070;-0.04632849;38.59838759;0.00625;False;ok;31;1;3.067;
4071;-0.04007849;38.59213759;0.0125;False;ok;0;1;6.489;
4072;-0.04007849;38.60463759;0.0125;False;ok;53;1;3.089;
4073;-0.02757849;38.61713759;0.0125;False;ok;30;1;5.690;
4074;-0.02757849;38.62963759;0.0125;False;ok;36;1;3.100;
4075;-0.02757849;38.64213759;0.025;False;ok;12;1;5.647;
4076;-0.02757849;38.66713759;0.05;False;ok;5;1;5.597;
4077;-0.02757849;38.71713759;0.05;False;ok;22;1;3.214;
4078;-0.02757849;38.76713759;0.05;False;ok;23;1;5.629;
4079;-0.02757849;38.81713759;0.025;False;ok;8;1;3.065;
4080;-0.02757849;38.84213759;0.025;False;ok;47;1;3.101;
4081;-0.02757849;38.86713759;0.05;False;ok;67;1;3.269;
4082;-0.02757849;39.91713759;0.1;False;ok;70;1;3.238;
4083;-0.02757849;40.01713759;0.1;False;ok;74;1;3.301;
4084;-0.02757849;40.11713759;0.1;False;ok;14;1;5.443;
4085;-0.02757849;40.21713759;0.1;False;ok;5;1;5.324;
4086;-0.02757849;40.31713759;0.1;False;ok;7;1;5.855;
4087;-0.02757849;40.41713759;0.1;False;ok;11;1;5.591;
4088;-0.02757849;40.51713759;0.1;False;ok;0;1;6.143;
4089;-0.02757849;40.61713759;0.1;False;ok;1;1;5.395;
4090;-0.02757849;40.71713759;0.1;False;ok;21;1;5.571;
4091;-0.02757849;40.81713759;0.1;False;ok;6;1;3.101;
4092;-0.02757849;40.91713759;0.1;False;ok;3;1;3.139;
4093;-0.02757849;41.41713759;0.1;False;ok;0;1;6.122;
4094;-0.01507849;38.61713759;0.0125;False;ok;4;1;5.374;
4095;-0.01507849;38.62963759;0.0125;False;ok;58;1;3.351;
4096;-0.00257849;38.62963759;0.0125;False;ok;47;1;5.296;
4097;-0.00257849;38.64213759;0.025;False;ok;5;1;3.078;
4098;-0.00257849;38.81713759;0.025;False;ok;20;1;5.705;
4099;-0.00257849;38.84213759;0.0125;False;ok;15;1;5.285;
4100;-0.00257849;38.85463759;0.0125;False;ok;72;1;5.718;
4101;0.00992151;38.62963759;0.0125;False;ok;37;1;3.283;
4102;0.00992151;38.84213759;0.0125;False;ok;23;1;3.421;
4103;0.00992151;38.85463759;0.0125;False;ok;69;1;5.520;
4104;0.02242151;38.62963759;0.00625;False;ok;39;1;3.195;
4105;0.02242151;38.63588759;0.00625;False;ok;16;1;3.197;
4106;0.02242151;38.64213759;0.0125;False;ok;36;1;3.308;
4107;0.02242151;38.65463759;0.0125;False;ok;23;1;5.445;
4108;0.02242151;38.66713759;0.025;False;ok;10;1;3.282;
4109;0.02242151;38.69213759;0.025;False;ok;9;1;5.241;
4110;0.02242151;38.71713759;0.05;False;ok;15;1;3.114;
4111;0.02242151;38.76713759;0.05;False;ok;67;1;5.619;
4112;0.02242151;38.81713759;0.025;False;ok;3;1;5.398;
4113;0.02242151;38.84213759;0.0125;False;ok;2;1;5.455;
4114;0.02242151;38.85463759;0.0125;False;ok;75;1;5.725;
4115;0.02867151;38.62963759;0.00625;False;ok;30;1;3.099;
4116;0.02867151;38.63588759;0.00625;False;ok;33;1;5.717;
4117;0.03492151;38.62963759;0.0125;False;ok;75;1;5.647;
4118;0.03492151;38.64213759;0.00625;False;ok;31;1;5.620;
4119;0.03492151;38.64838759;0.00625;False;ok;20;1;3.154;
4120;0.03492151;38.65463759;0.0125;False;ok;17;1;3.145;
4121;0.03492151;38.85463759;0.0125;False;ok;58;1;5.607;
4122;0.04117151;38.64213759;0.00625;False;ok;73;1;5.739;
4123;0.04117151;38.64838759;0.00625;False;ok;9;1;5.621;
4124;0.04742151;38.62963759;0.0125;False;ok;34;1;3.323;
4125;0.04742151;38.64213759;0.003125;False;ok;75;1;5.936;
4126;0.04742151;38.64526259;0.003125;False;ok;1;1;3.103;
4127;0.04742151;38.64838759;0.00625;False;ok;15;1;5.691;
4128;0.04742151;38.65463759;0.0125;False;ok;32;1;3.217;
4129;0.04742151;38.66713759;0.025;False;ok;74;1;3.374;
4130;0.04742151;38.69213759;0.025;False;ok;30;1;3.220;
4131;0.04742151;38.81713759;0.025;False;ok;9;1;3.112;
4132;0.04742151;38.84213759;0.0125;False;ok;0;1;6.216;
4133;0.04742151;38.85463759;0.00625;False;ok;58;1;5.690;
4134;0.04742151;38.86088759;0.00625;False;ok;32;1;5.566;
4135;0.05054651;38.64213759;0.003125;False;ok;75;1;5.712;
4136;0.05367151;38.64213759;0.003125;False;ok;75;1;5.478;
4137;0.05367151;38.64838759;0.00625;False;ok;21;1;3.217;
4138;0.05367151;38.85463759;0.00625;False;ok;72;1;3.319;
4139;0.05367151;38.86088759;0.00625;False;ok;8;1;5.488;
4140;0.05679651;38.64213759;0.003125;False;ok;74;1;5.548;
4141;0.05679651;38.64526259;0.003125;False;ok;27;1;3.295;
4142;0.05992151;38.63588759;0.00625;False;ok;64;1;5.514;
4143;0.05992151;38.64213759;0.00625;False;ok;41;1;5.570;
4144;0.05992151;38.64838759;0.00625;False;ok;50;1;3.377;
4145;0.05992151;38.65463759;0.00625;False;ok;43;1;5.742;
4146;0.05992151;38.66088759;0.00625;False;ok;22;1;3.193;
4147;0.05992151;38.84213759;0.0125;False;ok;25;1;3.254;
4148;0.05992151;38.85463759;0.00625;False;ok;71;1;5.654;
4149;0.06617151;38.63588759;0.00625;False;ok;74;1;5.836;
4150;0.06617151;38.64213759;0.003125;False;ok;7;1;5.540;
4151;0.06617151;38.64838759;0.00625;False;ok;22;1;5.429;
4152;0.06617151;38.65463759;0.00625;False;ok;23;1;3.162;
4153;0.06617151;38.66088759;0.00625;False;ok;34;1;3.219;
4154;0.06617151;38.85463759;0.00625;False;ok;64;1;3.240;
4155;0.06929651;38.64213759;0.003125;False;ok;75;1;3.119;
4156;0.06929651;38.64526259;0.003125;False;ok;22;1;5.598;
4157;0.07242151;38.51713759;0.1;False;ok;0;1;3.694;
4158;0.07242151;38.61713759;0.025;False;ok;39;1;3.027;
4159;0.07242151;38.64213759;0.00625;False;ok;73;1;5.961;
4160;0.07242151;38.64838759;0.003125;False;ok;75;1;5.756;
4161;0.07242151;38.65151259;0.003125;False;ok;40;1;5.850;
4162;0.07242151;38.65463759;0.00625;False;ok;49;1;5.936;
4163;0.07242151;38.66088759;0.00625;False;ok;39;1;5.706;
4164;0.07242151;38.66713759;0.0125;False;ok;70;1;5.453;
4165;0.07242151;38.67963759;0.0125;False;ok;13;1;5.569;
4166;0.07242151;38.69213759;0.025;False;ok;43;1;3.027;
4167;0.07242151;38.71713759;0.05;False;ok;30;1;5.651;
4168;0.07242151;38.76713759;0.05;False;ok;67;1;3.133;
4169;0.07242151;38.81713759;0.025;False;ok;58;1;5.785;
4170;0.07242151;38.84213759;0.0125;False;ok;70;1;3.106;
4171;0.07242151;38.85463759;0.0125;False;ok;40;1;5.601;
4172;0.07242151;40.01713759;0.05;False;ok;52;1;3.255;
4173;0.07242151;40.21713759;0.1;False;ok;6;1;5.595;
4174;0.07242151;40.31713759;0.1;False;ok;1;1;2.998;
4175;0.07242151;40.41713759;0.1;False;ok;5;1;5.680;
4176;0.07242151;40.51713759;0.1;False;ok;6;1;5.644;
4177;0.07242151;40.61713759;0.1;False;ok;8;1;3.010;
4178;0.07242151;40.71713759;0.1;False;ok;9;1;3.035;
4179;0.07242151;40.81713759;0.1;False;ok;69;1;3.164;
4180;0.07242151;40.91713759;0.1;False;ok;20;1;3.056;
4181;0.07242151;41.11713759;0.1;False;ok;3;1;5.331;
4182;0.07242151;41.61713759;0.1;False;ok;1;1;5.779;
4183;0.07554651;38.64838759;0.003125;False;ok;68;1;3.185;
4184;0.07554651;38.65151259;0.003125;False;ok;21;1;3.071;
4185;0.07867151;38.65463759;0.00625;False;ok;11;1;5.837;
4186;0.07867151;38.66088759;0.00625;False;ok;36;1;5.883;
4187;0.08492151;38.65463759;0.0125;False;ok;29;1;5.869;
4188;0.08492151;38.66713759;0.0125;False;ok;67;1;6.274;
4189;0.08492151;38.67963759;0.00625;False;ok;25;1;6.173;
4190;0.08492151;38.68588759;0.00625;False;ok;8;1;3.000;
4191;0.08492151;38.84213759;0.00625;False;ok;6;1;6.022;
4192;0.08492151;38.84838759;0.00625;False;ok;71;1;5.801;
4193;0.09117151;38.67963759;0.00625;False;ok;29;1;3.157;
4194;0.09117151;38.68588759;0.00625;False;ok;43;1;5.730;
4195;0.09117151;38.84213759;0.00625;False;ok;39;1;3.163;
4196;0.09117151;38.84838759;0.00625;False;ok;61;1;5.741;
4197;0.09742151;38.66713759;0.0125;False;ok;60;1;3.234;
4198;0.09742151;38.67963759;0.0125;False;ok;74;1;6.010;
4199;0.09742151;38.69213759;0.025;False;ok;75;1;5.681;
4200;0.09742151;38.81713759;0.0125;False;ok;43;1;5.833;
4201;0.09742151;38.82963759;0.0125;False;ok;72;1;3.291;
4202;0.09742151;38.84213759;0.00625;False;ok;73;1;3.289;
4203;0.09742151;38.84838759;0.00625;False;ok;26;1;3.167;
4204;0.10367151;38.84213759;0.00625;False;ok;62;1;3.213;
4205;0.10992151;38.66713759;0.0125;False;ok;19;1;5.452;
4206;0.10992151;38.67963759;0.0125;False;ok;74;1;3.239;
4207;0.10992151;38.81713759;0.0125;False;ok;56;1;3.179;
4208;0.10992151;38.82963759;0.0125;False;ok;74;1;5.687;
4209;0.10992151;38.84213759;0.0125;False;ok;19;1;5.538;
4210;0.12242151;38.67963759;0.0125;False;ok;73;1;5.674;
4211;0.12242151;38.69213759;0.0125;False;ok;70;1;5.762;
4212;0.12242151;38.70463759;0.0125;False;ok;16;1;3.127;
4213;0.12242151;38.71713759;0.025;False;ok;21;1;3.182;
4214;0.12242151;38.74213759;0.025;False;ok;30;1;5.949;
4215;0.12242151;38.76713759;0.025;False;ok;33;1;3.258;
4216;0.12242151;38.79213759;0.025;False;ok;47;1;5.847;
4217;0.12242151;38.81713759;0.0125;False;ok;61;1;5.694;
4218;0.12242151;38.82963759;0.0125;False;ok;18;1;5.720;
4219;0.12242151;40.06713759;0.025;False;ok;75;1;5.753;
4220;0.12242151;40.09213759;0.025;False;ok;72;1;3.401;
4221;0.12242151;40.11713759;0.025;False;ok;0;1;6.199;
4222;0.13492151;38.67963759;0.0125;False;ok;74;1;3.341;
4223;0.13492151;38.69213759;0.0125;False;ok;51;1;5.736;
4224;0.13492151;38.70463759;0.0125;False;ok;52;1;5.802;
4225;0.13492151;38.81713759;0.0125;False;ok;28;1;3.242;
4226;0.13492151;38.82963759;0.0125;False;ok;14;1;5.634;
4227;0.14742151;38.66713759;0.025;False;ok;14;1;3.213;
4228;0.14742151;38.69213759;0.0125;False;ok;50;1;3.287;
4229;0.14742151;38.70463759;0.0125;False;ok;58;1;3.397;
4230;0.14742151;38.71713759;0.025;False;ok;72;1;5.482;
4231;0.14742151;38.74213759;0.025;False;ok;54;1;3.151;
4232;0.14742151;38.76713759;0.025;False;ok;72;1;5.637;
4233;0.14742151;38.79213759;0.025;False;ok;30;1;5.610;
4234;0.14742151;38.81713759;0.025;False;ok;7;1;3.143;
4235;0.14742151;40.09213759;0.0125;False;ok;9;1;5.438;
4236;0.14742151;40.10463759;0.00625;False;ok;75;1;3.334;
4237;0.14742151;40.11088759;0.00625;False;ok;74;1;5.578;
4238;0.14742151;40.11713759;0.00625;False;ok;73;1;5.846;
4239;0.14742151;40.12338759;0.00625;False;ok;6;1;5.731;
4240;0.15367151;40.11088759;0.00625;False;ok;75;1;5.627;
4241;0.15367151;40.11713759;0.00625;False;ok;75;1;5.733;
4242;0.15367151;40.12338759;0.00625;False;ok;75;1;3.331;
4243;0.15992151;38.69213759;0.0125;False;ok;2;1;3.189;
4244;0.15992151;38.70463759;0.0125;False;ok;49;1;5.625;
4245;0.15992151;40.12963759;0.0125;False;ok;29;1;3.285;
4246;0.17242151;38.71713759;0.025;False;ok;22;1;5.517;
4247;0.17242151;38.74213759;0.0125;False;ok;20;1;5.588;
4248;0.17242151;38.75463759;0.0125;False;ok;28;1;3.287;
4249;0.17242151;38.76713759;0.0125;False;ok;74;1;5.476;
4250;0.17242151;38.77963759;0.0125;False;ok;75;1;5.750;
4251;0.17242151;38.79213759;0.025;False;ok;73;1;3.344;
4252;0.17242151;40.11713759;0.1;False;ok;22;1;3.190;
4253;0.17242151;40.21713759;0.05;False;ok;7;1;5.604;
4254;0.17242151;40.41713759;0.1;False;ok;18;1;3.167;
4255;0.17242151;40.51713759;0.1;False;ok;6;1;3.189;
4256;0.17242151;40.61713759;0.1;False;ok;5;1;3.210;
4257;0.17242151;40.81713759;0.1;False;ok;75;1;5.612;
4258;0.17242151;40.91713759;0.1;False;ok;30;1;5.720;
4259;0.17242151;41.01713759;0.1;False;ok;15;1;5.442;
4260;0.17242151;41.11713759;0.1;False;ok;2;1;3.109;
4261;0.17242151;41.61713759;0.1;False;ok;2;1;5.587;
4262;0.18492151;38.74213759;0.0125;False;ok;28;1;3.276;
4263;0.18492151;38.75463759;0.0125;False;ok;46;1;5.945;
4264;0.18492151;38.76713759;0.00625;False;ok;74;1;6.256;
4265;0.18492151;38.77338759;0.00625;False;ok;75;1;6.201;
4266;0.18492151;38.77963759;0.0125;False;ok;8;1;5.923;
4267;0.19117151;38.76713759;0.00625;False;ok;49;1;3.256;
4268;0.19742151;38.72963759;0.0125;False;ok;57;1;5.853;
4269;0.19742151;38.74213759;0.00625;False;ok;16;1;3.196;
4270;0.19742151;38.74838759;0.00625;False;ok;28;1;3.184;
4271;0.19742151;38.75463759;0.0125;False;ok;71;1;5.778;
4272;0.19742151;38.76713759;0.025;False;ok;12;1;5.784;
4273;0.20367151;38.74213759;0.00625;False;ok;20;1;5.939;
4274;0.20367151;38.74838759;0.00625;False;ok;24;1;3.326;
4275;0.20992151;38.72963759;0.0125;False;ok;44;1;5.744;
4276;0.20992151;38.74213759;0.0125;False;ok;42;1;3.239;
4277;0.20992151;38.75463759;0.0125;False;ok;7;1;5.587;
4278;0.22242151;38.71713759;0.05;False;ok;70;1;3.368;
4279;0.22242151;40.26713759;0.05;False;ok;5;1;3.268;
4280;0.24742151;40.21713759;0.0125;False;ok;0;1;4.006;
4281;0.24742151;40.24213759;0.025;False;ok;11;1;3.237;
4282;0.25992151;40.21713759;0.0125;False;ok;55;1;5.489;
4283;0.25992151;40.22963759;0.0125;False;ok;57;1;5.666;
4284;0.27242151;40.21713759;0.025;False;ok;52;1;5.652;
4285;0.27242151;40.24213759;0.0125;False;ok;73;1;3.278;
4286;0.27242151;40.25463759;0.0125;False;ok;6;1;5.682;
4287;0.27242151;40.26713759;0.05;False;ok;1;1;2.948;
4288;0.27242151;40.31713759;0.1;False;ok;72;1;5.680;
4289;0.27242151;40.41713759;0.1;False;ok;31;1;5.680;
4290;0.27242151;40.51713759;0.1;False;ok;22;1;5.376;
4291;0.27242151;40.61713759;0.1;False;ok;8;1;5.678;
4292;0.27242151;40.71713759;0.1;False;ok;3;1;3.052;
4293;0.27242151;40.91713759;0.1;False;ok;30;1;5.844;
4294;0.27242151;41.01713759;0.1;False;ok;7;1;3.002;
4295;0.27242151;41.11713759;0.1;False;ok;3;1;5.728;
4296;0.27242151;41.21713759;0.1;False;ok;7;1;5.695;
4297;0.27242151;41.31713759;0.1;False;ok;9;1;3.151;
4298;0.27242151;41.41713759;0.1;False;ok;2;1;5.615;
4299;0.27242151;41.51713759;0.1;False;ok;3;1;5.975;
4300;0.28492151;40.24213759;0.0125;False;ok;46;1;3.099;
4301;0.28492151;40.25463759;0.0125;False;ok;73;1;3.183;
4302;0.37242151;40.35463759;0.0125;False;ok;23;1;5.986;
4303;0.37242151;40.36713759;0.025;False;ok;73;1;3.150;
4304;0.37242151;40.39213759;0.025;False;ok;2;1;3.032;
4305;0.37242151;40.41713759;0.1;False;ok;75;1;3.234;
4306;0.37242151;40.51713759;0.1;False;ok;66;1;5.987;
4307;0.37242151;40.61713759;0.1;False;ok;1;1;5.661;
4308;0.37242151;40.71713759;0.1;False;ok;4;1;5.882;
4309;0.37242151;40.81713759;0.1;False;ok;7;1;3.026;
4310;0.37242151;40.91713759;0.1;False;ok;29;1;5.845;
4311;0.37242151;41.01713759;0.1;False;ok;5;1;3.072;
4312;0.37242151;41.21713759;0.1;False;ok;6;1;3.057;
4313;0.37242151;41.41713759;0.1;False;ok;3;1;5.947;
4314;0.37242151;41.51713759;0.1;False;ok;2;1;5.878;
4315;0.38492151;40.34213759;0.0125;False;ok;63;1;3.158;
4316;0.38492151;40.35463759;0.00625;False;ok;4;1;6.033;
4317;0.38492151;40.36088759;0.00625;False;ok;54;1;6.151;
4318;0.39117151;40.35463759;0.00625;False;ok;70;1;5.951;
4319;0.39117151;40.36088759;0.00625;False;ok;69;1;3.246;
4320;0.39742151;40.35463759;0.00625;False;ok;74;1;5.825;
4321;0.39742151;40.36088759;0.00625;False;ok;75;1;3.198;
4322;0.39742151;40.36713759;0.0125;False;ok;74;1;6.061;
4323;0.39742151;40.37963759;0.0125;False;ok;74;1;5.999;
4324;0.39742151;40.39213759;0.025;False;ok;73;1;6.023;
4325;0.40367151;40.35463759;0.00625;False;ok;74;1;3.233;
4326;0.40992151;40.37963759;0.0125;False;ok;54;1;3.089;
4327;0.42242151;40.36713759;0.05;False;ok;56;1;3.138;
4328;0.47242151;40.41713759;0.1;False;ok;75;1;6.040;
4329;0.47242151;40.51713759;0.1;False;ok;75;1;3.252;
4330;0.47242151;40.61713759;0.1;False;ok;18;1;5.646;
4331;0.47242151;40.71713759;0.1;False;ok;18;1;3.252;
4332;0.47242151;40.81713759;0.1;False;ok;37;1;5.804;
4333;0.47242151;40.91713759;0.1;False;ok;19;1;5.580;
4334;0.47242151;41.01713759;0.1;False;ok;7;1;3.120;
4335;0.47242151;41.21713759;0.1;False;ok;7;1;5.492;
4336;0.47242151;41.31713759;0.1;False;ok;2;1;3.007;
4337;0.47242151;41.41713759;0.1;False;ok;1;1;3.026;
4338;0.47242151;41.51713759;0.1;False;ok;4;1;5.693;
4339;0.47242151;41.61713759;0.1;False;ok;1;1;5.300;
4340;0.57242151;40.51713759;0.1;False;ok;75;1;3.365;
4341;0.57242151;40.61713759;0.1;False;ok;72;1;5.756;
4342;0.57242151;40.71713759;0.1;False;ok;68;1;3.443;
4343;0.57242151;40.81713759;0.1;False;ok;5;1;5.754;
4344;0.57242151;40.91713759;0.1;False;ok;12;1;5.627;
4345;0.57242151;41.01713759;0.1;False;ok;43;1;7.115;
4346;0.57242151;41.11713759;0.1;False;ok;9;1;5.861;
4347;0.57242151;41.31713759;0.1;False;ok;1;1;3.060;
4348;0.57242151;41.41713759;0.1;False;ok;1;1;5.771;
4349;0.57242151;41.51713759;0.1;False;ok;13;1;3.179;
4350;0.57242151;41.61713759;0.1;False;ok;16;1;5.759;
4351;0.67242151;40.61713759;0.1;False;ok;75;1;3.373;
4352;0.67242151;40.71713759;0.05;False;ok;62;1;3.341;
4353;0.67242151;40.76713759;0.025;False;ok;16;1;5.583;
4354;0.67242151;40.79213759;0.025;False;ok;24;1;3.199;
4355;0.67242151;40.81713759;0.05;False;ok;15;1;5.612;
4356;0.67242151;40.86713759;0.05;False;ok;15;1;3.189;
4357;0.67242151;40.91713759;0.1;False;ok;4;1;5.414;
4358;0.67242151;41.01713759;0.1;False;ok;16;1;5.636;
4359;0.67242151;41.11713759;0.1;False;ok;14;1;5.524;
4360;0.67242151;41.21713759;0.1;False;ok;13;1;3.193;
4361;0.67242151;41.41713759;0.1;False;ok;3;1;3.142;
4362;0.67242151;41.51713759;0.1;False;ok;1;1;5.167;
4363;0.67242151;41.61713759;0.1;False;ok;3;1;5.647;
4364;0.69742151;40.79213759;0.025;False;ok;72;1;3.368;
4365;0.72242151;40.71713759;0.05;False;ok;66;1;5.761;
4366;0.72242151;40.81713759;0.05;False;ok;53;1;3.370;
4367;0.72242151;40.86713759;0.05;False;ok;7;1;5.573;
4368;0.77242151;40.61713759;0.1;False;ok;51;1;5.694;
4369;0.77242151;40.71713759;0.05;False;ok;4;1;3.086;
4370;0.77242151;40.81713759;0.05;False;ok;2;1;3.086;
4371;0.77242151;40.86713759;0.025;False;ok;20;1;5.448;
4372;0.77242151;40.89213759;0.025;False;ok;11;1;5.486;
4373;0.77242151;40.91713759;0.1;False;ok;74;1;3.247;
4374;0.77242151;41.01713759;0.1;False;ok;12;1;5.346;
4375;0.77242151;41.11713759;0.1;False;ok;42;1;3.192;
4376;0.77242151;41.21713759;0.1;False;ok;13;1;5.245;
4377;0.77242151;41.31713759;0.1;False;ok;5;1;5.231;
4378;0.77242151;41.41713759;0.1;False;ok;4;1;3.048;
4379;0.77242151;41.51713759;0.1;False;ok;5;1;5.325;
4380;0.79742151;40.86713759;0.025;False;ok;59;1;5.419;
4381;0.79742151;40.90463759;0.0125;False;ok;37;1;3.004;
4382;0.80992151;40.89213759;0.0125;False;ok;16;1;2.949;
4383;0.80992151;40.90463759;0.0125;False;ok;38;1;5.295;
4384;0.82242151;40.71713759;0.0125;False;ok;75;1;5.446;
4385;0.82242151;40.72963759;0.0125;False;ok;4;1;2.838;
4386;0.82242151;40.86713759;0.05;False;ok;19;1;5.532;
4387;0.83492151;40.71713759;0.0125;False;ok;75;1;3.093;
4388;0.87242151;40.96713759;0.05;False;ok;30;1;2.962;
4389;0.87242151;41.01713759;0.05;False;ok;42;1;5.263;
4390;0.87242151;41.06713759;0.05;False;ok;2;1;4.918;
4391;0.87242151;41.11713759;0.1;False;ok;18;1;5.467;
4392;0.87242151;41.21713759;0.1;False;ok;36;1;5.225;
4393;0.87242151;41.31713759;0.1;False;ok;16;1;3.022;
4394;0.87242151;41.51713759;0.1;False;ok;8;1;3.158;
4395;0.87242151;41.61713759;0.1;False;ok;12;1;3.381;
4396;0.92242151;40.96713759;0.025;False;ok;15;1;5.592;
4397;0.92242151;40.99213759;0.0125;False;ok;70;1;5.641;
4398;0.92242151;41.00463759;0.0125;False;ok;40;1;3.397;
4399;0.92242151;41.01713759;0.025;False;ok;31;1;5.777;
4400;0.92242151;41.04213759;0.025;False;ok;2;1;5.286;
4401;0.92242151;41.06713759;0.05;False;ok;11;1;5.696;
4402;0.93492151;40.99213759;0.0125;False;ok;16;1;3.106;
4403;0.93492151;41.00463759;0.00625;False;ok;32;1;3.069;
4404;0.93492151;41.01088759;0.00625;False;ok;17;1;5.713;
4405;0.94117151;41.00463759;0.00625;False;ok;12;1;5.604;
4406;0.94117151;41.01088759;0.00625;False;ok;63;1;5.642;
4407;0.94742151;40.99213759;0.025;False;ok;38;1;3.154;
4408;0.94742151;41.01713759;0.0125;False;ok;70;1;5.651;
4409;0.94742151;41.02963759;0.0125;False;ok;8;1;3.033;
4410;0.95992151;41.01713759;0.0125;False;ok;22;1;5.752;
4411;0.95992151;41.02963759;0.0125;False;ok;9;1;3.131;
4412;0.97242151;41.01713759;0.05;False;ok;45;1;3.255;
4413;0.97242151;41.06713759;0.05;False;ok;2;1;5.776;
4414;0.97242151;41.11713759;0.1;False;ok;29;1;5.987;
4415;0.97242151;41.21713759;0.1;False;ok;27;1;3.165;
4416;0.97242151;41.31713759;0.1;False;ok;3;1;3.067;
4417;0.97242151;41.41713759;0.1;False;ok;7;1;5.610;
4418;0.97242151;41.51713759;0.1;False;ok;9;1;5.770;
4419;0.97242151;41.61713759;0.1;False;ok;2;1;3.065;
4420;1.02242151;41.04213759;0.0125;False;ok;7;1;5.793;
4421;1.02242151;41.05463759;0.0125;False;ok;56;1;5.935;
4422;1.02242151;41.06713759;0.025;False;ok;7;1;5.958;
4423;1.02242151;41.09213759;0.025;False;ok;2;1;3.081;
4424;1.03492151;41.05463759;0.0125;False;ok;40;1;5.993;
4425;1.04742151;41.05463759;0.0125;False;ok;75;1;3.175;
4426;1.04742151;41.06713759;0.025;False;ok;75;1;6.426;
4427;1.05992151;41.05463759;0.0125;False;ok;72;1;3.202;
4428;1.07242151;41.01713759;0.05;False;ok;75;1;3.191;
4429;1.07242151;41.06713759;0.0125;False;ok;55;1;3.129;
4430;1.07242151;41.09213759;0.025;False;ok;2;1;5.988;
4431;1.07242151;41.11713759;0.1;False;ok;42;1;5.950;
4432;1.07242151;41.21713759;0.1;False;ok;19;1;5.989;
4433;1.07242151;41.31713759;0.1;False;ok;43;1;6.428;
4434;1.07242151;41.41713759;0.1;False;ok;5;1;3.068;
4435;1.07242151;41.51713759;0.1;False;ok;6;1;5.740;
4436;1.07242151;41.61713759;0.1;False;ok;15;1;3.039;
4437;1.08492151;41.06713759;0.0125;False;ok;67;1;3.151;
4438;1.08492151;41.07963759;0.0125;False;ok;6;1;5.631;
4439;1.09742151;41.06713759;0.0125;False;ok;75;1;5.995;
4440;1.09742151;41.07963759;0.0125;False;ok;14;1;5.889;
4441;1.10992151;41.06713759;0.0125;False;ok;52;1;3.113;
4442;1.10992151;41.07963759;0.0125;False;ok;0;1;6.674;
4443;1.12242151;41.07338759;0.00625;False;ok;59;1;3.151;
4444;1.12242151;41.07963759;0.0125;False;ok;43;1;3.076;
4445;1.12242151;41.09213759;0.025;False;ok;7;1;5.779;
4446;1.12867151;41.07338759;0.00625;False;ok;60;1;5.957;
4447;1.13492151;41.07338759;0.003125;False;ok;61;1;3.104;
4448;1.13492151;41.07651259;0.003125;False;ok;27;1;5.582;
4449;1.13492151;41.07963759;0.0125;False;ok;18;1;3.080;
4450;1.13804651;41.07338759;0.003125;False;ok;48;1;5.869;
4451;1.13804651;41.07651259;0.003125;False;ok;24;1;3.034;
4452;1.14117151;41.06713759;0.00625;False;ok;75;1;6.163;
4453;1.14117151;41.07338759;0.003125;False;ok;75;1;3.139;
4454;1.14117151;41.07651259;0.003125;False;ok;68;1;6.084;
4455;1.14429651;41.07338759;0.003125;False;ok;45;1;5.940;
4456;1.14429651;41.07651259;0.003125;False;ok;35;1;3.210;
4457;1.14742151;41.05463759;0.0125;False;ok;22;1;3.134;
4458;1.14742151;41.06713759;0.003125;False;ok;61;1;5.972;
4459;1.14742151;41.07026259;0.003125;False;ok;72;1;6.051;
4460;1.14742151;41.07338759;0.00625;False;ok;59;1;5.715;
4461;1.14742151;41.07963759;0.0125;False;ok;16;1;3.066;
4462;1.14742151;41.09213759;0.025;False;ok;3;1;2.998;
4463;1.15054651;41.06713759;0.003125;False;ok;68;1;5.866;
4464;1.15054651;41.07026259;0.003125;False;ok;53;1;3.084;
4465;1.15367151;41.06713759;0.00625;False;ok;47;1;5.971;
4466;1.15992151;41.05463759;0.00625;False;ok;74;1;5.777;
4467;1.15992151;41.06088759;0.00625;False;ok;23;1;3.039;
4468;1.15992151;41.06713759;0.0125;False;ok;6;1;3.005;
4469;1.15992151;41.07963759;0.0125;False;ok;3;1;3.032;
4470;1.16617151;41.05463759;0.00625;False;ok;50;1;5.892;
4471;1.16617151;41.06088759;0.00625;False;ok;64;1;5.831;
4472;1.17242151;41.01713759;0.05;False;ok;51;1;5.809;
4473;1.17242151;41.06713759;0.00625;False;ok;33;1;5.916;
4474;1.17242151;41.07338759;0.00625;False;ok;25;1;3.093;
4475;1.17242151;41.07963759;0.0125;False;ok;67;1;5.886;
4476;1.17242151;41.11713759;0.05;False;ok;4;1;3.135;
4477;1.17242151;41.16713759;0.05;False;ok;5;1;3.121;
4478;1.17242151;41.21713759;0.1;False;ok;6;1;5.651;
4479;1.17242151;41.31713759;0.1;False;ok;16;1;3.174;
4480;1.17242151;41.41713759;0.1;False;ok;9;1;5.467;
4481;1.17242151;41.51713759;0.1;False;ok;11;1;5.309;
4482;1.17242151;41.61713759;0.1;False;ok;5;1;5.195;
4483;1.17867151;41.07338759;0.00625;False;ok;74;1;3.215;
4484;1.18492151;41.07963759;0.0125;False;ok;49;1;3.323;
4485;1.19742151;41.09213759;0.025;False;ok;3;1;5.096;
4486;1.22242151;41.06713759;0.05;False;ok;75;1;5.183;
4487;1.22242151;41.11713759;0.05;False;ok;73;1;3.372;
4488;1.22242151;41.16713759;0.05;False;ok;1;1;4.895;
4489;1.27242151;41.01713759;0.1;False;ok;0;1;3.931;
4490;1.27242151;41.11713759;0.1;False;ok;69;1;4.772;
4491;1.27242151;41.21713759;0.1;False;ok;12;1;4.931;
4492;1.27242151;41.31713759;0.1;False;ok;7;1;3.077;
4493;1.27242151;41.41713759;0.1;False;ok;9;1;2.737;
4494;1.27242151;41.51713759;0.1;False;ok;1;1;4.482;
4495;1.27242151;41.61713759;0.1;False;ok;6;1;4.346;
4496;1.37242151;41.11713759;0.025;False;ok;49;1;2.872;
4497;1.37242151;41.14213759;0.025;False;ok;5;1;4.450;
4498;1.37242151;41.16713759;0.05;False;ok;12;1;2.700;
4499;1.37242151;41.21713759;0.1;False;ok;14;1;4.486;
4500;1.37242151;41.31713759;0.1;False;ok;7;1;4.435;
4501;1.37242151;41.41713759;0.1;False;ok;0;1;3.173;
4502;1.37242151;41.51713759;0.1;False;ok;2;1;4.761;
4503;1.37242151;41.61713759;0.1;False;ok;6;1;2.566;
4504;1.39742151;41.11713759;0.025;False;ok;74;1;5.305;
4505;1.39742151;41.14213759;0.025;False;ok;73;1;5.236;
4506;1.42242151;41.11713759;0.05;False;ok;49;1;5.159;
4507;1.42242151;41.16713759;0.05;False;ok;27;1;2.650;
4508;1.47242151;41.16713759;0.05;False;ok;73;1;2.769;
4509;1.47242151;41.21713759;0.1;False;ok;37;1;5.222;
4510;1.47242151;41.31713759;0.1;False;ok;15;1;5.145;
4511;1.47242151;41.41713759;0.1;False;ok;4;1;4.827;
4512;1.47242151;41.51713759;0.1;False;ok;12;1;2.804;
4513;1.47242151;41.61713759;0.1;False;ok;7;1;2.795;
4514;1.52242151;41.16713759;0.025;False;ok;34;1;5.214;
4515;1.52242151;41.19213759;0.025;False;ok;3;1;5.177;
4516;1.54742151;41.16713759;0.025;False;ok;75;1;5.536;
4517;1.54742151;41.19213759;0.025;False;ok;23;1;5.588;
4518;1.57242151;41.16713759;0.025;False;ok;75;1;3.381;
4519;1.57242151;41.19213759;0.025;False;ok;18;1;3.282;
4520;1.57242151;41.21713759;0.1;False;ok;38;1;5.268;
4521;1.57242151;41.31713759;0.1;False;ok;31;1;3.138;
4522;1.57242151;41.41713759;0.1;False;ok;12;1;5.350;
4523;1.57242151;41.51713759;0.1;False;ok;14;1;3.069;
4524;1.57242151;41.61713759;0.1;False;ok;3;1;5.442;
4525;1.59742151;41.16713759;0.025;False;ok;33;1;3.058;
4526;1.59742151;41.19213759;0.025;False;ok;64;1;3.160;
4527;1.62242151;41.16713759;0.05;False;ok;61;1;5.855;
4528;1.67242151;41.11713759;0.1;False;ok;49;1;5.722;
4529;1.67242151;41.21713759;0.1;False;ok;74;1;5.751;
4530;1.67242151;41.31713759;0.1;False;ok;47;1;5.509;
4531;1.67242151;41.41713759;0.1;False;ok;16;1;5.573;
4532;1.67242151;41.51713759;0.1;False;ok;12;1;5.689;
4533;1.67242151;41.61713759;0.1;False;ok;16;1;3.249;
4534;1.77242151;41.21713759;0.025;False;ok;33;1;3.243;
4535;1.77242151;41.24213759;0.025;False;ok;13;1;3.263;
4536;1.77242151;41.26713759;0.05;False;ok;31;1;5.453;
4537;1.77242151;41.31713759;0.1;False;ok;23;1;3.246;
4538;1.77242151;41.41713759;0.1;False;ok;20;1;5.249;
4539;1.77242151;41.51713759;0.1;False;ok;41;1;3.435;
4540;1.77242151;41.61713759;0.1;False;ok;13;1;5.181;
4541;1.79742151;41.22963759;0.00625;False;ok;20;1;3.342;
4542;1.79742151;41.23588759;0.00625;False;ok;27;1;4.913;
4543;1.79742151;41.24213759;0.025;False;ok;21;1;4.796;
4544;1.80367151;41.22963759;0.00625;False;ok;63;1;4.995;
4545;1.80367151;41.23588759;0.003125;False;ok;42;1;4.727;
4546;1.80679651;41.23588759;0.003125;False;ok;61;1;4.704;
4547;1.80679651;41.23901259;0.003125;False;ok;7;1;2.757;
4548;1.80992151;41.22963759;0.00625;False;ok;21;1;2.778;
4549;1.80992151;41.23588759;0.00625;False;ok;62;1;2.794;
4550;1.81617151;41.22963759;0.00625;False;ok;2;1;2.552;
4551;1.81617151;41.23588759;0.00625;False;ok;26;1;2.320;
4552;1.82242151;41.21713759;0.05;False;ok;66;1;2.517;
4553;1.87242151;41.21713759;0.1;False;ok;69;1;5.035;
4554;1.87242151;41.31713759;0.1;False;ok;18;1;4.845;
4555;1.87242151;41.41713759;0.1;False;ok;22;1;5.051;
4556;1.87242151;41.51713759;0.1;False;ok;7;1;4.996;
4557;1.87242151;41.61713759;0.1;False;ok;7;1;4.920;
4558;1.97242151;41.21713759;0.1;False;ok;73;1;5.367;
4559;1.97242151;41.31713759;0.1;False;ok;43;1;5.204;
4560;1.97242151;41.41713759;0.1;False;ok;38;1;3.083;
4561;1.97242151;41.51713759;0.1;False;ok;71;1;3.313;
4562;1.97242151;41.61713759;0.1;False;ok;5;1;3.088;
4563;2.07242151;41.21713759;0.1;False;ok;2;1;5.648;
4564;2.07242151;41.31713759;0.05;False;ok;72;1;3.291;
4565;2.07242151;41.36713759;0.05;False;ok;74;1;5.956;
4566;2.07242151;41.41713759;0.1;False;ok;69;1;3.344;
4567;2.07242151;41.51713759;0.1;False;ok;18;1;5.804;
4568;2.07242151;41.61713759;0.1;False;ok;11;1;5.788;
4569;2.12242151;41.31713759;0.05;False;ok;71;1;3.271;
4570;2.12242151;41.36713759;0.0125;False;ok;75;1;5.974;
4571;2.12242151;41.37963759;0.0125;False;ok;53;1;5.869;
4572;2.12242151;41.39213759;0.025;False;ok;75;1;5.913;
4573;2.13492151;41.36713759;0.0125;False;ok;75;1;3.230;
4574;2.13492151;41.37963759;0.0125;False;ok;71;1;3.191;
4575;2.14742151;41.36713759;0.00625;False;ok;7;1;3.041;
4576;2.14742151;41.37338759;0.00625;False;ok;28;1;3.152;
4577;2.14742151;41.37963759;0.00625;False;ok;59;1;5.924;
4578;2.14742151;41.38588759;0.00625;False;ok;29;1;5.799;
4579;2.14742151;41.39213759;0.00625;False;ok;41;1;3.272;
4580;2.14742151;41.39838759;0.00625;False;ok;34;1;5.732;
4581;2.14742151;41.40463759;0.0125;False;ok;51;1;5.902;
4582;2.15367151;41.36713759;0.00625;False;ok;22;1;3.065;
4583;2.15367151;41.37338759;0.00625;False;ok;75;1;5.856;
4584;2.15367151;41.37963759;0.00625;False;ok;69;1;5.605;
4585;2.15367151;41.38588759;0.00625;False;ok;73;1;5.564;
4586;2.15367151;41.39213759;0.00625;False;ok;74;1;5.465;
4587;2.15367151;41.39838759;0.00625;False;ok;70;1;5.580;
4588;2.15992151;41.36713759;0.00625;False;ok;41;1;3.327;
4589;2.15992151;41.37338759;0.00625;False;ok;75;1;3.452;
4590;2.15992151;41.37963759;0.00625;False;ok;73;1;3.427;
4591;2.15992151;41.38588759;0.00625;False;ok;75;1;3.352;
4592;2.15992151;41.39213759;0.00625;False;ok;75;1;5.809;
4593;2.15992151;41.39838759;0.00625;False;ok;70;1;5.877;
4594;2.15992151;41.40463759;0.0125;False;ok;75;1;5.891;
4595;2.16617151;41.36713759;0.00625;False;ok;34;1;5.695;
4596;2.16617151;41.37338759;0.00625;False;ok;67;1;3.429;
4597;2.16617151;41.37963759;0.00625;False;ok;70;1;3.402;
4598;2.16617151;41.38588759;0.003125;False;ok;43;1;5.585;
4599;2.16617151;41.38901259;0.003125;False;ok;27;1;3.152;
4600;2.16617151;41.39213759;0.00625;False;ok;75;1;5.393;
4601;2.16617151;41.39838759;0.00625;False;ok;55;1;5.753;
4602;2.16929651;41.38588759;0.003125;False;ok;34;1;3.181;
4603;2.16929651;41.38901259;0.003125;False;ok;30;1;3.197;
4604;2.17242151;41.36713759;0.0125;False;ok;69;1;5.641;
4605;2.17242151;41.37963759;0.003125;False;ok;49;1;3.310;
4606;2.17242151;41.38276259;0.003125;False;ok;24;1;5.291;
4607;2.17242151;41.38588759;0.00625;False;ok;75;1;5.898;
4608;2.17242151;41.39213759;0.00625;False;ok;72;1;6.018;
4609;2.17242151;41.39838759;0.00625;False;ok;75;1;5.825;
4610;2.17242151;41.40463759;0.00625;False;ok;75;1;3.317;
4611;2.17242151;41.41088759;0.00625;False;ok;28;1;3.173;
4612;2.17242151;41.41713759;0.05;False;ok;74;1;5.709;
4613;2.17242151;41.46713759;0.05;False;ok;3;1;5.239;
4614;2.17242151;41.51713759;0.1;False;ok;22;1;5.199;
4615;2.17242151;41.61713759;0.1;False;ok;25;1;5.155;
4616;2.17554651;41.37963759;0.003125;False;ok;35;1;3.390;
4617;2.17554651;41.38276259;0.003125;False;ok;13;1;5.217;
4618;2.17867151;41.37963759;0.00625;False;ok;75;1;5.567;
4619;2.17867151;41.38588759;0.00625;False;ok;28;1;3.264;
4620;2.17867151;41.39213759;0.00625;False;ok;33;1;3.381;
4621;2.17867151;41.39838759;0.00625;False;ok;39;1;5.489;
4622;2.17867151;41.40463759;0.00625;False;ok;52;1;3.373;
4623;2.17867151;41.41088759;0.00625;False;ok;10;1;3.169;
4624;2.18492151;41.36713759;0.0125;False;ok;28;1;3.278;
4625;2.18492151;41.37963759;0.0125;False;ok;61;1;5.393;
4626;2.18492151;41.39213759;0.0125;False;ok;69;1;5.517;
4627;2.18492151;41.40463759;0.0125;False;ok;37;1;5.607;
4628;2.19742151;41.36713759;0.025;False;ok;9;1;5.231;
4629;2.19742151;41.39213759;0.0125;False;ok;72;1;5.703;
4630;2.19742151;41.40463759;0.0125;False;ok;36;1;3.318;
4631;2.20992151;41.39213759;0.0125;False;ok;9;1;3.150;
4632;2.20992151;41.40463759;0.0125;False;ok;54;1;5.914;
4633;2.22242151;41.36713759;0.05;False;ok;17;1;3.215;
4634;2.22242151;41.41713759;0.05;False;ok;75;1;6.017;
4635;2.22242151;41.46713759;0.05;False;ok;12;1;3.190;
4636;2.27242151;41.41713759;0.1;False;ok;73;1;5.972;
4637;2.27242151;41.51713759;0.1;False;ok;47;1;5.995;
4638;2.27242151;41.61713759;0.1;False;ok;21;1;3.299;
4639;2.37242151;41.41713759;0.1;False;ok;47;1;3.345;
4640;2.37242151;41.51713759;0.1;False;ok;73;1;5.688;
4641;2.37242151;41.61713759;0.1;False;ok;20;1;5.518;
4642;2.47242151;41.51713759;0.05;False;ok;21;1;5.442;
4643;2.47242151;41.56713759;0.05;False;ok;21;1;5.369;
4644;2.47242151;41.61713759;0.1;False;ok;14;1;5.214;
4645;2.52242151;41.51713759;0.05;False;ok;0;1;3.839;
4646;2.52242151;41.56713759;0.05;False;ok;51;1;3.332;
4647;-5.754968796;35.95813747;0.1;False;ok;1;1;3.165;
4648;-5.611218796;36.00813747;0.00625;False;ok;73;1;3.341;
4649;-5.617468796;36.01438747;0.00625;False;ok;73;1;5.450;
4650;-5.611218796;36.01438747;0.003125;False;ok;33;1;3.114;
4651;-5.608093796;36.01438747;0.003125;False;ok;75;1;3.280;
4652;-5.611218796;36.01751247;0.003125;False;ok;22;1;5.571;
4653;-5.608093796;36.01751247;0.003125;False;ok;19;1;5.482;
4654;-5.617468796;36.02063747;0.0125;False;ok;72;1;5.688;
4655;-5.654968796;36.03313747;0.025;False;ok;16;1;5.087;
4656;-5.629968796;36.03313747;0.025;False;ok;11;1;5.171;
4657;-5.604968796;36.00813747;0.003125;False;ok;1;1;5.298;
4658;-5.604968796;36.01126247;0.003125;False;ok;75;1;3.371;
4659;-5.601843796;36.01126247;0.003125;False;ok;38;1;3.280;
4660;-5.598718796;36.00813747;0.00625;False;ok;1;1;5.594;
4661;-5.604968796;36.01438747;0.00625;False;ok;75;1;5.947;
4662;-5.592468796;36.02063747;0.0125;False;ok;1;1;3.179;
4663;-5.579968796;36.00813747;0.025;False;ok;2;1;3.242;
4664;-5.604968796;36.03313747;0.025;False;ok;0;1;6.528;
4665;-5.854968796;36.05813747;0.05;False;ok;35;1;5.957;
4666;-5.804968796;36.05813747;0.05;False;ok;49;1;6.029;
4667;-5.854968796;36.10813747;0.025;False;ok;49;1;3.263;
4668;-5.829968796;36.10813747;0.025;False;ok;75;1;6.147;
4669;-5.854968796;36.13313747;0.025;False;ok;75;1;5.953;
4670;-5.754968796;36.05813747;0.1;False;ok;74;1;3.436;
4671;-5.654968796;36.05813747;0.1;False;ok;24;1;5.240;
4672;-5.554968796;36.05813747;0.1;False;ok;25;1;3.443;
4673;-5.454968796;36.05813747;0.1;True;ok;50;1;3.447;
4674;-5.354968796;36.05813747;0.1;True;ok;4;1;5.619;
4675;-6.154968796;36.15813747;0.1;False;ok;74;1;5.514;
4676;-6.054968796;36.18313747;0.025;False;ok;75;1;3.367;
4677;-6.029968796;36.18313747;0.025;False;ok;73;1;3.395;
4678;-6.004968796;36.15813747;0.05;False;ok;12;1;5.436;
4679;-6.054968796;36.20813747;0.05;False;ok;35;1;3.247;
4680;-6.004968796;36.20813747;0.025;False;ok;10;1;5.171;
4681;-5.979968796;36.20813747;0.025;False;ok;2;1;3.059;
4682;-5.979968796;36.23313747;0.0125;False;ok;4;1;5.141;
4683;-5.979968796;36.24563747;0.0125;False;ok;74;1;5.293;
4684;-5.967468796;36.24563747;0.00625;False;ok;46;1;4.837;
4685;-5.961218796;36.24563747;0.00625;False;ok;1;1;4.735;
4686;-5.967468796;36.25188747;0.003125;False;ok;75;1;5.747;
4687;-5.964343796;36.25188747;0.003125;False;ok;75;1;5.700;
4688;-5.961218796;36.25188747;0.00625;False;ok;39;1;2.898;
4689;-5.954968796;36.15813747;0.05;False;ok;73;1;3.032;
4690;-5.904968796;36.15813747;0.05;False;ok;5;1;2.852;
4691;-5.954968796;36.20813747;0.05;False;ok;73;1;5.697;
4692;-5.904968796;36.20813747;0.05;False;ok;8;1;5.470;
4693;-5.854968796;36.15813747;0.1;False;ok;12;1;2.843;
4694;-5.554968796;36.15813747;0.1;False;ok;4;1;5.415;
4695;-5.454968796;36.15813747;0.1;False;ok;38;1;2.843;
4696;-5.354968796;36.15813747;0.1;False;ok;73;1;2.954;
4697;-6.254968796;36.25813747;0.1;False;ok;34;1;4.695;
4698;-6.154968796;36.25813747;0.05;False;ok;75;1;4.798;
4699;-6.104968796;36.27063747;0.0125;False;ok;64;1;4.611;
4700;-6.089343796;36.27063747;0.003125;False;ok;31;1;4.544;
4701;-6.092468796;36.27376247;0.003125;False;ok;73;1;4.627;
4702;-6.089343796;36.27376247;0.003125;False;ok;74;1;2.873;
4703;-6.086218796;36.27063747;0.00625;False;ok;74;1;4.796;
4704;-6.092468796;36.27688747;0.003125;False;ok;72;1;2.796;
4705;-6.089343796;36.27688747;0.003125;False;ok;72;1;2.885;
4706;-6.092468796;36.28001247;0.003125;False;ok;25;1;2.830;
4707;-6.089343796;36.28001247;0.003125;False;ok;73;1;2.825;
4708;-6.086218796;36.27688747;0.00625;False;ok;75;1;4.772;
4709;-6.079968796;36.25813747;0.025;False;ok;20;1;4.467;
4710;-6.104968796;36.28313747;0.0125;False;ok;63;1;2.535;
4711;-6.092468796;36.28313747;0.0125;False;ok;73;1;4.431;
4712;-6.104968796;36.29563747;0.0125;False;ok;1;1;4.223;
4713;-6.092468796;36.29563747;0.0125;False;ok;28;1;4.551;
4714;-6.079968796;36.28313747;0.025;False;ok;60;1;2.503;
4715;-6.154968796;36.30813747;0.025;False;ok;20;1;4.543;
4716;-6.129968796;36.30813747;0.025;False;ok;71;1;4.957;
4717;-6.154968796;36.33313747;0.025;False;ok;69;1;2.660;
4718;-6.129968796;36.33313747;0.025;False;ok;36;1;4.819;
4719;-6.104968796;36.30813747;0.025;False;ok;73;1;2.843;
4720;-6.079968796;36.30813747;0.025;False;ok;54;1;3.121;
4721;-6.104968796;36.33313747;0.025;False;ok;60;1;2.670;
4722;-6.079968796;36.33313747;0.025;False;ok;40;1;4.851;
4723;-6.054968796;36.25813747;0.1;False;ok;74;1;2.778;
4724;-5.954968796;36.25813747;0.1;False;ok;16;1;4.904;
4725;-5.854968796;36.25813747;0.1;False;ok;49;1;5.435;
4726;-5.754968796;36.25813747;0.1;False;ok;6;1;5.386;
4727;-5.454968796;36.25813747;0.1;False;ok;8;1;5.179;
4728;-5.354968796;36.25813747;0.1;False;ok;72;1;5.025;
4729;-5.254968796;36.30813747;0.025;False;ok;74;1;2.898;
4730;-5.254968796;36.33313747;0.0125;False;ok;68;1;5.294;
4731;-5.242468796;36.33313747;0.0125;False;ok;62;1;5.221;
4732;-5.254968796;36.34563747;0.0125;False;ok;16;1;2.729;
4733;-5.242468796;36.34563747;0.00625;False;ok;31;1;5.579;
4734;-5.236218796;36.34563747;0.00625;False;ok;34;1;2.723;
4735;-5.242468796;36.35188747;0.00625;False;ok;41;1;2.715;
4736;-5.236218796;36.35188747;0.00625;False;ok;74;1;2.980;
4737;-5.229968796;36.33313747;0.025;False;ok;4;1;2.814;
4738;-6.204968796;36.35813747;0.025;False;ok;74;1;5.697;
4739;-6.179968796;36.35813747;0.0125;False;ok;69;1;5.494;
4740;-6.167468796;36.35813747;0.0125;False;ok;33;1;5.555;
4741;-6.179968796;36.37063747;0.0125;False;ok;72;1;5.808;
4742;-6.167468796;36.37063747;0.0125;False;ok;35;1;5.624;
4743;-6.204968796;36.38313747;0.025;False;ok;30;1;5.747;
4744;-6.179968796;36.38313747;0.025;False;ok;72;1;3.211;
4745;-6.254968796;36.40813747;0.05;False;ok;19;1;3.107;
4746;-6.204968796;36.40813747;0.05;False;ok;48;1;3.208;
4747;-6.154968796;36.35813747;0.05;False;ok;73;1;3.277;
4748;-6.104968796;36.35813747;0.05;False;ok;28;1;5.800;
4749;-6.154968796;36.40813747;0.05;False;ok;74;1;3.336;
4750;-6.054968796;36.35813747;0.1;False;ok;2;1;3.053;
4751;-5.954968796;36.35813747;0.1;False;ok;23;1;5.789;
4752;-5.754968796;36.35813747;0.1;False;ok;1;1;5.607;
4753;-5.554968796;36.35813747;0.1;False;ok;3;1;5.601;
4754;-5.454968796;36.35813747;0.1;False;ok;33;1;5.586;
4755;-5.354968796;36.35813747;0.1;False;ok;29;1;5.475;
4756;-5.254968796;36.35813747;0.0125;False;ok;44;1;5.360;
4757;-5.242468796;36.35813747;0.00625;False;ok;20;1;5.074;
4758;-5.236218796;36.35813747;0.00625;False;ok;70;1;3.554;
4759;-5.242468796;36.36438747;0.00625;False;ok;33;1;3.203;
4760;-5.236218796;36.36438747;0.00625;False;ok;28;1;3.293;
4761;-5.254968796;36.37063747;0.0125;False;ok;10;1;3.205;
4762;-5.242468796;36.37063747;0.0125;False;ok;2;1;3.171;
4763;-5.229968796;36.35813747;0.025;False;ok;74;1;3.299;
4764;-5.254968796;36.38313747;0.025;False;ok;33;1;5.762;
4765;-5.229968796;36.38313747;0.025;False;ok;74;1;6.050;
4766;-5.204968796;36.35813747;0.05;False;ok;74;1;5.794;
4767;-5.254968796;36.40813747;0.05;False;ok;75;1;5.672;
4768;-5.204968796;36.40813747;0.025;False;ok;74;1;5.609;
4769;-5.179968796;36.40813747;0.0125;False;ok;37;1;5.398;
4770;-5.167468796;36.41438747;0.00625;False;ok;52;1;3.180;
4771;-5.161218796;36.41438747;0.003125;False;ok;70;1;5.587;
4772;-5.158093796;36.41438747;0.003125;False;ok;19;1;3.139;
4773;-5.161218796;36.41751247;0.003125;False;ok;53;1;3.321;
4774;-5.158093796;36.41751247;0.003125;False;ok;14;1;3.149;
4775;-5.167468796;36.42063747;0.0125;False;ok;70;1;5.903;
4776;-5.204968796;36.43313747;0.025;False;ok;0;1;6.471;
4777;-5.179968796;36.43313747;0.025;False;ok;6;1;5.601;
4778;-5.154968796;36.40813747;0.0125;False;ok;41;1;3.273;
4779;-5.154968796;36.42063747;0.00625;False;ok;74;1;5.755;
4780;-5.148718796;36.42063747;0.00625;False;ok;74;1;3.346;
4781;-5.154968796;36.42688747;0.00625;False;ok;34;1;5.714;
4782;-5.148718796;36.42688747;0.00625;False;ok;74;1;5.798;
4783;-5.142468796;36.42063747;0.0125;False;ok;75;1;5.678;
4784;-5.129968796;36.40813747;0.025;False;ok;39;1;3.187;
4785;-5.154968796;36.43313747;0.025;False;ok;73;1;3.351;
4786;-5.129968796;36.43313747;0.025;False;ok;51;1;3.329;
4787;-5.104968796;36.40813747;0.05;False;ok;74;1;5.518;
4788;-5.054968796;36.35813747;0.1;False;ok;66;1;3.285;
4789;-6.304968796;36.45813747;0.05;False;ok;74;1;3.406;
4790;-6.354968796;36.50813747;0.05;False;ok;9;1;5.505;
4791;-6.292468796;36.50813747;0.0125;False;ok;69;1;5.642;
4792;-6.304968796;36.52688747;0.003125;False;ok;48;1;3.206;
4793;-6.301843796;36.52688747;0.003125;False;ok;26;1;5.584;
4794;-6.304968796;36.53001247;0.003125;False;ok;48;1;5.684;
4795;-6.301843796;36.53001247;0.003125;False;ok;75;1;5.700;
4796;-6.298718796;36.52688747;0.003125;False;ok;16;1;4.995;
4797;-6.295593796;36.52688747;0.003125;False;ok;44;1;5.241;
4798;-6.298718796;36.53001247;0.003125;False;ok;60;1;3.324;
4799;-6.295593796;36.53001247;0.003125;False;ok;75;1;5.495;
4800;-6.292468796;36.52063747;0.0125;False;ok;75;1;5.459;
4801;-6.279968796;36.50813747;0.025;False;ok;37;1;3.255;
4802;-6.304968796;36.53313747;0.00625;False;ok;75;1;3.481;
4803;-6.298718796;36.53313747;0.003125;False;ok;75;1;5.715;
4804;-6.295593796;36.53313747;0.003125;False;ok;60;1;3.325;
4805;-6.298718796;36.53626247;0.003125;False;ok;11;1;5.641;
4806;-6.295593796;36.53626247;0.003125;False;ok;5;1;5.662;
4807;-6.292468796;36.53313747;0.0125;False;ok;4;1;5.566;
4808;-6.254968796;36.45813747;0.1;False;ok;73;1;3.352;
4809;-6.154968796;36.45813747;0.1;False;ok;18;1;3.348;
4810;-5.954968796;36.45813747;0.1;False;ok;33;1;5.457;
4811;-5.754968796;36.45813747;0.1;False;ok;35;1;5.370;
4812;-5.454968796;36.45813747;0.1;False;ok;30;1;3.232;
4813;-5.354968796;36.45813747;0.1;False;ok;50;1;5.589;
4814;-5.254968796;36.45813747;0.1;False;ok;13;1;3.155;
4815;-5.154968796;36.45813747;0.1;False;ok;75;1;6.039;
4816;-5.054968796;36.45813747;0.0125;False;ok;75;1;6.078;
4817;-5.042468796;36.45813747;0.0125;False;ok;64;1;5.878;
4818;-5.054968796;36.47063747;0.0125;False;ok;42;1;3.247;
4819;-5.042468796;36.47063747;0.0125;False;ok;59;1;3.281;
4820;-5.029968796;36.45813747;0.0125;False;ok;72;1;6.158;
4821;-5.017468796;36.45813747;0.0125;False;ok;19;1;3.141;
4822;-5.029968796;36.47063747;0.0125;False;ok;54;1;3.229;
4823;-5.017468796;36.47063747;0.0125;False;ok;28;1;5.855;
4824;-5.054968796;36.48313747;0.025;False;ok;47;1;5.718;
4825;-5.029968796;36.48313747;0.025;False;ok;70;1;5.643;
4826;-5.004968796;36.45813747;0.025;False;ok;75;1;6.033;
4827;-4.979968796;36.45813747;0.025;False;ok;51;1;5.292;
4828;-5.004968796;36.48313747;0.025;False;ok;75;1;6.201;
4829;-4.979968796;36.48313747;0.0125;False;ok;75;1;6.114;
4830;-4.967468796;36.48313747;0.00625;False;ok;68;1;3.367;
4831;-4.961218796;36.48313747;0.003125;False;ok;30;1;3.245;
4832;-4.958093796;36.48313747;0.003125;False;ok;10;1;3.253;
4833;-4.961218796;36.48626247;0.003125;False;ok;66;1;3.248;
4834;-4.958093796;36.48626247;0.003125;False;ok;54;1;3.197;
4835;-4.967468796;36.48938747;0.00625;False;ok;75;1;3.332;
4836;-4.961218796;36.48938747;0.00625;False;ok;26;1;5.813;
4837;-4.979968796;36.49563747;0.0125;False;ok;48;1;5.562;
4838;-4.967468796;36.49563747;0.00625;False;ok;75;1;5.687;
4839;-4.961218796;36.49563747;0.00625;False;ok;22;1;5.818;
4840;-4.967468796;36.50188747;0.00625;False;ok;6;1;5.688;
4841;-4.961218796;36.50188747;0.00625;False;ok;18;1;3.113;
4842;-5.054968796;36.50813747;0.05;False;ok;73;1;6.096;
4843;-5.004968796;36.50813747;0.025;False;ok;67;1;3.155;
4844;-4.979968796;36.50813747;0.025;False;ok;72;1;6.001;
4845;-5.004968796;36.53313747;0.025;False;ok;2;1;2.958;
4846;-4.954968796;36.48313747;0.00625;False;ok;75;1;3.324;
4847;-4.954968796;36.48938747;0.00625;False;ok;55;1;3.133;
4848;-4.948718796;36.48938747;0.00625;False;ok;20;1;5.900;
4849;-4.954968796;36.49563747;0.0125;False;ok;75;1;3.262;
4850;-4.942468796;36.49563747;0.0125;False;ok;16;1;5.851;
4851;-4.929968796;36.48313747;0.025;False;ok;68;1;5.983;
4852;-4.904968796;36.49563747;0.0125;False;ok;73;1;5.765;
4853;-4.892468796;36.49563747;0.0125;False;ok;75;1;5.693;
4854;-4.879968796;36.48313747;0.025;False;ok;5;1;5.483;
4855;-4.954968796;36.50813747;0.025;False;ok;33;1;5.780;
4856;-4.929968796;36.50813747;0.025;False;ok;73;1;3.212;
4857;-4.954968796;36.53313747;0.025;False;ok;14;1;3.071;
4858;-4.904968796;36.50813747;0.00625;False;ok;74;1;3.219;
4859;-4.898718796;36.50813747;0.00625;False;ok;75;1;3.294;
4860;-4.904968796;36.51438747;0.00625;False;ok;4;1;3.039;
4861;-4.898718796;36.51438747;0.00625;False;ok;26;1;5.795;
4862;-4.892468796;36.50813747;0.00625;False;ok;74;1;5.725;
4863;-4.886218796;36.50813747;0.00625;False;ok;75;1;3.190;
4864;-4.892468796;36.51438747;0.00625;False;ok;9;1;5.362;
4865;-4.886218796;36.51438747;0.00625;False;ok;8;1;4.839;
4866;-4.904968796;36.52063747;0.0125;False;ok;14;1;4.863;
4867;-4.892468796;36.52063747;0.0125;False;ok;9;1;4.467;
4868;-4.879968796;36.50813747;0.025;False;ok;74;1;3.289;
4869;-4.879968796;36.53313747;0.025;False;ok;35;1;3.087;
4870;-4.854968796;36.48313747;0.025;False;ok;58;1;4.259;
4871;-4.829968796;36.49563747;0.0125;False;ok;29;1;3.044;
4872;-4.817468796;36.49563747;0.0125;False;ok;75;1;4.469;
4873;-4.804968796;36.48313747;0.025;False;ok;74;1;3.145;
4874;-4.779968796;36.48313747;0.0125;False;ok;75;1;4.143;
4875;-4.767468796;36.48313747;0.0125;False;ok;66;1;3.094;
4876;-4.779968796;36.49563747;0.0125;False;ok;63;1;3.962;
4877;-4.767468796;36.49563747;0.0125;False;ok;28;1;3.811;
4878;-4.854968796;36.50813747;0.05;False;ok;73;1;2.868;
4879;-4.804968796;36.50813747;0.05;False;ok;36;1;3.311;
4880;-4.754968796;36.48313747;0.0125;False;ok;72;1;3.352;
4881;-4.742468796;36.48313747;0.0125;False;ok;75;1;2.995;
4882;-4.754968796;36.49563747;0.0125;False;ok;63;1;1.961;
4883;-4.742468796;36.49563747;0.0125;False;ok;14;1;1.884;
4884;-4.729968796;36.48313747;0.00625;False;ok;25;1;1.641;
4885;-4.723718796;36.48626247;0.003125;False;ok;56;1;1.668;
4886;-4.720593796;36.48626247;0.003125;False;ok;75;1;1.814;
4887;-4.729968796;36.48938747;0.00625;False;ok;21;1;1.386;
4888;-4.723718796;36.48938747;0.00625;False;ok;57;1;1.514;
4889;-4.717468796;36.48313747;0.00625;False;ok;73;1;1.450;
4890;-4.711218796;36.48313747;0.00625;False;ok;5;1;1.188;
4891;-4.717468796;36.48938747;0.00625;False;ok;33;1;1.156;
4892;-4.711218796;36.48938747;0.00625;False;ok;73;1;1.283;
4893;-4.729968796;36.49563747;0.0125;False;ok;75;1;1.217;
4894;-4.717468796;36.49563747;0.0125;False;ok;74;1;0.945;
4895;-4.704968796;36.48313747;0.0125;False;ok;74;1;0.776;
4896;-4.692468796;36.48313747;0.0125;False;ok;13;1;0.773;
4897;-4.704968796;36.49563747;0.0125;False;ok;73;1;1.091;
4898;-4.692468796;36.49563747;0.0125;False;ok;74;1;1.098;
4899;-4.679968796;36.48313747;0.025;False;ok;74;1;1.235;
4900;-4.754968796;36.50813747;0.025;False;ok;61;1;1.184;
4901;-4.729968796;36.50813747;0.0125;False;ok;25;1;1.138;
4902;-4.717468796;36.50813747;0.0125;False;ok;75;1;1.216;
4903;-4.754968796;36.53313747;0.025;False;ok;17;1;1.085;
4904;-4.729968796;36.53313747;0.025;False;ok;50;1;1.214;
4905;-4.704968796;36.50813747;0.05;False;ok;73;1;1.423;
4906;-4.654968796;36.45813747;0.05;False;ok;20;1;1.135;
4907;-4.654968796;36.50813747;0.0125;False;ok;71;1;1.228;
4908;-4.642468796;36.50813747;0.0125;False;ok;74;1;1.515;
4909;-4.642468796;36.52063747;0.0125;False;ok;46;1;1.230;
4910;-4.629968796;36.50813747;0.025;False;ok;75;1;1.332;
4911;-4.654968796;36.53313747;0.025;False;ok;75;1;1.282;
4912;-4.629968796;36.53313747;0.00625;False;ok;75;1;1.334;
4913;-4.623718796;36.53313747;0.00625;False;ok;75;1;1.525;
4914;-4.629968796;36.53938747;0.00625;False;ok;56;1;1.188;
4915;-4.623718796;36.53938747;0.003125;False;ok;75;1;1.306;
4916;-4.620593796;36.53938747;0.003125;False;ok;73;1;1.149;
4917;-4.623718796;36.54251247;0.003125;False;ok;27;1;0.746;
4918;-4.620593796;36.54251247;0.003125;False;ok;73;1;0.968;
4919;-4.617468796;36.53313747;0.0125;False;ok;0;1;2.369;
4920;-4.629968796;36.54563747;0.0125;False;ok;75;1;1.883;
4921;-4.617468796;36.54563747;0.00625;False;ok;74;1;1.436;
4922;-4.617468796;36.55188747;0.00625;False;ok;73;1;1.976;
4923;-4.611218796;36.55188747;0.00625;False;ok;34;1;2.249;
4924;-4.554968796;36.45813747;0.1;False;ok;0;1;4.194;
4925;-6.454968796;36.55813747;0.1;False;ok;75;1;2.491;
4926;-6.304968796;36.55813747;0.05;False;ok;75;1;4.149;
4927;-6.354968796;36.60813747;0.05;False;ok;11;1;4.223;
4928;-6.304968796;36.60813747;0.05;False;ok;48;1;4.093;
4929;-6.229968796;36.55813747;0.025;False;ok;71;1;2.585;
4930;-6.254968796;36.58313747;0.025;False;ok;75;1;4.614;
4931;-6.229968796;36.58313747;0.025;False;ok;75;1;2.737;
4932;-6.254968796;36.60813747;0.05;False;ok;18;1;4.494;
4933;-6.204968796;36.60813747;0.05;False;ok;3;1;4.523;
4934;-6.054968796;36.55813747;0.1;False;ok;0;1;5.140;
4935;-5.954968796;36.55813747;0.1;False;ok;4;1;4.450;
4936;-5.854968796;36.55813747;0.1;False;ok;5;1;4.403;
4937;-5.754968796;36.55813747;0.1;False;ok;14;1;4.459;
4938;-5.654968796;36.55813747;0.1;False;ok;1;1;4.450;
4939;-5.554968796;36.55813747;0.1;False;ok;1;1;2.370;
4940;-5.454968796;36.55813747;0.1;False;ok;3;1;4.018;
4941;-5.354968796;36.55813747;0.1;False;ok;73;1;2.744;
4942;-5.254968796;36.55813747;0.1;False;ok;35;1;2.691;
4943;-5.154968796;36.55813747;0.1;False;ok;15;1;4.133;
4944;-5.054968796;36.55813747;0.1;False;ok;0;1;3.273;
4945;-4.954968796;36.55813747;0.1;False;ok;25;1;2.626;
4946;-4.854968796;36.55813747;0.1;False;ok;52;1;2.744;
4947;-4.754968796;36.55813747;0.05;False;ok;11;1;2.590;
4948;-4.704968796;36.55813747;0.05;False;ok;56;1;4.451;
4949;-4.754968796;36.60813747;0.05;False;ok;61;1;4.476;
4950;-4.704968796;36.60813747;0.05;False;ok;75;1;4.609;
4951;-4.654968796;36.55813747;0.025;False;ok;42;1;4.455;
4952;-4.629968796;36.55813747;0.0125;False;ok;24;1;2.761;
4953;-4.617468796;36.55813747;0.0125;False;ok;75;1;2.917;
4954;-4.629968796;36.57063747;0.0125;False;ok;5;1;4.618;
4955;-4.617468796;36.57063747;0.0125;False;ok;33;1;4.657;
4956;-4.654968796;36.58313747;0.025;False;ok;74;1;5.056;
4957;-4.629968796;36.58313747;0.025;False;ok;33;1;4.536;
4958;-4.604968796;36.55813747;0.0125;False;ok;74;1;4.698;
4959;-4.592468796;36.55813747;0.0125;False;ok;2;1;4.553;
4960;-4.604968796;36.57063747;0.0125;False;ok;74;1;4.875;
4961;-4.592468796;36.57063747;0.0125;False;ok;75;1;2.921;
4962;-4.579968796;36.55813747;0.025;False;ok;74;1;4.779;
4963;-4.604968796;36.58313747;0.025;False;ok;65;1;4.755;
4964;-4.579968796;36.58313747;0.025;False;ok;74;1;2.830;
4965;-4.654968796;36.60813747;0.05;False;ok;55;1;2.869;
4966;-4.604968796;36.60813747;0.05;False;ok;47;1;2.808;
4967;-4.554968796;36.55813747;0.025;False;ok;75;1;4.849;
4968;-4.529968796;36.55813747;0.025;False;ok;0;1;3.792;
4969;-4.554968796;36.58313747;0.0125;False;ok;74;1;3.130;
4970;-4.542468796;36.58313747;0.00625;False;ok;59;1;3.028;
4971;-4.536218796;36.58313747;0.003125;False;ok;73;1;3.184;
4972;-4.533093796;36.58313747;0.003125;False;ok;1;1;4.647;
4973;-4.536218796;36.58626247;0.003125;False;ok;73;1;3.123;
4974;-4.533093796;36.58626247;0.003125;False;ok;75;1;4.746;
4975;-4.542468796;36.58938747;0.00625;False;ok;9;1;4.704;
4976;-4.536218796;36.58938747;0.00625;False;ok;75;1;4.778;
4977;-4.554968796;36.59563747;0.0125;False;ok;41;1;2.872;
4978;-4.542468796;36.59563747;0.0125;False;ok;73;1;5.015;
4979;-4.529968796;36.58313747;0.00625;False;ok;2;1;4.798;
4980;-4.529968796;36.58938747;0.0015625;False;ok;75;1;5.000;
4981;-4.528406296;36.58938747;0.0015625;False;ok;19;1;4.760;
4982;-4.529968796;36.59094997;0.0015625;False;ok;75;1;4.931;
4983;-4.528406296;36.59094997;0.0015625;False;ok;20;1;4.708;
4984;-4.526843796;36.58938747;0.003125;False;ok;24;1;4.777;
4985;-4.529968796;36.59251247;0.003125;False;ok;12;1;4.467;
4986;-4.526843796;36.59251247;0.003125;False;ok;74;1;4.647;
4987;-4.523718796;36.58938747;0.00625;False;ok;63;1;3.030;
4988;-4.517468796;36.58313747;0.0125;False;ok;12;1;2.783;
4989;-4.529968796;36.59563747;0.0015625;False;ok;59;1;4.461;
4990;-4.528406296;36.59563747;0.0015625;False;ok;75;1;3.104;
4991;-4.529968796;36.59719997;0.0015625;False;ok;48;1;2.956;
4992;-4.528406296;36.59719997;0.0015625;False;ok;11;1;2.864;
4993;-4.526843796;36.59563747;0.003125;False;ok;73;1;2.997;
4994;-4.529968796;36.59876247;0.003125;False;ok;38;1;5.056;
4995;-4.526843796;36.59876247;0.003125;False;ok;25;1;4.908;
4996;-4.523718796;36.59563747;0.00625;False;ok;75;1;5.086;
4997;-4.529968796;36.60188747;0.00625;False;ok;2;1;4.601;
4998;-4.523718796;36.60188747;0.00625;False;ok;48;1;2.908;
4999;-4.517468796;36.59563747;0.003125;False;ok;73;1;3.058;
5000;-4.514343796;36.59563747;0.003125;False;ok;63;1;5.309;
5001;-4.517468796;36.59876247;0.003125;False;ok;65;1;5.488;
5002;-4.514343796;36.59876247;0.003125;False;ok;56;1;5.774;
5003;-4.511218796;36.59563747;0.00625;False;ok;62;1;3.165;
5004;-4.517468796;36.60188747;0.00625;False;ok;74;1;5.827;
5005;-4.511218796;36.60188747;0.00625;False;ok;75;1;5.710;
5006;-4.504968796;36.55813747;0.05;False;ok;0;1;3.621;
5007;-4.554968796;36.60813747;0.025;False;ok;17;1;5.407;
5008;-4.529968796;36.60813747;0.025;False;ok;74;1;3.047;
5009;-4.554968796;36.63313747;0.025;False;ok;15;1;5.414;
5010;-4.529968796;36.63313747;0.025;False;ok;6;1;5.452;
5011;-4.504968796;36.60813747;0.003125;False;ok;60;1;2.952;
5012;-4.504968796;36.61126247;0.003125;False;ok;75;1;5.416;
5013;-4.501843796;36.61126247;0.003125;False;ok;30;1;5.178;
5014;-4.504968796;36.61438747;0.00625;False;ok;75;1;3.092;
5015;-4.498718796;36.61438747;0.003125;False;ok;70;1;3.020;
5016;-4.498718796;36.61751247;0.003125;False;ok;74;1;3.073;
5017;-4.504968796;36.62063747;0.003125;False;ok;38;1;3.015;
5018;-4.501843796;36.62063747;0.003125;False;ok;75;1;3.098;
5019;-4.504968796;36.62376247;0.003125;False;ok;50;1;2.910;
5020;-4.501843796;36.62376247;0.003125;False;ok;75;1;5.529;
5021;-4.498718796;36.62063747;0.003125;False;ok;75;1;5.575;
5022;-4.495593796;36.62063747;0.003125;False;ok;16;1;5.325;
5023;-4.498718796;36.62376247;0.003125;False;ok;65;1;5.560;
5024;-4.495593796;36.62376247;0.003125;False;ok;41;1;4.960;
5025;-4.504968796;36.62688747;0.00625;False;ok;73;1;5.074;
5026;-4.498718796;36.62688747;0.00625;False;ok;74;1;3.137;
5027;-4.492468796;36.62063747;0.0125;False;ok;63;1;3.089;
5028;-4.504968796;36.63313747;0.0125;False;ok;74;1;5.416;
5029;-4.492468796;36.63313747;0.0125;False;ok;75;1;5.464;
5030;-4.504968796;36.64563747;0.0125;False;ok;9;1;5.298;
5031;-4.492468796;36.64563747;0.0125;False;ok;19;1;5.411;
5032;-4.479968796;36.63313747;0.025;False;ok;17;1;5.488;
5033;-6.454968796;36.65813747;0.05;False;ok;72;1;5.537;
5034;-6.404968796;36.65813747;0.05;False;ok;3;1;5.236;
5035;-6.454968796;36.70813747;0.05;False;ok;73;1;3.213;
5036;-6.404968796;36.70813747;0.05;False;ok;11;1;3.044;
5037;-6.354968796;36.65813747;0.1;False;ok;2;1;5.247;
5038;-6.254968796;36.65813747;0.1;False;ok;5;1;3.006;
5039;-6.154968796;36.65813747;0.025;False;ok;75;1;3.256;
5040;-6.129968796;36.65813747;0.025;False;ok;20;1;2.958;
5041;-6.154968796;36.68313747;0.0125;False;ok;68;1;2.883;
5042;-6.142468796;36.68313747;0.00625;False;ok;73;1;4.821;
5043;-6.136218796;36.68313747;0.00625;False;ok;73;1;4.918;
5044;-6.142468796;36.68938747;0.00625;False;ok;9;1;2.831;
5045;-6.136218796;36.68938747;0.00625;False;ok;6;1;4.751;
5046;-6.154968796;36.69563747;0.0125;False;ok;5;1;2.729;
5047;-6.142468796;36.69563747;0.0125;False;ok;6;1;2.745;
5048;-6.129968796;36.68313747;0.025;False;ok;36;1;4.641;
5049;-6.104968796;36.65813747;0.05;False;ok;2;1;2.527;
5050;-6.154968796;36.70813747;0.05;False;ok;1;1;4.503;
5051;-6.104968796;36.70813747;0.05;False;ok;5;1;4.268;
5052;-6.054968796;36.65813747;0.1;False;ok;10;1;3.988;
5053;-5.954968796;36.65813747;0.1;False;ok;6;1;3.855;
5054;-5.854968796;36.65813747;0.1;False;ok;75;1;4.138;
5055;-5.754968796;36.65813747;0.1;False;ok;20;1;4.018;
5056;-5.654968796;36.65813747;0.1;False;ok;7;1;3.855;
5057;-5.554968796;36.65813747;0.1;False;ok;62;1;4.345;
5058;-5.454968796;36.65813747;0.1;False;ok;74;1;4.082;
5059;-5.354968796;36.65813747;0.1;False;ok;5;1;2.424;
5060;-5.204968796;36.65813747;0.05;False;ok;2;1;2.414;
5061;-5.254968796;36.70813747;0.05;False;ok;67;1;4.035;
5062;-5.204968796;36.70813747;0.025;False;ok;1;1;2.453;
5063;-5.179968796;36.70813747;0.025;False;ok;14;1;2.456;
5064;-5.204968796;36.73313747;0.025;False;ok;8;1;2.531;
5065;-5.179968796;36.73313747;0.0125;False;ok;11;1;2.299;
5066;-5.167468796;36.73313747;0.00625;False;ok;48;1;2.721;
5067;-5.167468796;36.73938747;0.003125;False;ok;43;1;2.789;
5068;-5.164343796;36.73938747;0.003125;False;ok;48;1;4.666;
5069;-5.167468796;36.74251247;0.003125;False;ok;64;1;4.805;
5070;-5.164343796;36.74251247;0.003125;False;ok;64;1;5.188;
5071;-5.161218796;36.73938747;0.00625;False;ok;31;1;5.005;
5072;-5.179968796;36.74563747;0.0125;False;ok;17;1;5.299;
5073;-5.167468796;36.74563747;0.0125;False;ok;64;1;3.169;
5074;-5.154968796;36.65813747;0.1;False;ok;23;1;3.127;
5075;-4.954968796;36.65813747;0.1;False;ok;72;1;5.611;
5076;-4.854968796;36.65813747;0.1;False;ok;44;1;3.194;
5077;-4.754968796;36.65813747;0.1;False;ok;75;1;3.572;
5078;-4.654968796;36.65813747;0.1;False;ok;75;1;5.967;
5079;-4.554968796;36.65813747;0.05;False;ok;43;1;5.636;
5080;-4.504968796;36.65813747;0.05;False;ok;74;1;6.048;
5081;-4.554968796;36.70813747;0.05;False;ok;10;1;5.748;
5082;-4.504968796;36.70813747;0.05;False;ok;45;1;6.016;
5083;-4.454968796;36.65813747;0.025;False;ok;12;1;5.719;
5084;-4.454968796;36.68313747;0.0125;False;ok;75;1;5.781;
5085;-4.442468796;36.68313747;0.0125;False;ok;13;1;5.495;
5086;-4.454968796;36.69563747;0.0125;False;ok;74;1;3.301;
5087;-4.442468796;36.69563747;0.0125;False;ok;74;1;3.328;
5088;-4.454968796;36.70813747;0.0125;False;ok;31;1;3.191;
5089;-4.442468796;36.70813747;0.0125;False;ok;75;1;3.494;
5090;-4.454968796;36.72063747;0.0125;False;ok;24;1;3.144;
5091;-4.442468796;36.72063747;0.0125;False;ok;75;1;3.352;
5092;-4.429968796;36.70813747;0.00625;False;ok;75;1;4.798;
5093;-4.423718796;36.70813747;0.00625;False;ok;10;1;4.430;
5094;-4.429968796;36.71438747;0.003125;False;ok;29;1;4.574;
5095;-4.426843796;36.71438747;0.003125;False;ok;73;1;4.737;
5096;-4.429968796;36.71751247;0.003125;False;ok;48;1;4.646;
5097;-4.426843796;36.71751247;0.003125;False;ok;75;1;2.867;
5098;-4.423718796;36.71438747;0.003125;False;ok;74;1;2.677;
5099;-4.420593796;36.71438747;0.003125;False;ok;1;1;4.110;
5100;-4.423718796;36.71751247;0.0015625;False;ok;23;1;4.361;
5101;-4.422156296;36.71751247;0.0015625;False;ok;12;1;4.227;
5102;-4.423718796;36.71907497;0.0015625;False;ok;75;1;4.664;
5103;-4.422156296;36.71907497;0.0015625;False;ok;32;1;2.609;
5104;-4.420593796;36.71751247;0.003125;False;ok;56;1;2.783;
5105;-4.417468796;36.71438747;0.00625;False;ok;75;1;4.836;
5106;-4.411218796;36.71438747;0.00625;False;ok;75;1;4.841;
5107;-4.429968796;36.72063747;0.003125;False;ok;75;1;4.683;
5108;-4.426843796;36.72063747;0.003125;False;ok;75;1;2.926;
5109;-4.429968796;36.72376247;0.003125;False;ok;73;1;4.820;
5110;-4.426843796;36.72376247;0.003125;False;ok;74;1;4.818;
5111;-4.423718796;36.72063747;0.0015625;False;ok;65;1;2.877;
5112;-4.422156296;36.72063747;0.0015625;False;ok;75;1;3.124;
5113;-4.423718796;36.72219997;0.0015625;False;ok;60;1;2.963;
5114;-4.422156296;36.72219997;0.0015625;False;ok;75;1;4.709;
5115;-4.420593796;36.72063747;0.0015625;False;ok;72;1;4.668;
5116;-4.419031296;36.72063747;0.0015625;False;ok;46;1;2.960;
5117;-4.420593796;36.72219997;0.0015625;False;ok;75;1;3.082;
5118;-4.419031296;36.72219997;0.0015625;False;ok;66;1;5.051;
5119;-4.423718796;36.72376247;0.0015625;False;ok;60;1;5.039;
5120;-4.422156296;36.72376247;0.0015625;False;ok;63;1;2.963;
5121;-4.423718796;36.72532497;0.0015625;False;ok;45;1;4.989;
5122;-4.422156296;36.72532497;0.0015625;False;ok;72;1;5.082;
5123;-4.420593796;36.72376247;0.0015625;False;ok;75;1;2.965;
5124;-4.419031296;36.72376247;0.0015625;False;ok;75;1;5.095;
5125;-4.420593796;36.72532497;0.0015625;False;ok;75;1;5.082;
5126;-4.419031296;36.72532497;0.0015625;False;ok;54;1;5.067;
5127;-4.429968796;36.72688747;0.00625;False;ok;75;1;3.053;
5128;-4.423718796;36.72688747;0.00625;False;ok;75;1;3.214;
5129;-4.417468796;36.72063747;0.003125;False;ok;52;1;5.471;
5130;-4.414343796;36.72063747;0.003125;False;ok;7;1;5.351;
5131;-4.417468796;36.72376247;0.003125;False;ok;74;1;5.266;
5132;-4.414343796;36.72376247;0.003125;False;ok;45;1;5.367;
5133;-4.411218796;36.72063747;0.00625;False;ok;50;1;5.247;
5134;-4.417468796;36.72688747;0.00625;False;ok;75;1;3.311;
5135;-4.411218796;36.72688747;0.00625;False;ok;20;1;3.155;
5136;-4.429968796;36.73313747;0.025;False;ok;62;1;3.175;
5137;-4.404968796;36.70813747;0.025;False;ok;74;1;3.300;
5138;-4.379968796;36.70813747;0.0125;False;ok;10;1;4.662;
5139;-4.367468796;36.70813747;0.0125;False;ok;75;1;4.858;
5140;-4.379968796;36.72063747;0.0125;False;ok;75;1;3.067;
5141;-4.367468796;36.72063747;0.0125;False;ok;60;1;4.360;
5142;-4.404968796;36.73313747;0.025;False;ok;3;1;2.729;
5143;-4.379968796;36.73313747;0.025;False;ok;18;1;4.303;
5144;-4.354968796;36.70813747;0.05;False;ok;73;1;4.417;
5145;-4.304968796;36.70813747;0.025;False;ok;74;1;4.194;
5146;-4.279968796;36.70813747;0.025;False;ok;72;1;2.653;
5147;-4.279968796;36.73313747;0.025;False;ok;15;1;4.075;
5148;-4.254968796;36.70813747;0.05;False;ok;75;1;2.679;
5149;-4.204968796;36.70813747;0.05;False;ok;74;1;3.957;
5150;-4.154968796;36.70813747;0.05;False;ok;56;1;2.486;
5151;-4.104968796;36.70813747;0.025;False;ok;45;1;3.813;
5152;-4.104968796;36.73313747;0.00625;False;ok;29;1;2.109;
5153;-4.098718796;36.73313747;0.00625;False;ok;74;1;4.059;
5154;-4.104968796;36.73938747;0.00625;False;ok;10;1;3.809;
5155;-4.098718796;36.73938747;0.00625;False;ok;74;1;4.178;
5156;-4.092468796;36.73313747;0.0125;False;ok;74;1;4.040;
5157;-4.104968796;36.74563747;0.0125;False;ok;11;1;3.904;
5158;-4.092468796;36.74563747;0.0125;False;ok;35;1;2.198;
5159;-4.079968796;36.73313747;0.025;False;ok;75;1;2.483;
5160;-4.054968796;36.70813747;0.05;False;ok;73;1;2.526;
5161;-3.979968796;36.72063747;0.0125;False;ok;74;1;4.283;
5162;-3.967468796;36.72063747;0.0125;False;ok;75;1;2.648;
5163;-4.004968796;36.73313747;0.025;False;ok;74;1;2.930;
5164;-3.979968796;36.73313747;0.025;False;ok;73;1;2.657;
5165;-3.954968796;36.70813747;0.025;False;ok;74;1;4.260;
5166;-3.954968796;36.73313747;0.025;False;ok;75;1;4.620;
5167;-3.929968796;36.73313747;0.025;False;ok;74;1;4.383;
5168;-3.904968796;36.73313747;0.0125;False;ok;36;1;5.059;
5169;-3.892468796;36.73938747;0.00625;False;ok;16;1;4.255;
5170;-3.886218796;36.73938747;0.003125;False;ok;43;1;2.564;
5171;-3.883093796;36.73938747;0.003125;False;ok;34;1;4.464;
5172;-3.886218796;36.74251247;0.003125;False;ok;74;1;4.627;
5173;-3.883093796;36.74251247;0.0015625;False;ok;43;1;2.529;
5174;-3.881531296;36.74251247;0.0015625;False;ok;75;1;4.523;
5175;-3.883093796;36.74407497;0.0015625;False;ok;14;1;2.355;
5176;-3.881531296;36.74407497;0.0015625;False;ok;42;1;4.701;
5177;-3.904968796;36.74563747;0.0125;False;ok;67;1;4.930;
5178;-3.892468796;36.74563747;0.0125;False;ok;55;1;5.059;
5179;-3.879968796;36.73313747;0.0125;False;ok;75;1;2.682;
5180;-3.879968796;36.74563747;0.003125;False;ok;75;1;5.199;
5181;-3.876843796;36.74563747;0.003125;False;ok;67;1;5.016;
5182;-3.879968796;36.74876247;0.003125;False;ok;50;1;2.542;
5183;-3.876843796;36.74876247;0.003125;False;ok;74;1;2.785;
5184;-3.873718796;36.74563747;0.003125;False;ok;75;1;3.092;
5185;-3.873718796;36.74876247;0.003125;False;ok;75;1;3.129;
5186;-3.870593796;36.74876247;0.003125;False;ok;63;1;5.511;
5187;-3.879968796;36.75188747;0.00625;False;ok;62;1;5.329;
5188;-3.873718796;36.75188747;0.003125;False;ok;75;1;3.126;
5189;-3.870593796;36.75188747;0.003125;False;ok;71;1;5.838;
5190;-3.873718796;36.75501247;0.003125;False;ok;49;1;5.848;
5191;-3.870593796;36.75501247;0.003125;False;ok;28;1;5.849;
5192;-3.867468796;36.74563747;0.0125;False;ok;75;1;3.166;
5193;-3.854968796;36.65813747;0.1;False;ok;75;1;3.266;
5194;-3.754968796;36.70813747;0.025;False;ok;57;1;3.087;
5195;-3.729968796;36.70813747;0.025;False;ok;73;1;5.805;
5196;-3.754968796;36.73313747;0.025;False;ok;74;1;5.662;
5197;-3.729968796;36.73313747;0.025;False;ok;72;1;5.690;
5198;-3.704968796;36.70813747;0.025;False;ok;75;1;5.577;
5199;-3.679968796;36.70813747;0.025;False;ok;14;1;3.016;
5200;-3.704968796;36.73313747;0.025;False;ok;75;1;5.084;
5201;-3.679968796;36.73313747;0.025;False;ok;73;1;3.294;
5202;-3.654968796;36.70813747;0.05;False;ok;75;1;5.050;
5203;-3.604968796;36.70813747;0.05;False;ok;74;1;5.441;
5204;-3.554968796;36.65813747;0.1;False;ok;75;1;3.330;
5205;-3.454968796;36.65813747;0.1;False;ok;61;1;5.204;
5206;-3.354968796;36.65813747;0.1;False;ok;29;1;5.121;
5207;-3.254968796;36.65813747;0.1;False;ok;10;1;2.972;
5208;-3.154968796;36.65813747;0.1;False;ok;12;1;2.939;
5209;-3.054968796;36.65813747;0.1;False;ok;25;1;2.952;
5210;-2.954968796;36.65813747;0.1;False;ok;12;1;4.698;
5211;-2.854968796;36.65813747;0.1;False;ok;72;1;4.964;
5212;-2.654968796;36.65813747;0.05;False;ok;0;1;3.523;
5213;-2.654968796;36.70813747;0.025;False;ok;74;1;3.059;
5214;-2.629968796;36.70813747;0.025;False;ok;75;1;5.293;
5215;-2.654968796;36.73313747;0.025;False;ok;2;1;5.074;
5216;-2.629968796;36.73313747;0.025;False;ok;74;1;3.316;
5217;-6.454968796;36.75813747;0.1;False;ok;74;1;5.037;
5218;-6.354968796;36.75813747;0.0125;False;ok;4;1;3.206;
5219;-6.342468796;36.75813747;0.0125;False;ok;1;1;3.058;
5220;-6.354968796;36.77063747;0.0125;False;ok;75;1;5.423;
5221;-6.342468796;36.77063747;0.0125;False;ok;8;1;5.068;
5222;-6.329968796;36.75813747;0.025;False;ok;3;1;5.349;
5223;-6.354968796;36.78313747;0.025;False;ok;75;1;3.348;
5224;-6.329968796;36.78313747;0.025;False;ok;27;1;5.429;
5225;-6.304968796;36.75813747;0.05;False;ok;1;1;5.155;
5226;-6.354968796;36.80813747;0.05;False;ok;1;1;4.970;
5227;-6.054968796;36.75813747;0.1;False;ok;5;1;5.020;
5228;-5.954968796;36.75813747;0.1;False;ok;1;1;4.957;
5229;-5.854968796;36.75813747;0.1;False;ok;24;1;5.334;
5230;-5.754968796;36.75813747;0.1;False;ok;12;1;2.854;
5231;-5.654968796;36.75813747;0.1;False;ok;43;1;2.965;
5232;-5.554968796;36.75813747;0.1;False;ok;73;1;3.052;
5233;-5.454968796;36.75813747;0.1;False;ok;73;1;5.390;
5234;-5.354968796;36.75813747;0.1;False;ok;73;1;3.043;
5235;-5.254968796;36.75813747;0.1;False;ok;51;1;3.108;
5236;-5.154968796;36.75813747;0.1;False;ok;74;1;5.499;
5237;-5.054968796;36.75813747;0.1;False;ok;1;1;2.776;
5238;-4.954968796;36.75813747;0.1;False;ok;8;1;5.674;
5239;-4.854968796;36.75813747;0.1;False;ok;44;1;5.615;
5240;-4.754968796;36.75813747;0.1;False;ok;75;1;5.836;
5241;-4.654968796;36.75813747;0.1;False;ok;19;1;3.267;
5242;-4.554968796;36.75813747;0.1;False;ok;36;1;3.312;
5243;-4.454968796;36.75813747;0.1;False;ok;13;1;5.560;
5244;-4.354968796;36.75813747;0.1;False;ok;32;1;5.602;
5245;-4.254968796;36.75813747;0.1;False;ok;75;1;5.914;
5246;-4.154968796;36.75813747;0.1;False;ok;74;1;6.121;
5247;-4.054968796;36.75813747;0.05;False;ok;74;1;5.947;
5248;-4.004968796;36.75813747;0.05;False;ok;75;1;3.350;
5249;-4.054968796;36.80813747;0.05;False;ok;52;1;5.751;
5250;-4.004968796;36.80813747;0.025;False;ok;29;1;3.301;
5251;-3.979968796;36.80813747;0.025;False;ok;75;1;3.432;
5252;-4.004968796;36.83313747;0.025;False;ok;44;1;3.246;
5253;-3.979968796;36.83313747;0.025;False;ok;51;1;5.698;
5254;-3.954968796;36.75813747;0.025;False;ok;69;1;5.580;
5255;-3.929968796;36.75813747;0.025;False;ok;57;1;5.769;
5256;-3.954968796;36.78313747;0.025;False;ok;19;1;3.158;
5257;-3.929968796;36.78313747;0.025;False;ok;74;1;5.680;
5258;-3.904968796;36.75813747;0.0125;False;ok;29;1;3.278;
5259;-3.892468796;36.75813747;0.0125;False;ok;72;1;5.656;
5260;-3.904968796;36.77063747;0.0125;False;ok;55;1;3.315;
5261;-3.892468796;36.77063747;0.0125;False;ok;17;1;3.187;
5262;-3.879968796;36.75813747;0.0125;False;ok;75;1;3.341;
5263;-3.867468796;36.75813747;0.0125;False;ok;75;1;3.319;
5264;-3.904968796;36.78313747;0.025;False;ok;75;1;5.831;
5265;-3.954968796;36.80813747;0.05;False;ok;36;1;5.591;
5266;-3.904968796;36.80813747;0.05;False;ok;1;1;5.428;
5267;-3.854968796;36.75813747;0.1;False;ok;38;1;5.476;
5268;-3.754968796;36.75813747;0.1;False;ok;36;1;5.444;
5269;-3.654968796;36.75813747;0.1;False;ok;41;1;3.185;
5270;-3.554968796;36.75813747;0.1;False;ok;33;1;5.603;
5271;-3.454968796;36.75813747;0.1;False;ok;11;1;3.175;
5272;-3.354968796;36.75813747;0.1;False;ok;24;1;5.553;
5273;-3.254968796;36.75813747;0.1;False;ok;8;1;5.821;
5274;-3.154968796;36.75813747;0.1;False;ok;7;1;5.435;
5275;-3.054968796;36.75813747;0.1;False;ok;5;1;5.809;
5276;-2.954968796;36.75813747;0.1;False;ok;6;1;5.481;
5277;-2.854968796;36.75813747;0.1;False;ok;10;1;3.219;
5278;-2.754968796;36.75813747;0.1;False;ok;1;1;3.310;
5279;-2.654968796;36.75813747;0.05;False;ok;56;1;5.927;
5280;-2.604968796;36.75813747;0.05;False;ok;69;1;3.375;
5281;-2.654968796;36.80813747;0.05;False;ok;25;1;3.312;
5282;-2.604968796;36.80813747;0.05;False;ok;74;1;5.729;
5283;-2.554968796;36.75813747;0.1;False;ok;74;1;3.400;
5284;-2.454968796;36.75813747;0.1;False;ok;74;1;5.926;
5285;-2.354968796;36.75813747;0.1;False;ok;73;1;3.207;
5286;-6.154968796;36.85813747;0.1;False;ok;13;1;3.032;
5287;-5.854968796;36.85813747;0.1;False;ok;2;1;5.640;
5288;-5.754968796;36.85813747;0.1;False;ok;1;1;3.016;
5289;-5.654968796;36.85813747;0.1;False;ok;8;1;5.707;
5290;-5.554968796;36.85813747;0.1;False;ok;4;1;5.779;
5291;-5.454968796;36.85813747;0.1;False;ok;66;1;5.977;
5292;-5.354968796;36.85813747;0.1;False;ok;72;1;3.181;
5293;-5.254968796;36.85813747;0.1;False;ok;75;1;3.121;
5294;-5.154968796;36.85813747;0.1;False;ok;2;1;5.677;
5295;-5.054968796;36.85813747;0.1;False;ok;24;1;5.977;
5296;-4.954968796;36.85813747;0.1;False;ok;7;1;5.730;
5297;-4.854968796;36.85813747;0.1;False;ok;75;1;5.985;
5298;-4.754968796;36.85813747;0.1;False;ok;75;1;6.087;
5299;-4.654968796;36.85813747;0.1;False;ok;75;1;5.808;
5300;-4.554968796;36.85813747;0.1;False;ok;43;1;3.137;
5301;-4.454968796;36.85813747;0.1;False;ok;38;1;5.936;
5302;-4.354968796;36.85813747;0.1;False;ok;55;1;3.106;
5303;-4.254968796;36.85813747;0.1;False;ok;74;1;5.892;
5304;-4.154968796;36.85813747;0.1;False;ok;75;1;3.319;
5305;-4.054968796;36.85813747;0.1;False;ok;16;1;3.058;
5306;-3.954968796;36.85813747;0.1;False;ok;4;1;3.062;
5307;-3.654968796;36.85813747;0.1;False;ok;57;1;3.304;
5308;-3.554968796;36.85813747;0.1;False;ok;75;1;5.849;
5309;-3.454968796;36.85813747;0.1;False;ok;75;1;5.875;
5310;-3.354968796;36.85813747;0.1;False;ok;75;1;3.257;
5311;-3.254968796;36.85813747;0.1;False;ok;9;1;3.222;
5312;-3.154968796;36.85813747;0.1;False;ok;4;1;5.808;
5313;-2.754968796;36.85813747;0.1;False;ok;3;1;5.497;
5314;-2.654968796;36.85813747;0.1;False;ok;19;1;5.816;
5315;-2.454968796;36.85813747;0.1;False;ok;16;1;2.953;
5316;-2.354968796;36.85813747;0.1;False;ok;2;1;2.927;
5317;-6.654968796;36.95813747;0.1;False;ok;36;1;5.671;
5318;-6.554968796;36.95813747;0.1;False;ok;56;1;6.116;
5319;-5.954968796;36.95813747;0.1;False;ok;3;1;3.067;
5320;-5.854968796;36.95813747;0.1;False;ok;1;1;2.951;
5321;-5.654968796;36.95813747;0.1;False;ok;13;1;5.850;
5322;-5.554968796;36.95813747;0.1;False;ok;1;1;5.951;
5323;-5.454968796;36.95813747;0.1;False;ok;6;1;5.856;
5324;-5.354968796;36.95813747;0.1;False;ok;6;1;5.772;
5325;-5.254968796;36.95813747;0.1;False;ok;8;1;5.772;
5326;-5.154968796;36.95813747;0.1;False;ok;4;1;5.598;
5327;-4.954968796;36.95813747;0.1;False;ok;20;1;3.108;
5328;-4.754968796;36.95813747;0.1;False;ok;6;1;3.058;
5329;-4.654968796;36.95813747;0.1;False;ok;74;1;5.917;
5330;-4.554968796;36.95813747;0.1;False;ok;11;1;3.134;
5331;-4.454968796;36.95813747;0.1;False;ok;20;1;3.110;
5332;-4.354968796;36.95813747;0.1;False;ok;31;1;5.814;
5333;-4.254968796;36.95813747;0.1;False;ok;8;1;3.121;
5334;-4.154968796;36.95813747;0.1;False;ok;3;1;3.067;
5335;-4.054968796;36.95813747;0.1;False;ok;20;1;5.671;
5336;-3.954968796;36.95813747;0.1;False;ok;6;1;5.696;
5337;-3.654968796;36.95813747;0.1;False;ok;74;1;3.385;
5338;-3.554968796;36.95813747;0.1;False;ok;38;1;5.776;
5339;-3.454968796;36.95813747;0.1;False;ok;59;1;3.314;
5340;-3.354968796;36.95813747;0.1;False;ok;34;1;5.776;
5341;-3.254968796;36.95813747;0.1;False;ok;11;1;5.575;
5342;-3.154968796;36.95813747;0.1;False;ok;27;1;3.248;
5343;-3.054968796;36.95813747;0.1;False;ok;18;1;3.206;
5344;-2.954968796;36.95813747;0.1;False;ok;35;1;5.909;
5345;-2.854968796;36.95813747;0.1;False;ok;11;1;3.237;
5346;-2.754968796;36.95813747;0.1;False;ok;11;1;3.150;
5347;-2.654968796;36.95813747;0.1;False;ok;10;1;5.786;
5348;-2.554968796;36.95813747;0.1;False;ok;3;1;5.741;
5349;-2.454968796;36.95813747;0.1;False;ok;19;1;5.819;
5350;-6.954968796;37.05813747;0.1;False;ok;4;1;5.606;
5351;-6.854968796;37.05813747;0.1;False;ok;54;1;5.769;
5352;-6.554968796;37.05813747;0.1;False;ok;65;1;5.816;
5353;-5.954968796;37.05813747;0.1;False;ok;3;1;5.459;
5354;-5.654968796;37.05813747;0.1;False;ok;1;1;3.129;
5355;-5.554968796;37.05813747;0.1;False;ok;4;1;3.216;
5356;-5.454968796;37.05813747;0.1;False;ok;4;1;3.192;
5357;-5.254968796;37.05813747;0.1;False;ok;0;1;3.877;
5358;-5.154968796;37.05813747;0.1;False;ok;5;1;5.075;
5359;-5.054968796;37.05813747;0.1;False;ok;1;1;5.103;
5360;-4.954968796;37.05813747;0.1;False;ok;4;1;3.101;
5361;-4.854968796;37.05813747;0.1;False;ok;8;1;3.109;
5362;-4.754968796;37.05813747;0.1;False;ok;22;1;4.621;
5363;-4.654968796;37.05813747;0.1;False;ok;1;1;4.360;
5364;-4.554968796;37.05813747;0.1;False;ok;8;1;4.224;
5365;-4.454968796;37.05813747;0.1;False;ok;43;1;4.228;
5366;-4.354968796;37.05813747;0.1;False;ok;29;1;2.840;
5367;-4.254968796;37.05813747;0.1;False;ok;1;1;2.864;
5368;-4.154968796;37.05813747;0.1;False;ok;11;1;3.850;
5369;-4.054968796;37.05813747;0.1;False;ok;5;1;2.406;
5370;-3.954968796;37.05813747;0.1;False;ok;5;1;3.910;
5371;-3.754968796;37.05813747;0.1;False;ok;18;1;3.845;
5372;-3.654968796;37.05813747;0.05;False;ok;40;1;4.241;
5373;-3.604968796;37.05813747;0.05;False;ok;12;1;4.147;
5374;-3.654968796;37.10813747;0.05;False;ok;54;1;2.362;
5375;-3.604968796;37.10813747;0.05;False;ok;73;1;2.475;
5376;-3.554968796;37.05813747;0.1;False;ok;75;1;4.570;
5377;-3.404968796;37.08938747;0.00625;False;ok;49;1;2.282;
5378;-3.398718796;37.08938747;0.003125;False;ok;7;1;4.217;
5379;-3.398718796;37.09251247;0.003125;False;ok;74;1;4.277;
5380;-3.395593796;37.09251247;0.003125;False;ok;49;1;4.671;
5381;-3.392468796;37.08313747;0.0125;False;ok;14;1;2.648;
5382;-3.404968796;37.09563747;0.00625;False;ok;7;1;2.667;
5383;-3.398718796;37.09563747;0.003125;False;ok;74;1;2.994;
5384;-3.395593796;37.09563747;0.003125;False;ok;71;1;5.135;
5385;-3.398718796;37.09876247;0.003125;False;ok;0;1;3.917;
5386;-3.395593796;37.09876247;0.003125;False;ok;5;1;5.457;
5387;-3.398718796;37.10188747;0.00625;False;ok;1;1;5.811;
5388;-3.392468796;37.09563747;0.0125;False;ok;1;1;3.066;
5389;-3.454968796;37.10813747;0.05;False;ok;26;1;3.113;
5390;-3.254968796;37.05813747;0.1;False;ok;1;1;5.611;
5391;-2.854968796;37.05813747;0.1;False;ok;8;1;5.704;
5392;-2.754968796;37.05813747;0.1;False;ok;0;1;6.219;
5393;-2.554968796;37.05813747;0.1;False;ok;4;1;5.598;
5394;-2.454968796;37.05813747;0.1;False;ok;12;1;5.440;
5395;-2.354968796;37.05813747;0.1;False;ok;7;1;5.351;
5396;-7.429968796;37.18313747;0.025;True;ok;0;1;5.636;
5397;-7.404968796;37.15813747;0.05;False;ok;75;1;3.314;
5398;-7.454968796;37.20813747;0.05;True;ok;72;1;3.468;
5399;-7.404968796;37.20813747;0.05;False;ok;47;1;5.621;
5400;-7.354968796;37.15813747;0.1;False;ok;75;1;5.583;
5401;-7.254968796;37.15813747;0.05;False;ok;64;1;3.346;
5402;-7.204968796;37.15813747;0.05;False;ok;1;1;5.215;
5403;-7.254968796;37.20813747;0.05;False;ok;72;1;3.379;
5404;-7.204968796;37.20813747;0.05;False;ok;8;1;3.175;
5405;-7.154968796;37.15813747;0.1;False;ok;69;1;5.881;
5406;-7.054968796;37.15813747;0.1;False;ok;72;1;3.424;
5407;-6.954968796;37.15813747;0.1;False;ok;63;1;5.741;
5408;-6.854968796;37.15813747;0.1;False;ok;1;1;3.074;
5409;-6.554968796;37.15813747;0.1;False;ok;6;1;5.984;
5410;-6.354968796;37.15813747;0.1;False;ok;8;1;3.175;
5411;-6.254968796;37.15813747;0.1;False;ok;0;1;6.490;
5412;-6.054968796;37.15813747;0.1;False;ok;2;1;3.034;
5413;-5.954968796;37.15813747;0.1;False;ok;7;1;5.750;
5414;-5.854968796;37.15813747;0.1;False;ok;22;1;5.841;
5415;-5.654968796;37.15813747;0.1;False;ok;0;1;3.753;
5416;-5.554968796;37.15813747;0.1;False;ok;5;1;3.076;
5417;-5.454968796;37.15813747;0.1;False;ok;5;1;5.810;
5418;-5.354968796;37.15813747;0.1;False;ok;38;1;5.923;
5419;-5.154968796;37.15813747;0.1;False;ok;16;1;5.870;
5420;-4.954968796;37.15813747;0.1;False;ok;4;1;5.861;
5421;-4.854968796;37.15813747;0.1;False;ok;20;1;5.921;
5422;-4.654968796;37.15813747;0.1;False;ok;2;1;3.062;
5423;-4.554968796;37.15813747;0.1;False;ok;11;1;5.873;
5424;-4.454968796;37.15813747;0.1;False;ok;21;1;5.889;
5425;-4.354968796;37.15813747;0.1;False;ok;37;1;5.758;
5426;-4.254968796;37.15813747;0.1;False;ok;11;1;3.062;
5427;-4.154968796;37.15813747;0.1;False;ok;6;1;3.092;
5428;-4.054968796;37.15813747;0.1;False;ok;6;1;3.033;
5429;-3.954968796;37.15813747;0.1;False;ok;6;1;5.629;
5430;-3.854968796;37.15813747;0.1;False;ok;11;1;3.103;
5431;-3.754968796;37.15813747;0.1;False;ok;48;1;3.211;
5432;-3.654968796;37.15813747;0.05;False;ok;75;1;3.371;
5433;-3.604968796;37.15813747;0.0125;False;ok;75;1;6.099;
5434;-3.592468796;37.15813747;0.0125;False;ok;44;1;3.144;
5435;-3.604968796;37.17063747;0.003125;False;ok;61;1;5.768;
5436;-3.601843796;37.17063747;0.003125;False;ok;49;1;5.953;
5437;-3.604968796;37.17376247;0.003125;False;ok;72;1;3.250;
5438;-3.601843796;37.17376247;0.003125;False;ok;75;1;6.078;
5439;-3.598718796;37.17063747;0.003125;False;ok;75;1;3.400;
5440;-3.595593796;37.17063747;0.003125;False;ok;47;1;5.917;
5441;-3.598718796;37.17376247;0.003125;False;ok;75;1;6.189;
5442;-3.595593796;37.17376247;0.003125;False;ok;67;1;6.071;
5443;-3.604968796;37.17688747;0.003125;False;ok;34;1;3.193;
5444;-3.601843796;37.17688747;0.003125;False;ok;75;1;6.039;
5445;-3.604968796;37.18001247;0.003125;False;ok;23;1;5.970;
5446;-3.601843796;37.18001247;0.003125;False;ok;74;1;5.903;
5447;-3.598718796;37.17688747;0.003125;False;ok;75;1;3.359;
5448;-3.595593796;37.17688747;0.003125;False;ok;74;1;5.866;
5449;-3.598718796;37.18001247;0.003125;False;ok;45;1;5.633;
5450;-3.595593796;37.18001247;0.003125;False;ok;29;1;3.400;
5451;-3.592468796;37.17063747;0.0125;False;ok;75;1;5.917;
5452;-3.579968796;37.15813747;0.025;False;ok;12;1;3.194;
5453;-3.604968796;37.18313747;0.025;False;ok;74;1;3.252;
5454;-3.654968796;37.20813747;0.05;False;ok;31;1;5.628;
5455;-3.604968796;37.20813747;0.05;False;ok;34;1;3.290;
5456;-3.554968796;37.15813747;0.1;False;ok;72;1;3.240;
5457;-3.454968796;37.15813747;0.1;False;ok;47;1;5.417;
5458;-3.254968796;37.15813747;0.1;False;ok;15;1;3.075;
5459;-3.154968796;37.15813747;0.1;False;ok;15;1;3.062;
5460;-3.054968796;37.15813747;0.1;False;ok;0;1;6.153;
5461;-2.954968796;37.15813747;0.1;False;ok;0;1;6.249;
5462;-2.754968796;37.15813747;0.1;False;ok;2;1;3.012;
5463;-2.454968796;37.15813747;0.1;False;ok;2;1;5.202;
5464;-2.354968796;37.15813747;0.1;False;ok;1;1;5.540;
5465;-7.454968796;37.25813747;0.1;True;ok;47;1;3.210;
5466;-7.354968796;37.25813747;0.1;False;ok;6;1;5.618;
5467;-7.254968796;37.25813747;0.1;False;ok;8;1;3.152;
5468;-7.154968796;37.25813747;0.1;False;ok;9;1;5.766;
5469;-7.054968796;37.25813747;0.1;False;ok;18;1;5.629;
5470;-6.954968796;37.25813747;0.1;False;ok;37;1;5.786;
5471;-6.854968796;37.25813747;0.1;False;ok;15;1;5.809;
5472;-6.754968796;37.25813747;0.1;False;ok;4;1;3.167;
5473;-6.654968796;37.25813747;0.1;False;ok;3;1;5.803;
5474;-6.554968796;37.25813747;0.1;False;ok;10;1;5.768;
5475;-6.454968796;37.25813747;0.1;False;ok;9;1;5.593;
5476;-6.354968796;37.25813747;0.1;False;ok;7;1;3.196;
5477;-6.254968796;37.25813747;0.1;False;ok;20;1;3.211;
5478;-6.154968796;37.25813747;0.1;False;ok;36;1;3.367;
5479;-6.054968796;37.25813747;0.1;False;ok;73;1;5.405;
5480;-5.954968796;37.25813747;0.1;False;ok;53;1;3.243;
5481;-5.854968796;37.25813747;0.1;False;ok;35;1;3.246;
5482;-5.554968796;37.25813747;0.1;False;ok;5;1;4.609;
5483;-5.454968796;37.25813747;0.1;False;ok;18;1;3.228;
5484;-5.254968796;37.25813747;0.1;False;ok;11;1;3.023;
5485;-4.954968796;37.25813747;0.1;False;ok;3;1;3.697;
5486;-4.854968796;37.25813747;0.1;False;ok;5;1;3.474;
5487;-4.754968796;37.25813747;0.1;False;ok;2;1;2.804;
5488;-4.554968796;37.25813747;0.1;False;ok;3;1;3.126;
5489;-4.454968796;37.25813747;0.1;False;ok;25;1;3.208;
5490;-4.354968796;37.25813747;0.1;False;ok;42;1;2.687;
5491;-4.254968796;37.25813747;0.1;False;ok;28;1;2.822;
5492;-4.154968796;37.25813747;0.1;False;ok;19;1;2.683;
5493;-4.054968796;37.25813747;0.1;False;ok;38;1;2.677;
5494;-3.954968796;37.25813747;0.1;False;ok;25;1;2.515;
5495;-3.854968796;37.25813747;0.1;False;ok;15;1;2.222;
5496;-3.754968796;37.25813747;0.1;False;ok;6;1;2.177;
5497;-3.654968796;37.25813747;0.1;False;ok;8;1;1.995;
5498;-3.354968796;37.25813747;0.1;False;ok;6;1;1.937;
5499;-3.254968796;37.25813747;0.1;False;ok;27;1;2.071;
5500;-3.154968796;37.25813747;0.1;False;ok;67;1;2.021;
5501;-2.554968796;37.25813747;0.1;False;ok;7;1;1.558;
5502;-2.454968796;37.25813747;0.1;False;ok;11;1;1.170;
5503;-2.354968796;37.25813747;0.1;False;ok;50;1;1.016;
5504;-7.254968796;37.35813747;0.1;False;ok;1;1;0.887;
5505;-7.154968796;37.35813747;0.1;False;ok;2;1;0.758;
5506;-7.054968796;37.35813747;0.1;False;ok;4;1;0.667;
5507;-6.854968796;37.35813747;0.1;False;ok;5;1;0.662;
5508;-6.754968796;37.35813747;0.1;False;ok;4;1;0.693;
5509;-6.554968796;37.35813747;0.1;False;ok;8;1;0.786;
5510;-6.454968796;37.35813747;0.1;False;ok;6;1;0.777;
5511;-6.254968796;37.35813747;0.1;False;ok;26;1;1.082;
5512;-6.154968796;37.35813747;0.1;False;ok;75;1;1.267;
5513;-6.054968796;37.35813747;0.05;False;ok;73;1;1.258;
5514;-5.992468796;37.35813747;0.0125;False;ok;13;1;1.284;
5515;-6.004968796;37.37063747;0.00625;False;ok;31;1;1.256;
5516;-5.998718796;37.37063747;0.00625;False;ok;30;1;1.195;
5517;-6.004968796;37.37688747;0.00625;False;ok;74;1;1.361;
5518;-5.998718796;37.37688747;0.00625;False;ok;43;1;1.247;
5519;-5.992468796;37.37063747;0.0125;False;ok;74;1;1.351;
5520;-5.979968796;37.35813747;0.025;False;ok;74;1;1.358;
5521;-6.004968796;37.38313747;0.00625;False;ok;74;1;1.487;
5522;-5.998718796;37.38313747;0.003125;False;ok;75;1;1.397;
5523;-5.995593796;37.38313747;0.003125;False;ok;61;1;1.369;
5524;-5.998718796;37.38626247;0.003125;False;ok;75;1;1.328;
5525;-5.995593796;37.38626247;0.003125;False;ok;75;1;1.393;
5526;-6.004968796;37.38938747;0.00625;False;ok;75;1;1.445;
5527;-5.998718796;37.38938747;0.003125;False;ok;75;1;1.248;
5528;-5.995593796;37.38938747;0.003125;False;ok;75;1;1.221;
5529;-5.998718796;37.39251247;0.003125;False;ok;46;1;0.992;
5530;-5.995593796;37.39251247;0.003125;False;ok;75;1;1.102;
5531;-5.992468796;37.38313747;0.003125;False;ok;75;1;0.752;
5532;-5.989343796;37.38313747;0.003125;False;ok;53;1;0.801;
5533;-5.992468796;37.38626247;0.003125;False;ok;75;1;0.893;
5534;-5.989343796;37.38626247;0.003125;False;ok;74;1;0.898;
5535;-5.986218796;37.38313747;0.00625;False;ok;75;1;0.899;
5536;-5.992468796;37.38938747;0.003125;False;ok;75;1;0.916;
5537;-5.989343796;37.38938747;0.003125;False;ok;75;1;1.022;
5538;-5.992468796;37.39251247;0.003125;False;ok;65;1;1.073;
5539;-5.989343796;37.39251247;0.003125;False;ok;75;1;1.165;
5540;-5.986218796;37.38938747;0.00625;False;ok;75;1;1.046;
5541;-6.004968796;37.39563747;0.00625;False;ok;42;1;1.022;
5542;-5.998718796;37.39563747;0.003125;False;ok;75;1;1.128;
5543;-5.995593796;37.39563747;0.003125;False;ok;74;1;1.209;
5544;-5.998718796;37.39876247;0.003125;False;ok;55;1;1.083;
5545;-5.995593796;37.39876247;0.003125;False;ok;75;1;1.078;
5546;-5.998718796;37.40188747;0.00625;False;ok;36;1;1.043;
5547;-5.992468796;37.39563747;0.003125;False;ok;75;1;1.108;
5548;-5.989343796;37.39563747;0.003125;False;ok;64;1;1.092;
5549;-5.992468796;37.39876247;0.003125;False;ok;74;1;1.134;
5550;-5.989343796;37.39876247;0.003125;False;ok;61;1;1.063;
5551;-5.986218796;37.39563747;0.00625;False;ok;74;1;1.122;
5552;-5.992468796;37.40188747;0.00625;False;ok;71;1;0.969;
5553;-5.986218796;37.40188747;0.00625;False;ok;33;1;0.771;
5554;-5.979968796;37.38313747;0.025;False;ok;73;1;0.961;
5555;-6.054968796;37.40813747;0.05;False;ok;27;1;0.814;
5556;-6.004968796;37.40813747;0.05;False;ok;51;1;0.796;
5557;-5.954968796;37.35813747;0.1;False;ok;74;1;0.880;
5558;-5.854968796;37.35813747;0.1;False;ok;15;1;0.727;
5559;-5.754968796;37.35813747;0.1;False;ok;9;1;0.632;
5560;-5.554968796;37.35813747;0.1;False;ok;0;1;1.521;
5561;-5.354968796;37.35813747;0.1;False;ok;0;1;1.466;
5562;-4.854968796;37.35813747;0.1;False;ok;11;1;0.935;
5563;-4.754968796;37.35813747;0.1;False;ok;4;1;0.915;
5564;-4.654968796;37.35813747;0.1;False;ok;10;1;1.020;
5565;-4.554968796;37.35813747;0.1;False;ok;43;1;1.012;
5566;-4.454968796;37.35813747;0.1;False;ok;9;1;1.015;
5567;-4.354968796;37.35813747;0.1;False;ok;27;1;1.037;
5568;-4.254968796;37.35813747;0.1;False;ok;53;1;1.234;
5569;-4.154968796;37.35813747;0.1;False;ok;24;1;1.142;
5570;-4.054968796;37.35813747;0.1;False;ok;7;1;1.054;
5571;-3.954968796;37.35813747;0.1;False;ok;10;1;0.987;
5572;-3.854968796;37.35813747;0.1;False;ok;20;1;1.042;
5573;-3.754968796;37.35813747;0.1;False;ok;3;1;0.997;
5574;-3.654968796;37.35813747;0.1;False;ok;0;1;1.726;
5575;-3.254968796;37.35813747;0.1;False;ok;8;1;0.972;
5576;-3.054968796;37.35813747;0.1;False;ok;7;1;0.913;
5577;-2.954968796;37.35813747;0.1;False;ok;5;1;0.841;
5578;-2.754968796;37.35813747;0.1;False;ok;3;1;0.846;
5579;-2.654968796;37.35813747;0.1;False;ok;0;1;1.530;
5580;-2.354968796;37.35813747;0.1;False;ok;4;1;0.637;
5581;-7.554968796;37.45813747;0.1;True;ok;20;1;0.737;
5582;-7.354968796;37.45813747;0.1;False;ok;2;1;0.733;
5583;-6.254968796;37.45813747;0.1;False;ok;15;1;0.777;
5584;-6.154968796;37.45813747;0.1;False;ok;3;1;0.787;
5585;-6.054968796;37.45813747;0.1;False;ok;26;1;0.871;
5586;-5.954968796;37.45813747;0.1;False;ok;10;1;0.882;
5587;-5.854968796;37.45813747;0.1;False;ok;3;1;1.007;
5588;-5.754968796;37.45813747;0.1;False;ok;11;1;1.037;
5589;-5.654968796;37.45813747;0.1;False;ok;44;1;1.178;
5590;-5.354968796;37.45813747;0.1;False;ok;11;1;1.026;
5591;-5.254968796;37.45813747;0.1;False;ok;2;1;0.970;
5592;-5.154968796;37.45813747;0.1;False;ok;38;1;1.091;
5593;-4.654968796;37.45813747;0.1;False;ok;7;1;0.955;
5594;-4.554968796;37.45813747;0.1;False;ok;7;1;1.002;
5595;-4.454968796;37.45813747;0.1;False;ok;17;1;1.128;
5596;-4.354968796;37.45813747;0.1;False;ok;43;1;1.287;
5597;-4.254968796;37.45813747;0.1;False;ok;28;1;1.092;
5598;-4.154968796;37.45813747;0.1;False;ok;15;1;0.964;
5599;-4.054968796;37.45813747;0.1;False;ok;12;1;0.912;
5600;-3.954968796;37.45813747;0.1;False;ok;28;1;0.920;
5601;-3.854968796;37.45813747;0.1;False;ok;10;1;0.794;
5602;-3.654968796;37.45813747;0.1;False;ok;8;1;0.705;
5603;-3.554968796;37.45813747;0.1;False;ok;1;1;0.709;
5604;-3.354968796;37.45813747;0.1;False;ok;0;1;1.426;
5605;-3.154968796;37.45813747;0.1;False;ok;1;1;0.767;
5606;-3.054968796;37.45813747;0.1;False;ok;14;1;0.770;
5607;-2.954968796;37.45813747;0.1;False;ok;17;1;0.826;
5608;-2.854968796;37.45813747;0.1;False;ok;19;1;0.862;
5609;-2.754968796;37.45813747;0.1;False;ok;22;1;0.892;
5610;-2.654968796;37.45813747;0.1;False;ok;2;1;0.849;
5611;-2.554968796;37.45813747;0.1;False;ok;0;1;1.610;
5612;-2.354968796;37.45813747;0.1;False;ok;5;1;0.890;
5613;-7.454968796;37.55813747;0.1;False;ok;1;1;0.950;
5614;-6.854968796;37.55813747;0.1;False;ok;0;1;1.654;
5615;-6.754968796;37.55813747;0.1;False;ok;3;1;0.951;
5616;-6.554968796;37.55813747;0.1;False;ok;3;1;0.966;
5617;-6.354968796;37.55813747;0.1;False;ok;4;1;0.936;
5618;-6.254968796;37.55813747;0.1;False;ok;6;1;0.993;
5619;-6.154968796;37.55813747;0.1;False;ok;18;1;1.022;
5620;-5.954968796;37.55813747;0.1;False;ok;3;1;0.980;
5621;-5.854968796;37.55813747;0.1;False;ok;14;1;0.954;
5622;-5.754968796;37.55813747;0.1;False;ok;9;1;0.920;
5623;-5.654968796;37.55813747;0.1;False;ok;0;1;1.605;
5624;-5.554968796;37.55813747;0.1;False;ok;7;1;0.822;
5625;-5.154968796;37.55813747;0.1;False;ok;1;1;0.848;
5626;-5.054968796;37.55813747;0.1;False;ok;7;1;0.729;
5627;-4.954968796;37.55813747;0.1;False;ok;9;1;0.777;
5628;-4.854968796;37.55813747;0.1;False;ok;3;1;0.669;
5629;-4.754968796;37.55813747;0.1;False;ok;21;1;0.737;
5630;-4.654968796;37.55813747;0.1;False;ok;20;1;0.769;
5631;-4.354968796;37.55813747;0.1;False;ok;51;1;0.837;
5632;-4.254968796;37.55813747;0.1;False;ok;1;1;0.753;
5633;-4.154968796;37.55813747;0.1;False;ok;11;1;0.825;
5634;-4.054968796;37.55813747;0.1;False;ok;2;1;0.744;
5635;-3.954968796;37.55813747;0.1;False;ok;7;1;0.785;
5636;-3.854968796;37.55813747;0.1;False;ok;4;1;0.890;
5637;-3.654968796;37.55813747;0.1;False;ok;6;1;0.878;
5638;-3.554968796;37.55813747;0.1;False;ok;9;1;0.911;
5639;-3.054968796;37.55813747;0.1;False;ok;1;1;0.829;
5640;-2.954968796;37.55813747;0.1;False;ok;8;1;0.943;
5641;-2.854968796;37.55813747;0.1;False;ok;6;1;0.915;
5642;-2.754968796;37.55813747;0.1;False;ok;9;1;0.877;
5643;-2.654968796;37.55813747;0.1;False;ok;3;1;0.872;
5644;-2.554968796;37.55813747;0.1;False;ok;1;1;0.877;
5645;-2.454968796;37.55813747;0.1;False;ok;1;1;0.951;
5646;-2.354968796;37.55813747;0.1;False;ok;0;1;1.585;
5647;-6.954968796;37.65813747;0.1;False;ok;3;1;0.927;
5648;-6.754968796;37.65813747;0.1;False;ok;1;1;0.926;
5649;-6.654968796;37.65813747;0.1;False;ok;4;1;0.875;
5650;-6.554968796;37.65813747;0.1;False;ok;2;1;0.968;
5651;-6.454968796;37.65813747;0.1;False;ok;0;1;1.680;
5652;-6.354968796;37.65813747;0.1;False;ok;12;1;1.034;
5653;-6.254968796;37.65813747;0.1;False;ok;20;1;1.103;
5654;-6.154968796;37.65813747;0.1;False;ok;9;1;1.048;
5655;-6.054968796;37.65813747;0.1;False;ok;11;1;1.010;
5656;-5.654968796;37.65813747;0.1;False;ok;2;1;1.019;
5657;-5.554968796;37.65813747;0.1;False;ok;5;1;0.978;
5658;-5.354968796;37.65813747;0.1;False;ok;23;1;0.987;
5659;-5.154968796;37.65813747;0.1;False;ok;6;1;0.980;
5660;-4.954968796;37.65813747;0.1;False;ok;13;1;1.007;
5661;-4.654968796;37.65813747;0.1;False;ok;3;1;0.991;
5662;-4.554968796;37.65813747;0.1;False;ok;6;1;0.953;
5663;-4.154968796;37.65813747;0.1;False;ok;2;1;0.852;
5664;-4.054968796;37.65813747;0.1;False;ok;16;1;0.962;
5665;-3.854968796;37.65813747;0.1;False;ok;6;1;0.790;
5666;-3.754968796;37.65813747;0.1;False;ok;10;1;0.908;
5667;-3.654968796;37.65813747;0.1;False;ok;28;1;0.889;
5668;-3.554968796;37.65813747;0.1;False;ok;3;1;0.735;
5669;-3.454968796;37.65813747;0.1;False;ok;4;1;0.653;
5670;-3.354968796;37.65813747;0.1;False;ok;1;1;0.658;
5671;-3.054968796;37.65813747;0.1;False;ok;35;1;0.836;
5672;-2.954968796;37.65813747;0.1;False;ok;60;1;0.991;
5673;-2.854968796;37.65813747;0.1;False;ok;6;1;0.881;
5674;-2.754968796;37.65813747;0.1;False;ok;6;1;0.981;
5675;-2.654968796;37.65813747;0.1;False;ok;4;1;0.968;
5676;-2.554968796;37.65813747;0.1;False;ok;23;1;1.115;
5677;-2.454968796;37.65813747;0.1;False;ok;4;1;1.017;
5678;-6.754968796;37.75813747;0.1;False;ok;3;1;1.085;
5679;-6.554968796;37.75813747;0.1;False;ok;2;1;0.998;
5680;-6.454968796;37.75813747;0.1;False;ok;13;1;1.258;
5681;-6.354968796;37.75813747;0.1;False;ok;11;1;1.148;
5682;-5.854968796;37.75813747;0.1;False;ok;9;1;1.059;
5683;-5.754968796;37.75813747;0.1;False;ok;1;1;1.072;
5684;-5.454968796;37.75813747;0.1;False;ok;30;1;1.156;
5685;-5.354968796;37.75813747;0.1;False;ok;8;1;1.077;
5686;-5.254968796;37.75813747;0.1;False;ok;27;1;1.073;
5687;-5.154968796;37.75813747;0.1;False;ok;16;1;1.056;
5688;-5.054968796;37.75813747;0.1;False;ok;43;1;1.136;
5689;-4.954968796;37.75813747;0.1;False;ok;12;1;0.949;
5690;-4.854968796;37.75813747;0.1;False;ok;1;1;0.884;
5691;-4.254968796;37.75813747;0.1;False;ok;1;1;0.697;
5692;-3.954968796;37.75813747;0.1;False;ok;8;1;0.698;
5693;-3.854968796;37.75813747;0.1;False;ok;75;1;0.924;
5694;-3.754968796;37.75813747;0.1;False;ok;6;1;0.732;
5695;-3.654968796;37.75813747;0.1;False;ok;10;1;0.713;
5696;-3.554968796;37.75813747;0.1;False;ok;24;1;0.834;
5697;-3.454968796;37.75813747;0.1;False;ok;18;1;0.938;
5698;-3.154968796;37.75813747;0.1;False;ok;27;1;0.930;
5699;-3.054968796;37.75813747;0.1;False;ok;7;1;0.855;
5700;-2.954968796;37.75813747;0.1;False;ok;6;1;0.938;
5701;-2.854968796;37.75813747;0.1;False;ok;56;1;1.132;
5702;-2.754968796;37.75813747;0.1;False;ok;7;1;1.040;
5703;-2.654968796;37.75813747;0.1;False;ok;1;1;1.065;
5704;-2.554968796;37.75813747;0.1;False;ok;23;1;1.100;
5705;-7.054968796;37.85813747;0.1;False;ok;4;1;1.069;
5706;-6.854968796;37.85813747;0.1;False;ok;27;1;1.046;
5707;-6.754968796;37.85813747;0.1;False;ok;75;1;1.332;
5708;-6.654968796;37.85813747;0.1;False;ok;75;1;1.202;
5709;-6.554968796;37.85813747;0.1;False;ok;49;1;1.148;
5710;-6.454968796;37.85813747;0.1;False;ok;2;1;1.092;
5711;-6.354968796;37.85813747;0.1;False;ok;1;1;1.007;
5712;-6.254968796;37.85813747;0.1;False;ok;15;1;1.046;
5713;-6.154968796;37.85813747;0.1;False;ok;12;1;0.907;
5714;-5.954968796;37.85813747;0.1;False;ok;1;1;0.907;
5715;-5.854968796;37.85813747;0.1;False;ok;52;1;0.949;
5716;-5.754968796;37.85813747;0.1;False;ok;17;1;0.925;
5717;-5.654968796;37.85813747;0.1;False;ok;43;1;0.793;
5718;-5.554968796;37.85813747;0.1;False;ok;4;1;0.743;
5719;-5.054968796;37.85813747;0.1;False;ok;5;1;0.763;
5720;-4.954968796;37.85813747;0.1;False;ok;11;1;0.700;
5721;-4.854968796;37.85813747;0.05;False;ok;3;1;0.748;
5722;-4.804968796;37.85813747;0.0125;False;ok;0;1;1.482;
5723;-4.792468796;37.85813747;0.0125;False;ok;16;1;0.994;
5724;-4.804968796;37.87063747;0.0125;False;ok;8;1;0.819;
5725;-4.792468796;37.87063747;0.00625;False;ok;2;1;0.898;
5726;-4.786218796;37.87063747;0.00625;False;ok;49;1;1.100;
5727;-4.792468796;37.87688747;0.00625;False;ok;75;1;1.327;
5728;-4.786218796;37.87688747;0.003125;False;ok;43;1;1.179;
5729;-4.783093796;37.87688747;0.003125;False;ok;53;1;1.280;
5730;-4.786218796;37.88001247;0.003125;False;ok;20;1;1.089;
5731;-4.783093796;37.88001247;0.003125;False;ok;75;1;1.419;
5732;-4.779968796;37.85813747;0.0125;False;ok;21;1;1.210;
5733;-4.779968796;37.87063747;0.00625;False;ok;75;1;1.314;
5734;-4.773718796;37.87063747;0.00625;False;ok;16;1;1.158;
5735;-4.779968796;37.87688747;0.00625;False;ok;75;1;1.344;
5736;-4.773718796;37.87688747;0.00625;False;ok;74;1;1.237;
5737;-4.767468796;37.87063747;0.0125;False;ok;29;1;1.190;
5738;-4.804968796;37.88313747;0.025;False;ok;75;1;1.312;
5739;-4.779968796;37.88313747;0.00625;False;ok;75;1;1.288;
5740;-4.773718796;37.88313747;0.00625;False;ok;75;1;1.293;
5741;-4.779968796;37.88938747;0.00625;False;ok;36;1;1.012;
5742;-4.773718796;37.88938747;0.00625;False;ok;38;1;0.845;
5743;-4.767468796;37.88313747;0.0125;False;ok;37;1;0.772;
5744;-4.767468796;37.89563747;0.0125;False;ok;3;1;0.649;
5745;-4.854968796;37.90813747;0.05;False;ok;12;1;0.577;
5746;-4.804968796;37.90813747;0.05;False;ok;25;1;0.750;
5747;-4.754968796;37.85813747;0.1;False;ok;22;1;0.618;
5748;-4.654968796;37.85813747;0.1;False;ok;4;1;0.808;
5749;-4.554968796;37.85813747;0.1;False;ok;4;1;0.785;
5750;-4.454968796;37.85813747;0.1;False;ok;2;1;0.856;
5751;-4.354968796;37.85813747;0.1;False;ok;1;1;0.914;
5752;-4.254968796;37.85813747;0.1;False;ok;3;1;1.010;
5753;-4.154968796;37.85813747;0.1;False;ok;5;1;1.021;
5754;-4.054968796;37.85813747;0.1;False;ok;3;1;1.086;
5755;-3.854968796;37.85813747;0.1;False;ok;1;1;1.105;
5756;-3.654968796;37.85813747;0.1;False;ok;0;1;1.799;
5757;-3.154968796;37.85813747;0.1;False;ok;7;1;1.222;
5758;-3.004968796;37.85813747;0.05;False;ok;25;1;1.276;
5759;-3.054968796;37.90813747;0.05;False;ok;48;1;1.285;
5760;-3.004968796;37.90813747;0.0125;False;ok;74;1;1.353;
5761;-2.992468796;37.90813747;0.0125;False;ok;3;1;1.107;
5762;-3.004968796;37.92063747;0.0125;False;ok;7;1;1.142;
5763;-2.992468796;37.92063747;0.0125;False;ok;27;1;1.261;
5764;-2.979968796;37.90813747;0.025;False;ok;5;1;1.112;
5765;-3.004968796;37.93313747;0.025;False;ok;4;1;1.141;
5766;-2.979968796;37.93313747;0.025;False;ok;28;1;1.084;
5767;-2.954968796;37.85813747;0.1;False;ok;74;1;1.166;
5768;-2.754968796;37.85813747;0.1;False;ok;4;1;0.873;
5769;-2.454968796;37.85813747;0.1;False;ok;11;1;0.944;
5770;-7.254968796;37.95813747;0.1;True;ok;2;1;0.864;
5771;-6.954968796;37.95813747;0.1;False;ok;0;1;1.459;
5772;-6.854968796;37.95813747;0.1;False;ok;4;1;0.631;
5773;-6.754968796;37.95813747;0.1;False;ok;3;1;0.665;
5774;-6.654968796;37.95813747;0.1;False;ok;4;1;0.688;
5775;-6.454968796;37.95813747;0.1;False;ok;3;1;0.614;
5776;-6.354968796;37.95813747;0.1;False;ok;6;1;0.810;
5777;-6.254968796;37.95813747;0.1;False;ok;1;1;0.763;
5778;-5.954968796;37.95813747;0.1;False;ok;1;1;0.859;
5779;-5.854968796;37.95813747;0.1;False;ok;1;1;0.850;
5780;-5.754968796;37.95813747;0.1;False;ok;6;1;0.881;
5781;-5.654968796;37.95813747;0.1;False;ok;7;1;0.977;
5782;-5.054968796;37.95813747;0.1;False;ok;5;1;0.989;
5783;-4.954968796;37.95813747;0.1;False;ok;3;1;1.043;
5784;-4.854968796;37.95813747;0.1;False;ok;34;1;1.060;
5785;-4.754968796;37.95813747;0.1;False;ok;0;1;1.735;
5786;-4.554968796;37.95813747;0.1;False;ok;11;1;1.018;
5787;-4.354968796;37.95813747;0.1;False;ok;3;1;1.061;
5788;-4.254968796;37.95813747;0.1;False;ok;11;1;0.989;
5789;-4.154968796;37.95813747;0.1;False;ok;25;1;1.130;
5790;-4.054968796;37.95813747;0.1;False;ok;17;1;1.066;
5791;-3.854968796;37.95813747;0.1;False;ok;2;1;1.052;
5792;-3.554968796;37.95813747;0.1;False;ok;75;1;1.154;
5793;-3.454968796;37.95813747;0.1;False;ok;75;1;1.132;
5794;-3.354968796;37.95813747;0.1;False;ok;5;1;0.964;
5795;-3.154968796;37.95813747;0.1;False;ok;8;1;0.845;
5796;-2.954968796;37.95813747;0.1;False;ok;18;1;0.972;
5797;-2.854968796;37.95813747;0.1;False;ok;11;1;0.745;
5798;-2.654968796;37.95813747;0.1;False;ok;3;1;0.814;
5799;-2.554968796;37.95813747;0.1;False;ok;4;1;0.809;
5800;-6.954968796;38.05813747;0.1;False;ok;7;1;0.795;
5801;-6.754968796;38.05813747;0.1;False;ok;5;1;0.800;
5802;-6.654968796;38.05813747;0.1;False;ok;6;1;0.827;
5803;-6.554968796;38.05813747;0.1;False;ok;24;1;0.981;
5804;-6.454968796;38.05813747;0.1;False;ok;6;1;0.795;
5805;-6.354968796;38.05813747;0.1;False;ok;20;1;0.866;
5806;-6.254968796;38.05813747;0.1;False;ok;1;1;0.806;
5807;-5.854968796;38.05813747;0.1;False;ok;17;1;0.953;
5808;-5.054968796;38.05813747;0.1;False;ok;1;1;0.834;
5809;-4.954968796;38.05813747;0.1;False;ok;7;1;0.926;
5810;-4.454968796;38.05813747;0.1;False;ok;0;1;1.644;
5811;-4.354968796;38.05813747;0.1;False;ok;0;1;1.685;
5812;-4.054968796;38.05813747;0.1;False;ok;12;1;1.137;
5813;-3.954968796;38.05813747;0.1;False;ok;1;1;0.943;
5814;-3.854968796;38.05813747;0.1;False;ok;6;1;1.015;
5815;-3.754968796;38.05813747;0.1;False;ok;1;1;0.942;
5816;-3.654968796;38.05813747;0.1;False;ok;39;1;1.067;
5817;-3.554968796;38.05813747;0.1;False;ok;4;1;0.997;
5818;-3.354968796;38.05813747;0.1;False;ok;10;1;1.073;
5819;-3.254968796;38.05813747;0.1;False;ok;1;1;1.004;
5820;-3.154968796;38.05813747;0.1;False;ok;6;1;1.035;
5821;-3.054968796;38.05813747;0.1;False;ok;23;1;0.987;
5822;-2.854968796;38.05813747;0.1;False;ok;3;1;0.857;
5823;-2.754968796;38.05813747;0.1;False;ok;21;1;1.046;
5824;-2.654968796;38.05813747;0.1;False;ok;9;1;0.959;
5825;-2.454968796;38.05813747;0.1;False;ok;1;1;0.924;
5826;-2.354968796;38.05813747;0.1;False;ok;7;1;0.845;
5827;-7.154968796;38.15813747;0.1;False;ok;1;1;0.822;
5828;-6.754968796;38.15813747;0.1;False;ok;6;1;0.782;
5829;-6.354968796;38.15813747;0.1;False;ok;2;1;0.778;
5830;-6.054968796;38.15813747;0.1;False;ok;5;1;0.766;
5831;-5.954968796;38.15813747;0.1;False;ok;1;1;0.781;
5832;-5.454968796;38.15813747;0.1;False;ok;3;1;0.790;
5833;-5.354968796;38.15813747;0.1;False;ok;8;1;0.947;
5834;-5.154968796;38.15813747;0.1;False;ok;3;1;0.880;
5835;-4.354968796;38.15813747;0.1;False;ok;1;1;0.890;
5836;-4.054968796;38.15813747;0.1;False;ok;3;1;0.906;
5837;-3.854968796;38.15813747;0.1;False;ok;20;1;1.082;
5838;-3.754968796;38.15813747;0.1;False;ok;4;1;0.988;
5839;-3.654968796;38.15813747;0.1;False;ok;1;1;1.024;
5840;-3.554968796;38.15813747;0.1;False;ok;5;1;1.055;
5841;-3.454968796;38.15813747;0.1;False;ok;2;1;1.008;
5842;-3.254968796;38.15813747;0.1;False;ok;3;1;1.127;
5843;-3.054968796;38.15813747;0.1;False;ok;8;1;1.123;
5844;-2.954968796;38.15813747;0.1;False;ok;11;1;1.092;
5845;-2.854968796;38.15813747;0.1;False;ok;4;1;1.144;
5846;-2.754968796;38.15813747;0.1;False;ok;34;1;1.304;
5847;-2.654968796;38.15813747;0.1;False;ok;6;1;1.083;
5848;-2.554968796;38.15813747;0.1;False;ok;3;1;1.240;
5849;-2.454968796;38.15813747;0.1;False;ok;4;1;1.018;
5850;-2.354968796;38.15813747;0.1;False;ok;2;1;1.025;
5851;0.08550972;35.95813747;0.1;True;ok;0;1;0.994;
5852;-2.21449028;36.65813747;0.1;False;ok;21;1;1.048;
5853;-2.11449028;36.65813747;0.1;False;ok;39;1;1.031;
5854;-2.31449028;36.75813747;0.1;False;ok;74;1;1.055;
5855;-2.21449028;36.75813747;0.1;False;ok;24;1;0.929;
5856;-2.11449028;36.75813747;0.00625;False;ok;74;1;1.039;
5857;-2.10824028;36.75813747;0.00625;False;ok;41;1;0.922;
5858;-2.11449028;36.76438747;0.00625;False;ok;67;1;0.929;
5859;-2.10824028;36.76438747;0.00625;False;ok;59;1;0.953;
5860;-2.11449028;36.77063747;0.0125;False;ok;2;1;0.796;
5861;-2.11449028;36.78313747;0.025;False;ok;51;1;0.855;
5862;-2.08949028;36.78313747;0.025;False;ok;6;1;0.874;
5863;-2.06449028;36.75813747;0.05;False;ok;5;1;0.947;
5864;-2.11449028;36.80813747;0.05;False;ok;10;1;0.990;
5865;-2.06449028;36.80813747;0.05;False;ok;73;1;1.075;
5866;-2.31449028;36.85813747;0.1;False;ok;4;1;0.836;
5867;-2.21449028;36.85813747;0.1;False;ok;7;1;0.867;
5868;-2.11449028;36.85813747;0.1;False;ok;44;1;1.013;
5869;-2.01449028;36.85813747;0.1;False;ok;75;1;1.023;
5870;-2.31449028;36.95813747;0.1;False;ok;2;1;0.856;
5871;-2.21449028;36.95813747;0.1;False;ok;69;1;1.081;
5872;-2.11449028;36.95813747;0.1;False;ok;6;1;0.883;
5873;-2.01449028;36.95813747;0.1;False;ok;5;1;0.922;
5874;-1.91449028;36.95813747;0.1;False;ok;75;1;1.013;
5875;-2.31449028;37.05813747;0.1;False;ok;2;1;0.860;
5876;-2.21449028;37.05813747;0.1;False;ok;4;1;0.902;
5877;-2.11449028;37.05813747;0.1;False;ok;11;1;0.864;
5878;-2.01449028;37.05813747;0.1;False;ok;19;1;1.000;
5879;-1.91449028;37.05813747;0.05;False;ok;1;1;0.803;
5880;-1.86449028;37.05813747;0.05;False;ok;75;1;1.165;
5881;-1.91449028;37.10813747;0.05;False;ok;12;1;0.899;
5882;-1.86449028;37.10813747;0.025;False;ok;72;1;1.030;
5883;-1.83949028;37.10813747;0.025;False;ok;47;1;0.994;
5884;-1.86449028;37.13313747;0.025;False;ok;59;1;1.004;
5885;-1.83949028;37.13313747;0.025;False;ok;73;1;1.078;
5886;-2.31449028;37.15813747;0.1;False;ok;1;1;0.877;
5887;-2.21449028;37.15813747;0.1;False;ok;2;1;0.902;
5888;-2.11449028;37.15813747;0.1;False;ok;9;1;0.904;
5889;-2.01449028;37.15813747;0.1;False;ok;25;1;0.996;
5890;-1.91449028;37.15813747;0.05;False;ok;51;1;1.130;
5891;-1.83949028;37.15813747;0.025;False;ok;72;1;1.162;
5892;-1.83949028;37.18313747;0.025;False;ok;73;1;1.155;
5893;-1.91449028;37.20813747;0.05;False;ok;4;1;0.907;
5894;-1.86449028;37.20813747;0.025;False;ok;0;1;1.619;
5895;-1.83949028;37.20813747;0.025;False;ok;74;1;1.139;
5896;-1.86449028;37.23313747;0.025;False;ok;6;1;0.935;
5897;-1.83949028;37.23313747;0.025;False;ok;17;1;1.024;
5898;-1.81449028;37.15813747;0.05;False;ok;19;1;0.900;
5899;-1.81449028;37.20813747;0.0125;False;ok;73;1;1.123;
5900;-1.81449028;37.22063747;0.00625;False;ok;19;1;0.907;
5901;-1.80824028;37.22063747;0.00625;False;ok;75;1;0.965;
5902;-1.81449028;37.22688747;0.00625;False;ok;5;1;0.817;
5903;-1.80824028;37.22688747;0.00625;False;ok;57;1;0.916;
5904;-1.80199028;37.22063747;0.0125;False;ok;75;1;1.051;
5905;-1.81449028;37.23313747;0.025;False;ok;25;1;0.820;
5906;-1.78949028;37.23313747;0.025;False;ok;21;1;0.889;
5907;-2.31449028;37.25813747;0.1;False;ok;9;1;0.891;
5908;-2.21449028;37.25813747;0.1;False;ok;5;1;0.781;
5909;-2.11449028;37.25813747;0.1;False;ok;24;1;0.829;
5910;-2.01449028;37.25813747;0.1;False;ok;7;1;0.842;
5911;-1.91449028;37.25813747;0.1;False;ok;15;1;0.885;
5912;-1.81449028;37.25813747;0.1;False;ok;8;1;0.783;
5913;-1.71449028;37.30813747;0.025;False;ok;18;1;0.806;
5914;-1.71449028;37.33313747;0.025;False;ok;51;1;0.833;
5915;-1.68949028;37.33313747;0.025;False;ok;74;1;1.002;
5916;-1.66449028;37.30813747;0.05;False;ok;5;1;0.856;
5917;-2.31449028;37.35813747;0.1;False;ok;4;1;0.889;
5918;-2.21449028;37.35813747;0.1;False;ok;17;1;0.879;
5919;-2.11449028;37.35813747;0.1;False;ok;9;1;0.843;
5920;-2.01449028;37.35813747;0.1;False;ok;5;1;0.926;
5921;-1.91449028;37.35813747;0.1;False;ok;5;1;0.926;
5922;-1.81449028;37.35813747;0.1;False;ok;4;1;0.919;
5923;-1.71449028;37.35813747;0.1;False;ok;68;1;1.137;
5924;-1.61449028;37.35813747;0.1;False;ok;75;1;1.189;
5925;-1.51449028;37.35813747;0.1;False;ok;29;1;0.996;
5926;-2.31449028;37.45813747;0.1;False;ok;10;1;1.021;
5927;-2.11449028;37.45813747;0.1;False;ok;9;1;1.054;
5928;-2.01449028;37.45813747;0.1;False;ok;6;1;0.995;
5929;-1.81449028;37.45813747;0.1;False;ok;4;1;0.986;
5930;-1.71449028;37.45813747;0.1;False;ok;6;1;0.981;
5931;-1.51449028;37.45813747;0.1;False;ok;2;1;0.944;
5932;-1.41449028;37.45813747;0.1;False;ok;4;1;0.936;
5933;-1.21449028;37.45813747;0.1;False;ok;8;1;1.069;
5934;-2.31449028;37.55813747;0.1;False;ok;1;1;0.931;
5935;-2.11449028;37.55813747;0.1;False;ok;21;1;0.997;
5936;-2.01449028;37.55813747;0.1;False;ok;1;1;0.876;
5937;-1.91449028;37.55813747;0.1;False;ok;0;1;1.629;
5938;-1.81449028;37.55813747;0.1;False;ok;9;1;0.938;
5939;-1.51449028;37.55813747;0.1;False;ok;2;1;0.843;
5940;-1.41449028;37.55813747;0.1;False;ok;42;1;0.930;
5941;-1.31449028;37.55813747;0.05;False;ok;70;1;1.021;
5942;-1.26449028;37.55813747;0.05;False;ok;71;1;1.064;
5943;-1.26449028;37.60813747;0.05;False;ok;1;1;0.789;
5944;-1.21449028;37.55813747;0.1;False;ok;50;1;0.988;
5945;-1.11449028;37.55813747;0.1;False;ok;14;1;0.987;
5946;-1.01449028;37.55813747;0.1;False;ok;74;1;1.302;
5947;-0.91449028;37.55813747;0.1;False;ok;16;1;1.043;
5948;-0.81449028;37.58313747;0.0125;False;ok;20;1;0.997;
5949;-0.80199028;37.58313747;0.0125;False;ok;15;1;0.976;
5950;-0.81449028;37.59563747;0.0125;False;ok;47;1;1.108;
5951;-0.80199028;37.59563747;0.0125;False;ok;6;1;0.894;
5952;-0.81449028;37.60813747;0.025;False;ok;18;1;1.071;
5953;-0.78949028;37.60813747;0.025;False;ok;10;1;1.023;
5954;-0.81449028;37.63313747;0.025;False;ok;7;1;0.920;
5955;-0.78949028;37.63313747;0.025;False;ok;73;1;1.169;
5956;-0.76449028;37.60813747;0.05;False;ok;75;1;1.154;
5957;-0.71449028;37.55813747;0.1;False;ok;74;1;1.029;
5958;-2.21449028;37.65813747;0.1;False;ok;6;1;0.915;
5959;-2.11449028;37.65813747;0.1;False;ok;28;1;0.867;
5960;-2.01449028;37.65813747;0.1;False;ok;1;1;0.652;
5961;-1.91449028;37.65813747;0.1;False;ok;4;1;0.711;
5962;-1.71449028;37.65813747;0.1;False;ok;21;1;0.789;
5963;-1.61449028;37.65813747;0.1;False;ok;2;1;0.693;
5964;-1.51449028;37.65813747;0.1;False;ok;0;1;1.457;
5965;-1.41449028;37.65813747;0.1;False;ok;74;1;1.019;
5966;-1.31449028;37.65813747;0.1;False;ok;1;1;0.721;
5967;-1.21449028;37.65813747;0.1;False;ok;12;1;0.843;
5968;-1.11449028;37.65813747;0.1;False;ok;7;1;0.886;
5969;-1.01449028;37.65813747;0.1;False;ok;74;1;1.202;
5970;-0.86449028;37.65813747;0.05;False;ok;29;1;1.158;
5971;-0.91449028;37.70813747;0.05;False;ok;72;1;1.310;
5972;-0.86449028;37.70813747;0.05;False;ok;75;1;1.309;
5973;-0.76449028;37.65813747;0.05;False;ok;74;1;1.317;
5974;-0.76449028;37.70813747;0.025;False;ok;37;1;1.206;
5975;-0.73949028;37.70813747;0.025;False;ok;1;1;1.143;
5976;-0.76449028;37.73313747;0.025;False;ok;55;1;1.346;
5977;-0.73949028;37.73313747;0.025;False;ok;67;1;1.292;
5978;-2.21449028;37.75813747;0.1;False;ok;0;1;1.851;
5979;-1.81449028;37.75813747;0.1;False;ok;0;1;1.959;
5980;-1.71449028;37.75813747;0.1;False;ok;2;1;1.152;
5981;-1.61449028;37.75813747;0.1;False;ok;8;1;1.198;
5982;-1.51449028;37.75813747;0.1;False;ok;11;1;1.126;
5983;-1.41449028;37.75813747;0.1;False;ok;1;1;0.990;
5984;-1.31449028;37.75813747;0.1;False;ok;1;1;0.921;
5985;-1.21449028;37.75813747;0.1;False;ok;64;1;1.150;
5986;-1.01449028;37.75813747;0.05;False;ok;53;1;0.939;
5987;-0.96449028;37.75813747;0.05;False;ok;1;1;0.738;
5988;-1.01449028;37.80813747;0.0125;False;ok;60;1;0.783;
5989;-1.01449028;37.82063747;0.0125;False;ok;57;1;0.828;
5990;-1.00199028;37.82063747;0.0125;False;ok;38;1;0.911;
5991;-1.01449028;37.83313747;0.025;False;ok;3;1;0.927;
5992;-0.96449028;37.80813747;0.05;False;ok;4;1;1.037;
5993;-0.91449028;37.75813747;0.1;False;ok;73;1;1.241;
5994;-0.81449028;37.75813747;0.05;False;ok;65;1;1.261;
5995;-0.75199028;37.75813747;0.0125;False;ok;62;1;1.174;
5996;-0.76449028;37.77063747;0.0125;False;ok;8;1;1.109;
5997;-0.75199028;37.77063747;0.0125;False;ok;74;1;1.351;
5998;-0.81449028;37.80813747;0.025;False;ok;73;1;1.386;
5999;-0.78949028;37.80813747;0.025;False;ok;75;1;1.414;
6000;-0.81449028;37.83313747;0.025;False;ok;7;1;1.152;
6001;-0.78949028;37.83313747;0.025;False;ok;73;1;1.413;
6002;-0.76449028;37.80813747;0.05;False;ok;6;1;1.152;
6003;-1.51449028;37.85813747;0.1;False;ok;5;1;1.217;
6004;-1.31449028;37.85813747;0.1;False;ok;2;1;1.185;
6005;-1.21449028;37.85813747;0.1;False;ok;15;1;1.144;
6006;-1.11449028;37.85813747;0.1;False;ok;69;1;1.192;
6007;-1.01449028;37.85813747;0.1;False;ok;75;1;1.223;
6008;-0.91449028;37.85813747;0.1;False;ok;39;1;1.117;
6009;-0.81449028;37.85813747;0.05;False;ok;72;1;1.172;
6010;-0.76449028;37.85813747;0.025;False;ok;73;1;1.171;
6011;-0.76449028;37.88313747;0.025;False;ok;71;1;1.190;
6012;-0.81449028;37.90813747;0.025;False;ok;22;1;1.009;
6013;-0.78949028;37.90813747;0.025;False;ok;48;1;1.122;
6014;-0.81449028;37.93313747;0.025;False;ok;12;1;0.910;
6015;-0.78949028;37.93313747;0.025;False;ok;73;1;1.206;
6016;-0.76449028;37.90813747;0.0125;False;ok;10;1;1.049;
6017;-0.75199028;37.90813747;0.0125;False;ok;74;1;1.283;
6018;-0.76449028;37.92063747;0.0125;False;ok;47;1;1.151;
6019;-0.75199028;37.92063747;0.0125;False;ok;45;1;1.285;
6020;-0.73949028;37.90813747;0.0125;False;ok;74;1;1.354;
6021;-0.72699028;37.90813747;0.0125;False;ok;8;1;1.126;
6022;-0.73949028;37.92063747;0.0125;False;ok;75;1;1.396;
6023;-0.72699028;37.92063747;0.0125;False;ok;71;1;1.343;
6024;-0.76449028;37.93313747;0.0125;False;ok;40;1;1.205;
6025;-0.75199028;37.93313747;0.0125;False;ok;70;1;1.252;
6026;-0.76449028;37.94563747;0.0125;False;ok;15;1;1.184;
6027;-0.75199028;37.94563747;0.0125;False;ok;68;1;1.268;
6028;-0.73949028;37.93313747;0.0125;False;ok;70;1;1.289;
6029;-0.72699028;37.93313747;0.0125;False;ok;71;1;1.214;
6030;-0.73949028;37.94563747;0.0125;False;ok;49;1;1.207;
6031;-0.72699028;37.94563747;0.00625;False;ok;38;1;1.213;
6032;-0.72074028;37.94563747;0.00625;False;ok;43;1;1.150;
6033;-0.72699028;37.95188747;0.00625;False;ok;36;1;1.128;
6034;-0.72074028;37.95188747;0.00625;False;ok;17;1;0.964;
6035;-0.71449028;37.93313747;0.0125;False;ok;75;1;1.195;
6036;-0.71449028;37.94563747;0.0125;False;ok;74;1;1.132;
6037;-2.01449028;37.95813747;0.1;False;ok;11;1;0.918;
6038;-1.91449028;37.95813747;0.1;False;ok;4;1;0.888;
6039;-1.81449028;37.95813747;0.1;False;ok;0;1;1.598;
6040;-1.71449028;37.95813747;0.1;False;ok;19;1;0.978;
6041;-1.61449028;37.95813747;0.1;False;ok;3;1;0.971;
6042;-1.51449028;37.95813747;0.1;False;ok;12;1;0.997;
6043;-1.41449028;37.95813747;0.1;False;ok;3;1;1.047;
6044;-1.31449028;37.95813747;0.1;False;ok;18;1;1.114;
6045;-1.21449028;37.95813747;0.1;False;ok;75;1;1.379;
6046;-1.11449028;37.95813747;0.1;False;ok;31;1;1.207;
6047;-1.01449028;37.95813747;0.1;False;ok;3;1;1.168;
6048;-0.91449028;37.95813747;0.1;False;ok;52;1;1.270;
6049;-0.81449028;37.95813747;0.1;False;ok;72;1;1.437;
6050;-0.71449028;37.95813747;0.0125;False;ok;69;1;1.405;
6051;-0.70199028;37.95813747;0.0125;False;ok;43;1;1.281;
6052;-0.70199028;37.97063747;0.0125;False;ok;74;1;1.397;
6053;-0.68949028;37.97063747;0.00625;False;ok;24;1;1.263;
6054;-0.68324028;37.97063747;0.00625;False;ok;33;1;1.244;
6055;-0.68949028;37.97688747;0.00625;False;ok;74;1;1.373;
6056;-0.68324028;37.97688747;0.00625;False;ok;72;1;1.275;
6057;-0.67699028;37.97063747;0.00625;False;ok;69;1;1.290;
6058;-0.67074028;37.97063747;0.00625;False;ok;20;1;1.149;
6059;-0.67699028;37.97688747;0.003125;False;ok;52;1;1.226;
6060;-0.67386528;37.97688747;0.003125;False;ok;73;1;1.202;
6061;-0.67699028;37.98001247;0.003125;False;ok;54;1;1.082;
6062;-0.67386528;37.98001247;0.003125;False;ok;72;1;1.031;
6063;-0.67074028;37.97688747;0.003125;False;ok;73;1;1.032;
6064;-0.66761528;37.97688747;0.003125;False;ok;72;1;0.975;
6065;-0.67074028;37.98001247;0.003125;False;ok;70;1;0.907;
6066;-0.66761528;37.98001247;0.003125;False;ok;75;1;0.996;
6067;-0.71449028;37.98313747;0.025;False;ok;66;1;0.935;
6068;-0.68949028;37.98313747;0.0125;False;ok;53;1;0.983;
6069;-0.67699028;37.98313747;0.0125;False;ok;74;1;1.046;
6070;-0.68949028;37.99563747;0.0125;False;ok;34;1;0.996;
6071;-0.67699028;37.99563747;0.0125;False;ok;69;1;1.047;
6072;-0.66449028;37.95813747;0.025;False;ok;75;1;1.219;
6073;-0.66449028;37.98313747;0.00625;False;ok;73;1;1.198;
6074;-0.65824028;37.98313747;0.00625;False;ok;31;1;1.121;
6075;-0.66449028;37.98938747;0.00625;False;ok;41;1;1.199;
6076;-0.65824028;37.98938747;0.00625;False;ok;11;1;1.130;
6077;-0.66449028;37.99563747;0.00625;False;ok;32;1;1.169;
6078;-0.65824028;37.99563747;0.00625;False;ok;25;1;1.168;
6079;-0.66449028;38.00188747;0.00625;False;ok;52;1;1.211;
6080;-0.65824028;38.00188747;0.00625;False;ok;74;1;1.259;
6081;-0.65199028;37.99563747;0.0125;False;ok;74;1;1.365;
6082;-0.71449028;38.00813747;0.05;False;ok;73;1;1.319;
6083;-0.66449028;38.00813747;0.00625;False;ok;70;1;1.265;
6084;-0.65824028;38.00813747;0.00625;False;ok;41;1;1.177;
6085;-0.66449028;38.01438747;0.00625;False;ok;25;1;1.109;
6086;-0.65824028;38.01438747;0.00625;False;ok;73;1;1.338;
6087;-0.65824028;38.02063747;0.00625;False;ok;72;1;1.291;
6088;-0.65824028;38.02688747;0.00625;False;ok;75;1;1.262;
6089;-0.65199028;38.02063747;0.0125;False;ok;1;1;0.950;
6090;-0.66449028;38.03313747;0.025;False;ok;18;1;1.146;
6091;-2.31449028;38.05813747;0.1;False;ok;5;1;1.030;
6092;-2.21449028;38.05813747;0.1;False;ok;3;1;1.022;
6093;-2.11449028;38.05813747;0.1;False;ok;8;1;1.044;
6094;-2.01449028;38.05813747;0.1;False;ok;9;1;1.027;
6095;-1.91449028;38.05813747;0.1;False;ok;56;1;1.072;
6096;-1.81449028;38.05813747;0.1;False;ok;33;1;1.216;
6097;-1.61449028;38.05813747;0.1;False;ok;0;1;1.787;
6098;-1.41449028;38.05813747;0.1;False;ok;5;1;0.971;
6099;-1.31449028;38.05813747;0.1;False;ok;40;1;1.129;
6100;-1.21449028;38.05813747;0.1;False;ok;5;1;1.025;
6101;-1.11449028;38.05813747;0.1;False;ok;12;1;1.096;
6102;-1.01449028;38.05813747;0.1;False;ok;18;1;1.138;
6103;-0.91449028;38.05813747;0.1;False;ok;16;1;1.141;
6104;-0.81449028;38.05813747;0.1;False;ok;74;1;1.283;
6105;-0.71449028;38.05813747;0.05;False;ok;75;1;1.316;
6106;-0.66449028;38.05813747;0.05;False;ok;71;1;1.240;
6107;-0.71449028;38.10813747;0.05;False;ok;61;1;1.267;
6108;-0.66449028;38.10813747;0.05;False;ok;29;1;1.169;
6109;-2.31449028;38.15813747;0.1;False;ok;1;1;1.087;
6110;-2.21449028;38.15813747;0.1;False;ok;5;1;1.130;
6111;-2.01449028;38.15813747;0.1;False;ok;4;1;1.060;
6112;-1.91449028;38.15813747;0.1;False;ok;54;1;1.247;
6113;-1.81449028;38.15813747;0.1;False;ok;11;1;1.150;
6114;-1.61449028;38.15813747;0.1;False;ok;0;1;1.775;
6115;-1.51449028;38.15813747;0.1;False;ok;9;1;1.086;
6116;-1.41449028;38.15813747;0.1;False;ok;22;1;1.117;
6117;-1.21449028;38.15813747;0.1;False;ok;13;1;1.008;
6118;-1.11449028;38.15813747;0.1;False;ok;9;1;0.995;
6119;-1.01449028;38.15813747;0.1;False;ok;3;1;0.870;
6120;-0.91449028;38.15813747;0.1;False;ok;2;1;0.983;
6121;-0.81449028;38.15813747;0.1;False;ok;24;1;1.003;
6122;-0.71449028;38.15813747;0.1;False;ok;13;1;1.006;
6123;-0.61449028;38.15813747;0.05;False;ok;74;1;1.146;
6124;-0.56449028;38.18313747;0.0125;False;ok;71;1;1.286;
6125;-0.55199028;38.18313747;0.0125;False;ok;73;1;1.221;
6126;-0.56449028;38.19563747;0.0125;False;ok;20;1;1.140;
6127;-0.53949028;38.18313747;0.025;False;ok;63;1;1.182;
6128;-0.61449028;38.20813747;0.05;False;ok;6;1;1.055;
6129;-0.56449028;38.20813747;0.025;False;ok;9;1;1.068;
6130;-0.53949028;38.20813747;0.025;False;ok;75;1;1.306;
6131;-0.56449028;38.23313747;0.025;False;ok;56;1;1.299;
6132;-0.53949028;38.23313747;0.0125;False;ok;57;1;1.220;
6133;-0.52699028;38.23313747;0.0125;False;ok;71;1;1.298;
6134;-0.52699028;38.24563747;0.0125;False;ok;74;1;1.263;
6135;-0.51449028;38.15813747;0.1;False;ok;27;1;1.144;
6136;1.307224089;38.62466885;0.1;False;ok;33;1;1.198;
6137;1.407224089;38.62466885;0.05;False;ok;3;1;0.941;
6138;1.457224089;38.62466885;0.05;False;ok;3;1;0.956;
6139;1.407224089;38.67466885;0.025;False;ok;25;1;1.033;
6140;1.432224089;38.67466885;0.025;False;ok;28;1;0.916;
6141;1.407224089;38.69966885;0.025;False;ok;28;1;1.046;
6142;1.432224089;38.69966885;0.025;False;ok;75;1;0.913;
6143;1.457224089;38.67466885;0.05;False;ok;74;1;0.987;
6144;1.507224089;38.62466885;0.1;False;ok;56;1;1.024;
6145;1.307224089;38.72466885;0.1;False;ok;1;1;0.948;
6146;1.407224089;38.72466885;0.1;False;ok;44;1;0.998;
6147;1.207224089;38.82466885;0.05;False;ok;0;1;1.701;
6148;1.257224089;38.82466885;0.05;False;ok;2;1;1.020;
6149;1.207224089;38.87466885;0.05;False;ok;50;1;1.141;
6150;1.257224089;38.87466885;0.05;False;ok;30;1;1.114;
6151;1.307224089;38.82466885;0.05;False;ok;9;1;1.135;
6152;1.357224089;38.82466885;0.05;False;ok;5;1;1.177;
6153;1.307224089;38.87466885;0.05;False;ok;39;1;1.305;
6154;1.357224089;38.87466885;0.05;False;ok;72;1;1.368;
6155;1.407224089;38.87466885;0.025;False;ok;21;1;1.305;
6156;1.407224089;38.89966885;0.025;False;ok;52;1;1.295;
6157;1.432224089;38.89966885;0.025;False;ok;43;1;1.263;
6158;1.457224089;38.87466885;0.05;False;ok;21;1;1.248;
6159;1.207224089;38.92466885;0.05;False;ok;39;1;1.246;
6160;1.257224089;38.92466885;0.025;False;ok;9;1;1.122;
6161;1.282224089;38.92466885;0.025;False;ok;10;1;1.092;
6162;1.257224089;38.94966885;0.025;False;ok;24;1;1.187;
6163;1.282224089;38.94966885;0.025;False;ok;61;1;1.098;
6164;1.257224089;38.97466885;0.05;False;ok;75;1;1.209;
6165;1.307224089;38.92466885;0.05;False;ok;33;1;1.069;
6166;1.357224089;38.92466885;0.05;False;ok;20;1;1.057;
6167;1.307224089;38.97466885;0.05;False;ok;22;1;0.958;
6168;1.357224089;38.97466885;0.05;False;ok;17;1;0.821;
6169;1.407224089;38.92466885;0.05;False;ok;41;1;0.924;
6170;1.457224089;38.92466885;0.05;False;ok;42;1;0.869;
6171;1.407224089;38.97466885;0.05;False;ok;27;1;0.863;
6172;1.457224089;38.97466885;0.05;False;ok;22;1;0.974;
6173;1.507224089;38.92466885;0.05;False;ok;26;1;1.124;
6174;1.507224089;38.97466885;0.05;False;ok;71;1;1.351;
6175;1.557224089;38.97466885;0.05;False;ok;63;1;1.376;
6176;1.307224089;39.02466885;0.1;False;ok;7;1;1.273;
6177;1.407224089;39.02466885;0.1;False;ok;61;1;1.411;
6178;1.507224089;39.02466885;0.1;False;ok;72;1;1.338;
6179;1.607224089;39.02466885;0.1;False;ok;0;1;1.939;
6180;2.907224089;39.22466885;0.1;False;ok;75;1;1.421;
6181;3.007224089;39.22466885;0.1;False;ok;1;1;1.204;
6182;3.107224089;39.22466885;0.1;False;ok;49;1;1.359;
6183;2.707224089;39.32466885;0.1;False;ok;8;1;1.236;
6184;2.807224089;39.32466885;0.1;False;ok;52;1;1.384;
6185;2.907224089;39.32466885;0.05;False;ok;74;1;1.335;
6186;2.957224089;39.32466885;0.05;False;ok;40;1;1.308;
6187;2.907224089;39.37466885;0.05;False;ok;29;1;1.252;
6188;2.957224089;39.37466885;0.05;False;ok;31;1;1.183;
6189;3.007224089;39.32466885;0.05;False;ok;75;1;1.227;
6190;3.057224089;39.32466885;0.05;False;ok;36;1;1.236;
6191;3.007224089;39.37466885;0.05;False;ok;62;1;1.169;
6192;3.057224089;39.37466885;0.05;False;ok;49;1;0.991;
6193;3.107224089;39.32466885;0.025;False;ok;6;1;0.669;
6194;3.132224089;39.32466885;0.025;False;ok;64;1;0.831;
6195;3.107224089;39.34966885;0.025;False;ok;29;1;0.792;
6196;3.132224089;39.34966885;0.025;False;ok;13;1;0.762;
6197;3.157224089;39.32466885;0.025;False;ok;64;1;0.940;
6198;3.182224089;39.32466885;0.025;False;ok;13;1;0.920;
6199;3.157224089;39.34966885;0.025;False;ok;5;1;1.055;
6200;3.182224089;39.34966885;0.025;False;ok;30;1;1.076;
6201;3.107224089;39.37466885;0.05;False;ok;33;1;1.116;
6202;3.157224089;39.37466885;0.05;False;ok;70;1;1.216;
6203;3.207224089;39.34966885;0.0125;False;ok;11;1;1.160;
6204;3.219724089;39.34966885;0.0125;False;ok;24;1;1.217;
6205;3.207224089;39.36216885;0.0125;False;ok;22;1;1.116;
6206;3.219724089;39.36216885;0.00625;False;ok;28;1;1.284;
6207;3.225974089;39.36216885;0.00625;False;ok;25;1;1.323;
6208;3.219724089;39.36841885;0.00625;False;ok;26;1;1.293;
6209;3.225974089;39.36841885;0.00625;False;ok;41;1;1.322;
6210;3.232224089;39.34966885;0.025;False;ok;37;1;1.302;
6211;3.207224089;39.37466885;0.025;False;ok;48;1;1.334;
6212;3.232224089;39.37466885;0.00625;False;ok;52;1;1.386;
6213;3.238474089;39.37466885;0.00625;False;ok;34;1;1.188;
6214;3.232224089;39.38091885;0.00625;False;ok;5;1;1.099;
6215;3.238474089;39.38091885;0.00625;False;ok;33;1;1.250;
6216;3.244724089;39.37466885;0.0125;False;ok;7;1;1.215;
6217;3.232224089;39.38716885;0.0125;False;ok;17;1;1.011;
6218;3.207224089;39.39966885;0.025;False;ok;28;1;1.022;
6219;3.232224089;39.39966885;0.025;False;ok;39;1;1.106;
6220;3.257224089;39.37466885;0.05;False;ok;67;1;1.067;
6221;2.407224089;39.42466885;0.1;False;ok;75;1;1.056;
6222;2.507224089;39.42466885;0.1;False;ok;75;1;1.123;
6223;2.707224089;39.42466885;0.05;False;ok;62;1;1.111;
6224;2.757224089;39.42466885;0.05;False;ok;18;1;0.988;
6225;2.707224089;39.47466885;0.025;False;ok;3;1;0.921;
6226;2.732224089;39.47466885;0.025;False;ok;44;1;1.142;
6227;2.744724089;39.49966885;0.0125;False;ok;58;1;1.177;
6228;2.732224089;39.51216885;0.0125;False;ok;30;1;1.119;
6229;2.744724089;39.51216885;0.0125;False;ok;45;1;1.205;
6230;2.757224089;39.47466885;0.05;False;ok;3;1;1.151;
6231;2.807224089;39.42466885;0.1;False;ok;74;1;1.345;
6232;2.907224089;39.42466885;0.1;False;ok;55;1;1.317;
6233;3.007224089;39.42466885;0.1;False;ok;75;1;1.306;
6234;3.107224089;39.42466885;0.05;False;ok;50;1;1.306;
6235;3.157224089;39.42466885;0.05;False;ok;35;1;1.234;
6236;3.107224089;39.47466885;0.05;False;ok;23;1;1.245;
6237;3.157224089;39.47466885;0.05;False;ok;28;1;1.170;
6238;3.207224089;39.42466885;0.05;False;ok;41;1;1.218;
6239;3.257224089;39.42466885;0.05;False;ok;67;1;1.165;
6240;3.207224089;39.47466885;0.05;False;ok;32;1;1.146;
6241;3.257224089;39.47466885;0.05;False;ok;17;1;1.174;
6242;3.307224089;39.42466885;0.1;False;ok;24;1;1.049;
6243;2.307224089;39.52466885;0.1;False;ok;72;1;1.236;
6244;2.407224089;39.52466885;0.05;False;ok;72;1;1.140;
6245;2.457224089;39.52466885;0.05;False;ok;24;1;0.965;
6246;2.407224089;39.57466885;0.05;False;ok;13;1;0.900;
6247;2.457224089;39.57466885;0.05;False;ok;12;1;0.912;
6248;2.507224089;39.52466885;0.05;False;ok;20;1;0.873;
6249;2.557224089;39.52466885;0.05;False;ok;63;1;1.050;
6250;2.507224089;39.57466885;0.05;False;ok;8;1;0.934;
6251;2.557224089;39.57466885;0.05;False;ok;7;1;1.111;
6252;2.607224089;39.54966885;0.025;False;ok;52;1;1.338;
6253;2.632224089;39.54966885;0.025;False;ok;74;1;1.408;
6254;2.657224089;39.52466885;0.05;False;ok;31;1;1.295;
6255;2.607224089;39.57466885;0.05;False;ok;50;1;1.361;
6256;2.657224089;39.57466885;0.05;False;ok;20;1;1.208;
6257;2.707224089;39.52466885;0.05;False;ok;67;1;1.382;
6258;2.757224089;39.52466885;0.05;False;ok;17;1;1.157;
6259;2.707224089;39.57466885;0.05;False;ok;28;1;1.209;
6260;2.757224089;39.57466885;0.05;False;ok;19;1;1.271;
6261;2.807224089;39.52466885;0.1;False;ok;67;1;1.342;
6262;2.907224089;39.52466885;0.1;False;ok;61;1;1.272;
6263;3.007224089;39.52466885;0.1;False;ok;73;1;1.372;
6264;3.107224089;39.52466885;0.05;False;ok;26;1;1.226;
6265;3.157224089;39.52466885;0.05;False;ok;23;1;1.183;
6266;3.107224089;39.57466885;0.05;False;ok;30;1;1.197;
6267;3.157224089;39.57466885;0.05;False;ok;30;1;1.133;
6268;3.207224089;39.52466885;0.05;False;ok;33;1;1.120;
6269;3.257224089;39.52466885;0.05;False;ok;39;1;1.117;
6270;3.207224089;39.57466885;0.05;False;ok;39;1;0.949;
6271;3.257224089;39.57466885;0.05;False;ok;49;1;0.870;
6272;3.307224089;39.52466885;0.05;False;ok;73;1;0.942;
6273;3.357224089;39.52466885;0.05;False;ok;71;1;0.955;
6274;3.307224089;39.57466885;0.05;False;ok;20;1;0.949;
6275;3.357224089;39.57466885;0.025;False;ok;42;1;0.956;
6276;3.382224089;39.57466885;0.025;False;ok;43;1;1.032;
6277;3.357224089;39.59966885;0.025;False;ok;42;1;1.041;
6278;3.382224089;39.59966885;0.025;False;ok;74;1;1.189;
6279;2.407224089;39.62466885;0.1;False;ok;15;1;1.119;
6280;2.507224089;39.62466885;0.1;False;ok;69;1;1.342;
6281;2.607224089;39.62466885;0.05;False;ok;14;1;1.239;
6282;2.657224089;39.62466885;0.05;False;ok;26;1;1.393;
6283;2.607224089;39.67466885;0.05;False;ok;37;1;1.419;
6284;2.657224089;39.67466885;0.05;False;ok;19;1;1.368;
6285;2.707224089;39.62466885;0.1;False;ok;73;1;1.478;
6286;2.807224089;39.62466885;0.05;False;ok;27;1;1.317;
6287;2.857224089;39.62466885;0.05;False;ok;24;1;1.315;
6288;2.807224089;39.67466885;0.05;False;ok;38;1;1.370;
6289;2.857224089;39.67466885;0.025;False;ok;8;1;1.326;
6290;2.882224089;39.67466885;0.025;False;ok;9;1;1.223;
6291;2.857224089;39.69966885;0.025;False;ok;32;1;1.376;
6292;2.882224089;39.69966885;0.025;False;ok;25;1;1.155;
6293;2.907224089;39.62466885;0.05;False;ok;49;1;1.145;
6294;2.957224089;39.62466885;0.05;False;ok;25;1;1.085;
6295;2.907224089;39.67466885;0.05;False;ok;65;1;1.103;
6296;2.957224089;39.67466885;0.05;False;ok;42;1;1.009;
6297;3.007224089;39.62466885;0.05;False;ok;33;1;1.007;
6298;3.057224089;39.62466885;0.05;False;ok;44;1;0.989;
6299;3.007224089;39.67466885;0.05;False;ok;36;1;0.854;
6300;3.057224089;39.67466885;0.05;False;ok;58;1;0.935;
6301;3.107224089;39.62466885;0.05;False;ok;57;1;0.942;
6302;3.157224089;39.62466885;0.05;False;ok;8;1;1.100;
6303;3.107224089;39.67466885;0.05;False;ok;40;1;1.138;
6304;3.157224089;39.67466885;0.05;False;ok;4;1;1.071;
6305;3.207224089;39.62466885;0.1;False;ok;45;1;1.305;
6306;3.307224089;39.62466885;0.05;False;ok;50;1;1.358;
6307;3.357224089;39.62466885;0.05;False;ok;74;1;1.510;
6308;3.307224089;39.67466885;0.05;False;ok;75;1;1.291;
6309;3.357224089;39.67466885;0.05;False;ok;52;1;1.292;
6310;3.407224089;39.62466885;0.05;False;ok;75;1;1.423;
6311;3.407224089;39.67466885;0.025;False;ok;9;1;1.268;
6312;3.432224089;39.67466885;0.025;False;ok;42;1;1.433;
6313;3.407224089;39.69966885;0.025;False;ok;21;1;1.337;
6314;3.432224089;39.69966885;0.025;False;ok;74;1;1.492;
6315;3.457224089;39.67466885;0.05;False;ok;75;1;1.452;
6316;2.607224089;39.72466885;0.05;False;ok;33;1;1.335;
6317;2.657224089;39.72466885;0.05;False;ok;13;1;1.313;
6318;2.657224089;39.77466885;0.05;False;ok;75;1;1.411;
6319;2.732224089;39.72466885;0.025;False;ok;0;1;1.874;
6320;2.707224089;39.74966885;0.025;False;ok;75;1;1.216;
6321;2.732224089;39.74966885;0.025;False;ok;10;1;0.993;
6322;2.757224089;39.72466885;0.05;False;ok;4;1;0.770;
6323;2.707224089;39.77466885;0.05;False;ok;52;1;0.897;
6324;2.757224089;39.77466885;0.05;False;ok;2;1;0.774;
6325;2.807224089;39.72466885;0.05;False;ok;1;1;0.706;
6326;2.857224089;39.72466885;0.025;False;ok;23;1;0.899;
6327;2.882224089;39.72466885;0.025;False;ok;27;1;0.834;
6328;2.857224089;39.74966885;0.025;False;ok;19;1;0.861;
6329;2.882224089;39.74966885;0.025;False;ok;63;1;1.180;
6330;2.857224089;39.77466885;0.05;False;ok;8;1;0.987;
6331;2.907224089;39.72466885;0.025;False;ok;28;1;1.127;
6332;2.932224089;39.72466885;0.025;False;ok;11;1;1.170;
6333;2.907224089;39.74966885;0.025;False;ok;25;1;1.324;
6334;2.932224089;39.74966885;0.025;False;ok;29;1;1.258;
6335;2.957224089;39.72466885;0.025;False;ok;4;1;1.177;
6336;2.982224089;39.72466885;0.025;False;ok;19;1;1.324;
6337;2.957224089;39.74966885;0.025;False;ok;50;1;1.380;
6338;2.982224089;39.74966885;0.025;False;ok;69;1;1.365;
6339;2.907224089;39.77466885;0.05;False;ok;34;1;1.335;
6340;2.957224089;39.77466885;0.05;False;ok;75;1;1.407;
6341;3.007224089;39.72466885;0.025;False;ok;12;1;1.379;
6342;3.032224089;39.72466885;0.025;False;ok;30;1;1.252;
6343;3.007224089;39.74966885;0.025;False;ok;51;1;1.292;
6344;3.032224089;39.74966885;0.025;False;ok;10;1;1.224;
6345;3.057224089;39.72466885;0.05;False;ok;62;1;1.218;
6346;3.007224089;39.77466885;0.025;False;ok;18;1;1.186;
6347;3.032224089;39.77466885;0.025;False;ok;6;1;1.071;
6348;3.007224089;39.79966885;0.025;False;ok;71;1;1.166;
6349;3.032224089;39.79966885;0.025;False;ok;7;1;0.933;
6350;3.057224089;39.77466885;0.05;False;ok;18;1;0.886;
6351;3.107224089;39.72466885;0.025;False;ok;34;1;0.974;
6352;3.132224089;39.72466885;0.025;False;ok;9;1;0.875;
6353;3.107224089;39.74966885;0.025;False;ok;32;1;0.983;
6354;3.132224089;39.74966885;0.0125;False;ok;3;1;0.949;
6355;3.144724089;39.74966885;0.0125;False;ok;17;1;1.131;
6356;3.132224089;39.76216885;0.0125;False;ok;25;1;1.182;
6357;3.144724089;39.76216885;0.00625;False;ok;32;1;1.233;
6358;3.150974089;39.76216885;0.00625;False;ok;59;1;1.391;
6359;3.144724089;39.76841885;0.00625;False;ok;24;1;1.203;
6360;3.150974089;39.76841885;0.00625;False;ok;2;1;1.260;
6361;3.157224089;39.74966885;0.0125;False;ok;53;1;1.430;
6362;3.157224089;39.76216885;0.0125;False;ok;27;1;1.427;
6363;3.107224089;39.77466885;0.025;False;ok;64;1;1.423;
6364;3.107224089;39.79966885;0.0125;False;ok;54;1;1.476;
6365;3.107224089;39.81216885;0.00625;False;ok;29;1;1.306;
6366;3.113474089;39.81216885;0.00625;False;ok;34;1;1.460;
6367;3.107224089;39.81841885;0.00625;False;ok;3;1;1.232;
6368;3.113474089;39.81841885;0.003125;False;ok;47;1;1.391;
6369;3.113474089;39.82154385;0.003125;False;ok;26;1;1.252;
6370;3.207224089;39.72466885;0.0125;False;ok;27;1;1.245;
6371;3.219724089;39.72466885;0.0125;False;ok;31;1;1.178;
6372;3.207224089;39.73716885;0.0125;False;ok;10;1;1.269;
6373;3.219724089;39.73716885;0.0125;False;ok;20;1;1.146;
6374;3.232224089;39.72466885;0.025;False;ok;18;1;1.090;
6375;3.257224089;39.72466885;0.05;False;ok;75;1;1.039;
6376;3.307224089;39.72466885;0.1;False;ok;47;1;0.857;
6377;3.407224089;39.72466885;0.1;False;ok;20;1;0.830;
6378;4.207224089;39.79966885;0.025;False;ok;15;1;0.806;
6379;4.232224089;39.81216885;0.0125;False;ok;72;1;0.983;
6380;4.244724089;39.81216885;0.0125;False;ok;30;1;0.915;
6381;4.257224089;39.77466885;0.05;False;ok;72;1;1.217;
6382;2.707224089;39.82466885;0.1;False;ok;4;1;1.064;
6383;2.807224089;39.82466885;0.1;False;ok;1;1;1.153;
6384;2.907224089;39.82466885;0.1;False;ok;73;1;1.333;
6385;3.007224089;39.82466885;0.025;False;ok;6;1;1.068;
6386;3.032224089;39.82466885;0.025;False;ok;31;1;1.265;
6387;3.007224089;39.84966885;0.0125;False;ok;18;1;1.283;
6388;3.019724089;39.84966885;0.0125;False;ok;25;1;1.345;
6389;3.007224089;39.86216885;0.0125;False;ok;48;1;1.355;
6390;3.019724089;39.86216885;0.0125;False;ok;21;1;1.346;
6391;3.032224089;39.84966885;0.0125;False;ok;10;1;1.358;
6392;3.044724089;39.84966885;0.0125;False;ok;42;1;1.423;
6393;3.032224089;39.86216885;0.0125;False;ok;33;1;1.263;
6394;3.044724089;39.86216885;0.0125;False;ok;22;1;1.314;
6395;3.057224089;39.82466885;0.025;False;ok;63;1;1.275;
6396;3.082224089;39.82466885;0.025;False;ok;38;1;1.270;
6397;3.057224089;39.84966885;0.0125;False;ok;33;1;1.322;
6398;3.069724089;39.84966885;0.0125;False;ok;16;1;1.178;
6399;3.057224089;39.86216885;0.0125;False;ok;24;1;1.117;
6400;3.069724089;39.86216885;0.0125;False;ok;27;1;1.117;
6401;3.082224089;39.84966885;0.025;False;ok;43;1;1.026;
6402;3.007224089;39.87466885;0.00625;False;ok;10;1;0.951;
6403;3.013474089;39.87466885;0.003125;False;ok;32;1;1.016;
6404;3.016599089;39.87466885;0.003125;False;ok;4;1;0.903;
6405;3.013474089;39.87779385;0.003125;False;ok;32;1;1.142;
6406;3.016599089;39.87779385;0.003125;False;ok;21;1;1.173;
6407;3.007224089;39.88091885;0.00625;False;ok;27;1;1.089;
6408;3.013474089;39.88091885;0.00625;False;ok;33;1;1.254;
6409;3.019724089;39.87466885;0.0125;False;ok;30;1;1.236;
6410;3.007224089;39.88716885;0.0125;False;ok;39;1;1.227;
6411;3.019724089;39.88716885;0.0125;False;ok;75;1;1.224;
6412;3.032224089;39.87466885;0.0125;False;ok;34;1;1.353;
6413;3.044724089;39.87466885;0.0125;False;ok;52;1;1.379;
6414;3.032224089;39.88716885;0.0125;False;ok;43;1;1.284;
6415;3.044724089;39.88716885;0.0125;False;ok;48;1;1.304;
6416;3.007224089;39.89966885;0.025;False;ok;2;1;1.236;
6417;3.032224089;39.89966885;0.0125;False;ok;21;1;1.244;
6418;3.044724089;39.89966885;0.0125;False;ok;5;1;1.171;
6419;3.032224089;39.91216885;0.0125;False;ok;0;1;2.024;
6420;3.044724089;39.91216885;0.00625;False;ok;14;1;1.203;
6421;3.050974089;39.91216885;0.003125;False;ok;0;1;1.911;
6422;3.050974089;39.91529385;0.003125;False;ok;40;1;1.253;
6423;3.054099089;39.91529385;0.003125;False;ok;20;1;1.173;
6424;3.050974089;39.91841885;0.00625;False;ok;40;1;1.114;
6425;3.057224089;39.87466885;0.0125;False;ok;36;1;1.060;
6426;3.069724089;39.87466885;0.0125;False;ok;21;1;1.013;
6427;3.057224089;39.88716885;0.0125;False;ok;41;1;0.957;
6428;3.069724089;39.88716885;0.00625;False;ok;28;1;0.921;
6429;3.075974089;39.88716885;0.00625;False;ok;30;1;0.966;
6430;3.069724089;39.89341885;0.00625;False;ok;26;1;0.992;
6431;3.075974089;39.89341885;0.00625;False;ok;58;1;1.110;
6432;3.082224089;39.87466885;0.025;False;ok;3;1;1.036;
6433;3.057224089;39.89966885;0.0125;False;ok;29;1;1.049;
6434;3.069724089;39.89966885;0.00625;False;ok;20;1;1.056;
6435;3.075974089;39.89966885;0.00625;False;ok;75;1;1.268;
6436;3.069724089;39.90591885;0.00625;False;ok;40;1;1.125;
6437;3.075974089;39.90591885;0.00625;False;ok;35;1;1.180;
6438;3.057224089;39.91216885;0.0125;False;ok;16;1;1.163;
6439;3.069724089;39.91216885;0.0125;False;ok;11;1;1.093;
6440;3.082224089;39.89966885;0.0125;False;ok;75;1;1.242;
6441;3.094724089;39.89966885;0.0125;False;ok;10;1;1.123;
6442;3.082224089;39.91216885;0.0125;False;ok;13;1;1.141;
6443;3.094724089;39.91216885;0.0125;False;ok;3;1;1.029;
6444;3.107224089;39.82466885;0.00625;False;ok;7;1;1.014;
6445;3.113474089;39.82466885;0.00625;False;ok;73;1;1.248;
6446;3.107224089;39.83091885;0.00625;False;ok;66;1;1.118;
6447;3.113474089;39.83091885;0.00625;False;ok;59;1;1.128;
6448;3.119724089;39.82466885;0.0125;False;ok;26;1;1.089;
6449;3.107224089;39.83716885;0.0125;False;ok;41;1;1.157;
6450;3.119724089;39.83716885;0.00625;False;ok;24;1;1.123;
6451;3.125974089;39.83716885;0.00625;False;ok;65;1;1.203;
6452;3.125974089;39.84341885;0.00625;False;ok;11;1;1.103;
6453;3.144724089;39.82466885;0.0125;False;ok;22;1;1.260;
6454;3.132224089;39.83716885;0.0125;False;ok;67;1;1.298;
6455;3.144724089;39.83716885;0.0125;False;ok;19;1;1.208;
6456;3.107224089;39.84966885;0.0125;False;ok;74;1;1.311;
6457;3.119724089;39.84966885;0.0125;False;ok;69;1;1.288;
6458;3.107224089;39.86216885;0.0125;False;ok;9;1;1.200;
6459;3.119724089;39.86216885;0.0125;False;ok;21;1;1.169;
6460;3.132224089;39.84966885;0.0125;False;ok;14;1;1.206;
6461;3.144724089;39.84966885;0.0125;False;ok;34;1;1.212;
6462;3.132224089;39.86216885;0.0125;False;ok;32;1;1.166;
6463;3.144724089;39.86216885;0.0125;False;ok;26;1;1.181;
6464;3.157224089;39.82466885;0.05;False;ok;33;1;1.139;
6465;3.807224089;39.82466885;0.1;False;ok;12;1;1.069;
6466;4.007224089;39.87466885;0.05;False;ok;42;1;1.183;
6467;4.057224089;39.87466885;0.025;False;ok;5;1;1.065;
6468;4.057224089;39.89966885;0.0125;False;ok;71;1;1.115;
6469;4.069724089;39.89966885;0.00625;False;ok;72;1;1.101;
6470;4.075974089;39.89966885;0.00625;False;ok;25;1;1.045;
6471;4.069724089;39.90591885;0.00625;False;ok;44;1;1.092;
6472;4.075974089;39.90591885;0.00625;False;ok;3;1;0.982;
6473;4.069724089;39.91216885;0.0125;False;ok;1;1;1.045;
6474;4.082224089;39.89966885;0.025;False;ok;2;1;1.022;
6475;4.107224089;39.82466885;0.05;False;ok;74;1;1.256;
6476;4.157224089;39.82466885;0.05;False;ok;21;1;1.278;
6477;4.107224089;39.87466885;0.05;False;ok;39;1;1.271;
6478;4.157224089;39.87466885;0.05;False;ok;8;1;1.224;
6479;4.207224089;39.82466885;0.05;False;ok;74;1;1.602;
6480;4.257224089;39.82466885;0.05;False;ok;42;1;1.348;
6481;4.207224089;39.87466885;0.05;False;ok;6;1;1.264;
6482;4.257224089;39.87466885;0.05;False;ok;67;1;1.456;
6483;3.107224089;39.92466885;0.1;False;ok;3;1;1.317;
6484;3.782224089;39.97466885;0.025;False;ok;21;1;1.257;
6485;3.782224089;39.99966885;0.025;False;ok;74;1;1.350;
6486;3.819724089;39.92466885;0.00625;False;ok;75;1;1.232;
6487;3.825974089;39.92466885;0.00625;False;ok;65;1;1.339;
6488;3.819724089;39.93091885;0.00625;False;ok;18;1;1.161;
6489;3.825974089;39.93091885;0.00625;False;ok;9;1;1.126;
6490;3.832224089;39.92466885;0.025;False;ok;67;1;1.270;
6491;3.807224089;39.94966885;0.025;False;ok;9;1;1.106;
6492;3.832224089;39.94966885;0.025;False;ok;72;1;1.205;
6493;3.857224089;39.92466885;0.05;False;ok;4;1;0.968;
6494;3.807224089;39.97466885;0.025;False;ok;9;1;0.922;
6495;3.832224089;39.97466885;0.025;False;ok;74;1;0.947;
6496;3.807224089;39.99966885;0.025;False;ok;75;1;1.027;
6497;3.832224089;39.99966885;0.025;False;ok;75;1;0.964;
6498;3.857224089;39.97466885;0.05;False;ok;6;1;0.879;
6499;3.907224089;39.92466885;0.05;False;ok;11;1;0.911;
6500;3.957224089;39.92466885;0.0125;False;ok;21;1;0.979;
6501;3.957224089;39.93716885;0.0125;False;ok;73;1;1.096;
6502;3.957224089;39.94966885;0.025;False;ok;1;1;1.032;
6503;3.982224089;39.94966885;0.025;False;ok;6;1;1.522;
6504;3.957224089;39.97466885;0.05;False;ok;1;1;1.127;
6505;4.007224089;39.92466885;0.1;False;ok;30;1;1.179;
6506;4.107224089;39.92466885;0.05;False;ok;13;1;1.113;
6507;4.157224089;39.92466885;0.05;False;ok;2;1;1.181;
6508;4.107224089;39.97466885;0.05;False;ok;3;1;1.166;
6509;4.182224089;39.97466885;0.025;False;ok;1;1;1.236;
6510;4.157224089;39.99966885;0.025;False;ok;70;1;1.416;
6511;4.182224089;39.99966885;0.025;False;ok;72;1;1.345;
6512;4.207224089;39.92466885;0.1;False;ok;9;1;1.281;
6513;3.807224089;40.02466885;0.1;False;ok;36;1;1.336;
6514;4.007224089;40.02466885;0.1;False;ok;1;1;1.218;
6515;4.107224089;40.02466885;0.05;False;ok;73;1;1.278;
6516;4.157224089;40.02466885;0.05;False;ok;73;1;1.234;
6517;0.807224089;40.62466885;0.1;False;ok;63;1;1.207;
6518;0.807224089;40.72466885;0.025;False;ok;26;1;1.091;
6519;0.832224089;40.72466885;0.00625;False;ok;75;1;1.170;
6520;0.838474089;40.72466885;0.00625;False;ok;71;1;1.070;
6521;-5.357657522;35.87616748;0.09;False;ok;36;1;0.887;
6522;-2.961443247;35.27658336;0.1;False;ok;26;1;0.840;
