index;x;y;inc;mixed;status;alojamientos;attempts;elapsed_seconds;error
0;-18.04263932;27.61024358;0.1;False;ok;72;1;0.651;
1;-18.14263932;27.71024358;0.1;False;ok;13;1;0.601;
2;-18.04263932;27.71024358;0.05;False;ok;74;1;0.664;
3;-17.99263932;27.71024358;0.05;False;ok;48;1;0.633;
4;-18.04263932;27.76024358;0.05;False;ok;32;1;0.639;
5;-17.99263932;27.76024358;0.05;False;ok;34;1;0.574;
6;-17.94263932;27.71024358;0.1;False;ok;38;1;0.551;
7;-15.69263932;27.71024358;0.05;False;ok;68;1;0.676;
8;-15.71763932;27.76024358;0.025;False;ok;72;1;0.712;
9;-15.74263932;27.78524358;0.0125;False;ok;0;1;1.155;
10;-15.73013932;27.78524358;0.0125;False;ok;34;1;0.616;
11;-15.74263932;27.79774358;0.0125;False;ok;74;1;0.736;
12;-15.73013932;27.79774358;0.0125;False;ok;38;1;0.752;
13;-15.71763932;27.78524358;0.00625;False;ok;75;1;0.792;
14;-15.71138932;27.78524358;0.00625;False;ok;75;1;0.642;
15;-15.71763932;27.79149358;0.00625;False;ok;44;1;0.595;
16;-15.71138932;27.79149358;0.00625;False;ok;74;1;0.624;
17;-15.70513932;27.78524358;0.0125;False;ok;55;1;0.571;
18;-15.71763932;27.79774358;0.0125;False;ok;46;1;0.529;
19;-15.70513932;27.79774358;0.0125;False;ok;3;1;0.381;
20;-15.69263932;27.76024358;0.025;False;ok;74;1;0.781;
21;-15.66763932;27.76024358;0.025;False;ok;74;1;0.560;
22;-15.66763932;27.78524358;0.025;False;ok;66;1;0.692;
23;-15.64263932;27.73524358;0.025;False;ok;58;1;0.622;
24;-15.61763932;27.73524358;0.0125;False;ok;59;1;0.573;
25;-15.60513932;27.73524358;0.0125;False;ok;43;1;0.581;
26;-15.61763932;27.74774358;0.0125;False;ok;53;1;0.568;
27;-15.60513932;27.74774358;0.00625;False;ok;43;1;0.655;
28;-15.59888932;27.74774358;0.00625;False;ok;38;1;0.574;
29;-15.60513932;27.75399358;0.00625;False;ok;73;1;0.581;
30;-15.59888932;27.75399358;0.00625;False;ok;60;1;0.617;
31;-15.58013932;27.73524358;0.0125;False;ok;8;1;0.508;
32;-15.59263932;27.74774358;0.00625;False;ok;24;1;0.569;
33;-15.58638932;27.74774358;0.00625;False;ok;23;1;0.583;
34;-15.59263932;27.75399358;0.00625;False;ok;75;1;0.671;
35;-15.58638932;27.75399358;0.00625;False;ok;46;1;0.560;
36;-15.58013932;27.74774358;0.00625;False;ok;74;1;0.621;
37;-15.57388932;27.74774358;0.00625;False;ok;46;1;0.503;
38;-15.58013932;27.75399358;0.003125;False;ok;74;1;0.558;
39;-15.57701432;27.75399358;0.003125;False;ok;15;1;0.513;
40;-15.58013932;27.75711858;0.003125;False;ok;48;1;0.565;
41;-15.57701432;27.75711858;0.003125;False;ok;41;1;0.667;
42;-15.57388932;27.75399358;0.003125;False;ok;25;1;0.588;
43;-15.57076432;27.75399358;0.003125;False;ok;19;1;0.447;
44;-15.57388932;27.75711858;0.003125;False;ok;74;1;0.630;
45;-15.57076432;27.75711858;0.003125;False;ok;74;1;0.651;
46;-15.56763932;27.73524358;0.025;False;ok;26;1;0.539;
47;-15.64263932;27.76024358;0.05;False;ok;75;1;0.686;
48;-15.59263932;27.76024358;0.0125;False;ok;74;1;0.725;
49;-15.58013932;27.76024358;0.00625;False;ok;75;1;0.656;
50;-15.57388932;27.76024358;0.00625;False;ok;53;1;0.589;
51;-15.58013932;27.76649358;0.00625;False;ok;12;1;0.460;
52;-15.57388932;27.76649358;0.00625;False;ok;6;1;0.452;
53;-15.59263932;27.77274358;0.0125;False;ok;0;1;1.127;
54;-15.56763932;27.76024358;0.00625;False;ok;74;1;0.623;
55;-15.56138932;27.76024358;0.00625;False;ok;18;1;0.488;
56;-15.56138932;27.76649358;0.00625;False;ok;3;1;0.472;
57;-15.55513932;27.76024358;0.00625;False;ok;16;1;0.515;
58;-15.55513932;27.76649358;0.00625;False;ok;74;1;0.722;
59;-15.54888932;27.76649358;0.00625;False;ok;74;1;0.588;
60;-15.55513932;27.77274358;0.0125;False;ok;10;1;0.448;
61;-15.54263932;27.76024358;0.0125;False;ok;75;1;0.759;
62;-15.54263932;27.77274358;0.0125;False;ok;27;1;0.586;
63;-15.53013932;27.77274358;0.0125;False;ok;72;1;0.671;
64;-15.51763932;27.76024358;0.025;False;ok;8;1;0.609;
65;-15.49263932;27.76024358;0.05;False;ok;20;1;0.519;
66;-18.04263932;27.81024358;0.1;False;ok;34;1;0.658;
67;-17.94263932;27.81024358;0.1;False;ok;69;1;0.580;
68;-15.76763932;27.81024358;0.00625;False;ok;1;1;0.405;
69;-15.76763932;27.81649358;0.003125;False;ok;69;1;0.730;
70;-15.76451432;27.81649358;0.003125;False;ok;75;1;0.631;
71;-15.76451432;27.81961858;0.003125;False;ok;27;1;0.480;
72;-15.76138932;27.81649358;0.00625;False;ok;14;1;0.591;
73;-15.75513932;27.81024358;0.0125;False;ok;41;1;0.692;
74;-15.76763932;27.82274358;0.0125;False;ok;22;1;0.540;
75;-15.76763932;27.83524358;0.025;False;ok;16;1;0.443;
76;-15.84263932;27.86024358;0.05;False;ok;11;1;0.467;
77;-15.74263932;27.81024358;0.1;False;ok;47;1;0.711;
78;-15.64263932;27.81024358;0.1;False;ok;53;1;0.576;
79;-15.54263932;27.81024358;0.1;False;ok;74;1;0.630;
80;-15.44263932;27.81024358;0.05;False;ok;75;1;0.781;
81;-15.39263932;27.81024358;0.05;False;ok;41;1;0.612;
82;-15.44263932;27.86024358;0.05;False;ok;48;1;0.616;
83;-15.39263932;27.86024358;0.05;False;ok;10;1;0.445;
84;-17.74263932;27.91024358;0.1;False;ok;0;1;1.173;
85;-16.66763932;27.99774358;0.0125;False;ok;27;1;0.434;
86;-16.65513932;28.00399358;0.00625;False;ok;22;1;0.567;
87;-16.64888932;28.00399358;0.00625;False;ok;75;1;0.612;
88;-16.64263932;27.91024358;0.1;False;ok;75;1;0.686;
89;-15.84263932;27.91024358;0.1;False;ok;67;1;0.717;
90;-15.74263932;27.91024358;0.1;False;ok;8;1;0.479;
91;-15.64263932;27.91024358;0.05;False;ok;10;1;0.476;
92;-15.59263932;27.91024358;0.05;False;ok;36;1;0.495;
93;-15.64263932;27.96024358;0.05;False;ok;73;1;0.604;
94;-15.59263932;27.96024358;0.05;False;ok;43;1;0.606;
95;-15.54263932;27.91024358;0.1;False;ok;74;1;0.642;
96;-15.44263932;27.91024358;0.05;False;ok;49;1;0.667;
97;-15.39263932;27.91024358;0.05;False;ok;5;1;0.520;
98;-15.44263932;27.96024358;0.05;False;ok;61;1;0.655;
99;-15.39263932;27.96024358;0.05;False;ok;74;1;0.700;
100;-17.44263932;28.01024358;0.1;False;ok;37;1;0.700;
101;-17.34263932;28.01024358;0.05;False;ok;1;1;0.437;
102;-17.34263932;28.06024358;0.025;False;ok;39;1;0.566;
103;-17.34263932;28.08524358;0.0125;False;ok;74;1;0.704;
104;-17.34263932;28.09774358;0.0125;False;ok;9;1;0.472;
105;-17.33013932;28.09774358;0.0125;False;ok;13;1;0.442;
106;-17.31763932;28.08524358;0.025;False;ok;1;1;0.406;
107;-17.29263932;28.06024358;0.05;False;ok;8;1;0.488;
108;-17.24263932;28.01024358;0.1;False;ok;73;1;0.638;
109;-17.14263932;28.01024358;0.1;False;ok;75;1;0.692;
110;-16.84263932;28.01024358;0.1;False;ok;74;1;0.723;
111;-16.70513932;28.01024358;0.0125;False;ok;65;1;0.610;
112;-16.70513932;28.02274358;0.0125;False;ok;75;1;0.623;
113;-16.73638932;28.04774358;0.00625;False;ok;3;1;0.387;
114;-16.74263932;28.05399358;0.00625;False;ok;0;1;1.218;
115;-16.73638932;28.05399358;0.003125;False;ok;9;1;0.500;
116;-16.73326432;28.05399358;0.003125;False;ok;7;1;0.537;
117;-16.73638932;28.05711858;0.003125;False;ok;65;1;0.607;
118;-16.73326432;28.05711858;0.003125;False;ok;49;1;0.583;
119;-16.73013932;28.04774358;0.00625;False;ok;66;1;0.593;
120;-16.72076432;28.04774358;0.003125;False;ok;36;1;0.532;
121;-16.72388932;28.05086858;0.003125;False;ok;73;1;0.671;
122;-16.72076432;28.05086858;0.003125;False;ok;75;1;0.686;
123;-16.73013932;28.05399358;0.003125;False;ok;19;1;0.517;
124;-16.72701432;28.05399358;0.003125;False;ok;73;1;0.576;
125;-16.73013932;28.05711858;0.003125;False;ok;74;1;0.629;
126;-16.72701432;28.05711858;0.003125;False;ok;1;1;0.369;
127;-16.72388932;28.05399358;0.00625;False;ok;62;1;0.519;
128;-16.71763932;28.03524358;0.0125;False;ok;74;1;0.620;
129;-16.71763932;28.04774358;0.003125;False;ok;5;1;0.444;
130;-16.71451432;28.04774358;0.003125;False;ok;75;1;0.675;
131;-16.71763932;28.05086858;0.003125;False;ok;73;1;0.699;
132;-16.71451432;28.05086858;0.003125;False;ok;75;1;0.594;
133;-16.71138932;28.04774358;0.00625;False;ok;75;1;0.726;
134;-16.71763932;28.05399358;0.00625;False;ok;71;1;0.699;
135;-16.71138932;28.05399358;0.00625;False;ok;53;1;0.581;
136;-16.70513932;28.04774358;0.0125;False;ok;74;1;0.687;
137;-16.69263932;28.01024358;0.025;False;ok;22;1;0.522;
138;-16.66763932;28.01024358;0.0125;False;ok;16;1;0.493;
139;-16.65513932;28.01024358;0.0125;False;ok;74;1;0.682;
140;-16.66763932;28.02274358;0.0125;False;ok;0;1;1.127;
141;-16.65513932;28.02274358;0.0125;False;ok;2;1;0.334;
142;-16.69263932;28.03524358;0.025;False;ok;7;1;0.488;
143;-16.66763932;28.03524358;0.025;False;ok;8;1;0.497;
144;-16.73638932;28.06024358;0.00625;False;ok;73;1;0.801;
145;-16.73638932;28.06649358;0.00625;False;ok;73;1;0.719;
146;-16.73013932;28.06024358;0.0015625;False;ok;69;1;0.600;
147;-16.72857682;28.06024358;0.0015625;False;ok;22;1;0.522;
148;-16.73013932;28.06180608;0.0015625;False;ok;36;1;0.503;
149;-16.72857682;28.06180608;0.0015625;False;ok;57;1;0.617;
150;-16.72701432;28.06024358;0.003125;False;ok;60;1;0.739;
151;-16.73013932;28.06336858;0.003125;False;ok;75;1;0.616;
152;-16.72388932;28.06024358;0.00625;False;ok;3;1;0.497;
153;-16.73013932;28.06649358;0.003125;False;ok;42;1;0.588;
154;-16.72701432;28.06649358;0.003125;False;ok;11;1;0.502;
155;-16.73013932;28.06961858;0.003125;False;ok;75;1;0.622;
156;-16.72388932;28.06649358;0.00625;False;ok;11;1;0.417;
157;-16.73638932;28.07274358;0.003125;False;ok;4;1;0.535;
158;-16.73326432;28.07274358;0.003125;False;ok;74;1;0.720;
159;-16.73638932;28.07586858;0.003125;False;ok;45;1;0.546;
160;-16.73326432;28.07586858;0.003125;False;ok;66;1;0.588;
161;-16.73638932;28.07899358;0.003125;False;ok;12;1;0.552;
162;-16.73326432;28.07899358;0.003125;False;ok;67;1;0.691;
163;-16.73638932;28.08211858;0.003125;False;ok;12;1;0.559;
164;-16.73326432;28.08211858;0.0015625;False;ok;20;1;0.583;
165;-16.73170182;28.08211858;0.0015625;False;ok;70;1;0.574;
166;-16.73326432;28.08368108;0.0015625;False;ok;48;1;0.624;
167;-16.73013932;28.07274358;0.00625;False;ok;73;1;0.639;
168;-16.72388932;28.07274358;0.00625;False;ok;10;1;0.732;
169;-16.73013932;28.07899358;0.00625;False;ok;75;1;0.759;
170;-16.72388932;28.07899358;0.00625;False;ok;75;1;0.643;
171;-16.71763932;28.06024358;0.025;False;ok;74;1;1.093;
172;-16.74263932;28.08524358;0.00625;False;ok;7;1;0.549;
173;-16.73638932;28.08524358;0.00625;False;ok;74;1;0.573;
174;-16.74263932;28.09149358;0.00625;False;ok;52;1;0.530;
175;-16.73638932;28.09149358;0.00625;False;ok;44;1;0.533;
176;-16.73013932;28.08524358;0.00625;False;ok;73;1;0.715;
177;-16.72388932;28.08524358;0.00625;False;ok;75;1;0.734;
178;-16.73013932;28.09149358;0.00625;False;ok;48;1;0.474;
179;-16.72388932;28.09149358;0.00625;False;ok;32;1;0.555;
180;-16.74263932;28.09774358;0.0125;False;ok;6;1;0.419;
181;-16.73013932;28.09774358;0.0125;False;ok;4;1;0.361;
182;-16.71763932;28.08524358;0.025;False;ok;72;1;0.649;
183;-16.69263932;28.06024358;0.05;False;ok;74;1;0.744;
184;-16.64263932;28.01024358;0.025;False;ok;74;1;0.715;
185;-16.61763932;28.01024358;0.0125;False;ok;65;1;0.602;
186;-16.61763932;28.02274358;0.00625;False;ok;75;1;0.710;
187;-16.61138932;28.02274358;0.00625;False;ok;75;1;0.704;
188;-16.61763932;28.02899358;0.00625;False;ok;47;1;0.578;
189;-16.61138932;28.02899358;0.00625;False;ok;71;1;0.614;
190;-16.60513932;28.02274358;0.0125;False;ok;75;1;0.585;
191;-16.64263932;28.03524358;0.025;False;ok;10;1;0.513;
192;-16.61763932;28.03524358;0.025;False;ok;44;1;0.555;
193;-16.59263932;28.01024358;0.025;False;ok;62;1;0.682;
194;-16.56451432;28.02899358;0.003125;False;ok;23;1;0.494;
195;-16.56763932;28.03211858;0.003125;False;ok;41;1;0.638;
196;-16.56451432;28.03211858;0.003125;False;ok;74;1;0.609;
197;-16.56138932;28.02899358;0.00625;False;ok;0;1;1.235;
198;-16.59263932;28.03524358;0.025;False;ok;1;1;0.493;
199;-16.56763932;28.03524358;0.025;False;ok;31;1;0.622;
200;-16.64263932;28.06024358;0.05;False;ok;53;1;0.613;
201;-16.59263932;28.06024358;0.05;False;ok;72;1;0.658;
202;-16.54263932;28.04149358;0.003125;False;ok;30;1;0.451;
203;-16.53951432;28.04149358;0.003125;False;ok;45;1;0.599;
204;-16.54263932;28.04461858;0.003125;False;ok;17;1;0.538;
205;-16.53951432;28.04461858;0.003125;False;ok;74;1;0.671;
206;-16.53638932;28.04149358;0.00625;False;ok;73;1;0.672;
207;-16.54263932;28.04774358;0.00625;False;ok;39;1;0.664;
208;-16.53638932;28.04774358;0.00625;False;ok;75;1;0.709;
209;-16.53013932;28.04774358;0.0125;False;ok;50;1;0.565;
210;-16.54263932;28.06024358;0.05;False;ok;1;1;0.438;
211;-16.49263932;28.06024358;0.05;False;ok;55;1;0.591;
212;-15.74263932;28.01024358;0.05;False;ok;9;1;0.568;
213;-15.69263932;28.01024358;0.05;False;ok;30;1;0.727;
214;-15.74263932;28.06024358;0.05;False;ok;75;1;0.748;
215;-15.69263932;28.06024358;0.05;False;ok;54;1;0.648;
216;-15.64263932;28.01024358;0.1;False;ok;75;1;0.687;
217;-15.54263932;28.01024358;0.05;False;ok;63;1;0.676;
218;-15.49263932;28.01024358;0.05;False;ok;58;1;0.700;
219;-15.54263932;28.06024358;0.05;False;ok;40;1;0.890;
220;-15.49263932;28.06024358;0.05;False;ok;18;1;0.492;
221;-15.44263932;28.01024358;0.05;False;ok;15;1;0.462;
222;-15.39263932;28.01024358;0.05;False;ok;21;1;0.625;
223;-15.44263932;28.06024358;0.05;False;ok;74;1;0.693;
224;-14.44263932;28.01024358;0.1;False;ok;75;1;0.771;
225;-14.34263932;28.01024358;0.1;False;ok;74;1;0.777;
226;-17.34263932;28.11024358;0.1;False;ok;75;1;0.674;
227;-17.24263932;28.11024358;0.05;False;ok;20;1;0.618;
228;-17.19263932;28.11024358;0.05;False;ok;13;1;0.774;
229;-17.24263932;28.16024358;0.05;False;ok;58;1;0.569;
230;-17.19263932;28.16024358;0.05;False;ok;55;1;0.572;
231;-17.14263932;28.11024358;0.1;False;ok;1;1;0.350;
232;-16.84263932;28.11024358;0.05;False;ok;6;1;0.453;
233;-16.77388932;28.11024358;0.00625;False;ok;4;1;0.524;
234;-16.78013932;28.11649358;0.00625;False;ok;75;1;0.833;
235;-16.77388932;28.11649358;0.00625;False;ok;75;1;0.849;
236;-16.79263932;28.12274358;0.0125;False;ok;74;1;0.705;
237;-16.78013932;28.12274358;0.00625;False;ok;74;1;0.622;
238;-16.77388932;28.12274358;0.00625;False;ok;74;1;0.719;
239;-16.78013932;28.12899358;0.00625;False;ok;53;1;0.808;
240;-16.77388932;28.12899358;0.00625;False;ok;10;1;0.522;
241;-16.76763932;28.11024358;0.025;False;ok;56;1;0.717;
242;-16.79263932;28.13524358;0.025;False;ok;17;1;0.510;
243;-16.76763932;28.13524358;0.025;False;ok;74;1;0.759;
244;-16.84263932;28.16024358;0.05;False;ok;75;1;0.809;
245;-16.79263932;28.16024358;0.05;False;ok;75;1;0.740;
246;-16.74263932;28.11024358;0.1;False;ok;75;1;0.909;
247;-16.64263932;28.11024358;0.1;False;ok;73;1;0.715;
248;-16.54263932;28.11024358;0.1;False;ok;75;1;0.683;
249;-16.44263932;28.11024358;0.1;False;ok;74;1;0.699;
250;-15.74263932;28.11024358;0.1;False;ok;74;1;0.705;
251;-15.64263932;28.11024358;0.1;False;ok;74;1;0.712;
252;-15.54263932;28.11024358;0.1;False;ok;74;1;0.654;
253;-15.44263932;28.11024358;0.0125;False;ok;8;1;0.530;
254;-15.43013932;28.11024358;0.0125;False;ok;34;1;0.591;
255;-15.44263932;28.12274358;0.0125;False;ok;75;1;0.680;
256;-15.43013932;28.12274358;0.0125;False;ok;18;1;0.737;
257;-15.41763932;28.11024358;0.025;False;ok;2;1;0.563;
258;-15.44263932;28.13524358;0.00625;False;ok;73;1;0.641;
259;-15.43638932;28.13524358;0.003125;False;ok;65;1;0.814;
260;-15.43326432;28.13524358;0.003125;False;ok;17;1;0.539;
261;-15.43638932;28.13836858;0.0015625;False;ok;75;1;0.706;
262;-15.43482682;28.13836858;0.0015625;False;ok;39;1;0.507;
263;-15.43638932;28.13993108;0.0015625;False;ok;37;1;0.641;
264;-15.43482682;28.13993108;0.0015625;False;ok;73;1;0.758;
265;-15.43326432;28.13836858;0.003125;False;ok;74;1;0.749;
266;-15.43638932;28.14149358;0.003125;False;ok;26;1;0.696;
267;-15.43326432;28.14149358;0.003125;False;ok;75;1;0.737;
268;-15.43326432;28.14461858;0.003125;False;ok;60;1;0.467;
269;-15.43013932;28.13524358;0.0125;False;ok;66;1;0.664;
270;-15.44263932;28.14774358;0.0125;False;ok;75;1;0.705;
271;-15.43013932;28.14774358;0.0125;False;ok;75;1;0.749;
272;-15.44263932;28.16024358;0.05;False;ok;2;1;0.426;
273;-14.34263932;28.11024358;0.1;False;ok;50;1;0.642;
274;-14.24263932;28.11024358;0.05;False;ok;72;1;0.627;
275;-14.24263932;28.16024358;0.05;False;ok;75;1;0.697;
276;-14.19263932;28.16024358;0.05;False;ok;58;1;0.611;
277;-14.14263932;28.11024358;0.1;False;ok;73;1;0.641;
278;-14.04263932;28.11024358;0.1;False;ok;28;1;0.784;
279;-16.94263932;28.21024358;0.1;False;ok;20;1;0.643;
280;-16.84263932;28.21024358;0.0125;False;ok;17;1;0.532;
281;-16.83013932;28.21024358;0.0125;False;ok;5;1;0.480;
282;-16.84263932;28.22274358;0.00625;False;ok;73;1;0.626;
283;-16.83638932;28.22274358;0.00625;False;ok;1;1;0.471;
284;-16.84263932;28.22899358;0.003125;False;ok;74;1;0.839;
285;-16.83951432;28.22899358;0.003125;False;ok;38;1;0.550;
286;-16.84263932;28.23211858;0.003125;False;ok;55;1;0.636;
287;-16.83951432;28.23211858;0.003125;False;ok;2;1;0.477;
288;-16.83638932;28.22899358;0.00625;False;ok;36;1;0.569;
289;-16.81763932;28.21024358;0.025;False;ok;6;1;0.512;
290;-16.84263932;28.23524358;0.003125;False;ok;74;1;0.649;
291;-16.84263932;28.23836858;0.003125;False;ok;57;1;0.873;
292;-16.83951432;28.23836858;0.003125;False;ok;25;1;0.495;
293;-16.83638932;28.23524358;0.00625;False;ok;32;1;0.757;
294;-16.84263932;28.24149358;0.00625;False;ok;74;1;0.677;
295;-16.83013932;28.23524358;0.0125;False;ok;7;1;0.465;
296;-16.84263932;28.24774358;0.0125;False;ok;26;1;0.551;
297;-16.83013932;28.24774358;0.0125;False;ok;3;1;0.427;
298;-16.81763932;28.23524358;0.025;False;ok;34;1;0.636;
299;-16.79263932;28.21024358;0.05;False;ok;12;1;0.592;
300;-16.84263932;28.26024358;0.05;False;ok;38;1;0.653;
301;-16.64263932;28.21024358;0.1;False;ok;2;1;0.449;
302;-16.54263932;28.21024358;0.1;False;ok;31;1;0.543;
303;-16.44263932;28.21024358;0.1;False;ok;75;1;0.737;
304;-14.24263932;28.21024358;0.1;False;ok;34;1;0.597;
305;-14.14263932;28.21024358;0.1;False;ok;32;1;0.617;
306;-14.04263932;28.21024358;0.1;False;ok;75;1;0.646;
307;-16.94263932;28.31024358;0.1;False;ok;72;1;0.697;
308;-16.84263932;28.31024358;0.05;False;ok;23;1;0.472;
309;-16.79263932;28.31024358;0.05;False;ok;20;1;0.667;
310;-16.84263932;28.36024358;0.05;False;ok;73;1;0.947;
311;-16.79263932;28.36024358;0.05;False;ok;73;1;0.768;
312;-16.74263932;28.31024358;0.05;False;ok;57;1;0.720;
313;-16.69263932;28.31024358;0.05;False;ok;17;1;0.577;
314;-16.74263932;28.36024358;0.025;False;ok;71;1;0.695;
315;-16.71763932;28.36024358;0.025;False;ok;75;1;0.750;
316;-16.69263932;28.36024358;0.05;False;ok;74;1;0.743;
317;-16.59263932;28.31024358;0.05;False;ok;7;1;0.654;
318;-16.64263932;28.36024358;0.05;False;ok;59;1;0.708;
319;-16.59263932;28.36024358;0.025;False;ok;25;1;0.651;
320;-16.56763932;28.36024358;0.025;False;ok;18;1;0.589;
321;-16.59263932;28.38524358;0.025;False;ok;72;1;0.829;
322;-16.56763932;28.38524358;0.025;False;ok;73;1;0.849;
323;-16.54263932;28.31024358;0.05;False;ok;2;1;0.594;
324;-16.54263932;28.36024358;0.05;False;ok;75;1;0.783;
325;-16.49263932;28.36024358;0.05;False;ok;0;1;1.234;
326;-16.44263932;28.31024358;0.05;False;ok;69;1;0.731;
327;-16.39263932;28.31024358;0.05;False;ok;70;1;0.662;
328;-16.39263932;28.36024358;0.05;False;ok;75;1;0.819;
329;-16.34263932;28.31024358;0.1;False;ok;74;1;0.811;
330;-14.24263932;28.31024358;0.1;False;ok;13;1;0.517;
331;-14.14263932;28.31024358;0.1;False;ok;20;1;0.738;
332;-14.04263932;28.31024358;0.1;False;ok;40;1;0.906;
333;-13.94263932;28.31024358;0.05;False;ok;2;1;0.412;
334;-13.89263932;28.36024358;0.025;False;ok;74;1;0.708;
335;-13.86763932;28.36024358;0.025;False;ok;6;1;0.488;
336;-13.88013932;28.38524358;0.0125;False;ok;73;1;0.868;
337;-13.89263932;28.39774358;0.0125;False;ok;11;1;0.511;
338;-13.88013932;28.39774358;0.0125;False;ok;73;1;0.670;
339;-13.86763932;28.38524358;0.0125;False;ok;39;1;0.555;
340;-13.85513932;28.38524358;0.0125;False;ok;8;1;0.535;
341;-13.86763932;28.39774358;0.00625;False;ok;35;1;0.771;
342;-13.86138932;28.39774358;0.00625;False;ok;75;1;0.812;
343;-13.86138932;28.40399358;0.00625;False;ok;7;1;0.500;
344;-13.85513932;28.39774358;0.0125;False;ok;30;1;0.605;
345;-17.94263932;28.41024358;0.1;False;ok;67;1;0.927;
346;-17.84263932;28.41024358;0.1;False;ok;16;1;0.554;
347;-16.56763932;28.41024358;0.0125;False;ok;75;1;0.774;
348;-16.55513932;28.41024358;0.00625;False;ok;75;1;0.949;
349;-16.54888932;28.41024358;0.00625;False;ok;73;1;0.760;
350;-16.55513932;28.41649358;0.00625;False;ok;71;1;0.740;
351;-16.54888932;28.41649358;0.00625;False;ok;75;1;0.712;
352;-16.54263932;28.41024358;0.025;False;ok;75;1;0.821;
353;-16.51763932;28.41024358;0.025;False;ok;74;1;0.694;
354;-16.51763932;28.43524358;0.025;False;ok;4;1;0.412;
355;-16.49263932;28.41024358;0.05;False;ok;75;1;0.702;
356;-16.49263932;28.46024358;0.05;False;ok;39;1;0.578;
357;-16.44263932;28.41024358;0.05;False;ok;5;1;0.563;
358;-16.39263932;28.41024358;0.05;False;ok;21;1;0.884;
359;-16.44263932;28.46024358;0.05;False;ok;73;1;0.998;
360;-16.39263932;28.46024358;0.05;False;ok;39;1;0.683;
361;-16.34263932;28.41024358;0.05;False;ok;46;1;0.826;
362;-16.29263932;28.41024358;0.05;False;ok;46;1;1.047;
363;-16.34263932;28.46024358;0.05;False;ok;73;1;1.132;
364;-16.29263932;28.46024358;0.025;False;ok;46;1;0.623;
365;-16.26763932;28.46024358;0.0125;False;ok;74;1;0.670;
366;-16.25513932;28.46024358;0.0125;False;ok;75;1;0.803;
367;-16.26763932;28.47274358;0.0125;False;ok;7;1;0.547;
368;-16.25513932;28.47274358;0.0125;False;ok;48;1;0.934;
369;-16.29263932;28.48524358;0.025;False;ok;4;1;0.440;
370;-16.24263932;28.41024358;0.1;False;ok;73;1;0.734;
371;-14.14263932;28.41024358;0.1;False;ok;16;1;0.938;
372;-14.04263932;28.41024358;0.1;False;ok;32;1;0.854;
373;-13.89263932;28.41024358;0.05;False;ok;75;1;0.856;
374;-13.94263932;28.46024358;0.05;False;ok;7;1;0.469;
375;-13.89263932;28.46024358;0.025;False;ok;13;1;0.464;
376;-13.86763932;28.46024358;0.025;False;ok;1;1;0.461;
377;-13.89263932;28.48524358;0.025;False;ok;49;1;0.583;
378;-13.86763932;28.48524358;0.025;False;ok;73;1;0.718;
379;-17.89263932;28.51024358;0.05;False;ok;9;1;0.819;
380;-17.91763932;28.56024358;0.025;False;ok;11;1;0.670;
381;-17.94263932;28.58524358;0.025;False;ok;8;1;0.547;
382;-17.91763932;28.58524358;0.0125;False;ok;74;1;0.711;
383;-17.90513932;28.58524358;0.0125;False;ok;11;1;0.493;
384;-17.91763932;28.59774358;0.0125;False;ok;9;1;0.464;
385;-17.90513932;28.59774358;0.0125;False;ok;17;1;0.818;
386;-17.89263932;28.56024358;0.05;False;ok;25;1;0.495;
387;-17.84263932;28.51024358;0.1;False;ok;63;1;0.942;
388;-16.44263932;28.51024358;0.1;False;ok;74;1;1.208;
389;-16.34263932;28.51024358;0.1;False;ok;71;1;0.780;
390;-16.24263932;28.51024358;0.1;False;ok;73;1;1.292;
391;-14.04263932;28.51024358;0.1;False;ok;49;1;0.669;
392;-13.94263932;28.51024358;0.1;False;ok;36;1;0.659;
393;-13.84263932;28.51024358;0.1;False;ok;56;1;1.050;
394;-18.04263932;28.61024358;0.1;False;ok;75;1;1.121;
395;-17.94263932;28.61024358;0.025;False;ok;4;1;0.480;
396;-17.91763932;28.61024358;0.025;False;ok;17;1;0.551;
397;-17.94263932;28.63524358;0.025;False;ok;73;1;0.609;
398;-17.91763932;28.63524358;0.025;False;ok;72;1;0.614;
399;-17.89263932;28.61024358;0.025;False;ok;6;1;0.926;
400;-17.89263932;28.63524358;0.025;False;ok;73;1;0.664;
401;-17.86763932;28.63524358;0.025;False;ok;23;1;0.790;
402;-17.94263932;28.66024358;0.05;False;ok;73;1;1.073;
403;-17.89263932;28.66024358;0.05;False;ok;6;1;0.488;
404;-17.84263932;28.61024358;0.05;False;ok;4;1;0.445;
405;-17.79263932;28.61024358;0.025;False;ok;36;1;0.641;
406;-17.76763932;28.61024358;0.025;False;ok;10;1;0.619;
407;-17.79263932;28.63524358;0.025;False;ok;57;1;0.663;
408;-17.76763932;28.63524358;0.025;False;ok;74;1;0.895;
409;-17.84263932;28.66024358;0.05;False;ok;1;1;0.417;
410;-17.79263932;28.66024358;0.025;False;ok;46;1;0.641;
411;-17.76763932;28.66024358;0.025;False;ok;73;1;0.659;
412;-17.79263932;28.68524358;0.025;False;ok;16;1;0.666;
413;-17.76763932;28.68524358;0.025;False;ok;74;1;0.695;
414;-14.01763932;28.66024358;0.0125;False;ok;0;1;1.249;
415;-14.01763932;28.67274358;0.0125;False;ok;74;1;1.023;
416;-14.00513932;28.67274358;0.0125;False;ok;8;1;0.437;
417;-14.04263932;28.68524358;0.025;False;ok;1;1;0.365;
418;-14.01763932;28.68524358;0.025;False;ok;75;1;0.798;
419;-13.99263932;28.66024358;0.05;False;ok;46;1;0.671;
420;-13.94263932;28.61024358;0.05;False;ok;74;1;0.754;
421;-13.89263932;28.61024358;0.05;False;ok;1;1;0.637;
422;-13.94263932;28.66024358;0.05;False;ok;73;1;0.688;
423;-13.89263932;28.66024358;0.05;False;ok;75;1;0.771;
424;-13.84263932;28.61024358;0.1;False;ok;2;1;0.435;
425;-18.04263932;28.71024358;0.1;False;ok;72;1;0.620;
426;-17.94263932;28.71024358;0.1;False;ok;20;1;0.589;
427;-17.84263932;28.71024358;0.1;False;ok;68;1;0.718;
428;-17.74263932;28.71024358;0.1;False;ok;4;1;0.511;
429;-14.04263932;28.71024358;0.1;False;ok;71;1;0.699;
430;-13.94263932;28.71024358;0.05;False;ok;4;1;0.452;
431;-13.88013932;28.71024358;0.0125;False;ok;74;1;0.723;
432;-13.89263932;28.72274358;0.0125;False;ok;0;1;1.209;
433;-13.88013932;28.72274358;0.0125;False;ok;74;1;0.758;
434;-13.86763932;28.71024358;0.0125;False;ok;45;1;0.682;
435;-13.86763932;28.72274358;0.00625;False;ok;75;1;0.772;
436;-13.86138932;28.72274358;0.00625;False;ok;74;1;0.804;
437;-13.86763932;28.72899358;0.00625;False;ok;75;1;0.835;
438;-13.86138932;28.72899358;0.00625;False;ok;52;1;0.623;
439;-13.85513932;28.72274358;0.0125;False;ok;17;1;0.709;
440;-13.87388932;28.73524358;0.003125;False;ok;72;1;0.614;
441;-13.87076432;28.73524358;0.003125;False;ok;74;1;0.680;
442;-13.87388932;28.73836858;0.003125;False;ok;23;1;0.554;
443;-13.87076432;28.73836858;0.003125;False;ok;75;1;0.721;
444;-13.87388932;28.74149358;0.00625;False;ok;75;1;0.724;
445;-13.86763932;28.73524358;0.025;False;ok;75;1;0.698;
446;-13.84263932;28.71024358;0.1;False;ok;2;1;0.444;
447;-13.74263932;28.71024358;0.1;False;ok;1;1;0.517;
448;-18.04263932;28.81024358;0.1;False;ok;7;1;0.434;
449;-17.94263932;28.81024358;0.1;False;ok;11;1;0.482;
450;-17.84263932;28.81024358;0.1;False;ok;23;1;0.578;
451;-13.89263932;28.81024358;0.05;False;ok;5;1;0.534;
452;-13.89263932;28.86024358;0.025;False;ok;72;1;0.540;
453;-13.86763932;28.86024358;0.0125;False;ok;73;1;0.773;
454;-13.85513932;28.86024358;0.00625;False;ok;14;1;0.564;
455;-13.84888932;28.86024358;0.00625;False;ok;40;1;0.556;
456;-13.85513932;28.86649358;0.00625;False;ok;5;1;0.459;
457;-13.84888932;28.86649358;0.00625;False;ok;54;1;0.628;
458;-13.85513932;28.87274358;0.0125;False;ok;73;1;0.697;
459;-13.84263932;28.81024358;0.05;False;ok;75;1;0.730;
460;-13.84263932;28.86024358;0.00625;False;ok;28;1;0.602;
461;-13.83638932;28.86024358;0.00625;False;ok;74;1;0.653;
462;-13.84263932;28.86649358;0.00625;False;ok;72;1;0.741;
463;-13.83638932;28.86649358;0.00625;False;ok;22;1;0.590;
464;-13.83013932;28.86024358;0.0125;False;ok;75;1;0.807;
465;-13.84263932;28.87274358;0.0125;False;ok;59;1;0.612;
466;-13.83013932;28.87274358;0.0125;False;ok;75;1;0.633;
467;-13.81763932;28.86024358;0.0125;False;ok;73;1;0.834;
468;-13.80513932;28.86024358;0.00625;False;ok;75;1;0.693;
469;-13.79888932;28.86024358;0.00625;False;ok;57;1;0.639;
470;-13.80513932;28.86649358;0.00625;False;ok;41;1;0.637;
471;-13.74263932;28.81024358;0.1;False;ok;21;1;0.632;
472;-13.84263932;28.91024358;0.1;False;ok;73;1;0.646;
473;-13.71763932;28.91024358;0.025;False;ok;75;1;0.781;
474;-13.74263932;28.93524358;0.025;False;ok;13;1;0.529;
475;-13.71763932;28.93524358;0.025;False;ok;71;1;0.747;
476;-13.69263932;28.91024358;0.0125;False;ok;3;1;0.432;
477;-13.68013932;28.91024358;0.0125;False;ok;74;1;0.601;
478;-13.69263932;28.92274358;0.0125;False;ok;9;1;0.511;
479;-13.68013932;28.92274358;0.00625;False;ok;73;1;0.670;
480;-13.67388932;28.92274358;0.003125;False;ok;44;1;0.551;
481;-13.67076432;28.92274358;0.003125;False;ok;59;1;0.583;
482;-13.67388932;28.92586858;0.003125;False;ok;16;1;0.567;
483;-13.67076432;28.92586858;0.003125;False;ok;8;1;0.475;
484;-13.68013932;28.92899358;0.00625;False;ok;7;1;0.546;
485;-13.67388932;28.92899358;0.00625;False;ok;12;1;0.560;
486;-13.66763932;28.91024358;0.0125;False;ok;74;1;0.698;
487;-13.65513932;28.91649358;0.00625;False;ok;74;1;0.663;
488;-13.64888932;28.91649358;0.00625;False;ok;75;1;0.634;
489;-13.66763932;28.92274358;0.00625;False;ok;75;1;0.663;
490;-13.66138932;28.92274358;0.00625;False;ok;74;1;0.631;
491;-13.66763932;28.92899358;0.00625;False;ok;1;1;0.403;
492;-13.65513932;28.92274358;0.0125;False;ok;74;1;0.643;
493;-13.69263932;28.93524358;0.025;False;ok;55;1;0.657;
494;-13.66763932;28.93524358;0.025;False;ok;72;1;0.808;
495;-13.74263932;28.96024358;0.05;False;ok;17;1;0.467;
496;-13.69263932;28.96024358;0.05;False;ok;75;1;0.788;
497;-13.64263932;28.91024358;0.0125;False;ok;12;1;0.496;
498;-13.64263932;28.92274358;0.0125;False;ok;75;1;0.664;
499;-13.63013932;28.92274358;0.0125;False;ok;41;1;0.636;
500;-13.61763932;28.91024358;0.025;False;ok;15;1;0.483;
501;-13.64263932;28.93524358;0.025;False;ok;45;1;0.562;
502;-13.61763932;28.93524358;0.025;False;ok;73;1;0.685;
503;-13.59263932;28.94774358;0.0125;False;ok;74;1;0.646;
504;-13.58013932;28.94774358;0.0125;False;ok;14;1;0.553;
505;-13.56763932;28.93524358;0.025;False;ok;75;1;0.753;
506;-13.64263932;28.96024358;0.05;False;ok;59;1;0.683;
507;-13.59263932;28.96024358;0.025;False;ok;21;1;0.590;
508;-13.56763932;28.96024358;0.0125;False;ok;30;1;0.729;
509;-13.55513932;28.96024358;0.0125;False;ok;75;1;0.741;
510;-13.56763932;28.97274358;0.0125;False;ok;16;1;0.536;
511;-13.55513932;28.97274358;0.0125;False;ok;7;1;0.457;
512;-13.56763932;28.98524358;0.025;False;ok;4;1;0.536;
513;-13.54263932;28.96024358;0.025;False;ok;9;1;0.506;
514;-13.51763932;28.96024358;0.025;False;ok;5;1;0.593;
515;-13.54263932;28.98524358;0.025;False;ok;14;1;0.500;
516;-13.51763932;28.98524358;0.0125;False;ok;47;1;0.593;
517;-13.50513932;28.98524358;0.0125;False;ok;74;1;0.850;
518;-13.51763932;28.99774358;0.0125;False;ok;14;1;0.696;
519;-13.50513932;28.99774358;0.0125;False;ok;47;1;0.617;
520;-13.49263932;28.98524358;0.0125;False;ok;42;1;0.573;
521;-13.49263932;28.99774358;0.0125;False;ok;74;1;0.774;
522;-13.69263932;29.01024358;0.05;False;ok;63;1;0.635;
523;-13.69263932;29.06024358;0.05;False;ok;75;1;0.655;
524;-13.64263932;29.01024358;0.05;False;ok;41;1;0.585;
525;-13.59263932;29.01024358;0.05;False;ok;72;1;1.730;
526;-13.64263932;29.06024358;0.05;False;ok;16;1;0.566;
527;-13.59263932;29.06024358;0.05;False;ok;23;1;0.598;
528;-13.54263932;29.01024358;0.05;False;ok;14;1;0.514;
529;-13.49263932;29.01024358;0.05;False;ok;7;1;0.517;
530;-13.54263932;29.06024358;0.05;False;ok;18;1;0.569;
531;-13.49263932;29.06024358;0.05;False;ok;75;1;0.696;
532;-13.74263932;29.11024358;0.1;False;ok;0;1;1.158;
533;-13.64263932;29.11024358;0.05;False;ok;21;1;0.596;
534;-13.59263932;29.11024358;0.05;False;ok;75;1;0.830;
535;-13.54263932;29.11024358;0.05;False;ok;33;1;0.610;
536;-13.49263932;29.11024358;0.025;False;ok;15;1;0.627;
537;-13.46763932;29.11024358;0.025;False;ok;75;1;0.614;
538;-13.49263932;29.13524358;0.025;False;ok;9;1;0.584;
539;-13.46763932;29.13524358;0.025;False;ok;75;1;0.707;
540;-13.54263932;29.16024358;0.05;False;ok;3;1;0.499;
541;-13.49263932;29.16024358;0.05;False;ok;11;1;0.467;
542;-13.44263932;29.11024358;0.1;False;ok;0;1;1.265;
543;-13.54263932;29.21024358;0.05;False;ok;74;1;0.557;
544;-13.49263932;29.21024358;0.05;False;ok;42;1;0.627;
545;-13.49263932;29.26024358;0.05;False;ok;3;1;0.441;
546;-8.919748187;41.83647628;0.05;True;ok;2;1;0.469;
547;-8.869748187;41.83647628;0.05;True;ok;2;1;0.773;
548;-8.719748187;41.78647628;0.1;True;ok;0;1;0.646;
549;-8.219748187;41.78647628;0.1;True;ok;2;1;0.549;
550;-8.119748187;41.78647628;0.1;False;ok;13;1;0.521;
551;-8.919748187;41.88647628;0.1;True;ok;72;1;0.710;
552;-8.819748187;41.88647628;0.1;True;ok;13;1;0.899;
553;-8.219748187;41.88647628;0.1;False;ok;2;1;0.498;
554;-8.119748187;41.88647628;0.1;False;ok;26;1;0.572;
555;-8.019748187;41.88647628;0.1;False;ok;9;1;0.525;
556;-7.919748187;41.88647628;0.1;True;ok;0;1;0.536;
557;-7.519748187;41.88647628;0.1;False;ok;13;1;0.597;
558;-8.919748187;41.98647628;0.1;False;ok;53;1;0.623;
559;-8.819748187;41.98647628;0.1;False;ok;23;1;0.550;
560;-8.719748187;41.98647628;0.1;True;ok;44;1;0.737;
561;-8.619748187;41.98647628;0.1;True;ok;6;1;0.621;
562;-7.919748187;41.98647628;0.1;False;ok;2;1;0.513;
563;-7.819748187;41.98647628;0.1;False;ok;5;1;0.509;
564;-7.519748187;41.98647628;0.1;False;ok;4;1;0.403;
565;-7.419748187;41.98647628;0.1;False;ok;2;1;0.538;
566;-7.219748187;41.98647628;0.1;False;ok;3;1;0.449;
567;-7.119748187;41.98647628;0.1;False;ok;3;1;0.490;
568;-7.019748187;41.98647628;0.1;False;ok;1;1;0.407;
569;-6.919748187;41.98647628;0.1;False;ok;11;1;0.584;
570;-6.819748187;41.98647628;0.1;False;ok;2;1;0.541;
571;-6.719748187;41.98647628;0.1;False;ok;42;1;0.703;
572;-8.919748187;42.08647628;0.1;False;ok;75;1;0.867;
573;-8.819748187;42.08647628;0.1;False;ok;74;1;0.856;
574;-8.719748187;42.08647628;0.1;False;ok;60;1;0.571;
575;-8.619748187;42.08647628;0.1;False;ok;44;1;0.593;
576;-8.519748187;42.08647628;0.1;False;ok;29;1;0.649;
577;-8.419748187;42.08647628;0.1;False;ok;4;1;0.805;
578;-8.319748187;42.08647628;0.1;True;ok;18;1;0.722;
579;-8.219748187;42.08647628;0.1;True;ok;9;1;0.595;
580;-8.119748187;42.08647628;0.1;False;ok;2;1;0.491;
581;-8.019748187;42.08647628;0.1;False;ok;16;1;0.609;
582;-7.919748187;42.08647628;0.1;False;ok;10;1;0.560;
583;-7.819748187;42.08647628;0.1;False;ok;6;1;0.562;
584;-7.619748187;42.08647628;0.1;False;ok;1;1;0.512;
585;-7.219748187;42.08647628;0.1;False;ok;2;1;0.435;
586;-7.119748187;42.08647628;0.1;False;ok;0;1;1.176;
587;-6.819748187;42.08647628;0.1;False;ok;4;1;0.450;
588;-6.719748187;42.08647628;0.1;False;ok;42;1;0.529;
589;-8.919748187;42.18647628;0.1;False;ok;38;1;0.733;
590;-8.819748187;42.18647628;0.05;False;ok;63;1;0.850;
591;-8.769748187;42.18647628;0.05;False;ok;75;1;0.913;
592;-8.819748187;42.23647628;0.05;False;ok;73;1;1.034;
593;-8.769748187;42.23647628;0.05;False;ok;72;1;1.023;
594;-8.719748187;42.18647628;0.05;False;ok;75;1;0.885;
595;-8.669748187;42.18647628;0.05;False;ok;8;1;0.633;
596;-8.719748187;42.23647628;0.05;False;ok;74;1;1.155;
597;-8.669748187;42.23647628;0.05;False;ok;10;1;0.696;
598;-8.619748187;42.18647628;0.1;False;ok;72;1;0.834;
599;-8.519748187;42.18647628;0.1;False;ok;41;1;0.861;
600;-8.419748187;42.18647628;0.1;False;ok;17;1;0.746;
601;-8.319748187;42.18647628;0.1;False;ok;13;1;0.789;
602;-8.219748187;42.18647628;0.1;False;ok;22;1;0.660;
603;-8.119748187;42.18647628;0.1;False;ok;3;1;0.551;
604;-7.919748187;42.18647628;0.1;False;ok;19;1;0.760;
605;-7.819748187;42.18647628;0.1;False;ok;48;1;0.886;
606;-7.719748187;42.18647628;0.1;False;ok;6;1;0.649;
607;-7.619748187;42.18647628;0.1;False;ok;2;1;0.528;
608;-7.419748187;42.18647628;0.1;False;ok;0;1;1.222;
609;-7.319748187;42.18647628;0.1;False;ok;6;1;0.550;
610;-7.119748187;42.18647628;0.1;False;ok;2;1;0.531;
611;-8.919748187;42.28647628;0.1;False;ok;12;1;0.651;
612;-8.819748187;42.28647628;0.1;False;ok;73;1;0.811;
613;-8.719748187;42.28647628;0.1;False;ok;60;1;0.795;
614;-8.619748187;42.28647628;0.1;False;ok;72;1;0.706;
615;-8.519748187;42.28647628;0.1;False;ok;5;1;0.641;
616;-8.319748187;42.28647628;0.1;False;ok;1;1;0.612;
617;-8.219748187;42.28647628;0.1;False;ok;31;1;0.694;
618;-8.119748187;42.28647628;0.1;False;ok;21;1;0.597;
619;-8.019748187;42.28647628;0.1;False;ok;7;1;0.527;
620;-7.919748187;42.28647628;0.05;False;ok;5;1;0.551;
621;-7.869748187;42.28647628;0.05;False;ok;62;1;0.768;
622;-7.919748187;42.33647628;0.05;False;ok;29;1;0.574;
623;-7.869748187;42.33647628;0.05;False;ok;75;1;0.953;
624;-7.819748187;42.28647628;0.1;False;ok;37;1;0.769;
625;-7.719748187;42.28647628;0.1;False;ok;11;1;0.569;
626;-7.619748187;42.28647628;0.1;False;ok;26;1;0.678;
627;-7.519748187;42.28647628;0.1;False;ok;18;1;0.649;
628;-7.419748187;42.28647628;0.1;False;ok;13;1;0.681;
629;-7.319748187;42.28647628;0.1;False;ok;11;1;0.659;
630;-7.219748187;42.28647628;0.1;False;ok;7;1;0.483;
631;-6.819748187;42.28647628;0.1;False;ok;3;1;0.569;
632;-9.019748187;42.38647628;0.1;False;ok;45;1;0.691;
633;-8.919748187;42.38647628;0.05;False;ok;32;1;0.578;
634;-8.869748187;42.38647628;0.025;False;ok;47;1;0.669;
635;-8.844748187;42.38647628;0.0125;False;ok;29;1;0.530;
636;-8.832248187;42.38647628;0.0125;False;ok;74;1;0.785;
637;-8.844748187;42.39897628;0.0125;False;ok;15;1;0.546;
638;-8.832248187;42.39897628;0.0125;False;ok;33;1;0.723;
639;-8.869748187;42.41147628;0.025;False;ok;54;1;0.643;
640;-8.844748187;42.41147628;0.025;False;ok;19;1;0.538;
641;-8.919748187;42.43647628;0.05;False;ok;62;1;0.707;
642;-8.869748187;42.43647628;0.05;False;ok;75;1;0.739;
643;-8.819748187;42.39897628;0.0125;False;ok;74;1;0.669;
644;-8.807248187;42.39897628;0.0125;False;ok;75;1;0.834;
645;-8.794748187;42.38647628;0.025;False;ok;60;1;0.724;
646;-8.819748187;42.41147628;0.025;False;ok;21;1;0.515;
647;-8.769748187;42.38647628;0.05;False;ok;70;1;0.598;
648;-8.819748187;42.43647628;0.05;False;ok;54;1;0.691;
649;-8.769748187;42.43647628;0.05;False;ok;18;1;0.572;
650;-8.719748187;42.38647628;0.05;False;ok;67;1;0.587;
651;-8.669748187;42.41147628;0.025;False;ok;64;1;0.605;
652;-8.644748187;42.41147628;0.025;False;ok;74;1;0.545;
653;-8.719748187;42.43647628;0.05;False;ok;45;1;0.565;
654;-8.669748187;42.43647628;0.05;False;ok;23;1;0.534;
655;-8.619748187;42.38647628;0.1;False;ok;20;1;0.583;
656;-8.519748187;42.38647628;0.1;False;ok;16;1;0.505;
657;-8.419748187;42.38647628;0.1;False;ok;4;1;0.572;
658;-8.319748187;42.38647628;0.1;False;ok;2;1;0.484;
659;-8.219748187;42.38647628;0.1;False;ok;7;1;0.593;
660;-8.119748187;42.38647628;0.1;False;ok;23;1;0.616;
661;-8.019748187;42.38647628;0.1;False;ok;12;1;0.526;
662;-7.919748187;42.38647628;0.1;False;ok;13;1;0.498;
663;-7.819748187;42.38647628;0.1;False;ok;21;1;0.625;
664;-7.719748187;42.38647628;0.1;False;ok;21;1;0.721;
665;-7.619748187;42.38647628;0.1;False;ok;35;1;0.582;
666;-7.519748187;42.38647628;0.1;False;ok;33;1;0.672;
667;-7.419748187;42.38647628;0.1;False;ok;1;1;0.555;
668;-7.319748187;42.38647628;0.1;False;ok;14;1;0.559;
669;-7.219748187;42.38647628;0.1;False;ok;2;1;0.516;
670;-7.119748187;42.38647628;0.1;False;ok;10;1;0.581;
671;-7.019748187;42.38647628;0.1;False;ok;18;1;0.581;
672;-6.919748187;42.38647628;0.1;False;ok;5;1;0.599;
673;-6.819748187;42.38647628;0.1;False;ok;13;1;0.492;
674;-9.119748187;42.48647628;0.1;False;ok;21;1;0.581;
675;-9.019748187;42.48647628;0.1;False;ok;74;1;0.654;
676;-8.919748187;42.48647628;0.05;False;ok;52;1;0.608;
677;-8.869748187;42.48647628;0.05;False;ok;74;1;0.792;
678;-8.919748187;42.53647628;0.05;False;ok;28;1;0.557;
679;-8.869748187;42.53647628;0.05;False;ok;74;1;0.808;
680;-8.819748187;42.48647628;0.1;False;ok;75;1;0.743;
681;-8.719748187;42.48647628;0.1;False;ok;43;1;0.681;
682;-8.619748187;42.48647628;0.1;False;ok;15;1;0.502;
683;-8.519748187;42.48647628;0.1;False;ok;9;1;0.498;
684;-8.419748187;42.48647628;0.1;False;ok;10;1;0.546;
685;-8.319748187;42.48647628;0.1;False;ok;6;1;0.520;
686;-8.219748187;42.48647628;0.1;False;ok;1;1;0.504;
687;-8.119748187;42.48647628;0.1;False;ok;6;1;0.616;
688;-8.019748187;42.48647628;0.1;False;ok;4;1;0.451;
689;-7.919748187;42.48647628;0.1;False;ok;3;1;0.606;
690;-7.819748187;42.48647628;0.1;False;ok;10;1;0.623;
691;-7.719748187;42.48647628;0.1;False;ok;31;1;0.627;
692;-7.619748187;42.48647628;0.1;False;ok;22;1;0.576;
693;-7.519748187;42.48647628;0.1;False;ok;73;1;0.689;
694;-7.419748187;42.48647628;0.1;False;ok;7;1;0.522;
695;-7.219748187;42.48647628;0.1;False;ok;1;1;0.452;
696;-7.119748187;42.48647628;0.1;False;ok;3;1;0.511;
697;-6.919748187;42.48647628;0.1;False;ok;3;1;0.471;
698;-6.819748187;42.48647628;0.1;False;ok;24;1;0.702;
699;-6.719748187;42.48647628;0.1;False;ok;25;1;0.627;
700;-9.119748187;42.58647628;0.1;False;ok;20;1;0.715;
701;-9.019748187;42.58647628;0.1;False;ok;60;1;0.614;
702;-8.919748187;42.58647628;0.1;False;ok;74;1;0.725;
703;-8.819748187;42.58647628;0.1;False;ok;74;1;0.853;
704;-8.719748187;42.58647628;0.1;False;ok;73;1;0.708;
705;-8.619748187;42.58647628;0.1;False;ok;26;1;0.628;
706;-8.519748187;42.58647628;0.1;False;ok;7;1;0.557;
707;-8.419748187;42.58647628;0.1;False;ok;4;1;0.418;
708;-8.319748187;42.58647628;0.1;False;ok;3;1;0.421;
709;-8.219748187;42.58647628;0.1;False;ok;10;1;0.759;
710;-8.119748187;42.58647628;0.1;False;ok;11;1;0.649;
711;-8.019748187;42.58647628;0.1;False;ok;2;1;0.401;
712;-7.919748187;42.58647628;0.1;False;ok;4;1;0.396;
713;-7.819748187;42.58647628;0.1;False;ok;46;1;0.642;
714;-7.719748187;42.58647628;0.1;False;ok;8;1;0.478;
715;-7.519748187;42.58647628;0.1;False;ok;5;1;0.433;
716;-7.419748187;42.58647628;0.1;False;ok;5;1;0.492;
717;-7.319748187;42.58647628;0.1;False;ok;8;1;0.464;
718;-7.219748187;42.58647628;0.1;False;ok;7;1;0.483;
719;-7.019748187;42.58647628;0.1;False;ok;15;1;0.490;
720;-6.919748187;42.58647628;0.1;False;ok;6;1;0.549;
721;-6.819748187;42.58647628;0.1;False;ok;31;1;0.698;
722;-6.719748187;42.58647628;0.1;False;ok;10;1;0.477;
723;-9.219748187;42.68647628;0.1;False;ok;4;1;0.387;
724;-9.119748187;42.68647628;0.1;False;ok;73;1;0.613;
725;-9.019748187;42.68647628;0.1;False;ok;72;1;0.775;
726;-8.919748187;42.68647628;0.1;False;ok;58;1;0.577;
727;-8.819748187;42.68647628;0.1;False;ok;9;1;0.451;
728;-8.719748187;42.68647628;0.1;False;ok;74;1;0.613;
729;-8.619748187;42.68647628;0.1;False;ok;11;1;0.450;
730;-8.519748187;42.68647628;0.1;False;ok;34;1;0.477;
731;-8.419748187;42.68647628;0.1;False;ok;15;1;0.599;
732;-8.319748187;42.68647628;0.1;False;ok;30;1;0.706;
733;-8.219748187;42.68647628;0.1;False;ok;5;1;0.516;
734;-7.919748187;42.68647628;0.1;False;ok;3;1;0.437;
735;-7.819748187;42.68647628;0.1;False;ok;5;1;0.552;
736;-7.619748187;42.68647628;0.1;False;ok;5;1;0.402;
737;-7.519748187;42.68647628;0.1;False;ok;10;1;0.482;
738;-7.419748187;42.68647628;0.1;False;ok;75;1;0.614;
739;-7.319748187;42.68647628;0.1;False;ok;22;1;0.526;
740;-7.219748187;42.68647628;0.1;False;ok;8;1;0.460;
741;-7.119748187;42.68647628;0.1;False;ok;8;1;0.639;
742;-7.019748187;42.68647628;0.1;False;ok;2;1;0.474;
743;-6.719748187;42.68647628;0.1;False;ok;28;1;0.542;
744;-9.319748187;42.78647628;0.1;False;ok;1;1;0.431;
745;-9.219748187;42.78647628;0.1;False;ok;43;1;0.644;
746;-9.119748187;42.78647628;0.1;False;ok;57;1;0.652;
747;-9.019748187;42.78647628;0.1;False;ok;45;1;0.643;
748;-8.919748187;42.78647628;0.1;False;ok;37;1;0.580;
749;-8.819748187;42.78647628;0.1;False;ok;5;1;0.494;
750;-8.719748187;42.78647628;0.1;False;ok;45;1;0.678;
751;-8.619748187;42.78647628;0.05;False;ok;15;1;0.571;
752;-8.569748187;42.78647628;0.05;False;ok;10;1;0.491;
753;-8.619748187;42.83647628;0.05;False;ok;52;1;0.610;
754;-8.569748187;42.83647628;0.025;False;ok;1;1;0.394;
755;-8.569748187;42.86147628;0.0125;False;ok;9;1;0.558;
756;-8.557248187;42.86147628;0.0125;False;ok;63;1;0.495;
757;-8.569748187;42.87397628;0.0125;False;ok;4;1;0.432;
758;-8.557248187;42.87397628;0.0125;False;ok;74;1;0.678;
759;-8.544748187;42.86147628;0.0125;False;ok;6;1;0.519;
760;-8.532248187;42.86147628;0.0125;False;ok;1;1;0.349;
761;-8.544748187;42.87397628;0.00625;False;ok;56;1;0.547;
762;-8.538498187;42.87397628;0.00625;False;ok;4;1;0.473;
763;-8.544748187;42.88022628;0.00625;False;ok;53;1;0.691;
764;-8.538498187;42.88022628;0.00625;False;ok;23;1;0.493;
765;-8.532248187;42.87397628;0.0125;False;ok;7;1;0.541;
766;-8.519748187;42.78647628;0.1;False;ok;21;1;0.586;
767;-8.419748187;42.78647628;0.1;False;ok;17;1;0.512;
768;-8.319748187;42.78647628;0.1;False;ok;4;1;0.489;
769;-8.219748187;42.78647628;0.1;False;ok;8;1;0.590;
770;-8.119748187;42.78647628;0.1;False;ok;5;1;0.465;
771;-8.019748187;42.78647628;0.1;False;ok;10;1;0.421;
772;-7.919748187;42.78647628;0.1;False;ok;63;1;0.578;
773;-7.819748187;42.78647628;0.1;False;ok;10;1;0.631;
774;-7.719748187;42.78647628;0.1;False;ok;4;1;0.443;
775;-7.619748187;42.78647628;0.1;False;ok;53;1;0.595;
776;-7.519748187;42.78647628;0.1;False;ok;3;1;0.429;
777;-7.419748187;42.78647628;0.1;False;ok;1;1;0.445;
778;-7.319748187;42.78647628;0.1;False;ok;1;1;0.465;
779;-7.219748187;42.78647628;0.1;False;ok;4;1;0.506;
780;-7.119748187;42.78647628;0.1;False;ok;3;1;0.370;
781;-6.919748187;42.78647628;0.1;False;ok;6;1;0.476;
782;-6.819748187;42.78647628;0.1;False;ok;4;1;0.443;
783;-6.719748187;42.78647628;0.1;False;ok;0;1;1.295;
784;-9.319748187;42.88647628;0.05;False;ok;3;1;0.469;
785;-9.269748187;42.88647628;0.025;False;ok;73;1;0.631;
786;-9.269748187;42.91147628;0.025;False;ok;75;1;0.589;
787;-9.269748187;42.93647628;0.05;False;ok;31;1;0.572;
788;-9.219748187;42.88647628;0.05;False;ok;26;1;0.508;
789;-9.169748187;42.88647628;0.05;False;ok;72;1;0.706;
790;-9.219748187;42.93647628;0.05;False;ok;74;1;0.667;
791;-9.169748187;42.93647628;0.05;False;ok;1;1;0.557;
792;-9.119748187;42.88647628;0.1;False;ok;12;1;0.613;
793;-9.019748187;42.88647628;0.1;False;ok;22;1;0.539;
794;-8.919748187;42.88647628;0.1;False;ok;5;1;0.434;
795;-8.819748187;42.88647628;0.1;False;ok;39;1;0.494;
796;-8.719748187;42.88647628;0.1;False;ok;9;1;0.462;
797;-8.619748187;42.88647628;0.1;False;ok;69;1;0.519;
798;-8.519748187;42.88647628;0.1;False;ok;48;1;0.656;
799;-8.419748187;42.88647628;0.1;False;ok;67;1;0.570;
800;-8.319748187;42.88647628;0.1;False;ok;17;1;0.417;
801;-8.219748187;42.88647628;0.1;False;ok;74;1;0.536;
802;-8.119748187;42.88647628;0.1;False;ok;24;1;0.560;
803;-8.019748187;42.88647628;0.1;False;ok;66;1;2.478;
804;-7.919748187;42.88647628;0.1;False;ok;8;1;0.505;
805;-7.819748187;42.88647628;0.1;False;ok;10;1;0.426;
806;-7.719748187;42.88647628;0.1;False;ok;3;1;0.385;
807;-7.619748187;42.88647628;0.1;False;ok;6;1;0.461;
808;-7.519748187;42.88647628;0.1;False;ok;1;1;0.425;
809;-7.419748187;42.88647628;0.1;False;ok;2;1;0.395;
810;-7.319748187;42.88647628;0.1;False;ok;5;1;0.421;
811;-7.219748187;42.88647628;0.1;False;ok;2;1;0.444;
812;-7.019748187;42.88647628;0.1;False;ok;5;1;0.573;
813;-9.319748187;42.98647628;0.1;False;ok;36;1;0.549;
814;-9.219748187;42.98647628;0.1;False;ok;49;1;0.545;
815;-9.119748187;42.98647628;0.1;False;ok;6;1;0.469;
816;-9.019748187;42.98647628;0.1;False;ok;10;1;0.586;
817;-8.919748187;42.98647628;0.1;False;ok;3;1;0.474;
818;-8.819748187;42.98647628;0.1;False;ok;6;1;0.542;
819;-8.519748187;42.98647628;0.1;False;ok;3;1;0.514;
820;-8.419748187;42.98647628;0.1;False;ok;7;1;0.565;
821;-8.319748187;42.98647628;0.1;False;ok;3;1;1.910;
822;-8.219748187;42.98647628;0.1;False;ok;12;1;0.546;
823;-8.119748187;42.98647628;0.1;False;ok;12;1;0.549;
824;-8.019748187;42.98647628;0.1;False;ok;0;1;1.185;
825;-7.919748187;42.98647628;0.1;False;ok;2;1;0.379;
826;-7.719748187;42.98647628;0.1;False;ok;2;1;0.359;
827;-7.619748187;42.98647628;0.1;False;ok;75;1;0.782;
828;-7.519748187;42.98647628;0.1;False;ok;2;1;0.389;
829;-7.319748187;42.98647628;0.1;False;ok;6;1;0.495;
830;-7.019748187;42.98647628;0.1;False;ok;2;1;0.407;
831;-6.919748187;42.98647628;0.1;False;ok;5;1;0.405;
832;-6.719748187;42.98647628;0.1;False;ok;8;1;0.563;
833;-9.219748187;43.08647628;0.1;False;ok;75;1;0.709;
834;-9.119748187;43.08647628;0.1;False;ok;64;1;0.479;
835;-9.019748187;43.08647628;0.1;False;ok;18;1;0.513;
836;-8.919748187;43.08647628;0.1;False;ok;8;1;0.425;
837;-8.819748187;43.08647628;0.1;False;ok;1;1;0.635;
838;-8.719748187;43.08647628;0.1;False;ok;3;1;0.697;
839;-8.419748187;43.08647628;0.1;False;ok;14;1;0.426;
840;-8.219748187;43.08647628;0.1;False;ok;2;1;0.472;
841;-8.119748187;43.08647628;0.1;False;ok;5;1;0.460;
842;-8.019748187;43.08647628;0.1;False;ok;2;1;0.323;
843;-7.919748187;43.08647628;0.1;False;ok;10;1;0.410;
844;-7.819748187;43.08647628;0.1;False;ok;4;1;0.506;
845;-7.719748187;43.08647628;0.1;False;ok;3;1;0.424;
846;-7.619748187;43.08647628;0.1;False;ok;13;1;0.473;
847;-7.419748187;43.08647628;0.1;False;ok;2;1;0.438;
848;-7.219748187;43.08647628;0.1;False;ok;1;1;0.421;
849;-7.119748187;43.08647628;0.1;False;ok;10;1;1.987;
850;-6.919748187;43.08647628;0.1;False;ok;1;1;0.418;
851;-6.819748187;43.08647628;0.1;False;ok;1;1;0.526;
852;-6.719748187;43.08647628;0.1;False;ok;1;1;0.420;
853;-9.019748187;43.18647628;0.1;False;ok;75;1;0.858;
854;-8.919748187;43.18647628;0.1;False;ok;53;1;0.597;
855;-8.819748187;43.18647628;0.1;False;ok;28;1;0.679;
856;-8.719748187;43.18647628;0.1;False;ok;35;1;0.619;
857;-8.619748187;43.18647628;0.1;False;ok;2;1;0.585;
858;-8.419748187;43.18647628;0.1;False;ok;7;1;0.615;
859;-8.319748187;43.18647628;0.1;False;ok;15;1;0.571;
860;-8.219748187;43.18647628;0.1;False;ok;42;1;0.653;
861;-8.119748187;43.18647628;0.1;False;ok;3;1;0.457;
862;-7.719748187;43.18647628;0.1;False;ok;1;1;0.344;
863;-7.619748187;43.18647628;0.1;False;ok;5;1;0.511;
864;-7.519748187;43.18647628;0.1;False;ok;1;1;0.478;
865;-7.419748187;43.18647628;0.1;False;ok;2;1;0.425;
866;-7.319748187;43.18647628;0.1;False;ok;4;1;0.513;
867;-7.219748187;43.18647628;0.1;False;ok;2;1;0.487;
868;-7.119748187;43.18647628;0.1;False;ok;13;1;0.517;
869;-7.019748187;43.18647628;0.1;False;ok;10;1;0.475;
870;-6.919748187;43.18647628;0.1;False;ok;4;1;0.388;
871;-6.819748187;43.18647628;0.1;False;ok;2;1;0.388;
872;-8.919748187;43.28647628;0.1;False;ok;27;1;0.508;
873;-8.819748187;43.28647628;0.1;False;ok;75;1;0.702;
874;-8.719748187;43.28647628;0.1;False;ok;22;1;2.055;
875;-8.619748187;43.28647628;0.1;False;ok;19;1;0.592;
876;-8.519748187;43.28647628;0.1;False;ok;33;1;0.600;
877;-8.419748187;43.28647628;0.05;False;ok;16;1;0.654;
878;-8.369748187;43.28647628;0.05;False;ok;9;1;0.641;
879;-8.419748187;43.33647628;0.025;False;ok;63;1;2.550;
880;-8.394748187;43.33647628;0.025;False;ok;10;1;0.508;
881;-8.419748187;43.36147628;0.0125;False;ok;27;1;0.697;
882;-8.407248187;43.36147628;0.0125;False;ok;70;1;0.721;
883;-8.419748187;43.37397628;0.0125;False;ok;3;1;0.499;
884;-8.407248187;43.37397628;0.0125;False;ok;36;1;0.528;
885;-8.394748187;43.36147628;0.025;False;ok;10;1;0.568;
886;-8.369748187;43.33647628;0.05;False;ok;15;1;0.801;
887;-8.319748187;43.28647628;0.1;False;ok;53;1;0.609;
888;-8.219748187;43.28647628;0.1;False;ok;70;1;1.003;
889;-8.119748187;43.28647628;0.1;False;ok;5;1;0.477;
890;-8.019748187;43.28647628;0.1;False;ok;4;1;0.631;
891;-7.919748187;43.28647628;0.1;False;ok;2;1;0.546;
892;-7.819748187;43.28647628;0.1;False;ok;2;1;1.645;
893;-7.719748187;43.28647628;0.1;False;ok;15;1;0.574;
894;-7.619748187;43.28647628;0.1;False;ok;1;1;0.394;
895;-7.519748187;43.28647628;0.1;False;ok;4;1;0.452;
896;-7.319748187;43.28647628;0.1;False;ok;5;1;0.594;
897;-7.219748187;43.28647628;0.1;False;ok;23;1;0.595;
898;-7.119748187;43.28647628;0.1;False;ok;13;1;0.633;
899;-7.019748187;43.28647628;0.1;False;ok;2;1;0.453;
900;-6.919748187;43.28647628;0.1;False;ok;3;1;0.457;
901;-6.819748187;43.28647628;0.1;False;ok;1;1;0.342;
902;-8.419748187;43.38647628;0.1;False;ok;7;1;0.430;
903;-8.319748187;43.38647628;0.1;False;ok;72;1;0.920;
904;-8.219748187;43.38647628;0.1;False;ok;72;1;0.598;
905;-8.119748187;43.38647628;0.1;False;ok;6;1;0.474;
906;-7.919748187;43.38647628;0.1;False;ok;5;1;0.615;
907;-7.819748187;43.38647628;0.1;False;ok;4;1;0.486;
908;-7.519748187;43.38647628;0.1;False;ok;1;1;0.451;
909;-7.419748187;43.38647628;0.1;False;ok;17;1;0.513;
910;-7.319748187;43.38647628;0.1;False;ok;14;1;0.460;
911;-7.219748187;43.38647628;0.1;False;ok;10;1;0.577;
912;-7.119748187;43.38647628;0.1;False;ok;35;1;0.685;
913;-7.019748187;43.38647628;0.1;False;ok;3;1;0.640;
914;-6.919748187;43.38647628;0.1;False;ok;4;1;0.385;
915;-6.819748187;43.38647628;0.1;False;ok;11;1;0.406;
916;-6.719748187;43.38647628;0.1;False;ok;5;1;0.485;
917;-8.319748187;43.48647628;0.1;False;ok;36;1;0.793;
918;-8.219748187;43.48647628;0.1;False;ok;40;1;0.613;
919;-8.119748187;43.48647628;0.1;False;ok;6;1;0.446;
920;-8.019748187;43.48647628;0.1;False;ok;3;1;0.577;
921;-7.919748187;43.48647628;0.1;False;ok;1;1;0.480;
922;-7.719748187;43.48647628;0.1;False;ok;2;1;0.768;
923;-7.619748187;43.48647628;0.1;False;ok;2;1;0.459;
924;-7.519748187;43.48647628;0.1;False;ok;9;1;0.568;
925;-7.419748187;43.48647628;0.1;False;ok;9;1;0.488;
926;-7.319748187;43.48647628;0.05;False;ok;4;1;0.458;
927;-7.319748187;43.53647628;0.05;False;ok;11;1;0.583;
928;-7.269748187;43.53647628;0.025;False;ok;5;1;0.514;
929;-7.244748187;43.53647628;0.025;False;ok;34;1;0.498;
930;-7.269748187;43.56147628;0.025;False;ok;74;1;1.040;
931;-7.244748187;43.56147628;0.025;False;ok;43;1;0.840;
932;-7.219748187;43.48647628;0.1;False;ok;74;1;0.775;
933;-7.119748187;43.48647628;0.05;False;ok;6;1;0.646;
934;-7.069748187;43.48647628;0.05;False;ok;44;1;0.812;
935;-7.119748187;43.53647628;0.05;False;ok;25;1;0.457;
936;-7.069748187;43.53647628;0.05;False;ok;75;1;0.818;
937;-7.019748187;43.48647628;0.1;False;ok;67;1;0.696;
938;-6.919748187;43.48647628;0.1;False;ok;28;1;0.642;
939;-6.819748187;43.48647628;0.1;False;ok;25;1;0.591;
940;-6.719748187;43.48647628;0.1;False;ok;35;1;0.460;
941;-8.219748187;43.58647628;0.1;False;ok;22;1;0.678;
942;-8.119748187;43.58647628;0.1;False;ok;73;1;0.664;
943;-8.019748187;43.58647628;0.1;False;ok;12;1;0.587;
944;-7.919748187;43.58647628;0.1;False;ok;23;1;0.600;
945;-7.819748187;43.58647628;0.1;False;ok;7;1;0.539;
946;-7.719748187;43.58647628;0.1;False;ok;2;1;0.458;
947;-7.619748187;43.58647628;0.1;False;ok;75;1;0.748;
948;-7.519748187;43.58647628;0.1;False;ok;17;1;0.589;
949;-7.419748187;43.58647628;0.1;False;ok;73;1;0.623;
950;-7.319748187;43.58647628;0.1;False;ok;12;1;0.551;
951;-8.119748187;43.68647628;0.1;False;ok;4;1;0.394;
952;-8.019748187;43.68647628;0.1;False;ok;3;1;0.432;
953;-7.919748187;43.68647628;0.1;False;ok;43;1;0.557;
954;-7.819748187;43.68647628;0.1;False;ok;72;1;0.710;
955;-7.719748187;43.68647628;0.1;False;ok;72;1;0.656;
956;-7.619748187;43.68647628;0.1;False;ok;20;1;0.534;
957;-7.519748187;43.68647628;0.1;False;ok;36;1;0.724;
958;-6.588522601;41.68647628;0.1;True;ok;0;1;0.426;
959;-6.488522601;41.68647628;0.1;False;ok;1;1;0.347;
960;-6.388522601;41.68647628;0.1;False;ok;6;1;0.574;
961;-5.788522601;41.68647628;0.1;False;ok;4;1;0.437;
962;-5.288522601;41.68647628;0.1;False;ok;8;1;0.472;
963;-5.188522601;41.68647628;0.1;False;ok;2;1;0.480;
964;-4.988522601;41.68647628;0.1;False;ok;1;1;0.349;
965;-4.888522601;41.68647628;0.1;False;ok;3;1;0.418;
966;-4.788522601;41.68647628;0.1;False;ok;2;1;0.468;
967;-4.688522601;41.68647628;0.1;False;ok;1;1;0.406;
968;-4.288522601;41.68647628;0.1;False;ok;1;1;0.441;
969;-4.088522601;41.68647628;0.1;False;ok;2;1;0.462;
970;-3.988522601;41.68647628;0.1;False;ok;8;1;0.479;
971;-3.888522601;41.68647628;0.1;False;ok;2;1;0.344;
972;-3.788522601;41.68647628;0.1;False;ok;4;1;0.466;
973;-3.688522601;41.68647628;0.1;False;ok;2;1;0.368;
974;-3.588522601;41.68647628;0.1;False;ok;5;1;0.564;
975;-3.488522601;41.68647628;0.1;False;ok;3;1;0.366;
976;-3.288522601;41.68647628;0.1;False;ok;1;1;0.403;
977;-3.088522601;41.68647628;0.1;False;ok;14;1;0.455;
978;-2.988522601;41.68647628;0.1;False;ok;4;1;0.456;
979;-2.888522601;41.68647628;0.1;False;ok;8;1;0.509;
980;-2.788522601;41.68647628;0.1;False;ok;2;1;0.345;
981;-2.588522601;41.68647628;0.1;False;ok;12;1;0.491;
982;-6.388522601;41.78647628;0.1;False;ok;1;1;0.376;
983;-6.188522601;41.78647628;0.1;False;ok;1;1;0.363;
984;-5.988522601;41.78647628;0.1;False;ok;4;1;0.401;
985;-5.788522601;41.78647628;0.1;False;ok;2;1;0.445;
986;-5.488522601;41.78647628;0.1;False;ok;6;1;0.508;
987;-5.388522601;41.78647628;0.1;False;ok;1;1;0.365;
988;-5.088522601;41.78647628;0.1;False;ok;5;1;0.566;
989;-4.688522601;41.78647628;0.1;False;ok;2;1;0.422;
990;-4.588522601;41.78647628;0.1;False;ok;7;1;0.472;
991;-3.788522601;41.78647628;0.1;False;ok;1;1;0.324;
992;-3.588522601;41.78647628;0.1;False;ok;7;1;0.560;
993;-3.488522601;41.78647628;0.1;False;ok;3;1;0.543;
994;-3.388522601;41.78647628;0.1;False;ok;4;1;0.420;
995;-3.288522601;41.78647628;0.1;False;ok;5;1;0.621;
996;-3.188522601;41.78647628;0.1;False;ok;6;1;0.392;
997;-3.088522601;41.78647628;0.1;False;ok;30;1;0.579;
998;-2.888522601;41.78647628;0.1;False;ok;2;1;0.477;
999;-2.788522601;41.78647628;0.1;False;ok;28;1;0.455;
1000;-2.688522601;41.78647628;0.1;False;ok;5;1;0.458;
1001;-2.588522601;41.78647628;0.1;False;ok;2;1;0.453;
1002;-6.588522601;41.88647628;0.1;True;ok;3;1;0.418;
1003;-6.388522601;41.88647628;0.1;False;ok;2;1;0.405;
1004;-6.288522601;41.88647628;0.1;False;ok;7;1;0.458;
1005;-6.088522601;41.88647628;0.1;False;ok;1;1;0.329;
1006;-5.688522601;41.88647628;0.1;False;ok;1;1;0.395;
1007;-5.288522601;41.88647628;0.1;False;ok;0;1;1.193;
1008;-5.188522601;41.88647628;0.1;False;ok;1;1;0.372;
1009;-5.088522601;41.88647628;0.1;False;ok;2;1;0.445;
1010;-4.788522601;41.88647628;0.1;False;ok;5;1;0.500;
1011;-4.588522601;41.88647628;0.1;False;ok;2;1;0.459;
1012;-4.488522601;41.88647628;0.1;False;ok;2;1;0.496;
1013;-4.288522601;41.88647628;0.1;False;ok;3;1;0.430;
1014;-3.688522601;41.88647628;0.1;False;ok;0;1;1.122;
1015;-3.588522601;41.88647628;0.1;False;ok;0;1;1.143;
1016;-3.488522601;41.88647628;0.1;False;ok;18;1;0.525;
1017;-3.388522601;41.88647628;0.1;False;ok;1;1;0.411;
1018;-3.088522601;41.88647628;0.1;False;ok;6;1;0.413;
1019;-2.988522601;41.88647628;0.1;False;ok;13;1;0.476;
1020;-2.888522601;41.88647628;0.1;False;ok;13;1;0.420;
1021;-2.788522601;41.88647628;0.1;False;ok;27;1;0.543;
1022;-2.688522601;41.88647628;0.1;False;ok;14;1;0.529;
1023;-2.588522601;41.88647628;0.1;False;ok;12;1;0.693;
1024;-6.688522601;41.98647628;0.1;False;ok;45;1;0.625;
1025;-6.588522601;41.98647628;0.1;False;ok;5;1;0.499;
1026;-6.488522601;41.98647628;0.1;False;ok;3;1;0.437;
1027;-6.388522601;41.98647628;0.1;False;ok;3;1;0.386;
1028;-6.188522601;41.98647628;0.1;False;ok;0;1;1.165;
1029;-6.088522601;41.98647628;0.1;False;ok;2;1;0.489;
1030;-5.788522601;41.98647628;0.1;False;ok;4;1;0.472;
1031;-5.688522601;41.98647628;0.1;False;ok;10;1;0.519;
1032;-5.488522601;41.98647628;0.1;False;ok;4;1;0.435;
1033;-5.288522601;41.98647628;0.1;False;ok;1;1;0.405;
1034;-4.988522601;41.98647628;0.1;False;ok;0;1;1.119;
1035;-4.588522601;41.98647628;0.1;False;ok;30;1;0.586;
1036;-4.388522601;41.98647628;0.1;False;ok;2;1;0.490;
1037;-4.288522601;41.98647628;0.1;False;ok;3;1;0.460;
1038;-4.188522601;41.98647628;0.1;False;ok;1;1;0.345;
1039;-4.088522601;41.98647628;0.1;False;ok;2;1;0.409;
1040;-3.988522601;41.98647628;0.1;False;ok;3;1;0.524;
1041;-3.788522601;41.98647628;0.1;False;ok;31;1;0.520;
1042;-3.688522601;41.98647628;0.1;False;ok;4;1;0.589;
1043;-3.588522601;41.98647628;0.1;False;ok;11;1;0.522;
1044;-3.488522601;41.98647628;0.1;False;ok;4;1;0.458;
1045;-3.388522601;41.98647628;0.1;False;ok;5;1;0.487;
1046;-3.288522601;41.98647628;0.1;False;ok;2;1;0.401;
1047;-3.088522601;41.98647628;0.1;False;ok;0;1;1.128;
1048;-2.588522601;41.98647628;0.1;False;ok;0;1;1.171;
1049;-6.688522601;42.08647628;0.1;False;ok;36;1;0.488;
1050;-6.388522601;42.08647628;0.1;False;ok;1;1;0.448;
1051;-6.188522601;42.08647628;0.1;False;ok;1;1;0.359;
1052;-6.088522601;42.08647628;0.1;False;ok;1;1;0.476;
1053;-5.888522601;42.08647628;0.1;False;ok;2;1;0.496;
1054;-5.788522601;42.08647628;0.1;False;ok;1;1;0.357;
1055;-5.188522601;42.08647628;0.1;False;ok;1;1;0.426;
1056;-5.088522601;42.08647628;0.1;False;ok;2;1;0.430;
1057;-4.788522601;42.08647628;0.1;False;ok;0;1;1.214;
1058;-4.688522601;42.08647628;0.1;False;ok;3;1;0.440;
1059;-4.588522601;42.08647628;0.1;False;ok;2;1;0.354;
1060;-4.488522601;42.08647628;0.1;False;ok;3;1;0.441;
1061;-3.588522601;42.08647628;0.1;False;ok;3;1;0.522;
1062;-3.288522601;42.08647628;0.1;False;ok;3;1;0.427;
1063;-3.188522601;42.08647628;0.1;False;ok;2;1;0.507;
1064;-2.888522601;42.08647628;0.1;False;ok;2;1;0.423;
1065;-2.788522601;42.08647628;0.1;False;ok;2;1;0.535;
1066;-2.688522601;42.08647628;0.1;False;ok;13;1;0.531;
1067;-2.588522601;42.08647628;0.1;False;ok;3;1;0.412;
1068;-5.988522601;42.18647628;0.1;False;ok;1;1;0.345;
1069;-5.888522601;42.18647628;0.1;False;ok;1;1;0.389;
1070;-5.488522601;42.18647628;0.1;False;ok;0;1;1.273;
1071;-4.488522601;42.18647628;0.1;False;ok;13;1;0.442;
1072;-4.388522601;42.18647628;0.1;False;ok;5;1;0.476;
1073;-3.988522601;42.18647628;0.1;False;ok;3;1;0.499;
1074;-3.788522601;42.18647628;0.1;False;ok;2;1;0.355;
1075;-3.588522601;42.18647628;0.1;False;ok;1;1;0.345;
1076;-3.388522601;42.18647628;0.1;False;ok;2;1;0.464;
1077;-3.088522601;42.18647628;0.1;False;ok;7;1;0.538;
1078;-2.888522601;42.18647628;0.1;False;ok;1;1;0.391;
1079;-2.788522601;42.18647628;0.1;False;ok;17;1;0.419;
1080;-2.688522601;42.18647628;0.1;False;ok;7;1;0.511;
1081;-2.588522601;42.18647628;0.1;False;ok;1;1;0.504;
1082;-6.688522601;42.28647628;0.1;False;ok;2;1;0.344;
1083;-6.388522601;42.28647628;0.1;False;ok;1;1;0.482;
1084;-6.288522601;42.28647628;0.1;False;ok;3;1;0.450;
1085;-6.188522601;42.28647628;0.1;False;ok;4;1;0.410;
1086;-5.988522601;42.28647628;0.1;False;ok;14;1;0.427;
1087;-5.788522601;42.28647628;0.1;False;ok;5;1;0.410;
1088;-5.588522601;42.28647628;0.1;False;ok;15;1;0.577;
1089;-5.488522601;42.28647628;0.1;False;ok;1;1;0.447;
1090;-5.288522601;42.28647628;0.1;False;ok;1;1;0.416;
1091;-5.088522601;42.28647628;0.1;False;ok;13;1;0.451;
1092;-4.988522601;42.28647628;0.1;False;ok;3;1;0.528;
1093;-4.888522601;42.28647628;0.1;False;ok;5;1;0.738;
1094;-4.688522601;42.28647628;0.1;False;ok;13;1;0.478;
1095;-4.588522601;42.28647628;0.1;False;ok;10;1;0.497;
1096;-4.288522601;42.28647628;0.1;False;ok;2;1;0.446;
1097;-4.188522601;42.28647628;0.1;False;ok;18;1;0.480;
1098;-4.088522601;42.28647628;0.1;False;ok;6;1;0.458;
1099;-3.988522601;42.28647628;0.1;False;ok;6;1;0.346;
1100;-3.888522601;42.28647628;0.1;False;ok;10;1;0.457;
1101;-3.738522601;42.28647628;0.05;False;ok;32;1;0.482;
1102;-3.788522601;42.33647628;0.05;False;ok;1;1;0.385;
1103;-3.738522601;42.33647628;0.025;False;ok;12;1;0.495;
1104;-3.713522601;42.33647628;0.0125;False;ok;75;1;0.668;
1105;-3.701022601;42.33647628;0.0125;False;ok;74;1;0.649;
1106;-3.738522601;42.36147628;0.025;False;ok;7;1;0.542;
1107;-3.713522601;42.36147628;0.025;False;ok;1;1;0.410;
1108;-3.688522601;42.28647628;0.1;False;ok;37;1;0.678;
1109;-3.588522601;42.28647628;0.1;False;ok;24;1;0.540;
1110;-3.488522601;42.28647628;0.1;False;ok;8;1;0.416;
1111;-3.288522601;42.28647628;0.1;False;ok;6;1;0.463;
1112;-3.188522601;42.28647628;0.1;False;ok;3;1;0.471;
1113;-3.088522601;42.28647628;0.1;False;ok;70;1;0.647;
1114;-2.988522601;42.28647628;0.1;False;ok;1;1;0.456;
1115;-2.888522601;42.28647628;0.1;False;ok;18;1;0.494;
1116;-2.788522601;42.28647628;0.1;False;ok;5;1;0.487;
1117;-2.688522601;42.28647628;0.1;False;ok;3;1;0.430;
1118;-2.588522601;42.28647628;0.1;False;ok;22;1;0.510;
1119;-6.588522601;42.38647628;0.1;False;ok;12;1;0.855;
1120;-6.288522601;42.38647628;0.1;False;ok;15;1;0.531;
1121;-6.188522601;42.38647628;0.1;False;ok;13;1;0.466;
1122;-6.088522601;42.38647628;0.1;False;ok;54;1;0.598;
1123;-5.988522601;42.38647628;0.1;False;ok;4;1;0.409;
1124;-5.888522601;42.38647628;0.1;False;ok;15;1;0.462;
1125;-5.688522601;42.38647628;0.1;False;ok;2;1;0.368;
1126;-5.588522601;42.38647628;0.1;False;ok;4;1;1.873;
1127;-5.488522601;42.38647628;0.1;False;ok;2;1;0.438;
1128;-5.388522601;42.38647628;0.1;False;ok;1;1;1.133;
1129;-5.288522601;42.38647628;0.1;False;ok;1;1;0.360;
1130;-5.188522601;42.38647628;0.1;False;ok;2;1;0.739;
1131;-4.488522601;42.38647628;0.1;False;ok;2;1;0.442;
1132;-4.388522601;42.38647628;0.1;False;ok;3;1;0.444;
1133;-4.288522601;42.38647628;0.1;False;ok;3;1;0.313;
1134;-4.088522601;42.38647628;0.1;False;ok;8;1;0.453;
1135;-3.788522601;42.38647628;0.1;False;ok;0;1;1.135;
1136;-3.688522601;42.38647628;0.1;False;ok;4;1;0.483;
1137;-3.588522601;42.38647628;0.1;False;ok;6;1;0.492;
1138;-3.488522601;42.38647628;0.1;False;ok;2;1;0.477;
1139;-3.388522601;42.38647628;0.1;False;ok;3;1;0.383;
1140;-3.288522601;42.38647628;0.1;False;ok;11;1;0.534;
1141;-3.188522601;42.38647628;0.1;False;ok;6;1;0.454;
1142;-3.088522601;42.38647628;0.1;False;ok;8;1;0.426;
1143;-2.988522601;42.38647628;0.1;False;ok;46;1;0.498;
1144;-2.888522601;42.38647628;0.1;False;ok;11;1;0.492;
1145;-2.788522601;42.38647628;0.1;False;ok;36;1;0.555;
1146;-2.688522601;42.38647628;0.1;False;ok;17;1;0.497;
1147;-2.588522601;42.38647628;0.1;False;ok;32;1;0.734;
1148;-6.688522601;42.48647628;0.1;False;ok;74;1;2.072;
1149;-6.588522601;42.48647628;0.1;False;ok;52;1;0.564;
1150;-6.488522601;42.48647628;0.1;False;ok;6;1;0.472;
1151;-6.388522601;42.48647628;0.1;False;ok;6;1;0.375;
1152;-6.188522601;42.48647628;0.1;False;ok;5;1;0.364;
1153;-6.088522601;42.48647628;0.1;False;ok;2;1;0.505;
1154;-5.988522601;42.48647628;0.1;False;ok;3;1;0.453;
1155;-5.888522601;42.48647628;0.1;False;ok;9;1;0.527;
1156;-5.788522601;42.48647628;0.1;False;ok;8;1;0.464;
1157;-5.688522601;42.48647628;0.1;False;ok;17;1;0.624;
1158;-5.588522601;42.48647628;0.1;False;ok;13;1;0.515;
1159;-5.488522601;42.48647628;0.1;False;ok;17;1;0.511;
1160;-4.788522601;42.48647628;0.1;False;ok;6;1;0.463;
1161;-4.488522601;42.48647628;0.1;False;ok;1;1;0.487;
1162;-4.388522601;42.48647628;0.1;False;ok;1;1;0.439;
1163;-4.088522601;42.48647628;0.1;False;ok;4;1;0.421;
1164;-3.788522601;42.48647628;0.1;False;ok;2;1;0.378;
1165;-3.388522601;42.48647628;0.1;False;ok;9;1;0.495;
1166;-3.288522601;42.48647628;0.1;False;ok;1;1;0.412;
1167;-3.088522601;42.48647628;0.1;False;ok;5;1;0.712;
1168;-2.988522601;42.48647628;0.1;False;ok;45;1;0.722;
1169;-2.888522601;42.48647628;0.1;False;ok;72;1;0.605;
1170;-2.788522601;42.48647628;0.1;False;ok;27;1;0.502;
1171;-2.688522601;42.48647628;0.1;False;ok;30;1;0.478;
1172;-2.588522601;42.48647628;0.1;False;ok;40;1;0.575;
1173;-6.688522601;42.58647628;0.1;False;ok;5;1;0.485;
1174;-6.588522601;42.58647628;0.1;False;ok;5;1;0.530;
1175;-6.488522601;42.58647628;0.1;False;ok;6;1;1.428;
1176;-6.388522601;42.58647628;0.1;False;ok;4;1;0.402;
1177;-6.288522601;42.58647628;0.1;False;ok;4;1;0.466;
1178;-6.188522601;42.58647628;0.1;False;ok;0;1;1.337;
1179;-5.988522601;42.58647628;0.1;False;ok;1;1;0.386;
1180;-5.888522601;42.58647628;0.1;False;ok;3;1;0.414;
1181;-5.688522601;42.58647628;0.1;False;ok;17;1;0.560;
1182;-5.588522601;42.58647628;0.0125;False;ok;20;1;0.680;
1183;-5.576022601;42.58647628;0.00625;False;ok;3;1;0.448;
1184;-5.569772601;42.58647628;0.00625;False;ok;15;1;0.530;
1185;-5.576022601;42.59272628;0.00625;False;ok;49;1;0.543;
1186;-5.569772601;42.59272628;0.00625;False;ok;75;1;0.670;
1187;-5.588522601;42.59897628;0.0125;False;ok;27;1;0.573;
1188;-5.576022601;42.59897628;0.0125;False;ok;73;1;1.271;
1189;-5.563522601;42.58647628;0.025;False;ok;35;1;0.485;
1190;-5.588522601;42.61147628;0.025;False;ok;6;1;0.478;
1191;-5.288522601;42.58647628;0.1;False;ok;0;1;1.140;
1192;-4.888522601;42.58647628;0.1;False;ok;1;1;0.378;
1193;-4.488522601;42.58647628;0.1;False;ok;1;1;0.455;
1194;-4.388522601;42.58647628;0.1;False;ok;3;1;0.437;
1195;-4.188522601;42.58647628;0.1;False;ok;2;1;0.363;
1196;-3.988522601;42.58647628;0.1;False;ok;1;1;0.330;
1197;-3.888522601;42.58647628;0.1;False;ok;1;1;0.437;
1198;-3.688522601;42.58647628;0.1;False;ok;0;1;1.216;
1199;-3.588522601;42.58647628;0.1;False;ok;2;1;0.349;
1200;-3.388522601;42.58647628;0.1;False;ok;4;1;0.428;
1201;-3.188522601;42.58647628;0.1;False;ok;6;1;0.425;
1202;-2.988522601;42.58647628;0.1;False;ok;7;1;0.547;
1203;-2.888522601;42.58647628;0.1;False;ok;20;1;0.575;
1204;-2.788522601;42.58647628;0.1;False;ok;3;1;0.453;
1205;-2.588522601;42.58647628;0.1;False;ok;5;1;0.456;
1206;-6.688522601;42.68647628;0.1;False;ok;27;1;0.508;
1207;-6.588522601;42.68647628;0.1;False;ok;4;1;0.385;
1208;-6.488522601;42.68647628;0.1;False;ok;5;1;0.472;
1209;-6.388522601;42.68647628;0.1;False;ok;2;1;0.393;
1210;-6.288522601;42.68647628;0.1;False;ok;4;1;0.439;
1211;-6.088522601;42.68647628;0.1;False;ok;7;1;0.522;
1212;-5.988522601;42.68647628;0.1;False;ok;5;1;0.417;
1213;-5.888522601;42.68647628;0.1;False;ok;2;1;0.391;
1214;-5.788522601;42.68647628;0.1;False;ok;3;1;0.469;
1215;-5.588522601;42.68647628;0.1;False;ok;3;1;0.482;
1216;-5.388522601;42.68647628;0.1;False;ok;3;1;0.514;
1217;-4.488522601;42.68647628;0.1;False;ok;2;1;0.487;
1218;-4.388522601;42.68647628;0.1;False;ok;0;1;1.211;
1219;-4.288522601;42.68647628;0.1;False;ok;7;1;0.413;
1220;-4.188522601;42.68647628;0.1;False;ok;4;1;0.472;
1221;-4.088522601;42.68647628;0.1;False;ok;2;1;0.429;
1222;-3.988522601;42.68647628;0.1;False;ok;1;1;0.368;
1223;-3.888522601;42.68647628;0.1;False;ok;2;1;0.359;
1224;-3.788522601;42.68647628;0.1;False;ok;1;1;0.409;
1225;-3.488522601;42.68647628;0.1;False;ok;7;1;0.546;
1226;-3.388522601;42.68647628;0.1;False;ok;9;1;0.466;
1227;-3.288522601;42.68647628;0.1;False;ok;4;1;0.406;
1228;-3.188522601;42.68647628;0.1;False;ok;2;1;0.444;
1229;-3.088522601;42.68647628;0.1;False;ok;3;1;0.423;
1230;-2.988522601;42.68647628;0.1;False;ok;7;1;0.477;
1231;-2.888522601;42.68647628;0.1;False;ok;7;1;0.385;
1232;-6.688522601;42.78647628;0.1;False;ok;1;1;0.376;
1233;-6.388522601;42.78647628;0.1;False;ok;1;1;0.461;
1234;-6.288522601;42.78647628;0.1;False;ok;2;1;0.334;
1235;-6.188522601;42.78647628;0.1;False;ok;1;1;0.339;
1236;-5.988522601;42.78647628;0.1;False;ok;1;1;0.382;
1237;-5.888522601;42.78647628;0.1;False;ok;3;1;0.443;
1238;-5.788522601;42.78647628;0.1;False;ok;8;1;0.431;
1239;-5.688522601;42.78647628;0.1;False;ok;15;1;0.462;
1240;-5.588522601;42.78647628;0.1;False;ok;5;1;0.408;
1241;-5.488522601;42.78647628;0.1;False;ok;3;1;0.380;
1242;-5.388522601;42.78647628;0.1;False;ok;9;1;0.474;
1243;-5.288522601;42.78647628;0.1;False;ok;1;1;0.467;
1244;-5.188522601;42.78647628;0.1;False;ok;18;1;0.474;
1245;-4.988522601;42.78647628;0.1;False;ok;5;1;0.491;
1246;-4.888522601;42.78647628;0.1;False;ok;10;1;0.417;
1247;-4.788522601;42.78647628;0.1;False;ok;4;1;0.387;
1248;-4.688522601;42.78647628;0.1;False;ok;7;1;0.464;
1249;-4.588522601;42.78647628;0.1;False;ok;10;1;0.675;
1250;-4.488522601;42.78647628;0.1;False;ok;2;1;0.429;
1251;-4.388522601;42.78647628;0.1;False;ok;4;1;0.498;
1252;-4.288522601;42.78647628;0.1;False;ok;22;1;0.541;
1253;-4.088522601;42.78647628;0.1;False;ok;4;1;0.457;
1254;-3.988522601;42.78647628;0.1;False;ok;10;1;0.456;
1255;-3.888522601;42.78647628;0.1;False;ok;9;1;0.455;
1256;-3.788522601;42.78647628;0.1;False;ok;9;1;0.489;
1257;-3.688522601;42.78647628;0.1;False;ok;7;1;0.364;
1258;-3.488522601;42.78647628;0.1;False;ok;7;1;0.367;
1259;-3.388522601;42.78647628;0.1;False;ok;4;1;0.415;
1260;-3.288522601;42.78647628;0.1;False;ok;5;1;0.406;
1261;-3.088522601;42.78647628;0.1;False;ok;5;1;0.363;
1262;-2.988522601;42.78647628;0.1;False;ok;7;1;0.465;
1263;-2.788522601;42.78647628;0.1;False;ok;12;1;0.471;
1264;-2.688522601;42.78647628;0.1;False;ok;62;1;0.659;
1265;-2.588522601;42.78647628;0.1;False;ok;1;1;0.415;
1266;-6.588522601;42.88647628;0.1;False;ok;3;1;0.421;
1267;-6.388522601;42.88647628;0.1;False;ok;28;1;0.618;
1268;-6.288522601;42.88647628;0.1;False;ok;7;1;0.573;
1269;-6.188522601;42.88647628;0.1;False;ok;4;1;0.436;
1270;-6.088522601;42.88647628;0.1;False;ok;9;1;0.440;
1271;-5.988522601;42.88647628;0.1;False;ok;3;1;0.371;
1272;-5.888522601;42.88647628;0.1;False;ok;3;1;0.395;
1273;-5.788522601;42.88647628;0.1;False;ok;1;1;0.531;
1274;-5.688522601;42.88647628;0.1;False;ok;5;1;0.461;
1275;-5.588522601;42.88647628;0.1;False;ok;4;1;0.393;
1276;-5.488522601;42.88647628;0.1;False;ok;4;1;0.396;
1277;-5.288522601;42.88647628;0.1;False;ok;2;1;0.356;
1278;-5.188522601;42.88647628;0.1;False;ok;10;1;0.452;
1279;-5.088522601;42.88647628;0.1;False;ok;20;1;0.594;
1280;-4.988522601;42.88647628;0.1;False;ok;9;1;0.476;
1281;-4.888522601;42.88647628;0.1;False;ok;3;1;0.469;
1282;-4.788522601;42.88647628;0.1;False;ok;12;1;0.487;
1283;-4.688522601;42.88647628;0.1;False;ok;6;1;0.573;
1284;-4.588522601;42.88647628;0.1;False;ok;1;1;0.486;
1285;-4.488522601;42.88647628;0.1;False;ok;3;1;0.563;
1286;-4.388522601;42.88647628;0.1;False;ok;9;1;0.526;
1287;-4.288522601;42.88647628;0.1;False;ok;4;1;0.449;
1288;-4.188522601;42.88647628;0.1;False;ok;3;1;0.415;
1289;-4.088522601;42.88647628;0.1;False;ok;7;1;0.435;
1290;-3.988522601;42.88647628;0.1;False;ok;5;1;0.467;
1291;-3.888522601;42.88647628;0.1;False;ok;5;1;0.438;
1292;-3.788522601;42.88647628;0.1;False;ok;3;1;0.469;
1293;-3.688522601;42.88647628;0.1;False;ok;10;1;0.516;
1294;-3.588522601;42.88647628;0.1;False;ok;27;1;0.536;
1295;-3.488522601;42.88647628;0.1;False;ok;18;1;0.487;
1296;-3.288522601;42.88647628;0.1;False;ok;1;1;0.391;
1297;-3.088522601;42.88647628;0.1;False;ok;1;1;0.422;
1298;-2.988522601;42.88647628;0.1;False;ok;4;1;0.474;
1299;-2.888522601;42.88647628;0.1;False;ok;9;1;0.484;
1300;-2.788522601;42.88647628;0.1;False;ok;4;1;0.509;
1301;-2.688522601;42.88647628;0.1;False;ok;5;1;0.466;
1302;-2.588522601;42.88647628;0.1;False;ok;4;1;0.399;
1303;-6.688522601;42.98647628;0.1;False;ok;18;1;0.503;
1304;-6.588522601;42.98647628;0.1;False;ok;1;1;0.350;
1305;-6.488522601;42.98647628;0.1;False;ok;0;1;1.106;
1306;-6.288522601;42.98647628;0.1;False;ok;16;1;0.656;
1307;-6.188522601;42.98647628;0.1;False;ok;1;1;0.324;
1308;-6.088522601;42.98647628;0.1;False;ok;3;1;0.355;
1309;-5.988522601;42.98647628;0.1;False;ok;2;1;0.395;
1310;-5.888522601;42.98647628;0.1;False;ok;5;1;0.495;
1311;-5.788522601;42.98647628;0.1;False;ok;10;1;0.467;
1312;-5.388522601;42.98647628;0.1;False;ok;12;1;0.422;
1313;-5.288522601;42.98647628;0.1;False;ok;15;1;0.425;
1314;-5.188522601;42.98647628;0.1;False;ok;9;1;0.452;
1315;-5.088522601;42.98647628;0.1;False;ok;2;1;0.366;
1316;-4.988522601;42.98647628;0.1;False;ok;6;1;0.459;
1317;-4.888522601;42.98647628;0.1;False;ok;4;1;0.416;
1318;-4.688522601;42.98647628;0.1;False;ok;4;1;0.441;
1319;-4.588522601;42.98647628;0.1;False;ok;12;1;0.495;
1320;-4.488522601;42.98647628;0.1;False;ok;4;1;0.391;
1321;-4.388522601;42.98647628;0.1;False;ok;5;1;0.573;
1322;-4.288522601;42.98647628;0.1;False;ok;19;1;0.612;
1323;-4.188522601;42.98647628;0.1;False;ok;26;1;0.625;
1324;-4.088522601;42.98647628;0.1;False;ok;9;1;0.464;
1325;-3.988522601;42.98647628;0.1;False;ok;11;1;0.511;
1326;-3.888522601;42.98647628;0.1;False;ok;3;1;0.488;
1327;-3.788522601;42.98647628;0.1;False;ok;4;1;0.447;
1328;-3.688522601;42.98647628;0.1;False;ok;7;1;0.595;
1329;-3.588522601;42.98647628;0.1;False;ok;20;1;0.476;
1330;-3.488522601;42.98647628;0.1;False;ok;3;1;0.426;
1331;-3.388522601;42.98647628;0.1;False;ok;5;1;0.448;
1332;-3.288522601;42.98647628;0.1;False;ok;3;1;0.533;
1333;-3.188522601;42.98647628;0.1;False;ok;2;1;0.523;
1334;-3.088522601;42.98647628;0.1;False;ok;15;1;0.584;
1335;-2.988522601;42.98647628;0.1;False;ok;8;1;0.432;
1336;-2.788522601;42.98647628;0.1;False;ok;2;1;0.314;
1337;-2.688522601;42.98647628;0.1;False;ok;4;1;0.368;
1338;-2.588522601;42.98647628;0.1;False;ok;11;1;0.804;
1339;-6.688522601;43.08647628;0.1;False;ok;2;1;0.380;
1340;-6.588522601;43.08647628;0.1;False;ok;40;1;0.625;
1341;-6.388522601;43.08647628;0.1;False;ok;6;1;0.533;
1342;-6.288522601;43.08647628;0.1;False;ok;23;1;0.719;
1343;-6.188522601;43.08647628;0.1;False;ok;9;1;0.512;
1344;-6.088522601;43.08647628;0.1;False;ok;21;1;0.638;
1345;-5.988522601;43.08647628;0.1;False;ok;11;1;0.752;
1346;-5.888522601;43.08647628;0.1;False;ok;25;1;0.466;
1347;-5.788522601;43.08647628;0.1;False;ok;9;1;0.505;
1348;-5.688522601;43.08647628;0.1;False;ok;17;1;0.564;
1349;-5.588522601;43.08647628;0.1;False;ok;40;1;0.838;
1350;-5.488522601;43.08647628;0.1;False;ok;6;1;0.511;
1351;-5.388522601;43.08647628;0.1;False;ok;10;1;0.626;
1352;-5.188522601;43.08647628;0.1;False;ok;4;1;0.606;
1353;-5.088522601;43.08647628;0.1;False;ok;4;1;0.457;
1354;-4.988522601;43.08647628;0.1;False;ok;10;1;0.602;
1355;-4.888522601;43.08647628;0.1;False;ok;9;1;0.615;
1356;-4.788522601;43.08647628;0.1;False;ok;38;1;0.797;
1357;-4.688522601;43.08647628;0.1;False;ok;75;1;0.972;
1358;-4.588522601;43.08647628;0.1;False;ok;35;1;0.605;
1359;-4.488522601;43.08647628;0.1;False;ok;6;1;0.677;
1360;-4.388522601;43.08647628;0.1;False;ok;6;1;0.529;
1361;-4.288522601;43.08647628;0.1;False;ok;7;1;0.658;
1362;-4.088522601;43.08647628;0.1;False;ok;17;1;0.526;
1363;-3.988522601;43.08647628;0.1;False;ok;9;1;0.496;
1364;-3.788522601;43.08647628;0.1;False;ok;8;1;0.505;
1365;-3.688522601;43.08647628;0.1;False;ok;3;1;0.385;
1366;-3.588522601;43.08647628;0.1;False;ok;10;1;0.451;
1367;-3.488522601;43.08647628;0.1;False;ok;5;1;0.498;
1368;-3.388522601;43.08647628;0.1;False;ok;6;1;0.995;
1369;-3.288522601;43.08647628;0.1;False;ok;7;1;0.420;
1370;-3.188522601;43.08647628;0.1;False;ok;4;1;0.435;
1371;-3.088522601;43.08647628;0.1;False;ok;4;1;0.361;
1372;-2.988522601;43.08647628;0.1;False;ok;19;1;0.477;
1373;-2.888522601;43.08647628;0.1;False;ok;9;1;0.380;
1374;-2.788522601;43.08647628;0.1;False;ok;13;1;0.397;
1375;-2.688522601;43.08647628;0.1;False;ok;23;1;0.565;
1376;-2.588522601;43.08647628;0.1;False;ok;11;1;0.467;
1377;-6.688522601;43.18647628;0.1;False;ok;3;1;0.685;
1378;-6.588522601;43.18647628;0.1;False;ok;4;1;0.478;
1379;-6.388522601;43.18647628;0.1;False;ok;2;1;0.438;
1380;-6.288522601;43.18647628;0.1;False;ok;8;1;0.472;
1381;-6.088522601;43.18647628;0.1;False;ok;23;1;0.813;
1382;-5.988522601;43.18647628;0.1;False;ok;6;1;0.459;
1383;-5.888522601;43.18647628;0.1;False;ok;20;1;0.546;
1384;-5.788522601;43.18647628;0.1;False;ok;30;1;0.538;
1385;-5.688522601;43.18647628;0.1;False;ok;23;1;0.798;
1386;-5.588522601;43.18647628;0.1;False;ok;17;1;0.744;
1387;-5.488522601;43.18647628;0.1;False;ok;23;1;1.013;
1388;-5.388522601;43.18647628;0.1;False;ok;3;1;0.537;
1389;-5.288522601;43.18647628;0.1;False;ok;11;1;0.467;
1390;-5.188522601;43.18647628;0.1;False;ok;16;1;0.501;
1391;-5.088522601;43.18647628;0.1;False;ok;0;1;1.102;
1392;-4.988522601;43.18647628;0.1;False;ok;5;1;0.476;
1393;-4.888522601;43.18647628;0.1;False;ok;5;1;0.445;
1394;-4.788522601;43.18647628;0.1;False;ok;13;1;0.397;
1395;-4.688522601;43.18647628;0.1;False;ok;18;1;0.573;
1396;-4.588522601;43.18647628;0.1;False;ok;10;1;0.491;
1397;-4.488522601;43.18647628;0.1;False;ok;21;1;0.713;
1398;-4.388522601;43.18647628;0.1;False;ok;19;1;0.491;
1399;-4.288522601;43.18647628;0.1;False;ok;16;1;0.534;
1400;-4.188522601;43.18647628;0.1;False;ok;10;1;0.526;
1401;-4.088522601;43.18647628;0.1;False;ok;31;1;0.827;
1402;-3.988522601;43.18647628;0.1;False;ok;30;1;0.526;
1403;-3.888522601;43.18647628;0.1;False;ok;52;1;0.761;
1404;-3.788522601;43.18647628;0.1;False;ok;27;1;0.525;
1405;-3.688522601;43.18647628;0.1;False;ok;21;1;0.457;
1406;-3.588522601;43.18647628;0.1;False;ok;14;1;0.494;
1407;-3.488522601;43.18647628;0.1;False;ok;38;1;0.619;
1408;-3.388522601;43.18647628;0.1;False;ok;12;1;0.457;
1409;-3.288522601;43.18647628;0.1;False;ok;8;1;0.445;
1410;-3.188522601;43.18647628;0.1;False;ok;19;1;0.782;
1411;-3.088522601;43.18647628;0.1;False;ok;4;1;0.600;
1412;-2.988522601;43.18647628;0.05;False;ok;1;1;0.361;
1413;-2.938522601;43.18647628;0.05;False;ok;5;1;0.706;
1414;-2.988522601;43.23647628;0.05;False;ok;75;1;0.858;
1415;-2.926022601;43.23647628;0.0125;False;ok;8;1;0.719;
1416;-2.938522601;43.24897628;0.0125;False;ok;75;1;0.751;
1417;-2.926022601;43.24897628;0.00625;False;ok;35;1;0.912;
1418;-2.919772601;43.24897628;0.00625;False;ok;19;1;0.496;
1419;-2.926022601;43.25522628;0.00625;False;ok;74;1;0.953;
1420;-2.919772601;43.25522628;0.00625;False;ok;43;1;0.585;
1421;-2.913522601;43.23647628;0.025;False;ok;37;1;0.603;
1422;-2.938522601;43.26147628;0.0125;False;ok;75;1;0.616;
1423;-2.926022601;43.26147628;0.0125;False;ok;74;1;0.642;
1424;-2.926022601;43.27397628;0.0125;False;ok;1;1;0.348;
1425;-2.913522601;43.26147628;0.025;False;ok;7;1;0.620;
1426;-2.888522601;43.18647628;0.1;False;ok;19;1;0.942;
1427;-2.788522601;43.18647628;0.1;False;ok;8;1;0.491;
1428;-2.688522601;43.18647628;0.1;False;ok;9;1;0.497;
1429;-2.588522601;43.18647628;0.1;False;ok;16;1;0.507;
1430;-6.588522601;43.28647628;0.1;False;ok;1;1;0.346;
1431;-6.488522601;43.28647628;0.1;False;ok;9;1;0.484;
1432;-6.388522601;43.28647628;0.1;False;ok;0;1;1.198;
1433;-6.288522601;43.28647628;0.1;False;ok;13;1;0.514;
1434;-6.188522601;43.28647628;0.1;False;ok;5;1;0.458;
1435;-6.088522601;43.28647628;0.1;False;ok;9;1;0.547;
1436;-5.988522601;43.28647628;0.1;False;ok;16;1;0.596;
1437;-5.888522601;43.28647628;0.05;False;ok;2;1;0.460;
1438;-5.838522601;43.28647628;0.05;False;ok;2;1;0.422;
1439;-5.888522601;43.33647628;0.025;False;ok;13;1;0.510;
1440;-5.863522601;43.33647628;0.025;False;ok;74;1;0.639;
1441;-5.888522601;43.36147628;0.025;False;ok;24;1;0.469;
1442;-5.863522601;43.36147628;0.0125;False;ok;74;1;0.659;
1443;-5.851022601;43.36147628;0.0125;False;ok;74;1;0.687;
1444;-5.863522601;43.37397628;0.0125;False;ok;3;1;0.504;
1445;-5.851022601;43.37397628;0.0125;False;ok;3;1;0.402;
1446;-5.838522601;43.33647628;0.05;False;ok;71;1;0.701;
1447;-5.788522601;43.28647628;0.1;False;ok;21;1;0.484;
1448;-5.688522601;43.28647628;0.1;False;ok;23;1;0.492;
1449;-5.588522601;43.28647628;0.1;False;ok;31;1;0.588;
1450;-5.488522601;43.28647628;0.1;False;ok;34;1;0.497;
1451;-5.388522601;43.28647628;0.1;False;ok;59;1;0.735;
1452;-5.288522601;43.28647628;0.1;False;ok;55;1;0.649;
1453;-5.188522601;43.28647628;0.05;False;ok;12;1;0.484;
1454;-5.138522601;43.28647628;0.05;False;ok;26;1;0.506;
1455;-5.188522601;43.33647628;0.05;False;ok;59;1;0.544;
1456;-5.138522601;43.33647628;0.0125;False;ok;41;1;0.464;
1457;-5.126022601;43.33647628;0.0125;False;ok;4;1;0.601;
1458;-5.138522601;43.34897628;0.0125;False;ok;75;1;0.635;
1459;-5.126022601;43.34897628;0.0125;False;ok;27;1;0.535;
1460;-5.113522601;43.33647628;0.025;False;ok;40;1;0.513;
1461;-5.138522601;43.36147628;0.025;False;ok;2;1;0.461;
1462;-5.088522601;43.28647628;0.1;False;ok;75;1;0.795;
1463;-4.988522601;43.28647628;0.1;False;ok;73;1;0.601;
1464;-4.888522601;43.28647628;0.1;False;ok;74;1;0.653;
1465;-4.788522601;43.28647628;0.1;False;ok;21;1;0.471;
1466;-4.688522601;43.28647628;0.1;False;ok;38;1;0.536;
1467;-4.588522601;43.28647628;0.1;False;ok;75;1;0.762;
1468;-4.488522601;43.28647628;0.1;False;ok;75;1;0.590;
1469;-4.388522601;43.28647628;0.1;False;ok;73;1;0.683;
1470;-4.288522601;43.28647628;0.1;False;ok;74;1;0.714;
1471;-4.188522601;43.28647628;0.1;False;ok;74;1;0.699;
1472;-4.088522601;43.28647628;0.1;False;ok;74;1;0.612;
1473;-3.988522601;43.28647628;0.1;False;ok;58;1;0.662;
1474;-3.888522601;43.28647628;0.1;False;ok;67;1;0.662;
1475;-3.788522601;43.28647628;0.1;False;ok;75;1;0.642;
1476;-3.688522601;43.28647628;0.1;False;ok;29;1;0.492;
1477;-3.588522601;43.28647628;0.1;False;ok;46;1;0.575;
1478;-3.488522601;43.28647628;0.1;False;ok;58;1;0.635;
1479;-3.388522601;43.28647628;0.1;False;ok;13;1;0.483;
1480;-3.288522601;43.28647628;0.1;False;ok;71;1;0.641;
1481;-3.188522601;43.28647628;0.1;False;ok;16;1;0.473;
1482;-3.088522601;43.28647628;0.1;False;ok;74;1;0.647;
1483;-2.988522601;43.28647628;0.1;False;ok;58;1;0.604;
1484;-2.888522601;43.28647628;0.1;False;ok;34;1;0.561;
1485;-2.788522601;43.28647628;0.1;False;ok;37;1;0.582;
1486;-2.688522601;43.28647628;0.1;False;ok;64;1;0.527;
1487;-2.588522601;43.28647628;0.1;False;ok;66;1;0.724;
1488;-6.688522601;43.38647628;0.1;False;ok;3;1;0.403;
1489;-6.588522601;43.38647628;0.1;False;ok;7;1;0.406;
1490;-6.488522601;43.38647628;0.1;False;ok;11;1;0.439;
1491;-6.388522601;43.38647628;0.1;False;ok;9;1;0.486;
1492;-6.288522601;43.38647628;0.1;False;ok;15;1;0.537;
1493;-6.188522601;43.38647628;0.1;False;ok;17;1;0.440;
1494;-6.088522601;43.38647628;0.1;False;ok;18;1;0.498;
1495;-5.988522601;43.38647628;0.1;False;ok;5;1;0.460;
1496;-5.888522601;43.38647628;0.1;False;ok;16;1;0.494;
1497;-5.788522601;43.38647628;0.1;False;ok;24;1;0.495;
1498;-5.688522601;43.38647628;0.1;False;ok;26;1;0.442;
1499;-5.588522601;43.38647628;0.1;False;ok;20;1;0.449;
1500;-5.488522601;43.38647628;0.1;False;ok;74;1;1.074;
1501;-5.388522601;43.38647628;0.1;False;ok;27;1;0.539;
1502;-5.288522601;43.38647628;0.1;False;ok;74;1;0.652;
1503;-5.188522601;43.38647628;0.1;False;ok;75;1;0.636;
1504;-5.088522601;43.38647628;0.1;False;ok;74;1;0.680;
1505;-4.988522601;43.38647628;0.1;False;ok;75;1;0.670;
1506;-4.888522601;43.38647628;0.05;False;ok;73;1;0.655;
1507;-4.838522601;43.38647628;0.05;False;ok;70;1;0.615;
1508;-4.888522601;43.43647628;0.05;False;ok;14;1;0.489;
1509;-4.788522601;43.38647628;0.025;False;ok;35;1;0.611;
1510;-4.763522601;43.38647628;0.025;False;ok;38;1;0.675;
1511;-4.788522601;43.41147628;0.025;False;ok;67;1;0.607;
1512;-4.763522601;43.41147628;0.0125;False;ok;75;1;0.650;
1513;-4.751022601;43.41147628;0.0125;False;ok;18;1;0.543;
1514;-4.763522601;43.42397628;0.0125;False;ok;7;1;0.437;
1515;-4.738522601;43.38647628;0.05;False;ok;48;1;0.562;
1516;-4.688522601;43.38647628;0.1;False;ok;36;1;0.514;
1517;-4.588522601;43.38647628;0.1;False;ok;30;1;0.551;
1518;-4.488522601;43.38647628;0.1;False;ok;53;1;0.645;
1519;-4.388522601;43.38647628;0.1;False;ok;74;1;0.571;
1520;-4.288522601;43.38647628;0.1;False;ok;53;1;0.633;
1521;-4.188522601;43.38647628;0.1;False;ok;75;1;0.632;
1522;-4.088522601;43.38647628;0.05;False;ok;73;1;0.643;
1523;-4.038522601;43.38647628;0.05;False;ok;75;1;0.775;
1524;-4.088522601;43.43647628;0.05;False;ok;17;1;0.474;
1525;-4.038522601;43.43647628;0.05;False;ok;13;1;0.543;
1526;-3.988522601;43.38647628;0.1;False;ok;72;1;0.708;
1527;-3.888522601;43.38647628;0.05;False;ok;29;1;0.523;
1528;-3.838522601;43.38647628;0.05;False;ok;23;1;0.473;
1529;-3.888522601;43.43647628;0.05;False;ok;58;1;0.554;
1530;-3.838522601;43.43647628;0.025;False;ok;75;1;0.645;
1531;-3.813522601;43.43647628;0.025;False;ok;54;1;0.561;
1532;-3.838522601;43.46147628;0.025;False;ok;72;1;0.566;
1533;-3.813522601;43.46147628;0.025;False;ok;74;1;0.705;
1534;-3.788522601;43.38647628;0.05;False;ok;15;1;0.571;
1535;-3.738522601;43.38647628;0.05;False;ok;40;1;0.549;
1536;-3.788522601;43.43647628;0.05;False;ok;73;1;0.624;
1537;-3.738522601;43.43647628;0.05;False;ok;73;1;0.785;
1538;-3.688522601;43.38647628;0.1;False;ok;75;1;0.784;
1539;-3.588522601;43.38647628;0.05;False;ok;16;1;0.480;
1540;-3.538522601;43.38647628;0.05;False;ok;25;1;0.586;
1541;-3.588522601;43.43647628;0.05;False;ok;56;1;0.574;
1542;-3.538522601;43.43647628;0.05;False;ok;74;1;0.667;
1543;-3.488522601;43.38647628;0.1;False;ok;73;1;0.787;
1544;-3.388522601;43.38647628;0.1;False;ok;18;1;0.518;
1545;-3.288522601;43.38647628;0.1;False;ok;14;1;0.453;
1546;-3.088522601;43.38647628;0.1;False;ok;9;1;0.442;
1547;-2.988522601;43.38647628;0.1;False;ok;35;1;0.597;
1548;-2.888522601;43.38647628;0.1;False;ok;32;1;0.541;
1549;-2.788522601;43.38647628;0.1;False;ok;74;1;0.589;
1550;-2.688522601;43.38647628;0.1;False;ok;26;1;0.543;
1551;-6.688522601;43.48647628;0.1;False;ok;29;1;0.560;
1552;-6.588522601;43.48647628;0.1;False;ok;73;1;0.614;
1553;-6.488522601;43.48647628;0.1;False;ok;35;1;0.553;
1554;-6.388522601;43.48647628;0.1;False;ok;19;1;0.640;
1555;-6.288522601;43.48647628;0.1;False;ok;64;1;0.611;
1556;-6.188522601;43.48647628;0.1;False;ok;75;1;0.628;
1557;-6.088522601;43.48647628;0.1;False;ok;58;1;0.645;
1558;-5.988522601;43.48647628;0.1;False;ok;74;1;0.670;
1559;-5.888522601;43.48647628;0.1;False;ok;20;1;0.490;
1560;-5.788522601;43.48647628;0.1;False;ok;71;1;0.618;
1561;-5.688522601;43.48647628;0.05;False;ok;75;1;0.706;
1562;-5.638522601;43.48647628;0.05;False;ok;23;1;0.496;
1563;-5.688522601;43.53647628;0.025;False;ok;75;1;0.647;
1564;-5.663522601;43.53647628;0.00625;False;ok;75;1;0.650;
1565;-5.657272601;43.53647628;0.00625;False;ok;75;1;0.621;
1566;-5.663522601;43.54272628;0.00625;False;ok;51;1;0.591;
1567;-5.651022601;43.53647628;0.0125;False;ok;73;1;0.585;
1568;-5.638522601;43.53647628;0.05;False;ok;16;1;0.491;
1569;-5.588522601;43.48647628;0.1;False;ok;48;1;0.549;
1570;-5.488522601;43.48647628;0.1;False;ok;61;1;0.658;
1571;-5.388522601;43.48647628;0.1;False;ok;47;1;0.589;
1572;-5.288522601;43.48647628;0.1;False;ok;59;1;0.585;
1573;-3.688522601;43.48647628;0.1;False;ok;24;1;0.427;
1574;-3.588522601;43.48647628;0.05;False;ok;75;1;0.549;
1575;-3.538522601;43.48647628;0.05;False;ok;45;1;0.657;
1576;-5.988522601;43.58647628;0.1;False;ok;6;1;0.461;
1577;-5.888522601;43.58647628;0.1;False;ok;75;1;0.593;
1578;-5.788522601;43.58647628;0.1;False;ok;35;1;0.575;
1579;-2.514401691;41.68647628;0.1;False;ok;75;1;0.721;
1580;-2.414401691;41.68647628;0.1;False;ok;2;1;0.504;
1581;-2.214401691;41.68647628;0.1;False;ok;0;1;1.202;
1582;-2.114401691;41.68647628;0.1;False;ok;2;1;0.354;
1583;-2.014401691;41.68647628;0.1;False;ok;5;1;0.335;
1584;-1.814401691;41.68647628;0.1;False;ok;3;1;0.464;
1585;-1.714401691;41.68647628;0.1;False;ok;2;1;0.446;
1586;-1.314401691;41.68647628;0.1;False;ok;2;1;0.389;
1587;-1.214401691;41.68647628;0.1;False;ok;1;1;0.434;
1588;-1.114401691;41.68647628;0.1;False;ok;4;1;0.350;
1589;-1.014401691;41.68647628;0.1;False;ok;9;1;0.515;
1590;-0.914401691;41.68647628;0.1;False;ok;5;1;0.523;
1591;-0.414401691;41.68647628;0.1;False;ok;1;1;0.420;
1592;0.085598309;41.68647628;0.1;False;ok;3;1;0.433;
1593;0.485598309;41.68647628;0.1;False;ok;1;1;0.294;
1594;0.685598309;41.68647628;0.1;False;ok;3;1;0.419;
1595;0.785598309;41.68647628;0.1;False;ok;4;1;0.508;
1596;0.885598309;41.68647628;0.1;False;ok;9;1;0.510;
1597;0.985598309;41.68647628;0.1;False;ok;1;1;0.374;
1598;1.085598309;41.68647628;0.1;False;ok;8;1;0.462;
1599;1.185598309;41.68647628;0.1;False;ok;6;1;0.523;
1600;1.285598309;41.68647628;0.1;False;ok;2;1;0.337;
1601;1.385598309;41.68647628;0.1;False;ok;5;1;0.409;
1602;1.485598309;41.68647628;0.1;False;ok;4;1;0.413;
1603;1.585598309;41.68647628;0.1;False;ok;5;1;0.428;
1604;1.785598309;41.68647628;0.1;False;ok;41;1;0.522;
1605;1.885598309;41.68647628;0.1;False;ok;8;1;0.549;
1606;1.985598309;41.68647628;0.1;False;ok;4;1;0.333;
1607;2.085598309;41.68647628;0.1;False;ok;5;1;0.459;
1608;2.185598309;41.68647628;0.1;False;ok;16;1;0.486;
1609;2.285598309;41.68647628;0.1;False;ok;10;1;0.470;
1610;2.385598309;41.68647628;0.1;False;ok;23;1;0.526;
1611;2.485598309;41.68647628;0.1;False;ok;18;1;0.478;
1612;2.585598309;41.68647628;0.1;False;ok;16;1;0.521;
1613;2.685598309;41.68647628;0.1;False;ok;70;1;0.781;
1614;2.785598309;41.68647628;0.025;False;ok;11;1;0.545;
1615;2.810598309;41.68647628;0.0125;False;ok;17;1;0.480;
1616;2.823098309;41.68647628;0.00625;False;ok;0;1;1.144;
1617;2.823098309;41.69272628;0.00625;False;ok;70;1;0.626;
1618;2.829348309;41.69272628;0.00625;False;ok;70;1;0.652;
1619;2.810598309;41.69897628;0.0125;False;ok;8;1;0.396;
1620;2.823098309;41.69897628;0.0125;False;ok;32;1;0.591;
1621;2.785598309;41.71147628;0.025;False;ok;3;1;0.475;
1622;2.810598309;41.71147628;0.025;False;ok;27;1;0.535;
1623;2.835598309;41.68647628;0.0125;False;ok;71;1;0.715;
1624;2.835598309;41.69897628;0.0125;False;ok;75;1;0.767;
1625;2.848098309;41.69897628;0.00625;False;ok;75;1;0.787;
1626;2.854348309;41.69897628;0.00625;False;ok;59;1;0.794;
1627;2.848098309;41.70522628;0.00625;False;ok;1;1;0.444;
1628;2.854348309;41.70522628;0.00625;False;ok;16;1;0.634;
1629;2.860598309;41.69897628;0.0125;False;ok;33;1;0.579;
1630;2.873098309;41.69897628;0.00625;False;ok;19;1;0.459;
1631;2.879348309;41.69897628;0.00625;False;ok;5;1;0.440;
1632;2.873098309;41.70522628;0.00625;False;ok;21;1;0.490;
1633;2.879348309;41.70522628;0.00625;False;ok;12;1;0.585;
1634;2.835598309;41.71147628;0.025;False;ok;36;1;0.566;
1635;2.860598309;41.71147628;0.0125;False;ok;37;1;0.570;
1636;2.873098309;41.71147628;0.0125;False;ok;27;1;0.505;
1637;2.860598309;41.72397628;0.0125;False;ok;2;1;0.369;
1638;2.873098309;41.72397628;0.0125;False;ok;6;1;0.564;
1639;2.785598309;41.73647628;0.025;False;ok;29;1;0.607;
1640;2.810598309;41.73647628;0.0125;False;ok;16;1;0.638;
1641;2.823098309;41.73647628;0.0125;False;ok;11;1;0.468;
1642;2.810598309;41.74897628;0.0125;False;ok;24;1;0.486;
1643;2.823098309;41.74897628;0.0125;False;ok;16;1;0.591;
1644;2.810598309;41.76147628;0.025;False;ok;1;1;0.537;
1645;2.835598309;41.73647628;0.05;False;ok;3;1;0.494;
1646;2.885598309;41.68647628;0.025;False;ok;52;1;0.636;
1647;2.885598309;41.71147628;0.0125;False;ok;10;1;0.506;
1648;2.898098309;41.71147628;0.00625;False;ok;22;1;0.560;
1649;2.904348309;41.71147628;0.00625;False;ok;17;1;0.454;
1650;2.898098309;41.71772628;0.00625;False;ok;13;1;0.434;
1651;2.904348309;41.71772628;0.00625;False;ok;20;1;0.505;
1652;2.898098309;41.72397628;0.0125;False;ok;3;1;0.422;
1653;2.910598309;41.71147628;0.0125;False;ok;3;1;0.565;
1654;2.923098309;41.71147628;0.00625;False;ok;12;1;0.494;
1655;2.929348309;41.71147628;0.00625;False;ok;50;1;0.620;
1656;2.923098309;41.71772628;0.00625;False;ok;34;1;0.692;
1657;2.929348309;41.71772628;0.003125;False;ok;63;1;0.591;
1658;2.932473309;41.71772628;0.003125;False;ok;15;1;0.553;
1659;2.929348309;41.72085128;0.003125;False;ok;43;1;0.617;
1660;2.932473309;41.72085128;0.003125;False;ok;58;1;0.620;
1661;2.910598309;41.72397628;0.0125;False;ok;3;1;0.483;
1662;2.923098309;41.72397628;0.0125;False;ok;35;1;0.600;
1663;2.935598309;41.68647628;0.05;False;ok;17;1;0.433;
1664;2.885598309;41.73647628;0.05;False;ok;6;1;0.499;
1665;2.935598309;41.73647628;0.05;False;ok;53;1;0.550;
1666;2.985598309;41.76147628;0.025;False;ok;3;1;0.379;
1667;3.023098309;41.76147628;0.0125;False;ok;6;1;0.376;
1668;3.010598309;41.77397628;0.0125;False;ok;6;1;0.483;
1669;3.023098309;41.77397628;0.0125;False;ok;74;1;0.686;
1670;3.035598309;41.73647628;0.05;False;ok;38;1;0.641;
1671;-2.514401691;41.78647628;0.1;False;ok;7;1;0.460;
1672;-2.414401691;41.78647628;0.1;False;ok;7;1;0.493;
1673;-2.114401691;41.78647628;0.1;False;ok;3;1;0.456;
1674;-2.014401691;41.78647628;0.1;False;ok;7;1;0.502;
1675;-1.914401691;41.78647628;0.1;False;ok;1;1;0.375;
1676;-1.814401691;41.78647628;0.1;False;ok;9;1;0.498;
1677;-1.714401691;41.78647628;0.1;False;ok;9;1;0.440;
1678;-1.614401691;41.78647628;0.1;False;ok;13;1;0.445;
1679;-1.514401691;41.78647628;0.1;False;ok;5;1;0.535;
1680;-1.414401691;41.78647628;0.1;False;ok;1;1;0.365;
1681;-1.314401691;41.78647628;0.1;False;ok;1;1;0.492;
1682;-1.214401691;41.78647628;0.1;False;ok;2;1;0.410;
1683;-0.914401691;41.78647628;0.1;False;ok;0;1;1.132;
1684;-0.814401691;41.78647628;0.1;False;ok;2;1;1.254;
1685;-0.614401691;41.78647628;0.1;False;ok;0;1;1.128;
1686;-0.214401691;41.78647628;0.1;False;ok;1;1;0.338;
1687;-0.114401691;41.78647628;0.1;False;ok;2;1;0.394;
1688;0.185598309;41.78647628;0.1;False;ok;0;1;1.155;
1689;0.285598309;41.78647628;0.1;False;ok;2;1;0.472;
1690;0.485598309;41.78647628;0.1;False;ok;5;1;0.484;
1691;0.585598309;41.78647628;0.1;False;ok;2;1;0.460;
1692;0.685598309;41.78647628;0.1;False;ok;8;1;0.471;
1693;0.785598309;41.78647628;0.1;False;ok;35;1;0.643;
1694;0.885598309;41.78647628;0.1;False;ok;2;1;0.456;
1695;0.985598309;41.78647628;0.1;False;ok;3;1;0.449;
1696;1.085598309;41.78647628;0.1;False;ok;5;1;0.396;
1697;1.185598309;41.78647628;0.1;False;ok;1;1;0.382;
1698;1.285598309;41.78647628;0.1;False;ok;7;1;0.451;
1699;1.385598309;41.78647628;0.1;False;ok;6;1;0.452;
1700;1.485598309;41.78647628;0.1;False;ok;0;1;1.094;
1701;1.585598309;41.78647628;0.1;False;ok;1;1;0.327;
1702;1.685598309;41.78647628;0.1;False;ok;6;1;0.430;
1703;1.785598309;41.78647628;0.1;False;ok;12;1;0.371;
1704;1.885598309;41.78647628;0.1;False;ok;9;1;0.482;
1705;1.985598309;41.78647628;0.1;False;ok;4;1;0.476;
1706;2.085598309;41.78647628;0.1;False;ok;11;1;0.506;
1707;2.185598309;41.78647628;0.1;False;ok;16;1;0.555;
1708;2.285598309;41.78647628;0.1;False;ok;10;1;0.575;
1709;2.385598309;41.78647628;0.1;False;ok;26;1;0.693;
1710;2.485598309;41.78647628;0.1;False;ok;36;1;0.609;
1711;2.585598309;41.78647628;0.1;False;ok;15;1;0.547;
1712;2.685598309;41.78647628;0.1;False;ok;40;1;0.571;
1713;2.785598309;41.78647628;0.1;False;ok;43;1;0.665;
1714;2.885598309;41.78647628;0.1;False;ok;36;1;0.919;
1715;2.985598309;41.78647628;0.05;False;ok;75;1;0.644;
1716;3.035598309;41.78647628;0.0125;False;ok;75;1;0.784;
1717;3.048098309;41.78647628;0.0125;False;ok;43;1;0.688;
1718;3.035598309;41.79897628;0.0125;False;ok;10;1;0.501;
1719;3.048098309;41.79897628;0.0125;False;ok;47;1;0.658;
1720;3.060598309;41.78647628;0.025;False;ok;74;1;0.672;
1721;3.035598309;41.81147628;0.025;False;ok;32;1;0.484;
1722;3.060598309;41.81147628;0.00625;False;ok;75;1;0.607;
1723;3.066848309;41.81147628;0.00625;False;ok;73;1;0.543;
1724;3.060598309;41.81772628;0.00625;False;ok;21;1;0.508;
1725;3.066848309;41.81772628;0.00625;False;ok;70;1;0.576;
1726;3.073098309;41.81147628;0.0125;False;ok;1;1;0.403;
1727;3.060598309;41.82397628;0.0125;False;ok;29;1;0.509;
1728;3.073098309;41.82397628;0.0125;False;ok;54;1;0.636;
1729;2.985598309;41.83647628;0.05;False;ok;13;1;0.556;
1730;3.035598309;41.83647628;0.025;False;ok;57;1;0.627;
1731;3.060598309;41.83647628;0.025;False;ok;58;1;0.761;
1732;3.035598309;41.86147628;0.025;False;ok;10;1;0.438;
1733;3.060598309;41.86147628;0.0125;False;ok;26;1;0.604;
1734;3.073098309;41.86147628;0.0125;False;ok;15;1;0.451;
1735;3.060598309;41.87397628;0.0125;False;ok;26;1;0.499;
1736;3.073098309;41.87397628;0.0125;False;ok;8;1;0.460;
1737;3.085598309;41.78647628;0.05;False;ok;6;1;0.446;
1738;3.085598309;41.83647628;0.0125;False;ok;62;1;0.624;
1739;3.098098309;41.83647628;0.0125;False;ok;57;1;0.607;
1740;3.085598309;41.84897628;0.0125;False;ok;2;1;0.432;
1741;3.098098309;41.84897628;0.0125;False;ok;7;1;0.435;
1742;3.110598309;41.83647628;0.0125;False;ok;10;1;0.479;
1743;3.123098309;41.83647628;0.0125;False;ok;75;1;0.753;
1744;3.110598309;41.84897628;0.0125;False;ok;55;1;0.674;
1745;3.123098309;41.84897628;0.0125;False;ok;43;1;0.628;
1746;3.085598309;41.86147628;0.025;False;ok;4;1;0.492;
1747;3.110598309;41.86147628;0.025;False;ok;13;1;0.494;
1748;3.135598309;41.83647628;0.025;False;ok;74;1;0.713;
1749;3.135598309;41.86147628;0.025;False;ok;9;1;1.341;
1750;3.160598309;41.86147628;0.025;False;ok;62;1;0.603;
1751;-2.514401691;41.88647628;0.1;False;ok;7;1;0.549;
1752;-2.414401691;41.88647628;0.1;False;ok;0;1;1.109;
1753;-2.314401691;41.88647628;0.1;False;ok;0;1;1.156;
1754;-2.214401691;41.88647628;0.1;False;ok;4;1;0.434;
1755;-2.114401691;41.88647628;0.1;False;ok;1;1;0.328;
1756;-2.014401691;41.88647628;0.1;False;ok;1;1;0.362;
1757;-1.814401691;41.88647628;0.1;False;ok;17;1;0.479;
1758;-1.714401691;41.88647628;0.1;False;ok;5;1;0.501;
1759;-1.314401691;41.88647628;0.1;False;ok;2;1;0.457;
1760;-0.614401691;41.88647628;0.1;False;ok;2;1;0.358;
1761;-0.514401691;41.88647628;0.1;False;ok;1;1;0.473;
1762;0.085598309;41.88647628;0.1;False;ok;1;1;2.262;
1763;0.185598309;41.88647628;0.1;False;ok;5;1;0.510;
1764;0.285598309;41.88647628;0.1;False;ok;3;1;0.428;
1765;0.385598309;41.88647628;0.1;False;ok;1;1;0.431;
1766;0.485598309;41.88647628;0.1;False;ok;2;1;0.628;
1767;0.585598309;41.88647628;0.1;False;ok;0;1;1.129;
1768;0.685598309;41.88647628;0.1;False;ok;8;1;0.921;
1769;0.785598309;41.88647628;0.1;False;ok;1;1;0.498;
1770;0.885598309;41.88647628;0.1;False;ok;3;1;0.548;
1771;0.985598309;41.88647628;0.1;False;ok;17;1;0.518;
1772;1.085598309;41.88647628;0.1;False;ok;5;1;0.466;
1773;1.185598309;41.88647628;0.1;False;ok;11;1;0.471;
1774;1.285598309;41.88647628;0.1;False;ok;1;1;0.394;
1775;1.385598309;41.88647628;0.1;False;ok;6;1;0.411;
1776;1.485598309;41.88647628;0.1;False;ok;7;1;0.562;
1777;1.585598309;41.88647628;0.1;False;ok;26;1;0.559;
1778;1.685598309;41.88647628;0.1;False;ok;8;1;0.436;
1779;1.785598309;41.88647628;0.1;False;ok;8;1;0.471;
1780;1.985598309;41.88647628;0.1;False;ok;1;1;0.460;
1781;2.085598309;41.88647628;0.1;False;ok;8;1;0.519;
1782;2.185598309;41.88647628;0.1;False;ok;34;1;0.557;
1783;2.285598309;41.88647628;0.1;False;ok;9;1;0.519;
1784;2.485598309;41.88647628;0.1;False;ok;13;1;0.527;
1785;2.585598309;41.88647628;0.1;False;ok;13;1;0.497;
1786;2.685598309;41.88647628;0.1;False;ok;13;1;0.511;
1787;2.785598309;41.88647628;0.05;False;ok;5;1;0.605;
1788;2.835598309;41.88647628;0.05;False;ok;8;1;0.465;
1789;2.810598309;41.93647628;0.025;False;ok;5;1;0.343;
1790;2.785598309;41.96147628;0.025;False;ok;6;1;1.933;
1791;2.810598309;41.96147628;0.0125;False;ok;5;1;0.401;
1792;2.823098309;41.96147628;0.0125;False;ok;4;1;0.349;
1793;2.810598309;41.97397628;0.0125;False;ok;74;1;0.597;
1794;2.823098309;41.97397628;0.0125;False;ok;75;1;0.941;
1795;2.835598309;41.93647628;0.05;False;ok;2;1;0.369;
1796;2.885598309;41.88647628;0.1;False;ok;8;1;0.671;
1797;2.985598309;41.88647628;0.1;False;ok;27;1;0.544;
1798;3.085598309;41.88647628;0.05;False;ok;4;1;0.497;
1799;3.135598309;41.88647628;0.025;False;ok;11;1;0.694;
1800;3.173098309;41.88647628;0.00625;False;ok;18;1;0.495;
1801;3.179348309;41.88647628;0.00625;False;ok;68;1;0.812;
1802;3.173098309;41.89272628;0.00625;False;ok;2;1;0.353;
1803;3.179348309;41.89272628;0.00625;False;ok;20;1;0.539;
1804;3.160598309;41.89897628;0.0125;False;ok;1;1;0.446;
1805;3.173098309;41.89897628;0.0125;False;ok;1;1;0.422;
1806;3.135598309;41.91147628;0.025;False;ok;9;1;0.447;
1807;3.160598309;41.91147628;0.025;False;ok;28;1;0.848;
1808;3.085598309;41.93647628;0.05;False;ok;24;1;0.639;
1809;3.135598309;41.93647628;0.05;False;ok;72;1;0.732;
1810;3.185598309;41.88647628;0.00625;False;ok;42;1;0.547;
1811;3.191848309;41.88647628;0.00625;False;ok;1;1;0.483;
1812;3.185598309;41.89272628;0.00625;False;ok;36;1;0.549;
1813;3.191848309;41.89272628;0.00625;False;ok;51;1;0.642;
1814;3.198098309;41.88647628;0.0125;False;ok;14;1;0.433;
1815;3.185598309;41.89897628;0.0125;False;ok;1;1;0.452;
1816;3.198098309;41.89897628;0.0125;False;ok;12;1;0.500;
1817;3.185598309;41.91147628;0.0125;False;ok;1;1;0.426;
1818;3.198098309;41.91147628;0.00625;False;ok;3;1;1.071;
1819;3.204348309;41.91147628;0.00625;False;ok;11;1;0.520;
1820;3.198098309;41.91772628;0.00625;False;ok;5;1;0.413;
1821;3.204348309;41.91772628;0.00625;False;ok;54;1;0.646;
1822;3.185598309;41.92397628;0.0125;False;ok;6;1;0.448;
1823;3.198098309;41.92397628;0.0125;False;ok;24;1;0.528;
1824;3.210598309;41.91147628;0.025;False;ok;34;1;0.522;
1825;3.185598309;41.93647628;0.0125;False;ok;22;1;0.468;
1826;3.198098309;41.93647628;0.0125;False;ok;26;1;0.546;
1827;3.198098309;41.94897628;0.00625;False;ok;5;1;0.429;
1828;3.204348309;41.94897628;0.00625;False;ok;35;1;0.521;
1829;3.198098309;41.95522628;0.00625;False;ok;9;1;0.438;
1830;3.204348309;41.95522628;0.00625;False;ok;34;1;0.501;
1831;3.210598309;41.93647628;0.0125;False;ok;19;1;0.506;
1832;3.210598309;41.94897628;0.0125;False;ok;11;1;0.411;
1833;3.223098309;41.94897628;0.0125;False;ok;55;1;0.490;
1834;3.198098309;41.96147628;0.0125;False;ok;72;1;0.632;
1835;3.185598309;41.97397628;0.0125;False;ok;36;1;0.493;
1836;3.198098309;41.97397628;0.0125;False;ok;74;1;0.614;
1837;3.210598309;41.96147628;0.025;False;ok;47;1;0.475;
1838;-2.514401691;41.98647628;0.1;False;ok;0;1;1.134;
1839;-2.414401691;41.98647628;0.1;False;ok;3;1;0.385;
1840;-2.014401691;41.98647628;0.1;False;ok;6;1;0.459;
1841;-1.914401691;41.98647628;0.1;False;ok;4;1;0.521;
1842;-1.814401691;41.98647628;0.1;False;ok;2;1;0.505;
1843;-1.714401691;41.98647628;0.1;False;ok;10;1;0.520;
1844;-1.614401691;41.98647628;0.1;False;ok;75;1;0.693;
1845;-1.414401691;41.98647628;0.1;False;ok;1;1;0.406;
1846;-0.914401691;41.98647628;0.1;False;ok;0;1;1.155;
1847;-0.314401691;41.98647628;0.1;False;ok;1;1;0.415;
1848;-0.114401691;41.98647628;0.1;False;ok;1;1;0.416;
1849;-0.014401691;41.98647628;0.1;False;ok;2;1;0.394;
1850;0.085598309;41.98647628;0.1;False;ok;19;1;0.498;
1851;0.185598309;41.98647628;0.1;False;ok;2;1;0.413;
1852;0.285598309;41.98647628;0.1;False;ok;1;1;0.349;
1853;0.385598309;41.98647628;0.1;False;ok;1;1;0.439;
1854;0.485598309;41.98647628;0.1;False;ok;2;1;0.537;
1855;0.685598309;41.98647628;0.1;False;ok;24;1;0.554;
1856;0.785598309;41.98647628;0.1;False;ok;9;1;1.005;
1857;0.885598309;41.98647628;0.1;False;ok;7;1;0.507;
1858;0.985598309;41.98647628;0.1;False;ok;4;1;0.407;
1859;1.085598309;41.98647628;0.1;False;ok;4;1;0.513;
1860;1.185598309;41.98647628;0.1;False;ok;8;1;0.403;
1861;1.285598309;41.98647628;0.1;False;ok;12;1;0.455;
1862;1.385598309;41.98647628;0.1;False;ok;3;1;0.458;
1863;1.485598309;41.98647628;0.1;False;ok;26;1;0.580;
1864;1.585598309;41.98647628;0.1;False;ok;3;1;0.465;
1865;1.685598309;41.98647628;0.1;False;ok;6;1;0.553;
1866;1.785598309;41.98647628;0.1;False;ok;38;1;0.580;
1867;1.885598309;41.98647628;0.1;False;ok;16;1;0.394;
1868;1.985598309;41.98647628;0.1;False;ok;4;1;0.349;
1869;2.085598309;41.98647628;0.1;False;ok;15;1;0.471;
1870;2.185598309;41.98647628;0.1;False;ok;4;1;0.474;
1871;2.285598309;41.98647628;0.1;False;ok;16;1;0.458;
1872;2.385598309;41.98647628;0.1;False;ok;14;1;0.510;
1873;2.485598309;41.98647628;0.1;False;ok;32;1;0.572;
1874;2.585598309;41.98647628;0.1;False;ok;17;1;0.545;
1875;2.685598309;41.98647628;0.1;False;ok;18;1;0.684;
1876;2.785598309;41.98647628;0.1;False;ok;74;1;0.668;
1877;2.885598309;41.98647628;0.1;False;ok;35;1;0.490;
1878;2.985598309;41.98647628;0.1;False;ok;50;1;0.660;
1879;3.085598309;41.98647628;0.05;False;ok;15;1;0.481;
1880;3.135598309;41.98647628;0.05;False;ok;10;1;0.489;
1881;3.085598309;42.03647628;0.05;False;ok;28;1;0.516;
1882;3.135598309;42.03647628;0.025;False;ok;35;1;0.550;
1883;3.160598309;42.03647628;0.025;False;ok;75;1;0.720;
1884;3.185598309;41.98647628;0.0125;False;ok;75;1;0.756;
1885;3.198098309;41.98647628;0.0125;False;ok;8;1;0.497;
1886;3.185598309;41.99897628;0.0125;False;ok;73;1;0.630;
1887;3.185598309;42.01147628;0.025;False;ok;0;1;1.119;
1888;3.185598309;42.03647628;0.0125;False;ok;75;1;0.711;
1889;3.185598309;42.04897628;0.003125;False;ok;21;1;0.525;
1890;3.188723309;42.04897628;0.003125;False;ok;73;1;0.683;
1891;3.185598309;42.05210128;0.003125;False;ok;1;1;0.448;
1892;3.191848309;42.04897628;0.003125;False;ok;53;1;0.607;
1893;3.194973309;42.04897628;0.003125;False;ok;73;1;0.646;
1894;3.191848309;42.05210128;0.003125;False;ok;18;1;0.613;
1895;3.194973309;42.05210128;0.003125;False;ok;41;1;0.593;
1896;3.191848309;42.05522628;0.00625;False;ok;13;1;0.544;
1897;3.198098309;42.04897628;0.0125;False;ok;75;1;0.583;
1898;-2.514401691;42.08647628;0.1;False;ok;0;1;1.207;
1899;-2.414401691;42.08647628;0.1;False;ok;5;1;0.541;
1900;-2.314401691;42.08647628;0.1;False;ok;6;1;0.565;
1901;-2.214401691;42.08647628;0.1;False;ok;6;1;0.409;
1902;-2.114401691;42.08647628;0.1;False;ok;3;1;0.452;
1903;-2.014401691;42.08647628;0.1;False;ok;2;1;0.467;
1904;-1.814401691;42.08647628;0.1;False;ok;15;1;0.511;
1905;-1.714401691;42.08647628;0.1;False;ok;5;1;0.620;
1906;-1.614401691;42.08647628;0.1;False;ok;24;1;0.491;
1907;-1.214401691;42.08647628;0.1;False;ok;1;1;0.475;
1908;-1.014401691;42.08647628;0.1;False;ok;0;1;1.172;
1909;-0.814401691;42.08647628;0.1;False;ok;1;1;0.470;
1910;-0.714401691;42.08647628;0.1;False;ok;3;1;0.438;
1911;-0.614401691;42.08647628;0.1;False;ok;1;1;0.462;
1912;-0.414401691;42.08647628;0.1;False;ok;48;1;0.660;
1913;-0.314401691;42.08647628;0.1;False;ok;3;1;0.543;
1914;-0.214401691;42.08647628;0.1;False;ok;4;1;0.578;
1915;-0.114401691;42.08647628;0.1;False;ok;15;1;0.471;
1916;-0.014401691;42.08647628;0.1;False;ok;66;1;0.502;
1917;0.085598309;42.08647628;0.1;False;ok;1;1;0.434;
1918;0.185598309;42.08647628;0.1;False;ok;5;1;0.639;
1919;0.285598309;42.08647628;0.1;False;ok;9;1;0.560;
1920;0.385598309;42.08647628;0.1;False;ok;8;1;0.461;
1921;0.485598309;42.08647628;0.1;False;ok;4;1;0.589;
1922;0.685598309;42.08647628;0.1;False;ok;1;1;0.519;
1923;0.785598309;42.08647628;0.1;False;ok;5;1;0.546;
1924;0.885598309;42.08647628;0.1;False;ok;43;1;0.485;
1925;0.985598309;42.08647628;0.1;False;ok;10;1;0.561;
1926;1.085598309;42.08647628;0.1;False;ok;2;1;0.461;
1927;1.185598309;42.08647628;0.1;False;ok;3;1;0.476;
1928;1.285598309;42.08647628;0.1;False;ok;6;1;0.440;
1929;1.385598309;42.08647628;0.1;False;ok;9;1;0.411;
1930;1.485598309;42.08647628;0.1;False;ok;15;1;0.466;
1931;1.585598309;42.08647628;0.1;False;ok;29;1;0.513;
1932;1.685598309;42.08647628;0.1;False;ok;0;1;1.123;
1933;1.785598309;42.08647628;0.1;False;ok;36;1;0.669;
1934;1.885598309;42.08647628;0.1;False;ok;3;1;0.419;
1935;1.985598309;42.08647628;0.1;False;ok;12;1;0.530;
1936;2.085598309;42.08647628;0.1;False;ok;10;1;0.432;
1937;2.185598309;42.08647628;0.1;False;ok;15;1;0.464;
1938;2.285598309;42.08647628;0.1;False;ok;5;1;0.434;
1939;2.385598309;42.08647628;0.1;False;ok;58;1;0.629;
1940;2.485598309;42.08647628;0.1;False;ok;54;1;0.583;
1941;2.585598309;42.08647628;0.1;False;ok;15;1;0.539;
1942;2.685598309;42.08647628;0.1;False;ok;63;1;0.602;
1943;2.785598309;42.08647628;0.1;False;ok;22;1;0.524;
1944;2.885598309;42.08647628;0.1;False;ok;38;1;0.601;
1945;2.985598309;42.08647628;0.1;False;ok;54;1;0.587;
1946;3.085598309;42.08647628;0.025;False;ok;1;1;0.348;
1947;3.110598309;42.08647628;0.025;False;ok;47;1;0.535;
1948;3.110598309;42.11147628;0.0125;False;ok;11;1;0.420;
1949;3.123098309;42.11147628;0.0125;False;ok;75;1;0.855;
1950;3.110598309;42.12397628;0.0125;False;ok;9;1;0.477;
1951;3.123098309;42.12397628;0.0125;False;ok;74;1;0.763;
1952;3.135598309;42.09897628;0.0125;False;ok;74;1;0.693;
1953;3.148098309;42.09897628;0.0125;False;ok;68;1;0.631;
1954;3.160598309;42.08647628;0.025;False;ok;45;1;0.750;
1955;3.135598309;42.11147628;0.0125;False;ok;74;1;0.693;
1956;3.148098309;42.11147628;0.0125;False;ok;51;1;0.651;
1957;3.135598309;42.12397628;0.0125;False;ok;19;1;0.601;
1958;3.160598309;42.11147628;0.025;False;ok;12;1;0.482;
1959;3.085598309;42.13647628;0.05;False;ok;74;1;0.627;
1960;-2.514401691;42.18647628;0.1;False;ok;7;1;0.435;
1961;-2.314401691;42.18647628;0.1;False;ok;29;1;0.560;
1962;-2.214401691;42.18647628;0.1;False;ok;5;1;0.412;
1963;-2.114401691;42.18647628;0.1;False;ok;10;1;0.549;
1964;-2.014401691;42.18647628;0.1;False;ok;3;1;0.418;
1965;-1.914401691;42.18647628;0.1;False;ok;12;1;0.450;
1966;-1.814401691;42.18647628;0.1;False;ok;11;1;0.422;
1967;-1.714401691;42.18647628;0.1;False;ok;15;1;0.439;
1968;-1.314401691;42.18647628;0.1;False;ok;1;1;0.443;
1969;-1.014401691;42.18647628;0.1;False;ok;4;1;0.373;
1970;-0.814401691;42.18647628;0.1;False;ok;2;1;0.470;
1971;-0.714401691;42.18647628;0.1;False;ok;11;1;0.607;
1972;-0.614401691;42.18647628;0.1;False;ok;4;1;0.578;
1973;-0.514401691;42.18647628;0.1;False;ok;3;1;0.413;
1974;-0.414401691;42.18647628;0.1;False;ok;3;1;0.536;
1975;-0.314401691;42.18647628;0.1;False;ok;4;1;0.488;
1976;-0.214401691;42.18647628;0.1;False;ok;5;1;0.586;
1977;-0.114401691;42.18647628;0.1;False;ok;6;1;0.533;
1978;-0.014401691;42.18647628;0.1;False;ok;2;1;0.667;
1979;0.085598309;42.18647628;0.1;False;ok;5;1;0.457;
1980;0.185598309;42.18647628;0.1;False;ok;4;1;0.431;
1981;0.285598309;42.18647628;0.1;False;ok;20;1;0.498;
1982;0.385598309;42.18647628;0.1;False;ok;2;1;0.439;
1983;0.485598309;42.18647628;0.1;False;ok;3;1;0.462;
1984;0.685598309;42.18647628;0.1;False;ok;9;1;0.541;
1985;0.785598309;42.18647628;0.1;False;ok;1;1;0.459;
1986;0.885598309;42.18647628;0.1;False;ok;29;1;0.698;
1987;0.985598309;42.18647628;0.1;False;ok;10;1;0.704;
1988;1.185598309;42.18647628;0.1;False;ok;2;1;0.361;
1989;1.285598309;42.18647628;0.1;False;ok;9;1;0.540;
1990;1.385598309;42.18647628;0.1;False;ok;1;1;0.397;
1991;1.485598309;42.18647628;0.1;False;ok;8;1;0.711;
1992;1.585598309;42.18647628;0.1;False;ok;3;1;0.465;
1993;1.685598309;42.18647628;0.1;False;ok;12;1;0.471;
1994;1.785598309;42.18647628;0.1;False;ok;42;1;0.695;
1995;1.885598309;42.18647628;0.1;False;ok;20;1;0.721;
1996;1.985598309;42.18647628;0.1;False;ok;13;1;0.471;
1997;2.085598309;42.18647628;0.1;False;ok;22;1;0.687;
1998;2.185598309;42.18647628;0.1;False;ok;42;1;0.552;
1999;2.285598309;42.18647628;0.1;False;ok;50;1;0.565;
2000;2.385598309;42.18647628;0.1;False;ok;26;1;0.448;
2001;2.485598309;42.18647628;0.1;False;ok;39;1;0.700;
2002;2.585598309;42.18647628;0.1;False;ok;31;1;0.513;
2003;2.685598309;42.18647628;0.1;False;ok;61;1;0.496;
2004;2.785598309;42.18647628;0.1;False;ok;37;1;0.617;
2005;2.885598309;42.18647628;0.1;False;ok;74;1;0.706;
2006;2.985598309;42.18647628;0.1;False;ok;75;1;0.658;
2007;3.085598309;42.18647628;0.05;False;ok;7;1;0.421;
2008;3.098098309;42.23647628;0.0125;False;ok;15;1;0.505;
2009;3.098098309;42.24897628;0.0125;False;ok;75;1;0.748;
2010;3.110598309;42.23647628;0.00625;False;ok;0;1;1.091;
2011;3.116848309;42.23647628;0.00625;False;ok;70;1;0.714;
2012;3.110598309;42.24272628;0.00625;False;ok;43;1;0.523;
2013;3.116848309;42.24272628;0.00625;False;ok;69;1;0.585;
2014;3.123098309;42.23647628;0.0015625;False;ok;20;1;0.573;
2015;3.124660809;42.23647628;0.0015625;False;ok;0;1;1.107;
2016;3.123098309;42.23803878;0.0015625;False;ok;75;1;0.689;
2017;3.124660809;42.23803878;0.0015625;False;ok;29;1;0.512;
2018;3.123098309;42.23960128;0.003125;False;ok;74;1;0.660;
2019;3.126223309;42.23960128;0.003125;False;ok;28;1;0.510;
2020;3.123098309;42.24272628;0.003125;False;ok;14;1;0.471;
2021;3.126223309;42.24272628;0.003125;False;ok;74;1;0.582;
2022;3.123098309;42.24585128;0.003125;False;ok;26;1;0.548;
2023;3.126223309;42.24585128;0.003125;False;ok;54;1;0.791;
2024;3.129348309;42.24272628;0.00625;False;ok;64;1;0.565;
2025;3.110598309;42.24897628;0.0125;False;ok;73;1;0.613;
2026;3.123098309;42.24897628;0.0125;False;ok;75;1;0.663;
2027;3.085598309;42.26147628;0.025;False;ok;9;1;0.492;
2028;3.135598309;42.23647628;0.025;False;ok;47;1;0.589;
2029;3.173098309;42.23647628;0.0125;False;ok;38;1;0.441;
2030;3.179348309;42.24897628;0.00625;False;ok;38;1;0.506;
2031;3.173098309;42.25522628;0.00625;False;ok;28;1;0.429;
2032;3.179348309;42.25522628;0.003125;False;ok;28;1;0.491;
2033;3.182473309;42.25522628;0.003125;False;ok;42;1;0.496;
2034;3.179348309;42.25835128;0.003125;False;ok;46;1;0.554;
2035;3.182473309;42.25835128;0.003125;False;ok;26;1;0.473;
2036;3.135598309;42.26147628;0.00625;False;ok;9;1;0.478;
2037;3.141848309;42.26147628;0.00625;False;ok;75;1;0.584;
2038;3.135598309;42.26772628;0.00625;False;ok;74;1;0.619;
2039;3.141848309;42.26772628;0.00625;False;ok;73;1;0.676;
2040;3.148098309;42.26147628;0.003125;False;ok;48;1;0.550;
2041;3.151223309;42.26147628;0.003125;False;ok;75;1;0.732;
2042;3.148098309;42.26460128;0.003125;False;ok;41;1;0.513;
2043;3.151223309;42.26460128;0.003125;False;ok;28;1;0.438;
2044;3.154348309;42.26147628;0.003125;False;ok;75;1;0.735;
2045;3.157473309;42.26147628;0.003125;False;ok;25;1;0.459;
2046;3.154348309;42.26460128;0.003125;False;ok;12;1;0.473;
2047;3.157473309;42.26460128;0.003125;False;ok;29;1;0.599;
2048;3.148098309;42.26772628;0.00625;False;ok;1;1;0.393;
2049;3.154348309;42.26772628;0.00625;False;ok;2;1;0.406;
2050;3.135598309;42.27397628;0.0125;False;ok;4;1;0.489;
2051;3.148098309;42.27397628;0.0125;False;ok;2;1;0.460;
2052;3.160598309;42.26147628;0.003125;False;ok;5;1;0.408;
2053;3.160598309;42.26460128;0.003125;False;ok;75;1;0.569;
2054;3.163723309;42.26460128;0.003125;False;ok;43;1;0.490;
2055;3.166848309;42.26147628;0.00625;False;ok;22;1;0.482;
2056;3.160598309;42.26772628;0.00625;False;ok;8;1;0.454;
2057;3.173098309;42.26147628;0.00625;False;ok;75;1;0.654;
2058;3.179348309;42.26147628;0.00625;False;ok;43;1;0.574;
2059;3.173098309;42.26772628;0.00625;False;ok;0;1;1.169;
2060;3.179348309;42.26772628;0.00625;False;ok;5;1;0.446;
2061;3.160598309;42.27397628;0.0125;False;ok;14;1;0.450;
2062;3.185598309;42.24272628;0.00625;False;ok;74;1;0.668;
2063;3.191848309;42.24272628;0.00625;False;ok;72;1;0.607;
2064;3.198098309;42.23647628;0.0125;False;ok;75;1;0.719;
2065;3.185598309;42.24897628;0.0125;False;ok;74;1;0.654;
2066;3.198098309;42.24897628;0.0125;False;ok;7;1;0.398;
2067;3.210598309;42.23647628;0.025;False;ok;9;1;0.487;
2068;3.185598309;42.26147628;0.025;False;ok;22;1;0.426;
2069;3.235598309;42.23647628;0.05;False;ok;12;1;0.500;
2070;3.285598309;42.18647628;0.1;False;ok;7;1;0.381;
2071;-2.514401691;42.28647628;0.1;False;ok;12;1;0.466;
2072;-2.314401691;42.28647628;0.1;False;ok;2;1;0.458;
2073;-2.214401691;42.28647628;0.1;False;ok;5;1;0.427;
2074;-2.014401691;42.28647628;0.1;False;ok;15;1;0.466;
2075;-1.914401691;42.28647628;0.1;False;ok;3;1;0.444;
2076;-1.814401691;42.28647628;0.1;False;ok;3;1;0.430;
2077;-1.714401691;42.28647628;0.1;False;ok;1;1;0.435;
2078;-1.614401691;42.28647628;0.1;False;ok;5;1;0.377;
2079;-1.514401691;42.28647628;0.1;False;ok;2;1;0.402;
2080;-1.414401691;42.28647628;0.1;False;ok;2;1;0.441;
2081;-1.214401691;42.28647628;0.1;False;ok;3;1;0.448;
2082;-1.114401691;42.28647628;0.1;False;ok;0;1;1.172;
2083;-0.814401691;42.28647628;0.1;False;ok;24;1;0.498;
2084;-0.714401691;42.28647628;0.1;False;ok;6;1;0.447;
2085;-0.614401691;42.28647628;0.1;False;ok;0;1;1.121;
2086;-0.514401691;42.28647628;0.1;False;ok;6;1;0.389;
2087;-0.414401691;42.28647628;0.1;False;ok;0;1;1.196;
2088;-0.314401691;42.28647628;0.1;False;ok;3;1;0.501;
2089;-0.014401691;42.28647628;0.1;False;ok;2;1;0.370;
2090;0.085598309;42.28647628;0.1;False;ok;12;1;0.412;
2091;0.185598309;42.28647628;0.1;False;ok;12;1;0.439;
2092;0.285598309;42.28647628;0.1;False;ok;3;1;0.446;
2093;0.385598309;42.28647628;0.1;False;ok;2;1;0.531;
2094;0.485598309;42.28647628;0.1;False;ok;19;1;0.430;
2095;0.585598309;42.28647628;0.1;False;ok;1;1;0.377;
2096;0.685598309;42.28647628;0.1;False;ok;3;1;0.387;
2097;0.785598309;42.28647628;0.1;False;ok;4;1;0.388;
2098;0.885598309;42.28647628;0.1;False;ok;9;1;0.485;
2099;0.985598309;42.28647628;0.1;False;ok;16;1;0.552;
2100;1.085598309;42.28647628;0.1;False;ok;7;1;0.528;
2101;1.185598309;42.28647628;0.1;False;ok;7;1;0.494;
2102;1.285598309;42.28647628;0.1;False;ok;9;1;0.434;
2103;1.385598309;42.28647628;0.1;False;ok;46;1;0.530;
2104;1.485598309;42.28647628;0.1;False;ok;10;1;0.549;
2105;1.585598309;42.28647628;0.1;False;ok;14;1;0.611;
2106;1.685598309;42.28647628;0.1;False;ok;50;1;0.641;
2107;1.785598309;42.28647628;0.1;False;ok;46;1;0.606;
2108;1.885598309;42.28647628;0.1;False;ok;75;1;0.702;
2109;1.985598309;42.28647628;0.1;False;ok;11;1;0.467;
2110;2.085598309;42.28647628;0.1;False;ok;74;1;0.733;
2111;2.185598309;42.28647628;0.1;False;ok;8;1;0.474;
2112;2.285598309;42.28647628;0.1;False;ok;75;1;0.620;
2113;2.385598309;42.28647628;0.1;False;ok;42;1;0.629;
2114;2.685598309;42.28647628;0.1;False;ok;14;1;0.564;
2115;2.785598309;42.28647628;0.1;False;ok;24;1;0.575;
2116;2.885598309;42.28647628;0.1;False;ok;27;1;0.462;
2117;2.985598309;42.28647628;0.1;False;ok;54;1;0.645;
2118;3.085598309;42.28647628;0.05;False;ok;19;1;0.469;
2119;3.135598309;42.28647628;0.05;False;ok;70;1;0.624;
2120;3.085598309;42.33647628;0.05;False;ok;1;1;0.395;
2121;3.135598309;42.33647628;0.025;False;ok;3;1;0.353;
2122;3.160598309;42.33647628;0.025;False;ok;75;1;0.653;
2123;3.135598309;42.36147628;0.025;False;ok;75;1;0.685;
2124;3.160598309;42.36147628;0.025;False;ok;73;1;0.628;
2125;3.185598309;42.28647628;0.05;False;ok;43;1;0.556;
2126;3.235598309;42.28647628;0.05;False;ok;74;1;0.747;
2127;3.185598309;42.33647628;0.05;False;ok;44;1;0.679;
2128;3.285598309;42.28647628;0.1;False;ok;6;1;0.488;
2129;-2.514401691;42.38647628;0.05;False;ok;4;1;0.498;
2130;-2.464401691;42.38647628;0.05;False;ok;16;1;0.588;
2131;-2.514401691;42.43647628;0.05;False;ok;7;1;0.426;
2132;-2.464401691;42.43647628;0.025;False;ok;50;1;0.799;
2133;-2.439401691;42.43647628;0.025;False;ok;10;1;0.646;
2134;-2.464401691;42.46147628;0.0125;False;ok;47;1;0.710;
2135;-2.451901691;42.46147628;0.00625;False;ok;74;1;0.801;
2136;-2.445651691;42.46147628;0.00625;False;ok;74;1;0.595;
2137;-2.451901691;42.46772628;0.00625;False;ok;14;1;0.674;
2138;-2.445651691;42.46772628;0.00625;False;ok;17;1;0.519;
2139;-2.451901691;42.47397628;0.0125;False;ok;3;1;0.466;
2140;-2.439401691;42.46147628;0.025;False;ok;55;1;0.579;
2141;-2.414401691;42.38647628;0.1;False;ok;7;1;0.533;
2142;-2.314401691;42.38647628;0.1;False;ok;4;1;0.595;
2143;-2.214401691;42.38647628;0.1;False;ok;4;1;0.523;
2144;-2.114401691;42.38647628;0.1;False;ok;2;1;0.417;
2145;-2.014401691;42.38647628;0.1;False;ok;5;1;0.400;
2146;-1.914401691;42.38647628;0.1;False;ok;3;1;0.381;
2147;-1.814401691;42.38647628;0.1;False;ok;0;1;1.160;
2148;-1.714401691;42.38647628;0.1;False;ok;32;1;0.591;
2149;-1.514401691;42.38647628;0.1;False;ok;2;1;0.458;
2150;-1.114401691;42.38647628;0.1;False;ok;2;1;0.418;
2151;-1.014401691;42.38647628;0.1;False;ok;3;1;0.366;
2152;-0.814401691;42.38647628;0.1;False;ok;0;1;1.215;
2153;-0.714401691;42.38647628;0.1;False;ok;1;1;0.357;
2154;-0.314401691;42.38647628;0.1;False;ok;2;1;0.388;
2155;-0.214401691;42.38647628;0.1;False;ok;1;1;0.447;
2156;-0.114401691;42.38647628;0.1;False;ok;7;1;0.408;
2157;-0.014401691;42.38647628;0.1;False;ok;43;1;0.589;
2158;0.085598309;42.38647628;0.1;False;ok;75;1;0.711;
2159;0.185598309;42.38647628;0.1;False;ok;10;1;0.387;
2160;0.285598309;42.38647628;0.1;False;ok;1;1;0.354;
2161;0.385598309;42.38647628;0.1;False;ok;13;1;0.481;
2162;0.485598309;42.38647628;0.1;False;ok;2;1;0.366;
2163;0.585598309;42.38647628;0.1;False;ok;16;1;0.451;
2164;0.685598309;42.38647628;0.1;False;ok;45;1;0.520;
2165;0.885598309;42.38647628;0.1;False;ok;3;1;0.491;
2166;0.985598309;42.38647628;0.1;False;ok;11;1;0.423;
2167;1.085598309;42.38647628;0.1;False;ok;75;1;0.732;
2168;1.185598309;42.38647628;0.1;False;ok;1;1;0.422;
2169;1.285598309;42.38647628;0.1;False;ok;0;1;1.193;
2170;1.385598309;42.38647628;0.1;True;ok;3;1;0.442;
2171;1.485598309;42.38647628;0.1;True;ok;0;1;0.564;
2172;1.585598309;42.38647628;0.1;False;ok;5;1;0.460;
2173;1.685598309;42.38647628;0.1;False;ok;6;1;0.516;
2174;1.785598309;42.38647628;0.1;False;ok;37;1;0.542;
2175;1.885598309;42.38647628;0.05;False;ok;73;1;0.767;
2176;1.935598309;42.38647628;0.05;True;ok;10;1;0.735;
2177;1.885598309;42.43647628;0.05;True;ok;8;1;0.590;
2178;1.935598309;42.43647628;0.05;True;ok;41;1;0.743;
2179;1.985598309;42.38647628;0.1;True;ok;3;1;0.711;
2180;2.085598309;42.38647628;0.1;True;ok;3;1;0.573;
2181;2.685598309;42.38647628;0.1;True;ok;2;1;0.572;
2182;2.785598309;42.38647628;0.1;True;ok;17;1;0.478;
2183;2.885598309;42.38647628;0.1;False;ok;8;1;0.537;
2184;2.985598309;42.38647628;0.1;False;ok;6;1;0.425;
2185;3.135598309;42.38647628;0.05;False;ok;43;1;0.600;
2186;-2.514401691;42.48647628;0.1;False;ok;6;1;0.484;
2187;-2.414401691;42.48647628;0.1;False;ok;17;1;0.536;
2188;-2.314401691;42.48647628;0.1;False;ok;12;1;0.443;
2189;-2.214401691;42.48647628;0.1;False;ok;13;1;0.446;
2190;-2.114401691;42.48647628;0.1;False;ok;0;1;1.108;
2191;-1.914401691;42.48647628;0.1;False;ok;4;1;0.473;
2192;-1.714401691;42.48647628;0.1;False;ok;8;1;0.547;
2193;-1.614401691;42.48647628;0.1;False;ok;5;1;0.440;
2194;-1.514401691;42.48647628;0.1;False;ok;4;1;0.410;
2195;-1.414401691;42.48647628;0.1;False;ok;6;1;0.485;
2196;-1.314401691;42.48647628;0.1;False;ok;10;1;0.487;
2197;-1.214401691;42.48647628;0.1;False;ok;3;1;0.444;
2198;-1.114401691;42.48647628;0.1;False;ok;3;1;0.515;
2199;-1.014401691;42.48647628;0.1;False;ok;1;1;0.394;
2200;-0.814401691;42.48647628;0.1;False;ok;6;1;0.468;
2201;-0.714401691;42.48647628;0.1;False;ok;8;1;0.437;
2202;-0.614401691;42.48647628;0.1;False;ok;74;1;0.620;
2203;-0.514401691;42.48647628;0.1;False;ok;23;1;0.625;
2204;-0.414401691;42.48647628;0.1;False;ok;75;1;0.676;
2205;-0.314401691;42.48647628;0.1;False;ok;1;1;0.415;
2206;-0.214401691;42.48647628;0.1;False;ok;21;1;0.564;
2207;-0.114401691;42.48647628;0.1;False;ok;15;1;0.533;
2208;-0.014401691;42.48647628;0.1;False;ok;5;1;0.447;
2209;0.085598309;42.48647628;0.1;False;ok;36;1;0.591;
2210;0.185598309;42.48647628;0.1;False;ok;12;1;0.541;
2211;0.285598309;42.48647628;0.1;False;ok;8;1;0.500;
2212;0.385598309;42.48647628;0.1;False;ok;45;1;0.569;
2213;0.485598309;42.48647628;0.1;False;ok;23;1;0.732;
2214;0.585598309;42.48647628;0.1;False;ok;3;1;0.365;
2215;0.685598309;42.48647628;0.1;False;ok;6;1;0.423;
2216;0.785598309;42.48647628;0.05;False;ok;42;1;0.598;
2217;0.835598309;42.48647628;0.05;False;ok;73;1;0.589;
2218;0.835598309;42.53647628;0.05;False;ok;3;1;0.511;
2219;0.985598309;42.48647628;0.1;False;ok;4;1;0.488;
2220;1.085598309;42.48647628;0.1;False;ok;38;1;0.499;
2221;1.185598309;42.48647628;0.1;False;ok;31;1;0.605;
2222;1.285598309;42.48647628;0.1;False;ok;6;1;0.424;
2223;1.685598309;42.48647628;0.05;True;ok;0;1;0.406;
2224;-2.514401691;42.58647628;0.1;False;ok;4;1;0.424;
2225;-2.414401691;42.58647628;0.1;False;ok;8;1;0.471;
2226;-2.314401691;42.58647628;0.1;False;ok;5;1;0.459;
2227;-2.214401691;42.58647628;0.1;False;ok;5;1;0.473;
2228;-2.114401691;42.58647628;0.1;False;ok;63;1;0.771;
2229;-2.014401691;42.58647628;0.1;False;ok;12;1;0.612;
2230;-1.914401691;42.58647628;0.1;False;ok;13;1;0.485;
2231;-1.814401691;42.58647628;0.1;False;ok;19;1;0.641;
2232;-1.714401691;42.58647628;0.1;False;ok;8;1;0.447;
2233;-1.614401691;42.58647628;0.1;False;ok;4;1;0.782;
2234;-1.414401691;42.58647628;0.1;False;ok;1;1;0.410;
2235;-1.314401691;42.58647628;0.1;False;ok;6;1;0.732;
2236;-1.214401691;42.58647628;0.1;False;ok;3;1;0.511;
2237;-1.014401691;42.58647628;0.1;False;ok;2;1;0.340;
2238;-0.914401691;42.58647628;0.1;False;ok;3;1;0.414;
2239;-0.814401691;42.58647628;0.1;False;ok;1;1;0.451;
2240;-0.714401691;42.58647628;0.1;False;ok;7;1;0.509;
2241;-0.614401691;42.58647628;0.1;False;ok;75;1;0.686;
2242;-0.414401691;42.58647628;0.1;False;ok;72;1;0.651;
2243;-0.314401691;42.58647628;0.1;False;ok;22;1;0.553;
2244;-0.214401691;42.58647628;0.1;False;ok;47;1;0.682;
2245;-0.114401691;42.58647628;0.1;False;ok;36;1;0.511;
2246;-0.014401691;42.58647628;0.1;False;ok;1;1;0.506;
2247;0.085598309;42.58647628;0.1;False;ok;2;1;0.426;
2248;0.185598309;42.58647628;0.1;False;ok;34;1;0.520;
2249;0.285598309;42.58647628;0.1;False;ok;18;1;0.557;
2250;0.485598309;42.58647628;0.025;False;ok;43;1;0.738;
2251;0.510598309;42.58647628;0.0125;False;ok;2;1;0.467;
2252;0.510598309;42.59897628;0.0125;False;ok;75;1;0.854;
2253;0.523098309;42.59897628;0.0125;False;ok;75;1;0.703;
2254;0.535598309;42.58647628;0.05;False;ok;67;1;0.894;
2255;0.535598309;42.63647628;0.05;False;ok;1;1;0.364;
2256;0.685598309;42.58647628;0.1;False;ok;0;1;1.146;
2257;0.885598309;42.58647628;0.1;False;ok;0;1;1.197;
2258;0.985598309;42.58647628;0.1;False;ok;3;1;0.404;
2259;1.085598309;42.58647628;0.1;False;ok;75;1;0.729;
2260;1.185598309;42.58647628;0.1;False;ok;9;1;0.472;
2261;1.285598309;42.58647628;0.1;False;ok;9;1;0.476;
2262;-2.514401691;42.68647628;0.1;False;ok;4;1;0.448;
2263;-2.414401691;42.68647628;0.1;False;ok;5;1;0.496;
2264;-2.314401691;42.68647628;0.1;False;ok;6;1;0.471;
2265;-2.214401691;42.68647628;0.1;False;ok;13;1;0.491;
2266;-2.114401691;42.68647628;0.1;False;ok;17;1;0.514;
2267;-2.014401691;42.68647628;0.1;False;ok;16;1;0.450;
2268;-1.914401691;42.68647628;0.1;False;ok;2;1;0.357;
2269;-1.814401691;42.68647628;0.1;False;ok;6;1;0.421;
2270;-1.714401691;42.68647628;0.1;False;ok;9;1;0.533;
2271;-1.514401691;42.68647628;0.1;False;ok;3;1;0.373;
2272;-1.414401691;42.68647628;0.1;False;ok;8;1;0.736;
2273;-1.314401691;42.68647628;0.1;False;ok;2;1;0.413;
2274;-1.014401691;42.68647628;0.1;False;ok;1;1;0.402;
2275;-0.914401691;42.68647628;0.1;False;ok;14;1;0.704;
2276;-0.814401691;42.68647628;0.1;False;ok;10;1;0.461;
2277;-0.714401691;42.68647628;0.1;False;ok;2;1;0.414;
2278;-0.614401691;42.68647628;0.1;False;ok;57;1;0.838;
2279;-0.514401691;42.68647628;0.1;False;ok;2;1;0.516;
2280;-0.414401691;42.68647628;0.1;False;ok;75;1;0.652;
2281;-0.314401691;42.68647628;0.1;False;ok;74;1;0.790;
2282;-0.114401691;42.68647628;0.1;False;ok;1;1;0.325;
2283;0.685598309;42.68647628;0.1;False;ok;39;1;0.600;
2284;0.785598309;42.68647628;0.0125;False;ok;2;1;0.442;
2285;0.798098309;42.68647628;0.0125;False;ok;31;1;0.884;
2286;0.785598309;42.69897628;0.0125;False;ok;75;1;0.924;
2287;0.798098309;42.69897628;0.0125;False;ok;36;1;0.690;
2288;0.810598309;42.68647628;0.025;False;ok;10;1;0.575;
2289;0.785598309;42.71147628;0.025;False;ok;12;1;0.562;
2290;0.835598309;42.68647628;0.05;False;ok;57;1;0.618;
2291;0.885598309;42.68647628;0.025;False;ok;75;1;0.858;
2292;0.932473309;42.69272628;0.003125;False;ok;21;1;0.543;
2293;0.929348309;42.69585128;0.003125;False;ok;10;1;0.471;
2294;0.932473309;42.69585128;0.003125;False;ok;74;1;0.824;
2295;0.910598309;42.69897628;0.0125;False;ok;15;1;0.677;
2296;0.923098309;42.69897628;0.0125;False;ok;43;1;0.489;
2297;0.910598309;42.71147628;0.025;False;ok;16;1;0.702;
2298;0.935598309;42.68647628;0.05;False;ok;61;1;0.636;
2299;0.985598309;42.68647628;0.1;False;ok;1;1;0.410;
2300;1.085598309;42.68647628;0.1;True;ok;0;1;1.174;
2301;-2.414401691;42.78647628;0.1;False;ok;2;1;0.506;
2302;-2.314401691;42.78647628;0.1;False;ok;4;1;0.449;
2303;-2.214401691;42.78647628;0.1;False;ok;4;1;0.400;
2304;-2.114401691;42.78647628;0.1;False;ok;1;1;0.421;
2305;-2.014401691;42.78647628;0.1;False;ok;0;1;1.192;
2306;-1.914401691;42.78647628;0.1;False;ok;5;1;0.439;
2307;-1.814401691;42.78647628;0.1;False;ok;9;1;0.740;
2308;-1.714401691;42.78647628;0.05;False;ok;51;1;0.652;
2309;-1.664401691;42.78647628;0.025;False;ok;52;1;0.640;
2310;-1.639401691;42.78647628;0.025;False;ok;23;1;0.553;
2311;-1.664401691;42.81147628;0.025;False;ok;75;1;0.611;
2312;-1.639401691;42.81147628;0.025;False;ok;22;1;0.458;
2313;-1.714401691;42.83647628;0.05;False;ok;5;1;0.547;
2314;-1.664401691;42.83647628;0.05;False;ok;4;1;0.392;
2315;-1.614401691;42.78647628;0.1;False;ok;23;1;0.564;
2316;-1.514401691;42.78647628;0.1;False;ok;2;1;0.371;
2317;-1.414401691;42.78647628;0.1;False;ok;3;1;0.451;
2318;-1.314401691;42.78647628;0.1;False;ok;1;1;0.323;
2319;-1.114401691;42.78647628;0.1;False;ok;5;1;0.524;
2320;-1.014401691;42.78647628;0.1;False;ok;34;1;0.765;
2321;-0.814401691;42.78647628;0.1;False;ok;1;1;0.454;
2322;-0.614401691;42.78647628;0.1;True;ok;15;1;0.514;
2323;-0.514401691;42.78647628;0.1;True;ok;0;1;1.099;
2324;0.685598309;42.78647628;0.1;True;ok;34;1;0.537;
2325;-2.414401691;42.88647628;0.1;False;ok;6;1;0.529;
2326;-2.314401691;42.88647628;0.1;False;ok;3;1;0.474;
2327;-2.214401691;42.88647628;0.1;False;ok;13;1;0.473;
2328;-2.114401691;42.88647628;0.1;False;ok;9;1;0.526;
2329;-2.014401691;42.88647628;0.1;False;ok;2;1;0.489;
2330;-1.914401691;42.88647628;0.1;False;ok;11;1;0.539;
2331;-1.814401691;42.88647628;0.1;False;ok;14;1;0.534;
2332;-1.714401691;42.88647628;0.1;False;ok;13;1;0.481;
2333;-1.614401691;42.88647628;0.1;False;ok;10;1;0.564;
2334;-1.514401691;42.88647628;0.1;False;ok;24;1;0.527;
2335;-1.414401691;42.88647628;0.1;False;ok;14;1;0.502;
2336;-1.314401691;42.88647628;0.1;False;ok;12;1;0.492;
2337;-1.214401691;42.88647628;0.1;False;ok;7;1;0.514;
2338;-1.114401691;42.88647628;0.1;False;ok;20;1;0.492;
2339;-2.514401691;42.98647628;0.1;False;ok;13;1;0.521;
2340;-2.414401691;42.98647628;0.1;False;ok;7;1;0.717;
2341;-2.314401691;42.98647628;0.1;False;ok;11;1;0.516;
2342;-2.214401691;42.98647628;0.1;False;ok;10;1;0.781;
2343;-2.114401691;42.98647628;0.1;False;ok;1;1;0.376;
2344;-2.014401691;42.98647628;0.1;False;ok;14;1;0.528;
2345;-1.914401691;42.98647628;0.1;False;ok;13;1;0.543;
2346;-1.814401691;42.98647628;0.1;False;ok;5;1;0.465;
2347;-1.714401691;42.98647628;0.1;False;ok;7;1;0.465;
2348;-1.614401691;42.98647628;0.1;False;ok;1;1;0.323;
2349;-1.514401691;42.98647628;0.1;True;ok;1;1;0.355;
2350;-1.414401691;42.98647628;0.1;False;ok;6;1;0.469;
2351;-1.314401691;42.98647628;0.1;False;ok;9;1;0.481;
2352;-2.514401691;43.08647628;0.1;False;ok;7;1;0.519;
2353;-2.414401691;43.08647628;0.1;False;ok;5;1;0.537;
2354;-2.314401691;43.08647628;0.1;False;ok;19;1;0.498;
2355;-2.214401691;43.08647628;0.1;False;ok;7;1;0.489;
2356;-2.114401691;43.08647628;0.1;False;ok;11;1;0.438;
2357;-2.014401691;43.08647628;0.1;False;ok;5;1;0.435;
2358;-1.914401691;43.08647628;0.1;False;ok;3;1;0.383;
2359;-1.814401691;43.08647628;0.1;False;ok;3;1;0.359;
2360;-1.714401691;43.08647628;0.1;False;ok;27;1;0.533;
2361;-1.614401691;43.08647628;0.1;False;ok;56;1;0.503;
2362;-1.514401691;43.08647628;0.1;True;ok;16;1;0.626;
2363;-1.314401691;43.08647628;0.1;True;ok;4;1;0.660;
2364;-2.514401691;43.18647628;0.1;False;ok;15;1;0.471;
2365;-2.414401691;43.18647628;0.1;False;ok;17;1;0.666;
2366;-2.314401691;43.18647628;0.1;False;ok;21;1;0.586;
2367;-2.214401691;43.18647628;0.1;False;ok;75;1;0.681;
2368;-2.114401691;43.18647628;0.1;False;ok;34;1;0.566;
2369;-2.014401691;43.18647628;0.1;False;ok;33;1;0.580;
2370;-1.914401691;43.18647628;0.1;False;ok;7;1;0.469;
2371;-1.814401691;43.18647628;0.1;False;ok;8;1;0.396;
2372;-1.714401691;43.18647628;0.1;True;ok;31;1;0.608;
2373;-1.614401691;43.18647628;0.1;True;ok;9;1;0.471;
2374;-1.514401691;43.18647628;0.1;False;ok;9;1;0.389;
2375;2.785598309;43.18647628;0.1;True;ok;0;1;0.692;
2376;-2.514401691;43.28647628;0.1;False;ok;70;1;0.542;
2377;-2.414401691;43.28647628;0.1;False;ok;20;1;0.480;
2378;-2.314401691;43.28647628;0.1;False;ok;41;1;0.497;
2379;-2.214401691;43.28647628;0.1;False;ok;74;1;0.663;
2380;-2.114401691;43.28647628;0.1;False;ok;30;1;0.545;
2381;-2.014401691;43.28647628;0.025;False;ok;31;1;0.604;
2382;-1.989401691;43.28647628;0.025;False;ok;69;1;0.611;
2383;-2.014401691;43.31147628;0.025;False;ok;68;1;0.638;
2384;-1.989401691;43.31147628;0.00625;False;ok;75;1;0.698;
2385;-1.983151691;43.31147628;0.00625;False;ok;73;1;0.497;
2386;-1.989401691;43.31772628;0.00625;False;ok;75;1;0.579;
2387;-1.983151691;43.31772628;0.003125;False;ok;72;1;0.493;
2388;-1.980026691;43.31772628;0.003125;False;ok;16;1;0.497;
2389;-1.983151691;43.32085128;0.003125;False;ok;36;1;0.498;
2390;-1.980026691;43.32085128;0.003125;False;ok;34;1;0.506;
2391;-1.976901691;43.31147628;0.0125;False;ok;73;1;0.605;
2392;-1.989401691;43.32397628;0.0125;False;ok;43;1;0.628;
2393;-1.976901691;43.32397628;0.0125;False;ok;74;1;0.533;
2394;-1.964401691;43.28647628;0.05;False;ok;42;1;0.661;
2395;-1.914401691;43.28647628;0.1;False;ok;43;1;0.570;
2396;-1.814401691;43.28647628;0.05;False;ok;6;1;0.569;
2397;-1.814401691;43.33647628;0.025;False;ok;18;1;0.538;
2398;-1.789401691;43.33647628;0.025;True;ok;5;1;0.514;
2399;-1.814401691;43.36147628;0.025;False;ok;75;1;0.662;
2400;-1.789401691;43.36147628;0.0125;True;ok;3;1;0.563;
2401;-1.764401691;43.33647628;0.05;True;ok;1;1;0.494;
2402;-1.714401691;43.28647628;0.05;False;ok;1;1;0.331;
2403;-1.614401691;43.28647628;0.1;True;ok;1;1;0.620;
2404;-1.514401691;43.38647628;0.1;True;ok;0;1;0.734;
2405;1.385598309;43.38647628;0.1;True;ok;1;1;0.545;
2406;-7.168057005;38.21713759;0.1;False;ok;1;1;0.457;
2407;-6.768057005;38.21713759;0.1;False;ok;4;1;0.465;
2408;-6.368057005;38.21713759;0.1;False;ok;1;1;0.364;
2409;-6.068057005;38.21713759;0.1;False;ok;5;1;0.530;
2410;-5.968057005;38.21713759;0.1;False;ok;1;1;0.395;
2411;-5.868057005;38.21713759;0.1;False;ok;2;1;0.402;
2412;-5.768057005;38.21713759;0.1;False;ok;0;1;1.094;
2413;-5.668057005;38.21713759;0.1;False;ok;4;1;0.752;
2414;-5.568057005;38.21713759;0.1;False;ok;1;1;0.406;
2415;-5.468057005;38.21713759;0.1;False;ok;7;1;0.421;
2416;-5.368057005;38.21713759;0.1;False;ok;5;1;0.402;
2417;-3.668057005;38.21713759;0.1;False;ok;3;1;0.336;
2418;-3.468057005;38.21713759;0.1;False;ok;2;1;0.399;
2419;-3.268057005;38.21713759;0.1;False;ok;3;1;0.442;
2420;-2.968057005;38.21713759;0.1;False;ok;6;1;0.477;
2421;-2.868057005;38.21713759;0.1;False;ok;5;1;0.497;
2422;-2.768057005;38.21713759;0.1;False;ok;37;1;0.546;
2423;-2.668057005;38.21713759;0.1;False;ok;26;1;0.542;
2424;-2.568057005;38.21713759;0.1;False;ok;1;1;0.374;
2425;-2.468057005;38.21713759;0.1;False;ok;3;1;0.439;
2426;-7.268057005;38.31713759;0.1;False;ok;3;1;0.420;
2427;-7.168057005;38.31713759;0.1;False;ok;2;1;0.366;
2428;-6.868057005;38.31713759;0.1;False;ok;15;1;0.557;
2429;-6.768057005;38.31713759;0.1;False;ok;4;1;0.416;
2430;-6.668057005;38.31713759;0.1;False;ok;0;1;1.109;
2431;-6.468057005;38.31713759;0.1;False;ok;4;1;0.379;
2432;-6.368057005;38.31713759;0.1;False;ok;3;1;0.356;
2433;-6.068057005;38.31713759;0.1;False;ok;2;1;0.433;
2434;-5.968057005;38.31713759;0.1;False;ok;0;1;1.141;
2435;-5.068057005;38.31713759;0.1;False;ok;12;1;0.492;
2436;-4.968057005;38.31713759;0.1;False;ok;4;1;0.472;
2437;-4.868057005;38.31713759;0.1;False;ok;10;1;0.380;
2438;-4.668057005;38.31713759;0.1;False;ok;6;1;0.425;
2439;-4.368057005;38.31713759;0.1;False;ok;5;1;0.652;
2440;-3.568057005;38.31713759;0.1;False;ok;9;1;0.450;
2441;-3.468057005;38.31713759;0.1;False;ok;2;1;0.406;
2442;-3.368057005;38.31713759;0.1;False;ok;1;1;0.406;
2443;-2.868057005;38.31713759;0.1;False;ok;6;1;0.533;
2444;-2.768057005;38.31713759;0.1;False;ok;8;1;0.725;
2445;-2.668057005;38.31713759;0.1;False;ok;31;1;0.730;
2446;-2.568057005;38.31713759;0.1;False;ok;6;1;0.403;
2447;-2.468057005;38.31713759;0.1;False;ok;16;1;0.504;
2448;-2.368057005;38.31713759;0.1;False;ok;17;1;0.468;
2449;-7.368057005;38.41713759;0.1;True;ok;1;1;0.605;
2450;-6.468057005;38.41713759;0.1;False;ok;30;1;0.552;
2451;-6.368057005;38.41713759;0.1;False;ok;0;1;1.155;
2452;-6.268057005;38.41713759;0.1;False;ok;2;1;0.341;
2453;-5.168057005;38.41713759;0.1;False;ok;5;1;0.432;
2454;-4.768057005;38.41713759;0.1;False;ok;1;1;0.360;
2455;-4.368057005;38.41713759;0.1;False;ok;1;1;0.327;
2456;-3.568057005;38.41713759;0.1;False;ok;1;1;0.411;
2457;-2.768057005;38.41713759;0.1;False;ok;0;1;1.178;
2458;-2.668057005;38.41713759;0.1;False;ok;2;1;0.443;
2459;-2.568057005;38.41713759;0.1;False;ok;10;1;0.471;
2460;-2.468057005;38.41713759;0.1;False;ok;74;1;0.621;
2461;-2.368057005;38.41713759;0.1;False;ok;6;1;0.431;
2462;-7.068057005;38.51713759;0.1;False;ok;0;1;1.184;
2463;-6.868057005;38.51713759;0.1;False;ok;4;1;0.472;
2464;-6.668057005;38.51713759;0.1;False;ok;3;1;0.448;
2465;-6.568057005;38.51713759;0.1;False;ok;1;1;0.408;
2466;-6.368057005;38.51713759;0.1;False;ok;9;1;0.443;
2467;-6.268057005;38.51713759;0.1;False;ok;3;1;0.355;
2468;-6.068057005;38.51713759;0.1;False;ok;3;1;0.397;
2469;-4.568057005;38.51713759;0.1;False;ok;0;1;1.170;
2470;-4.168057005;38.51713759;0.1;False;ok;1;1;0.420;
2471;-3.468057005;38.51713759;0.1;False;ok;3;1;0.448;
2472;-3.368057005;38.51713759;0.1;False;ok;0;1;1.128;
2473;-3.068057005;38.51713759;0.1;False;ok;2;1;0.440;
2474;-2.868057005;38.51713759;0.1;False;ok;0;1;1.102;
2475;-2.668057005;38.51713759;0.1;False;ok;1;1;0.404;
2476;-2.568057005;38.51713759;0.1;False;ok;4;1;0.437;
2477;-2.468057005;38.51713759;0.1;False;ok;0;1;1.131;
2478;-2.368057005;38.51713759;0.1;False;ok;2;1;0.324;
2479;-7.168057005;38.61713759;0.1;False;ok;21;1;0.523;
2480;-7.068057005;38.61713759;0.1;False;ok;3;1;0.401;
2481;-6.568057005;38.61713759;0.1;False;ok;1;1;0.439;
2482;-6.468057005;38.61713759;0.1;False;ok;11;1;0.465;
2483;-6.168057005;38.61713759;0.1;False;ok;1;1;0.380;
2484;-5.668057005;38.61713759;0.1;False;ok;4;1;0.415;
2485;-5.268057005;38.61713759;0.1;False;ok;3;1;0.439;
2486;-4.368057005;38.61713759;0.1;False;ok;3;1;0.469;
2487;-4.268057005;38.61713759;0.1;False;ok;3;1;0.448;
2488;-4.168057005;38.61713759;0.1;False;ok;14;1;0.456;
2489;-3.868057005;38.61713759;0.1;False;ok;4;1;0.464;
2490;-3.568057005;38.61713759;0.1;False;ok;2;1;0.529;
2491;-3.468057005;38.61713759;0.1;False;ok;5;1;0.488;
2492;-3.368057005;38.61713759;0.1;False;ok;2;1;0.514;
2493;-3.168057005;38.61713759;0.1;False;ok;1;1;0.389;
2494;-3.068057005;38.61713759;0.1;False;ok;0;1;1.141;
2495;-2.868057005;38.61713759;0.1;False;ok;4;1;0.442;
2496;-2.768057005;38.61713759;0.1;False;ok;2;1;0.410;
2497;-2.668057005;38.61713759;0.1;False;ok;1;1;0.330;
2498;-2.568057005;38.61713759;0.1;False;ok;15;1;0.593;
2499;-2.468057005;38.61713759;0.1;False;ok;1;1;0.397;
2500;-2.368057005;38.61713759;0.1;False;ok;2;1;0.374;
2501;-6.968057005;38.71713759;0.1;False;ok;2;1;0.473;
2502;-6.468057005;38.71713759;0.1;False;ok;2;1;0.473;
2503;-6.268057005;38.71713759;0.1;False;ok;7;1;0.435;
2504;-5.668057005;38.71713759;0.1;False;ok;0;1;1.135;
2505;-4.968057005;38.71713759;0.1;False;ok;2;1;0.505;
2506;-4.868057005;38.71713759;0.1;False;ok;6;1;0.496;
2507;-4.168057005;38.71713759;0.1;False;ok;4;1;0.454;
2508;-3.768057005;38.71713759;0.1;False;ok;2;1;0.494;
2509;-3.468057005;38.71713759;0.1;False;ok;19;1;0.541;
2510;-3.368057005;38.71713759;0.1;False;ok;2;1;0.382;
2511;-3.068057005;38.71713759;0.1;False;ok;24;1;0.523;
2512;-2.968057005;38.71713759;0.1;False;ok;4;1;0.378;
2513;-2.768057005;38.71713759;0.1;False;ok;1;1;0.352;
2514;-2.668057005;38.71713759;0.1;False;ok;1;1;0.408;
2515;-2.468057005;38.71713759;0.1;False;ok;2;1;0.316;
2516;-7.068057005;38.81713759;0.1;False;ok;39;1;0.540;
2517;-6.968057005;38.81713759;0.1;False;ok;10;1;0.489;
2518;-6.768057005;38.81713759;0.1;False;ok;3;1;0.450;
2519;-6.668057005;38.81713759;0.1;False;ok;6;1;0.489;
2520;-6.568057005;38.81713759;0.1;False;ok;0;1;1.124;
2521;-6.468057005;38.81713759;0.1;False;ok;7;1;0.438;
2522;-6.368057005;38.81713759;0.1;False;ok;75;1;0.663;
2523;-6.268057005;38.81713759;0.1;False;ok;6;1;0.453;
2524;-5.868057005;38.81713759;0.1;False;ok;0;1;1.116;
2525;-5.768057005;38.81713759;0.1;False;ok;1;1;0.653;
2526;-5.468057005;38.81713759;0.1;False;ok;4;1;0.475;
2527;-4.168057005;38.81713759;0.1;False;ok;3;1;0.464;
2528;-3.968057005;38.81713759;0.1;False;ok;1;1;0.382;
2529;-3.768057005;38.81713759;0.1;False;ok;73;1;0.737;
2530;-3.668057005;38.81713759;0.1;False;ok;6;1;0.593;
2531;-3.268057005;38.81713759;0.1;False;ok;6;1;0.620;
2532;-3.168057005;38.81713759;0.1;False;ok;2;1;0.524;
2533;-3.068057005;38.81713759;0.1;False;ok;3;1;0.510;
2534;-6.568057005;38.91713759;0.1;False;ok;3;1;0.427;
2535;-6.468057005;38.91713759;0.1;False;ok;1;1;0.404;
2536;-6.368057005;38.91713759;0.1;False;ok;66;1;0.649;
2537;-6.268057005;38.91713759;0.1;False;ok;5;1;0.443;
2538;-6.068057005;38.91713759;0.1;False;ok;5;1;0.466;
2539;-5.968057005;38.91713759;0.1;False;ok;7;1;0.488;
2540;-5.868057005;38.91713759;0.1;False;ok;11;1;0.551;
2541;-5.568057005;38.91713759;0.1;False;ok;8;1;0.446;
2542;-5.268057005;38.91713759;0.1;False;ok;4;1;0.433;
2543;-5.068057005;38.91713759;0.1;False;ok;2;1;0.503;
2544;-4.668057005;38.91713759;0.1;False;ok;0;1;1.144;
2545;-3.968057005;38.91713759;0.1;False;ok;28;1;0.618;
2546;-3.468057005;38.91713759;0.1;False;ok;19;1;0.457;
2547;-3.368057005;38.91713759;0.1;False;ok;4;1;0.491;
2548;-3.268057005;38.91713759;0.1;False;ok;7;1;0.456;
2549;-2.968057005;38.91713759;0.1;False;ok;66;1;0.614;
2550;-2.868057005;38.91713759;0.1;False;ok;42;1;0.535;
2551;-2.768057005;38.91713759;0.1;False;ok;12;1;0.485;
2552;-2.568057005;38.91713759;0.1;False;ok;2;1;0.403;
2553;-2.468057005;38.91713759;0.1;False;ok;0;1;1.132;
2554;-6.768057005;39.01713759;0.1;False;ok;1;1;0.371;
2555;-6.668057005;39.01713759;0.1;False;ok;1;1;0.326;
2556;-6.568057005;39.01713759;0.1;False;ok;1;1;0.402;
2557;-6.368057005;39.01713759;0.1;False;ok;7;1;0.463;
2558;-5.968057005;39.01713759;0.1;False;ok;3;1;0.366;
2559;-5.768057005;39.01713759;0.1;False;ok;1;1;0.422;
2560;-5.568057005;39.01713759;0.1;False;ok;2;1;0.404;
2561;-5.468057005;39.01713759;0.1;False;ok;0;1;1.115;
2562;-5.368057005;39.01713759;0.1;False;ok;3;1;0.362;
2563;-5.268057005;39.01713759;0.1;False;ok;0;1;1.136;
2564;-4.668057005;39.01713759;0.1;False;ok;3;1;0.400;
2565;-4.268057005;39.01713759;0.1;False;ok;3;1;0.387;
2566;-4.068057005;39.01713759;0.1;False;ok;5;1;0.444;
2567;-3.968057005;39.01713759;0.1;False;ok;2;1;0.401;
2568;-3.768057005;39.01713759;0.1;False;ok;1;1;0.358;
2569;-3.668057005;39.01713759;0.1;False;ok;17;1;0.596;
2570;-3.468057005;39.01713759;0.1;False;ok;1;1;0.391;
2571;-3.068057005;39.01713759;0.1;False;ok;1;1;0.399;
2572;-2.568057005;39.01713759;0.1;False;ok;4;1;0.451;
2573;-7.268057005;39.11713759;0.1;True;ok;6;1;0.434;
2574;-7.068057005;39.11713759;0.1;False;ok;1;1;0.483;
2575;-6.468057005;39.11713759;0.1;False;ok;3;1;0.416;
2576;-6.368057005;39.11713759;0.1;False;ok;1;1;0.413;
2577;-6.268057005;39.11713759;0.1;False;ok;9;1;0.489;
2578;-6.168057005;39.11713759;0.1;False;ok;1;1;0.324;
2579;-6.068057005;39.11713759;0.1;False;ok;6;1;0.376;
2580;-5.968057005;39.11713759;0.1;False;ok;4;1;0.430;
2581;-5.668057005;39.11713759;0.1;False;ok;2;1;0.405;
2582;-5.168057005;39.11713759;0.1;False;ok;0;1;1.153;
2583;-5.068057005;39.11713759;0.1;False;ok;12;1;0.462;
2584;-4.968057005;39.11713759;0.1;False;ok;1;1;0.409;
2585;-4.368057005;39.11713759;0.1;False;ok;3;1;0.417;
2586;-4.168057005;39.11713759;0.1;False;ok;0;1;1.086;
2587;-4.068057005;39.11713759;0.1;False;ok;3;1;0.395;
2588;-3.968057005;39.11713759;0.1;False;ok;2;1;0.411;
2589;-3.868057005;39.11713759;0.1;False;ok;0;1;1.120;
2590;-3.768057005;39.11713759;0.1;False;ok;0;1;1.098;
2591;-3.568057005;39.11713759;0.1;False;ok;0;1;1.228;
2592;-3.368057005;39.11713759;0.1;False;ok;1;1;0.392;
2593;-3.168057005;39.11713759;0.1;False;ok;20;1;0.512;
2594;-3.068057005;39.11713759;0.1;False;ok;31;1;0.481;
2595;-7.268057005;39.21713759;0.1;False;ok;9;1;0.483;
2596;-7.068057005;39.21713759;0.1;False;ok;6;1;0.538;
2597;-6.968057005;39.21713759;0.1;False;ok;0;1;1.154;
2598;-6.368057005;39.21713759;0.1;False;ok;1;1;0.513;
2599;-6.268057005;39.21713759;0.1;False;ok;1;1;0.444;
2600;-6.168057005;39.21713759;0.1;False;ok;27;1;0.568;
2601;-5.868057005;39.21713759;0.1;False;ok;2;1;0.493;
2602;-5.768057005;39.21713759;0.1;False;ok;1;1;0.412;
2603;-5.268057005;39.21713759;0.1;False;ok;3;1;0.366;
2604;-5.168057005;39.21713759;0.1;False;ok;2;1;0.553;
2605;-4.568057005;39.21713759;0.1;False;ok;1;1;0.339;
2606;-4.368057005;39.21713759;0.1;False;ok;4;1;0.395;
2607;-4.068057005;39.21713759;0.1;False;ok;1;1;0.418;
2608;-3.968057005;39.21713759;0.1;False;ok;1;1;0.449;
2609;-3.868057005;39.21713759;0.1;False;ok;2;1;0.380;
2610;-3.668057005;39.21713759;0.1;False;ok;4;1;0.419;
2611;-3.468057005;39.21713759;0.1;False;ok;3;1;0.388;
2612;-3.368057005;39.21713759;0.1;False;ok;0;1;1.098;
2613;-3.168057005;39.21713759;0.1;False;ok;2;1;0.421;
2614;-2.868057005;39.21713759;0.1;False;ok;5;1;0.406;
2615;-2.668057005;39.21713759;0.1;False;ok;7;1;0.516;
2616;-2.568057005;39.21713759;0.1;False;ok;2;1;0.432;
2617;-2.468057005;39.21713759;0.1;False;ok;3;1;0.447;
2618;-2.368057005;39.21713759;0.1;False;ok;2;1;0.386;
2619;-7.368057005;39.31713759;0.1;True;ok;9;1;0.573;
2620;-7.268057005;39.31713759;0.1;False;ok;9;1;0.481;
2621;-7.168057005;39.31713759;0.1;False;ok;6;1;0.422;
2622;-6.368057005;39.31713759;0.1;False;ok;3;1;0.416;
2623;-6.268057005;39.31713759;0.1;False;ok;8;1;0.514;
2624;-6.168057005;39.31713759;0.1;False;ok;3;1;0.447;
2625;-6.068057005;39.31713759;0.1;False;ok;6;1;0.460;
2626;-5.868057005;39.31713759;0.1;False;ok;9;1;0.528;
2627;-5.768057005;39.31713759;0.1;False;ok;1;1;0.363;
2628;-5.568057005;39.31713759;0.1;False;ok;3;1;0.689;
2629;-5.468057005;39.31713759;0.1;False;ok;10;1;0.520;
2630;-5.368057005;39.31713759;0.1;False;ok;2;1;0.444;
2631;-5.068057005;39.31713759;0.1;False;ok;1;1;0.383;
2632;-3.968057005;39.31713759;0.1;False;ok;0;1;1.111;
2633;-3.768057005;39.31713759;0.1;False;ok;5;1;0.530;
2634;-3.568057005;39.31713759;0.1;False;ok;7;1;0.445;
2635;-3.368057005;39.31713759;0.1;False;ok;19;1;0.490;
2636;-3.268057005;39.31713759;0.1;False;ok;15;1;0.468;
2637;-3.168057005;39.31713759;0.1;False;ok;14;1;0.430;
2638;-3.068057005;39.31713759;0.1;False;ok;1;1;0.393;
2639;-2.968057005;39.31713759;0.1;False;ok;2;1;0.495;
2640;-2.768057005;39.31713759;0.1;False;ok;2;1;0.422;
2641;-2.668057005;39.31713759;0.1;False;ok;3;1;0.448;
2642;-2.568057005;39.31713759;0.1;False;ok;1;1;0.454;
2643;-2.468057005;39.31713759;0.1;False;ok;8;1;0.468;
2644;-2.368057005;39.31713759;0.1;False;ok;7;1;0.431;
2645;-6.768057005;39.41713759;0.1;False;ok;2;1;0.471;
2646;-6.668057005;39.41713759;0.1;False;ok;4;1;0.374;
2647;-6.568057005;39.41713759;0.1;False;ok;10;1;0.434;
2648;-6.468057005;39.41713759;0.05;False;ok;1;1;0.408;
2649;-6.418057005;39.41713759;0.05;False;ok;5;1;0.389;
2650;-6.418057005;39.46713759;0.025;False;ok;2;1;0.342;
2651;-6.393057005;39.46713759;0.0125;False;ok;7;1;0.431;
2652;-6.380557005;39.46713759;0.00625;False;ok;11;1;0.406;
2653;-6.374307005;39.46713759;0.00625;False;ok;44;1;0.585;
2654;-6.380557005;39.47338759;0.00625;False;ok;20;1;0.513;
2655;-6.374307005;39.47338759;0.00625;False;ok;75;1;0.624;
2656;-6.380557005;39.47963759;0.0125;False;ok;2;1;0.358;
2657;-6.368057005;39.41713759;0.1;False;ok;13;1;0.432;
2658;-6.168057005;39.41713759;0.1;False;ok;3;1;0.451;
2659;-6.068057005;39.41713759;0.1;False;ok;1;1;0.380;
2660;-5.968057005;39.41713759;0.1;False;ok;63;1;0.612;
2661;-5.868057005;39.41713759;0.1;False;ok;1;1;0.554;
2662;-5.768057005;39.41713759;0.1;False;ok;1;1;0.500;
2663;-5.468057005;39.41713759;0.1;False;ok;2;1;0.347;
2664;-5.368057005;39.41713759;0.1;False;ok;20;1;0.493;
2665;-5.268057005;39.41713759;0.1;False;ok;4;1;0.370;
2666;-4.568057005;39.41713759;0.1;False;ok;7;1;0.606;
2667;-4.468057005;39.41713759;0.1;False;ok;5;1;0.414;
2668;-3.968057005;39.41713759;0.1;False;ok;0;1;1.142;
2669;-3.768057005;39.41713759;0.1;False;ok;1;1;0.363;
2670;-3.668057005;39.41713759;0.1;False;ok;27;1;0.601;
2671;-3.568057005;39.41713759;0.1;False;ok;8;1;0.543;
2672;-3.468057005;39.41713759;0.1;False;ok;5;1;0.544;
2673;-3.368057005;39.41713759;0.1;False;ok;4;1;0.406;
2674;-3.068057005;39.41713759;0.1;False;ok;7;1;0.456;
2675;-2.968057005;39.41713759;0.1;False;ok;18;1;0.496;
2676;-2.768057005;39.41713759;0.1;False;ok;2;1;0.408;
2677;-2.368057005;39.41713759;0.1;False;ok;2;1;0.411;
2678;-7.268057005;39.51713759;0.1;False;ok;0;1;1.149;
2679;-7.068057005;39.51713759;0.1;False;ok;2;1;0.439;
2680;-6.768057005;39.51713759;0.1;False;ok;2;1;0.405;
2681;-6.568057005;39.51713759;0.1;False;ok;1;1;0.361;
2682;-6.468057005;39.51713759;0.1;False;ok;7;1;0.480;
2683;-5.968057005;39.51713759;0.1;False;ok;4;1;0.465;
2684;-5.568057005;39.51713759;0.1;False;ok;4;1;0.466;
2685;-5.368057005;39.51713759;0.1;False;ok;1;1;0.378;
2686;-5.168057005;39.51713759;0.1;False;ok;2;1;0.336;
2687;-4.768057005;39.51713759;0.1;False;ok;1;1;0.420;
2688;-4.568057005;39.51713759;0.1;False;ok;3;1;0.483;
2689;-4.368057005;39.51713759;0.1;False;ok;11;1;0.619;
2690;-4.268057005;39.51713759;0.1;False;ok;4;1;0.393;
2691;-4.068057005;39.51713759;0.1;False;ok;0;1;1.150;
2692;-3.968057005;39.51713759;0.1;False;ok;7;1;0.424;
2693;-3.568057005;39.51713759;0.1;False;ok;1;1;0.401;
2694;-3.368057005;39.51713759;0.1;False;ok;4;1;0.401;
2695;-3.168057005;39.51713759;0.1;False;ok;4;1;0.455;
2696;-3.068057005;39.51713759;0.1;False;ok;3;1;0.422;
2697;-2.868057005;39.51713759;0.1;False;ok;1;1;0.384;
2698;-2.768057005;39.51713759;0.1;False;ok;21;1;0.476;
2699;-2.668057005;39.51713759;0.1;False;ok;1;1;0.424;
2700;-2.468057005;39.51713759;0.1;False;ok;0;1;1.192;
2701;-2.368057005;39.51713759;0.1;False;ok;1;1;0.395;
2702;-7.368057005;39.61713759;0.1;False;ok;0;1;1.117;
2703;-6.968057005;39.61713759;0.1;False;ok;1;1;0.408;
2704;-6.868057005;39.61713759;0.1;False;ok;3;1;0.388;
2705;-6.668057005;39.61713759;0.1;False;ok;1;1;0.336;
2706;-6.568057005;39.61713759;0.1;False;ok;3;1;0.462;
2707;-6.368057005;39.61713759;0.1;False;ok;4;1;0.403;
2708;-5.868057005;39.61713759;0.1;False;ok;1;1;0.417;
2709;-5.568057005;39.61713759;0.1;False;ok;1;1;0.322;
2710;-5.468057005;39.61713759;0.1;False;ok;3;1;0.468;
2711;-5.268057005;39.61713759;0.1;False;ok;4;1;0.479;
2712;-5.168057005;39.61713759;0.1;False;ok;1;1;0.325;
2713;-4.868057005;39.61713759;0.1;False;ok;0;1;1.169;
2714;-4.668057005;39.61713759;0.1;False;ok;14;1;0.501;
2715;-4.568057005;39.61713759;0.1;False;ok;9;1;0.427;
2716;-4.368057005;39.61713759;0.1;False;ok;14;1;0.569;
2717;-4.268057005;39.61713759;0.1;False;ok;12;1;0.480;
2718;-4.168057005;39.61713759;0.1;False;ok;6;1;0.402;
2719;-4.068057005;39.61713759;0.1;False;ok;12;1;0.445;
2720;-3.968057005;39.61713759;0.1;False;ok;13;1;0.417;
2721;-3.868057005;39.61713759;0.1;False;ok;7;1;0.586;
2722;-3.768057005;39.61713759;0.1;False;ok;1;1;0.382;
2723;-3.568057005;39.61713759;0.1;False;ok;3;1;0.379;
2724;-3.368057005;39.61713759;0.1;False;ok;4;1;0.413;
2725;-3.268057005;39.61713759;0.1;False;ok;1;1;0.433;
2726;-2.768057005;39.61713759;0.1;False;ok;2;1;0.370;
2727;-2.468057005;39.61713759;0.1;False;ok;2;1;0.405;
2728;-2.368057005;39.61713759;0.1;False;ok;1;1;0.397;
2729;-6.968057005;39.71713759;0.1;False;ok;3;1;0.463;
2730;-6.868057005;39.71713759;0.1;False;ok;1;1;0.381;
2731;-6.668057005;39.71713759;0.1;False;ok;1;1;0.368;
2732;-6.468057005;39.71713759;0.1;False;ok;3;1;0.446;
2733;-6.068057005;39.71713759;0.1;False;ok;24;1;0.500;
2734;-5.368057005;39.71713759;0.1;False;ok;1;1;0.368;
2735;-5.268057005;39.71713759;0.1;False;ok;3;1;0.365;
2736;-4.168057005;39.71713759;0.1;False;ok;25;1;0.650;
2737;-4.068057005;39.71713759;0.1;False;ok;43;1;0.505;
2738;-3.968057005;39.71713759;0.1;False;ok;3;1;0.413;
2739;-3.868057005;39.71713759;0.1;False;ok;7;1;0.429;
2740;-3.568057005;39.71713759;0.1;False;ok;9;1;0.429;
2741;-3.368057005;39.71713759;0.1;False;ok;4;1;0.455;
2742;-3.268057005;39.71713759;0.1;False;ok;1;1;0.380;
2743;-3.168057005;39.71713759;0.1;False;ok;1;1;0.330;
2744;-2.868057005;39.71713759;0.1;False;ok;0;1;1.147;
2745;-2.568057005;39.71713759;0.1;False;ok;1;1;0.343;
2746;-2.468057005;39.71713759;0.1;False;ok;1;1;1.201;
2747;-6.868057005;39.81713759;0.1;False;ok;3;1;0.461;
2748;-6.768057005;39.81713759;0.1;False;ok;0;1;1.139;
2749;-6.468057005;39.81713759;0.1;False;ok;6;1;0.416;
2750;-6.368057005;39.81713759;0.1;False;ok;3;1;0.366;
2751;-6.168057005;39.81713759;0.1;False;ok;4;1;0.453;
2752;-6.068057005;39.81713759;0.1;False;ok;3;1;0.463;
2753;-5.968057005;39.81713759;0.1;False;ok;1;1;0.421;
2754;-5.868057005;39.81713759;0.1;False;ok;1;1;0.314;
2755;-5.768057005;39.81713759;0.1;False;ok;2;1;0.375;
2756;-5.668057005;39.81713759;0.1;False;ok;3;1;0.441;
2757;-5.468057005;39.81713759;0.1;False;ok;1;1;0.377;
2758;-5.268057005;39.81713759;0.1;False;ok;6;1;0.460;
2759;-5.168057005;39.81713759;0.1;False;ok;1;1;0.388;
2760;-5.068057005;39.81713759;0.1;False;ok;1;1;0.440;
2761;-4.968057005;39.81713759;0.1;False;ok;2;1;0.361;
2762;-4.768057005;39.81713759;0.1;False;ok;6;1;0.397;
2763;-4.568057005;39.81713759;0.1;False;ok;1;1;0.850;
2764;-4.368057005;39.81713759;0.1;False;ok;10;1;0.419;
2765;-4.268057005;39.81713759;0.1;False;ok;6;1;0.421;
2766;-4.043057005;39.81713759;0.025;False;ok;2;1;0.463;
2767;-4.068057005;39.84213759;0.025;False;ok;4;1;0.494;
2768;-4.043057005;39.84213759;0.0125;False;ok;12;1;0.517;
2769;-4.030557005;39.84213759;0.0125;False;ok;47;1;0.515;
2770;-4.043057005;39.85463759;0.0125;False;ok;31;1;0.474;
2771;-4.030557005;39.85463759;0.00625;False;ok;75;1;0.605;
2772;-4.024307005;39.85463759;0.003125;False;ok;74;1;0.633;
2773;-4.021182005;39.85463759;0.003125;False;ok;22;1;0.432;
2774;-4.024307005;39.85776259;0.003125;False;ok;75;1;0.551;
2775;-4.021182005;39.85776259;0.003125;False;ok;23;1;0.487;
2776;-4.030557005;39.86088759;0.00625;False;ok;23;1;0.548;
2777;-4.024307005;39.86088759;0.00625;False;ok;41;1;0.550;
2778;-4.018057005;39.81713759;0.05;False;ok;13;1;0.432;
2779;-4.068057005;39.86713759;0.05;False;ok;30;1;0.614;
2780;-4.018057005;39.86713759;0.05;False;ok;5;1;0.435;
2781;-3.968057005;39.81713759;0.1;False;ok;13;1;0.458;
2782;-3.668057005;39.81713759;0.1;False;ok;2;1;0.358;
2783;-3.568057005;39.81713759;0.1;False;ok;4;1;0.318;
2784;-3.168057005;39.81713759;0.1;False;ok;0;1;1.110;
2785;-3.068057005;39.81713759;0.1;False;ok;3;1;0.494;
2786;-2.668057005;39.81713759;0.1;False;ok;2;1;0.415;
2787;-2.568057005;39.81713759;0.1;False;ok;1;1;0.344;
2788;-6.668057005;39.91713759;0.1;False;ok;0;1;1.145;
2789;-6.568057005;39.91713759;0.1;False;ok;9;1;0.472;
2790;-6.368057005;39.91713759;0.1;False;ok;7;1;0.431;
2791;-6.168057005;39.91713759;0.1;False;ok;6;1;0.451;
2792;-6.068057005;39.91713759;0.1;False;ok;11;1;0.495;
2793;-5.968057005;39.91713759;0.1;False;ok;2;1;0.436;
2794;-5.768057005;39.91713759;0.1;False;ok;3;1;0.367;
2795;-5.668057005;39.91713759;0.1;False;ok;11;1;0.624;
2796;-5.468057005;39.91713759;0.1;False;ok;1;1;0.410;
2797;-5.268057005;39.91713759;0.1;False;ok;10;1;0.463;
2798;-5.168057005;39.91713759;0.1;False;ok;2;1;0.464;
2799;-4.968057005;39.91713759;0.1;False;ok;7;1;0.446;
2800;-4.868057005;39.91713759;0.1;False;ok;44;1;0.525;
2801;-4.768057005;39.91713759;0.1;False;ok;12;1;0.471;
2802;-4.668057005;39.91713759;0.1;False;ok;0;1;1.189;
2803;-4.568057005;39.91713759;0.1;False;ok;0;1;1.195;
2804;-4.468057005;39.91713759;0.1;False;ok;2;1;0.356;
2805;-4.368057005;39.91713759;0.1;False;ok;7;1;0.489;
2806;-4.168057005;39.91713759;0.1;False;ok;4;1;0.386;
2807;-4.068057005;39.91713759;0.1;False;ok;7;1;0.467;
2808;-3.968057005;39.91713759;0.1;False;ok;11;1;0.544;
2809;-3.768057005;39.91713759;0.1;False;ok;1;1;0.337;
2810;-3.668057005;39.91713759;0.1;False;ok;0;1;1.191;
2811;-3.568057005;39.91713759;0.1;False;ok;7;1;0.426;
2812;-3.468057005;39.91713759;0.1;False;ok;3;1;0.401;
2813;-3.368057005;39.91713759;0.1;False;ok;1;1;0.309;
2814;-3.268057005;39.91713759;0.1;False;ok;4;1;0.389;
2815;-3.068057005;39.91713759;0.1;False;ok;5;1;0.388;
2816;-2.968057005;39.91713759;0.1;False;ok;2;1;0.434;
2817;-2.868057005;39.91713759;0.1;False;ok;5;1;0.429;
2818;-2.368057005;39.91713759;0.1;False;ok;0;1;1.154;
2819;-6.868057005;40.01713759;0.1;False;ok;0;1;1.150;
2820;-6.668057005;40.01713759;0.1;False;ok;11;1;0.490;
2821;-6.268057005;40.01713759;0.1;False;ok;5;1;0.409;
2822;-6.168057005;40.01713759;0.1;False;ok;72;1;0.515;
2823;-5.968057005;40.01713759;0.1;False;ok;13;1;0.541;
2824;-5.868057005;40.01713759;0.1;False;ok;19;1;0.558;
2825;-5.768057005;40.01713759;0.1;False;ok;50;1;0.579;
2826;-5.668057005;40.01713759;0.1;False;ok;4;1;0.417;
2827;-5.568057005;40.01713759;0.1;False;ok;3;1;0.487;
2828;-5.468057005;40.01713759;0.1;False;ok;2;1;0.434;
2829;-5.268057005;40.01713759;0.1;False;ok;2;1;0.547;
2830;-5.168057005;40.01713759;0.1;False;ok;6;1;0.457;
2831;-5.068057005;40.01713759;0.1;False;ok;2;1;0.459;
2832;-4.968057005;40.01713759;0.1;False;ok;3;1;0.414;
2833;-4.868057005;40.01713759;0.1;False;ok;12;1;0.438;
2834;-4.768057005;40.01713759;0.1;False;ok;12;1;0.407;
2835;-4.668057005;40.01713759;0.1;False;ok;7;1;0.437;
2836;-4.568057005;40.01713759;0.1;False;ok;4;1;0.458;
2837;-4.468057005;40.01713759;0.1;False;ok;5;1;0.402;
2838;-4.368057005;40.01713759;0.1;False;ok;4;1;0.366;
2839;-4.268057005;40.01713759;0.1;False;ok;16;1;0.359;
2840;-4.068057005;40.01713759;0.1;False;ok;2;1;0.338;
2841;-3.968057005;40.01713759;0.1;False;ok;9;1;0.360;
2842;-3.868057005;40.01713759;0.1;False;ok;2;1;0.411;
2843;-3.768057005;40.01713759;0.1;False;ok;4;1;0.425;
2844;-3.668057005;40.01713759;0.1;False;ok;23;1;0.558;
2845;-3.468057005;40.01713759;0.1;False;ok;11;1;0.452;
2846;-2.968057005;40.01713759;0.1;False;ok;2;1;0.402;
2847;-2.768057005;40.01713759;0.1;False;ok;4;1;0.427;
2848;-2.668057005;40.01713759;0.1;False;ok;1;1;1.192;
2849;-2.468057005;40.01713759;0.1;False;ok;1;1;0.387;
2850;-2.368057005;40.01713759;0.1;False;ok;1;1;0.361;
2851;-6.968057005;40.11713759;0.1;False;ok;4;1;0.454;
2852;-6.868057005;40.11713759;0.1;False;ok;35;1;0.534;
2853;-6.768057005;40.11713759;0.1;False;ok;20;1;0.414;
2854;-6.668057005;40.11713759;0.1;False;ok;2;1;0.504;
2855;-6.568057005;40.11713759;0.1;False;ok;3;1;0.463;
2856;-6.168057005;40.11713759;0.1;False;ok;4;1;0.460;
2857;-6.068057005;40.11713759;0.1;False;ok;12;1;0.463;
2858;-5.968057005;40.11713759;0.1;False;ok;34;1;0.650;
2859;-5.868057005;40.11713759;0.1;False;ok;63;1;0.761;
2860;-5.768057005;40.11713759;0.1;False;ok;12;1;0.485;
2861;-5.668057005;40.11713759;0.1;False;ok;62;1;0.633;
2862;-5.568057005;40.11713759;0.1;False;ok;10;1;0.536;
2863;-5.468057005;40.11713759;0.1;False;ok;32;1;0.573;
2864;-5.368057005;40.11713759;0.1;False;ok;38;1;0.551;
2865;-5.268057005;40.11713759;0.1;False;ok;75;1;0.649;
2866;-5.168057005;40.11713759;0.1;False;ok;75;1;0.700;
2867;-4.968057005;40.11713759;0.1;False;ok;13;1;0.396;
2868;-4.868057005;40.11713759;0.1;False;ok;3;1;0.404;
2869;-4.768057005;40.11713759;0.1;False;ok;7;1;0.498;
2870;-4.668057005;40.11713759;0.1;False;ok;2;1;0.386;
2871;-4.468057005;40.11713759;0.1;False;ok;8;1;0.419;
2872;-4.168057005;40.11713759;0.1;False;ok;1;1;0.440;
2873;-4.068057005;40.11713759;0.1;False;ok;3;1;0.413;
2874;-3.968057005;40.11713759;0.1;False;ok;4;1;0.361;
2875;-3.868057005;40.11713759;0.1;False;ok;7;1;0.440;
2876;-3.768057005;40.11713759;0.1;False;ok;12;1;0.357;
2877;-3.668057005;40.11713759;0.1;False;ok;28;1;0.545;
2878;-3.568057005;40.11713759;0.1;False;ok;1;1;0.359;
2879;-3.468057005;40.11713759;0.1;False;ok;36;1;0.525;
2880;-3.368057005;40.11713759;0.1;False;ok;9;1;0.343;
2881;-3.168057005;40.11713759;0.1;False;ok;9;1;0.493;
2882;-3.068057005;40.11713759;0.1;False;ok;2;1;0.446;
2883;-2.768057005;40.11713759;0.1;False;ok;2;1;0.397;
2884;-2.568057005;40.11713759;0.1;False;ok;1;1;0.405;
2885;-6.968057005;40.21713759;0.1;True;ok;3;1;0.382;
2886;-6.868057005;40.21713759;0.1;False;ok;3;1;0.546;
2887;-6.768057005;40.21713759;0.1;False;ok;1;1;0.448;
2888;-6.668057005;40.21713759;0.1;False;ok;25;1;0.645;
2889;-6.568057005;40.21713759;0.1;False;ok;4;1;0.471;
2890;-6.468057005;40.21713759;0.1;False;ok;6;1;0.442;
2891;-6.368057005;40.21713759;0.1;False;ok;9;1;0.454;
2892;-6.268057005;40.21713759;0.1;False;ok;5;1;0.407;
2893;-6.168057005;40.21713759;0.1;False;ok;0;1;1.146;
2894;-6.068057005;40.21713759;0.1;False;ok;11;1;0.594;
2895;-5.968057005;40.21713759;0.1;False;ok;18;1;0.497;
2896;-5.868057005;40.21713759;0.1;False;ok;58;1;0.583;
2897;-5.768057005;40.21713759;0.1;False;ok;22;1;0.488;
2898;-5.668057005;40.21713759;0.1;False;ok;21;1;0.516;
2899;-5.568057005;40.21713759;0.1;False;ok;16;1;0.539;
2900;-5.168057005;40.21713759;0.1;False;ok;37;1;0.606;
2901;-5.068057005;40.21713759;0.1;False;ok;35;1;0.587;
2902;-4.968057005;40.21713759;0.1;False;ok;13;1;0.541;
2903;-4.868057005;40.21713759;0.1;False;ok;24;1;0.601;
2904;-4.768057005;40.21713759;0.1;False;ok;22;1;0.479;
2905;-4.668057005;40.21713759;0.1;False;ok;51;1;0.565;
2906;-4.568057005;40.21713759;0.1;False;ok;4;1;0.416;
2907;-4.468057005;40.21713759;0.1;False;ok;15;1;0.477;
2908;-4.368057005;40.21713759;0.1;False;ok;1;1;0.484;
2909;-4.268057005;40.21713759;0.1;False;ok;10;1;0.499;
2910;-4.068057005;40.21713759;0.1;False;ok;11;1;0.494;
2911;-3.968057005;40.21713759;0.1;False;ok;11;1;0.448;
2912;-3.868057005;40.21713759;0.1;False;ok;27;1;0.628;
2913;-3.768057005;40.21713759;0.1;False;ok;37;1;0.628;
2914;-3.668057005;40.21713759;0.1;False;ok;1;1;0.389;
2915;-3.568057005;40.21713759;0.1;False;ok;3;1;0.545;
2916;-3.468057005;40.21713759;0.1;False;ok;9;1;0.446;
2917;-3.368057005;40.21713759;0.1;False;ok;3;1;0.458;
2918;-3.268057005;40.21713759;0.1;False;ok;3;1;0.477;
2919;-3.068057005;40.21713759;0.1;False;ok;4;1;0.406;
2920;-2.968057005;40.21713759;0.1;False;ok;1;1;0.344;
2921;-2.868057005;40.21713759;0.1;False;ok;8;1;0.435;
2922;-2.368057005;40.21713759;0.1;False;ok;2;1;0.470;
2923;-6.568057005;40.31713759;0.1;False;ok;14;1;0.459;
2924;-6.468057005;40.31713759;0.1;False;ok;4;1;0.413;
2925;-6.368057005;40.31713759;0.1;False;ok;9;1;0.475;
2926;-6.268057005;40.31713759;0.1;False;ok;8;1;0.489;
2927;-6.068057005;40.31713759;0.1;False;ok;1;1;0.388;
2928;-5.968057005;40.31713759;0.1;False;ok;5;1;0.390;
2929;-5.868057005;40.31713759;0.1;False;ok;43;1;0.554;
2930;-5.768057005;40.31713759;0.1;False;ok;75;1;0.647;
2931;-5.668057005;40.31713759;0.1;False;ok;18;1;0.482;
2932;-5.568057005;40.31713759;0.1;False;ok;32;1;0.656;
2933;-5.468057005;40.31713759;0.1;False;ok;6;1;0.432;
2934;-5.368057005;40.31713759;0.1;False;ok;10;1;0.465;
2935;-5.268057005;40.31713759;0.1;False;ok;34;1;0.570;
2936;-5.168057005;40.31713759;0.1;False;ok;42;1;0.563;
2937;-5.068057005;40.31713759;0.1;False;ok;14;1;0.505;
2938;-4.968057005;40.31713759;0.1;False;ok;11;1;0.520;
2939;-4.868057005;40.31713759;0.1;False;ok;19;1;0.598;
2940;-4.768057005;40.31713759;0.1;False;ok;50;1;0.637;
2941;-4.668057005;40.31713759;0.1;False;ok;10;1;0.504;
2942;-4.568057005;40.31713759;0.1;False;ok;11;1;0.552;
2943;-4.468057005;40.31713759;0.1;False;ok;58;1;0.691;
2944;-4.368057005;40.31713759;0.1;False;ok;16;1;0.537;
2945;-4.268057005;40.31713759;0.1;False;ok;7;1;0.524;
2946;-4.068057005;40.31713759;0.1;False;ok;8;1;0.486;
2947;-3.968057005;40.31713759;0.1;False;ok;11;1;0.510;
2948;-3.868057005;40.31713759;0.1;False;ok;43;1;0.589;
2949;-3.768057005;40.31713759;0.05;False;ok;12;1;0.406;
2950;-3.718057005;40.31713759;0.05;False;ok;53;1;0.579;
2951;-3.768057005;40.36713759;0.05;False;ok;73;1;0.606;
2952;-3.718057005;40.36713759;0.025;False;ok;69;1;0.593;
2953;-3.693057005;40.36713759;0.025;False;ok;39;1;0.572;
2954;-3.718057005;40.39213759;0.0125;False;ok;49;1;0.571;
2955;-3.705557005;40.39213759;0.0125;False;ok;75;1;0.640;
2956;-3.718057005;40.40463759;0.00625;False;ok;55;1;0.554;
2957;-3.711807005;40.40463759;0.00625;False;ok;74;1;0.567;
2958;-3.718057005;40.41088759;0.00625;False;ok;59;1;0.543;
2959;-3.711807005;40.41088759;0.003125;False;ok;29;1;0.434;
2960;-3.708682005;40.41088759;0.003125;False;ok;72;1;0.596;
2961;-3.711807005;40.41401259;0.003125;False;ok;66;1;0.544;
2962;-3.708682005;40.41401259;0.003125;False;ok;73;1;0.545;
2963;-3.705557005;40.40463759;0.00625;False;ok;73;1;0.661;
2964;-3.699307005;40.40463759;0.00625;False;ok;72;1;0.637;
2965;-3.705557005;40.41088759;0.003125;False;ok;73;1;0.606;
2966;-3.702432005;40.41088759;0.003125;False;ok;73;1;0.748;
2967;-3.705557005;40.41401259;0.003125;False;ok;75;1;0.663;
2968;-3.702432005;40.41401259;0.003125;False;ok;75;1;0.727;
2969;-3.699307005;40.41088759;0.003125;False;ok;61;1;0.656;
2970;-3.696182005;40.41088759;0.003125;False;ok;51;1;0.661;
2971;-3.699307005;40.41401259;0.003125;False;ok;65;1;0.612;
2972;-3.696182005;40.41401259;0.003125;False;ok;10;1;0.478;
2973;-3.693057005;40.39213759;0.025;False;ok;73;1;0.779;
2974;-3.668057005;40.31713759;0.1;False;ok;75;1;0.708;
2975;-3.568057005;40.31713759;0.1;False;ok;24;1;0.445;
2976;-3.468057005;40.31713759;0.1;False;ok;3;1;0.411;
2977;-3.368057005;40.31713759;0.1;False;ok;1;1;0.414;
2978;-3.268057005;40.31713759;0.1;False;ok;7;1;0.444;
2979;-3.168057005;40.31713759;0.1;False;ok;4;1;0.498;
2980;-2.968057005;40.31713759;0.1;False;ok;4;1;0.459;
2981;-2.868057005;40.31713759;0.1;False;ok;0;1;1.151;
2982;-2.768057005;40.31713759;0.1;False;ok;12;1;0.509;
2983;-2.468057005;40.31713759;0.1;False;ok;0;1;1.200;
2984;-2.368057005;40.31713759;0.1;False;ok;2;1;0.393;
2985;-6.868057005;40.41713759;0.1;False;ok;1;1;0.371;
2986;-6.768057005;40.41713759;0.1;False;ok;0;1;1.156;
2987;-6.368057005;40.41713759;0.1;False;ok;3;1;0.466;
2988;-6.268057005;40.41713759;0.1;False;ok;3;1;0.430;
2989;-6.168057005;40.41713759;0.1;False;ok;41;1;0.584;
2990;-6.068057005;40.41713759;0.1;False;ok;59;1;0.706;
2991;-5.968057005;40.41713759;0.1;False;ok;11;1;0.499;
2992;-5.868057005;40.41713759;0.1;False;ok;4;1;0.385;
2993;-5.768057005;40.41713759;0.1;False;ok;8;1;0.516;
2994;-5.668057005;40.41713759;0.1;False;ok;4;1;0.385;
2995;-5.568057005;40.41713759;0.1;False;ok;3;1;0.486;
2996;-5.468057005;40.41713759;0.1;False;ok;13;1;0.517;
2997;-5.368057005;40.41713759;0.1;False;ok;12;1;0.493;
2998;-5.268057005;40.41713759;0.1;False;ok;4;1;0.565;
2999;-5.168057005;40.41713759;0.1;False;ok;11;1;0.469;
3000;-5.068057005;40.41713759;0.1;False;ok;0;1;1.125;
3001;-4.968057005;40.41713759;0.1;False;ok;3;1;0.461;
3002;-4.868057005;40.41713759;0.1;False;ok;5;1;0.452;
3003;-4.768057005;40.41713759;0.1;False;ok;0;1;1.209;
3004;-4.668057005;40.41713759;0.1;False;ok;26;1;0.585;
3005;-4.568057005;40.41713759;0.1;False;ok;12;1;0.459;
3006;-4.468057005;40.41713759;0.1;False;ok;11;1;0.499;
3007;-4.368057005;40.41713759;0.1;False;ok;3;1;0.436;
3008;-4.268057005;40.41713759;0.1;False;ok;15;1;0.457;
3009;-4.168057005;40.41713759;0.1;False;ok;3;1;0.424;
3010;-4.068057005;40.41713759;0.1;False;ok;10;1;0.401;
3011;-3.968057005;40.41713759;0.1;False;ok;18;1;0.516;
3012;-3.868057005;40.41713759;0.1;False;ok;43;1;0.554;
3013;-3.768057005;40.41713759;0.05;False;ok;48;1;0.568;
3014;-3.718057005;40.41713759;0.00625;False;ok;34;1;0.519;
3015;-3.711807005;40.41713759;0.003125;False;ok;32;1;0.625;
3016;-3.708682005;40.41713759;0.003125;False;ok;74;1;0.616;
3017;-3.711807005;40.42026259;0.003125;False;ok;73;1;0.690;
3018;-3.708682005;40.42026259;0.003125;False;ok;75;1;0.660;
3019;-3.718057005;40.42338759;0.00625;False;ok;42;1;0.578;
3020;-3.711807005;40.42338759;0.00625;False;ok;74;1;0.574;
3021;-3.705557005;40.41713759;0.003125;False;ok;74;1;0.580;
3022;-3.702432005;40.41713759;0.003125;False;ok;74;1;0.645;
3023;-3.705557005;40.42026259;0.003125;False;ok;75;1;0.608;
3024;-3.702432005;40.42026259;0.003125;False;ok;75;1;0.545;
3025;-3.699307005;40.41713759;0.003125;False;ok;35;1;0.521;
3026;-3.696182005;40.41713759;0.003125;False;ok;1;1;0.416;
3027;-3.699307005;40.42026259;0.003125;False;ok;71;1;0.621;
3028;-3.696182005;40.42026259;0.003125;False;ok;9;1;0.504;
3029;-3.705557005;40.42338759;0.003125;False;ok;75;1;0.689;
3030;-3.702432005;40.42338759;0.003125;False;ok;56;1;0.534;
3031;-3.705557005;40.42651259;0.003125;False;ok;54;1;0.477;
3032;-3.702432005;40.42651259;0.003125;False;ok;13;1;0.541;
3033;-3.699307005;40.42338759;0.00625;False;ok;57;1;0.562;
3034;-3.718057005;40.42963759;0.0125;False;ok;74;1;0.638;
3035;-3.705557005;40.42963759;0.0125;False;ok;74;1;0.528;
3036;-3.693057005;40.41713759;0.0125;False;ok;71;1;0.718;
3037;-3.680557005;40.41713759;0.0125;False;ok;70;1;0.676;
3038;-3.693057005;40.42963759;0.0125;False;ok;51;1;0.545;
3039;-3.680557005;40.42963759;0.0125;False;ok;75;1;0.653;
3040;-3.718057005;40.44213759;0.0125;False;ok;43;1;0.549;
3041;-3.705557005;40.44213759;0.0125;False;ok;73;1;0.690;
3042;-3.718057005;40.45463759;0.0125;False;ok;20;1;0.512;
3043;-3.705557005;40.45463759;0.0125;False;ok;75;1;0.659;
3044;-3.693057005;40.44213759;0.025;False;ok;70;1;0.608;
3045;-3.768057005;40.46713759;0.05;False;ok;14;1;0.506;
3046;-3.718057005;40.46713759;0.05;False;ok;74;1;0.743;
3047;-3.668057005;40.41713759;0.025;False;ok;74;1;0.795;
3048;-3.643057005;40.41713759;0.025;False;ok;74;1;0.737;
3049;-3.668057005;40.44213759;0.025;False;ok;51;1;0.618;
3050;-3.643057005;40.44213759;0.025;False;ok;17;1;0.439;
3051;-3.618057005;40.41713759;0.05;False;ok;74;1;0.622;
3052;-3.668057005;40.46713759;0.05;False;ok;72;1;0.728;
3053;-3.618057005;40.46713759;0.05;False;ok;49;1;0.568;
3054;-3.568057005;40.41713759;0.1;False;ok;66;1;0.621;
3055;-3.468057005;40.41713759;0.1;False;ok;47;1;0.494;
3056;-3.368057005;40.41713759;0.1;False;ok;64;1;0.585;
3057;-3.268057005;40.41713759;0.1;False;ok;2;1;0.546;
3058;-3.068057005;40.41713759;0.1;False;ok;4;1;0.421;
3059;-2.968057005;40.41713759;0.1;False;ok;13;1;0.504;
3060;-2.868057005;40.41713759;0.1;False;ok;1;1;0.321;
3061;-2.768057005;40.41713759;0.1;False;ok;6;1;0.345;
3062;-2.468057005;40.41713759;0.1;False;ok;2;1;0.465;
3063;-2.368057005;40.41713759;0.1;False;ok;4;1;0.458;
3064;-6.868057005;40.51713759;0.1;True;ok;1;1;0.538;
3065;-6.668057005;40.51713759;0.1;False;ok;1;1;0.316;
3066;-6.568057005;40.51713759;0.1;False;ok;66;1;0.661;
3067;-6.168057005;40.51713759;0.1;False;ok;7;1;0.527;
3068;-6.068057005;40.51713759;0.1;False;ok;12;1;0.486;
3069;-5.968057005;40.51713759;0.1;False;ok;10;1;0.416;
3070;-5.868057005;40.51713759;0.1;False;ok;4;1;0.417;
3071;-5.768057005;40.51713759;0.1;False;ok;2;1;0.410;
3072;-5.668057005;40.51713759;0.1;False;ok;5;1;0.407;
3073;-5.368057005;40.51713759;0.1;False;ok;0;1;1.118;
3074;-5.268057005;40.51713759;0.1;False;ok;2;1;0.426;
3075;-5.168057005;40.51713759;0.1;False;ok;3;1;0.382;
3076;-5.068057005;40.51713759;0.1;False;ok;11;1;0.454;
3077;-4.968057005;40.51713759;0.1;False;ok;21;1;0.493;
3078;-4.868057005;40.51713759;0.1;False;ok;6;1;0.444;
3079;-4.768057005;40.51713759;0.1;False;ok;2;1;0.461;
3080;-4.668057005;40.51713759;0.1;False;ok;1;1;0.400;
3081;-4.568057005;40.51713759;0.1;False;ok;10;1;0.425;
3082;-4.468057005;40.51713759;0.1;False;ok;2;1;0.384;
3083;-4.368057005;40.51713759;0.1;False;ok;27;1;0.444;
3084;-4.268057005;40.51713759;0.1;False;ok;17;1;0.545;
3085;-4.168057005;40.51713759;0.1;False;ok;20;1;0.446;
3086;-4.068057005;40.51713759;0.1;False;ok;15;1;0.527;
3087;-3.968057005;40.51713759;0.1;False;ok;12;1;0.498;
3088;-3.768057005;40.51713759;0.1;False;ok;14;1;0.588;
3089;-3.668057005;40.51713759;0.1;False;ok;74;1;0.643;
3090;-3.568057005;40.51713759;0.1;False;ok;4;1;0.434;
3091;-3.468057005;40.51713759;0.1;False;ok;7;1;0.429;
3092;-3.368057005;40.51713759;0.1;False;ok;5;1;0.445;
3093;-3.268057005;40.51713759;0.1;False;ok;6;1;0.479;
3094;-3.068057005;40.51713759;0.1;False;ok;12;1;0.463;
3095;-2.968057005;40.51713759;0.1;False;ok;3;1;0.411;
3096;-2.768057005;40.51713759;0.1;False;ok;7;1;0.421;
3097;-6.868057005;40.61713759;0.1;True;ok;1;1;0.411;
3098;-6.468057005;40.61713759;0.1;False;ok;4;1;0.370;
3099;-5.968057005;40.61713759;0.1;False;ok;0;1;1.142;
3100;-5.168057005;40.61713759;0.1;False;ok;2;1;0.415;
3101;-5.068057005;40.61713759;0.1;False;ok;5;1;0.577;
3102;-4.868057005;40.61713759;0.1;False;ok;12;1;0.504;
3103;-4.768057005;40.61713759;0.05;False;ok;2;1;0.398;
3104;-4.693057005;40.61713759;0.025;False;ok;2;1;0.448;
3105;-4.718057005;40.64213759;0.025;False;ok;75;1;0.559;
3106;-4.693057005;40.64213759;0.025;False;ok;42;1;0.563;
3107;-4.768057005;40.66713759;0.05;False;ok;6;1;0.481;
3108;-4.718057005;40.66713759;0.05;False;ok;1;1;0.418;
3109;-4.668057005;40.61713759;0.1;False;ok;13;1;0.486;
3110;-4.568057005;40.61713759;0.1;False;ok;1;1;0.440;
3111;-4.368057005;40.61713759;0.1;False;ok;1;1;0.413;
3112;-4.268057005;40.61713759;0.1;False;ok;20;1;0.460;
3113;-4.168057005;40.61713759;0.1;False;ok;20;1;0.474;
3114;-4.068057005;40.61713759;0.1;False;ok;48;1;0.521;
3115;-3.968057005;40.61713759;0.1;False;ok;9;1;0.468;
3116;-3.868057005;40.61713759;0.1;False;ok;3;1;0.347;
3117;-3.768057005;40.61713759;0.1;False;ok;3;1;0.418;
3118;-3.668057005;40.61713759;0.1;False;ok;9;1;0.409;
3119;-3.568057005;40.61713759;0.1;False;ok;5;1;0.362;
3120;-3.468057005;40.61713759;0.1;False;ok;5;1;0.470;
3121;-3.368057005;40.61713759;0.1;False;ok;2;1;0.384;
3122;-3.268057005;40.61713759;0.1;False;ok;7;1;0.531;
3123;-3.168057005;40.61713759;0.1;False;ok;19;1;0.570;
3124;-3.068057005;40.61713759;0.1;False;ok;4;1;0.438;
3125;-2.968057005;40.61713759;0.1;False;ok;0;1;1.184;
3126;-2.768057005;40.61713759;0.1;False;ok;3;1;0.424;
3127;-2.668057005;40.61713759;0.1;False;ok;4;1;0.475;
3128;-6.768057005;40.71713759;0.1;False;ok;0;1;1.180;
3129;-6.368057005;40.71713759;0.1;False;ok;0;1;1.095;
3130;-5.968057005;40.71713759;0.1;False;ok;1;1;0.521;
3131;-5.768057005;40.71713759;0.1;False;ok;4;1;0.473;
3132;-5.668057005;40.71713759;0.1;False;ok;1;1;0.482;
3133;-5.068057005;40.71713759;0.1;False;ok;1;1;0.502;
3134;-4.968057005;40.71713759;0.1;False;ok;2;1;0.424;
3135;-4.768057005;40.71713759;0.1;False;ok;2;1;0.414;
3136;-4.668057005;40.71713759;0.1;False;ok;5;1;0.460;
3137;-4.568057005;40.71713759;0.1;False;ok;4;1;0.363;
3138;-4.468057005;40.71713759;0.1;False;ok;8;1;0.411;
3139;-4.368057005;40.71713759;0.1;False;ok;21;1;0.435;
3140;-4.268057005;40.71713759;0.1;False;ok;30;1;0.664;
3141;-4.168057005;40.71713759;0.1;False;ok;8;1;0.444;
3142;-4.068057005;40.71713759;0.1;False;ok;41;1;0.575;
3143;-3.968057005;40.71713759;0.1;False;ok;15;1;0.543;
3144;-3.868057005;40.71713759;0.1;False;ok;21;1;0.466;
3145;-3.768057005;40.71713759;0.1;False;ok;12;1;0.460;
3146;-3.668057005;40.71713759;0.1;False;ok;15;1;0.589;
3147;-3.568057005;40.71713759;0.1;False;ok;2;1;0.453;
3148;-3.468057005;40.71713759;0.1;False;ok;7;1;0.446;
3149;-3.168057005;40.71713759;0.1;False;ok;5;1;0.351;
3150;-3.068057005;40.71713759;0.1;False;ok;5;1;0.493;
3151;-2.968057005;40.71713759;0.1;False;ok;5;1;0.502;
3152;-2.868057005;40.71713759;0.1;False;ok;7;1;0.499;
3153;-2.768057005;40.71713759;0.1;False;ok;2;1;0.382;
3154;-2.668057005;40.71713759;0.1;False;ok;5;1;0.433;
3155;-2.468057005;40.71713759;0.1;False;ok;1;1;0.355;
3156;-2.368057005;40.71713759;0.1;False;ok;3;1;0.416;
3157;-6.868057005;40.81713759;0.1;True;ok;1;1;0.480;
3158;-6.768057005;40.81713759;0.1;False;ok;4;1;0.437;
3159;-6.668057005;40.81713759;0.1;False;ok;1;1;0.426;
3160;-6.068057005;40.81713759;0.1;False;ok;1;1;0.376;
3161;-5.768057005;40.81713759;0.1;False;ok;0;1;1.124;
3162;-5.668057005;40.81713759;0.1;False;ok;3;1;0.423;
3163;-5.568057005;40.81713759;0.1;False;ok;10;1;0.427;
3164;-5.268057005;40.81713759;0.1;False;ok;5;1;0.405;
3165;-4.868057005;40.81713759;0.1;False;ok;1;1;0.416;
3166;-4.768057005;40.81713759;0.1;False;ok;8;1;0.524;
3167;-4.668057005;40.81713759;0.1;False;ok;12;1;0.418;
3168;-4.568057005;40.81713759;0.1;False;ok;7;1;0.471;
3169;-4.368057005;40.81713759;0.1;False;ok;1;1;0.346;
3170;-4.268057005;40.81713759;0.1;False;ok;26;1;0.513;
3171;-4.168057005;40.81713759;0.1;False;ok;14;1;0.417;
3172;-4.068057005;40.81713759;0.1;False;ok;28;1;0.508;
3173;-3.968057005;40.81713759;0.1;False;ok;29;1;0.576;
3174;-3.768057005;40.81713759;0.1;False;ok;11;1;0.412;
3175;-3.668057005;40.81713759;0.1;False;ok;19;1;0.480;
3176;-3.568057005;40.81713759;0.1;False;ok;19;1;0.491;
3177;-3.468057005;40.81713759;0.1;False;ok;4;1;0.381;
3178;-3.368057005;40.81713759;0.1;False;ok;1;1;0.307;
3179;-3.168057005;40.81713759;0.1;False;ok;6;1;0.457;
3180;-3.068057005;40.81713759;0.1;False;ok;9;1;0.492;
3181;-2.968057005;40.81713759;0.1;False;ok;0;1;1.136;
3182;-2.768057005;40.81713759;0.1;False;ok;2;1;0.403;
3183;-2.568057005;40.81713759;0.1;False;ok;2;1;0.402;
3184;-6.868057005;40.91713759;0.1;False;ok;8;1;0.594;
3185;-6.768057005;40.91713759;0.1;False;ok;10;1;0.474;
3186;-6.468057005;40.91713759;0.1;False;ok;2;1;0.377;
3187;-6.368057005;40.91713759;0.1;False;ok;2;1;0.357;
3188;-5.868057005;40.91713759;0.1;False;ok;2;1;0.373;
3189;-5.768057005;40.91713759;0.1;False;ok;72;1;0.636;
3190;-5.643057005;40.91713759;0.025;False;ok;1;1;0.391;
3191;-5.655557005;40.94213759;0.0125;False;ok;3;1;0.461;
3192;-5.668057005;40.95463759;0.00625;False;ok;26;1;0.496;
3193;-5.661807005;40.95463759;0.00625;False;ok;8;1;0.468;
3194;-5.668057005;40.96088759;0.00625;False;ok;75;1;0.640;
3195;-5.661807005;40.96088759;0.00625;False;ok;39;1;0.541;
3196;-5.655557005;40.95463759;0.0125;False;ok;5;1;0.405;
3197;-5.643057005;40.94213759;0.025;False;ok;9;1;0.447;
3198;-5.618057005;40.91713759;0.05;False;ok;6;1;0.472;
3199;-5.668057005;40.96713759;0.05;False;ok;72;1;0.641;
3200;-5.618057005;40.96713759;0.05;False;ok;1;1;0.452;
3201;-5.568057005;40.91713759;0.1;False;ok;7;1;0.427;
3202;-5.468057005;40.91713759;0.1;False;ok;9;1;0.469;
3203;-4.968057005;40.91713759;0.1;False;ok;4;1;0.427;
3204;-4.868057005;40.91713759;0.1;False;ok;1;1;0.459;
3205;-4.668057005;40.91713759;0.1;False;ok;3;1;0.420;
3206;-4.568057005;40.91713759;0.1;False;ok;0;1;1.115;
3207;-4.368057005;40.91713759;0.1;False;ok;6;1;0.454;
3208;-4.268057005;40.91713759;0.1;False;ok;7;1;0.485;
3209;-4.168057005;40.91713759;0.1;False;ok;74;1;0.716;
3210;-4.068057005;40.91713759;0.1;False;ok;31;1;0.509;
3211;-3.868057005;40.91713759;0.1;False;ok;19;1;0.462;
3212;-3.768057005;40.91713759;0.1;False;ok;14;1;0.548;
3213;-3.668057005;40.91713759;0.1;False;ok;19;1;0.460;
3214;-3.568057005;40.91713759;0.1;False;ok;16;1;0.582;
3215;-3.468057005;40.91713759;0.1;False;ok;1;1;0.451;
3216;-3.268057005;40.91713759;0.1;False;ok;3;1;0.388;
3217;-3.168057005;40.91713759;0.1;False;ok;7;1;0.492;
3218;-2.968057005;40.91713759;0.1;False;ok;4;1;0.488;
3219;-2.868057005;40.91713759;0.1;False;ok;2;1;0.528;
3220;-2.768057005;40.91713759;0.1;False;ok;4;1;0.432;
3221;-2.668057005;40.91713759;0.1;False;ok;5;1;0.435;
3222;-2.468057005;40.91713759;0.1;False;ok;0;1;1.160;
3223;-6.868057005;41.01713759;0.1;True;ok;1;1;0.543;
3224;-6.768057005;41.01713759;0.1;False;ok;5;1;0.453;
3225;-6.468057005;41.01713759;0.1;False;ok;0;1;1.144;
3226;-6.068057005;41.01713759;0.1;False;ok;7;1;0.472;
3227;-5.968057005;41.01713759;0.1;False;ok;4;1;0.424;
3228;-5.868057005;41.01713759;0.1;False;ok;10;1;0.425;
3229;-5.768057005;41.01713759;0.1;False;ok;3;1;0.487;
3230;-5.668057005;41.01713759;0.1;False;ok;3;1;0.389;
3231;-5.568057005;41.01713759;0.1;False;ok;1;1;0.385;
3232;-5.168057005;41.01713759;0.1;False;ok;1;1;0.333;
3233;-5.068057005;41.01713759;0.1;False;ok;1;1;0.321;
3234;-4.768057005;41.01713759;0.1;False;ok;29;1;0.518;
3235;-4.668057005;41.01713759;0.1;False;ok;1;1;0.431;
3236;-4.568057005;41.01713759;0.1;False;ok;1;1;0.337;
3237;-4.468057005;41.01713759;0.1;False;ok;7;1;0.442;
3238;-4.368057005;41.01713759;0.1;False;ok;5;1;0.461;
3239;-4.268057005;41.01713759;0.1;False;ok;1;1;0.347;
3240;-4.168057005;41.01713759;0.1;False;ok;14;1;0.514;
3241;-4.068057005;41.01713759;0.1;False;ok;23;1;1.935;
3242;-3.968057005;41.01713759;0.1;False;ok;26;1;0.595;
3243;-3.868057005;41.01713759;0.1;False;ok;21;1;0.504;
3244;-3.768057005;41.01713759;0.1;False;ok;7;1;0.434;
3245;-3.668057005;41.01713759;0.1;False;ok;9;1;0.501;
3246;-3.568057005;41.01713759;0.1;False;ok;15;1;0.537;
3247;-3.468057005;41.01713759;0.1;False;ok;3;1;1.940;
3248;-3.368057005;41.01713759;0.1;False;ok;13;1;0.515;
3249;-3.268057005;41.01713759;0.1;False;ok;2;1;0.392;
3250;-3.168057005;41.01713759;0.1;False;ok;1;1;0.384;
3251;-3.068057005;41.01713759;0.1;False;ok;1;1;0.401;
3252;-2.968057005;41.01713759;0.1;False;ok;2;1;0.309;
3253;-2.768057005;41.01713759;0.1;False;ok;6;1;0.377;
3254;-2.668057005;41.01713759;0.1;False;ok;55;1;0.579;
3255;-2.568057005;41.01713759;0.1;False;ok;2;1;0.401;
3256;-2.468057005;41.01713759;0.1;False;ok;1;1;0.351;
3257;-6.668057005;41.11713759;0.1;False;ok;13;1;0.503;
3258;-6.568057005;41.11713759;0.1;False;ok;1;1;0.367;
3259;-6.268057005;41.11713759;0.1;False;ok;1;1;0.405;
3260;-5.768057005;41.11713759;0.1;False;ok;1;1;0.341;
3261;-4.868057005;41.11713759;0.1;False;ok;0;1;2.715;
3262;-4.668057005;41.11713759;0.1;False;ok;1;1;0.386;
3263;-4.568057005;41.11713759;0.1;False;ok;8;1;0.494;
3264;-4.468057005;41.11713759;0.1;False;ok;2;1;0.485;
3265;-4.368057005;41.11713759;0.1;False;ok;2;1;0.428;
3266;-4.268057005;41.11713759;0.1;False;ok;2;1;0.438;
3267;-4.168057005;41.11713759;0.1;False;ok;1;1;2.274;
3268;-4.068057005;41.11713759;0.1;False;ok;8;1;0.550;
3269;-3.968057005;41.11713759;0.1;False;ok;15;1;0.455;
3270;-3.868057005;41.11713759;0.1;False;ok;35;1;0.772;
3271;-3.768057005;41.11713759;0.1;False;ok;27;1;0.492;
3272;-3.668057005;41.11713759;0.1;False;ok;13;1;0.468;
3273;-3.568057005;41.11713759;0.1;False;ok;10;1;0.438;
3274;-3.268057005;41.11713759;0.1;False;ok;5;1;0.557;
3275;-3.168057005;41.11713759;0.1;False;ok;3;1;1.910;
3276;-3.068057005;41.11713759;0.1;False;ok;4;1;1.105;
3277;-2.968057005;41.11713759;0.1;False;ok;5;1;0.442;
3278;-2.768057005;41.11713759;0.1;False;ok;2;1;0.444;
3279;-2.668057005;41.11713759;0.1;False;ok;4;1;0.505;
3280;-2.568057005;41.11713759;0.1;False;ok;1;1;0.370;
3281;-2.468057005;41.11713759;0.1;False;ok;10;1;0.542;
3282;-2.368057005;41.11713759;0.1;False;ok;0;1;1.193;
3283;-6.668057005;41.21713759;0.1;False;ok;20;1;0.502;
3284;-6.568057005;41.21713759;0.1;True;ok;4;1;0.513;
3285;-6.468057005;41.21713759;0.1;False;ok;11;1;0.545;
3286;-6.268057005;41.21713759;0.1;False;ok;1;1;0.502;
3287;-6.168057005;41.21713759;0.1;False;ok;2;1;1.829;
3288;-5.968057005;41.21713759;0.1;False;ok;1;1;0.404;
3289;-5.868057005;41.21713759;0.1;False;ok;0;1;1.173;
3290;-5.768057005;41.21713759;0.1;False;ok;0;1;1.254;
3291;-5.668057005;41.21713759;0.1;False;ok;0;1;1.238;
3292;-5.568057005;41.21713759;0.1;False;ok;0;1;1.192;
3293;-5.368057005;41.21713759;0.1;False;ok;1;1;0.469;
3294;-5.268057005;41.21713759;0.1;False;ok;4;1;0.393;
3295;-4.968057005;41.21713759;0.1;False;ok;13;1;0.501;
3296;-4.868057005;41.21713759;0.1;False;ok;2;1;0.394;
3297;-4.768057005;41.21713759;0.1;False;ok;14;1;0.518;
3298;-4.568057005;41.21713759;0.1;False;ok;7;1;0.432;
3299;-4.468057005;41.21713759;0.1;False;ok;0;1;1.185;
3300;-4.368057005;41.21713759;0.1;False;ok;7;1;0.510;
3301;-4.268057005;41.21713759;0.1;False;ok;3;1;0.489;
3302;-4.168057005;41.21713759;0.1;False;ok;3;1;0.423;
3303;-3.968057005;41.21713759;0.1;False;ok;15;1;1.928;
3304;-3.868057005;41.21713759;0.1;False;ok;10;1;0.680;
3305;-3.768057005;41.21713759;0.1;False;ok;13;1;0.494;
3306;-3.668057005;41.21713759;0.1;False;ok;9;1;0.534;
3307;-3.568057005;41.21713759;0.1;False;ok;23;1;0.463;
3308;-3.368057005;41.21713759;0.1;False;ok;2;1;0.395;
3309;-3.268057005;41.21713759;0.1;False;ok;5;1;0.492;
3310;-3.168057005;41.21713759;0.1;False;ok;3;1;0.488;
3311;-3.068057005;41.21713759;0.1;False;ok;2;1;0.492;
3312;-2.668057005;41.21713759;0.1;False;ok;1;1;0.376;
3313;-2.468057005;41.21713759;0.1;False;ok;2;1;0.423;
3314;-2.368057005;41.21713759;0.1;False;ok;1;1;0.489;
3315;-6.468057005;41.31713759;0.1;True;ok;22;1;0.623;
3316;-6.368057005;41.31713759;0.1;True;ok;5;1;0.484;
3317;-6.268057005;41.31713759;0.1;True;ok;3;1;0.393;
3318;-6.168057005;41.31713759;0.1;False;ok;2;1;0.438;
3319;-6.068057005;41.31713759;0.1;False;ok;0;1;1.185;
3320;-5.968057005;41.31713759;0.1;False;ok;7;1;0.463;
3321;-5.868057005;41.31713759;0.1;False;ok;2;1;0.449;
3322;-5.768057005;41.31713759;0.1;False;ok;2;1;0.383;
3323;-5.268057005;41.31713759;0.1;False;ok;8;1;0.373;
3324;-5.168057005;41.31713759;0.1;False;ok;5;1;0.440;
3325;-4.968057005;41.31713759;0.1;False;ok;9;1;0.433;
3326;-4.868057005;41.31713759;0.1;False;ok;8;1;0.469;
3327;-4.768057005;41.31713759;0.1;False;ok;2;1;0.398;
3328;-4.568057005;41.31713759;0.1;False;ok;4;1;0.416;
3329;-4.468057005;41.31713759;0.1;False;ok;6;1;0.500;
3330;-4.368057005;41.31713759;0.1;False;ok;10;1;0.421;
3331;-4.268057005;41.31713759;0.1;False;ok;4;1;0.429;
3332;-4.168057005;41.31713759;0.1;False;ok;5;1;0.443;
3333;-3.968057005;41.31713759;0.1;False;ok;8;1;0.504;
3334;-3.868057005;41.31713759;0.1;False;ok;8;1;0.408;
3335;-3.668057005;41.31713759;0.1;False;ok;8;1;0.468;
3336;-3.568057005;41.31713759;0.1;False;ok;7;1;0.441;
3337;-3.468057005;41.31713759;0.1;False;ok;8;1;0.456;
3338;-3.368057005;41.31713759;0.1;False;ok;7;1;0.490;
3339;-3.268057005;41.31713759;0.1;False;ok;3;1;0.431;
3340;-3.068057005;41.31713759;0.1;False;ok;1;1;0.394;
3341;-6.168057005;41.41713759;0.1;False;ok;4;1;0.489;
3342;-5.968057005;41.41713759;0.1;False;ok;2;1;0.387;
3343;-5.868057005;41.41713759;0.1;False;ok;1;1;0.488;
3344;-5.768057005;41.41713759;0.1;False;ok;75;1;0.633;
3345;-5.668057005;41.41713759;0.1;False;ok;1;1;0.421;
3346;-5.568057005;41.41713759;0.1;False;ok;3;1;0.402;
3347;-5.168057005;41.41713759;0.1;False;ok;2;1;0.387;
3348;-5.068057005;41.41713759;0.1;False;ok;41;1;0.574;
3349;-4.968057005;41.41713759;0.1;False;ok;5;1;0.429;
3350;-4.768057005;41.41713759;0.1;False;ok;3;1;0.414;
3351;-4.668057005;41.41713759;0.1;False;ok;4;1;0.436;
3352;-4.468057005;41.41713759;0.1;False;ok;8;1;0.420;
3353;-4.068057005;41.41713759;0.1;False;ok;17;1;0.420;
3354;-3.868057005;41.41713759;0.1;False;ok;5;1;0.341;
3355;-3.668057005;41.41713759;0.1;False;ok;2;1;0.425;
3356;-3.568057005;41.41713759;0.1;False;ok;7;1;0.391;
3357;-3.468057005;41.41713759;0.1;False;ok;10;1;0.318;
3358;-3.068057005;41.41713759;0.1;False;ok;1;1;0.362;
3359;-2.968057005;41.41713759;0.1;False;ok;4;1;0.485;
3360;-2.868057005;41.41713759;0.1;False;ok;11;1;0.484;
3361;-2.768057005;41.41713759;0.1;False;ok;1;1;0.411;
3362;-2.568057005;41.41713759;0.1;False;ok;15;1;0.481;
3363;-6.268057005;41.51713759;0.1;True;ok;1;1;0.521;
3364;-6.168057005;41.51713759;0.1;False;ok;0;1;1.091;
3365;-6.068057005;41.51713759;0.1;False;ok;5;1;0.513;
3366;-5.768057005;41.51713759;0.1;False;ok;4;1;0.475;
3367;-5.668057005;41.51713759;0.1;False;ok;1;1;0.464;
3368;-5.468057005;41.51713759;0.1;False;ok;16;1;0.611;
3369;-5.268057005;41.51713759;0.1;False;ok;3;1;0.444;
3370;-4.968057005;41.51713759;0.1;False;ok;12;1;0.487;
3371;-4.868057005;41.51713759;0.1;False;ok;23;1;0.591;
3372;-4.768057005;41.51713759;0.1;False;ok;18;1;0.505;
3373;-4.668057005;41.51713759;0.1;False;ok;3;1;0.369;
3374;-4.568057005;41.51713759;0.1;False;ok;10;1;0.424;
3375;-4.468057005;41.51713759;0.1;False;ok;6;1;0.444;
3376;-4.168057005;41.51713759;0.1;False;ok;26;1;0.456;
3377;-3.768057005;41.51713759;0.1;False;ok;7;1;0.512;
3378;-3.668057005;41.51713759;0.1;False;ok;3;1;0.534;
3379;-3.568057005;41.51713759;0.1;False;ok;2;1;0.439;
3380;-3.468057005;41.51713759;0.1;False;ok;2;1;0.466;
3381;-3.268057005;41.51713759;0.1;False;ok;16;1;0.513;
3382;-3.168057005;41.51713759;0.1;False;ok;28;1;0.521;
3383;-3.068057005;41.51713759;0.1;False;ok;18;1;0.493;
3384;-2.968057005;41.51713759;0.1;False;ok;2;1;0.454;
3385;-2.868057005;41.51713759;0.1;False;ok;3;1;0.438;
3386;-6.268057005;41.61713759;0.1;False;ok;1;1;0.341;
3387;-6.068057005;41.61713759;0.1;False;ok;2;1;0.393;
3388;-5.868057005;41.61713759;0.1;False;ok;1;1;0.420;
3389;-5.768057005;41.61713759;0.1;False;ok;4;1;0.408;
3390;-5.368057005;41.61713759;0.1;False;ok;1;1;0.336;
3391;-5.268057005;41.61713759;0.1;False;ok;4;1;0.465;
3392;-5.068057005;41.61713759;0.1;False;ok;1;1;0.394;
3393;-4.868057005;41.61713759;0.1;False;ok;10;1;0.552;
3394;-4.768057005;41.61713759;0.1;False;ok;75;1;0.798;
3395;-4.368057005;41.61713759;0.1;False;ok;7;1;0.448;
3396;-4.268057005;41.61713759;0.1;False;ok;4;1;0.377;
3397;-4.168057005;41.61713759;0.1;False;ok;16;1;0.486;
3398;-3.968057005;41.61713759;0.1;False;ok;9;1;0.467;
3399;-3.868057005;41.61713759;0.1;False;ok;4;1;0.399;
3400;-3.768057005;41.61713759;0.1;False;ok;31;1;0.603;
3401;-3.668057005;41.61713759;0.1;False;ok;11;1;0.475;
3402;-3.568057005;41.61713759;0.1;False;ok;10;1;0.540;
3403;-3.468057005;41.61713759;0.1;False;ok;1;1;0.426;
3404;-3.068057005;41.61713759;0.1;False;ok;10;1;0.496;
3405;-2.868057005;41.61713759;0.1;False;ok;9;1;0.505;
3406;-2.668057005;41.61713759;0.1;False;ok;2;1;0.466;
3407;-2.32757849;38.31713759;0.1;False;ok;12;1;0.523;
3408;-2.32757849;38.41713759;0.1;False;ok;11;1;0.487;
3409;-2.32757849;38.51713759;0.1;False;ok;1;1;0.357;
3410;-2.32757849;38.61713759;0.1;False;ok;3;1;0.521;
3411;-2.32757849;38.71713759;0.1;False;ok;2;1;0.487;
3412;-2.32757849;39.21713759;0.1;False;ok;2;1;0.379;
3413;-2.32757849;39.31713759;0.1;False;ok;8;1;0.424;
3414;-2.32757849;39.41713759;0.1;False;ok;2;1;0.452;
3415;-2.32757849;39.51713759;0.1;False;ok;1;1;0.451;
3416;-2.32757849;39.81713759;0.1;False;ok;1;1;0.436;
3417;-2.32757849;40.01713759;0.1;False;ok;3;1;0.465;
3418;-2.32757849;40.11713759;0.1;False;ok;0;1;1.142;
3419;-2.32757849;40.21713759;0.1;False;ok;1;1;0.348;
3420;-2.32757849;40.31713759;0.1;False;ok;2;1;0.435;
3421;-2.32757849;40.41713759;0.1;False;ok;8;1;0.496;
3422;-2.32757849;40.71713759;0.1;False;ok;3;1;0.442;
3423;-2.32757849;41.11713759;0.1;False;ok;0;1;1.190;
3424;-2.32757849;41.21713759;0.1;False;ok;1;1;0.479;
3425;-2.22757849;38.41713759;0.1;False;ok;4;1;0.384;
3426;-2.22757849;38.51713759;0.1;False;ok;15;1;0.468;
3427;-2.22757849;38.61713759;0.1;False;ok;0;1;1.179;
3428;-2.22757849;39.11713759;0.1;False;ok;8;1;0.321;
3429;-2.22757849;39.31713759;0.1;False;ok;3;1;0.376;
3430;-2.22757849;39.61713759;0.1;False;ok;1;1;0.427;
3431;-2.22757849;39.71713759;0.1;False;ok;13;1;0.515;
3432;-2.22757849;39.91713759;0.1;False;ok;4;1;0.461;
3433;-2.22757849;40.06713759;0.05;False;ok;25;1;0.472;
3434;-2.22757849;40.11713759;0.1;False;ok;1;1;0.420;
3435;-2.22757849;40.31713759;0.1;False;ok;3;1;0.447;
3436;-2.22757849;40.41713759;0.1;False;ok;1;1;0.360;
3437;-2.22757849;40.51713759;0.1;False;ok;4;1;0.481;
3438;-2.22757849;40.71713759;0.1;False;ok;0;1;1.171;
3439;-2.22757849;40.81713759;0.1;False;ok;9;1;0.539;
3440;-2.22757849;41.21713759;0.1;False;ok;4;1;0.466;
3441;-2.22757849;41.41713759;0.1;False;ok;1;1;0.376;
3442;-2.22757849;41.61713759;0.1;False;ok;2;1;0.477;
3443;-2.17757849;40.01713759;0.05;False;ok;6;1;0.422;
3444;-2.17757849;40.06713759;0.025;False;ok;1;1;0.368;
3445;-2.15257849;40.06713759;0.0125;False;ok;6;1;0.477;
3446;-2.14007849;40.06713759;0.00625;False;ok;42;1;0.625;
3447;-2.14007849;40.07338759;0.00625;False;ok;50;1;0.504;
3448;-2.14007849;40.07963759;0.0125;False;ok;15;1;0.520;
3449;-2.13382849;40.06713759;0.00625;False;ok;22;1;0.516;
3450;-2.13382849;40.07338759;0.00625;False;ok;75;1;0.713;
3451;-2.12757849;38.31713759;0.1;False;ok;16;1;0.566;
3452;-2.12757849;38.41713759;0.1;False;ok;16;1;0.547;
3453;-2.12757849;38.51713759;0.1;False;ok;14;1;0.468;
3454;-2.12757849;38.61713759;0.1;False;ok;1;1;0.361;
3455;-2.12757849;38.81713759;0.1;False;ok;0;1;1.097;
3456;-2.12757849;39.21713759;0.1;False;ok;5;1;0.476;
3457;-2.12757849;39.41713759;0.1;False;ok;8;1;0.452;
3458;-2.12757849;39.51713759;0.1;False;ok;9;1;0.509;
3459;-2.12757849;39.71713759;0.1;False;ok;1;1;0.412;
3460;-2.12757849;39.91713759;0.1;False;ok;15;1;0.530;
3461;-2.12757849;40.01713759;0.1;False;ok;13;1;0.463;
3462;-2.12757849;40.11713759;0.1;False;ok;6;1;0.492;
3463;-2.12757849;40.21713759;0.1;False;ok;13;1;0.461;
3464;-2.12757849;40.41713759;0.1;False;ok;0;1;1.113;
3465;-2.12757849;40.51713759;0.1;False;ok;7;1;0.456;
3466;-2.12757849;40.61713759;0.1;False;ok;4;1;0.549;
3467;-2.12757849;40.81713759;0.1;False;ok;1;1;0.397;
3468;-2.12757849;40.91713759;0.1;False;ok;0;1;1.166;
3469;-2.12757849;41.01713759;0.1;False;ok;1;1;0.381;
3470;-2.12757849;41.21713759;0.1;False;ok;7;1;0.580;
3471;-2.12757849;41.61713759;0.1;False;ok;2;1;0.436;
3472;-2.02757849;38.21713759;0.1;False;ok;3;1;0.445;
3473;-2.02757849;38.31713759;0.1;False;ok;7;1;0.455;
3474;-2.02757849;38.41713759;0.1;False;ok;1;1;0.431;
3475;-2.02757849;38.51713759;0.1;False;ok;2;1;0.397;
3476;-2.02757849;39.41713759;0.1;False;ok;1;1;0.536;
3477;-2.02757849;39.91713759;0.1;False;ok;3;1;0.447;
3478;-2.02757849;40.11713759;0.1;False;ok;7;1;0.498;
3479;-2.02757849;40.21713759;0.1;False;ok;15;1;0.489;
3480;-2.02757849;40.31713759;0.1;False;ok;1;1;0.331;
3481;-2.02757849;40.41713759;0.1;False;ok;1;1;0.418;
3482;-2.02757849;40.61713759;0.1;False;ok;3;1;0.462;
3483;-2.02757849;40.71713759;0.1;False;ok;2;1;0.488;
3484;-2.02757849;40.81713759;0.1;False;ok;6;1;0.432;
3485;-2.02757849;40.91713759;0.1;False;ok;1;1;0.316;
3486;-2.02757849;41.41713759;0.1;False;ok;2;1;0.508;
3487;-1.92757849;38.21713759;0.1;False;ok;8;1;0.436;
3488;-1.92757849;38.41713759;0.1;False;ok;0;1;1.090;
3489;-1.92757849;38.91713759;0.1;False;ok;74;1;0.648;
3490;-1.92757849;39.31713759;0.1;False;ok;1;1;0.405;
3491;-1.92757849;39.51713759;0.1;False;ok;4;1;0.446;
3492;-1.92757849;39.71713759;0.1;False;ok;1;1;0.471;
3493;-1.92757849;39.81713759;0.1;False;ok;1;1;0.359;
3494;-1.92757849;39.91713759;0.1;False;ok;1;1;0.382;
3495;-1.92757849;40.11713759;0.1;False;ok;0;1;1.119;
3496;-1.92757849;40.31713759;0.1;False;ok;22;1;0.417;
3497;-1.92757849;40.41713759;0.1;False;ok;3;1;0.374;
3498;-1.92757849;40.51713759;0.1;False;ok;6;1;0.494;
3499;-1.92757849;40.61713759;0.1;False;ok;1;1;0.388;
3500;-1.92757849;40.71713759;0.1;False;ok;1;1;0.391;
3501;-1.92757849;40.81713759;0.1;False;ok;16;1;0.555;
3502;-1.92757849;41.11713759;0.1;False;ok;10;1;0.487;
3503;-1.92757849;41.21713759;0.1;False;ok;29;1;0.429;
3504;-1.92757849;41.41713759;0.1;False;ok;1;1;0.366;
3505;-1.92757849;41.51713759;0.1;False;ok;1;1;0.507;
3506;-1.82757849;38.91713759;0.1;False;ok;3;1;0.450;
3507;-1.82757849;39.11713759;0.1;False;ok;2;1;0.544;
3508;-1.82757849;39.51713759;0.1;False;ok;5;1;0.489;
3509;-1.82757849;39.81713759;0.1;False;ok;12;1;0.491;
3510;-1.82757849;39.91713759;0.1;False;ok;3;1;0.452;
3511;-1.82757849;40.21713759;0.1;False;ok;2;1;0.357;
3512;-1.82757849;40.51713759;0.1;False;ok;1;1;0.398;
3513;-1.82757849;40.61713759;0.1;False;ok;1;1;0.379;
3514;-1.82757849;41.11713759;0.1;False;ok;15;1;0.594;
3515;-1.82757849;41.21713759;0.1;False;ok;6;1;0.482;
3516;-1.82757849;41.31713759;0.1;False;ok;10;1;0.462;
3517;-1.82757849;41.41713759;0.1;False;ok;1;1;0.359;
3518;-1.82757849;41.61713759;0.1;False;ok;1;1;0.438;
3519;-1.72757849;38.21713759;0.1;False;ok;9;1;0.497;
3520;-1.72757849;38.41713759;0.1;False;ok;11;1;0.450;
3521;-1.72757849;38.51713759;0.1;False;ok;3;1;0.474;
3522;-1.72757849;38.81713759;0.1;False;ok;3;1;0.462;
3523;-1.72757849;38.91713759;0.1;False;ok;4;1;0.349;
3524;-1.72757849;39.01713759;0.1;False;ok;4;1;0.386;
3525;-1.72757849;39.11713759;0.1;False;ok;13;1;0.516;
3526;-1.72757849;39.21713759;0.1;False;ok;1;1;0.398;
3527;-1.72757849;39.41713759;0.1;False;ok;2;1;0.512;
3528;-1.72757849;39.51713759;0.1;False;ok;2;1;0.375;
3529;-1.72757849;39.71713759;0.1;False;ok;5;1;0.677;
3530;-1.72757849;39.81713759;0.1;False;ok;1;1;0.333;
3531;-1.72757849;40.01713759;0.1;False;ok;6;1;0.421;
3532;-1.72757849;40.11713759;0.1;False;ok;7;1;0.465;
3533;-1.72757849;40.31713759;0.1;False;ok;6;1;0.448;
3534;-1.72757849;40.41713759;0.1;False;ok;3;1;0.422;
3535;-1.72757849;40.51713759;0.1;False;ok;8;1;0.441;
3536;-1.72757849;40.71713759;0.1;False;ok;1;1;0.486;
3537;-1.72757849;40.81713759;0.1;False;ok;2;1;0.698;
3538;-1.72757849;41.21713759;0.1;False;ok;12;1;0.442;
3539;-1.72757849;41.31713759;0.1;False;ok;31;1;0.535;
3540;-1.72757849;41.41713759;0.1;False;ok;2;1;0.454;
3541;-1.72757849;41.51713759;0.1;False;ok;2;1;0.462;
3542;-1.72757849;41.61713759;0.1;False;ok;0;1;1.212;
3543;-1.62757849;38.51713759;0.1;False;ok;1;1;0.836;
3544;-1.62757849;38.81713759;0.1;False;ok;1;1;0.400;
3545;-1.62757849;38.91713759;0.1;False;ok;1;1;0.385;
3546;-1.62757849;39.11713759;0.1;False;ok;5;1;0.488;
3547;-1.62757849;39.21713759;0.1;False;ok;4;1;0.452;
3548;-1.62757849;39.31713759;0.1;False;ok;8;1;0.482;
3549;-1.62757849;39.51713759;0.1;False;ok;2;1;0.489;
3550;-1.62757849;39.61713759;0.1;False;ok;5;1;0.472;
3551;-1.62757849;39.91713759;0.1;False;ok;0;1;1.095;
3552;-1.62757849;40.21713759;0.1;False;ok;0;1;1.200;
3553;-1.62757849;40.31713759;0.1;False;ok;3;1;0.406;
3554;-1.62757849;40.41713759;0.1;False;ok;21;1;0.476;
3555;-1.62757849;40.81713759;0.1;False;ok;1;1;0.437;
3556;-1.62757849;40.91713759;0.1;False;ok;1;1;0.344;
3557;-1.62757849;41.21713759;0.1;False;ok;4;1;0.465;
3558;-1.62757849;41.31713759;0.1;False;ok;4;1;0.452;
3559;-1.62757849;41.41713759;0.1;False;ok;2;1;0.522;
3560;-1.62757849;41.51713759;0.1;False;ok;1;1;0.413;
3561;-1.52757849;38.21713759;0.1;False;ok;1;1;0.395;
3562;-1.52757849;38.61713759;0.1;False;ok;4;1;0.457;
3563;-1.52757849;38.81713759;0.1;False;ok;0;1;1.153;
3564;-1.52757849;38.91713759;0.1;False;ok;2;1;0.442;
3565;-1.52757849;39.11713759;0.1;False;ok;74;1;0.631;
3566;-1.52757849;39.21713759;0.1;False;ok;6;1;0.379;
3567;-1.52757849;39.51713759;0.1;False;ok;6;1;0.489;
3568;-1.52757849;40.01713759;0.1;False;ok;2;1;0.393;
3569;-1.52757849;40.21713759;0.1;False;ok;3;1;0.339;
3570;-1.52757849;40.31713759;0.1;False;ok;71;1;0.658;
3571;-1.52757849;40.41713759;0.1;False;ok;5;1;0.484;
3572;-1.52757849;40.51713759;0.1;False;ok;0;1;1.207;
3573;-1.52757849;40.81713759;0.1;False;ok;0;1;1.139;
3574;-1.52757849;40.91713759;0.1;False;ok;5;1;0.463;
3575;-1.52757849;41.11713759;0.1;False;ok;3;1;0.405;
3576;-1.42757849;38.21713759;0.1;False;ok;5;1;0.503;
3577;-1.42757849;38.41713759;0.1;False;ok;5;1;0.478;
3578;-1.42757849;38.61713759;0.1;False;ok;0;1;1.158;
3579;-1.42757849;39.01713759;0.1;False;ok;5;1;0.576;
3580;-1.42757849;39.11713759;0.1;False;ok;41;1;0.575;
3581;-1.42757849;39.21713759;0.1;False;ok;14;1;0.460;
3582;-1.42757849;39.31713759;0.1;False;ok;2;1;0.534;
3583;-1.42757849;39.41713759;0.1;False;ok;8;1;0.556;
3584;-1.42757849;39.71713759;0.1;False;ok;0;1;1.216;
3585;-1.42757849;39.81713759;0.1;False;ok;1;1;0.358;
3586;-1.42757849;39.91713759;0.1;False;ok;3;1;0.481;
3587;-1.42757849;40.01713759;0.1;False;ok;0;1;1.134;
3588;-1.42757849;40.11713759;0.1;False;ok;5;1;0.407;
3589;-1.42757849;40.21713759;0.1;False;ok;3;1;0.420;
3590;-1.42757849;40.31713759;0.1;False;ok;10;1;0.532;
3591;-1.42757849;40.71713759;0.1;False;ok;4;1;0.388;
3592;-1.42757849;40.81713759;0.1;False;ok;4;1;0.430;
3593;-1.42757849;41.01713759;0.1;False;ok;7;1;0.473;
3594;-1.42757849;41.11713759;0.1;False;ok;2;1;0.424;
3595;-1.42757849;41.41713759;0.1;False;ok;2;1;0.471;
3596;-1.32757849;38.31713759;0.1;False;ok;0;1;1.117;
3597;-1.32757849;38.41713759;0.1;False;ok;1;1;0.425;
3598;-1.32757849;38.71713759;0.1;False;ok;1;1;0.489;
3599;-1.32757849;38.91713759;0.1;False;ok;4;1;0.535;
3600;-1.32757849;39.01713759;0.1;False;ok;4;1;0.389;
3601;-1.32757849;39.11713759;0.1;False;ok;2;1;0.489;
3602;-1.32757849;39.21713759;0.1;False;ok;0;1;1.167;
3603;-1.32757849;39.31713759;0.1;False;ok;1;1;0.483;
3604;-1.32757849;39.41713759;0.1;False;ok;1;1;0.408;
3605;-1.32757849;39.51713759;0.1;False;ok;6;1;0.493;
3606;-1.32757849;39.71713759;0.1;False;ok;2;1;0.459;
3607;-1.32757849;39.81713759;0.1;False;ok;5;1;0.442;
3608;-1.32757849;39.91713759;0.1;False;ok;3;1;0.346;
3609;-1.32757849;40.01713759;0.1;False;ok;15;1;0.501;
3610;-1.32757849;40.11713759;0.1;False;ok;10;1;0.528;
3611;-1.32757849;40.21713759;0.1;False;ok;2;1;0.421;
3612;-1.32757849;40.31713759;0.1;False;ok;5;1;0.440;
3613;-1.32757849;40.41713759;0.1;False;ok;15;1;0.395;
3614;-1.32757849;40.51713759;0.1;False;ok;5;1;0.428;
3615;-1.32757849;40.61713759;0.1;False;ok;1;1;0.406;
3616;-1.32757849;40.81713759;0.1;False;ok;1;1;0.367;
3617;-1.32757849;40.91713759;0.1;False;ok;9;1;0.427;
3618;-1.32757849;41.01713759;0.1;False;ok;2;1;0.473;
3619;-1.32757849;41.41713759;0.1;False;ok;1;1;0.467;
3620;-1.32757849;41.51713759;0.1;False;ok;1;1;0.347;
3621;-1.32757849;41.61713759;0.1;False;ok;7;1;0.502;
3622;-1.22757849;38.21713759;0.1;False;ok;4;1;0.433;
3623;-1.22757849;38.31713759;0.1;False;ok;2;1;0.417;
3624;-1.22757849;38.41713759;0.1;False;ok;1;1;0.361;
3625;-1.22757849;38.61713759;0.1;False;ok;4;1;0.302;
3626;-1.22757849;38.91713759;0.1;False;ok;1;1;0.334;
3627;-1.22757849;39.21713759;0.1;False;ok;0;1;1.150;
3628;-1.22757849;39.41713759;0.1;False;ok;2;1;0.416;
3629;-1.22757849;39.51713759;0.1;False;ok;9;1;0.546;
3630;-1.22757849;39.91713759;0.1;False;ok;3;1;0.380;
3631;-1.22757849;40.01713759;0.1;False;ok;2;1;0.484;
3632;-1.22757849;40.21713759;0.1;False;ok;8;1;0.528;
3633;-1.22757849;40.31713759;0.1;False;ok;12;1;0.498;
3634;-1.22757849;40.61713759;0.1;False;ok;4;1;0.437;
3635;-1.22757849;41.31713759;0.1;False;ok;6;1;0.373;
3636;-1.12757849;38.21713759;0.1;False;ok;2;1;0.413;
3637;-1.12757849;38.31713759;0.1;False;ok;11;1;0.601;
3638;-1.12757849;38.41713759;0.1;False;ok;7;1;0.505;
3639;-1.12757849;38.51713759;0.1;False;ok;18;1;0.538;
3640;-1.12757849;38.61713759;0.1;False;ok;3;1;0.321;
3641;-1.12757849;38.81713759;0.1;False;ok;28;1;0.437;
3642;-1.12757849;38.91713759;0.1;False;ok;1;1;0.389;
3643;-1.12757849;39.01713759;0.1;False;ok;14;1;0.423;
3644;-1.12757849;39.11713759;0.1;False;ok;6;1;0.433;
3645;-1.12757849;39.21713759;0.1;False;ok;3;1;0.399;
3646;-1.12757849;39.31713759;0.1;False;ok;3;1;0.424;
3647;-1.12757849;39.41713759;0.1;False;ok;23;1;0.553;
3648;-1.12757849;39.71713759;0.1;False;ok;1;1;0.418;
3649;-1.12757849;39.81713759;0.1;False;ok;2;1;0.441;
3650;-1.12757849;39.91713759;0.1;False;ok;3;1;0.448;
3651;-1.12757849;40.11713759;0.1;False;ok;17;1;0.487;
3652;-1.12757849;40.21713759;0.1;False;ok;2;1;0.436;
3653;-1.12757849;40.31713759;0.1;False;ok;74;1;0.578;
3654;-1.12757849;40.41713759;0.1;False;ok;4;1;0.469;
3655;-1.12757849;40.51713759;0.1;False;ok;2;1;0.389;
3656;-1.12757849;41.01713759;0.1;False;ok;1;1;0.424;
3657;-1.02757849;38.21713759;0.1;False;ok;11;1;0.566;
3658;-1.02757849;38.31713759;0.1;False;ok;6;1;0.510;
3659;-1.02757849;38.41713759;0.1;False;ok;9;1;0.471;
3660;-1.02757849;38.61713759;0.1;False;ok;13;1;0.462;
3661;-1.02757849;39.21713759;0.1;False;ok;4;1;0.462;
3662;-1.02757849;39.31713759;0.1;False;ok;1;1;0.450;
3663;-1.02757849;39.41713759;0.1;False;ok;2;1;0.449;
3664;-1.02757849;39.51713759;0.1;False;ok;6;1;0.481;
3665;-1.02757849;39.71713759;0.1;False;ok;8;1;0.436;
3666;-1.02757849;39.81713759;0.1;False;ok;8;1;0.458;
3667;-1.02757849;39.91713759;0.1;False;ok;3;1;0.473;
3668;-1.02757849;40.11713759;0.1;False;ok;3;1;0.425;
3669;-1.02757849;40.21713759;0.1;False;ok;5;1;0.415;
3670;-1.02757849;40.81713759;0.1;False;ok;1;1;0.346;
3671;-1.02757849;41.31713759;0.1;False;ok;2;1;0.518;
3672;-1.02757849;41.51713759;0.1;False;ok;4;1;0.517;
3673;-1.02757849;41.61713759;0.1;False;ok;20;1;0.568;
3674;-0.92757849;38.21713759;0.1;False;ok;4;1;0.513;
3675;-0.92757849;38.31713759;0.1;False;ok;11;1;0.495;
3676;-0.92757849;38.41713759;0.1;False;ok;9;1;0.393;
3677;-0.92757849;38.51713759;0.1;False;ok;6;1;0.462;
3678;-0.92757849;38.61713759;0.1;False;ok;24;1;0.561;
3679;-0.92757849;38.91713759;0.1;False;ok;0;1;1.184;
3680;-0.92757849;39.31713759;0.1;False;ok;2;1;0.355;
3681;-0.92757849;39.41713759;0.1;False;ok;9;1;0.488;
3682;-0.92757849;39.51713759;0.1;False;ok;1;1;0.361;
3683;-0.92757849;39.61713759;0.1;False;ok;50;1;0.616;
3684;-0.92757849;40.01713759;0.1;False;ok;8;1;0.469;
3685;-0.92757849;40.11713759;0.1;False;ok;2;1;0.446;
3686;-0.92757849;40.31713759;0.1;False;ok;4;1;0.462;
3687;-0.92757849;40.61713759;0.1;False;ok;3;1;0.383;
3688;-0.92757849;40.71713759;0.1;False;ok;1;1;0.356;
3689;-0.92757849;40.81713759;0.1;False;ok;1;1;0.441;
3690;-0.92757849;41.01713759;0.1;False;ok;1;1;0.328;
3691;-0.92757849;41.21713759;0.1;False;ok;3;1;0.434;
3692;-0.92757849;41.61713759;0.025;False;ok;6;1;0.480;
3693;-0.92757849;41.64213759;0.025;False;ok;24;1;0.535;
3694;-0.92757849;41.66713759;0.05;False;ok;6;1;0.515;
3695;-0.90257849;41.61713759;0.025;False;ok;25;1;0.463;
3696;-0.90257849;41.64213759;0.0125;False;ok;33;1;0.472;
3697;-0.90257849;41.65463759;0.0125;False;ok;24;1;0.438;
3698;-0.89007849;41.64213759;0.0125;False;ok;74;1;0.654;
3699;-0.89007849;41.65463759;0.0125;False;ok;75;1;0.798;
3700;-0.87757849;41.61713759;0.05;False;ok;76;1;0.636;
3701;-0.87757849;41.66713759;0.05;False;ok;6;1;0.446;
3702;-0.82757849;38.21713759;0.1;False;ok;18;1;0.636;
3703;-0.82757849;38.31713759;0.1;False;ok;32;1;0.548;
3704;-0.82757849;38.41713759;0.1;False;ok;18;1;0.505;
3705;-0.82757849;38.51713759;0.1;False;ok;3;1;0.502;
3706;-0.82757849;38.61713759;0.1;False;ok;23;1;0.523;
3707;-0.82757849;38.71713759;0.1;False;ok;4;1;0.417;
3708;-0.82757849;38.81713759;0.1;False;ok;7;1;0.491;
3709;-0.82757849;38.91713759;0.1;False;ok;4;1;0.445;
3710;-0.82757849;39.01713759;0.1;False;ok;4;1;0.485;
3711;-0.82757849;39.31713759;0.1;False;ok;17;1;0.446;
3712;-0.82757849;39.41713759;0.1;False;ok;9;1;0.445;
3713;-0.82757849;39.51713759;0.1;False;ok;0;1;1.096;
3714;-0.82757849;39.71713759;0.1;False;ok;3;1;0.424;
3715;-0.82757849;39.91713759;0.1;False;ok;0;1;1.191;
3716;-0.82757849;40.01713759;0.1;False;ok;9;1;0.376;
3717;-0.82757849;40.11713759;0.1;False;ok;6;1;0.399;
3718;-0.82757849;40.21713759;0.1;False;ok;44;1;0.537;
3719;-0.82757849;40.31713759;0.1;False;ok;2;1;0.498;
3720;-0.82757849;40.41713759;0.1;False;ok;5;1;0.512;
3721;-0.82757849;40.51713759;0.1;False;ok;0;1;1.184;
3722;-0.82757849;40.61713759;0.1;False;ok;3;1;0.438;
3723;-0.82757849;41.21713759;0.1;False;ok;11;1;0.454;
3724;-0.82757849;41.51713759;0.1;False;ok;2;1;0.480;
3725;-0.82757849;41.61713759;0.1;False;ok;3;1;0.470;
3726;-0.72757849;38.21713759;0.1;False;ok;68;1;0.695;
3727;-0.72757849;38.31713759;0.1;False;ok;7;1;0.471;
3728;-0.72757849;38.41713759;0.1;False;ok;6;1;0.515;
3729;-0.72757849;38.51713759;0.1;False;ok;12;1;0.422;
3730;-0.72757849;38.61713759;0.1;False;ok;24;1;0.489;
3731;-0.72757849;38.71713759;0.1;False;ok;5;1;0.401;
3732;-0.72757849;38.81713759;0.1;False;ok;6;1;0.461;
3733;-0.72757849;38.91713759;0.1;False;ok;7;1;0.405;
3734;-0.72757849;39.01713759;0.1;False;ok;53;1;0.525;
3735;-0.72757849;39.21713759;0.1;False;ok;0;1;1.122;
3736;-0.72757849;39.31713759;0.1;False;ok;22;1;0.424;
3737;-0.72757849;39.41713759;0.1;False;ok;9;1;0.406;
3738;-0.72757849;39.51713759;0.1;False;ok;10;1;0.492;
3739;-0.72757849;39.61713759;0.1;False;ok;13;1;0.480;
3740;-0.72757849;39.91713759;0.1;False;ok;4;1;0.421;
3741;-0.72757849;40.01713759;0.1;False;ok;12;1;0.382;
3742;-0.72757849;40.11713759;0.1;False;ok;22;1;0.483;
3743;-0.72757849;40.21713759;0.1;False;ok;4;1;0.419;
3744;-0.72757849;40.31713759;0.1;False;ok;22;1;0.497;
3745;-0.72757849;40.41713759;0.1;False;ok;6;1;0.523;
3746;-0.72757849;40.51713759;0.1;False;ok;4;1;0.333;
3747;-0.72757849;40.61713759;0.1;False;ok;3;1;0.425;
3748;-0.72757849;40.81713759;0.1;False;ok;4;1;0.412;
3749;-0.72757849;40.91713759;0.1;False;ok;1;1;0.408;
3750;-0.72757849;41.01713759;0.1;False;ok;2;1;0.497;
3751;-0.72757849;41.11713759;0.1;False;ok;4;1;0.448;
3752;-0.72757849;41.31713759;0.1;False;ok;2;1;0.335;
3753;-0.72757849;41.51713759;0.1;False;ok;4;1;0.401;
3754;-0.62757849;38.21713759;0.1;False;ok;75;1;0.785;
3755;-0.62757849;38.31713759;0.1;False;ok;13;1;0.415;
3756;-0.62757849;38.41713759;0.1;False;ok;11;1;0.494;
3757;-0.62757849;38.51713759;0.1;False;ok;8;1;0.447;
3758;-0.62757849;38.61713759;0.1;False;ok;14;1;0.549;
3759;-0.62757849;38.71713759;0.1;False;ok;28;1;0.569;
3760;-0.62757849;38.81713759;0.1;False;ok;22;1;0.429;
3761;-0.62757849;39.01713759;0.1;False;ok;6;1;0.420;
3762;-0.62757849;39.11713759;0.1;False;ok;3;1;0.456;
3763;-0.62757849;39.21713759;0.1;False;ok;7;1;0.463;
3764;-0.62757849;39.31713759;0.1;False;ok;12;1;0.454;
3765;-0.62757849;39.41713759;0.1;False;ok;24;1;0.642;
3766;-0.62757849;39.51713759;0.1;False;ok;23;1;0.474;
3767;-0.62757849;39.61713759;0.1;False;ok;18;1;0.437;
3768;-0.62757849;39.81713759;0.1;False;ok;12;1;0.447;
3769;-0.62757849;39.91713759;0.1;False;ok;19;1;0.553;
3770;-0.62757849;40.01713759;0.1;False;ok;7;1;0.406;
3771;-0.62757849;40.11713759;0.1;False;ok;17;1;0.466;
3772;-0.62757849;40.31713759;0.1;False;ok;19;1;0.453;
3773;-0.62757849;40.61713759;0.1;False;ok;2;1;0.435;
3774;-0.62757849;40.71713759;0.1;False;ok;3;1;0.462;
3775;-0.62757849;40.81713759;0.1;False;ok;3;1;0.379;
3776;-0.62757849;41.41713759;0.1;False;ok;1;1;0.372;
3777;-0.52757849;38.21713759;0.0125;False;ok;73;1;0.519;
3778;-0.52757849;38.22963759;0.0125;False;ok;75;1;0.716;
3779;-0.52757849;38.24213759;0.00625;False;ok;5;1;0.467;
3780;-0.52757849;38.24838759;0.00625;False;ok;31;1;0.474;
3781;-0.52757849;38.25463759;0.0125;False;ok;44;1;0.539;
3782;-0.52757849;38.26713759;0.05;False;ok;27;1;0.590;
3783;-0.52757849;38.31713759;0.025;False;ok;11;1;0.542;
3784;-0.52757849;38.34213759;0.025;False;ok;10;1;0.455;
3785;-0.52757849;38.36713759;0.05;False;ok;51;1;0.522;
3786;-0.52757849;38.41713759;0.1;False;ok;67;1;0.661;
3787;-0.52757849;38.51713759;0.1;False;ok;7;1;0.401;
3788;-0.52757849;38.61713759;0.1;False;ok;19;1;0.464;
3789;-0.52757849;38.71713759;0.1;False;ok;12;1;0.393;
3790;-0.52757849;38.81713759;0.1;False;ok;7;1;0.322;
3791;-0.52757849;38.91713759;0.1;False;ok;38;1;0.578;
3792;-0.52757849;39.01713759;0.1;False;ok;7;1;0.461;
3793;-0.52757849;39.11713759;0.1;False;ok;25;1;0.479;
3794;-0.52757849;39.21713759;0.1;False;ok;11;1;0.417;
3795;-0.52757849;39.31713759;0.1;False;ok;18;1;0.429;
3796;-0.52757849;39.41713759;0.1;False;ok;68;1;0.543;
3797;-0.52757849;39.51713759;0.1;False;ok;46;1;0.479;
3798;-0.52757849;39.61713759;0.1;False;ok;13;1;0.378;
3799;-0.52757849;39.71713759;0.1;False;ok;5;1;0.477;
3800;-0.52757849;39.81713759;0.1;False;ok;58;1;0.533;
3801;-0.52757849;39.91713759;0.1;False;ok;3;1;0.448;
3802;-0.52757849;40.01713759;0.1;False;ok;22;1;0.521;
3803;-0.52757849;40.11713759;0.1;False;ok;4;1;0.461;
3804;-0.52757849;40.21713759;0.1;False;ok;8;1;0.436;
3805;-0.52757849;40.31713759;0.1;False;ok;9;1;0.451;
3806;-0.52757849;40.41713759;0.1;False;ok;4;1;0.379;
3807;-0.52757849;40.71713759;0.1;False;ok;5;1;0.379;
3808;-0.52757849;40.81713759;0.1;False;ok;8;1;0.451;
3809;-0.52757849;40.91713759;0.1;False;ok;4;1;0.467;
3810;-0.52757849;41.11713759;0.1;False;ok;11;1;0.445;
3811;-0.52757849;41.41713759;0.1;False;ok;2;1;0.431;
3812;-0.52132849;38.24213759;0.00625;False;ok;66;1;0.574;
3813;-0.52132849;38.24838759;0.00625;False;ok;71;1;0.601;
3814;-0.50257849;38.31713759;0.025;False;ok;64;1;0.612;
3815;-0.50257849;38.34213759;0.0125;False;ok;74;1;0.640;
3816;-0.50257849;38.35463759;0.0125;False;ok;16;1;0.463;
3817;-0.49007849;38.34213759;0.003125;False;ok;19;1;0.455;
3818;-0.49007849;38.34526259;0.003125;False;ok;53;1;0.596;
3819;-0.49007849;38.34838759;0.00625;False;ok;74;1;0.693;
3820;-0.49007849;38.35463759;0.0125;False;ok;74;1;0.633;
3821;-0.48695349;38.34213759;0.003125;False;ok;74;1;0.598;
3822;-0.48695349;38.34526259;0.003125;False;ok;63;1;0.653;
3823;-0.48382849;38.34213759;0.003125;False;ok;74;1;0.685;
3824;-0.48382849;38.34526259;0.0015625;False;ok;68;1;0.573;
3825;-0.48382849;38.34682509;0.0015625;False;ok;43;1;0.482;
3826;-0.48382849;38.34838759;0.00625;False;ok;75;1;0.672;
3827;-0.48226599;38.34526259;0.0015625;False;ok;69;1;0.591;
3828;-0.48226599;38.34682509;0.0015625;False;ok;30;1;0.510;
3829;-0.48070349;38.34213759;0.003125;False;ok;31;1;0.579;
3830;-0.48070349;38.34526259;0.003125;False;ok;65;1;0.636;
3831;-0.47757849;38.34213759;0.025;False;ok;74;1;0.627;
3832;-0.47757849;38.36713759;0.05;False;ok;52;1;0.645;
3833;-0.45257849;38.34213759;0.025;False;ok;73;1;0.553;
3834;-0.42757849;38.31713759;0.05;False;ok;73;1;0.596;
3835;-0.42757849;38.36713759;0.0125;False;ok;41;1;0.534;
3836;-0.42757849;38.37963759;0.0125;False;ok;30;1;0.556;
3837;-0.42757849;38.39213759;0.025;False;ok;73;1;0.595;
3838;-0.42757849;38.41713759;0.025;False;ok;7;1;0.425;
3839;-0.42757849;38.46713759;0.05;False;ok;6;1;0.413;
3840;-0.42757849;38.51713759;0.1;False;ok;6;1;0.417;
3841;-0.42757849;38.61713759;0.1;False;ok;11;1;0.378;
3842;-0.42757849;38.71713759;0.1;False;ok;10;1;0.386;
3843;-0.42757849;38.81713759;0.1;False;ok;13;1;0.392;
3844;-0.42757849;38.91713759;0.1;False;ok;0;1;1.083;
3845;-0.42757849;39.01713759;0.1;False;ok;11;1;0.400;
3846;-0.42757849;39.11713759;0.1;False;ok;25;1;0.544;
3847;-0.42757849;39.21713759;0.1;False;ok;4;1;0.474;
3848;-0.42757849;39.31713759;0.1;False;ok;22;1;0.542;
3849;-0.42757849;39.41713759;0.05;False;ok;74;1;0.708;
3850;-0.42757849;39.46713759;0.025;False;ok;41;1;0.569;
3851;-0.42757849;39.49213759;0.025;False;ok;35;1;0.535;
3852;-0.42757849;39.51713759;0.1;False;ok;24;1;0.542;
3853;-0.42757849;39.61713759;0.1;False;ok;23;1;0.500;
3854;-0.42757849;39.71713759;0.1;False;ok;12;1;0.400;
3855;-0.42757849;39.81713759;0.1;False;ok;9;1;0.420;
3856;-0.42757849;39.91713759;0.1;False;ok;7;1;0.419;
3857;-0.42757849;40.11713759;0.1;False;ok;18;1;0.450;
3858;-0.42757849;40.21713759;0.1;False;ok;2;1;0.427;
3859;-0.42757849;40.51713759;0.1;False;ok;15;1;0.401;
3860;-0.42757849;40.61713759;0.1;False;ok;12;1;0.546;
3861;-0.42757849;40.81713759;0.1;False;ok;4;1;0.506;
3862;-0.42757849;41.31713759;0.1;False;ok;4;1;0.469;
3863;-0.42757849;41.61713759;0.1;False;ok;1;1;0.382;
3864;-0.41507849;38.36713759;0.0125;False;ok;51;1;0.449;
3865;-0.41507849;38.37963759;0.0125;False;ok;75;1;0.637;
3866;-0.40257849;38.39213759;0.025;False;ok;54;1;0.541;
3867;-0.40257849;38.41713759;0.0125;False;ok;73;1;0.545;
3868;-0.40257849;38.42963759;0.0125;False;ok;12;1;0.398;
3869;-0.40257849;38.44213759;0.025;False;ok;8;1;0.390;
3870;-0.40257849;39.46713759;0.0125;False;ok;72;1;0.573;
3871;-0.40257849;39.47963759;0.0125;False;ok;36;1;0.513;
3872;-0.40257849;39.49213759;0.025;False;ok;45;1;0.547;
3873;-0.39007849;38.41713759;0.0125;False;ok;29;1;0.578;
3874;-0.39007849;38.42963759;0.0125;False;ok;26;1;0.516;
3875;-0.39007849;39.46713759;0.00625;False;ok;32;1;0.533;
3876;-0.39007849;39.47338759;0.00625;False;ok;50;1;0.513;
3877;-0.39007849;39.47963759;0.0125;False;ok;69;1;0.649;
3878;-0.38382849;39.46713759;0.00625;False;ok;73;1;0.782;
3879;-0.38382849;39.47338759;0.00625;False;ok;73;1;0.749;
3880;-0.37757849;38.41713759;0.05;False;ok;60;1;0.575;
3881;-0.37757849;38.46713759;0.05;False;ok;33;1;0.565;
3882;-0.37757849;39.44213759;0.0125;False;ok;48;1;0.688;
3883;-0.37757849;39.45463759;0.00625;False;ok;62;1;0.598;
3884;-0.37757849;39.46088759;0.00625;False;ok;70;1;0.496;
3885;-0.37757849;39.46713759;0.00625;False;ok;75;1;0.691;
3886;-0.37757849;39.47338759;0.00625;False;ok;75;1;0.564;
3887;-0.37757849;39.47963759;0.0125;False;ok;74;1;0.549;
3888;-0.37757849;39.49213759;0.025;False;ok;45;1;0.531;
3889;-0.37132849;39.45463759;0.00625;False;ok;72;1;0.560;
3890;-0.37132849;39.46088759;0.00625;False;ok;65;1;0.598;
3891;-0.37132849;39.46713759;0.00625;False;ok;15;1;0.476;
3892;-0.37132849;39.47338759;0.00625;False;ok;17;1;0.526;
3893;-0.36507849;39.44213759;0.0125;False;ok;21;1;0.658;
3894;-0.36507849;39.45463759;0.0125;False;ok;75;1;0.667;
3895;-0.36507849;39.46713759;0.0125;False;ok;69;1;0.543;
3896;-0.36507849;39.47963759;0.0125;False;ok;30;1;0.546;
3897;-0.35257849;39.44213759;0.0125;False;ok;3;1;0.394;
3898;-0.35257849;39.45463759;0.0125;False;ok;73;1;0.705;
3899;-0.35257849;39.46713759;0.0125;False;ok;74;1;0.620;
3900;-0.35257849;39.49213759;0.025;False;ok;5;1;0.437;
3901;-0.34007849;39.44213759;0.0125;False;ok;58;1;0.546;
3902;-0.34007849;39.45463759;0.0125;False;ok;75;1;0.783;
3903;-0.34007849;39.46713759;0.0125;False;ok;75;1;0.691;
3904;-0.34007849;39.47963759;0.0125;False;ok;41;1;0.460;
3905;-0.32757849;38.46713759;0.05;False;ok;51;1;0.574;
3906;-0.32757849;38.51713759;0.1;False;ok;18;1;0.453;
3907;-0.32757849;38.61713759;0.1;False;ok;8;1;0.505;
3908;-0.32757849;38.71713759;0.1;False;ok;6;1;0.485;
3909;-0.32757849;38.81713759;0.1;False;ok;7;1;0.450;
3910;-0.32757849;38.91713759;0.1;False;ok;17;1;0.558;
3911;-0.32757849;39.01713759;0.1;False;ok;20;1;0.488;
3912;-0.32757849;39.11713759;0.05;False;ok;6;1;0.465;
3913;-0.32757849;39.21713759;0.1;False;ok;66;1;0.595;
3914;-0.32757849;39.31713759;0.1;False;ok;12;1;0.478;
3915;-0.32757849;39.41713759;0.05;False;ok;41;1;0.545;
3916;-0.32757849;39.46713759;0.025;False;ok;73;1;0.624;
3917;-0.32757849;39.49213759;0.025;False;ok;59;1;0.510;
3918;-0.32757849;39.51713759;0.1;False;ok;70;1;0.676;
3919;-0.32757849;39.61713759;0.1;False;ok;63;1;0.639;
3920;-0.32757849;39.71713759;0.1;False;ok;6;1;0.409;
3921;-0.32757849;39.81713759;0.1;False;ok;19;1;0.552;
3922;-0.32757849;39.91713759;0.1;False;ok;7;1;0.429;
3923;-0.32757849;40.01713759;0.1;False;ok;2;1;0.438;
3924;-0.32757849;40.11713759;0.1;False;ok;10;1;0.508;
3925;-0.32757849;40.21713759;0.1;False;ok;7;1;0.430;
3926;-0.32757849;40.41713759;0.1;False;ok;25;1;0.492;
3927;-0.32757849;40.51713759;0.1;False;ok;9;1;0.472;
3928;-0.32757849;40.61713759;0.1;False;ok;3;1;0.461;
3929;-0.32757849;40.71713759;0.1;False;ok;9;1;0.446;
3930;-0.32757849;40.81713759;0.1;False;ok;2;1;0.406;
3931;-0.32757849;40.91713759;0.1;False;ok;7;1;0.404;
3932;-0.32757849;41.01713759;0.1;False;ok;5;1;0.363;
3933;-0.32757849;41.21713759;0.1;False;ok;1;1;0.384;
3934;-0.32757849;41.61713759;0.1;False;ok;2;1;0.369;
3935;-0.27757849;38.49213759;0.025;False;ok;72;1;0.629;
3936;-0.27757849;39.14213759;0.025;False;ok;17;1;0.479;
3937;-0.27757849;39.16713759;0.05;False;ok;74;1;0.689;
3938;-0.25257849;38.49213759;0.0125;False;ok;19;1;0.524;
3939;-0.25257849;39.11713759;0.025;False;ok;11;1;0.532;
3940;-0.25257849;39.15463759;0.00625;False;ok;2;1;0.552;
3941;-0.25257849;39.16088759;0.00625;False;ok;29;1;0.581;
3942;-0.24632849;39.15463759;0.00625;False;ok;18;1;0.520;
3943;-0.24632849;39.16088759;0.00625;False;ok;72;1;0.583;
3944;-0.24007849;38.49213759;0.0125;False;ok;74;1;0.627;
3945;-0.24007849;38.50463759;0.0125;False;ok;74;1;0.637;
3946;-0.24007849;39.14213759;0.0125;False;ok;3;1;0.368;
3947;-0.22757849;38.41713759;0.1;False;ok;71;1;0.518;
3948;-0.22757849;38.51713759;0.05;False;ok;75;1;0.789;
3949;-0.22757849;38.56713759;0.05;False;ok;15;1;0.542;
3950;-0.22757849;38.61713759;0.1;False;ok;51;1;0.542;
3951;-0.22757849;38.71713759;0.1;False;ok;6;1;0.401;
3952;-0.22757849;38.81713759;0.1;False;ok;46;1;0.551;
3953;-0.22757849;38.91713759;0.05;False;ok;42;1;0.514;
3954;-0.22757849;38.96713759;0.05;False;ok;59;1;0.566;
3955;-0.22757849;39.01713759;0.1;False;ok;72;1;0.668;
3956;-0.22757849;39.11713759;0.1;False;ok;71;1;0.603;
3957;-0.22757849;39.61713759;0.05;False;ok;73;1;0.754;
3958;-0.22757849;39.66713759;0.05;False;ok;73;1;0.767;
3959;-0.22757849;39.71713759;0.1;False;ok;73;1;0.659;
3960;-0.22757849;39.91713759;0.1;False;ok;2;1;0.439;
3961;-0.22757849;40.01713759;0.1;False;ok;7;1;0.371;
3962;-0.22757849;40.11713759;0.1;False;ok;7;1;0.517;
3963;-0.22757849;40.21713759;0.1;False;ok;5;1;0.426;
3964;-0.22757849;40.31713759;0.1;False;ok;15;1;0.436;
3965;-0.22757849;40.41713759;0.1;False;ok;8;1;0.474;
3966;-0.22757849;40.51713759;0.1;False;ok;7;1;0.380;
3967;-0.22757849;40.61713759;0.1;False;ok;12;1;0.511;
3968;-0.22757849;40.71713759;0.1;False;ok;2;1;0.433;
3969;-0.22757849;40.81713759;0.1;False;ok;2;1;0.444;
3970;-0.22757849;40.91713759;0.1;False;ok;9;1;0.411;
3971;-0.22757849;41.01713759;0.1;False;ok;54;1;0.505;
3972;-0.22757849;41.11713759;0.1;False;ok;7;1;0.387;
3973;-0.22757849;41.21713759;0.1;False;ok;1;1;0.388;
3974;-0.22757849;41.41713759;0.1;False;ok;0;1;1.123;
3975;-0.17757849;38.51713759;0.00625;False;ok;13;1;0.496;
3976;-0.17757849;38.52338759;0.00625;False;ok;73;1;0.581;
3977;-0.17757849;38.52963759;0.0125;False;ok;27;1;0.558;
3978;-0.17757849;38.54213759;0.025;False;ok;23;1;0.496;
3979;-0.17757849;38.56713759;0.05;False;ok;51;1;0.590;
3980;-0.17757849;38.91713759;0.05;False;ok;56;1;0.543;
3981;-0.17757849;38.96713759;0.025;False;ok;37;1;0.585;
3982;-0.17757849;38.99213759;0.0125;False;ok;38;1;0.441;
3983;-0.17757849;39.00463759;0.00625;False;ok;8;1;0.448;
3984;-0.17757849;39.01088759;0.00625;False;ok;62;1;0.542;
3985;-0.17132849;38.52338759;0.00625;False;ok;72;1;0.578;
3986;-0.17132849;39.00463759;0.00625;False;ok;72;1;0.627;
3987;-0.17132849;39.01088759;0.00625;False;ok;38;1;0.562;
3988;-0.16507849;38.51713759;0.0125;False;ok;70;1;0.577;
3989;-0.16507849;38.52963759;0.0125;False;ok;75;1;0.616;
3990;-0.16507849;38.99213759;0.00625;False;ok;62;1;0.543;
3991;-0.16507849;38.99838759;0.00625;False;ok;74;1;0.744;
3992;-0.16507849;39.00463759;0.0125;False;ok;18;1;0.468;
3993;-0.15882849;38.99213759;0.00625;False;ok;33;1;0.487;
3994;-0.15882849;38.99838759;0.00625;False;ok;8;1;0.400;
3995;-0.15257849;38.52963759;0.0125;False;ok;75;1;0.739;
3996;-0.15257849;38.54213759;0.025;False;ok;67;1;0.583;
3997;-0.15257849;38.96713759;0.025;False;ok;57;1;0.612;
3998;-0.14007849;38.53588759;0.00625;False;ok;73;1;0.632;
3999;-0.13382849;38.52963759;0.00625;False;ok;73;1;0.564;
4000;-0.13382849;38.53588759;0.003125;False;ok;65;1;0.605;
4001;-0.13382849;38.53901259;0.003125;False;ok;21;1;0.492;
4002;-0.13070349;38.53588759;0.003125;False;ok;73;1;0.676;
4003;-0.13070349;38.53901259;0.003125;False;ok;5;1;0.456;
4004;-0.12757849;38.52963759;0.00625;False;ok;4;1;0.427;
4005;-0.12757849;38.53588759;0.003125;False;ok;62;1;0.540;
4006;-0.12757849;38.53901259;0.003125;False;ok;26;1;0.491;
4007;-0.12757849;38.54213759;0.025;False;ok;66;1;0.513;
4008;-0.12757849;38.56713759;0.05;False;ok;61;1;0.637;
4009;-0.12757849;38.61713759;0.1;False;ok;72;1;0.542;
4010;-0.12757849;38.71713759;0.1;False;ok;70;1;0.629;
4011;-0.12757849;38.81713759;0.05;False;ok;27;1;0.480;
4012;-0.12757849;38.86713759;0.05;False;ok;19;1;0.414;
4013;-0.12757849;38.91713759;0.1;False;ok;72;1;0.644;
4014;-0.12757849;39.71713759;0.1;False;ok;2;1;0.459;
4015;-0.12757849;39.81713759;0.1;False;ok;64;1;0.653;
4016;-0.12757849;39.91713759;0.1;False;ok;75;1;0.746;
4017;-0.12757849;40.01713759;0.1;False;ok;18;1;0.475;
4018;-0.12757849;40.11713759;0.1;False;ok;13;1;0.538;
4019;-0.12757849;40.21713759;0.1;False;ok;6;1;0.468;
4020;-0.12757849;40.31713759;0.1;False;ok;6;1;0.439;
4021;-0.12757849;40.51713759;0.1;False;ok;10;1;0.578;
4022;-0.12757849;40.61713759;0.1;False;ok;47;1;0.580;
4023;-0.12757849;40.71713759;0.1;False;ok;5;1;0.461;
4024;-0.12757849;40.81713759;0.1;False;ok;2;1;0.396;
4025;-0.12757849;40.91713759;0.1;False;ok;6;1;0.439;
4026;-0.12757849;41.21713759;0.1;False;ok;12;1;0.480;
4027;-0.12445349;38.53588759;0.003125;False;ok;53;1;0.524;
4028;-0.12445349;38.53901259;0.003125;False;ok;30;1;0.580;
4029;-0.12132849;38.52963759;0.00625;False;ok;68;1;0.515;
4030;-0.12132849;38.53588759;0.003125;False;ok;52;1;0.561;
4031;-0.12132849;38.53901259;0.003125;False;ok;49;1;0.463;
4032;-0.11820349;38.53588759;0.003125;False;ok;73;1;0.652;
4033;-0.11820349;38.53901259;0.003125;False;ok;56;1;0.489;
4034;-0.11507849;38.51713759;0.0125;False;ok;13;1;0.481;
4035;-0.11507849;38.52963759;0.00625;False;ok;70;1;0.548;
4036;-0.11507849;38.53588759;0.003125;False;ok;73;1;0.500;
4037;-0.11507849;38.53901259;0.003125;False;ok;14;1;0.497;
4038;-0.11195349;38.53588759;0.003125;False;ok;63;1;0.561;
4039;-0.11195349;38.53901259;0.003125;False;ok;27;1;0.448;
4040;-0.10882849;38.52963759;0.0015625;False;ok;30;1;0.538;
4041;-0.10882849;38.53120009;0.0015625;False;ok;17;1;0.445;
4042;-0.10882849;38.53276259;0.003125;False;ok;74;1;0.593;
4043;-0.10882849;38.53588759;0.003125;False;ok;72;1;0.661;
4044;-0.10882849;38.53901259;0.003125;False;ok;19;1;0.454;
4045;-0.10726599;38.52963759;0.0015625;False;ok;69;1;0.563;
4046;-0.10726599;38.53120009;0.0015625;False;ok;46;1;0.483;
4047;-0.10570349;38.52963759;0.003125;False;ok;33;1;0.609;
4048;-0.10570349;38.53276259;0.003125;False;ok;72;1;0.588;
4049;-0.10570349;38.53588759;0.003125;False;ok;70;1;0.560;
4050;-0.10570349;38.53901259;0.003125;False;ok;4;1;0.462;
4051;-0.10257849;38.51713759;0.025;False;ok;75;1;0.652;
4052;-0.10257849;38.54213759;0.025;False;ok;18;1;0.538;
4053;-0.07757849;38.51713759;0.05;False;ok;27;1;0.585;
4054;-0.07757849;38.56713759;0.00625;False;ok;41;1;0.508;
4055;-0.07757849;38.57338759;0.00625;False;ok;22;1;0.464;
4056;-0.07757849;38.57963759;0.0125;False;ok;4;1;0.489;
4057;-0.07757849;38.59213759;0.025;False;ok;71;1;0.528;
4058;-0.07757849;38.81713759;0.05;False;ok;69;1;0.722;
4059;-0.07757849;38.86713759;0.025;False;ok;59;1;0.509;
4060;-0.07757849;38.89213759;0.025;False;ok;75;1;0.670;
4061;-0.07132849;38.56713759;0.00625;False;ok;32;1;0.526;
4062;-0.07132849;38.57338759;0.00625;False;ok;66;1;0.659;
4063;-0.06507849;38.56713759;0.0125;False;ok;18;1;0.516;
4064;-0.06507849;38.57963759;0.0125;False;ok;22;1;0.507;
4065;-0.05257849;38.59213759;0.00625;False;ok;36;1;0.567;
4066;-0.05257849;38.59838759;0.00625;False;ok;75;1;0.629;
4067;-0.05257849;38.60463759;0.0125;False;ok;7;1;0.569;
4068;-0.05257849;38.86713759;0.025;False;ok;74;1;0.803;
4069;-0.05257849;38.89213759;0.025;False;ok;12;1;0.448;
4070;-0.04632849;38.59838759;0.00625;False;ok;32;1;0.671;
4071;-0.04007849;38.59213759;0.0125;False;ok;0;1;1.271;
4072;-0.04007849;38.60463759;0.0125;False;ok;51;1;0.655;
4073;-0.02757849;38.61713759;0.0125;False;ok;30;1;0.621;
4074;-0.02757849;38.62963759;0.0125;False;ok;35;1;0.765;
4075;-0.02757849;38.64213759;0.025;False;ok;12;1;0.759;
4076;-0.02757849;38.66713759;0.05;False;ok;5;1;0.430;
4077;-0.02757849;38.71713759;0.05;False;ok;23;1;0.575;
4078;-0.02757849;38.76713759;0.05;False;ok;23;1;0.629;
4079;-0.02757849;38.81713759;0.025;False;ok;9;1;0.506;
4080;-0.02757849;38.84213759;0.025;False;ok;50;1;0.667;
4081;-0.02757849;38.86713759;0.05;False;ok;70;1;0.724;
4082;-0.02757849;39.91713759;0.1;False;ok;67;1;0.712;
4083;-0.02757849;40.01713759;0.1;False;ok;74;1;0.856;
4084;-0.02757849;40.11713759;0.1;False;ok;15;1;0.525;
4085;-0.02757849;40.21713759;0.1;False;ok;5;1;0.497;
4086;-0.02757849;40.31713759;0.1;False;ok;7;1;0.650;
4087;-0.02757849;40.41713759;0.1;False;ok;11;1;0.567;
4088;-0.02757849;40.51713759;0.1;False;ok;0;1;1.202;
4089;-0.02757849;40.61713759;0.1;False;ok;1;1;0.474;
4090;-0.02757849;40.71713759;0.1;False;ok;22;1;0.574;
4091;-0.02757849;40.81713759;0.1;False;ok;7;1;0.559;
4092;-0.02757849;40.91713759;0.1;False;ok;3;1;0.479;
4093;-0.02757849;41.41713759;0.1;False;ok;0;1;1.197;
4094;-0.01507849;38.61713759;0.0125;False;ok;5;1;0.510;
4095;-0.01507849;38.62963759;0.0125;False;ok;64;1;0.689;
4096;-0.00257849;38.62963759;0.0125;False;ok;49;1;0.537;
4097;-0.00257849;38.64213759;0.025;False;ok;5;1;0.490;
4098;-0.00257849;38.81713759;0.025;False;ok;20;1;0.603;
4099;-0.00257849;38.84213759;0.0125;False;ok;16;1;0.523;
4100;-0.00257849;38.85463759;0.0125;False;ok;72;1;0.699;
4101;0.00992151;38.62963759;0.0125;False;ok;41;1;0.595;
4102;0.00992151;38.84213759;0.0125;False;ok;22;1;0.570;
4103;0.00992151;38.85463759;0.0125;False;ok;70;1;0.641;
4104;0.02242151;38.62963759;0.00625;False;ok;41;1;0.508;
4105;0.02242151;38.63588759;0.00625;False;ok;16;1;0.562;
4106;0.02242151;38.64213759;0.0125;False;ok;36;1;0.613;
4107;0.02242151;38.65463759;0.0125;False;ok;23;1;0.529;
4108;0.02242151;38.66713759;0.025;False;ok;10;1;0.472;
4109;0.02242151;38.69213759;0.025;False;ok;9;1;0.519;
4110;0.02242151;38.71713759;0.05;False;ok;15;1;0.619;
4111;0.02242151;38.76713759;0.05;False;ok;68;1;0.751;
4112;0.02242151;38.81713759;0.025;False;ok;3;1;0.489;
4113;0.02242151;38.84213759;0.0125;False;ok;2;1;0.384;
4114;0.02242151;38.85463759;0.0125;False;ok;73;1;0.606;
4115;0.02867151;38.62963759;0.00625;False;ok;31;1;0.644;
4116;0.02867151;38.63588759;0.00625;False;ok;35;1;0.586;
4117;0.03492151;38.62963759;0.0125;False;ok;74;1;0.634;
4118;0.03492151;38.64213759;0.00625;False;ok;35;1;0.582;
4119;0.03492151;38.64838759;0.00625;False;ok;21;1;0.594;
4120;0.03492151;38.65463759;0.0125;False;ok;17;1;0.561;
4121;0.03492151;38.85463759;0.0125;False;ok;59;1;0.639;
4122;0.04117151;38.64213759;0.00625;False;ok;73;1;0.674;
4123;0.04117151;38.64838759;0.00625;False;ok;11;1;0.523;
4124;0.04742151;38.62963759;0.0125;False;ok;34;1;0.555;
4125;0.04742151;38.64213759;0.003125;False;ok;73;1;0.642;
4126;0.04742151;38.64526259;0.003125;False;ok;1;1;0.493;
4127;0.04742151;38.64838759;0.00625;False;ok;15;1;0.491;
4128;0.04742151;38.65463759;0.0125;False;ok;32;1;0.585;
4129;0.04742151;38.66713759;0.025;False;ok;73;1;0.785;
4130;0.04742151;38.69213759;0.025;False;ok;29;1;0.590;
4131;0.04742151;38.81713759;0.025;False;ok;7;1;0.535;
4132;0.04742151;38.84213759;0.0125;False;ok;0;1;1.164;
4133;0.04742151;38.85463759;0.00625;False;ok;62;1;0.594;
4134;0.04742151;38.86088759;0.00625;False;ok;32;1;0.573;
4135;0.05054651;38.64213759;0.003125;False;ok;70;1;0.569;
4136;0.05367151;38.64213759;0.003125;False;ok;74;1;0.574;
4137;0.05367151;38.64838759;0.00625;False;ok;21;1;0.548;
4138;0.05367151;38.85463759;0.00625;False;ok;71;1;0.694;
4139;0.05367151;38.86088759;0.00625;False;ok;9;1;0.570;
4140;0.05679651;38.64213759;0.003125;False;ok;74;1;0.669;
4141;0.05679651;38.64526259;0.003125;False;ok;31;1;0.576;
4142;0.05992151;38.63588759;0.00625;False;ok;63;1;0.733;
4143;0.05992151;38.64213759;0.00625;False;ok;42;1;0.660;
4144;0.05992151;38.64838759;0.00625;False;ok;50;1;0.594;
4145;0.05992151;38.65463759;0.00625;False;ok;42;1;0.488;
4146;0.05992151;38.66088759;0.00625;False;ok;21;1;0.475;
4147;0.05992151;38.84213759;0.0125;False;ok;25;1;0.587;
4148;0.05992151;38.85463759;0.00625;False;ok;74;1;0.704;
4149;0.06617151;38.63588759;0.00625;False;ok;75;1;0.727;
4150;0.06617151;38.64213759;0.003125;False;ok;7;1;0.463;
4151;0.06617151;38.64838759;0.00625;False;ok;27;1;0.530;
4152;0.06617151;38.65463759;0.00625;False;ok;26;1;0.593;
4153;0.06617151;38.66088759;0.00625;False;ok;33;1;0.548;
4154;0.06617151;38.85463759;0.00625;False;ok;65;1;0.532;
4155;0.06929651;38.64213759;0.003125;False;ok;74;1;0.633;
4156;0.06929651;38.64526259;0.003125;False;ok;22;1;0.525;
4157;0.07242151;38.51713759;0.1;False;ok;0;1;1.256;
4158;0.07242151;38.61713759;0.025;False;ok;40;1;0.559;
4159;0.07242151;38.64213759;0.00625;False;ok;74;1;0.690;
4160;0.07242151;38.64838759;0.003125;False;ok;72;1;0.683;
4161;0.07242151;38.65151259;0.003125;False;ok;42;1;0.573;
4162;0.07242151;38.65463759;0.00625;False;ok;49;1;0.752;
4163;0.07242151;38.66088759;0.00625;False;ok;41;1;0.635;
4164;0.07242151;38.66713759;0.0125;False;ok;71;1;0.617;
4165;0.07242151;38.67963759;0.0125;False;ok;14;1;0.463;
4166;0.07242151;38.69213759;0.025;False;ok;42;1;0.516;
4167;0.07242151;38.71713759;0.05;False;ok;31;1;0.647;
4168;0.07242151;38.76713759;0.05;False;ok;66;1;0.635;
4169;0.07242151;38.81713759;0.025;False;ok;58;1;0.609;
4170;0.07242151;38.84213759;0.0125;False;ok;74;1;0.678;
4171;0.07242151;38.85463759;0.0125;False;ok;40;1;0.527;
4172;0.07242151;40.01713759;0.05;False;ok;55;1;0.630;
4173;0.07242151;40.21713759;0.1;False;ok;6;1;0.498;
4174;0.07242151;40.31713759;0.1;False;ok;1;1;0.488;
4175;0.07242151;40.41713759;0.1;False;ok;5;1;0.524;
4176;0.07242151;40.51713759;0.1;False;ok;6;1;0.594;
4177;0.07242151;40.61713759;0.1;False;ok;8;1;0.484;
4178;0.07242151;40.71713759;0.1;False;ok;10;1;0.548;
4179;0.07242151;40.81713759;0.1;False;ok;68;1;0.674;
4180;0.07242151;40.91713759;0.1;False;ok;19;1;0.503;
4181;0.07242151;41.11713759;0.1;False;ok;3;1;0.456;
4182;0.07242151;41.61713759;0.1;False;ok;1;1;0.356;
4183;0.07554651;38.64838759;0.003125;False;ok;70;1;0.602;
4184;0.07554651;38.65151259;0.003125;False;ok;22;1;0.566;
4185;0.07867151;38.65463759;0.00625;False;ok;12;1;0.443;
4186;0.07867151;38.66088759;0.00625;False;ok;38;1;0.639;
4187;0.08492151;38.65463759;0.0125;False;ok;31;1;0.512;
4188;0.08492151;38.66713759;0.0125;False;ok;69;1;0.624;
4189;0.08492151;38.67963759;0.00625;False;ok;24;1;0.616;
4190;0.08492151;38.68588759;0.00625;False;ok;7;1;0.437;
4191;0.08492151;38.84213759;0.00625;False;ok;5;1;0.462;
4192;0.08492151;38.84838759;0.00625;False;ok;68;1;0.557;
4193;0.09117151;38.67963759;0.00625;False;ok;30;1;0.446;
4194;0.09117151;38.68588759;0.00625;False;ok;42;1;0.536;
4195;0.09117151;38.84213759;0.00625;False;ok;41;1;0.426;
4196;0.09117151;38.84838759;0.00625;False;ok;66;1;0.523;
4197;0.09742151;38.66713759;0.0125;False;ok;57;1;1.305;
4198;0.09742151;38.67963759;0.0125;False;ok;72;1;0.538;
4199;0.09742151;38.69213759;0.025;False;ok;71;1;0.541;
4200;0.09742151;38.81713759;0.0125;False;ok;48;1;0.507;
4201;0.09742151;38.82963759;0.0125;False;ok;70;1;0.580;
4202;0.09742151;38.84213759;0.00625;False;ok;72;1;0.551;
4203;0.09742151;38.84838759;0.00625;False;ok;27;1;0.478;
4204;0.10367151;38.84213759;0.00625;False;ok;70;1;0.656;
4205;0.10992151;38.66713759;0.0125;False;ok;18;1;0.410;
4206;0.10992151;38.67963759;0.0125;False;ok;70;1;0.550;
4207;0.10992151;38.81713759;0.0125;False;ok;61;1;0.563;
4208;0.10992151;38.82963759;0.0125;False;ok;73;1;0.699;
4209;0.10992151;38.84213759;0.0125;False;ok;20;1;0.501;
4210;0.12242151;38.67963759;0.0125;False;ok;73;1;0.724;
4211;0.12242151;38.69213759;0.0125;False;ok;68;1;0.550;
4212;0.12242151;38.70463759;0.0125;False;ok;15;1;0.441;
4213;0.12242151;38.71713759;0.025;False;ok;24;1;0.406;
4214;0.12242151;38.74213759;0.025;False;ok;30;1;0.446;
4215;0.12242151;38.76713759;0.025;False;ok;35;1;0.572;
4216;0.12242151;38.79213759;0.025;False;ok;48;1;0.777;
4217;0.12242151;38.81713759;0.0125;False;ok;65;1;0.617;
4218;0.12242151;38.82963759;0.0125;False;ok;16;1;0.473;
4219;0.12242151;40.06713759;0.025;False;ok;75;1;0.672;
4220;0.12242151;40.09213759;0.025;False;ok;72;1;0.634;
4221;0.12242151;40.11713759;0.025;False;ok;0;1;1.159;
4222;0.13492151;38.67963759;0.0125;False;ok;71;1;0.637;
4223;0.13492151;38.69213759;0.0125;False;ok;51;1;0.473;
4224;0.13492151;38.70463759;0.0125;False;ok;52;1;0.586;
4225;0.13492151;38.81713759;0.0125;False;ok;26;1;0.457;
4226;0.13492151;38.82963759;0.0125;False;ok;14;1;0.380;
4227;0.14742151;38.66713759;0.025;False;ok;13;1;0.491;
4228;0.14742151;38.69213759;0.0125;False;ok;50;1;0.540;
4229;0.14742151;38.70463759;0.0125;False;ok;63;1;0.502;
4230;0.14742151;38.71713759;0.025;False;ok;68;1;0.665;
4231;0.14742151;38.74213759;0.025;False;ok;56;1;0.443;
4232;0.14742151;38.76713759;0.025;False;ok;68;1;0.659;
4233;0.14742151;38.79213759;0.025;False;ok;32;1;0.530;
4234;0.14742151;38.81713759;0.025;False;ok;8;1;0.408;
4235;0.14742151;40.09213759;0.0125;False;ok;11;1;0.454;
4236;0.14742151;40.10463759;0.00625;False;ok;75;1;0.753;
4237;0.14742151;40.11088759;0.00625;False;ok;74;1;0.745;
4238;0.14742151;40.11713759;0.00625;False;ok;74;1;0.580;
4239;0.14742151;40.12338759;0.00625;False;ok;6;1;0.464;
4240;0.15367151;40.11088759;0.00625;False;ok;75;1;0.615;
4241;0.15367151;40.11713759;0.00625;False;ok;75;1;0.719;
4242;0.15367151;40.12338759;0.00625;False;ok;75;1;0.695;
4243;0.15992151;38.69213759;0.0125;False;ok;3;1;0.430;
4244;0.15992151;38.70463759;0.0125;False;ok;48;1;0.600;
4245;0.15992151;40.12963759;0.0125;False;ok;37;1;0.561;
4246;0.17242151;38.71713759;0.025;False;ok;20;1;0.507;
4247;0.17242151;38.74213759;0.0125;False;ok;21;1;0.481;
4248;0.17242151;38.75463759;0.0125;False;ok;31;1;0.538;
4249;0.17242151;38.76713759;0.0125;False;ok;72;1;0.635;
4250;0.17242151;38.77963759;0.0125;False;ok;72;1;0.581;
4251;0.17242151;38.79213759;0.025;False;ok;69;1;0.621;
4252;0.17242151;40.11713759;0.1;False;ok;21;1;0.440;
4253;0.17242151;40.21713759;0.05;False;ok;8;1;0.434;
4254;0.17242151;40.41713759;0.1;False;ok;19;1;0.496;
4255;0.17242151;40.51713759;0.1;False;ok;6;1;0.451;
4256;0.17242151;40.61713759;0.1;False;ok;4;1;0.474;
4257;0.17242151;40.81713759;0.1;False;ok;74;1;0.572;
4258;0.17242151;40.91713759;0.1;False;ok;28;1;0.499;
4259;0.17242151;41.01713759;0.1;False;ok;16;1;0.506;
4260;0.17242151;41.11713759;0.1;False;ok;2;1;0.326;
4261;0.17242151;41.61713759;0.1;False;ok;2;1;0.424;
4262;0.18492151;38.74213759;0.0125;False;ok;29;1;0.574;
4263;0.18492151;38.75463759;0.0125;False;ok;50;1;0.573;
4264;0.18492151;38.76713759;0.00625;False;ok;72;1;0.645;
4265;0.18492151;38.77338759;0.00625;False;ok;68;1;0.618;
4266;0.18492151;38.77963759;0.0125;False;ok;9;1;0.412;
4267;0.19117151;38.76713759;0.00625;False;ok;51;1;0.610;
4268;0.19742151;38.72963759;0.0125;False;ok;55;1;0.545;
4269;0.19742151;38.74213759;0.00625;False;ok;16;1;0.471;
4270;0.19742151;38.74838759;0.00625;False;ok;27;1;0.407;
4271;0.19742151;38.75463759;0.0125;False;ok;69;1;0.611;
4272;0.19742151;38.76713759;0.025;False;ok;13;1;0.492;
4273;0.20367151;38.74213759;0.00625;False;ok;19;1;0.523;
4274;0.20367151;38.74838759;0.00625;False;ok;26;1;0.481;
4275;0.20992151;38.72963759;0.0125;False;ok;43;1;0.529;
4276;0.20992151;38.74213759;0.0125;False;ok;44;1;0.519;
4277;0.20992151;38.75463759;0.0125;False;ok;8;1;0.452;
4278;0.22242151;38.71713759;0.05;False;ok;70;1;0.575;
4279;0.22242151;40.26713759;0.05;False;ok;5;1;0.385;
4280;0.24742151;40.21713759;0.0125;False;ok;0;1;1.137;
4281;0.24742151;40.24213759;0.025;False;ok;12;1;0.529;
4282;0.25992151;40.21713759;0.0125;False;ok;66;1;0.575;
4283;0.25992151;40.22963759;0.0125;False;ok;69;1;0.613;
4284;0.27242151;40.21713759;0.025;False;ok;61;1;0.579;
4285;0.27242151;40.24213759;0.0125;False;ok;74;1;0.602;
4286;0.27242151;40.25463759;0.0125;False;ok;8;1;0.468;
4287;0.27242151;40.26713759;0.05;False;ok;1;1;0.538;
4288;0.27242151;40.31713759;0.1;False;ok;71;1;0.655;
4289;0.27242151;40.41713759;0.1;False;ok;32;1;0.518;
4290;0.27242151;40.51713759;0.1;False;ok;21;1;0.567;
4291;0.27242151;40.61713759;0.1;False;ok;8;1;0.380;
4292;0.27242151;40.71713759;0.1;False;ok;3;1;0.444;
4293;0.27242151;40.91713759;0.1;False;ok;31;1;0.503;
4294;0.27242151;41.01713759;0.1;False;ok;7;1;0.431;
4295;0.27242151;41.11713759;0.1;False;ok;3;1;0.508;
4296;0.27242151;41.21713759;0.1;False;ok;7;1;0.461;
4297;0.27242151;41.31713759;0.1;False;ok;9;1;0.471;
4298;0.27242151;41.41713759;0.1;False;ok;2;1;0.438;
4299;0.27242151;41.51713759;0.1;False;ok;2;1;0.416;
4300;0.28492151;40.24213759;0.0125;False;ok;45;1;0.487;
4301;0.28492151;40.25463759;0.0125;False;ok;72;1;0.686;
4302;0.37242151;40.35463759;0.0125;False;ok;26;1;0.541;
4303;0.37242151;40.36713759;0.025;False;ok;72;1;0.651;
4304;0.37242151;40.39213759;0.025;False;ok;2;1;0.339;
4305;0.37242151;40.41713759;0.1;False;ok;72;1;0.624;
4306;0.37242151;40.51713759;0.1;False;ok;66;1;0.645;
4307;0.37242151;40.61713759;0.1;False;ok;2;1;0.481;
4308;0.37242151;40.71713759;0.1;False;ok;5;1;0.437;
4309;0.37242151;40.81713759;0.1;False;ok;7;1;0.438;
4310;0.37242151;40.91713759;0.1;False;ok;30;1;0.537;
4311;0.37242151;41.01713759;0.1;False;ok;4;1;0.405;
4312;0.37242151;41.21713759;0.1;False;ok;6;1;0.434;
4313;0.37242151;41.41713759;0.1;False;ok;3;1;0.393;
4314;0.37242151;41.51713759;0.1;False;ok;1;1;0.339;
4315;0.38492151;40.34213759;0.0125;False;ok;64;1;0.680;
4316;0.38492151;40.35463759;0.00625;False;ok;3;1;0.424;
4317;0.38492151;40.36088759;0.00625;False;ok;56;1;0.602;
4318;0.39117151;40.35463759;0.00625;False;ok;74;1;0.536;
4319;0.39117151;40.36088759;0.00625;False;ok;74;1;0.593;
4320;0.39742151;40.35463759;0.00625;False;ok;75;1;0.753;
4321;0.39742151;40.36088759;0.00625;False;ok;75;1;0.659;
4322;0.39742151;40.36713759;0.0125;False;ok;74;1;0.708;
4323;0.39742151;40.37963759;0.0125;False;ok;75;1;0.719;
4324;0.39742151;40.39213759;0.025;False;ok;71;1;0.586;
4325;0.40367151;40.35463759;0.00625;False;ok;75;1;0.696;
4326;0.40992151;40.37963759;0.0125;False;ok;55;1;0.631;
4327;0.42242151;40.36713759;0.05;False;ok;67;1;0.525;
4328;0.47242151;40.41713759;0.1;False;ok;73;1;0.596;
4329;0.47242151;40.51713759;0.1;False;ok;74;1;0.686;
4330;0.47242151;40.61713759;0.1;False;ok;17;1;0.523;
4331;0.47242151;40.71713759;0.1;False;ok;18;1;0.532;
4332;0.47242151;40.81713759;0.1;False;ok;41;1;0.593;
4333;0.47242151;40.91713759;0.1;False;ok;21;1;0.527;
4334;0.47242151;41.01713759;0.1;False;ok;6;1;0.595;
4335;0.47242151;41.21713759;0.1;False;ok;7;1;0.473;
4336;0.47242151;41.31713759;0.1;False;ok;2;1;0.482;
4337;0.47242151;41.41713759;0.1;False;ok;1;1;0.373;
4338;0.47242151;41.51713759;0.1;False;ok;4;1;0.469;
4339;0.47242151;41.61713759;0.1;False;ok;1;1;0.375;
4340;0.57242151;40.51713759;0.1;False;ok;74;1;0.691;
4341;0.57242151;40.61713759;0.1;False;ok;73;1;0.717;
4342;0.57242151;40.71713759;0.1;False;ok;72;1;0.630;
4343;0.57242151;40.81713759;0.1;False;ok;5;1;0.432;
4344;0.57242151;40.91713759;0.1;False;ok;12;1;0.467;
4345;0.57242151;41.01713759;0.1;False;ok;41;1;0.578;
4346;0.57242151;41.11713759;0.1;False;ok;9;1;0.461;
4347;0.57242151;41.31713759;0.1;False;ok;0;1;1.201;
4348;0.57242151;41.41713759;0.1;False;ok;1;1;0.449;
4349;0.57242151;41.51713759;0.1;False;ok;13;1;0.461;
4350;0.57242151;41.61713759;0.1;False;ok;17;1;0.541;
4351;0.67242151;40.61713759;0.1;False;ok;75;1;0.682;
4352;0.67242151;40.71713759;0.05;False;ok;65;1;0.616;
4353;0.67242151;40.76713759;0.025;False;ok;17;1;0.449;
4354;0.67242151;40.79213759;0.025;False;ok;25;1;0.573;
4355;0.67242151;40.81713759;0.05;False;ok;15;1;0.513;
4356;0.67242151;40.86713759;0.05;False;ok;15;1;0.502;
4357;0.67242151;40.91713759;0.1;False;ok;4;1;0.420;
4358;0.67242151;41.01713759;0.1;False;ok;17;1;0.582;
4359;0.67242151;41.11713759;0.1;False;ok;15;1;0.539;
4360;0.67242151;41.21713759;0.1;False;ok;13;1;0.517;
4361;0.67242151;41.41713759;0.1;False;ok;3;1;0.437;
4362;0.67242151;41.51713759;0.1;False;ok;1;1;0.437;
4363;0.67242151;41.61713759;0.1;False;ok;3;1;0.324;
4364;0.69742151;40.79213759;0.025;False;ok;72;1;0.589;
4365;0.72242151;40.71713759;0.05;False;ok;69;1;0.575;
4366;0.72242151;40.81713759;0.05;False;ok;58;1;0.592;
4367;0.72242151;40.86713759;0.05;False;ok;6;1;0.334;
4368;0.77242151;40.61713759;0.1;False;ok;52;1;0.563;
4369;0.77242151;40.71713759;0.05;False;ok;4;1;0.364;
4370;0.77242151;40.81713759;0.05;False;ok;2;1;0.417;
4371;0.77242151;40.86713759;0.025;False;ok;21;1;0.539;
4372;0.77242151;40.89213759;0.025;False;ok;12;1;0.504;
4373;0.77242151;40.91713759;0.1;False;ok;74;1;0.669;
4374;0.77242151;41.01713759;0.1;False;ok;12;1;0.459;
4375;0.77242151;41.11713759;0.1;False;ok;42;1;0.526;
4376;0.77242151;41.21713759;0.1;False;ok;14;1;0.564;
4377;0.77242151;41.31713759;0.1;False;ok;5;1;0.550;
4378;0.77242151;41.41713759;0.1;False;ok;4;1;0.397;
4379;0.77242151;41.51713759;0.1;False;ok;5;1;0.368;
4380;0.79742151;40.86713759;0.025;False;ok;71;1;0.580;
4381;0.79742151;40.90463759;0.0125;False;ok;46;1;0.537;
4382;0.80992151;40.89213759;0.0125;False;ok;15;1;0.457;
4383;0.80992151;40.90463759;0.0125;False;ok;49;1;0.538;
4384;0.82242151;40.71713759;0.0125;False;ok;74;1;0.584;
4385;0.82242151;40.72963759;0.0125;False;ok;5;1;0.525;
4386;0.82242151;40.86713759;0.05;False;ok;24;1;0.561;
4387;0.83492151;40.71713759;0.0125;False;ok;75;1;0.661;
4388;0.87242151;40.96713759;0.05;False;ok;28;1;0.528;
4389;0.87242151;41.01713759;0.05;False;ok;56;1;0.557;
4390;0.87242151;41.06713759;0.05;False;ok;2;1;0.490;
4391;0.87242151;41.11713759;0.1;False;ok;19;1;0.538;
4392;0.87242151;41.21713759;0.1;False;ok;36;1;0.538;
4393;0.87242151;41.31713759;0.1;False;ok;16;1;0.518;
4394;0.87242151;41.51713759;0.1;False;ok;9;1;0.497;
4395;0.87242151;41.61713759;0.1;False;ok;11;1;0.535;
4396;0.92242151;40.96713759;0.025;False;ok;13;1;0.474;
4397;0.92242151;40.99213759;0.0125;False;ok;73;1;0.657;
4398;0.92242151;41.00463759;0.0125;False;ok;42;1;0.612;
4399;0.92242151;41.01713759;0.025;False;ok;39;1;0.580;
4400;0.92242151;41.04213759;0.025;False;ok;2;1;0.322;
4401;0.92242151;41.06713759;0.05;False;ok;15;1;0.478;
4402;0.93492151;40.99213759;0.0125;False;ok;20;1;0.548;
4403;0.93492151;41.00463759;0.00625;False;ok;33;1;0.549;
4404;0.93492151;41.01088759;0.00625;False;ok;18;1;0.493;
4405;0.94117151;41.00463759;0.00625;False;ok;12;1;0.501;
4406;0.94117151;41.01088759;0.00625;False;ok;65;1;0.636;
4407;0.94742151;40.99213759;0.025;False;ok;44;1;0.599;
4408;0.94742151;41.01713759;0.0125;False;ok;74;1;0.555;
4409;0.94742151;41.02963759;0.0125;False;ok;8;1;0.503;
4410;0.95992151;41.01713759;0.0125;False;ok;22;1;0.489;
4411;0.95992151;41.02963759;0.0125;False;ok;10;1;0.495;
4412;0.97242151;41.01713759;0.05;False;ok;47;1;0.632;
4413;0.97242151;41.06713759;0.05;False;ok;2;1;0.391;
4414;0.97242151;41.11713759;0.1;False;ok;31;1;0.549;
4415;0.97242151;41.21713759;0.1;False;ok;29;1;0.547;
4416;0.97242151;41.31713759;0.1;False;ok;3;1;0.411;
4417;0.97242151;41.41713759;0.1;False;ok;7;1;0.451;
4418;0.97242151;41.51713759;0.1;False;ok;9;1;0.397;
4419;0.97242151;41.61713759;0.1;False;ok;1;1;0.405;
4420;1.02242151;41.04213759;0.0125;False;ok;7;1;0.415;
4421;1.02242151;41.05463759;0.0125;False;ok;61;1;0.678;
4422;1.02242151;41.06713759;0.025;False;ok;7;1;0.391;
4423;1.02242151;41.09213759;0.025;False;ok;3;1;0.514;
4424;1.03492151;41.05463759;0.0125;False;ok;46;1;0.641;
4425;1.04742151;41.05463759;0.0125;False;ok;74;1;0.552;
4426;1.04742151;41.06713759;0.025;False;ok;75;1;0.698;
4427;1.05992151;41.05463759;0.0125;False;ok;69;1;0.706;
4428;1.07242151;41.01713759;0.05;False;ok;75;1;0.692;
4429;1.07242151;41.06713759;0.0125;False;ok;58;1;0.612;
4430;1.07242151;41.09213759;0.025;False;ok;2;1;0.337;
4431;1.07242151;41.11713759;0.1;False;ok;46;1;0.697;
4432;1.07242151;41.21713759;0.1;False;ok;18;1;0.505;
4433;1.07242151;41.31713759;0.1;False;ok;42;1;0.535;
4434;1.07242151;41.41713759;0.1;False;ok;5;1;0.471;
4435;1.07242151;41.51713759;0.1;False;ok;6;1;0.392;
4436;1.07242151;41.61713759;0.1;False;ok;14;1;0.502;
4437;1.08492151;41.06713759;0.0125;False;ok;73;1;0.631;
4438;1.08492151;41.07963759;0.0125;False;ok;9;1;0.405;
4439;1.09742151;41.06713759;0.0125;False;ok;74;1;0.719;
4440;1.09742151;41.07963759;0.0125;False;ok;15;1;0.521;
4441;1.10992151;41.06713759;0.0125;False;ok;63;1;0.586;
4442;1.10992151;41.07963759;0.0125;False;ok;0;1;1.110;
4443;1.12242151;41.07338759;0.00625;False;ok;71;1;0.604;
4444;1.12242151;41.07963759;0.0125;False;ok;46;1;0.538;
4445;1.12242151;41.09213759;0.025;False;ok;7;1;0.479;
4446;1.12867151;41.07338759;0.00625;False;ok;69;1;0.549;
4447;1.13492151;41.07338759;0.003125;False;ok;64;1;0.674;
4448;1.13492151;41.07651259;0.003125;False;ok;30;1;0.609;
4449;1.13492151;41.07963759;0.0125;False;ok;20;1;0.556;
4450;1.13804651;41.07338759;0.003125;False;ok;50;1;0.606;
4451;1.13804651;41.07651259;0.003125;False;ok;27;1;0.517;
4452;1.14117151;41.06713759;0.00625;False;ok;75;1;0.724;
4453;1.14117151;41.07338759;0.003125;False;ok;73;1;0.729;
4454;1.14117151;41.07651259;0.003125;False;ok;74;1;0.663;
4455;1.14429651;41.07338759;0.003125;False;ok;51;1;0.605;
4456;1.14429651;41.07651259;0.003125;False;ok;42;1;0.618;
4457;1.14742151;41.05463759;0.0125;False;ok;25;1;0.488;
4458;1.14742151;41.06713759;0.003125;False;ok;65;1;0.627;
4459;1.14742151;41.07026259;0.003125;False;ok;70;1;0.673;
4460;1.14742151;41.07338759;0.00625;False;ok;63;1;0.729;
4461;1.14742151;41.07963759;0.0125;False;ok;17;1;0.469;
4462;1.14742151;41.09213759;0.025;False;ok;4;1;0.484;
4463;1.15054651;41.06713759;0.003125;False;ok;74;1;0.608;
4464;1.15054651;41.07026259;0.003125;False;ok;67;1;0.651;
4465;1.15367151;41.06713759;0.00625;False;ok;50;1;0.660;
4466;1.15992151;41.05463759;0.00625;False;ok;74;1;0.664;
4467;1.15992151;41.06088759;0.00625;False;ok;25;1;0.553;
4468;1.15992151;41.06713759;0.0125;False;ok;6;1;0.431;
4469;1.15992151;41.07963759;0.0125;False;ok;5;1;0.478;
4470;1.16617151;41.05463759;0.00625;False;ok;53;1;0.631;
4471;1.16617151;41.06088759;0.00625;False;ok;66;1;0.567;
4472;1.17242151;41.01713759;0.05;False;ok;53;1;0.601;
4473;1.17242151;41.06713759;0.00625;False;ok;40;1;0.602;
4474;1.17242151;41.07338759;0.00625;False;ok;33;1;0.515;
4475;1.17242151;41.07963759;0.0125;False;ok;73;1;1.117;
4476;1.17242151;41.11713759;0.05;False;ok;3;1;0.492;
4477;1.17242151;41.16713759;0.05;False;ok;5;1;0.520;
4478;1.17242151;41.21713759;0.1;False;ok;7;1;0.486;
4479;1.17242151;41.31713759;0.1;False;ok;18;1;0.457;
4480;1.17242151;41.41713759;0.1;False;ok;9;1;0.488;
4481;1.17242151;41.51713759;0.1;False;ok;11;1;0.470;
4482;1.17242151;41.61713759;0.1;False;ok;4;1;0.492;
4483;1.17867151;41.07338759;0.00625;False;ok;74;1;0.739;
4484;1.18492151;41.07963759;0.0125;False;ok;56;1;0.634;
4485;1.19742151;41.09213759;0.025;False;ok;3;1;0.435;
4486;1.22242151;41.06713759;0.05;False;ok;75;1;0.629;
4487;1.22242151;41.11713759;0.05;False;ok;74;1;0.666;
4488;1.22242151;41.16713759;0.05;False;ok;1;1;0.385;
4489;1.27242151;41.01713759;0.1;False;ok;0;1;1.125;
4490;1.27242151;41.11713759;0.1;False;ok;66;1;0.705;
4491;1.27242151;41.21713759;0.1;False;ok;12;1;0.491;
4492;1.27242151;41.31713759;0.1;False;ok;6;1;0.402;
4493;1.27242151;41.41713759;0.1;False;ok;8;1;0.457;
4494;1.27242151;41.51713759;0.1;False;ok;1;1;0.400;
4495;1.27242151;41.61713759;0.1;False;ok;6;1;0.473;
4496;1.37242151;41.11713759;0.025;False;ok;52;1;0.741;
4497;1.37242151;41.14213759;0.025;False;ok;6;1;0.415;
4498;1.37242151;41.16713759;0.05;False;ok;11;1;0.475;
4499;1.37242151;41.21713759;0.1;False;ok;14;1;0.414;
4500;1.37242151;41.31713759;0.1;False;ok;7;1;0.426;
4501;1.37242151;41.41713759;0.1;False;ok;0;1;1.204;
4502;1.37242151;41.51713759;0.1;False;ok;1;1;0.377;
4503;1.37242151;41.61713759;0.1;False;ok;5;1;0.378;
4504;1.39742151;41.11713759;0.025;False;ok;73;1;0.794;
4505;1.39742151;41.14213759;0.025;False;ok;75;1;0.644;
4506;1.42242151;41.11713759;0.05;False;ok;58;1;0.618;
4507;1.42242151;41.16713759;0.05;False;ok;27;1;0.467;
4508;1.47242151;41.16713759;0.05;False;ok;72;1;0.685;
4509;1.47242151;41.21713759;0.1;False;ok;34;1;0.528;
4510;1.47242151;41.31713759;0.1;False;ok;14;1;0.492;
4511;1.47242151;41.41713759;0.1;False;ok;2;1;0.342;
4512;1.47242151;41.51713759;0.1;False;ok;12;1;0.422;
4513;1.47242151;41.61713759;0.1;False;ok;7;1;0.485;
4514;1.52242151;41.16713759;0.025;False;ok;39;1;0.587;
4515;1.52242151;41.19213759;0.025;False;ok;3;1;0.452;
4516;1.54742151;41.16713759;0.025;False;ok;74;1;0.751;
4517;1.54742151;41.19213759;0.025;False;ok;23;1;0.495;
4518;1.57242151;41.16713759;0.025;False;ok;72;1;0.659;
4519;1.57242151;41.19213759;0.025;False;ok;21;1;0.433;
4520;1.57242151;41.21713759;0.1;False;ok;32;1;0.542;
4521;1.57242151;41.31713759;0.1;False;ok;32;1;0.643;
4522;1.57242151;41.41713759;0.1;False;ok;12;1;0.468;
4523;1.57242151;41.51713759;0.1;False;ok;15;1;0.557;
4524;1.57242151;41.61713759;0.1;False;ok;3;1;0.401;
4525;1.59742151;41.16713759;0.025;False;ok;41;1;0.571;
4526;1.59742151;41.19213759;0.025;False;ok;70;1;0.521;
4527;1.62242151;41.16713759;0.05;False;ok;59;1;0.608;
4528;1.67242151;41.11713759;0.1;False;ok;46;1;0.607;
4529;1.67242151;41.21713759;0.1;False;ok;72;1;0.632;
4530;1.67242151;41.31713759;0.1;False;ok;45;1;0.588;
4531;1.67242151;41.41713759;0.1;False;ok;15;1;0.504;
4532;1.67242151;41.51713759;0.1;False;ok;12;1;0.485;
4533;1.67242151;41.61713759;0.1;False;ok;15;1;0.440;
4534;1.77242151;41.21713759;0.025;False;ok;35;1;0.594;
4535;1.77242151;41.24213759;0.025;False;ok;12;1;0.499;
4536;1.77242151;41.26713759;0.05;False;ok;37;1;0.561;
4537;1.77242151;41.31713759;0.1;False;ok;22;1;0.469;
4538;1.77242151;41.41713759;0.1;False;ok;19;1;0.432;
4539;1.77242151;41.51713759;0.1;False;ok;40;1;0.652;
4540;1.77242151;41.61713759;0.1;False;ok;13;1;0.540;
4541;1.79742151;41.22963759;0.00625;False;ok;20;1;0.435;
4542;1.79742151;41.23588759;0.00625;False;ok;28;1;0.506;
4543;1.79742151;41.24213759;0.025;False;ok;21;1;0.480;
4544;1.80367151;41.22963759;0.00625;False;ok;69;1;0.619;
4545;1.80367151;41.23588759;0.003125;False;ok;48;1;0.493;
4546;1.80679651;41.23588759;0.003125;False;ok;70;1;0.477;
4547;1.80679651;41.23901259;0.003125;False;ok;7;1;0.427;
4548;1.80992151;41.22963759;0.00625;False;ok;25;1;0.600;
4549;1.80992151;41.23588759;0.00625;False;ok;61;1;0.591;
4550;1.81617151;41.22963759;0.00625;False;ok;2;1;0.434;
4551;1.81617151;41.23588759;0.00625;False;ok;28;1;0.510;
4552;1.82242151;41.21713759;0.05;False;ok;64;1;0.500;
4553;1.87242151;41.21713759;0.1;False;ok;63;1;0.644;
4554;1.87242151;41.31713759;0.1;False;ok;21;1;0.477;
4555;1.87242151;41.41713759;0.1;False;ok;22;1;0.561;
4556;1.87242151;41.51713759;0.1;False;ok;5;1;0.492;
4557;1.87242151;41.61713759;0.1;False;ok;8;1;0.477;
4558;1.97242151;41.21713759;0.1;False;ok;73;1;0.679;
4559;1.97242151;41.31713759;0.1;False;ok;42;1;0.602;
4560;1.97242151;41.41713759;0.1;False;ok;36;1;0.647;
4561;1.97242151;41.51713759;0.1;False;ok;67;1;0.690;
4562;1.97242151;41.61713759;0.1;False;ok;5;1;0.432;
4563;2.07242151;41.21713759;0.1;False;ok;2;1;0.603;
4564;2.07242151;41.31713759;0.05;False;ok;66;1;0.649;
4565;2.07242151;41.36713759;0.05;False;ok;72;1;0.653;
4566;2.07242151;41.41713759;0.1;False;ok;70;1;0.657;
4567;2.07242151;41.51713759;0.1;False;ok;16;1;0.460;
4568;2.07242151;41.61713759;0.1;False;ok;11;1;0.520;
4569;2.12242151;41.31713759;0.05;False;ok;69;1;0.655;
4570;2.12242151;41.36713759;0.0125;False;ok;75;1;0.616;
4571;2.12242151;41.37963759;0.0125;False;ok;52;1;0.628;
4572;2.12242151;41.39213759;0.025;False;ok;75;1;0.710;
4573;2.13492151;41.36713759;0.0125;False;ok;75;1;0.674;
4574;2.13492151;41.37963759;0.0125;False;ok;68;1;0.651;
4575;2.14742151;41.36713759;0.00625;False;ok;7;1;0.430;
4576;2.14742151;41.37338759;0.00625;False;ok;29;1;0.521;
4577;2.14742151;41.37963759;0.00625;False;ok;60;1;0.608;
4578;2.14742151;41.38588759;0.00625;False;ok;28;1;0.493;
4579;2.14742151;41.39213759;0.00625;False;ok;40;1;0.573;
4580;2.14742151;41.39838759;0.00625;False;ok;33;1;0.609;
4581;2.14742151;41.40463759;0.0125;False;ok;51;1;0.614;
4582;2.15367151;41.36713759;0.00625;False;ok;22;1;0.512;
4583;2.15367151;41.37338759;0.00625;False;ok;74;1;0.600;
4584;2.15367151;41.37963759;0.00625;False;ok;69;1;0.625;
4585;2.15367151;41.38588759;0.00625;False;ok;75;1;0.674;
4586;2.15367151;41.39213759;0.00625;False;ok;74;1;0.692;
4587;2.15367151;41.39838759;0.00625;False;ok;70;1;0.533;
4588;2.15992151;41.36713759;0.00625;False;ok;41;1;0.532;
4589;2.15992151;41.37338759;0.00625;False;ok;74;1;0.800;
4590;2.15992151;41.37963759;0.00625;False;ok;73;1;0.816;
4591;2.15992151;41.38588759;0.00625;False;ok;73;1;0.836;
4592;2.15992151;41.39213759;0.00625;False;ok;74;1;0.907;
4593;2.15992151;41.39838759;0.00625;False;ok;64;1;0.749;
4594;2.15992151;41.40463759;0.0125;False;ok;73;1;0.692;
4595;2.16617151;41.36713759;0.00625;False;ok;35;1;0.617;
4596;2.16617151;41.37338759;0.00625;False;ok;68;1;0.692;
4597;2.16617151;41.37963759;0.00625;False;ok;72;1;0.824;
4598;2.16617151;41.38588759;0.003125;False;ok;42;1;0.721;
4599;2.16617151;41.38901259;0.003125;False;ok;27;1;0.673;
4600;2.16617151;41.39213759;0.00625;False;ok;73;1;0.820;
4601;2.16617151;41.39838759;0.00625;False;ok;54;1;0.711;
4602;2.16929651;41.38588759;0.003125;False;ok;33;1;0.684;
4603;2.16929651;41.38901259;0.003125;False;ok;31;1;0.681;
4604;2.17242151;41.36713759;0.0125;False;ok;69;1;0.735;
4605;2.17242151;41.37963759;0.003125;False;ok;46;1;0.877;
4606;2.17242151;41.38276259;0.003125;False;ok;24;1;0.738;
4607;2.17242151;41.38588759;0.00625;False;ok;74;1;0.888;
4608;2.17242151;41.39213759;0.00625;False;ok;72;1;0.732;
4609;2.17242151;41.39838759;0.00625;False;ok;74;1;0.692;
4610;2.17242151;41.40463759;0.00625;False;ok;74;1;0.777;
4611;2.17242151;41.41088759;0.00625;False;ok;28;1;0.619;
4612;2.17242151;41.41713759;0.05;False;ok;74;1;0.909;
4613;2.17242151;41.46713759;0.05;False;ok;3;1;0.621;
4614;2.17242151;41.51713759;0.1;False;ok;24;1;0.687;
4615;2.17242151;41.61713759;0.1;False;ok;26;1;0.547;
4616;2.17554651;41.37963759;0.003125;False;ok;34;1;0.618;
4617;2.17554651;41.38276259;0.003125;False;ok;13;1;0.675;
4618;2.17867151;41.37963759;0.00625;False;ok;74;1;0.757;
4619;2.17867151;41.38588759;0.00625;False;ok;28;1;0.669;
4620;2.17867151;41.39213759;0.00625;False;ok;32;1;0.699;
4621;2.17867151;41.39838759;0.00625;False;ok;38;1;0.721;
4622;2.17867151;41.40463759;0.00625;False;ok;45;1;0.632;
4623;2.17867151;41.41088759;0.00625;False;ok;17;1;0.514;
4624;2.18492151;41.36713759;0.0125;False;ok;30;1;0.614;
4625;2.18492151;41.37963759;0.0125;False;ok;61;1;0.734;
4626;2.18492151;41.39213759;0.0125;False;ok;69;1;0.846;
4627;2.18492151;41.40463759;0.0125;False;ok;37;1;0.755;
4628;2.19742151;41.36713759;0.025;False;ok;10;1;0.480;
4629;2.19742151;41.39213759;0.0125;False;ok;72;1;0.649;
4630;2.19742151;41.40463759;0.0125;False;ok;33;1;0.588;
4631;2.20992151;41.39213759;0.0125;False;ok;9;1;0.502;
4632;2.20992151;41.40463759;0.0125;False;ok;53;1;0.774;
4633;2.22242151;41.36713759;0.05;False;ok;17;1;0.546;
4634;2.22242151;41.41713759;0.05;False;ok;74;1;0.838;
4635;2.22242151;41.46713759;0.05;False;ok;12;1;0.523;
4636;2.27242151;41.41713759;0.1;False;ok;74;1;0.814;
4637;2.27242151;41.51713759;0.1;False;ok;42;1;0.724;
4638;2.27242151;41.61713759;0.1;False;ok;21;1;0.574;
4639;2.37242151;41.41713759;0.1;False;ok;49;1;0.641;
4640;2.37242151;41.51713759;0.1;False;ok;74;1;0.813;
4641;2.37242151;41.61713759;0.1;False;ok;21;1;0.750;
4642;2.47242151;41.51713759;0.05;False;ok;20;1;0.572;
4643;2.47242151;41.56713759;0.05;False;ok;22;1;0.639;
4644;2.47242151;41.61713759;0.1;False;ok;13;1;0.687;
4645;2.52242151;41.51713759;0.05;False;ok;0;1;1.232;
4646;2.52242151;41.56713759;0.05;False;ok;53;1;0.795;
4647;-5.754968796;35.95813747;0.1;False;ok;1;1;0.390;
4648;-5.611218796;36.00813747;0.00625;False;ok;72;1;0.841;
4649;-5.617468796;36.01438747;0.00625;False;ok;72;1;0.776;
4650;-5.611218796;36.01438747;0.003125;False;ok;38;1;0.663;
4651;-5.608093796;36.01438747;0.003125;False;ok;73;1;0.825;
4652;-5.611218796;36.01751247;0.003125;False;ok;23;1;0.621;
4653;-5.608093796;36.01751247;0.003125;False;ok;22;1;0.801;
4654;-5.617468796;36.02063747;0.0125;False;ok;74;1;0.767;
4655;-5.654968796;36.03313747;0.025;False;ok;16;1;0.613;
4656;-5.629968796;36.03313747;0.025;False;ok;12;1;0.627;
4657;-5.604968796;36.00813747;0.003125;False;ok;1;1;0.424;
4658;-5.604968796;36.01126247;0.003125;False;ok;74;1;0.842;
4659;-5.601843796;36.01126247;0.003125;False;ok;38;1;0.680;
4660;-5.598718796;36.00813747;0.00625;False;ok;1;1;0.530;
4661;-5.604968796;36.01438747;0.00625;False;ok;74;1;0.905;
4662;-5.592468796;36.02063747;0.0125;False;ok;1;1;0.569;
4663;-5.579968796;36.00813747;0.025;False;ok;2;1;0.503;
4664;-5.604968796;36.03313747;0.025;False;ok;0;1;1.309;
4665;-5.854968796;36.05813747;0.05;False;ok;34;1;0.709;
4666;-5.804968796;36.05813747;0.05;False;ok;50;1;0.710;
4667;-5.854968796;36.10813747;0.025;False;ok;56;1;0.762;
4668;-5.829968796;36.10813747;0.025;False;ok;75;1;1.000;
4669;-5.854968796;36.13313747;0.025;False;ok;73;1;0.821;
4670;-5.754968796;36.05813747;0.1;False;ok;73;1;0.845;
4671;-5.654968796;36.05813747;0.1;False;ok;23;1;0.615;
4672;-5.554968796;36.05813747;0.1;False;ok;27;1;0.688;
4673;-5.454968796;36.05813747;0.1;True;ok;57;1;0.930;
4674;-5.354968796;36.05813747;0.1;True;ok;2;1;0.948;
4675;-6.154968796;36.15813747;0.1;False;ok;73;1;1.139;
4676;-6.054968796;36.18313747;0.025;False;ok;75;1;0.943;
4677;-6.029968796;36.18313747;0.025;False;ok;71;1;0.825;
4678;-6.004968796;36.15813747;0.05;False;ok;12;1;0.795;
4679;-6.054968796;36.20813747;0.05;False;ok;38;1;0.945;
4680;-6.004968796;36.20813747;0.025;False;ok;9;1;0.882;
4681;-5.979968796;36.20813747;0.025;False;ok;2;1;0.575;
4682;-5.979968796;36.23313747;0.0125;False;ok;4;1;0.628;
4683;-5.979968796;36.24563747;0.0125;False;ok;73;1;0.830;
4684;-5.967468796;36.24563747;0.00625;False;ok;50;1;0.843;
4685;-5.961218796;36.24563747;0.00625;False;ok;1;1;0.694;
4686;-5.967468796;36.25188747;0.003125;False;ok;75;1;1.070;
4687;-5.964343796;36.25188747;0.003125;False;ok;75;1;1.201;
4688;-5.961218796;36.25188747;0.00625;False;ok;40;1;0.894;
4689;-5.954968796;36.15813747;0.05;False;ok;73;1;0.978;
4690;-5.904968796;36.15813747;0.05;False;ok;5;1;0.712;
4691;-5.954968796;36.20813747;0.05;False;ok;74;1;1.918;
4692;-5.904968796;36.20813747;0.05;False;ok;7;1;0.856;
4693;-5.854968796;36.15813747;0.1;False;ok;12;1;0.858;
4694;-5.554968796;36.15813747;0.1;False;ok;5;1;0.903;
4695;-5.454968796;36.15813747;0.1;False;ok;40;1;0.791;
4696;-5.354968796;36.15813747;0.1;False;ok;75;1;1.822;
4697;-6.254968796;36.25813747;0.1;False;ok;33;1;1.593;
4698;-6.154968796;36.25813747;0.05;False;ok;73;1;0.756;
4699;-6.104968796;36.27063747;0.0125;False;ok;66;1;1.175;
4700;-6.089343796;36.27063747;0.003125;False;ok;29;1;0.827;
4701;-6.092468796;36.27376247;0.003125;False;ok;73;1;0.945;
4702;-6.089343796;36.27376247;0.003125;False;ok;73;1;1.320;
4703;-6.086218796;36.27063747;0.00625;False;ok;75;1;1.357;
4704;-6.092468796;36.27688747;0.003125;False;ok;72;1;1.301;
4705;-6.089343796;36.27688747;0.003125;False;ok;73;1;1.218;
4706;-6.092468796;36.28001247;0.003125;False;ok;26;1;0.595;
4707;-6.089343796;36.28001247;0.003125;False;ok;74;1;0.849;
4708;-6.086218796;36.27688747;0.00625;False;ok;74;1;0.832;
4709;-6.079968796;36.25813747;0.025;False;ok;22;1;0.702;
4710;-6.104968796;36.28313747;0.0125;False;ok;67;1;0.853;
4711;-6.092468796;36.28313747;0.0125;False;ok;73;1;0.911;
4712;-6.104968796;36.29563747;0.0125;False;ok;1;1;0.450;
4713;-6.092468796;36.29563747;0.0125;False;ok;30;1;0.557;
4714;-6.079968796;36.28313747;0.025;False;ok;59;1;0.860;
4715;-6.154968796;36.30813747;0.025;False;ok;20;1;0.650;
4716;-6.129968796;36.30813747;0.025;False;ok;71;1;0.804;
4717;-6.154968796;36.33313747;0.025;False;ok;66;1;0.764;
4718;-6.129968796;36.33313747;0.025;False;ok;39;1;0.731;
4719;-6.104968796;36.30813747;0.025;False;ok;73;1;0.782;
4720;-6.079968796;36.30813747;0.025;False;ok;54;1;0.774;
4721;-6.104968796;36.33313747;0.025;False;ok;63;1;0.719;
4722;-6.079968796;36.33313747;0.025;False;ok;44;1;0.748;
4723;-6.054968796;36.25813747;0.1;False;ok;75;1;0.745;
4724;-5.954968796;36.25813747;0.1;False;ok;14;1;0.525;
4725;-5.854968796;36.25813747;0.1;False;ok;51;1;0.790;
4726;-5.754968796;36.25813747;0.1;False;ok;6;1;0.598;
4727;-5.454968796;36.25813747;0.1;False;ok;8;1;0.575;
4728;-5.354968796;36.25813747;0.1;False;ok;74;1;0.785;
4729;-5.254968796;36.30813747;0.025;False;ok;72;1;0.823;
4730;-5.254968796;36.33313747;0.0125;False;ok;69;1;0.722;
4731;-5.242468796;36.33313747;0.0125;False;ok;63;1;0.751;
4732;-5.254968796;36.34563747;0.0125;False;ok;16;1;0.630;
4733;-5.242468796;36.34563747;0.00625;False;ok;31;1;0.643;
4734;-5.236218796;36.34563747;0.00625;False;ok;37;1;0.557;
4735;-5.242468796;36.35188747;0.00625;False;ok;41;1;0.689;
4736;-5.236218796;36.35188747;0.00625;False;ok;74;1;0.802;
4737;-5.229968796;36.33313747;0.025;False;ok;4;1;0.450;
4738;-6.204968796;36.35813747;0.025;False;ok;74;1;0.801;
4739;-6.179968796;36.35813747;0.0125;False;ok;67;1;0.797;
4740;-6.167468796;36.35813747;0.0125;False;ok;33;1;0.532;
4741;-6.179968796;36.37063747;0.0125;False;ok;72;1;0.633;
4742;-6.167468796;36.37063747;0.0125;False;ok;35;1;0.713;
4743;-6.204968796;36.38313747;0.025;False;ok;30;1;0.573;
4744;-6.179968796;36.38313747;0.025;False;ok;74;1;0.757;
4745;-6.254968796;36.40813747;0.05;False;ok;24;1;0.534;
4746;-6.204968796;36.40813747;0.05;False;ok;53;1;0.734;
4747;-6.154968796;36.35813747;0.05;False;ok;74;1;0.674;
4748;-6.104968796;36.35813747;0.05;False;ok;31;1;0.580;
4749;-6.154968796;36.40813747;0.05;False;ok;71;1;0.841;
4750;-6.054968796;36.35813747;0.1;False;ok;3;1;0.556;
4751;-5.954968796;36.35813747;0.1;False;ok;26;1;0.598;
4752;-5.754968796;36.35813747;0.1;False;ok;1;1;0.513;
4753;-5.554968796;36.35813747;0.1;False;ok;3;1;0.432;
4754;-5.454968796;36.35813747;0.1;False;ok;28;1;0.534;
4755;-5.354968796;36.35813747;0.1;False;ok;30;1;0.520;
4756;-5.254968796;36.35813747;0.0125;False;ok;46;1;0.743;
4757;-5.242468796;36.35813747;0.00625;False;ok;23;1;0.607;
4758;-5.236218796;36.35813747;0.00625;False;ok;72;1;0.631;
4759;-5.242468796;36.36438747;0.00625;False;ok;34;1;0.619;
4760;-5.236218796;36.36438747;0.00625;False;ok;29;1;0.583;
4761;-5.254968796;36.37063747;0.0125;False;ok;9;1;0.803;
4762;-5.242468796;36.37063747;0.0125;False;ok;3;1;0.503;
4763;-5.229968796;36.35813747;0.025;False;ok;75;1;0.734;
4764;-5.254968796;36.38313747;0.025;False;ok;33;1;0.605;
4765;-5.229968796;36.38313747;0.025;False;ok;75;1;1.061;
4766;-5.204968796;36.35813747;0.05;False;ok;75;1;0.800;
4767;-5.254968796;36.40813747;0.05;False;ok;73;1;0.749;
4768;-5.204968796;36.40813747;0.025;False;ok;74;1;0.820;
4769;-5.179968796;36.40813747;0.0125;False;ok;37;1;0.621;
4770;-5.167468796;36.41438747;0.00625;False;ok;47;1;0.833;
4771;-5.161218796;36.41438747;0.003125;False;ok;65;1;0.785;
4772;-5.158093796;36.41438747;0.003125;False;ok;19;1;0.636;
4773;-5.161218796;36.41751247;0.003125;False;ok;55;1;0.704;
4774;-5.158093796;36.41751247;0.003125;False;ok;12;1;0.656;
4775;-5.167468796;36.42063747;0.0125;False;ok;69;1;0.764;
4776;-5.204968796;36.43313747;0.025;False;ok;0;1;1.419;
4777;-5.179968796;36.43313747;0.025;False;ok;6;1;0.557;
4778;-5.154968796;36.40813747;0.0125;False;ok;37;1;0.603;
4779;-5.154968796;36.42063747;0.00625;False;ok;73;1;0.761;
4780;-5.148718796;36.42063747;0.00625;False;ok;72;1;0.681;
4781;-5.154968796;36.42688747;0.00625;False;ok;36;1;0.650;
4782;-5.148718796;36.42688747;0.00625;False;ok;71;1;0.780;
4783;-5.142468796;36.42063747;0.0125;False;ok;70;1;0.724;
4784;-5.129968796;36.40813747;0.025;False;ok;38;1;0.701;
4785;-5.154968796;36.43313747;0.025;False;ok;71;1;0.781;
4786;-5.129968796;36.43313747;0.025;False;ok;50;1;0.849;
4787;-5.104968796;36.40813747;0.05;False;ok;73;1;0.854;
4788;-5.054968796;36.35813747;0.1;False;ok;63;1;0.736;
4789;-6.304968796;36.45813747;0.05;False;ok;75;1;0.732;
4790;-6.354968796;36.50813747;0.05;False;ok;12;1;0.497;
4791;-6.292468796;36.50813747;0.0125;False;ok;74;1;0.833;
4792;-6.304968796;36.52688747;0.003125;False;ok;54;1;1.022;
4793;-6.301843796;36.52688747;0.003125;False;ok;27;1;0.646;
4794;-6.304968796;36.53001247;0.003125;False;ok;51;1;0.788;
4795;-6.301843796;36.53001247;0.003125;False;ok;73;1;0.791;
4796;-6.298718796;36.52688747;0.003125;False;ok;16;1;0.695;
4797;-6.295593796;36.52688747;0.003125;False;ok;43;1;0.771;
4798;-6.298718796;36.53001247;0.003125;False;ok;67;1;1.014;
4799;-6.295593796;36.53001247;0.003125;False;ok;74;1;0.853;
4800;-6.292468796;36.52063747;0.0125;False;ok;75;1;0.823;
4801;-6.279968796;36.50813747;0.025;False;ok;46;1;0.702;
4802;-6.304968796;36.53313747;0.00625;False;ok;73;1;0.804;
4803;-6.298718796;36.53313747;0.003125;False;ok;75;1;0.863;
4804;-6.295593796;36.53313747;0.003125;False;ok;63;1;1.218;
4805;-6.298718796;36.53626247;0.003125;False;ok;11;1;0.617;
4806;-6.295593796;36.53626247;0.003125;False;ok;5;1;0.514;
4807;-6.292468796;36.53313747;0.0125;False;ok;7;1;0.661;
4808;-6.254968796;36.45813747;0.1;False;ok;69;1;0.962;
4809;-6.154968796;36.45813747;0.1;False;ok;18;1;0.668;
4810;-5.954968796;36.45813747;0.1;False;ok;34;1;1.086;
4811;-5.754968796;36.45813747;0.1;False;ok;35;1;1.219;
4812;-5.454968796;36.45813747;0.1;False;ok;30;1;0.808;
4813;-5.354968796;36.45813747;0.1;False;ok;48;1;0.930;
4814;-5.254968796;36.45813747;0.1;False;ok;13;1;0.727;
4815;-5.154968796;36.45813747;0.1;False;ok;73;1;0.902;
4816;-5.054968796;36.45813747;0.0125;False;ok;73;1;1.033;
4817;-5.042468796;36.45813747;0.0125;False;ok;63;1;0.902;
4818;-5.054968796;36.47063747;0.0125;False;ok;42;1;1.005;
4819;-5.042468796;36.47063747;0.0125;False;ok;56;1;0.970;
4820;-5.029968796;36.45813747;0.0125;False;ok;69;1;0.933;
4821;-5.017468796;36.45813747;0.0125;False;ok;16;1;0.782;
4822;-5.029968796;36.47063747;0.0125;False;ok;60;1;0.996;
4823;-5.017468796;36.47063747;0.0125;False;ok;27;1;0.753;
4824;-5.054968796;36.48313747;0.025;False;ok;49;1;0.966;
4825;-5.029968796;36.48313747;0.025;False;ok;67;1;0.715;
4826;-5.004968796;36.45813747;0.025;False;ok;75;1;1.028;
4827;-4.979968796;36.45813747;0.025;False;ok;49;1;0.987;
4828;-5.004968796;36.48313747;0.025;False;ok;74;1;1.058;
4829;-4.979968796;36.48313747;0.0125;False;ok;73;1;1.042;
4830;-4.967468796;36.48313747;0.00625;False;ok;72;1;0.967;
4831;-4.961218796;36.48313747;0.003125;False;ok;30;1;0.724;
4832;-4.958093796;36.48313747;0.003125;False;ok;9;1;0.791;
4833;-4.961218796;36.48626247;0.003125;False;ok;68;1;0.935;
4834;-4.958093796;36.48626247;0.003125;False;ok;54;1;0.706;
4835;-4.967468796;36.48938747;0.00625;False;ok;74;1;0.792;
4836;-4.961218796;36.48938747;0.00625;False;ok;27;1;0.571;
4837;-4.979968796;36.49563747;0.0125;False;ok;49;1;0.708;
4838;-4.967468796;36.49563747;0.00625;False;ok;75;1;0.654;
4839;-4.961218796;36.49563747;0.00625;False;ok;22;1;0.574;
4840;-4.967468796;36.50188747;0.00625;False;ok;7;1;0.546;
4841;-4.961218796;36.50188747;0.00625;False;ok;19;1;0.572;
4842;-5.054968796;36.50813747;0.05;False;ok;69;1;0.596;
4843;-5.004968796;36.50813747;0.025;False;ok;69;1;0.618;
4844;-4.979968796;36.50813747;0.025;False;ok;72;1;0.789;
4845;-5.004968796;36.53313747;0.025;False;ok;2;1;0.526;
4846;-4.954968796;36.48313747;0.00625;False;ok;74;1;0.878;
4847;-4.954968796;36.48938747;0.00625;False;ok;55;1;0.699;
4848;-4.948718796;36.48938747;0.00625;False;ok;20;1;0.640;
4849;-4.954968796;36.49563747;0.0125;False;ok;75;1;0.626;
4850;-4.942468796;36.49563747;0.0125;False;ok;19;1;0.509;
4851;-4.929968796;36.48313747;0.025;False;ok;68;1;0.689;
4852;-4.904968796;36.49563747;0.0125;False;ok;71;1;0.632;
4853;-4.892468796;36.49563747;0.0125;False;ok;75;1;0.961;
4854;-4.879968796;36.48313747;0.025;False;ok;6;1;0.493;
4855;-4.954968796;36.50813747;0.025;False;ok;36;1;0.602;
4856;-4.929968796;36.50813747;0.025;False;ok;73;1;0.811;
4857;-4.954968796;36.53313747;0.025;False;ok;14;1;0.551;
4858;-4.904968796;36.50813747;0.00625;False;ok;74;1;0.567;
4859;-4.898718796;36.50813747;0.00625;False;ok;69;1;0.953;
4860;-4.904968796;36.51438747;0.00625;False;ok;4;1;0.530;
4861;-4.898718796;36.51438747;0.00625;False;ok;27;1;0.497;
4862;-4.892468796;36.50813747;0.00625;False;ok;71;1;0.797;
4863;-4.886218796;36.50813747;0.00625;False;ok;74;1;0.700;
4864;-4.892468796;36.51438747;0.00625;False;ok;8;1;0.524;
4865;-4.886218796;36.51438747;0.00625;False;ok;7;1;0.469;
4866;-4.904968796;36.52063747;0.0125;False;ok;13;1;0.509;
4867;-4.892468796;36.52063747;0.0125;False;ok;8;1;0.480;
4868;-4.879968796;36.50813747;0.025;False;ok;72;1;0.634;
4869;-4.879968796;36.53313747;0.025;False;ok;33;1;0.545;
4870;-4.854968796;36.48313747;0.025;False;ok;58;1;0.636;
4871;-4.829968796;36.49563747;0.0125;False;ok;29;1;0.543;
4872;-4.817468796;36.49563747;0.0125;False;ok;72;1;0.663;
4873;-4.804968796;36.48313747;0.025;False;ok;73;1;0.729;
4874;-4.779968796;36.48313747;0.0125;False;ok;74;1;0.836;
4875;-4.767468796;36.48313747;0.0125;False;ok;66;1;0.727;
4876;-4.779968796;36.49563747;0.0125;False;ok;63;1;0.626;
4877;-4.767468796;36.49563747;0.0125;False;ok;28;1;0.585;
4878;-4.854968796;36.50813747;0.05;False;ok;72;1;0.818;
4879;-4.804968796;36.50813747;0.05;False;ok;37;1;0.637;
4880;-4.754968796;36.48313747;0.0125;False;ok;69;1;0.756;
4881;-4.742468796;36.48313747;0.0125;False;ok;74;1;0.744;
4882;-4.754968796;36.49563747;0.0125;False;ok;66;1;0.624;
4883;-4.742468796;36.49563747;0.0125;False;ok;13;1;0.466;
4884;-4.729968796;36.48313747;0.00625;False;ok;26;1;0.510;
4885;-4.723718796;36.48626247;0.003125;False;ok;55;1;0.651;
4886;-4.720593796;36.48626247;0.003125;False;ok;74;1;0.603;
4887;-4.729968796;36.48938747;0.00625;False;ok;23;1;0.568;
4888;-4.723718796;36.48938747;0.00625;False;ok;53;1;0.534;
4889;-4.717468796;36.48313747;0.00625;False;ok;72;1;0.531;
4890;-4.711218796;36.48313747;0.00625;False;ok;5;1;0.416;
4891;-4.717468796;36.48938747;0.00625;False;ok;33;1;0.526;
4892;-4.711218796;36.48938747;0.00625;False;ok;72;1;0.684;
4893;-4.729968796;36.49563747;0.0125;False;ok;72;1;0.644;
4894;-4.717468796;36.49563747;0.0125;False;ok;74;1;0.598;
4895;-4.704968796;36.48313747;0.0125;False;ok;72;1;0.747;
4896;-4.692468796;36.48313747;0.0125;False;ok;13;1;0.563;
4897;-4.704968796;36.49563747;0.0125;False;ok;73;1;0.685;
4898;-4.692468796;36.49563747;0.0125;False;ok;74;1;0.763;
4899;-4.679968796;36.48313747;0.025;False;ok;70;1;0.653;
4900;-4.754968796;36.50813747;0.025;False;ok;61;1;0.621;
4901;-4.729968796;36.50813747;0.0125;False;ok;25;1;0.550;
4902;-4.717468796;36.50813747;0.0125;False;ok;73;1;0.682;
4903;-4.754968796;36.53313747;0.025;False;ok;15;1;0.518;
4904;-4.729968796;36.53313747;0.025;False;ok;45;1;0.666;
4905;-4.704968796;36.50813747;0.05;False;ok;74;1;0.697;
4906;-4.654968796;36.45813747;0.05;False;ok;18;1;0.533;
4907;-4.654968796;36.50813747;0.0125;False;ok;72;1;0.708;
4908;-4.642468796;36.50813747;0.0125;False;ok;73;1;0.660;
4909;-4.642468796;36.52063747;0.0125;False;ok;48;1;0.989;
4910;-4.629968796;36.50813747;0.025;False;ok;74;1;0.817;
4911;-4.654968796;36.53313747;0.025;False;ok;72;1;0.621;
4912;-4.629968796;36.53313747;0.00625;False;ok;75;1;0.662;
4913;-4.623718796;36.53313747;0.00625;False;ok;73;1;0.704;
4914;-4.629968796;36.53938747;0.00625;False;ok;60;1;0.640;
4915;-4.623718796;36.53938747;0.003125;False;ok;75;1;0.728;
4916;-4.620593796;36.53938747;0.003125;False;ok;74;1;0.636;
4917;-4.623718796;36.54251247;0.003125;False;ok;29;1;0.455;
4918;-4.620593796;36.54251247;0.003125;False;ok;69;1;0.649;
4919;-4.617468796;36.53313747;0.0125;False;ok;0;1;1.174;
4920;-4.629968796;36.54563747;0.0125;False;ok;71;1;0.640;
4921;-4.617468796;36.54563747;0.00625;False;ok;72;1;0.562;
4922;-4.617468796;36.55188747;0.00625;False;ok;73;1;0.745;
4923;-4.611218796;36.55188747;0.00625;False;ok;30;1;0.518;
4924;-4.554968796;36.45813747;0.1;False;ok;0;1;1.204;
4925;-6.454968796;36.55813747;0.1;False;ok;75;1;0.803;
4926;-6.304968796;36.55813747;0.05;False;ok;73;1;0.702;
4927;-6.354968796;36.60813747;0.05;False;ok;11;1;0.455;
4928;-6.304968796;36.60813747;0.05;False;ok;50;1;0.572;
4929;-6.229968796;36.55813747;0.025;False;ok;71;1;0.730;
4930;-6.254968796;36.58313747;0.025;False;ok;75;1;0.696;
4931;-6.229968796;36.58313747;0.025;False;ok;75;1;0.765;
4932;-6.254968796;36.60813747;0.05;False;ok;24;1;2.030;
4933;-6.204968796;36.60813747;0.05;False;ok;3;1;0.461;
4934;-6.054968796;36.55813747;0.1;False;ok;0;1;1.215;
4935;-5.954968796;36.55813747;0.1;False;ok;5;1;0.505;
4936;-5.854968796;36.55813747;0.1;False;ok;5;1;0.498;
4937;-5.754968796;36.55813747;0.1;False;ok;14;1;0.447;
4938;-5.654968796;36.55813747;0.1;False;ok;1;1;0.403;
4939;-5.554968796;36.55813747;0.1;False;ok;1;1;0.397;
4940;-5.454968796;36.55813747;0.1;False;ok;3;1;0.475;
4941;-5.354968796;36.55813747;0.1;False;ok;72;1;0.604;
4942;-5.254968796;36.55813747;0.1;False;ok;34;1;0.616;
4943;-5.154968796;36.55813747;0.1;False;ok;15;1;0.605;
4944;-5.054968796;36.55813747;0.1;False;ok;0;1;1.192;
4945;-4.954968796;36.55813747;0.1;False;ok;26;1;0.599;
4946;-4.854968796;36.55813747;0.1;False;ok;59;1;0.676;
4947;-4.754968796;36.55813747;0.05;False;ok;11;1;0.487;
4948;-4.704968796;36.55813747;0.05;False;ok;52;1;0.625;
4949;-4.754968796;36.60813747;0.05;False;ok;62;1;0.622;
4950;-4.704968796;36.60813747;0.05;False;ok;73;1;0.756;
4951;-4.654968796;36.55813747;0.025;False;ok;44;1;0.545;
4952;-4.629968796;36.55813747;0.0125;False;ok;22;1;0.731;
4953;-4.617468796;36.55813747;0.0125;False;ok;74;1;0.671;
4954;-4.629968796;36.57063747;0.0125;False;ok;5;1;0.614;
4955;-4.617468796;36.57063747;0.0125;False;ok;29;1;0.596;
4956;-4.654968796;36.58313747;0.025;False;ok;73;1;0.764;
4957;-4.629968796;36.58313747;0.025;False;ok;34;1;0.537;
4958;-4.604968796;36.55813747;0.0125;False;ok;73;1;0.608;
4959;-4.592468796;36.55813747;0.0125;False;ok;3;1;0.434;
4960;-4.604968796;36.57063747;0.0125;False;ok;75;1;0.763;
4961;-4.592468796;36.57063747;0.0125;False;ok;73;1;0.771;
4962;-4.579968796;36.55813747;0.025;False;ok;74;1;0.762;
4963;-4.604968796;36.58313747;0.025;False;ok;67;1;0.581;
4964;-4.579968796;36.58313747;0.025;False;ok;73;1;1.433;
4965;-4.654968796;36.60813747;0.05;False;ok;54;1;0.588;
4966;-4.604968796;36.60813747;0.05;False;ok;48;1;0.537;
4967;-4.554968796;36.55813747;0.025;False;ok;73;1;0.632;
4968;-4.529968796;36.55813747;0.025;False;ok;0;1;1.170;
4969;-4.554968796;36.58313747;0.0125;False;ok;73;1;0.751;
4970;-4.542468796;36.58313747;0.00625;False;ok;58;1;0.532;
4971;-4.536218796;36.58313747;0.003125;False;ok;72;1;0.601;
4972;-4.533093796;36.58313747;0.003125;False;ok;1;1;0.368;
4973;-4.536218796;36.58626247;0.003125;False;ok;69;1;0.567;
4974;-4.533093796;36.58626247;0.003125;False;ok;74;1;0.728;
4975;-4.542468796;36.58938747;0.00625;False;ok;10;1;0.516;
4976;-4.536218796;36.58938747;0.00625;False;ok;75;1;0.753;
4977;-4.554968796;36.59563747;0.0125;False;ok;37;1;0.550;
4978;-4.542468796;36.59563747;0.0125;False;ok;72;1;0.615;
4979;-4.529968796;36.58313747;0.00625;False;ok;2;1;0.371;
4980;-4.529968796;36.58938747;0.0015625;False;ok;75;1;0.842;
4981;-4.528406296;36.58938747;0.0015625;False;ok;19;1;0.569;
4982;-4.529968796;36.59094997;0.0015625;False;ok;74;1;0.804;
4983;-4.528406296;36.59094997;0.0015625;False;ok;20;1;0.554;
4984;-4.526843796;36.58938747;0.003125;False;ok;26;1;0.569;
4985;-4.529968796;36.59251247;0.003125;False;ok;13;1;0.470;
4986;-4.526843796;36.59251247;0.003125;False;ok;73;1;0.682;
4987;-4.523718796;36.58938747;0.00625;False;ok;56;1;0.739;
4988;-4.517468796;36.58313747;0.0125;False;ok;12;1;0.450;
4989;-4.529968796;36.59563747;0.0015625;False;ok;59;1;0.500;
4990;-4.528406296;36.59563747;0.0015625;False;ok;74;1;0.623;
4991;-4.529968796;36.59719997;0.0015625;False;ok;50;1;0.583;
4992;-4.528406296;36.59719997;0.0015625;False;ok;13;1;0.522;
4993;-4.526843796;36.59563747;0.003125;False;ok;71;1;0.629;
4994;-4.529968796;36.59876247;0.003125;False;ok;38;1;0.629;
4995;-4.526843796;36.59876247;0.003125;False;ok;24;1;0.462;
4996;-4.523718796;36.59563747;0.00625;False;ok;75;1;0.616;
4997;-4.529968796;36.60188747;0.00625;False;ok;3;1;0.429;
4998;-4.523718796;36.60188747;0.00625;False;ok;47;1;0.512;
4999;-4.517468796;36.59563747;0.003125;False;ok;73;1;0.539;
5000;-4.514343796;36.59563747;0.003125;False;ok;59;1;0.502;
5001;-4.517468796;36.59876247;0.003125;False;ok;68;1;0.520;
5002;-4.514343796;36.59876247;0.003125;False;ok;53;1;0.528;
5003;-4.511218796;36.59563747;0.00625;False;ok;62;1;0.605;
5004;-4.517468796;36.60188747;0.00625;False;ok;71;1;0.480;
5005;-4.511218796;36.60188747;0.00625;False;ok;74;1;0.533;
5006;-4.504968796;36.55813747;0.05;False;ok;0;1;1.157;
5007;-4.554968796;36.60813747;0.025;False;ok;20;1;0.484;
5008;-4.529968796;36.60813747;0.025;False;ok;73;1;0.601;
5009;-4.554968796;36.63313747;0.025;False;ok;17;1;0.413;
5010;-4.529968796;36.63313747;0.025;False;ok;4;1;0.467;
5011;-4.504968796;36.60813747;0.003125;False;ok;60;1;0.450;
5012;-4.504968796;36.61126247;0.003125;False;ok;74;1;0.556;
5013;-4.501843796;36.61126247;0.003125;False;ok;29;1;0.537;
5014;-4.504968796;36.61438747;0.00625;False;ok;74;1;0.519;
5015;-4.498718796;36.61438747;0.003125;False;ok;69;1;0.483;
5016;-4.498718796;36.61751247;0.003125;False;ok;73;1;0.484;
5017;-4.504968796;36.62063747;0.003125;False;ok;41;1;0.497;
5018;-4.501843796;36.62063747;0.003125;False;ok;73;1;0.562;
5019;-4.504968796;36.62376247;0.003125;False;ok;51;1;0.553;
5020;-4.501843796;36.62376247;0.003125;False;ok;72;1;0.715;
5021;-4.498718796;36.62063747;0.003125;False;ok;75;1;0.592;
5022;-4.495593796;36.62063747;0.003125;False;ok;18;1;0.501;
5023;-4.498718796;36.62376247;0.003125;False;ok;65;1;0.515;
5024;-4.495593796;36.62376247;0.003125;False;ok;38;1;0.536;
5025;-4.504968796;36.62688747;0.00625;False;ok;73;1;0.661;
5026;-4.498718796;36.62688747;0.00625;False;ok;73;1;0.671;
5027;-4.492468796;36.62063747;0.0125;False;ok;65;1;0.711;
5028;-4.504968796;36.63313747;0.0125;False;ok;75;1;0.819;
5029;-4.492468796;36.63313747;0.0125;False;ok;75;1;0.568;
5030;-4.504968796;36.64563747;0.0125;False;ok;9;1;0.489;
5031;-4.492468796;36.64563747;0.0125;False;ok;20;1;0.524;
5032;-4.479968796;36.63313747;0.025;False;ok;16;1;0.505;
5033;-6.454968796;36.65813747;0.05;False;ok;72;1;0.784;
5034;-6.404968796;36.65813747;0.05;False;ok;3;1;0.458;
5035;-6.454968796;36.70813747;0.05;False;ok;73;1;1.000;
5036;-6.404968796;36.70813747;0.05;False;ok;11;1;0.422;
5037;-6.354968796;36.65813747;0.1;False;ok;2;1;0.486;
5038;-6.254968796;36.65813747;0.1;False;ok;5;1;0.470;
5039;-6.154968796;36.65813747;0.025;False;ok;75;1;0.755;
5040;-6.129968796;36.65813747;0.025;False;ok;26;1;0.541;
5041;-6.154968796;36.68313747;0.0125;False;ok;72;1;0.579;
5042;-6.142468796;36.68313747;0.00625;False;ok;75;1;0.593;
5043;-6.136218796;36.68313747;0.00625;False;ok;74;1;0.712;
5044;-6.142468796;36.68938747;0.00625;False;ok;10;1;0.442;
5045;-6.136218796;36.68938747;0.00625;False;ok;7;1;0.528;
5046;-6.154968796;36.69563747;0.0125;False;ok;5;1;0.384;
5047;-6.142468796;36.69563747;0.0125;False;ok;6;1;0.504;
5048;-6.129968796;36.68313747;0.025;False;ok;42;1;0.578;
5049;-6.104968796;36.65813747;0.05;False;ok;3;1;0.468;
5050;-6.154968796;36.70813747;0.05;False;ok;1;1;0.395;
5051;-6.104968796;36.70813747;0.05;False;ok;5;1;0.473;
5052;-6.054968796;36.65813747;0.1;False;ok;13;1;0.604;
5053;-5.954968796;36.65813747;0.1;False;ok;7;1;0.489;
5054;-5.854968796;36.65813747;0.1;False;ok;73;1;0.678;
5055;-5.754968796;36.65813747;0.1;False;ok;20;1;0.590;
5056;-5.654968796;36.65813747;0.1;False;ok;8;1;0.494;
5057;-5.554968796;36.65813747;0.1;False;ok;63;1;0.693;
5058;-5.454968796;36.65813747;0.1;False;ok;73;1;0.620;
5059;-5.354968796;36.65813747;0.1;False;ok;6;1;0.497;
5060;-5.204968796;36.65813747;0.05;False;ok;2;1;0.483;
5061;-5.254968796;36.70813747;0.05;False;ok;65;1;0.662;
5062;-5.204968796;36.70813747;0.025;False;ok;1;1;0.316;
5063;-5.179968796;36.70813747;0.025;False;ok;15;1;0.502;
5064;-5.204968796;36.73313747;0.025;False;ok;8;1;0.453;
5065;-5.179968796;36.73313747;0.0125;False;ok;11;1;0.387;
5066;-5.167468796;36.73313747;0.00625;False;ok;47;1;0.498;
5067;-5.167468796;36.73938747;0.003125;False;ok;43;1;0.518;
5068;-5.164343796;36.73938747;0.003125;False;ok;43;1;0.460;
5069;-5.167468796;36.74251247;0.003125;False;ok;64;1;0.611;
5070;-5.164343796;36.74251247;0.003125;False;ok;69;1;0.600;
5071;-5.161218796;36.73938747;0.00625;False;ok;28;1;0.527;
5072;-5.179968796;36.74563747;0.0125;False;ok;16;1;0.575;
5073;-5.167468796;36.74563747;0.0125;False;ok;63;1;0.605;
5074;-5.154968796;36.65813747;0.1;False;ok;23;1;0.513;
5075;-4.954968796;36.65813747;0.1;False;ok;73;1;0.680;
5076;-4.854968796;36.65813747;0.1;False;ok;44;1;0.596;
5077;-4.754968796;36.65813747;0.1;False;ok;74;1;0.815;
5078;-4.654968796;36.65813747;0.1;False;ok;73;1;0.710;
5079;-4.554968796;36.65813747;0.05;False;ok;42;1;0.462;
5080;-4.504968796;36.65813747;0.05;False;ok;74;1;0.689;
5081;-4.554968796;36.70813747;0.05;False;ok;11;1;0.462;
5082;-4.504968796;36.70813747;0.05;False;ok;52;1;0.536;
5083;-4.454968796;36.65813747;0.025;False;ok;12;1;0.462;
5084;-4.454968796;36.68313747;0.0125;False;ok;70;1;0.641;
5085;-4.442468796;36.68313747;0.0125;False;ok;15;1;0.462;
5086;-4.454968796;36.69563747;0.0125;False;ok;74;1;0.564;
5087;-4.442468796;36.69563747;0.0125;False;ok;75;1;0.654;
5088;-4.454968796;36.70813747;0.0125;False;ok;36;1;0.533;
5089;-4.442468796;36.70813747;0.0125;False;ok;74;1;0.674;
5090;-4.454968796;36.72063747;0.0125;False;ok;25;1;0.492;
5091;-4.442468796;36.72063747;0.0125;False;ok;75;1;0.662;
5092;-4.429968796;36.70813747;0.00625;False;ok;75;1;0.671;
5093;-4.423718796;36.70813747;0.00625;False;ok;10;1;0.372;
5094;-4.429968796;36.71438747;0.003125;False;ok;29;1;0.486;
5095;-4.426843796;36.71438747;0.003125;False;ok;72;1;0.631;
5096;-4.429968796;36.71751247;0.003125;False;ok;49;1;0.547;
5097;-4.426843796;36.71751247;0.003125;False;ok;73;1;0.634;
5098;-4.423718796;36.71438747;0.003125;False;ok;74;1;0.694;
5099;-4.420593796;36.71438747;0.003125;False;ok;1;1;0.358;
5100;-4.423718796;36.71751247;0.0015625;False;ok;21;1;0.534;
5101;-4.422156296;36.71751247;0.0015625;False;ok;13;1;0.456;
5102;-4.423718796;36.71907497;0.0015625;False;ok;75;1;0.686;
5103;-4.422156296;36.71907497;0.0015625;False;ok;34;1;0.508;
5104;-4.420593796;36.71751247;0.003125;False;ok;59;1;0.533;
5105;-4.417468796;36.71438747;0.00625;False;ok;75;1;0.551;
5106;-4.411218796;36.71438747;0.00625;False;ok;75;1;0.547;
5107;-4.429968796;36.72063747;0.003125;False;ok;75;1;0.639;
5108;-4.426843796;36.72063747;0.003125;False;ok;75;1;0.609;
5109;-4.429968796;36.72376247;0.003125;False;ok;71;1;0.606;
5110;-4.426843796;36.72376247;0.003125;False;ok;73;1;0.633;
5111;-4.423718796;36.72063747;0.0015625;False;ok;65;1;0.573;
5112;-4.422156296;36.72063747;0.0015625;False;ok;75;1;0.578;
5113;-4.423718796;36.72219997;0.0015625;False;ok;59;1;0.573;
5114;-4.422156296;36.72219997;0.0015625;False;ok;75;1;0.623;
5115;-4.420593796;36.72063747;0.0015625;False;ok;70;1;0.596;
5116;-4.419031296;36.72063747;0.0015625;False;ok;46;1;0.539;
5117;-4.420593796;36.72219997;0.0015625;False;ok;75;1;0.719;
5118;-4.419031296;36.72219997;0.0015625;False;ok;67;1;0.549;
5119;-4.423718796;36.72376247;0.0015625;False;ok;58;1;0.525;
5120;-4.422156296;36.72376247;0.0015625;False;ok;63;1;0.543;
5121;-4.423718796;36.72532497;0.0015625;False;ok;47;1;0.446;
5122;-4.422156296;36.72532497;0.0015625;False;ok;72;1;0.546;
5123;-4.420593796;36.72376247;0.0015625;False;ok;74;1;0.517;
5124;-4.419031296;36.72376247;0.0015625;False;ok;75;1;0.519;
5125;-4.420593796;36.72532497;0.0015625;False;ok;75;1;0.600;
5126;-4.419031296;36.72532497;0.0015625;False;ok;55;1;0.550;
5127;-4.429968796;36.72688747;0.00625;False;ok;74;1;0.574;
5128;-4.423718796;36.72688747;0.00625;False;ok;74;1;0.661;
5129;-4.417468796;36.72063747;0.003125;False;ok;52;1;0.592;
5130;-4.414343796;36.72063747;0.003125;False;ok;7;1;0.373;
5131;-4.417468796;36.72376247;0.003125;False;ok;75;1;0.591;
5132;-4.414343796;36.72376247;0.003125;False;ok;45;1;0.474;
5133;-4.411218796;36.72063747;0.00625;False;ok;49;1;0.588;
5134;-4.417468796;36.72688747;0.00625;False;ok;75;1;0.596;
5135;-4.411218796;36.72688747;0.00625;False;ok;26;1;0.512;
5136;-4.429968796;36.73313747;0.025;False;ok;67;1;0.570;
5137;-4.404968796;36.70813747;0.025;False;ok;73;1;0.633;
5138;-4.379968796;36.70813747;0.0125;False;ok;10;1;0.437;
5139;-4.367468796;36.70813747;0.0125;False;ok;73;1;0.494;
5140;-4.379968796;36.72063747;0.0125;False;ok;75;1;0.580;
5141;-4.367468796;36.72063747;0.0125;False;ok;63;1;0.522;
5142;-4.404968796;36.73313747;0.025;False;ok;3;1;0.463;
5143;-4.379968796;36.73313747;0.025;False;ok;18;1;0.450;
5144;-4.354968796;36.70813747;0.05;False;ok;72;1;0.632;
5145;-4.304968796;36.70813747;0.025;False;ok;75;1;0.539;
5146;-4.279968796;36.70813747;0.025;False;ok;73;1;0.532;
5147;-4.279968796;36.73313747;0.025;False;ok;15;1;0.414;
5148;-4.254968796;36.70813747;0.05;False;ok;73;1;0.615;
5149;-4.204968796;36.70813747;0.05;False;ok;74;1;0.656;
5150;-4.154968796;36.70813747;0.05;False;ok;54;1;0.548;
5151;-4.104968796;36.70813747;0.025;False;ok;42;1;0.478;
5152;-4.104968796;36.73313747;0.00625;False;ok;31;1;0.492;
5153;-4.098718796;36.73313747;0.00625;False;ok;73;1;0.685;
5154;-4.104968796;36.73938747;0.00625;False;ok;10;1;0.459;
5155;-4.098718796;36.73938747;0.00625;False;ok;73;1;0.629;
5156;-4.092468796;36.73313747;0.0125;False;ok;73;1;0.537;
5157;-4.104968796;36.74563747;0.0125;False;ok;12;1;0.522;
5158;-4.092468796;36.74563747;0.0125;False;ok;35;1;0.422;
5159;-4.079968796;36.73313747;0.025;False;ok;73;1;0.616;
5160;-4.054968796;36.70813747;0.05;False;ok;73;1;0.705;
5161;-3.979968796;36.72063747;0.0125;False;ok;72;1;0.574;
5162;-3.967468796;36.72063747;0.0125;False;ok;74;1;0.571;
5163;-4.004968796;36.73313747;0.025;False;ok;75;1;0.640;
5164;-3.979968796;36.73313747;0.025;False;ok;74;1;0.582;
5165;-3.954968796;36.70813747;0.025;False;ok;72;1;0.594;
5166;-3.954968796;36.73313747;0.025;False;ok;75;1;0.677;
5167;-3.929968796;36.73313747;0.025;False;ok;74;1;0.537;
5168;-3.904968796;36.73313747;0.0125;False;ok;28;1;0.475;
5169;-3.892468796;36.73938747;0.00625;False;ok;15;1;0.411;
5170;-3.886218796;36.73938747;0.003125;False;ok;43;1;0.550;
5171;-3.883093796;36.73938747;0.003125;False;ok;35;1;0.515;
5172;-3.886218796;36.74251247;0.003125;False;ok;72;1;0.516;
5173;-3.883093796;36.74251247;0.0015625;False;ok;43;1;0.550;
5174;-3.881531296;36.74251247;0.0015625;False;ok;75;1;0.662;
5175;-3.883093796;36.74407497;0.0015625;False;ok;14;1;0.428;
5176;-3.881531296;36.74407497;0.0015625;False;ok;43;1;0.475;
5177;-3.904968796;36.74563747;0.0125;False;ok;68;1;0.593;
5178;-3.892468796;36.74563747;0.0125;False;ok;54;1;0.471;
5179;-3.879968796;36.73313747;0.0125;False;ok;75;1;0.599;
5180;-3.879968796;36.74563747;0.003125;False;ok;72;1;0.519;
5181;-3.876843796;36.74563747;0.003125;False;ok;65;1;0.483;
5182;-3.879968796;36.74876247;0.003125;False;ok;50;1;0.588;
5183;-3.876843796;36.74876247;0.003125;False;ok;74;1;0.608;
5184;-3.873718796;36.74563747;0.003125;False;ok;74;1;0.584;
5185;-3.873718796;36.74876247;0.003125;False;ok;75;1;0.568;
5186;-3.870593796;36.74876247;0.003125;False;ok;62;1;0.724;
5187;-3.879968796;36.75188747;0.00625;False;ok;63;1;0.522;
5188;-3.873718796;36.75188747;0.003125;False;ok;72;1;0.617;
5189;-3.870593796;36.75188747;0.003125;False;ok;73;1;0.549;
5190;-3.873718796;36.75501247;0.003125;False;ok;49;1;0.460;
5191;-3.870593796;36.75501247;0.003125;False;ok;29;1;0.467;
5192;-3.867468796;36.74563747;0.0125;False;ok;74;1;0.648;
5193;-3.854968796;36.65813747;0.1;False;ok;73;1;0.549;
5194;-3.754968796;36.70813747;0.025;False;ok;61;1;0.621;
5195;-3.729968796;36.70813747;0.025;False;ok;69;1;0.629;
5196;-3.754968796;36.73313747;0.025;False;ok;72;1;0.576;
5197;-3.729968796;36.73313747;0.025;False;ok;73;1;0.549;
5198;-3.704968796;36.70813747;0.025;False;ok;75;1;0.605;
5199;-3.679968796;36.70813747;0.025;False;ok;14;1;0.443;
5200;-3.704968796;36.73313747;0.025;False;ok;73;1;0.580;
5201;-3.679968796;36.73313747;0.025;False;ok;73;1;0.775;
5202;-3.654968796;36.70813747;0.05;False;ok;74;1;0.721;
5203;-3.604968796;36.70813747;0.05;False;ok;75;1;0.794;
5204;-3.554968796;36.65813747;0.1;False;ok;75;1;0.753;
5205;-3.454968796;36.65813747;0.1;False;ok;55;1;0.552;
5206;-3.354968796;36.65813747;0.1;False;ok;30;1;0.596;
5207;-3.254968796;36.65813747;0.1;False;ok;10;1;0.460;
5208;-3.154968796;36.65813747;0.1;False;ok;11;1;0.470;
5209;-3.054968796;36.65813747;0.1;False;ok;28;1;0.470;
5210;-2.954968796;36.65813747;0.1;False;ok;15;1;0.492;
5211;-2.854968796;36.65813747;0.1;False;ok;71;1;0.657;
5212;-2.654968796;36.65813747;0.05;False;ok;0;1;1.108;
5213;-2.654968796;36.70813747;0.025;False;ok;74;1;0.605;
5214;-2.629968796;36.70813747;0.025;False;ok;73;1;0.759;
5215;-2.654968796;36.73313747;0.025;False;ok;2;1;0.329;
5216;-2.629968796;36.73313747;0.025;False;ok;75;1;0.741;
5217;-6.454968796;36.75813747;0.1;False;ok;74;1;0.795;
5218;-6.354968796;36.75813747;0.0125;False;ok;4;1;0.394;
5219;-6.342468796;36.75813747;0.0125;False;ok;1;1;0.304;
5220;-6.354968796;36.77063747;0.0125;False;ok;74;1;0.785;
5221;-6.342468796;36.77063747;0.0125;False;ok;8;1;0.450;
5222;-6.329968796;36.75813747;0.025;False;ok;3;1;0.408;
5223;-6.354968796;36.78313747;0.025;False;ok;73;1;0.514;
5224;-6.329968796;36.78313747;0.025;False;ok;26;1;0.564;
5225;-6.304968796;36.75813747;0.05;False;ok;0;1;1.093;
5226;-6.354968796;36.80813747;0.05;False;ok;1;1;0.392;
5227;-6.054968796;36.75813747;0.1;False;ok;6;1;0.532;
5228;-5.954968796;36.75813747;0.1;False;ok;1;1;0.319;
5229;-5.854968796;36.75813747;0.1;False;ok;23;1;0.500;
5230;-5.754968796;36.75813747;0.1;False;ok;12;1;0.393;
5231;-5.654968796;36.75813747;0.1;False;ok;44;1;0.569;
5232;-5.554968796;36.75813747;0.1;False;ok;72;1;0.549;
5233;-5.454968796;36.75813747;0.1;False;ok;72;1;0.662;
5234;-5.354968796;36.75813747;0.1;False;ok;73;1;0.572;
5235;-5.254968796;36.75813747;0.1;False;ok;50;1;0.717;
5236;-5.154968796;36.75813747;0.1;False;ok;73;1;0.640;
5237;-5.054968796;36.75813747;0.1;False;ok;1;1;0.400;
5238;-4.954968796;36.75813747;0.1;False;ok;8;1;0.470;
5239;-4.854968796;36.75813747;0.1;False;ok;46;1;0.521;
5240;-4.754968796;36.75813747;0.1;False;ok;74;1;0.708;
5241;-4.654968796;36.75813747;0.1;False;ok;20;1;0.523;
5242;-4.554968796;36.75813747;0.1;False;ok;36;1;0.443;
5243;-4.454968796;36.75813747;0.1;False;ok;12;1;0.486;
5244;-4.354968796;36.75813747;0.1;False;ok;29;1;0.538;
5245;-4.254968796;36.75813747;0.1;False;ok;73;1;0.638;
5246;-4.154968796;36.75813747;0.1;False;ok;73;1;0.647;
5247;-4.054968796;36.75813747;0.05;False;ok;74;1;0.614;
5248;-4.004968796;36.75813747;0.05;False;ok;75;1;0.632;
5249;-4.054968796;36.80813747;0.05;False;ok;51;1;0.584;
5250;-4.004968796;36.80813747;0.025;False;ok;30;1;0.454;
5251;-3.979968796;36.80813747;0.025;False;ok;73;1;0.612;
5252;-4.004968796;36.83313747;0.025;False;ok;44;1;0.519;
5253;-3.979968796;36.83313747;0.025;False;ok;49;1;0.607;
5254;-3.954968796;36.75813747;0.025;False;ok;64;1;0.536;
5255;-3.929968796;36.75813747;0.025;False;ok;57;1;0.518;
5256;-3.954968796;36.78313747;0.025;False;ok;19;1;0.515;
5257;-3.929968796;36.78313747;0.025;False;ok;73;1;0.502;
5258;-3.904968796;36.75813747;0.0125;False;ok;29;1;0.445;
5259;-3.892468796;36.75813747;0.0125;False;ok;70;1;0.467;
5260;-3.904968796;36.77063747;0.0125;False;ok;50;1;0.607;
5261;-3.892468796;36.77063747;0.0125;False;ok;15;1;0.438;
5262;-3.879968796;36.75813747;0.0125;False;ok;75;1;0.591;
5263;-3.867468796;36.75813747;0.0125;False;ok;75;1;0.599;
5264;-3.904968796;36.78313747;0.025;False;ok;75;1;0.600;
5265;-3.954968796;36.80813747;0.05;False;ok;33;1;0.484;
5266;-3.904968796;36.80813747;0.05;False;ok;1;1;0.446;
5267;-3.854968796;36.75813747;0.1;False;ok;43;1;0.498;
5268;-3.754968796;36.75813747;0.1;False;ok;42;1;0.715;
5269;-3.654968796;36.75813747;0.1;False;ok;40;1;0.562;
5270;-3.554968796;36.75813747;0.1;False;ok;36;1;0.528;
5271;-3.454968796;36.75813747;0.1;False;ok;11;1;0.525;
5272;-3.354968796;36.75813747;0.1;False;ok;26;1;0.487;
5273;-3.254968796;36.75813747;0.1;False;ok;7;1;0.557;
5274;-3.154968796;36.75813747;0.1;False;ok;8;1;0.504;
5275;-3.054968796;36.75813747;0.1;False;ok;5;1;0.441;
5276;-2.954968796;36.75813747;0.1;False;ok;6;1;0.392;
5277;-2.854968796;36.75813747;0.1;False;ok;10;1;0.519;
5278;-2.754968796;36.75813747;0.1;False;ok;1;1;0.522;
5279;-2.654968796;36.75813747;0.05;False;ok;59;1;0.543;
5280;-2.604968796;36.75813747;0.05;False;ok;70;1;0.638;
5281;-2.654968796;36.80813747;0.05;False;ok;28;1;0.593;
5282;-2.604968796;36.80813747;0.05;False;ok;73;1;0.681;
5283;-2.554968796;36.75813747;0.1;False;ok;75;1;0.636;
5284;-2.454968796;36.75813747;0.1;False;ok;74;1;0.739;
5285;-2.354968796;36.75813747;0.1;False;ok;72;1;0.668;
5286;-6.154968796;36.85813747;0.1;False;ok;13;1;0.398;
5287;-5.854968796;36.85813747;0.1;False;ok;1;1;0.395;
5288;-5.754968796;36.85813747;0.1;False;ok;0;1;1.193;
5289;-5.654968796;36.85813747;0.1;False;ok;6;1;0.441;
5290;-5.554968796;36.85813747;0.1;False;ok;4;1;0.485;
5291;-5.454968796;36.85813747;0.1;False;ok;59;1;0.663;
5292;-5.354968796;36.85813747;0.1;False;ok;69;1;0.668;
5293;-5.254968796;36.85813747;0.1;False;ok;75;1;0.565;
5294;-5.154968796;36.85813747;0.1;False;ok;2;1;0.366;
5295;-5.054968796;36.85813747;0.1;False;ok;22;1;0.490;
5296;-4.954968796;36.85813747;0.1;False;ok;6;1;0.534;
5297;-4.854968796;36.85813747;0.1;False;ok;73;1;0.660;
5298;-4.754968796;36.85813747;0.1;False;ok;75;1;0.680;
5299;-4.654968796;36.85813747;0.1;False;ok;75;1;0.596;
5300;-4.554968796;36.85813747;0.1;False;ok;39;1;0.545;
5301;-4.454968796;36.85813747;0.1;False;ok;38;1;0.538;
5302;-4.354968796;36.85813747;0.1;False;ok;51;1;0.632;
5303;-4.254968796;36.85813747;0.1;False;ok;70;1;0.652;
5304;-4.154968796;36.85813747;0.1;False;ok;73;1;0.594;
5305;-4.054968796;36.85813747;0.1;False;ok;16;1;0.419;
5306;-3.954968796;36.85813747;0.1;False;ok;4;1;0.446;
5307;-3.654968796;36.85813747;0.1;False;ok;56;1;0.578;
5308;-3.554968796;36.85813747;0.1;False;ok;72;1;0.652;
5309;-3.454968796;36.85813747;0.1;False;ok;75;1;0.695;
5310;-3.354968796;36.85813747;0.1;False;ok;75;1;0.736;
5311;-3.254968796;36.85813747;0.1;False;ok;9;1;0.424;
5312;-3.154968796;36.85813747;0.1;False;ok;4;1;0.392;
5313;-2.754968796;36.85813747;0.1;False;ok;4;1;0.446;
5314;-2.654968796;36.85813747;0.1;False;ok;16;1;0.493;
5315;-2.454968796;36.85813747;0.1;False;ok;16;1;0.581;
5316;-2.354968796;36.85813747;0.1;False;ok;1;1;0.431;
5317;-6.654968796;36.95813747;0.1;False;ok;39;1;0.483;
5318;-6.554968796;36.95813747;0.1;False;ok;59;1;0.495;
5319;-5.954968796;36.95813747;0.1;False;ok;3;1;0.426;
5320;-5.854968796;36.95813747;0.1;False;ok;1;1;0.410;
5321;-5.654968796;36.95813747;0.1;False;ok;13;1;0.535;
5322;-5.554968796;36.95813747;0.1;False;ok;1;1;0.382;
5323;-5.454968796;36.95813747;0.1;False;ok;6;1;0.433;
5324;-5.354968796;36.95813747;0.1;False;ok;5;1;0.445;
5325;-5.254968796;36.95813747;0.1;False;ok;9;1;0.450;
5326;-5.154968796;36.95813747;0.1;False;ok;4;1;0.422;
5327;-4.954968796;36.95813747;0.1;False;ok;20;1;0.444;
5328;-4.754968796;36.95813747;0.1;False;ok;6;1;0.424;
5329;-4.654968796;36.95813747;0.1;False;ok;74;1;0.655;
5330;-4.554968796;36.95813747;0.1;False;ok;11;1;0.449;
5331;-4.454968796;36.95813747;0.1;False;ok;19;1;0.433;
5332;-4.354968796;36.95813747;0.1;False;ok;32;1;0.529;
5333;-4.254968796;36.95813747;0.1;False;ok;7;1;0.414;
5334;-4.154968796;36.95813747;0.1;False;ok;4;1;0.477;
5335;-4.054968796;36.95813747;0.1;False;ok;19;1;0.496;
5336;-3.954968796;36.95813747;0.1;False;ok;7;1;0.473;
5337;-3.654968796;36.95813747;0.1;False;ok;74;1;0.578;
5338;-3.554968796;36.95813747;0.1;False;ok;38;1;0.467;
5339;-3.454968796;36.95813747;0.1;False;ok;58;1;0.494;
5340;-3.354968796;36.95813747;0.1;False;ok;34;1;0.513;
5341;-3.254968796;36.95813747;0.1;False;ok;12;1;0.482;
5342;-3.154968796;36.95813747;0.1;False;ok;27;1;0.484;
5343;-3.054968796;36.95813747;0.1;False;ok;17;1;0.513;
5344;-2.954968796;36.95813747;0.1;False;ok;36;1;0.555;
5345;-2.854968796;36.95813747;0.1;False;ok;12;1;0.515;
5346;-2.754968796;36.95813747;0.1;False;ok;12;1;0.564;
5347;-2.654968796;36.95813747;0.1;False;ok;10;1;0.460;
5348;-2.554968796;36.95813747;0.1;False;ok;3;1;0.448;
5349;-2.454968796;36.95813747;0.1;False;ok;19;1;0.466;
5350;-6.954968796;37.05813747;0.1;False;ok;4;1;0.345;
5351;-6.854968796;37.05813747;0.1;False;ok;56;1;0.614;
5352;-6.554968796;37.05813747;0.1;False;ok;63;1;0.549;
5353;-5.954968796;37.05813747;0.1;False;ok;3;1;0.332;
5354;-5.654968796;37.05813747;0.1;False;ok;1;1;0.398;
5355;-5.554968796;37.05813747;0.1;False;ok;4;1;0.465;
5356;-5.454968796;37.05813747;0.1;False;ok;4;1;0.362;
5357;-5.254968796;37.05813747;0.1;False;ok;0;1;1.134;
5358;-5.154968796;37.05813747;0.1;False;ok;5;1;0.389;
5359;-5.054968796;37.05813747;0.1;False;ok;0;1;1.155;
5360;-4.954968796;37.05813747;0.1;False;ok;4;1;0.500;
5361;-4.854968796;37.05813747;0.1;False;ok;8;1;0.480;
5362;-4.754968796;37.05813747;0.1;False;ok;22;1;0.477;
5363;-4.654968796;37.05813747;0.1;False;ok;2;1;0.440;
5364;-4.554968796;37.05813747;0.1;False;ok;8;1;0.398;
5365;-4.454968796;37.05813747;0.1;False;ok;41;1;0.493;
5366;-4.354968796;37.05813747;0.1;False;ok;29;1;0.559;
5367;-4.254968796;37.05813747;0.1;False;ok;1;1;0.411;
5368;-4.154968796;37.05813747;0.1;False;ok;11;1;0.432;
5369;-4.054968796;37.05813747;0.1;False;ok;5;1;0.408;
5370;-3.954968796;37.05813747;0.1;False;ok;5;1;0.493;
5371;-3.754968796;37.05813747;0.1;False;ok;19;1;0.420;
5372;-3.654968796;37.05813747;0.05;False;ok;35;1;0.518;
5373;-3.604968796;37.05813747;0.05;False;ok;13;1;0.534;
5374;-3.654968796;37.10813747;0.05;False;ok;54;1;0.604;
5375;-3.604968796;37.10813747;0.05;False;ok;69;1;0.571;
5376;-3.554968796;37.05813747;0.1;False;ok;74;1;0.590;
5377;-3.404968796;37.08938747;0.00625;False;ok;48;1;0.566;
5378;-3.398718796;37.08938747;0.003125;False;ok;6;1;0.486;
5379;-3.398718796;37.09251247;0.003125;False;ok;73;1;0.719;
5380;-3.395593796;37.09251247;0.003125;False;ok;48;1;0.580;
5381;-3.392468796;37.08313747;0.0125;False;ok;12;1;0.522;
5382;-3.404968796;37.09563747;0.00625;False;ok;7;1;0.442;
5383;-3.398718796;37.09563747;0.003125;False;ok;73;1;0.716;
5384;-3.395593796;37.09563747;0.003125;False;ok;72;1;0.752;
5385;-3.398718796;37.09876247;0.003125;False;ok;0;1;1.215;
5386;-3.395593796;37.09876247;0.003125;False;ok;5;1;0.447;
5387;-3.398718796;37.10188747;0.00625;False;ok;1;1;0.437;
5388;-3.392468796;37.09563747;0.0125;False;ok;1;1;0.419;
5389;-3.454968796;37.10813747;0.05;False;ok;25;1;0.481;
5390;-3.254968796;37.05813747;0.1;False;ok;1;1;0.425;
5391;-2.854968796;37.05813747;0.1;False;ok;7;1;0.414;
5392;-2.754968796;37.05813747;0.1;False;ok;0;1;1.149;
5393;-2.554968796;37.05813747;0.1;False;ok;3;1;0.510;
5394;-2.454968796;37.05813747;0.1;False;ok;12;1;0.467;
5395;-2.354968796;37.05813747;0.1;False;ok;7;1;0.387;
5396;-7.429968796;37.18313747;0.025;True;ok;0;1;0.535;
5397;-7.404968796;37.15813747;0.05;False;ok;74;1;0.750;
5398;-7.454968796;37.20813747;0.05;True;ok;72;1;0.554;
5399;-7.404968796;37.20813747;0.05;False;ok;49;1;0.581;
5400;-7.354968796;37.15813747;0.1;False;ok;73;1;0.730;
5401;-7.254968796;37.15813747;0.05;False;ok;62;1;0.612;
5402;-7.204968796;37.15813747;0.05;False;ok;1;1;0.322;
5403;-7.254968796;37.20813747;0.05;False;ok;72;1;0.627;
5404;-7.204968796;37.20813747;0.05;False;ok;8;1;0.404;
5405;-7.154968796;37.15813747;0.1;False;ok;68;1;0.631;
5406;-7.054968796;37.15813747;0.1;False;ok;73;1;0.573;
5407;-6.954968796;37.15813747;0.1;False;ok;68;1;0.648;
5408;-6.854968796;37.15813747;0.1;False;ok;1;1;0.430;
5409;-6.554968796;37.15813747;0.1;False;ok;6;1;0.402;
5410;-6.354968796;37.15813747;0.1;False;ok;7;1;0.469;
5411;-6.254968796;37.15813747;0.1;False;ok;0;1;1.132;
5412;-6.054968796;37.15813747;0.1;False;ok;1;1;0.443;
5413;-5.954968796;37.15813747;0.1;False;ok;7;1;0.521;
5414;-5.854968796;37.15813747;0.1;False;ok;20;1;0.459;
5415;-5.654968796;37.15813747;0.1;False;ok;0;1;1.143;
5416;-5.554968796;37.15813747;0.1;False;ok;4;1;0.518;
5417;-5.454968796;37.15813747;0.1;False;ok;5;1;0.446;
5418;-5.354968796;37.15813747;0.1;False;ok;37;1;0.545;
5419;-5.154968796;37.15813747;0.1;False;ok;15;1;0.526;
5420;-4.954968796;37.15813747;0.1;False;ok;4;1;0.382;
5421;-4.854968796;37.15813747;0.1;False;ok;15;1;0.562;
5422;-4.654968796;37.15813747;0.1;False;ok;2;1;0.408;
5423;-4.554968796;37.15813747;0.1;False;ok;9;1;0.452;
5424;-4.454968796;37.15813747;0.1;False;ok;24;1;0.554;
5425;-4.354968796;37.15813747;0.1;False;ok;36;1;0.489;
5426;-4.254968796;37.15813747;0.1;False;ok;13;1;0.469;
5427;-4.154968796;37.15813747;0.1;False;ok;8;1;0.391;
5428;-4.054968796;37.15813747;0.1;False;ok;6;1;0.439;
5429;-3.954968796;37.15813747;0.1;False;ok;6;1;0.416;
5430;-3.854968796;37.15813747;0.1;False;ok;12;1;0.521;
5431;-3.754968796;37.15813747;0.1;False;ok;44;1;0.595;
5432;-3.654968796;37.15813747;0.05;False;ok;75;1;0.743;
5433;-3.604968796;37.15813747;0.0125;False;ok;73;1;0.670;
5434;-3.592468796;37.15813747;0.0125;False;ok;46;1;0.428;
5435;-3.604968796;37.17063747;0.003125;False;ok;61;1;0.631;
5436;-3.601843796;37.17063747;0.003125;False;ok;49;1;0.585;
5437;-3.604968796;37.17376247;0.003125;False;ok;69;1;0.539;
5438;-3.601843796;37.17376247;0.003125;False;ok;75;1;0.630;
5439;-3.598718796;37.17063747;0.003125;False;ok;75;1;0.596;
5440;-3.595593796;37.17063747;0.003125;False;ok;47;1;0.591;
5441;-3.598718796;37.17376247;0.003125;False;ok;75;1;0.614;
5442;-3.595593796;37.17376247;0.003125;False;ok;67;1;0.549;
5443;-3.604968796;37.17688747;0.003125;False;ok;39;1;0.492;
5444;-3.601843796;37.17688747;0.003125;False;ok;75;1;0.695;
5445;-3.604968796;37.18001247;0.003125;False;ok;22;1;0.441;
5446;-3.601843796;37.18001247;0.003125;False;ok;74;1;0.621;
5447;-3.598718796;37.17688747;0.003125;False;ok;74;1;0.557;
5448;-3.595593796;37.17688747;0.003125;False;ok;74;1;0.555;
5449;-3.598718796;37.18001247;0.003125;False;ok;42;1;0.419;
5450;-3.595593796;37.18001247;0.003125;False;ok;28;1;0.435;
5451;-3.592468796;37.17063747;0.0125;False;ok;75;1;0.680;
5452;-3.579968796;37.15813747;0.025;False;ok;13;1;0.484;
5453;-3.604968796;37.18313747;0.025;False;ok;74;1;0.591;
5454;-3.654968796;37.20813747;0.05;False;ok;32;1;0.425;
5455;-3.604968796;37.20813747;0.05;False;ok;33;1;0.522;
5456;-3.554968796;37.15813747;0.1;False;ok;67;1;0.646;
5457;-3.454968796;37.15813747;0.1;False;ok;44;1;0.515;
5458;-3.254968796;37.15813747;0.1;False;ok;14;1;0.552;
5459;-3.154968796;37.15813747;0.1;False;ok;15;1;0.471;
5460;-3.054968796;37.15813747;0.1;False;ok;0;1;1.134;
5461;-2.954968796;37.15813747;0.1;False;ok;0;1;1.170;
5462;-2.754968796;37.15813747;0.1;False;ok;2;1;0.359;
5463;-2.454968796;37.15813747;0.1;False;ok;2;1;0.380;
5464;-2.354968796;37.15813747;0.1;False;ok;1;1;0.454;
5465;-7.454968796;37.25813747;0.1;True;ok;50;1;0.564;
5466;-7.354968796;37.25813747;0.1;False;ok;8;1;0.462;
5467;-7.254968796;37.25813747;0.1;False;ok;8;1;0.438;
5468;-7.154968796;37.25813747;0.1;False;ok;10;1;0.456;
5469;-7.054968796;37.25813747;0.1;False;ok;19;1;0.492;
5470;-6.954968796;37.25813747;0.1;False;ok;37;1;0.478;
5471;-6.854968796;37.25813747;0.1;False;ok;16;1;0.424;
5472;-6.754968796;37.25813747;0.1;False;ok;4;1;0.475;
5473;-6.654968796;37.25813747;0.1;False;ok;3;1;0.434;
5474;-6.554968796;37.25813747;0.1;False;ok;10;1;0.408;
5475;-6.454968796;37.25813747;0.1;False;ok;10;1;0.399;
5476;-6.354968796;37.25813747;0.1;False;ok;6;1;0.407;
5477;-6.254968796;37.25813747;0.1;False;ok;17;1;0.402;
5478;-6.154968796;37.25813747;0.1;False;ok;36;1;0.425;
5479;-6.054968796;37.25813747;0.1;False;ok;70;1;0.707;
5480;-5.954968796;37.25813747;0.1;False;ok;53;1;0.649;
5481;-5.854968796;37.25813747;0.1;False;ok;35;1;0.437;
5482;-5.554968796;37.25813747;0.1;False;ok;5;1;0.456;
5483;-5.454968796;37.25813747;0.1;False;ok;19;1;0.578;
5484;-5.254968796;37.25813747;0.1;False;ok;10;1;0.607;
5485;-4.954968796;37.25813747;0.1;False;ok;2;1;0.364;
5486;-4.854968796;37.25813747;0.1;False;ok;5;1;0.443;
5487;-4.754968796;37.25813747;0.1;False;ok;2;1;0.449;
5488;-4.554968796;37.25813747;0.1;False;ok;3;1;0.476;
5489;-4.454968796;37.25813747;0.1;False;ok;25;1;0.658;
5490;-4.354968796;37.25813747;0.1;False;ok;43;1;0.632;
5491;-4.254968796;37.25813747;0.1;False;ok;28;1;0.641;
5492;-4.154968796;37.25813747;0.1;False;ok;19;1;0.709;
5493;-4.054968796;37.25813747;0.1;False;ok;36;1;0.609;
5494;-3.954968796;37.25813747;0.1;False;ok;22;1;0.654;
5495;-3.854968796;37.25813747;0.1;False;ok;15;1;0.592;
5496;-3.754968796;37.25813747;0.1;False;ok;6;1;0.453;
5497;-3.654968796;37.25813747;0.1;False;ok;5;1;0.557;
5498;-3.354968796;37.25813747;0.1;False;ok;6;1;0.594;
5499;-3.254968796;37.25813747;0.1;False;ok;23;1;0.587;
5500;-3.154968796;37.25813747;0.1;False;ok;64;1;0.681;
5501;-2.554968796;37.25813747;0.1;False;ok;7;1;0.544;
5502;-2.454968796;37.25813747;0.1;False;ok;11;1;0.569;
5503;-2.354968796;37.25813747;0.1;False;ok;49;1;0.690;
5504;-7.254968796;37.35813747;0.1;False;ok;1;1;0.465;
5505;-7.154968796;37.35813747;0.1;False;ok;3;1;0.538;
5506;-7.054968796;37.35813747;0.1;False;ok;4;1;0.566;
5507;-6.854968796;37.35813747;0.1;False;ok;5;1;0.550;
5508;-6.754968796;37.35813747;0.1;False;ok;3;1;0.512;
5509;-6.554968796;37.35813747;0.1;False;ok;8;1;0.639;
5510;-6.454968796;37.35813747;0.1;False;ok;5;1;0.485;
5511;-6.254968796;37.35813747;0.1;False;ok;27;1;0.693;
5512;-6.154968796;37.35813747;0.1;False;ok;71;1;0.745;
5513;-6.054968796;37.35813747;0.05;False;ok;74;1;0.850;
5514;-5.992468796;37.35813747;0.0125;False;ok;13;1;0.600;
5515;-6.004968796;37.37063747;0.00625;False;ok;32;1;0.573;
5516;-5.998718796;37.37063747;0.00625;False;ok;28;1;0.582;
5517;-6.004968796;37.37688747;0.00625;False;ok;75;1;0.792;
5518;-5.998718796;37.37688747;0.00625;False;ok;44;1;0.635;
5519;-5.992468796;37.37063747;0.0125;False;ok;74;1;0.739;
5520;-5.979968796;37.35813747;0.025;False;ok;73;1;0.748;
5521;-6.004968796;37.38313747;0.00625;False;ok;74;1;0.775;
5522;-5.998718796;37.38313747;0.003125;False;ok;75;1;0.665;
5523;-5.995593796;37.38313747;0.003125;False;ok;61;1;0.712;
5524;-5.998718796;37.38626247;0.003125;False;ok;75;1;0.806;
5525;-5.995593796;37.38626247;0.003125;False;ok;75;1;0.747;
5526;-6.004968796;37.38938747;0.00625;False;ok;75;1;0.735;
5527;-5.998718796;37.38938747;0.003125;False;ok;75;1;0.763;
5528;-5.995593796;37.38938747;0.003125;False;ok;74;1;0.739;
5529;-5.998718796;37.39251247;0.003125;False;ok;46;1;0.646;
5530;-5.995593796;37.39251247;0.003125;False;ok;74;1;0.660;
5531;-5.992468796;37.38313747;0.003125;False;ok;75;1;0.673;
5532;-5.989343796;37.38313747;0.003125;False;ok;50;1;0.649;
5533;-5.992468796;37.38626247;0.003125;False;ok;75;1;0.737;
5534;-5.989343796;37.38626247;0.003125;False;ok;73;1;0.719;
5535;-5.986218796;37.38313747;0.00625;False;ok;75;1;0.644;
5536;-5.992468796;37.38938747;0.003125;False;ok;75;1;0.644;
5537;-5.989343796;37.38938747;0.003125;False;ok;75;1;0.495;
5538;-5.992468796;37.39251247;0.003125;False;ok;65;1;0.522;
5539;-5.989343796;37.39251247;0.003125;False;ok;73;1;0.612;
5540;-5.986218796;37.38938747;0.00625;False;ok;75;1;0.551;
5541;-6.004968796;37.39563747;0.00625;False;ok;43;1;0.490;
5542;-5.998718796;37.39563747;0.003125;False;ok;73;1;0.569;
5543;-5.995593796;37.39563747;0.003125;False;ok;74;1;0.619;
5544;-5.998718796;37.39876247;0.003125;False;ok;54;1;0.566;
5545;-5.995593796;37.39876247;0.003125;False;ok;74;1;0.595;
5546;-5.998718796;37.40188747;0.00625;False;ok;36;1;0.518;
5547;-5.992468796;37.39563747;0.003125;False;ok;74;1;0.608;
5548;-5.989343796;37.39563747;0.003125;False;ok;64;1;0.494;
5549;-5.992468796;37.39876247;0.003125;False;ok;71;1;0.564;
5550;-5.989343796;37.39876247;0.003125;False;ok;59;1;0.538;
5551;-5.986218796;37.39563747;0.00625;False;ok;72;1;0.476;
5552;-5.992468796;37.40188747;0.00625;False;ok;70;1;0.574;
5553;-5.986218796;37.40188747;0.00625;False;ok;25;1;0.508;
5554;-5.979968796;37.38313747;0.025;False;ok;73;1;0.667;
5555;-6.054968796;37.40813747;0.05;False;ok;28;1;0.500;
5556;-6.004968796;37.40813747;0.05;False;ok;48;1;0.556;
5557;-5.954968796;37.35813747;0.1;False;ok;72;1;0.815;
5558;-5.854968796;37.35813747;0.1;False;ok;13;1;0.437;
5559;-5.754968796;37.35813747;0.1;False;ok;9;1;0.473;
5560;-5.554968796;37.35813747;0.1;False;ok;0;1;1.181;
5561;-5.354968796;37.35813747;0.1;False;ok;0;1;1.127;
5562;-4.854968796;37.35813747;0.1;False;ok;14;1;0.467;
5563;-4.754968796;37.35813747;0.1;False;ok;4;1;0.473;
5564;-4.654968796;37.35813747;0.1;False;ok;12;1;0.593;
5565;-4.554968796;37.35813747;0.1;False;ok;43;1;0.540;
5566;-4.454968796;37.35813747;0.1;False;ok;8;1;0.512;
5567;-4.354968796;37.35813747;0.1;False;ok;30;1;0.671;
5568;-4.254968796;37.35813747;0.1;False;ok;56;1;0.774;
5569;-4.154968796;37.35813747;0.1;False;ok;22;1;0.488;
5570;-4.054968796;37.35813747;0.1;False;ok;8;1;0.462;
5571;-3.954968796;37.35813747;0.1;False;ok;10;1;0.439;
5572;-3.854968796;37.35813747;0.1;False;ok;19;1;0.441;
5573;-3.754968796;37.35813747;0.1;False;ok;3;1;0.426;
5574;-3.654968796;37.35813747;0.1;False;ok;0;1;1.163;
5575;-3.254968796;37.35813747;0.1;False;ok;9;1;0.470;
5576;-3.054968796;37.35813747;0.1;False;ok;6;1;0.401;
5577;-2.954968796;37.35813747;0.1;False;ok;5;1;0.442;
5578;-2.754968796;37.35813747;0.1;False;ok;3;1;0.348;
5579;-2.654968796;37.35813747;0.1;False;ok;0;1;1.089;
5580;-2.354968796;37.35813747;0.1;False;ok;4;1;0.448;
5581;-7.554968796;37.45813747;0.1;True;ok;20;1;0.567;
5582;-7.354968796;37.45813747;0.1;False;ok;2;1;0.429;
5583;-6.254968796;37.45813747;0.1;False;ok;15;1;0.528;
5584;-6.154968796;37.45813747;0.1;False;ok;3;1;0.483;
5585;-6.054968796;37.45813747;0.1;False;ok;24;1;0.465;
5586;-5.954968796;37.45813747;0.1;False;ok;8;1;0.396;
5587;-5.854968796;37.45813747;0.1;False;ok;4;1;0.502;
5588;-5.754968796;37.45813747;0.1;False;ok;11;1;0.554;
5589;-5.654968796;37.45813747;0.1;False;ok;44;1;0.570;
5590;-5.354968796;37.45813747;0.1;False;ok;11;1;0.476;
5591;-5.254968796;37.45813747;0.1;False;ok;2;1;0.382;
5592;-5.154968796;37.45813747;0.1;False;ok;37;1;0.465;
5593;-4.654968796;37.45813747;0.1;False;ok;7;1;0.482;
5594;-4.554968796;37.45813747;0.1;False;ok;7;1;0.463;
5595;-4.454968796;37.45813747;0.1;False;ok;15;1;0.507;
5596;-4.354968796;37.45813747;0.1;False;ok;43;1;0.579;
5597;-4.254968796;37.45813747;0.1;False;ok;27;1;0.487;
5598;-4.154968796;37.45813747;0.1;False;ok;15;1;0.461;
5599;-4.054968796;37.45813747;0.1;False;ok;12;1;0.490;
5600;-3.954968796;37.45813747;0.1;False;ok;29;1;0.542;
5601;-3.854968796;37.45813747;0.1;False;ok;9;1;0.401;
5602;-3.654968796;37.45813747;0.1;False;ok;8;1;0.466;
5603;-3.554968796;37.45813747;0.1;False;ok;0;1;1.084;
5604;-3.354968796;37.45813747;0.1;False;ok;0;1;1.194;
5605;-3.154968796;37.45813747;0.1;False;ok;1;1;0.459;
5606;-3.054968796;37.45813747;0.1;False;ok;13;1;0.492;
5607;-2.954968796;37.45813747;0.1;False;ok;16;1;0.458;
5608;-2.854968796;37.45813747;0.1;False;ok;19;1;0.614;
5609;-2.754968796;37.45813747;0.1;False;ok;21;1;0.427;
5610;-2.654968796;37.45813747;0.1;False;ok;2;1;0.435;
5611;-2.554968796;37.45813747;0.1;False;ok;0;1;1.131;
5612;-2.354968796;37.45813747;0.1;False;ok;5;1;0.390;
5613;-7.454968796;37.55813747;0.1;False;ok;1;1;0.384;
5614;-6.854968796;37.55813747;0.1;False;ok;0;1;1.108;
5615;-6.754968796;37.55813747;0.1;False;ok;3;1;0.393;
5616;-6.554968796;37.55813747;0.1;False;ok;2;1;0.348;
5617;-6.354968796;37.55813747;0.1;False;ok;4;1;0.458;
5618;-6.254968796;37.55813747;0.1;False;ok;7;1;0.483;
5619;-6.154968796;37.55813747;0.1;False;ok;20;1;0.516;
5620;-5.954968796;37.55813747;0.1;False;ok;3;1;0.538;
5621;-5.854968796;37.55813747;0.1;False;ok;13;1;0.435;
5622;-5.754968796;37.55813747;0.1;False;ok;10;1;0.481;
5623;-5.654968796;37.55813747;0.1;False;ok;0;1;1.193;
5624;-5.554968796;37.55813747;0.1;False;ok;7;1;0.475;
5625;-5.154968796;37.55813747;0.1;False;ok;1;1;0.417;
5626;-5.054968796;37.55813747;0.1;False;ok;7;1;0.466;
5627;-4.954968796;37.55813747;0.1;False;ok;8;1;0.488;
5628;-4.854968796;37.55813747;0.1;False;ok;2;1;0.498;
5629;-4.754968796;37.55813747;0.1;False;ok;20;1;0.522;
5630;-4.654968796;37.55813747;0.1;False;ok;19;1;0.461;
5631;-4.354968796;37.55813747;0.1;False;ok;52;1;0.594;
5632;-4.254968796;37.55813747;0.1;False;ok;1;1;0.407;
5633;-4.154968796;37.55813747;0.1;False;ok;11;1;0.425;
5634;-4.054968796;37.55813747;0.1;False;ok;2;1;0.441;
5635;-3.954968796;37.55813747;0.1;False;ok;8;1;0.416;
5636;-3.854968796;37.55813747;0.1;False;ok;5;1;0.462;
5637;-3.654968796;37.55813747;0.1;False;ok;6;1;0.433;
5638;-3.554968796;37.55813747;0.1;False;ok;10;1;0.400;
5639;-3.054968796;37.55813747;0.1;False;ok;1;1;0.334;
5640;-2.954968796;37.55813747;0.1;False;ok;8;1;0.471;
5641;-2.854968796;37.55813747;0.1;False;ok;6;1;0.456;
5642;-2.754968796;37.55813747;0.1;False;ok;10;1;0.426;
5643;-2.654968796;37.55813747;0.1;False;ok;3;1;0.372;
5644;-2.554968796;37.55813747;0.1;False;ok;1;1;0.323;
5645;-2.454968796;37.55813747;0.1;False;ok;1;1;0.345;
5646;-2.354968796;37.55813747;0.1;False;ok;0;1;1.154;
5647;-6.954968796;37.65813747;0.1;False;ok;3;1;0.414;
5648;-6.754968796;37.65813747;0.1;False;ok;1;1;0.455;
5649;-6.654968796;37.65813747;0.1;False;ok;4;1;0.381;
5650;-6.554968796;37.65813747;0.1;False;ok;2;1;0.477;
5651;-6.454968796;37.65813747;0.1;False;ok;0;1;1.203;
5652;-6.354968796;37.65813747;0.1;False;ok;11;1;0.479;
5653;-6.254968796;37.65813747;0.1;False;ok;23;1;0.478;
5654;-6.154968796;37.65813747;0.1;False;ok;9;1;0.442;
5655;-6.054968796;37.65813747;0.1;False;ok;9;1;0.400;
5656;-5.654968796;37.65813747;0.1;False;ok;2;1;0.380;
5657;-5.554968796;37.65813747;0.1;False;ok;5;1;0.456;
5658;-5.354968796;37.65813747;0.1;False;ok;26;1;0.485;
5659;-5.154968796;37.65813747;0.1;False;ok;6;1;0.458;
5660;-4.954968796;37.65813747;0.1;False;ok;13;1;0.589;
5661;-4.654968796;37.65813747;0.1;False;ok;3;1;0.387;
5662;-4.554968796;37.65813747;0.1;False;ok;6;1;0.464;
5663;-4.154968796;37.65813747;0.1;False;ok;2;1;0.813;
5664;-4.054968796;37.65813747;0.1;False;ok;17;1;0.550;
5665;-3.854968796;37.65813747;0.1;False;ok;6;1;0.426;
5666;-3.754968796;37.65813747;0.1;False;ok;8;1;0.534;
5667;-3.654968796;37.65813747;0.1;False;ok;30;1;0.567;
5668;-3.554968796;37.65813747;0.1;False;ok;3;1;0.500;
5669;-3.454968796;37.65813747;0.1;False;ok;4;1;0.444;
5670;-3.354968796;37.65813747;0.1;False;ok;1;1;0.454;
5671;-3.054968796;37.65813747;0.1;False;ok;36;1;0.489;
5672;-2.954968796;37.65813747;0.1;False;ok;58;1;0.586;
5673;-2.854968796;37.65813747;0.1;False;ok;7;1;0.475;
5674;-2.754968796;37.65813747;0.1;False;ok;6;1;0.473;
5675;-2.654968796;37.65813747;0.1;False;ok;4;1;0.363;
5676;-2.554968796;37.65813747;0.1;False;ok;24;1;0.566;
5677;-2.454968796;37.65813747;0.1;False;ok;3;1;0.381;
5678;-6.754968796;37.75813747;0.1;False;ok;2;1;0.457;
5679;-6.554968796;37.75813747;0.1;False;ok;2;1;0.332;
5680;-6.454968796;37.75813747;0.1;False;ok;13;1;0.452;
5681;-6.354968796;37.75813747;0.1;False;ok;13;1;0.455;
5682;-5.854968796;37.75813747;0.1;False;ok;8;1;0.455;
5683;-5.754968796;37.75813747;0.1;False;ok;1;1;0.338;
5684;-5.454968796;37.75813747;0.1;False;ok;29;1;0.527;
5685;-5.354968796;37.75813747;0.1;False;ok;8;1;0.464;
5686;-5.254968796;37.75813747;0.1;False;ok;27;1;0.537;
5687;-5.154968796;37.75813747;0.1;False;ok;14;1;0.543;
5688;-5.054968796;37.75813747;0.1;False;ok;43;1;0.580;
5689;-4.954968796;37.75813747;0.1;False;ok;12;1;0.425;
5690;-4.854968796;37.75813747;0.1;False;ok;1;1;0.380;
5691;-4.254968796;37.75813747;0.1;False;ok;1;1;0.429;
5692;-3.954968796;37.75813747;0.1;False;ok;8;1;0.816;
5693;-3.854968796;37.75813747;0.1;False;ok;74;1;0.693;
5694;-3.754968796;37.75813747;0.1;False;ok;6;1;0.526;
5695;-3.654968796;37.75813747;0.1;False;ok;10;1;0.496;
5696;-3.554968796;37.75813747;0.1;False;ok;25;1;0.460;
5697;-3.454968796;37.75813747;0.1;False;ok;17;1;0.719;
5698;-3.154968796;37.75813747;0.1;False;ok;28;1;0.590;
5699;-3.054968796;37.75813747;0.1;False;ok;5;1;0.478;
5700;-2.954968796;37.75813747;0.1;False;ok;6;1;0.460;
5701;-2.854968796;37.75813747;0.1;False;ok;58;1;0.627;
5702;-2.754968796;37.75813747;0.1;False;ok;7;1;0.518;
5703;-2.654968796;37.75813747;0.1;False;ok;1;1;0.480;
5704;-2.554968796;37.75813747;0.1;False;ok;19;1;0.513;
5705;-7.054968796;37.85813747;0.1;False;ok;5;1;0.386;
5706;-6.854968796;37.85813747;0.1;False;ok;29;1;0.624;
5707;-6.754968796;37.85813747;0.1;False;ok;75;1;0.664;
5708;-6.654968796;37.85813747;0.1;False;ok;75;1;0.702;
5709;-6.554968796;37.85813747;0.1;False;ok;47;1;0.614;
5710;-6.454968796;37.85813747;0.1;False;ok;1;1;0.389;
5711;-6.354968796;37.85813747;0.1;False;ok;1;1;0.332;
5712;-6.254968796;37.85813747;0.1;False;ok;16;1;0.465;
5713;-6.154968796;37.85813747;0.1;False;ok;11;1;0.509;
5714;-5.954968796;37.85813747;0.1;False;ok;1;1;0.378;
5715;-5.854968796;37.85813747;0.1;False;ok;52;1;0.482;
5716;-5.754968796;37.85813747;0.1;False;ok;17;1;0.414;
5717;-5.654968796;37.85813747;0.1;False;ok;43;1;0.557;
5718;-5.554968796;37.85813747;0.1;False;ok;4;1;0.487;
5719;-5.054968796;37.85813747;0.1;False;ok;4;1;0.329;
5720;-4.954968796;37.85813747;0.1;False;ok;12;1;0.428;
5721;-4.854968796;37.85813747;0.05;False;ok;3;1;0.427;
5722;-4.804968796;37.85813747;0.0125;False;ok;0;1;1.106;
5723;-4.792468796;37.85813747;0.0125;False;ok;14;1;0.527;
5724;-4.804968796;37.87063747;0.0125;False;ok;6;1;0.487;
5725;-4.792468796;37.87063747;0.00625;False;ok;2;1;0.340;
5726;-4.786218796;37.87063747;0.00625;False;ok;49;1;0.602;
5727;-4.792468796;37.87688747;0.00625;False;ok;75;1;0.652;
5728;-4.786218796;37.87688747;0.003125;False;ok;44;1;0.448;
5729;-4.783093796;37.87688747;0.003125;False;ok;54;1;0.657;
5730;-4.786218796;37.88001247;0.003125;False;ok;20;1;0.445;
5731;-4.783093796;37.88001247;0.003125;False;ok;75;1;0.603;
5732;-4.779968796;37.85813747;0.0125;False;ok;22;1;0.403;
5733;-4.779968796;37.87063747;0.00625;False;ok;74;1;0.609;
5734;-4.773718796;37.87063747;0.00625;False;ok;15;1;0.442;
5735;-4.779968796;37.87688747;0.00625;False;ok;75;1;0.694;
5736;-4.773718796;37.87688747;0.00625;False;ok;75;1;0.657;
5737;-4.767468796;37.87063747;0.0125;False;ok;28;1;0.553;
5738;-4.804968796;37.88313747;0.025;False;ok;75;1;0.870;
5739;-4.779968796;37.88313747;0.00625;False;ok;75;1;0.596;
5740;-4.773718796;37.88313747;0.00625;False;ok;75;1;0.665;
5741;-4.779968796;37.88938747;0.00625;False;ok;37;1;0.518;
5742;-4.773718796;37.88938747;0.00625;False;ok;35;1;0.556;
5743;-4.767468796;37.88313747;0.0125;False;ok;38;1;0.488;
5744;-4.767468796;37.89563747;0.0125;False;ok;3;1;0.416;
5745;-4.854968796;37.90813747;0.05;False;ok;9;1;0.406;
5746;-4.804968796;37.90813747;0.05;False;ok;23;1;0.731;
5747;-4.754968796;37.85813747;0.1;False;ok;21;1;0.485;
5748;-4.654968796;37.85813747;0.1;False;ok;4;1;0.394;
5749;-4.554968796;37.85813747;0.1;False;ok;4;1;0.379;
5750;-4.454968796;37.85813747;0.1;False;ok;2;1;0.363;
5751;-4.354968796;37.85813747;0.1;False;ok;1;1;0.340;
5752;-4.254968796;37.85813747;0.1;False;ok;3;1;0.497;
5753;-4.154968796;37.85813747;0.1;False;ok;5;1;0.560;
5754;-4.054968796;37.85813747;0.1;False;ok;3;1;0.385;
5755;-3.854968796;37.85813747;0.1;False;ok;0;1;1.166;
5756;-3.654968796;37.85813747;0.1;False;ok;0;1;1.165;
5757;-3.154968796;37.85813747;0.1;False;ok;8;1;0.459;
5758;-3.004968796;37.85813747;0.05;False;ok;27;1;0.492;
5759;-3.054968796;37.90813747;0.05;False;ok;49;1;0.666;
5760;-3.004968796;37.90813747;0.0125;False;ok;74;1;0.663;
5761;-2.992468796;37.90813747;0.0125;False;ok;3;1;0.384;
5762;-3.004968796;37.92063747;0.0125;False;ok;7;1;0.485;
5763;-2.992468796;37.92063747;0.0125;False;ok;28;1;0.579;
5764;-2.979968796;37.90813747;0.025;False;ok;5;1;0.418;
5765;-3.004968796;37.93313747;0.025;False;ok;4;1;0.520;
5766;-2.979968796;37.93313747;0.025;False;ok;28;1;0.636;
5767;-2.954968796;37.85813747;0.1;False;ok;75;1;0.619;
5768;-2.754968796;37.85813747;0.1;False;ok;4;1;0.492;
5769;-2.454968796;37.85813747;0.1;False;ok;11;1;0.452;
5770;-7.254968796;37.95813747;0.1;True;ok;3;1;0.451;
5771;-6.954968796;37.95813747;0.1;False;ok;0;1;1.201;
5772;-6.854968796;37.95813747;0.1;False;ok;4;1;0.416;
5773;-6.754968796;37.95813747;0.1;False;ok;3;1;0.391;
5774;-6.654968796;37.95813747;0.1;False;ok;4;1;0.390;
5775;-6.454968796;37.95813747;0.1;False;ok;3;1;0.394;
5776;-6.354968796;37.95813747;0.1;False;ok;6;1;0.386;
5777;-6.254968796;37.95813747;0.1;False;ok;1;1;0.380;
5778;-5.954968796;37.95813747;0.1;False;ok;1;1;0.416;
5779;-5.854968796;37.95813747;0.1;False;ok;1;1;0.463;
5780;-5.754968796;37.95813747;0.1;False;ok;6;1;0.488;
5781;-5.654968796;37.95813747;0.1;False;ok;7;1;0.490;
5782;-5.054968796;37.95813747;0.1;False;ok;5;1;0.424;
5783;-4.954968796;37.95813747;0.1;False;ok;4;1;0.457;
5784;-4.854968796;37.95813747;0.1;False;ok;33;1;0.489;
5785;-4.754968796;37.95813747;0.1;False;ok;0;1;1.101;
5786;-4.554968796;37.95813747;0.1;False;ok;10;1;0.501;
5787;-4.354968796;37.95813747;0.1;False;ok;3;1;0.409;
5788;-4.254968796;37.95813747;0.1;False;ok;11;1;0.396;
5789;-4.154968796;37.95813747;0.1;False;ok;24;1;0.567;
5790;-4.054968796;37.95813747;0.1;False;ok;17;1;0.495;
5791;-3.854968796;37.95813747;0.1;False;ok;1;1;0.329;
5792;-3.554968796;37.95813747;0.1;False;ok;75;1;0.604;
5793;-3.454968796;37.95813747;0.1;False;ok;74;1;0.556;
5794;-3.354968796;37.95813747;0.1;False;ok;5;1;0.367;
5795;-3.154968796;37.95813747;0.1;False;ok;6;1;0.454;
5796;-2.954968796;37.95813747;0.1;False;ok;17;1;0.540;
5797;-2.854968796;37.95813747;0.1;False;ok;10;1;0.478;
5798;-2.654968796;37.95813747;0.1;False;ok;3;1;0.406;
5799;-2.554968796;37.95813747;0.1;False;ok;4;1;0.379;
5800;-6.954968796;38.05813747;0.1;False;ok;8;1;0.445;
5801;-6.754968796;38.05813747;0.1;False;ok;5;1;0.424;
5802;-6.654968796;38.05813747;0.1;False;ok;6;1;0.414;
5803;-6.554968796;38.05813747;0.1;False;ok;24;1;0.459;
5804;-6.454968796;38.05813747;0.1;False;ok;6;1;0.466;
5805;-6.354968796;38.05813747;0.1;False;ok;20;1;0.553;
5806;-6.254968796;38.05813747;0.1;False;ok;1;1;0.381;
5807;-5.854968796;38.05813747;0.1;False;ok;17;1;0.448;
5808;-5.054968796;38.05813747;0.1;False;ok;1;1;0.365;
5809;-4.954968796;38.05813747;0.1;False;ok;7;1;0.494;
5810;-4.454968796;38.05813747;0.1;False;ok;0;1;1.146;
5811;-4.354968796;38.05813747;0.1;False;ok;0;1;1.114;
5812;-4.054968796;38.05813747;0.1;False;ok;12;1;0.437;
5813;-3.954968796;38.05813747;0.1;False;ok;1;1;0.422;
5814;-3.854968796;38.05813747;0.1;False;ok;6;1;0.458;
5815;-3.754968796;38.05813747;0.1;False;ok;1;1;0.354;
5816;-3.654968796;38.05813747;0.1;False;ok;39;1;0.558;
5817;-3.554968796;38.05813747;0.1;False;ok;4;1;0.423;
5818;-3.354968796;38.05813747;0.1;False;ok;10;1;0.438;
5819;-3.254968796;38.05813747;0.1;False;ok;1;1;0.310;
5820;-3.154968796;38.05813747;0.1;False;ok;3;1;0.405;
5821;-3.054968796;38.05813747;0.1;False;ok;22;1;0.501;
5822;-2.854968796;38.05813747;0.1;False;ok;3;1;0.325;
5823;-2.754968796;38.05813747;0.1;False;ok;21;1;0.507;
5824;-2.654968796;38.05813747;0.1;False;ok;9;1;0.455;
5825;-2.454968796;38.05813747;0.1;False;ok;1;1;0.519;
5826;-2.354968796;38.05813747;0.1;False;ok;7;1;0.405;
5827;-7.154968796;38.15813747;0.1;False;ok;1;1;0.428;
5828;-6.754968796;38.15813747;0.1;False;ok;6;1;0.407;
5829;-6.354968796;38.15813747;0.1;False;ok;1;1;0.320;
5830;-6.054968796;38.15813747;0.1;False;ok;6;1;0.423;
5831;-5.954968796;38.15813747;0.1;False;ok;1;1;0.421;
5832;-5.454968796;38.15813747;0.1;False;ok;3;1;0.441;
5833;-5.354968796;38.15813747;0.1;False;ok;9;1;0.533;
5834;-5.154968796;38.15813747;0.1;False;ok;3;1;0.399;
5835;-4.354968796;38.15813747;0.1;False;ok;1;1;0.402;
5836;-4.054968796;38.15813747;0.1;False;ok;3;1;0.455;
5837;-3.854968796;38.15813747;0.1;False;ok;19;1;0.464;
5838;-3.754968796;38.15813747;0.1;False;ok;3;1;0.451;
5839;-3.654968796;38.15813747;0.1;False;ok;1;1;0.346;
5840;-3.554968796;38.15813747;0.1;False;ok;5;1;0.393;
5841;-3.454968796;38.15813747;0.1;False;ok;2;1;0.434;
5842;-3.254968796;38.15813747;0.1;False;ok;3;1;0.445;
5843;-3.054968796;38.15813747;0.1;False;ok;8;1;0.533;
5844;-2.954968796;38.15813747;0.1;False;ok;11;1;0.514;
5845;-2.854968796;38.15813747;0.1;False;ok;4;1;0.401;
5846;-2.754968796;38.15813747;0.1;False;ok;34;1;0.662;
5847;-2.654968796;38.15813747;0.1;False;ok;6;1;0.436;
5848;-2.554968796;38.15813747;0.1;False;ok;3;1;0.449;
5849;-2.454968796;38.15813747;0.1;False;ok;5;1;0.457;
5850;-2.354968796;38.15813747;0.1;False;ok;2;1;0.474;
5851;0.08550972;35.95813747;0.1;True;ok;0;1;0.393;
5852;-2.21449028;36.65813747;0.1;False;ok;19;1;0.490;
5853;-2.11449028;36.65813747;0.1;False;ok;38;1;0.609;
5854;-2.31449028;36.75813747;0.1;False;ok;75;1;0.706;
5855;-2.21449028;36.75813747;0.1;False;ok;24;1;0.415;
5856;-2.11449028;36.75813747;0.00625;False;ok;74;1;0.572;
5857;-2.10824028;36.75813747;0.00625;False;ok;35;1;0.570;
5858;-2.11449028;36.76438747;0.00625;False;ok;69;1;0.572;
5859;-2.10824028;36.76438747;0.00625;False;ok;61;1;0.684;
5860;-2.11449028;36.77063747;0.0125;False;ok;2;1;0.382;
5861;-2.11449028;36.78313747;0.025;False;ok;51;1;0.581;
5862;-2.08949028;36.78313747;0.025;False;ok;6;1;0.392;
5863;-2.06449028;36.75813747;0.05;False;ok;5;1;0.419;
5864;-2.11449028;36.80813747;0.05;False;ok;10;1;0.481;
5865;-2.06449028;36.80813747;0.05;False;ok;72;1;0.475;
5866;-2.31449028;36.85813747;0.1;False;ok;3;1;0.475;
5867;-2.21449028;36.85813747;0.1;False;ok;7;1;0.473;
5868;-2.11449028;36.85813747;0.1;False;ok;41;1;0.645;
5869;-2.01449028;36.85813747;0.1;False;ok;75;1;0.701;
5870;-2.31449028;36.95813747;0.1;False;ok;2;1;0.438;
5871;-2.21449028;36.95813747;0.1;False;ok;71;1;0.646;
5872;-2.11449028;36.95813747;0.1;False;ok;6;1;0.448;
5873;-2.01449028;36.95813747;0.1;False;ok;5;1;0.493;
5874;-1.91449028;36.95813747;0.1;False;ok;74;1;0.691;
5875;-2.31449028;37.05813747;0.1;False;ok;2;1;0.334;
5876;-2.21449028;37.05813747;0.1;False;ok;4;1;0.457;
5877;-2.11449028;37.05813747;0.1;False;ok;10;1;0.459;
5878;-2.01449028;37.05813747;0.1;False;ok;17;1;0.447;
5879;-1.91449028;37.05813747;0.05;False;ok;1;1;0.334;
5880;-1.86449028;37.05813747;0.05;False;ok;72;1;0.607;
5881;-1.91449028;37.10813747;0.05;False;ok;12;1;0.455;
5882;-1.86449028;37.10813747;0.025;False;ok;72;1;0.647;
5883;-1.83949028;37.10813747;0.025;False;ok;46;1;0.521;
5884;-1.86449028;37.13313747;0.025;False;ok;58;1;0.636;
5885;-1.83949028;37.13313747;0.025;False;ok;73;1;0.619;
5886;-2.31449028;37.15813747;0.1;False;ok;1;1;0.380;
5887;-2.21449028;37.15813747;0.1;False;ok;1;1;0.386;
5888;-2.11449028;37.15813747;0.1;False;ok;9;1;0.453;
5889;-2.01449028;37.15813747;0.1;False;ok;22;1;0.558;
5890;-1.91449028;37.15813747;0.05;False;ok;59;1;0.571;
5891;-1.83949028;37.15813747;0.025;False;ok;72;1;0.788;
5892;-1.83949028;37.18313747;0.025;False;ok;72;1;0.700;
5893;-1.91449028;37.20813747;0.05;False;ok;4;1;0.428;
5894;-1.86449028;37.20813747;0.025;False;ok;0;1;1.137;
5895;-1.83949028;37.20813747;0.025;False;ok;74;1;0.774;
5896;-1.86449028;37.23313747;0.025;False;ok;6;1;0.467;
5897;-1.83949028;37.23313747;0.025;False;ok;13;1;0.493;
5898;-1.81449028;37.15813747;0.05;False;ok;22;1;0.457;
5899;-1.81449028;37.20813747;0.0125;False;ok;73;1;0.638;
5900;-1.81449028;37.22063747;0.00625;False;ok;17;1;0.436;
5901;-1.80824028;37.22063747;0.00625;False;ok;73;1;0.603;
5902;-1.81449028;37.22688747;0.00625;False;ok;4;1;0.437;
5903;-1.80824028;37.22688747;0.00625;False;ok;60;1;0.616;
5904;-1.80199028;37.22063747;0.0125;False;ok;74;1;0.563;
5905;-1.81449028;37.23313747;0.025;False;ok;23;1;0.442;
5906;-1.78949028;37.23313747;0.025;False;ok;21;1;0.500;
5907;-2.31449028;37.25813747;0.1;False;ok;9;1;0.453;
5908;-2.21449028;37.25813747;0.1;False;ok;5;1;0.470;
5909;-2.11449028;37.25813747;0.1;False;ok;21;1;0.502;
5910;-2.01449028;37.25813747;0.1;False;ok;7;1;0.395;
5911;-1.91449028;37.25813747;0.1;False;ok;15;1;0.453;
5912;-1.81449028;37.25813747;0.1;False;ok;10;1;0.470;
5913;-1.71449028;37.30813747;0.025;False;ok;17;1;0.512;
5914;-1.71449028;37.33313747;0.025;False;ok;56;1;0.551;
5915;-1.68949028;37.33313747;0.025;False;ok;75;1;0.588;
5916;-1.66449028;37.30813747;0.05;False;ok;5;1;0.417;
5917;-2.31449028;37.35813747;0.1;False;ok;4;1;0.431;
5918;-2.21449028;37.35813747;0.1;False;ok;16;1;0.494;
5919;-2.11449028;37.35813747;0.1;False;ok;10;1;0.440;
5920;-2.01449028;37.35813747;0.1;False;ok;5;1;0.412;
5921;-1.91449028;37.35813747;0.1;False;ok;4;1;0.418;
5922;-1.81449028;37.35813747;0.1;False;ok;5;1;0.352;
5923;-1.71449028;37.35813747;0.1;False;ok;70;1;0.770;
5924;-1.61449028;37.35813747;0.1;False;ok;75;1;0.709;
5925;-1.51449028;37.35813747;0.1;False;ok;26;1;0.535;
5926;-2.31449028;37.45813747;0.1;False;ok;11;1;0.504;
5927;-2.11449028;37.45813747;0.1;False;ok;9;1;0.484;
5928;-2.01449028;37.45813747;0.1;False;ok;6;1;0.415;
5929;-1.81449028;37.45813747;0.1;False;ok;4;1;0.398;
5930;-1.71449028;37.45813747;0.1;False;ok;7;1;0.459;
5931;-1.51449028;37.45813747;0.1;False;ok;3;1;0.461;
5932;-1.41449028;37.45813747;0.1;False;ok;4;1;0.468;
5933;-1.21449028;37.45813747;0.1;False;ok;8;1;0.426;
5934;-2.31449028;37.55813747;0.1;False;ok;1;1;0.409;
5935;-2.11449028;37.55813747;0.1;False;ok;24;1;0.515;
5936;-2.01449028;37.55813747;0.1;False;ok;1;1;0.417;
5937;-1.91449028;37.55813747;0.1;False;ok;0;1;1.278;
5938;-1.81449028;37.55813747;0.1;False;ok;9;1;0.452;
5939;-1.51449028;37.55813747;0.1;False;ok;1;1;0.462;
5940;-1.41449028;37.55813747;0.1;False;ok;42;1;0.465;
5941;-1.31449028;37.55813747;0.05;False;ok;70;1;0.660;
5942;-1.26449028;37.55813747;0.05;False;ok;72;1;0.658;
5943;-1.26449028;37.60813747;0.05;False;ok;1;1;0.383;
5944;-1.21449028;37.55813747;0.1;False;ok;47;1;0.493;
5945;-1.11449028;37.55813747;0.1;False;ok;11;1;0.552;
5946;-1.01449028;37.55813747;0.1;False;ok;74;1;0.615;
5947;-0.91449028;37.55813747;0.1;False;ok;16;1;0.488;
5948;-0.81449028;37.58313747;0.0125;False;ok;18;1;0.390;
5949;-0.80199028;37.58313747;0.0125;False;ok;16;1;0.446;
5950;-0.81449028;37.59563747;0.0125;False;ok;50;1;0.543;
5951;-0.80199028;37.59563747;0.0125;False;ok;7;1;0.574;
5952;-0.81449028;37.60813747;0.025;False;ok;16;1;0.542;
5953;-0.78949028;37.60813747;0.025;False;ok;10;1;0.461;
5954;-0.81449028;37.63313747;0.025;False;ok;7;1;0.466;
5955;-0.78949028;37.63313747;0.025;False;ok;70;1;0.746;
5956;-0.76449028;37.60813747;0.05;False;ok;75;1;0.795;
5957;-0.71449028;37.55813747;0.1;False;ok;63;1;0.623;
5958;-2.21449028;37.65813747;0.1;False;ok;5;1;0.361;
5959;-2.11449028;37.65813747;0.1;False;ok;26;1;0.502;
5960;-2.01449028;37.65813747;0.1;False;ok;1;1;0.430;
5961;-1.91449028;37.65813747;0.1;False;ok;4;1;0.413;
5962;-1.71449028;37.65813747;0.1;False;ok;21;1;0.485;
5963;-1.61449028;37.65813747;0.1;False;ok;3;1;0.441;
5964;-1.51449028;37.65813747;0.1;False;ok;0;1;1.174;
5965;-1.41449028;37.65813747;0.1;False;ok;73;1;0.671;
5966;-1.31449028;37.65813747;0.1;False;ok;1;1;0.387;
5967;-1.21449028;37.65813747;0.1;False;ok;10;1;0.515;
5968;-1.11449028;37.65813747;0.1;False;ok;7;1;0.503;
5969;-1.01449028;37.65813747;0.1;False;ok;73;1;0.629;
5970;-0.86449028;37.65813747;0.05;False;ok;31;1;0.617;
5971;-0.91449028;37.70813747;0.05;False;ok;72;1;0.785;
5972;-0.86449028;37.70813747;0.05;False;ok;74;1;0.835;
5973;-0.76449028;37.65813747;0.05;False;ok;74;1;0.831;
5974;-0.76449028;37.70813747;0.025;False;ok;35;1;0.527;
5975;-0.73949028;37.70813747;0.025;False;ok;1;1;0.379;
5976;-0.76449028;37.73313747;0.025;False;ok;55;1;0.717;
5977;-0.73949028;37.73313747;0.025;False;ok;67;1;0.669;
5978;-2.21449028;37.75813747;0.1;False;ok;0;1;1.150;
5979;-1.81449028;37.75813747;0.1;False;ok;0;1;1.204;
5980;-1.71449028;37.75813747;0.1;False;ok;1;1;0.438;
5981;-1.61449028;37.75813747;0.1;False;ok;8;1;0.495;
5982;-1.51449028;37.75813747;0.1;False;ok;9;1;0.507;
5983;-1.41449028;37.75813747;0.1;False;ok;1;1;0.373;
5984;-1.31449028;37.75813747;0.1;False;ok;1;1;0.435;
5985;-1.21449028;37.75813747;0.1;False;ok;65;1;0.597;
5986;-1.01449028;37.75813747;0.05;False;ok;49;1;0.595;
5987;-0.96449028;37.75813747;0.05;False;ok;1;1;0.348;
5988;-1.01449028;37.80813747;0.0125;False;ok;71;1;0.653;
5989;-1.01449028;37.82063747;0.0125;False;ok;70;1;0.682;
5990;-1.00199028;37.82063747;0.0125;False;ok;43;1;0.581;
5991;-1.01449028;37.83313747;0.025;False;ok;2;1;0.441;
5992;-0.96449028;37.80813747;0.05;False;ok;3;1;0.454;
5993;-0.91449028;37.75813747;0.1;False;ok;75;1;0.699;
5994;-0.81449028;37.75813747;0.05;False;ok;66;1;0.686;
5995;-0.75199028;37.75813747;0.0125;False;ok;67;1;0.638;
5996;-0.76449028;37.77063747;0.0125;False;ok;9;1;0.479;
5997;-0.75199028;37.77063747;0.0125;False;ok;74;1;0.679;
5998;-0.81449028;37.80813747;0.025;False;ok;69;1;0.603;
5999;-0.78949028;37.80813747;0.025;False;ok;73;1;0.801;
6000;-0.81449028;37.83313747;0.025;False;ok;6;1;0.464;
6001;-0.78949028;37.83313747;0.025;False;ok;72;1;0.612;
6002;-0.76449028;37.80813747;0.05;False;ok;6;1;0.469;
6003;-1.51449028;37.85813747;0.1;False;ok;5;1;0.511;
6004;-1.31449028;37.85813747;0.1;False;ok;3;1;0.411;
6005;-1.21449028;37.85813747;0.1;False;ok;15;1;0.530;
6006;-1.11449028;37.85813747;0.1;False;ok;68;1;0.602;
6007;-1.01449028;37.85813747;0.1;False;ok;74;1;0.685;
6008;-0.91449028;37.85813747;0.1;False;ok;37;1;0.530;
6009;-0.81449028;37.85813747;0.05;False;ok;68;1;0.575;
6010;-0.76449028;37.85813747;0.025;False;ok;70;1;0.516;
6011;-0.76449028;37.88313747;0.025;False;ok;70;1;0.705;
6012;-0.81449028;37.90813747;0.025;False;ok;22;1;0.444;
6013;-0.78949028;37.90813747;0.025;False;ok;46;1;0.515;
6014;-0.81449028;37.93313747;0.025;False;ok;12;1;0.424;
6015;-0.78949028;37.93313747;0.025;False;ok;71;1;0.560;
6016;-0.76449028;37.90813747;0.0125;False;ok;11;1;0.458;
6017;-0.75199028;37.90813747;0.0125;False;ok;72;1;0.623;
6018;-0.76449028;37.92063747;0.0125;False;ok;46;1;0.549;
6019;-0.75199028;37.92063747;0.0125;False;ok;47;1;0.503;
6020;-0.73949028;37.90813747;0.0125;False;ok;74;1;0.678;
6021;-0.72699028;37.90813747;0.0125;False;ok;8;1;0.409;
6022;-0.73949028;37.92063747;0.0125;False;ok;71;1;0.760;
6023;-0.72699028;37.92063747;0.0125;False;ok;71;1;0.501;
6024;-0.76449028;37.93313747;0.0125;False;ok;39;1;0.479;
6025;-0.75199028;37.93313747;0.0125;False;ok;65;1;0.586;
6026;-0.76449028;37.94563747;0.0125;False;ok;12;1;0.503;
6027;-0.75199028;37.94563747;0.0125;False;ok;61;1;0.600;
6028;-0.73949028;37.93313747;0.0125;False;ok;66;1;0.601;
6029;-0.72699028;37.93313747;0.0125;False;ok;66;1;0.563;
6030;-0.73949028;37.94563747;0.0125;False;ok;50;1;0.558;
6031;-0.72699028;37.94563747;0.00625;False;ok;39;1;0.466;
6032;-0.72074028;37.94563747;0.00625;False;ok;45;1;0.475;
6033;-0.72699028;37.95188747;0.00625;False;ok;35;1;0.440;
6034;-0.72074028;37.95188747;0.00625;False;ok;17;1;0.543;
6035;-0.71449028;37.93313747;0.0125;False;ok;75;1;0.643;
6036;-0.71449028;37.94563747;0.0125;False;ok;73;1;0.760;
6037;-2.01449028;37.95813747;0.1;False;ok;10;1;0.506;
6038;-1.91449028;37.95813747;0.1;False;ok;5;1;0.410;
6039;-1.81449028;37.95813747;0.1;False;ok;0;1;1.128;
6040;-1.71449028;37.95813747;0.1;False;ok;18;1;0.579;
6041;-1.61449028;37.95813747;0.1;False;ok;3;1;0.446;
6042;-1.51449028;37.95813747;0.1;False;ok;12;1;0.463;
6043;-1.41449028;37.95813747;0.1;False;ok;3;1;0.472;
6044;-1.31449028;37.95813747;0.1;False;ok;18;1;0.564;
6045;-1.21449028;37.95813747;0.1;False;ok;75;1;0.709;
6046;-1.11449028;37.95813747;0.1;False;ok;28;1;0.502;
6047;-1.01449028;37.95813747;0.1;False;ok;4;1;0.475;
6048;-0.91449028;37.95813747;0.1;False;ok;53;1;0.556;
6049;-0.81449028;37.95813747;0.1;False;ok;72;1;0.616;
6050;-0.71449028;37.95813747;0.0125;False;ok;67;1;0.614;
6051;-0.70199028;37.95813747;0.0125;False;ok;44;1;0.514;
6052;-0.70199028;37.97063747;0.0125;False;ok;74;1;0.556;
6053;-0.68949028;37.97063747;0.00625;False;ok;23;1;0.651;
6054;-0.68324028;37.97063747;0.00625;False;ok;33;1;0.572;
6055;-0.68949028;37.97688747;0.00625;False;ok;74;1;0.664;
6056;-0.68324028;37.97688747;0.00625;False;ok;70;1;0.585;
6057;-0.67699028;37.97063747;0.00625;False;ok;69;1;0.665;
6058;-0.67074028;37.97063747;0.00625;False;ok;19;1;0.446;
6059;-0.67699028;37.97688747;0.003125;False;ok;54;1;0.511;
6060;-0.67386528;37.97688747;0.003125;False;ok;69;1;0.552;
6061;-0.67699028;37.98001247;0.003125;False;ok;59;1;0.613;
6062;-0.67386528;37.98001247;0.003125;False;ok;71;1;0.582;
6063;-0.67074028;37.97688747;0.003125;False;ok;71;1;0.592;
6064;-0.66761528;37.97688747;0.003125;False;ok;73;1;0.537;
6065;-0.67074028;37.98001247;0.003125;False;ok;67;1;0.587;
6066;-0.66761528;37.98001247;0.003125;False;ok;73;1;0.617;
6067;-0.71449028;37.98313747;0.025;False;ok;63;1;0.902;
6068;-0.68949028;37.98313747;0.0125;False;ok;58;1;0.581;
6069;-0.67699028;37.98313747;0.0125;False;ok;74;1;0.545;
6070;-0.68949028;37.99563747;0.0125;False;ok;30;1;0.415;
6071;-0.67699028;37.99563747;0.0125;False;ok;65;1;0.502;
6072;-0.66449028;37.95813747;0.025;False;ok;75;1;0.794;
6073;-0.66449028;37.98313747;0.00625;False;ok;74;1;0.685;
6074;-0.65824028;37.98313747;0.00625;False;ok;28;1;0.509;
6075;-0.66449028;37.98938747;0.00625;False;ok;42;1;0.617;
6076;-0.65824028;37.98938747;0.00625;False;ok;12;1;0.427;
6077;-0.66449028;37.99563747;0.00625;False;ok;31;1;0.580;
6078;-0.65824028;37.99563747;0.00625;False;ok;23;1;0.456;
6079;-0.66449028;38.00188747;0.00625;False;ok;52;1;0.569;
6080;-0.65824028;38.00188747;0.00625;False;ok;71;1;0.712;
6081;-0.65199028;37.99563747;0.0125;False;ok;71;1;0.542;
6082;-0.71449028;38.00813747;0.05;False;ok;67;1;0.617;
6083;-0.66449028;38.00813747;0.00625;False;ok;71;1;0.525;
6084;-0.65824028;38.00813747;0.00625;False;ok;40;1;0.562;
6085;-0.66449028;38.01438747;0.00625;False;ok;25;1;0.553;
6086;-0.65824028;38.01438747;0.00625;False;ok;72;1;0.593;
6087;-0.65824028;38.02063747;0.00625;False;ok;71;1;0.709;
6088;-0.65824028;38.02688747;0.00625;False;ok;73;1;0.604;
6089;-0.65199028;38.02063747;0.0125;False;ok;1;1;0.356;
6090;-0.66449028;38.03313747;0.025;False;ok;18;1;0.462;
6091;-2.31449028;38.05813747;0.1;False;ok;5;1;0.478;
6092;-2.21449028;38.05813747;0.1;False;ok;2;1;0.378;
6093;-2.11449028;38.05813747;0.1;False;ok;8;1;0.504;
6094;-2.01449028;38.05813747;0.1;False;ok;10;1;0.440;
6095;-1.91449028;38.05813747;0.1;False;ok;53;1;0.588;
6096;-1.81449028;38.05813747;0.1;False;ok;33;1;0.646;
6097;-1.61449028;38.05813747;0.1;False;ok;0;1;1.118;
6098;-1.41449028;38.05813747;0.1;False;ok;5;1;0.416;
6099;-1.31449028;38.05813747;0.1;False;ok;38;1;0.506;
6100;-1.21449028;38.05813747;0.1;False;ok;5;1;0.454;
6101;-1.11449028;38.05813747;0.1;False;ok;10;1;0.492;
6102;-1.01449028;38.05813747;0.1;False;ok;18;1;0.547;
6103;-0.91449028;38.05813747;0.1;False;ok;15;1;0.470;
6104;-0.81449028;38.05813747;0.1;False;ok;72;1;0.614;
6105;-0.71449028;38.05813747;0.05;False;ok;68;1;0.642;
6106;-0.66449028;38.05813747;0.05;False;ok;72;1;0.713;
6107;-0.71449028;38.10813747;0.05;False;ok;57;1;0.665;
6108;-0.66449028;38.10813747;0.05;False;ok;30;1;0.710;
6109;-2.31449028;38.15813747;0.1;False;ok;1;1;0.422;
6110;-2.21449028;38.15813747;0.1;False;ok;6;1;0.449;
6111;-2.01449028;38.15813747;0.1;False;ok;4;1;0.494;
6112;-1.91449028;38.15813747;0.1;False;ok;55;1;0.586;
6113;-1.81449028;38.15813747;0.1;False;ok;11;1;0.518;
6114;-1.61449028;38.15813747;0.1;False;ok;0;1;1.087;
6115;-1.51449028;38.15813747;0.1;False;ok;9;1;0.435;
6116;-1.41449028;38.15813747;0.1;False;ok;22;1;0.478;
6117;-1.21449028;38.15813747;0.1;False;ok;12;1;0.395;
6118;-1.11449028;38.15813747;0.1;False;ok;9;1;0.441;
6119;-1.01449028;38.15813747;0.1;False;ok;3;1;0.383;
6120;-0.91449028;38.15813747;0.1;False;ok;2;1;0.395;
6121;-0.81449028;38.15813747;0.1;False;ok;23;1;0.496;
6122;-0.71449028;38.15813747;0.1;False;ok;14;1;0.465;
6123;-0.61449028;38.15813747;0.05;False;ok;74;1;0.607;
6124;-0.56449028;38.18313747;0.0125;False;ok;73;1;0.667;
6125;-0.55199028;38.18313747;0.0125;False;ok;70;1;0.593;
6126;-0.56449028;38.19563747;0.0125;False;ok;22;1;0.528;
6127;-0.53949028;38.18313747;0.025;False;ok;63;1;0.626;
6128;-0.61449028;38.20813747;0.05;False;ok;5;1;0.432;
6129;-0.56449028;38.20813747;0.025;False;ok;10;1;0.411;
6130;-0.53949028;38.20813747;0.025;False;ok;74;1;0.745;
6131;-0.56449028;38.23313747;0.025;False;ok;52;1;0.559;
6132;-0.53949028;38.23313747;0.0125;False;ok;54;1;0.606;
6133;-0.52699028;38.23313747;0.0125;False;ok;75;1;0.662;
6134;-0.52699028;38.24563747;0.0125;False;ok;73;1;0.556;
6135;-0.51449028;38.15813747;0.1;False;ok;25;1;0.532;
6136;1.307224089;38.62466885;0.1;False;ok;35;1;0.546;
6137;1.407224089;38.62466885;0.05;False;ok;4;1;0.458;
6138;1.457224089;38.62466885;0.05;False;ok;3;1;0.413;
6139;1.407224089;38.67466885;0.025;False;ok;25;1;0.486;
6140;1.432224089;38.67466885;0.025;False;ok;29;1;0.501;
6141;1.407224089;38.69966885;0.025;False;ok;31;1;0.518;
6142;1.432224089;38.69966885;0.025;False;ok;75;1;0.765;
6143;1.457224089;38.67466885;0.05;False;ok;74;1;0.783;
6144;1.507224089;38.62466885;0.1;False;ok;56;1;0.662;
6145;1.307224089;38.72466885;0.1;False;ok;1;1;0.417;
6146;1.407224089;38.72466885;0.1;False;ok;44;1;0.631;
6147;1.207224089;38.82466885;0.05;False;ok;0;1;1.183;
6148;1.257224089;38.82466885;0.05;False;ok;2;1;0.432;
6149;1.207224089;38.87466885;0.05;False;ok;51;1;0.553;
6150;1.257224089;38.87466885;0.05;False;ok;36;1;0.563;
6151;1.307224089;38.82466885;0.05;False;ok;9;1;0.405;
6152;1.357224089;38.82466885;0.05;False;ok;5;1;0.422;
6153;1.307224089;38.87466885;0.05;False;ok;40;1;0.544;
6154;1.357224089;38.87466885;0.05;False;ok;71;1;0.694;
6155;1.407224089;38.87466885;0.025;False;ok;22;1;0.498;
6156;1.407224089;38.89966885;0.025;False;ok;51;1;0.655;
6157;1.432224089;38.89966885;0.025;False;ok;44;1;0.699;
6158;1.457224089;38.87466885;0.05;False;ok;20;1;0.494;
6159;1.207224089;38.92466885;0.05;False;ok;40;1;0.566;
6160;1.257224089;38.92466885;0.025;False;ok;8;1;0.501;
6161;1.282224089;38.92466885;0.025;False;ok;10;1;0.494;
6162;1.257224089;38.94966885;0.025;False;ok;20;1;0.597;
6163;1.282224089;38.94966885;0.025;False;ok;63;1;0.697;
6164;1.257224089;38.97466885;0.05;False;ok;75;1;0.798;
6165;1.307224089;38.92466885;0.05;False;ok;32;1;0.507;
6166;1.357224089;38.92466885;0.05;False;ok;20;1;0.545;
6167;1.307224089;38.97466885;0.05;False;ok;21;1;0.523;
6168;1.357224089;38.97466885;0.05;False;ok;17;1;0.538;
6169;1.407224089;38.92466885;0.05;False;ok;41;1;0.548;
6170;1.457224089;38.92466885;0.05;False;ok;38;1;0.739;
6171;1.407224089;38.97466885;0.05;False;ok;27;1;0.690;
6172;1.457224089;38.97466885;0.05;False;ok;22;1;0.495;
6173;1.507224089;38.92466885;0.05;False;ok;26;1;0.522;
6174;1.507224089;38.97466885;0.05;False;ok;71;1;0.704;
6175;1.557224089;38.97466885;0.05;False;ok;62;1;0.716;
6176;1.307224089;39.02466885;0.1;False;ok;7;1;0.499;
6177;1.407224089;39.02466885;0.1;False;ok;60;1;0.621;
6178;1.507224089;39.02466885;0.1;False;ok;74;1;0.644;
6179;1.607224089;39.02466885;0.1;False;ok;0;1;1.171;
6180;2.907224089;39.22466885;0.1;False;ok;75;1;0.679;
6181;3.007224089;39.22466885;0.1;False;ok;1;1;0.448;
6182;3.107224089;39.22466885;0.1;False;ok;47;1;0.935;
6183;2.707224089;39.32466885;0.1;False;ok;8;1;0.429;
6184;2.807224089;39.32466885;0.1;False;ok;48;1;0.551;
6185;2.907224089;39.32466885;0.05;False;ok;72;1;0.738;
6186;2.957224089;39.32466885;0.05;False;ok;39;1;0.533;
6187;2.907224089;39.37466885;0.05;False;ok;29;1;0.553;
6188;2.957224089;39.37466885;0.05;False;ok;30;1;0.566;
6189;3.007224089;39.32466885;0.05;False;ok;74;1;0.580;
6190;3.057224089;39.32466885;0.05;False;ok;35;1;0.577;
6191;3.007224089;39.37466885;0.05;False;ok;60;1;0.483;
6192;3.057224089;39.37466885;0.05;False;ok;49;1;0.593;
6193;3.107224089;39.32466885;0.025;False;ok;5;1;0.362;
6194;3.132224089;39.32466885;0.025;False;ok;63;1;0.541;
6195;3.107224089;39.34966885;0.025;False;ok;28;1;0.435;
6196;3.132224089;39.34966885;0.025;False;ok;13;1;0.448;
6197;3.157224089;39.32466885;0.025;False;ok;59;1;0.573;
6198;3.182224089;39.32466885;0.025;False;ok;13;1;0.471;
6199;3.157224089;39.34966885;0.025;False;ok;5;1;0.386;
6200;3.182224089;39.34966885;0.025;False;ok;30;1;0.488;
6201;3.107224089;39.37466885;0.05;False;ok;33;1;0.502;
6202;3.157224089;39.37466885;0.05;False;ok;68;1;0.617;
6203;3.207224089;39.34966885;0.0125;False;ok;11;1;0.535;
6204;3.219724089;39.34966885;0.0125;False;ok;27;1;0.544;
6205;3.207224089;39.36216885;0.0125;False;ok;25;1;0.539;
6206;3.219724089;39.36216885;0.00625;False;ok;28;1;0.469;
6207;3.225974089;39.36216885;0.00625;False;ok;29;1;0.451;
6208;3.219724089;39.36841885;0.00625;False;ok;28;1;0.438;
6209;3.225974089;39.36841885;0.00625;False;ok;40;1;0.527;
6210;3.232224089;39.34966885;0.025;False;ok;39;1;0.522;
6211;3.207224089;39.37466885;0.025;False;ok;52;1;0.580;
6212;3.232224089;39.37466885;0.00625;False;ok;53;1;0.585;
6213;3.238474089;39.37466885;0.00625;False;ok;33;1;0.456;
6214;3.232224089;39.38091885;0.00625;False;ok;5;1;0.565;
6215;3.238474089;39.38091885;0.00625;False;ok;32;1;0.577;
6216;3.244724089;39.37466885;0.0125;False;ok;7;1;0.482;
6217;3.232224089;39.38716885;0.0125;False;ok;16;1;0.408;
6218;3.207224089;39.39966885;0.025;False;ok;30;1;0.561;
6219;3.232224089;39.39966885;0.025;False;ok;42;1;0.465;
6220;3.257224089;39.37466885;0.05;False;ok;68;1;0.576;
6221;2.407224089;39.42466885;0.1;False;ok;74;1;0.611;
6222;2.507224089;39.42466885;0.1;False;ok;75;1;0.876;
6223;2.707224089;39.42466885;0.05;False;ok;62;1;0.516;
6224;2.757224089;39.42466885;0.05;False;ok;19;1;0.483;
6225;2.707224089;39.47466885;0.025;False;ok;3;1;0.427;
6226;2.732224089;39.47466885;0.025;False;ok;43;1;0.670;
6227;2.744724089;39.49966885;0.0125;False;ok;58;1;0.632;
6228;2.732224089;39.51216885;0.0125;False;ok;30;1;0.582;
6229;2.744724089;39.51216885;0.0125;False;ok;45;1;0.683;
6230;2.757224089;39.47466885;0.05;False;ok;3;1;0.413;
6231;2.807224089;39.42466885;0.1;False;ok;71;1;0.488;
6232;2.907224089;39.42466885;0.1;False;ok;57;1;0.660;
6233;3.007224089;39.42466885;0.1;False;ok;74;1;0.549;
6234;3.107224089;39.42466885;0.05;False;ok;51;1;0.444;
6235;3.157224089;39.42466885;0.05;False;ok;35;1;0.476;
6236;3.107224089;39.47466885;0.05;False;ok;22;1;0.524;
6237;3.157224089;39.47466885;0.05;False;ok;28;1;0.483;
6238;3.207224089;39.42466885;0.05;False;ok;41;1;0.496;
6239;3.257224089;39.42466885;0.05;False;ok;68;1;0.586;
6240;3.207224089;39.47466885;0.05;False;ok;31;1;0.525;
6241;3.257224089;39.47466885;0.05;False;ok;18;1;0.546;
6242;3.307224089;39.42466885;0.1;False;ok;23;1;0.528;
6243;2.307224089;39.52466885;0.1;False;ok;69;1;0.619;
6244;2.407224089;39.52466885;0.05;False;ok;73;1;0.779;
6245;2.457224089;39.52466885;0.05;False;ok;24;1;0.639;
6246;2.407224089;39.57466885;0.05;False;ok;14;1;0.457;
6247;2.457224089;39.57466885;0.05;False;ok;12;1;0.636;
6248;2.507224089;39.52466885;0.05;False;ok;21;1;0.540;
6249;2.557224089;39.52466885;0.05;False;ok;64;1;0.716;
6250;2.507224089;39.57466885;0.05;False;ok;8;1;0.477;
6251;2.557224089;39.57466885;0.05;False;ok;7;1;0.378;
6252;2.607224089;39.54966885;0.025;False;ok;53;1;0.690;
6253;2.632224089;39.54966885;0.025;False;ok;74;1;0.747;
6254;2.657224089;39.52466885;0.05;False;ok;30;1;0.484;
6255;2.607224089;39.57466885;0.05;False;ok;49;1;0.598;
6256;2.657224089;39.57466885;0.05;False;ok;19;1;0.500;
6257;2.707224089;39.52466885;0.05;False;ok;69;1;0.827;
6258;2.757224089;39.52466885;0.05;False;ok;17;1;0.548;
6259;2.707224089;39.57466885;0.05;False;ok;29;1;0.532;
6260;2.757224089;39.57466885;0.05;False;ok;17;1;0.525;
6261;2.807224089;39.52466885;0.1;False;ok;66;1;0.483;
6262;2.907224089;39.52466885;0.1;False;ok;61;1;0.721;
6263;3.007224089;39.52466885;0.1;False;ok;73;1;0.609;
6264;3.107224089;39.52466885;0.05;False;ok;27;1;0.440;
6265;3.157224089;39.52466885;0.05;False;ok;23;1;0.464;
6266;3.107224089;39.57466885;0.05;False;ok;32;1;0.602;
6267;3.157224089;39.57466885;0.05;False;ok;30;1;0.653;
6268;3.207224089;39.52466885;0.05;False;ok;33;1;0.566;
6269;3.257224089;39.52466885;0.05;False;ok;40;1;0.544;
6270;3.207224089;39.57466885;0.05;False;ok;38;1;0.468;
6271;3.257224089;39.57466885;0.05;False;ok;50;1;0.536;
6272;3.307224089;39.52466885;0.05;False;ok;72;1;0.814;
6273;3.357224089;39.52466885;0.05;False;ok;72;1;0.662;
6274;3.307224089;39.57466885;0.05;False;ok;20;1;0.552;
6275;3.357224089;39.57466885;0.025;False;ok;42;1;0.679;
6276;3.382224089;39.57466885;0.025;False;ok;43;1;0.613;
6277;3.357224089;39.59966885;0.025;False;ok;42;1;0.469;
6278;3.382224089;39.59966885;0.025;False;ok;75;1;0.719;
6279;2.407224089;39.62466885;0.1;False;ok;15;1;0.521;
6280;2.507224089;39.62466885;0.1;False;ok;74;1;0.597;
6281;2.607224089;39.62466885;0.05;False;ok;13;1;0.474;
6282;2.657224089;39.62466885;0.05;False;ok;26;1;0.539;
6283;2.607224089;39.67466885;0.05;False;ok;38;1;0.511;
6284;2.657224089;39.67466885;0.05;False;ok;19;1;0.461;
6285;2.707224089;39.62466885;0.1;False;ok;74;1;0.536;
6286;2.807224089;39.62466885;0.05;False;ok;29;1;0.524;
6287;2.857224089;39.62466885;0.05;False;ok;25;1;0.468;
6288;2.807224089;39.67466885;0.05;False;ok;37;1;0.592;
6289;2.857224089;39.67466885;0.025;False;ok;8;1;0.398;
6290;2.882224089;39.67466885;0.025;False;ok;9;1;0.392;
6291;2.857224089;39.69966885;0.025;False;ok;32;1;0.446;
6292;2.882224089;39.69966885;0.025;False;ok;24;1;0.480;
6293;2.907224089;39.62466885;0.05;False;ok;49;1;0.613;
6294;2.957224089;39.62466885;0.05;False;ok;25;1;0.469;
6295;2.907224089;39.67466885;0.05;False;ok;68;1;0.597;
6296;2.957224089;39.67466885;0.05;False;ok;41;1;0.588;
6297;3.007224089;39.62466885;0.05;False;ok;31;1;0.523;
6298;3.057224089;39.62466885;0.05;False;ok;44;1;0.592;
6299;3.007224089;39.67466885;0.05;False;ok;34;1;0.516;
6300;3.057224089;39.67466885;0.05;False;ok;60;1;0.592;
6301;3.107224089;39.62466885;0.05;False;ok;57;1;0.563;
6302;3.157224089;39.62466885;0.05;False;ok;8;1;0.400;
6303;3.107224089;39.67466885;0.05;False;ok;41;1;0.484;
6304;3.157224089;39.67466885;0.05;False;ok;4;1;0.436;
6305;3.207224089;39.62466885;0.1;False;ok;47;1;0.533;
6306;3.307224089;39.62466885;0.05;False;ok;48;1;0.600;
6307;3.357224089;39.62466885;0.05;False;ok;74;1;0.608;
6308;3.307224089;39.67466885;0.05;False;ok;75;1;0.537;
6309;3.357224089;39.67466885;0.05;False;ok;53;1;0.566;
6310;3.407224089;39.62466885;0.05;False;ok;74;1;0.762;
6311;3.407224089;39.67466885;0.025;False;ok;8;1;0.478;
6312;3.432224089;39.67466885;0.025;False;ok;43;1;0.612;
6313;3.407224089;39.69966885;0.025;False;ok;20;1;0.551;
6314;3.432224089;39.69966885;0.025;False;ok;72;1;0.638;
6315;3.457224089;39.67466885;0.05;False;ok;75;1;0.670;
6316;2.607224089;39.72466885;0.05;False;ok;32;1;0.577;
6317;2.657224089;39.72466885;0.05;False;ok;13;1;0.458;
6318;2.657224089;39.77466885;0.05;False;ok;74;1;0.580;
6319;2.732224089;39.72466885;0.025;False;ok;0;1;1.207;
6320;2.707224089;39.74966885;0.025;False;ok;73;1;0.568;
6321;2.732224089;39.74966885;0.025;False;ok;11;1;0.472;
6322;2.757224089;39.72466885;0.05;False;ok;4;1;0.422;
6323;2.707224089;39.77466885;0.05;False;ok;53;1;0.545;
6324;2.757224089;39.77466885;0.05;False;ok;2;1;0.451;
6325;2.807224089;39.72466885;0.05;False;ok;1;1;0.340;
6326;2.857224089;39.72466885;0.025;False;ok;23;1;0.554;
6327;2.882224089;39.72466885;0.025;False;ok;27;1;0.626;
6328;2.857224089;39.74966885;0.025;False;ok;18;1;0.427;
6329;2.882224089;39.74966885;0.025;False;ok;63;1;0.521;
6330;2.857224089;39.77466885;0.05;False;ok;8;1;0.487;
6331;2.907224089;39.72466885;0.025;False;ok;28;1;0.449;
6332;2.932224089;39.72466885;0.025;False;ok;12;1;0.430;
6333;2.907224089;39.74966885;0.025;False;ok;25;1;0.589;
6334;2.932224089;39.74966885;0.025;False;ok;29;1;0.564;
6335;2.957224089;39.72466885;0.025;False;ok;5;1;0.465;
6336;2.982224089;39.72466885;0.025;False;ok;19;1;0.439;
6337;2.957224089;39.74966885;0.025;False;ok;50;1;0.508;
6338;2.982224089;39.74966885;0.025;False;ok;71;1;0.576;
6339;2.907224089;39.77466885;0.05;False;ok;35;1;0.593;
6340;2.957224089;39.77466885;0.05;False;ok;73;1;0.738;
6341;3.007224089;39.72466885;0.025;False;ok;11;1;0.565;
6342;3.032224089;39.72466885;0.025;False;ok;29;1;0.520;
6343;3.007224089;39.74966885;0.025;False;ok;50;1;0.544;
6344;3.032224089;39.74966885;0.025;False;ok;10;1;0.405;
6345;3.057224089;39.72466885;0.05;False;ok;62;1;0.675;
6346;3.007224089;39.77466885;0.025;False;ok;18;1;0.437;
6347;3.032224089;39.77466885;0.025;False;ok;6;1;0.416;
6348;3.007224089;39.79966885;0.025;False;ok;66;1;0.473;
6349;3.032224089;39.79966885;0.025;False;ok;6;1;0.436;
6350;3.057224089;39.77466885;0.05;False;ok;18;1;0.513;
6351;3.107224089;39.72466885;0.025;False;ok;34;1;0.511;
6352;3.132224089;39.72466885;0.025;False;ok;9;1;0.474;
6353;3.107224089;39.74966885;0.025;False;ok;33;1;0.469;
6354;3.132224089;39.74966885;0.0125;False;ok;2;1;0.387;
6355;3.144724089;39.74966885;0.0125;False;ok;17;1;0.474;
6356;3.132224089;39.76216885;0.0125;False;ok;26;1;0.592;
6357;3.144724089;39.76216885;0.00625;False;ok;32;1;0.558;
6358;3.150974089;39.76216885;0.00625;False;ok;59;1;0.572;
6359;3.144724089;39.76841885;0.00625;False;ok;24;1;0.523;
6360;3.150974089;39.76841885;0.00625;False;ok;2;1;0.361;
6361;3.157224089;39.74966885;0.0125;False;ok;52;1;0.831;
6362;3.157224089;39.76216885;0.0125;False;ok;27;1;0.550;
6363;3.107224089;39.77466885;0.025;False;ok;61;1;0.516;
6364;3.107224089;39.79966885;0.0125;False;ok;52;1;0.559;
6365;3.107224089;39.81216885;0.00625;False;ok;29;1;0.500;
6366;3.113474089;39.81216885;0.00625;False;ok;34;1;0.570;
6367;3.107224089;39.81841885;0.00625;False;ok;3;1;0.494;
6368;3.113474089;39.81841885;0.003125;False;ok;48;1;0.482;
6369;3.113474089;39.82154385;0.003125;False;ok;28;1;0.479;
6370;3.207224089;39.72466885;0.0125;False;ok;27;1;0.416;
6371;3.219724089;39.72466885;0.0125;False;ok;33;1;0.680;
6372;3.207224089;39.73716885;0.0125;False;ok;10;1;0.489;
6373;3.219724089;39.73716885;0.0125;False;ok;20;1;0.348;
6374;3.232224089;39.72466885;0.025;False;ok;19;1;0.444;
6375;3.257224089;39.72466885;0.05;False;ok;74;1;0.561;
6376;3.307224089;39.72466885;0.1;False;ok;43;1;0.541;
6377;3.407224089;39.72466885;0.1;False;ok;20;1;0.538;
6378;4.207224089;39.79966885;0.025;False;ok;16;1;0.406;
6379;4.232224089;39.81216885;0.0125;False;ok;71;1;0.634;
6380;4.244724089;39.81216885;0.0125;False;ok;33;1;0.546;
6381;4.257224089;39.77466885;0.05;False;ok;73;1;0.695;
6382;2.707224089;39.82466885;0.1;False;ok;4;1;0.344;
6383;2.807224089;39.82466885;0.1;False;ok;1;1;0.433;
6384;2.907224089;39.82466885;0.1;False;ok;73;1;0.658;
6385;3.007224089;39.82466885;0.025;False;ok;6;1;0.415;
6386;3.032224089;39.82466885;0.025;False;ok;29;1;0.563;
6387;3.007224089;39.84966885;0.0125;False;ok;18;1;0.380;
6388;3.019724089;39.84966885;0.0125;False;ok;24;1;0.486;
6389;3.007224089;39.86216885;0.0125;False;ok;47;1;0.528;
6390;3.019724089;39.86216885;0.0125;False;ok;21;1;0.533;
6391;3.032224089;39.84966885;0.0125;False;ok;10;1;0.448;
6392;3.044724089;39.84966885;0.0125;False;ok;40;1;0.513;
6393;3.032224089;39.86216885;0.0125;False;ok;33;1;0.511;
6394;3.044724089;39.86216885;0.0125;False;ok;22;1;0.485;
6395;3.057224089;39.82466885;0.025;False;ok;62;1;0.548;
6396;3.082224089;39.82466885;0.025;False;ok;36;1;0.541;
6397;3.057224089;39.84966885;0.0125;False;ok;32;1;0.493;
6398;3.069724089;39.84966885;0.0125;False;ok;16;1;0.375;
6399;3.057224089;39.86216885;0.0125;False;ok;24;1;0.581;
6400;3.069724089;39.86216885;0.0125;False;ok;27;1;0.446;
6401;3.082224089;39.84966885;0.025;False;ok;43;1;0.527;
6402;3.007224089;39.87466885;0.00625;False;ok;11;1;0.372;
6403;3.013474089;39.87466885;0.003125;False;ok;32;1;0.566;
6404;3.016599089;39.87466885;0.003125;False;ok;4;1;0.389;
6405;3.013474089;39.87779385;0.003125;False;ok;32;1;0.509;
6406;3.016599089;39.87779385;0.003125;False;ok;22;1;0.493;
6407;3.007224089;39.88091885;0.00625;False;ok;29;1;0.457;
6408;3.013474089;39.88091885;0.00625;False;ok;36;1;0.490;
6409;3.019724089;39.87466885;0.0125;False;ok;34;1;0.535;
6410;3.007224089;39.88716885;0.0125;False;ok;37;1;0.471;
6411;3.019724089;39.88716885;0.0125;False;ok;75;1;0.488;
6412;3.032224089;39.87466885;0.0125;False;ok;35;1;0.426;
6413;3.044724089;39.87466885;0.0125;False;ok;55;1;0.613;
6414;3.032224089;39.88716885;0.0125;False;ok;42;1;0.543;
6415;3.044724089;39.88716885;0.0125;False;ok;49;1;0.546;
6416;3.007224089;39.89966885;0.025;False;ok;1;1;0.372;
6417;3.032224089;39.89966885;0.0125;False;ok;21;1;0.327;
6418;3.044724089;39.89966885;0.0125;False;ok;5;1;0.411;
6419;3.032224089;39.91216885;0.0125;False;ok;0;1;1.173;
6420;3.044724089;39.91216885;0.00625;False;ok;17;1;0.428;
6421;3.050974089;39.91216885;0.003125;False;ok;0;1;1.112;
6422;3.050974089;39.91529385;0.003125;False;ok;41;1;0.498;
6423;3.054099089;39.91529385;0.003125;False;ok;19;1;0.431;
6424;3.050974089;39.91841885;0.00625;False;ok;39;1;0.579;
6425;3.057224089;39.87466885;0.0125;False;ok;36;1;0.564;
6426;3.069724089;39.87466885;0.0125;False;ok;21;1;0.418;
6427;3.057224089;39.88716885;0.0125;False;ok;41;1;0.464;
6428;3.069724089;39.88716885;0.00625;False;ok;27;1;0.396;
6429;3.075974089;39.88716885;0.00625;False;ok;32;1;0.530;
6430;3.069724089;39.89341885;0.00625;False;ok;25;1;0.559;
6431;3.075974089;39.89341885;0.00625;False;ok;58;1;0.494;
6432;3.082224089;39.87466885;0.025;False;ok;3;1;0.461;
6433;3.057224089;39.89966885;0.0125;False;ok;29;1;0.474;
6434;3.069724089;39.89966885;0.00625;False;ok;20;1;0.516;
6435;3.075974089;39.89966885;0.00625;False;ok;74;1;0.638;
6436;3.069724089;39.90591885;0.00625;False;ok;40;1;0.769;
6437;3.075974089;39.90591885;0.00625;False;ok;35;1;0.620;
6438;3.057224089;39.91216885;0.0125;False;ok;16;1;0.521;
6439;3.069724089;39.91216885;0.0125;False;ok;11;1;0.434;
6440;3.082224089;39.89966885;0.0125;False;ok;73;1;0.662;
6441;3.094724089;39.89966885;0.0125;False;ok;9;1;0.541;
6442;3.082224089;39.91216885;0.0125;False;ok;13;1;0.395;
6443;3.094724089;39.91216885;0.0125;False;ok;3;1;0.342;
6444;3.107224089;39.82466885;0.00625;False;ok;7;1;0.468;
6445;3.113474089;39.82466885;0.00625;False;ok;72;1;0.584;
6446;3.107224089;39.83091885;0.00625;False;ok;65;1;0.491;
6447;3.113474089;39.83091885;0.00625;False;ok;59;1;0.617;
6448;3.119724089;39.82466885;0.0125;False;ok;25;1;0.528;
6449;3.107224089;39.83716885;0.0125;False;ok;43;1;0.598;
6450;3.119724089;39.83716885;0.00625;False;ok;23;1;0.506;
6451;3.125974089;39.83716885;0.00625;False;ok;65;1;0.613;
6452;3.125974089;39.84341885;0.00625;False;ok;11;1;0.453;
6453;3.144724089;39.82466885;0.0125;False;ok;22;1;0.393;
6454;3.132224089;39.83716885;0.0125;False;ok;67;1;0.479;
6455;3.144724089;39.83716885;0.0125;False;ok;19;1;0.539;
6456;3.107224089;39.84966885;0.0125;False;ok;74;1;0.609;
6457;3.119724089;39.84966885;0.0125;False;ok;71;1;0.605;
6458;3.107224089;39.86216885;0.0125;False;ok;9;1;0.338;
6459;3.119724089;39.86216885;0.0125;False;ok;21;1;0.482;
6460;3.132224089;39.84966885;0.0125;False;ok;14;1;0.532;
6461;3.144724089;39.84966885;0.0125;False;ok;33;1;0.461;
6462;3.132224089;39.86216885;0.0125;False;ok;34;1;0.502;
6463;3.144724089;39.86216885;0.0125;False;ok;26;1;0.424;
6464;3.157224089;39.82466885;0.05;False;ok;33;1;0.554;
6465;3.807224089;39.82466885;0.1;False;ok;11;1;0.419;
6466;4.007224089;39.87466885;0.05;False;ok;45;1;0.604;
6467;4.057224089;39.87466885;0.025;False;ok;5;1;0.494;
6468;4.057224089;39.89966885;0.0125;False;ok;73;1;0.653;
6469;4.069724089;39.89966885;0.00625;False;ok;71;1;0.549;
6470;4.075974089;39.89966885;0.00625;False;ok;28;1;0.482;
6471;4.069724089;39.90591885;0.00625;False;ok;44;1;0.541;
6472;4.075974089;39.90591885;0.00625;False;ok;2;1;0.504;
6473;4.069724089;39.91216885;0.0125;False;ok;1;1;0.426;
6474;4.082224089;39.89966885;0.025;False;ok;2;1;0.368;
6475;4.107224089;39.82466885;0.05;False;ok;74;1;0.596;
6476;4.157224089;39.82466885;0.05;False;ok;25;1;0.568;
6477;4.107224089;39.87466885;0.05;False;ok;41;1;0.558;
6478;4.157224089;39.87466885;0.05;False;ok;8;1;0.508;
6479;4.207224089;39.82466885;0.05;False;ok;73;1;0.639;
6480;4.257224089;39.82466885;0.05;False;ok;39;1;0.565;
6481;4.207224089;39.87466885;0.05;False;ok;6;1;0.493;
6482;4.257224089;39.87466885;0.05;False;ok;64;1;0.700;
6483;3.107224089;39.92466885;0.1;False;ok;3;1;0.438;
6484;3.782224089;39.97466885;0.025;False;ok;21;1;0.495;
6485;3.782224089;39.99966885;0.025;False;ok;75;1;0.689;
6486;3.819724089;39.92466885;0.00625;False;ok;74;1;0.658;
6487;3.825974089;39.92466885;0.00625;False;ok;65;1;0.666;
6488;3.819724089;39.93091885;0.00625;False;ok;19;1;0.397;
6489;3.825974089;39.93091885;0.00625;False;ok;9;1;0.396;
6490;3.832224089;39.92466885;0.025;False;ok;67;1;0.643;
6491;3.807224089;39.94966885;0.025;False;ok;11;1;0.414;
6492;3.832224089;39.94966885;0.025;False;ok;74;1;0.608;
6493;3.857224089;39.92466885;0.05;False;ok;4;1;0.447;
6494;3.807224089;39.97466885;0.025;False;ok;8;1;0.436;
6495;3.832224089;39.97466885;0.025;False;ok;75;1;0.604;
6496;3.807224089;39.99966885;0.025;False;ok;74;1;0.652;
6497;3.832224089;39.99966885;0.025;False;ok;75;1;0.606;
6498;3.857224089;39.97466885;0.05;False;ok;7;1;0.443;
6499;3.907224089;39.92466885;0.05;False;ok;11;1;0.539;
6500;3.957224089;39.92466885;0.0125;False;ok;21;1;0.463;
6501;3.957224089;39.93716885;0.0125;False;ok;73;1;0.648;
6502;3.957224089;39.94966885;0.025;False;ok;1;1;0.441;
6503;3.982224089;39.94966885;0.025;False;ok;5;1;0.478;
6504;3.957224089;39.97466885;0.05;False;ok;2;1;0.451;
6505;4.007224089;39.92466885;0.1;False;ok;31;1;0.616;
6506;4.107224089;39.92466885;0.05;False;ok;14;1;0.445;
6507;4.157224089;39.92466885;0.05;False;ok;2;1;0.394;
6508;4.107224089;39.97466885;0.05;False;ok;4;1;0.465;
6509;4.182224089;39.97466885;0.025;False;ok;1;1;0.384;
6510;4.157224089;39.99966885;0.025;False;ok;72;1;0.746;
6511;4.182224089;39.99966885;0.025;False;ok;75;1;0.615;
6512;4.207224089;39.92466885;0.1;False;ok;9;1;0.430;
6513;3.807224089;40.02466885;0.1;False;ok;38;1;0.490;
6514;4.007224089;40.02466885;0.1;False;ok;1;1;0.390;
6515;4.107224089;40.02466885;0.05;False;ok;73;1;0.620;
6516;4.157224089;40.02466885;0.05;False;ok;74;1;0.580;
6517;0.807224089;40.62466885;0.1;False;ok;62;1;0.684;
6518;0.807224089;40.72466885;0.025;False;ok;26;1;0.500;
6519;0.832224089;40.72466885;0.00625;False;ok;74;1;0.616;
6520;0.838474089;40.72466885;0.00625;False;ok;73;1;0.871;
6521;-5.357657522;35.87616748;0.09;False;ok;36;1;0.889;
6522;-2.961443247;35.27658336;0.1;False;ok;22;1;0.498;
