index;x;y;inc;mixed;status;alojamientos;attempts;elapsed_seconds;error
0;-18.04263932;27.61024358;0.1;False;ok;73;1;2.568;
1;-18.14263932;27.71024358;0.1;False;ok;14;1;1.983;
2;-18.04263932;27.71024358;0.05;False;ok;75;1;2.498;
3;-17.99263932;27.71024358;0.05;False;ok;48;1;2.037;
4;-18.04263932;27.76024358;0.05;False;ok;32;1;2.396;
5;-17.99263932;27.76024358;0.05;False;ok;34;1;2.504;
6;-17.94263932;27.71024358;0.1;False;ok;38;1;2.572;
7;-15.69263932;27.71024358;0.05;False;ok;66;1;2.606;
8;-15.71763932;27.76024358;0.025;False;ok;72;1;2.458;
9;-15.74263932;27.78524358;0.0125;False;ok;1;1;2.405;
10;-15.73013932;27.78524358;0.0125;False;ok;34;1;2.580;
11;-15.74263932;27.79774358;0.0125;False;ok;71;1;2.689;
12;-15.73013932;27.79774358;0.0125;False;ok;40;1;2.471;
13;-15.71763932;27.78524358;0.00625;False;ok;75;1;2.779;
14;-15.71138932;27.78524358;0.00625;False;ok;75;1;2.701;
15;-15.71763932;27.79149358;0.00625;False;ok;44;1;2.606;
16;-15.71138932;27.79149358;0.00625;False;ok;75;1;2.694;
17;-15.70513932;27.78524358;0.0125;False;ok;56;1;2.589;
18;-15.71763932;27.79774358;0.0125;False;ok;47;1;2.512;
19;-15.70513932;27.79774358;0.0125;False;ok;3;1;2.428;
20;-15.69263932;27.76024358;0.025;False;ok;74;1;1.219;
21;-15.66763932;27.76024358;0.025;False;ok;73;1;0.923;
22;-15.66763932;27.78524358;0.025;False;ok;66;1;1.200;
23;-15.64263932;27.73524358;0.025;False;ok;57;1;1.139;
24;-15.61763932;27.73524358;0.0125;False;ok;56;1;2.251;
25;-15.60513932;27.73524358;0.0125;False;ok;42;1;2.680;
26;-15.61763932;27.74774358;0.0125;False;ok;53;1;1.896;
27;-15.60513932;27.74774358;0.00625;False;ok;43;1;3.797;
28;-15.59888932;27.74774358;0.00625;False;ok;39;1;3.468;
29;-15.60513932;27.75399358;0.00625;False;ok;73;1;3.920;
30;-15.59888932;27.75399358;0.00625;False;ok;58;1;4.360;
31;-15.58013932;27.73524358;0.0125;False;ok;5;1;3.601;
32;-15.59263932;27.74774358;0.00625;False;ok;23;1;2.641;
33;-15.58638932;27.74774358;0.00625;False;ok;22;1;4.370;
34;-15.59263932;27.75399358;0.00625;False;ok;74;1;4.449;
35;-15.58638932;27.75399358;0.00625;False;ok;45;1;4.548;
36;-15.58013932;27.74774358;0.00625;False;ok;74;1;4.187;
37;-15.57388932;27.74774358;0.00625;False;ok;46;1;5.387;
38;-15.58013932;27.75399358;0.003125;False;ok;72;1;2.959;
39;-15.57701432;27.75399358;0.003125;False;ok;15;1;3.085;
40;-15.58013932;27.75711858;0.003125;False;ok;47;1;5.202;
41;-15.57701432;27.75711858;0.003125;False;ok;41;1;5.476;
42;-15.57388932;27.75399358;0.003125;False;ok;24;1;3.304;
43;-15.57076432;27.75399358;0.003125;False;ok;19;1;5.574;
44;-15.57388932;27.75711858;0.003125;False;ok;75;1;3.014;
45;-15.57076432;27.75711858;0.003125;False;ok;75;1;5.473;
46;-15.56763932;27.73524358;0.025;False;ok;25;1;5.517;
47;-15.64263932;27.76024358;0.05;False;ok;73;1;3.272;
48;-15.59263932;27.76024358;0.0125;False;ok;75;1;3.132;
49;-15.58013932;27.76024358;0.00625;False;ok;75;1;3.201;
50;-15.57388932;27.76024358;0.00625;False;ok;52;1;5.961;
51;-15.58013932;27.76649358;0.00625;False;ok;12;1;6.082;
52;-15.57388932;27.76649358;0.00625;False;ok;6;1;6.076;
53;-15.59263932;27.77274358;0.0125;False;ok;0;1;6.624;
54;-15.56763932;27.76024358;0.00625;False;ok;75;1;3.607;
55;-15.56138932;27.76024358;0.00625;False;ok;18;1;3.387;
56;-15.56138932;27.76649358;0.00625;False;ok;3;1;6.283;
57;-15.55513932;27.76024358;0.00625;False;ok;16;1;6.351;
58;-15.55513932;27.76649358;0.00625;False;ok;74;1;6.338;
59;-15.54888932;27.76649358;0.00625;False;ok;74;1;6.384;
60;-15.55513932;27.77274358;0.0125;False;ok;9;1;3.238;
61;-15.54263932;27.76024358;0.0125;False;ok;74;1;6.234;
62;-15.54263932;27.77274358;0.0125;False;ok;26;1;5.882;
63;-15.53013932;27.77274358;0.0125;False;ok;73;1;3.470;
64;-15.51763932;27.76024358;0.025;False;ok;7;1;5.829;
65;-15.49263932;27.76024358;0.05;False;ok;20;1;3.291;
66;-18.04263932;27.81024358;0.1;False;ok;32;1;3.335;
67;-17.94263932;27.81024358;0.1;False;ok;68;1;5.575;
68;-15.76763932;27.81024358;0.00625;False;ok;1;1;5.765;
69;-15.76763932;27.81649358;0.003125;False;ok;69;1;3.210;
70;-15.76451432;27.81649358;0.003125;False;ok;75;1;3.273;
71;-15.76451432;27.81961858;0.003125;False;ok;28;1;3.175;
72;-15.76138932;27.81649358;0.00625;False;ok;14;1;5.557;
73;-15.75513932;27.81024358;0.0125;False;ok;40;1;5.956;
74;-15.76763932;27.82274358;0.0125;False;ok;23;1;3.003;
75;-15.76763932;27.83524358;0.025;False;ok;15;1;2.930;
76;-15.84263932;27.86024358;0.05;False;ok;11;1;5.841;
77;-15.74263932;27.81024358;0.1;False;ok;45;1;6.040;
78;-15.64263932;27.81024358;0.1;False;ok;55;1;3.067;
79;-15.54263932;27.81024358;0.1;False;ok;75;1;6.102;
80;-15.44263932;27.81024358;0.05;False;ok;75;1;6.184;
81;-15.39263932;27.81024358;0.05;False;ok;40;1;6.108;
82;-15.44263932;27.86024358;0.05;False;ok;47;1;6.366;
83;-15.39263932;27.86024358;0.05;False;ok;10;1;3.114;
84;-17.74263932;27.91024358;0.1;False;ok;0;1;6.829;
85;-16.66763932;27.99774358;0.0125;False;ok;28;1;3.138;
86;-16.65513932;28.00399358;0.00625;False;ok;23;1;3.286;
87;-16.64888932;28.00399358;0.00625;False;ok;75;1;6.268;
88;-16.64263932;27.91024358;0.1;False;ok;75;1;6.511;
89;-15.84263932;27.91024358;0.1;False;ok;66;1;6.191;
90;-15.74263932;27.91024358;0.1;False;ok;8;1;5.997;
91;-15.64263932;27.91024358;0.05;False;ok;11;1;3.448;
92;-15.59263932;27.91024358;0.05;False;ok;35;1;3.315;
93;-15.64263932;27.96024358;0.05;False;ok;73;1;3.373;
94;-15.59263932;27.96024358;0.05;False;ok;42;1;5.793;
95;-15.54263932;27.91024358;0.1;False;ok;73;1;5.932;
96;-15.44263932;27.91024358;0.05;False;ok;48;1;3.413;
97;-15.39263932;27.91024358;0.05;False;ok;5;1;3.487;
98;-15.44263932;27.96024358;0.05;False;ok;61;1;3.466;
99;-15.39263932;27.96024358;0.05;False;ok;74;1;6.077;
100;-17.44263932;28.01024358;0.1;False;ok;36;1;6.123;
101;-17.34263932;28.01024358;0.05;False;ok;1;1;3.325;
102;-17.34263932;28.06024358;0.025;False;ok;38;1;6.220;
103;-17.34263932;28.08524358;0.0125;False;ok;74;1;3.572;
104;-17.34263932;28.09774358;0.0125;False;ok;10;1;3.388;
105;-17.33013932;28.09774358;0.0125;False;ok;13;1;6.297;
106;-17.31763932;28.08524358;0.025;False;ok;1;1;6.202;
107;-17.29263932;28.06024358;0.05;False;ok;8;1;6.334;
108;-17.24263932;28.01024358;0.1;False;ok;71;1;6.548;
109;-17.14263932;28.01024358;0.1;False;ok;75;1;3.526;
110;-16.84263932;28.01024358;0.1;False;ok;73;1;6.782;
111;-16.70513932;28.01024358;0.0125;False;ok;65;1;3.447;
112;-16.70513932;28.02274358;0.0125;False;ok;74;1;6.839;
113;-16.73638932;28.04774358;0.00625;False;ok;2;1;3.427;
114;-16.74263932;28.05399358;0.00625;False;ok;0;1;7.319;
115;-16.73638932;28.05399358;0.003125;False;ok;8;1;6.550;
116;-16.73326432;28.05399358;0.003125;False;ok;6;1;6.577;
117;-16.73638932;28.05711858;0.003125;False;ok;66;1;3.650;
118;-16.73326432;28.05711858;0.003125;False;ok;45;1;6.222;
119;-16.73013932;28.04774358;0.00625;False;ok;68;1;3.502;
120;-16.72076432;28.04774358;0.003125;False;ok;37;1;6.096;
121;-16.72388932;28.05086858;0.003125;False;ok;73;1;3.511;
122;-16.72076432;28.05086858;0.003125;False;ok;75;1;3.611;
123;-16.73013932;28.05399358;0.003125;False;ok;19;1;3.536;
124;-16.72701432;28.05399358;0.003125;False;ok;72;1;6.172;
125;-16.73013932;28.05711858;0.003125;False;ok;73;1;3.629;
126;-16.72701432;28.05711858;0.003125;False;ok;1;1;6.684;
127;-16.72388932;28.05399358;0.00625;False;ok;61;1;6.608;
128;-16.71763932;28.03524358;0.0125;False;ok;74;1;3.685;
129;-16.71763932;28.04774358;0.003125;False;ok;5;1;6.129;
130;-16.71451432;28.04774358;0.003125;False;ok;74;1;3.752;
131;-16.71763932;28.05086858;0.003125;False;ok;71;1;6.251;
132;-16.71451432;28.05086858;0.003125;False;ok;75;1;3.727;
133;-16.71138932;28.04774358;0.00625;False;ok;75;1;6.171;
134;-16.71763932;28.05399358;0.00625;False;ok;67;1;5.684;
135;-16.71138932;28.05399358;0.00625;False;ok;53;1;6.175;
136;-16.70513932;28.04774358;0.0125;False;ok;75;1;3.890;
137;-16.69263932;28.01024358;0.025;False;ok;22;1;6.443;
138;-16.66763932;28.01024358;0.0125;False;ok;16;1;6.242;
139;-16.65513932;28.01024358;0.0125;False;ok;74;1;3.859;
140;-16.66763932;28.02274358;0.0125;False;ok;0;1;7.089;
141;-16.65513932;28.02274358;0.0125;False;ok;2;1;3.767;
142;-16.69263932;28.03524358;0.025;False;ok;6;1;5.943;
143;-16.66763932;28.03524358;0.025;False;ok;8;1;5.882;
144;-16.73638932;28.06024358;0.00625;False;ok;72;1;5.839;
145;-16.73638932;28.06649358;0.00625;False;ok;73;1;3.540;
146;-16.73013932;28.06024358;0.0015625;False;ok;66;1;3.859;
147;-16.72857682;28.06024358;0.0015625;False;ok;23;1;3.811;
148;-16.73013932;28.06180608;0.0015625;False;ok;36;1;5.174;
149;-16.72857682;28.06180608;0.0015625;False;ok;58;1;5.584;
150;-16.72701432;28.06024358;0.003125;False;ok;59;1;3.487;
151;-16.73013932;28.06336858;0.003125;False;ok;74;1;3.507;
152;-16.72388932;28.06024358;0.00625;False;ok;3;1;5.688;
153;-16.73013932;28.06649358;0.003125;False;ok;42;1;3.387;
154;-16.72701432;28.06649358;0.003125;False;ok;10;1;5.363;
155;-16.73013932;28.06961858;0.003125;False;ok;75;1;5.805;
156;-16.72388932;28.06649358;0.00625;False;ok;10;1;5.478;
157;-16.73638932;28.07274358;0.003125;False;ok;4;1;5.130;
158;-16.73326432;28.07274358;0.003125;False;ok;74;1;3.531;
159;-16.73638932;28.07586858;0.003125;False;ok;44;1;3.623;
160;-16.73326432;28.07586858;0.003125;False;ok;65;1;4.774;
161;-16.73638932;28.07899358;0.003125;False;ok;11;1;3.499;
162;-16.73326432;28.07899358;0.003125;False;ok;59;1;4.520;
163;-16.73638932;28.08211858;0.003125;False;ok;11;1;4.414;
164;-16.73326432;28.08211858;0.0015625;False;ok;21;1;4.446;
165;-16.73170182;28.08211858;0.0015625;False;ok;71;1;4.475;
166;-16.73326432;28.08368108;0.0015625;False;ok;46;1;4.231;
167;-16.73013932;28.07274358;0.00625;False;ok;74;1;4.213;
168;-16.72388932;28.07274358;0.00625;False;ok;10;1;3.131;
169;-16.73013932;28.07899358;0.00625;False;ok;75;1;3.360;
170;-16.72388932;28.07899358;0.00625;False;ok;75;1;3.279;
171;-16.71763932;28.06024358;0.025;False;ok;74;1;3.816;
172;-16.74263932;28.08524358;0.00625;False;ok;7;1;2.772;
173;-16.73638932;28.08524358;0.00625;False;ok;74;1;2.636;
174;-16.74263932;28.09149358;0.00625;False;ok;52;1;2.215;
175;-16.73638932;28.09149358;0.00625;False;ok;43;1;2.118;
176;-16.73013932;28.08524358;0.00625;False;ok;72;1;2.074;
177;-16.72388932;28.08524358;0.00625;False;ok;73;1;2.143;
178;-16.73013932;28.09149358;0.00625;False;ok;46;1;1.757;
179;-16.72388932;28.09149358;0.00625;False;ok;30;1;1.550;
180;-16.74263932;28.09774358;0.0125;False;ok;6;1;1.188;
181;-16.73013932;28.09774358;0.0125;False;ok;4;1;1.244;
182;-16.71763932;28.08524358;0.025;False;ok;74;1;1.552;
183;-16.69263932;28.06024358;0.05;False;ok;74;1;1.882;
184;-16.64263932;28.01024358;0.025;False;ok;74;1;1.862;
185;-16.61763932;28.01024358;0.0125;False;ok;64;1;1.676;
186;-16.61763932;28.02274358;0.00625;False;ok;75;1;1.558;
187;-16.61138932;28.02274358;0.00625;False;ok;75;1;1.646;
188;-16.61763932;28.02899358;0.00625;False;ok;48;1;1.452;
189;-16.61138932;28.02899358;0.00625;False;ok;71;1;1.474;
190;-16.60513932;28.02274358;0.0125;False;ok;75;1;1.539;
191;-16.64263932;28.03524358;0.025;False;ok;10;1;2.195;
192;-16.61763932;28.03524358;0.025;False;ok;44;1;2.249;
193;-16.59263932;28.01024358;0.025;False;ok;64;1;2.158;
194;-16.56451432;28.02899358;0.003125;False;ok;23;1;2.139;
195;-16.56763932;28.03211858;0.003125;False;ok;42;1;2.139;
196;-16.56451432;28.03211858;0.003125;False;ok;74;1;2.296;
197;-16.56138932;28.02899358;0.00625;False;ok;0;1;2.522;
198;-16.59263932;28.03524358;0.025;False;ok;1;1;1.729;
199;-16.56763932;28.03524358;0.025;False;ok;30;1;1.965;
200;-16.64263932;28.06024358;0.05;False;ok;53;1;2.262;
201;-16.59263932;28.06024358;0.05;False;ok;71;1;2.085;
202;-16.54263932;28.04149358;0.003125;False;ok;30;1;1.456;
203;-16.53951432;28.04149358;0.003125;False;ok;44;1;1.633;
204;-16.54263932;28.04461858;0.003125;False;ok;16;1;1.676;
205;-16.53951432;28.04461858;0.003125;False;ok;74;1;1.765;
206;-16.53638932;28.04149358;0.00625;False;ok;74;1;1.796;
207;-16.54263932;28.04774358;0.00625;False;ok;39;1;1.466;
208;-16.53638932;28.04774358;0.00625;False;ok;75;1;1.866;
209;-16.53013932;28.04774358;0.0125;False;ok;50;1;1.878;
210;-16.54263932;28.06024358;0.05;False;ok;1;1;1.467;
211;-16.49263932;28.06024358;0.05;False;ok;56;1;1.585;
212;-15.74263932;28.01024358;0.05;False;ok;8;1;1.538;
213;-15.69263932;28.01024358;0.05;False;ok;31;1;1.747;
214;-15.74263932;28.06024358;0.05;False;ok;75;1;1.847;
215;-15.69263932;28.06024358;0.05;False;ok;53;1;1.723;
216;-15.64263932;28.01024358;0.1;False;ok;75;1;1.912;
217;-15.54263932;28.01024358;0.05;False;ok;63;1;1.750;
218;-15.49263932;28.01024358;0.05;False;ok;58;1;1.721;
219;-15.54263932;28.06024358;0.05;False;ok;40;1;1.602;
220;-15.49263932;28.06024358;0.05;False;ok;18;1;1.511;
221;-15.44263932;28.01024358;0.05;False;ok;15;1;1.456;
222;-15.39263932;28.01024358;0.05;False;ok;20;1;1.762;
223;-15.44263932;28.06024358;0.05;False;ok;73;1;1.970;
224;-14.44263932;28.01024358;0.1;False;ok;74;1;1.816;
225;-14.34263932;28.01024358;0.1;False;ok;74;1;1.881;
226;-17.34263932;28.11024358;0.1;False;ok;75;1;2.001;
227;-17.24263932;28.11024358;0.05;False;ok;20;1;1.512;
228;-17.19263932;28.11024358;0.05;False;ok;13;1;1.321;
229;-17.24263932;28.16024358;0.05;False;ok;55;1;1.458;
230;-17.19263932;28.16024358;0.05;False;ok;55;1;1.352;
231;-17.14263932;28.11024358;0.1;False;ok;1;1;0.846;
232;-16.84263932;28.11024358;0.05;False;ok;5;1;0.750;
233;-16.77388932;28.11024358;0.00625;False;ok;5;1;1.003;
234;-16.78013932;28.11649358;0.00625;False;ok;74;1;1.182;
235;-16.77388932;28.11649358;0.00625;False;ok;73;1;1.591;
236;-16.79263932;28.12274358;0.0125;False;ok;74;1;1.393;
237;-16.78013932;28.12274358;0.00625;False;ok;75;1;1.282;
238;-16.77388932;28.12274358;0.00625;False;ok;74;1;1.306;
239;-16.78013932;28.12899358;0.00625;False;ok;53;1;1.226;
240;-16.77388932;28.12899358;0.00625;False;ok;10;1;1.097;
241;-16.76763932;28.11024358;0.025;False;ok;50;1;1.176;
242;-16.79263932;28.13524358;0.025;False;ok;14;1;1.098;
243;-16.76763932;28.13524358;0.025;False;ok;75;1;1.359;
244;-16.84263932;28.16024358;0.05;False;ok;75;1;1.411;
245;-16.79263932;28.16024358;0.05;False;ok;75;1;1.443;
246;-16.74263932;28.11024358;0.1;False;ok;75;1;1.351;
247;-16.64263932;28.11024358;0.1;False;ok;66;1;1.259;
248;-16.54263932;28.11024358;0.1;False;ok;75;1;1.644;
249;-16.44263932;28.11024358;0.1;False;ok;74;1;1.636;
250;-15.74263932;28.11024358;0.1;False;ok;74;1;1.594;
251;-15.64263932;28.11024358;0.1;False;ok;75;1;1.531;
252;-15.54263932;28.11024358;0.1;False;ok;75;1;1.433;
253;-15.44263932;28.11024358;0.0125;False;ok;8;1;0.940;
254;-15.43013932;28.11024358;0.0125;False;ok;33;1;1.347;
255;-15.44263932;28.12274358;0.0125;False;ok;75;1;1.533;
256;-15.43013932;28.12274358;0.0125;False;ok;18;1;1.288;
257;-15.41763932;28.11024358;0.025;False;ok;2;1;1.191;
258;-15.44263932;28.13524358;0.00625;False;ok;73;1;1.477;
259;-15.43638932;28.13524358;0.003125;False;ok;67;1;1.474;
260;-15.43326432;28.13524358;0.003125;False;ok;16;1;1.224;
261;-15.43638932;28.13836858;0.0015625;False;ok;73;1;1.429;
262;-15.43482682;28.13836858;0.0015625;False;ok;37;1;1.276;
263;-15.43638932;28.13993108;0.0015625;False;ok;35;1;1.147;
264;-15.43482682;28.13993108;0.0015625;False;ok;73;1;1.331;
265;-15.43326432;28.13836858;0.003125;False;ok;75;1;1.421;
266;-15.43638932;28.14149358;0.003125;False;ok;27;1;1.237;
267;-15.43326432;28.14149358;0.003125;False;ok;75;1;1.513;
268;-15.43326432;28.14461858;0.003125;False;ok;59;1;1.221;
269;-15.43013932;28.13524358;0.0125;False;ok;65;1;1.230;
270;-15.44263932;28.14774358;0.0125;False;ok;75;1;1.192;
271;-15.43013932;28.14774358;0.0125;False;ok;75;1;1.311;
272;-15.44263932;28.16024358;0.05;False;ok;2;1;0.955;
273;-14.34263932;28.11024358;0.1;False;ok;51;1;1.204;
274;-14.24263932;28.11024358;0.05;False;ok;72;1;1.084;
275;-14.24263932;28.16024358;0.05;False;ok;75;1;1.294;
276;-14.19263932;28.16024358;0.05;False;ok;56;1;0.907;
277;-14.14263932;28.11024358;0.1;False;ok;73;1;1.093;
278;-14.04263932;28.11024358;0.1;False;ok;28;1;0.883;
279;-16.94263932;28.21024358;0.1;False;ok;20;1;0.978;
280;-16.84263932;28.21024358;0.0125;False;ok;17;1;0.976;
281;-16.83013932;28.21024358;0.0125;False;ok;5;1;1.040;
282;-16.84263932;28.22274358;0.00625;False;ok;72;1;1.305;
283;-16.83638932;28.22274358;0.00625;False;ok;1;1;1.103;
284;-16.84263932;28.22899358;0.003125;False;ok;74;1;1.153;
285;-16.83951432;28.22899358;0.003125;False;ok;38;1;1.011;
286;-16.84263932;28.23211858;0.003125;False;ok;54;1;1.109;
287;-16.83951432;28.23211858;0.003125;False;ok;2;1;0.871;
288;-16.83638932;28.22899358;0.00625;False;ok;37;1;1.000;
289;-16.81763932;28.21024358;0.025;False;ok;6;1;0.806;
290;-16.84263932;28.23524358;0.003125;False;ok;73;1;1.177;
291;-16.84263932;28.23836858;0.003125;False;ok;56;1;1.053;
292;-16.83951432;28.23836858;0.003125;False;ok;25;1;0.907;
293;-16.83638932;28.23524358;0.00625;False;ok;32;1;1.041;
294;-16.84263932;28.24149358;0.00625;False;ok;74;1;1.179;
295;-16.83013932;28.23524358;0.0125;False;ok;7;1;0.842;
296;-16.84263932;28.24774358;0.0125;False;ok;26;1;0.896;
297;-16.83013932;28.24774358;0.0125;False;ok;3;1;0.816;
298;-16.81763932;28.23524358;0.025;False;ok;35;1;0.973;
299;-16.79263932;28.21024358;0.05;False;ok;12;1;0.974;
300;-16.84263932;28.26024358;0.05;False;ok;38;1;1.038;
301;-16.64263932;28.21024358;0.1;False;ok;2;1;0.832;
302;-16.54263932;28.21024358;0.1;False;ok;35;1;0.956;
303;-16.44263932;28.21024358;0.1;False;ok;74;1;1.158;
304;-14.24263932;28.21024358;0.1;False;ok;31;1;1.041;
305;-14.14263932;28.21024358;0.1;False;ok;33;1;0.999;
306;-14.04263932;28.21024358;0.1;False;ok;75;1;1.306;
307;-16.94263932;28.31024358;0.1;False;ok;72;1;1.327;
308;-16.84263932;28.31024358;0.05;False;ok;22;1;1.041;
309;-16.79263932;28.31024358;0.05;False;ok;18;1;0.950;
310;-16.84263932;28.36024358;0.05;False;ok;73;1;1.334;
311;-16.79263932;28.36024358;0.05;False;ok;73;1;1.281;
312;-16.74263932;28.31024358;0.05;False;ok;56;1;1.067;
313;-16.69263932;28.31024358;0.05;False;ok;17;1;1.105;
314;-16.74263932;28.36024358;0.025;False;ok;71;1;1.309;
315;-16.71763932;28.36024358;0.025;False;ok;75;1;1.296;
316;-16.69263932;28.36024358;0.05;False;ok;75;1;1.202;
317;-16.59263932;28.31024358;0.05;False;ok;7;1;1.227;
318;-16.64263932;28.36024358;0.05;False;ok;59;1;1.281;
319;-16.59263932;28.36024358;0.025;False;ok;25;1;1.115;
320;-16.56763932;28.36024358;0.025;False;ok;17;1;1.115;
321;-16.59263932;28.38524358;0.025;False;ok;72;1;1.220;
322;-16.56763932;28.38524358;0.025;False;ok;73;1;1.301;
323;-16.54263932;28.31024358;0.05;False;ok;2;1;0.863;
324;-16.54263932;28.36024358;0.05;False;ok;75;1;1.158;
325;-16.49263932;28.36024358;0.05;False;ok;0;1;1.567;
326;-16.44263932;28.31024358;0.05;False;ok;69;1;1.061;
327;-16.39263932;28.31024358;0.05;False;ok;68;1;1.087;
328;-16.39263932;28.36024358;0.05;False;ok;75;1;1.245;
329;-16.34263932;28.31024358;0.1;False;ok;74;1;1.291;
330;-14.24263932;28.31024358;0.1;False;ok;13;1;1.021;
331;-14.14263932;28.31024358;0.1;False;ok;20;1;1.033;
332;-14.04263932;28.31024358;0.1;False;ok;40;1;1.128;
333;-13.94263932;28.31024358;0.05;False;ok;2;1;0.930;
334;-13.89263932;28.36024358;0.025;False;ok;74;1;1.137;
335;-13.86763932;28.36024358;0.025;False;ok;6;1;1.163;
336;-13.88013932;28.38524358;0.0125;False;ok;74;1;1.293;
337;-13.89263932;28.39774358;0.0125;False;ok;11;1;1.136;
338;-13.88013932;28.39774358;0.0125;False;ok;73;1;1.197;
339;-13.86763932;28.38524358;0.0125;False;ok;37;1;1.268;
340;-13.85513932;28.38524358;0.0125;False;ok;8;1;1.193;
341;-13.86763932;28.39774358;0.00625;False;ok;35;1;1.456;
342;-13.86138932;28.39774358;0.00625;False;ok;75;1;1.365;
343;-13.86138932;28.40399358;0.00625;False;ok;7;1;1.080;
344;-13.85513932;28.39774358;0.0125;False;ok;30;1;1.016;
345;-17.94263932;28.41024358;0.1;False;ok;67;1;1.156;
346;-17.84263932;28.41024358;0.1;False;ok;16;1;1.007;
347;-16.56763932;28.41024358;0.0125;False;ok;75;1;1.149;
348;-16.55513932;28.41024358;0.00625;False;ok;75;1;1.411;
349;-16.54888932;28.41024358;0.00625;False;ok;75;1;1.392;
350;-16.55513932;28.41649358;0.00625;False;ok;72;1;1.313;
351;-16.54888932;28.41649358;0.00625;False;ok;75;1;1.555;
352;-16.54263932;28.41024358;0.025;False;ok;74;1;1.819;
353;-16.51763932;28.41024358;0.025;False;ok;75;1;1.619;
354;-16.51763932;28.43524358;0.025;False;ok;4;1;1.138;
355;-16.49263932;28.41024358;0.05;False;ok;74;1;1.610;
356;-16.49263932;28.46024358;0.05;False;ok;41;1;1.157;
357;-16.44263932;28.41024358;0.05;False;ok;5;1;1.153;
358;-16.39263932;28.41024358;0.05;False;ok;21;1;1.203;
359;-16.44263932;28.46024358;0.05;False;ok;74;1;1.498;
360;-16.39263932;28.46024358;0.05;False;ok;39;1;1.248;
361;-16.34263932;28.41024358;0.05;False;ok;47;1;1.276;
362;-16.29263932;28.41024358;0.05;False;ok;50;1;1.311;
363;-16.34263932;28.46024358;0.05;False;ok;73;1;1.394;
364;-16.29263932;28.46024358;0.025;False;ok;45;1;1.287;
365;-16.26763932;28.46024358;0.0125;False;ok;74;1;1.459;
366;-16.25513932;28.46024358;0.0125;False;ok;75;1;1.653;
367;-16.26763932;28.47274358;0.0125;False;ok;8;1;1.141;
368;-16.25513932;28.47274358;0.0125;False;ok;49;1;1.330;
369;-16.29263932;28.48524358;0.025;False;ok;4;1;1.054;
370;-16.24263932;28.41024358;0.1;False;ok;73;1;1.391;
371;-14.14263932;28.41024358;0.1;False;ok;16;1;1.154;
372;-14.04263932;28.41024358;0.1;False;ok;32;1;1.160;
373;-13.89263932;28.41024358;0.05;False;ok;75;1;1.354;
374;-13.94263932;28.46024358;0.05;False;ok;7;1;1.235;
375;-13.89263932;28.46024358;0.025;False;ok;13;1;1.350;
376;-13.86763932;28.46024358;0.025;False;ok;1;1;1.233;
377;-13.89263932;28.48524358;0.025;False;ok;49;1;1.350;
378;-13.86763932;28.48524358;0.025;False;ok;74;1;1.622;
379;-17.89263932;28.51024358;0.05;False;ok;10;1;1.340;
380;-17.91763932;28.56024358;0.025;False;ok;12;1;1.352;
381;-17.94263932;28.58524358;0.025;False;ok;8;1;1.338;
382;-17.91763932;28.58524358;0.0125;False;ok;74;1;1.477;
383;-17.90513932;28.58524358;0.0125;False;ok;11;1;1.396;
384;-17.91763932;28.59774358;0.0125;False;ok;9;1;1.342;
385;-17.90513932;28.59774358;0.0125;False;ok;17;1;1.289;
386;-17.89263932;28.56024358;0.05;False;ok;25;1;1.282;
387;-17.84263932;28.51024358;0.1;False;ok;63;1;1.161;
388;-16.44263932;28.51024358;0.1;False;ok;75;1;1.406;
389;-16.34263932;28.51024358;0.1;False;ok;72;1;1.366;
390;-16.24263932;28.51024358;0.1;False;ok;72;1;1.234;
391;-14.04263932;28.51024358;0.1;False;ok;50;1;1.066;
392;-13.94263932;28.51024358;0.1;False;ok;35;1;0.919;
393;-13.84263932;28.51024358;0.1;False;ok;54;1;1.027;
394;-18.04263932;28.61024358;0.1;False;ok;74;1;1.235;
395;-17.94263932;28.61024358;0.025;False;ok;4;1;0.978;
396;-17.91763932;28.61024358;0.025;False;ok;16;1;0.921;
397;-17.94263932;28.63524358;0.025;False;ok;70;1;1.176;
398;-17.91763932;28.63524358;0.025;False;ok;73;1;1.331;
399;-17.89263932;28.61024358;0.025;False;ok;6;1;1.022;
400;-17.89263932;28.63524358;0.025;False;ok;72;1;1.168;
401;-17.86763932;28.63524358;0.025;False;ok;23;1;1.030;
402;-17.94263932;28.66024358;0.05;False;ok;74;1;1.361;
403;-17.89263932;28.66024358;0.05;False;ok;6;1;1.067;
404;-17.84263932;28.61024358;0.05;False;ok;4;1;1.189;
405;-17.79263932;28.61024358;0.025;False;ok;37;1;1.238;
406;-17.76763932;28.61024358;0.025;False;ok;10;1;1.191;
407;-17.79263932;28.63524358;0.025;False;ok;58;1;1.212;
408;-17.76763932;28.63524358;0.025;False;ok;74;1;1.294;
409;-17.84263932;28.66024358;0.05;False;ok;1;1;1.157;
410;-17.79263932;28.66024358;0.025;False;ok;45;1;1.278;
411;-17.76763932;28.66024358;0.025;False;ok;73;1;1.370;
412;-17.79263932;28.68524358;0.025;False;ok;16;1;1.316;
413;-17.76763932;28.68524358;0.025;False;ok;75;1;1.357;
414;-14.01763932;28.66024358;0.0125;False;ok;0;1;1.924;
415;-14.01763932;28.67274358;0.0125;False;ok;74;1;1.612;
416;-14.00513932;28.67274358;0.0125;False;ok;7;1;1.115;
417;-14.04263932;28.68524358;0.025;False;ok;1;1;0.976;
418;-14.01763932;28.68524358;0.025;False;ok;74;1;1.341;
419;-13.99263932;28.66024358;0.05;False;ok;45;1;1.075;
420;-13.94263932;28.61024358;0.05;False;ok;75;1;1.278;
421;-13.89263932;28.61024358;0.05;False;ok;1;1;1.052;
422;-13.94263932;28.66024358;0.05;False;ok;74;1;1.419;
423;-13.89263932;28.66024358;0.05;False;ok;74;1;1.547;
424;-13.84263932;28.61024358;0.1;False;ok;2;1;1.142;
425;-18.04263932;28.71024358;0.1;False;ok;71;1;1.325;
426;-17.94263932;28.71024358;0.1;False;ok;18;1;1.240;
427;-17.84263932;28.71024358;0.1;False;ok;63;1;1.462;
428;-17.74263932;28.71024358;0.1;False;ok;4;1;1.191;
429;-14.04263932;28.71024358;0.1;False;ok;72;1;1.307;
430;-13.94263932;28.71024358;0.05;False;ok;4;1;1.012;
431;-13.88013932;28.71024358;0.0125;False;ok;74;1;1.288;
432;-13.89263932;28.72274358;0.0125;False;ok;0;1;1.863;
433;-13.88013932;28.72274358;0.0125;False;ok;74;1;1.517;
434;-13.86763932;28.71024358;0.0125;False;ok;46;1;1.179;
435;-13.86763932;28.72274358;0.00625;False;ok;75;1;1.264;
436;-13.86138932;28.72274358;0.00625;False;ok;74;1;1.297;
437;-13.86763932;28.72899358;0.00625;False;ok;75;1;1.193;
438;-13.86138932;28.72899358;0.00625;False;ok;51;1;1.146;
439;-13.85513932;28.72274358;0.0125;False;ok;18;1;0.995;
440;-13.87388932;28.73524358;0.003125;False;ok;72;1;1.108;
441;-13.87076432;28.73524358;0.003125;False;ok;74;1;1.067;
442;-13.87388932;28.73836858;0.003125;False;ok;23;1;0.983;
443;-13.87076432;28.73836858;0.003125;False;ok;75;1;1.029;
444;-13.87388932;28.74149358;0.00625;False;ok;75;1;1.379;
445;-13.86763932;28.73524358;0.025;False;ok;75;1;1.421;
446;-13.84263932;28.71024358;0.1;False;ok;2;1;1.139;
447;-13.74263932;28.71024358;0.1;False;ok;1;1;1.303;
448;-18.04263932;28.81024358;0.1;False;ok;6;1;1.248;
449;-17.94263932;28.81024358;0.1;False;ok;12;1;1.179;
450;-17.84263932;28.81024358;0.1;False;ok;23;1;1.198;
451;-13.89263932;28.81024358;0.05;False;ok;5;1;1.026;
452;-13.89263932;28.86024358;0.025;False;ok;72;1;1.184;
453;-13.86763932;28.86024358;0.0125;False;ok;73;1;1.361;
454;-13.85513932;28.86024358;0.00625;False;ok;14;1;1.035;
455;-13.84888932;28.86024358;0.00625;False;ok;40;1;1.136;
456;-13.85513932;28.86649358;0.00625;False;ok;5;1;1.373;
457;-13.84888932;28.86649358;0.00625;False;ok;53;1;1.412;
458;-13.85513932;28.87274358;0.0125;False;ok;72;1;1.540;
459;-13.84263932;28.81024358;0.05;False;ok;75;1;1.716;
460;-13.84263932;28.86024358;0.00625;False;ok;28;1;1.479;
461;-13.83638932;28.86024358;0.00625;False;ok;74;1;1.427;
462;-13.84263932;28.86649358;0.00625;False;ok;71;1;1.694;
463;-13.83638932;28.86649358;0.00625;False;ok;22;1;1.387;
464;-13.83013932;28.86024358;0.0125;False;ok;75;1;1.592;
465;-13.84263932;28.87274358;0.0125;False;ok;59;1;1.425;
466;-13.83013932;28.87274358;0.0125;False;ok;75;1;1.532;
467;-13.81763932;28.86024358;0.0125;False;ok;74;1;1.599;
468;-13.80513932;28.86024358;0.00625;False;ok;75;1;1.570;
469;-13.79888932;28.86024358;0.00625;False;ok;57;1;1.453;
470;-13.80513932;28.86649358;0.00625;False;ok;42;1;1.415;
471;-13.74263932;28.81024358;0.1;False;ok;21;1;1.401;
472;-13.84263932;28.91024358;0.1;False;ok;74;1;1.703;
473;-13.71763932;28.91024358;0.025;False;ok;75;1;1.729;
474;-13.74263932;28.93524358;0.025;False;ok;13;1;1.273;
475;-13.71763932;28.93524358;0.025;False;ok;71;1;1.463;
476;-13.69263932;28.91024358;0.0125;False;ok;2;1;1.028;
477;-13.68013932;28.91024358;0.0125;False;ok;73;1;1.240;
478;-13.69263932;28.92274358;0.0125;False;ok;9;1;1.085;
479;-13.68013932;28.92274358;0.00625;False;ok;73;1;1.268;
480;-13.67388932;28.92274358;0.003125;False;ok;44;1;1.151;
481;-13.67076432;28.92274358;0.003125;False;ok;60;1;1.366;
482;-13.67388932;28.92586858;0.003125;False;ok;16;1;1.032;
483;-13.67076432;28.92586858;0.003125;False;ok;8;1;0.940;
484;-13.68013932;28.92899358;0.00625;False;ok;7;1;1.253;
485;-13.67388932;28.92899358;0.00625;False;ok;12;1;1.053;
486;-13.66763932;28.91024358;0.0125;False;ok;75;1;1.400;
487;-13.65513932;28.91649358;0.00625;False;ok;74;1;1.341;
488;-13.64888932;28.91649358;0.00625;False;ok;75;1;1.526;
489;-13.66763932;28.92274358;0.00625;False;ok;75;1;1.629;
490;-13.66138932;28.92274358;0.00625;False;ok;74;1;1.403;
491;-13.66763932;28.92899358;0.00625;False;ok;1;1;1.227;
492;-13.65513932;28.92274358;0.0125;False;ok;74;1;1.357;
493;-13.69263932;28.93524358;0.025;False;ok;56;1;1.366;
494;-13.66763932;28.93524358;0.025;False;ok;72;1;1.326;
495;-13.74263932;28.96024358;0.05;False;ok;17;1;1.375;
496;-13.69263932;28.96024358;0.05;False;ok;75;1;1.582;
497;-13.64263932;28.91024358;0.0125;False;ok;12;1;1.328;
498;-13.64263932;28.92274358;0.0125;False;ok;75;1;1.551;
499;-13.63013932;28.92274358;0.0125;False;ok;40;1;1.260;
500;-13.61763932;28.91024358;0.025;False;ok;15;1;1.149;
501;-13.64263932;28.93524358;0.025;False;ok;45;1;1.196;
502;-13.61763932;28.93524358;0.025;False;ok;75;1;1.316;
503;-13.59263932;28.94774358;0.0125;False;ok;74;1;1.315;
504;-13.58013932;28.94774358;0.0125;False;ok;14;1;1.097;
505;-13.56763932;28.93524358;0.025;False;ok;75;1;1.127;
506;-13.64263932;28.96024358;0.05;False;ok;57;1;1.000;
507;-13.59263932;28.96024358;0.025;False;ok;21;1;0.861;
508;-13.56763932;28.96024358;0.0125;False;ok;30;1;0.908;
509;-13.55513932;28.96024358;0.0125;False;ok;75;1;2.331;
510;-13.56763932;28.97274358;0.0125;False;ok;16;1;1.168;
511;-13.55513932;28.97274358;0.0125;False;ok;8;1;1.126;
512;-13.56763932;28.98524358;0.025;False;ok;4;1;1.187;
513;-13.54263932;28.96024358;0.025;False;ok;9;1;1.431;
514;-13.51763932;28.96024358;0.025;False;ok;5;1;1.767;
515;-13.54263932;28.98524358;0.025;False;ok;14;1;1.705;
516;-13.51763932;28.98524358;0.0125;False;ok;48;1;1.738;
517;-13.50513932;28.98524358;0.0125;False;ok;75;1;2.204;
518;-13.51763932;28.99774358;0.0125;False;ok;17;1;1.787;
519;-13.50513932;28.99774358;0.0125;False;ok;47;1;2.068;
520;-13.49263932;28.98524358;0.0125;False;ok;42;1;2.194;
521;-13.49263932;28.99774358;0.0125;False;ok;75;1;2.488;
522;-13.69263932;29.01024358;0.05;False;ok;63;1;2.192;
523;-13.69263932;29.06024358;0.05;False;ok;75;1;2.444;
524;-13.64263932;29.01024358;0.05;False;ok;41;1;2.071;
525;-13.59263932;29.01024358;0.05;False;ok;73;1;2.282;
526;-13.64263932;29.06024358;0.05;False;ok;16;1;2.408;
527;-13.59263932;29.06024358;0.05;False;ok;22;1;2.158;
528;-13.54263932;29.01024358;0.05;False;ok;14;1;2.342;
529;-13.49263932;29.01024358;0.05;False;ok;7;1;1.970;
530;-13.54263932;29.06024358;0.05;False;ok;18;1;2.006;
531;-13.49263932;29.06024358;0.05;False;ok;75;1;2.092;
532;-13.74263932;29.11024358;0.1;False;ok;0;1;2.347;
533;-13.64263932;29.11024358;0.05;False;ok;21;1;1.732;
534;-13.59263932;29.11024358;0.05;False;ok;75;1;2.334;
535;-13.54263932;29.11024358;0.05;False;ok;33;1;1.775;
536;-13.49263932;29.11024358;0.025;False;ok;15;1;1.697;
537;-13.46763932;29.11024358;0.025;False;ok;75;1;1.717;
538;-13.49263932;29.13524358;0.025;False;ok;9;1;1.449;
539;-13.46763932;29.13524358;0.025;False;ok;75;1;1.585;
540;-13.54263932;29.16024358;0.05;False;ok;3;1;1.258;
541;-13.49263932;29.16024358;0.05;False;ok;11;1;1.289;
542;-13.44263932;29.11024358;0.1;False;ok;0;1;1.879;
543;-13.54263932;29.21024358;0.05;False;ok;74;1;1.270;
544;-13.49263932;29.21024358;0.05;False;ok;43;1;1.263;
545;-13.49263932;29.26024358;0.05;False;ok;4;1;1.094;
546;-8.919748187;41.83647628;0.05;True;ok;2;1;1.164;
547;-8.869748187;41.83647628;0.05;True;ok;1;1;1.461;
548;-8.719748187;41.78647628;0.1;True;ok;0;1;1.309;
549;-8.219748187;41.78647628;0.1;True;ok;2;1;1.152;
550;-8.119748187;41.78647628;0.1;False;ok;13;1;1.536;
551;-8.919748187;41.88647628;0.1;True;ok;73;1;1.213;
552;-8.819748187;41.88647628;0.1;True;ok;8;1;1.087;
553;-8.219748187;41.88647628;0.1;False;ok;2;1;0.830;
554;-8.119748187;41.88647628;0.1;False;ok;26;1;0.939;
555;-8.019748187;41.88647628;0.1;False;ok;8;1;1.015;
556;-7.919748187;41.88647628;0.1;True;ok;0;1;0.918;
557;-7.519748187;41.88647628;0.1;False;ok;13;1;1.018;
558;-8.919748187;41.98647628;0.1;False;ok;52;1;1.088;
559;-8.819748187;41.98647628;0.1;False;ok;22;1;1.105;
560;-8.719748187;41.98647628;0.1;True;ok;42;1;1.461;
561;-8.619748187;41.98647628;0.1;True;ok;6;1;1.312;
562;-7.919748187;41.98647628;0.1;False;ok;2;1;1.102;
563;-7.819748187;41.98647628;0.1;False;ok;5;1;1.108;
564;-7.519748187;41.98647628;0.1;False;ok;4;1;1.014;
565;-7.419748187;41.98647628;0.1;False;ok;2;1;1.024;
566;-7.219748187;41.98647628;0.1;False;ok;3;1;1.176;
567;-7.119748187;41.98647628;0.1;False;ok;3;1;0.972;
568;-7.019748187;41.98647628;0.1;False;ok;0;1;1.699;
569;-6.919748187;41.98647628;0.1;False;ok;11;1;0.994;
570;-6.819748187;41.98647628;0.1;False;ok;2;1;0.915;
571;-6.719748187;41.98647628;0.1;False;ok;43;1;0.967;
572;-8.919748187;42.08647628;0.1;False;ok;74;1;1.246;
573;-8.819748187;42.08647628;0.1;False;ok;74;1;1.305;
574;-8.719748187;42.08647628;0.1;False;ok;61;1;1.117;
575;-8.619748187;42.08647628;0.1;False;ok;44;1;1.177;
576;-8.519748187;42.08647628;0.1;False;ok;32;1;1.067;
577;-8.419748187;42.08647628;0.1;False;ok;5;1;0.917;
578;-8.319748187;42.08647628;0.1;True;ok;17;1;0.994;
579;-8.219748187;42.08647628;0.1;True;ok;9;1;0.902;
580;-8.119748187;42.08647628;0.1;False;ok;2;1;0.850;
581;-8.019748187;42.08647628;0.1;False;ok;16;1;0.967;
582;-7.919748187;42.08647628;0.1;False;ok;10;1;0.873;
583;-7.819748187;42.08647628;0.1;False;ok;7;1;0.941;
584;-7.619748187;42.08647628;0.1;False;ok;1;1;1.000;
585;-7.219748187;42.08647628;0.1;False;ok;2;1;0.973;
586;-7.119748187;42.08647628;0.1;False;ok;0;1;1.759;
587;-6.819748187;42.08647628;0.1;False;ok;4;1;1.185;
588;-6.719748187;42.08647628;0.1;False;ok;40;1;1.135;
589;-8.919748187;42.18647628;0.1;False;ok;38;1;1.106;
590;-8.819748187;42.18647628;0.05;False;ok;62;1;1.129;
591;-8.769748187;42.18647628;0.05;False;ok;75;1;1.210;
592;-8.819748187;42.23647628;0.05;False;ok;73;1;1.192;
593;-8.769748187;42.23647628;0.05;False;ok;73;1;1.287;
594;-8.719748187;42.18647628;0.05;False;ok;74;1;1.322;
595;-8.669748187;42.18647628;0.05;False;ok;8;1;0.999;
596;-8.719748187;42.23647628;0.05;False;ok;73;1;1.451;
597;-8.669748187;42.23647628;0.05;False;ok;8;1;1.216;
598;-8.619748187;42.18647628;0.1;False;ok;73;1;1.554;
599;-8.519748187;42.18647628;0.1;False;ok;42;1;1.363;
600;-8.419748187;42.18647628;0.1;False;ok;17;1;1.527;
601;-8.319748187;42.18647628;0.1;False;ok;13;1;1.414;
602;-8.219748187;42.18647628;0.1;False;ok;22;1;1.412;
603;-8.119748187;42.18647628;0.1;False;ok;3;1;1.978;
604;-7.919748187;42.18647628;0.1;False;ok;19;1;1.311;
605;-7.819748187;42.18647628;0.1;False;ok;48;1;1.413;
606;-7.719748187;42.18647628;0.1;False;ok;6;1;1.186;
607;-7.619748187;42.18647628;0.1;False;ok;2;1;1.107;
608;-7.419748187;42.18647628;0.1;False;ok;0;1;1.828;
609;-7.319748187;42.18647628;0.1;False;ok;6;1;1.097;
610;-7.119748187;42.18647628;0.1;False;ok;2;1;0.914;
611;-8.919748187;42.28647628;0.1;False;ok;12;1;0.857;
612;-8.819748187;42.28647628;0.1;False;ok;75;1;1.123;
613;-8.719748187;42.28647628;0.1;False;ok;59;1;1.183;
614;-8.619748187;42.28647628;0.1;False;ok;74;1;1.185;
615;-8.519748187;42.28647628;0.1;False;ok;6;1;0.985;
616;-8.319748187;42.28647628;0.1;False;ok;1;1;1.174;
617;-8.219748187;42.28647628;0.1;False;ok;31;1;1.001;
618;-8.119748187;42.28647628;0.1;False;ok;22;1;0.953;
619;-8.019748187;42.28647628;0.1;False;ok;7;1;0.908;
620;-7.919748187;42.28647628;0.05;False;ok;5;1;0.916;
621;-7.869748187;42.28647628;0.05;False;ok;57;1;1.194;
622;-7.919748187;42.33647628;0.05;False;ok;29;1;1.181;
623;-7.869748187;42.33647628;0.05;False;ok;75;1;1.316;
624;-7.819748187;42.28647628;0.1;False;ok;35;1;1.287;
625;-7.719748187;42.28647628;0.1;False;ok;11;1;1.278;
626;-7.619748187;42.28647628;0.1;False;ok;26;1;1.347;
627;-7.519748187;42.28647628;0.1;False;ok;19;1;1.293;
628;-7.419748187;42.28647628;0.1;False;ok;13;1;1.211;
629;-7.319748187;42.28647628;0.1;False;ok;10;1;1.146;
630;-7.219748187;42.28647628;0.1;False;ok;7;1;0.912;
631;-6.819748187;42.28647628;0.1;False;ok;3;1;0.966;
632;-9.019748187;42.38647628;0.1;False;ok;45;1;0.997;
633;-8.919748187;42.38647628;0.05;False;ok;32;1;1.016;
634;-8.869748187;42.38647628;0.025;False;ok;46;1;1.330;
635;-8.844748187;42.38647628;0.0125;False;ok;29;1;1.382;
636;-8.832248187;42.38647628;0.0125;False;ok;74;1;1.468;
637;-8.844748187;42.39897628;0.0125;False;ok;14;1;1.217;
638;-8.832248187;42.39897628;0.0125;False;ok;30;1;1.132;
639;-8.869748187;42.41147628;0.025;False;ok;47;1;1.304;
640;-8.844748187;42.41147628;0.025;False;ok;17;1;1.272;
641;-8.919748187;42.43647628;0.05;False;ok;61;1;1.034;
642;-8.869748187;42.43647628;0.05;False;ok;75;1;1.210;
643;-8.819748187;42.39897628;0.0125;False;ok;74;1;1.153;
644;-8.807248187;42.39897628;0.0125;False;ok;74;1;1.131;
645;-8.794748187;42.38647628;0.025;False;ok;55;1;1.378;
646;-8.819748187;42.41147628;0.025;False;ok;21;1;1.251;
647;-8.769748187;42.38647628;0.05;False;ok;75;1;1.448;
648;-8.819748187;42.43647628;0.05;False;ok;52;1;1.447;
649;-8.769748187;42.43647628;0.05;False;ok;17;1;1.415;
650;-8.719748187;42.38647628;0.05;False;ok;75;1;1.535;
651;-8.669748187;42.41147628;0.025;False;ok;67;1;1.452;
652;-8.644748187;42.41147628;0.025;False;ok;72;1;1.390;
653;-8.719748187;42.43647628;0.05;False;ok;51;1;1.324;
654;-8.669748187;42.43647628;0.05;False;ok;21;1;1.006;
655;-8.619748187;42.38647628;0.1;False;ok;20;1;0.976;
656;-8.519748187;42.38647628;0.1;False;ok;15;1;1.030;
657;-8.419748187;42.38647628;0.1;False;ok;4;1;0.857;
658;-8.319748187;42.38647628;0.1;False;ok;2;1;1.080;
659;-8.219748187;42.38647628;0.1;False;ok;7;1;0.986;
660;-8.119748187;42.38647628;0.1;False;ok;24;1;1.084;
661;-8.019748187;42.38647628;0.1;False;ok;11;1;1.040;
662;-7.919748187;42.38647628;0.1;False;ok;14;1;0.997;
663;-7.819748187;42.38647628;0.1;False;ok;21;1;0.935;
664;-7.719748187;42.38647628;0.1;False;ok;20;1;0.885;
665;-7.619748187;42.38647628;0.1;False;ok;35;1;0.923;
666;-7.519748187;42.38647628;0.1;False;ok;34;1;0.995;
667;-7.419748187;42.38647628;0.1;False;ok;2;1;1.654;
668;-7.319748187;42.38647628;0.1;False;ok;14;1;1.632;
669;-7.219748187;42.38647628;0.1;False;ok;2;1;1.821;
670;-7.119748187;42.38647628;0.1;False;ok;11;1;1.666;
671;-7.019748187;42.38647628;0.1;False;ok;19;1;1.665;
672;-6.919748187;42.38647628;0.1;False;ok;5;1;1.715;
673;-6.819748187;42.38647628;0.1;False;ok;14;1;1.886;
674;-9.119748187;42.48647628;0.1;False;ok;20;1;1.880;
675;-9.019748187;42.48647628;0.1;False;ok;75;1;1.974;
676;-8.919748187;42.48647628;0.05;False;ok;52;1;1.928;
677;-8.869748187;42.48647628;0.05;False;ok;72;1;2.040;
678;-8.919748187;42.53647628;0.05;False;ok;22;1;1.911;
679;-8.869748187;42.53647628;0.05;False;ok;73;1;2.076;
680;-8.819748187;42.48647628;0.1;False;ok;75;1;2.067;
681;-8.719748187;42.48647628;0.1;False;ok;47;1;1.915;
682;-8.619748187;42.48647628;0.1;False;ok;15;1;1.733;
683;-8.519748187;42.48647628;0.1;False;ok;9;1;1.820;
684;-8.419748187;42.48647628;0.1;False;ok;9;1;1.871;
685;-8.319748187;42.48647628;0.1;False;ok;6;1;1.540;
686;-8.219748187;42.48647628;0.1;False;ok;1;1;1.360;
687;-8.119748187;42.48647628;0.1;False;ok;6;1;0.935;
688;-8.019748187;42.48647628;0.1;False;ok;5;1;0.848;
689;-7.919748187;42.48647628;0.1;False;ok;3;1;0.902;
690;-7.819748187;42.48647628;0.1;False;ok;10;1;0.935;
691;-7.719748187;42.48647628;0.1;False;ok;29;1;1.226;
692;-7.619748187;42.48647628;0.1;False;ok;23;1;1.171;
693;-7.519748187;42.48647628;0.1;False;ok;72;1;2.180;
694;-7.419748187;42.48647628;0.1;False;ok;7;1;0.956;
695;-7.219748187;42.48647628;0.1;False;ok;1;1;0.902;
696;-7.119748187;42.48647628;0.1;False;ok;3;1;0.879;
697;-6.919748187;42.48647628;0.1;False;ok;3;1;1.055;
698;-6.819748187;42.48647628;0.1;False;ok;24;1;1.031;
699;-6.719748187;42.48647628;0.1;False;ok;26;1;1.093;
700;-9.119748187;42.58647628;0.1;False;ok;21;1;1.252;
701;-9.019748187;42.58647628;0.1;False;ok;53;1;1.299;
702;-8.919748187;42.58647628;0.1;False;ok;75;1;1.497;
703;-8.819748187;42.58647628;0.1;False;ok;75;1;1.576;
704;-8.719748187;42.58647628;0.1;False;ok;74;1;1.379;
705;-8.619748187;42.58647628;0.1;False;ok;25;1;1.304;
706;-8.519748187;42.58647628;0.1;False;ok;7;1;1.378;
707;-8.419748187;42.58647628;0.1;False;ok;4;1;1.213;
708;-8.319748187;42.58647628;0.1;False;ok;3;1;1.167;
709;-8.219748187;42.58647628;0.1;False;ok;10;1;1.176;
710;-8.119748187;42.58647628;0.1;False;ok;11;1;1.123;
711;-8.019748187;42.58647628;0.1;False;ok;2;1;1.072;
712;-7.919748187;42.58647628;0.1;False;ok;4;1;1.022;
713;-7.819748187;42.58647628;0.1;False;ok;46;1;1.487;
714;-7.719748187;42.58647628;0.1;False;ok;7;1;0.997;
715;-7.519748187;42.58647628;0.1;False;ok;5;1;1.020;
716;-7.419748187;42.58647628;0.1;False;ok;5;1;0.831;
717;-7.319748187;42.58647628;0.1;False;ok;8;1;0.920;
718;-7.219748187;42.58647628;0.1;False;ok;6;1;0.857;
719;-7.019748187;42.58647628;0.1;False;ok;15;1;0.821;
720;-6.919748187;42.58647628;0.1;False;ok;6;1;0.762;
721;-6.819748187;42.58647628;0.1;False;ok;31;1;1.013;
722;-6.719748187;42.58647628;0.1;False;ok;8;1;0.858;
723;-9.219748187;42.68647628;0.1;False;ok;4;1;0.930;
724;-9.119748187;42.68647628;0.1;False;ok;74;1;1.232;
725;-9.019748187;42.68647628;0.1;False;ok;71;1;1.453;
726;-8.919748187;42.68647628;0.1;False;ok;54;1;1.344;
727;-8.819748187;42.68647628;0.1;False;ok;9;1;1.100;
728;-8.719748187;42.68647628;0.1;False;ok;75;1;1.519;
729;-8.619748187;42.68647628;0.1;False;ok;11;1;1.334;
730;-8.519748187;42.68647628;0.1;False;ok;30;1;1.287;
731;-8.419748187;42.68647628;0.1;False;ok;14;1;1.395;
732;-8.319748187;42.68647628;0.1;False;ok;29;1;1.422;
733;-8.219748187;42.68647628;0.1;False;ok;5;1;1.422;
734;-7.919748187;42.68647628;0.1;False;ok;3;1;1.371;
735;-7.819748187;42.68647628;0.1;False;ok;5;1;1.368;
736;-7.619748187;42.68647628;0.1;False;ok;5;1;1.324;
737;-7.519748187;42.68647628;0.1;False;ok;10;1;1.390;
738;-7.419748187;42.68647628;0.1;False;ok;75;1;1.590;
739;-7.319748187;42.68647628;0.1;False;ok;22;1;1.389;
740;-7.219748187;42.68647628;0.1;False;ok;8;1;1.229;
741;-7.119748187;42.68647628;0.1;False;ok;9;1;1.125;
742;-7.019748187;42.68647628;0.1;False;ok;2;1;1.132;
743;-6.719748187;42.68647628;0.1;False;ok;27;1;1.150;
744;-9.319748187;42.78647628;0.1;False;ok;1;1;0.816;
745;-9.219748187;42.78647628;0.1;False;ok;40;1;0.959;
746;-9.119748187;42.78647628;0.1;False;ok;55;1;1.051;
747;-9.019748187;42.78647628;0.1;False;ok;47;1;1.151;
748;-8.919748187;42.78647628;0.1;False;ok;36;1;1.106;
749;-8.819748187;42.78647628;0.1;False;ok;5;1;0.987;
750;-8.719748187;42.78647628;0.1;False;ok;45;1;1.232;
751;-8.619748187;42.78647628;0.05;False;ok;15;1;1.075;
752;-8.569748187;42.78647628;0.05;False;ok;10;1;1.058;
753;-8.619748187;42.83647628;0.05;False;ok;51;1;1.394;
754;-8.569748187;42.83647628;0.025;False;ok;1;1;1.187;
755;-8.569748187;42.86147628;0.0125;False;ok;7;1;1.246;
756;-8.557248187;42.86147628;0.0125;False;ok;46;1;1.278;
757;-8.569748187;42.87397628;0.0125;False;ok;4;1;1.278;
758;-8.557248187;42.87397628;0.0125;False;ok;74;1;1.410;
759;-8.544748187;42.86147628;0.0125;False;ok;6;1;1.386;
760;-8.532248187;42.86147628;0.0125;False;ok;1;1;1.288;
761;-8.544748187;42.87397628;0.00625;False;ok;51;1;1.411;
762;-8.538498187;42.87397628;0.00625;False;ok;3;1;1.285;
763;-8.544748187;42.88022628;0.00625;False;ok;50;1;1.430;
764;-8.538498187;42.88022628;0.00625;False;ok;22;1;1.246;
765;-8.532248187;42.87397628;0.0125;False;ok;7;1;1.308;
766;-8.519748187;42.78647628;0.1;False;ok;19;1;1.162;
767;-8.419748187;42.78647628;0.1;False;ok;17;1;1.040;
768;-8.319748187;42.78647628;0.1;False;ok;5;1;1.046;
769;-8.219748187;42.78647628;0.1;False;ok;9;1;1.031;
770;-8.119748187;42.78647628;0.1;False;ok;5;1;0.892;
771;-8.019748187;42.78647628;0.1;False;ok;10;1;1.026;
772;-7.919748187;42.78647628;0.1;False;ok;63;1;1.236;
773;-7.819748187;42.78647628;0.1;False;ok;8;1;0.986;
774;-7.719748187;42.78647628;0.1;False;ok;4;1;0.948;
775;-7.619748187;42.78647628;0.1;False;ok;53;1;0.925;
776;-7.519748187;42.78647628;0.1;False;ok;3;1;0.929;
777;-7.419748187;42.78647628;0.1;False;ok;1;1;0.942;
778;-7.319748187;42.78647628;0.1;False;ok;1;1;0.926;
779;-7.219748187;42.78647628;0.1;False;ok;4;1;0.871;
780;-7.119748187;42.78647628;0.1;False;ok;3;1;0.859;
781;-6.919748187;42.78647628;0.1;False;ok;5;1;0.924;
782;-6.819748187;42.78647628;0.1;False;ok;4;1;1.073;
783;-6.719748187;42.78647628;0.1;False;ok;0;1;1.858;
784;-9.319748187;42.88647628;0.05;False;ok;3;1;1.045;
785;-9.269748187;42.88647628;0.025;False;ok;73;1;1.521;
786;-9.269748187;42.91147628;0.025;False;ok;73;1;1.598;
787;-9.269748187;42.93647628;0.05;False;ok;32;1;1.420;
788;-9.219748187;42.88647628;0.05;False;ok;19;1;1.359;
789;-9.169748187;42.88647628;0.05;False;ok;60;1;1.515;
790;-9.219748187;42.93647628;0.05;False;ok;74;1;1.542;
791;-9.169748187;42.93647628;0.05;False;ok;0;1;2.022;
792;-9.119748187;42.88647628;0.1;False;ok;12;1;1.277;
793;-9.019748187;42.88647628;0.1;False;ok;22;1;1.287;
794;-8.919748187;42.88647628;0.1;False;ok;6;1;1.516;
795;-8.819748187;42.88647628;0.1;False;ok;38;1;1.504;
796;-8.719748187;42.88647628;0.1;False;ok;9;1;1.443;
797;-8.619748187;42.88647628;0.1;False;ok;61;1;1.520;
798;-8.519748187;42.88647628;0.1;False;ok;48;1;1.413;
799;-8.419748187;42.88647628;0.1;False;ok;66;1;1.511;
800;-8.319748187;42.88647628;0.1;False;ok;18;1;1.450;
801;-8.219748187;42.88647628;0.1;False;ok;75;1;1.462;
802;-8.119748187;42.88647628;0.1;False;ok;25;1;1.313;
803;-8.019748187;42.88647628;0.1;False;ok;66;1;1.216;
804;-7.919748187;42.88647628;0.1;False;ok;8;1;1.058;
805;-7.819748187;42.88647628;0.1;False;ok;10;1;1.192;
806;-7.719748187;42.88647628;0.1;False;ok;3;1;1.102;
807;-7.619748187;42.88647628;0.1;False;ok;6;1;1.503;
808;-7.519748187;42.88647628;0.1;False;ok;2;1;1.353;
809;-7.419748187;42.88647628;0.1;False;ok;2;1;1.527;
810;-7.319748187;42.88647628;0.1;False;ok;5;1;1.579;
811;-7.219748187;42.88647628;0.1;False;ok;2;1;1.498;
812;-7.019748187;42.88647628;0.1;False;ok;5;1;1.474;
813;-9.319748187;42.98647628;0.1;False;ok;36;1;1.556;
814;-9.219748187;42.98647628;0.1;False;ok;47;1;1.722;
815;-9.119748187;42.98647628;0.1;False;ok;6;1;1.542;
816;-9.019748187;42.98647628;0.1;False;ok;9;1;1.545;
817;-8.919748187;42.98647628;0.1;False;ok;3;1;1.531;
818;-8.819748187;42.98647628;0.1;False;ok;4;1;1.498;
819;-8.519748187;42.98647628;0.1;False;ok;3;1;1.469;
820;-8.419748187;42.98647628;0.1;False;ok;7;1;1.681;
821;-8.319748187;42.98647628;0.1;False;ok;3;1;1.635;
822;-8.219748187;42.98647628;0.1;False;ok;11;1;1.630;
823;-8.119748187;42.98647628;0.1;False;ok;11;1;1.671;
824;-8.019748187;42.98647628;0.1;False;ok;0;1;2.225;
825;-7.919748187;42.98647628;0.1;False;ok;2;1;1.413;
826;-7.719748187;42.98647628;0.1;False;ok;2;1;1.328;
827;-7.619748187;42.98647628;0.1;False;ok;73;1;1.236;
828;-7.519748187;42.98647628;0.1;False;ok;2;1;1.025;
829;-7.319748187;42.98647628;0.1;False;ok;6;1;1.068;
830;-7.019748187;42.98647628;0.1;False;ok;2;1;1.139;
831;-6.919748187;42.98647628;0.1;False;ok;5;1;1.131;
832;-6.719748187;42.98647628;0.1;False;ok;8;1;1.062;
833;-9.219748187;43.08647628;0.1;False;ok;75;1;1.204;
834;-9.119748187;43.08647628;0.1;False;ok;62;1;1.085;
835;-9.019748187;43.08647628;0.1;False;ok;20;1;1.334;
836;-8.919748187;43.08647628;0.1;False;ok;7;1;1.262;
837;-8.819748187;43.08647628;0.1;False;ok;0;1;1.878;
838;-8.719748187;43.08647628;0.1;False;ok;3;1;1.368;
839;-8.419748187;43.08647628;0.1;False;ok;14;1;1.186;
840;-8.219748187;43.08647628;0.1;False;ok;2;1;1.210;
841;-8.119748187;43.08647628;0.1;False;ok;5;1;1.353;
842;-8.019748187;43.08647628;0.1;False;ok;2;1;1.164;
843;-7.919748187;43.08647628;0.1;False;ok;9;1;1.269;
844;-7.819748187;43.08647628;0.1;False;ok;5;1;1.297;
845;-7.719748187;43.08647628;0.1;False;ok;3;1;1.332;
846;-7.619748187;43.08647628;0.1;False;ok;13;1;1.215;
847;-7.419748187;43.08647628;0.1;False;ok;2;1;1.240;
848;-7.219748187;43.08647628;0.1;False;ok;1;1;1.238;
849;-7.119748187;43.08647628;0.1;False;ok;10;1;1.165;
850;-6.919748187;43.08647628;0.1;False;ok;1;1;1.146;
851;-6.819748187;43.08647628;0.1;False;ok;1;1;1.228;
852;-6.719748187;43.08647628;0.1;False;ok;1;1;1.050;
853;-9.019748187;43.18647628;0.1;False;ok;75;1;1.498;
854;-8.919748187;43.18647628;0.1;False;ok;53;1;1.177;
855;-8.819748187;43.18647628;0.1;False;ok;29;1;1.035;
856;-8.719748187;43.18647628;0.1;False;ok;35;1;1.117;
857;-8.619748187;43.18647628;0.1;False;ok;3;1;0.947;
858;-8.419748187;43.18647628;0.1;False;ok;7;1;1.004;
859;-8.319748187;43.18647628;0.1;False;ok;15;1;1.011;
860;-8.219748187;43.18647628;0.1;False;ok;40;1;1.031;
861;-8.119748187;43.18647628;0.1;False;ok;3;1;1.038;
862;-7.719748187;43.18647628;0.1;False;ok;1;1;1.061;
863;-7.619748187;43.18647628;0.1;False;ok;5;1;1.051;
864;-7.519748187;43.18647628;0.1;False;ok;1;1;1.205;
865;-7.419748187;43.18647628;0.1;False;ok;2;1;1.082;
866;-7.319748187;43.18647628;0.1;False;ok;4;1;1.371;
867;-7.219748187;43.18647628;0.1;False;ok;2;1;1.362;
868;-7.119748187;43.18647628;0.1;False;ok;13;1;1.386;
869;-7.019748187;43.18647628;0.1;False;ok;10;1;2.407;
870;-6.919748187;43.18647628;0.1;False;ok;4;1;1.470;
871;-6.819748187;43.18647628;0.1;False;ok;2;1;1.237;
872;-8.919748187;43.28647628;0.1;False;ok;25;1;1.377;
873;-8.819748187;43.28647628;0.1;False;ok;75;1;1.534;
874;-8.719748187;43.28647628;0.1;False;ok;22;1;1.415;
875;-8.619748187;43.28647628;0.1;False;ok;17;1;1.308;
876;-8.519748187;43.28647628;0.1;False;ok;29;1;1.359;
877;-8.419748187;43.28647628;0.05;False;ok;15;1;1.203;
878;-8.369748187;43.28647628;0.05;False;ok;9;1;1.489;
879;-8.419748187;43.33647628;0.025;False;ok;52;1;1.517;
880;-8.394748187;43.33647628;0.025;False;ok;10;1;1.285;
881;-8.419748187;43.36147628;0.0125;False;ok;22;1;1.329;
882;-8.407248187;43.36147628;0.0125;False;ok;67;1;1.407;
883;-8.419748187;43.37397628;0.0125;False;ok;3;1;1.135;
884;-8.407248187;43.37397628;0.0125;False;ok;35;1;1.242;
885;-8.394748187;43.36147628;0.025;False;ok;10;1;1.150;
886;-8.369748187;43.33647628;0.05;False;ok;15;1;1.255;
887;-8.319748187;43.28647628;0.1;False;ok;50;1;1.244;
888;-8.219748187;43.28647628;0.1;False;ok;71;1;1.462;
889;-8.119748187;43.28647628;0.1;False;ok;6;1;1.157;
890;-8.019748187;43.28647628;0.1;False;ok;4;1;1.049;
891;-7.919748187;43.28647628;0.1;False;ok;2;1;1.000;
892;-7.819748187;43.28647628;0.1;False;ok;2;1;1.218;
893;-7.719748187;43.28647628;0.1;False;ok;18;1;1.202;
894;-7.619748187;43.28647628;0.1;False;ok;0;1;2.251;
895;-7.519748187;43.28647628;0.1;False;ok;3;1;1.077;
896;-7.319748187;43.28647628;0.1;False;ok;5;1;1.136;
897;-7.219748187;43.28647628;0.1;False;ok;21;1;1.439;
898;-7.119748187;43.28647628;0.1;False;ok;14;1;1.358;
899;-7.019748187;43.28647628;0.1;False;ok;2;1;1.177;
900;-6.919748187;43.28647628;0.1;False;ok;2;1;1.203;
901;-6.819748187;43.28647628;0.1;False;ok;1;1;1.232;
902;-8.419748187;43.38647628;0.1;False;ok;6;1;1.120;
903;-8.319748187;43.38647628;0.1;False;ok;71;1;1.458;
904;-8.219748187;43.38647628;0.1;False;ok;72;1;3.008;
905;-8.119748187;43.38647628;0.1;False;ok;6;1;1.269;
906;-7.919748187;43.38647628;0.1;False;ok;4;1;1.123;
907;-7.819748187;43.38647628;0.1;False;ok;4;1;1.167;
908;-7.519748187;43.38647628;0.1;False;ok;1;1;1.098;
909;-7.419748187;43.38647628;0.1;False;ok;16;1;2.643;
910;-7.319748187;43.38647628;0.1;False;ok;13;1;1.195;
911;-7.219748187;43.38647628;0.1;False;ok;10;1;1.089;
912;-7.119748187;43.38647628;0.1;False;ok;32;1;1.023;
913;-7.019748187;43.38647628;0.1;False;ok;3;1;0.956;
914;-6.919748187;43.38647628;0.1;False;ok;4;1;1.015;
915;-6.819748187;43.38647628;0.1;False;ok;10;1;1.012;
916;-6.719748187;43.38647628;0.1;False;ok;5;1;0.822;
917;-8.319748187;43.48647628;0.1;False;ok;38;1;0.951;
918;-8.219748187;43.48647628;0.1;False;ok;42;1;0.978;
919;-8.119748187;43.48647628;0.1;False;ok;6;1;0.925;
920;-8.019748187;43.48647628;0.1;False;ok;3;1;0.849;
921;-7.919748187;43.48647628;0.1;False;ok;1;1;0.864;
922;-7.719748187;43.48647628;0.1;False;ok;2;1;1.086;
923;-7.619748187;43.48647628;0.1;False;ok;2;1;1.165;
924;-7.519748187;43.48647628;0.1;False;ok;9;1;1.142;
925;-7.419748187;43.48647628;0.1;False;ok;9;1;1.105;
926;-7.319748187;43.48647628;0.05;False;ok;4;1;1.084;
927;-7.319748187;43.53647628;0.05;False;ok;11;1;1.209;
928;-7.269748187;43.53647628;0.025;False;ok;5;1;1.363;
929;-7.244748187;43.53647628;0.025;False;ok;32;1;1.396;
930;-7.269748187;43.56147628;0.025;False;ok;74;1;1.527;
931;-7.244748187;43.56147628;0.025;False;ok;41;1;1.331;
932;-7.219748187;43.48647628;0.1;False;ok;75;1;1.854;
933;-7.119748187;43.48647628;0.05;False;ok;6;1;1.386;
934;-7.069748187;43.48647628;0.05;False;ok;42;1;1.696;
935;-7.119748187;43.53647628;0.05;False;ok;24;1;1.548;
936;-7.069748187;43.53647628;0.05;False;ok;75;1;1.774;
937;-7.019748187;43.48647628;0.1;False;ok;66;1;1.416;
938;-6.919748187;43.48647628;0.1;False;ok;26;1;1.414;
939;-6.819748187;43.48647628;0.1;False;ok;26;1;1.468;
940;-6.719748187;43.48647628;0.1;False;ok;37;1;1.328;
941;-8.219748187;43.58647628;0.1;False;ok;23;1;1.141;
942;-8.119748187;43.58647628;0.1;False;ok;74;1;1.405;
943;-8.019748187;43.58647628;0.1;False;ok;13;1;1.230;
944;-7.919748187;43.58647628;0.1;False;ok;20;1;1.251;
945;-7.819748187;43.58647628;0.1;False;ok;6;1;1.064;
946;-7.719748187;43.58647628;0.1;False;ok;2;1;0.971;
947;-7.619748187;43.58647628;0.1;False;ok;75;1;1.245;
948;-7.519748187;43.58647628;0.1;False;ok;19;1;1.088;
949;-7.419748187;43.58647628;0.1;False;ok;75;1;1.184;
950;-7.319748187;43.58647628;0.1;False;ok;12;1;1.173;
951;-8.119748187;43.68647628;0.1;False;ok;4;1;0.867;
952;-8.019748187;43.68647628;0.1;False;ok;4;1;0.883;
953;-7.919748187;43.68647628;0.1;False;ok;42;1;0.992;
954;-7.819748187;43.68647628;0.1;False;ok;68;1;1.154;
955;-7.719748187;43.68647628;0.1;False;ok;73;1;1.394;
956;-7.619748187;43.68647628;0.1;False;ok;19;1;2.567;
957;-7.519748187;43.68647628;0.1;False;ok;35;1;1.365;
958;-6.588522601;41.68647628;0.1;True;ok;0;1;1.278;
959;-6.488522601;41.68647628;0.1;False;ok;1;1;1.271;
960;-6.388522601;41.68647628;0.1;False;ok;6;1;1.231;
961;-5.788522601;41.68647628;0.1;False;ok;3;1;1.365;
962;-5.288522601;41.68647628;0.1;False;ok;8;1;1.348;
963;-5.188522601;41.68647628;0.1;False;ok;2;1;1.422;
964;-4.988522601;41.68647628;0.1;False;ok;1;1;1.344;
965;-4.888522601;41.68647628;0.1;False;ok;3;1;1.368;
966;-4.788522601;41.68647628;0.1;False;ok;2;1;1.542;
967;-4.688522601;41.68647628;0.1;False;ok;1;1;1.493;
968;-4.288522601;41.68647628;0.1;False;ok;1;1;1.498;
969;-4.088522601;41.68647628;0.1;False;ok;2;1;1.472;
970;-3.988522601;41.68647628;0.1;False;ok;8;1;1.455;
971;-3.888522601;41.68647628;0.1;False;ok;2;1;1.410;
972;-3.788522601;41.68647628;0.1;False;ok;4;1;1.369;
973;-3.688522601;41.68647628;0.1;False;ok;3;1;1.236;
974;-3.588522601;41.68647628;0.1;False;ok;4;1;1.063;
975;-3.488522601;41.68647628;0.1;False;ok;3;1;2.850;
976;-3.288522601;41.68647628;0.1;False;ok;1;1;1.036;
977;-3.088522601;41.68647628;0.1;False;ok;13;1;0.962;
978;-2.988522601;41.68647628;0.1;False;ok;4;1;1.079;
979;-2.888522601;41.68647628;0.1;False;ok;7;1;1.169;
980;-2.788522601;41.68647628;0.1;False;ok;2;1;1.100;
981;-2.588522601;41.68647628;0.1;False;ok;12;1;1.165;
982;-6.388522601;41.78647628;0.1;False;ok;1;1;1.152;
983;-6.188522601;41.78647628;0.1;False;ok;1;1;1.021;
984;-5.988522601;41.78647628;0.1;False;ok;4;1;1.077;
985;-5.788522601;41.78647628;0.1;False;ok;2;1;0.981;
986;-5.488522601;41.78647628;0.1;False;ok;6;1;0.914;
987;-5.388522601;41.78647628;0.1;False;ok;1;1;1.150;
988;-5.088522601;41.78647628;0.1;False;ok;5;1;1.281;
989;-4.688522601;41.78647628;0.1;False;ok;2;1;1.269;
990;-4.588522601;41.78647628;0.1;False;ok;7;1;1.106;
991;-3.788522601;41.78647628;0.1;False;ok;0;1;2.118;
992;-3.588522601;41.78647628;0.1;False;ok;7;1;1.479;
993;-3.488522601;41.78647628;0.1;False;ok;2;1;1.400;
994;-3.388522601;41.78647628;0.1;False;ok;4;1;1.387;
995;-3.288522601;41.78647628;0.1;False;ok;3;1;1.235;
996;-3.188522601;41.78647628;0.1;False;ok;6;1;1.431;
997;-3.088522601;41.78647628;0.1;False;ok;29;1;1.296;
998;-2.888522601;41.78647628;0.1;False;ok;1;1;1.266;
999;-2.788522601;41.78647628;0.1;False;ok;26;1;1.691;
1000;-2.688522601;41.78647628;0.1;False;ok;5;1;1.728;
1001;-2.588522601;41.78647628;0.1;False;ok;2;1;1.592;
1002;-6.588522601;41.88647628;0.1;True;ok;3;1;1.642;
1003;-6.388522601;41.88647628;0.1;False;ok;2;1;1.587;
1004;-6.288522601;41.88647628;0.1;False;ok;7;1;1.706;
1005;-6.088522601;41.88647628;0.1;False;ok;1;1;1.585;
1006;-5.688522601;41.88647628;0.1;False;ok;1;1;1.372;
1007;-5.288522601;41.88647628;0.1;False;ok;0;1;2.169;
1008;-5.188522601;41.88647628;0.1;False;ok;1;1;1.304;
1009;-5.088522601;41.88647628;0.1;False;ok;2;1;1.439;
1010;-4.788522601;41.88647628;0.1;False;ok;5;1;1.304;
1011;-4.588522601;41.88647628;0.1;False;ok;2;1;1.334;
1012;-4.488522601;41.88647628;0.1;False;ok;2;1;1.227;
1013;-4.288522601;41.88647628;0.1;False;ok;2;1;2.642;
1014;-3.688522601;41.88647628;0.1;False;ok;0;1;1.890;
1015;-3.588522601;41.88647628;0.1;False;ok;0;1;1.927;
1016;-3.488522601;41.88647628;0.1;False;ok;18;1;1.141;
1017;-3.388522601;41.88647628;0.1;False;ok;2;1;0.938;
1018;-3.088522601;41.88647628;0.1;False;ok;5;1;0.927;
1019;-2.988522601;41.88647628;0.1;False;ok;13;1;1.019;
1020;-2.888522601;41.88647628;0.1;False;ok;12;1;1.166;
1021;-2.788522601;41.88647628;0.1;False;ok;27;1;1.221;
1022;-2.688522601;41.88647628;0.1;False;ok;13;1;1.188;
1023;-2.588522601;41.88647628;0.1;False;ok;13;1;1.191;
1024;-6.688522601;41.98647628;0.1;False;ok;45;1;1.541;
1025;-6.588522601;41.98647628;0.1;False;ok;5;1;1.318;
1026;-6.488522601;41.98647628;0.1;False;ok;3;1;1.383;
1027;-6.388522601;41.98647628;0.1;False;ok;3;1;1.431;
1028;-6.188522601;41.98647628;0.1;False;ok;0;1;1.914;
1029;-6.088522601;41.98647628;0.1;False;ok;2;1;1.393;
1030;-5.788522601;41.98647628;0.1;False;ok;4;1;1.448;
1031;-5.688522601;41.98647628;0.1;False;ok;11;1;1.435;
1032;-5.488522601;41.98647628;0.1;False;ok;4;1;1.330;
1033;-5.288522601;41.98647628;0.1;False;ok;1;1;1.180;
1034;-4.988522601;41.98647628;0.1;False;ok;0;1;2.014;
1035;-4.588522601;41.98647628;0.1;False;ok;29;1;1.619;
1036;-4.388522601;41.98647628;0.1;False;ok;2;1;1.389;
1037;-4.288522601;41.98647628;0.1;False;ok;4;1;2.759;
1038;-4.188522601;41.98647628;0.1;False;ok;1;1;1.174;
1039;-4.088522601;41.98647628;0.1;False;ok;2;1;1.229;
1040;-3.988522601;41.98647628;0.1;False;ok;3;1;1.182;
1041;-3.788522601;41.98647628;0.1;False;ok;30;1;1.384;
1042;-3.688522601;41.98647628;0.1;False;ok;4;1;1.283;
1043;-3.588522601;41.98647628;0.1;False;ok;11;1;1.293;
1044;-3.488522601;41.98647628;0.1;False;ok;4;1;1.185;
1045;-3.388522601;41.98647628;0.1;False;ok;5;1;1.263;
1046;-3.288522601;41.98647628;0.1;False;ok;1;1;1.106;
1047;-3.088522601;41.98647628;0.1;False;ok;0;1;2.086;
1048;-2.588522601;41.98647628;0.1;False;ok;0;1;2.041;
1049;-6.688522601;42.08647628;0.1;False;ok;34;1;1.400;
1050;-6.388522601;42.08647628;0.1;False;ok;1;1;1.288;
1051;-6.188522601;42.08647628;0.1;False;ok;1;1;1.300;
1052;-6.088522601;42.08647628;0.1;False;ok;1;1;1.220;
1053;-5.888522601;42.08647628;0.1;False;ok;2;1;1.039;
1054;-5.788522601;42.08647628;0.1;False;ok;1;1;1.205;
1055;-5.188522601;42.08647628;0.1;False;ok;1;1;1.129;
1056;-5.088522601;42.08647628;0.1;False;ok;2;1;1.224;
1057;-4.788522601;42.08647628;0.1;False;ok;0;1;1.954;
1058;-4.688522601;42.08647628;0.1;False;ok;3;1;1.319;
1059;-4.588522601;42.08647628;0.1;False;ok;2;1;1.245;
1060;-4.488522601;42.08647628;0.1;False;ok;3;1;1.579;
1061;-3.588522601;42.08647628;0.1;False;ok;2;1;1.461;
1062;-3.288522601;42.08647628;0.1;False;ok;3;1;1.498;
1063;-3.188522601;42.08647628;0.1;False;ok;3;1;1.543;
1064;-2.888522601;42.08647628;0.1;False;ok;2;1;1.170;
1065;-2.788522601;42.08647628;0.1;False;ok;2;1;1.228;
1066;-2.688522601;42.08647628;0.1;False;ok;13;1;1.249;
1067;-2.588522601;42.08647628;0.1;False;ok;4;1;1.121;
1068;-5.988522601;42.18647628;0.1;False;ok;2;1;1.105;
1069;-5.888522601;42.18647628;0.1;False;ok;1;1;1.094;
1070;-5.488522601;42.18647628;0.1;False;ok;0;1;1.872;
1071;-4.488522601;42.18647628;0.1;False;ok;13;1;1.283;
1072;-4.388522601;42.18647628;0.1;False;ok;5;1;1.112;
1073;-3.988522601;42.18647628;0.1;False;ok;3;1;1.123;
1074;-3.788522601;42.18647628;0.1;False;ok;2;1;0.927;
1075;-3.588522601;42.18647628;0.1;False;ok;1;1;0.948;
1076;-3.388522601;42.18647628;0.1;False;ok;2;1;0.860;
1077;-3.088522601;42.18647628;0.1;False;ok;6;1;1.080;
1078;-2.888522601;42.18647628;0.1;False;ok;1;1;0.988;
1079;-2.788522601;42.18647628;0.1;False;ok;16;1;1.359;
1080;-2.688522601;42.18647628;0.1;False;ok;7;1;1.330;
1081;-2.588522601;42.18647628;0.1;False;ok;1;1;1.029;
1082;-6.688522601;42.28647628;0.1;False;ok;2;1;1.080;
1083;-6.388522601;42.28647628;0.1;False;ok;1;1;1.091;
1084;-6.288522601;42.28647628;0.1;False;ok;3;1;1.127;
1085;-6.188522601;42.28647628;0.1;False;ok;4;1;1.496;
1086;-5.988522601;42.28647628;0.1;False;ok;15;1;1.362;
1087;-5.788522601;42.28647628;0.1;False;ok;5;1;1.565;
1088;-5.588522601;42.28647628;0.1;False;ok;15;1;1.495;
1089;-5.488522601;42.28647628;0.1;False;ok;1;1;1.425;
1090;-5.288522601;42.28647628;0.1;False;ok;1;1;2.018;
1091;-5.088522601;42.28647628;0.1;False;ok;13;1;1.998;
1092;-4.988522601;42.28647628;0.1;False;ok;3;1;2.038;
1093;-4.888522601;42.28647628;0.1;False;ok;5;1;1.993;
1094;-4.688522601;42.28647628;0.1;False;ok;12;1;2.056;
1095;-4.588522601;42.28647628;0.1;False;ok;11;1;2.051;
1096;-4.288522601;42.28647628;0.1;False;ok;2;1;1.935;
1097;-4.188522601;42.28647628;0.1;False;ok;16;1;1.943;
1098;-4.088522601;42.28647628;0.1;False;ok;6;1;2.176;
1099;-3.988522601;42.28647628;0.1;False;ok;5;1;2.127;
1100;-3.888522601;42.28647628;0.1;False;ok;10;1;2.192;
1101;-3.738522601;42.28647628;0.05;False;ok;31;1;2.178;
1102;-3.788522601;42.33647628;0.05;False;ok;1;1;2.079;
1103;-3.738522601;42.33647628;0.025;False;ok;9;1;3.183;
1104;-3.713522601;42.33647628;0.0125;False;ok;75;1;2.513;
1105;-3.701022601;42.33647628;0.0125;False;ok;74;1;1.962;
1106;-3.738522601;42.36147628;0.025;False;ok;7;1;1.675;
1107;-3.713522601;42.36147628;0.025;False;ok;1;1;1.652;
1108;-3.688522601;42.28647628;0.1;False;ok;36;1;1.803;
1109;-3.588522601;42.28647628;0.1;False;ok;26;1;1.689;
1110;-3.488522601;42.28647628;0.1;False;ok;8;1;0.962;
1111;-3.288522601;42.28647628;0.1;False;ok;6;1;1.094;
1112;-3.188522601;42.28647628;0.1;False;ok;3;1;1.111;
1113;-3.088522601;42.28647628;0.1;False;ok;67;1;1.289;
1114;-2.988522601;42.28647628;0.1;False;ok;1;1;1.054;
1115;-2.888522601;42.28647628;0.1;False;ok;17;1;1.072;
1116;-2.788522601;42.28647628;0.1;False;ok;6;1;1.046;
1117;-2.688522601;42.28647628;0.1;False;ok;3;1;1.059;
1118;-2.588522601;42.28647628;0.1;False;ok;20;1;0.850;
1119;-6.588522601;42.38647628;0.1;False;ok;12;1;0.933;
1120;-6.288522601;42.38647628;0.1;False;ok;13;1;1.001;
1121;-6.188522601;42.38647628;0.1;False;ok;13;1;1.176;
1122;-6.088522601;42.38647628;0.1;False;ok;51;1;1.259;
1123;-5.988522601;42.38647628;0.1;False;ok;4;1;1.163;
1124;-5.888522601;42.38647628;0.1;False;ok;13;1;1.168;
1125;-5.688522601;42.38647628;0.1;False;ok;2;1;1.283;
1126;-5.588522601;42.38647628;0.1;False;ok;4;1;1.347;
1127;-5.488522601;42.38647628;0.1;False;ok;2;1;1.289;
1128;-5.388522601;42.38647628;0.1;False;ok;1;1;1.281;
1129;-5.288522601;42.38647628;0.1;False;ok;1;1;1.304;
1130;-5.188522601;42.38647628;0.1;False;ok;2;1;1.390;
1131;-4.488522601;42.38647628;0.1;False;ok;3;1;1.252;
1132;-4.388522601;42.38647628;0.1;False;ok;3;1;1.510;
1133;-4.288522601;42.38647628;0.1;False;ok;3;1;1.367;
1134;-4.088522601;42.38647628;0.1;False;ok;8;1;1.429;
1135;-3.788522601;42.38647628;0.1;False;ok;0;1;2.124;
1136;-3.688522601;42.38647628;0.1;False;ok;4;1;1.377;
1137;-3.588522601;42.38647628;0.1;False;ok;6;1;1.324;
1138;-3.488522601;42.38647628;0.1;False;ok;2;1;1.206;
1139;-3.388522601;42.38647628;0.1;False;ok;2;1;1.276;
1140;-3.288522601;42.38647628;0.1;False;ok;11;1;1.380;
1141;-3.188522601;42.38647628;0.1;False;ok;7;1;1.218;
1142;-3.088522601;42.38647628;0.1;False;ok;8;1;1.134;
1143;-2.988522601;42.38647628;0.1;False;ok;45;1;1.216;
1144;-2.888522601;42.38647628;0.1;False;ok;11;1;1.076;
1145;-2.788522601;42.38647628;0.1;False;ok;38;1;1.089;
1146;-2.688522601;42.38647628;0.1;False;ok;17;1;1.207;
1147;-2.588522601;42.38647628;0.1;False;ok;32;1;1.191;
1148;-6.688522601;42.48647628;0.1;False;ok;71;1;1.378;
1149;-6.588522601;42.48647628;0.1;False;ok;52;1;1.220;
1150;-6.488522601;42.48647628;0.1;False;ok;7;1;1.155;
1151;-6.388522601;42.48647628;0.1;False;ok;6;1;1.109;
1152;-6.188522601;42.48647628;0.1;False;ok;5;1;1.349;
1153;-6.088522601;42.48647628;0.1;False;ok;1;1;1.138;
1154;-5.988522601;42.48647628;0.1;False;ok;3;1;1.153;
1155;-5.888522601;42.48647628;0.1;False;ok;10;1;1.162;
1156;-5.788522601;42.48647628;0.1;False;ok;8;1;1.297;
1157;-5.688522601;42.48647628;0.1;False;ok;17;1;1.253;
1158;-5.588522601;42.48647628;0.1;False;ok;13;1;1.140;
1159;-5.488522601;42.48647628;0.1;False;ok;18;1;1.175;
1160;-4.788522601;42.48647628;0.1;False;ok;7;1;1.159;
1161;-4.488522601;42.48647628;0.1;False;ok;1;1;1.102;
1162;-4.388522601;42.48647628;0.1;False;ok;1;1;1.007;
1163;-4.088522601;42.48647628;0.1;False;ok;4;1;1.185;
1164;-3.788522601;42.48647628;0.1;False;ok;3;1;1.023;
1165;-3.388522601;42.48647628;0.1;False;ok;9;1;1.246;
1166;-3.288522601;42.48647628;0.1;False;ok;1;1;1.034;
1167;-3.088522601;42.48647628;0.1;False;ok;5;1;1.253;
1168;-2.988522601;42.48647628;0.1;False;ok;42;1;1.348;
1169;-2.888522601;42.48647628;0.1;False;ok;73;1;1.372;
1170;-2.788522601;42.48647628;0.1;False;ok;28;1;1.280;
1171;-2.688522601;42.48647628;0.1;False;ok;29;1;1.220;
1172;-2.588522601;42.48647628;0.1;False;ok;37;1;1.181;
1173;-6.688522601;42.58647628;0.1;False;ok;4;1;1.315;
1174;-6.588522601;42.58647628;0.1;False;ok;5;1;1.221;
1175;-6.488522601;42.58647628;0.1;False;ok;6;1;1.292;
1176;-6.388522601;42.58647628;0.1;False;ok;4;1;1.253;
1177;-6.288522601;42.58647628;0.1;False;ok;5;1;1.817;
1178;-6.188522601;42.58647628;0.1;False;ok;0;1;2.046;
1179;-5.988522601;42.58647628;0.1;False;ok;1;1;1.178;
1180;-5.888522601;42.58647628;0.1;False;ok;3;1;1.414;
1181;-5.688522601;42.58647628;0.1;False;ok;17;1;1.320;
1182;-5.588522601;42.58647628;0.0125;False;ok;21;1;1.334;
1183;-5.576022601;42.58647628;0.00625;False;ok;3;1;1.257;
1184;-5.569772601;42.58647628;0.00625;False;ok;14;1;1.413;
1185;-5.576022601;42.59272628;0.00625;False;ok;48;1;1.567;
1186;-5.569772601;42.59272628;0.00625;False;ok;74;1;1.477;
1187;-5.588522601;42.59897628;0.0125;False;ok;27;1;1.252;
1188;-5.576022601;42.59897628;0.0125;False;ok;73;1;1.383;
1189;-5.563522601;42.58647628;0.025;False;ok;33;1;1.293;
1190;-5.588522601;42.61147628;0.025;False;ok;6;1;1.178;
1191;-5.288522601;42.58647628;0.1;False;ok;0;1;1.796;
1192;-4.888522601;42.58647628;0.1;False;ok;1;1;1.091;
1193;-4.488522601;42.58647628;0.1;False;ok;1;1;1.338;
1194;-4.388522601;42.58647628;0.1;False;ok;3;1;1.260;
1195;-4.188522601;42.58647628;0.1;False;ok;2;1;1.273;
1196;-3.988522601;42.58647628;0.1;False;ok;1;1;1.139;
1197;-3.888522601;42.58647628;0.1;False;ok;1;1;1.184;
1198;-3.688522601;42.58647628;0.1;False;ok;0;1;1.963;
1199;-3.588522601;42.58647628;0.1;False;ok;2;1;1.129;
1200;-3.388522601;42.58647628;0.1;False;ok;3;1;1.228;
1201;-3.188522601;42.58647628;0.1;False;ok;6;1;1.222;
1202;-2.988522601;42.58647628;0.1;False;ok;7;1;1.364;
1203;-2.888522601;42.58647628;0.1;False;ok;19;1;1.376;
1204;-2.788522601;42.58647628;0.1;False;ok;3;1;1.245;
1205;-2.588522601;42.58647628;0.1;False;ok;5;1;1.261;
1206;-6.688522601;42.68647628;0.1;False;ok;26;1;1.211;
1207;-6.588522601;42.68647628;0.1;False;ok;4;1;1.212;
1208;-6.488522601;42.68647628;0.1;False;ok;5;1;1.198;
1209;-6.388522601;42.68647628;0.1;False;ok;2;1;1.141;
1210;-6.288522601;42.68647628;0.1;False;ok;4;1;1.622;
1211;-6.088522601;42.68647628;0.1;False;ok;7;1;1.605;
1212;-5.988522601;42.68647628;0.1;False;ok;5;1;1.553;
1213;-5.888522601;42.68647628;0.1;False;ok;2;1;1.438;
1214;-5.788522601;42.68647628;0.1;False;ok;3;1;1.427;
1215;-5.588522601;42.68647628;0.1;False;ok;1;1;1.430;
1216;-5.388522601;42.68647628;0.1;False;ok;3;1;1.387;
1217;-4.488522601;42.68647628;0.1;False;ok;2;1;1.308;
1218;-4.388522601;42.68647628;0.1;False;ok;0;1;1.919;
1219;-4.288522601;42.68647628;0.1;False;ok;7;1;1.078;
1220;-4.188522601;42.68647628;0.1;False;ok;4;1;1.853;
1221;-4.088522601;42.68647628;0.1;False;ok;2;1;1.440;
1222;-3.988522601;42.68647628;0.1;False;ok;1;1;1.280;
1223;-3.888522601;42.68647628;0.1;False;ok;1;1;1.351;
1224;-3.788522601;42.68647628;0.1;False;ok;1;1;1.239;
1225;-3.488522601;42.68647628;0.1;False;ok;6;1;1.441;
1226;-3.388522601;42.68647628;0.1;False;ok;10;1;1.455;
1227;-3.288522601;42.68647628;0.1;False;ok;4;1;1.378;
1228;-3.188522601;42.68647628;0.1;False;ok;2;1;1.442;
1229;-3.088522601;42.68647628;0.1;False;ok;3;1;1.426;
1230;-2.988522601;42.68647628;0.1;False;ok;8;1;1.227;
1231;-2.888522601;42.68647628;0.1;False;ok;6;1;1.380;
1232;-6.688522601;42.78647628;0.1;False;ok;1;1;1.340;
1233;-6.388522601;42.78647628;0.1;False;ok;1;1;1.377;
1234;-6.288522601;42.78647628;0.1;False;ok;2;1;1.160;
1235;-6.188522601;42.78647628;0.1;False;ok;0;1;2.246;
1236;-5.988522601;42.78647628;0.1;False;ok;1;1;1.407;
1237;-5.888522601;42.78647628;0.1;False;ok;3;1;1.468;
1238;-5.788522601;42.78647628;0.1;False;ok;8;1;1.470;
1239;-5.688522601;42.78647628;0.1;False;ok;14;1;1.283;
1240;-5.588522601;42.78647628;0.1;False;ok;5;1;1.232;
1241;-5.488522601;42.78647628;0.1;False;ok;5;1;1.239;
1242;-5.388522601;42.78647628;0.1;False;ok;9;1;1.329;
1243;-5.288522601;42.78647628;0.1;False;ok;2;1;1.536;
1244;-5.188522601;42.78647628;0.1;False;ok;15;1;1.588;
1245;-4.988522601;42.78647628;0.1;False;ok;5;1;2.118;
1246;-4.888522601;42.78647628;0.1;False;ok;11;1;2.104;
1247;-4.788522601;42.78647628;0.1;False;ok;4;1;2.109;
1248;-4.688522601;42.78647628;0.1;False;ok;7;1;2.122;
1249;-4.588522601;42.78647628;0.1;False;ok;10;1;1.980;
1250;-4.488522601;42.78647628;0.1;False;ok;2;1;2.110;
1251;-4.388522601;42.78647628;0.1;False;ok;4;1;2.067;
1252;-4.288522601;42.78647628;0.1;False;ok;20;1;2.094;
1253;-4.088522601;42.78647628;0.1;False;ok;4;1;1.972;
1254;-3.988522601;42.78647628;0.1;False;ok;10;1;1.958;
1255;-3.888522601;42.78647628;0.1;False;ok;9;1;1.887;
1256;-3.788522601;42.78647628;0.1;False;ok;9;1;1.893;
1257;-3.688522601;42.78647628;0.1;False;ok;7;1;1.817;
1258;-3.488522601;42.78647628;0.1;False;ok;7;1;1.727;
1259;-3.388522601;42.78647628;0.1;False;ok;4;1;1.853;
1260;-3.288522601;42.78647628;0.1;False;ok;4;1;2.085;
1261;-3.088522601;42.78647628;0.1;False;ok;4;1;1.982;
1262;-2.988522601;42.78647628;0.1;False;ok;6;1;1.780;
1263;-2.788522601;42.78647628;0.1;False;ok;12;1;1.815;
1264;-2.688522601;42.78647628;0.1;False;ok;51;1;1.837;
1265;-2.588522601;42.78647628;0.1;False;ok;1;1;1.537;
1266;-6.588522601;42.88647628;0.1;False;ok;3;1;1.407;
1267;-6.388522601;42.88647628;0.1;False;ok;28;1;1.525;
1268;-6.288522601;42.88647628;0.1;False;ok;8;1;1.607;
1269;-6.188522601;42.88647628;0.1;False;ok;4;1;1.555;
1270;-6.088522601;42.88647628;0.1;False;ok;8;1;1.345;
1271;-5.988522601;42.88647628;0.1;False;ok;3;1;1.343;
1272;-5.888522601;42.88647628;0.1;False;ok;3;1;1.504;
1273;-5.788522601;42.88647628;0.1;False;ok;2;1;1.466;
1274;-5.688522601;42.88647628;0.1;False;ok;4;1;1.542;
1275;-5.588522601;42.88647628;0.1;False;ok;4;1;1.510;
1276;-5.488522601;42.88647628;0.1;False;ok;4;1;1.474;
1277;-5.288522601;42.88647628;0.1;False;ok;2;1;1.432;
1278;-5.188522601;42.88647628;0.1;False;ok;10;1;1.349;
1279;-5.088522601;42.88647628;0.1;False;ok;20;1;1.209;
1280;-4.988522601;42.88647628;0.1;False;ok;9;1;1.043;
1281;-4.888522601;42.88647628;0.1;False;ok;3;1;1.010;
1282;-4.788522601;42.88647628;0.1;False;ok;12;1;1.085;
1283;-4.688522601;42.88647628;0.1;False;ok;6;1;0.914;
1284;-4.588522601;42.88647628;0.1;False;ok;1;1;0.798;
1285;-4.488522601;42.88647628;0.1;False;ok;4;1;0.814;
1286;-4.388522601;42.88647628;0.1;False;ok;9;1;0.848;
1287;-4.288522601;42.88647628;0.1;False;ok;4;1;0.856;
1288;-4.188522601;42.88647628;0.1;False;ok;3;1;1.006;
1289;-4.088522601;42.88647628;0.1;False;ok;6;1;0.935;
1290;-3.988522601;42.88647628;0.1;False;ok;5;1;1.081;
1291;-3.888522601;42.88647628;0.1;False;ok;5;1;0.912;
1292;-3.788522601;42.88647628;0.1;False;ok;3;1;0.904;
1293;-3.688522601;42.88647628;0.1;False;ok;9;1;1.111;
1294;-3.588522601;42.88647628;0.1;False;ok;29;1;1.211;
1295;-3.488522601;42.88647628;0.1;False;ok;19;1;1.310;
1296;-3.288522601;42.88647628;0.1;False;ok;1;1;1.070;
1297;-3.088522601;42.88647628;0.1;False;ok;1;1;1.291;
1298;-2.988522601;42.88647628;0.1;False;ok;5;1;1.252;
1299;-2.888522601;42.88647628;0.1;False;ok;8;1;1.316;
1300;-2.788522601;42.88647628;0.1;False;ok;4;1;1.627;
1301;-2.688522601;42.88647628;0.1;False;ok;5;1;1.692;
1302;-2.588522601;42.88647628;0.1;False;ok;4;1;1.785;
1303;-6.688522601;42.98647628;0.1;False;ok;18;1;1.678;
1304;-6.588522601;42.98647628;0.1;False;ok;1;1;1.646;
1305;-6.488522601;42.98647628;0.1;False;ok;1;1;1.641;
1306;-6.288522601;42.98647628;0.1;False;ok;16;1;1.653;
1307;-6.188522601;42.98647628;0.1;False;ok;1;1;1.676;
1308;-6.088522601;42.98647628;0.1;False;ok;3;1;1.417;
1309;-5.988522601;42.98647628;0.1;False;ok;2;1;1.471;
1310;-5.888522601;42.98647628;0.1;False;ok;5;1;1.462;
1311;-5.788522601;42.98647628;0.1;False;ok;9;1;1.449;
1312;-5.388522601;42.98647628;0.1;False;ok;12;1;1.489;
1313;-5.288522601;42.98647628;0.1;False;ok;15;1;1.452;
1314;-5.188522601;42.98647628;0.1;False;ok;8;1;1.360;
1315;-5.088522601;42.98647628;0.1;False;ok;2;1;1.243;
1316;-4.988522601;42.98647628;0.1;False;ok;6;1;1.168;
1317;-4.888522601;42.98647628;0.1;False;ok;4;1;1.140;
1318;-4.688522601;42.98647628;0.1;False;ok;4;1;1.276;
1319;-4.588522601;42.98647628;0.1;False;ok;12;1;1.179;
1320;-4.488522601;42.98647628;0.1;False;ok;3;1;0.800;
1321;-4.388522601;42.98647628;0.1;False;ok;5;1;0.873;
1322;-4.288522601;42.98647628;0.1;False;ok;17;1;1.026;
1323;-4.188522601;42.98647628;0.1;False;ok;25;1;0.938;
1324;-4.088522601;42.98647628;0.1;False;ok;9;1;1.090;
1325;-3.988522601;42.98647628;0.1;False;ok;10;1;1.051;
1326;-3.888522601;42.98647628;0.1;False;ok;3;1;1.118;
1327;-3.788522601;42.98647628;0.1;False;ok;4;1;1.069;
1328;-3.688522601;42.98647628;0.1;False;ok;8;1;1.067;
1329;-3.588522601;42.98647628;0.1;False;ok;20;1;1.144;
1330;-3.488522601;42.98647628;0.1;False;ok;3;1;1.163;
1331;-3.388522601;42.98647628;0.1;False;ok;5;1;1.198;
1332;-3.288522601;42.98647628;0.1;False;ok;3;1;1.142;
1333;-3.188522601;42.98647628;0.1;False;ok;2;1;1.278;
1334;-3.088522601;42.98647628;0.1;False;ok;14;1;1.281;
1335;-2.988522601;42.98647628;0.1;False;ok;7;1;1.302;
1336;-2.788522601;42.98647628;0.1;False;ok;2;1;1.447;
1337;-2.688522601;42.98647628;0.1;False;ok;4;1;1.447;
1338;-2.588522601;42.98647628;0.1;False;ok;11;1;1.406;
1339;-6.688522601;43.08647628;0.1;False;ok;2;1;1.329;
1340;-6.588522601;43.08647628;0.1;False;ok;32;1;1.407;
1341;-6.388522601;43.08647628;0.1;False;ok;5;1;1.359;
1342;-6.288522601;43.08647628;0.1;False;ok;22;1;1.402;
1343;-6.188522601;43.08647628;0.1;False;ok;9;1;1.255;
1344;-6.088522601;43.08647628;0.1;False;ok;21;1;1.288;
1345;-5.988522601;43.08647628;0.1;False;ok;11;1;1.244;
1346;-5.888522601;43.08647628;0.1;False;ok;26;1;1.316;
1347;-5.788522601;43.08647628;0.1;False;ok;8;1;1.239;
1348;-5.688522601;43.08647628;0.1;False;ok;18;1;1.306;
1349;-5.588522601;43.08647628;0.1;False;ok;38;1;1.402;
1350;-5.488522601;43.08647628;0.1;False;ok;6;1;1.250;
1351;-5.388522601;43.08647628;0.1;False;ok;9;1;1.284;
1352;-5.188522601;43.08647628;0.1;False;ok;4;1;1.225;
1353;-5.088522601;43.08647628;0.1;False;ok;4;1;1.008;
1354;-4.988522601;43.08647628;0.1;False;ok;11;1;1.034;
1355;-4.888522601;43.08647628;0.1;False;ok;9;1;0.936;
1356;-4.788522601;43.08647628;0.1;False;ok;38;1;1.108;
1357;-4.688522601;43.08647628;0.1;False;ok;75;1;1.253;
1358;-4.588522601;43.08647628;0.1;False;ok;32;1;1.099;
1359;-4.488522601;43.08647628;0.1;False;ok;6;1;0.980;
1360;-4.388522601;43.08647628;0.1;False;ok;5;1;0.997;
1361;-4.288522601;43.08647628;0.1;False;ok;5;1;0.947;
1362;-4.088522601;43.08647628;0.1;False;ok;17;1;1.004;
1363;-3.988522601;43.08647628;0.1;False;ok;9;1;1.064;
1364;-3.788522601;43.08647628;0.1;False;ok;7;1;1.016;
1365;-3.688522601;43.08647628;0.1;False;ok;3;1;1.049;
1366;-3.588522601;43.08647628;0.1;False;ok;10;1;1.131;
1367;-3.488522601;43.08647628;0.1;False;ok;5;1;1.051;
1368;-3.388522601;43.08647628;0.1;False;ok;7;1;1.034;
1369;-3.288522601;43.08647628;0.1;False;ok;4;1;1.066;
1370;-3.188522601;43.08647628;0.1;False;ok;4;1;1.012;
1371;-3.088522601;43.08647628;0.1;False;ok;4;1;1.203;
1372;-2.988522601;43.08647628;0.1;False;ok;19;1;1.185;
1373;-2.888522601;43.08647628;0.1;False;ok;9;1;1.258;
1374;-2.788522601;43.08647628;0.1;False;ok;14;1;1.252;
1375;-2.688522601;43.08647628;0.1;False;ok;22;1;1.314;
1376;-2.588522601;43.08647628;0.1;False;ok;11;1;1.185;
1377;-6.688522601;43.18647628;0.1;False;ok;3;1;1.305;
1378;-6.588522601;43.18647628;0.1;False;ok;4;1;1.337;
1379;-6.388522601;43.18647628;0.1;False;ok;2;1;1.278;
1380;-6.288522601;43.18647628;0.1;False;ok;8;1;1.299;
1381;-6.088522601;43.18647628;0.1;False;ok;22;1;1.464;
1382;-5.988522601;43.18647628;0.1;False;ok;6;1;1.444;
1383;-5.888522601;43.18647628;0.1;False;ok;19;1;1.377;
1384;-5.788522601;43.18647628;0.1;False;ok;27;1;1.326;
1385;-5.688522601;43.18647628;0.1;False;ok;22;1;1.283;
1386;-5.588522601;43.18647628;0.1;False;ok;18;1;1.237;
1387;-5.488522601;43.18647628;0.1;False;ok;21;1;1.260;
1388;-5.388522601;43.18647628;0.1;False;ok;3;1;1.190;
1389;-5.288522601;43.18647628;0.1;False;ok;11;1;1.148;
1390;-5.188522601;43.18647628;0.1;False;ok;16;1;1.158;
1391;-5.088522601;43.18647628;0.1;False;ok;0;1;1.756;
1392;-4.988522601;43.18647628;0.1;False;ok;5;1;1.068;
1393;-4.888522601;43.18647628;0.1;False;ok;5;1;1.064;
1394;-4.788522601;43.18647628;0.1;False;ok;13;1;0.942;
1395;-4.688522601;43.18647628;0.1;False;ok;18;1;1.088;
1396;-4.588522601;43.18647628;0.1;False;ok;10;1;0.960;
1397;-4.488522601;43.18647628;0.1;False;ok;19;1;1.069;
1398;-4.388522601;43.18647628;0.1;False;ok;17;1;0.946;
1399;-4.288522601;43.18647628;0.1;False;ok;16;1;1.007;
1400;-4.188522601;43.18647628;0.1;False;ok;10;1;1.103;
1401;-4.088522601;43.18647628;0.1;False;ok;25;1;1.335;
1402;-3.988522601;43.18647628;0.1;False;ok;28;1;1.038;
1403;-3.888522601;43.18647628;0.1;False;ok;50;1;1.384;
1404;-3.788522601;43.18647628;0.1;False;ok;27;1;1.291;
1405;-3.688522601;43.18647628;0.1;False;ok;21;1;1.321;
1406;-3.588522601;43.18647628;0.1;False;ok;15;1;1.208;
1407;-3.488522601;43.18647628;0.1;False;ok;35;1;1.440;
1408;-3.388522601;43.18647628;0.1;False;ok;12;1;1.293;
1409;-3.288522601;43.18647628;0.1;False;ok;7;1;1.354;
1410;-3.188522601;43.18647628;0.1;False;ok;15;1;1.366;
1411;-3.088522601;43.18647628;0.1;False;ok;5;1;1.349;
1412;-2.988522601;43.18647628;0.05;False;ok;1;1;1.226;
1413;-2.938522601;43.18647628;0.05;False;ok;5;1;1.294;
1414;-2.988522601;43.23647628;0.05;False;ok;75;1;1.587;
1415;-2.926022601;43.23647628;0.0125;False;ok;8;1;1.185;
1416;-2.938522601;43.24897628;0.0125;False;ok;73;1;1.279;
1417;-2.926022601;43.24897628;0.00625;False;ok;32;1;1.309;
1418;-2.919772601;43.24897628;0.00625;False;ok;19;1;1.279;
1419;-2.926022601;43.25522628;0.00625;False;ok;74;1;1.365;
1420;-2.919772601;43.25522628;0.00625;False;ok;44;1;1.008;
1421;-2.913522601;43.23647628;0.025;False;ok;39;1;1.010;
1422;-2.938522601;43.26147628;0.0125;False;ok;75;1;1.227;
1423;-2.926022601;43.26147628;0.0125;False;ok;74;1;1.060;
1424;-2.926022601;43.27397628;0.0125;False;ok;1;1;0.974;
1425;-2.913522601;43.26147628;0.025;False;ok;6;1;1.107;
1426;-2.888522601;43.18647628;0.1;False;ok;20;1;1.179;
1427;-2.788522601;43.18647628;0.1;False;ok;9;1;0.980;
1428;-2.688522601;43.18647628;0.1;False;ok;9;1;1.271;
1429;-2.588522601;43.18647628;0.1;False;ok;16;1;1.168;
1430;-6.588522601;43.28647628;0.1;False;ok;2;1;1.135;
1431;-6.488522601;43.28647628;0.1;False;ok;9;1;1.152;
1432;-6.388522601;43.28647628;0.1;False;ok;0;1;1.960;
1433;-6.288522601;43.28647628;0.1;False;ok;12;1;1.245;
1434;-6.188522601;43.28647628;0.1;False;ok;5;1;1.136;
1435;-6.088522601;43.28647628;0.1;False;ok;9;1;1.354;
1436;-5.988522601;43.28647628;0.1;False;ok;15;1;1.162;
1437;-5.888522601;43.28647628;0.05;False;ok;2;1;1.197;
1438;-5.838522601;43.28647628;0.05;False;ok;2;1;1.116;
1439;-5.888522601;43.33647628;0.025;False;ok;11;1;1.190;
1440;-5.863522601;43.33647628;0.025;False;ok;75;1;1.395;
1441;-5.888522601;43.36147628;0.025;False;ok;23;1;1.182;
1442;-5.863522601;43.36147628;0.0125;False;ok;74;1;1.238;
1443;-5.851022601;43.36147628;0.0125;False;ok;74;1;1.245;
1444;-5.863522601;43.37397628;0.0125;False;ok;3;1;0.953;
1445;-5.851022601;43.37397628;0.0125;False;ok;3;1;0.959;
1446;-5.838522601;43.33647628;0.05;False;ok;70;1;1.125;
1447;-5.788522601;43.28647628;0.1;False;ok;18;1;1.045;
1448;-5.688522601;43.28647628;0.1;False;ok;24;1;0.969;
1449;-5.588522601;43.28647628;0.1;False;ok;29;1;1.072;
1450;-5.488522601;43.28647628;0.1;False;ok;32;1;0.997;
1451;-5.388522601;43.28647628;0.1;False;ok;57;1;0.987;
1452;-5.288522601;43.28647628;0.1;False;ok;53;1;1.033;
1453;-5.188522601;43.28647628;0.05;False;ok;9;1;0.891;
1454;-5.138522601;43.28647628;0.05;False;ok;25;1;0.808;
1455;-5.188522601;43.33647628;0.05;False;ok;57;1;1.019;
1456;-5.138522601;43.33647628;0.0125;False;ok;39;1;0.925;
1457;-5.126022601;43.33647628;0.0125;False;ok;4;1;0.939;
1458;-5.138522601;43.34897628;0.0125;False;ok;75;1;1.053;
1459;-5.126022601;43.34897628;0.0125;False;ok;27;1;1.033;
1460;-5.113522601;43.33647628;0.025;False;ok;39;1;1.133;
1461;-5.138522601;43.36147628;0.025;False;ok;2;1;0.977;
1462;-5.088522601;43.28647628;0.1;False;ok;75;1;1.350;
1463;-4.988522601;43.28647628;0.1;False;ok;74;1;1.493;
1464;-4.888522601;43.28647628;0.1;False;ok;75;1;1.469;
1465;-4.788522601;43.28647628;0.1;False;ok;21;1;1.227;
1466;-4.688522601;43.28647628;0.1;False;ok;37;1;1.329;
1467;-4.588522601;43.28647628;0.1;False;ok;73;1;1.510;
1468;-4.488522601;43.28647628;0.1;False;ok;74;1;1.541;
1469;-4.388522601;43.28647628;0.1;False;ok;74;1;1.665;
1470;-4.288522601;43.28647628;0.1;False;ok;75;1;1.743;
1471;-4.188522601;43.28647628;0.1;False;ok;72;1;1.586;
1472;-4.088522601;43.28647628;0.1;False;ok;75;1;1.571;
1473;-3.988522601;43.28647628;0.1;False;ok;54;1;1.417;
1474;-3.888522601;43.28647628;0.1;False;ok;66;1;1.452;
1475;-3.788522601;43.28647628;0.1;False;ok;75;1;1.463;
1476;-3.688522601;43.28647628;0.1;False;ok;24;1;1.426;
1477;-3.588522601;43.28647628;0.1;False;ok;46;1;1.291;
1478;-3.488522601;43.28647628;0.1;False;ok;53;1;1.438;
1479;-3.388522601;43.28647628;0.1;False;ok;13;1;1.198;
1480;-3.288522601;43.28647628;0.1;False;ok;75;1;1.462;
1481;-3.188522601;43.28647628;0.1;False;ok;16;1;1.169;
1482;-3.088522601;43.28647628;0.1;False;ok;74;1;1.292;
1483;-2.988522601;43.28647628;0.1;False;ok;55;1;1.168;
1484;-2.888522601;43.28647628;0.1;False;ok;33;1;1.073;
1485;-2.788522601;43.28647628;0.1;False;ok;35;1;0.942;
1486;-2.688522601;43.28647628;0.1;False;ok;65;1;1.011;
1487;-2.588522601;43.28647628;0.1;False;ok;64;1;1.077;
1488;-6.688522601;43.38647628;0.1;False;ok;3;1;0.925;
1489;-6.588522601;43.38647628;0.1;False;ok;7;1;1.398;
1490;-6.488522601;43.38647628;0.1;False;ok;11;1;1.159;
1491;-6.388522601;43.38647628;0.1;False;ok;9;1;1.385;
1492;-6.288522601;43.38647628;0.1;False;ok;15;1;1.305;
1493;-6.188522601;43.38647628;0.1;False;ok;16;1;1.393;
1494;-6.088522601;43.38647628;0.1;False;ok;16;1;1.335;
1495;-5.988522601;43.38647628;0.1;False;ok;3;1;1.284;
1496;-5.888522601;43.38647628;0.1;False;ok;16;1;1.345;
1497;-5.788522601;43.38647628;0.1;False;ok;23;1;1.368;
1498;-5.688522601;43.38647628;0.1;False;ok;26;1;1.330;
1499;-5.588522601;43.38647628;0.1;False;ok;19;1;1.307;
1500;-5.488522601;43.38647628;0.1;False;ok;74;1;1.436;
1501;-5.388522601;43.38647628;0.1;False;ok;27;1;1.214;
1502;-5.288522601;43.38647628;0.1;False;ok;70;1;1.399;
1503;-5.188522601;43.38647628;0.1;False;ok;74;1;1.480;
1504;-5.088522601;43.38647628;0.1;False;ok;74;1;1.572;
1505;-4.988522601;43.38647628;0.1;False;ok;75;1;2.041;
1506;-4.888522601;43.38647628;0.05;False;ok;73;1;1.797;
1507;-4.838522601;43.38647628;0.05;False;ok;73;1;1.899;
1508;-4.888522601;43.43647628;0.05;False;ok;14;1;1.331;
1509;-4.788522601;43.38647628;0.025;False;ok;34;1;1.181;
1510;-4.763522601;43.38647628;0.025;False;ok;37;1;1.112;
1511;-4.788522601;43.41147628;0.025;False;ok;63;1;1.551;
1512;-4.763522601;43.41147628;0.0125;False;ok;75;1;1.575;
1513;-4.751022601;43.41147628;0.0125;False;ok;18;1;1.311;
1514;-4.763522601;43.42397628;0.0125;False;ok;7;1;1.166;
1515;-4.738522601;43.38647628;0.05;False;ok;47;1;1.412;
1516;-4.688522601;43.38647628;0.1;False;ok;33;1;1.485;
1517;-4.588522601;43.38647628;0.1;False;ok;30;1;1.382;
1518;-4.488522601;43.38647628;0.1;False;ok;51;1;1.459;
1519;-4.388522601;43.38647628;0.1;False;ok;72;1;1.655;
1520;-4.288522601;43.38647628;0.1;False;ok;53;1;1.297;
1521;-4.188522601;43.38647628;0.1;False;ok;74;1;1.489;
1522;-4.088522601;43.38647628;0.05;False;ok;74;1;1.693;
1523;-4.038522601;43.38647628;0.05;False;ok;74;1;1.437;
1524;-4.088522601;43.43647628;0.05;False;ok;16;1;1.240;
1525;-4.038522601;43.43647628;0.05;False;ok;12;1;1.239;
1526;-3.988522601;43.38647628;0.1;False;ok;74;1;1.711;
1527;-3.888522601;43.38647628;0.05;False;ok;27;1;1.287;
1528;-3.838522601;43.38647628;0.05;False;ok;24;1;1.351;
1529;-3.888522601;43.43647628;0.05;False;ok;54;1;1.479;
1530;-3.838522601;43.43647628;0.025;False;ok;74;1;2.172;
1531;-3.813522601;43.43647628;0.025;False;ok;47;1;1.940;
1532;-3.838522601;43.46147628;0.025;False;ok;70;1;1.769;
1533;-3.813522601;43.46147628;0.025;False;ok;73;1;2.063;
1534;-3.788522601;43.38647628;0.05;False;ok;16;1;1.534;
1535;-3.738522601;43.38647628;0.05;False;ok;40;1;1.697;
1536;-3.788522601;43.43647628;0.05;False;ok;72;1;1.963;
1537;-3.738522601;43.43647628;0.05;False;ok;71;1;2.022;
1538;-3.688522601;43.38647628;0.1;False;ok;74;1;1.879;
1539;-3.588522601;43.38647628;0.05;False;ok;14;1;1.707;
1540;-3.538522601;43.38647628;0.05;False;ok;26;1;1.689;
1541;-3.588522601;43.43647628;0.05;False;ok;54;1;1.715;
1542;-3.538522601;43.43647628;0.05;False;ok;73;1;1.954;
1543;-3.488522601;43.38647628;0.1;False;ok;75;1;1.978;
1544;-3.388522601;43.38647628;0.1;False;ok;18;1;1.831;
1545;-3.288522601;43.38647628;0.1;False;ok;15;1;1.740;
1546;-3.088522601;43.38647628;0.1;False;ok;9;1;1.706;
1547;-2.988522601;43.38647628;0.1;False;ok;33;1;1.900;
1548;-2.888522601;43.38647628;0.1;False;ok;33;1;1.485;
1549;-2.788522601;43.38647628;0.1;False;ok;74;1;1.738;
1550;-2.688522601;43.38647628;0.1;False;ok;25;1;1.258;
1551;-6.688522601;43.48647628;0.1;False;ok;32;1;1.302;
1552;-6.588522601;43.48647628;0.1;False;ok;73;1;1.608;
1553;-6.488522601;43.48647628;0.1;False;ok;35;1;1.254;
1554;-6.388522601;43.48647628;0.1;False;ok;22;1;1.609;
1555;-6.288522601;43.48647628;0.1;False;ok;63;1;1.342;
1556;-6.188522601;43.48647628;0.1;False;ok;74;1;1.757;
1557;-6.088522601;43.48647628;0.1;False;ok;54;1;1.563;
1558;-5.988522601;43.48647628;0.1;False;ok;74;1;1.658;
1559;-5.888522601;43.48647628;0.1;False;ok;20;1;1.413;
1560;-5.788522601;43.48647628;0.1;False;ok;63;1;1.468;
1561;-5.688522601;43.48647628;0.05;False;ok;75;1;1.699;
1562;-5.638522601;43.48647628;0.05;False;ok;23;1;1.266;
1563;-5.688522601;43.53647628;0.025;False;ok;75;1;1.467;
1564;-5.663522601;43.53647628;0.00625;False;ok;74;1;1.384;
1565;-5.657272601;43.53647628;0.00625;False;ok;72;1;1.373;
1566;-5.663522601;43.54272628;0.00625;False;ok;44;1;1.256;
1567;-5.651022601;43.53647628;0.0125;False;ok;73;1;1.270;
1568;-5.638522601;43.53647628;0.05;False;ok;16;1;1.150;
1569;-5.588522601;43.48647628;0.1;False;ok;47;1;1.116;
1570;-5.488522601;43.48647628;0.1;False;ok;57;1;1.084;
1571;-5.388522601;43.48647628;0.1;False;ok;46;1;1.147;
1572;-5.288522601;43.48647628;0.1;False;ok;58;1;1.053;
1573;-3.688522601;43.48647628;0.1;False;ok;24;1;0.992;
1574;-3.588522601;43.48647628;0.05;False;ok;75;1;1.041;
1575;-3.538522601;43.48647628;0.05;False;ok;43;1;1.115;
1576;-5.988522601;43.58647628;0.1;False;ok;6;1;0.951;
1577;-5.888522601;43.58647628;0.1;False;ok;74;1;1.439;
1578;-5.788522601;43.58647628;0.1;False;ok;32;1;1.070;
1579;-2.514401691;41.68647628;0.1;False;ok;74;1;1.247;
1580;-2.414401691;41.68647628;0.1;False;ok;2;1;1.061;
1581;-2.214401691;41.68647628;0.1;False;ok;0;1;2.131;
1582;-2.114401691;41.68647628;0.1;False;ok;2;1;1.332;
1583;-2.014401691;41.68647628;0.1;False;ok;5;1;1.447;
1584;-1.814401691;41.68647628;0.1;False;ok;3;1;1.633;
1585;-1.714401691;41.68647628;0.1;False;ok;2;1;1.570;
1586;-1.314401691;41.68647628;0.1;False;ok;2;1;1.776;
1587;-1.214401691;41.68647628;0.1;False;ok;1;1;1.628;
1588;-1.114401691;41.68647628;0.1;False;ok;4;1;1.654;
1589;-1.014401691;41.68647628;0.1;False;ok;9;1;1.820;
1590;-0.914401691;41.68647628;0.1;False;ok;5;1;1.800;
1591;-0.414401691;41.68647628;0.1;False;ok;1;1;1.833;
1592;0.085598309;41.68647628;0.1;False;ok;3;1;1.930;
1593;0.485598309;41.68647628;0.1;False;ok;1;1;1.759;
1594;0.685598309;41.68647628;0.1;False;ok;3;1;1.639;
1595;0.785598309;41.68647628;0.1;False;ok;4;1;1.839;
1596;0.885598309;41.68647628;0.1;False;ok;10;1;1.524;
1597;0.985598309;41.68647628;0.1;False;ok;1;1;1.540;
1598;1.085598309;41.68647628;0.1;False;ok;9;1;1.385;
1599;1.185598309;41.68647628;0.1;False;ok;6;1;1.514;
1600;1.285598309;41.68647628;0.1;False;ok;2;1;1.362;
1601;1.385598309;41.68647628;0.1;False;ok;5;1;1.284;
1602;1.485598309;41.68647628;0.1;False;ok;5;1;1.154;
1603;1.585598309;41.68647628;0.1;False;ok;5;1;1.000;
1604;1.785598309;41.68647628;0.1;False;ok;40;1;1.065;
1605;1.885598309;41.68647628;0.1;False;ok;8;1;1.336;
1606;1.985598309;41.68647628;0.1;False;ok;4;1;1.286;
1607;2.085598309;41.68647628;0.1;False;ok;6;1;1.295;
1608;2.185598309;41.68647628;0.1;False;ok;16;1;1.259;
1609;2.285598309;41.68647628;0.1;False;ok;9;1;1.179;
1610;2.385598309;41.68647628;0.1;False;ok;23;1;1.290;
1611;2.485598309;41.68647628;0.1;False;ok;18;1;1.239;
1612;2.585598309;41.68647628;0.1;False;ok;16;1;1.267;
1613;2.685598309;41.68647628;0.1;False;ok;71;1;1.493;
1614;2.785598309;41.68647628;0.025;False;ok;11;1;1.338;
1615;2.810598309;41.68647628;0.0125;False;ok;16;1;1.293;
1616;2.823098309;41.68647628;0.00625;False;ok;0;1;2.036;
1617;2.823098309;41.69272628;0.00625;False;ok;71;1;1.463;
1618;2.829348309;41.69272628;0.00625;False;ok;70;1;1.563;
1619;2.810598309;41.69897628;0.0125;False;ok;7;1;1.912;
1620;2.823098309;41.69897628;0.0125;False;ok;33;1;2.132;
1621;2.785598309;41.71147628;0.025;False;ok;3;1;1.315;
1622;2.810598309;41.71147628;0.025;False;ok;25;1;1.434;
1623;2.835598309;41.68647628;0.0125;False;ok;70;1;2.087;
1624;2.835598309;41.69897628;0.0125;False;ok;75;1;2.021;
1625;2.848098309;41.69897628;0.00625;False;ok;75;1;1.741;
1626;2.854348309;41.69897628;0.00625;False;ok;58;1;1.400;
1627;2.848098309;41.70522628;0.00625;False;ok;1;1;0.931;
1628;2.854348309;41.70522628;0.00625;False;ok;16;1;1.311;
1629;2.860598309;41.69897628;0.0125;False;ok;34;1;1.482;
1630;2.873098309;41.69897628;0.00625;False;ok;18;1;1.408;
1631;2.879348309;41.69897628;0.00625;False;ok;5;1;1.322;
1632;2.873098309;41.70522628;0.00625;False;ok;21;1;1.299;
1633;2.879348309;41.70522628;0.00625;False;ok;11;1;1.307;
1634;2.835598309;41.71147628;0.025;False;ok;35;1;1.206;
1635;2.860598309;41.71147628;0.0125;False;ok;34;1;1.537;
1636;2.873098309;41.71147628;0.0125;False;ok;27;1;1.591;
1637;2.860598309;41.72397628;0.0125;False;ok;2;1;1.273;
1638;2.873098309;41.72397628;0.0125;False;ok;5;1;1.472;
1639;2.785598309;41.73647628;0.025;False;ok;30;1;1.432;
1640;2.810598309;41.73647628;0.0125;False;ok;13;1;1.405;
1641;2.823098309;41.73647628;0.0125;False;ok;10;1;1.305;
1642;2.810598309;41.74897628;0.0125;False;ok;24;1;1.765;
1643;2.823098309;41.74897628;0.0125;False;ok;15;1;1.551;
1644;2.810598309;41.76147628;0.025;False;ok;1;1;1.653;
1645;2.835598309;41.73647628;0.05;False;ok;3;1;1.633;
1646;2.885598309;41.68647628;0.025;False;ok;48;1;2.194;
1647;2.885598309;41.71147628;0.0125;False;ok;10;1;1.912;
1648;2.898098309;41.71147628;0.00625;False;ok;22;1;2.160;
1649;2.904348309;41.71147628;0.00625;False;ok;17;1;2.250;
1650;2.898098309;41.71772628;0.00625;False;ok;14;1;2.093;
1651;2.904348309;41.71772628;0.00625;False;ok;19;1;2.200;
1652;2.898098309;41.72397628;0.0125;False;ok;2;1;1.868;
1653;2.910598309;41.71147628;0.0125;False;ok;3;1;2.051;
1654;2.923098309;41.71147628;0.00625;False;ok;12;1;2.080;
1655;2.929348309;41.71147628;0.00625;False;ok;49;1;2.141;
1656;2.923098309;41.71772628;0.00625;False;ok;33;1;1.935;
1657;2.929348309;41.71772628;0.003125;False;ok;62;1;2.142;
1658;2.932473309;41.71772628;0.003125;False;ok;14;1;1.762;
1659;2.929348309;41.72085128;0.003125;False;ok;43;1;1.762;
1660;2.932473309;41.72085128;0.003125;False;ok;58;1;2.017;
1661;2.910598309;41.72397628;0.0125;False;ok;3;1;1.542;
1662;2.923098309;41.72397628;0.0125;False;ok;36;1;1.562;
1663;2.935598309;41.68647628;0.05;False;ok;17;1;1.410;
1664;2.885598309;41.73647628;0.05;False;ok;6;1;1.320;
1665;2.935598309;41.73647628;0.05;False;ok;52;1;1.363;
1666;2.985598309;41.76147628;0.025;False;ok;3;1;1.053;
1667;3.023098309;41.76147628;0.0125;False;ok;5;1;1.373;
1668;3.010598309;41.77397628;0.0125;False;ok;6;1;1.395;
1669;3.023098309;41.77397628;0.0125;False;ok;73;1;1.660;
1670;3.035598309;41.73647628;0.05;False;ok;35;1;1.523;
1671;-2.514401691;41.78647628;0.1;False;ok;6;1;1.396;
1672;-2.414401691;41.78647628;0.1;False;ok;7;1;1.452;
1673;-2.114401691;41.78647628;0.1;False;ok;3;1;1.327;
1674;-2.014401691;41.78647628;0.1;False;ok;7;1;1.326;
1675;-1.914401691;41.78647628;0.1;False;ok;1;1;1.270;
1676;-1.814401691;41.78647628;0.1;False;ok;9;1;1.328;
1677;-1.714401691;41.78647628;0.1;False;ok;9;1;1.275;
1678;-1.614401691;41.78647628;0.1;False;ok;14;1;1.361;
1679;-1.514401691;41.78647628;0.1;False;ok;4;1;1.210;
1680;-1.414401691;41.78647628;0.1;False;ok;1;1;1.405;
1681;-1.314401691;41.78647628;0.1;False;ok;1;1;1.334;
1682;-1.214401691;41.78647628;0.1;False;ok;2;1;1.390;
1683;-0.914401691;41.78647628;0.1;False;ok;0;1;2.110;
1684;-0.814401691;41.78647628;0.1;False;ok;1;1;1.408;
1685;-0.614401691;41.78647628;0.1;False;ok;0;1;2.084;
1686;-0.214401691;41.78647628;0.1;False;ok;1;1;1.252;
1687;-0.114401691;41.78647628;0.1;False;ok;2;1;1.010;
1688;0.185598309;41.78647628;0.1;False;ok;0;1;1.709;
1689;0.285598309;41.78647628;0.1;False;ok;2;1;1.046;
1690;0.485598309;41.78647628;0.1;False;ok;5;1;1.090;
1691;0.585598309;41.78647628;0.1;False;ok;2;1;1.044;
1692;0.685598309;41.78647628;0.1;False;ok;8;1;1.137;
1693;0.785598309;41.78647628;0.1;False;ok;35;1;1.252;
1694;0.885598309;41.78647628;0.1;False;ok;2;1;1.103;
1695;0.985598309;41.78647628;0.1;False;ok;3;1;1.272;
1696;1.085598309;41.78647628;0.1;False;ok;5;1;1.162;
1697;1.185598309;41.78647628;0.1;False;ok;1;1;1.147;
1698;1.285598309;41.78647628;0.1;False;ok;7;1;1.247;
1699;1.385598309;41.78647628;0.1;False;ok;5;1;1.313;
1700;1.485598309;41.78647628;0.1;False;ok;0;1;1.864;
1701;1.585598309;41.78647628;0.1;False;ok;1;1;1.164;
1702;1.685598309;41.78647628;0.1;False;ok;6;1;1.259;
1703;1.785598309;41.78647628;0.1;False;ok;12;1;1.169;
1704;1.885598309;41.78647628;0.1;False;ok;9;1;1.153;
1705;1.985598309;41.78647628;0.1;False;ok;3;1;1.090;
1706;2.085598309;41.78647628;0.1;False;ok;12;1;1.110;
1707;2.185598309;41.78647628;0.1;False;ok;16;1;1.076;
1708;2.285598309;41.78647628;0.1;False;ok;11;1;1.030;
1709;2.385598309;41.78647628;0.1;False;ok;25;1;1.122;
1710;2.485598309;41.78647628;0.1;False;ok;35;1;1.345;
1711;2.585598309;41.78647628;0.1;False;ok;15;1;1.596;
1712;2.685598309;41.78647628;0.1;False;ok;40;1;1.613;
1713;2.785598309;41.78647628;0.1;False;ok;44;1;1.770;
1714;2.885598309;41.78647628;0.1;False;ok;36;1;1.542;
1715;2.985598309;41.78647628;0.05;False;ok;75;1;1.950;
1716;3.035598309;41.78647628;0.0125;False;ok;74;1;1.959;
1717;3.048098309;41.78647628;0.0125;False;ok;39;1;1.782;
1718;3.035598309;41.79897628;0.0125;False;ok;10;1;1.635;
1719;3.048098309;41.79897628;0.0125;False;ok;47;1;1.671;
1720;3.060598309;41.78647628;0.025;False;ok;74;1;2.242;
1721;3.035598309;41.81147628;0.025;False;ok;29;1;1.761;
1722;3.060598309;41.81147628;0.00625;False;ok;74;1;2.072;
1723;3.066848309;41.81147628;0.00625;False;ok;73;1;2.327;
1724;3.060598309;41.81772628;0.00625;False;ok;18;1;1.892;
1725;3.066848309;41.81772628;0.00625;False;ok;65;1;1.881;
1726;3.073098309;41.81147628;0.0125;False;ok;1;1;1.510;
1727;3.060598309;41.82397628;0.0125;False;ok;29;1;1.657;
1728;3.073098309;41.82397628;0.0125;False;ok;50;1;1.629;
1729;2.985598309;41.83647628;0.05;False;ok;13;1;1.429;
1730;3.035598309;41.83647628;0.025;False;ok;53;1;1.396;
1731;3.060598309;41.83647628;0.025;False;ok;57;1;1.662;
1732;3.035598309;41.86147628;0.025;False;ok;9;1;1.688;
1733;3.060598309;41.86147628;0.0125;False;ok;25;1;1.623;
1734;3.073098309;41.86147628;0.0125;False;ok;15;1;1.811;
1735;3.060598309;41.87397628;0.0125;False;ok;25;1;1.689;
1736;3.073098309;41.87397628;0.0125;False;ok;6;1;1.560;
1737;3.085598309;41.78647628;0.05;False;ok;6;1;1.620;
1738;3.085598309;41.83647628;0.0125;False;ok;59;1;1.669;
1739;3.098098309;41.83647628;0.0125;False;ok;55;1;1.582;
1740;3.085598309;41.84897628;0.0125;False;ok;2;1;1.326;
1741;3.098098309;41.84897628;0.0125;False;ok;4;1;1.300;
1742;3.110598309;41.83647628;0.0125;False;ok;9;1;1.362;
1743;3.123098309;41.83647628;0.0125;False;ok;75;1;1.648;
1744;3.110598309;41.84897628;0.0125;False;ok;53;1;1.467;
1745;3.123098309;41.84897628;0.0125;False;ok;42;1;1.307;
1746;3.085598309;41.86147628;0.025;False;ok;4;1;1.243;
1747;3.110598309;41.86147628;0.025;False;ok;10;1;1.215;
1748;3.135598309;41.83647628;0.025;False;ok;74;1;1.525;
1749;3.135598309;41.86147628;0.025;False;ok;8;1;1.303;
1750;3.160598309;41.86147628;0.025;False;ok;61;1;1.349;
1751;-2.514401691;41.88647628;0.1;False;ok;7;1;0.852;
1752;-2.414401691;41.88647628;0.1;False;ok;0;1;1.678;
1753;-2.314401691;41.88647628;0.1;False;ok;0;1;1.606;
1754;-2.214401691;41.88647628;0.1;False;ok;4;1;0.780;
1755;-2.114401691;41.88647628;0.1;False;ok;1;1;0.814;
1756;-2.014401691;41.88647628;0.1;False;ok;1;1;1.244;
1757;-1.814401691;41.88647628;0.1;False;ok;18;1;1.296;
1758;-1.714401691;41.88647628;0.1;False;ok;5;1;1.425;
1759;-1.314401691;41.88647628;0.1;False;ok;2;1;1.166;
1760;-0.614401691;41.88647628;0.1;False;ok;2;1;1.405;
1761;-0.514401691;41.88647628;0.1;False;ok;1;1;1.445;
1762;0.085598309;41.88647628;0.1;False;ok;1;1;1.514;
1763;0.185598309;41.88647628;0.1;False;ok;4;1;1.506;
1764;0.285598309;41.88647628;0.1;False;ok;3;1;1.546;
1765;0.385598309;41.88647628;0.1;False;ok;1;1;1.664;
1766;0.485598309;41.88647628;0.1;False;ok;2;1;1.684;
1767;0.585598309;41.88647628;0.1;False;ok;0;1;2.325;
1768;0.685598309;41.88647628;0.1;False;ok;8;1;1.622;
1769;0.785598309;41.88647628;0.1;False;ok;1;1;1.537;
1770;0.885598309;41.88647628;0.1;False;ok;3;1;1.615;
1771;0.985598309;41.88647628;0.1;False;ok;17;1;1.598;
1772;1.085598309;41.88647628;0.1;False;ok;5;1;1.475;
1773;1.185598309;41.88647628;0.1;False;ok;11;1;1.550;
1774;1.285598309;41.88647628;0.1;False;ok;1;1;1.287;
1775;1.385598309;41.88647628;0.1;False;ok;6;1;1.287;
1776;1.485598309;41.88647628;0.1;False;ok;9;1;1.330;
1777;1.585598309;41.88647628;0.1;False;ok;27;1;1.358;
1778;1.685598309;41.88647628;0.1;False;ok;8;1;1.279;
1779;1.785598309;41.88647628;0.1;False;ok;8;1;1.377;
1780;1.985598309;41.88647628;0.1;False;ok;1;1;1.370;
1781;2.085598309;41.88647628;0.1;False;ok;7;1;1.313;
1782;2.185598309;41.88647628;0.1;False;ok;31;1;1.363;
1783;2.285598309;41.88647628;0.1;False;ok;9;1;1.235;
1784;2.485598309;41.88647628;0.1;False;ok;14;1;1.284;
1785;2.585598309;41.88647628;0.1;False;ok;12;1;1.255;
1786;2.685598309;41.88647628;0.1;False;ok;14;1;1.270;
1787;2.785598309;41.88647628;0.05;False;ok;5;1;1.188;
1788;2.835598309;41.88647628;0.05;False;ok;7;1;1.076;
1789;2.810598309;41.93647628;0.025;False;ok;5;1;1.285;
1790;2.785598309;41.96147628;0.025;False;ok;7;1;1.153;
1791;2.810598309;41.96147628;0.0125;False;ok;5;1;1.236;
1792;2.823098309;41.96147628;0.0125;False;ok;3;1;1.122;
1793;2.810598309;41.97397628;0.0125;False;ok;74;1;1.238;
1794;2.823098309;41.97397628;0.0125;False;ok;75;1;1.177;
1795;2.835598309;41.93647628;0.05;False;ok;2;1;1.210;
1796;2.885598309;41.88647628;0.1;False;ok;7;1;1.094;
1797;2.985598309;41.88647628;0.1;False;ok;27;1;1.317;
1798;3.085598309;41.88647628;0.05;False;ok;4;1;1.357;
1799;3.135598309;41.88647628;0.025;False;ok;10;1;1.281;
1800;3.173098309;41.88647628;0.00625;False;ok;18;1;1.243;
1801;3.179348309;41.88647628;0.00625;False;ok;73;1;1.395;
1802;3.173098309;41.89272628;0.00625;False;ok;3;1;1.309;
1803;3.179348309;41.89272628;0.00625;False;ok;20;1;1.519;
1804;3.160598309;41.89897628;0.0125;False;ok;1;1;1.420;
1805;3.173098309;41.89897628;0.0125;False;ok;1;1;1.639;
1806;3.135598309;41.91147628;0.025;False;ok;9;1;1.395;
1807;3.160598309;41.91147628;0.025;False;ok;25;1;1.374;
1808;3.085598309;41.93647628;0.05;False;ok;25;1;1.432;
1809;3.135598309;41.93647628;0.05;False;ok;74;1;1.599;
1810;3.185598309;41.88647628;0.00625;False;ok;42;1;1.355;
1811;3.191848309;41.88647628;0.00625;False;ok;1;1;1.280;
1812;3.185598309;41.89272628;0.00625;False;ok;34;1;1.365;
1813;3.191848309;41.89272628;0.00625;False;ok;53;1;1.245;
1814;3.198098309;41.88647628;0.0125;False;ok;14;1;1.161;
1815;3.185598309;41.89897628;0.0125;False;ok;1;1;1.149;
1816;3.198098309;41.89897628;0.0125;False;ok;12;1;1.073;
1817;3.185598309;41.91147628;0.0125;False;ok;1;1;0.958;
1818;3.198098309;41.91147628;0.00625;False;ok;3;1;1.079;
1819;3.204348309;41.91147628;0.00625;False;ok;10;1;1.019;
1820;3.198098309;41.91772628;0.00625;False;ok;3;1;0.976;
1821;3.204348309;41.91772628;0.00625;False;ok;54;1;1.106;
1822;3.185598309;41.92397628;0.0125;False;ok;5;1;0.958;
1823;3.198098309;41.92397628;0.0125;False;ok;22;1;0.956;
1824;3.210598309;41.91147628;0.025;False;ok;32;1;1.057;
1825;3.185598309;41.93647628;0.0125;False;ok;21;1;1.108;
1826;3.198098309;41.93647628;0.0125;False;ok;24;1;1.173;
1827;3.198098309;41.94897628;0.00625;False;ok;4;1;1.100;
1828;3.204348309;41.94897628;0.00625;False;ok;35;1;1.485;
1829;3.198098309;41.95522628;0.00625;False;ok;8;1;1.552;
1830;3.204348309;41.95522628;0.00625;False;ok;28;1;1.783;
1831;3.210598309;41.93647628;0.0125;False;ok;18;1;1.869;
1832;3.210598309;41.94897628;0.0125;False;ok;12;1;1.864;
1833;3.223098309;41.94897628;0.0125;False;ok;53;1;2.154;
1834;3.198098309;41.96147628;0.0125;False;ok;73;1;2.147;
1835;3.185598309;41.97397628;0.0125;False;ok;32;1;1.896;
1836;3.198098309;41.97397628;0.0125;False;ok;75;1;2.119;
1837;3.210598309;41.96147628;0.025;False;ok;46;1;1.995;
1838;-2.514401691;41.98647628;0.1;False;ok;0;1;2.755;
1839;-2.414401691;41.98647628;0.1;False;ok;3;1;2.046;
1840;-2.014401691;41.98647628;0.1;False;ok;6;1;2.025;
1841;-1.914401691;41.98647628;0.1;False;ok;4;1;1.906;
1842;-1.814401691;41.98647628;0.1;False;ok;2;1;1.808;
1843;-1.714401691;41.98647628;0.1;False;ok;12;1;1.802;
1844;-1.614401691;41.98647628;0.1;False;ok;75;1;1.797;
1845;-1.414401691;41.98647628;0.1;False;ok;1;1;1.546;
1846;-0.914401691;41.98647628;0.1;False;ok;0;1;2.185;
1847;-0.314401691;41.98647628;0.1;False;ok;1;1;1.411;
1848;-0.114401691;41.98647628;0.1;False;ok;1;1;1.347;
1849;-0.014401691;41.98647628;0.1;False;ok;2;1;1.302;
1850;0.085598309;41.98647628;0.1;False;ok;19;1;1.266;
1851;0.185598309;41.98647628;0.1;False;ok;1;1;1.022;
1852;0.285598309;41.98647628;0.1;False;ok;1;1;1.031;
1853;0.385598309;41.98647628;0.1;False;ok;1;1;0.991;
1854;0.485598309;41.98647628;0.1;False;ok;2;1;0.996;
1855;0.685598309;41.98647628;0.1;False;ok;24;1;1.157;
1856;0.785598309;41.98647628;0.1;False;ok;9;1;1.229;
1857;0.885598309;41.98647628;0.1;False;ok;7;1;1.171;
1858;0.985598309;41.98647628;0.1;False;ok;4;1;1.452;
1859;1.085598309;41.98647628;0.1;False;ok;4;1;1.314;
1860;1.185598309;41.98647628;0.1;False;ok;9;1;1.418;
1861;1.285598309;41.98647628;0.1;False;ok;12;1;1.633;
1862;1.385598309;41.98647628;0.1;False;ok;3;1;1.587;
1863;1.485598309;41.98647628;0.1;False;ok;28;1;1.590;
1864;1.585598309;41.98647628;0.1;False;ok;3;1;1.443;
1865;1.685598309;41.98647628;0.1;False;ok;5;1;1.551;
1866;1.785598309;41.98647628;0.1;False;ok;38;1;1.445;
1867;1.885598309;41.98647628;0.1;False;ok;16;1;1.403;
1868;1.985598309;41.98647628;0.1;False;ok;5;1;1.698;
1869;2.085598309;41.98647628;0.1;False;ok;14;1;1.569;
1870;2.185598309;41.98647628;0.1;False;ok;4;1;1.623;
1871;2.285598309;41.98647628;0.1;False;ok;14;1;1.560;
1872;2.385598309;41.98647628;0.1;False;ok;14;1;1.635;
1873;2.485598309;41.98647628;0.1;False;ok;31;1;1.534;
1874;2.585598309;41.98647628;0.1;False;ok;17;1;1.464;
1875;2.685598309;41.98647628;0.1;False;ok;18;1;1.782;
1876;2.785598309;41.98647628;0.1;False;ok;74;1;1.944;
1877;2.885598309;41.98647628;0.1;False;ok;36;1;1.870;
1878;2.985598309;41.98647628;0.1;False;ok;50;1;1.518;
1879;3.085598309;41.98647628;0.05;False;ok;13;1;1.581;
1880;3.135598309;41.98647628;0.05;False;ok;10;1;1.560;
1881;3.085598309;42.03647628;0.05;False;ok;28;1;1.548;
1882;3.135598309;42.03647628;0.025;False;ok;32;1;1.379;
1883;3.160598309;42.03647628;0.025;False;ok;74;1;1.581;
1884;3.185598309;41.98647628;0.0125;False;ok;75;1;1.570;
1885;3.198098309;41.98647628;0.0125;False;ok;8;1;1.213;
1886;3.185598309;41.99897628;0.0125;False;ok;74;1;1.563;
1887;3.185598309;42.01147628;0.025;False;ok;0;1;1.940;
1888;3.185598309;42.03647628;0.0125;False;ok;75;1;1.333;
1889;3.185598309;42.04897628;0.003125;False;ok;19;1;1.158;
1890;3.188723309;42.04897628;0.003125;False;ok;73;1;1.558;
1891;3.185598309;42.05210128;0.003125;False;ok;1;1;1.164;
1892;3.191848309;42.04897628;0.003125;False;ok;49;1;1.439;
1893;3.194973309;42.04897628;0.003125;False;ok;75;1;1.522;
1894;3.191848309;42.05210128;0.003125;False;ok;18;1;1.270;
1895;3.194973309;42.05210128;0.003125;False;ok;41;1;1.187;
1896;3.191848309;42.05522628;0.00625;False;ok;13;1;1.294;
1897;3.198098309;42.04897628;0.0125;False;ok;75;1;1.618;
1898;-2.514401691;42.08647628;0.1;False;ok;0;1;2.032;
1899;-2.414401691;42.08647628;0.1;False;ok;5;1;1.399;
1900;-2.314401691;42.08647628;0.1;False;ok;6;1;1.345;
1901;-2.214401691;42.08647628;0.1;False;ok;6;1;1.278;
1902;-2.114401691;42.08647628;0.1;False;ok;3;1;1.230;
1903;-2.014401691;42.08647628;0.1;False;ok;2;1;1.338;
1904;-1.814401691;42.08647628;0.1;False;ok;15;1;1.390;
1905;-1.714401691;42.08647628;0.1;False;ok;5;1;1.343;
1906;-1.614401691;42.08647628;0.1;False;ok;24;1;1.228;
1907;-1.214401691;42.08647628;0.1;False;ok;1;1;1.151;
1908;-1.014401691;42.08647628;0.1;False;ok;0;1;1.933;
1909;-0.814401691;42.08647628;0.1;False;ok;1;1;1.098;
1910;-0.714401691;42.08647628;0.1;False;ok;2;1;1.158;
1911;-0.614401691;42.08647628;0.1;False;ok;1;1;1.165;
1912;-0.414401691;42.08647628;0.1;False;ok;45;1;1.137;
1913;-0.314401691;42.08647628;0.1;False;ok;3;1;1.053;
1914;-0.214401691;42.08647628;0.1;False;ok;5;1;0.956;
1915;-0.114401691;42.08647628;0.1;False;ok;14;1;1.013;
1916;-0.014401691;42.08647628;0.1;False;ok;66;1;0.954;
1917;0.085598309;42.08647628;0.1;False;ok;1;1;1.049;
1918;0.185598309;42.08647628;0.1;False;ok;5;1;0.957;
1919;0.285598309;42.08647628;0.1;False;ok;9;1;0.990;
1920;0.385598309;42.08647628;0.1;False;ok;8;1;1.029;
1921;0.485598309;42.08647628;0.1;False;ok;4;1;0.952;
1922;0.685598309;42.08647628;0.1;False;ok;1;1;0.931;
1923;0.785598309;42.08647628;0.1;False;ok;5;1;1.071;
1924;0.885598309;42.08647628;0.1;False;ok;43;1;1.073;
1925;0.985598309;42.08647628;0.1;False;ok;10;1;1.160;
1926;1.085598309;42.08647628;0.1;False;ok;2;1;1.208;
1927;1.185598309;42.08647628;0.1;False;ok;3;1;1.100;
1928;1.285598309;42.08647628;0.1;False;ok;5;1;1.192;
1929;1.385598309;42.08647628;0.1;False;ok;5;1;1.140;
1930;1.485598309;42.08647628;0.1;False;ok;16;1;1.291;
1931;1.585598309;42.08647628;0.1;False;ok;29;1;1.331;
1932;1.685598309;42.08647628;0.1;False;ok;0;1;2.011;
1933;1.785598309;42.08647628;0.1;False;ok;36;1;1.288;
1934;1.885598309;42.08647628;0.1;False;ok;3;1;1.169;
1935;1.985598309;42.08647628;0.1;False;ok;12;1;1.207;
1936;2.085598309;42.08647628;0.1;False;ok;10;1;1.136;
1937;2.185598309;42.08647628;0.1;False;ok;15;1;1.262;
1938;2.285598309;42.08647628;0.1;False;ok;5;1;1.341;
1939;2.385598309;42.08647628;0.1;False;ok;58;1;1.397;
1940;2.485598309;42.08647628;0.1;False;ok;52;1;1.243;
1941;2.585598309;42.08647628;0.1;False;ok;15;1;1.324;
1942;2.685598309;42.08647628;0.1;False;ok;64;1;1.395;
1943;2.785598309;42.08647628;0.1;False;ok;22;1;1.291;
1944;2.885598309;42.08647628;0.1;False;ok;38;1;1.294;
1945;2.985598309;42.08647628;0.1;False;ok;52;1;1.301;
1946;3.085598309;42.08647628;0.025;False;ok;1;1;1.085;
1947;3.110598309;42.08647628;0.025;False;ok;45;1;1.256;
1948;3.110598309;42.11147628;0.0125;False;ok;11;1;1.085;
1949;3.123098309;42.11147628;0.0125;False;ok;75;1;1.370;
1950;3.110598309;42.12397628;0.0125;False;ok;10;1;1.049;
1951;3.123098309;42.12397628;0.0125;False;ok;74;1;1.333;
1952;3.135598309;42.09897628;0.0125;False;ok;73;1;1.402;
1953;3.148098309;42.09897628;0.0125;False;ok;64;1;1.374;
1954;3.160598309;42.08647628;0.025;False;ok;42;1;1.196;
1955;3.135598309;42.11147628;0.0125;False;ok;75;1;1.289;
1956;3.148098309;42.11147628;0.0125;False;ok;49;1;1.027;
1957;3.135598309;42.12397628;0.0125;False;ok;19;1;0.971;
1958;3.160598309;42.11147628;0.025;False;ok;12;1;0.996;
1959;3.085598309;42.13647628;0.05;False;ok;75;1;1.225;
1960;-2.514401691;42.18647628;0.1;False;ok;7;1;1.011;
1961;-2.314401691;42.18647628;0.1;False;ok;28;1;1.064;
1962;-2.214401691;42.18647628;0.1;False;ok;5;1;1.270;
1963;-2.114401691;42.18647628;0.1;False;ok;11;1;1.411;
1964;-2.014401691;42.18647628;0.1;False;ok;3;1;1.361;
1965;-1.914401691;42.18647628;0.1;False;ok;12;1;1.336;
1966;-1.814401691;42.18647628;0.1;False;ok;11;1;1.639;
1967;-1.714401691;42.18647628;0.1;False;ok;15;1;1.298;
1968;-1.314401691;42.18647628;0.1;False;ok;1;1;1.171;
1969;-1.014401691;42.18647628;0.1;False;ok;4;1;1.146;
1970;-0.814401691;42.18647628;0.1;False;ok;2;1;1.137;
1971;-0.714401691;42.18647628;0.1;False;ok;11;1;1.043;
1972;-0.614401691;42.18647628;0.1;False;ok;4;1;1.194;
1973;-0.514401691;42.18647628;0.1;False;ok;3;1;1.241;
1974;-0.414401691;42.18647628;0.1;False;ok;3;1;1.061;
1975;-0.314401691;42.18647628;0.1;False;ok;4;1;1.080;
1976;-0.214401691;42.18647628;0.1;False;ok;5;1;1.356;
1977;-0.114401691;42.18647628;0.1;False;ok;6;1;1.327;
1978;-0.014401691;42.18647628;0.1;False;ok;2;1;1.297;
1979;0.085598309;42.18647628;0.1;False;ok;6;1;1.228;
1980;0.185598309;42.18647628;0.1;False;ok;3;1;1.143;
1981;0.285598309;42.18647628;0.1;False;ok;15;1;1.154;
1982;0.385598309;42.18647628;0.1;False;ok;2;1;1.100;
1983;0.485598309;42.18647628;0.1;False;ok;3;1;1.026;
1984;0.685598309;42.18647628;0.1;False;ok;9;1;1.058;
1985;0.785598309;42.18647628;0.1;False;ok;1;1;1.055;
1986;0.885598309;42.18647628;0.1;False;ok;26;1;1.065;
1987;0.985598309;42.18647628;0.1;False;ok;10;1;1.152;
1988;1.185598309;42.18647628;0.1;False;ok;2;1;1.116;
1989;1.285598309;42.18647628;0.1;False;ok;8;1;1.290;
1990;1.385598309;42.18647628;0.1;False;ok;1;1;1.034;
1991;1.485598309;42.18647628;0.1;False;ok;8;1;1.105;
1992;1.585598309;42.18647628;0.1;False;ok;3;1;1.081;
1993;1.685598309;42.18647628;0.1;False;ok;13;1;1.213;
1994;1.785598309;42.18647628;0.1;False;ok;38;1;1.155;
1995;1.885598309;42.18647628;0.1;False;ok;20;1;1.109;
1996;1.985598309;42.18647628;0.1;False;ok;13;1;0.927;
1997;2.085598309;42.18647628;0.1;False;ok;22;1;1.306;
1998;2.185598309;42.18647628;0.1;False;ok;43;1;1.074;
1999;2.285598309;42.18647628;0.1;False;ok;51;1;1.175;
2000;2.385598309;42.18647628;0.1;False;ok;26;1;1.160;
2001;2.485598309;42.18647628;0.1;False;ok;38;1;1.149;
2002;2.585598309;42.18647628;0.1;False;ok;30;1;1.253;
2003;2.685598309;42.18647628;0.1;False;ok;60;1;1.390;
2004;2.785598309;42.18647628;0.1;False;ok;36;1;1.305;
2005;2.885598309;42.18647628;0.1;False;ok;72;1;1.621;
2006;2.985598309;42.18647628;0.1;False;ok;74;1;1.380;
2007;3.085598309;42.18647628;0.05;False;ok;6;1;1.187;
2008;3.098098309;42.23647628;0.0125;False;ok;16;1;1.234;
2009;3.098098309;42.24897628;0.0125;False;ok;74;1;1.372;
2010;3.110598309;42.23647628;0.00625;False;ok;0;1;1.779;
2011;3.116848309;42.23647628;0.00625;False;ok;68;1;1.171;
2012;3.110598309;42.24272628;0.00625;False;ok;43;1;1.148;
2013;3.116848309;42.24272628;0.00625;False;ok;70;1;1.409;
2014;3.123098309;42.23647628;0.0015625;False;ok;19;1;1.105;
2015;3.124660809;42.23647628;0.0015625;False;ok;0;1;1.816;
2016;3.123098309;42.23803878;0.0015625;False;ok;74;1;1.325;
2017;3.124660809;42.23803878;0.0015625;False;ok;30;1;1.110;
2018;3.123098309;42.23960128;0.003125;False;ok;74;1;1.261;
2019;3.126223309;42.23960128;0.003125;False;ok;27;1;1.040;
2020;3.123098309;42.24272628;0.003125;False;ok;14;1;0.949;
2021;3.126223309;42.24272628;0.003125;False;ok;74;1;1.094;
2022;3.123098309;42.24585128;0.003125;False;ok;25;1;0.848;
2023;3.126223309;42.24585128;0.003125;False;ok;54;1;1.233;
2024;3.129348309;42.24272628;0.00625;False;ok;61;1;1.269;
2025;3.110598309;42.24897628;0.0125;False;ok;73;1;1.177;
2026;3.123098309;42.24897628;0.0125;False;ok;74;1;1.431;
2027;3.085598309;42.26147628;0.025;False;ok;9;1;1.315;
2028;3.135598309;42.23647628;0.025;False;ok;47;1;1.156;
2029;3.173098309;42.23647628;0.0125;False;ok;33;1;1.430;
2030;3.179348309;42.24897628;0.00625;False;ok;34;1;1.349;
2031;3.173098309;42.25522628;0.00625;False;ok;28;1;1.943;
2032;3.179348309;42.25522628;0.003125;False;ok;26;1;1.740;
2033;3.182473309;42.25522628;0.003125;False;ok;37;1;5.329;
2034;3.179348309;42.25835128;0.003125;False;ok;45;1;5.407;
2035;3.182473309;42.25835128;0.003125;False;ok;25;1;5.462;
2036;3.135598309;42.26147628;0.00625;False;ok;7;1;3.078;
2037;3.141848309;42.26147628;0.00625;False;ok;75;1;3.181;
2038;3.135598309;42.26772628;0.00625;False;ok;72;1;5.618;
2039;3.141848309;42.26772628;0.00625;False;ok;73;1;3.171;
2040;3.148098309;42.26147628;0.003125;False;ok;44;1;3.041;
2041;3.151223309;42.26147628;0.003125;False;ok;73;1;5.869;
2042;3.148098309;42.26460128;0.003125;False;ok;39;1;5.468;
2043;3.151223309;42.26460128;0.003125;False;ok;27;1;5.858;
2044;3.154348309;42.26147628;0.003125;False;ok;75;1;5.506;
2045;3.157473309;42.26147628;0.003125;False;ok;25;1;5.513;
2046;3.154348309;42.26460128;0.003125;False;ok;12;1;5.580;
2047;3.157473309;42.26460128;0.003125;False;ok;29;1;3.159;
2048;3.148098309;42.26772628;0.00625;False;ok;1;1;5.598;
2049;3.154348309;42.26772628;0.00625;False;ok;2;1;5.447;
2050;3.135598309;42.27397628;0.0125;False;ok;4;1;5.460;
2051;3.148098309;42.27397628;0.0125;False;ok;1;1;3.090;
2052;3.160598309;42.26147628;0.003125;False;ok;5;1;4.892;
2053;3.160598309;42.26460128;0.003125;False;ok;72;1;3.170;
2054;3.163723309;42.26460128;0.003125;False;ok;42;1;3.278;
2055;3.166848309;42.26147628;0.00625;False;ok;22;1;3.296;
2056;3.160598309;42.26772628;0.00625;False;ok;7;1;3.067;
2057;3.173098309;42.26147628;0.00625;False;ok;75;1;2.901;
2058;3.179348309;42.26147628;0.00625;False;ok;42;1;2.417;
2059;3.173098309;42.26772628;0.00625;False;ok;0;1;3.903;
2060;3.179348309;42.26772628;0.00625;False;ok;5;1;3.189;
2061;3.160598309;42.27397628;0.0125;False;ok;11;1;3.065;
2062;3.185598309;42.24272628;0.00625;False;ok;75;1;3.268;
2063;3.191848309;42.24272628;0.00625;False;ok;72;1;3.308;
2064;3.198098309;42.23647628;0.0125;False;ok;71;1;3.026;
2065;3.185598309;42.24897628;0.0125;False;ok;75;1;3.494;
2066;3.198098309;42.24897628;0.0125;False;ok;6;1;3.112;
2067;3.210598309;42.23647628;0.025;False;ok;8;1;2.610;
2068;3.185598309;42.26147628;0.025;False;ok;21;1;3.026;
2069;3.235598309;42.23647628;0.05;False;ok;12;1;2.626;
2070;3.285598309;42.18647628;0.1;False;ok;8;1;2.994;
2071;-2.514401691;42.28647628;0.1;False;ok;11;1;2.933;
2072;-2.314401691;42.28647628;0.1;False;ok;3;1;2.563;
2073;-2.214401691;42.28647628;0.1;False;ok;5;1;2.786;
2074;-2.014401691;42.28647628;0.1;False;ok;15;1;2.932;
2075;-1.914401691;42.28647628;0.1;False;ok;3;1;2.861;
2076;-1.814401691;42.28647628;0.1;False;ok;3;1;2.858;
2077;-1.714401691;42.28647628;0.1;False;ok;1;1;2.313;
2078;-1.614401691;42.28647628;0.1;False;ok;5;1;2.290;
2079;-1.514401691;42.28647628;0.1;False;ok;2;1;0.991;
2080;-1.414401691;42.28647628;0.1;False;ok;2;1;0.903;
2081;-1.214401691;42.28647628;0.1;False;ok;3;1;0.821;
2082;-1.114401691;42.28647628;0.1;False;ok;0;1;1.655;
2083;-0.814401691;42.28647628;0.1;False;ok;24;1;1.083;
2084;-0.714401691;42.28647628;0.1;False;ok;6;1;0.894;
2085;-0.614401691;42.28647628;0.1;False;ok;0;1;1.667;
2086;-0.514401691;42.28647628;0.1;False;ok;2;1;0.823;
2087;-0.414401691;42.28647628;0.1;False;ok;0;1;1.607;
2088;-0.314401691;42.28647628;0.1;False;ok;3;1;0.851;
2089;-0.014401691;42.28647628;0.1;False;ok;2;1;1.146;
2090;0.085598309;42.28647628;0.1;False;ok;12;1;1.226;
2091;0.185598309;42.28647628;0.1;False;ok;12;1;1.218;
2092;0.285598309;42.28647628;0.1;False;ok;3;1;1.310;
2093;0.385598309;42.28647628;0.1;False;ok;2;1;1.349;
2094;0.485598309;42.28647628;0.1;False;ok;18;1;1.415;
2095;0.585598309;42.28647628;0.1;False;ok;1;1;1.361;
2096;0.685598309;42.28647628;0.1;False;ok;3;1;1.368;
2097;0.785598309;42.28647628;0.1;False;ok;4;1;1.355;
2098;0.885598309;42.28647628;0.1;False;ok;8;1;1.402;
2099;0.985598309;42.28647628;0.1;False;ok;15;1;1.409;
2100;1.085598309;42.28647628;0.1;False;ok;7;1;1.456;
2101;1.185598309;42.28647628;0.1;False;ok;7;1;1.343;
2102;1.285598309;42.28647628;0.1;False;ok;9;1;1.151;
2103;1.385598309;42.28647628;0.1;False;ok;43;1;1.203;
2104;1.485598309;42.28647628;0.1;False;ok;10;1;1.024;
2105;1.585598309;42.28647628;0.1;False;ok;12;1;1.038;
2106;1.685598309;42.28647628;0.1;False;ok;49;1;0.993;
2107;1.785598309;42.28647628;0.1;False;ok;45;1;1.011;
2108;1.885598309;42.28647628;0.1;False;ok;75;1;1.179;
2109;1.985598309;42.28647628;0.1;False;ok;11;1;0.973;
2110;2.085598309;42.28647628;0.1;False;ok;74;1;1.054;
2111;2.185598309;42.28647628;0.1;False;ok;8;1;1.076;
2112;2.285598309;42.28647628;0.1;False;ok;72;1;1.410;
2113;2.385598309;42.28647628;0.1;False;ok;42;1;1.495;
2114;2.685598309;42.28647628;0.1;False;ok;14;1;1.415;
2115;2.785598309;42.28647628;0.1;False;ok;25;1;1.464;
2116;2.885598309;42.28647628;0.1;False;ok;27;1;1.421;
2117;2.985598309;42.28647628;0.1;False;ok;53;1;1.512;
2118;3.085598309;42.28647628;0.05;False;ok;20;1;1.450;
2119;3.135598309;42.28647628;0.05;False;ok;64;1;1.744;
2120;3.085598309;42.33647628;0.05;False;ok;1;1;1.498;
2121;3.135598309;42.33647628;0.025;False;ok;3;1;1.488;
2122;3.160598309;42.33647628;0.025;False;ok;75;1;1.836;
2123;3.135598309;42.36147628;0.025;False;ok;74;1;1.825;
2124;3.160598309;42.36147628;0.025;False;ok;74;1;1.666;
2125;3.185598309;42.28647628;0.05;False;ok;42;1;1.538;
2126;3.235598309;42.28647628;0.05;False;ok;74;1;1.548;
2127;3.185598309;42.33647628;0.05;False;ok;44;1;1.259;
2128;3.285598309;42.28647628;0.1;False;ok;6;1;1.168;
2129;-2.514401691;42.38647628;0.05;False;ok;4;1;1.143;
2130;-2.464401691;42.38647628;0.05;False;ok;15;1;1.138;
2131;-2.514401691;42.43647628;0.05;False;ok;7;1;0.997;
2132;-2.464401691;42.43647628;0.025;False;ok;50;1;0.951;
2133;-2.439401691;42.43647628;0.025;False;ok;9;1;0.896;
2134;-2.464401691;42.46147628;0.0125;False;ok;47;1;1.002;
2135;-2.451901691;42.46147628;0.00625;False;ok;74;1;1.239;
2136;-2.445651691;42.46147628;0.00625;False;ok;71;1;1.214;
2137;-2.451901691;42.46772628;0.00625;False;ok;14;1;1.059;
2138;-2.445651691;42.46772628;0.00625;False;ok;17;1;1.089;
2139;-2.451901691;42.47397628;0.0125;False;ok;3;1;0.893;
2140;-2.439401691;42.46147628;0.025;False;ok;57;1;0.996;
2141;-2.414401691;42.38647628;0.1;False;ok;6;1;0.934;
2142;-2.314401691;42.38647628;0.1;False;ok;4;1;0.891;
2143;-2.214401691;42.38647628;0.1;False;ok;4;1;0.835;
2144;-2.114401691;42.38647628;0.1;False;ok;2;1;1.109;
2145;-2.014401691;42.38647628;0.1;False;ok;5;1;1.226;
2146;-1.914401691;42.38647628;0.1;False;ok;3;1;1.005;
2147;-1.814401691;42.38647628;0.1;False;ok;0;1;1.831;
2148;-1.714401691;42.38647628;0.1;False;ok;30;1;1.181;
2149;-1.514401691;42.38647628;0.1;False;ok;2;1;1.139;
2150;-1.114401691;42.38647628;0.1;False;ok;2;1;1.132;
2151;-1.014401691;42.38647628;0.1;False;ok;3;1;1.097;
2152;-0.814401691;42.38647628;0.1;False;ok;0;1;1.821;
2153;-0.714401691;42.38647628;0.1;False;ok;1;1;1.047;
2154;-0.314401691;42.38647628;0.1;False;ok;3;1;0.984;
2155;-0.214401691;42.38647628;0.1;False;ok;1;1;0.852;
2156;-0.114401691;42.38647628;0.1;False;ok;6;1;0.887;
2157;-0.014401691;42.38647628;0.1;False;ok;42;1;1.049;
2158;0.085598309;42.38647628;0.1;False;ok;75;1;1.135;
2159;0.185598309;42.38647628;0.1;False;ok;10;1;0.939;
2160;0.285598309;42.38647628;0.1;False;ok;1;1;1.018;
2161;0.385598309;42.38647628;0.1;False;ok;13;1;1.105;
2162;0.485598309;42.38647628;0.1;False;ok;1;1;0.976;
2163;0.585598309;42.38647628;0.1;False;ok;15;1;1.054;
2164;0.685598309;42.38647628;0.1;False;ok;43;1;0.966;
2165;0.885598309;42.38647628;0.1;False;ok;3;1;0.846;
2166;0.985598309;42.38647628;0.1;False;ok;11;1;0.861;
2167;1.085598309;42.38647628;0.1;False;ok;75;1;1.162;
2168;1.185598309;42.38647628;0.1;False;ok;1;1;0.789;
2169;1.285598309;42.38647628;0.1;False;ok;0;1;1.694;
2170;1.385598309;42.38647628;0.1;True;ok;3;1;0.939;
2171;1.485598309;42.38647628;0.1;True;ok;0;1;1.120;
2172;1.585598309;42.38647628;0.1;False;ok;5;1;0.914;
2173;1.685598309;42.38647628;0.1;False;ok;6;1;0.984;
2174;1.785598309;42.38647628;0.1;False;ok;37;1;1.039;
2175;1.885598309;42.38647628;0.05;False;ok;74;1;1.159;
2176;1.935598309;42.38647628;0.05;True;ok;9;1;1.075;
2177;1.885598309;42.43647628;0.05;True;ok;8;1;1.190;
2178;1.935598309;42.43647628;0.05;True;ok;40;1;1.229;
2179;1.985598309;42.38647628;0.1;True;ok;4;1;1.353;
2180;2.085598309;42.38647628;0.1;True;ok;3;1;1.253;
2181;2.685598309;42.38647628;0.1;True;ok;2;1;1.254;
2182;2.785598309;42.38647628;0.1;True;ok;17;1;1.266;
2183;2.885598309;42.38647628;0.1;False;ok;6;1;1.268;
2184;2.985598309;42.38647628;0.1;False;ok;6;1;1.273;
2185;3.135598309;42.38647628;0.05;False;ok;41;1;1.439;
2186;-2.514401691;42.48647628;0.1;False;ok;5;1;1.271;
2187;-2.414401691;42.48647628;0.1;False;ok;16;1;1.288;
2188;-2.314401691;42.48647628;0.1;False;ok;12;1;1.225;
2189;-2.214401691;42.48647628;0.1;False;ok;14;1;1.232;
2190;-2.114401691;42.48647628;0.1;False;ok;0;1;1.934;
2191;-1.914401691;42.48647628;0.1;False;ok;4;1;1.200;
2192;-1.714401691;42.48647628;0.1;False;ok;7;1;1.164;
2193;-1.614401691;42.48647628;0.1;False;ok;4;1;1.065;
2194;-1.514401691;42.48647628;0.1;False;ok;4;1;0.850;
2195;-1.414401691;42.48647628;0.1;False;ok;6;1;0.938;
2196;-1.314401691;42.48647628;0.1;False;ok;10;1;1.030;
2197;-1.214401691;42.48647628;0.1;False;ok;3;1;1.047;
2198;-1.114401691;42.48647628;0.1;False;ok;2;1;1.483;
2199;-1.014401691;42.48647628;0.1;False;ok;1;1;1.051;
2200;-0.814401691;42.48647628;0.1;False;ok;6;1;1.826;
2201;-0.714401691;42.48647628;0.1;False;ok;8;1;1.061;
2202;-0.614401691;42.48647628;0.1;False;ok;74;1;1.458;
2203;-0.514401691;42.48647628;0.1;False;ok;23;1;1.236;
2204;-0.414401691;42.48647628;0.1;False;ok;73;1;1.386;
2205;-0.314401691;42.48647628;0.1;False;ok;1;1;1.715;
2206;-0.214401691;42.48647628;0.1;False;ok;20;1;1.349;
2207;-0.114401691;42.48647628;0.1;False;ok;15;1;1.401;
2208;-0.014401691;42.48647628;0.1;False;ok;5;1;1.275;
2209;0.085598309;42.48647628;0.1;False;ok;37;1;1.343;
2210;0.185598309;42.48647628;0.1;False;ok;11;1;1.270;
2211;0.285598309;42.48647628;0.1;False;ok;8;1;1.268;
2212;0.385598309;42.48647628;0.1;False;ok;44;1;1.264;
2213;0.485598309;42.48647628;0.1;False;ok;22;1;1.297;
2214;0.585598309;42.48647628;0.1;False;ok;2;1;1.203;
2215;0.685598309;42.48647628;0.1;False;ok;5;2;4.147;
2216;0.785598309;42.48647628;0.05;False;ok;38;1;1.029;
2217;0.835598309;42.48647628;0.05;False;ok;75;1;1.213;
2218;0.835598309;42.53647628;0.05;False;ok;3;1;0.886;
2219;0.985598309;42.48647628;0.1;False;ok;3;1;0.755;
2220;1.085598309;42.48647628;0.1;False;ok;37;1;0.845;
2221;1.185598309;42.48647628;0.1;False;ok;30;1;0.836;
2222;1.285598309;42.48647628;0.1;False;ok;6;1;0.780;
2223;1.685598309;42.48647628;0.05;True;ok;0;1;0.804;
2224;-2.514401691;42.58647628;0.1;False;ok;4;1;0.867;
2225;-2.414401691;42.58647628;0.1;False;ok;8;1;0.981;
2226;-2.314401691;42.58647628;0.1;False;ok;6;2;3.891;
2227;-2.214401691;42.58647628;0.1;False;ok;5;1;1.132;
2228;-2.114401691;42.58647628;0.1;False;ok;61;1;1.158;
2229;-2.014401691;42.58647628;0.1;False;ok;10;1;1.172;
2230;-1.914401691;42.58647628;0.1;False;ok;13;1;1.278;
2231;-1.814401691;42.58647628;0.1;False;ok;19;1;1.408;
2232;-1.714401691;42.58647628;0.1;False;ok;7;1;1.371;
2233;-1.614401691;42.58647628;0.1;False;ok;4;1;1.336;
2234;-1.414401691;42.58647628;0.1;False;ok;1;1;1.344;
2235;-1.314401691;42.58647628;0.1;False;ok;6;1;1.318;
2236;-1.214401691;42.58647628;0.1;False;ok;4;1;1.408;
2237;-1.014401691;42.58647628;0.1;False;ok;2;1;1.434;
2238;-0.914401691;42.58647628;0.1;False;ok;3;1;1.307;
2239;-0.814401691;42.58647628;0.1;False;ok;1;1;1.313;
2240;-0.714401691;42.58647628;0.1;False;ok;9;1;1.335;
2241;-0.614401691;42.58647628;0.1;False;ok;74;1;1.565;
2242;-0.414401691;42.58647628;0.1;False;ok;70;1;1.515;
2243;-0.314401691;42.58647628;0.1;False;ok;21;1;1.276;
2244;-0.214401691;42.58647628;0.1;False;ok;47;1;1.037;
2245;-0.114401691;42.58647628;0.1;False;ok;34;1;0.996;
2246;-0.014401691;42.58647628;0.1;False;ok;1;1;0.878;
2247;0.085598309;42.58647628;0.1;False;ok;2;1;0.806;
2248;0.185598309;42.58647628;0.1;False;ok;32;1;0.878;
2249;0.285598309;42.58647628;0.1;False;ok;18;1;1.143;
2250;0.485598309;42.58647628;0.025;False;ok;42;1;1.120;
2251;0.510598309;42.58647628;0.0125;False;ok;2;1;1.048;
2252;0.510598309;42.59897628;0.0125;False;ok;75;1;1.546;
2253;0.523098309;42.59897628;0.0125;False;ok;74;1;1.136;
2254;0.535598309;42.58647628;0.05;False;ok;64;1;1.208;
2255;0.535598309;42.63647628;0.05;False;ok;1;1;0.943;
2256;0.685598309;42.58647628;0.1;False;ok;0;1;1.764;
2257;0.885598309;42.58647628;0.1;False;ok;0;1;1.710;
2258;0.985598309;42.58647628;0.1;False;ok;4;1;0.982;
2259;1.085598309;42.58647628;0.1;False;ok;75;1;1.128;
2260;1.185598309;42.58647628;0.1;False;ok;9;1;1.018;
2261;1.285598309;42.58647628;0.1;False;ok;9;1;1.180;
2262;-2.514401691;42.68647628;0.1;False;ok;4;1;1.246;
2263;-2.414401691;42.68647628;0.1;False;ok;5;1;1.150;
2264;-2.314401691;42.68647628;0.1;False;ok;6;1;1.160;
2265;-2.214401691;42.68647628;0.1;False;ok;12;1;1.160;
2266;-2.114401691;42.68647628;0.1;False;ok;16;1;1.204;
2267;-2.014401691;42.68647628;0.1;False;ok;16;1;1.059;
2268;-1.914401691;42.68647628;0.1;False;ok;2;1;1.330;
2269;-1.814401691;42.68647628;0.1;False;ok;6;1;1.030;
2270;-1.714401691;42.68647628;0.1;False;ok;9;1;1.059;
2271;-1.514401691;42.68647628;0.1;False;ok;3;1;0.971;
2272;-1.414401691;42.68647628;0.1;False;ok;8;1;0.865;
2273;-1.314401691;42.68647628;0.1;False;ok;2;1;0.847;
2274;-1.014401691;42.68647628;0.1;False;ok;1;1;0.790;
2275;-0.914401691;42.68647628;0.1;False;ok;13;1;0.902;
2276;-0.814401691;42.68647628;0.1;False;ok;9;1;0.932;
2277;-0.714401691;42.68647628;0.1;False;ok;2;1;0.931;
2278;-0.614401691;42.68647628;0.1;False;ok;55;1;1.203;
2279;-0.514401691;42.68647628;0.1;False;ok;2;1;1.249;
2280;-0.414401691;42.68647628;0.1;False;ok;75;1;1.609;
2281;-0.314401691;42.68647628;0.1;False;ok;75;1;1.561;
2282;-0.114401691;42.68647628;0.1;False;ok;1;1;1.182;
2283;0.685598309;42.68647628;0.1;False;ok;40;1;1.511;
2284;0.785598309;42.68647628;0.0125;False;ok;2;1;1.450;
2285;0.798098309;42.68647628;0.0125;False;ok;31;1;1.555;
2286;0.785598309;42.69897628;0.0125;False;ok;75;1;1.796;
2287;0.798098309;42.69897628;0.0125;False;ok;36;1;1.707;
2288;0.810598309;42.68647628;0.025;False;ok;10;1;1.634;
2289;0.785598309;42.71147628;0.025;False;ok;13;1;1.598;
2290;0.835598309;42.68647628;0.05;False;ok;54;1;1.748;
2291;0.885598309;42.68647628;0.025;False;ok;75;1;1.964;
2292;0.932473309;42.69272628;0.003125;False;ok;20;1;1.702;
2293;0.929348309;42.69585128;0.003125;False;ok;10;1;1.768;
2294;0.932473309;42.69585128;0.003125;False;ok;74;1;1.998;
2295;0.910598309;42.69897628;0.0125;False;ok;16;1;1.794;
2296;0.923098309;42.69897628;0.0125;False;ok;41;1;1.820;
2297;0.910598309;42.71147628;0.025;False;ok;14;1;1.560;
2298;0.935598309;42.68647628;0.05;False;ok;64;1;1.453;
2299;0.985598309;42.68647628;0.1;False;ok;0;1;2.150;
2300;1.085598309;42.68647628;0.1;True;ok;0;1;2.017;
2301;-2.414401691;42.78647628;0.1;False;ok;2;1;1.047;
2302;-2.314401691;42.78647628;0.1;False;ok;4;1;1.071;
2303;-2.214401691;42.78647628;0.1;False;ok;4;1;1.081;
2304;-2.114401691;42.78647628;0.1;False;ok;1;1;1.087;
2305;-2.014401691;42.78647628;0.1;False;ok;0;1;1.713;
2306;-1.914401691;42.78647628;0.1;False;ok;5;1;0.991;
2307;-1.814401691;42.78647628;0.1;False;ok;8;1;0.957;
2308;-1.714401691;42.78647628;0.05;False;ok;49;1;1.101;
2309;-1.664401691;42.78647628;0.025;False;ok;48;1;1.035;
2310;-1.639401691;42.78647628;0.025;False;ok;23;1;1.081;
2311;-1.664401691;42.81147628;0.025;False;ok;74;1;1.211;
2312;-1.639401691;42.81147628;0.025;False;ok;20;1;0.868;
2313;-1.714401691;42.83647628;0.05;False;ok;6;1;0.857;
2314;-1.664401691;42.83647628;0.05;False;ok;4;1;1.014;
2315;-1.614401691;42.78647628;0.1;False;ok;23;1;1.151;
2316;-1.514401691;42.78647628;0.1;False;ok;2;1;0.848;
2317;-1.414401691;42.78647628;0.1;False;ok;3;1;1.023;
2318;-1.314401691;42.78647628;0.1;False;ok;1;1;0.963;
2319;-1.114401691;42.78647628;0.1;False;ok;5;1;1.050;
2320;-1.014401691;42.78647628;0.1;False;ok;33;1;1.072;
2321;-0.814401691;42.78647628;0.1;False;ok;1;1;0.946;
2322;-0.614401691;42.78647628;0.1;True;ok;15;1;1.124;
2323;-0.514401691;42.78647628;0.1;True;ok;0;1;1.612;
2324;0.685598309;42.78647628;0.1;True;ok;32;1;0.916;
2325;-2.414401691;42.88647628;0.1;False;ok;6;1;0.751;
2326;-2.314401691;42.88647628;0.1;False;ok;3;1;0.871;
2327;-2.214401691;42.88647628;0.1;False;ok;12;1;1.310;
2328;-2.114401691;42.88647628;0.1;False;ok;9;1;1.580;
2329;-2.014401691;42.88647628;0.1;False;ok;2;1;1.363;
2330;-1.914401691;42.88647628;0.1;False;ok;10;1;1.298;
2331;-1.814401691;42.88647628;0.1;False;ok;13;1;1.377;
2332;-1.714401691;42.88647628;0.1;False;ok;13;1;1.317;
2333;-1.614401691;42.88647628;0.1;False;ok;8;1;1.434;
2334;-1.514401691;42.88647628;0.1;False;ok;22;1;1.466;
2335;-1.414401691;42.88647628;0.1;False;ok;13;1;1.456;
2336;-1.314401691;42.88647628;0.1;False;ok;12;1;1.360;
2337;-1.214401691;42.88647628;0.1;False;ok;7;1;1.329;
2338;-1.114401691;42.88647628;0.1;False;ok;20;1;1.693;
2339;-2.514401691;42.98647628;0.1;False;ok;13;1;1.637;
2340;-2.414401691;42.98647628;0.1;False;ok;7;1;1.615;
2341;-2.314401691;42.98647628;0.1;False;ok;11;1;2.074;
2342;-2.214401691;42.98647628;0.1;False;ok;9;1;1.524;
2343;-2.114401691;42.98647628;0.1;False;ok;1;1;1.345;
2344;-2.014401691;42.98647628;0.1;False;ok;11;1;1.439;
2345;-1.914401691;42.98647628;0.1;False;ok;12;1;1.334;
2346;-1.814401691;42.98647628;0.1;False;ok;6;1;0.993;
2347;-1.714401691;42.98647628;0.1;False;ok;7;1;1.016;
2348;-1.614401691;42.98647628;0.1;False;ok;1;1;0.881;
2349;-1.514401691;42.98647628;0.1;True;ok;1;1;0.917;
2350;-1.414401691;42.98647628;0.1;False;ok;6;1;1.058;
2351;-1.314401691;42.98647628;0.1;False;ok;10;1;0.999;
2352;-2.514401691;43.08647628;0.1;False;ok;7;1;1.159;
2353;-2.414401691;43.08647628;0.1;False;ok;4;1;1.109;
2354;-2.314401691;43.08647628;0.1;False;ok;19;1;1.110;
2355;-2.214401691;43.08647628;0.1;False;ok;7;1;1.062;
2356;-2.114401691;43.08647628;0.1;False;ok;12;1;1.056;
2357;-2.014401691;43.08647628;0.1;False;ok;5;1;1.031;
2358;-1.914401691;43.08647628;0.1;False;ok;3;1;1.051;
2359;-1.814401691;43.08647628;0.1;False;ok;4;1;1.145;
2360;-1.714401691;43.08647628;0.1;False;ok;25;1;1.441;
2361;-1.614401691;43.08647628;0.1;False;ok;56;1;1.359;
2362;-1.514401691;43.08647628;0.1;True;ok;16;1;1.265;
2363;-1.314401691;43.08647628;0.1;True;ok;5;1;1.586;
2364;-2.514401691;43.18647628;0.1;False;ok;16;1;1.378;
2365;-2.414401691;43.18647628;0.1;False;ok;17;1;1.383;
2366;-2.314401691;43.18647628;0.1;False;ok;21;1;1.408;
2367;-2.214401691;43.18647628;0.1;False;ok;75;1;1.430;
2368;-2.114401691;43.18647628;0.1;False;ok;34;1;1.229;
2369;-2.014401691;43.18647628;0.1;False;ok;33;1;1.361;
2370;-1.914401691;43.18647628;0.1;False;ok;7;1;1.156;
2371;-1.814401691;43.18647628;0.1;False;ok;8;1;1.085;
2372;-1.714401691;43.18647628;0.1;True;ok;32;1;1.226;
2373;-1.614401691;43.18647628;0.1;True;ok;8;1;1.175;
2374;-1.514401691;43.18647628;0.1;False;ok;10;1;1.204;
2375;2.785598309;43.18647628;0.1;True;ok;0;1;1.323;
2376;-2.514401691;43.28647628;0.1;False;ok;67;1;1.299;
2377;-2.414401691;43.28647628;0.1;False;ok;22;1;1.219;
2378;-2.314401691;43.28647628;0.1;False;ok;38;1;1.076;
2379;-2.214401691;43.28647628;0.1;False;ok;75;1;1.222;
2380;-2.114401691;43.28647628;0.1;False;ok;29;1;0.940;
2381;-2.014401691;43.28647628;0.025;False;ok;29;1;1.107;
2382;-1.989401691;43.28647628;0.025;False;ok;66;1;1.150;
2383;-2.014401691;43.31147628;0.025;False;ok;66;1;1.284;
2384;-1.989401691;43.31147628;0.00625;False;ok;75;1;1.375;
2385;-1.983151691;43.31147628;0.00625;False;ok;72;1;1.682;
2386;-1.989401691;43.31772628;0.00625;False;ok;75;1;1.820;
2387;-1.983151691;43.31772628;0.003125;False;ok;73;1;1.731;
2388;-1.980026691;43.31772628;0.003125;False;ok;16;1;1.744;
2389;-1.983151691;43.32085128;0.003125;False;ok;35;1;1.732;
2390;-1.980026691;43.32085128;0.003125;False;ok;34;1;1.662;
2391;-1.976901691;43.31147628;0.0125;False;ok;74;1;1.886;
2392;-1.989401691;43.32397628;0.0125;False;ok;42;1;1.724;
2393;-1.976901691;43.32397628;0.0125;False;ok;75;1;1.804;
2394;-1.964401691;43.28647628;0.05;False;ok;41;1;1.832;
2395;-1.914401691;43.28647628;0.1;False;ok;40;1;1.797;
2396;-1.814401691;43.28647628;0.05;False;ok;5;1;1.747;
2397;-1.814401691;43.33647628;0.025;False;ok;19;1;1.780;
2398;-1.789401691;43.33647628;0.025;True;ok;5;1;1.862;
2399;-1.814401691;43.36147628;0.025;False;ok;75;1;1.855;
2400;-1.789401691;43.36147628;0.0125;True;ok;3;1;1.563;
2401;-1.764401691;43.33647628;0.05;True;ok;1;1;1.560;
2402;-1.714401691;43.28647628;0.05;False;ok;1;1;1.327;
2403;-1.614401691;43.28647628;0.1;True;ok;1;1;1.359;
2404;-1.514401691;43.38647628;0.1;True;ok;1;1;1.304;
2405;1.385598309;43.38647628;0.1;True;ok;1;1;0.946;
2406;-7.168057005;38.21713759;0.1;False;ok;1;1;0.916;
2407;-6.768057005;38.21713759;0.1;False;ok;4;1;1.014;
2408;-6.368057005;38.21713759;0.1;False;ok;1;1;1.105;
2409;-6.068057005;38.21713759;0.1;False;ok;5;1;1.134;
2410;-5.968057005;38.21713759;0.1;False;ok;0;1;1.735;
2411;-5.868057005;38.21713759;0.1;False;ok;2;1;1.128;
2412;-5.768057005;38.21713759;0.1;False;ok;1;1;1.243;
2413;-5.668057005;38.21713759;0.1;False;ok;4;1;1.447;
2414;-5.568057005;38.21713759;0.1;False;ok;1;1;1.576;
2415;-5.468057005;38.21713759;0.1;False;ok;6;1;1.541;
2416;-5.368057005;38.21713759;0.1;False;ok;4;1;1.630;
2417;-3.668057005;38.21713759;0.1;False;ok;4;1;1.638;
2418;-3.468057005;38.21713759;0.1;False;ok;2;1;1.640;
2419;-3.268057005;38.21713759;0.1;False;ok;3;1;1.863;
2420;-2.968057005;38.21713759;0.1;False;ok;6;1;1.864;
2421;-2.868057005;38.21713759;0.1;False;ok;5;1;2.010;
2422;-2.768057005;38.21713759;0.1;False;ok;36;1;2.367;
2423;-2.668057005;38.21713759;0.1;False;ok;27;1;2.419;
2424;-2.568057005;38.21713759;0.1;False;ok;1;1;2.149;
2425;-2.468057005;38.21713759;0.1;False;ok;3;1;2.308;
2426;-7.268057005;38.31713759;0.1;False;ok;3;1;2.254;
2427;-7.168057005;38.31713759;0.1;False;ok;2;1;2.177;
2428;-6.868057005;38.31713759;0.1;False;ok;15;1;2.145;
2429;-6.768057005;38.31713759;0.1;False;ok;2;1;2.108;
2430;-6.668057005;38.31713759;0.1;False;ok;0;1;2.859;
2431;-6.468057005;38.31713759;0.1;False;ok;5;1;1.940;
2432;-6.368057005;38.31713759;0.1;False;ok;3;1;1.880;
2433;-6.068057005;38.31713759;0.1;False;ok;2;1;1.983;
2434;-5.968057005;38.31713759;0.1;False;ok;0;1;2.524;
2435;-5.068057005;38.31713759;0.1;False;ok;12;1;1.829;
2436;-4.968057005;38.31713759;0.1;False;ok;3;1;1.700;
2437;-4.868057005;38.31713759;0.1;False;ok;10;1;1.654;
2438;-4.668057005;38.31713759;0.1;False;ok;6;1;1.630;
2439;-4.368057005;38.31713759;0.1;False;ok;4;1;1.458;
2440;-3.568057005;38.31713759;0.1;False;ok;10;1;1.489;
2441;-3.468057005;38.31713759;0.1;False;ok;2;1;1.266;
2442;-3.368057005;38.31713759;0.1;False;ok;1;1;1.030;
2443;-2.868057005;38.31713759;0.1;False;ok;6;1;1.099;
2444;-2.768057005;38.31713759;0.1;False;ok;8;1;1.171;
2445;-2.668057005;38.31713759;0.1;False;ok;28;1;1.167;
2446;-2.568057005;38.31713759;0.1;False;ok;6;1;1.150;
2447;-2.468057005;38.31713759;0.1;False;ok;14;1;1.104;
2448;-2.368057005;38.31713759;0.1;False;ok;16;1;1.206;
2449;-7.368057005;38.41713759;0.1;True;ok;1;1;1.275;
2450;-6.468057005;38.41713759;0.1;False;ok;29;1;1.097;
2451;-6.368057005;38.41713759;0.1;False;ok;0;1;1.647;
2452;-6.268057005;38.41713759;0.1;False;ok;2;1;1.038;
2453;-5.168057005;38.41713759;0.1;False;ok;5;1;1.056;
2454;-4.768057005;38.41713759;0.1;False;ok;1;1;1.027;
2455;-4.368057005;38.41713759;0.1;False;ok;1;1;0.990;
2456;-3.568057005;38.41713759;0.1;False;ok;1;1;1.044;
2457;-2.768057005;38.41713759;0.1;False;ok;0;1;1.797;
2458;-2.668057005;38.41713759;0.1;False;ok;2;1;1.058;
2459;-2.568057005;38.41713759;0.1;False;ok;10;1;1.153;
2460;-2.468057005;38.41713759;0.1;False;ok;71;1;1.287;
2461;-2.368057005;38.41713759;0.1;False;ok;6;1;1.161;
2462;-7.068057005;38.51713759;0.1;False;ok;0;1;1.837;
2463;-6.868057005;38.51713759;0.1;False;ok;4;1;1.290;
2464;-6.668057005;38.51713759;0.1;False;ok;3;1;1.285;
2465;-6.568057005;38.51713759;0.1;False;ok;1;1;1.234;
2466;-6.368057005;38.51713759;0.1;False;ok;9;1;1.334;
2467;-6.268057005;38.51713759;0.1;False;ok;3;1;1.269;
2468;-6.068057005;38.51713759;0.1;False;ok;3;1;1.279;
2469;-4.568057005;38.51713759;0.1;False;ok;0;1;1.976;
2470;-4.168057005;38.51713759;0.1;False;ok;1;1;1.102;
2471;-3.468057005;38.51713759;0.1;False;ok;3;1;1.102;
2472;-3.368057005;38.51713759;0.1;False;ok;0;1;1.950;
2473;-3.068057005;38.51713759;0.1;False;ok;2;1;1.278;
2474;-2.868057005;38.51713759;0.1;False;ok;0;1;2.039;
2475;-2.668057005;38.51713759;0.1;False;ok;1;1;1.166;
2476;-2.568057005;38.51713759;0.1;False;ok;4;1;1.076;
2477;-2.468057005;38.51713759;0.1;False;ok;1;1;1.079;
2478;-2.368057005;38.51713759;0.1;False;ok;2;1;0.952;
2479;-7.168057005;38.61713759;0.1;False;ok;21;1;0.994;
2480;-7.068057005;38.61713759;0.1;False;ok;3;1;1.043;
2481;-6.568057005;38.61713759;0.1;False;ok;1;1;0.871;
2482;-6.468057005;38.61713759;0.1;False;ok;12;1;0.989;
2483;-6.168057005;38.61713759;0.1;False;ok;1;1;1.022;
2484;-5.668057005;38.61713759;0.1;False;ok;4;1;1.272;
2485;-5.268057005;38.61713759;0.1;False;ok;3;1;1.280;
2486;-4.368057005;38.61713759;0.1;False;ok;2;1;1.171;
2487;-4.268057005;38.61713759;0.1;False;ok;3;1;1.243;
2488;-4.168057005;38.61713759;0.1;False;ok;14;1;1.315;
2489;-3.868057005;38.61713759;0.1;False;ok;4;1;1.222;
2490;-3.568057005;38.61713759;0.1;False;ok;2;1;1.122;
2491;-3.468057005;38.61713759;0.1;False;ok;5;1;1.141;
2492;-3.368057005;38.61713759;0.1;False;ok;2;1;1.306;
2493;-3.168057005;38.61713759;0.1;False;ok;1;1;1.105;
2494;-3.068057005;38.61713759;0.1;False;ok;0;1;1.902;
2495;-2.868057005;38.61713759;0.1;False;ok;4;1;1.151;
2496;-2.768057005;38.61713759;0.1;False;ok;1;1;1.002;
2497;-2.668057005;38.61713759;0.1;False;ok;1;1;1.127;
2498;-2.568057005;38.61713759;0.1;False;ok;16;1;1.237;
2499;-2.468057005;38.61713759;0.1;False;ok;0;1;1.860;
2500;-2.368057005;38.61713759;0.1;False;ok;2;1;1.039;
2501;-6.968057005;38.71713759;0.1;False;ok;2;1;0.986;
2502;-6.468057005;38.71713759;0.1;False;ok;2;1;0.988;
2503;-6.268057005;38.71713759;0.1;False;ok;6;1;1.061;
2504;-5.668057005;38.71713759;0.1;False;ok;0;1;1.864;
2505;-4.968057005;38.71713759;0.1;False;ok;2;1;1.185;
2506;-4.868057005;38.71713759;0.1;False;ok;6;1;1.232;
2507;-4.168057005;38.71713759;0.1;False;ok;5;1;1.246;
2508;-3.768057005;38.71713759;0.1;False;ok;2;1;1.289;
2509;-3.468057005;38.71713759;0.1;False;ok;18;1;1.423;
2510;-3.368057005;38.71713759;0.1;False;ok;2;1;1.425;
2511;-3.068057005;38.71713759;0.1;False;ok;23;1;1.511;
2512;-2.968057005;38.71713759;0.1;False;ok;4;1;1.456;
2513;-2.768057005;38.71713759;0.1;False;ok;1;1;1.397;
2514;-2.668057005;38.71713759;0.1;False;ok;1;1;1.511;
2515;-2.468057005;38.71713759;0.1;False;ok;2;1;1.399;
2516;-7.068057005;38.81713759;0.1;False;ok;41;1;1.666;
2517;-6.968057005;38.81713759;0.1;False;ok;10;1;1.348;
2518;-6.768057005;38.81713759;0.1;False;ok;3;1;1.342;
2519;-6.668057005;38.81713759;0.1;False;ok;7;1;1.327;
2520;-6.568057005;38.81713759;0.1;False;ok;0;1;1.979;
2521;-6.468057005;38.81713759;0.1;False;ok;7;1;1.134;
2522;-6.368057005;38.81713759;0.1;False;ok;74;1;1.323;
2523;-6.268057005;38.81713759;0.1;False;ok;7;1;1.016;
2524;-5.868057005;38.81713759;0.1;False;ok;0;1;1.860;
2525;-5.768057005;38.81713759;0.1;False;ok;1;1;1.016;
2526;-5.468057005;38.81713759;0.1;False;ok;4;1;1.123;
2527;-4.168057005;38.81713759;0.1;False;ok;3;1;1.109;
2528;-3.968057005;38.81713759;0.1;False;ok;1;1;0.930;
2529;-3.768057005;38.81713759;0.1;False;ok;74;1;1.017;
2530;-3.668057005;38.81713759;0.1;False;ok;6;1;1.189;
2531;-3.268057005;38.81713759;0.1;False;ok;6;1;1.116;
2532;-3.168057005;38.81713759;0.1;False;ok;2;1;1.035;
2533;-3.068057005;38.81713759;0.1;False;ok;2;1;1.005;
2534;-6.568057005;38.91713759;0.1;False;ok;3;1;1.208;
2535;-6.468057005;38.91713759;0.1;False;ok;1;1;1.031;
2536;-6.368057005;38.91713759;0.1;False;ok;65;1;1.492;
2537;-6.268057005;38.91713759;0.1;False;ok;5;1;1.247;
2538;-6.068057005;38.91713759;0.1;False;ok;5;1;1.335;
2539;-5.968057005;38.91713759;0.1;False;ok;7;1;1.188;
2540;-5.868057005;38.91713759;0.1;False;ok;11;1;1.159;
2541;-5.568057005;38.91713759;0.1;False;ok;8;1;1.112;
2542;-5.268057005;38.91713759;0.1;False;ok;4;1;1.090;
2543;-5.068057005;38.91713759;0.1;False;ok;2;1;1.131;
2544;-4.668057005;38.91713759;0.1;False;ok;0;1;1.761;
2545;-3.968057005;38.91713759;0.1;False;ok;30;1;1.184;
2546;-3.468057005;38.91713759;0.1;False;ok;18;1;1.085;
2547;-3.368057005;38.91713759;0.1;False;ok;4;1;0.957;
2548;-3.268057005;38.91713759;0.1;False;ok;6;1;1.089;
2549;-2.968057005;38.91713759;0.1;False;ok;66;1;1.234;
2550;-2.868057005;38.91713759;0.1;False;ok;41;1;1.274;
2551;-2.768057005;38.91713759;0.1;False;ok;14;1;1.181;
2552;-2.568057005;38.91713759;0.1;False;ok;2;1;1.029;
2553;-2.468057005;38.91713759;0.1;False;ok;0;1;1.760;
2554;-6.768057005;39.01713759;0.1;False;ok;1;1;1.009;
2555;-6.668057005;39.01713759;0.1;False;ok;1;1;1.059;
2556;-6.568057005;39.01713759;0.1;False;ok;1;1;0.971;
2557;-6.368057005;39.01713759;0.1;False;ok;7;1;1.006;
2558;-5.968057005;39.01713759;0.1;False;ok;3;1;1.022;
2559;-5.768057005;39.01713759;0.1;False;ok;1;1;1.214;
2560;-5.568057005;39.01713759;0.1;False;ok;2;1;1.274;
2561;-5.468057005;39.01713759;0.1;False;ok;0;1;2.042;
2562;-5.368057005;39.01713759;0.1;False;ok;3;1;1.407;
2563;-5.268057005;39.01713759;0.1;False;ok;0;1;2.410;
2564;-4.668057005;39.01713759;0.1;False;ok;3;1;1.248;
2565;-4.268057005;39.01713759;0.1;False;ok;3;1;1.205;
2566;-4.068057005;39.01713759;0.1;False;ok;5;1;1.205;
2567;-3.968057005;39.01713759;0.1;False;ok;2;1;1.114;
2568;-3.768057005;39.01713759;0.1;False;ok;1;1;1.042;
2569;-3.668057005;39.01713759;0.1;False;ok;16;1;1.123;
2570;-3.468057005;39.01713759;0.1;False;ok;1;1;1.121;
2571;-3.068057005;39.01713759;0.1;False;ok;1;1;1.064;
2572;-2.568057005;39.01713759;0.1;False;ok;3;1;1.249;
2573;-7.268057005;39.11713759;0.1;True;ok;6;1;1.536;
2574;-7.068057005;39.11713759;0.1;False;ok;1;1;1.167;
2575;-6.468057005;39.11713759;0.1;False;ok;2;1;1.096;
2576;-6.368057005;39.11713759;0.1;False;ok;1;1;1.052;
2577;-6.268057005;39.11713759;0.1;False;ok;9;1;1.204;
2578;-6.168057005;39.11713759;0.1;False;ok;1;1;0.964;
2579;-6.068057005;39.11713759;0.1;False;ok;6;1;1.056;
2580;-5.968057005;39.11713759;0.1;False;ok;4;1;0.922;
2581;-5.668057005;39.11713759;0.1;False;ok;2;1;0.909;
2582;-5.168057005;39.11713759;0.1;False;ok;0;1;1.761;
2583;-5.068057005;39.11713759;0.1;False;ok;12;1;1.012;
2584;-4.968057005;39.11713759;0.1;False;ok;1;1;1.016;
2585;-4.368057005;39.11713759;0.1;False;ok;4;1;1.035;
2586;-4.168057005;39.11713759;0.1;False;ok;0;1;1.814;
2587;-4.068057005;39.11713759;0.1;False;ok;3;1;1.121;
2588;-3.968057005;39.11713759;0.1;False;ok;2;1;1.017;
2589;-3.868057005;39.11713759;0.1;False;ok;0;1;1.941;
2590;-3.768057005;39.11713759;0.1;False;ok;0;1;2.216;
2591;-3.568057005;39.11713759;0.1;False;ok;0;1;1.823;
2592;-3.368057005;39.11713759;0.1;False;ok;1;1;1.150;
2593;-3.168057005;39.11713759;0.1;False;ok;20;1;1.273;
2594;-3.068057005;39.11713759;0.1;False;ok;29;1;1.266;
2595;-7.268057005;39.21713759;0.1;False;ok;9;1;1.316;
2596;-7.068057005;39.21713759;0.1;False;ok;6;1;1.253;
2597;-6.968057005;39.21713759;0.1;False;ok;0;1;1.993;
2598;-6.368057005;39.21713759;0.1;False;ok;2;1;1.283;
2599;-6.268057005;39.21713759;0.1;False;ok;1;1;1.317;
2600;-6.168057005;39.21713759;0.1;False;ok;25;1;1.410;
2601;-5.868057005;39.21713759;0.1;False;ok;2;1;1.157;
2602;-5.768057005;39.21713759;0.1;False;ok;1;1;1.131;
2603;-5.268057005;39.21713759;0.1;False;ok;2;1;1.251;
2604;-5.168057005;39.21713759;0.1;False;ok;2;1;1.251;
2605;-4.568057005;39.21713759;0.1;False;ok;1;1;1.098;
2606;-4.368057005;39.21713759;0.1;False;ok;4;1;1.090;
2607;-4.068057005;39.21713759;0.1;False;ok;1;1;0.908;
2608;-3.968057005;39.21713759;0.1;False;ok;1;1;0.757;
2609;-3.868057005;39.21713759;0.1;False;ok;2;1;0.926;
2610;-3.668057005;39.21713759;0.1;False;ok;4;1;0.967;
2611;-3.468057005;39.21713759;0.1;False;ok;3;1;0.944;
2612;-3.368057005;39.21713759;0.1;False;ok;0;1;1.692;
2613;-3.168057005;39.21713759;0.1;False;ok;2;1;0.941;
2614;-2.868057005;39.21713759;0.1;False;ok;5;1;0.979;
2615;-2.668057005;39.21713759;0.1;False;ok;7;1;1.017;
2616;-2.568057005;39.21713759;0.1;False;ok;3;1;0.908;
2617;-2.468057005;39.21713759;0.1;False;ok;3;1;0.838;
2618;-2.368057005;39.21713759;0.1;False;ok;2;1;1.008;
2619;-7.368057005;39.31713759;0.1;True;ok;9;1;1.158;
2620;-7.268057005;39.31713759;0.1;False;ok;8;1;1.061;
2621;-7.168057005;39.31713759;0.1;False;ok;6;1;0.966;
2622;-6.368057005;39.31713759;0.1;False;ok;3;1;1.113;
2623;-6.268057005;39.31713759;0.1;False;ok;9;1;1.220;
2624;-6.168057005;39.31713759;0.1;False;ok;2;1;1.283;
2625;-6.068057005;39.31713759;0.1;False;ok;6;1;1.221;
2626;-5.868057005;39.31713759;0.1;False;ok;9;1;1.248;
2627;-5.768057005;39.31713759;0.1;False;ok;1;1;1.322;
2628;-5.568057005;39.31713759;0.1;False;ok;3;1;1.275;
2629;-5.468057005;39.31713759;0.1;False;ok;10;1;1.142;
2630;-5.368057005;39.31713759;0.1;False;ok;2;1;1.209;
2631;-5.068057005;39.31713759;0.1;False;ok;1;1;1.209;
2632;-3.968057005;39.31713759;0.1;False;ok;0;1;1.925;
2633;-3.768057005;39.31713759;0.1;False;ok;5;1;1.101;
2634;-3.568057005;39.31713759;0.1;False;ok;7;1;1.245;
2635;-3.368057005;39.31713759;0.1;False;ok;19;1;1.212;
2636;-3.268057005;39.31713759;0.1;False;ok;15;1;1.277;
2637;-3.168057005;39.31713759;0.1;False;ok;14;1;1.239;
2638;-3.068057005;39.31713759;0.1;False;ok;1;1;1.104;
2639;-2.968057005;39.31713759;0.1;False;ok;2;1;1.237;
2640;-2.768057005;39.31713759;0.1;False;ok;2;1;1.142;
2641;-2.668057005;39.31713759;0.1;False;ok;2;1;1.225;
2642;-2.568057005;39.31713759;0.1;False;ok;1;1;1.243;
2643;-2.468057005;39.31713759;0.1;False;ok;9;1;1.119;
2644;-2.368057005;39.31713759;0.1;False;ok;7;1;1.254;
2645;-6.768057005;39.41713759;0.1;False;ok;2;1;1.182;
2646;-6.668057005;39.41713759;0.1;False;ok;4;1;1.175;
2647;-6.568057005;39.41713759;0.1;False;ok;10;1;1.305;
2648;-6.468057005;39.41713759;0.05;False;ok;1;1;1.247;
2649;-6.418057005;39.41713759;0.05;False;ok;4;1;1.275;
2650;-6.418057005;39.46713759;0.025;False;ok;2;1;1.298;
2651;-6.393057005;39.46713759;0.0125;False;ok;7;1;1.424;
2652;-6.380557005;39.46713759;0.00625;False;ok;12;1;1.270;
2653;-6.374307005;39.46713759;0.00625;False;ok;45;1;1.241;
2654;-6.380557005;39.47338759;0.00625;False;ok;21;1;1.216;
2655;-6.374307005;39.47338759;0.00625;False;ok;75;1;1.356;
2656;-6.380557005;39.47963759;0.0125;False;ok;2;1;1.056;
2657;-6.368057005;39.41713759;0.1;False;ok;12;1;1.300;
2658;-6.168057005;39.41713759;0.1;False;ok;3;1;1.100;
2659;-6.068057005;39.41713759;0.1;False;ok;1;1;1.148;
2660;-5.968057005;39.41713759;0.1;False;ok;62;1;1.277;
2661;-5.868057005;39.41713759;0.1;False;ok;1;1;1.124;
2662;-5.768057005;39.41713759;0.1;False;ok;1;1;1.206;
2663;-5.468057005;39.41713759;0.1;False;ok;2;1;1.163;
2664;-5.368057005;39.41713759;0.1;False;ok;21;1;1.200;
2665;-5.268057005;39.41713759;0.1;False;ok;4;1;1.246;
2666;-4.568057005;39.41713759;0.1;False;ok;7;1;1.238;
2667;-4.468057005;39.41713759;0.1;False;ok;5;1;1.089;
2668;-3.968057005;39.41713759;0.1;False;ok;1;1;1.050;
2669;-3.768057005;39.41713759;0.1;False;ok;1;1;1.230;
2670;-3.668057005;39.41713759;0.1;False;ok;25;1;1.297;
2671;-3.568057005;39.41713759;0.1;False;ok;10;1;1.306;
2672;-3.468057005;39.41713759;0.1;False;ok;5;1;1.149;
2673;-3.368057005;39.41713759;0.1;False;ok;4;1;1.208;
2674;-3.068057005;39.41713759;0.1;False;ok;7;1;1.304;
2675;-2.968057005;39.41713759;0.1;False;ok;17;1;1.239;
2676;-2.768057005;39.41713759;0.1;False;ok;2;1;1.301;
2677;-2.368057005;39.41713759;0.1;False;ok;2;1;1.418;
2678;-7.268057005;39.51713759;0.1;False;ok;0;1;2.182;
2679;-7.068057005;39.51713759;0.1;False;ok;2;1;1.366;
2680;-6.768057005;39.51713759;0.1;False;ok;2;1;1.355;
2681;-6.568057005;39.51713759;0.1;False;ok;1;1;1.195;
2682;-6.468057005;39.51713759;0.1;False;ok;7;1;1.417;
2683;-5.968057005;39.51713759;0.1;False;ok;4;1;1.365;
2684;-5.568057005;39.51713759;0.1;False;ok;4;1;1.466;
2685;-5.368057005;39.51713759;0.1;False;ok;1;1;1.258;
2686;-5.168057005;39.51713759;0.1;False;ok;2;1;1.460;
2687;-4.768057005;39.51713759;0.1;False;ok;1;1;1.423;
2688;-4.568057005;39.51713759;0.1;False;ok;3;1;1.411;
2689;-4.368057005;39.51713759;0.1;False;ok;10;1;1.374;
2690;-4.268057005;39.51713759;0.1;False;ok;5;1;1.352;
2691;-4.068057005;39.51713759;0.1;False;ok;0;1;1.955;
2692;-3.968057005;39.51713759;0.1;False;ok;7;1;1.270;
2693;-3.568057005;39.51713759;0.1;False;ok;1;1;1.253;
2694;-3.368057005;39.51713759;0.1;False;ok;3;1;1.140;
2695;-3.168057005;39.51713759;0.1;False;ok;4;1;1.573;
2696;-3.068057005;39.51713759;0.1;False;ok;2;1;1.195;
2697;-2.868057005;39.51713759;0.1;False;ok;1;1;1.352;
2698;-2.768057005;39.51713759;0.1;False;ok;22;1;1.191;
2699;-2.668057005;39.51713759;0.1;False;ok;1;1;1.017;
2700;-2.468057005;39.51713759;0.1;False;ok;0;1;1.728;
2701;-2.368057005;39.51713759;0.1;False;ok;1;1;0.940;
2702;-7.368057005;39.61713759;0.1;False;ok;0;1;1.598;
2703;-6.968057005;39.61713759;0.1;False;ok;1;1;0.891;
2704;-6.868057005;39.61713759;0.1;False;ok;3;1;0.891;
2705;-6.668057005;39.61713759;0.1;False;ok;1;1;0.834;
2706;-6.568057005;39.61713759;0.1;False;ok;3;1;0.999;
2707;-6.368057005;39.61713759;0.1;False;ok;4;1;0.967;
2708;-5.868057005;39.61713759;0.1;False;ok;1;1;0.887;
2709;-5.568057005;39.61713759;0.1;False;ok;1;1;1.089;
2710;-5.468057005;39.61713759;0.1;False;ok;2;1;1.145;
2711;-5.268057005;39.61713759;0.1;False;ok;4;1;1.069;
2712;-5.168057005;39.61713759;0.1;False;ok;1;1;1.026;
2713;-4.868057005;39.61713759;0.1;False;ok;0;1;1.817;
2714;-4.668057005;39.61713759;0.1;False;ok;14;1;1.115;
2715;-4.568057005;39.61713759;0.1;False;ok;8;1;1.099;
2716;-4.368057005;39.61713759;0.1;False;ok;14;1;0.882;
2717;-4.268057005;39.61713759;0.1;False;ok;12;1;0.877;
2718;-4.168057005;39.61713759;0.1;False;ok;6;1;1.015;
2719;-4.068057005;39.61713759;0.1;False;ok;11;1;0.899;
2720;-3.968057005;39.61713759;0.1;False;ok;12;1;1.093;
2721;-3.868057005;39.61713759;0.1;False;ok;7;1;1.035;
2722;-3.768057005;39.61713759;0.1;False;ok;1;1;1.023;
2723;-3.568057005;39.61713759;0.1;False;ok;3;1;1.105;
2724;-3.368057005;39.61713759;0.1;False;ok;4;1;0.997;
2725;-3.268057005;39.61713759;0.1;False;ok;1;1;0.989;
2726;-2.768057005;39.61713759;0.1;False;ok;2;1;1.034;
2727;-2.468057005;39.61713759;0.1;False;ok;2;1;0.990;
2728;-2.368057005;39.61713759;0.1;False;ok;1;1;0.918;
2729;-6.968057005;39.71713759;0.1;False;ok;3;1;0.855;
2730;-6.868057005;39.71713759;0.1;False;ok;1;1;0.925;
2731;-6.668057005;39.71713759;0.1;False;ok;1;1;0.947;
2732;-6.468057005;39.71713759;0.1;False;ok;3;1;0.992;
2733;-6.068057005;39.71713759;0.1;False;ok;24;1;1.266;
2734;-5.368057005;39.71713759;0.1;False;ok;1;1;1.099;
2735;-5.268057005;39.71713759;0.1;False;ok;3;1;1.258;
2736;-4.168057005;39.71713759;0.1;False;ok;26;1;1.543;
2737;-4.068057005;39.71713759;0.1;False;ok;42;1;1.185;
2738;-3.968057005;39.71713759;0.1;False;ok;3;1;1.124;
2739;-3.868057005;39.71713759;0.1;False;ok;8;1;1.462;
2740;-3.568057005;39.71713759;0.1;False;ok;10;1;1.523;
2741;-3.368057005;39.71713759;0.1;False;ok;4;1;1.430;
2742;-3.268057005;39.71713759;0.1;False;ok;1;1;1.611;
2743;-3.168057005;39.71713759;0.1;False;ok;1;1;1.634;
2744;-2.868057005;39.71713759;0.1;False;ok;0;1;2.380;
2745;-2.568057005;39.71713759;0.1;False;ok;1;1;1.545;
2746;-2.468057005;39.71713759;0.1;False;ok;1;1;1.568;
2747;-6.868057005;39.81713759;0.1;False;ok;3;1;1.690;
2748;-6.768057005;39.81713759;0.1;False;ok;0;1;2.561;
2749;-6.468057005;39.81713759;0.1;False;ok;6;1;1.881;
2750;-6.368057005;39.81713759;0.1;False;ok;2;1;1.829;
2751;-6.168057005;39.81713759;0.1;False;ok;4;1;1.851;
2752;-6.068057005;39.81713759;0.1;False;ok;3;1;1.713;
2753;-5.968057005;39.81713759;0.1;False;ok;1;1;1.476;
2754;-5.868057005;39.81713759;0.1;False;ok;1;1;1.260;
2755;-5.768057005;39.81713759;0.1;False;ok;2;1;1.282;
2756;-5.668057005;39.81713759;0.1;False;ok;3;1;1.384;
2757;-5.468057005;39.81713759;0.1;False;ok;1;1;1.356;
2758;-5.268057005;39.81713759;0.1;False;ok;6;1;1.117;
2759;-5.168057005;39.81713759;0.1;False;ok;1;1;1.067;
2760;-5.068057005;39.81713759;0.1;False;ok;1;1;1.088;
2761;-4.968057005;39.81713759;0.1;False;ok;3;1;1.122;
2762;-4.768057005;39.81713759;0.1;False;ok;6;1;1.119;
2763;-4.568057005;39.81713759;0.1;False;ok;1;1;1.047;
2764;-4.368057005;39.81713759;0.1;False;ok;10;1;1.041;
2765;-4.268057005;39.81713759;0.1;False;ok;6;1;1.079;
2766;-4.043057005;39.81713759;0.025;False;ok;2;1;0.978;
2767;-4.068057005;39.84213759;0.025;False;ok;4;1;0.918;
2768;-4.043057005;39.84213759;0.0125;False;ok;11;1;0.907;
2769;-4.030557005;39.84213759;0.0125;False;ok;46;1;0.984;
2770;-4.043057005;39.85463759;0.0125;False;ok;31;1;0.950;
2771;-4.030557005;39.85463759;0.00625;False;ok;75;1;1.172;
2772;-4.024307005;39.85463759;0.003125;False;ok;74;1;1.171;
2773;-4.021182005;39.85463759;0.003125;False;ok;22;1;1.070;
2774;-4.024307005;39.85776259;0.003125;False;ok;75;1;1.260;
2775;-4.021182005;39.85776259;0.003125;False;ok;23;1;1.070;
2776;-4.030557005;39.86088759;0.00625;False;ok;22;1;1.071;
2777;-4.024307005;39.86088759;0.00625;False;ok;41;1;1.239;
2778;-4.018057005;39.81713759;0.05;False;ok;14;1;1.183;
2779;-4.068057005;39.86713759;0.05;False;ok;28;1;1.227;
2780;-4.018057005;39.86713759;0.05;False;ok;5;1;1.216;
2781;-3.968057005;39.81713759;0.1;False;ok;13;1;1.147;
2782;-3.668057005;39.81713759;0.1;False;ok;2;1;1.110;
2783;-3.568057005;39.81713759;0.1;False;ok;4;1;1.133;
2784;-3.168057005;39.81713759;0.1;False;ok;0;1;1.912;
2785;-3.068057005;39.81713759;0.1;False;ok;3;1;1.066;
2786;-2.668057005;39.81713759;0.1;False;ok;1;1;0.957;
2787;-2.568057005;39.81713759;0.1;False;ok;1;1;0.973;
2788;-6.668057005;39.91713759;0.1;False;ok;0;1;1.845;
2789;-6.568057005;39.91713759;0.1;False;ok;9;1;1.135;
2790;-6.368057005;39.91713759;0.1;False;ok;7;1;1.169;
2791;-6.168057005;39.91713759;0.1;False;ok;6;1;1.081;
2792;-6.068057005;39.91713759;0.1;False;ok;11;1;1.144;
2793;-5.968057005;39.91713759;0.1;False;ok;2;1;1.107;
2794;-5.768057005;39.91713759;0.1;False;ok;3;1;1.185;
2795;-5.668057005;39.91713759;0.1;False;ok;11;1;1.133;
2796;-5.468057005;39.91713759;0.1;False;ok;1;1;1.271;
2797;-5.268057005;39.91713759;0.1;False;ok;10;1;1.374;
2798;-5.168057005;39.91713759;0.1;False;ok;2;1;1.350;
2799;-4.968057005;39.91713759;0.1;False;ok;8;1;1.239;
2800;-4.868057005;39.91713759;0.1;False;ok;43;1;1.513;
2801;-4.768057005;39.91713759;0.1;False;ok;12;1;1.319;
2802;-4.668057005;39.91713759;0.1;False;ok;0;1;2.041;
2803;-4.568057005;39.91713759;0.1;False;ok;1;1;1.302;
2804;-4.468057005;39.91713759;0.1;False;ok;3;1;1.243;
2805;-4.368057005;39.91713759;0.1;False;ok;6;1;1.262;
2806;-4.168057005;39.91713759;0.1;False;ok;4;1;1.167;
2807;-4.068057005;39.91713759;0.1;False;ok;7;1;1.093;
2808;-3.968057005;39.91713759;0.1;False;ok;11;1;1.125;
2809;-3.768057005;39.91713759;0.1;False;ok;1;1;1.028;
2810;-3.668057005;39.91713759;0.1;False;ok;0;1;1.791;
2811;-3.568057005;39.91713759;0.1;False;ok;8;1;0.922;
2812;-3.468057005;39.91713759;0.1;False;ok;3;1;1.014;
2813;-3.368057005;39.91713759;0.1;False;ok;1;1;0.916;
2814;-3.268057005;39.91713759;0.1;False;ok;5;1;0.834;
2815;-3.068057005;39.91713759;0.1;False;ok;5;1;0.898;
2816;-2.968057005;39.91713759;0.1;False;ok;2;1;0.799;
2817;-2.868057005;39.91713759;0.1;False;ok;5;1;0.849;
2818;-2.368057005;39.91713759;0.1;False;ok;0;1;1.642;
2819;-6.868057005;40.01713759;0.1;False;ok;0;1;1.712;
2820;-6.668057005;40.01713759;0.1;False;ok;11;1;1.142;
2821;-6.268057005;40.01713759;0.1;False;ok;5;1;1.109;
2822;-6.168057005;40.01713759;0.1;False;ok;71;1;1.312;
2823;-5.968057005;40.01713759;0.1;False;ok;13;1;1.192;
2824;-5.868057005;40.01713759;0.1;False;ok;19;1;1.271;
2825;-5.768057005;40.01713759;0.1;False;ok;51;1;1.421;
2826;-5.668057005;40.01713759;0.1;False;ok;4;1;1.259;
2827;-5.568057005;40.01713759;0.1;False;ok;3;1;1.319;
2828;-5.468057005;40.01713759;0.1;False;ok;2;1;1.338;
2829;-5.268057005;40.01713759;0.1;False;ok;2;1;1.255;
2830;-5.168057005;40.01713759;0.1;False;ok;6;1;1.316;
2831;-5.068057005;40.01713759;0.1;False;ok;2;1;1.440;
2832;-4.968057005;40.01713759;0.1;False;ok;3;1;1.502;
2833;-4.868057005;40.01713759;0.1;False;ok;12;1;1.384;
2834;-4.768057005;40.01713759;0.1;False;ok;13;1;1.340;
2835;-4.668057005;40.01713759;0.1;False;ok;7;1;1.309;
2836;-4.568057005;40.01713759;0.1;False;ok;4;1;1.136;
2837;-4.468057005;40.01713759;0.1;False;ok;5;1;1.006;
2838;-4.368057005;40.01713759;0.1;False;ok;4;1;1.013;
2839;-4.268057005;40.01713759;0.1;False;ok;16;1;1.004;
2840;-4.068057005;40.01713759;0.1;False;ok;2;1;0.874;
2841;-3.968057005;40.01713759;0.1;False;ok;9;1;1.034;
2842;-3.868057005;40.01713759;0.1;False;ok;2;1;1.009;
2843;-3.768057005;40.01713759;0.1;False;ok;3;1;1.001;
2844;-3.668057005;40.01713759;0.1;False;ok;21;1;1.084;
2845;-3.468057005;40.01713759;0.1;False;ok;11;1;0.963;
2846;-2.968057005;40.01713759;0.1;False;ok;2;1;1.149;
2847;-2.768057005;40.01713759;0.1;False;ok;4;1;1.106;
2848;-2.668057005;40.01713759;0.1;False;ok;1;1;1.114;
2849;-2.468057005;40.01713759;0.1;False;ok;1;1;1.175;
2850;-2.368057005;40.01713759;0.1;False;ok;1;1;1.096;
2851;-6.968057005;40.11713759;0.1;False;ok;4;1;1.450;
2852;-6.868057005;40.11713759;0.1;False;ok;35;1;1.438;
2853;-6.768057005;40.11713759;0.1;False;ok;20;1;1.365;
2854;-6.668057005;40.11713759;0.1;False;ok;2;1;1.351;
2855;-6.568057005;40.11713759;0.1;False;ok;3;1;1.356;
2856;-6.168057005;40.11713759;0.1;False;ok;4;1;1.300;
2857;-6.068057005;40.11713759;0.1;False;ok;11;1;1.462;
2858;-5.968057005;40.11713759;0.1;False;ok;33;1;1.421;
2859;-5.868057005;40.11713759;0.1;False;ok;60;1;1.431;
2860;-5.768057005;40.11713759;0.1;False;ok;11;1;1.387;
2861;-5.668057005;40.11713759;0.1;False;ok;60;1;1.365;
2862;-5.568057005;40.11713759;0.1;False;ok;9;1;1.305;
2863;-5.468057005;40.11713759;0.1;False;ok;29;1;1.262;
2864;-5.368057005;40.11713759;0.1;False;ok;35;1;1.432;
2865;-5.268057005;40.11713759;0.1;False;ok;73;1;1.493;
2866;-5.168057005;40.11713759;0.1;False;ok;75;1;1.383;
2867;-4.968057005;40.11713759;0.1;False;ok;13;1;1.198;
2868;-4.868057005;40.11713759;0.1;False;ok;3;1;1.147;
2869;-4.768057005;40.11713759;0.1;False;ok;7;1;1.164;
2870;-4.668057005;40.11713759;0.1;False;ok;2;1;1.121;
2871;-4.468057005;40.11713759;0.1;False;ok;7;1;0.877;
2872;-4.168057005;40.11713759;0.1;False;ok;1;1;0.965;
2873;-4.068057005;40.11713759;0.1;False;ok;3;1;0.927;
2874;-3.968057005;40.11713759;0.1;False;ok;5;1;0.996;
2875;-3.868057005;40.11713759;0.1;False;ok;7;1;1.009;
2876;-3.768057005;40.11713759;0.1;False;ok;12;1;0.986;
2877;-3.668057005;40.11713759;0.1;False;ok;29;1;1.130;
2878;-3.568057005;40.11713759;0.1;False;ok;1;1;1.051;
2879;-3.468057005;40.11713759;0.1;False;ok;37;1;1.353;
2880;-3.368057005;40.11713759;0.1;False;ok;11;1;1.292;
2881;-3.168057005;40.11713759;0.1;False;ok;11;1;1.376;
2882;-3.068057005;40.11713759;0.1;False;ok;2;1;1.240;
2883;-2.768057005;40.11713759;0.1;False;ok;1;1;1.253;
2884;-2.568057005;40.11713759;0.1;False;ok;1;1;1.474;
2885;-6.968057005;40.21713759;0.1;True;ok;3;1;1.642;
2886;-6.868057005;40.21713759;0.1;False;ok;3;1;1.425;
2887;-6.768057005;40.21713759;0.1;False;ok;1;1;1.519;
2888;-6.668057005;40.21713759;0.1;False;ok;25;1;1.672;
2889;-6.568057005;40.21713759;0.1;False;ok;3;1;1.773;
2890;-6.468057005;40.21713759;0.1;False;ok;6;1;1.626;
2891;-6.368057005;40.21713759;0.1;False;ok;9;1;1.635;
2892;-6.268057005;40.21713759;0.1;False;ok;4;1;1.627;
2893;-6.168057005;40.21713759;0.1;False;ok;0;1;2.315;
2894;-6.068057005;40.21713759;0.1;False;ok;12;1;1.586;
2895;-5.968057005;40.21713759;0.1;False;ok;18;1;1.656;
2896;-5.868057005;40.21713759;0.1;False;ok;58;1;1.726;
2897;-5.768057005;40.21713759;0.1;False;ok;22;1;1.409;
2898;-5.668057005;40.21713759;0.1;False;ok;24;1;1.425;
2899;-5.568057005;40.21713759;0.1;False;ok;16;1;1.395;
2900;-5.168057005;40.21713759;0.1;False;ok;35;1;1.329;
2901;-5.068057005;40.21713759;0.1;False;ok;37;1;1.357;
2902;-4.968057005;40.21713759;0.1;False;ok;13;1;1.246;
2903;-4.868057005;40.21713759;0.1;False;ok;23;1;1.976;
2904;-4.768057005;40.21713759;0.1;False;ok;23;1;1.148;
2905;-4.668057005;40.21713759;0.1;False;ok;47;1;1.135;
2906;-4.568057005;40.21713759;0.1;False;ok;4;1;0.952;
2907;-4.468057005;40.21713759;0.1;False;ok;16;1;1.022;
2908;-4.368057005;40.21713759;0.1;False;ok;2;1;0.892;
2909;-4.268057005;40.21713759;0.1;False;ok;10;1;0.954;
2910;-4.068057005;40.21713759;0.1;False;ok;11;1;1.685;
2911;-3.968057005;40.21713759;0.1;False;ok;10;1;1.059;
2912;-3.868057005;40.21713759;0.1;False;ok;28;1;0.989;
2913;-3.768057005;40.21713759;0.1;False;ok;38;1;1.196;
2914;-3.668057005;40.21713759;0.1;False;ok;1;1;0.951;
2915;-3.568057005;40.21713759;0.1;False;ok;3;1;1.008;
2916;-3.468057005;40.21713759;0.1;False;ok;9;1;1.134;
2917;-3.368057005;40.21713759;0.1;False;ok;3;1;0.989;
2918;-3.268057005;40.21713759;0.1;False;ok;3;1;1.046;
2919;-3.068057005;40.21713759;0.1;False;ok;4;1;1.042;
2920;-2.968057005;40.21713759;0.1;False;ok;1;1;0.986;
2921;-2.868057005;40.21713759;0.1;False;ok;8;1;1.034;
2922;-2.368057005;40.21713759;0.1;False;ok;2;1;1.012;
2923;-6.568057005;40.31713759;0.1;False;ok;14;1;1.278;
2924;-6.468057005;40.31713759;0.1;False;ok;4;1;1.179;
2925;-6.368057005;40.31713759;0.1;False;ok;9;1;1.163;
2926;-6.268057005;40.31713759;0.1;False;ok;8;1;1.224;
2927;-6.068057005;40.31713759;0.1;False;ok;1;1;2.246;
2928;-5.968057005;40.31713759;0.1;False;ok;5;1;1.242;
2929;-5.868057005;40.31713759;0.1;False;ok;42;1;1.260;
2930;-5.768057005;40.31713759;0.1;False;ok;75;1;1.698;
2931;-5.668057005;40.31713759;0.1;False;ok;18;1;1.385;
2932;-5.568057005;40.31713759;0.1;False;ok;30;1;1.211;
2933;-5.468057005;40.31713759;0.1;False;ok;6;1;1.512;
2934;-5.368057005;40.31713759;0.1;False;ok;10;1;1.373;
2935;-5.268057005;40.31713759;0.1;False;ok;34;1;1.574;
2936;-5.168057005;40.31713759;0.1;False;ok;41;1;1.461;
2937;-5.068057005;40.31713759;0.1;False;ok;13;1;1.448;
2938;-4.968057005;40.31713759;0.1;False;ok;11;1;1.528;
2939;-4.868057005;40.31713759;0.1;False;ok;18;1;1.663;
2940;-4.768057005;40.31713759;0.1;False;ok;49;1;1.519;
2941;-4.668057005;40.31713759;0.1;False;ok;10;1;1.736;
2942;-4.568057005;40.31713759;0.1;False;ok;12;1;1.535;
2943;-4.468057005;40.31713759;0.1;False;ok;58;1;1.842;
2944;-4.368057005;40.31713759;0.1;False;ok;16;1;1.714;
2945;-4.268057005;40.31713759;0.1;False;ok;7;1;1.858;
2946;-4.068057005;40.31713759;0.1;False;ok;8;1;1.540;
2947;-3.968057005;40.31713759;0.1;False;ok;11;1;1.604;
2948;-3.868057005;40.31713759;0.1;False;ok;45;1;1.686;
2949;-3.768057005;40.31713759;0.05;False;ok;11;1;1.462;
2950;-3.718057005;40.31713759;0.05;False;ok;54;1;1.556;
2951;-3.768057005;40.36713759;0.05;False;ok;74;1;1.687;
2952;-3.718057005;40.36713759;0.025;False;ok;69;1;2.164;
2953;-3.693057005;40.36713759;0.025;False;ok;42;1;2.073;
2954;-3.718057005;40.39213759;0.0125;False;ok;52;1;1.840;
2955;-3.705557005;40.39213759;0.0125;False;ok;74;1;2.024;
2956;-3.718057005;40.40463759;0.00625;False;ok;54;1;2.072;
2957;-3.711807005;40.40463759;0.00625;False;ok;74;1;1.993;
2958;-3.718057005;40.41088759;0.00625;False;ok;59;1;1.879;
2959;-3.711807005;40.41088759;0.003125;False;ok;29;1;1.585;
2960;-3.708682005;40.41088759;0.003125;False;ok;72;1;1.783;
2961;-3.711807005;40.41401259;0.003125;False;ok;68;1;1.865;
2962;-3.708682005;40.41401259;0.003125;False;ok;74;1;1.908;
2963;-3.705557005;40.40463759;0.00625;False;ok;75;1;1.732;
2964;-3.699307005;40.40463759;0.00625;False;ok;73;1;1.499;
2965;-3.705557005;40.41088759;0.003125;False;ok;74;1;1.462;
2966;-3.702432005;40.41088759;0.003125;False;ok;73;1;1.499;
2967;-3.705557005;40.41401259;0.003125;False;ok;75;1;1.454;
2968;-3.702432005;40.41401259;0.003125;False;ok;75;1;1.425;
2969;-3.699307005;40.41088759;0.003125;False;ok;61;1;1.537;
2970;-3.696182005;40.41088759;0.003125;False;ok;52;1;1.344;
2971;-3.699307005;40.41401259;0.003125;False;ok;65;1;1.327;
2972;-3.696182005;40.41401259;0.003125;False;ok;11;1;1.054;
2973;-3.693057005;40.39213759;0.025;False;ok;74;1;1.425;
2974;-3.668057005;40.31713759;0.1;False;ok;75;1;1.801;
2975;-3.568057005;40.31713759;0.1;False;ok;27;1;1.687;
2976;-3.468057005;40.31713759;0.1;False;ok;3;1;1.470;
2977;-3.368057005;40.31713759;0.1;False;ok;2;1;1.478;
2978;-3.268057005;40.31713759;0.1;False;ok;7;1;1.615;
2979;-3.168057005;40.31713759;0.1;False;ok;3;1;1.549;
2980;-2.968057005;40.31713759;0.1;False;ok;4;1;1.496;
2981;-2.868057005;40.31713759;0.1;False;ok;0;1;2.549;
2982;-2.768057005;40.31713759;0.1;False;ok;12;1;1.752;
2983;-2.468057005;40.31713759;0.1;False;ok;0;1;2.299;
2984;-2.368057005;40.31713759;0.1;False;ok;2;1;1.870;
2985;-6.868057005;40.41713759;0.1;False;ok;1;1;2.101;
2986;-6.768057005;40.41713759;0.1;False;ok;0;1;2.800;
2987;-6.368057005;40.41713759;0.1;False;ok;5;1;1.903;
2988;-6.268057005;40.41713759;0.1;False;ok;3;1;2.286;
2989;-6.168057005;40.41713759;0.1;False;ok;36;1;2.094;
2990;-6.068057005;40.41713759;0.1;False;ok;57;1;2.022;
2991;-5.968057005;40.41713759;0.1;False;ok;10;1;2.041;
2992;-5.868057005;40.41713759;0.1;False;ok;4;1;1.889;
2993;-5.768057005;40.41713759;0.1;False;ok;8;1;1.463;
2994;-5.668057005;40.41713759;0.1;False;ok;4;1;1.602;
2995;-5.568057005;40.41713759;0.1;False;ok;3;1;1.578;
2996;-5.468057005;40.41713759;0.1;False;ok;12;1;1.536;
2997;-5.368057005;40.41713759;0.1;False;ok;11;1;1.495;
2998;-5.268057005;40.41713759;0.1;False;ok;4;1;1.497;
2999;-5.168057005;40.41713759;0.1;False;ok;11;1;1.481;
3000;-5.068057005;40.41713759;0.1;False;ok;0;1;2.161;
3001;-4.968057005;40.41713759;0.1;False;ok;3;1;1.212;
3002;-4.868057005;40.41713759;0.1;False;ok;5;1;1.230;
3003;-4.768057005;40.41713759;0.1;False;ok;0;1;1.779;
3004;-4.668057005;40.41713759;0.1;False;ok;26;1;1.062;
3005;-4.568057005;40.41713759;0.1;False;ok;12;1;1.108;
3006;-4.468057005;40.41713759;0.1;False;ok;10;1;1.068;
3007;-4.368057005;40.41713759;0.1;False;ok;2;1;1.167;
3008;-4.268057005;40.41713759;0.1;False;ok;15;1;1.221;
3009;-4.168057005;40.41713759;0.1;False;ok;3;1;1.146;
3010;-4.068057005;40.41713759;0.1;False;ok;10;1;1.269;
3011;-3.968057005;40.41713759;0.1;False;ok;18;1;1.222;
3012;-3.868057005;40.41713759;0.1;False;ok;43;1;1.276;
3013;-3.768057005;40.41713759;0.05;False;ok;46;1;1.228;
3014;-3.718057005;40.41713759;0.00625;False;ok;33;1;1.160;
3015;-3.711807005;40.41713759;0.003125;False;ok;30;1;1.253;
3016;-3.708682005;40.41713759;0.003125;False;ok;74;1;1.290;
3017;-3.711807005;40.42026259;0.003125;False;ok;74;1;1.568;
3018;-3.708682005;40.42026259;0.003125;False;ok;75;1;1.800;
3019;-3.718057005;40.42338759;0.00625;False;ok;42;1;1.357;
3020;-3.711807005;40.42338759;0.00625;False;ok;74;1;1.585;
3021;-3.705557005;40.41713759;0.003125;False;ok;75;1;1.401;
3022;-3.702432005;40.41713759;0.003125;False;ok;75;1;1.608;
3023;-3.705557005;40.42026259;0.003125;False;ok;75;1;1.349;
3024;-3.702432005;40.42026259;0.003125;False;ok;75;1;1.432;
3025;-3.699307005;40.41713759;0.003125;False;ok;34;1;1.288;
3026;-3.696182005;40.41713759;0.003125;False;ok;1;1;1.274;
3027;-3.699307005;40.42026259;0.003125;False;ok;71;1;1.413;
3028;-3.696182005;40.42026259;0.003125;False;ok;10;1;1.202;
3029;-3.705557005;40.42338759;0.003125;False;ok;74;1;1.387;
3030;-3.702432005;40.42338759;0.003125;False;ok;56;1;1.238;
3031;-3.705557005;40.42651259;0.003125;False;ok;53;1;1.538;
3032;-3.702432005;40.42651259;0.003125;False;ok;14;1;1.495;
3033;-3.699307005;40.42338759;0.00625;False;ok;54;1;1.474;
3034;-3.718057005;40.42963759;0.0125;False;ok;74;1;2.012;
3035;-3.705557005;40.42963759;0.0125;False;ok;74;1;1.791;
3036;-3.693057005;40.41713759;0.0125;False;ok;72;1;2.401;
3037;-3.680557005;40.41713759;0.0125;False;ok;70;1;1.768;
3038;-3.693057005;40.42963759;0.0125;False;ok;47;1;2.096;
3039;-3.680557005;40.42963759;0.0125;False;ok;73;1;2.077;
3040;-3.718057005;40.44213759;0.0125;False;ok;44;1;1.607;
3041;-3.705557005;40.44213759;0.0125;False;ok;74;1;1.907;
3042;-3.718057005;40.45463759;0.0125;False;ok;21;1;1.400;
3043;-3.705557005;40.45463759;0.0125;False;ok;75;1;1.855;
3044;-3.693057005;40.44213759;0.025;False;ok;71;1;2.380;
3045;-3.768057005;40.46713759;0.05;False;ok;15;1;1.928;
3046;-3.718057005;40.46713759;0.05;False;ok;74;1;2.688;
3047;-3.668057005;40.41713759;0.025;False;ok;75;1;2.557;
3048;-3.643057005;40.41713759;0.025;False;ok;73;1;2.288;
3049;-3.668057005;40.44213759;0.025;False;ok;52;1;2.187;
3050;-3.643057005;40.44213759;0.025;False;ok;17;1;1.963;
3051;-3.618057005;40.41713759;0.05;False;ok;74;1;2.220;
3052;-3.668057005;40.46713759;0.05;False;ok;74;1;2.166;
3053;-3.618057005;40.46713759;0.05;False;ok;52;1;1.881;
3054;-3.568057005;40.41713759;0.1;False;ok;65;1;1.968;
3055;-3.468057005;40.41713759;0.1;False;ok;47;1;2.174;
3056;-3.368057005;40.41713759;0.1;False;ok;65;1;2.167;
3057;-3.268057005;40.41713759;0.1;False;ok;2;1;1.853;
3058;-3.068057005;40.41713759;0.1;False;ok;4;1;1.738;
3059;-2.968057005;40.41713759;0.1;False;ok;13;1;1.530;
3060;-2.868057005;40.41713759;0.1;False;ok;1;1;1.305;
3061;-2.768057005;40.41713759;0.1;False;ok;5;1;1.415;
3062;-2.468057005;40.41713759;0.1;False;ok;2;1;1.555;
3063;-2.368057005;40.41713759;0.1;False;ok;4;1;1.539;
3064;-6.868057005;40.51713759;0.1;True;ok;1;1;1.447;
3065;-6.668057005;40.51713759;0.1;False;ok;1;1;1.180;
3066;-6.568057005;40.51713759;0.1;False;ok;66;1;1.397;
3067;-6.168057005;40.51713759;0.1;False;ok;7;1;1.303;
3068;-6.068057005;40.51713759;0.1;False;ok;12;1;1.125;
3069;-5.968057005;40.51713759;0.1;False;ok;10;1;1.198;
3070;-5.868057005;40.51713759;0.1;False;ok;4;1;1.236;
3071;-5.768057005;40.51713759;0.1;False;ok;2;1;1.181;
3072;-5.668057005;40.51713759;0.1;False;ok;5;1;1.332;
3073;-5.368057005;40.51713759;0.1;False;ok;0;1;1.878;
3074;-5.268057005;40.51713759;0.1;False;ok;2;1;1.218;
3075;-5.168057005;40.51713759;0.1;False;ok;4;1;1.198;
3076;-5.068057005;40.51713759;0.1;False;ok;11;1;1.082;
3077;-4.968057005;40.51713759;0.1;False;ok;21;1;1.354;
3078;-4.868057005;40.51713759;0.1;False;ok;6;1;1.259;
3079;-4.768057005;40.51713759;0.1;False;ok;2;1;1.154;
3080;-4.668057005;40.51713759;0.1;False;ok;1;1;1.102;
3081;-4.568057005;40.51713759;0.1;False;ok;10;1;1.403;
3082;-4.468057005;40.51713759;0.1;False;ok;2;1;1.294;
3083;-4.368057005;40.51713759;0.1;False;ok;25;1;1.350;
3084;-4.268057005;40.51713759;0.1;False;ok;14;1;1.385;
3085;-4.168057005;40.51713759;0.1;False;ok;20;1;1.316;
3086;-4.068057005;40.51713759;0.1;False;ok;15;1;1.263;
3087;-3.968057005;40.51713759;0.1;False;ok;12;1;1.321;
3088;-3.768057005;40.51713759;0.1;False;ok;14;1;1.280;
3089;-3.668057005;40.51713759;0.1;False;ok;74;1;1.333;
3090;-3.568057005;40.51713759;0.1;False;ok;4;1;1.090;
3091;-3.468057005;40.51713759;0.1;False;ok;7;1;1.106;
3092;-3.368057005;40.51713759;0.1;False;ok;5;1;0.973;
3093;-3.268057005;40.51713759;0.1;False;ok;5;1;0.966;
3094;-3.068057005;40.51713759;0.1;False;ok;12;1;0.906;
3095;-2.968057005;40.51713759;0.1;False;ok;3;1;0.917;
3096;-2.768057005;40.51713759;0.1;False;ok;7;1;0.871;
3097;-6.868057005;40.61713759;0.1;True;ok;1;1;0.955;
3098;-6.468057005;40.61713759;0.1;False;ok;4;1;0.808;
3099;-5.968057005;40.61713759;0.1;False;ok;0;1;1.605;
3100;-5.168057005;40.61713759;0.1;False;ok;2;1;0.935;
3101;-5.068057005;40.61713759;0.1;False;ok;5;1;0.942;
3102;-4.868057005;40.61713759;0.1;False;ok;8;1;1.006;
3103;-4.768057005;40.61713759;0.05;False;ok;2;1;0.982;
3104;-4.693057005;40.61713759;0.025;False;ok;2;1;1.117;
3105;-4.718057005;40.64213759;0.025;False;ok;74;1;1.236;
3106;-4.693057005;40.64213759;0.025;False;ok;41;1;1.139;
3107;-4.768057005;40.66713759;0.05;False;ok;6;1;1.092;
3108;-4.718057005;40.66713759;0.05;False;ok;1;1;1.070;
3109;-4.668057005;40.61713759;0.1;False;ok;13;1;1.268;
3110;-4.568057005;40.61713759;0.1;False;ok;1;1;1.160;
3111;-4.368057005;40.61713759;0.1;False;ok;1;1;1.049;
3112;-4.268057005;40.61713759;0.1;False;ok;17;1;1.326;
3113;-4.168057005;40.61713759;0.1;False;ok;20;1;1.295;
3114;-4.068057005;40.61713759;0.1;False;ok;49;1;1.382;
3115;-3.968057005;40.61713759;0.1;False;ok;9;1;1.249;
3116;-3.868057005;40.61713759;0.1;False;ok;2;1;1.189;
3117;-3.768057005;40.61713759;0.1;False;ok;3;1;1.212;
3118;-3.668057005;40.61713759;0.1;False;ok;9;1;1.199;
3119;-3.568057005;40.61713759;0.1;False;ok;5;1;1.122;
3120;-3.468057005;40.61713759;0.1;False;ok;5;1;1.042;
3121;-3.368057005;40.61713759;0.1;False;ok;2;1;1.009;
3122;-3.268057005;40.61713759;0.1;False;ok;8;1;1.020;
3123;-3.168057005;40.61713759;0.1;False;ok;19;1;1.021;
3124;-3.068057005;40.61713759;0.1;False;ok;4;1;0.963;
3125;-2.968057005;40.61713759;0.1;False;ok;1;1;0.934;
3126;-2.768057005;40.61713759;0.1;False;ok;3;1;1.022;
3127;-2.668057005;40.61713759;0.1;False;ok;4;1;1.021;
3128;-6.768057005;40.71713759;0.1;False;ok;0;1;1.658;
3129;-6.368057005;40.71713759;0.1;False;ok;0;1;1.632;
3130;-5.968057005;40.71713759;0.1;False;ok;1;1;0.998;
3131;-5.768057005;40.71713759;0.1;False;ok;4;1;1.058;
3132;-5.668057005;40.71713759;0.1;False;ok;1;1;1.047;
3133;-5.068057005;40.71713759;0.1;False;ok;1;1;1.078;
3134;-4.968057005;40.71713759;0.1;False;ok;1;1;1.331;
3135;-4.768057005;40.71713759;0.1;False;ok;2;1;1.283;
3136;-4.668057005;40.71713759;0.1;False;ok;4;1;1.162;
3137;-4.568057005;40.71713759;0.1;False;ok;5;1;1.270;
3138;-4.468057005;40.71713759;0.1;False;ok;8;1;1.199;
3139;-4.368057005;40.71713759;0.1;False;ok;21;1;1.273;
3140;-4.268057005;40.71713759;0.1;False;ok;28;1;1.291;
3141;-4.168057005;40.71713759;0.1;False;ok;8;1;1.168;
3142;-4.068057005;40.71713759;0.1;False;ok;45;1;1.378;
3143;-3.968057005;40.71713759;0.1;False;ok;16;1;1.226;
3144;-3.868057005;40.71713759;0.1;False;ok;20;1;1.258;
3145;-3.768057005;40.71713759;0.1;False;ok;12;1;1.240;
3146;-3.668057005;40.71713759;0.1;False;ok;14;1;1.264;
3147;-3.568057005;40.71713759;0.1;False;ok;2;1;1.532;
3148;-3.468057005;40.71713759;0.1;False;ok;7;1;1.095;
3149;-3.168057005;40.71713759;0.1;False;ok;4;1;0.854;
3150;-3.068057005;40.71713759;0.1;False;ok;5;1;0.884;
3151;-2.968057005;40.71713759;0.1;False;ok;5;1;0.807;
3152;-2.868057005;40.71713759;0.1;False;ok;7;1;0.984;
3153;-2.768057005;40.71713759;0.1;False;ok;2;1;0.928;
3154;-2.668057005;40.71713759;0.1;False;ok;4;1;1.226;
3155;-2.468057005;40.71713759;0.1;False;ok;1;1;1.246;
3156;-2.368057005;40.71713759;0.1;False;ok;3;1;1.255;
3157;-6.868057005;40.81713759;0.1;True;ok;1;1;1.240;
3158;-6.768057005;40.81713759;0.1;False;ok;4;1;1.349;
3159;-6.668057005;40.81713759;0.1;False;ok;1;1;1.507;
3160;-6.068057005;40.81713759;0.1;False;ok;1;1;1.549;
3161;-5.768057005;40.81713759;0.1;False;ok;0;1;2.320;
3162;-5.668057005;40.81713759;0.1;False;ok;4;1;2.119;
3163;-5.568057005;40.81713759;0.1;False;ok;10;1;2.010;
3164;-5.268057005;40.81713759;0.1;False;ok;5;1;1.998;
3165;-4.868057005;40.81713759;0.1;False;ok;1;1;2.313;
3166;-4.768057005;40.81713759;0.1;False;ok;8;1;2.183;
3167;-4.668057005;40.81713759;0.1;False;ok;12;1;2.064;
3168;-4.568057005;40.81713759;0.1;False;ok;6;1;2.001;
3169;-4.368057005;40.81713759;0.1;False;ok;1;1;1.932;
3170;-4.268057005;40.81713759;0.1;False;ok;27;1;2.074;
3171;-4.168057005;40.81713759;0.1;False;ok;13;1;2.025;
3172;-4.068057005;40.81713759;0.1;False;ok;27;1;2.180;
3173;-3.968057005;40.81713759;0.1;False;ok;29;1;2.133;
3174;-3.768057005;40.81713759;0.1;False;ok;11;1;2.062;
3175;-3.668057005;40.81713759;0.1;False;ok;17;1;2.170;
3176;-3.568057005;40.81713759;0.1;False;ok;19;1;2.142;
3177;-3.468057005;40.81713759;0.1;False;ok;4;1;2.116;
3178;-3.368057005;40.81713759;0.1;False;ok;1;1;2.040;
3179;-3.168057005;40.81713759;0.1;False;ok;6;1;2.041;
3180;-3.068057005;40.81713759;0.1;False;ok;9;1;1.987;
3181;-2.968057005;40.81713759;0.1;False;ok;0;1;2.866;
3182;-2.768057005;40.81713759;0.1;False;ok;2;1;2.139;
3183;-2.568057005;40.81713759;0.1;False;ok;2;1;2.276;
3184;-6.868057005;40.91713759;0.1;False;ok;7;1;2.314;
3185;-6.768057005;40.91713759;0.1;False;ok;10;1;2.174;
3186;-6.468057005;40.91713759;0.1;False;ok;2;1;2.221;
3187;-6.368057005;40.91713759;0.1;False;ok;2;1;2.314;
3188;-5.868057005;40.91713759;0.1;False;ok;2;1;2.310;
3189;-5.768057005;40.91713759;0.1;False;ok;70;1;2.429;
3190;-5.643057005;40.91713759;0.025;False;ok;1;1;2.264;
3191;-5.655557005;40.94213759;0.0125;False;ok;2;1;2.151;
3192;-5.668057005;40.95463759;0.00625;False;ok;25;1;2.395;
3193;-5.661807005;40.95463759;0.00625;False;ok;8;1;2.189;
3194;-5.668057005;40.96088759;0.00625;False;ok;75;1;2.533;
3195;-5.661807005;40.96088759;0.00625;False;ok;37;1;2.848;
3196;-5.655557005;40.95463759;0.0125;False;ok;5;1;2.234;
3197;-5.643057005;40.94213759;0.025;False;ok;9;1;1.929;
3198;-5.618057005;40.91713759;0.05;False;ok;6;1;3.512;
3199;-5.668057005;40.96713759;0.05;False;ok;72;1;2.537;
3200;-5.618057005;40.96713759;0.05;False;ok;1;1;1.961;
3201;-5.568057005;40.91713759;0.1;False;ok;7;1;1.395;
3202;-5.468057005;40.91713759;0.1;False;ok;9;1;1.244;
3203;-4.968057005;40.91713759;0.1;False;ok;4;1;1.551;
3204;-4.868057005;40.91713759;0.1;False;ok;1;1;1.562;
3205;-4.668057005;40.91713759;0.1;False;ok;3;1;1.782;
3206;-4.568057005;40.91713759;0.1;False;ok;0;1;2.871;
3207;-4.368057005;40.91713759;0.1;False;ok;6;1;1.889;
3208;-4.268057005;40.91713759;0.1;False;ok;7;1;2.040;
3209;-4.168057005;40.91713759;0.1;False;ok;73;1;2.236;
3210;-4.068057005;40.91713759;0.1;False;ok;32;1;2.193;
3211;-3.868057005;40.91713759;0.1;False;ok;18;1;2.237;
3212;-3.768057005;40.91713759;0.1;False;ok;11;1;2.183;
3213;-3.668057005;40.91713759;0.1;False;ok;16;1;2.233;
3214;-3.568057005;40.91713759;0.1;False;ok;15;1;2.279;
3215;-3.468057005;40.91713759;0.1;False;ok;1;1;2.108;
3216;-3.268057005;40.91713759;0.1;False;ok;3;1;2.136;
3217;-3.168057005;40.91713759;0.1;False;ok;8;1;2.011;
3218;-2.968057005;40.91713759;0.1;False;ok;4;1;2.039;
3219;-2.868057005;40.91713759;0.1;False;ok;2;1;1.969;
3220;-2.768057005;40.91713759;0.1;False;ok;5;1;1.900;
3221;-2.668057005;40.91713759;0.1;False;ok;5;1;1.961;
3222;-2.468057005;40.91713759;0.1;False;ok;0;1;2.532;
3223;-6.868057005;41.01713759;0.1;True;ok;1;1;1.991;
3224;-6.768057005;41.01713759;0.1;False;ok;4;1;1.637;
3225;-6.468057005;41.01713759;0.1;False;ok;0;1;2.260;
3226;-6.068057005;41.01713759;0.1;False;ok;7;1;1.411;
3227;-5.968057005;41.01713759;0.1;False;ok;4;1;1.402;
3228;-5.868057005;41.01713759;0.1;False;ok;11;1;1.252;
3229;-5.768057005;41.01713759;0.1;False;ok;3;1;1.337;
3230;-5.668057005;41.01713759;0.1;False;ok;3;1;1.245;
3231;-5.568057005;41.01713759;0.1;False;ok;1;1;1.406;
3232;-5.168057005;41.01713759;0.1;False;ok;1;1;1.277;
3233;-5.068057005;41.01713759;0.1;False;ok;1;1;1.221;
3234;-4.768057005;41.01713759;0.1;False;ok;29;1;1.265;
3235;-4.668057005;41.01713759;0.1;False;ok;1;1;1.055;
3236;-4.568057005;41.01713759;0.1;False;ok;2;1;1.373;
3237;-4.468057005;41.01713759;0.1;False;ok;7;1;1.377;
3238;-4.368057005;41.01713759;0.1;False;ok;4;1;1.192;
3239;-4.268057005;41.01713759;0.1;False;ok;1;1;1.113;
3240;-4.168057005;41.01713759;0.1;False;ok;13;1;1.172;
3241;-4.068057005;41.01713759;0.1;False;ok;23;1;1.175;
3242;-3.968057005;41.01713759;0.1;False;ok;25;1;1.031;
3243;-3.868057005;41.01713759;0.1;False;ok;18;1;1.003;
3244;-3.768057005;41.01713759;0.1;False;ok;7;1;1.061;
3245;-3.668057005;41.01713759;0.1;False;ok;11;1;1.021;
3246;-3.568057005;41.01713759;0.1;False;ok;14;1;0.981;
3247;-3.468057005;41.01713759;0.1;False;ok;3;1;0.771;
3248;-3.368057005;41.01713759;0.1;False;ok;13;1;0.829;
3249;-3.268057005;41.01713759;0.1;False;ok;2;1;0.920;
3250;-3.168057005;41.01713759;0.1;False;ok;1;1;0.771;
3251;-3.068057005;41.01713759;0.1;False;ok;1;1;0.809;
3252;-2.968057005;41.01713759;0.1;False;ok;2;1;0.857;
3253;-2.768057005;41.01713759;0.1;False;ok;6;1;0.922;
3254;-2.668057005;41.01713759;0.1;False;ok;55;1;1.094;
3255;-2.568057005;41.01713759;0.1;False;ok;2;1;0.935;
3256;-2.468057005;41.01713759;0.1;False;ok;1;1;0.937;
3257;-6.668057005;41.11713759;0.1;False;ok;15;1;0.927;
3258;-6.568057005;41.11713759;0.1;False;ok;1;1;0.973;
3259;-6.268057005;41.11713759;0.1;False;ok;1;1;0.964;
3260;-5.768057005;41.11713759;0.1;False;ok;1;1;0.950;
3261;-4.868057005;41.11713759;0.1;False;ok;0;1;1.753;
3262;-4.668057005;41.11713759;0.1;False;ok;1;1;1.024;
3263;-4.568057005;41.11713759;0.1;False;ok;9;1;1.083;
3264;-4.468057005;41.11713759;0.1;False;ok;3;1;1.198;
3265;-4.368057005;41.11713759;0.1;False;ok;2;1;1.095;
3266;-4.268057005;41.11713759;0.1;False;ok;3;1;1.114;
3267;-4.168057005;41.11713759;0.1;False;ok;1;1;1.048;
3268;-4.068057005;41.11713759;0.1;False;ok;8;1;1.177;
3269;-3.968057005;41.11713759;0.1;False;ok;17;1;1.222;
3270;-3.868057005;41.11713759;0.1;False;ok;34;1;1.263;
3271;-3.768057005;41.11713759;0.1;False;ok;28;1;1.218;
3272;-3.668057005;41.11713759;0.1;False;ok;12;1;1.104;
3273;-3.568057005;41.11713759;0.1;False;ok;9;1;1.038;
3274;-3.268057005;41.11713759;0.1;False;ok;4;1;1.009;
3275;-3.168057005;41.11713759;0.1;False;ok;3;1;0.897;
3276;-3.068057005;41.11713759;0.1;False;ok;3;1;0.930;
3277;-2.968057005;41.11713759;0.1;False;ok;5;1;1.110;
3278;-2.768057005;41.11713759;0.1;False;ok;2;1;0.996;
3279;-2.668057005;41.11713759;0.1;False;ok;5;1;0.995;
3280;-2.568057005;41.11713759;0.1;False;ok;1;1;1.010;
3281;-2.468057005;41.11713759;0.1;False;ok;10;1;1.108;
3282;-2.368057005;41.11713759;0.1;False;ok;0;1;1.589;
3283;-6.668057005;41.21713759;0.1;False;ok;20;1;1.028;
3284;-6.568057005;41.21713759;0.1;True;ok;4;1;1.039;
3285;-6.468057005;41.21713759;0.1;False;ok;11;1;0.912;
3286;-6.268057005;41.21713759;0.1;False;ok;1;1;0.957;
3287;-6.168057005;41.21713759;0.1;False;ok;2;1;0.914;
3288;-5.968057005;41.21713759;0.1;False;ok;1;1;1.119;
3289;-5.868057005;41.21713759;0.1;False;ok;0;1;1.872;
3290;-5.768057005;41.21713759;0.1;False;ok;0;1;2.161;
3291;-5.668057005;41.21713759;0.1;False;ok;0;1;1.985;
3292;-5.568057005;41.21713759;0.1;False;ok;0;1;1.968;
3293;-5.368057005;41.21713759;0.1;False;ok;1;1;1.237;
3294;-5.268057005;41.21713759;0.1;False;ok;3;1;1.187;
3295;-4.968057005;41.21713759;0.1;False;ok;12;1;1.384;
3296;-4.868057005;41.21713759;0.1;False;ok;2;1;1.364;
3297;-4.768057005;41.21713759;0.1;False;ok;13;1;1.392;
3298;-4.568057005;41.21713759;0.1;False;ok;7;1;1.303;
3299;-4.468057005;41.21713759;0.1;False;ok;0;1;2.003;
3300;-4.368057005;41.21713759;0.1;False;ok;7;1;1.320;
3301;-4.268057005;41.21713759;0.1;False;ok;3;1;1.249;
3302;-4.168057005;41.21713759;0.1;False;ok;3;1;1.341;
3303;-3.968057005;41.21713759;0.1;False;ok;13;1;1.310;
3304;-3.868057005;41.21713759;0.1;False;ok;10;1;1.391;
3305;-3.768057005;41.21713759;0.1;False;ok;13;1;1.424;
3306;-3.668057005;41.21713759;0.1;False;ok;9;1;1.513;
3307;-3.568057005;41.21713759;0.1;False;ok;25;1;1.102;
3308;-3.368057005;41.21713759;0.1;False;ok;2;1;1.058;
3309;-3.268057005;41.21713759;0.1;False;ok;4;1;1.022;
3310;-3.168057005;41.21713759;0.1;False;ok;3;1;0.940;
3311;-3.068057005;41.21713759;0.1;False;ok;2;1;0.834;
3312;-2.668057005;41.21713759;0.1;False;ok;0;1;1.569;
3313;-2.468057005;41.21713759;0.1;False;ok;2;1;0.820;
3314;-2.368057005;41.21713759;0.1;False;ok;1;1;0.857;
3315;-6.468057005;41.31713759;0.1;True;ok;21;1;0.918;
3316;-6.368057005;41.31713759;0.1;True;ok;5;1;0.875;
3317;-6.268057005;41.31713759;0.1;True;ok;3;1;0.797;
3318;-6.168057005;41.31713759;0.1;False;ok;2;1;0.822;
3319;-6.068057005;41.31713759;0.1;False;ok;0;1;1.620;
3320;-5.968057005;41.31713759;0.1;False;ok;7;1;0.981;
3321;-5.868057005;41.31713759;0.1;False;ok;2;1;0.947;
3322;-5.768057005;41.31713759;0.1;False;ok;2;1;1.081;
3323;-5.268057005;41.31713759;0.1;False;ok;8;1;1.048;
3324;-5.168057005;41.31713759;0.1;False;ok;5;1;1.291;
3325;-4.968057005;41.31713759;0.1;False;ok;9;1;1.185;
3326;-4.868057005;41.31713759;0.1;False;ok;7;1;1.374;
3327;-4.768057005;41.31713759;0.1;False;ok;3;1;1.286;
3328;-4.568057005;41.31713759;0.1;False;ok;4;1;1.283;
3329;-4.468057005;41.31713759;0.1;False;ok;6;1;1.289;
3330;-4.368057005;41.31713759;0.1;False;ok;10;1;1.405;
3331;-4.268057005;41.31713759;0.1;False;ok;4;1;1.366;
3332;-4.168057005;41.31713759;0.1;False;ok;4;1;1.573;
3333;-3.968057005;41.31713759;0.1;False;ok;9;1;1.233;
3334;-3.868057005;41.31713759;0.1;False;ok;8;1;1.372;
3335;-3.668057005;41.31713759;0.1;False;ok;9;1;1.233;
3336;-3.568057005;41.31713759;0.1;False;ok;7;1;1.465;
3337;-3.468057005;41.31713759;0.1;False;ok;8;1;1.187;
3338;-3.368057005;41.31713759;0.1;False;ok;7;1;1.208;
3339;-3.268057005;41.31713759;0.1;False;ok;3;1;1.377;
3340;-3.068057005;41.31713759;0.1;False;ok;2;1;1.057;
3341;-6.168057005;41.41713759;0.1;False;ok;4;1;1.141;
3342;-5.968057005;41.41713759;0.1;False;ok;2;1;1.115;
3343;-5.868057005;41.41713759;0.1;False;ok;1;1;0.939;
3344;-5.768057005;41.41713759;0.1;False;ok;75;1;1.069;
3345;-5.668057005;41.41713759;0.1;False;ok;1;1;0.884;
3346;-5.568057005;41.41713759;0.1;False;ok;3;1;0.892;
3347;-5.168057005;41.41713759;0.1;False;ok;2;1;1.104;
3348;-5.068057005;41.41713759;0.1;False;ok;39;1;1.198;
3349;-4.968057005;41.41713759;0.1;False;ok;5;1;1.120;
3350;-4.768057005;41.41713759;0.1;False;ok;3;1;1.162;
3351;-4.668057005;41.41713759;0.1;False;ok;4;1;1.237;
3352;-4.468057005;41.41713759;0.1;False;ok;8;1;1.273;
3353;-4.068057005;41.41713759;0.1;False;ok;18;1;1.176;
3354;-3.868057005;41.41713759;0.1;False;ok;5;1;1.186;
3355;-3.668057005;41.41713759;0.1;False;ok;2;1;1.048;
3356;-3.568057005;41.41713759;0.1;False;ok;7;1;1.094;
3357;-3.468057005;41.41713759;0.1;False;ok;9;1;1.119;
3358;-3.068057005;41.41713759;0.1;False;ok;1;1;1.064;
3359;-2.968057005;41.41713759;0.1;False;ok;4;1;1.089;
3360;-2.868057005;41.41713759;0.1;False;ok;11;1;1.208;
3361;-2.768057005;41.41713759;0.1;False;ok;1;1;1.072;
3362;-2.568057005;41.41713759;0.1;False;ok;15;1;1.221;
3363;-6.268057005;41.51713759;0.1;True;ok;1;1;1.096;
3364;-6.168057005;41.51713759;0.1;False;ok;0;1;1.700;
3365;-6.068057005;41.51713759;0.1;False;ok;5;1;1.076;
3366;-5.768057005;41.51713759;0.1;False;ok;4;1;1.052;
3367;-5.668057005;41.51713759;0.1;False;ok;1;1;0.934;
3368;-5.468057005;41.51713759;0.1;False;ok;15;1;0.934;
3369;-5.268057005;41.51713759;0.1;False;ok;4;1;0.924;
3370;-4.968057005;41.51713759;0.1;False;ok;12;1;0.950;
3371;-4.868057005;41.51713759;0.1;False;ok;21;1;1.285;
3372;-4.768057005;41.51713759;0.1;False;ok;18;1;1.206;
3373;-4.668057005;41.51713759;0.1;False;ok;6;1;1.175;
3374;-4.568057005;41.51713759;0.1;False;ok;10;1;1.161;
3375;-4.468057005;41.51713759;0.1;False;ok;6;1;1.195;
3376;-4.168057005;41.51713759;0.1;False;ok;27;1;1.478;
3377;-3.768057005;41.51713759;0.1;False;ok;7;1;1.130;
3378;-3.668057005;41.51713759;0.1;False;ok;3;1;1.204;
3379;-3.568057005;41.51713759;0.1;False;ok;2;1;1.046;
3380;-3.468057005;41.51713759;0.1;False;ok;2;1;1.650;
3381;-3.268057005;41.51713759;0.1;False;ok;15;1;1.417;
3382;-3.168057005;41.51713759;0.1;False;ok;28;1;1.226;
3383;-3.068057005;41.51713759;0.1;False;ok;19;1;1.279;
3384;-2.968057005;41.51713759;0.1;False;ok;2;1;1.207;
3385;-2.868057005;41.51713759;0.1;False;ok;3;1;1.360;
3386;-6.268057005;41.61713759;0.1;False;ok;1;1;1.202;
3387;-6.068057005;41.61713759;0.1;False;ok;2;1;1.170;
3388;-5.868057005;41.61713759;0.1;False;ok;1;1;1.098;
3389;-5.768057005;41.61713759;0.1;False;ok;4;1;1.062;
3390;-5.368057005;41.61713759;0.1;False;ok;1;1;0.797;
3391;-5.268057005;41.61713759;0.1;False;ok;4;1;0.902;
3392;-5.068057005;41.61713759;0.1;False;ok;1;1;0.999;
3393;-4.868057005;41.61713759;0.1;False;ok;10;1;1.102;
3394;-4.768057005;41.61713759;0.1;False;ok;75;1;1.243;
3395;-4.368057005;41.61713759;0.1;False;ok;7;1;0.973;
3396;-4.268057005;41.61713759;0.1;False;ok;4;1;1.005;
3397;-4.168057005;41.61713759;0.1;False;ok;16;1;1.073;
3398;-3.968057005;41.61713759;0.1;False;ok;9;1;1.021;
3399;-3.868057005;41.61713759;0.1;False;ok;4;1;0.902;
3400;-3.768057005;41.61713759;0.1;False;ok;32;1;0.881;
3401;-3.668057005;41.61713759;0.1;False;ok;11;1;0.951;
3402;-3.568057005;41.61713759;0.1;False;ok;9;1;1.172;
3403;-3.468057005;41.61713759;0.1;False;ok;0;1;2.383;
3404;-3.068057005;41.61713759;0.1;False;ok;11;1;1.699;
3405;-2.868057005;41.61713759;0.1;False;ok;8;1;1.701;
3406;-2.668057005;41.61713759;0.1;False;ok;2;1;1.519;
3407;-2.32757849;38.31713759;0.1;False;ok;12;1;1.811;
3408;-2.32757849;38.41713759;0.1;False;ok;10;1;2.119;
3409;-2.32757849;38.51713759;0.1;False;ok;1;1;1.968;
3410;-2.32757849;38.61713759;0.1;False;ok;3;1;2.278;
3411;-2.32757849;38.71713759;0.1;False;ok;2;1;2.121;
3412;-2.32757849;39.21713759;0.1;False;ok;2;1;2.009;
3413;-2.32757849;39.31713759;0.1;False;ok;8;1;2.006;
3414;-2.32757849;39.41713759;0.1;False;ok;2;1;1.960;
3415;-2.32757849;39.51713759;0.1;False;ok;1;1;1.900;
3416;-2.32757849;39.81713759;0.1;False;ok;1;1;1.808;
3417;-2.32757849;40.01713759;0.1;False;ok;3;1;1.809;
3418;-2.32757849;40.11713759;0.1;False;ok;0;1;2.523;
3419;-2.32757849;40.21713759;0.1;False;ok;1;1;1.773;
3420;-2.32757849;40.31713759;0.1;False;ok;2;1;1.740;
3421;-2.32757849;40.41713759;0.1;False;ok;8;1;1.670;
3422;-2.32757849;40.71713759;0.1;False;ok;3;1;1.461;
3423;-2.32757849;41.11713759;0.1;False;ok;0;1;1.961;
3424;-2.32757849;41.21713759;0.1;False;ok;1;1;1.083;
3425;-2.22757849;38.41713759;0.1;False;ok;4;1;1.099;
3426;-2.22757849;38.51713759;0.1;False;ok;15;1;1.379;
3427;-2.22757849;38.61713759;0.1;False;ok;0;1;3.014;
3428;-2.22757849;39.11713759;0.1;False;ok;8;1;1.466;
3429;-2.22757849;39.31713759;0.1;False;ok;3;1;1.883;
3430;-2.22757849;39.61713759;0.1;False;ok;1;1;1.859;
3431;-2.22757849;39.71713759;0.1;False;ok;13;1;1.939;
3432;-2.22757849;39.91713759;0.1;False;ok;4;1;3.132;
3433;-2.22757849;40.06713759;0.05;False;ok;27;1;1.980;
3434;-2.22757849;40.11713759;0.1;False;ok;1;1;1.841;
3435;-2.22757849;40.31713759;0.1;False;ok;3;1;2.118;
3436;-2.22757849;40.41713759;0.1;False;ok;1;1;1.805;
3437;-2.22757849;40.51713759;0.1;False;ok;2;1;1.793;
3438;-2.22757849;40.71713759;0.1;False;ok;0;1;2.676;
3439;-2.22757849;40.81713759;0.1;False;ok;9;1;2.280;
3440;-2.22757849;41.21713759;0.1;False;ok;4;1;2.344;
3441;-2.22757849;41.41713759;0.1;False;ok;1;1;2.133;
3442;-2.22757849;41.61713759;0.1;False;ok;2;1;2.098;
3443;-2.17757849;40.01713759;0.05;False;ok;7;1;2.141;
3444;-2.17757849;40.06713759;0.025;False;ok;1;1;1.687;
3445;-2.15257849;40.06713759;0.0125;False;ok;6;1;1.784;
3446;-2.14007849;40.06713759;0.00625;False;ok;42;1;1.552;
3447;-2.14007849;40.07338759;0.00625;False;ok;49;1;1.656;
3448;-2.14007849;40.07963759;0.0125;False;ok;15;1;1.560;
3449;-2.13382849;40.06713759;0.00625;False;ok;21;1;1.480;
3450;-2.13382849;40.07338759;0.00625;False;ok;75;1;2.220;
3451;-2.12757849;38.31713759;0.1;False;ok;15;1;1.409;
3452;-2.12757849;38.41713759;0.1;False;ok;16;1;1.521;
3453;-2.12757849;38.51713759;0.1;False;ok;13;1;1.421;
3454;-2.12757849;38.61713759;0.1;False;ok;1;1;1.577;
3455;-2.12757849;38.81713759;0.1;False;ok;0;1;2.097;
3456;-2.12757849;39.21713759;0.1;False;ok;5;1;1.960;
3457;-2.12757849;39.41713759;0.1;False;ok;5;1;1.414;
3458;-2.12757849;39.51713759;0.1;False;ok;9;1;1.496;
3459;-2.12757849;39.71713759;0.1;False;ok;1;1;1.308;
3460;-2.12757849;39.91713759;0.1;False;ok;15;1;1.638;
3461;-2.12757849;40.01713759;0.1;False;ok;13;1;1.707;
3462;-2.12757849;40.11713759;0.1;False;ok;6;1;1.167;
3463;-2.12757849;40.21713759;0.1;False;ok;13;1;1.342;
3464;-2.12757849;40.41713759;0.1;False;ok;0;1;2.086;
3465;-2.12757849;40.51713759;0.1;False;ok;7;1;1.476;
3466;-2.12757849;40.61713759;0.1;False;ok;4;1;1.147;
3467;-2.12757849;40.81713759;0.1;False;ok;1;1;0.955;
3468;-2.12757849;40.91713759;0.1;False;ok;0;1;1.928;
3469;-2.12757849;41.01713759;0.1;False;ok;1;1;1.082;
3470;-2.12757849;41.21713759;0.1;False;ok;7;1;1.107;
3471;-2.12757849;41.61713759;0.1;False;ok;2;1;1.010;
3472;-2.02757849;38.21713759;0.1;False;ok;3;1;1.121;
3473;-2.02757849;38.31713759;0.1;False;ok;7;1;1.105;
3474;-2.02757849;38.41713759;0.1;False;ok;1;1;0.959;
3475;-2.02757849;38.51713759;0.1;False;ok;1;1;1.022;
3476;-2.02757849;39.41713759;0.1;False;ok;1;1;0.932;
3477;-2.02757849;39.91713759;0.1;False;ok;3;1;0.844;
3478;-2.02757849;40.11713759;0.1;False;ok;7;1;1.297;
3479;-2.02757849;40.21713759;0.1;False;ok;13;1;1.073;
3480;-2.02757849;40.31713759;0.1;False;ok;1;1;1.103;
3481;-2.02757849;40.41713759;0.1;False;ok;1;1;1.122;
3482;-2.02757849;40.61713759;0.1;False;ok;3;1;1.145;
3483;-2.02757849;40.71713759;0.1;False;ok;2;1;1.233;
3484;-2.02757849;40.81713759;0.1;False;ok;7;1;1.369;
3485;-2.02757849;40.91713759;0.1;False;ok;1;1;1.215;
3486;-2.02757849;41.41713759;0.1;False;ok;3;1;1.418;
3487;-1.92757849;38.21713759;0.1;False;ok;8;1;1.212;
3488;-1.92757849;38.41713759;0.1;False;ok;0;1;1.915;
3489;-1.92757849;38.91713759;0.1;False;ok;75;1;1.342;
3490;-1.92757849;39.31713759;0.1;False;ok;1;1;1.050;
3491;-1.92757849;39.51713759;0.1;False;ok;5;1;1.304;
3492;-1.92757849;39.71713759;0.1;False;ok;1;1;1.149;
3493;-1.92757849;39.81713759;0.1;False;ok;1;1;1.167;
3494;-1.92757849;39.91713759;0.1;False;ok;1;1;1.101;
3495;-1.92757849;40.11713759;0.1;False;ok;0;1;1.978;
3496;-1.92757849;40.31713759;0.1;False;ok;22;1;1.243;
3497;-1.92757849;40.41713759;0.1;False;ok;2;1;1.051;
3498;-1.92757849;40.51713759;0.1;False;ok;6;1;1.100;
3499;-1.92757849;40.61713759;0.1;False;ok;1;1;1.137;
3500;-1.92757849;40.71713759;0.1;False;ok;1;1;1.174;
3501;-1.92757849;40.81713759;0.1;False;ok;14;1;1.113;
3502;-1.92757849;41.11713759;0.1;False;ok;10;1;1.104;
3503;-1.92757849;41.21713759;0.1;False;ok;29;1;1.433;
3504;-1.92757849;41.41713759;0.1;False;ok;1;1;1.066;
3505;-1.92757849;41.51713759;0.1;False;ok;1;1;1.020;
3506;-1.82757849;38.91713759;0.1;False;ok;3;1;1.006;
3507;-1.82757849;39.11713759;0.1;False;ok;2;1;1.099;
3508;-1.82757849;39.51713759;0.1;False;ok;5;1;0.995;
3509;-1.82757849;39.81713759;0.1;False;ok;12;1;1.362;
3510;-1.82757849;39.91713759;0.1;False;ok;3;1;1.260;
3511;-1.82757849;40.21713759;0.1;False;ok;2;1;1.231;
3512;-1.82757849;40.51713759;0.1;False;ok;1;1;1.213;
3513;-1.82757849;40.61713759;0.1;False;ok;1;1;1.175;
3514;-1.82757849;41.11713759;0.1;False;ok;15;1;1.109;
3515;-1.82757849;41.21713759;0.1;False;ok;6;1;1.036;
3516;-1.82757849;41.31713759;0.1;False;ok;10;1;0.943;
3517;-1.82757849;41.41713759;0.1;False;ok;1;1;1.954;
3518;-1.82757849;41.61713759;0.1;False;ok;1;1;1.364;
3519;-1.72757849;38.21713759;0.1;False;ok;8;1;1.916;
3520;-1.72757849;38.41713759;0.1;False;ok;12;1;1.936;
3521;-1.72757849;38.51713759;0.1;False;ok;3;1;1.894;
3522;-1.72757849;38.81713759;0.1;False;ok;3;1;1.790;
3523;-1.72757849;38.91713759;0.1;False;ok;4;1;1.708;
3524;-1.72757849;39.01713759;0.1;False;ok;4;1;1.712;
3525;-1.72757849;39.11713759;0.1;False;ok;13;1;1.648;
3526;-1.72757849;39.21713759;0.1;False;ok;1;1;1.596;
3527;-1.72757849;39.41713759;0.1;False;ok;2;1;1.571;
3528;-1.72757849;39.51713759;0.1;False;ok;2;1;1.455;
3529;-1.72757849;39.71713759;0.1;False;ok;5;1;2.222;
3530;-1.72757849;39.81713759;0.1;False;ok;1;1;2.227;
3531;-1.72757849;40.01713759;0.1;False;ok;6;1;2.253;
3532;-1.72757849;40.11713759;0.1;False;ok;9;1;2.179;
3533;-1.72757849;40.31713759;0.1;False;ok;6;1;2.123;
3534;-1.72757849;40.41713759;0.1;False;ok;2;1;2.151;
3535;-1.72757849;40.51713759;0.1;False;ok;8;1;2.181;
3536;-1.72757849;40.71713759;0.1;False;ok;1;1;2.063;
3537;-1.72757849;40.81713759;0.1;False;ok;2;1;3.057;
3538;-1.72757849;41.21713759;0.1;False;ok;12;1;2.547;
3539;-1.72757849;41.31713759;0.1;False;ok;30;1;2.512;
3540;-1.72757849;41.41713759;0.1;False;ok;2;1;2.466;
3541;-1.72757849;41.51713759;0.1;False;ok;2;1;2.517;
3542;-1.72757849;41.61713759;0.1;False;ok;0;1;3.234;
3543;-1.62757849;38.51713759;0.1;False;ok;1;1;2.468;
3544;-1.62757849;38.81713759;0.1;False;ok;1;1;2.565;
3545;-1.62757849;38.91713759;0.1;False;ok;1;1;2.434;
3546;-1.62757849;39.11713759;0.1;False;ok;5;1;2.512;
3547;-1.62757849;39.21713759;0.1;False;ok;4;1;2.413;
3548;-1.62757849;39.31713759;0.1;False;ok;8;1;2.536;
3549;-1.62757849;39.51713759;0.1;False;ok;2;1;2.401;
3550;-1.62757849;39.61713759;0.1;False;ok;5;1;2.408;
3551;-1.62757849;39.91713759;0.1;False;ok;0;1;2.651;
3552;-1.62757849;40.21713759;0.1;False;ok;0;1;3.159;
3553;-1.62757849;40.31713759;0.1;False;ok;3;1;1.891;
3554;-1.62757849;40.41713759;0.1;False;ok;22;1;2.371;
3555;-1.62757849;40.81713759;0.1;False;ok;1;1;2.386;
3556;-1.62757849;40.91713759;0.1;False;ok;1;1;2.340;
3557;-1.62757849;41.21713759;0.1;False;ok;4;1;2.049;
3558;-1.62757849;41.31713759;0.1;False;ok;4;1;2.042;
3559;-1.62757849;41.41713759;0.1;False;ok;2;1;2.040;
3560;-1.62757849;41.51713759;0.1;False;ok;1;1;2.065;
3561;-1.52757849;38.21713759;0.1;False;ok;1;1;2.032;
3562;-1.52757849;38.61713759;0.1;False;ok;4;1;2.054;
3563;-1.52757849;38.81713759;0.1;False;ok;0;1;2.795;
3564;-1.52757849;38.91713759;0.1;False;ok;2;1;2.028;
3565;-1.52757849;39.11713759;0.1;False;ok;74;1;2.100;
3566;-1.52757849;39.21713759;0.1;False;ok;6;1;2.014;
3567;-1.52757849;39.51713759;0.1;False;ok;7;1;1.987;
3568;-1.52757849;40.01713759;0.1;False;ok;2;1;2.322;
3569;-1.52757849;40.21713759;0.1;False;ok;4;1;1.953;
3570;-1.52757849;40.31713759;0.1;False;ok;73;1;1.876;
3571;-1.52757849;40.41713759;0.1;False;ok;5;1;1.802;
3572;-1.52757849;40.51713759;0.1;False;ok;0;1;2.574;
3573;-1.52757849;40.81713759;0.1;False;ok;0;1;2.534;
3574;-1.52757849;40.91713759;0.1;False;ok;4;1;1.734;
3575;-1.52757849;41.11713759;0.1;False;ok;3;1;1.527;
3576;-1.42757849;38.21713759;0.1;False;ok;5;1;1.784;
3577;-1.42757849;38.41713759;0.1;False;ok;5;1;1.486;
3578;-1.42757849;38.61713759;0.1;False;ok;0;1;2.220;
3579;-1.42757849;39.01713759;0.1;False;ok;3;1;1.416;
3580;-1.42757849;39.11713759;0.1;False;ok;39;1;1.585;
3581;-1.42757849;39.21713759;0.1;False;ok;13;1;1.461;
3582;-1.42757849;39.31713759;0.1;False;ok;2;1;1.453;
3583;-1.42757849;39.41713759;0.1;False;ok;8;1;1.458;
3584;-1.42757849;39.71713759;0.1;False;ok;0;1;2.180;
3585;-1.42757849;39.81713759;0.1;False;ok;1;1;1.344;
3586;-1.42757849;39.91713759;0.1;False;ok;3;1;1.477;
3587;-1.42757849;40.01713759;0.1;False;ok;0;1;1.795;
3588;-1.42757849;40.11713759;0.1;False;ok;5;1;1.057;
3589;-1.42757849;40.21713759;0.1;False;ok;3;1;1.166;
3590;-1.42757849;40.31713759;0.1;False;ok;9;1;1.096;
3591;-1.42757849;40.71713759;0.1;False;ok;4;1;2.555;
3592;-1.42757849;40.81713759;0.1;False;ok;3;1;1.081;
3593;-1.42757849;41.01713759;0.1;False;ok;7;1;1.080;
3594;-1.42757849;41.11713759;0.1;False;ok;2;1;1.134;
3595;-1.42757849;41.41713759;0.1;False;ok;2;1;2.890;
3596;-1.32757849;38.31713759;0.1;False;ok;0;1;2.434;
3597;-1.32757849;38.41713759;0.1;False;ok;1;1;1.358;
3598;-1.32757849;38.71713759;0.1;False;ok;1;1;1.369;
3599;-1.32757849;38.91713759;0.1;False;ok;3;1;1.579;
3600;-1.32757849;39.01713759;0.1;False;ok;3;1;1.414;
3601;-1.32757849;39.11713759;0.1;False;ok;2;1;1.433;
3602;-1.32757849;39.21713759;0.1;False;ok;0;1;2.122;
3603;-1.32757849;39.31713759;0.1;False;ok;1;1;1.556;
3604;-1.32757849;39.41713759;0.1;False;ok;1;1;2.979;
3605;-1.32757849;39.51713759;0.1;False;ok;6;1;1.540;
3606;-1.32757849;39.71713759;0.1;False;ok;2;1;2.864;
3607;-1.32757849;39.81713759;0.1;False;ok;5;1;1.407;
3608;-1.32757849;39.91713759;0.1;False;ok;3;1;1.422;
3609;-1.32757849;40.01713759;0.1;False;ok;15;1;1.362;
3610;-1.32757849;40.11713759;0.1;False;ok;10;1;1.082;
3611;-1.32757849;40.21713759;0.1;False;ok;2;1;1.011;
3612;-1.32757849;40.31713759;0.1;False;ok;5;1;0.907;
3613;-1.32757849;40.41713759;0.1;False;ok;15;1;0.875;
3614;-1.32757849;40.51713759;0.1;False;ok;5;1;2.267;
3615;-1.32757849;40.61713759;0.1;False;ok;1;1;0.742;
3616;-1.32757849;40.81713759;0.1;False;ok;1;1;0.762;
3617;-1.32757849;40.91713759;0.1;False;ok;9;1;0.870;
3618;-1.32757849;41.01713759;0.1;False;ok;2;1;0.805;
3619;-1.32757849;41.41713759;0.1;False;ok;1;1;0.779;
3620;-1.32757849;41.51713759;0.1;False;ok;0;1;1.744;
3621;-1.32757849;41.61713759;0.1;False;ok;7;1;0.964;
3622;-1.22757849;38.21713759;0.1;False;ok;3;1;3.093;
3623;-1.22757849;38.31713759;0.1;False;ok;2;1;0.986;
3624;-1.22757849;38.41713759;0.1;False;ok;1;1;1.167;
3625;-1.22757849;38.61713759;0.1;False;ok;4;1;1.191;
3626;-1.22757849;38.91713759;0.1;False;ok;1;1;1.135;
3627;-1.22757849;39.21713759;0.1;False;ok;0;1;3.873;
3628;-1.22757849;39.41713759;0.1;False;ok;2;1;1.124;
3629;-1.22757849;39.51713759;0.1;False;ok;9;1;1.043;
3630;-1.22757849;39.91713759;0.1;False;ok;3;1;0.991;
3631;-1.22757849;40.01713759;0.1;False;ok;2;1;1.103;
3632;-1.22757849;40.21713759;0.1;False;ok;8;1;0.961;
3633;-1.22757849;40.31713759;0.1;False;ok;9;1;0.880;
3634;-1.22757849;40.61713759;0.1;False;ok;4;1;0.895;
3635;-1.22757849;41.31713759;0.1;False;ok;6;1;0.924;
3636;-1.12757849;38.21713759;0.1;False;ok;2;1;2.419;
3637;-1.12757849;38.31713759;0.1;False;ok;12;1;0.830;
3638;-1.12757849;38.41713759;0.1;False;ok;7;1;2.825;
3639;-1.12757849;38.51713759;0.1;False;ok;18;1;0.869;
3640;-1.12757849;38.61713759;0.1;False;ok;4;1;0.883;
3641;-1.12757849;38.81713759;0.1;False;ok;28;1;0.899;
3642;-1.12757849;38.91713759;0.1;False;ok;1;1;0.848;
3643;-1.12757849;39.01713759;0.1;False;ok;13;1;2.017;
3644;-1.12757849;39.11713759;0.1;False;ok;6;1;1.676;
3645;-1.12757849;39.21713759;0.1;False;ok;3;1;2.548;
3646;-1.12757849;39.31713759;0.1;False;ok;3;1;1.512;
3647;-1.12757849;39.41713759;0.1;False;ok;26;1;1.697;
3648;-1.12757849;39.71713759;0.1;False;ok;1;1;1.602;
3649;-1.12757849;39.81713759;0.1;False;ok;2;1;1.560;
3650;-1.12757849;39.91713759;0.1;False;ok;2;1;1.582;
3651;-1.12757849;40.11713759;0.1;False;ok;16;1;1.636;
3652;-1.12757849;40.21713759;0.1;False;ok;2;1;2.889;
3653;-1.12757849;40.31713759;0.1;False;ok;72;1;2.899;
3654;-1.12757849;40.41713759;0.1;False;ok;4;1;2.786;
3655;-1.12757849;40.51713759;0.1;False;ok;2;1;2.059;
3656;-1.12757849;41.01713759;0.1;False;ok;1;1;2.034;
3657;-1.02757849;38.21713759;0.1;False;ok;11;1;2.233;
3658;-1.02757849;38.31713759;0.1;False;ok;6;1;2.263;
3659;-1.02757849;38.41713759;0.1;False;ok;9;1;2.001;
3660;-1.02757849;38.61713759;0.1;False;ok;13;1;1.630;
3661;-1.02757849;39.21713759;0.1;False;ok;4;1;1.577;
3662;-1.02757849;39.31713759;0.1;False;ok;1;1;1.703;
3663;-1.02757849;39.41713759;0.1;False;ok;2;1;1.731;
3664;-1.02757849;39.51713759;0.1;False;ok;6;1;1.567;
3665;-1.02757849;39.71713759;0.1;False;ok;8;1;1.713;
3666;-1.02757849;39.81713759;0.1;False;ok;8;1;1.655;
3667;-1.02757849;39.91713759;0.1;False;ok;3;1;1.533;
3668;-1.02757849;40.11713759;0.1;False;ok;2;1;1.529;
3669;-1.02757849;40.21713759;0.1;False;ok;5;1;1.340;
3670;-1.02757849;40.81713759;0.1;False;ok;1;1;1.106;
3671;-1.02757849;41.31713759;0.1;False;ok;1;1;1.130;
3672;-1.02757849;41.51713759;0.1;False;ok;3;1;1.015;
3673;-1.02757849;41.61713759;0.1;False;ok;20;1;1.131;
3674;-0.92757849;38.21713759;0.1;False;ok;3;1;0.838;
3675;-0.92757849;38.31713759;0.1;False;ok;9;1;0.896;
3676;-0.92757849;38.41713759;0.1;False;ok;9;1;1.176;
3677;-0.92757849;38.51713759;0.1;False;ok;6;1;1.183;
3678;-0.92757849;38.61713759;0.1;False;ok;23;1;1.436;
3679;-0.92757849;38.91713759;0.1;False;ok;0;1;1.844;
3680;-0.92757849;39.31713759;0.1;False;ok;2;1;1.063;
3681;-0.92757849;39.41713759;0.1;False;ok;9;1;1.100;
3682;-0.92757849;39.51713759;0.1;False;ok;0;1;2.064;
3683;-0.92757849;39.61713759;0.1;False;ok;48;1;1.388;
3684;-0.92757849;40.01713759;0.1;False;ok;7;1;1.381;
3685;-0.92757849;40.11713759;0.1;False;ok;2;1;1.336;
3686;-0.92757849;40.31713759;0.1;False;ok;4;1;1.448;
3687;-0.92757849;40.61713759;0.1;False;ok;3;1;1.466;
3688;-0.92757849;40.71713759;0.1;False;ok;1;1;1.459;
3689;-0.92757849;40.81713759;0.1;False;ok;1;1;1.440;
3690;-0.92757849;41.01713759;0.1;False;ok;1;1;1.328;
3691;-0.92757849;41.21713759;0.1;False;ok;2;1;1.377;
3692;-0.92757849;41.61713759;0.025;False;ok;6;1;1.436;
3693;-0.92757849;41.64213759;0.025;False;ok;25;1;1.439;
3694;-0.92757849;41.66713759;0.05;False;ok;6;1;1.336;
3695;-0.90257849;41.61713759;0.025;False;ok;24;1;1.301;
3696;-0.90257849;41.64213759;0.0125;False;ok;31;1;1.152;
3697;-0.90257849;41.65463759;0.0125;False;ok;24;1;1.027;
3698;-0.89007849;41.64213759;0.0125;False;ok;74;1;1.130;
3699;-0.89007849;41.65463759;0.0125;False;ok;75;1;1.233;
3700;-0.87757849;41.61713759;0.05;False;ok;74;1;0.947;
3701;-0.87757849;41.66713759;0.05;False;ok;6;1;0.808;
3702;-0.82757849;38.21713759;0.1;False;ok;18;1;0.848;
3703;-0.82757849;38.31713759;0.1;False;ok;32;1;1.004;
3704;-0.82757849;38.41713759;0.1;False;ok;18;1;1.034;
3705;-0.82757849;38.51713759;0.1;False;ok;3;1;1.078;
3706;-0.82757849;38.61713759;0.1;False;ok;25;1;1.112;
3707;-0.82757849;38.71713759;0.1;False;ok;4;1;1.017;
3708;-0.82757849;38.81713759;0.1;False;ok;7;1;1.106;
3709;-0.82757849;38.91713759;0.1;False;ok;4;1;1.091;
3710;-0.82757849;39.01713759;0.1;False;ok;4;1;1.018;
3711;-0.82757849;39.31713759;0.1;False;ok;19;1;1.084;
3712;-0.82757849;39.41713759;0.1;False;ok;8;1;1.230;
3713;-0.82757849;39.51713759;0.1;False;ok;0;1;1.880;
3714;-0.82757849;39.71713759;0.1;False;ok;3;1;1.053;
3715;-0.82757849;39.91713759;0.1;False;ok;0;1;1.757;
3716;-0.82757849;40.01713759;0.1;False;ok;9;1;1.030;
3717;-0.82757849;40.11713759;0.1;False;ok;6;1;1.002;
3718;-0.82757849;40.21713759;0.1;False;ok;44;1;1.197;
3719;-0.82757849;40.31713759;0.1;False;ok;2;1;0.949;
3720;-0.82757849;40.41713759;0.1;False;ok;5;1;1.001;
3721;-0.82757849;40.51713759;0.1;False;ok;0;1;1.722;
3722;-0.82757849;40.61713759;0.1;False;ok;2;1;1.076;
3723;-0.82757849;41.21713759;0.1;False;ok;10;1;0.913;
3724;-0.82757849;41.51713759;0.1;False;ok;2;1;0.742;
3725;-0.82757849;41.61713759;0.1;False;ok;5;1;0.887;
3726;-0.72757849;38.21713759;0.1;False;ok;65;1;0.965;
3727;-0.72757849;38.31713759;0.1;False;ok;7;1;0.833;
3728;-0.72757849;38.41713759;0.1;False;ok;7;1;0.960;
3729;-0.72757849;38.51713759;0.1;False;ok;12;1;0.975;
3730;-0.72757849;38.61713759;0.1;False;ok;22;1;0.994;
3731;-0.72757849;38.71713759;0.1;False;ok;5;1;0.862;
3732;-0.72757849;38.81713759;0.1;False;ok;6;1;0.880;
3733;-0.72757849;38.91713759;0.1;False;ok;7;1;0.941;
3734;-0.72757849;39.01713759;0.1;False;ok;55;1;0.992;
3735;-0.72757849;39.21713759;0.1;False;ok;0;1;1.603;
3736;-0.72757849;39.31713759;0.1;False;ok;21;1;0.861;
3737;-0.72757849;39.41713759;0.1;False;ok;11;1;0.925;
3738;-0.72757849;39.51713759;0.1;False;ok;9;1;0.869;
3739;-0.72757849;39.61713759;0.1;False;ok;13;1;1.148;
3740;-0.72757849;39.91713759;0.1;False;ok;6;1;0.875;
3741;-0.72757849;40.01713759;0.1;False;ok;12;1;0.888;
3742;-0.72757849;40.11713759;0.1;False;ok;23;1;0.879;
3743;-0.72757849;40.21713759;0.1;False;ok;3;1;0.739;
3744;-0.72757849;40.31713759;0.1;False;ok;23;1;0.913;
3745;-0.72757849;40.41713759;0.1;False;ok;5;1;0.920;
3746;-0.72757849;40.51713759;0.1;False;ok;4;1;0.958;
3747;-0.72757849;40.61713759;0.1;False;ok;3;1;1.136;
3748;-0.72757849;40.81713759;0.1;False;ok;4;1;1.162;
3749;-0.72757849;40.91713759;0.1;False;ok;2;1;1.229;
3750;-0.72757849;41.01713759;0.1;False;ok;2;1;1.185;
3751;-0.72757849;41.11713759;0.1;False;ok;4;1;1.151;
3752;-0.72757849;41.31713759;0.1;False;ok;2;1;1.115;
3753;-0.72757849;41.51713759;0.1;False;ok;4;1;1.098;
3754;-0.62757849;38.21713759;0.1;False;ok;75;1;1.491;
3755;-0.62757849;38.31713759;0.1;False;ok;13;1;1.192;
3756;-0.62757849;38.41713759;0.1;False;ok;11;1;1.224;
3757;-0.62757849;38.51713759;0.1;False;ok;8;1;1.287;
3758;-0.62757849;38.61713759;0.1;False;ok;13;1;1.308;
3759;-0.62757849;38.71713759;0.1;False;ok;27;1;1.224;
3760;-0.62757849;38.81713759;0.1;False;ok;23;1;1.305;
3761;-0.62757849;39.01713759;0.1;False;ok;6;1;1.207;
3762;-0.62757849;39.11713759;0.1;False;ok;2;1;1.312;
3763;-0.62757849;39.21713759;0.1;False;ok;9;1;1.303;
3764;-0.62757849;39.31713759;0.1;False;ok;14;1;1.205;
3765;-0.62757849;39.41713759;0.1;False;ok;24;1;1.338;
3766;-0.62757849;39.51713759;0.1;False;ok;26;1;1.359;
3767;-0.62757849;39.61713759;0.1;False;ok;16;1;1.150;
3768;-0.62757849;39.81713759;0.1;False;ok;12;1;1.196;
3769;-0.62757849;39.91713759;0.1;False;ok;18;1;1.298;
3770;-0.62757849;40.01713759;0.1;False;ok;6;1;1.158;
3771;-0.62757849;40.11713759;0.1;False;ok;18;1;1.238;
3772;-0.62757849;40.31713759;0.1;False;ok;21;1;1.151;
3773;-0.62757849;40.61713759;0.1;False;ok;2;1;1.871;
3774;-0.62757849;40.71713759;0.1;False;ok;3;1;1.033;
3775;-0.62757849;40.81713759;0.1;False;ok;2;1;0.958;
3776;-0.62757849;41.41713759;0.1;False;ok;1;1;0.926;
3777;-0.52757849;38.21713759;0.0125;False;ok;74;1;1.334;
3778;-0.52757849;38.22963759;0.0125;False;ok;74;1;1.314;
3779;-0.52757849;38.24213759;0.00625;False;ok;5;1;1.042;
3780;-0.52757849;38.24838759;0.00625;False;ok;29;1;1.117;
3781;-0.52757849;38.25463759;0.0125;False;ok;43;1;1.098;
3782;-0.52757849;38.26713759;0.05;False;ok;27;1;1.084;
3783;-0.52757849;38.31713759;0.025;False;ok;11;1;0.981;
3784;-0.52757849;38.34213759;0.025;False;ok;8;1;1.181;
3785;-0.52757849;38.36713759;0.05;False;ok;44;1;1.139;
3786;-0.52757849;38.41713759;0.1;False;ok;70;1;1.461;
3787;-0.52757849;38.51713759;0.1;False;ok;7;1;1.065;
3788;-0.52757849;38.61713759;0.1;False;ok;19;1;1.190;
3789;-0.52757849;38.71713759;0.1;False;ok;11;1;1.021;
3790;-0.52757849;38.81713759;0.1;False;ok;6;1;1.092;
3791;-0.52757849;38.91713759;0.1;False;ok;38;1;1.313;
3792;-0.52757849;39.01713759;0.1;False;ok;7;1;1.208;
3793;-0.52757849;39.11713759;0.1;False;ok;31;1;1.132;
3794;-0.52757849;39.21713759;0.1;False;ok;12;1;1.116;
3795;-0.52757849;39.31713759;0.1;False;ok;19;1;1.172;
3796;-0.52757849;39.41713759;0.1;False;ok;69;1;1.088;
3797;-0.52757849;39.51713759;0.1;False;ok;48;1;1.029;
3798;-0.52757849;39.61713759;0.1;False;ok;14;1;0.974;
3799;-0.52757849;39.71713759;0.1;False;ok;5;1;0.920;
3800;-0.52757849;39.81713759;0.1;False;ok;58;1;1.093;
3801;-0.52757849;39.91713759;0.1;False;ok;3;1;0.949;
3802;-0.52757849;40.01713759;0.1;False;ok;22;1;0.998;
3803;-0.52757849;40.11713759;0.1;False;ok;4;1;1.036;
3804;-0.52757849;40.21713759;0.1;False;ok;8;1;0.875;
3805;-0.52757849;40.31713759;0.1;False;ok;10;1;0.938;
3806;-0.52757849;40.41713759;0.1;False;ok;4;1;0.925;
3807;-0.52757849;40.71713759;0.1;False;ok;5;1;0.931;
3808;-0.52757849;40.81713759;0.1;False;ok;8;1;0.905;
3809;-0.52757849;40.91713759;0.1;False;ok;4;1;0.982;
3810;-0.52757849;41.11713759;0.1;False;ok;11;1;1.143;
3811;-0.52757849;41.41713759;0.1;False;ok;0;1;1.687;
3812;-0.52132849;38.24213759;0.00625;False;ok;64;1;1.266;
3813;-0.52132849;38.24838759;0.00625;False;ok;75;1;1.342;
3814;-0.50257849;38.31713759;0.025;False;ok;64;1;1.538;
3815;-0.50257849;38.34213759;0.0125;False;ok;75;1;1.700;
3816;-0.50257849;38.35463759;0.0125;False;ok;16;1;1.445;
3817;-0.49007849;38.34213759;0.003125;False;ok;17;1;1.486;
3818;-0.49007849;38.34526259;0.003125;False;ok;54;1;1.594;
3819;-0.49007849;38.34838759;0.00625;False;ok;75;1;1.703;
3820;-0.49007849;38.35463759;0.0125;False;ok;75;1;1.875;
3821;-0.48695349;38.34213759;0.003125;False;ok;75;1;1.729;
3822;-0.48695349;38.34526259;0.003125;False;ok;64;1;1.665;
3823;-0.48382849;38.34213759;0.003125;False;ok;73;1;1.624;
3824;-0.48382849;38.34526259;0.0015625;False;ok;69;1;1.477;
3825;-0.48382849;38.34682509;0.0015625;False;ok;43;1;1.585;
3826;-0.48382849;38.34838759;0.00625;False;ok;75;1;1.681;
3827;-0.48226599;38.34526259;0.0015625;False;ok;67;1;1.659;
3828;-0.48226599;38.34682509;0.0015625;False;ok;30;1;1.500;
3829;-0.48070349;38.34213759;0.003125;False;ok;31;1;1.329;
3830;-0.48070349;38.34526259;0.003125;False;ok;66;1;1.122;
3831;-0.47757849;38.34213759;0.025;False;ok;74;1;1.107;
3832;-0.47757849;38.36713759;0.05;False;ok;46;1;1.050;
3833;-0.45257849;38.34213759;0.025;False;ok;73;1;0.993;
3834;-0.42757849;38.31713759;0.05;False;ok;73;1;1.730;
3835;-0.42757849;38.36713759;0.0125;False;ok;37;1;0.935;
3836;-0.42757849;38.37963759;0.0125;False;ok;28;1;0.928;
3837;-0.42757849;38.39213759;0.025;False;ok;72;1;1.639;
3838;-0.42757849;38.41713759;0.025;False;ok;7;1;0.860;
3839;-0.42757849;38.46713759;0.05;False;ok;7;1;1.404;
3840;-0.42757849;38.51713759;0.1;False;ok;6;1;1.362;
3841;-0.42757849;38.61713759;0.1;False;ok;11;1;1.353;
3842;-0.42757849;38.71713759;0.1;False;ok;10;1;2.170;
3843;-0.42757849;38.81713759;0.1;False;ok;13;1;2.236;
3844;-0.42757849;38.91713759;0.1;False;ok;0;1;2.796;
3845;-0.42757849;39.01713759;0.1;False;ok;11;1;2.310;
3846;-0.42757849;39.11713759;0.1;False;ok;27;1;2.141;
3847;-0.42757849;39.21713759;0.1;False;ok;4;1;2.334;
3848;-0.42757849;39.31713759;0.1;False;ok;21;1;2.214;
3849;-0.42757849;39.41713759;0.05;False;ok;75;1;2.569;
3850;-0.42757849;39.46713759;0.025;False;ok;43;1;2.238;
3851;-0.42757849;39.49213759;0.025;False;ok;34;1;2.187;
3852;-0.42757849;39.51713759;0.1;False;ok;24;1;2.189;
3853;-0.42757849;39.61713759;0.1;False;ok;21;1;1.945;
3854;-0.42757849;39.71713759;0.1;False;ok;13;1;1.862;
3855;-0.42757849;39.81713759;0.1;False;ok;9;1;1.844;
3856;-0.42757849;39.91713759;0.1;False;ok;6;1;2.053;
3857;-0.42757849;40.11713759;0.1;False;ok;18;1;1.330;
3858;-0.42757849;40.21713759;0.1;False;ok;2;1;1.324;
3859;-0.42757849;40.51713759;0.1;False;ok;15;1;1.218;
3860;-0.42757849;40.61713759;0.1;False;ok;12;1;1.374;
3861;-0.42757849;40.81713759;0.1;False;ok;4;1;1.159;
3862;-0.42757849;41.31713759;0.1;False;ok;4;1;1.020;
3863;-0.42757849;41.61713759;0.1;False;ok;1;1;1.098;
3864;-0.41507849;38.36713759;0.0125;False;ok;50;1;2.282;
3865;-0.41507849;38.37963759;0.0125;False;ok;74;1;2.495;
3866;-0.40257849;38.39213759;0.025;False;ok;51;1;2.290;
3867;-0.40257849;38.41713759;0.0125;False;ok;72;1;2.597;
3868;-0.40257849;38.42963759;0.0125;False;ok;12;1;2.517;
3869;-0.40257849;38.44213759;0.025;False;ok;8;1;2.500;
3870;-0.40257849;39.46713759;0.0125;False;ok;71;1;3.570;
3871;-0.40257849;39.47963759;0.0125;False;ok;36;1;3.545;
3872;-0.40257849;39.49213759;0.025;False;ok;45;1;4.745;
3873;-0.39007849;38.41713759;0.0125;False;ok;29;1;3.492;
3874;-0.39007849;38.42963759;0.0125;False;ok;26;1;3.448;
3875;-0.39007849;39.46713759;0.00625;False;ok;34;1;4.350;
3876;-0.39007849;39.47338759;0.00625;False;ok;49;1;3.877;
3877;-0.39007849;39.47963759;0.0125;False;ok;69;1;4.853;
3878;-0.38382849;39.46713759;0.00625;False;ok;74;1;3.779;
3879;-0.38382849;39.47338759;0.00625;False;ok;73;1;4.016;
3880;-0.37757849;38.41713759;0.05;False;ok;58;1;5.022;
3881;-0.37757849;38.46713759;0.05;False;ok;30;1;4.930;
3882;-0.37757849;39.44213759;0.0125;False;ok;47;1;3.456;
3883;-0.37757849;39.45463759;0.00625;False;ok;60;1;4.219;
3884;-0.37757849;39.46088759;0.00625;False;ok;68;1;2.300;
3885;-0.37757849;39.46713759;0.00625;False;ok;75;1;2.293;
3886;-0.37757849;39.47338759;0.00625;False;ok;75;1;2.080;
3887;-0.37757849;39.47963759;0.0125;False;ok;73;1;2.172;
3888;-0.37757849;39.49213759;0.025;False;ok;45;1;2.083;
3889;-0.37132849;39.45463759;0.00625;False;ok;72;1;2.111;
3890;-0.37132849;39.46088759;0.00625;False;ok;65;1;1.820;
3891;-0.37132849;39.46713759;0.00625;False;ok;15;1;1.734;
3892;-0.37132849;39.47338759;0.00625;False;ok;15;1;3.023;
3893;-0.36507849;39.44213759;0.0125;False;ok;20;1;1.683;
3894;-0.36507849;39.45463759;0.0125;False;ok;74;1;1.625;
3895;-0.36507849;39.46713759;0.0125;False;ok;63;1;1.503;
3896;-0.36507849;39.47963759;0.0125;False;ok;29;1;1.199;
3897;-0.35257849;39.44213759;0.0125;False;ok;3;1;1.183;
3898;-0.35257849;39.45463759;0.0125;False;ok;73;1;1.298;
3899;-0.35257849;39.46713759;0.0125;False;ok;74;1;1.228;
3900;-0.35257849;39.49213759;0.025;False;ok;5;1;1.178;
3901;-0.34007849;39.44213759;0.0125;False;ok;57;1;1.283;
3902;-0.34007849;39.45463759;0.0125;False;ok;74;1;1.852;
3903;-0.34007849;39.46713759;0.0125;False;ok;75;1;1.491;
3904;-0.34007849;39.47963759;0.0125;False;ok;42;1;1.123;
3905;-0.32757849;38.46713759;0.05;False;ok;52;1;1.426;
3906;-0.32757849;38.51713759;0.1;False;ok;23;1;0.983;
3907;-0.32757849;38.61713759;0.1;False;ok;8;1;1.160;
3908;-0.32757849;38.71713759;0.1;False;ok;7;1;1.119;
3909;-0.32757849;38.81713759;0.1;False;ok;8;1;1.125;
3910;-0.32757849;38.91713759;0.1;False;ok;16;1;1.145;
3911;-0.32757849;39.01713759;0.1;False;ok;20;1;1.214;
3912;-0.32757849;39.11713759;0.05;False;ok;6;1;1.139;
3913;-0.32757849;39.21713759;0.1;False;ok;67;1;1.446;
3914;-0.32757849;39.31713759;0.1;False;ok;12;1;1.355;
3915;-0.32757849;39.41713759;0.05;False;ok;40;1;3.162;
3916;-0.32757849;39.46713759;0.025;False;ok;72;1;1.607;
3917;-0.32757849;39.49213759;0.025;False;ok;58;1;1.604;
3918;-0.32757849;39.51713759;0.1;False;ok;70;1;1.723;
3919;-0.32757849;39.61713759;0.1;False;ok;63;1;1.576;
3920;-0.32757849;39.71713759;0.1;False;ok;6;1;1.375;
3921;-0.32757849;39.81713759;0.1;False;ok;20;1;1.357;
3922;-0.32757849;39.91713759;0.1;False;ok;7;1;1.164;
3923;-0.32757849;40.01713759;0.1;False;ok;2;1;1.156;
3924;-0.32757849;40.11713759;0.1;False;ok;9;1;1.200;
3925;-0.32757849;40.21713759;0.1;False;ok;6;1;1.051;
3926;-0.32757849;40.41713759;0.1;False;ok;25;1;1.556;
3927;-0.32757849;40.51713759;0.1;False;ok;10;1;1.202;
3928;-0.32757849;40.61713759;0.1;False;ok;3;1;1.179;
3929;-0.32757849;40.71713759;0.1;False;ok;9;1;1.165;
3930;-0.32757849;40.81713759;0.1;False;ok;2;1;3.105;
3931;-0.32757849;40.91713759;0.1;False;ok;7;1;1.174;
3932;-0.32757849;41.01713759;0.1;False;ok;6;1;1.172;
3933;-0.32757849;41.21713759;0.1;False;ok;1;1;1.003;
3934;-0.32757849;41.61713759;0.1;False;ok;2;1;0.994;
3935;-0.27757849;38.49213759;0.025;False;ok;72;1;1.694;
3936;-0.27757849;39.14213759;0.025;False;ok;16;1;1.594;
3937;-0.27757849;39.16713759;0.05;False;ok;74;1;2.016;
3938;-0.25257849;38.49213759;0.0125;False;ok;19;1;1.642;
3939;-0.25257849;39.11713759;0.025;False;ok;11;1;1.469;
3940;-0.25257849;39.15463759;0.00625;False;ok;1;1;1.649;
3941;-0.25257849;39.16088759;0.00625;False;ok;28;1;1.771;
3942;-0.24632849;39.15463759;0.00625;False;ok;18;1;1.611;
3943;-0.24632849;39.16088759;0.00625;False;ok;72;1;2.328;
3944;-0.24007849;38.49213759;0.0125;False;ok;74;1;2.170;
3945;-0.24007849;38.50463759;0.0125;False;ok;73;1;2.007;
3946;-0.24007849;39.14213759;0.0125;False;ok;3;1;1.960;
3947;-0.22757849;38.41713759;0.1;False;ok;63;1;2.049;
3948;-0.22757849;38.51713759;0.05;False;ok;75;1;2.157;
3949;-0.22757849;38.56713759;0.05;False;ok;15;1;2.047;
3950;-0.22757849;38.61713759;0.1;False;ok;49;1;1.868;
3951;-0.22757849;38.71713759;0.1;False;ok;6;1;1.785;
3952;-0.22757849;38.81713759;0.1;False;ok;44;1;1.881;
3953;-0.22757849;38.91713759;0.05;False;ok;43;1;1.814;
3954;-0.22757849;38.96713759;0.05;False;ok;56;1;1.895;
3955;-0.22757849;39.01713759;0.1;False;ok;72;1;2.675;
3956;-0.22757849;39.11713759;0.1;False;ok;73;1;2.540;
3957;-0.22757849;39.61713759;0.05;False;ok;73;1;1.831;
3958;-0.22757849;39.66713759;0.05;False;ok;73;1;1.910;
3959;-0.22757849;39.71713759;0.1;False;ok;75;1;2.071;
3960;-0.22757849;39.91713759;0.1;False;ok;2;1;1.556;
3961;-0.22757849;40.01713759;0.1;False;ok;6;1;2.213;
3962;-0.22757849;40.11713759;0.1;False;ok;5;1;1.568;
3963;-0.22757849;40.21713759;0.1;False;ok;4;1;1.487;
3964;-0.22757849;40.31713759;0.1;False;ok;16;1;1.455;
3965;-0.22757849;40.41713759;0.1;False;ok;8;1;1.584;
3966;-0.22757849;40.51713759;0.1;False;ok;6;1;1.444;
3967;-0.22757849;40.61713759;0.1;False;ok;11;1;1.500;
3968;-0.22757849;40.71713759;0.1;False;ok;2;1;1.545;
3969;-0.22757849;40.81713759;0.1;False;ok;2;1;1.577;
3970;-0.22757849;40.91713759;0.1;False;ok;11;1;1.498;
3971;-0.22757849;41.01713759;0.1;False;ok;55;1;1.610;
3972;-0.22757849;41.11713759;0.1;False;ok;7;1;1.590;
3973;-0.22757849;41.21713759;0.1;False;ok;1;1;0.928;
3974;-0.22757849;41.41713759;0.1;False;ok;0;1;1.620;
3975;-0.17757849;38.51713759;0.00625;False;ok;11;1;1.307;
3976;-0.17757849;38.52338759;0.00625;False;ok;74;1;1.072;
3977;-0.17757849;38.52963759;0.0125;False;ok;27;1;0.958;
3978;-0.17757849;38.54213759;0.025;False;ok;22;1;1.230;
3979;-0.17757849;38.56713759;0.05;False;ok;53;1;1.286;
3980;-0.17757849;38.91713759;0.05;False;ok;56;1;1.247;
3981;-0.17757849;38.96713759;0.025;False;ok;29;1;1.132;
3982;-0.17757849;38.99213759;0.0125;False;ok;30;1;1.311;
3983;-0.17757849;39.00463759;0.00625;False;ok;7;1;1.237;
3984;-0.17757849;39.01088759;0.00625;False;ok;59;1;1.353;
3985;-0.17132849;38.52338759;0.00625;False;ok;73;1;2.235;
3986;-0.17132849;39.00463759;0.00625;False;ok;69;1;1.880;
3987;-0.17132849;39.01088759;0.00625;False;ok;35;1;1.838;
3988;-0.16507849;38.51713759;0.0125;False;ok;70;1;1.873;
3989;-0.16507849;38.52963759;0.0125;False;ok;75;1;2.129;
3990;-0.16507849;38.99213759;0.00625;False;ok;59;1;1.915;
3991;-0.16507849;38.99838759;0.00625;False;ok;69;1;2.699;
3992;-0.16507849;39.00463759;0.0125;False;ok;17;1;1.853;
3993;-0.15882849;38.99213759;0.00625;False;ok;28;1;1.868;
3994;-0.15882849;38.99838759;0.00625;False;ok;8;1;1.653;
3995;-0.15257849;38.52963759;0.0125;False;ok;74;1;1.804;
3996;-0.15257849;38.54213759;0.025;False;ok;68;1;1.717;
3997;-0.15257849;38.96713759;0.025;False;ok;55;1;1.810;
3998;-0.14007849;38.53588759;0.00625;False;ok;74;1;1.789;
3999;-0.13382849;38.52963759;0.00625;False;ok;73;1;1.893;
4000;-0.13382849;38.53588759;0.003125;False;ok;66;1;1.706;
4001;-0.13382849;38.53901259;0.003125;False;ok;21;1;1.569;
4002;-0.13070349;38.53588759;0.003125;False;ok;73;1;1.734;
4003;-0.13070349;38.53901259;0.003125;False;ok;6;1;1.590;
4004;-0.12757849;38.52963759;0.00625;False;ok;4;1;1.284;
4005;-0.12757849;38.53588759;0.003125;False;ok;61;1;1.318;
4006;-0.12757849;38.53901259;0.003125;False;ok;25;1;1.219;
4007;-0.12757849;38.54213759;0.025;False;ok;63;1;1.582;
4008;-0.12757849;38.56713759;0.05;False;ok;60;1;1.635;
4009;-0.12757849;38.61713759;0.1;False;ok;71;1;1.608;
4010;-0.12757849;38.71713759;0.1;False;ok;68;1;1.647;
4011;-0.12757849;38.81713759;0.05;False;ok;25;1;1.592;
4012;-0.12757849;38.86713759;0.05;False;ok;20;1;1.501;
4013;-0.12757849;38.91713759;0.1;False;ok;74;1;1.613;
4014;-0.12757849;39.71713759;0.1;False;ok;2;1;1.499;
4015;-0.12757849;39.81713759;0.1;False;ok;58;1;1.579;
4016;-0.12757849;39.91713759;0.1;False;ok;75;1;1.718;
4017;-0.12757849;40.01713759;0.1;False;ok;18;1;1.362;
4018;-0.12757849;40.11713759;0.1;False;ok;13;1;1.288;
4019;-0.12757849;40.21713759;0.1;False;ok;7;1;1.480;
4020;-0.12757849;40.31713759;0.1;False;ok;6;1;21.945;
4021;-0.12757849;40.51713759;0.1;False;ok;10;1;22.044;
4022;-0.12757849;40.61713759;0.1;False;ok;47;1;22.213;
4023;-0.12757849;40.71713759;0.1;False;ok;5;1;22.095;
4024;-0.12757849;40.81713759;0.1;False;ok;2;1;22.078;
4025;-0.12757849;40.91713759;0.1;False;ok;6;1;22.001;
4026;-0.12757849;41.21713759;0.1;False;ok;11;1;21.952;
4027;-0.12445349;38.53588759;0.003125;False;ok;52;1;21.913;
4028;-0.12445349;38.53901259;0.003125;False;ok;30;1;22.171;
4029;-0.12132849;38.52963759;0.00625;False;ok;66;1;22.162;
4030;-0.12132849;38.53588759;0.003125;False;ok;50;1;22.289;
4031;-0.12132849;38.53901259;0.003125;False;ok;49;1;22.231;
4032;-0.11820349;38.53588759;0.003125;False;ok;73;1;22.462;
4033;-0.11820349;38.53901259;0.003125;False;ok;57;1;22.440;
4034;-0.11507849;38.51713759;0.0125;False;ok;12;1;22.524;
4035;-0.11507849;38.52963759;0.00625;False;ok;72;1;22.527;
4036;-0.11507849;38.53588759;0.003125;False;ok;73;1;0.867;
4037;-0.11507849;38.53901259;0.003125;False;ok;14;1;0.780;
4038;-0.11195349;38.53588759;0.003125;False;ok;61;1;1.416;
4039;-0.11195349;38.53901259;0.003125;False;ok;26;1;0.789;
4040;-0.10882849;38.52963759;0.0015625;False;ok;30;1;0.794;
4041;-0.10882849;38.53120009;0.0015625;False;ok;17;1;0.694;
4042;-0.10882849;38.53276259;0.003125;False;ok;74;1;0.866;
4043;-0.10882849;38.53588759;0.003125;False;ok;72;1;0.887;
4044;-0.10882849;38.53901259;0.003125;False;ok;19;1;0.875;
4045;-0.10726599;38.52963759;0.0015625;False;ok;69;1;0.894;
4046;-0.10726599;38.53120009;0.0015625;False;ok;47;1;0.798;
4047;-0.10570349;38.52963759;0.003125;False;ok;34;1;0.868;
4048;-0.10570349;38.53276259;0.003125;False;ok;69;1;1.008;
4049;-0.10570349;38.53588759;0.003125;False;ok;71;1;0.920;
4050;-0.10570349;38.53901259;0.003125;False;ok;4;1;0.800;
4051;-0.10257849;38.51713759;0.025;False;ok;74;1;0.874;
4052;-0.10257849;38.54213759;0.025;False;ok;18;1;0.763;
4053;-0.07757849;38.51713759;0.05;False;ok;25;1;0.894;
4054;-0.07757849;38.56713759;0.00625;False;ok;41;1;0.810;
4055;-0.07757849;38.57338759;0.00625;False;ok;19;1;0.768;
4056;-0.07757849;38.57963759;0.0125;False;ok;4;1;0.728;
4057;-0.07757849;38.59213759;0.025;False;ok;67;1;0.847;
4058;-0.07757849;38.81713759;0.05;False;ok;64;1;1.003;
4059;-0.07757849;38.86713759;0.025;False;ok;61;1;0.799;
4060;-0.07757849;38.89213759;0.025;False;ok;74;1;1.273;
4061;-0.07132849;38.56713759;0.00625;False;ok;29;1;0.724;
4062;-0.07132849;38.57338759;0.00625;False;ok;68;1;0.898;
4063;-0.06507849;38.56713759;0.0125;False;ok;16;1;0.711;
4064;-0.06507849;38.57963759;0.0125;False;ok;23;1;0.737;
4065;-0.05257849;38.59213759;0.00625;False;ok;33;1;0.787;
4066;-0.05257849;38.59838759;0.00625;False;ok;75;1;0.808;
4067;-0.05257849;38.60463759;0.0125;False;ok;7;1;0.661;
4068;-0.05257849;38.86713759;0.025;False;ok;74;1;0.897;
4069;-0.05257849;38.89213759;0.025;False;ok;12;1;0.689;
4070;-0.04632849;38.59838759;0.00625;False;ok;31;1;0.875;
4071;-0.04007849;38.59213759;0.0125;False;ok;0;1;1.471;
4072;-0.04007849;38.60463759;0.0125;False;ok;52;1;0.675;
4073;-0.02757849;38.61713759;0.0125;False;ok;30;1;0.693;
4074;-0.02757849;38.62963759;0.0125;False;ok;35;1;0.721;
4075;-0.02757849;38.64213759;0.025;False;ok;12;1;0.618;
4076;-0.02757849;38.66713759;0.05;False;ok;5;1;0.656;
4077;-0.02757849;38.71713759;0.05;False;ok;23;1;0.747;
4078;-0.02757849;38.76713759;0.05;False;ok;23;1;0.829;
4079;-0.02757849;38.81713759;0.025;False;ok;8;1;0.673;
4080;-0.02757849;38.84213759;0.025;False;ok;47;1;0.806;
4081;-0.02757849;38.86713759;0.05;False;ok;63;1;0.819;
4082;-0.02757849;39.91713759;0.1;False;ok;69;1;0.954;
4083;-0.02757849;40.01713759;0.1;False;ok;72;1;1.044;
4084;-0.02757849;40.11713759;0.1;False;ok;14;1;1.269;
4085;-0.02757849;40.21713759;0.1;False;ok;5;1;0.981;
4086;-0.02757849;40.31713759;0.1;False;ok;7;1;1.164;
4087;-0.02757849;40.41713759;0.1;False;ok;11;1;1.058;
4088;-0.02757849;40.51713759;0.1;False;ok;0;1;1.588;
4089;-0.02757849;40.61713759;0.1;False;ok;1;1;0.823;
4090;-0.02757849;40.71713759;0.1;False;ok;21;1;0.719;
4091;-0.02757849;40.81713759;0.1;False;ok;6;1;0.666;
4092;-0.02757849;40.91713759;0.1;False;ok;3;1;0.612;
4093;-0.02757849;41.41713759;0.1;False;ok;0;1;1.493;
4094;-0.01507849;38.61713759;0.0125;False;ok;4;1;0.781;
4095;-0.01507849;38.62963759;0.0125;False;ok;63;1;0.920;
4096;-0.00257849;38.62963759;0.0125;False;ok;49;1;0.877;
4097;-0.00257849;38.64213759;0.025;False;ok;5;1;0.651;
4098;-0.00257849;38.81713759;0.025;False;ok;20;1;0.767;
4099;-0.00257849;38.84213759;0.0125;False;ok;15;1;0.716;
4100;-0.00257849;38.85463759;0.0125;False;ok;71;1;0.935;
4101;0.00992151;38.62963759;0.0125;False;ok;38;1;0.883;
4102;0.00992151;38.84213759;0.0125;False;ok;25;1;0.788;
4103;0.00992151;38.85463759;0.0125;False;ok;68;1;0.907;
4104;0.02242151;38.62963759;0.00625;False;ok;39;1;0.908;
4105;0.02242151;38.63588759;0.00625;False;ok;16;1;0.832;
4106;0.02242151;38.64213759;0.0125;False;ok;37;1;0.766;
4107;0.02242151;38.65463759;0.0125;False;ok;24;1;0.958;
4108;0.02242151;38.66713759;0.025;False;ok;10;1;1.568;
4109;0.02242151;38.69213759;0.025;False;ok;9;1;2.772;
4110;0.02242151;38.71713759;0.05;False;ok;15;1;1.737;
4111;0.02242151;38.76713759;0.05;False;ok;65;1;1.872;
4112;0.02242151;38.81713759;0.025;False;ok;3;1;0.941;
4113;0.02242151;38.84213759;0.0125;False;ok;2;1;2.176;
4114;0.02242151;38.85463759;0.0125;False;ok;75;1;0.943;
4115;0.02867151;38.62963759;0.00625;False;ok;30;1;0.824;
4116;0.02867151;38.63588759;0.00625;False;ok;34;1;0.792;
4117;0.03492151;38.62963759;0.0125;False;ok;74;1;1.200;
4118;0.03492151;38.64213759;0.00625;False;ok;32;1;0.964;
4119;0.03492151;38.64838759;0.00625;False;ok;21;1;1.082;
4120;0.03492151;38.65463759;0.0125;False;ok;17;1;1.108;
4121;0.03492151;38.85463759;0.0125;False;ok;60;1;1.184;
4122;0.04117151;38.64213759;0.00625;False;ok;73;1;1.260;
4123;0.04117151;38.64838759;0.00625;False;ok;8;1;2.789;
4124;0.04742151;38.62963759;0.0125;False;ok;33;1;2.717;
4125;0.04742151;38.64213759;0.003125;False;ok;74;1;1.380;
4126;0.04742151;38.64526259;0.003125;False;ok;1;1;1.247;
4127;0.04742151;38.64838759;0.00625;False;ok;16;1;1.365;
4128;0.04742151;38.65463759;0.0125;False;ok;31;1;1.438;
4129;0.04742151;38.66713759;0.025;False;ok;72;1;1.453;
4130;0.04742151;38.69213759;0.025;False;ok;29;2;26.054;
4131;0.04742151;38.81713759;0.025;False;ok;8;1;1.240;
4132;0.04742151;38.84213759;0.0125;False;ok;0;1;1.960;
4133;0.04742151;38.85463759;0.00625;False;ok;60;1;1.253;
4134;0.04742151;38.86088759;0.00625;False;ok;31;1;22.955;
4135;0.05054651;38.64213759;0.003125;False;ok;73;1;25.245;
4136;0.05367151;38.64213759;0.003125;False;ok;74;1;25.151;
4137;0.05367151;38.64838759;0.00625;False;ok;19;1;23.366;
4138;0.05367151;38.85463759;0.00625;False;ok;71;1;23.546;
4139;0.05367151;38.86088759;0.00625;False;ok;8;1;26.422;
4140;0.05679651;38.64213759;0.003125;False;ok;75;1;24.729;
4141;0.05679651;38.64526259;0.003125;False;ok;29;1;24.492;
4142;0.05992151;38.63588759;0.00625;False;ok;64;1;24.604;
4143;0.05992151;38.64213759;0.00625;False;ok;40;1;24.575;
4144;0.05992151;38.64838759;0.00625;False;ok;51;1;25.179;
4145;0.05992151;38.65463759;0.00625;False;ok;42;1;24.606;
4146;0.05992151;38.66088759;0.00625;False;ok;21;1;25.209;
4147;0.05992151;38.84213759;0.0125;False;ok;25;1;24.250;
4148;0.05992151;38.85463759;0.00625;False;ok;73;1;24.512;
4149;0.06617151;38.63588759;0.00625;False;ok;75;1;24.471;
4150;0.06617151;38.64213759;0.003125;False;ok;7;1;23.783;
4151;0.06617151;38.64838759;0.00625;False;ok;23;1;23.774;
4152;0.06617151;38.65463759;0.00625;False;ok;25;1;23.658;
4153;0.06617151;38.66088759;0.00625;False;ok;34;1;22.489;
4154;0.06617151;38.85463759;0.00625;False;ok;63;1;2.488;
4155;0.06929651;38.64213759;0.003125;False;ok;74;1;2.264;
4156;0.06929651;38.64526259;0.003125;False;ok;22;1;1.923;
4157;0.07242151;38.51713759;0.1;False;ok;0;1;2.337;
4158;0.07242151;38.61713759;0.025;False;ok;38;1;1.710;
4159;0.07242151;38.64213759;0.00625;False;ok;73;1;1.857;
4160;0.07242151;38.64838759;0.003125;False;ok;72;1;2.124;
4161;0.07242151;38.65151259;0.003125;False;ok;41;1;1.905;
4162;0.07242151;38.65463759;0.00625;False;ok;47;1;1.773;
4163;0.07242151;38.66088759;0.00625;False;ok;39;1;1.700;
4164;0.07242151;38.66713759;0.0125;False;ok;71;1;1.588;
4165;0.07242151;38.67963759;0.0125;False;ok;14;1;1.568;
4166;0.07242151;38.69213759;0.025;False;ok;42;1;1.649;
4167;0.07242151;38.71713759;0.05;False;ok;31;1;1.668;
4168;0.07242151;38.76713759;0.05;False;ok;67;1;2.117;
4169;0.07242151;38.81713759;0.025;False;ok;57;1;1.640;
4170;0.07242151;38.84213759;0.0125;False;ok;73;1;1.394;
4171;0.07242151;38.85463759;0.0125;False;ok;41;1;1.461;
4172;0.07242151;40.01713759;0.05;False;ok;56;1;1.294;
4173;0.07242151;40.21713759;0.1;False;ok;5;1;1.069;
4174;0.07242151;40.31713759;0.1;False;ok;1;1;1.031;
4175;0.07242151;40.41713759;0.1;False;ok;5;1;1.095;
4176;0.07242151;40.51713759;0.1;False;ok;6;1;1.205;
4177;0.07242151;40.61713759;0.1;False;ok;8;1;1.374;
4178;0.07242151;40.71713759;0.1;False;ok;9;1;1.387;
4179;0.07242151;40.81713759;0.1;False;ok;68;1;1.492;
4180;0.07242151;40.91713759;0.1;False;ok;19;1;1.429;
4181;0.07242151;41.11713759;0.1;False;ok;3;1;1.459;
4182;0.07242151;41.61713759;0.1;False;ok;1;1;1.272;
4183;0.07554651;38.64838759;0.003125;False;ok;71;1;1.767;
4184;0.07554651;38.65151259;0.003125;False;ok;21;1;1.478;
4185;0.07867151;38.65463759;0.00625;False;ok;11;1;1.526;
4186;0.07867151;38.66088759;0.00625;False;ok;37;1;1.634;
4187;0.08492151;38.65463759;0.0125;False;ok;30;1;1.828;
4188;0.08492151;38.66713759;0.0125;False;ok;66;1;2.068;
4189;0.08492151;38.67963759;0.00625;False;ok;25;1;1.708;
4190;0.08492151;38.68588759;0.00625;False;ok;8;1;1.553;
4191;0.08492151;38.84213759;0.00625;False;ok;6;1;1.649;
4192;0.08492151;38.84838759;0.00625;False;ok;71;1;1.667;
4193;0.09117151;38.67963759;0.00625;False;ok;30;1;1.369;
4194;0.09117151;38.68588759;0.00625;False;ok;41;1;1.280;
4195;0.09117151;38.84213759;0.00625;False;ok;41;1;1.225;
4196;0.09117151;38.84838759;0.00625;False;ok;62;1;1.365;
4197;0.09742151;38.66713759;0.0125;False;ok;59;1;1.405;
4198;0.09742151;38.67963759;0.0125;False;ok;72;1;1.418;
4199;0.09742151;38.69213759;0.025;False;ok;70;1;1.400;
4200;0.09742151;38.81713759;0.0125;False;ok;45;1;1.301;
4201;0.09742151;38.82963759;0.0125;False;ok;68;1;1.465;
4202;0.09742151;38.84213759;0.00625;False;ok;71;1;1.350;
4203;0.09742151;38.84838759;0.00625;False;ok;26;1;1.261;
4204;0.10367151;38.84213759;0.00625;False;ok;64;1;1.460;
4205;0.10992151;38.66713759;0.0125;False;ok;18;1;1.391;
4206;0.10992151;38.67963759;0.0125;False;ok;69;1;1.310;
4207;0.10992151;38.81713759;0.0125;False;ok;58;1;1.312;
4208;0.10992151;38.82963759;0.0125;False;ok;73;1;1.482;
4209;0.10992151;38.84213759;0.0125;False;ok;19;1;1.226;
4210;0.12242151;38.67963759;0.0125;False;ok;73;1;1.312;
4211;0.12242151;38.69213759;0.0125;False;ok;69;1;1.252;
4212;0.12242151;38.70463759;0.0125;False;ok;15;1;1.150;
4213;0.12242151;38.71713759;0.025;False;ok;21;1;1.115;
4214;0.12242151;38.74213759;0.025;False;ok;30;1;1.126;
4215;0.12242151;38.76713759;0.025;False;ok;34;1;0.877;
4216;0.12242151;38.79213759;0.025;False;ok;48;1;0.914;
4217;0.12242151;38.81713759;0.0125;False;ok;59;1;1.005;
4218;0.12242151;38.82963759;0.0125;False;ok;16;1;0.958;
4219;0.12242151;40.06713759;0.025;False;ok;74;1;1.282;
4220;0.12242151;40.09213759;0.025;False;ok;72;1;1.431;
4221;0.12242151;40.11713759;0.025;False;ok;0;1;1.692;
4222;0.13492151;38.67963759;0.0125;False;ok;72;1;1.090;
4223;0.13492151;38.69213759;0.0125;False;ok;51;1;0.859;
4224;0.13492151;38.70463759;0.0125;False;ok;51;1;0.921;
4225;0.13492151;38.81713759;0.0125;False;ok;27;1;1.222;
4226;0.13492151;38.82963759;0.0125;False;ok;14;1;1.087;
4227;0.14742151;38.66713759;0.025;False;ok;13;1;1.115;
4228;0.14742151;38.69213759;0.0125;False;ok;49;1;1.346;
4229;0.14742151;38.70463759;0.0125;False;ok;57;1;1.314;
4230;0.14742151;38.71713759;0.025;False;ok;69;1;1.159;
4231;0.14742151;38.74213759;0.025;False;ok;53;1;1.385;
4232;0.14742151;38.76713759;0.025;False;ok;68;1;1.467;
4233;0.14742151;38.79213759;0.025;False;ok;31;1;1.366;
4234;0.14742151;38.81713759;0.025;False;ok;7;1;1.183;
4235;0.14742151;40.09213759;0.0125;False;ok;9;1;1.227;
4236;0.14742151;40.10463759;0.00625;False;ok;75;1;1.429;
4237;0.14742151;40.11088759;0.00625;False;ok;75;1;1.241;
4238;0.14742151;40.11713759;0.00625;False;ok;74;1;1.165;
4239;0.14742151;40.12338759;0.00625;False;ok;6;1;0.952;
4240;0.15367151;40.11088759;0.00625;False;ok;75;1;1.083;
4241;0.15367151;40.11713759;0.00625;False;ok;75;1;1.340;
4242;0.15367151;40.12338759;0.00625;False;ok;75;1;1.150;
4243;0.15992151;38.69213759;0.0125;False;ok;2;1;0.698;
4244;0.15992151;38.70463759;0.0125;False;ok;49;1;1.049;
4245;0.15992151;40.12963759;0.0125;False;ok;31;1;1.004;
4246;0.17242151;38.71713759;0.025;False;ok;22;1;0.937;
4247;0.17242151;38.74213759;0.0125;False;ok;20;1;0.980;
4248;0.17242151;38.75463759;0.0125;False;ok;32;1;0.856;
4249;0.17242151;38.76713759;0.0125;False;ok;73;1;1.099;
4250;0.17242151;38.77963759;0.0125;False;ok;73;1;1.088;
4251;0.17242151;38.79213759;0.025;False;ok;70;1;1.155;
4252;0.17242151;40.11713759;0.1;False;ok;23;1;0.999;
4253;0.17242151;40.21713759;0.05;False;ok;9;1;0.883;
4254;0.17242151;40.41713759;0.1;False;ok;19;1;0.951;
4255;0.17242151;40.51713759;0.1;False;ok;6;1;1.006;
4256;0.17242151;40.61713759;0.1;False;ok;5;1;1.541;
4257;0.17242151;40.81713759;0.1;False;ok;74;1;1.137;
4258;0.17242151;40.91713759;0.1;False;ok;29;1;1.028;
4259;0.17242151;41.01713759;0.1;False;ok;15;1;0.904;
4260;0.17242151;41.11713759;0.1;False;ok;2;1;0.844;
4261;0.17242151;41.61713759;0.1;False;ok;2;1;1.040;
4262;0.18492151;38.74213759;0.0125;False;ok;30;1;1.364;
4263;0.18492151;38.75463759;0.0125;False;ok;46;1;1.239;
4264;0.18492151;38.76713759;0.00625;False;ok;72;1;1.558;
4265;0.18492151;38.77338759;0.00625;False;ok;72;1;1.568;
4266;0.18492151;38.77963759;0.0125;False;ok;10;1;1.253;
4267;0.19117151;38.76713759;0.00625;False;ok;50;1;1.257;
4268;0.19742151;38.72963759;0.0125;False;ok;56;1;1.274;
4269;0.19742151;38.74213759;0.00625;False;ok;15;1;1.237;
4270;0.19742151;38.74838759;0.00625;False;ok;28;1;1.188;
4271;0.19742151;38.75463759;0.0125;False;ok;71;1;1.370;
4272;0.19742151;38.76713759;0.025;False;ok;13;1;1.315;
4273;0.20367151;38.74213759;0.00625;False;ok;19;1;1.312;
4274;0.20367151;38.74838759;0.00625;False;ok;25;1;1.413;
4275;0.20992151;38.72963759;0.0125;False;ok;42;1;1.485;
4276;0.20992151;38.74213759;0.0125;False;ok;42;1;1.383;
4277;0.20992151;38.75463759;0.0125;False;ok;7;1;1.970;
4278;0.22242151;38.71713759;0.05;False;ok;70;1;1.401;
4279;0.22242151;40.26713759;0.05;False;ok;5;1;1.185;
4280;0.24742151;40.21713759;0.0125;False;ok;0;1;1.826;
4281;0.24742151;40.24213759;0.025;False;ok;11;1;1.275;
4282;0.25992151;40.21713759;0.0125;False;ok;63;1;1.323;
4283;0.25992151;40.22963759;0.0125;False;ok;64;1;1.390;
4284;0.27242151;40.21713759;0.025;False;ok;59;1;1.302;
4285;0.27242151;40.24213759;0.0125;False;ok;75;1;1.441;
4286;0.27242151;40.25463759;0.0125;False;ok;8;1;1.270;
4287;0.27242151;40.26713759;0.05;False;ok;1;1;1.196;
4288;0.27242151;40.31713759;0.1;False;ok;71;1;1.498;
4289;0.27242151;40.41713759;0.1;False;ok;31;1;1.244;
4290;0.27242151;40.51713759;0.1;False;ok;22;1;1.228;
4291;0.27242151;40.61713759;0.1;False;ok;8;1;1.236;
4292;0.27242151;40.71713759;0.1;False;ok;3;1;1.158;
4293;0.27242151;40.91713759;0.1;False;ok;30;1;1.099;
4294;0.27242151;41.01713759;0.1;False;ok;7;1;1.071;
4295;0.27242151;41.11713759;0.1;False;ok;3;1;1.348;
4296;0.27242151;41.21713759;0.1;False;ok;7;1;0.935;
4297;0.27242151;41.31713759;0.1;False;ok;9;1;0.941;
4298;0.27242151;41.41713759;0.1;False;ok;2;1;0.815;
4299;0.27242151;41.51713759;0.1;False;ok;2;1;0.900;
4300;0.28492151;40.24213759;0.0125;False;ok;47;1;0.909;
4301;0.28492151;40.25463759;0.0125;False;ok;74;1;1.166;
4302;0.37242151;40.35463759;0.0125;False;ok;27;1;0.950;
4303;0.37242151;40.36713759;0.025;False;ok;71;1;1.155;
4304;0.37242151;40.39213759;0.025;False;ok;2;1;1.069;
4305;0.37242151;40.41713759;0.1;False;ok;74;1;1.300;
4306;0.37242151;40.51713759;0.1;False;ok;68;1;1.297;
4307;0.37242151;40.61713759;0.1;False;ok;2;1;1.214;
4308;0.37242151;40.71713759;0.1;False;ok;4;1;1.341;
4309;0.37242151;40.81713759;0.1;False;ok;7;1;1.373;
4310;0.37242151;40.91713759;0.1;False;ok;30;1;1.384;
4311;0.37242151;41.01713759;0.1;False;ok;4;1;1.361;
4312;0.37242151;41.21713759;0.1;False;ok;6;1;1.487;
4313;0.37242151;41.41713759;0.1;False;ok;3;1;1.570;
4314;0.37242151;41.51713759;0.1;False;ok;1;1;1.310;
4315;0.38492151;40.34213759;0.0125;False;ok;63;1;1.459;
4316;0.38492151;40.35463759;0.00625;False;ok;5;1;1.307;
4317;0.38492151;40.36088759;0.00625;False;ok;55;1;1.360;
4318;0.39117151;40.35463759;0.00625;False;ok;72;1;1.343;
4319;0.39117151;40.36088759;0.00625;False;ok;71;1;1.195;
4320;0.39742151;40.35463759;0.00625;False;ok;74;1;1.368;
4321;0.39742151;40.36088759;0.00625;False;ok;75;1;1.252;
4322;0.39742151;40.36713759;0.0125;False;ok;75;1;1.186;
4323;0.39742151;40.37963759;0.0125;False;ok;75;1;1.171;
4324;0.39742151;40.39213759;0.025;False;ok;74;1;1.171;
4325;0.40367151;40.35463759;0.00625;False;ok;74;1;1.278;
4326;0.40992151;40.37963759;0.0125;False;ok;52;1;1.055;
4327;0.42242151;40.36713759;0.05;False;ok;59;1;1.110;
4328;0.47242151;40.41713759;0.1;False;ok;74;1;1.333;
4329;0.47242151;40.51713759;0.1;False;ok;73;1;1.397;
4330;0.47242151;40.61713759;0.1;False;ok;17;1;1.041;
4331;0.47242151;40.71713759;0.1;False;ok;18;1;1.189;
4332;0.47242151;40.81713759;0.1;False;ok;40;1;1.092;
4333;0.47242151;40.91713759;0.1;False;ok;19;1;1.078;
4334;0.47242151;41.01713759;0.1;False;ok;7;1;0.999;
4335;0.47242151;41.21713759;0.1;False;ok;7;1;1.292;
4336;0.47242151;41.31713759;0.1;False;ok;2;1;1.063;
4337;0.47242151;41.41713759;0.1;False;ok;1;1;0.986;
4338;0.47242151;41.51713759;0.1;False;ok;4;1;0.978;
4339;0.47242151;41.61713759;0.1;False;ok;1;1;1.058;
4340;0.57242151;40.51713759;0.1;False;ok;73;1;1.414;
4341;0.57242151;40.61713759;0.1;False;ok;73;1;1.318;
4342;0.57242151;40.71713759;0.1;False;ok;70;1;1.243;
4343;0.57242151;40.81713759;0.1;False;ok;5;1;1.094;
4344;0.57242151;40.91713759;0.1;False;ok;12;1;1.336;
4345;0.57242151;41.01713759;0.1;False;ok;40;1;0.955;
4346;0.57242151;41.11713759;0.1;False;ok;9;1;0.881;
4347;0.57242151;41.31713759;0.1;False;ok;1;1;0.947;
4348;0.57242151;41.41713759;0.1;False;ok;1;1;0.929;
4349;0.57242151;41.51713759;0.1;False;ok;13;1;1.403;
4350;0.57242151;41.61713759;0.1;False;ok;17;1;1.318;
4351;0.67242151;40.61713759;0.1;False;ok;75;1;1.817;
4352;0.67242151;40.71713759;0.05;False;ok;62;1;1.375;
4353;0.67242151;40.76713759;0.025;False;ok;16;1;1.208;
4354;0.67242151;40.79213759;0.025;False;ok;25;1;1.408;
4355;0.67242151;40.81713759;0.05;False;ok;15;1;1.378;
4356;0.67242151;40.86713759;0.05;False;ok;15;1;1.372;
4357;0.67242151;40.91713759;0.1;False;ok;4;1;1.371;
4358;0.67242151;41.01713759;0.1;False;ok;16;1;1.190;
4359;0.67242151;41.11713759;0.1;False;ok;15;1;1.247;
4360;0.67242151;41.21713759;0.1;False;ok;13;1;1.380;
4361;0.67242151;41.41713759;0.1;False;ok;3;1;1.380;
4362;0.67242151;41.51713759;0.1;False;ok;1;1;1.350;
4363;0.67242151;41.61713759;0.1;False;ok;3;1;1.316;
4364;0.69742151;40.79213759;0.025;False;ok;71;1;1.362;
4365;0.72242151;40.71713759;0.05;False;ok;67;1;1.320;
4366;0.72242151;40.81713759;0.05;False;ok;55;1;1.292;
4367;0.72242151;40.86713759;0.05;False;ok;7;1;1.068;
4368;0.77242151;40.61713759;0.1;False;ok;51;1;1.394;
4369;0.77242151;40.71713759;0.05;False;ok;4;1;1.289;
4370;0.77242151;40.81713759;0.05;False;ok;2;1;1.270;
4371;0.77242151;40.86713759;0.025;False;ok;20;1;1.385;
4372;0.77242151;40.89213759;0.025;False;ok;12;1;1.282;
4373;0.77242151;40.91713759;0.1;False;ok;75;1;1.505;
4374;0.77242151;41.01713759;0.1;False;ok;11;1;1.411;
4375;0.77242151;41.11713759;0.1;False;ok;41;1;1.387;
4376;0.77242151;41.21713759;0.1;False;ok;14;1;1.378;
4377;0.77242151;41.31713759;0.1;False;ok;5;1;1.137;
4378;0.77242151;41.41713759;0.1;False;ok;4;1;1.079;
4379;0.77242151;41.51713759;0.1;False;ok;5;1;1.493;
4380;0.79742151;40.86713759;0.025;False;ok;64;1;1.660;
4381;0.79742151;40.90463759;0.0125;False;ok;42;1;1.530;
4382;0.80992151;40.89213759;0.0125;False;ok;14;1;1.497;
4383;0.80992151;40.90463759;0.0125;False;ok;43;1;1.529;
4384;0.82242151;40.71713759;0.0125;False;ok;74;1;1.663;
4385;0.82242151;40.72963759;0.0125;False;ok;4;1;1.391;
4386;0.82242151;40.86713759;0.05;False;ok;20;1;1.416;
4387;0.83492151;40.71713759;0.0125;False;ok;75;1;1.510;
4388;0.87242151;40.96713759;0.05;False;ok;32;1;1.158;
4389;0.87242151;41.01713759;0.05;False;ok;53;1;1.112;
4390;0.87242151;41.06713759;0.05;False;ok;2;1;0.950;
4391;0.87242151;41.11713759;0.1;False;ok;18;1;1.063;
4392;0.87242151;41.21713759;0.1;False;ok;34;1;1.158;
4393;0.87242151;41.31713759;0.1;False;ok;14;1;1.139;
4394;0.87242151;41.51713759;0.1;False;ok;8;1;1.261;
4395;0.87242151;41.61713759;0.1;False;ok;11;1;1.233;
4396;0.92242151;40.96713759;0.025;False;ok;15;1;1.106;
4397;0.92242151;40.99213759;0.0125;False;ok;74;1;1.484;
4398;0.92242151;41.00463759;0.0125;False;ok;41;1;0.966;
4399;0.92242151;41.01713759;0.025;False;ok;35;1;1.637;
4400;0.92242151;41.04213759;0.025;False;ok;2;1;1.472;
4401;0.92242151;41.06713759;0.05;False;ok;13;1;1.573;
4402;0.93492151;40.99213759;0.0125;False;ok;17;1;1.493;
4403;0.93492151;41.00463759;0.00625;False;ok;32;1;1.545;
4404;0.93492151;41.01088759;0.00625;False;ok;17;1;1.457;
4405;0.94117151;41.00463759;0.00625;False;ok;12;1;1.414;
4406;0.94117151;41.01088759;0.00625;False;ok;69;1;1.700;
4407;0.94742151;40.99213759;0.025;False;ok;42;1;1.414;
4408;0.94742151;41.01713759;0.0125;False;ok;72;1;1.650;
4409;0.94742151;41.02963759;0.0125;False;ok;8;1;1.614;
4410;0.95992151;41.01713759;0.0125;False;ok;21;1;1.479;
4411;0.95992151;41.02963759;0.0125;False;ok;10;1;1.461;
4412;0.97242151;41.01713759;0.05;False;ok;46;1;1.540;
4413;0.97242151;41.06713759;0.05;False;ok;2;1;1.312;
4414;0.97242151;41.11713759;0.1;False;ok;30;1;1.399;
4415;0.97242151;41.21713759;0.1;False;ok;28;1;1.530;
4416;0.97242151;41.31713759;0.1;False;ok;3;1;1.168;
4417;0.97242151;41.41713759;0.1;False;ok;7;1;1.270;
4418;0.97242151;41.51713759;0.1;False;ok;9;1;1.018;
4419;0.97242151;41.61713759;0.1;False;ok;1;1;1.115;
4420;1.02242151;41.04213759;0.0125;False;ok;7;1;1.157;
4421;1.02242151;41.05463759;0.0125;False;ok;57;1;1.251;
4422;1.02242151;41.06713759;0.025;False;ok;7;1;1.134;
4423;1.02242151;41.09213759;0.025;False;ok;3;1;1.132;
4424;1.03492151;41.05463759;0.0125;False;ok;42;1;1.304;
4425;1.04742151;41.05463759;0.0125;False;ok;74;1;1.653;
4426;1.04742151;41.06713759;0.025;False;ok;75;1;1.479;
4427;1.05992151;41.05463759;0.0125;False;ok;74;1;1.414;
4428;1.07242151;41.01713759;0.05;False;ok;75;1;1.558;
4429;1.07242151;41.06713759;0.0125;False;ok;57;1;1.232;
4430;1.07242151;41.09213759;0.025;False;ok;2;1;1.132;
4431;1.07242151;41.11713759;0.1;False;ok;43;1;1.521;
4432;1.07242151;41.21713759;0.1;False;ok;21;1;1.428;
4433;1.07242151;41.31713759;0.1;False;ok;42;1;1.429;
4434;1.07242151;41.41713759;0.1;False;ok;5;1;1.267;
4435;1.07242151;41.51713759;0.1;False;ok;6;1;1.282;
4436;1.07242151;41.61713759;0.1;False;ok;15;1;1.178;
4437;1.08492151;41.06713759;0.0125;False;ok;74;1;1.375;
4438;1.08492151;41.07963759;0.0125;False;ok;6;1;0.923;
4439;1.09742151;41.06713759;0.0125;False;ok;75;1;1.555;
4440;1.09742151;41.07963759;0.0125;False;ok;14;1;1.196;
4441;1.10992151;41.06713759;0.0125;False;ok;56;1;1.265;
4442;1.10992151;41.07963759;0.0125;False;ok;0;1;1.856;
4443;1.12242151;41.07338759;0.00625;False;ok;64;1;1.166;
4444;1.12242151;41.07963759;0.0125;False;ok;47;1;1.181;
4445;1.12242151;41.09213759;0.025;False;ok;7;1;1.329;
4446;1.12867151;41.07338759;0.00625;False;ok;62;1;1.486;
4447;1.13492151;41.07338759;0.003125;False;ok;61;1;1.419;
4448;1.13492151;41.07651259;0.003125;False;ok;27;1;1.605;
4449;1.13492151;41.07963759;0.0125;False;ok;19;1;1.565;
4450;1.13804651;41.07338759;0.003125;False;ok;48;1;1.560;
4451;1.13804651;41.07651259;0.003125;False;ok;24;1;1.755;
4452;1.14117151;41.06713759;0.00625;False;ok;75;1;2.049;
4453;1.14117151;41.07338759;0.003125;False;ok;74;1;2.027;
4454;1.14117151;41.07651259;0.003125;False;ok;67;1;1.758;
4455;1.14429651;41.07338759;0.003125;False;ok;45;1;1.852;
4456;1.14429651;41.07651259;0.003125;False;ok;38;1;1.753;
4457;1.14742151;41.05463759;0.0125;False;ok;25;1;1.756;
4458;1.14742151;41.06713759;0.003125;False;ok;64;1;1.594;
4459;1.14742151;41.07026259;0.003125;False;ok;72;1;1.620;
4460;1.14742151;41.07338759;0.00625;False;ok;59;1;1.569;
4461;1.14742151;41.07963759;0.0125;False;ok;16;1;1.383;
4462;1.14742151;41.09213759;0.025;False;ok;3;1;1.229;
4463;1.15054651;41.06713759;0.003125;False;ok;69;1;1.245;
4464;1.15054651;41.07026259;0.003125;False;ok;56;1;1.227;
4465;1.15367151;41.06713759;0.00625;False;ok;47;1;3.210;
4466;1.15992151;41.05463759;0.00625;False;ok;73;1;2.257;
4467;1.15992151;41.06088759;0.00625;False;ok;22;1;2.101;
4468;1.15992151;41.06713759;0.0125;False;ok;6;1;1.962;
4469;1.15992151;41.07963759;0.0125;False;ok;4;1;2.892;
4470;1.16617151;41.05463759;0.00625;False;ok;53;1;1.996;
4471;1.16617151;41.06088759;0.00625;False;ok;65;1;4.413;
4472;1.17242151;41.01713759;0.05;False;ok;52;1;5.692;
4473;1.17242151;41.06713759;0.00625;False;ok;35;1;2.833;
4474;1.17242151;41.07338759;0.00625;False;ok;25;1;2.749;
4475;1.17242151;41.07963759;0.0125;False;ok;70;1;2.801;
4476;1.17242151;41.11713759;0.05;False;ok;3;1;3.972;
4477;1.17242151;41.16713759;0.05;False;ok;4;1;4.133;
4478;1.17242151;41.21713759;0.1;False;ok;6;1;4.005;
4479;1.17242151;41.31713759;0.1;False;ok;17;1;3.957;
4480;1.17242151;41.41713759;0.1;False;ok;9;1;3.972;
4481;1.17242151;41.51713759;0.1;False;ok;11;1;3.910;
4482;1.17242151;41.61713759;0.1;False;ok;5;1;3.873;
4483;1.17867151;41.07338759;0.00625;False;ok;73;1;4.101;
4484;1.18492151;41.07963759;0.0125;False;ok;55;1;2.492;
4485;1.19742151;41.09213759;0.025;False;ok;3;1;2.626;
4486;1.22242151;41.06713759;0.05;False;ok;74;1;4.319;
4487;1.22242151;41.11713759;0.05;False;ok;74;1;3.820;
4488;1.22242151;41.16713759;0.05;False;ok;1;1;3.951;
4489;1.27242151;41.01713759;0.1;False;ok;0;1;3.836;
4490;1.27242151;41.11713759;0.1;False;ok;68;1;3.338;
4491;1.27242151;41.21713759;0.1;False;ok;12;1;4.563;
4492;1.27242151;41.31713759;0.1;False;ok;7;1;4.415;
4493;1.27242151;41.41713759;0.1;False;ok;8;1;4.352;
4494;1.27242151;41.51713759;0.1;False;ok;1;1;4.351;
4495;1.27242151;41.61713759;0.1;False;ok;6;1;3.335;
4496;1.37242151;41.11713759;0.025;False;ok;48;1;3.782;
4497;1.37242151;41.14213759;0.025;False;ok;5;1;3.174;
4498;1.37242151;41.16713759;0.05;False;ok;10;1;3.066;
4499;1.37242151;41.21713759;0.1;False;ok;14;1;3.177;
4500;1.37242151;41.31713759;0.1;False;ok;7;1;3.089;
4501;1.37242151;41.41713759;0.1;False;ok;0;1;3.817;
4502;1.37242151;41.51713759;0.1;False;ok;1;1;3.974;
4503;1.37242151;41.61713759;0.1;False;ok;6;1;3.885;
4504;1.39742151;41.11713759;0.025;False;ok;74;1;4.537;
4505;1.39742151;41.14213759;0.025;False;ok;73;1;3.072;
4506;1.42242151;41.11713759;0.05;False;ok;51;1;3.859;
4507;1.42242151;41.16713759;0.05;False;ok;26;1;3.964;
4508;1.47242151;41.16713759;0.05;False;ok;73;1;3.758;
4509;1.47242151;41.21713759;0.1;False;ok;35;1;3.303;
4510;1.47242151;41.31713759;0.1;False;ok;14;1;3.379;
4511;1.47242151;41.41713759;0.1;False;ok;2;1;1.929;
4512;1.47242151;41.51713759;0.1;False;ok;12;1;2.073;
4513;1.47242151;41.61713759;0.1;False;ok;7;1;2.064;
4514;1.52242151;41.16713759;0.025;False;ok;36;1;2.435;
4515;1.52242151;41.19213759;0.025;False;ok;3;1;2.027;
4516;1.54742151;41.16713759;0.025;False;ok;74;1;2.471;
4517;1.54742151;41.19213759;0.025;False;ok;21;1;2.187;
4518;1.57242151;41.16713759;0.025;False;ok;72;1;2.355;
4519;1.57242151;41.19213759;0.025;False;ok;21;1;2.154;
4520;1.57242151;41.21713759;0.1;False;ok;34;1;1.812;
4521;1.57242151;41.31713759;0.1;False;ok;29;1;1.746;
4522;1.57242151;41.41713759;0.1;False;ok;11;1;1.451;
4523;1.57242151;41.51713759;0.1;False;ok;14;1;1.492;
4524;1.57242151;41.61713759;0.1;False;ok;3;1;1.067;
4525;1.59742151;41.16713759;0.025;False;ok;35;1;0.956;
4526;1.59742151;41.19213759;0.025;False;ok;68;1;1.097;
4527;1.62242151;41.16713759;0.05;False;ok;60;1;2.999;
4528;1.67242151;41.11713759;0.1;False;ok;48;1;1.955;
4529;1.67242151;41.21713759;0.1;False;ok;71;1;3.366;
4530;1.67242151;41.31713759;0.1;False;ok;45;1;2.887;
4531;1.67242151;41.41713759;0.1;False;ok;15;1;2.058;
4532;1.67242151;41.51713759;0.1;False;ok;12;1;2.041;
4533;1.67242151;41.61713759;0.1;False;ok;15;1;2.629;
4534;1.77242151;41.21713759;0.025;False;ok;30;1;3.014;
4535;1.77242151;41.24213759;0.025;False;ok;13;1;2.854;
4536;1.77242151;41.26713759;0.05;False;ok;33;1;3.124;
4537;1.77242151;41.31713759;0.1;False;ok;23;1;3.164;
4538;1.77242151;41.41713759;0.1;False;ok;18;1;3.198;
4539;1.77242151;41.51713759;0.1;False;ok;40;1;3.806;
4540;1.77242151;41.61713759;0.1;False;ok;13;1;3.849;
4541;1.79742151;41.22963759;0.00625;False;ok;20;1;3.776;
4542;1.79742151;41.23588759;0.00625;False;ok;25;1;3.648;
4543;1.79742151;41.24213759;0.025;False;ok;19;1;3.612;
4544;1.80367151;41.22963759;0.00625;False;ok;65;1;5.143;
4545;1.80367151;41.23588759;0.003125;False;ok;49;1;3.704;
4546;1.80679651;41.23588759;0.003125;False;ok;63;1;2.565;
4547;1.80679651;41.23901259;0.003125;False;ok;7;1;2.049;
4548;1.80992151;41.22963759;0.00625;False;ok;23;1;1.824;
4549;1.80992151;41.23588759;0.00625;False;ok;59;1;1.815;
4550;1.81617151;41.22963759;0.00625;False;ok;2;1;1.990;
4551;1.81617151;41.23588759;0.00625;False;ok;28;1;2.002;
4552;1.82242151;41.21713759;0.05;False;ok;61;1;2.126;
4553;1.87242151;41.21713759;0.1;False;ok;61;1;1.825;
4554;1.87242151;41.31713759;0.1;False;ok;21;1;1.625;
4555;1.87242151;41.41713759;0.1;False;ok;22;1;1.589;
4556;1.87242151;41.51713759;0.1;False;ok;5;1;1.503;
4557;1.87242151;41.61713759;0.1;False;ok;8;1;1.473;
4558;1.97242151;41.21713759;0.1;False;ok;73;1;1.759;
4559;1.97242151;41.31713759;0.1;False;ok;41;1;1.501;
4560;1.97242151;41.41713759;0.1;False;ok;36;1;1.939;
4561;1.97242151;41.51713759;0.1;False;ok;63;1;1.931;
4562;1.97242151;41.61713759;0.1;False;ok;5;1;1.631;
4563;2.07242151;41.21713759;0.1;False;ok;2;1;1.571;
4564;2.07242151;41.31713759;0.05;False;ok;66;1;1.971;
4565;2.07242151;41.36713759;0.05;False;ok;71;1;1.805;
4566;2.07242151;41.41713759;0.1;False;ok;68;1;1.714;
4567;2.07242151;41.51713759;0.1;False;ok;18;1;1.652;
4568;2.07242151;41.61713759;0.1;False;ok;11;1;1.442;
4569;2.12242151;41.31713759;0.05;False;ok;68;1;1.759;
4570;2.12242151;41.36713759;0.0125;False;ok;75;1;1.613;
4571;2.12242151;41.37963759;0.0125;False;ok;51;1;1.499;
4572;2.12242151;41.39213759;0.025;False;ok;75;1;2.038;
4573;2.13492151;41.36713759;0.0125;False;ok;75;1;1.861;
4574;2.13492151;41.37963759;0.0125;False;ok;69;1;1.600;
4575;2.14742151;41.36713759;0.00625;False;ok;7;1;1.543;
4576;2.14742151;41.37338759;0.00625;False;ok;28;1;1.946;
4577;2.14742151;41.37963759;0.00625;False;ok;59;1;1.849;
4578;2.14742151;41.38588759;0.00625;False;ok;28;1;1.630;
4579;2.14742151;41.39213759;0.00625;False;ok;40;1;1.319;
4580;2.14742151;41.39838759;0.00625;False;ok;31;1;1.311;
4581;2.14742151;41.40463759;0.0125;False;ok;51;1;1.403;
4582;2.15367151;41.36713759;0.00625;False;ok;22;1;1.296;
4583;2.15367151;41.37338759;0.00625;False;ok;75;1;1.300;
4584;2.15367151;41.37963759;0.00625;False;ok;65;1;1.253;
4585;2.15367151;41.38588759;0.00625;False;ok;75;1;1.261;
4586;2.15367151;41.39213759;0.00625;False;ok;72;1;1.744;
4587;2.15367151;41.39838759;0.00625;False;ok;70;1;1.416;
4588;2.15992151;41.36713759;0.00625;False;ok;41;1;1.430;
4589;2.15992151;41.37338759;0.00625;False;ok;74;1;1.266;
4590;2.15992151;41.37963759;0.00625;False;ok;72;1;1.414;
4591;2.15992151;41.38588759;0.00625;False;ok;73;1;1.425;
4592;2.15992151;41.39213759;0.00625;False;ok;74;1;1.553;
4593;2.15992151;41.39838759;0.00625;False;ok;62;1;1.425;
4594;2.15992151;41.40463759;0.0125;False;ok;72;1;1.427;
4595;2.16617151;41.36713759;0.00625;False;ok;34;1;1.561;
4596;2.16617151;41.37338759;0.00625;False;ok;66;1;1.660;
4597;2.16617151;41.37963759;0.00625;False;ok;71;1;1.773;
4598;2.16617151;41.38588759;0.003125;False;ok;43;1;1.757;
4599;2.16617151;41.38901259;0.003125;False;ok;26;1;1.651;
4600;2.16617151;41.39213759;0.00625;False;ok;72;1;1.766;
4601;2.16617151;41.39838759;0.00625;False;ok;55;1;1.646;
4602;2.16929651;41.38588759;0.003125;False;ok;34;1;1.725;
4603;2.16929651;41.38901259;0.003125;False;ok;30;1;1.632;
4604;2.17242151;41.36713759;0.0125;False;ok;67;1;1.746;
4605;2.17242151;41.37963759;0.003125;False;ok;45;1;1.859;
4606;2.17242151;41.38276259;0.003125;False;ok;23;1;1.437;
4607;2.17242151;41.38588759;0.00625;False;ok;73;1;2.143;
4608;2.17242151;41.39213759;0.00625;False;ok;72;1;1.302;
4609;2.17242151;41.39838759;0.00625;False;ok;74;1;1.980;
4610;2.17242151;41.40463759;0.00625;False;ok;74;1;1.514;
4611;2.17242151;41.41088759;0.00625;False;ok;28;1;1.534;
4612;2.17242151;41.41713759;0.05;False;ok;74;1;1.652;
4613;2.17242151;41.46713759;0.05;False;ok;3;1;1.368;
4614;2.17242151;41.51713759;0.1;False;ok;23;1;1.434;
4615;2.17242151;41.61713759;0.1;False;ok;25;1;1.368;
4616;2.17554651;41.37963759;0.003125;False;ok;33;1;2.044;
4617;2.17554651;41.38276259;0.003125;False;ok;13;1;1.867;
4618;2.17867151;41.37963759;0.00625;False;ok;73;1;2.043;
4619;2.17867151;41.38588759;0.00625;False;ok;28;1;1.837;
4620;2.17867151;41.39213759;0.00625;False;ok;32;1;1.909;
4621;2.17867151;41.39838759;0.00625;False;ok;39;1;2.019;
4622;2.17867151;41.40463759;0.00625;False;ok;52;1;1.942;
4623;2.17867151;41.41088759;0.00625;False;ok;10;1;1.763;
4624;2.18492151;41.36713759;0.0125;False;ok;27;1;1.875;
4625;2.18492151;41.37963759;0.0125;False;ok;59;1;1.941;
4626;2.18492151;41.39213759;0.0125;False;ok;69;1;2.017;
4627;2.18492151;41.40463759;0.0125;False;ok;37;1;2.007;
4628;2.19742151;41.36713759;0.025;False;ok;10;1;1.795;
4629;2.19742151;41.39213759;0.0125;False;ok;72;1;1.906;
4630;2.19742151;41.40463759;0.0125;False;ok;33;1;1.878;
4631;2.20992151;41.39213759;0.0125;False;ok;9;1;1.741;
4632;2.20992151;41.40463759;0.0125;False;ok;51;1;1.786;
4633;2.22242151;41.36713759;0.05;False;ok;17;1;1.669;
4634;2.22242151;41.41713759;0.05;False;ok;74;1;1.907;
4635;2.22242151;41.46713759;0.05;False;ok;11;1;1.557;
4636;2.27242151;41.41713759;0.1;False;ok;72;1;1.241;
4637;2.27242151;41.51713759;0.1;False;ok;43;1;1.501;
4638;2.27242151;41.61713759;0.1;False;ok;21;1;1.018;
4639;2.37242151;41.41713759;0.1;False;ok;52;1;1.098;
4640;2.37242151;41.51713759;0.1;False;ok;72;1;1.402;
4641;2.37242151;41.61713759;0.1;False;ok;19;1;1.135;
4642;2.47242151;41.51713759;0.05;False;ok;20;1;1.136;
4643;2.47242151;41.56713759;0.05;False;ok;24;1;1.217;
4644;2.47242151;41.61713759;0.1;False;ok;14;1;1.050;
4645;2.52242151;41.51713759;0.05;False;ok;0;1;1.647;
4646;2.52242151;41.56713759;0.05;False;ok;52;1;1.152;
4647;-5.754968796;35.95813747;0.1;False;ok;1;1;0.786;
4648;-5.611218796;36.00813747;0.00625;False;ok;71;1;1.018;
4649;-5.617468796;36.01438747;0.00625;False;ok;71;1;1.153;
4650;-5.611218796;36.01438747;0.003125;False;ok;34;1;1.188;
4651;-5.608093796;36.01438747;0.003125;False;ok;74;1;1.340;
4652;-5.611218796;36.01751247;0.003125;False;ok;22;1;1.088;
4653;-5.608093796;36.01751247;0.003125;False;ok;18;1;1.094;
4654;-5.617468796;36.02063747;0.0125;False;ok;74;1;1.455;
4655;-5.654968796;36.03313747;0.025;False;ok;16;1;1.198;
4656;-5.629968796;36.03313747;0.025;False;ok;11;1;1.104;
4657;-5.604968796;36.00813747;0.003125;False;ok;1;1;1.019;
4658;-5.604968796;36.01126247;0.003125;False;ok;73;1;1.204;
4659;-5.601843796;36.01126247;0.003125;False;ok;37;1;1.181;
4660;-5.598718796;36.00813747;0.00625;False;ok;1;1;0.984;
4661;-5.604968796;36.01438747;0.00625;False;ok;73;1;1.316;
4662;-5.592468796;36.02063747;0.0125;False;ok;0;1;1.840;
4663;-5.579968796;36.00813747;0.025;False;ok;2;1;1.053;
4664;-5.604968796;36.03313747;0.025;False;ok;0;1;1.707;
4665;-5.854968796;36.05813747;0.05;False;ok;35;1;1.187;
4666;-5.804968796;36.05813747;0.05;False;ok;50;1;1.164;
4667;-5.854968796;36.10813747;0.025;False;ok;53;1;1.104;
4668;-5.829968796;36.10813747;0.025;False;ok;75;1;1.334;
4669;-5.854968796;36.13313747;0.025;False;ok;70;1;1.230;
4670;-5.754968796;36.05813747;0.1;False;ok;73;1;1.354;
4671;-5.654968796;36.05813747;0.1;False;ok;23;1;1.026;
4672;-5.554968796;36.05813747;0.1;False;ok;26;1;1.121;
4673;-5.454968796;36.05813747;0.1;True;ok;58;1;1.203;
4674;-5.354968796;36.05813747;0.1;True;ok;4;1;1.335;
4675;-6.154968796;36.15813747;0.1;False;ok;73;1;1.181;
4676;-6.054968796;36.18313747;0.025;False;ok;75;1;2.784;
4677;-6.029968796;36.18313747;0.025;False;ok;72;1;1.239;
4678;-6.004968796;36.15813747;0.05;False;ok;12;1;0.957;
4679;-6.054968796;36.20813747;0.05;False;ok;37;1;1.114;
4680;-6.004968796;36.20813747;0.025;False;ok;9;1;0.929;
4681;-5.979968796;36.20813747;0.025;False;ok;2;1;0.985;
4682;-5.979968796;36.23313747;0.0125;False;ok;4;1;0.812;
4683;-5.979968796;36.24563747;0.0125;False;ok;74;1;1.015;
4684;-5.967468796;36.24563747;0.00625;False;ok;45;1;0.932;
4685;-5.961218796;36.24563747;0.00625;False;ok;1;1;0.869;
4686;-5.967468796;36.25188747;0.003125;False;ok;75;1;1.083;
4687;-5.964343796;36.25188747;0.003125;False;ok;75;1;1.237;
4688;-5.961218796;36.25188747;0.00625;False;ok;39;1;0.969;
4689;-5.954968796;36.15813747;0.05;False;ok;73;1;1.390;
4690;-5.904968796;36.15813747;0.05;False;ok;5;1;1.028;
4691;-5.954968796;36.20813747;0.05;False;ok;75;1;1.331;
4692;-5.904968796;36.20813747;0.05;False;ok;8;1;1.182;
4693;-5.854968796;36.15813747;0.1;False;ok;11;1;3.085;
4694;-5.554968796;36.15813747;0.1;False;ok;4;1;1.394;
4695;-5.454968796;36.15813747;0.1;False;ok;38;1;3.058;
4696;-5.354968796;36.15813747;0.1;False;ok;74;1;1.858;
4697;-6.254968796;36.25813747;0.1;False;ok;34;1;1.685;
4698;-6.154968796;36.25813747;0.05;False;ok;74;1;1.852;
4699;-6.104968796;36.27063747;0.0125;False;ok;64;1;1.775;
4700;-6.089343796;36.27063747;0.003125;False;ok;31;1;1.677;
4701;-6.092468796;36.27376247;0.003125;False;ok;73;1;1.927;
4702;-6.089343796;36.27376247;0.003125;False;ok;74;1;1.777;
4703;-6.086218796;36.27063747;0.00625;False;ok;73;1;1.755;
4704;-6.092468796;36.27688747;0.003125;False;ok;72;1;1.737;
4705;-6.089343796;36.27688747;0.003125;False;ok;75;1;1.496;
4706;-6.092468796;36.28001247;0.003125;False;ok;27;1;1.357;
4707;-6.089343796;36.28001247;0.003125;False;ok;73;1;1.531;
4708;-6.086218796;36.27688747;0.00625;False;ok;74;1;1.537;
4709;-6.079968796;36.25813747;0.025;False;ok;20;1;1.242;
4710;-6.104968796;36.28313747;0.0125;False;ok;63;1;1.283;
4711;-6.092468796;36.28313747;0.0125;False;ok;74;1;1.415;
4712;-6.104968796;36.29563747;0.0125;False;ok;1;1;0.946;
4713;-6.092468796;36.29563747;0.0125;False;ok;31;1;1.117;
4714;-6.079968796;36.28313747;0.025;False;ok;60;1;1.128;
4715;-6.154968796;36.30813747;0.025;False;ok;18;1;0.986;
4716;-6.129968796;36.30813747;0.025;False;ok;73;1;2.490;
4717;-6.154968796;36.33313747;0.025;False;ok;68;1;2.262;
4718;-6.129968796;36.33313747;0.025;False;ok;33;1;1.980;
4719;-6.104968796;36.30813747;0.025;False;ok;74;1;2.674;
4720;-6.079968796;36.30813747;0.025;False;ok;53;1;2.134;
4721;-6.104968796;36.33313747;0.025;False;ok;65;1;1.887;
4722;-6.079968796;36.33313747;0.025;False;ok;42;1;2.121;
4723;-6.054968796;36.25813747;0.1;False;ok;75;1;2.124;
4724;-5.954968796;36.25813747;0.1;False;ok;13;1;2.492;
4725;-5.854968796;36.25813747;0.1;False;ok;51;1;2.171;
4726;-5.754968796;36.25813747;0.1;False;ok;6;1;3.150;
4727;-5.454968796;36.25813747;0.1;False;ok;8;1;1.914;
4728;-5.354968796;36.25813747;0.1;False;ok;72;1;2.522;
4729;-5.254968796;36.30813747;0.025;False;ok;72;1;2.486;
4730;-5.254968796;36.33313747;0.0125;False;ok;67;1;3.048;
4731;-5.242468796;36.33313747;0.0125;False;ok;60;1;1.881;
4732;-5.254968796;36.34563747;0.0125;False;ok;16;1;1.761;
4733;-5.242468796;36.34563747;0.00625;False;ok;30;1;1.897;
4734;-5.236218796;36.34563747;0.00625;False;ok;34;1;2.082;
4735;-5.242468796;36.35188747;0.00625;False;ok;40;1;2.106;
4736;-5.236218796;36.35188747;0.00625;False;ok;74;1;3.710;
4737;-5.229968796;36.33313747;0.025;False;ok;4;1;1.797;
4738;-6.204968796;36.35813747;0.025;False;ok;74;1;2.144;
4739;-6.179968796;36.35813747;0.0125;False;ok;69;1;1.969;
4740;-6.167468796;36.35813747;0.0125;False;ok;34;1;1.870;
4741;-6.179968796;36.37063747;0.0125;False;ok;68;1;3.656;
4742;-6.167468796;36.37063747;0.0125;False;ok;31;1;1.836;
4743;-6.204968796;36.38313747;0.025;False;ok;29;1;1.954;
4744;-6.179968796;36.38313747;0.025;False;ok;73;1;2.098;
4745;-6.254968796;36.40813747;0.05;False;ok;20;1;1.806;
4746;-6.204968796;36.40813747;0.05;False;ok;50;1;2.277;
4747;-6.154968796;36.35813747;0.05;False;ok;73;1;2.276;
4748;-6.104968796;36.35813747;0.05;False;ok;29;1;2.038;
4749;-6.154968796;36.40813747;0.05;False;ok;72;1;2.301;
4750;-6.054968796;36.35813747;0.1;False;ok;3;1;1.710;
4751;-5.954968796;36.35813747;0.1;False;ok;23;1;1.722;
4752;-5.754968796;36.35813747;0.1;False;ok;1;1;1.517;
4753;-5.554968796;36.35813747;0.1;False;ok;3;1;1.487;
4754;-5.454968796;36.35813747;0.1;False;ok;29;1;1.327;
4755;-5.354968796;36.35813747;0.1;False;ok;29;1;1.374;
4756;-5.254968796;36.35813747;0.0125;False;ok;43;1;1.305;
4757;-5.242468796;36.35813747;0.00625;False;ok;20;1;1.042;
4758;-5.236218796;36.35813747;0.00625;False;ok;72;1;1.174;
4759;-5.242468796;36.36438747;0.00625;False;ok;34;1;1.283;
4760;-5.236218796;36.36438747;0.00625;False;ok;29;1;1.151;
4761;-5.254968796;36.37063747;0.0125;False;ok;10;1;1.076;
4762;-5.242468796;36.37063747;0.0125;False;ok;2;1;1.126;
4763;-5.229968796;36.35813747;0.025;False;ok;75;1;2.800;
4764;-5.254968796;36.38313747;0.025;False;ok;33;1;1.181;
4765;-5.229968796;36.38313747;0.025;False;ok;73;1;1.270;
4766;-5.204968796;36.35813747;0.05;False;ok;75;1;1.353;
4767;-5.254968796;36.40813747;0.05;False;ok;74;1;2.269;
4768;-5.204968796;36.40813747;0.025;False;ok;73;1;1.502;
4769;-5.179968796;36.40813747;0.0125;False;ok;34;1;1.226;
4770;-5.167468796;36.41438747;0.00625;False;ok;45;1;1.357;
4771;-5.161218796;36.41438747;0.003125;False;ok;62;1;1.310;
4772;-5.158093796;36.41438747;0.003125;False;ok;19;1;1.119;
4773;-5.161218796;36.41751247;0.003125;False;ok;52;1;1.168;
4774;-5.158093796;36.41751247;0.003125;False;ok;12;1;1.135;
4775;-5.167468796;36.42063747;0.0125;False;ok;69;1;1.342;
4776;-5.204968796;36.43313747;0.025;False;ok;0;1;1.628;
4777;-5.179968796;36.43313747;0.025;False;ok;6;1;1.974;
4778;-5.154968796;36.40813747;0.0125;False;ok;35;1;1.107;
4779;-5.154968796;36.42063747;0.00625;False;ok;73;1;1.124;
4780;-5.148718796;36.42063747;0.00625;False;ok;71;1;1.434;
4781;-5.154968796;36.42688747;0.00625;False;ok;33;1;1.063;
4782;-5.148718796;36.42688747;0.00625;False;ok;70;1;1.045;
4783;-5.142468796;36.42063747;0.0125;False;ok;71;1;1.188;
4784;-5.129968796;36.40813747;0.025;False;ok;38;1;1.140;
4785;-5.154968796;36.43313747;0.025;False;ok;71;1;1.439;
4786;-5.129968796;36.43313747;0.025;False;ok;50;1;1.153;
4787;-5.104968796;36.40813747;0.05;False;ok;74;1;1.598;
4788;-5.054968796;36.35813747;0.1;False;ok;60;1;1.377;
4789;-6.304968796;36.45813747;0.05;False;ok;75;1;1.867;
4790;-6.354968796;36.50813747;0.05;False;ok;12;1;1.709;
4791;-6.292468796;36.50813747;0.0125;False;ok;72;1;1.676;
4792;-6.304968796;36.52688747;0.003125;False;ok;53;1;1.707;
4793;-6.301843796;36.52688747;0.003125;False;ok;25;1;1.524;
4794;-6.304968796;36.53001247;0.003125;False;ok;49;1;1.433;
4795;-6.301843796;36.53001247;0.003125;False;ok;73;1;1.449;
4796;-6.298718796;36.52688747;0.003125;False;ok;16;1;1.549;
4797;-6.295593796;36.52688747;0.003125;False;ok;43;1;1.428;
4798;-6.298718796;36.53001247;0.003125;False;ok;60;1;1.492;
4799;-6.295593796;36.53001247;0.003125;False;ok;74;1;1.786;
4800;-6.292468796;36.52063747;0.0125;False;ok;74;1;2.032;
4801;-6.279968796;36.50813747;0.025;False;ok;36;1;1.758;
4802;-6.304968796;36.53313747;0.00625;False;ok;72;1;1.886;
4803;-6.298718796;36.53313747;0.003125;False;ok;75;1;1.557;
4804;-6.295593796;36.53313747;0.003125;False;ok;61;1;1.499;
4805;-6.298718796;36.53626247;0.003125;False;ok;11;1;1.231;
4806;-6.295593796;36.53626247;0.003125;False;ok;5;1;1.297;
4807;-6.292468796;36.53313747;0.0125;False;ok;5;1;1.384;
4808;-6.254968796;36.45813747;0.1;False;ok;71;1;1.403;
4809;-6.154968796;36.45813747;0.1;False;ok;17;1;1.160;
4810;-5.954968796;36.45813747;0.1;False;ok;33;1;1.641;
4811;-5.754968796;36.45813747;0.1;False;ok;35;1;1.256;
4812;-5.454968796;36.45813747;0.1;False;ok;28;1;1.313;
4813;-5.354968796;36.45813747;0.1;False;ok;50;1;1.315;
4814;-5.254968796;36.45813747;0.1;False;ok;14;1;1.429;
4815;-5.154968796;36.45813747;0.1;False;ok;74;1;1.755;
4816;-5.054968796;36.45813747;0.0125;False;ok;73;1;2.243;
4817;-5.042468796;36.45813747;0.0125;False;ok;61;1;1.398;
4818;-5.054968796;36.47063747;0.0125;False;ok;39;1;1.832;
4819;-5.042468796;36.47063747;0.0125;False;ok;58;1;1.606;
4820;-5.029968796;36.45813747;0.0125;False;ok;72;1;1.827;
4821;-5.017468796;36.45813747;0.0125;False;ok;17;1;1.830;
4822;-5.029968796;36.47063747;0.0125;False;ok;57;1;1.741;
4823;-5.017468796;36.47063747;0.0125;False;ok;28;1;1.653;
4824;-5.054968796;36.48313747;0.025;False;ok;50;1;1.674;
4825;-5.029968796;36.48313747;0.025;False;ok;68;1;2.038;
4826;-5.004968796;36.45813747;0.025;False;ok;75;1;2.036;
4827;-4.979968796;36.45813747;0.025;False;ok;50;1;1.918;
4828;-5.004968796;36.48313747;0.025;False;ok;75;1;1.978;
4829;-4.979968796;36.48313747;0.0125;False;ok;73;1;2.015;
4830;-4.967468796;36.48313747;0.00625;False;ok;67;1;1.929;
4831;-4.961218796;36.48313747;0.003125;False;ok;31;1;1.716;
4832;-4.958093796;36.48313747;0.003125;False;ok;10;1;1.719;
4833;-4.961218796;36.48626247;0.003125;False;ok;66;1;1.680;
4834;-4.958093796;36.48626247;0.003125;False;ok;52;1;1.843;
4835;-4.967468796;36.48938747;0.00625;False;ok;74;1;2.034;
4836;-4.961218796;36.48938747;0.00625;False;ok;26;1;1.727;
4837;-4.979968796;36.49563747;0.0125;False;ok;47;1;1.452;
4838;-4.967468796;36.49563747;0.00625;False;ok;74;1;1.475;
4839;-4.961218796;36.49563747;0.00625;False;ok;21;1;1.656;
4840;-4.967468796;36.50188747;0.00625;False;ok;6;1;1.390;
4841;-4.961218796;36.50188747;0.00625;False;ok;18;1;1.394;
4842;-5.054968796;36.50813747;0.05;False;ok;71;1;1.492;
4843;-5.004968796;36.50813747;0.025;False;ok;61;1;1.617;
4844;-4.979968796;36.50813747;0.025;False;ok;72;1;1.558;
4845;-5.004968796;36.53313747;0.025;False;ok;2;1;1.092;
4846;-4.954968796;36.48313747;0.00625;False;ok;75;1;2.043;
4847;-4.954968796;36.48938747;0.00625;False;ok;54;1;1.721;
4848;-4.948718796;36.48938747;0.00625;False;ok;20;1;1.468;
4849;-4.954968796;36.49563747;0.0125;False;ok;75;1;2.450;
4850;-4.942468796;36.49563747;0.0125;False;ok;19;1;1.647;
4851;-4.929968796;36.48313747;0.025;False;ok;65;1;1.793;
4852;-4.904968796;36.49563747;0.0125;False;ok;72;1;2.468;
4853;-4.892468796;36.49563747;0.0125;False;ok;75;1;2.422;
4854;-4.879968796;36.48313747;0.025;False;ok;6;1;1.251;
4855;-4.954968796;36.50813747;0.025;False;ok;35;1;1.420;
4856;-4.929968796;36.50813747;0.025;False;ok;73;1;2.071;
4857;-4.954968796;36.53313747;0.025;False;ok;14;1;1.498;
4858;-4.904968796;36.50813747;0.00625;False;ok;75;1;1.987;
4859;-4.898718796;36.50813747;0.00625;False;ok;72;1;2.029;
4860;-4.904968796;36.51438747;0.00625;False;ok;4;1;1.335;
4861;-4.898718796;36.51438747;0.00625;False;ok;27;1;1.742;
4862;-4.892468796;36.50813747;0.00625;False;ok;72;1;2.332;
4863;-4.886218796;36.50813747;0.00625;False;ok;75;1;2.251;
4864;-4.892468796;36.51438747;0.00625;False;ok;9;1;1.819;
4865;-4.886218796;36.51438747;0.00625;False;ok;6;1;1.742;
4866;-4.904968796;36.52063747;0.0125;False;ok;14;1;2.127;
4867;-4.892468796;36.52063747;0.0125;False;ok;8;1;1.977;
4868;-4.879968796;36.50813747;0.025;False;ok;75;1;2.219;
4869;-4.879968796;36.53313747;0.025;False;ok;33;1;2.064;
4870;-4.854968796;36.48313747;0.025;False;ok;56;1;2.240;
4871;-4.829968796;36.49563747;0.0125;False;ok;28;1;1.950;
4872;-4.817468796;36.49563747;0.0125;False;ok;73;1;2.371;
4873;-4.804968796;36.48313747;0.025;False;ok;73;1;2.961;
4874;-4.779968796;36.48313747;0.0125;False;ok;74;1;2.820;
4875;-4.767468796;36.48313747;0.0125;False;ok;65;1;2.322;
4876;-4.779968796;36.49563747;0.0125;False;ok;58;1;1.943;
4877;-4.767468796;36.49563747;0.0125;False;ok;27;1;2.444;
4878;-4.854968796;36.50813747;0.05;False;ok;73;1;2.801;
4879;-4.804968796;36.50813747;0.05;False;ok;38;1;2.041;
4880;-4.754968796;36.48313747;0.0125;False;ok;72;1;2.736;
4881;-4.742468796;36.48313747;0.0125;False;ok;75;1;2.596;
4882;-4.754968796;36.49563747;0.0125;False;ok;66;1;3.013;
4883;-4.742468796;36.49563747;0.0125;False;ok;13;1;1.795;
4884;-4.729968796;36.48313747;0.00625;False;ok;24;1;1.775;
4885;-4.723718796;36.48626247;0.003125;False;ok;53;1;1.828;
4886;-4.720593796;36.48626247;0.003125;False;ok;74;1;1.861;
4887;-4.729968796;36.48938747;0.00625;False;ok;21;1;1.902;
4888;-4.723718796;36.48938747;0.00625;False;ok;55;1;1.903;
4889;-4.717468796;36.48313747;0.00625;False;ok;72;1;1.907;
4890;-4.711218796;36.48313747;0.00625;False;ok;5;1;1.843;
4891;-4.717468796;36.48938747;0.00625;False;ok;32;1;1.889;
4892;-4.711218796;36.48938747;0.00625;False;ok;73;1;2.259;
4893;-4.729968796;36.49563747;0.0125;False;ok;73;1;2.486;
4894;-4.717468796;36.49563747;0.0125;False;ok;75;1;2.236;
4895;-4.704968796;36.48313747;0.0125;False;ok;73;1;2.241;
4896;-4.692468796;36.48313747;0.0125;False;ok;12;1;1.747;
4897;-4.704968796;36.49563747;0.0125;False;ok;72;1;2.259;
4898;-4.692468796;36.49563747;0.0125;False;ok;75;1;2.249;
4899;-4.679968796;36.48313747;0.025;False;ok;70;1;2.162;
4900;-4.754968796;36.50813747;0.025;False;ok;60;1;2.127;
4901;-4.729968796;36.50813747;0.0125;False;ok;26;1;1.761;
4902;-4.717468796;36.50813747;0.0125;False;ok;71;1;2.514;
4903;-4.754968796;36.53313747;0.025;False;ok;14;1;1.974;
4904;-4.729968796;36.53313747;0.025;False;ok;41;1;2.273;
4905;-4.704968796;36.50813747;0.05;False;ok;74;1;2.468;
4906;-4.654968796;36.45813747;0.05;False;ok;17;1;1.991;
4907;-4.654968796;36.50813747;0.0125;False;ok;70;1;2.197;
4908;-4.642468796;36.50813747;0.0125;False;ok;72;1;2.407;
4909;-4.642468796;36.52063747;0.0125;False;ok;45;1;1.849;
4910;-4.629968796;36.50813747;0.025;False;ok;75;1;1.968;
4911;-4.654968796;36.53313747;0.025;False;ok;73;1;1.933;
4912;-4.629968796;36.53313747;0.00625;False;ok;75;1;1.865;
4913;-4.623718796;36.53313747;0.00625;False;ok;75;1;1.711;
4914;-4.629968796;36.53938747;0.00625;False;ok;57;1;1.695;
4915;-4.623718796;36.53938747;0.003125;False;ok;75;1;2.242;
4916;-4.620593796;36.53938747;0.003125;False;ok;74;1;1.720;
4917;-4.623718796;36.54251247;0.003125;False;ok;26;1;1.482;
4918;-4.620593796;36.54251247;0.003125;False;ok;70;1;1.796;
4919;-4.617468796;36.53313747;0.0125;False;ok;0;1;2.266;
4920;-4.629968796;36.54563747;0.0125;False;ok;71;1;1.818;
4921;-4.617468796;36.54563747;0.00625;False;ok;73;1;2.081;
4922;-4.617468796;36.55188747;0.00625;False;ok;71;1;2.778;
4923;-4.611218796;36.55188747;0.00625;False;ok;32;1;1.531;
4924;-4.554968796;36.45813747;0.1;False;ok;0;1;2.333;
4925;-6.454968796;36.55813747;0.1;False;ok;75;1;2.010;
4926;-6.304968796;36.55813747;0.05;False;ok;74;1;2.020;
4927;-6.354968796;36.60813747;0.05;False;ok;10;1;1.544;
4928;-6.304968796;36.60813747;0.05;False;ok;48;1;1.711;
4929;-6.229968796;36.55813747;0.025;False;ok;71;1;2.089;
4930;-6.254968796;36.58313747;0.025;False;ok;74;1;2.090;
4931;-6.229968796;36.58313747;0.025;False;ok;75;1;2.037;
4932;-6.254968796;36.60813747;0.05;False;ok;20;1;1.630;
4933;-6.204968796;36.60813747;0.05;False;ok;3;1;1.521;
4934;-6.054968796;36.55813747;0.1;False;ok;0;1;2.381;
4935;-5.954968796;36.55813747;0.1;False;ok;4;1;1.553;
4936;-5.854968796;36.55813747;0.1;False;ok;5;1;1.493;
4937;-5.754968796;36.55813747;0.1;False;ok;14;1;1.632;
4938;-5.654968796;36.55813747;0.1;False;ok;1;1;1.546;
4939;-5.554968796;36.55813747;0.1;False;ok;1;1;1.511;
4940;-5.454968796;36.55813747;0.1;False;ok;3;1;1.591;
4941;-5.354968796;36.55813747;0.1;False;ok;73;1;2.035;
4942;-5.254968796;36.55813747;0.1;False;ok;35;1;1.869;
4943;-5.154968796;36.55813747;0.1;False;ok;15;1;1.693;
4944;-5.054968796;36.55813747;0.1;False;ok;0;1;3.769;
4945;-4.954968796;36.55813747;0.1;False;ok;24;1;1.672;
4946;-4.854968796;36.55813747;0.1;False;ok;52;1;1.865;
4947;-4.754968796;36.55813747;0.05;False;ok;11;1;1.769;
4948;-4.704968796;36.55813747;0.05;False;ok;54;1;1.861;
4949;-4.754968796;36.60813747;0.05;False;ok;59;1;1.939;
4950;-4.704968796;36.60813747;0.05;False;ok;74;1;1.940;
4951;-4.654968796;36.55813747;0.025;False;ok;41;1;1.776;
4952;-4.629968796;36.55813747;0.0125;False;ok;23;1;1.718;
4953;-4.617468796;36.55813747;0.0125;False;ok;73;1;2.256;
4954;-4.629968796;36.57063747;0.0125;False;ok;5;1;1.825;
4955;-4.617468796;36.57063747;0.0125;False;ok;32;1;1.898;
4956;-4.654968796;36.58313747;0.025;False;ok;74;1;2.280;
4957;-4.629968796;36.58313747;0.025;False;ok;32;1;2.029;
4958;-4.604968796;36.55813747;0.0125;False;ok;71;1;2.183;
4959;-4.592468796;36.55813747;0.0125;False;ok;2;1;1.808;
4960;-4.604968796;36.57063747;0.0125;False;ok;75;1;2.262;
4961;-4.592468796;36.57063747;0.0125;False;ok;74;1;2.444;
4962;-4.579968796;36.55813747;0.025;False;ok;74;1;2.299;
4963;-4.604968796;36.58313747;0.025;False;ok;65;1;2.484;
4964;-4.579968796;36.58313747;0.025;False;ok;73;1;2.136;
4965;-4.654968796;36.60813747;0.05;False;ok;53;1;1.805;
4966;-4.604968796;36.60813747;0.05;False;ok;45;1;1.802;
4967;-4.554968796;36.55813747;0.025;False;ok;72;1;2.117;
4968;-4.529968796;36.55813747;0.025;False;ok;0;1;2.396;
4969;-4.554968796;36.58313747;0.0125;False;ok;73;1;2.071;
4970;-4.542468796;36.58313747;0.00625;False;ok;56;1;1.909;
4971;-4.536218796;36.58313747;0.003125;False;ok;73;1;1.963;
4972;-4.533093796;36.58313747;0.003125;False;ok;1;1;1.508;
4973;-4.536218796;36.58626247;0.003125;False;ok;73;1;1.942;
4974;-4.533093796;36.58626247;0.003125;False;ok;73;1;1.748;
4975;-4.542468796;36.58938747;0.00625;False;ok;8;1;1.426;
4976;-4.536218796;36.58938747;0.00625;False;ok;75;1;1.621;
4977;-4.554968796;36.59563747;0.0125;False;ok;39;1;1.603;
4978;-4.542468796;36.59563747;0.0125;False;ok;73;1;1.757;
4979;-4.529968796;36.58313747;0.00625;False;ok;2;1;1.256;
4980;-4.529968796;36.58938747;0.0015625;False;ok;75;1;1.709;
4981;-4.528406296;36.58938747;0.0015625;False;ok;19;1;2.999;
4982;-4.529968796;36.59094997;0.0015625;False;ok;74;1;2.086;
4983;-4.528406296;36.59094997;0.0015625;False;ok;18;1;1.640;
4984;-4.526843796;36.58938747;0.003125;False;ok;25;1;1.495;
4985;-4.529968796;36.59251247;0.003125;False;ok;12;1;2.894;
4986;-4.526843796;36.59251247;0.003125;False;ok;72;1;1.700;
4987;-4.523718796;36.58938747;0.00625;False;ok;59;1;1.739;
4988;-4.517468796;36.58313747;0.0125;False;ok;12;1;1.519;
4989;-4.529968796;36.59563747;0.0015625;False;ok;60;1;1.534;
4990;-4.528406296;36.59563747;0.0015625;False;ok;74;1;1.987;
4991;-4.529968796;36.59719997;0.0015625;False;ok;47;1;1.595;
4992;-4.528406296;36.59719997;0.0015625;False;ok;12;1;1.443;
4993;-4.526843796;36.59563747;0.003125;False;ok;71;1;1.601;
4994;-4.529968796;36.59876247;0.003125;False;ok;37;1;1.574;
4995;-4.526843796;36.59876247;0.003125;False;ok;23;1;1.581;
4996;-4.523718796;36.59563747;0.00625;False;ok;75;1;2.067;
4997;-4.529968796;36.60188747;0.00625;False;ok;3;1;1.436;
4998;-4.523718796;36.60188747;0.00625;False;ok;49;1;1.536;
4999;-4.517468796;36.59563747;0.003125;False;ok;74;1;1.646;
5000;-4.514343796;36.59563747;0.003125;False;ok;60;1;1.460;
5001;-4.517468796;36.59876247;0.003125;False;ok;66;1;1.591;
5002;-4.514343796;36.59876247;0.003125;False;ok;53;1;1.620;
5003;-4.511218796;36.59563747;0.00625;False;ok;60;1;1.654;
5004;-4.517468796;36.60188747;0.00625;False;ok;73;1;1.828;
5005;-4.511218796;36.60188747;0.00625;False;ok;75;1;1.972;
5006;-4.504968796;36.55813747;0.05;False;ok;0;1;2.267;
5007;-4.554968796;36.60813747;0.025;False;ok;18;1;1.572;
5008;-4.529968796;36.60813747;0.025;False;ok;74;1;1.873;
5009;-4.554968796;36.63313747;0.025;False;ok;14;1;1.540;
5010;-4.529968796;36.63313747;0.025;False;ok;5;1;1.464;
5011;-4.504968796;36.60813747;0.003125;False;ok;60;1;1.821;
5012;-4.504968796;36.61126247;0.003125;False;ok;75;1;1.804;
5013;-4.501843796;36.61126247;0.003125;False;ok;29;1;1.775;
5014;-4.504968796;36.61438747;0.00625;False;ok;74;1;1.837;
5015;-4.498718796;36.61438747;0.003125;False;ok;67;1;1.757;
5016;-4.498718796;36.61751247;0.003125;False;ok;73;1;1.586;
5017;-4.504968796;36.62063747;0.003125;False;ok;38;1;1.530;
5018;-4.501843796;36.62063747;0.003125;False;ok;73;1;1.506;
5019;-4.504968796;36.62376247;0.003125;False;ok;48;1;1.614;
5020;-4.501843796;36.62376247;0.003125;False;ok;73;1;1.514;
5021;-4.498718796;36.62063747;0.003125;False;ok;75;1;1.248;
5022;-4.495593796;36.62063747;0.003125;False;ok;18;1;1.152;
5023;-4.498718796;36.62376247;0.003125;False;ok;64;1;1.054;
5024;-4.495593796;36.62376247;0.003125;False;ok;39;1;1.073;
5025;-4.504968796;36.62688747;0.00625;False;ok;75;1;1.047;
5026;-4.498718796;36.62688747;0.00625;False;ok;74;1;1.173;
5027;-4.492468796;36.62063747;0.0125;False;ok;64;1;1.117;
5028;-4.504968796;36.63313747;0.0125;False;ok;75;1;1.146;
5029;-4.492468796;36.63313747;0.0125;False;ok;75;1;1.037;
5030;-4.504968796;36.64563747;0.0125;False;ok;9;1;0.919;
5031;-4.492468796;36.64563747;0.0125;False;ok;20;1;1.021;
5032;-4.479968796;36.63313747;0.025;False;ok;18;1;0.943;
5033;-6.454968796;36.65813747;0.05;False;ok;71;1;2.007;
5034;-6.404968796;36.65813747;0.05;False;ok;3;1;0.987;
5035;-6.454968796;36.70813747;0.05;False;ok;74;1;1.526;
5036;-6.404968796;36.70813747;0.05;False;ok;11;1;0.855;
5037;-6.354968796;36.65813747;0.1;False;ok;2;1;0.938;
5038;-6.254968796;36.65813747;0.1;False;ok;5;1;1.427;
5039;-6.154968796;36.65813747;0.025;False;ok;75;1;2.303;
5040;-6.129968796;36.65813747;0.025;False;ok;21;1;1.601;
5041;-6.154968796;36.68313747;0.0125;False;ok;69;1;1.820;
5042;-6.142468796;36.68313747;0.00625;False;ok;74;1;2.318;
5043;-6.136218796;36.68313747;0.00625;False;ok;75;1;2.258;
5044;-6.142468796;36.68938747;0.00625;False;ok;10;1;1.589;
5045;-6.136218796;36.68938747;0.00625;False;ok;6;1;1.602;
5046;-6.154968796;36.69563747;0.0125;False;ok;5;1;1.806;
5047;-6.142468796;36.69563747;0.0125;False;ok;6;1;1.973;
5048;-6.129968796;36.68313747;0.025;False;ok;39;1;1.992;
5049;-6.104968796;36.65813747;0.05;False;ok;3;1;1.949;
5050;-6.154968796;36.70813747;0.05;False;ok;1;1;1.928;
5051;-6.104968796;36.70813747;0.05;False;ok;6;1;1.908;
5052;-6.054968796;36.65813747;0.1;False;ok;12;1;1.888;
5053;-5.954968796;36.65813747;0.1;False;ok;6;1;2.021;
5054;-5.854968796;36.65813747;0.1;False;ok;74;1;2.264;
5055;-5.754968796;36.65813747;0.1;False;ok;20;1;1.969;
5056;-5.654968796;36.65813747;0.1;False;ok;7;1;1.927;
5057;-5.554968796;36.65813747;0.1;False;ok;60;1;1.787;
5058;-5.454968796;36.65813747;0.1;False;ok;73;1;2.480;
5059;-5.354968796;36.65813747;0.1;False;ok;4;1;2.395;
5060;-5.204968796;36.65813747;0.05;False;ok;1;1;2.484;
5061;-5.254968796;36.70813747;0.05;False;ok;66;1;2.493;
5062;-5.204968796;36.70813747;0.025;False;ok;1;1;2.109;
5063;-5.179968796;36.70813747;0.025;False;ok;15;1;1.783;
5064;-5.204968796;36.73313747;0.025;False;ok;8;1;1.738;
5065;-5.179968796;36.73313747;0.0125;False;ok;12;1;1.890;
5066;-5.167468796;36.73313747;0.00625;False;ok;45;1;1.912;
5067;-5.167468796;36.73938747;0.003125;False;ok;41;1;1.952;
5068;-5.164343796;36.73938747;0.003125;False;ok;46;1;2.014;
5069;-5.167468796;36.74251247;0.003125;False;ok;64;1;2.149;
5070;-5.164343796;36.74251247;0.003125;False;ok;69;1;2.050;
5071;-5.161218796;36.73938747;0.00625;False;ok;29;1;2.049;
5072;-5.179968796;36.74563747;0.0125;False;ok;17;1;2.130;
5073;-5.167468796;36.74563747;0.0125;False;ok;64;1;1.827;
5074;-5.154968796;36.65813747;0.1;False;ok;23;1;1.775;
5075;-4.954968796;36.65813747;0.1;False;ok;74;1;1.770;
5076;-4.854968796;36.65813747;0.1;False;ok;42;1;1.447;
5077;-4.754968796;36.65813747;0.1;False;ok;74;1;1.628;
5078;-4.654968796;36.65813747;0.1;False;ok;73;1;1.144;
5079;-4.554968796;36.65813747;0.05;False;ok;44;1;1.822;
5080;-4.504968796;36.65813747;0.05;False;ok;74;1;1.032;
5081;-4.554968796;36.70813747;0.05;False;ok;10;1;0.906;
5082;-4.504968796;36.70813747;0.05;False;ok;46;1;1.179;
5083;-4.454968796;36.65813747;0.025;False;ok;12;1;0.983;
5084;-4.454968796;36.68313747;0.0125;False;ok;71;1;1.023;
5085;-4.442468796;36.68313747;0.0125;False;ok;13;1;2.093;
5086;-4.454968796;36.69563747;0.0125;False;ok;73;1;1.146;
5087;-4.442468796;36.69563747;0.0125;False;ok;75;1;1.262;
5088;-4.454968796;36.70813747;0.0125;False;ok;31;1;0.941;
5089;-4.442468796;36.70813747;0.0125;False;ok;75;1;1.522;
5090;-4.454968796;36.72063747;0.0125;False;ok;21;1;1.002;
5091;-4.442468796;36.72063747;0.0125;False;ok;75;1;1.453;
5092;-4.429968796;36.70813747;0.00625;False;ok;75;1;1.418;
5093;-4.423718796;36.70813747;0.00625;False;ok;10;1;2.516;
5094;-4.429968796;36.71438747;0.003125;False;ok;29;1;1.309;
5095;-4.426843796;36.71438747;0.003125;False;ok;72;1;1.347;
5096;-4.429968796;36.71751247;0.003125;False;ok;48;1;1.423;
5097;-4.426843796;36.71751247;0.003125;False;ok;73;1;2.688;
5098;-4.423718796;36.71438747;0.003125;False;ok;74;1;1.242;
5099;-4.420593796;36.71438747;0.003125;False;ok;1;1;0.848;
5100;-4.423718796;36.71751247;0.0015625;False;ok;22;1;0.985;
5101;-4.422156296;36.71751247;0.0015625;False;ok;13;1;1.113;
5102;-4.423718796;36.71907497;0.0015625;False;ok;75;1;0.967;
5103;-4.422156296;36.71907497;0.0015625;False;ok;33;1;0.995;
5104;-4.420593796;36.71751247;0.003125;False;ok;57;1;1.052;
5105;-4.417468796;36.71438747;0.00625;False;ok;75;1;0.979;
5106;-4.411218796;36.71438747;0.00625;False;ok;75;1;1.069;
5107;-4.429968796;36.72063747;0.003125;False;ok;75;1;1.036;
5108;-4.426843796;36.72063747;0.003125;False;ok;75;1;1.059;
5109;-4.429968796;36.72376247;0.003125;False;ok;71;1;1.053;
5110;-4.426843796;36.72376247;0.003125;False;ok;73;1;1.021;
5111;-4.423718796;36.72063747;0.0015625;False;ok;64;1;1.009;
5112;-4.422156296;36.72063747;0.0015625;False;ok;75;1;1.112;
5113;-4.423718796;36.72219997;0.0015625;False;ok;60;1;1.096;
5114;-4.422156296;36.72219997;0.0015625;False;ok;75;1;1.392;
5115;-4.420593796;36.72063747;0.0015625;False;ok;70;1;1.143;
5116;-4.419031296;36.72063747;0.0015625;False;ok;46;1;1.100;
5117;-4.420593796;36.72219997;0.0015625;False;ok;75;1;1.129;
5118;-4.419031296;36.72219997;0.0015625;False;ok;65;1;1.057;
5119;-4.423718796;36.72376247;0.0015625;False;ok;59;1;1.281;
5120;-4.422156296;36.72376247;0.0015625;False;ok;61;1;1.216;
5121;-4.423718796;36.72532497;0.0015625;False;ok;46;1;1.226;
5122;-4.422156296;36.72532497;0.0015625;False;ok;70;1;1.208;
5123;-4.420593796;36.72376247;0.0015625;False;ok;74;1;1.118;
5124;-4.419031296;36.72376247;0.0015625;False;ok;75;1;1.445;
5125;-4.420593796;36.72532497;0.0015625;False;ok;75;1;1.254;
5126;-4.419031296;36.72532497;0.0015625;False;ok;53;1;0.948;
5127;-4.429968796;36.72688747;0.00625;False;ok;75;1;1.342;
5128;-4.423718796;36.72688747;0.00625;False;ok;75;1;1.357;
5129;-4.417468796;36.72063747;0.003125;False;ok;52;1;1.210;
5130;-4.414343796;36.72063747;0.003125;False;ok;7;1;1.103;
5131;-4.417468796;36.72376247;0.003125;False;ok;75;1;1.293;
5132;-4.414343796;36.72376247;0.003125;False;ok;45;1;1.140;
5133;-4.411218796;36.72063747;0.00625;False;ok;48;1;1.123;
5134;-4.417468796;36.72688747;0.00625;False;ok;75;1;1.243;
5135;-4.411218796;36.72688747;0.00625;False;ok;21;1;1.034;
5136;-4.429968796;36.73313747;0.025;False;ok;63;1;1.277;
5137;-4.404968796;36.70813747;0.025;False;ok;72;1;3.070;
5138;-4.379968796;36.70813747;0.0125;False;ok;9;1;1.122;
5139;-4.367468796;36.70813747;0.0125;False;ok;73;1;1.324;
5140;-4.379968796;36.72063747;0.0125;False;ok;75;1;1.447;
5141;-4.367468796;36.72063747;0.0125;False;ok;60;1;1.285;
5142;-4.404968796;36.73313747;0.025;False;ok;3;1;1.100;
5143;-4.379968796;36.73313747;0.025;False;ok;18;1;1.158;
5144;-4.354968796;36.70813747;0.05;False;ok;73;1;1.315;
5145;-4.304968796;36.70813747;0.025;False;ok;72;1;1.183;
5146;-4.279968796;36.70813747;0.025;False;ok;72;1;1.189;
5147;-4.279968796;36.73313747;0.025;False;ok;15;1;1.116;
5148;-4.254968796;36.70813747;0.05;False;ok;75;1;1.690;
5149;-4.204968796;36.70813747;0.05;False;ok;73;1;1.835;
5150;-4.154968796;36.70813747;0.05;False;ok;55;1;1.662;
5151;-4.104968796;36.70813747;0.025;False;ok;40;1;1.466;
5152;-4.104968796;36.73313747;0.00625;False;ok;29;1;2.643;
5153;-4.098718796;36.73313747;0.00625;False;ok;75;1;1.753;
5154;-4.104968796;36.73938747;0.00625;False;ok;11;1;1.107;
5155;-4.098718796;36.73938747;0.00625;False;ok;72;1;1.670;
5156;-4.092468796;36.73313747;0.0125;False;ok;73;1;1.731;
5157;-4.104968796;36.74563747;0.0125;False;ok;11;1;1.156;
5158;-4.092468796;36.74563747;0.0125;False;ok;35;1;1.351;
5159;-4.079968796;36.73313747;0.025;False;ok;74;1;1.754;
5160;-4.054968796;36.70813747;0.05;False;ok;74;1;1.770;
5161;-3.979968796;36.72063747;0.0125;False;ok;73;1;1.314;
5162;-3.967468796;36.72063747;0.0125;False;ok;75;1;1.834;
5163;-4.004968796;36.73313747;0.025;False;ok;75;1;1.834;
5164;-3.979968796;36.73313747;0.025;False;ok;73;1;1.789;
5165;-3.954968796;36.70813747;0.025;False;ok;72;1;1.724;
5166;-3.954968796;36.73313747;0.025;False;ok;75;1;1.894;
5167;-3.929968796;36.73313747;0.025;False;ok;74;1;1.781;
5168;-3.904968796;36.73313747;0.0125;False;ok;31;1;1.972;
5169;-3.892468796;36.73938747;0.00625;False;ok;15;1;1.796;
5170;-3.886218796;36.73938747;0.003125;False;ok;43;1;1.874;
5171;-3.883093796;36.73938747;0.003125;False;ok;33;1;1.725;
5172;-3.886218796;36.74251247;0.003125;False;ok;72;1;1.821;
5173;-3.883093796;36.74251247;0.0015625;False;ok;42;1;1.716;
5174;-3.881531296;36.74251247;0.0015625;False;ok;75;1;1.743;
5175;-3.883093796;36.74407497;0.0015625;False;ok;14;1;1.516;
5176;-3.881531296;36.74407497;0.0015625;False;ok;43;1;1.621;
5177;-3.904968796;36.74563747;0.0125;False;ok;67;1;1.696;
5178;-3.892468796;36.74563747;0.0125;False;ok;56;1;1.364;
5179;-3.879968796;36.73313747;0.0125;False;ok;75;1;1.520;
5180;-3.879968796;36.74563747;0.003125;False;ok;72;1;2.004;
5181;-3.876843796;36.74563747;0.003125;False;ok;65;1;1.245;
5182;-3.879968796;36.74876247;0.003125;False;ok;50;1;1.251;
5183;-3.876843796;36.74876247;0.003125;False;ok;74;1;1.301;
5184;-3.873718796;36.74563747;0.003125;False;ok;75;1;1.175;
5185;-3.873718796;36.74876247;0.003125;False;ok;75;1;1.267;
5186;-3.870593796;36.74876247;0.003125;False;ok;61;1;1.008;
5187;-3.879968796;36.75188747;0.00625;False;ok;62;1;0.944;
5188;-3.873718796;36.75188747;0.003125;False;ok;72;1;0.935;
5189;-3.870593796;36.75188747;0.003125;False;ok;73;1;1.070;
5190;-3.873718796;36.75501247;0.003125;False;ok;50;1;1.059;
5191;-3.870593796;36.75501247;0.003125;False;ok;28;1;1.298;
5192;-3.867468796;36.74563747;0.0125;False;ok;74;1;1.289;
5193;-3.854968796;36.65813747;0.1;False;ok;73;1;1.443;
5194;-3.754968796;36.70813747;0.025;False;ok;59;1;1.302;
5195;-3.729968796;36.70813747;0.025;False;ok;71;1;1.533;
5196;-3.754968796;36.73313747;0.025;False;ok;72;1;1.749;
5197;-3.729968796;36.73313747;0.025;False;ok;72;1;1.613;
5198;-3.704968796;36.70813747;0.025;False;ok;74;1;1.689;
5199;-3.679968796;36.70813747;0.025;False;ok;14;1;1.414;
5200;-3.704968796;36.73313747;0.025;False;ok;74;1;1.707;
5201;-3.679968796;36.73313747;0.025;False;ok;74;1;1.836;
5202;-3.654968796;36.70813747;0.05;False;ok;72;1;1.651;
5203;-3.604968796;36.70813747;0.05;False;ok;75;1;1.749;
5204;-3.554968796;36.65813747;0.1;False;ok;75;1;1.699;
5205;-3.454968796;36.65813747;0.1;False;ok;57;1;1.563;
5206;-3.354968796;36.65813747;0.1;False;ok;30;1;1.397;
5207;-3.254968796;36.65813747;0.1;False;ok;10;1;1.359;
5208;-3.154968796;36.65813747;0.1;False;ok;11;1;1.278;
5209;-3.054968796;36.65813747;0.1;False;ok;25;1;1.183;
5210;-2.954968796;36.65813747;0.1;False;ok;16;1;1.096;
5211;-2.854968796;36.65813747;0.1;False;ok;72;1;1.235;
5212;-2.654968796;36.65813747;0.05;False;ok;0;1;1.669;
5213;-2.654968796;36.70813747;0.025;False;ok;72;1;1.106;
5214;-2.629968796;36.70813747;0.025;False;ok;73;1;1.342;
5215;-2.654968796;36.73313747;0.025;False;ok;2;1;0.886;
5216;-2.629968796;36.73313747;0.025;False;ok;73;1;1.128;
5217;-6.454968796;36.75813747;0.1;False;ok;72;1;1.121;
5218;-6.354968796;36.75813747;0.0125;False;ok;3;1;0.808;
5219;-6.342468796;36.75813747;0.0125;False;ok;1;1;0.849;
5220;-6.354968796;36.77063747;0.0125;False;ok;75;1;1.117;
5221;-6.342468796;36.77063747;0.0125;False;ok;8;1;1.113;
5222;-6.329968796;36.75813747;0.025;False;ok;3;1;1.416;
5223;-6.354968796;36.78313747;0.025;False;ok;73;1;1.585;
5224;-6.329968796;36.78313747;0.025;False;ok;27;1;1.517;
5225;-6.304968796;36.75813747;0.05;False;ok;1;1;1.281;
5226;-6.354968796;36.80813747;0.05;False;ok;1;1;1.288;
5227;-6.054968796;36.75813747;0.1;False;ok;5;1;1.302;
5228;-5.954968796;36.75813747;0.1;False;ok;1;1;1.278;
5229;-5.854968796;36.75813747;0.1;False;ok;22;1;1.304;
5230;-5.754968796;36.75813747;0.1;False;ok;12;1;1.221;
5231;-5.654968796;36.75813747;0.1;False;ok;40;1;1.386;
5232;-5.554968796;36.75813747;0.1;False;ok;72;1;1.463;
5233;-5.454968796;36.75813747;0.1;False;ok;71;1;1.415;
5234;-5.354968796;36.75813747;0.1;False;ok;72;1;1.286;
5235;-5.254968796;36.75813747;0.1;False;ok;53;1;1.291;
5236;-5.154968796;36.75813747;0.1;False;ok;71;1;1.282;
5237;-5.054968796;36.75813747;0.1;False;ok;1;1;1.054;
5238;-4.954968796;36.75813747;0.1;False;ok;8;1;1.178;
5239;-4.854968796;36.75813747;0.1;False;ok;43;1;1.158;
5240;-4.754968796;36.75813747;0.1;False;ok;75;1;1.187;
5241;-4.654968796;36.75813747;0.1;False;ok;18;1;0.948;
5242;-4.554968796;36.75813747;0.1;False;ok;36;1;1.122;
5243;-4.454968796;36.75813747;0.1;False;ok;13;1;1.067;
5244;-4.354968796;36.75813747;0.1;False;ok;29;1;1.197;
5245;-4.254968796;36.75813747;0.1;False;ok;74;1;1.348;
5246;-4.154968796;36.75813747;0.1;False;ok;75;1;1.367;
5247;-4.054968796;36.75813747;0.05;False;ok;72;1;1.295;
5248;-4.004968796;36.75813747;0.05;False;ok;75;1;1.323;
5249;-4.054968796;36.80813747;0.05;False;ok;52;1;1.138;
5250;-4.004968796;36.80813747;0.025;False;ok;31;1;1.001;
5251;-3.979968796;36.80813747;0.025;False;ok;72;1;1.063;
5252;-4.004968796;36.83313747;0.025;False;ok;43;1;0.972;
5253;-3.979968796;36.83313747;0.025;False;ok;48;1;1.169;
5254;-3.954968796;36.75813747;0.025;False;ok;67;1;1.092;
5255;-3.929968796;36.75813747;0.025;False;ok;56;1;1.159;
5256;-3.954968796;36.78313747;0.025;False;ok;19;1;1.052;
5257;-3.929968796;36.78313747;0.025;False;ok;72;1;1.137;
5258;-3.904968796;36.75813747;0.0125;False;ok;29;1;1.073;
5259;-3.892468796;36.75813747;0.0125;False;ok;70;1;1.079;
5260;-3.904968796;36.77063747;0.0125;False;ok;50;1;1.119;
5261;-3.892468796;36.77063747;0.0125;False;ok;17;1;0.955;
5262;-3.879968796;36.75813747;0.0125;False;ok;75;1;0.973;
5263;-3.867468796;36.75813747;0.0125;False;ok;75;1;0.898;
5264;-3.904968796;36.78313747;0.025;False;ok;75;1;1.406;
5265;-3.954968796;36.80813747;0.05;False;ok;35;1;1.181;
5266;-3.904968796;36.80813747;0.05;False;ok;1;1;1.013;
5267;-3.854968796;36.75813747;0.1;False;ok;39;1;1.086;
5268;-3.754968796;36.75813747;0.1;False;ok;40;1;1.161;
5269;-3.654968796;36.75813747;0.1;False;ok;41;1;1.327;
5270;-3.554968796;36.75813747;0.1;False;ok;32;1;1.227;
5271;-3.454968796;36.75813747;0.1;False;ok;11;1;1.359;
5272;-3.354968796;36.75813747;0.1;False;ok;24;1;1.132;
5273;-3.254968796;36.75813747;0.1;False;ok;6;1;1.067;
5274;-3.154968796;36.75813747;0.1;False;ok;7;1;1.034;
5275;-3.054968796;36.75813747;0.1;False;ok;5;1;1.371;
5276;-2.954968796;36.75813747;0.1;False;ok;6;1;1.563;
5277;-2.854968796;36.75813747;0.1;False;ok;10;1;1.343;
5278;-2.754968796;36.75813747;0.1;False;ok;1;1;1.285;
5279;-2.654968796;36.75813747;0.05;False;ok;54;1;1.386;
5280;-2.604968796;36.75813747;0.05;False;ok;67;1;1.479;
5281;-2.654968796;36.80813747;0.05;False;ok;28;1;1.498;
5282;-2.604968796;36.80813747;0.05;False;ok;74;1;1.479;
5283;-2.554968796;36.75813747;0.1;False;ok;74;1;1.465;
5284;-2.454968796;36.75813747;0.1;False;ok;72;1;1.243;
5285;-2.354968796;36.75813747;0.1;False;ok;71;1;1.285;
5286;-6.154968796;36.85813747;0.1;False;ok;13;1;1.031;
5287;-5.854968796;36.85813747;0.1;False;ok;1;1;1.016;
5288;-5.754968796;36.85813747;0.1;False;ok;1;1;1.110;
5289;-5.654968796;36.85813747;0.1;False;ok;6;1;1.048;
5290;-5.554968796;36.85813747;0.1;False;ok;4;1;1.054;
5291;-5.454968796;36.85813747;0.1;False;ok;60;1;1.088;
5292;-5.354968796;36.85813747;0.1;False;ok;69;1;1.234;
5293;-5.254968796;36.85813747;0.1;False;ok;75;1;1.215;
5294;-5.154968796;36.85813747;0.1;False;ok;2;1;0.996;
5295;-5.054968796;36.85813747;0.1;False;ok;23;1;0.876;
5296;-4.954968796;36.85813747;0.1;False;ok;7;1;0.891;
5297;-4.854968796;36.85813747;0.1;False;ok;73;1;0.991;
5298;-4.754968796;36.85813747;0.1;False;ok;75;1;1.085;
5299;-4.654968796;36.85813747;0.1;False;ok;74;1;0.994;
5300;-4.554968796;36.85813747;0.1;False;ok;39;1;0.992;
5301;-4.454968796;36.85813747;0.1;False;ok;35;1;0.928;
5302;-4.354968796;36.85813747;0.1;False;ok;52;1;1.041;
5303;-4.254968796;36.85813747;0.1;False;ok;70;1;1.211;
5304;-4.154968796;36.85813747;0.1;False;ok;74;1;1.180;
5305;-4.054968796;36.85813747;0.1;False;ok;17;1;0.916;
5306;-3.954968796;36.85813747;0.1;False;ok;4;1;0.924;
5307;-3.654968796;36.85813747;0.1;False;ok;56;1;1.197;
5308;-3.554968796;36.85813747;0.1;False;ok;72;1;1.382;
5309;-3.454968796;36.85813747;0.1;False;ok;74;1;1.366;
5310;-3.354968796;36.85813747;0.1;False;ok;73;1;1.271;
5311;-3.254968796;36.85813747;0.1;False;ok;9;1;1.152;
5312;-3.154968796;36.85813747;0.1;False;ok;4;1;1.100;
5313;-2.754968796;36.85813747;0.1;False;ok;3;1;1.134;
5314;-2.654968796;36.85813747;0.1;False;ok;18;1;1.234;
5315;-2.454968796;36.85813747;0.1;False;ok;15;1;1.167;
5316;-2.354968796;36.85813747;0.1;False;ok;1;1;1.060;
5317;-6.654968796;36.95813747;0.1;False;ok;38;1;1.149;
5318;-6.554968796;36.95813747;0.1;False;ok;55;1;1.175;
5319;-5.954968796;36.95813747;0.1;False;ok;3;1;0.973;
5320;-5.854968796;36.95813747;0.1;False;ok;1;1;0.995;
5321;-5.654968796;36.95813747;0.1;False;ok;13;1;1.018;
5322;-5.554968796;36.95813747;0.1;False;ok;1;1;0.944;
5323;-5.454968796;36.95813747;0.1;False;ok;5;1;0.941;
5324;-5.354968796;36.95813747;0.1;False;ok;5;1;0.982;
5325;-5.254968796;36.95813747;0.1;False;ok;9;1;0.908;
5326;-5.154968796;36.95813747;0.1;False;ok;4;1;0.795;
5327;-4.954968796;36.95813747;0.1;False;ok;19;1;0.854;
5328;-4.754968796;36.95813747;0.1;False;ok;6;1;1.249;
5329;-4.654968796;36.95813747;0.1;False;ok;72;1;1.329;
5330;-4.554968796;36.95813747;0.1;False;ok;10;1;1.034;
5331;-4.454968796;36.95813747;0.1;False;ok;19;1;1.202;
5332;-4.354968796;36.95813747;0.1;False;ok;31;1;1.093;
5333;-4.254968796;36.95813747;0.1;False;ok;8;1;1.338;
5334;-4.154968796;36.95813747;0.1;False;ok;4;1;1.265;
5335;-4.054968796;36.95813747;0.1;False;ok;20;1;1.299;
5336;-3.954968796;36.95813747;0.1;False;ok;6;1;1.198;
5337;-3.654968796;36.95813747;0.1;False;ok;74;1;1.446;
5338;-3.554968796;36.95813747;0.1;False;ok;38;1;1.348;
5339;-3.454968796;36.95813747;0.1;False;ok;57;1;1.473;
5340;-3.354968796;36.95813747;0.1;False;ok;32;1;1.313;
5341;-3.254968796;36.95813747;0.1;False;ok;12;1;1.416;
5342;-3.154968796;36.95813747;0.1;False;ok;27;1;1.457;
5343;-3.054968796;36.95813747;0.1;False;ok;17;1;1.441;
5344;-2.954968796;36.95813747;0.1;False;ok;34;1;1.400;
5345;-2.854968796;36.95813747;0.1;False;ok;11;1;1.396;
5346;-2.754968796;36.95813747;0.1;False;ok;10;1;1.287;
5347;-2.654968796;36.95813747;0.1;False;ok;10;1;1.138;
5348;-2.554968796;36.95813747;0.1;False;ok;2;1;1.182;
5349;-2.454968796;36.95813747;0.1;False;ok;19;1;0.908;
5350;-6.954968796;37.05813747;0.1;False;ok;4;1;0.878;
5351;-6.854968796;37.05813747;0.1;False;ok;54;1;1.177;
5352;-6.554968796;37.05813747;0.1;False;ok;62;1;1.055;
5353;-5.954968796;37.05813747;0.1;False;ok;3;1;0.992;
5354;-5.654968796;37.05813747;0.1;False;ok;1;1;1.035;
5355;-5.554968796;37.05813747;0.1;False;ok;5;1;1.282;
5356;-5.454968796;37.05813747;0.1;False;ok;4;1;0.973;
5357;-5.254968796;37.05813747;0.1;False;ok;0;1;1.823;
5358;-5.154968796;37.05813747;0.1;False;ok;4;1;1.061;
5359;-5.054968796;37.05813747;0.1;False;ok;0;1;1.798;
5360;-4.954968796;37.05813747;0.1;False;ok;4;1;1.016;
5361;-4.854968796;37.05813747;0.1;False;ok;8;1;0.963;
5362;-4.754968796;37.05813747;0.1;False;ok;22;1;1.205;
5363;-4.654968796;37.05813747;0.1;False;ok;1;1;1.227;
5364;-4.554968796;37.05813747;0.1;False;ok;8;1;1.221;
5365;-4.454968796;37.05813747;0.1;False;ok;41;1;1.526;
5366;-4.354968796;37.05813747;0.1;False;ok;27;1;1.370;
5367;-4.254968796;37.05813747;0.1;False;ok;1;1;1.158;
5368;-4.154968796;37.05813747;0.1;False;ok;10;1;1.292;
5369;-4.054968796;37.05813747;0.1;False;ok;5;1;1.238;
5370;-3.954968796;37.05813747;0.1;False;ok;5;1;1.360;
5371;-3.754968796;37.05813747;0.1;False;ok;19;1;1.297;
5372;-3.654968796;37.05813747;0.05;False;ok;35;1;1.276;
5373;-3.604968796;37.05813747;0.05;False;ok;13;1;1.290;
5374;-3.654968796;37.10813747;0.05;False;ok;54;1;1.243;
5375;-3.604968796;37.10813747;0.05;False;ok;69;1;1.394;
5376;-3.554968796;37.05813747;0.1;False;ok;74;1;1.316;
5377;-3.404968796;37.08938747;0.00625;False;ok;46;1;1.179;
5378;-3.398718796;37.08938747;0.003125;False;ok;6;1;1.053;
5379;-3.398718796;37.09251247;0.003125;False;ok;73;1;1.266;
5380;-3.395593796;37.09251247;0.003125;False;ok;48;1;1.169;
5381;-3.392468796;37.08313747;0.0125;False;ok;12;1;1.050;
5382;-3.404968796;37.09563747;0.00625;False;ok;7;1;1.029;
5383;-3.398718796;37.09563747;0.003125;False;ok;74;1;1.262;
5384;-3.395593796;37.09563747;0.003125;False;ok;73;1;1.358;
5385;-3.398718796;37.09876247;0.003125;False;ok;0;1;1.845;
5386;-3.395593796;37.09876247;0.003125;False;ok;5;1;1.071;
5387;-3.398718796;37.10188747;0.00625;False;ok;1;1;0.972;
5388;-3.392468796;37.09563747;0.0125;False;ok;1;1;0.985;
5389;-3.454968796;37.10813747;0.05;False;ok;25;1;1.053;
5390;-3.254968796;37.05813747;0.1;False;ok;1;1;1.092;
5391;-2.854968796;37.05813747;0.1;False;ok;8;1;1.066;
5392;-2.754968796;37.05813747;0.1;False;ok;0;1;1.791;
5393;-2.554968796;37.05813747;0.1;False;ok;4;1;0.991;
5394;-2.454968796;37.05813747;0.1;False;ok;12;1;1.016;
5395;-2.354968796;37.05813747;0.1;False;ok;7;1;1.081;
5396;-7.429968796;37.18313747;0.025;True;ok;0;1;1.228;
5397;-7.404968796;37.15813747;0.05;False;ok;75;1;1.319;
5398;-7.454968796;37.20813747;0.05;True;ok;70;1;1.368;
5399;-7.404968796;37.20813747;0.05;False;ok;46;1;1.097;
5400;-7.354968796;37.15813747;0.1;False;ok;74;1;1.265;
5401;-7.254968796;37.15813747;0.05;False;ok;62;1;1.181;
5402;-7.204968796;37.15813747;0.05;False;ok;1;1;0.799;
5403;-7.254968796;37.20813747;0.05;False;ok;73;1;1.208;
5404;-7.204968796;37.20813747;0.05;False;ok;8;1;1.109;
5405;-7.154968796;37.15813747;0.1;False;ok;70;1;1.426;
5406;-7.054968796;37.15813747;0.1;False;ok;75;1;1.402;
5407;-6.954968796;37.15813747;0.1;False;ok;60;1;1.248;
5408;-6.854968796;37.15813747;0.1;False;ok;1;1;1.211;
5409;-6.554968796;37.15813747;0.1;False;ok;6;1;1.188;
5410;-6.354968796;37.15813747;0.1;False;ok;8;1;1.117;
5411;-6.254968796;37.15813747;0.1;False;ok;0;1;1.893;
5412;-6.054968796;37.15813747;0.1;False;ok;1;1;1.123;
5413;-5.954968796;37.15813747;0.1;False;ok;7;1;1.078;
5414;-5.854968796;37.15813747;0.1;False;ok;20;1;1.078;
5415;-5.654968796;37.15813747;0.1;False;ok;0;1;1.803;
5416;-5.554968796;37.15813747;0.1;False;ok;4;1;1.015;
5417;-5.454968796;37.15813747;0.1;False;ok;5;1;1.046;
5418;-5.354968796;37.15813747;0.1;False;ok;36;1;1.094;
5419;-5.154968796;37.15813747;0.1;False;ok;15;1;1.195;
5420;-4.954968796;37.15813747;0.1;False;ok;4;1;1.558;
5421;-4.854968796;37.15813747;0.1;False;ok;14;1;1.077;
5422;-4.654968796;37.15813747;0.1;False;ok;2;1;1.818;
5423;-4.554968796;37.15813747;0.1;False;ok;10;1;1.067;
5424;-4.454968796;37.15813747;0.1;False;ok;22;1;0.990;
5425;-4.354968796;37.15813747;0.1;False;ok;38;1;0.961;
5426;-4.254968796;37.15813747;0.1;False;ok;13;1;0.920;
5427;-4.154968796;37.15813747;0.1;False;ok;7;1;1.302;
5428;-4.054968796;37.15813747;0.1;False;ok;6;1;1.257;
5429;-3.954968796;37.15813747;0.1;False;ok;6;1;1.366;
5430;-3.854968796;37.15813747;0.1;False;ok;11;1;1.386;
5431;-3.754968796;37.15813747;0.1;False;ok;44;1;1.448;
5432;-3.654968796;37.15813747;0.05;False;ok;74;1;1.585;
5433;-3.604968796;37.15813747;0.0125;False;ok;73;1;1.494;
5434;-3.592468796;37.15813747;0.0125;False;ok;45;1;1.271;
5435;-3.604968796;37.17063747;0.003125;False;ok;60;1;2.769;
5436;-3.601843796;37.17063747;0.003125;False;ok;48;1;1.193;
5437;-3.604968796;37.17376247;0.003125;False;ok;72;1;1.225;
5438;-3.601843796;37.17376247;0.003125;False;ok;75;1;1.384;
5439;-3.598718796;37.17063747;0.003125;False;ok;75;1;1.419;
5440;-3.595593796;37.17063747;0.003125;False;ok;46;1;2.624;
5441;-3.598718796;37.17376247;0.003125;False;ok;75;1;1.319;
5442;-3.595593796;37.17376247;0.003125;False;ok;66;1;1.298;
5443;-3.604968796;37.17688747;0.003125;False;ok;37;1;1.247;
5444;-3.601843796;37.17688747;0.003125;False;ok;75;1;1.211;
5445;-3.604968796;37.18001247;0.003125;False;ok;21;1;1.063;
5446;-3.601843796;37.18001247;0.003125;False;ok;73;1;1.087;
5447;-3.598718796;37.17688747;0.003125;False;ok;75;1;1.329;
5448;-3.595593796;37.17688747;0.003125;False;ok;75;1;1.240;
5449;-3.598718796;37.18001247;0.003125;False;ok;42;1;1.115;
5450;-3.595593796;37.18001247;0.003125;False;ok;29;1;2.475;
5451;-3.592468796;37.17063747;0.0125;False;ok;75;1;1.456;
5452;-3.579968796;37.15813747;0.025;False;ok;11;1;1.078;
5453;-3.604968796;37.18313747;0.025;False;ok;74;1;1.216;
5454;-3.654968796;37.20813747;0.05;False;ok;31;1;1.022;
5455;-3.604968796;37.20813747;0.05;False;ok;33;1;1.182;
5456;-3.554968796;37.15813747;0.1;False;ok;67;1;1.122;
5457;-3.454968796;37.15813747;0.1;False;ok;46;1;1.049;
5458;-3.254968796;37.15813747;0.1;False;ok;14;1;1.264;
5459;-3.154968796;37.15813747;0.1;False;ok;15;1;1.450;
5460;-3.054968796;37.15813747;0.1;False;ok;0;1;1.979;
5461;-2.954968796;37.15813747;0.1;False;ok;0;1;1.883;
5462;-2.754968796;37.15813747;0.1;False;ok;2;1;1.291;
5463;-2.454968796;37.15813747;0.1;False;ok;2;1;1.177;
5464;-2.354968796;37.15813747;0.1;False;ok;1;1;1.116;
5465;-7.454968796;37.25813747;0.1;True;ok;47;1;1.218;
5466;-7.354968796;37.25813747;0.1;False;ok;8;1;1.081;
5467;-7.254968796;37.25813747;0.1;False;ok;8;1;1.061;
5468;-7.154968796;37.25813747;0.1;False;ok;9;1;1.224;
5469;-7.054968796;37.25813747;0.1;False;ok;17;1;1.006;
5470;-6.954968796;37.25813747;0.1;False;ok;32;1;1.397;
5471;-6.854968796;37.25813747;0.1;False;ok;16;1;1.050;
5472;-6.754968796;37.25813747;0.1;False;ok;4;1;1.047;
5473;-6.654968796;37.25813747;0.1;False;ok;3;1;1.101;
5474;-6.554968796;37.25813747;0.1;False;ok;10;1;1.108;
5475;-6.454968796;37.25813747;0.1;False;ok;9;1;1.113;
5476;-6.354968796;37.25813747;0.1;False;ok;7;1;1.054;
5477;-6.254968796;37.25813747;0.1;False;ok;19;1;1.104;
5478;-6.154968796;37.25813747;0.1;False;ok;34;1;1.151;
5479;-6.054968796;37.25813747;0.1;False;ok;72;1;1.362;
5480;-5.954968796;37.25813747;0.1;False;ok;50;1;1.127;
5481;-5.854968796;37.25813747;0.1;False;ok;35;1;1.155;
5482;-5.554968796;37.25813747;0.1;False;ok;5;1;1.002;
5483;-5.454968796;37.25813747;0.1;False;ok;19;1;1.054;
5484;-5.254968796;37.25813747;0.1;False;ok;10;1;1.049;
5485;-4.954968796;37.25813747;0.1;False;ok;2;1;1.021;
5486;-4.854968796;37.25813747;0.1;False;ok;4;1;1.082;
5487;-4.754968796;37.25813747;0.1;False;ok;2;1;1.140;
5488;-4.554968796;37.25813747;0.1;False;ok;3;1;1.164;
5489;-4.454968796;37.25813747;0.1;False;ok;25;1;1.221;
5490;-4.354968796;37.25813747;0.1;False;ok;42;1;1.245;
5491;-4.254968796;37.25813747;0.1;False;ok;28;1;1.255;
5492;-4.154968796;37.25813747;0.1;False;ok;19;1;1.234;
5493;-4.054968796;37.25813747;0.1;False;ok;36;1;1.329;
5494;-3.954968796;37.25813747;0.1;False;ok;23;1;1.308;
5495;-3.854968796;37.25813747;0.1;False;ok;15;1;1.282;
5496;-3.754968796;37.25813747;0.1;False;ok;6;1;1.259;
5497;-3.654968796;37.25813747;0.1;False;ok;8;1;1.198;
5498;-3.354968796;37.25813747;0.1;False;ok;6;1;1.081;
5499;-3.254968796;37.25813747;0.1;False;ok;24;1;1.438;
5500;-3.154968796;37.25813747;0.1;False;ok;64;1;1.500;
5501;-2.554968796;37.25813747;0.1;False;ok;7;1;2.729;
5502;-2.454968796;37.25813747;0.1;False;ok;11;1;1.221;
5503;-2.354968796;37.25813747;0.1;False;ok;47;1;1.421;
5504;-7.254968796;37.35813747;0.1;False;ok;1;1;1.240;
5505;-7.154968796;37.35813747;0.1;False;ok;3;1;1.207;
5506;-7.054968796;37.35813747;0.1;False;ok;4;1;1.307;
5507;-6.854968796;37.35813747;0.1;False;ok;5;1;1.156;
5508;-6.754968796;37.35813747;0.1;False;ok;4;1;1.163;
5509;-6.554968796;37.35813747;0.1;False;ok;8;1;1.084;
5510;-6.454968796;37.35813747;0.1;False;ok;6;1;1.088;
5511;-6.254968796;37.35813747;0.1;False;ok;26;1;1.161;
5512;-6.154968796;37.35813747;0.1;False;ok;74;1;1.361;
5513;-6.054968796;37.35813747;0.05;False;ok;75;1;1.608;
5514;-5.992468796;37.35813747;0.0125;False;ok;13;1;1.055;
5515;-6.004968796;37.37063747;0.00625;False;ok;29;1;1.171;
5516;-5.998718796;37.37063747;0.00625;False;ok;28;1;1.317;
5517;-6.004968796;37.37688747;0.00625;False;ok;75;1;1.425;
5518;-5.998718796;37.37688747;0.00625;False;ok;44;1;1.471;
5519;-5.992468796;37.37063747;0.0125;False;ok;73;1;1.237;
5520;-5.979968796;37.35813747;0.025;False;ok;74;1;1.272;
5521;-6.004968796;37.38313747;0.00625;False;ok;75;1;1.611;
5522;-5.998718796;37.38313747;0.003125;False;ok;75;1;1.488;
5523;-5.995593796;37.38313747;0.003125;False;ok;61;1;1.262;
5524;-5.998718796;37.38626247;0.003125;False;ok;75;1;1.663;
5525;-5.995593796;37.38626247;0.003125;False;ok;75;1;1.666;
5526;-6.004968796;37.38938747;0.00625;False;ok;75;1;1.724;
5527;-5.998718796;37.38938747;0.003125;False;ok;75;1;2.174;
5528;-5.995593796;37.38938747;0.003125;False;ok;74;1;1.760;
5529;-5.998718796;37.39251247;0.003125;False;ok;47;1;1.408;
5530;-5.995593796;37.39251247;0.003125;False;ok;74;1;1.451;
5531;-5.992468796;37.38313747;0.003125;False;ok;75;1;1.577;
5532;-5.989343796;37.38313747;0.003125;False;ok;50;1;1.343;
5533;-5.992468796;37.38626247;0.003125;False;ok;75;1;1.736;
5534;-5.989343796;37.38626247;0.003125;False;ok;73;1;1.348;
5535;-5.986218796;37.38313747;0.00625;False;ok;75;1;1.288;
5536;-5.992468796;37.38938747;0.003125;False;ok;75;1;1.621;
5537;-5.989343796;37.38938747;0.003125;False;ok;75;1;1.520;
5538;-5.992468796;37.39251247;0.003125;False;ok;65;1;1.323;
5539;-5.989343796;37.39251247;0.003125;False;ok;72;1;1.454;
5540;-5.986218796;37.38938747;0.00625;False;ok;75;1;1.692;
5541;-6.004968796;37.39563747;0.00625;False;ok;43;1;1.486;
5542;-5.998718796;37.39563747;0.003125;False;ok;74;1;1.752;
5543;-5.995593796;37.39563747;0.003125;False;ok;75;1;1.664;
5544;-5.998718796;37.39876247;0.003125;False;ok;57;1;1.439;
5545;-5.995593796;37.39876247;0.003125;False;ok;75;1;2.317;
5546;-5.998718796;37.40188747;0.00625;False;ok;36;1;1.674;
5547;-5.992468796;37.39563747;0.003125;False;ok;74;1;1.891;
5548;-5.989343796;37.39563747;0.003125;False;ok;64;1;1.725;
5549;-5.992468796;37.39876247;0.003125;False;ok;71;1;1.898;
5550;-5.989343796;37.39876247;0.003125;False;ok;59;1;1.685;
5551;-5.986218796;37.39563747;0.00625;False;ok;72;1;2.171;
5552;-5.992468796;37.40188747;0.00625;False;ok;68;1;1.761;
5553;-5.986218796;37.40188747;0.00625;False;ok;26;1;1.559;
5554;-5.979968796;37.38313747;0.025;False;ok;72;1;2.163;
5555;-6.054968796;37.40813747;0.05;False;ok;28;1;1.698;
5556;-6.004968796;37.40813747;0.05;False;ok;49;1;1.731;
5557;-5.954968796;37.35813747;0.1;False;ok;73;1;1.822;
5558;-5.854968796;37.35813747;0.1;False;ok;12;1;1.919;
5559;-5.754968796;37.35813747;0.1;False;ok;9;1;1.787;
5560;-5.554968796;37.35813747;0.1;False;ok;0;1;2.451;
5561;-5.354968796;37.35813747;0.1;False;ok;0;1;2.424;
5562;-4.854968796;37.35813747;0.1;False;ok;12;1;1.860;
5563;-4.754968796;37.35813747;0.1;False;ok;4;1;1.711;
5564;-4.654968796;37.35813747;0.1;False;ok;11;1;1.901;
5565;-4.554968796;37.35813747;0.1;False;ok;42;1;2.120;
5566;-4.454968796;37.35813747;0.1;False;ok;8;1;1.861;
5567;-4.354968796;37.35813747;0.1;False;ok;26;1;2.087;
5568;-4.254968796;37.35813747;0.1;False;ok;52;1;1.985;
5569;-4.154968796;37.35813747;0.1;False;ok;24;1;1.852;
5570;-4.054968796;37.35813747;0.1;False;ok;8;1;2.842;
5571;-3.954968796;37.35813747;0.1;False;ok;10;1;1.871;
5572;-3.854968796;37.35813747;0.1;False;ok;18;1;1.870;
5573;-3.754968796;37.35813747;0.1;False;ok;3;1;1.814;
5574;-3.654968796;37.35813747;0.1;False;ok;0;1;3.835;
5575;-3.254968796;37.35813747;0.1;False;ok;8;1;1.677;
5576;-3.054968796;37.35813747;0.1;False;ok;7;1;1.671;
5577;-2.954968796;37.35813747;0.1;False;ok;5;1;1.622;
5578;-2.754968796;37.35813747;0.1;False;ok;3;1;1.731;
5579;-2.654968796;37.35813747;0.1;False;ok;0;1;2.320;
5580;-2.354968796;37.35813747;0.1;False;ok;4;1;3.297;
5581;-7.554968796;37.45813747;0.1;True;ok;20;1;1.652;
5582;-7.354968796;37.45813747;0.1;False;ok;2;1;1.282;
5583;-6.254968796;37.45813747;0.1;False;ok;15;1;1.283;
5584;-6.154968796;37.45813747;0.1;False;ok;3;1;1.619;
5585;-6.054968796;37.45813747;0.1;False;ok;24;1;1.839;
5586;-5.954968796;37.45813747;0.1;False;ok;10;1;1.283;
5587;-5.854968796;37.45813747;0.1;False;ok;3;1;1.176;
5588;-5.754968796;37.45813747;0.1;False;ok;10;1;1.225;
5589;-5.654968796;37.45813747;0.1;False;ok;41;1;1.378;
5590;-5.354968796;37.45813747;0.1;False;ok;8;1;1.149;
5591;-5.254968796;37.45813747;0.1;False;ok;2;1;2.618;
5592;-5.154968796;37.45813747;0.1;False;ok;38;1;1.435;
5593;-4.654968796;37.45813747;0.1;False;ok;7;1;1.403;
5594;-4.554968796;37.45813747;0.1;False;ok;7;1;1.251;
5595;-4.454968796;37.45813747;0.1;False;ok;15;1;2.187;
5596;-4.354968796;37.45813747;0.1;False;ok;44;1;2.986;
5597;-4.254968796;37.45813747;0.1;False;ok;29;1;2.590;
5598;-4.154968796;37.45813747;0.1;False;ok;13;1;0.872;
5599;-4.054968796;37.45813747;0.1;False;ok;12;1;0.925;
5600;-3.954968796;37.45813747;0.1;False;ok;28;1;1.067;
5601;-3.854968796;37.45813747;0.1;False;ok;10;1;0.980;
5602;-3.654968796;37.45813747;0.1;False;ok;8;1;2.423;
5603;-3.554968796;37.45813747;0.1;False;ok;1;1;0.926;
5604;-3.354968796;37.45813747;0.1;False;ok;0;1;1.662;
5605;-3.154968796;37.45813747;0.1;False;ok;1;1;0.925;
5606;-3.054968796;37.45813747;0.1;False;ok;13;1;0.926;
5607;-2.954968796;37.45813747;0.1;False;ok;17;1;0.884;
5608;-2.854968796;37.45813747;0.1;False;ok;18;1;0.877;
5609;-2.754968796;37.45813747;0.1;False;ok;21;1;0.908;
5610;-2.654968796;37.45813747;0.1;False;ok;2;1;0.901;
5611;-2.554968796;37.45813747;0.1;False;ok;0;1;1.659;
5612;-2.354968796;37.45813747;0.1;False;ok;5;1;0.852;
5613;-7.454968796;37.55813747;0.1;False;ok;1;1;1.003;
5614;-6.854968796;37.55813747;0.1;False;ok;0;1;3.023;
5615;-6.754968796;37.55813747;0.1;False;ok;3;1;0.839;
5616;-6.554968796;37.55813747;0.1;False;ok;2;1;0.735;
5617;-6.354968796;37.55813747;0.1;False;ok;4;1;0.872;
5618;-6.254968796;37.55813747;0.1;False;ok;8;1;0.833;
5619;-6.154968796;37.55813747;0.1;False;ok;19;1;0.950;
5620;-5.954968796;37.55813747;0.1;False;ok;3;1;0.958;
5621;-5.854968796;37.55813747;0.1;False;ok;14;1;0.940;
5622;-5.754968796;37.55813747;0.1;False;ok;9;1;0.884;
5623;-5.654968796;37.55813747;0.1;False;ok;0;1;1.691;
5624;-5.554968796;37.55813747;0.1;False;ok;7;1;0.999;
5625;-5.154968796;37.55813747;0.1;False;ok;1;1;0.835;
5626;-5.054968796;37.55813747;0.1;False;ok;7;1;0.909;
5627;-4.954968796;37.55813747;0.1;False;ok;9;1;0.898;
5628;-4.854968796;37.55813747;0.1;False;ok;1;1;0.733;
5629;-4.754968796;37.55813747;0.1;False;ok;20;1;1.018;
5630;-4.654968796;37.55813747;0.1;False;ok;19;1;1.706;
5631;-4.354968796;37.55813747;0.1;False;ok;52;1;0.924;
5632;-4.254968796;37.55813747;0.1;False;ok;1;1;0.816;
5633;-4.154968796;37.55813747;0.1;False;ok;11;1;2.279;
5634;-4.054968796;37.55813747;0.1;False;ok;2;1;0.950;
5635;-3.954968796;37.55813747;0.1;False;ok;8;1;0.869;
5636;-3.854968796;37.55813747;0.1;False;ok;4;1;0.839;
5637;-3.654968796;37.55813747;0.1;False;ok;6;1;0.924;
5638;-3.554968796;37.55813747;0.1;False;ok;9;1;1.102;
5639;-3.054968796;37.55813747;0.1;False;ok;1;1;1.079;
5640;-2.954968796;37.55813747;0.1;False;ok;8;1;0.959;
5641;-2.854968796;37.55813747;0.1;False;ok;6;1;1.094;
5642;-2.754968796;37.55813747;0.1;False;ok;9;1;1.162;
5643;-2.654968796;37.55813747;0.1;False;ok;3;1;1.076;
5644;-2.554968796;37.55813747;0.1;False;ok;1;1;1.085;
5645;-2.454968796;37.55813747;0.1;False;ok;1;1;1.080;
5646;-2.354968796;37.55813747;0.1;False;ok;0;1;1.822;
5647;-6.954968796;37.65813747;0.1;False;ok;3;1;0.959;
5648;-6.754968796;37.65813747;0.1;False;ok;1;1;1.005;
5649;-6.654968796;37.65813747;0.1;False;ok;4;1;0.912;
5650;-6.554968796;37.65813747;0.1;False;ok;2;1;0.843;
5651;-6.454968796;37.65813747;0.1;False;ok;0;1;1.574;
5652;-6.354968796;37.65813747;0.1;False;ok;12;1;0.922;
5653;-6.254968796;37.65813747;0.1;False;ok;22;1;1.116;
5654;-6.154968796;37.65813747;0.1;False;ok;9;1;0.927;
5655;-6.054968796;37.65813747;0.1;False;ok;10;1;0.912;
5656;-5.654968796;37.65813747;0.1;False;ok;2;1;0.767;
5657;-5.554968796;37.65813747;0.1;False;ok;5;1;0.812;
5658;-5.354968796;37.65813747;0.1;False;ok;23;1;2.162;
5659;-5.154968796;37.65813747;0.1;False;ok;5;1;0.935;
5660;-4.954968796;37.65813747;0.1;False;ok;13;1;1.149;
5661;-4.654968796;37.65813747;0.1;False;ok;3;1;1.280;
5662;-4.554968796;37.65813747;0.1;False;ok;6;1;1.219;
5663;-4.154968796;37.65813747;0.1;False;ok;1;1;1.188;
5664;-4.054968796;37.65813747;0.1;False;ok;16;1;1.143;
5665;-3.854968796;37.65813747;0.1;False;ok;5;1;2.560;
5666;-3.754968796;37.65813747;0.1;False;ok;10;1;1.104;
5667;-3.654968796;37.65813747;0.1;False;ok;28;1;1.399;
5668;-3.554968796;37.65813747;0.1;False;ok;3;1;1.074;
5669;-3.454968796;37.65813747;0.1;False;ok;4;1;1.119;
5670;-3.354968796;37.65813747;0.1;False;ok;1;1;1.058;
5671;-3.054968796;37.65813747;0.1;False;ok;35;1;1.098;
5672;-2.954968796;37.65813747;0.1;False;ok;58;1;1.162;
5673;-2.854968796;37.65813747;0.1;False;ok;7;1;1.147;
5674;-2.754968796;37.65813747;0.1;False;ok;6;1;1.136;
5675;-2.654968796;37.65813747;0.1;False;ok;4;1;1.092;
5676;-2.554968796;37.65813747;0.1;False;ok;23;1;1.132;
5677;-2.454968796;37.65813747;0.1;False;ok;4;1;1.001;
5678;-6.754968796;37.75813747;0.1;False;ok;3;1;0.834;
5679;-6.554968796;37.75813747;0.1;False;ok;2;1;0.775;
5680;-6.454968796;37.75813747;0.1;False;ok;15;1;0.919;
5681;-6.354968796;37.75813747;0.1;False;ok;10;1;0.897;
5682;-5.854968796;37.75813747;0.1;False;ok;8;1;0.911;
5683;-5.754968796;37.75813747;0.1;False;ok;1;1;0.960;
5684;-5.454968796;37.75813747;0.1;False;ok;30;1;1.032;
5685;-5.354968796;37.75813747;0.1;False;ok;7;1;0.817;
5686;-5.254968796;37.75813747;0.1;False;ok;26;1;0.927;
5687;-5.154968796;37.75813747;0.1;False;ok;14;1;0.960;
5688;-5.054968796;37.75813747;0.1;False;ok;42;1;0.969;
5689;-4.954968796;37.75813747;0.1;False;ok;12;1;0.964;
5690;-4.854968796;37.75813747;0.1;False;ok;1;1;1.096;
5691;-4.254968796;37.75813747;0.1;False;ok;1;1;1.052;
5692;-3.954968796;37.75813747;0.1;False;ok;7;1;1.088;
5693;-3.854968796;37.75813747;0.1;False;ok;74;1;1.364;
5694;-3.754968796;37.75813747;0.1;False;ok;6;1;1.237;
5695;-3.654968796;37.75813747;0.1;False;ok;10;1;1.414;
5696;-3.554968796;37.75813747;0.1;False;ok;25;1;1.386;
5697;-3.454968796;37.75813747;0.1;False;ok;17;1;1.269;
5698;-3.154968796;37.75813747;0.1;False;ok;24;1;1.323;
5699;-3.054968796;37.75813747;0.1;False;ok;6;1;1.165;
5700;-2.954968796;37.75813747;0.1;False;ok;6;1;1.255;
5701;-2.854968796;37.75813747;0.1;False;ok;56;1;1.354;
5702;-2.754968796;37.75813747;0.1;False;ok;7;1;1.307;
5703;-2.654968796;37.75813747;0.1;False;ok;1;1;1.287;
5704;-2.554968796;37.75813747;0.1;False;ok;17;1;1.234;
5705;-7.054968796;37.85813747;0.1;False;ok;5;1;1.241;
5706;-6.854968796;37.85813747;0.1;False;ok;27;1;1.339;
5707;-6.754968796;37.85813747;0.1;False;ok;74;1;1.304;
5708;-6.654968796;37.85813747;0.1;False;ok;74;1;1.258;
5709;-6.554968796;37.85813747;0.1;False;ok;45;1;1.424;
5710;-6.454968796;37.85813747;0.1;False;ok;2;1;1.045;
5711;-6.354968796;37.85813747;0.1;False;ok;1;1;0.947;
5712;-6.254968796;37.85813747;0.1;False;ok;16;1;1.062;
5713;-6.154968796;37.85813747;0.1;False;ok;12;1;1.033;
5714;-5.954968796;37.85813747;0.1;False;ok;1;1;0.862;
5715;-5.854968796;37.85813747;0.1;False;ok;52;1;1.127;
5716;-5.754968796;37.85813747;0.1;False;ok;17;1;1.092;
5717;-5.654968796;37.85813747;0.1;False;ok;40;1;1.197;
5718;-5.554968796;37.85813747;0.1;False;ok;4;1;0.975;
5719;-5.054968796;37.85813747;0.1;False;ok;4;1;1.001;
5720;-4.954968796;37.85813747;0.1;False;ok;10;1;1.123;
5721;-4.854968796;37.85813747;0.05;False;ok;3;1;1.237;
5722;-4.804968796;37.85813747;0.0125;False;ok;0;1;1.654;
5723;-4.792468796;37.85813747;0.0125;False;ok;16;1;1.182;
5724;-4.804968796;37.87063747;0.0125;False;ok;6;1;1.034;
5725;-4.792468796;37.87063747;0.00625;False;ok;2;1;0.962;
5726;-4.786218796;37.87063747;0.00625;False;ok;48;1;1.186;
5727;-4.792468796;37.87688747;0.00625;False;ok;75;1;1.239;
5728;-4.786218796;37.87688747;0.003125;False;ok;43;1;1.301;
5729;-4.783093796;37.87688747;0.003125;False;ok;53;1;1.383;
5730;-4.786218796;37.88001247;0.003125;False;ok;20;1;1.219;
5731;-4.783093796;37.88001247;0.003125;False;ok;75;1;1.415;
5732;-4.779968796;37.85813747;0.0125;False;ok;21;1;1.313;
5733;-4.779968796;37.87063747;0.00625;False;ok;74;1;1.304;
5734;-4.773718796;37.87063747;0.00625;False;ok;15;1;1.150;
5735;-4.779968796;37.87688747;0.00625;False;ok;75;1;1.285;
5736;-4.773718796;37.87688747;0.00625;False;ok;75;1;1.199;
5737;-4.767468796;37.87063747;0.0125;False;ok;28;1;1.190;
5738;-4.804968796;37.88313747;0.025;False;ok;75;1;1.554;
5739;-4.779968796;37.88313747;0.00625;False;ok;75;1;1.476;
5740;-4.773718796;37.88313747;0.00625;False;ok;75;1;1.439;
5741;-4.779968796;37.88938747;0.00625;False;ok;36;1;1.091;
5742;-4.773718796;37.88938747;0.00625;False;ok;35;1;1.039;
5743;-4.767468796;37.88313747;0.0125;False;ok;36;1;1.290;
5744;-4.767468796;37.89563747;0.0125;False;ok;3;1;0.899;
5745;-4.854968796;37.90813747;0.05;False;ok;10;1;0.938;
5746;-4.804968796;37.90813747;0.05;False;ok;24;1;0.982;
5747;-4.754968796;37.85813747;0.1;False;ok;20;1;0.955;
5748;-4.654968796;37.85813747;0.1;False;ok;4;1;0.883;
5749;-4.554968796;37.85813747;0.1;False;ok;4;1;0.911;
5750;-4.454968796;37.85813747;0.1;False;ok;2;1;1.127;
5751;-4.354968796;37.85813747;0.1;False;ok;1;1;1.033;
5752;-4.254968796;37.85813747;0.1;False;ok;3;1;1.269;
5753;-4.154968796;37.85813747;0.1;False;ok;5;1;1.357;
5754;-4.054968796;37.85813747;0.1;False;ok;3;1;1.311;
5755;-3.854968796;37.85813747;0.1;False;ok;1;1;1.270;
5756;-3.654968796;37.85813747;0.1;False;ok;0;1;1.964;
5757;-3.154968796;37.85813747;0.1;False;ok;8;1;1.290;
5758;-3.004968796;37.85813747;0.05;False;ok;26;1;1.471;
5759;-3.054968796;37.90813747;0.05;False;ok;47;1;1.993;
5760;-3.004968796;37.90813747;0.0125;False;ok;73;1;1.748;
5761;-2.992468796;37.90813747;0.0125;False;ok;3;1;1.255;
5762;-3.004968796;37.92063747;0.0125;False;ok;7;1;1.461;
5763;-2.992468796;37.92063747;0.0125;False;ok;25;1;1.718;
5764;-2.979968796;37.90813747;0.025;False;ok;5;1;1.556;
5765;-3.004968796;37.93313747;0.025;False;ok;4;1;1.515;
5766;-2.979968796;37.93313747;0.025;False;ok;28;1;1.613;
5767;-2.954968796;37.85813747;0.1;False;ok;74;1;1.751;
5768;-2.754968796;37.85813747;0.1;False;ok;4;1;1.478;
5769;-2.454968796;37.85813747;0.1;False;ok;10;1;1.733;
5770;-7.254968796;37.95813747;0.1;True;ok;3;1;1.502;
5771;-6.954968796;37.95813747;0.1;False;ok;0;1;2.194;
5772;-6.854968796;37.95813747;0.1;False;ok;4;1;1.294;
5773;-6.754968796;37.95813747;0.1;False;ok;4;1;1.243;
5774;-6.654968796;37.95813747;0.1;False;ok;4;1;1.314;
5775;-6.454968796;37.95813747;0.1;False;ok;3;1;1.133;
5776;-6.354968796;37.95813747;0.1;False;ok;5;1;1.228;
5777;-6.254968796;37.95813747;0.1;False;ok;1;1;0.998;
5778;-5.954968796;37.95813747;0.1;False;ok;1;1;0.977;
5779;-5.854968796;37.95813747;0.1;False;ok;1;1;1.094;
5780;-5.754968796;37.95813747;0.1;False;ok;6;1;1.202;
5781;-5.654968796;37.95813747;0.1;False;ok;7;1;1.160;
5782;-5.054968796;37.95813747;0.1;False;ok;5;1;1.108;
5783;-4.954968796;37.95813747;0.1;False;ok;3;1;1.072;
5784;-4.854968796;37.95813747;0.1;False;ok;32;1;1.252;
5785;-4.754968796;37.95813747;0.1;False;ok;0;1;1.824;
5786;-4.554968796;37.95813747;0.1;False;ok;10;1;1.049;
5787;-4.354968796;37.95813747;0.1;False;ok;3;1;1.017;
5788;-4.254968796;37.95813747;0.1;False;ok;11;1;1.170;
5789;-4.154968796;37.95813747;0.1;False;ok;24;1;1.273;
5790;-4.054968796;37.95813747;0.1;False;ok;17;1;1.239;
5791;-3.854968796;37.95813747;0.1;False;ok;1;1;1.139;
5792;-3.554968796;37.95813747;0.1;False;ok;75;1;1.427;
5793;-3.454968796;37.95813747;0.1;False;ok;73;1;1.457;
5794;-3.354968796;37.95813747;0.1;False;ok;5;1;1.106;
5795;-3.154968796;37.95813747;0.1;False;ok;6;1;1.152;
5796;-2.954968796;37.95813747;0.1;False;ok;17;1;1.103;
5797;-2.854968796;37.95813747;0.1;False;ok;10;1;1.034;
5798;-2.654968796;37.95813747;0.1;False;ok;3;1;0.809;
5799;-2.554968796;37.95813747;0.1;False;ok;4;1;0.791;
5800;-6.954968796;38.05813747;0.1;False;ok;8;1;1.013;
5801;-6.754968796;38.05813747;0.1;False;ok;5;1;0.891;
5802;-6.654968796;38.05813747;0.1;False;ok;6;1;0.952;
5803;-6.554968796;38.05813747;0.1;False;ok;24;1;1.009;
5804;-6.454968796;38.05813747;0.1;False;ok;6;1;1.067;
5805;-6.354968796;38.05813747;0.1;False;ok;20;1;1.067;
5806;-6.254968796;38.05813747;0.1;False;ok;2;1;1.008;
5807;-5.854968796;38.05813747;0.1;False;ok;17;1;1.102;
5808;-5.054968796;38.05813747;0.1;False;ok;1;1;1.015;
5809;-4.954968796;38.05813747;0.1;False;ok;7;1;0.891;
5810;-4.454968796;38.05813747;0.1;False;ok;0;1;1.705;
5811;-4.354968796;38.05813747;0.1;False;ok;0;1;1.728;
5812;-4.054968796;38.05813747;0.1;False;ok;12;1;1.165;
5813;-3.954968796;38.05813747;0.1;False;ok;1;1;1.001;
5814;-3.854968796;38.05813747;0.1;False;ok;6;1;1.169;
5815;-3.754968796;38.05813747;0.1;False;ok;1;1;1.127;
5816;-3.654968796;38.05813747;0.1;False;ok;37;1;1.247;
5817;-3.554968796;38.05813747;0.1;False;ok;4;1;1.138;
5818;-3.354968796;38.05813747;0.1;False;ok;9;1;1.220;
5819;-3.254968796;38.05813747;0.1;False;ok;1;1;1.142;
5820;-3.154968796;38.05813747;0.1;False;ok;4;1;1.144;
5821;-3.054968796;38.05813747;0.1;False;ok;20;1;1.145;
5822;-2.854968796;38.05813747;0.1;False;ok;3;1;1.241;
5823;-2.754968796;38.05813747;0.1;False;ok;21;1;1.245;
5824;-2.654968796;38.05813747;0.1;False;ok;7;1;1.208;
5825;-2.454968796;38.05813747;0.1;False;ok;1;1;1.123;
5826;-2.354968796;38.05813747;0.1;False;ok;7;1;1.277;
5827;-7.154968796;38.15813747;0.1;False;ok;1;1;1.084;
5828;-6.754968796;38.15813747;0.1;False;ok;6;1;1.014;
5829;-6.354968796;38.15813747;0.1;False;ok;1;1;1.107;
5830;-6.054968796;38.15813747;0.1;False;ok;5;1;1.027;
5831;-5.954968796;38.15813747;0.1;False;ok;1;1;0.941;
5832;-5.454968796;38.15813747;0.1;False;ok;3;1;0.971;
5833;-5.354968796;38.15813747;0.1;False;ok;7;1;0.944;
5834;-5.154968796;38.15813747;0.1;False;ok;3;1;0.841;
5835;-4.354968796;38.15813747;0.1;False;ok;1;1;1.044;
5836;-4.054968796;38.15813747;0.1;False;ok;3;1;1.138;
5837;-3.854968796;38.15813747;0.1;False;ok;19;1;1.039;
5838;-3.754968796;38.15813747;0.1;False;ok;4;1;1.138;
5839;-3.654968796;38.15813747;0.1;False;ok;1;1;1.145;
5840;-3.554968796;38.15813747;0.1;False;ok;5;1;1.115;
5841;-3.454968796;38.15813747;0.1;False;ok;2;1;1.362;
5842;-3.254968796;38.15813747;0.1;False;ok;3;1;1.444;
5843;-3.054968796;38.15813747;0.1;False;ok;8;1;1.345;
5844;-2.954968796;38.15813747;0.1;False;ok;11;1;1.438;
5845;-2.854968796;38.15813747;0.1;False;ok;4;1;1.339;
5846;-2.754968796;38.15813747;0.1;False;ok;34;1;1.529;
5847;-2.654968796;38.15813747;0.1;False;ok;6;1;1.427;
5848;-2.554968796;38.15813747;0.1;False;ok;3;1;1.327;
5849;-2.454968796;38.15813747;0.1;False;ok;4;1;1.466;
5850;-2.354968796;38.15813747;0.1;False;ok;2;1;1.602;
5851;0.08550972;35.95813747;0.1;True;ok;0;1;1.556;
5852;-2.21449028;36.65813747;0.1;False;ok;20;1;1.641;
5853;-2.11449028;36.65813747;0.1;False;ok;39;1;1.572;
5854;-2.31449028;36.75813747;0.1;False;ok;75;1;1.770;
5855;-2.21449028;36.75813747;0.1;False;ok;24;1;1.484;
5856;-2.11449028;36.75813747;0.00625;False;ok;74;1;2.061;
5857;-2.10824028;36.75813747;0.00625;False;ok;39;1;1.919;
5858;-2.11449028;36.76438747;0.00625;False;ok;70;1;1.882;
5859;-2.10824028;36.76438747;0.00625;False;ok;55;1;1.494;
5860;-2.11449028;36.77063747;0.0125;False;ok;2;1;1.135;
5861;-2.11449028;36.78313747;0.025;False;ok;49;1;1.389;
5862;-2.08949028;36.78313747;0.025;False;ok;6;1;1.418;
5863;-2.06449028;36.75813747;0.05;False;ok;5;1;1.385;
5864;-2.11449028;36.80813747;0.05;False;ok;10;1;1.408;
5865;-2.06449028;36.80813747;0.05;False;ok;71;1;1.429;
5866;-2.31449028;36.85813747;0.1;False;ok;3;1;1.321;
5867;-2.21449028;36.85813747;0.1;False;ok;7;1;1.333;
5868;-2.11449028;36.85813747;0.1;False;ok;39;1;1.468;
5869;-2.01449028;36.85813747;0.1;False;ok;75;1;1.468;
5870;-2.31449028;36.95813747;0.1;False;ok;2;1;1.376;
5871;-2.21449028;36.95813747;0.1;False;ok;68;1;1.635;
5872;-2.11449028;36.95813747;0.1;False;ok;6;1;1.360;
5873;-2.01449028;36.95813747;0.1;False;ok;5;1;1.336;
5874;-1.91449028;36.95813747;0.1;False;ok;75;1;1.514;
5875;-2.31449028;37.05813747;0.1;False;ok;2;1;1.101;
5876;-2.21449028;37.05813747;0.1;False;ok;4;1;1.211;
5877;-2.11449028;37.05813747;0.1;False;ok;11;1;1.078;
5878;-2.01449028;37.05813747;0.1;False;ok;18;1;1.618;
5879;-1.91449028;37.05813747;0.05;False;ok;1;1;1.586;
5880;-1.86449028;37.05813747;0.05;False;ok;72;1;1.896;
5881;-1.91449028;37.10813747;0.05;False;ok;10;1;1.659;
5882;-1.86449028;37.10813747;0.025;False;ok;70;1;1.928;
5883;-1.83949028;37.10813747;0.025;False;ok;45;1;1.900;
5884;-1.86449028;37.13313747;0.025;False;ok;59;1;1.893;
5885;-1.83949028;37.13313747;0.025;False;ok;72;1;1.934;
5886;-2.31449028;37.15813747;0.1;False;ok;1;1;1.464;
5887;-2.21449028;37.15813747;0.1;False;ok;1;1;1.512;
5888;-2.11449028;37.15813747;0.1;False;ok;9;1;1.643;
5889;-2.01449028;37.15813747;0.1;False;ok;23;1;1.585;
5890;-1.91449028;37.15813747;0.05;False;ok;52;1;1.727;
5891;-1.83949028;37.15813747;0.025;False;ok;73;1;1.771;
5892;-1.83949028;37.18313747;0.025;False;ok;73;1;1.954;
5893;-1.91449028;37.20813747;0.05;False;ok;4;1;1.444;
5894;-1.86449028;37.20813747;0.025;False;ok;0;1;2.241;
5895;-1.83949028;37.20813747;0.025;False;ok;75;1;1.573;
5896;-1.86449028;37.23313747;0.025;False;ok;6;1;1.305;
5897;-1.83949028;37.23313747;0.025;False;ok;13;1;1.311;
5898;-1.81449028;37.15813747;0.05;False;ok;18;1;1.088;
5899;-1.81449028;37.20813747;0.0125;False;ok;73;1;1.306;
5900;-1.81449028;37.22063747;0.00625;False;ok;19;1;1.028;
5901;-1.80824028;37.22063747;0.00625;False;ok;72;1;1.162;
5902;-1.81449028;37.22688747;0.00625;False;ok;5;1;0.962;
5903;-1.80824028;37.22688747;0.00625;False;ok;58;1;0.982;
5904;-1.80199028;37.22063747;0.0125;False;ok;74;1;1.288;
5905;-1.81449028;37.23313747;0.025;False;ok;24;1;1.084;
5906;-1.78949028;37.23313747;0.025;False;ok;21;1;1.148;
5907;-2.31449028;37.25813747;0.1;False;ok;8;1;1.100;
5908;-2.21449028;37.25813747;0.1;False;ok;5;1;1.037;
5909;-2.11449028;37.25813747;0.1;False;ok;23;1;1.198;
5910;-2.01449028;37.25813747;0.1;False;ok;7;1;1.056;
5911;-1.91449028;37.25813747;0.1;False;ok;14;1;1.149;
5912;-1.81449028;37.25813747;0.1;False;ok;8;1;1.162;
5913;-1.71449028;37.30813747;0.025;False;ok;17;1;0.985;
5914;-1.71449028;37.33313747;0.025;False;ok;57;1;1.043;
5915;-1.68949028;37.33313747;0.025;False;ok;75;1;1.118;
5916;-1.66449028;37.30813747;0.05;False;ok;4;1;0.825;
5917;-2.31449028;37.35813747;0.1;False;ok;4;1;0.789;
5918;-2.21449028;37.35813747;0.1;False;ok;15;1;0.944;
5919;-2.11449028;37.35813747;0.1;False;ok;10;1;0.918;
5920;-2.01449028;37.35813747;0.1;False;ok;5;1;0.835;
5921;-1.91449028;37.35813747;0.1;False;ok;6;1;0.951;
5922;-1.81449028;37.35813747;0.1;False;ok;5;1;0.896;
5923;-1.71449028;37.35813747;0.1;False;ok;69;1;1.075;
5924;-1.61449028;37.35813747;0.1;False;ok;74;1;1.562;
5925;-1.51449028;37.35813747;0.1;False;ok;28;1;1.290;
5926;-2.31449028;37.45813747;0.1;False;ok;10;1;1.227;
5927;-2.11449028;37.45813747;0.1;False;ok;9;1;1.241;
5928;-2.01449028;37.45813747;0.1;False;ok;6;1;1.356;
5929;-1.81449028;37.45813747;0.1;False;ok;3;1;1.412;
5930;-1.71449028;37.45813747;0.1;False;ok;7;1;1.364;
5931;-1.51449028;37.45813747;0.1;False;ok;3;1;1.418;
5932;-1.41449028;37.45813747;0.1;False;ok;3;1;1.290;
5933;-1.21449028;37.45813747;0.1;False;ok;7;1;1.630;
5934;-2.31449028;37.55813747;0.1;False;ok;1;1;1.726;
5935;-2.11449028;37.55813747;0.1;False;ok;22;1;1.637;
5936;-2.01449028;37.55813747;0.1;False;ok;1;1;1.525;
5937;-1.91449028;37.55813747;0.1;False;ok;0;1;2.209;
5938;-1.81449028;37.55813747;0.1;False;ok;9;1;1.770;
5939;-1.51449028;37.55813747;0.1;False;ok;1;1;1.746;
5940;-1.41449028;37.55813747;0.1;False;ok;42;1;1.728;
5941;-1.31449028;37.55813747;0.05;False;ok;69;1;2.016;
5942;-1.26449028;37.55813747;0.05;False;ok;68;1;1.963;
5943;-1.26449028;37.60813747;0.05;False;ok;1;1;1.386;
5944;-1.21449028;37.55813747;0.1;False;ok;47;1;1.419;
5945;-1.11449028;37.55813747;0.1;False;ok;11;1;1.514;
5946;-1.01449028;37.55813747;0.1;False;ok;74;1;1.710;
5947;-0.91449028;37.55813747;0.1;False;ok;15;1;1.190;
5948;-0.81449028;37.58313747;0.0125;False;ok;19;1;1.288;
5949;-0.80199028;37.58313747;0.0125;False;ok;16;1;1.361;
5950;-0.81449028;37.59563747;0.0125;False;ok;47;1;1.353;
5951;-0.80199028;37.59563747;0.0125;False;ok;6;1;1.226;
5952;-0.81449028;37.60813747;0.025;False;ok;17;1;1.261;
5953;-0.78949028;37.60813747;0.025;False;ok;9;1;1.219;
5954;-0.81449028;37.63313747;0.025;False;ok;7;1;0.991;
5955;-0.78949028;37.63313747;0.025;False;ok;72;1;1.277;
5956;-0.76449028;37.60813747;0.05;False;ok;74;1;1.339;
5957;-0.71449028;37.55813747;0.1;False;ok;61;1;1.268;
5958;-2.21449028;37.65813747;0.1;False;ok;6;1;1.086;
5959;-2.11449028;37.65813747;0.1;False;ok;27;1;1.104;
5960;-2.01449028;37.65813747;0.1;False;ok;1;1;1.005;
5961;-1.91449028;37.65813747;0.1;False;ok;4;1;1.087;
5962;-1.71449028;37.65813747;0.1;False;ok;21;1;1.107;
5963;-1.61449028;37.65813747;0.1;False;ok;2;1;1.145;
5964;-1.51449028;37.65813747;0.1;False;ok;0;1;2.074;
5965;-1.41449028;37.65813747;0.1;False;ok;74;1;1.628;
5966;-1.31449028;37.65813747;0.1;False;ok;2;1;1.398;
5967;-1.21449028;37.65813747;0.1;False;ok;11;1;1.472;
5968;-1.11449028;37.65813747;0.1;False;ok;7;1;1.504;
5969;-1.01449028;37.65813747;0.1;False;ok;72;1;1.816;
5970;-0.86449028;37.65813747;0.05;False;ok;30;1;1.692;
5971;-0.91449028;37.70813747;0.05;False;ok;71;1;1.933;
5972;-0.86449028;37.70813747;0.05;False;ok;75;1;1.924;
5973;-0.76449028;37.65813747;0.05;False;ok;74;1;1.890;
5974;-0.76449028;37.70813747;0.025;False;ok;36;1;1.683;
5975;-0.73949028;37.70813747;0.025;False;ok;1;1;1.439;
5976;-0.76449028;37.73313747;0.025;False;ok;56;1;1.712;
5977;-0.73949028;37.73313747;0.025;False;ok;68;1;1.625;
5978;-2.21449028;37.75813747;0.1;False;ok;0;1;2.194;
5979;-1.81449028;37.75813747;0.1;False;ok;0;1;2.165;
5980;-1.71449028;37.75813747;0.1;False;ok;2;1;1.346;
5981;-1.61449028;37.75813747;0.1;False;ok;7;1;1.313;
5982;-1.51449028;37.75813747;0.1;False;ok;10;1;1.248;
5983;-1.41449028;37.75813747;0.1;False;ok;1;1;1.070;
5984;-1.31449028;37.75813747;0.1;False;ok;1;1;0.809;
5985;-1.21449028;37.75813747;0.1;False;ok;64;1;1.097;
5986;-1.01449028;37.75813747;0.05;False;ok;55;1;1.029;
5987;-0.96449028;37.75813747;0.05;False;ok;1;1;0.765;
5988;-1.01449028;37.80813747;0.0125;False;ok;72;1;0.799;
5989;-1.01449028;37.82063747;0.0125;False;ok;74;1;0.997;
5990;-1.00199028;37.82063747;0.0125;False;ok;44;1;1.145;
5991;-1.01449028;37.83313747;0.025;False;ok;3;1;1.068;
5992;-0.96449028;37.80813747;0.05;False;ok;3;1;1.063;
5993;-0.91449028;37.75813747;0.1;False;ok;75;1;1.333;
5994;-0.81449028;37.75813747;0.05;False;ok;64;1;1.422;
5995;-0.75199028;37.75813747;0.0125;False;ok;64;1;1.421;
5996;-0.76449028;37.77063747;0.0125;False;ok;9;1;1.280;
5997;-0.75199028;37.77063747;0.0125;False;ok;74;1;1.408;
5998;-0.81449028;37.80813747;0.025;False;ok;70;1;1.551;
5999;-0.78949028;37.80813747;0.025;False;ok;74;1;1.512;
6000;-0.81449028;37.83313747;0.025;False;ok;6;1;1.292;
6001;-0.78949028;37.83313747;0.025;False;ok;71;1;1.388;
6002;-0.76449028;37.80813747;0.05;False;ok;6;1;1.345;
6003;-1.51449028;37.85813747;0.1;False;ok;3;1;1.330;
6004;-1.31449028;37.85813747;0.1;False;ok;2;1;1.092;
6005;-1.21449028;37.85813747;0.1;False;ok;16;1;1.160;
6006;-1.11449028;37.85813747;0.1;False;ok;71;1;1.345;
6007;-1.01449028;37.85813747;0.1;False;ok;75;1;1.281;
6008;-0.91449028;37.85813747;0.1;False;ok;39;1;1.193;
6009;-0.81449028;37.85813747;0.05;False;ok;70;1;1.191;
6010;-0.76449028;37.85813747;0.025;False;ok;69;1;1.049;
6011;-0.76449028;37.88313747;0.025;False;ok;71;1;1.242;
6012;-0.81449028;37.90813747;0.025;False;ok;23;1;0.973;
6013;-0.78949028;37.90813747;0.025;False;ok;46;1;1.141;
6014;-0.81449028;37.93313747;0.025;False;ok;12;1;0.978;
6015;-0.78949028;37.93313747;0.025;False;ok;74;1;1.247;
6016;-0.76449028;37.90813747;0.0125;False;ok;10;1;1.000;
6017;-0.75199028;37.90813747;0.0125;False;ok;73;1;1.331;
6018;-0.76449028;37.92063747;0.0125;False;ok;46;1;1.201;
6019;-0.75199028;37.92063747;0.0125;False;ok;45;1;1.185;
6020;-0.73949028;37.90813747;0.0125;False;ok;73;1;1.588;
6021;-0.72699028;37.90813747;0.0125;False;ok;7;1;1.313;
6022;-0.73949028;37.92063747;0.0125;False;ok;74;1;1.546;
6023;-0.72699028;37.92063747;0.0125;False;ok;72;1;1.468;
6024;-0.76449028;37.93313747;0.0125;False;ok;39;1;1.382;
6025;-0.75199028;37.93313747;0.0125;False;ok;69;1;1.455;
6026;-0.76449028;37.94563747;0.0125;False;ok;12;1;1.451;
6027;-0.75199028;37.94563747;0.0125;False;ok;64;1;1.537;
6028;-0.73949028;37.93313747;0.0125;False;ok;68;1;1.512;
6029;-0.72699028;37.93313747;0.0125;False;ok;67;1;1.431;
6030;-0.73949028;37.94563747;0.0125;False;ok;47;1;1.485;
6031;-0.72699028;37.94563747;0.00625;False;ok;38;1;1.441;
6032;-0.72074028;37.94563747;0.00625;False;ok;44;1;1.408;
6033;-0.72699028;37.95188747;0.00625;False;ok;35;1;1.306;
6034;-0.72074028;37.95188747;0.00625;False;ok;18;1;1.249;
6035;-0.71449028;37.93313747;0.0125;False;ok;75;1;1.433;
6036;-0.71449028;37.94563747;0.0125;False;ok;74;1;1.214;
6037;-2.01449028;37.95813747;0.1;False;ok;10;1;1.020;
6038;-1.91449028;37.95813747;0.1;False;ok;4;1;0.986;
6039;-1.81449028;37.95813747;0.1;False;ok;0;1;1.721;
6040;-1.71449028;37.95813747;0.1;False;ok;17;1;0.917;
6041;-1.61449028;37.95813747;0.1;False;ok;3;1;0.925;
6042;-1.51449028;37.95813747;0.1;False;ok;11;1;0.898;
6043;-1.41449028;37.95813747;0.1;False;ok;3;1;0.962;
6044;-1.31449028;37.95813747;0.1;False;ok;18;1;0.982;
6045;-1.21449028;37.95813747;0.1;False;ok;75;1;1.207;
6046;-1.11449028;37.95813747;0.1;False;ok;30;1;0.927;
6047;-1.01449028;37.95813747;0.1;False;ok;4;1;0.969;
6048;-0.91449028;37.95813747;0.1;False;ok;52;1;1.135;
6049;-0.81449028;37.95813747;0.1;False;ok;72;1;1.217;
6050;-0.71449028;37.95813747;0.0125;False;ok;70;1;1.901;
6051;-0.70199028;37.95813747;0.0125;False;ok;42;1;1.367;
6052;-0.70199028;37.97063747;0.0125;False;ok;75;1;1.979;
6053;-0.68949028;37.97063747;0.00625;False;ok;24;1;1.575;
6054;-0.68324028;37.97063747;0.00625;False;ok;34;1;1.640;
6055;-0.68949028;37.97688747;0.00625;False;ok;74;1;2.207;
6056;-0.68324028;37.97688747;0.00625;False;ok;71;1;2.071;
6057;-0.67699028;37.97063747;0.00625;False;ok;69;1;2.157;
6058;-0.67074028;37.97063747;0.00625;False;ok;19;1;1.906;
6059;-0.67699028;37.97688747;0.003125;False;ok;54;1;2.675;
6060;-0.67386528;37.97688747;0.003125;False;ok;72;1;2.738;
6061;-0.67699028;37.98001247;0.003125;False;ok;54;1;2.145;
6062;-0.67386528;37.98001247;0.003125;False;ok;73;1;2.630;
6063;-0.67074028;37.97688747;0.003125;False;ok;72;1;2.699;
6064;-0.66761528;37.97688747;0.003125;False;ok;71;1;2.595;
6065;-0.67074028;37.98001247;0.003125;False;ok;69;1;2.406;
6066;-0.66761528;37.98001247;0.003125;False;ok;71;1;2.499;
6067;-0.71449028;37.98313747;0.025;False;ok;61;1;2.309;
6068;-0.68949028;37.98313747;0.0125;False;ok;55;1;2.226;
6069;-0.67699028;37.98313747;0.0125;False;ok;75;1;3.229;
6070;-0.68949028;37.99563747;0.0125;False;ok;30;1;2.418;
6071;-0.67699028;37.99563747;0.0125;False;ok;63;1;2.237;
6072;-0.66449028;37.95813747;0.025;False;ok;75;1;2.287;
6073;-0.66449028;37.98313747;0.00625;False;ok;73;1;2.318;
6074;-0.65824028;37.98313747;0.00625;False;ok;28;1;2.024;
6075;-0.66449028;37.98938747;0.00625;False;ok;41;1;1.931;
6076;-0.65824028;37.98938747;0.00625;False;ok;12;1;1.698;
6077;-0.66449028;37.99563747;0.00625;False;ok;32;1;1.901;
6078;-0.65824028;37.99563747;0.00625;False;ok;23;1;1.743;
6079;-0.66449028;38.00188747;0.00625;False;ok;52;1;1.758;
6080;-0.65824028;38.00188747;0.00625;False;ok;73;1;1.441;
6081;-0.65199028;37.99563747;0.0125;False;ok;73;1;1.763;
6082;-0.71449028;38.00813747;0.05;False;ok;71;1;1.676;
6083;-0.66449028;38.00813747;0.00625;False;ok;69;1;1.469;
6084;-0.65824028;38.00813747;0.00625;False;ok;37;1;1.440;
6085;-0.66449028;38.01438747;0.00625;False;ok;23;1;1.336;
6086;-0.65824028;38.01438747;0.00625;False;ok;75;1;1.619;
6087;-0.65824028;38.02063747;0.00625;False;ok;72;1;1.486;
6088;-0.65824028;38.02688747;0.00625;False;ok;74;1;1.699;
6089;-0.65199028;38.02063747;0.0125;False;ok;1;1;0.948;
6090;-0.66449028;38.03313747;0.025;False;ok;18;1;0.965;
6091;-2.31449028;38.05813747;0.1;False;ok;5;1;0.991;
6092;-2.21449028;38.05813747;0.1;False;ok;3;1;0.897;
6093;-2.11449028;38.05813747;0.1;False;ok;8;1;0.931;
6094;-2.01449028;38.05813747;0.1;False;ok;10;1;1.002;
6095;-1.91449028;38.05813747;0.1;False;ok;53;1;1.105;
6096;-1.81449028;38.05813747;0.1;False;ok;32;1;1.170;
6097;-1.61449028;38.05813747;0.1;False;ok;0;1;1.673;
6098;-1.41449028;38.05813747;0.1;False;ok;5;1;1.090;
6099;-1.31449028;38.05813747;0.1;False;ok;37;1;1.263;
6100;-1.21449028;38.05813747;0.1;False;ok;5;1;1.086;
6101;-1.11449028;38.05813747;0.1;False;ok;11;1;0.950;
6102;-1.01449028;38.05813747;0.1;False;ok;17;1;1.102;
6103;-0.91449028;38.05813747;0.1;False;ok;16;1;1.131;
6104;-0.81449028;38.05813747;0.1;False;ok;68;1;1.466;
6105;-0.71449028;38.05813747;0.05;False;ok;71;1;1.817;
6106;-0.66449028;38.05813747;0.05;False;ok;71;1;1.684;
6107;-0.71449028;38.10813747;0.05;False;ok;55;1;1.456;
6108;-0.66449028;38.10813747;0.05;False;ok;29;1;1.400;
6109;-2.31449028;38.15813747;0.1;False;ok;1;1;1.232;
6110;-2.21449028;38.15813747;0.1;False;ok;5;1;1.383;
6111;-2.01449028;38.15813747;0.1;False;ok;4;1;1.650;
6112;-1.91449028;38.15813747;0.1;False;ok;52;1;1.732;
6113;-1.81449028;38.15813747;0.1;False;ok;11;1;1.504;
6114;-1.61449028;38.15813747;0.1;False;ok;0;1;2.175;
6115;-1.51449028;38.15813747;0.1;False;ok;9;1;1.313;
6116;-1.41449028;38.15813747;0.1;False;ok;20;1;1.325;
6117;-1.21449028;38.15813747;0.1;False;ok;11;1;1.170;
6118;-1.11449028;38.15813747;0.1;False;ok;10;1;1.947;
6119;-1.01449028;38.15813747;0.1;False;ok;3;1;1.420;
6120;-0.91449028;38.15813747;0.1;False;ok;2;1;1.223;
6121;-0.81449028;38.15813747;0.1;False;ok;25;1;1.274;
6122;-0.71449028;38.15813747;0.1;False;ok;13;1;1.526;
6123;-0.61449028;38.15813747;0.05;False;ok;74;1;1.530;
6124;-0.56449028;38.18313747;0.0125;False;ok;73;1;1.518;
6125;-0.55199028;38.18313747;0.0125;False;ok;71;1;1.373;
6126;-0.56449028;38.19563747;0.0125;False;ok;21;1;1.260;
6127;-0.53949028;38.18313747;0.025;False;ok;62;1;1.354;
6128;-0.61449028;38.20813747;0.05;False;ok;5;1;1.177;
6129;-0.56449028;38.20813747;0.025;False;ok;10;1;1.536;
6130;-0.53949028;38.20813747;0.025;False;ok;75;1;2.274;
6131;-0.56449028;38.23313747;0.025;False;ok;55;1;1.845;
6132;-0.53949028;38.23313747;0.0125;False;ok;54;1;1.695;
6133;-0.52699028;38.23313747;0.0125;False;ok;74;1;2.216;
6134;-0.52699028;38.24563747;0.0125;False;ok;74;1;2.186;
6135;-0.51449028;38.15813747;0.1;False;ok;25;1;1.641;
6136;1.307224089;38.62466885;0.1;False;ok;34;1;1.749;
6137;1.407224089;38.62466885;0.05;False;ok;3;1;1.696;
6138;1.457224089;38.62466885;0.05;False;ok;2;1;1.522;
6139;1.407224089;38.67466885;0.025;False;ok;25;1;1.573;
6140;1.432224089;38.67466885;0.025;False;ok;27;1;1.501;
6141;1.407224089;38.69966885;0.025;False;ok;32;1;1.591;
6142;1.432224089;38.69966885;0.025;False;ok;75;1;1.693;
6143;1.457224089;38.67466885;0.05;False;ok;75;1;1.773;
6144;1.507224089;38.62466885;0.1;False;ok;56;1;1.528;
6145;1.307224089;38.72466885;0.1;False;ok;1;1;1.467;
6146;1.407224089;38.72466885;0.1;False;ok;44;1;1.615;
6147;1.207224089;38.82466885;0.05;False;ok;0;1;2.279;
6148;1.257224089;38.82466885;0.05;False;ok;2;1;1.501;
6149;1.207224089;38.87466885;0.05;False;ok;51;1;1.530;
6150;1.257224089;38.87466885;0.05;False;ok;30;1;1.597;
6151;1.307224089;38.82466885;0.05;False;ok;9;1;1.524;
6152;1.357224089;38.82466885;0.05;False;ok;5;1;1.411;
6153;1.307224089;38.87466885;0.05;False;ok;39;1;1.487;
6154;1.357224089;38.87466885;0.05;False;ok;71;1;1.767;
6155;1.407224089;38.87466885;0.025;False;ok;22;1;1.429;
6156;1.407224089;38.89966885;0.025;False;ok;52;1;1.541;
6157;1.432224089;38.89966885;0.025;False;ok;44;1;1.761;
6158;1.457224089;38.87466885;0.05;False;ok;20;1;1.661;
6159;1.207224089;38.92466885;0.05;False;ok;39;1;1.743;
6160;1.257224089;38.92466885;0.025;False;ok;8;1;1.555;
6161;1.282224089;38.92466885;0.025;False;ok;10;1;1.534;
6162;1.257224089;38.94966885;0.025;False;ok;21;1;1.851;
6163;1.282224089;38.94966885;0.025;False;ok;62;1;1.821;
6164;1.257224089;38.97466885;0.05;False;ok;75;1;1.699;
6165;1.307224089;38.92466885;0.05;False;ok;31;1;1.595;
6166;1.357224089;38.92466885;0.05;False;ok;21;1;1.479;
6167;1.307224089;38.97466885;0.05;False;ok;21;1;1.715;
6168;1.357224089;38.97466885;0.05;False;ok;17;1;1.216;
6169;1.407224089;38.92466885;0.05;False;ok;42;1;1.197;
6170;1.457224089;38.92466885;0.05;False;ok;38;1;1.213;
6171;1.407224089;38.97466885;0.05;False;ok;28;1;1.120;
6172;1.457224089;38.97466885;0.05;False;ok;22;1;1.128;
6173;1.507224089;38.92466885;0.05;False;ok;26;1;1.233;
6174;1.507224089;38.97466885;0.05;False;ok;71;1;1.343;
6175;1.557224089;38.97466885;0.05;False;ok;62;1;1.324;
6176;1.307224089;39.02466885;0.1;False;ok;7;1;0.935;
6177;1.407224089;39.02466885;0.1;False;ok;61;1;1.125;
6178;1.507224089;39.02466885;0.1;False;ok;74;1;1.275;
6179;1.607224089;39.02466885;0.1;False;ok;0;1;1.656;
6180;2.907224089;39.22466885;0.1;False;ok;75;1;1.285;
6181;3.007224089;39.22466885;0.1;False;ok;1;1;0.974;
6182;3.107224089;39.22466885;0.1;False;ok;48;1;1.141;
6183;2.707224089;39.32466885;0.1;False;ok;8;1;1.191;
6184;2.807224089;39.32466885;0.1;False;ok;50;1;1.099;
6185;2.907224089;39.32466885;0.05;False;ok;73;1;1.233;
6186;2.957224089;39.32466885;0.05;False;ok;40;1;1.404;
6187;2.907224089;39.37466885;0.05;False;ok;29;1;1.333;
6188;2.957224089;39.37466885;0.05;False;ok;31;1;1.437;
6189;3.007224089;39.32466885;0.05;False;ok;75;1;1.438;
6190;3.057224089;39.32466885;0.05;False;ok;34;1;1.384;
6191;3.007224089;39.37466885;0.05;False;ok;61;1;1.406;
6192;3.057224089;39.37466885;0.05;False;ok;49;1;1.383;
6193;3.107224089;39.32466885;0.025;False;ok;6;1;1.092;
6194;3.132224089;39.32466885;0.025;False;ok;60;1;1.321;
6195;3.107224089;39.34966885;0.025;False;ok;29;1;1.198;
6196;3.132224089;39.34966885;0.025;False;ok;13;1;1.081;
6197;3.157224089;39.32466885;0.025;False;ok;63;1;1.124;
6198;3.182224089;39.32466885;0.025;False;ok;13;1;1.034;
6199;3.157224089;39.34966885;0.025;False;ok;5;1;1.003;
6200;3.182224089;39.34966885;0.025;False;ok;30;1;0.937;
6201;3.107224089;39.37466885;0.05;False;ok;32;1;1.009;
6202;3.157224089;39.37466885;0.05;False;ok;69;1;1.338;
6203;3.207224089;39.34966885;0.0125;False;ok;11;1;1.116;
6204;3.219724089;39.34966885;0.0125;False;ok;24;1;1.253;
6205;3.207224089;39.36216885;0.0125;False;ok;23;1;1.140;
6206;3.219724089;39.36216885;0.00625;False;ok;29;1;0.976;
6207;3.225974089;39.36216885;0.00625;False;ok;27;1;1.175;
6208;3.219724089;39.36841885;0.00625;False;ok;27;1;1.072;
6209;3.225974089;39.36841885;0.00625;False;ok;40;1;1.356;
6210;3.232224089;39.34966885;0.025;False;ok;38;1;1.582;
6211;3.207224089;39.37466885;0.025;False;ok;49;1;1.428;
6212;3.232224089;39.37466885;0.00625;False;ok;52;1;1.522;
6213;3.238474089;39.37466885;0.00625;False;ok;33;1;1.355;
6214;3.232224089;39.38091885;0.00625;False;ok;5;1;1.747;
6215;3.238474089;39.38091885;0.00625;False;ok;31;1;1.721;
6216;3.244724089;39.37466885;0.0125;False;ok;7;1;1.560;
6217;3.232224089;39.38716885;0.0125;False;ok;16;1;1.548;
6218;3.207224089;39.39966885;0.025;False;ok;28;1;1.705;
6219;3.232224089;39.39966885;0.025;False;ok;41;1;1.622;
6220;3.257224089;39.37466885;0.05;False;ok;68;1;1.633;
6221;2.407224089;39.42466885;0.1;False;ok;72;1;1.701;
6222;2.507224089;39.42466885;0.1;False;ok;75;1;2.140;
6223;2.707224089;39.42466885;0.05;False;ok;62;1;1.692;
6224;2.757224089;39.42466885;0.05;False;ok;19;1;1.361;
6225;2.707224089;39.47466885;0.025;False;ok;3;1;1.265;
6226;2.732224089;39.47466885;0.025;False;ok;43;1;1.577;
6227;2.744724089;39.49966885;0.0125;False;ok;56;1;1.559;
6228;2.732224089;39.51216885;0.0125;False;ok;30;1;1.609;
6229;2.744724089;39.51216885;0.0125;False;ok;45;1;1.536;
6230;2.757224089;39.47466885;0.05;False;ok;3;1;1.087;
6231;2.807224089;39.42466885;0.1;False;ok;72;1;1.262;
6232;2.907224089;39.42466885;0.1;False;ok;56;1;1.156;
6233;3.007224089;39.42466885;0.1;False;ok;75;1;1.478;
6234;3.107224089;39.42466885;0.05;False;ok;48;1;1.275;
6235;3.157224089;39.42466885;0.05;False;ok;35;1;1.327;
6236;3.107224089;39.47466885;0.05;False;ok;22;1;0.981;
6237;3.157224089;39.47466885;0.05;False;ok;28;1;1.232;
6238;3.207224089;39.42466885;0.05;False;ok;41;1;1.225;
6239;3.257224089;39.42466885;0.05;False;ok;68;1;1.264;
6240;3.207224089;39.47466885;0.05;False;ok;30;1;1.207;
6241;3.257224089;39.47466885;0.05;False;ok;18;1;1.151;
6242;3.307224089;39.42466885;0.1;False;ok;24;1;1.109;
6243;2.307224089;39.52466885;0.1;False;ok;71;1;1.280;
6244;2.407224089;39.52466885;0.05;False;ok;73;1;1.400;
6245;2.457224089;39.52466885;0.05;False;ok;24;1;1.197;
6246;2.407224089;39.57466885;0.05;False;ok;13;1;1.200;
6247;2.457224089;39.57466885;0.05;False;ok;12;1;1.183;
6248;2.507224089;39.52466885;0.05;False;ok;21;1;1.268;
6249;2.557224089;39.52466885;0.05;False;ok;62;1;1.604;
6250;2.507224089;39.57466885;0.05;False;ok;8;1;1.060;
6251;2.557224089;39.57466885;0.05;False;ok;7;1;1.114;
6252;2.607224089;39.54966885;0.025;False;ok;52;1;1.535;
6253;2.632224089;39.54966885;0.025;False;ok;74;1;1.474;
6254;2.657224089;39.52466885;0.05;False;ok;30;1;1.056;
6255;2.607224089;39.57466885;0.05;False;ok;51;1;1.526;
6256;2.657224089;39.57466885;0.05;False;ok;19;1;1.488;
6257;2.707224089;39.52466885;0.05;False;ok;67;1;2.043;
6258;2.757224089;39.52466885;0.05;False;ok;17;1;1.369;
6259;2.707224089;39.57466885;0.05;False;ok;29;1;1.347;
6260;2.757224089;39.57466885;0.05;False;ok;18;1;1.378;
6261;2.807224089;39.52466885;0.1;False;ok;65;1;1.530;
6262;2.907224089;39.52466885;0.1;False;ok;60;1;1.846;
6263;3.007224089;39.52466885;0.1;False;ok;74;1;2.747;
6264;3.107224089;39.52466885;0.05;False;ok;27;1;1.841;
6265;3.157224089;39.52466885;0.05;False;ok;22;1;2.013;
6266;3.107224089;39.57466885;0.05;False;ok;31;1;1.714;
6267;3.157224089;39.57466885;0.05;False;ok;30;1;1.742;
6268;3.207224089;39.52466885;0.05;False;ok;33;1;1.708;
6269;3.257224089;39.52466885;0.05;False;ok;39;1;1.878;
6270;3.207224089;39.57466885;0.05;False;ok;40;1;1.879;
6271;3.257224089;39.57466885;0.05;False;ok;49;1;1.923;
6272;3.307224089;39.52466885;0.05;False;ok;70;1;2.415;
6273;3.357224089;39.52466885;0.05;False;ok;72;1;3.646;
6274;3.307224089;39.57466885;0.05;False;ok;20;1;2.125;
6275;3.357224089;39.57466885;0.025;False;ok;43;1;2.079;
6276;3.382224089;39.57466885;0.025;False;ok;43;1;2.118;
6277;3.357224089;39.59966885;0.025;False;ok;40;1;1.975;
6278;3.382224089;39.59966885;0.025;False;ok;75;1;3.253;
6279;2.407224089;39.62466885;0.1;False;ok;15;1;1.989;
6280;2.507224089;39.62466885;0.1;False;ok;74;1;3.048;
6281;2.607224089;39.62466885;0.05;False;ok;13;1;2.478;
6282;2.657224089;39.62466885;0.05;False;ok;26;1;2.552;
6283;2.607224089;39.67466885;0.05;False;ok;38;1;2.375;
6284;2.657224089;39.67466885;0.05;False;ok;19;1;2.469;
6285;2.707224089;39.62466885;0.1;False;ok;72;1;2.461;
6286;2.807224089;39.62466885;0.05;False;ok;29;1;2.385;
6287;2.857224089;39.62466885;0.05;False;ok;23;1;2.255;
6288;2.807224089;39.67466885;0.05;False;ok;38;1;2.474;
6289;2.857224089;39.67466885;0.025;False;ok;8;1;3.362;
6290;2.882224089;39.67466885;0.025;False;ok;9;1;3.187;
6291;2.857224089;39.69966885;0.025;False;ok;32;1;2.196;
6292;2.882224089;39.69966885;0.025;False;ok;25;1;2.210;
6293;2.907224089;39.62466885;0.05;False;ok;49;1;2.305;
6294;2.957224089;39.62466885;0.05;False;ok;25;1;2.158;
6295;2.907224089;39.67466885;0.05;False;ok;64;1;2.285;
6296;2.957224089;39.67466885;0.05;False;ok;40;1;2.194;
6297;3.007224089;39.62466885;0.05;False;ok;31;1;1.955;
6298;3.057224089;39.62466885;0.05;False;ok;44;1;1.271;
6299;3.007224089;39.67466885;0.05;False;ok;34;1;1.284;
6300;3.057224089;39.67466885;0.05;False;ok;61;1;1.297;
6301;3.107224089;39.62466885;0.05;False;ok;59;1;1.261;
6302;3.157224089;39.62466885;0.05;False;ok;8;1;1.071;
6303;3.107224089;39.67466885;0.05;False;ok;40;1;1.250;
6304;3.157224089;39.67466885;0.05;False;ok;4;1;1.088;
6305;3.207224089;39.62466885;0.1;False;ok;46;1;1.319;
6306;3.307224089;39.62466885;0.05;False;ok;48;1;1.230;
6307;3.357224089;39.62466885;0.05;False;ok;74;1;1.302;
6308;3.307224089;39.67466885;0.05;False;ok;75;1;1.229;
6309;3.357224089;39.67466885;0.05;False;ok;51;1;1.011;
6310;3.407224089;39.62466885;0.05;False;ok;73;1;1.299;
6311;3.407224089;39.67466885;0.025;False;ok;8;1;0.926;
6312;3.432224089;39.67466885;0.025;False;ok;42;1;1.100;
6313;3.407224089;39.69966885;0.025;False;ok;20;1;1.136;
6314;3.432224089;39.69966885;0.025;False;ok;72;1;1.143;
6315;3.457224089;39.67466885;0.05;False;ok;75;1;1.417;
6316;2.607224089;39.72466885;0.05;False;ok;31;1;1.122;
6317;2.657224089;39.72466885;0.05;False;ok;13;1;1.125;
6318;2.657224089;39.77466885;0.05;False;ok;75;1;1.328;
6319;2.732224089;39.72466885;0.025;False;ok;0;1;1.747;
6320;2.707224089;39.74966885;0.025;False;ok;74;1;1.186;
6321;2.732224089;39.74966885;0.025;False;ok;9;1;1.075;
6322;2.757224089;39.72466885;0.05;False;ok;4;1;1.299;
6323;2.707224089;39.77466885;0.05;False;ok;53;1;1.337;
6324;2.757224089;39.77466885;0.05;False;ok;2;1;1.177;
6325;2.807224089;39.72466885;0.05;False;ok;1;1;1.225;
6326;2.857224089;39.72466885;0.025;False;ok;23;1;1.221;
6327;2.882224089;39.72466885;0.025;False;ok;26;1;1.313;
6328;2.857224089;39.74966885;0.025;False;ok;19;1;1.180;
6329;2.882224089;39.74966885;0.025;False;ok;63;1;1.234;
6330;2.857224089;39.77466885;0.05;False;ok;8;1;1.094;
6331;2.907224089;39.72466885;0.025;False;ok;28;1;0.845;
6332;2.932224089;39.72466885;0.025;False;ok;12;1;0.973;
6333;2.907224089;39.74966885;0.025;False;ok;25;1;1.019;
6334;2.932224089;39.74966885;0.025;False;ok;29;1;1.089;
6335;2.957224089;39.72466885;0.025;False;ok;4;1;1.016;
6336;2.982224089;39.72466885;0.025;False;ok;19;1;1.043;
6337;2.957224089;39.74966885;0.025;False;ok;50;1;0.989;
6338;2.982224089;39.74966885;0.025;False;ok;72;1;0.959;
6339;2.907224089;39.77466885;0.05;False;ok;35;1;1.026;
6340;2.957224089;39.77466885;0.05;False;ok;74;1;1.112;
6341;3.007224089;39.72466885;0.025;False;ok;11;1;0.880;
6342;3.032224089;39.72466885;0.025;False;ok;29;1;1.066;
6343;3.007224089;39.74966885;0.025;False;ok;50;1;1.038;
6344;3.032224089;39.74966885;0.025;False;ok;10;1;1.032;
6345;3.057224089;39.72466885;0.05;False;ok;63;1;1.059;
6346;3.007224089;39.77466885;0.025;False;ok;17;1;0.998;
6347;3.032224089;39.77466885;0.025;False;ok;6;1;0.893;
6348;3.007224089;39.79966885;0.025;False;ok;69;1;1.146;
6349;3.032224089;39.79966885;0.025;False;ok;6;1;0.936;
6350;3.057224089;39.77466885;0.05;False;ok;18;1;1.091;
6351;3.107224089;39.72466885;0.025;False;ok;34;1;1.132;
6352;3.132224089;39.72466885;0.025;False;ok;9;1;0.804;
6353;3.107224089;39.74966885;0.025;False;ok;32;1;0.945;
6354;3.132224089;39.74966885;0.0125;False;ok;3;1;0.826;
6355;3.144724089;39.74966885;0.0125;False;ok;17;1;1.156;
6356;3.132224089;39.76216885;0.0125;False;ok;25;1;1.088;
6357;3.144724089;39.76216885;0.00625;False;ok;32;1;1.049;
6358;3.150974089;39.76216885;0.00625;False;ok;58;1;1.156;
6359;3.144724089;39.76841885;0.00625;False;ok;24;1;1.115;
6360;3.150974089;39.76841885;0.00625;False;ok;2;1;0.830;
6361;3.157224089;39.74966885;0.0125;False;ok;53;1;1.130;
6362;3.157224089;39.76216885;0.0125;False;ok;27;1;0.984;
6363;3.107224089;39.77466885;0.025;False;ok;62;1;1.165;
6364;3.107224089;39.79966885;0.0125;False;ok;52;1;1.154;
6365;3.107224089;39.81216885;0.00625;False;ok;29;1;1.213;
6366;3.113474089;39.81216885;0.00625;False;ok;35;1;1.335;
6367;3.107224089;39.81841885;0.00625;False;ok;3;1;1.154;
6368;3.113474089;39.81841885;0.003125;False;ok;48;1;1.253;
6369;3.113474089;39.82154385;0.003125;False;ok;26;1;1.390;
6370;3.207224089;39.72466885;0.0125;False;ok;27;1;1.425;
6371;3.219724089;39.72466885;0.0125;False;ok;32;1;1.344;
6372;3.207224089;39.73716885;0.0125;False;ok;10;1;1.368;
6373;3.219724089;39.73716885;0.0125;False;ok;20;1;1.291;
6374;3.232224089;39.72466885;0.025;False;ok;19;1;1.440;
6375;3.257224089;39.72466885;0.05;False;ok;74;1;1.751;
6376;3.307224089;39.72466885;0.1;False;ok;43;1;1.778;
6377;3.407224089;39.72466885;0.1;False;ok;20;1;1.500;
6378;4.207224089;39.79966885;0.025;False;ok;16;1;1.424;
6379;4.232224089;39.81216885;0.0125;False;ok;71;1;1.744;
6380;4.244724089;39.81216885;0.0125;False;ok;34;1;1.598;
6381;4.257224089;39.77466885;0.05;False;ok;72;1;1.707;
6382;2.707224089;39.82466885;0.1;False;ok;4;1;1.237;
6383;2.807224089;39.82466885;0.1;False;ok;1;1;1.526;
6384;2.907224089;39.82466885;0.1;False;ok;73;1;1.624;
6385;3.007224089;39.82466885;0.025;False;ok;6;1;1.453;
6386;3.032224089;39.82466885;0.025;False;ok;30;1;1.447;
6387;3.007224089;39.84966885;0.0125;False;ok;18;1;1.346;
6388;3.019724089;39.84966885;0.0125;False;ok;24;1;1.362;
6389;3.007224089;39.86216885;0.0125;False;ok;47;1;1.892;
6390;3.019724089;39.86216885;0.0125;False;ok;21;1;1.277;
6391;3.032224089;39.84966885;0.0125;False;ok;10;1;1.454;
6392;3.044724089;39.84966885;0.0125;False;ok;40;1;1.420;
6393;3.032224089;39.86216885;0.0125;False;ok;34;1;1.385;
6394;3.044724089;39.86216885;0.0125;False;ok;22;1;1.301;
6395;3.057224089;39.82466885;0.025;False;ok;63;1;1.109;
6396;3.082224089;39.82466885;0.025;False;ok;37;1;1.295;
6397;3.057224089;39.84966885;0.0125;False;ok;33;1;1.186;
6398;3.069724089;39.84966885;0.0125;False;ok;16;1;1.383;
6399;3.057224089;39.86216885;0.0125;False;ok;23;1;1.293;
6400;3.069724089;39.86216885;0.0125;False;ok;27;1;1.426;
6401;3.082224089;39.84966885;0.025;False;ok;43;1;1.901;
6402;3.007224089;39.87466885;0.00625;False;ok;11;1;1.706;
6403;3.013474089;39.87466885;0.003125;False;ok;32;1;1.731;
6404;3.016599089;39.87466885;0.003125;False;ok;4;1;1.730;
6405;3.013474089;39.87779385;0.003125;False;ok;31;1;1.727;
6406;3.016599089;39.87779385;0.003125;False;ok;22;1;1.705;
6407;3.007224089;39.88091885;0.00625;False;ok;27;1;1.733;
6408;3.013474089;39.88091885;0.00625;False;ok;33;1;1.720;
6409;3.019724089;39.87466885;0.0125;False;ok;31;1;2.127;
6410;3.007224089;39.88716885;0.0125;False;ok;39;1;1.670;
6411;3.019724089;39.88716885;0.0125;False;ok;75;1;1.968;
6412;3.032224089;39.87466885;0.0125;False;ok;34;1;1.699;
6413;3.044724089;39.87466885;0.0125;False;ok;52;1;1.803;
6414;3.032224089;39.88716885;0.0125;False;ok;42;1;1.790;
6415;3.044724089;39.88716885;0.0125;False;ok;49;1;1.571;
6416;3.007224089;39.89966885;0.025;False;ok;2;1;1.396;
6417;3.032224089;39.89966885;0.0125;False;ok;21;1;1.457;
6418;3.044724089;39.89966885;0.0125;False;ok;5;1;1.217;
6419;3.032224089;39.91216885;0.0125;False;ok;0;1;2.012;
6420;3.044724089;39.91216885;0.00625;False;ok;14;1;1.128;
6421;3.050974089;39.91216885;0.003125;False;ok;0;1;1.762;
6422;3.050974089;39.91529385;0.003125;False;ok;40;1;1.097;
6423;3.054099089;39.91529385;0.003125;False;ok;20;1;1.164;
6424;3.050974089;39.91841885;0.00625;False;ok;39;1;1.344;
6425;3.057224089;39.87466885;0.0125;False;ok;36;1;1.331;
6426;3.069724089;39.87466885;0.0125;False;ok;21;1;1.306;
6427;3.057224089;39.88716885;0.0125;False;ok;40;1;1.409;
6428;3.069724089;39.88716885;0.00625;False;ok;27;1;1.335;
6429;3.075974089;39.88716885;0.00625;False;ok;32;1;1.163;
6430;3.069724089;39.89341885;0.00625;False;ok;24;1;1.117;
6431;3.075974089;39.89341885;0.00625;False;ok;58;1;1.147;
6432;3.082224089;39.87466885;0.025;False;ok;3;1;1.088;
6433;3.057224089;39.89966885;0.0125;False;ok;29;1;1.225;
6434;3.069724089;39.89966885;0.00625;False;ok;20;1;1.211;
6435;3.075974089;39.89966885;0.00625;False;ok;74;1;1.393;
6436;3.069724089;39.90591885;0.00625;False;ok;40;1;1.336;
6437;3.075974089;39.90591885;0.00625;False;ok;35;1;1.175;
6438;3.057224089;39.91216885;0.0125;False;ok;16;1;1.155;
6439;3.069724089;39.91216885;0.0125;False;ok;11;1;1.116;
6440;3.082224089;39.89966885;0.0125;False;ok;74;1;0.975;
6441;3.094724089;39.89966885;0.0125;False;ok;10;1;0.826;
6442;3.082224089;39.91216885;0.0125;False;ok;12;1;1.120;
6443;3.094724089;39.91216885;0.0125;False;ok;3;1;1.108;
6444;3.107224089;39.82466885;0.00625;False;ok;7;1;1.176;
6445;3.113474089;39.82466885;0.00625;False;ok;72;1;1.268;
6446;3.107224089;39.83091885;0.00625;False;ok;66;1;1.293;
6447;3.113474089;39.83091885;0.00625;False;ok;59;1;1.400;
6448;3.119724089;39.82466885;0.0125;False;ok;26;1;1.151;
6449;3.107224089;39.83716885;0.0125;False;ok;41;1;1.379;
6450;3.119724089;39.83716885;0.00625;False;ok;23;1;1.313;
6451;3.125974089;39.83716885;0.00625;False;ok;64;1;1.357;
6452;3.125974089;39.84341885;0.00625;False;ok;11;1;1.344;
6453;3.144724089;39.82466885;0.0125;False;ok;22;1;1.438;
6454;3.132224089;39.83716885;0.0125;False;ok;67;1;1.517;
6455;3.144724089;39.83716885;0.0125;False;ok;19;1;1.411;
6456;3.107224089;39.84966885;0.0125;False;ok;75;1;1.479;
6457;3.119724089;39.84966885;0.0125;False;ok;71;1;1.438;
6458;3.107224089;39.86216885;0.0125;False;ok;9;1;1.566;
6459;3.119724089;39.86216885;0.0125;False;ok;21;1;1.699;
6460;3.132224089;39.84966885;0.0125;False;ok;14;1;1.445;
6461;3.144724089;39.84966885;0.0125;False;ok;34;1;1.487;
6462;3.132224089;39.86216885;0.0125;False;ok;32;1;1.058;
6463;3.144724089;39.86216885;0.0125;False;ok;26;1;1.107;
6464;3.157224089;39.82466885;0.05;False;ok;34;1;1.156;
6465;3.807224089;39.82466885;0.1;False;ok;12;1;1.049;
6466;4.007224089;39.87466885;0.05;False;ok;47;1;1.237;
6467;4.057224089;39.87466885;0.025;False;ok;5;1;1.043;
6468;4.057224089;39.89966885;0.0125;False;ok;73;1;1.064;
6469;4.069724089;39.89966885;0.00625;False;ok;71;1;1.211;
6470;4.075974089;39.89966885;0.00625;False;ok;25;1;1.008;
6471;4.069724089;39.90591885;0.00625;False;ok;44;1;1.113;
6472;4.075974089;39.90591885;0.00625;False;ok;3;1;1.016;
6473;4.069724089;39.91216885;0.0125;False;ok;1;1;1.002;
6474;4.082224089;39.89966885;0.025;False;ok;2;1;1.074;
6475;4.107224089;39.82466885;0.05;False;ok;74;1;1.258;
6476;4.157224089;39.82466885;0.05;False;ok;24;1;1.125;
6477;4.107224089;39.87466885;0.05;False;ok;42;1;1.251;
6478;4.157224089;39.87466885;0.05;False;ok;8;1;1.303;
6479;4.207224089;39.82466885;0.05;False;ok;74;1;1.400;
6480;4.257224089;39.82466885;0.05;False;ok;42;1;1.257;
6481;4.207224089;39.87466885;0.05;False;ok;6;1;1.289;
6482;4.257224089;39.87466885;0.05;False;ok;64;1;1.470;
6483;3.107224089;39.92466885;0.1;False;ok;3;1;1.151;
6484;3.782224089;39.97466885;0.025;False;ok;20;1;1.315;
6485;3.782224089;39.99966885;0.025;False;ok;75;1;1.592;
6486;3.819724089;39.92466885;0.00625;False;ok;74;1;1.500;
6487;3.825974089;39.92466885;0.00625;False;ok;66;1;1.805;
6488;3.819724089;39.93091885;0.00625;False;ok;19;1;1.576;
6489;3.825974089;39.93091885;0.00625;False;ok;10;1;1.491;
6490;3.832224089;39.92466885;0.025;False;ok;72;1;1.764;
6491;3.807224089;39.94966885;0.025;False;ok;9;1;1.450;
6492;3.832224089;39.94966885;0.025;False;ok;74;1;1.711;
6493;3.857224089;39.92466885;0.05;False;ok;4;1;1.600;
6494;3.807224089;39.97466885;0.025;False;ok;8;1;1.517;
6495;3.832224089;39.97466885;0.025;False;ok;75;1;1.689;
6496;3.807224089;39.99966885;0.025;False;ok;74;1;1.709;
6497;3.832224089;39.99966885;0.025;False;ok;75;1;1.659;
6498;3.857224089;39.97466885;0.05;False;ok;6;1;1.266;
6499;3.907224089;39.92466885;0.05;False;ok;11;1;1.383;
6500;3.957224089;39.92466885;0.0125;False;ok;21;1;1.465;
6501;3.957224089;39.93716885;0.0125;False;ok;75;1;1.758;
6502;3.957224089;39.94966885;0.025;False;ok;1;1;1.330;
6503;3.982224089;39.94966885;0.025;False;ok;6;1;1.347;
6504;3.957224089;39.97466885;0.05;False;ok;2;1;1.282;
6505;4.007224089;39.92466885;0.1;False;ok;30;1;1.430;
6506;4.107224089;39.92466885;0.05;False;ok;14;1;1.447;
6507;4.157224089;39.92466885;0.05;False;ok;2;1;1.178;
6508;4.107224089;39.97466885;0.05;False;ok;3;1;1.068;
6509;4.182224089;39.97466885;0.025;False;ok;1;1;1.099;
6510;4.157224089;39.99966885;0.025;False;ok;74;1;1.450;
6511;4.182224089;39.99966885;0.025;False;ok;75;1;1.405;
6512;4.207224089;39.92466885;0.1;False;ok;10;1;1.123;
6513;3.807224089;40.02466885;0.1;False;ok;37;1;1.314;
6514;4.007224089;40.02466885;0.1;False;ok;1;1;1.056;
6515;4.107224089;40.02466885;0.05;False;ok;75;1;1.528;
6516;4.157224089;40.02466885;0.05;False;ok;72;1;1.375;
6517;0.807224089;40.62466885;0.1;False;ok;61;1;1.392;
6518;0.807224089;40.72466885;0.025;False;ok;26;1;1.185;
6519;0.832224089;40.72466885;0.00625;False;ok;75;1;1.493;
6520;0.838474089;40.72466885;0.00625;False;ok;72;1;1.385;
6521;-5.357657522;35.87616748;0.09;False;ok;36;1;1.311;
6522;-2.961443247;35.27658336;0.1;False;ok;23;1;1.266;
