index;x;y;inc;mixed;status;alojamientos;attempts;elapsed_seconds;error
0;-18.04263932;27.61024358;0.1;False;ok;72;1;0.857;
1;-18.14263932;27.71024358;0.1;False;ok;13;1;0.744;
2;-18.04263932;27.71024358;0.05;False;ok;74;1;0.965;
3;-17.99263932;27.71024358;0.05;False;ok;48;1;0.868;
4;-18.04263932;27.76024358;0.05;False;ok;32;1;0.810;
5;-17.99263932;27.76024358;0.05;False;ok;34;1;0.529;
6;-17.94263932;27.71024358;0.1;False;ok;38;1;0.563;
7;-15.69263932;27.71024358;0.05;False;ok;68;1;0.615;
8;-15.71763932;27.76024358;0.025;False;ok;73;1;0.563;
9;-15.74263932;27.78524358;0.0125;False;ok;0;1;1.108;
10;-15.73013932;27.78524358;0.0125;False;ok;34;1;0.572;
11;-15.74263932;27.79774358;0.0125;False;ok;74;1;0.650;
12;-15.73013932;27.79774358;0.0125;False;ok;38;1;0.558;
13;-15.71763932;27.78524358;0.00625;False;ok;75;1;0.729;
14;-15.71138932;27.78524358;0.00625;False;ok;75;1;0.642;
15;-15.71763932;27.79149358;0.00625;False;ok;45;1;0.517;
16;-15.71138932;27.79149358;0.00625;False;ok;75;1;0.765;
17;-15.70513932;27.78524358;0.0125;False;ok;55;1;0.480;
18;-15.71763932;27.79774358;0.0125;False;ok;46;1;0.503;
19;-15.70513932;27.79774358;0.0125;False;ok;3;1;0.339;
20;-15.69263932;27.76024358;0.025;False;ok;74;1;0.605;
21;-15.66763932;27.76024358;0.025;False;ok;74;1;0.579;
22;-15.66763932;27.78524358;0.025;False;ok;66;1;0.678;
23;-15.64263932;27.73524358;0.025;False;ok;58;1;0.577;
24;-15.61763932;27.73524358;0.0125;False;ok;59;1;0.565;
25;-15.60513932;27.73524358;0.0125;False;ok;43;1;0.578;
26;-15.61763932;27.74774358;0.0125;False;ok;53;1;0.460;
27;-15.60513932;27.74774358;0.00625;False;ok;43;1;0.552;
28;-15.59888932;27.74774358;0.00625;False;ok;39;1;0.633;
29;-15.60513932;27.75399358;0.00625;False;ok;73;1;0.639;
30;-15.59888932;27.75399358;0.00625;False;ok;59;1;0.510;
31;-15.58013932;27.73524358;0.0125;False;ok;8;1;0.439;
32;-15.59263932;27.74774358;0.00625;False;ok;24;1;0.548;
33;-15.58638932;27.74774358;0.00625;False;ok;23;1;0.444;
34;-15.59263932;27.75399358;0.00625;False;ok;75;1;0.631;
35;-15.58638932;27.75399358;0.00625;False;ok;46;1;0.545;
36;-15.58013932;27.74774358;0.00625;False;ok;74;1;0.601;
37;-15.57388932;27.74774358;0.00625;False;ok;46;1;0.545;
38;-15.58013932;27.75399358;0.003125;False;ok;74;1;0.890;
39;-15.57701432;27.75399358;0.003125;False;ok;15;1;0.553;
40;-15.58013932;27.75711858;0.003125;False;ok;48;1;0.476;
41;-15.57701432;27.75711858;0.003125;False;ok;40;1;0.463;
42;-15.57388932;27.75399358;0.003125;False;ok;25;1;0.521;
43;-15.57076432;27.75399358;0.003125;False;ok;19;1;0.492;
44;-15.57388932;27.75711858;0.003125;False;ok;73;1;0.563;
45;-15.57076432;27.75711858;0.003125;False;ok;74;1;0.731;
46;-15.56763932;27.73524358;0.025;False;ok;26;1;0.511;
47;-15.64263932;27.76024358;0.05;False;ok;75;1;0.611;
48;-15.59263932;27.76024358;0.0125;False;ok;74;1;0.592;
49;-15.58013932;27.76024358;0.00625;False;ok;75;1;0.680;
50;-15.57388932;27.76024358;0.00625;False;ok;53;1;0.581;
51;-15.58013932;27.76649358;0.00625;False;ok;12;1;0.394;
52;-15.57388932;27.76649358;0.00625;False;ok;6;1;0.449;
53;-15.59263932;27.77274358;0.0125;False;ok;0;1;1.216;
54;-15.56763932;27.76024358;0.00625;False;ok;75;1;0.728;
55;-15.56138932;27.76024358;0.00625;False;ok;18;1;0.435;
56;-15.56138932;27.76649358;0.00625;False;ok;3;1;0.408;
57;-15.55513932;27.76024358;0.00625;False;ok;16;1;0.438;
58;-15.55513932;27.76649358;0.00625;False;ok;73;1;0.669;
59;-15.54888932;27.76649358;0.00625;False;ok;74;1;0.687;
60;-15.55513932;27.77274358;0.0125;False;ok;10;1;0.448;
61;-15.54263932;27.76024358;0.0125;False;ok;75;1;0.670;
62;-15.54263932;27.77274358;0.0125;False;ok;27;1;0.645;
63;-15.53013932;27.77274358;0.0125;False;ok;72;1;0.660;
64;-15.51763932;27.76024358;0.025;False;ok;8;1;0.565;
65;-15.49263932;27.76024358;0.05;False;ok;20;1;0.551;
66;-18.04263932;27.81024358;0.1;False;ok;34;1;0.581;
67;-17.94263932;27.81024358;0.1;False;ok;69;1;0.554;
68;-15.76763932;27.81024358;0.00625;False;ok;1;1;0.363;
69;-15.76763932;27.81649358;0.003125;False;ok;69;1;0.566;
70;-15.76451432;27.81649358;0.003125;False;ok;75;1;0.617;
71;-15.76451432;27.81961858;0.003125;False;ok;27;1;0.471;
72;-15.76138932;27.81649358;0.00625;False;ok;14;1;0.457;
73;-15.75513932;27.81024358;0.0125;False;ok;41;1;0.564;
74;-15.76763932;27.82274358;0.0125;False;ok;22;1;0.500;
75;-15.76763932;27.83524358;0.025;False;ok;16;1;0.484;
76;-15.84263932;27.86024358;0.05;False;ok;11;1;0.451;
77;-15.74263932;27.81024358;0.1;False;ok;47;1;0.534;
78;-15.64263932;27.81024358;0.1;False;ok;53;1;0.580;
79;-15.54263932;27.81024358;0.1;False;ok;74;1;0.600;
80;-15.44263932;27.81024358;0.05;False;ok;74;1;0.609;
81;-15.39263932;27.81024358;0.05;False;ok;41;1;0.584;
82;-15.44263932;27.86024358;0.05;False;ok;48;1;0.586;
83;-15.39263932;27.86024358;0.05;False;ok;10;1;0.469;
84;-17.74263932;27.91024358;0.1;False;ok;0;1;1.131;
85;-16.66763932;27.99774358;0.0125;False;ok;27;1;0.494;
86;-16.65513932;28.00399358;0.00625;False;ok;22;1;0.610;
87;-16.64888932;28.00399358;0.00625;False;ok;75;1;0.664;
88;-16.64263932;27.91024358;0.1;False;ok;75;1;0.662;
89;-15.84263932;27.91024358;0.1;False;ok;67;1;0.626;
90;-15.74263932;27.91024358;0.1;False;ok;8;1;0.513;
91;-15.64263932;27.91024358;0.05;False;ok;11;1;0.481;
92;-15.59263932;27.91024358;0.05;False;ok;36;1;0.553;
93;-15.64263932;27.96024358;0.05;False;ok;73;1;0.621;
94;-15.59263932;27.96024358;0.05;False;ok;43;1;0.493;
95;-15.54263932;27.91024358;0.1;False;ok;74;1;0.651;
96;-15.44263932;27.91024358;0.05;False;ok;49;1;0.559;
97;-15.39263932;27.91024358;0.05;False;ok;5;1;0.460;
98;-15.44263932;27.96024358;0.05;False;ok;61;1;0.580;
99;-15.39263932;27.96024358;0.05;False;ok;74;1;0.628;
100;-17.44263932;28.01024358;0.1;False;ok;37;1;0.553;
101;-17.34263932;28.01024358;0.05;False;ok;1;1;0.469;
102;-17.34263932;28.06024358;0.025;False;ok;39;1;0.613;
103;-17.34263932;28.08524358;0.0125;False;ok;74;1;0.791;
104;-17.34263932;28.09774358;0.0125;False;ok;9;1;0.501;
105;-17.33013932;28.09774358;0.0125;False;ok;13;1;0.556;
106;-17.31763932;28.08524358;0.025;False;ok;1;1;0.463;
107;-17.29263932;28.06024358;0.05;False;ok;8;1;0.456;
108;-17.24263932;28.01024358;0.1;False;ok;74;1;0.632;
109;-17.14263932;28.01024358;0.1;False;ok;74;1;0.670;
110;-16.84263932;28.01024358;0.1;False;ok;74;1;0.817;
111;-16.70513932;28.01024358;0.0125;False;ok;65;1;0.713;
112;-16.70513932;28.02274358;0.0125;False;ok;74;1;0.821;
113;-16.73638932;28.04774358;0.00625;False;ok;3;1;0.566;
114;-16.74263932;28.05399358;0.00625;False;ok;0;1;1.104;
115;-16.73638932;28.05399358;0.003125;False;ok;9;1;0.450;
116;-16.73326432;28.05399358;0.003125;False;ok;7;1;0.433;
117;-16.73638932;28.05711858;0.003125;False;ok;70;1;0.621;
118;-16.73326432;28.05711858;0.003125;False;ok;49;1;0.576;
119;-16.73013932;28.04774358;0.00625;False;ok;66;1;0.559;
120;-16.72076432;28.04774358;0.003125;False;ok;35;1;0.510;
121;-16.72388932;28.05086858;0.003125;False;ok;73;1;0.591;
122;-16.72076432;28.05086858;0.003125;False;ok;75;1;0.640;
123;-16.73013932;28.05399358;0.003125;False;ok;20;1;0.540;
124;-16.72701432;28.05399358;0.003125;False;ok;73;1;0.556;
125;-16.73013932;28.05711858;0.003125;False;ok;74;1;0.670;
126;-16.72701432;28.05711858;0.003125;False;ok;1;1;0.324;
127;-16.72388932;28.05399358;0.00625;False;ok;62;1;0.541;
128;-16.71763932;28.03524358;0.0125;False;ok;74;1;0.718;
129;-16.71763932;28.04774358;0.003125;False;ok;5;1;0.473;
130;-16.71451432;28.04774358;0.003125;False;ok;75;1;0.723;
131;-16.71763932;28.05086858;0.003125;False;ok;73;1;0.686;
132;-16.71451432;28.05086858;0.003125;False;ok;75;1;0.564;
133;-16.71138932;28.04774358;0.00625;False;ok;75;1;0.622;
134;-16.71763932;28.05399358;0.00625;False;ok;71;1;0.575;
135;-16.71138932;28.05399358;0.00625;False;ok;53;1;0.733;
136;-16.70513932;28.04774358;0.0125;False;ok;75;1;0.712;
137;-16.69263932;28.01024358;0.025;False;ok;22;1;0.417;
138;-16.66763932;28.01024358;0.0125;False;ok;16;1;0.500;
139;-16.65513932;28.01024358;0.0125;False;ok;74;1;0.732;
140;-16.66763932;28.02274358;0.0125;False;ok;0;1;1.200;
141;-16.65513932;28.02274358;0.0125;False;ok;2;1;0.317;
142;-16.69263932;28.03524358;0.025;False;ok;7;1;0.546;
143;-16.66763932;28.03524358;0.025;False;ok;8;1;0.389;
144;-16.73638932;28.06024358;0.00625;False;ok;73;1;0.709;
145;-16.73638932;28.06649358;0.00625;False;ok;73;1;0.746;
146;-16.73013932;28.06024358;0.0015625;False;ok;69;1;0.515;
147;-16.72857682;28.06024358;0.0015625;False;ok;22;1;0.569;
148;-16.73013932;28.06180608;0.0015625;False;ok;36;1;0.481;
149;-16.72857682;28.06180608;0.0015625;False;ok;57;1;0.542;
150;-16.72701432;28.06024358;0.003125;False;ok;60;1;0.562;
151;-16.73013932;28.06336858;0.003125;False;ok;75;1;0.594;
152;-16.72388932;28.06024358;0.00625;False;ok;3;1;0.429;
153;-16.73013932;28.06649358;0.003125;False;ok;42;1;0.589;
154;-16.72701432;28.06649358;0.003125;False;ok;11;1;0.503;
155;-16.73013932;28.06961858;0.003125;False;ok;74;1;0.680;
156;-16.72388932;28.06649358;0.00625;False;ok;11;1;0.474;
157;-16.73638932;28.07274358;0.003125;False;ok;4;1;0.521;
158;-16.73326432;28.07274358;0.003125;False;ok;74;1;0.661;
159;-16.73638932;28.07586858;0.003125;False;ok;45;1;0.576;
160;-16.73326432;28.07586858;0.003125;False;ok;66;1;0.603;
161;-16.73638932;28.07899358;0.003125;False;ok;12;1;0.592;
162;-16.73326432;28.07899358;0.003125;False;ok;67;1;0.609;
163;-16.73638932;28.08211858;0.003125;False;ok;12;1;0.481;
164;-16.73326432;28.08211858;0.0015625;False;ok;20;1;0.572;
165;-16.73170182;28.08211858;0.0015625;False;ok;70;1;0.581;
166;-16.73326432;28.08368108;0.0015625;False;ok;47;1;0.540;
167;-16.73013932;28.07274358;0.00625;False;ok;73;1;0.708;
168;-16.72388932;28.07274358;0.00625;False;ok;10;1;0.470;
169;-16.73013932;28.07899358;0.00625;False;ok;75;1;0.808;
170;-16.72388932;28.07899358;0.00625;False;ok;75;1;0.718;
171;-16.71763932;28.06024358;0.025;False;ok;74;1;0.711;
172;-16.74263932;28.08524358;0.00625;False;ok;7;1;0.540;
173;-16.73638932;28.08524358;0.00625;False;ok;74;1;0.600;
174;-16.74263932;28.09149358;0.00625;False;ok;51;1;0.656;
175;-16.73638932;28.09149358;0.00625;False;ok;44;1;0.539;
176;-16.73013932;28.08524358;0.00625;False;ok;73;1;0.620;
177;-16.72388932;28.08524358;0.00625;False;ok;75;1;0.716;
178;-16.73013932;28.09149358;0.00625;False;ok;49;1;0.479;
179;-16.72388932;28.09149358;0.00625;False;ok;32;1;0.591;
180;-16.74263932;28.09774358;0.0125;False;ok;6;1;0.418;
181;-16.73013932;28.09774358;0.0125;False;ok;4;1;0.401;
182;-16.71763932;28.08524358;0.025;False;ok;72;1;0.632;
183;-16.69263932;28.06024358;0.05;False;ok;74;1;0.694;
184;-16.64263932;28.01024358;0.025;False;ok;74;1;0.726;
185;-16.61763932;28.01024358;0.0125;False;ok;65;1;0.636;
186;-16.61763932;28.02274358;0.00625;False;ok;75;1;0.631;
187;-16.61138932;28.02274358;0.00625;False;ok;75;1;0.709;
188;-16.61763932;28.02899358;0.00625;False;ok;47;1;0.602;
189;-16.61138932;28.02899358;0.00625;False;ok;70;1;0.531;
190;-16.60513932;28.02274358;0.0125;False;ok;75;1;0.575;
191;-16.64263932;28.03524358;0.025;False;ok;10;1;0.524;
192;-16.61763932;28.03524358;0.025;False;ok;44;1;0.607;
193;-16.59263932;28.01024358;0.025;False;ok;63;1;0.574;
194;-16.56451432;28.02899358;0.003125;False;ok;23;1;0.455;
195;-16.56763932;28.03211858;0.003125;False;ok;41;1;0.601;
196;-16.56451432;28.03211858;0.003125;False;ok;74;1;0.658;
197;-16.56138932;28.02899358;0.00625;False;ok;0;1;1.229;
198;-16.59263932;28.03524358;0.025;False;ok;1;1;0.365;
199;-16.56763932;28.03524358;0.025;False;ok;31;1;0.636;
200;-16.64263932;28.06024358;0.05;False;ok;53;1;0.853;
201;-16.59263932;28.06024358;0.05;False;ok;72;1;0.645;
202;-16.54263932;28.04149358;0.003125;False;ok;30;1;0.507;
203;-16.53951432;28.04149358;0.003125;False;ok;45;1;0.677;
204;-16.54263932;28.04461858;0.003125;False;ok;17;1;0.537;
205;-16.53951432;28.04461858;0.003125;False;ok;74;1;0.752;
206;-16.53638932;28.04149358;0.00625;False;ok;74;1;0.705;
207;-16.54263932;28.04774358;0.00625;False;ok;39;1;0.561;
208;-16.53638932;28.04774358;0.00625;False;ok;75;1;0.728;
209;-16.53013932;28.04774358;0.0125;False;ok;50;1;0.613;
210;-16.54263932;28.06024358;0.05;False;ok;1;1;0.396;
211;-16.49263932;28.06024358;0.05;False;ok;55;1;0.856;
212;-15.74263932;28.01024358;0.05;False;ok;9;1;0.394;
213;-15.69263932;28.01024358;0.05;False;ok;30;1;0.586;
214;-15.74263932;28.06024358;0.05;False;ok;75;1;0.706;
215;-15.69263932;28.06024358;0.05;False;ok;53;1;0.581;
216;-15.64263932;28.01024358;0.1;False;ok;75;1;0.798;
217;-15.54263932;28.01024358;0.05;False;ok;63;1;0.886;
218;-15.49263932;28.01024358;0.05;False;ok;57;1;0.591;
219;-15.54263932;28.06024358;0.05;False;ok;39;1;0.656;
220;-15.49263932;28.06024358;0.05;False;ok;18;1;0.477;
221;-15.44263932;28.01024358;0.05;False;ok;15;1;0.440;
222;-15.39263932;28.01024358;0.05;False;ok;21;1;0.725;
223;-15.44263932;28.06024358;0.05;False;ok;73;1;0.702;
224;-14.44263932;28.01024358;0.1;False;ok;75;1;0.741;
225;-14.34263932;28.01024358;0.1;False;ok;74;1;0.740;
226;-17.34263932;28.11024358;0.1;False;ok;75;1;0.776;
227;-17.24263932;28.11024358;0.05;False;ok;20;1;0.464;
228;-17.19263932;28.11024358;0.05;False;ok;13;1;0.513;
229;-17.24263932;28.16024358;0.05;False;ok;58;1;0.667;
230;-17.19263932;28.16024358;0.05;False;ok;54;1;0.615;
231;-17.14263932;28.11024358;0.1;False;ok;1;1;0.357;
232;-16.84263932;28.11024358;0.05;False;ok;6;1;0.440;
233;-16.77388932;28.11024358;0.00625;False;ok;4;1;0.425;
234;-16.78013932;28.11649358;0.00625;False;ok;75;1;0.704;
235;-16.77388932;28.11649358;0.00625;False;ok;74;1;0.794;
236;-16.79263932;28.12274358;0.0125;False;ok;74;1;0.697;
237;-16.78013932;28.12274358;0.00625;False;ok;74;1;0.580;
238;-16.77388932;28.12274358;0.00625;False;ok;75;1;0.634;
239;-16.78013932;28.12899358;0.00625;False;ok;53;1;0.703;
240;-16.77388932;28.12899358;0.00625;False;ok;10;1;0.416;
241;-16.76763932;28.11024358;0.025;False;ok;56;1;0.745;
242;-16.79263932;28.13524358;0.025;False;ok;17;1;0.520;
243;-16.76763932;28.13524358;0.025;False;ok;74;1;0.648;
244;-16.84263932;28.16024358;0.05;False;ok;75;1;0.657;
245;-16.79263932;28.16024358;0.05;False;ok;75;1;0.664;
246;-16.74263932;28.11024358;0.1;False;ok;75;1;0.713;
247;-16.64263932;28.11024358;0.1;False;ok;75;1;0.574;
248;-16.54263932;28.11024358;0.1;False;ok;75;1;0.787;
249;-16.44263932;28.11024358;0.1;False;ok;74;1;0.638;
250;-15.74263932;28.11024358;0.1;False;ok;74;1;0.733;
251;-15.64263932;28.11024358;0.1;False;ok;75;1;0.594;
252;-15.54263932;28.11024358;0.1;False;ok;75;1;0.663;
253;-15.44263932;28.11024358;0.0125;False;ok;8;1;0.442;
254;-15.43013932;28.11024358;0.0125;False;ok;34;1;0.507;
255;-15.44263932;28.12274358;0.0125;False;ok;75;1;0.788;
256;-15.43013932;28.12274358;0.0125;False;ok;18;1;0.601;
257;-15.41763932;28.11024358;0.025;False;ok;2;1;0.477;
258;-15.44263932;28.13524358;0.00625;False;ok;72;1;0.701;
259;-15.43638932;28.13524358;0.003125;False;ok;65;1;0.634;
260;-15.43326432;28.13524358;0.003125;False;ok;17;1;0.450;
261;-15.43638932;28.13836858;0.0015625;False;ok;75;1;0.617;
262;-15.43482682;28.13836858;0.0015625;False;ok;39;1;0.553;
263;-15.43638932;28.13993108;0.0015625;False;ok;36;1;0.511;
264;-15.43482682;28.13993108;0.0015625;False;ok;73;1;0.597;
265;-15.43326432;28.13836858;0.003125;False;ok;75;1;0.722;
266;-15.43638932;28.14149358;0.003125;False;ok;26;1;0.494;
267;-15.43326432;28.14149358;0.003125;False;ok;75;1;0.780;
268;-15.43326432;28.14461858;0.003125;False;ok;60;1;0.561;
269;-15.43013932;28.13524358;0.0125;False;ok;66;1;0.722;
270;-15.44263932;28.14774358;0.0125;False;ok;75;1;0.839;
271;-15.43013932;28.14774358;0.0125;False;ok;75;1;1.095;
272;-15.44263932;28.16024358;0.05;False;ok;2;1;0.484;
273;-14.34263932;28.11024358;0.1;False;ok;50;1;0.663;
274;-14.24263932;28.11024358;0.05;False;ok;72;1;0.740;
275;-14.24263932;28.16024358;0.05;False;ok;75;1;0.677;
276;-14.19263932;28.16024358;0.05;False;ok;58;1;0.632;
277;-14.14263932;28.11024358;0.1;False;ok;74;1;0.656;
278;-14.04263932;28.11024358;0.1;False;ok;28;1;0.690;
279;-16.94263932;28.21024358;0.1;False;ok;20;1;0.573;
280;-16.84263932;28.21024358;0.0125;False;ok;17;1;0.460;
281;-16.83013932;28.21024358;0.0125;False;ok;5;1;0.396;
282;-16.84263932;28.22274358;0.00625;False;ok;73;1;0.793;
283;-16.83638932;28.22274358;0.00625;False;ok;1;1;0.444;
284;-16.84263932;28.22899358;0.003125;False;ok;74;1;0.687;
285;-16.83951432;28.22899358;0.003125;False;ok;38;1;0.615;
286;-16.84263932;28.23211858;0.003125;False;ok;54;1;0.522;
287;-16.83951432;28.23211858;0.003125;False;ok;2;1;0.486;
288;-16.83638932;28.22899358;0.00625;False;ok;36;1;0.672;
289;-16.81763932;28.21024358;0.025;False;ok;6;1;0.496;
290;-16.84263932;28.23524358;0.003125;False;ok;74;1;0.779;
291;-16.84263932;28.23836858;0.003125;False;ok;57;1;0.784;
292;-16.83951432;28.23836858;0.003125;False;ok;25;1;0.574;
293;-16.83638932;28.23524358;0.00625;False;ok;32;1;0.721;
294;-16.84263932;28.24149358;0.00625;False;ok;74;1;0.762;
295;-16.83013932;28.23524358;0.0125;False;ok;7;1;0.510;
296;-16.84263932;28.24774358;0.0125;False;ok;26;1;0.649;
297;-16.83013932;28.24774358;0.0125;False;ok;3;1;0.441;
298;-16.81763932;28.23524358;0.025;False;ok;34;1;0.630;
299;-16.79263932;28.21024358;0.05;False;ok;12;1;0.537;
300;-16.84263932;28.26024358;0.05;False;ok;38;1;0.552;
301;-16.64263932;28.21024358;0.1;False;ok;2;1;0.579;
302;-16.54263932;28.21024358;0.1;False;ok;31;1;0.558;
303;-16.44263932;28.21024358;0.1;False;ok;75;1;0.591;
304;-14.24263932;28.21024358;0.1;False;ok;34;1;0.622;
305;-14.14263932;28.21024358;0.1;False;ok;32;1;0.631;
306;-14.04263932;28.21024358;0.1;False;ok;75;1;0.632;
307;-16.94263932;28.31024358;0.1;False;ok;72;1;0.761;
308;-16.84263932;28.31024358;0.05;False;ok;23;1;0.535;
309;-16.79263932;28.31024358;0.05;False;ok;20;1;0.536;
310;-16.84263932;28.36024358;0.05;False;ok;73;1;0.594;
311;-16.79263932;28.36024358;0.05;False;ok;73;1;0.652;
312;-16.74263932;28.31024358;0.05;False;ok;57;1;0.727;
313;-16.69263932;28.31024358;0.05;False;ok;17;1;0.560;
314;-16.74263932;28.36024358;0.025;False;ok;71;1;0.771;
315;-16.71763932;28.36024358;0.025;False;ok;75;1;0.735;
316;-16.69263932;28.36024358;0.05;False;ok;75;1;0.746;
317;-16.59263932;28.31024358;0.05;False;ok;7;1;0.467;
318;-16.64263932;28.36024358;0.05;False;ok;57;1;0.595;
319;-16.59263932;28.36024358;0.025;False;ok;25;1;0.582;
320;-16.56763932;28.36024358;0.025;False;ok;18;1;0.526;
321;-16.59263932;28.38524358;0.025;False;ok;72;1;0.771;
322;-16.56763932;28.38524358;0.025;False;ok;72;1;0.678;
323;-16.54263932;28.31024358;0.05;False;ok;2;1;0.369;
324;-16.54263932;28.36024358;0.05;False;ok;75;1;0.738;
325;-16.49263932;28.36024358;0.05;False;ok;0;1;1.092;
326;-16.44263932;28.31024358;0.05;False;ok;69;1;0.650;
327;-16.39263932;28.31024358;0.05;False;ok;70;1;0.670;
328;-16.39263932;28.36024358;0.05;False;ok;75;1;0.796;
329;-16.34263932;28.31024358;0.1;False;ok;75;1;0.813;
330;-14.24263932;28.31024358;0.1;False;ok;13;1;0.657;
331;-14.14263932;28.31024358;0.1;False;ok;20;1;0.522;
332;-14.04263932;28.31024358;0.1;False;ok;40;1;0.483;
333;-13.94263932;28.31024358;0.05;False;ok;2;1;0.380;
334;-13.89263932;28.36024358;0.025;False;ok;75;1;0.787;
335;-13.86763932;28.36024358;0.025;False;ok;6;1;0.354;
336;-13.88013932;28.38524358;0.0125;False;ok;74;1;0.624;
337;-13.89263932;28.39774358;0.0125;False;ok;11;1;0.555;
338;-13.88013932;28.39774358;0.0125;False;ok;74;1;0.716;
339;-13.86763932;28.38524358;0.0125;False;ok;39;1;0.693;
340;-13.85513932;28.38524358;0.0125;False;ok;8;1;0.503;
341;-13.86763932;28.39774358;0.00625;False;ok;35;1;0.475;
342;-13.86138932;28.39774358;0.00625;False;ok;75;1;0.528;
343;-13.86138932;28.40399358;0.00625;False;ok;7;1;0.439;
344;-13.85513932;28.39774358;0.0125;False;ok;30;1;0.535;
345;-17.94263932;28.41024358;0.1;False;ok;67;1;0.704;
346;-17.84263932;28.41024358;0.1;False;ok;16;1;0.519;
347;-16.56763932;28.41024358;0.0125;False;ok;75;1;0.712;
348;-16.55513932;28.41024358;0.00625;False;ok;75;1;0.622;
349;-16.54888932;28.41024358;0.00625;False;ok;73;1;0.889;
350;-16.55513932;28.41649358;0.00625;False;ok;71;1;0.746;
351;-16.54888932;28.41649358;0.00625;False;ok;74;1;0.674;
352;-16.54263932;28.41024358;0.025;False;ok;74;1;0.853;
353;-16.51763932;28.41024358;0.025;False;ok;74;1;0.726;
354;-16.51763932;28.43524358;0.025;False;ok;4;1;0.492;
355;-16.49263932;28.41024358;0.05;False;ok;75;1;0.786;
356;-16.49263932;28.46024358;0.05;False;ok;39;1;0.634;
357;-16.44263932;28.41024358;0.05;False;ok;5;1;0.475;
358;-16.39263932;28.41024358;0.05;False;ok;21;1;0.537;
359;-16.44263932;28.46024358;0.05;False;ok;74;1;0.649;
360;-16.39263932;28.46024358;0.05;False;ok;39;1;0.619;
361;-16.34263932;28.41024358;0.05;False;ok;46;1;0.574;
362;-16.29263932;28.41024358;0.05;False;ok;46;1;0.543;
363;-16.34263932;28.46024358;0.05;False;ok;74;1;0.834;
364;-16.29263932;28.46024358;0.025;False;ok;46;1;0.567;
365;-16.26763932;28.46024358;0.0125;False;ok;73;1;0.685;
366;-16.25513932;28.46024358;0.0125;False;ok;75;1;1.060;
367;-16.26763932;28.47274358;0.0125;False;ok;7;1;0.415;
368;-16.25513932;28.47274358;0.0125;False;ok;48;1;0.561;
369;-16.29263932;28.48524358;0.025;False;ok;4;1;0.389;
370;-16.24263932;28.41024358;0.1;False;ok;74;1;0.666;
371;-14.14263932;28.41024358;0.1;False;ok;16;1;0.496;
372;-14.04263932;28.41024358;0.1;False;ok;32;1;0.545;
373;-13.89263932;28.41024358;0.05;False;ok;75;1;0.782;
374;-13.94263932;28.46024358;0.05;False;ok;7;1;0.461;
375;-13.89263932;28.46024358;0.025;False;ok;13;1;0.579;
376;-13.86763932;28.46024358;0.025;False;ok;1;1;0.331;
377;-13.89263932;28.48524358;0.025;False;ok;49;1;0.512;
378;-13.86763932;28.48524358;0.025;False;ok;74;1;0.624;
379;-17.89263932;28.51024358;0.05;False;ok;9;1;0.491;
380;-17.91763932;28.56024358;0.025;False;ok;11;1;0.570;
381;-17.94263932;28.58524358;0.025;False;ok;8;1;0.423;
382;-17.91763932;28.58524358;0.0125;False;ok;73;1;0.596;
383;-17.90513932;28.58524358;0.0125;False;ok;11;1;0.480;
384;-17.91763932;28.59774358;0.0125;False;ok;9;1;0.591;
385;-17.90513932;28.59774358;0.0125;False;ok;17;1;0.516;
386;-17.89263932;28.56024358;0.05;False;ok;25;1;0.474;
387;-17.84263932;28.51024358;0.1;False;ok;62;1;0.627;
388;-16.44263932;28.51024358;0.1;False;ok;75;1;0.788;
389;-16.34263932;28.51024358;0.1;False;ok;71;1;0.725;
390;-16.24263932;28.51024358;0.1;False;ok;73;1;0.602;
391;-14.04263932;28.51024358;0.1;False;ok;49;1;0.613;
392;-13.94263932;28.51024358;0.1;False;ok;36;1;0.442;
393;-13.84263932;28.51024358;0.1;False;ok;56;1;0.610;
394;-18.04263932;28.61024358;0.1;False;ok;74;1;0.711;
395;-17.94263932;28.61024358;0.025;False;ok;4;1;0.502;
396;-17.91763932;28.61024358;0.025;False;ok;17;1;0.428;
397;-17.94263932;28.63524358;0.025;False;ok;73;1;0.683;
398;-17.91763932;28.63524358;0.025;False;ok;72;1;0.723;
399;-17.89263932;28.61024358;0.025;False;ok;6;1;0.425;
400;-17.89263932;28.63524358;0.025;False;ok;73;1;0.699;
401;-17.86763932;28.63524358;0.025;False;ok;23;1;0.558;
402;-17.94263932;28.66024358;0.05;False;ok;72;1;0.619;
403;-17.89263932;28.66024358;0.05;False;ok;6;1;0.509;
404;-17.84263932;28.61024358;0.05;False;ok;4;1;0.465;
405;-17.79263932;28.61024358;0.025;False;ok;35;1;0.470;
406;-17.76763932;28.61024358;0.025;False;ok;10;1;0.422;
407;-17.79263932;28.63524358;0.025;False;ok;57;1;0.676;
408;-17.76763932;28.63524358;0.025;False;ok;75;1;0.655;
409;-17.84263932;28.66024358;0.05;False;ok;1;1;0.346;
410;-17.79263932;28.66024358;0.025;False;ok;46;1;0.678;
411;-17.76763932;28.66024358;0.025;False;ok;73;1;0.647;
412;-17.79263932;28.68524358;0.025;False;ok;16;1;0.549;
413;-17.76763932;28.68524358;0.025;False;ok;74;1;0.677;
414;-14.01763932;28.66024358;0.0125;False;ok;0;1;1.107;
415;-14.01763932;28.67274358;0.0125;False;ok;73;1;0.667;
416;-14.00513932;28.67274358;0.0125;False;ok;8;1;0.438;
417;-14.04263932;28.68524358;0.025;False;ok;1;1;0.384;
418;-14.01763932;28.68524358;0.025;False;ok;75;1;0.976;
419;-13.99263932;28.66024358;0.05;False;ok;46;1;0.531;
420;-13.94263932;28.61024358;0.05;False;ok;75;1;0.625;
421;-13.89263932;28.61024358;0.05;False;ok;1;1;0.421;
422;-13.94263932;28.66024358;0.05;False;ok;73;1;0.677;
423;-13.89263932;28.66024358;0.05;False;ok;74;1;0.638;
424;-13.84263932;28.61024358;0.1;False;ok;2;1;0.423;
425;-18.04263932;28.71024358;0.1;False;ok;73;1;0.625;
426;-17.94263932;28.71024358;0.1;False;ok;20;1;0.472;
427;-17.84263932;28.71024358;0.1;False;ok;68;1;0.637;
428;-17.74263932;28.71024358;0.1;False;ok;4;1;0.509;
429;-14.04263932;28.71024358;0.1;False;ok;71;1;0.698;
430;-13.94263932;28.71024358;0.05;False;ok;4;1;0.411;
431;-13.88013932;28.71024358;0.0125;False;ok;75;1;0.643;
432;-13.89263932;28.72274358;0.0125;False;ok;0;1;1.236;
433;-13.88013932;28.72274358;0.0125;False;ok;73;1;0.757;
434;-13.86763932;28.71024358;0.0125;False;ok;45;1;0.671;
435;-13.86763932;28.72274358;0.00625;False;ok;75;1;0.700;
436;-13.86138932;28.72274358;0.00625;False;ok;74;1;0.742;
437;-13.86763932;28.72899358;0.00625;False;ok;75;1;0.755;
438;-13.86138932;28.72899358;0.00625;False;ok;52;1;0.755;
439;-13.85513932;28.72274358;0.0125;False;ok;17;1;0.546;
440;-13.87388932;28.73524358;0.003125;False;ok;71;1;0.666;
441;-13.87076432;28.73524358;0.003125;False;ok;74;1;0.587;
442;-13.87388932;28.73836858;0.003125;False;ok;23;1;0.623;
443;-13.87076432;28.73836858;0.003125;False;ok;75;1;0.591;
444;-13.87388932;28.74149358;0.00625;False;ok;75;1;0.541;
445;-13.86763932;28.73524358;0.025;False;ok;75;1;0.697;
446;-13.84263932;28.71024358;0.1;False;ok;2;1;0.354;
447;-13.74263932;28.71024358;0.1;False;ok;1;1;0.438;
448;-18.04263932;28.81024358;0.1;False;ok;7;1;0.545;
449;-17.94263932;28.81024358;0.1;False;ok;11;1;0.578;
450;-17.84263932;28.81024358;0.1;False;ok;23;1;0.475;
451;-13.89263932;28.81024358;0.05;False;ok;5;1;0.437;
452;-13.89263932;28.86024358;0.025;False;ok;73;1;0.588;
453;-13.86763932;28.86024358;0.0125;False;ok;73;1;0.739;
454;-13.85513932;28.86024358;0.00625;False;ok;14;1;0.576;
455;-13.84888932;28.86024358;0.00625;False;ok;39;1;0.494;
456;-13.85513932;28.86649358;0.00625;False;ok;5;1;0.395;
457;-13.84888932;28.86649358;0.00625;False;ok;54;1;0.441;
458;-13.85513932;28.87274358;0.0125;False;ok;74;1;0.670;
459;-13.84263932;28.81024358;0.05;False;ok;75;1;0.748;
460;-13.84263932;28.86024358;0.00625;False;ok;28;1;0.545;
461;-13.83638932;28.86024358;0.00625;False;ok;74;1;0.611;
462;-13.84263932;28.86649358;0.00625;False;ok;72;1;0.632;
463;-13.83638932;28.86649358;0.00625;False;ok;22;1;0.601;
464;-13.83013932;28.86024358;0.0125;False;ok;75;1;0.895;
465;-13.84263932;28.87274358;0.0125;False;ok;58;1;0.655;
466;-13.83013932;28.87274358;0.0125;False;ok;75;1;0.626;
467;-13.81763932;28.86024358;0.0125;False;ok;73;1;0.711;
468;-13.80513932;28.86024358;0.00625;False;ok;75;1;0.676;
469;-13.79888932;28.86024358;0.00625;False;ok;57;1;0.651;
470;-13.80513932;28.86649358;0.00625;False;ok;41;1;0.595;
471;-13.74263932;28.81024358;0.1;False;ok;21;1;0.467;
472;-13.84263932;28.91024358;0.1;False;ok;74;1;0.618;
473;-13.71763932;28.91024358;0.025;False;ok;75;1;0.665;
474;-13.74263932;28.93524358;0.025;False;ok;13;1;0.495;
475;-13.71763932;28.93524358;0.025;False;ok;73;1;0.657;
476;-13.69263932;28.91024358;0.0125;False;ok;3;1;0.373;
477;-13.68013932;28.91024358;0.0125;False;ok;74;1;0.523;
478;-13.69263932;28.92274358;0.0125;False;ok;9;1;0.444;
479;-13.68013932;28.92274358;0.00625;False;ok;73;1;0.663;
480;-13.67388932;28.92274358;0.003125;False;ok;44;1;0.645;
481;-13.67076432;28.92274358;0.003125;False;ok;59;1;0.561;
482;-13.67388932;28.92586858;0.003125;False;ok;16;1;0.546;
483;-13.67076432;28.92586858;0.003125;False;ok;8;1;0.484;
484;-13.68013932;28.92899358;0.00625;False;ok;7;1;0.677;
485;-13.67388932;28.92899358;0.00625;False;ok;12;1;0.489;
486;-13.66763932;28.91024358;0.0125;False;ok;74;1;0.547;
487;-13.65513932;28.91649358;0.00625;False;ok;74;1;0.652;
488;-13.64888932;28.91649358;0.00625;False;ok;75;1;0.576;
489;-13.66763932;28.92274358;0.00625;False;ok;75;1;0.625;
490;-13.66138932;28.92274358;0.00625;False;ok;74;1;0.526;
491;-13.66763932;28.92899358;0.00625;False;ok;1;1;0.355;
492;-13.65513932;28.92274358;0.0125;False;ok;74;1;0.548;
493;-13.69263932;28.93524358;0.025;False;ok;55;1;0.493;
494;-13.66763932;28.93524358;0.025;False;ok;72;1;0.648;
495;-13.74263932;28.96024358;0.05;False;ok;17;1;0.615;
496;-13.69263932;28.96024358;0.05;False;ok;75;1;0.687;
497;-13.64263932;28.91024358;0.0125;False;ok;12;1;0.440;
498;-13.64263932;28.92274358;0.0125;False;ok;75;1;0.680;
499;-13.63013932;28.92274358;0.0125;False;ok;42;1;0.634;
500;-13.61763932;28.91024358;0.025;False;ok;15;1;0.552;
501;-13.64263932;28.93524358;0.025;False;ok;45;1;0.475;
502;-13.61763932;28.93524358;0.025;False;ok;73;1;0.741;
503;-13.59263932;28.94774358;0.0125;False;ok;74;1;0.725;
504;-13.58013932;28.94774358;0.0125;False;ok;14;1;0.547;
505;-13.56763932;28.93524358;0.025;False;ok;75;1;0.867;
506;-13.64263932;28.96024358;0.05;False;ok;59;1;0.599;
507;-13.59263932;28.96024358;0.025;False;ok;21;1;0.488;
508;-13.56763932;28.96024358;0.0125;False;ok;30;1;0.492;
509;-13.55513932;28.96024358;0.0125;False;ok;75;1;0.697;
510;-13.56763932;28.97274358;0.0125;False;ok;16;1;0.503;
511;-13.55513932;28.97274358;0.0125;False;ok;7;1;0.445;
512;-13.56763932;28.98524358;0.025;False;ok;4;1;0.478;
513;-13.54263932;28.96024358;0.025;False;ok;9;1;0.451;
514;-13.51763932;28.96024358;0.025;False;ok;5;1;0.554;
515;-13.54263932;28.98524358;0.025;False;ok;14;1;0.446;
516;-13.51763932;28.98524358;0.0125;False;ok;47;1;0.550;
517;-13.50513932;28.98524358;0.0125;False;ok;74;1;0.725;
518;-13.51763932;28.99774358;0.0125;False;ok;14;1;0.540;
519;-13.50513932;28.99774358;0.0125;False;ok;48;1;0.683;
520;-13.49263932;28.98524358;0.0125;False;ok;42;1;0.555;
521;-13.49263932;28.99774358;0.0125;False;ok;74;1;0.662;
522;-13.69263932;29.01024358;0.05;False;ok;62;1;0.605;
523;-13.69263932;29.06024358;0.05;False;ok;75;1;0.626;
524;-13.64263932;29.01024358;0.05;False;ok;41;1;0.532;
525;-13.59263932;29.01024358;0.05;False;ok;72;1;0.630;
526;-13.64263932;29.06024358;0.05;False;ok;16;1;0.554;
527;-13.59263932;29.06024358;0.05;False;ok;23;1;0.508;
528;-13.54263932;29.01024358;0.05;False;ok;14;1;0.497;
529;-13.49263932;29.01024358;0.05;False;ok;7;1;0.423;
530;-13.54263932;29.06024358;0.05;False;ok;18;1;0.501;
531;-13.49263932;29.06024358;0.05;False;ok;75;1;0.647;
532;-13.74263932;29.11024358;0.1;False;ok;0;1;1.113;
533;-13.64263932;29.11024358;0.05;False;ok;21;1;0.485;
534;-13.59263932;29.11024358;0.05;False;ok;74;1;0.720;
535;-13.54263932;29.11024358;0.05;False;ok;33;1;0.583;
536;-13.49263932;29.11024358;0.025;False;ok;15;1;0.524;
537;-13.46763932;29.11024358;0.025;False;ok;75;1;0.692;
538;-13.49263932;29.13524358;0.025;False;ok;9;1;0.452;
539;-13.46763932;29.13524358;0.025;False;ok;75;1;0.618;
540;-13.54263932;29.16024358;0.05;False;ok;3;1;0.484;
541;-13.49263932;29.16024358;0.05;False;ok;11;1;0.503;
542;-13.44263932;29.11024358;0.1;False;ok;0;1;1.117;
543;-13.54263932;29.21024358;0.05;False;ok;74;1;0.461;
544;-13.49263932;29.21024358;0.05;False;ok;42;1;0.917;
545;-13.49263932;29.26024358;0.05;False;ok;3;1;0.425;
546;-8.919748187;41.83647628;0.05;True;ok;2;1;0.509;
547;-8.869748187;41.83647628;0.05;True;ok;2;1;0.691;
548;-8.719748187;41.78647628;0.1;True;ok;0;1;0.535;
549;-8.219748187;41.78647628;0.1;True;ok;2;1;0.539;
550;-8.119748187;41.78647628;0.1;False;ok;13;1;0.736;
551;-8.919748187;41.88647628;0.1;True;ok;73;1;0.693;
552;-8.819748187;41.88647628;0.1;True;ok;13;1;0.779;
553;-8.219748187;41.88647628;0.1;False;ok;2;1;0.363;
554;-8.119748187;41.88647628;0.1;False;ok;26;1;0.513;
555;-8.019748187;41.88647628;0.1;False;ok;9;1;0.481;
556;-7.919748187;41.88647628;0.1;True;ok;0;1;0.511;
557;-7.519748187;41.88647628;0.1;False;ok;13;1;0.585;
558;-8.919748187;41.98647628;0.1;False;ok;54;1;0.542;
559;-8.819748187;41.98647628;0.1;False;ok;23;1;0.511;
560;-8.719748187;41.98647628;0.1;True;ok;45;1;0.651;
561;-8.619748187;41.98647628;0.1;True;ok;6;1;0.559;
562;-7.919748187;41.98647628;0.1;False;ok;2;1;0.436;
563;-7.819748187;41.98647628;0.1;False;ok;5;1;0.420;
564;-7.519748187;41.98647628;0.1;False;ok;4;1;0.426;
565;-7.419748187;41.98647628;0.1;False;ok;2;1;0.382;
566;-7.219748187;41.98647628;0.1;False;ok;3;1;0.438;
567;-7.119748187;41.98647628;0.1;False;ok;3;1;0.450;
568;-7.019748187;41.98647628;0.1;False;ok;1;1;0.403;
569;-6.919748187;41.98647628;0.1;False;ok;11;1;0.476;
570;-6.819748187;41.98647628;0.1;False;ok;2;1;0.395;
571;-6.719748187;41.98647628;0.1;False;ok;43;1;0.678;
572;-8.919748187;42.08647628;0.1;False;ok;75;1;0.704;
573;-8.819748187;42.08647628;0.1;False;ok;74;1;0.676;
574;-8.719748187;42.08647628;0.1;False;ok;61;1;0.708;
575;-8.619748187;42.08647628;0.1;False;ok;44;1;0.552;
576;-8.519748187;42.08647628;0.1;False;ok;29;1;0.552;
577;-8.419748187;42.08647628;0.1;False;ok;4;1;0.419;
578;-8.319748187;42.08647628;0.1;True;ok;18;1;0.631;
579;-8.219748187;42.08647628;0.1;True;ok;9;1;0.506;
580;-8.119748187;42.08647628;0.1;False;ok;2;1;0.391;
581;-8.019748187;42.08647628;0.1;False;ok;16;1;0.493;
582;-7.919748187;42.08647628;0.1;False;ok;10;1;0.509;
583;-7.819748187;42.08647628;0.1;False;ok;6;1;0.449;
584;-7.619748187;42.08647628;0.1;False;ok;1;1;0.447;
585;-7.219748187;42.08647628;0.1;False;ok;2;1;0.484;
586;-7.119748187;42.08647628;0.1;False;ok;0;1;1.277;
587;-6.819748187;42.08647628;0.1;False;ok;4;1;0.416;
588;-6.719748187;42.08647628;0.1;False;ok;42;1;0.597;
589;-8.919748187;42.18647628;0.1;False;ok;38;1;0.545;
590;-8.819748187;42.18647628;0.05;False;ok;63;1;0.570;
591;-8.769748187;42.18647628;0.05;False;ok;75;1;2.323;
592;-8.819748187;42.23647628;0.05;False;ok;73;1;0.588;
593;-8.769748187;42.23647628;0.05;False;ok;74;1;0.841;
594;-8.719748187;42.18647628;0.05;False;ok;75;1;0.772;
595;-8.669748187;42.18647628;0.05;False;ok;8;1;1.878;
596;-8.719748187;42.23647628;0.05;False;ok;72;1;0.898;
597;-8.669748187;42.23647628;0.05;False;ok;10;1;0.636;
598;-8.619748187;42.18647628;0.1;False;ok;72;1;0.565;
599;-8.519748187;42.18647628;0.1;False;ok;41;1;0.578;
600;-8.419748187;42.18647628;0.1;False;ok;17;1;1.931;
601;-8.319748187;42.18647628;0.1;False;ok;13;1;0.470;
602;-8.219748187;42.18647628;0.1;False;ok;22;1;0.573;
603;-8.119748187;42.18647628;0.1;False;ok;3;1;0.412;
604;-7.919748187;42.18647628;0.1;False;ok;19;1;0.486;
605;-7.819748187;42.18647628;0.1;False;ok;48;1;0.573;
606;-7.719748187;42.18647628;0.1;False;ok;6;1;0.403;
607;-7.619748187;42.18647628;0.1;False;ok;2;1;0.386;
608;-7.419748187;42.18647628;0.1;False;ok;0;1;1.170;
609;-7.319748187;42.18647628;0.1;False;ok;6;1;0.380;
610;-7.119748187;42.18647628;0.1;False;ok;2;1;0.388;
611;-8.919748187;42.28647628;0.1;False;ok;12;1;0.427;
612;-8.819748187;42.28647628;0.1;False;ok;73;1;0.643;
613;-8.719748187;42.28647628;0.1;False;ok;61;1;0.605;
614;-8.619748187;42.28647628;0.1;False;ok;72;1;0.708;
615;-8.519748187;42.28647628;0.1;False;ok;5;1;0.488;
616;-8.319748187;42.28647628;0.1;False;ok;1;1;0.464;
617;-8.219748187;42.28647628;0.1;False;ok;31;1;0.538;
618;-8.119748187;42.28647628;0.1;False;ok;22;1;0.532;
619;-8.019748187;42.28647628;0.1;False;ok;7;1;0.449;
620;-7.919748187;42.28647628;0.05;False;ok;5;1;0.497;
621;-7.869748187;42.28647628;0.05;False;ok;62;1;0.593;
622;-7.919748187;42.33647628;0.05;False;ok;29;1;0.623;
623;-7.869748187;42.33647628;0.05;False;ok;75;1;0.655;
624;-7.819748187;42.28647628;0.1;False;ok;37;1;0.554;
625;-7.719748187;42.28647628;0.1;False;ok;11;1;0.446;
626;-7.619748187;42.28647628;0.1;False;ok;26;1;0.524;
627;-7.519748187;42.28647628;0.1;False;ok;18;1;0.516;
628;-7.419748187;42.28647628;0.1;False;ok;13;1;0.563;
629;-7.319748187;42.28647628;0.1;False;ok;11;1;0.510;
630;-7.219748187;42.28647628;0.1;False;ok;7;1;0.464;
631;-6.819748187;42.28647628;0.1;False;ok;3;1;0.480;
632;-9.019748187;42.38647628;0.1;False;ok;45;1;0.495;
633;-8.919748187;42.38647628;0.05;False;ok;32;1;0.512;
634;-8.869748187;42.38647628;0.025;False;ok;47;1;0.607;
635;-8.844748187;42.38647628;0.0125;False;ok;29;1;0.521;
636;-8.832248187;42.38647628;0.0125;False;ok;74;1;0.749;
637;-8.844748187;42.39897628;0.0125;False;ok;15;1;0.497;
638;-8.832248187;42.39897628;0.0125;False;ok;33;1;0.518;
639;-8.869748187;42.41147628;0.025;False;ok;54;1;0.741;
640;-8.844748187;42.41147628;0.025;False;ok;19;1;0.449;
641;-8.919748187;42.43647628;0.05;False;ok;62;1;0.638;
642;-8.869748187;42.43647628;0.05;False;ok;74;1;0.686;
643;-8.819748187;42.39897628;0.0125;False;ok;73;1;0.710;
644;-8.807248187;42.39897628;0.0125;False;ok;75;1;0.605;
645;-8.794748187;42.38647628;0.025;False;ok;60;1;0.620;
646;-8.819748187;42.41147628;0.025;False;ok;21;1;0.513;
647;-8.769748187;42.38647628;0.05;False;ok;70;1;0.524;
648;-8.819748187;42.43647628;0.05;False;ok;54;1;0.626;
649;-8.769748187;42.43647628;0.05;False;ok;18;1;0.491;
650;-8.719748187;42.38647628;0.05;False;ok;67;1;0.534;
651;-8.669748187;42.41147628;0.025;False;ok;65;1;0.495;
652;-8.644748187;42.41147628;0.025;False;ok;73;1;0.463;
653;-8.719748187;42.43647628;0.05;False;ok;46;1;0.473;
654;-8.669748187;42.43647628;0.05;False;ok;23;1;0.491;
655;-8.619748187;42.38647628;0.1;False;ok;20;1;0.493;
656;-8.519748187;42.38647628;0.1;False;ok;16;1;0.626;
657;-8.419748187;42.38647628;0.1;False;ok;4;1;0.452;
658;-8.319748187;42.38647628;0.1;False;ok;2;1;0.438;
659;-8.219748187;42.38647628;0.1;False;ok;7;1;0.489;
660;-8.119748187;42.38647628;0.1;False;ok;23;1;0.481;
661;-8.019748187;42.38647628;0.1;False;ok;11;1;0.418;
662;-7.919748187;42.38647628;0.1;False;ok;13;1;0.424;
663;-7.819748187;42.38647628;0.1;False;ok;21;1;0.604;
664;-7.719748187;42.38647628;0.1;False;ok;21;1;0.460;
665;-7.619748187;42.38647628;0.1;False;ok;35;1;0.600;
666;-7.519748187;42.38647628;0.1;False;ok;32;1;0.468;
667;-7.419748187;42.38647628;0.1;False;ok;1;1;0.456;
668;-7.319748187;42.38647628;0.1;False;ok;14;1;0.720;
669;-7.219748187;42.38647628;0.1;False;ok;2;1;0.421;
670;-7.119748187;42.38647628;0.1;False;ok;10;1;0.543;
671;-7.019748187;42.38647628;0.1;False;ok;18;1;0.628;
672;-6.919748187;42.38647628;0.1;False;ok;5;1;0.447;
673;-6.819748187;42.38647628;0.1;False;ok;13;1;0.436;
674;-9.119748187;42.48647628;0.1;False;ok;21;1;0.457;
675;-9.019748187;42.48647628;0.1;False;ok;73;1;0.630;
676;-8.919748187;42.48647628;0.05;False;ok;52;1;0.553;
677;-8.869748187;42.48647628;0.05;False;ok;75;1;0.648;
678;-8.919748187;42.53647628;0.05;False;ok;28;1;0.493;
679;-8.869748187;42.53647628;0.05;False;ok;74;1;0.723;
680;-8.819748187;42.48647628;0.1;False;ok;74;1;0.646;
681;-8.719748187;42.48647628;0.1;False;ok;44;1;0.647;
682;-8.619748187;42.48647628;0.1;False;ok;15;1;0.552;
683;-8.519748187;42.48647628;0.1;False;ok;9;1;0.497;
684;-8.419748187;42.48647628;0.1;False;ok;10;1;0.461;
685;-8.319748187;42.48647628;0.1;False;ok;6;1;0.489;
686;-8.219748187;42.48647628;0.1;False;ok;1;1;0.411;
687;-8.119748187;42.48647628;0.1;False;ok;6;1;0.439;
688;-8.019748187;42.48647628;0.1;False;ok;4;1;0.395;
689;-7.919748187;42.48647628;0.1;False;ok;3;1;0.507;
690;-7.819748187;42.48647628;0.1;False;ok;10;1;0.508;
691;-7.719748187;42.48647628;0.1;False;ok;31;1;0.535;
692;-7.619748187;42.48647628;0.1;False;ok;22;1;0.585;
693;-7.519748187;42.48647628;0.1;False;ok;74;1;0.625;
694;-7.419748187;42.48647628;0.1;False;ok;7;1;0.419;
695;-7.219748187;42.48647628;0.1;False;ok;1;1;0.423;
696;-7.119748187;42.48647628;0.1;False;ok;3;1;0.429;
697;-6.919748187;42.48647628;0.1;False;ok;3;1;0.438;
698;-6.819748187;42.48647628;0.1;False;ok;24;1;0.556;
699;-6.719748187;42.48647628;0.1;False;ok;25;1;0.568;
700;-9.119748187;42.58647628;0.1;False;ok;20;1;0.532;
701;-9.019748187;42.58647628;0.1;False;ok;60;1;0.540;
702;-8.919748187;42.58647628;0.1;False;ok;74;1;0.624;
703;-8.819748187;42.58647628;0.1;False;ok;74;1;0.667;
704;-8.719748187;42.58647628;0.1;False;ok;73;1;0.705;
705;-8.619748187;42.58647628;0.1;False;ok;26;1;0.470;
706;-8.519748187;42.58647628;0.1;False;ok;7;1;0.490;
707;-8.419748187;42.58647628;0.1;False;ok;4;1;0.498;
708;-8.319748187;42.58647628;0.1;False;ok;3;1;0.447;
709;-8.219748187;42.58647628;0.1;False;ok;10;1;0.501;
710;-8.119748187;42.58647628;0.1;False;ok;11;1;0.442;
711;-8.019748187;42.58647628;0.1;False;ok;2;1;0.513;
712;-7.919748187;42.58647628;0.1;False;ok;4;1;0.464;
713;-7.819748187;42.58647628;0.1;False;ok;46;1;0.588;
714;-7.719748187;42.58647628;0.1;False;ok;8;1;0.412;
715;-7.519748187;42.58647628;0.1;False;ok;5;1;0.447;
716;-7.419748187;42.58647628;0.1;False;ok;5;1;0.484;
717;-7.319748187;42.58647628;0.1;False;ok;8;1;0.432;
718;-7.219748187;42.58647628;0.1;False;ok;7;1;0.493;
719;-7.019748187;42.58647628;0.1;False;ok;15;1;0.444;
720;-6.919748187;42.58647628;0.1;False;ok;6;1;0.456;
721;-6.819748187;42.58647628;0.1;False;ok;31;1;0.548;
722;-6.719748187;42.58647628;0.1;False;ok;10;1;0.408;
723;-9.219748187;42.68647628;0.1;False;ok;4;1;0.488;
724;-9.119748187;42.68647628;0.1;False;ok;73;1;0.672;
725;-9.019748187;42.68647628;0.1;False;ok;72;1;0.793;
726;-8.919748187;42.68647628;0.1;False;ok;58;1;0.511;
727;-8.819748187;42.68647628;0.1;False;ok;9;1;0.505;
728;-8.719748187;42.68647628;0.1;False;ok;74;1;0.642;
729;-8.619748187;42.68647628;0.1;False;ok;11;1;0.533;
730;-8.519748187;42.68647628;0.1;False;ok;33;1;0.583;
731;-8.419748187;42.68647628;0.1;False;ok;16;1;0.652;
732;-8.319748187;42.68647628;0.1;False;ok;30;1;0.564;
733;-8.219748187;42.68647628;0.1;False;ok;5;1;0.477;
734;-7.919748187;42.68647628;0.1;False;ok;3;1;0.422;
735;-7.819748187;42.68647628;0.1;False;ok;5;1;0.433;
736;-7.619748187;42.68647628;0.1;False;ok;5;1;0.430;
737;-7.519748187;42.68647628;0.1;False;ok;10;1;0.491;
738;-7.419748187;42.68647628;0.1;False;ok;75;1;0.600;
739;-7.319748187;42.68647628;0.1;False;ok;22;1;0.545;
740;-7.219748187;42.68647628;0.1;False;ok;8;1;0.521;
741;-7.119748187;42.68647628;0.1;False;ok;10;1;0.457;
742;-7.019748187;42.68647628;0.1;False;ok;2;1;0.435;
743;-6.719748187;42.68647628;0.1;False;ok;28;1;0.584;
744;-9.319748187;42.78647628;0.1;False;ok;1;1;0.401;
745;-9.219748187;42.78647628;0.1;False;ok;43;1;0.573;
746;-9.119748187;42.78647628;0.1;False;ok;56;1;0.609;
747;-9.019748187;42.78647628;0.1;False;ok;46;1;0.660;
748;-8.919748187;42.78647628;0.1;False;ok;37;1;0.541;
749;-8.819748187;42.78647628;0.1;False;ok;5;1;0.440;
750;-8.719748187;42.78647628;0.1;False;ok;45;1;0.456;
751;-8.619748187;42.78647628;0.05;False;ok;15;1;0.471;
752;-8.569748187;42.78647628;0.05;False;ok;10;1;0.508;
753;-8.619748187;42.83647628;0.05;False;ok;52;1;0.635;
754;-8.569748187;42.83647628;0.025;False;ok;1;1;0.323;
755;-8.569748187;42.86147628;0.0125;False;ok;9;1;0.485;
756;-8.557248187;42.86147628;0.0125;False;ok;64;1;0.503;
757;-8.569748187;42.87397628;0.0125;False;ok;4;1;0.424;
758;-8.557248187;42.87397628;0.0125;False;ok;74;1;0.601;
759;-8.544748187;42.86147628;0.0125;False;ok;6;1;0.470;
760;-8.532248187;42.86147628;0.0125;False;ok;1;1;0.350;
761;-8.544748187;42.87397628;0.00625;False;ok;56;1;0.577;
762;-8.538498187;42.87397628;0.00625;False;ok;4;1;0.469;
763;-8.544748187;42.88022628;0.00625;False;ok;53;1;0.487;
764;-8.538498187;42.88022628;0.00625;False;ok;23;1;0.520;
765;-8.532248187;42.87397628;0.0125;False;ok;7;1;0.463;
766;-8.519748187;42.78647628;0.1;False;ok;21;1;0.535;
767;-8.419748187;42.78647628;0.1;False;ok;17;1;0.520;
768;-8.319748187;42.78647628;0.1;False;ok;4;1;0.385;
769;-8.219748187;42.78647628;0.1;False;ok;8;1;0.387;
770;-8.119748187;42.78647628;0.1;False;ok;5;1;0.485;
771;-8.019748187;42.78647628;0.1;False;ok;10;1;0.503;
772;-7.919748187;42.78647628;0.1;False;ok;65;1;0.546;
773;-7.819748187;42.78647628;0.1;False;ok;10;1;0.454;
774;-7.719748187;42.78647628;0.1;False;ok;4;1;0.417;
775;-7.619748187;42.78647628;0.1;False;ok;52;1;0.517;
776;-7.519748187;42.78647628;0.1;False;ok;3;1;0.441;
777;-7.419748187;42.78647628;0.1;False;ok;1;1;0.417;
778;-7.319748187;42.78647628;0.1;False;ok;1;1;0.384;
779;-7.219748187;42.78647628;0.1;False;ok;4;1;0.422;
780;-7.119748187;42.78647628;0.1;False;ok;3;1;0.497;
781;-6.919748187;42.78647628;0.1;False;ok;6;1;0.436;
782;-6.819748187;42.78647628;0.1;False;ok;4;1;0.419;
783;-6.719748187;42.78647628;0.1;False;ok;0;1;1.207;
784;-9.319748187;42.88647628;0.05;False;ok;3;1;0.397;
785;-9.269748187;42.88647628;0.025;False;ok;74;1;0.594;
786;-9.269748187;42.91147628;0.025;False;ok;74;1;0.649;
787;-9.269748187;42.93647628;0.05;False;ok;31;1;0.530;
788;-9.219748187;42.88647628;0.05;False;ok;26;1;0.512;
789;-9.169748187;42.88647628;0.05;False;ok;72;1;0.593;
790;-9.219748187;42.93647628;0.05;False;ok;74;1;0.672;
791;-9.169748187;42.93647628;0.05;False;ok;1;1;0.435;
792;-9.119748187;42.88647628;0.1;False;ok;12;1;0.422;
793;-9.019748187;42.88647628;0.1;False;ok;23;1;0.484;
794;-8.919748187;42.88647628;0.1;False;ok;5;1;0.775;
795;-8.819748187;42.88647628;0.1;False;ok;39;1;0.496;
796;-8.719748187;42.88647628;0.1;False;ok;8;1;0.542;
797;-8.619748187;42.88647628;0.1;False;ok;69;1;0.502;
798;-8.519748187;42.88647628;0.1;False;ok;48;1;0.555;
799;-8.419748187;42.88647628;0.1;False;ok;67;1;0.549;
800;-8.319748187;42.88647628;0.1;False;ok;17;1;0.513;
801;-8.219748187;42.88647628;0.1;False;ok;74;1;0.607;
802;-8.119748187;42.88647628;0.1;False;ok;24;1;0.519;
803;-8.019748187;42.88647628;0.1;False;ok;68;1;0.716;
804;-7.919748187;42.88647628;0.1;False;ok;8;1;0.414;
805;-7.819748187;42.88647628;0.1;False;ok;10;1;0.532;
806;-7.719748187;42.88647628;0.1;False;ok;3;1;0.438;
807;-7.619748187;42.88647628;0.1;False;ok;6;1;0.478;
808;-7.519748187;42.88647628;0.1;False;ok;1;1;0.360;
809;-7.419748187;42.88647628;0.1;False;ok;2;1;0.368;
810;-7.319748187;42.88647628;0.1;False;ok;5;1;0.444;
811;-7.219748187;42.88647628;0.1;False;ok;2;1;0.353;
812;-7.019748187;42.88647628;0.1;False;ok;5;1;0.419;
813;-9.319748187;42.98647628;0.1;False;ok;36;1;0.474;
814;-9.219748187;42.98647628;0.1;False;ok;50;1;0.526;
815;-9.119748187;42.98647628;0.1;False;ok;6;1;0.608;
816;-9.019748187;42.98647628;0.1;False;ok;10;1;0.488;
817;-8.919748187;42.98647628;0.1;False;ok;3;1;0.427;
818;-8.819748187;42.98647628;0.1;False;ok;6;1;0.485;
819;-8.519748187;42.98647628;0.1;False;ok;3;1;0.412;
820;-8.419748187;42.98647628;0.1;False;ok;8;1;0.468;
821;-8.319748187;42.98647628;0.1;False;ok;3;1;0.458;
822;-8.219748187;42.98647628;0.1;False;ok;12;1;0.442;
823;-8.119748187;42.98647628;0.1;False;ok;12;1;0.472;
824;-8.019748187;42.98647628;0.1;False;ok;0;1;1.209;
825;-7.919748187;42.98647628;0.1;False;ok;2;1;0.462;
826;-7.719748187;42.98647628;0.1;False;ok;2;1;0.414;
827;-7.619748187;42.98647628;0.1;False;ok;75;1;0.673;
828;-7.519748187;42.98647628;0.1;False;ok;2;1;0.409;
829;-7.319748187;42.98647628;0.1;False;ok;6;1;0.422;
830;-7.019748187;42.98647628;0.1;False;ok;2;1;0.380;
831;-6.919748187;42.98647628;0.1;False;ok;5;1;0.436;
832;-6.719748187;42.98647628;0.1;False;ok;8;1;0.576;
833;-9.219748187;43.08647628;0.1;False;ok;75;1;0.671;
834;-9.119748187;43.08647628;0.1;False;ok;64;1;0.605;
835;-9.019748187;43.08647628;0.1;False;ok;18;1;0.578;
836;-8.919748187;43.08647628;0.1;False;ok;8;1;0.432;
837;-8.819748187;43.08647628;0.1;False;ok;1;1;0.372;
838;-8.719748187;43.08647628;0.1;False;ok;3;1;0.421;
839;-8.419748187;43.08647628;0.1;False;ok;14;1;0.433;
840;-8.219748187;43.08647628;0.1;False;ok;2;1;0.434;
841;-8.119748187;43.08647628;0.1;False;ok;5;1;0.620;
842;-8.019748187;43.08647628;0.1;False;ok;2;1;0.343;
843;-7.919748187;43.08647628;0.1;False;ok;10;1;0.692;
844;-7.819748187;43.08647628;0.1;False;ok;4;1;0.478;
845;-7.719748187;43.08647628;0.1;False;ok;3;1;0.540;
846;-7.619748187;43.08647628;0.1;False;ok;13;1;0.457;
847;-7.419748187;43.08647628;0.1;False;ok;2;1;0.393;
848;-7.219748187;43.08647628;0.1;False;ok;1;1;0.491;
849;-7.119748187;43.08647628;0.1;False;ok;10;1;0.440;
850;-6.919748187;43.08647628;0.1;False;ok;1;1;0.432;
851;-6.819748187;43.08647628;0.1;False;ok;1;1;0.468;
852;-6.719748187;43.08647628;0.1;False;ok;1;1;0.401;
853;-9.019748187;43.18647628;0.1;False;ok;75;1;0.676;
854;-8.919748187;43.18647628;0.1;False;ok;53;1;0.607;
855;-8.819748187;43.18647628;0.1;False;ok;28;1;0.531;
856;-8.719748187;43.18647628;0.1;False;ok;35;1;0.506;
857;-8.619748187;43.18647628;0.1;False;ok;2;1;0.432;
858;-8.419748187;43.18647628;0.1;False;ok;6;1;0.453;
859;-8.319748187;43.18647628;0.1;False;ok;15;1;0.531;
860;-8.219748187;43.18647628;0.1;False;ok;43;1;0.538;
861;-8.119748187;43.18647628;0.1;False;ok;3;1;0.518;
862;-7.719748187;43.18647628;0.1;False;ok;1;1;0.375;
863;-7.619748187;43.18647628;0.1;False;ok;5;1;0.422;
864;-7.519748187;43.18647628;0.1;False;ok;1;1;0.531;
865;-7.419748187;43.18647628;0.1;False;ok;2;1;0.407;
866;-7.319748187;43.18647628;0.1;False;ok;4;1;0.435;
867;-7.219748187;43.18647628;0.1;False;ok;2;1;0.484;
868;-7.119748187;43.18647628;0.1;False;ok;13;1;0.483;
869;-7.019748187;43.18647628;0.1;False;ok;10;1;0.496;
870;-6.919748187;43.18647628;0.1;False;ok;4;1;0.453;
871;-6.819748187;43.18647628;0.1;False;ok;2;1;0.417;
872;-8.919748187;43.28647628;0.1;False;ok;27;1;0.510;
873;-8.819748187;43.28647628;0.1;False;ok;75;1;0.689;
874;-8.719748187;43.28647628;0.1;False;ok;22;1;0.515;
875;-8.619748187;43.28647628;0.1;False;ok;19;1;0.608;
876;-8.519748187;43.28647628;0.1;False;ok;32;1;0.609;
877;-8.419748187;43.28647628;0.05;False;ok;16;1;0.549;
878;-8.369748187;43.28647628;0.05;False;ok;9;1;0.557;
879;-8.419748187;43.33647628;0.025;False;ok;63;1;0.586;
880;-8.394748187;43.33647628;0.025;False;ok;10;1;0.523;
881;-8.419748187;43.36147628;0.0125;False;ok;27;1;0.604;
882;-8.407248187;43.36147628;0.0125;False;ok;70;1;0.728;
883;-8.419748187;43.37397628;0.0125;False;ok;3;1;0.440;
884;-8.407248187;43.37397628;0.0125;False;ok;37;1;0.612;
885;-8.394748187;43.36147628;0.025;False;ok;10;1;0.501;
886;-8.369748187;43.33647628;0.05;False;ok;15;1;0.578;
887;-8.319748187;43.28647628;0.1;False;ok;52;1;0.587;
888;-8.219748187;43.28647628;0.1;False;ok;72;1;0.710;
889;-8.119748187;43.28647628;0.1;False;ok;5;1;0.559;
890;-8.019748187;43.28647628;0.1;False;ok;4;1;0.486;
891;-7.919748187;43.28647628;0.1;False;ok;2;1;0.411;
892;-7.819748187;43.28647628;0.1;False;ok;2;1;0.551;
893;-7.719748187;43.28647628;0.1;False;ok;15;1;0.684;
894;-7.619748187;43.28647628;0.1;False;ok;1;1;0.361;
895;-7.519748187;43.28647628;0.1;False;ok;4;1;0.368;
896;-7.319748187;43.28647628;0.1;False;ok;5;1;0.408;
897;-7.219748187;43.28647628;0.1;False;ok;23;1;0.584;
898;-7.119748187;43.28647628;0.1;False;ok;13;1;0.554;
899;-7.019748187;43.28647628;0.1;False;ok;2;1;0.368;
900;-6.919748187;43.28647628;0.1;False;ok;3;1;0.378;
901;-6.819748187;43.28647628;0.1;False;ok;1;1;0.360;
902;-8.419748187;43.38647628;0.1;False;ok;7;1;0.332;
903;-8.319748187;43.38647628;0.1;False;ok;71;1;0.574;
904;-8.219748187;43.38647628;0.1;False;ok;72;1;0.583;
905;-8.119748187;43.38647628;0.1;False;ok;6;1;0.438;
906;-7.919748187;43.38647628;0.1;False;ok;5;1;0.493;
907;-7.819748187;43.38647628;0.1;False;ok;4;1;0.438;
908;-7.519748187;43.38647628;0.1;False;ok;1;1;0.446;
909;-7.419748187;43.38647628;0.1;False;ok;17;1;0.471;
910;-7.319748187;43.38647628;0.1;False;ok;14;1;0.472;
911;-7.219748187;43.38647628;0.1;False;ok;10;1;0.542;
912;-7.119748187;43.38647628;0.1;False;ok;35;1;0.618;
913;-7.019748187;43.38647628;0.1;False;ok;3;1;0.514;
914;-6.919748187;43.38647628;0.1;False;ok;4;1;0.504;
915;-6.819748187;43.38647628;0.1;False;ok;11;1;0.498;
916;-6.719748187;43.38647628;0.1;False;ok;5;1;0.614;
917;-8.319748187;43.48647628;0.1;False;ok;36;1;0.831;
918;-8.219748187;43.48647628;0.1;False;ok;40;1;0.674;
919;-8.119748187;43.48647628;0.1;False;ok;6;1;0.470;
920;-8.019748187;43.48647628;0.1;False;ok;3;1;0.432;
921;-7.919748187;43.48647628;0.1;False;ok;1;1;0.485;
922;-7.719748187;43.48647628;0.1;False;ok;2;1;0.404;
923;-7.619748187;43.48647628;0.1;False;ok;2;1;0.446;
924;-7.519748187;43.48647628;0.1;False;ok;9;1;0.527;
925;-7.419748187;43.48647628;0.1;False;ok;9;1;0.481;
926;-7.319748187;43.48647628;0.05;False;ok;4;1;0.476;
927;-7.319748187;43.53647628;0.05;False;ok;11;1;0.467;
928;-7.269748187;43.53647628;0.025;False;ok;5;1;0.462;
929;-7.244748187;43.53647628;0.025;False;ok;34;1;0.605;
930;-7.269748187;43.56147628;0.025;False;ok;74;1;0.705;
931;-7.244748187;43.56147628;0.025;False;ok;42;1;0.611;
932;-7.219748187;43.48647628;0.1;False;ok;75;1;0.849;
933;-7.119748187;43.48647628;0.05;False;ok;6;1;0.426;
934;-7.069748187;43.48647628;0.05;False;ok;44;1;0.638;
935;-7.119748187;43.53647628;0.05;False;ok;25;1;0.588;
936;-7.069748187;43.53647628;0.05;False;ok;75;1;0.700;
937;-7.019748187;43.48647628;0.1;False;ok;66;1;0.707;
938;-6.919748187;43.48647628;0.1;False;ok;28;1;0.501;
939;-6.819748187;43.48647628;0.1;False;ok;25;1;0.563;
940;-6.719748187;43.48647628;0.1;False;ok;36;1;0.549;
941;-8.219748187;43.58647628;0.1;False;ok;21;1;0.502;
942;-8.119748187;43.58647628;0.1;False;ok;73;1;0.773;
943;-8.019748187;43.58647628;0.1;False;ok;12;1;0.466;
944;-7.919748187;43.58647628;0.1;False;ok;22;1;0.477;
945;-7.819748187;43.58647628;0.1;False;ok;6;1;0.507;
946;-7.719748187;43.58647628;0.1;False;ok;2;1;0.421;
947;-7.619748187;43.58647628;0.1;False;ok;75;1;0.718;
948;-7.519748187;43.58647628;0.1;False;ok;17;1;0.521;
949;-7.419748187;43.58647628;0.1;False;ok;74;1;0.554;
950;-7.319748187;43.58647628;0.1;False;ok;12;1;0.446;
951;-8.119748187;43.68647628;0.1;False;ok;4;1;0.405;
952;-8.019748187;43.68647628;0.1;False;ok;3;1;0.404;
953;-7.919748187;43.68647628;0.1;False;ok;43;1;0.610;
954;-7.819748187;43.68647628;0.1;False;ok;72;1;0.712;
955;-7.719748187;43.68647628;0.1;False;ok;72;1;0.606;
956;-7.619748187;43.68647628;0.1;False;ok;20;1;0.428;
957;-7.519748187;43.68647628;0.1;False;ok;36;1;0.509;
958;-6.588522601;41.68647628;0.1;True;ok;0;1;0.408;
959;-6.488522601;41.68647628;0.1;False;ok;1;1;0.330;
960;-6.388522601;41.68647628;0.1;False;ok;6;1;0.457;
961;-5.788522601;41.68647628;0.1;False;ok;4;1;0.509;
962;-5.288522601;41.68647628;0.1;False;ok;8;1;0.491;
963;-5.188522601;41.68647628;0.1;False;ok;2;1;0.462;
964;-4.988522601;41.68647628;0.1;False;ok;1;1;0.330;
965;-4.888522601;41.68647628;0.1;False;ok;3;1;0.388;
966;-4.788522601;41.68647628;0.1;False;ok;2;1;0.441;
967;-4.688522601;41.68647628;0.1;False;ok;1;1;0.420;
968;-4.288522601;41.68647628;0.1;False;ok;1;1;0.443;
969;-4.088522601;41.68647628;0.1;False;ok;2;1;0.404;
970;-3.988522601;41.68647628;0.1;False;ok;8;1;0.455;
971;-3.888522601;41.68647628;0.1;False;ok;2;1;0.371;
972;-3.788522601;41.68647628;0.1;False;ok;4;1;0.422;
973;-3.688522601;41.68647628;0.1;False;ok;2;1;0.481;
974;-3.588522601;41.68647628;0.1;False;ok;5;1;0.443;
975;-3.488522601;41.68647628;0.1;False;ok;3;1;0.344;
976;-3.288522601;41.68647628;0.1;False;ok;1;1;0.379;
977;-3.088522601;41.68647628;0.1;False;ok;14;1;0.456;
978;-2.988522601;41.68647628;0.1;False;ok;4;1;0.465;
979;-2.888522601;41.68647628;0.1;False;ok;8;1;0.504;
980;-2.788522601;41.68647628;0.1;False;ok;2;1;0.384;
981;-2.588522601;41.68647628;0.1;False;ok;12;1;0.443;
982;-6.388522601;41.78647628;0.1;False;ok;1;1;0.458;
983;-6.188522601;41.78647628;0.1;False;ok;1;1;0.342;
984;-5.988522601;41.78647628;0.1;False;ok;4;1;0.390;
985;-5.788522601;41.78647628;0.1;False;ok;2;1;0.410;
986;-5.488522601;41.78647628;0.1;False;ok;6;1;0.472;
987;-5.388522601;41.78647628;0.1;False;ok;1;1;0.345;
988;-5.088522601;41.78647628;0.1;False;ok;5;1;0.469;
989;-4.688522601;41.78647628;0.1;False;ok;2;1;0.337;
990;-4.588522601;41.78647628;0.1;False;ok;7;1;0.435;
991;-3.788522601;41.78647628;0.1;False;ok;1;1;0.374;
992;-3.588522601;41.78647628;0.1;False;ok;7;1;0.439;
993;-3.488522601;41.78647628;0.1;False;ok;3;1;0.425;
994;-3.388522601;41.78647628;0.1;False;ok;4;1;0.420;
995;-3.288522601;41.78647628;0.1;False;ok;5;1;0.436;
996;-3.188522601;41.78647628;0.1;False;ok;6;1;0.396;
997;-3.088522601;41.78647628;0.1;False;ok;30;1;0.520;
998;-2.888522601;41.78647628;0.1;False;ok;2;1;0.395;
999;-2.788522601;41.78647628;0.1;False;ok;28;1;0.461;
1000;-2.688522601;41.78647628;0.1;False;ok;5;1;0.454;
1001;-2.588522601;41.78647628;0.1;False;ok;2;1;0.396;
1002;-6.588522601;41.88647628;0.1;True;ok;3;1;0.390;
1003;-6.388522601;41.88647628;0.1;False;ok;2;1;0.455;
1004;-6.288522601;41.88647628;0.1;False;ok;7;1;0.462;
1005;-6.088522601;41.88647628;0.1;False;ok;1;1;0.316;
1006;-5.688522601;41.88647628;0.1;False;ok;1;1;0.385;
1007;-5.288522601;41.88647628;0.1;False;ok;0;1;1.130;
1008;-5.188522601;41.88647628;0.1;False;ok;1;1;0.378;
1009;-5.088522601;41.88647628;0.1;False;ok;2;1;0.433;
1010;-4.788522601;41.88647628;0.1;False;ok;5;1;0.510;
1011;-4.588522601;41.88647628;0.1;False;ok;2;1;0.443;
1012;-4.488522601;41.88647628;0.1;False;ok;2;1;0.488;
1013;-4.288522601;41.88647628;0.1;False;ok;3;1;0.447;
1014;-3.688522601;41.88647628;0.1;False;ok;0;1;1.186;
1015;-3.588522601;41.88647628;0.1;False;ok;0;1;1.175;
1016;-3.488522601;41.88647628;0.1;False;ok;18;1;0.443;
1017;-3.388522601;41.88647628;0.1;False;ok;1;1;0.471;
1018;-3.088522601;41.88647628;0.1;False;ok;6;1;0.430;
1019;-2.988522601;41.88647628;0.1;False;ok;13;1;0.495;
1020;-2.888522601;41.88647628;0.1;False;ok;13;1;0.491;
1021;-2.788522601;41.88647628;0.1;False;ok;27;1;0.485;
1022;-2.688522601;41.88647628;0.1;False;ok;14;1;0.430;
1023;-2.588522601;41.88647628;0.1;False;ok;12;1;0.482;
1024;-6.688522601;41.98647628;0.1;False;ok;45;1;0.509;
1025;-6.588522601;41.98647628;0.1;False;ok;5;1;0.465;
1026;-6.488522601;41.98647628;0.1;False;ok;3;1;0.470;
1027;-6.388522601;41.98647628;0.1;False;ok;3;1;0.316;
1028;-6.188522601;41.98647628;0.1;False;ok;0;1;1.105;
1029;-6.088522601;41.98647628;0.1;False;ok;2;1;0.421;
1030;-5.788522601;41.98647628;0.1;False;ok;4;1;0.439;
1031;-5.688522601;41.98647628;0.1;False;ok;10;1;0.406;
1032;-5.488522601;41.98647628;0.1;False;ok;4;1;0.507;
1033;-5.288522601;41.98647628;0.1;False;ok;1;1;0.325;
1034;-4.988522601;41.98647628;0.1;False;ok;0;1;1.156;
1035;-4.588522601;41.98647628;0.1;False;ok;30;1;0.614;
1036;-4.388522601;41.98647628;0.1;False;ok;2;1;0.457;
1037;-4.288522601;41.98647628;0.1;False;ok;3;1;0.503;
1038;-4.188522601;41.98647628;0.1;False;ok;1;1;0.373;
1039;-4.088522601;41.98647628;0.1;False;ok;2;1;0.304;
1040;-3.988522601;41.98647628;0.1;False;ok;3;1;0.486;
1041;-3.788522601;41.98647628;0.1;False;ok;31;1;0.563;
1042;-3.688522601;41.98647628;0.1;False;ok;4;1;0.437;
1043;-3.588522601;41.98647628;0.1;False;ok;11;1;0.458;
1044;-3.488522601;41.98647628;0.1;False;ok;4;1;0.429;
1045;-3.388522601;41.98647628;0.1;False;ok;5;1;0.433;
1046;-3.288522601;41.98647628;0.1;False;ok;2;1;0.450;
1047;-3.088522601;41.98647628;0.1;False;ok;0;1;1.132;
1048;-2.588522601;41.98647628;0.1;False;ok;0;1;1.174;
1049;-6.688522601;42.08647628;0.1;False;ok;36;1;0.517;
1050;-6.388522601;42.08647628;0.1;False;ok;1;1;0.447;
1051;-6.188522601;42.08647628;0.1;False;ok;1;1;0.330;
1052;-6.088522601;42.08647628;0.1;False;ok;1;1;0.461;
1053;-5.888522601;42.08647628;0.1;False;ok;2;1;0.481;
1054;-5.788522601;42.08647628;0.1;False;ok;1;1;0.392;
1055;-5.188522601;42.08647628;0.1;False;ok;1;1;0.428;
1056;-5.088522601;42.08647628;0.1;False;ok;2;1;0.445;
1057;-4.788522601;42.08647628;0.1;False;ok;0;1;1.088;
1058;-4.688522601;42.08647628;0.1;False;ok;3;1;0.506;
1059;-4.588522601;42.08647628;0.1;False;ok;3;1;0.415;
1060;-4.488522601;42.08647628;0.1;False;ok;3;1;0.472;
1061;-3.588522601;42.08647628;0.1;False;ok;3;1;0.373;
1062;-3.288522601;42.08647628;0.1;False;ok;3;1;0.389;
1063;-3.188522601;42.08647628;0.1;False;ok;3;1;0.410;
1064;-2.888522601;42.08647628;0.1;False;ok;2;1;0.432;
1065;-2.788522601;42.08647628;0.1;False;ok;2;1;0.421;
1066;-2.688522601;42.08647628;0.1;False;ok;13;1;0.539;
1067;-2.588522601;42.08647628;0.1;False;ok;3;1;0.382;
1068;-5.988522601;42.18647628;0.1;False;ok;1;1;0.371;
1069;-5.888522601;42.18647628;0.1;False;ok;1;1;0.406;
1070;-5.488522601;42.18647628;0.1;False;ok;0;1;1.131;
1071;-4.488522601;42.18647628;0.1;False;ok;13;1;0.418;
1072;-4.388522601;42.18647628;0.1;False;ok;5;1;0.497;
1073;-3.988522601;42.18647628;0.1;False;ok;3;1;0.444;
1074;-3.788522601;42.18647628;0.1;False;ok;2;1;0.431;
1075;-3.588522601;42.18647628;0.1;False;ok;1;1;0.339;
1076;-3.388522601;42.18647628;0.1;False;ok;2;1;0.488;
1077;-3.088522601;42.18647628;0.1;False;ok;7;1;0.506;
1078;-2.888522601;42.18647628;0.1;False;ok;1;1;0.400;
1079;-2.788522601;42.18647628;0.1;False;ok;17;1;0.611;
1080;-2.688522601;42.18647628;0.1;False;ok;7;1;0.407;
1081;-2.588522601;42.18647628;0.1;False;ok;1;1;0.341;
1082;-6.688522601;42.28647628;0.1;False;ok;2;1;0.366;
1083;-6.388522601;42.28647628;0.1;False;ok;1;1;0.355;
1084;-6.288522601;42.28647628;0.1;False;ok;3;1;0.499;
1085;-6.188522601;42.28647628;0.1;False;ok;4;1;0.410;
1086;-5.988522601;42.28647628;0.1;False;ok;14;1;0.809;
1087;-5.788522601;42.28647628;0.1;False;ok;5;1;0.427;
1088;-5.588522601;42.28647628;0.1;False;ok;14;1;0.418;
1089;-5.488522601;42.28647628;0.1;False;ok;1;1;0.434;
1090;-5.288522601;42.28647628;0.1;False;ok;1;1;0.401;
1091;-5.088522601;42.28647628;0.1;False;ok;13;1;0.437;
1092;-4.988522601;42.28647628;0.1;False;ok;3;1;0.438;
1093;-4.888522601;42.28647628;0.1;False;ok;5;1;0.476;
1094;-4.688522601;42.28647628;0.1;False;ok;13;1;0.486;
1095;-4.588522601;42.28647628;0.1;False;ok;10;1;0.486;
1096;-4.288522601;42.28647628;0.1;False;ok;2;1;0.381;
1097;-4.188522601;42.28647628;0.1;False;ok;17;1;0.475;
1098;-4.088522601;42.28647628;0.1;False;ok;6;1;0.423;
1099;-3.988522601;42.28647628;0.1;False;ok;6;1;0.386;
1100;-3.888522601;42.28647628;0.1;False;ok;10;1;0.462;
1101;-3.738522601;42.28647628;0.05;False;ok;32;1;0.583;
1102;-3.788522601;42.33647628;0.05;False;ok;1;1;0.560;
1103;-3.738522601;42.33647628;0.025;False;ok;12;1;0.524;
1104;-3.713522601;42.33647628;0.0125;False;ok;75;1;0.586;
1105;-3.701022601;42.33647628;0.0125;False;ok;74;1;0.669;
1106;-3.738522601;42.36147628;0.025;False;ok;7;1;0.474;
1107;-3.713522601;42.36147628;0.025;False;ok;1;1;0.505;
1108;-3.688522601;42.28647628;0.1;False;ok;37;1;0.539;
1109;-3.588522601;42.28647628;0.1;False;ok;24;1;0.586;
1110;-3.488522601;42.28647628;0.1;False;ok;8;1;0.386;
1111;-3.288522601;42.28647628;0.1;False;ok;5;1;0.464;
1112;-3.188522601;42.28647628;0.1;False;ok;3;1;0.449;
1113;-3.088522601;42.28647628;0.1;False;ok;70;1;0.598;
1114;-2.988522601;42.28647628;0.1;False;ok;1;1;0.361;
1115;-2.888522601;42.28647628;0.1;False;ok;18;1;0.464;
1116;-2.788522601;42.28647628;0.1;False;ok;5;1;0.532;
1117;-2.688522601;42.28647628;0.1;False;ok;3;1;0.420;
1118;-2.588522601;42.28647628;0.1;False;ok;22;1;0.576;
1119;-6.588522601;42.38647628;0.1;False;ok;12;1;0.473;
1120;-6.288522601;42.38647628;0.1;False;ok;15;1;0.438;
1121;-6.188522601;42.38647628;0.1;False;ok;13;1;0.486;
1122;-6.088522601;42.38647628;0.1;False;ok;54;1;0.591;
1123;-5.988522601;42.38647628;0.1;False;ok;4;1;0.365;
1124;-5.888522601;42.38647628;0.1;False;ok;15;1;0.520;
1125;-5.688522601;42.38647628;0.1;False;ok;2;1;0.395;
1126;-5.588522601;42.38647628;0.1;False;ok;4;1;0.447;
1127;-5.488522601;42.38647628;0.1;False;ok;2;1;0.441;
1128;-5.388522601;42.38647628;0.1;False;ok;1;1;0.336;
1129;-5.288522601;42.38647628;0.1;False;ok;1;1;0.359;
1130;-5.188522601;42.38647628;0.1;False;ok;2;1;0.336;
1131;-4.488522601;42.38647628;0.1;False;ok;2;1;0.428;
1132;-4.388522601;42.38647628;0.1;False;ok;3;1;0.470;
1133;-4.288522601;42.38647628;0.1;False;ok;3;1;0.351;
1134;-4.088522601;42.38647628;0.1;False;ok;8;1;0.506;
1135;-3.788522601;42.38647628;0.1;False;ok;0;1;1.108;
1136;-3.688522601;42.38647628;0.1;False;ok;4;1;0.494;
1137;-3.588522601;42.38647628;0.1;False;ok;6;1;0.427;
1138;-3.488522601;42.38647628;0.1;False;ok;2;1;0.454;
1139;-3.388522601;42.38647628;0.1;False;ok;3;1;0.428;
1140;-3.288522601;42.38647628;0.1;False;ok;11;1;0.415;
1141;-3.188522601;42.38647628;0.1;False;ok;6;1;0.519;
1142;-3.088522601;42.38647628;0.1;False;ok;8;1;0.555;
1143;-2.988522601;42.38647628;0.1;False;ok;46;1;0.538;
1144;-2.888522601;42.38647628;0.1;False;ok;11;1;0.485;
1145;-2.788522601;42.38647628;0.1;False;ok;36;1;0.476;
1146;-2.688522601;42.38647628;0.1;False;ok;17;1;0.494;
1147;-2.588522601;42.38647628;0.1;False;ok;32;1;0.529;
1148;-6.688522601;42.48647628;0.1;False;ok;74;1;1.429;
1149;-6.588522601;42.48647628;0.1;False;ok;52;1;0.587;
1150;-6.488522601;42.48647628;0.1;False;ok;6;1;0.506;
1151;-6.388522601;42.48647628;0.1;False;ok;5;1;0.492;
1152;-6.188522601;42.48647628;0.1;False;ok;5;1;0.420;
1153;-6.088522601;42.48647628;0.1;False;ok;2;1;0.437;
1154;-5.988522601;42.48647628;0.1;False;ok;3;1;0.459;
1155;-5.888522601;42.48647628;0.1;False;ok;9;1;0.440;
1156;-5.788522601;42.48647628;0.1;False;ok;8;1;0.415;
1157;-5.688522601;42.48647628;0.1;False;ok;17;1;0.453;
1158;-5.588522601;42.48647628;0.1;False;ok;13;1;0.434;
1159;-5.488522601;42.48647628;0.1;False;ok;17;1;0.428;
1160;-4.788522601;42.48647628;0.1;False;ok;6;1;0.588;
1161;-4.488522601;42.48647628;0.1;False;ok;1;1;0.385;
1162;-4.388522601;42.48647628;0.1;False;ok;1;1;0.399;
1163;-4.088522601;42.48647628;0.1;False;ok;4;1;0.440;
1164;-3.788522601;42.48647628;0.1;False;ok;2;1;0.499;
1165;-3.388522601;42.48647628;0.1;False;ok;9;1;0.436;
1166;-3.288522601;42.48647628;0.1;False;ok;1;1;0.350;
1167;-3.088522601;42.48647628;0.1;False;ok;5;1;0.462;
1168;-2.988522601;42.48647628;0.1;False;ok;45;1;0.583;
1169;-2.888522601;42.48647628;0.1;False;ok;72;1;0.595;
1170;-2.788522601;42.48647628;0.1;False;ok;27;1;0.480;
1171;-2.688522601;42.48647628;0.1;False;ok;30;1;0.586;
1172;-2.588522601;42.48647628;0.1;False;ok;40;1;0.601;
1173;-6.688522601;42.58647628;0.1;False;ok;5;1;0.506;
1174;-6.588522601;42.58647628;0.1;False;ok;5;1;0.557;
1175;-6.488522601;42.58647628;0.1;False;ok;6;1;0.532;
1176;-6.388522601;42.58647628;0.1;False;ok;4;1;0.448;
1177;-6.288522601;42.58647628;0.1;False;ok;4;1;0.359;
1178;-6.188522601;42.58647628;0.1;False;ok;0;1;1.192;
1179;-5.988522601;42.58647628;0.1;False;ok;1;1;0.321;
1180;-5.888522601;42.58647628;0.1;False;ok;3;1;0.489;
1181;-5.688522601;42.58647628;0.1;False;ok;17;1;0.499;
1182;-5.588522601;42.58647628;0.0125;False;ok;20;1;0.544;
1183;-5.576022601;42.58647628;0.00625;False;ok;3;1;0.441;
1184;-5.569772601;42.58647628;0.00625;False;ok;15;1;0.499;
1185;-5.576022601;42.59272628;0.00625;False;ok;50;1;0.518;
1186;-5.569772601;42.59272628;0.00625;False;ok;75;1;0.653;
1187;-5.588522601;42.59897628;0.0125;False;ok;27;1;0.559;
1188;-5.576022601;42.59897628;0.0125;False;ok;73;1;0.589;
1189;-5.563522601;42.58647628;0.025;False;ok;35;1;0.579;
1190;-5.588522601;42.61147628;0.025;False;ok;6;1;0.495;
1191;-5.288522601;42.58647628;0.1;False;ok;0;1;1.170;
1192;-4.888522601;42.58647628;0.1;False;ok;1;1;0.355;
1193;-4.488522601;42.58647628;0.1;False;ok;1;1;0.464;
1194;-4.388522601;42.58647628;0.1;False;ok;3;1;0.445;
1195;-4.188522601;42.58647628;0.1;False;ok;2;1;0.431;
1196;-3.988522601;42.58647628;0.1;False;ok;1;1;0.389;
1197;-3.888522601;42.58647628;0.1;False;ok;1;1;0.391;
1198;-3.688522601;42.58647628;0.1;False;ok;0;1;1.132;
1199;-3.588522601;42.58647628;0.1;False;ok;2;1;0.373;
1200;-3.388522601;42.58647628;0.1;False;ok;4;1;0.539;
1201;-3.188522601;42.58647628;0.1;False;ok;6;1;0.435;
1202;-2.988522601;42.58647628;0.1;False;ok;7;1;0.520;
1203;-2.888522601;42.58647628;0.1;False;ok;20;1;0.511;
1204;-2.788522601;42.58647628;0.1;False;ok;3;1;0.359;
1205;-2.588522601;42.58647628;0.1;False;ok;5;1;0.416;
1206;-6.688522601;42.68647628;0.1;False;ok;27;1;0.568;
1207;-6.588522601;42.68647628;0.1;False;ok;4;1;0.497;
1208;-6.488522601;42.68647628;0.1;False;ok;5;1;0.450;
1209;-6.388522601;42.68647628;0.1;False;ok;2;1;0.470;
1210;-6.288522601;42.68647628;0.1;False;ok;4;1;0.468;
1211;-6.088522601;42.68647628;0.1;False;ok;7;1;0.528;
1212;-5.988522601;42.68647628;0.1;False;ok;5;1;0.480;
1213;-5.888522601;42.68647628;0.1;False;ok;2;1;0.460;
1214;-5.788522601;42.68647628;0.1;False;ok;3;1;0.550;
1215;-5.588522601;42.68647628;0.1;False;ok;3;1;0.435;
1216;-5.388522601;42.68647628;0.1;False;ok;3;1;0.437;
1217;-4.488522601;42.68647628;0.1;False;ok;2;1;0.448;
1218;-4.388522601;42.68647628;0.1;False;ok;0;1;1.201;
1219;-4.288522601;42.68647628;0.1;False;ok;7;1;0.431;
1220;-4.188522601;42.68647628;0.1;False;ok;4;1;0.482;
1221;-4.088522601;42.68647628;0.1;False;ok;2;1;0.474;
1222;-3.988522601;42.68647628;0.1;False;ok;1;1;0.403;
1223;-3.888522601;42.68647628;0.1;False;ok;2;1;0.470;
1224;-3.788522601;42.68647628;0.1;False;ok;1;1;0.334;
1225;-3.488522601;42.68647628;0.1;False;ok;7;1;0.544;
1226;-3.388522601;42.68647628;0.1;False;ok;9;1;0.549;
1227;-3.288522601;42.68647628;0.1;False;ok;4;1;0.471;
1228;-3.188522601;42.68647628;0.1;False;ok;2;1;0.530;
1229;-3.088522601;42.68647628;0.1;False;ok;3;1;0.407;
1230;-2.988522601;42.68647628;0.1;False;ok;7;1;0.441;
1231;-2.888522601;42.68647628;0.1;False;ok;7;1;0.463;
1232;-6.688522601;42.78647628;0.1;False;ok;1;1;0.363;
1233;-6.388522601;42.78647628;0.1;False;ok;1;1;0.507;
1234;-6.288522601;42.78647628;0.1;False;ok;2;1;0.435;
1235;-6.188522601;42.78647628;0.1;False;ok;1;1;0.443;
1236;-5.988522601;42.78647628;0.1;False;ok;1;1;0.532;
1237;-5.888522601;42.78647628;0.1;False;ok;3;1;0.410;
1238;-5.788522601;42.78647628;0.1;False;ok;8;1;0.514;
1239;-5.688522601;42.78647628;0.1;False;ok;15;1;0.440;
1240;-5.588522601;42.78647628;0.1;False;ok;5;1;0.427;
1241;-5.488522601;42.78647628;0.1;False;ok;3;1;0.441;
1242;-5.388522601;42.78647628;0.1;False;ok;9;1;0.574;
1243;-5.288522601;42.78647628;0.1;False;ok;1;1;0.599;
1244;-5.188522601;42.78647628;0.1;False;ok;18;1;0.512;
1245;-4.988522601;42.78647628;0.1;False;ok;5;1;0.473;
1246;-4.888522601;42.78647628;0.1;False;ok;10;1;0.475;
1247;-4.788522601;42.78647628;0.1;False;ok;4;1;0.366;
1248;-4.688522601;42.78647628;0.1;False;ok;7;1;0.521;
1249;-4.588522601;42.78647628;0.1;False;ok;9;1;0.474;
1250;-4.488522601;42.78647628;0.1;False;ok;2;1;0.455;
1251;-4.388522601;42.78647628;0.1;False;ok;4;1;0.496;
1252;-4.288522601;42.78647628;0.1;False;ok;22;1;0.534;
1253;-4.088522601;42.78647628;0.1;False;ok;4;1;0.580;
1254;-3.988522601;42.78647628;0.1;False;ok;10;1;0.521;
1255;-3.888522601;42.78647628;0.1;False;ok;9;1;0.577;
1256;-3.788522601;42.78647628;0.1;False;ok;9;1;0.416;
1257;-3.688522601;42.78647628;0.1;False;ok;7;1;0.412;
1258;-3.488522601;42.78647628;0.1;False;ok;7;1;0.508;
1259;-3.388522601;42.78647628;0.1;False;ok;4;1;0.449;
1260;-3.288522601;42.78647628;0.1;False;ok;5;1;0.470;
1261;-3.088522601;42.78647628;0.1;False;ok;5;1;0.375;
1262;-2.988522601;42.78647628;0.1;False;ok;7;1;0.435;
1263;-2.788522601;42.78647628;0.1;False;ok;12;1;0.497;
1264;-2.688522601;42.78647628;0.1;False;ok;63;1;0.554;
1265;-2.588522601;42.78647628;0.1;False;ok;1;1;0.456;
1266;-6.588522601;42.88647628;0.1;False;ok;3;1;0.444;
1267;-6.388522601;42.88647628;0.1;False;ok;28;1;0.588;
1268;-6.288522601;42.88647628;0.1;False;ok;7;1;0.428;
1269;-6.188522601;42.88647628;0.1;False;ok;4;1;0.422;
1270;-6.088522601;42.88647628;0.1;False;ok;9;1;0.595;
1271;-5.988522601;42.88647628;0.1;False;ok;4;1;0.384;
1272;-5.888522601;42.88647628;0.1;False;ok;3;1;0.434;
1273;-5.788522601;42.88647628;0.1;False;ok;1;1;0.427;
1274;-5.688522601;42.88647628;0.1;False;ok;5;1;0.464;
1275;-5.588522601;42.88647628;0.1;False;ok;4;1;0.460;
1276;-5.488522601;42.88647628;0.1;False;ok;4;1;0.428;
1277;-5.288522601;42.88647628;0.1;False;ok;2;1;0.426;
1278;-5.188522601;42.88647628;0.1;False;ok;10;1;0.535;
1279;-5.088522601;42.88647628;0.1;False;ok;20;1;0.500;
1280;-4.988522601;42.88647628;0.1;False;ok;9;1;0.498;
1281;-4.888522601;42.88647628;0.1;False;ok;3;1;0.444;
1282;-4.788522601;42.88647628;0.1;False;ok;12;1;0.437;
1283;-4.688522601;42.88647628;0.1;False;ok;6;1;0.483;
1284;-4.588522601;42.88647628;0.1;False;ok;1;1;0.435;
1285;-4.488522601;42.88647628;0.1;False;ok;3;1;0.508;
1286;-4.388522601;42.88647628;0.1;False;ok;9;1;0.474;
1287;-4.288522601;42.88647628;0.1;False;ok;4;1;0.507;
1288;-4.188522601;42.88647628;0.1;False;ok;3;1;0.480;
1289;-4.088522601;42.88647628;0.1;False;ok;7;1;0.466;
1290;-3.988522601;42.88647628;0.1;False;ok;5;1;0.485;
1291;-3.888522601;42.88647628;0.1;False;ok;5;1;0.469;
1292;-3.788522601;42.88647628;0.1;False;ok;3;1;0.377;
1293;-3.688522601;42.88647628;0.1;False;ok;10;1;0.482;
1294;-3.588522601;42.88647628;0.1;False;ok;27;1;0.653;
1295;-3.488522601;42.88647628;0.1;False;ok;18;1;0.546;
1296;-3.288522601;42.88647628;0.1;False;ok;1;1;0.421;
1297;-3.088522601;42.88647628;0.1;False;ok;1;1;0.421;
1298;-2.988522601;42.88647628;0.1;False;ok;4;1;0.506;
1299;-2.888522601;42.88647628;0.1;False;ok;9;1;0.497;
1300;-2.788522601;42.88647628;0.1;False;ok;4;1;0.464;
1301;-2.688522601;42.88647628;0.1;False;ok;5;1;0.449;
1302;-2.588522601;42.88647628;0.1;False;ok;4;1;0.468;
1303;-6.688522601;42.98647628;0.1;False;ok;18;1;0.511;
1304;-6.588522601;42.98647628;0.1;False;ok;1;1;0.309;
1305;-6.488522601;42.98647628;0.1;False;ok;0;1;1.127;
1306;-6.288522601;42.98647628;0.1;False;ok;16;1;0.504;
1307;-6.188522601;42.98647628;0.1;False;ok;1;1;0.339;
1308;-6.088522601;42.98647628;0.1;False;ok;3;1;0.347;
1309;-5.988522601;42.98647628;0.1;False;ok;2;1;0.487;
1310;-5.888522601;42.98647628;0.1;False;ok;5;1;0.420;
1311;-5.788522601;42.98647628;0.1;False;ok;10;1;0.539;
1312;-5.388522601;42.98647628;0.1;False;ok;12;1;0.472;
1313;-5.288522601;42.98647628;0.1;False;ok;15;1;0.491;
1314;-5.188522601;42.98647628;0.1;False;ok;9;1;0.514;
1315;-5.088522601;42.98647628;0.1;False;ok;2;1;0.428;
1316;-4.988522601;42.98647628;0.1;False;ok;6;1;0.484;
1317;-4.888522601;42.98647628;0.1;False;ok;4;1;0.467;
1318;-4.688522601;42.98647628;0.1;False;ok;4;1;0.376;
1319;-4.588522601;42.98647628;0.1;False;ok;12;1;0.451;
1320;-4.488522601;42.98647628;0.1;False;ok;4;1;0.472;
1321;-4.388522601;42.98647628;0.1;False;ok;5;1;0.463;
1322;-4.288522601;42.98647628;0.1;False;ok;19;1;0.504;
1323;-4.188522601;42.98647628;0.1;False;ok;26;1;0.532;
1324;-4.088522601;42.98647628;0.1;False;ok;9;1;0.481;
1325;-3.988522601;42.98647628;0.1;False;ok;11;1;0.476;
1326;-3.888522601;42.98647628;0.1;False;ok;3;1;0.413;
1327;-3.788522601;42.98647628;0.1;False;ok;4;1;0.474;
1328;-3.688522601;42.98647628;0.1;False;ok;7;1;0.531;
1329;-3.588522601;42.98647628;0.1;False;ok;20;1;0.479;
1330;-3.488522601;42.98647628;0.1;False;ok;3;1;0.364;
1331;-3.388522601;42.98647628;0.1;False;ok;5;1;0.516;
1332;-3.288522601;42.98647628;0.1;False;ok;3;1;0.475;
1333;-3.188522601;42.98647628;0.1;False;ok;2;1;0.447;
1334;-3.088522601;42.98647628;0.1;False;ok;15;1;0.536;
1335;-2.988522601;42.98647628;0.1;False;ok;8;1;0.604;
1336;-2.788522601;42.98647628;0.1;False;ok;2;1;0.370;
1337;-2.688522601;42.98647628;0.1;False;ok;4;1;0.387;
1338;-2.588522601;42.98647628;0.1;False;ok;11;1;0.426;
1339;-6.688522601;43.08647628;0.1;False;ok;2;1;0.343;
1340;-6.588522601;43.08647628;0.1;False;ok;40;1;0.541;
1341;-6.388522601;43.08647628;0.1;False;ok;6;1;0.511;
1342;-6.288522601;43.08647628;0.1;False;ok;23;1;0.525;
1343;-6.188522601;43.08647628;0.1;False;ok;9;1;0.516;
1344;-6.088522601;43.08647628;0.1;False;ok;21;1;0.534;
1345;-5.988522601;43.08647628;0.1;False;ok;11;1;0.491;
1346;-5.888522601;43.08647628;0.1;False;ok;25;1;0.512;
1347;-5.788522601;43.08647628;0.1;False;ok;10;1;0.486;
1348;-5.688522601;43.08647628;0.1;False;ok;17;1;0.461;
1349;-5.588522601;43.08647628;0.1;False;ok;40;1;0.502;
1350;-5.488522601;43.08647628;0.1;False;ok;6;1;1.982;
1351;-5.388522601;43.08647628;0.1;False;ok;10;1;0.565;
1352;-5.188522601;43.08647628;0.1;False;ok;4;1;0.500;
1353;-5.088522601;43.08647628;0.1;False;ok;4;1;0.492;
1354;-4.988522601;43.08647628;0.1;False;ok;10;1;0.432;
1355;-4.888522601;43.08647628;0.1;False;ok;9;1;0.473;
1356;-4.788522601;43.08647628;0.1;False;ok;38;1;0.633;
1357;-4.688522601;43.08647628;0.1;False;ok;75;1;0.633;
1358;-4.588522601;43.08647628;0.1;False;ok;35;1;0.611;
1359;-4.488522601;43.08647628;0.1;False;ok;6;1;0.426;
1360;-4.388522601;43.08647628;0.1;False;ok;6;1;1.899;
1361;-4.288522601;43.08647628;0.1;False;ok;7;1;0.462;
1362;-4.088522601;43.08647628;0.1;False;ok;16;1;0.478;
1363;-3.988522601;43.08647628;0.1;False;ok;9;1;0.709;
1364;-3.788522601;43.08647628;0.1;False;ok;8;1;0.441;
1365;-3.688522601;43.08647628;0.1;False;ok;3;1;0.414;
1366;-3.588522601;43.08647628;0.1;False;ok;10;1;0.523;
1367;-3.488522601;43.08647628;0.1;False;ok;5;1;0.502;
1368;-3.388522601;43.08647628;0.1;False;ok;7;1;0.480;
1369;-3.288522601;43.08647628;0.1;False;ok;7;1;0.488;
1370;-3.188522601;43.08647628;0.1;False;ok;4;1;0.475;
1371;-3.088522601;43.08647628;0.1;False;ok;4;1;0.437;
1372;-2.988522601;43.08647628;0.1;False;ok;19;1;0.434;
1373;-2.888522601;43.08647628;0.1;False;ok;9;1;0.443;
1374;-2.788522601;43.08647628;0.1;False;ok;13;1;0.444;
1375;-2.688522601;43.08647628;0.1;False;ok;23;1;2.076;
1376;-2.588522601;43.08647628;0.1;False;ok;11;1;0.457;
1377;-6.688522601;43.18647628;0.1;False;ok;3;1;0.501;
1378;-6.588522601;43.18647628;0.1;False;ok;4;1;0.493;
1379;-6.388522601;43.18647628;0.1;False;ok;2;1;0.460;
1380;-6.288522601;43.18647628;0.1;False;ok;8;1;0.529;
1381;-6.088522601;43.18647628;0.1;False;ok;23;1;1.923;
1382;-5.988522601;43.18647628;0.1;False;ok;6;1;0.531;
1383;-5.888522601;43.18647628;0.1;False;ok;21;1;0.500;
1384;-5.788522601;43.18647628;0.1;False;ok;30;1;0.592;
1385;-5.688522601;43.18647628;0.1;False;ok;23;1;0.476;
1386;-5.588522601;43.18647628;0.1;False;ok;17;1;0.465;
1387;-5.488522601;43.18647628;0.1;False;ok;23;1;0.526;
1388;-5.388522601;43.18647628;0.1;False;ok;3;1;0.427;
1389;-5.288522601;43.18647628;0.1;False;ok;11;1;0.458;
1390;-5.188522601;43.18647628;0.1;False;ok;16;1;0.499;
1391;-5.088522601;43.18647628;0.1;False;ok;0;1;1.155;
1392;-4.988522601;43.18647628;0.1;False;ok;5;1;0.489;
1393;-4.888522601;43.18647628;0.1;False;ok;5;1;0.485;
1394;-4.788522601;43.18647628;0.1;False;ok;13;1;0.520;
1395;-4.688522601;43.18647628;0.1;False;ok;18;1;0.522;
1396;-4.588522601;43.18647628;0.1;False;ok;10;1;0.436;
1397;-4.488522601;43.18647628;0.1;False;ok;21;1;0.631;
1398;-4.388522601;43.18647628;0.1;False;ok;19;1;0.505;
1399;-4.288522601;43.18647628;0.1;False;ok;16;1;0.706;
1400;-4.188522601;43.18647628;0.1;False;ok;10;1;0.498;
1401;-4.088522601;43.18647628;0.1;False;ok;31;1;0.585;
1402;-3.988522601;43.18647628;0.1;False;ok;30;1;0.517;
1403;-3.888522601;43.18647628;0.1;False;ok;52;1;0.603;
1404;-3.788522601;43.18647628;0.1;False;ok;27;1;0.477;
1405;-3.688522601;43.18647628;0.1;False;ok;21;1;0.491;
1406;-3.588522601;43.18647628;0.1;False;ok;14;1;0.442;
1407;-3.488522601;43.18647628;0.1;False;ok;38;1;0.505;
1408;-3.388522601;43.18647628;0.1;False;ok;12;1;0.434;
1409;-3.288522601;43.18647628;0.1;False;ok;8;1;0.407;
1410;-3.188522601;43.18647628;0.1;False;ok;19;1;0.487;
1411;-3.088522601;43.18647628;0.1;False;ok;4;1;0.525;
1412;-2.988522601;43.18647628;0.05;False;ok;1;1;0.421;
1413;-2.938522601;43.18647628;0.05;False;ok;5;1;0.477;
1414;-2.988522601;43.23647628;0.05;False;ok;75;1;0.736;
1415;-2.926022601;43.23647628;0.0125;False;ok;8;1;0.467;
1416;-2.938522601;43.24897628;0.0125;False;ok;75;1;0.783;
1417;-2.926022601;43.24897628;0.00625;False;ok;34;1;0.504;
1418;-2.919772601;43.24897628;0.00625;False;ok;19;1;0.500;
1419;-2.926022601;43.25522628;0.00625;False;ok;73;1;0.657;
1420;-2.919772601;43.25522628;0.00625;False;ok;43;1;0.574;
1421;-2.913522601;43.23647628;0.025;False;ok;37;1;0.622;
1422;-2.938522601;43.26147628;0.0125;False;ok;75;1;1.258;
1423;-2.926022601;43.26147628;0.0125;False;ok;74;1;0.708;
1424;-2.926022601;43.27397628;0.0125;False;ok;1;1;0.374;
1425;-2.913522601;43.26147628;0.025;False;ok;7;1;0.469;
1426;-2.888522601;43.18647628;0.1;False;ok;19;1;0.677;
1427;-2.788522601;43.18647628;0.1;False;ok;8;1;0.425;
1428;-2.688522601;43.18647628;0.1;False;ok;9;1;0.456;
1429;-2.588522601;43.18647628;0.1;False;ok;16;1;0.603;
1430;-6.588522601;43.28647628;0.1;False;ok;1;1;0.360;
1431;-6.488522601;43.28647628;0.1;False;ok;9;1;0.431;
1432;-6.388522601;43.28647628;0.1;False;ok;0;1;1.094;
1433;-6.288522601;43.28647628;0.1;False;ok;13;1;0.626;
1434;-6.188522601;43.28647628;0.1;False;ok;5;1;0.501;
1435;-6.088522601;43.28647628;0.1;False;ok;9;1;0.451;
1436;-5.988522601;43.28647628;0.1;False;ok;16;1;0.483;
1437;-5.888522601;43.28647628;0.05;False;ok;2;1;0.499;
1438;-5.838522601;43.28647628;0.05;False;ok;2;1;0.416;
1439;-5.888522601;43.33647628;0.025;False;ok;13;1;0.471;
1440;-5.863522601;43.33647628;0.025;False;ok;74;1;0.651;
1441;-5.888522601;43.36147628;0.025;False;ok;24;1;0.507;
1442;-5.863522601;43.36147628;0.0125;False;ok;75;1;0.613;
1443;-5.851022601;43.36147628;0.0125;False;ok;74;1;0.734;
1444;-5.863522601;43.37397628;0.0125;False;ok;3;1;0.418;
1445;-5.851022601;43.37397628;0.0125;False;ok;3;1;0.436;
1446;-5.838522601;43.33647628;0.05;False;ok;70;1;0.620;
1447;-5.788522601;43.28647628;0.1;False;ok;21;1;0.615;
1448;-5.688522601;43.28647628;0.1;False;ok;23;1;0.663;
1449;-5.588522601;43.28647628;0.1;False;ok;31;1;0.518;
1450;-5.488522601;43.28647628;0.1;False;ok;34;1;0.548;
1451;-5.388522601;43.28647628;0.1;False;ok;59;1;0.616;
1452;-5.288522601;43.28647628;0.1;False;ok;56;1;0.742;
1453;-5.188522601;43.28647628;0.05;False;ok;12;1;0.442;
1454;-5.138522601;43.28647628;0.05;False;ok;27;1;0.538;
1455;-5.188522601;43.33647628;0.05;False;ok;59;1;0.696;
1456;-5.138522601;43.33647628;0.0125;False;ok;41;1;0.496;
1457;-5.126022601;43.33647628;0.0125;False;ok;4;1;0.472;
1458;-5.138522601;43.34897628;0.0125;False;ok;75;1;0.619;
1459;-5.126022601;43.34897628;0.0125;False;ok;27;1;0.510;
1460;-5.113522601;43.33647628;0.025;False;ok;40;1;0.571;
1461;-5.138522601;43.36147628;0.025;False;ok;2;1;0.456;
1462;-5.088522601;43.28647628;0.1;False;ok;75;1;0.856;
1463;-4.988522601;43.28647628;0.1;False;ok;74;1;0.780;
1464;-4.888522601;43.28647628;0.1;False;ok;74;1;0.690;
1465;-4.788522601;43.28647628;0.1;False;ok;21;1;0.545;
1466;-4.688522601;43.28647628;0.1;False;ok;38;1;0.558;
1467;-4.588522601;43.28647628;0.1;False;ok;75;1;0.723;
1468;-4.488522601;43.28647628;0.1;False;ok;75;1;0.679;
1469;-4.388522601;43.28647628;0.1;False;ok;73;1;0.766;
1470;-4.288522601;43.28647628;0.1;False;ok;74;1;0.708;
1471;-4.188522601;43.28647628;0.1;False;ok;74;1;0.628;
1472;-4.088522601;43.28647628;0.1;False;ok;74;1;0.757;
1473;-3.988522601;43.28647628;0.1;False;ok;57;1;0.522;
1474;-3.888522601;43.28647628;0.1;False;ok;67;1;0.624;
1475;-3.788522601;43.28647628;0.1;False;ok;75;1;0.580;
1476;-3.688522601;43.28647628;0.1;False;ok;29;1;0.520;
1477;-3.588522601;43.28647628;0.1;False;ok;46;1;0.712;
1478;-3.488522601;43.28647628;0.1;False;ok;60;1;0.691;
1479;-3.388522601;43.28647628;0.1;False;ok;13;1;0.453;
1480;-3.288522601;43.28647628;0.1;False;ok;73;1;0.692;
1481;-3.188522601;43.28647628;0.1;False;ok;16;1;0.503;
1482;-3.088522601;43.28647628;0.1;False;ok;75;1;0.696;
1483;-2.988522601;43.28647628;0.1;False;ok;58;1;0.596;
1484;-2.888522601;43.28647628;0.1;False;ok;34;1;0.536;
1485;-2.788522601;43.28647628;0.1;False;ok;37;1;0.557;
1486;-2.688522601;43.28647628;0.1;False;ok;64;1;0.628;
1487;-2.588522601;43.28647628;0.1;False;ok;67;1;0.596;
1488;-6.688522601;43.38647628;0.1;False;ok;3;1;0.495;
1489;-6.588522601;43.38647628;0.1;False;ok;7;1;0.455;
1490;-6.488522601;43.38647628;0.1;False;ok;11;1;0.513;
1491;-6.388522601;43.38647628;0.1;False;ok;9;1;0.480;
1492;-6.288522601;43.38647628;0.1;False;ok;15;1;0.550;
1493;-6.188522601;43.38647628;0.1;False;ok;17;1;0.524;
1494;-6.088522601;43.38647628;0.1;False;ok;18;1;0.486;
1495;-5.988522601;43.38647628;0.1;False;ok;5;1;0.453;
1496;-5.888522601;43.38647628;0.1;False;ok;16;1;0.526;
1497;-5.788522601;43.38647628;0.1;False;ok;23;1;0.473;
1498;-5.688522601;43.38647628;0.1;False;ok;28;1;0.571;
1499;-5.588522601;43.38647628;0.1;False;ok;20;1;0.547;
1500;-5.488522601;43.38647628;0.1;False;ok;74;1;0.734;
1501;-5.388522601;43.38647628;0.1;False;ok;27;1;0.575;
1502;-5.288522601;43.38647628;0.1;False;ok;74;1;0.607;
1503;-5.188522601;43.38647628;0.1;False;ok;75;1;0.712;
1504;-5.088522601;43.38647628;0.1;False;ok;74;1;0.820;
1505;-4.988522601;43.38647628;0.1;False;ok;75;1;0.697;
1506;-4.888522601;43.38647628;0.05;False;ok;74;1;0.595;
1507;-4.838522601;43.38647628;0.05;False;ok;71;1;0.723;
1508;-4.888522601;43.43647628;0.05;False;ok;14;1;0.502;
1509;-4.788522601;43.38647628;0.025;False;ok;35;1;0.625;
1510;-4.763522601;43.38647628;0.025;False;ok;37;1;0.574;
1511;-4.788522601;43.41147628;0.025;False;ok;68;1;0.608;
1512;-4.763522601;43.41147628;0.0125;False;ok;74;1;0.695;
1513;-4.751022601;43.41147628;0.0125;False;ok;18;1;0.570;
1514;-4.763522601;43.42397628;0.0125;False;ok;7;1;0.496;
1515;-4.738522601;43.38647628;0.05;False;ok;48;1;0.659;
1516;-4.688522601;43.38647628;0.1;False;ok;36;1;0.555;
1517;-4.588522601;43.38647628;0.1;False;ok;30;1;0.573;
1518;-4.488522601;43.38647628;0.1;False;ok;53;1;0.561;
1519;-4.388522601;43.38647628;0.1;False;ok;74;1;0.741;
1520;-4.288522601;43.38647628;0.1;False;ok;53;1;0.625;
1521;-4.188522601;43.38647628;0.1;False;ok;75;1;0.702;
1522;-4.088522601;43.38647628;0.05;False;ok;73;1;0.876;
1523;-4.038522601;43.38647628;0.05;False;ok;75;1;0.764;
1524;-4.088522601;43.43647628;0.05;False;ok;17;1;0.470;
1525;-4.038522601;43.43647628;0.05;False;ok;13;1;0.658;
1526;-3.988522601;43.38647628;0.1;False;ok;74;1;0.853;
1527;-3.888522601;43.38647628;0.05;False;ok;29;1;0.710;
1528;-3.838522601;43.38647628;0.05;False;ok;23;1;0.567;
1529;-3.888522601;43.43647628;0.05;False;ok;58;1;0.564;
1530;-3.838522601;43.43647628;0.025;False;ok;75;1;0.714;
1531;-3.813522601;43.43647628;0.025;False;ok;53;1;0.502;
1532;-3.838522601;43.46147628;0.025;False;ok;72;1;0.612;
1533;-3.813522601;43.46147628;0.025;False;ok;74;1;0.824;
1534;-3.788522601;43.38647628;0.05;False;ok;15;1;0.534;
1535;-3.738522601;43.38647628;0.05;False;ok;40;1;0.652;
1536;-3.788522601;43.43647628;0.05;False;ok;73;1;0.773;
1537;-3.738522601;43.43647628;0.05;False;ok;73;1;0.780;
1538;-3.688522601;43.38647628;0.1;False;ok;74;1;0.621;
1539;-3.588522601;43.38647628;0.05;False;ok;16;1;0.427;
1540;-3.538522601;43.38647628;0.05;False;ok;26;1;0.542;
1541;-3.588522601;43.43647628;0.05;False;ok;57;1;0.546;
1542;-3.538522601;43.43647628;0.05;False;ok;75;1;0.776;
1543;-3.488522601;43.38647628;0.1;False;ok;73;1;0.674;
1544;-3.388522601;43.38647628;0.1;False;ok;18;1;0.501;
1545;-3.288522601;43.38647628;0.1;False;ok;14;1;0.707;
1546;-3.088522601;43.38647628;0.1;False;ok;9;1;0.443;
1547;-2.988522601;43.38647628;0.1;False;ok;35;1;0.592;
1548;-2.888522601;43.38647628;0.1;False;ok;32;1;0.500;
1549;-2.788522601;43.38647628;0.1;False;ok;74;1;0.675;
1550;-2.688522601;43.38647628;0.1;False;ok;26;1;0.558;
1551;-6.688522601;43.48647628;0.1;False;ok;31;1;0.559;
1552;-6.588522601;43.48647628;0.1;False;ok;73;1;0.684;
1553;-6.488522601;43.48647628;0.1;False;ok;36;1;0.481;
1554;-6.388522601;43.48647628;0.1;False;ok;19;1;0.512;
1555;-6.288522601;43.48647628;0.1;False;ok;63;1;0.568;
1556;-6.188522601;43.48647628;0.1;False;ok;75;1;0.652;
1557;-6.088522601;43.48647628;0.1;False;ok;58;1;0.646;
1558;-5.988522601;43.48647628;0.1;False;ok;74;1;0.687;
1559;-5.888522601;43.48647628;0.1;False;ok;20;1;0.538;
1560;-5.788522601;43.48647628;0.1;False;ok;71;1;0.574;
1561;-5.688522601;43.48647628;0.05;False;ok;75;1;0.641;
1562;-5.638522601;43.48647628;0.05;False;ok;23;1;0.502;
1563;-5.688522601;43.53647628;0.025;False;ok;75;1;0.747;
1564;-5.663522601;43.53647628;0.00625;False;ok;75;1;1.011;
1565;-5.657272601;43.53647628;0.00625;False;ok;75;1;0.922;
1566;-5.663522601;43.54272628;0.00625;False;ok;51;1;0.554;
1567;-5.651022601;43.53647628;0.0125;False;ok;73;1;0.561;
1568;-5.638522601;43.53647628;0.05;False;ok;16;1;0.556;
1569;-5.588522601;43.48647628;0.1;False;ok;49;1;0.641;
1570;-5.488522601;43.48647628;0.1;False;ok;61;1;0.620;
1571;-5.388522601;43.48647628;0.1;False;ok;47;1;0.612;
1572;-5.288522601;43.48647628;0.1;False;ok;59;1;0.551;
1573;-3.688522601;43.48647628;0.1;False;ok;24;1;0.524;
1574;-3.588522601;43.48647628;0.05;False;ok;75;1;0.716;
1575;-3.538522601;43.48647628;0.05;False;ok;45;1;0.583;
1576;-5.988522601;43.58647628;0.1;False;ok;6;1;0.492;
1577;-5.888522601;43.58647628;0.1;False;ok;75;1;0.794;
1578;-5.788522601;43.58647628;0.1;False;ok;36;1;0.556;
1579;-2.514401691;41.68647628;0.1;False;ok;75;1;0.761;
1580;-2.414401691;41.68647628;0.1;False;ok;2;1;0.431;
1581;-2.214401691;41.68647628;0.1;False;ok;0;1;1.171;
1582;-2.114401691;41.68647628;0.1;False;ok;2;1;0.400;
1583;-2.014401691;41.68647628;0.1;False;ok;5;1;0.377;
1584;-1.814401691;41.68647628;0.1;False;ok;3;1;0.478;
1585;-1.714401691;41.68647628;0.1;False;ok;2;1;0.497;
1586;-1.314401691;41.68647628;0.1;False;ok;2;1;0.522;
1587;-1.214401691;41.68647628;0.1;False;ok;1;1;0.429;
1588;-1.114401691;41.68647628;0.1;False;ok;4;1;0.369;
1589;-1.014401691;41.68647628;0.1;False;ok;9;1;0.485;
1590;-0.914401691;41.68647628;0.1;False;ok;5;1;0.434;
1591;-0.414401691;41.68647628;0.1;False;ok;1;1;0.477;
1592;0.085598309;41.68647628;0.1;False;ok;3;1;0.423;
1593;0.485598309;41.68647628;0.1;False;ok;1;1;0.393;
1594;0.685598309;41.68647628;0.1;False;ok;3;1;0.493;
1595;0.785598309;41.68647628;0.1;False;ok;4;1;0.433;
1596;0.885598309;41.68647628;0.1;False;ok;9;1;0.486;
1597;0.985598309;41.68647628;0.1;False;ok;0;1;1.172;
1598;1.085598309;41.68647628;0.1;False;ok;8;1;0.470;
1599;1.185598309;41.68647628;0.1;False;ok;6;1;0.483;
1600;1.285598309;41.68647628;0.1;False;ok;2;1;0.357;
1601;1.385598309;41.68647628;0.1;False;ok;5;1;0.477;
1602;1.485598309;41.68647628;0.1;False;ok;4;1;0.452;
1603;1.585598309;41.68647628;0.1;False;ok;5;1;0.513;
1604;1.785598309;41.68647628;0.1;False;ok;41;1;0.539;
1605;1.885598309;41.68647628;0.1;False;ok;8;1;0.457;
1606;1.985598309;41.68647628;0.1;False;ok;4;1;0.339;
1607;2.085598309;41.68647628;0.1;False;ok;5;1;0.422;
1608;2.185598309;41.68647628;0.1;False;ok;16;1;0.511;
1609;2.285598309;41.68647628;0.1;False;ok;10;1;0.464;
1610;2.385598309;41.68647628;0.1;False;ok;23;1;0.503;
1611;2.485598309;41.68647628;0.1;False;ok;18;1;0.502;
1612;2.585598309;41.68647628;0.1;False;ok;16;1;0.549;
1613;2.685598309;41.68647628;0.1;False;ok;71;1;0.620;
1614;2.785598309;41.68647628;0.025;False;ok;11;1;0.468;
1615;2.810598309;41.68647628;0.0125;False;ok;17;1;0.448;
1616;2.823098309;41.68647628;0.00625;False;ok;0;1;1.143;
1617;2.823098309;41.69272628;0.00625;False;ok;70;1;0.585;
1618;2.829348309;41.69272628;0.00625;False;ok;70;1;0.637;
1619;2.810598309;41.69897628;0.0125;False;ok;8;1;0.483;
1620;2.823098309;41.69897628;0.0125;False;ok;33;1;0.600;
1621;2.785598309;41.71147628;0.025;False;ok;3;1;0.558;
1622;2.810598309;41.71147628;0.025;False;ok;27;1;0.639;
1623;2.835598309;41.68647628;0.0125;False;ok;71;1;0.671;
1624;2.835598309;41.69897628;0.0125;False;ok;74;1;0.875;
1625;2.848098309;41.69897628;0.00625;False;ok;75;1;0.739;
1626;2.854348309;41.69897628;0.00625;False;ok;59;1;0.629;
1627;2.848098309;41.70522628;0.00625;False;ok;1;1;0.404;
1628;2.854348309;41.70522628;0.00625;False;ok;16;1;0.569;
1629;2.860598309;41.69897628;0.0125;False;ok;33;1;0.753;
1630;2.873098309;41.69897628;0.00625;False;ok;19;1;0.520;
1631;2.879348309;41.69897628;0.00625;False;ok;5;1;0.444;
1632;2.873098309;41.70522628;0.00625;False;ok;21;1;0.464;
1633;2.879348309;41.70522628;0.00625;False;ok;12;1;0.589;
1634;2.835598309;41.71147628;0.025;False;ok;37;1;0.808;
1635;2.860598309;41.71147628;0.0125;False;ok;37;1;0.563;
1636;2.873098309;41.71147628;0.0125;False;ok;28;1;0.539;
1637;2.860598309;41.72397628;0.0125;False;ok;2;1;0.371;
1638;2.873098309;41.72397628;0.0125;False;ok;6;1;0.504;
1639;2.785598309;41.73647628;0.025;False;ok;30;1;0.638;
1640;2.810598309;41.73647628;0.0125;False;ok;16;1;0.544;
1641;2.823098309;41.73647628;0.0125;False;ok;11;1;0.481;
1642;2.810598309;41.74897628;0.0125;False;ok;24;1;0.598;
1643;2.823098309;41.74897628;0.0125;False;ok;16;1;0.442;
1644;2.810598309;41.76147628;0.025;False;ok;1;1;0.477;
1645;2.835598309;41.73647628;0.05;False;ok;3;1;0.385;
1646;2.885598309;41.68647628;0.025;False;ok;53;1;0.592;
1647;2.885598309;41.71147628;0.0125;False;ok;10;1;0.464;
1648;2.898098309;41.71147628;0.00625;False;ok;22;1;0.572;
1649;2.904348309;41.71147628;0.00625;False;ok;17;1;0.498;
1650;2.898098309;41.71772628;0.00625;False;ok;13;1;0.520;
1651;2.904348309;41.71772628;0.00625;False;ok;20;1;0.437;
1652;2.898098309;41.72397628;0.0125;False;ok;3;1;0.473;
1653;2.910598309;41.71147628;0.0125;False;ok;3;1;0.548;
1654;2.923098309;41.71147628;0.00625;False;ok;12;1;0.496;
1655;2.929348309;41.71147628;0.00625;False;ok;49;1;0.500;
1656;2.923098309;41.71772628;0.00625;False;ok;34;1;0.588;
1657;2.929348309;41.71772628;0.003125;False;ok;62;1;0.591;
1658;2.932473309;41.71772628;0.003125;False;ok;15;1;0.541;
1659;2.929348309;41.72085128;0.003125;False;ok;45;1;0.639;
1660;2.932473309;41.72085128;0.003125;False;ok;58;1;0.655;
1661;2.910598309;41.72397628;0.0125;False;ok;3;1;0.503;
1662;2.923098309;41.72397628;0.0125;False;ok;36;1;0.518;
1663;2.935598309;41.68647628;0.05;False;ok;17;1;0.524;
1664;2.885598309;41.73647628;0.05;False;ok;6;1;0.597;
1665;2.935598309;41.73647628;0.05;False;ok;53;1;0.570;
1666;2.985598309;41.76147628;0.025;False;ok;3;1;0.344;
1667;3.023098309;41.76147628;0.0125;False;ok;6;1;0.518;
1668;3.010598309;41.77397628;0.0125;False;ok;6;1;0.446;
1669;3.023098309;41.77397628;0.0125;False;ok;74;1;0.652;
1670;3.035598309;41.73647628;0.05;False;ok;38;1;0.656;
1671;-2.514401691;41.78647628;0.1;False;ok;7;1;0.478;
1672;-2.414401691;41.78647628;0.1;False;ok;7;1;0.575;
1673;-2.114401691;41.78647628;0.1;False;ok;3;1;0.492;
1674;-2.014401691;41.78647628;0.1;False;ok;7;1;0.505;
1675;-1.914401691;41.78647628;0.1;False;ok;1;1;0.408;
1676;-1.814401691;41.78647628;0.1;False;ok;9;1;0.559;
1677;-1.714401691;41.78647628;0.1;False;ok;9;1;0.516;
1678;-1.614401691;41.78647628;0.1;False;ok;13;1;0.483;
1679;-1.514401691;41.78647628;0.1;False;ok;5;1;0.516;
1680;-1.414401691;41.78647628;0.1;False;ok;1;1;0.525;
1681;-1.314401691;41.78647628;0.1;False;ok;1;1;0.458;
1682;-1.214401691;41.78647628;0.1;False;ok;2;1;0.411;
1683;-0.914401691;41.78647628;0.1;False;ok;0;1;1.152;
1684;-0.814401691;41.78647628;0.1;False;ok;2;1;0.393;
1685;-0.614401691;41.78647628;0.1;False;ok;0;1;1.199;
1686;-0.214401691;41.78647628;0.1;False;ok;1;1;0.358;
1687;-0.114401691;41.78647628;0.1;False;ok;2;1;0.493;
1688;0.185598309;41.78647628;0.1;False;ok;0;1;1.272;
1689;0.285598309;41.78647628;0.1;False;ok;2;1;0.434;
1690;0.485598309;41.78647628;0.1;False;ok;5;1;0.669;
1691;0.585598309;41.78647628;0.1;False;ok;2;1;0.425;
1692;0.685598309;41.78647628;0.1;False;ok;8;1;0.526;
1693;0.785598309;41.78647628;0.1;False;ok;35;1;0.578;
1694;0.885598309;41.78647628;0.1;False;ok;2;1;0.436;
1695;0.985598309;41.78647628;0.1;False;ok;3;1;0.443;
1696;1.085598309;41.78647628;0.1;False;ok;5;1;0.489;
1697;1.185598309;41.78647628;0.1;False;ok;1;1;0.421;
1698;1.285598309;41.78647628;0.1;False;ok;7;1;0.501;
1699;1.385598309;41.78647628;0.1;False;ok;6;1;0.551;
1700;1.485598309;41.78647628;0.1;False;ok;0;1;1.136;
1701;1.585598309;41.78647628;0.1;False;ok;1;1;0.347;
1702;1.685598309;41.78647628;0.1;False;ok;6;1;0.442;
1703;1.785598309;41.78647628;0.1;False;ok;12;1;0.370;
1704;1.885598309;41.78647628;0.1;False;ok;9;1;0.420;
1705;1.985598309;41.78647628;0.1;False;ok;4;1;0.555;
1706;2.085598309;41.78647628;0.1;False;ok;12;1;0.511;
1707;2.185598309;41.78647628;0.1;False;ok;16;1;0.471;
1708;2.285598309;41.78647628;0.1;False;ok;10;1;0.432;
1709;2.385598309;41.78647628;0.1;False;ok;26;1;0.534;
1710;2.485598309;41.78647628;0.1;False;ok;36;1;0.536;
1711;2.585598309;41.78647628;0.1;False;ok;15;1;0.448;
1712;2.685598309;41.78647628;0.1;False;ok;40;1;0.532;
1713;2.785598309;41.78647628;0.1;False;ok;44;1;0.649;
1714;2.885598309;41.78647628;0.1;False;ok;36;1;0.519;
1715;2.985598309;41.78647628;0.05;False;ok;74;1;0.587;
1716;3.035598309;41.78647628;0.0125;False;ok;73;1;0.699;
1717;3.048098309;41.78647628;0.0125;False;ok;44;1;0.559;
1718;3.035598309;41.79897628;0.0125;False;ok;11;1;0.497;
1719;3.048098309;41.79897628;0.0125;False;ok;47;1;0.607;
1720;3.060598309;41.78647628;0.025;False;ok;74;1;0.785;
1721;3.035598309;41.81147628;0.025;False;ok;32;1;0.639;
1722;3.060598309;41.81147628;0.00625;False;ok;75;1;0.714;
1723;3.066848309;41.81147628;0.00625;False;ok;73;1;0.719;
1724;3.060598309;41.81772628;0.00625;False;ok;21;1;0.601;
1725;3.066848309;41.81772628;0.00625;False;ok;72;1;0.723;
1726;3.073098309;41.81147628;0.0125;False;ok;1;1;0.463;
1727;3.060598309;41.82397628;0.0125;False;ok;29;1;0.561;
1728;3.073098309;41.82397628;0.0125;False;ok;54;1;0.605;
1729;2.985598309;41.83647628;0.05;False;ok;13;1;0.443;
1730;3.035598309;41.83647628;0.025;False;ok;57;1;0.671;
1731;3.060598309;41.83647628;0.025;False;ok;59;1;0.590;
1732;3.035598309;41.86147628;0.025;False;ok;10;1;0.440;
1733;3.060598309;41.86147628;0.0125;False;ok;26;1;0.615;
1734;3.073098309;41.86147628;0.0125;False;ok;15;1;0.495;
1735;3.060598309;41.87397628;0.0125;False;ok;27;1;0.734;
1736;3.073098309;41.87397628;0.0125;False;ok;8;1;0.465;
1737;3.085598309;41.78647628;0.05;False;ok;6;1;0.435;
1738;3.085598309;41.83647628;0.0125;False;ok;62;1;0.619;
1739;3.098098309;41.83647628;0.0125;False;ok;57;1;0.600;
1740;3.085598309;41.84897628;0.0125;False;ok;2;1;0.408;
1741;3.098098309;41.84897628;0.0125;False;ok;7;1;0.437;
1742;3.110598309;41.83647628;0.0125;False;ok;10;1;0.449;
1743;3.123098309;41.83647628;0.0125;False;ok;75;1;0.764;
1744;3.110598309;41.84897628;0.0125;False;ok;56;1;0.574;
1745;3.123098309;41.84897628;0.0125;False;ok;44;1;0.666;
1746;3.085598309;41.86147628;0.025;False;ok;4;1;0.476;
1747;3.110598309;41.86147628;0.025;False;ok;13;1;0.492;
1748;3.135598309;41.83647628;0.025;False;ok;74;1;0.648;
1749;3.135598309;41.86147628;0.025;False;ok;9;1;0.471;
1750;3.160598309;41.86147628;0.025;False;ok;62;1;0.633;
1751;-2.514401691;41.88647628;0.1;False;ok;7;1;0.543;
1752;-2.414401691;41.88647628;0.1;False;ok;0;1;1.138;
1753;-2.314401691;41.88647628;0.1;False;ok;0;1;1.200;
1754;-2.214401691;41.88647628;0.1;False;ok;4;1;0.532;
1755;-2.114401691;41.88647628;0.1;False;ok;1;1;0.393;
1756;-2.014401691;41.88647628;0.1;False;ok;1;1;0.359;
1757;-1.814401691;41.88647628;0.1;False;ok;17;1;0.488;
1758;-1.714401691;41.88647628;0.1;False;ok;5;1;0.510;
1759;-1.314401691;41.88647628;0.1;False;ok;2;1;0.430;
1760;-0.614401691;41.88647628;0.1;False;ok;2;1;0.370;
1761;-0.514401691;41.88647628;0.1;False;ok;1;1;0.544;
1762;0.085598309;41.88647628;0.1;False;ok;1;1;0.431;
1763;0.185598309;41.88647628;0.1;False;ok;5;1;0.525;
1764;0.285598309;41.88647628;0.1;False;ok;3;1;0.463;
1765;0.385598309;41.88647628;0.1;False;ok;1;1;0.396;
1766;0.485598309;41.88647628;0.1;False;ok;2;1;0.491;
1767;0.585598309;41.88647628;0.1;False;ok;0;1;1.199;
1768;0.685598309;41.88647628;0.1;False;ok;8;1;0.458;
1769;0.785598309;41.88647628;0.1;False;ok;1;1;0.452;
1770;0.885598309;41.88647628;0.1;False;ok;3;1;0.621;
1771;0.985598309;41.88647628;0.1;False;ok;17;1;0.737;
1772;1.085598309;41.88647628;0.1;False;ok;5;1;0.511;
1773;1.185598309;41.88647628;0.1;False;ok;11;1;0.527;
1774;1.285598309;41.88647628;0.1;False;ok;1;1;0.396;
1775;1.385598309;41.88647628;0.1;False;ok;6;1;0.443;
1776;1.485598309;41.88647628;0.1;False;ok;7;1;0.464;
1777;1.585598309;41.88647628;0.1;False;ok;26;1;0.523;
1778;1.685598309;41.88647628;0.1;False;ok;8;1;0.490;
1779;1.785598309;41.88647628;0.1;False;ok;8;1;0.420;
1780;1.985598309;41.88647628;0.1;False;ok;1;1;0.509;
1781;2.085598309;41.88647628;0.1;False;ok;8;1;0.411;
1782;2.185598309;41.88647628;0.1;False;ok;34;1;0.522;
1783;2.285598309;41.88647628;0.1;False;ok;9;1;0.516;
1784;2.485598309;41.88647628;0.1;False;ok;13;1;0.512;
1785;2.585598309;41.88647628;0.1;False;ok;13;1;0.523;
1786;2.685598309;41.88647628;0.1;False;ok;13;1;0.534;
1787;2.785598309;41.88647628;0.05;False;ok;5;1;0.516;
1788;2.835598309;41.88647628;0.05;False;ok;8;1;0.470;
1789;2.810598309;41.93647628;0.025;False;ok;5;1;0.417;
1790;2.785598309;41.96147628;0.025;False;ok;6;1;0.476;
1791;2.810598309;41.96147628;0.0125;False;ok;5;1;0.460;
1792;2.823098309;41.96147628;0.0125;False;ok;4;1;0.511;
1793;2.810598309;41.97397628;0.0125;False;ok;74;1;0.590;
1794;2.823098309;41.97397628;0.0125;False;ok;75;1;0.690;
1795;2.835598309;41.93647628;0.05;False;ok;2;1;0.407;
1796;2.885598309;41.88647628;0.1;False;ok;8;1;0.465;
1797;2.985598309;41.88647628;0.1;False;ok;27;1;0.588;
1798;3.085598309;41.88647628;0.05;False;ok;4;1;0.574;
1799;3.135598309;41.88647628;0.025;False;ok;11;1;0.462;
1800;3.173098309;41.88647628;0.00625;False;ok;18;1;0.515;
1801;3.179348309;41.88647628;0.00625;False;ok;68;1;0.647;
1802;3.173098309;41.89272628;0.00625;False;ok;2;1;0.387;
1803;3.179348309;41.89272628;0.00625;False;ok;20;1;0.506;
1804;3.160598309;41.89897628;0.0125;False;ok;1;1;0.446;
1805;3.173098309;41.89897628;0.0125;False;ok;1;1;0.413;
1806;3.135598309;41.91147628;0.025;False;ok;9;1;0.480;
1807;3.160598309;41.91147628;0.025;False;ok;29;1;0.593;
1808;3.085598309;41.93647628;0.05;False;ok;24;1;0.476;
1809;3.135598309;41.93647628;0.05;False;ok;73;1;0.668;
1810;3.185598309;41.88647628;0.00625;False;ok;42;1;0.564;
1811;3.191848309;41.88647628;0.00625;False;ok;1;1;0.444;
1812;3.185598309;41.89272628;0.00625;False;ok;36;1;0.537;
1813;3.191848309;41.89272628;0.00625;False;ok;51;1;0.609;
1814;3.198098309;41.88647628;0.0125;False;ok;14;1;0.503;
1815;3.185598309;41.89897628;0.0125;False;ok;1;1;0.353;
1816;3.198098309;41.89897628;0.0125;False;ok;12;1;0.418;
1817;3.185598309;41.91147628;0.0125;False;ok;1;1;0.353;
1818;3.198098309;41.91147628;0.00625;False;ok;3;1;0.391;
1819;3.204348309;41.91147628;0.00625;False;ok;11;1;0.477;
1820;3.198098309;41.91772628;0.00625;False;ok;5;1;0.594;
1821;3.204348309;41.91772628;0.00625;False;ok;53;1;0.715;
1822;3.185598309;41.92397628;0.0125;False;ok;6;1;0.426;
1823;3.198098309;41.92397628;0.0125;False;ok;24;1;0.463;
1824;3.210598309;41.91147628;0.025;False;ok;34;1;0.632;
1825;3.185598309;41.93647628;0.0125;False;ok;20;1;0.524;
1826;3.198098309;41.93647628;0.0125;False;ok;27;1;0.555;
1827;3.198098309;41.94897628;0.00625;False;ok;5;1;0.470;
1828;3.204348309;41.94897628;0.00625;False;ok;35;1;0.527;
1829;3.198098309;41.95522628;0.00625;False;ok;9;1;0.409;
1830;3.204348309;41.95522628;0.00625;False;ok;35;1;0.527;
1831;3.210598309;41.93647628;0.0125;False;ok;19;1;0.514;
1832;3.210598309;41.94897628;0.0125;False;ok;11;1;0.471;
1833;3.223098309;41.94897628;0.0125;False;ok;54;1;0.551;
1834;3.198098309;41.96147628;0.0125;False;ok;73;1;0.661;
1835;3.185598309;41.97397628;0.0125;False;ok;36;1;0.511;
1836;3.198098309;41.97397628;0.0125;False;ok;75;1;0.639;
1837;3.210598309;41.96147628;0.025;False;ok;47;1;0.598;
1838;-2.514401691;41.98647628;0.1;False;ok;0;1;1.162;
1839;-2.414401691;41.98647628;0.1;False;ok;3;1;0.392;
1840;-2.014401691;41.98647628;0.1;False;ok;6;1;0.403;
1841;-1.914401691;41.98647628;0.1;False;ok;4;1;0.516;
1842;-1.814401691;41.98647628;0.1;False;ok;2;1;0.421;
1843;-1.714401691;41.98647628;0.1;False;ok;10;1;0.599;
1844;-1.614401691;41.98647628;0.1;False;ok;75;1;0.687;
1845;-1.414401691;41.98647628;0.1;False;ok;1;1;0.635;
1846;-0.914401691;41.98647628;0.1;False;ok;0;1;1.243;
1847;-0.314401691;41.98647628;0.1;False;ok;1;1;0.470;
1848;-0.114401691;41.98647628;0.1;False;ok;1;1;0.484;
1849;-0.014401691;41.98647628;0.1;False;ok;2;1;0.420;
1850;0.085598309;41.98647628;0.1;False;ok;19;1;0.504;
1851;0.185598309;41.98647628;0.1;False;ok;2;1;0.456;
1852;0.285598309;41.98647628;0.1;False;ok;1;1;0.430;
1853;0.385598309;41.98647628;0.1;False;ok;1;1;0.508;
1854;0.485598309;41.98647628;0.1;False;ok;2;1;0.441;
1855;0.685598309;41.98647628;0.1;False;ok;24;1;0.515;
1856;0.785598309;41.98647628;0.1;False;ok;9;1;0.536;
1857;0.885598309;41.98647628;0.1;False;ok;7;1;0.505;
1858;0.985598309;41.98647628;0.1;False;ok;4;1;0.498;
1859;1.085598309;41.98647628;0.1;False;ok;4;1;0.441;
1860;1.185598309;41.98647628;0.1;False;ok;8;1;0.457;
1861;1.285598309;41.98647628;0.1;False;ok;12;1;0.498;
1862;1.385598309;41.98647628;0.1;False;ok;3;1;0.460;
1863;1.485598309;41.98647628;0.1;False;ok;26;1;0.591;
1864;1.585598309;41.98647628;0.1;False;ok;3;1;0.478;
1865;1.685598309;41.98647628;0.1;False;ok;6;1;0.459;
1866;1.785598309;41.98647628;0.1;False;ok;38;1;0.587;
1867;1.885598309;41.98647628;0.1;False;ok;16;1;0.440;
1868;1.985598309;41.98647628;0.1;False;ok;4;1;0.444;
1869;2.085598309;41.98647628;0.1;False;ok;15;1;0.462;
1870;2.185598309;41.98647628;0.1;False;ok;4;1;0.483;
1871;2.285598309;41.98647628;0.1;False;ok;16;1;0.505;
1872;2.385598309;41.98647628;0.1;False;ok;14;1;0.492;
1873;2.485598309;41.98647628;0.1;False;ok;32;1;0.506;
1874;2.585598309;41.98647628;0.1;False;ok;17;1;0.502;
1875;2.685598309;41.98647628;0.1;False;ok;18;1;0.443;
1876;2.785598309;41.98647628;0.1;False;ok;74;1;0.621;
1877;2.885598309;41.98647628;0.1;False;ok;35;1;0.622;
1878;2.985598309;41.98647628;0.1;False;ok;50;1;0.558;
1879;3.085598309;41.98647628;0.05;False;ok;15;1;0.550;
1880;3.135598309;41.98647628;0.05;False;ok;10;1;0.457;
1881;3.085598309;42.03647628;0.05;False;ok;28;1;0.563;
1882;3.135598309;42.03647628;0.025;False;ok;35;1;0.431;
1883;3.160598309;42.03647628;0.025;False;ok;75;1;0.660;
1884;3.185598309;41.98647628;0.0125;False;ok;75;1;0.667;
1885;3.198098309;41.98647628;0.0125;False;ok;8;1;0.473;
1886;3.185598309;41.99897628;0.0125;False;ok;73;1;0.730;
1887;3.185598309;42.01147628;0.025;False;ok;0;1;1.147;
1888;3.185598309;42.03647628;0.0125;False;ok;75;1;0.681;
1889;3.185598309;42.04897628;0.003125;False;ok;21;1;0.527;
1890;3.188723309;42.04897628;0.003125;False;ok;73;1;0.563;
1891;3.185598309;42.05210128;0.003125;False;ok;1;1;0.498;
1892;3.191848309;42.04897628;0.003125;False;ok;53;1;0.613;
1893;3.194973309;42.04897628;0.003125;False;ok;73;1;0.576;
1894;3.191848309;42.05210128;0.003125;False;ok;18;1;0.457;
1895;3.194973309;42.05210128;0.003125;False;ok;41;1;0.612;
1896;3.191848309;42.05522628;0.00625;False;ok;13;1;0.425;
1897;3.198098309;42.04897628;0.0125;False;ok;75;1;0.620;
1898;-2.514401691;42.08647628;0.1;False;ok;0;1;1.175;
1899;-2.414401691;42.08647628;0.1;False;ok;5;1;0.488;
1900;-2.314401691;42.08647628;0.1;False;ok;6;1;0.410;
1901;-2.214401691;42.08647628;0.1;False;ok;6;1;0.423;
1902;-2.114401691;42.08647628;0.1;False;ok;3;1;0.476;
1903;-2.014401691;42.08647628;0.1;False;ok;2;1;0.542;
1904;-1.814401691;42.08647628;0.1;False;ok;15;1;0.467;
1905;-1.714401691;42.08647628;0.1;False;ok;5;1;0.472;
1906;-1.614401691;42.08647628;0.1;False;ok;24;1;0.491;
1907;-1.214401691;42.08647628;0.1;False;ok;1;1;0.445;
1908;-1.014401691;42.08647628;0.1;False;ok;0;1;1.171;
1909;-0.814401691;42.08647628;0.1;False;ok;1;1;0.471;
1910;-0.714401691;42.08647628;0.1;False;ok;2;1;0.323;
1911;-0.614401691;42.08647628;0.1;False;ok;1;1;0.308;
1912;-0.414401691;42.08647628;0.1;False;ok;48;1;0.508;
1913;-0.314401691;42.08647628;0.1;False;ok;3;1;0.432;
1914;-0.214401691;42.08647628;0.1;False;ok;4;1;0.433;
1915;-0.114401691;42.08647628;0.1;False;ok;15;1;0.589;
1916;-0.014401691;42.08647628;0.1;False;ok;66;1;0.752;
1917;0.085598309;42.08647628;0.1;False;ok;1;1;0.383;
1918;0.185598309;42.08647628;0.1;False;ok;5;1;0.435;
1919;0.285598309;42.08647628;0.1;False;ok;9;1;0.566;
1920;0.385598309;42.08647628;0.1;False;ok;8;1;0.518;
1921;0.485598309;42.08647628;0.1;False;ok;4;1;0.474;
1922;0.685598309;42.08647628;0.1;False;ok;1;1;0.450;
1923;0.785598309;42.08647628;0.1;False;ok;5;1;0.492;
1924;0.885598309;42.08647628;0.1;False;ok;43;1;0.510;
1925;0.985598309;42.08647628;0.1;False;ok;10;1;0.526;
1926;1.085598309;42.08647628;0.1;False;ok;2;1;0.423;
1927;1.185598309;42.08647628;0.1;False;ok;3;1;0.376;
1928;1.285598309;42.08647628;0.1;False;ok;6;1;0.476;
1929;1.385598309;42.08647628;0.1;False;ok;9;1;0.446;
1930;1.485598309;42.08647628;0.1;False;ok;15;1;0.458;
1931;1.585598309;42.08647628;0.1;False;ok;29;1;0.602;
1932;1.685598309;42.08647628;0.1;False;ok;0;1;1.217;
1933;1.785598309;42.08647628;0.1;False;ok;36;1;0.525;
1934;1.885598309;42.08647628;0.1;False;ok;3;1;0.489;
1935;1.985598309;42.08647628;0.1;False;ok;12;1;0.499;
1936;2.085598309;42.08647628;0.1;False;ok;10;1;0.512;
1937;2.185598309;42.08647628;0.1;False;ok;15;1;0.476;
1938;2.285598309;42.08647628;0.1;False;ok;5;1;0.436;
1939;2.385598309;42.08647628;0.1;False;ok;58;1;0.662;
1940;2.485598309;42.08647628;0.1;False;ok;54;1;0.595;
1941;2.585598309;42.08647628;0.1;False;ok;15;1;0.414;
1942;2.685598309;42.08647628;0.1;False;ok;63;1;0.679;
1943;2.785598309;42.08647628;0.1;False;ok;22;1;0.589;
1944;2.885598309;42.08647628;0.1;False;ok;38;1;0.494;
1945;2.985598309;42.08647628;0.1;False;ok;55;1;0.610;
1946;3.085598309;42.08647628;0.025;False;ok;1;1;0.363;
1947;3.110598309;42.08647628;0.025;False;ok;47;1;0.627;
1948;3.110598309;42.11147628;0.0125;False;ok;11;1;0.479;
1949;3.123098309;42.11147628;0.0125;False;ok;75;1;0.614;
1950;3.110598309;42.12397628;0.0125;False;ok;9;1;0.475;
1951;3.123098309;42.12397628;0.0125;False;ok;73;1;0.738;
1952;3.135598309;42.09897628;0.0125;False;ok;73;1;0.692;
1953;3.148098309;42.09897628;0.0125;False;ok;68;1;0.518;
1954;3.160598309;42.08647628;0.025;False;ok;45;1;0.626;
1955;3.135598309;42.11147628;0.0125;False;ok;75;1;0.651;
1956;3.148098309;42.11147628;0.0125;False;ok;51;1;0.523;
1957;3.135598309;42.12397628;0.0125;False;ok;19;1;0.449;
1958;3.160598309;42.11147628;0.025;False;ok;12;1;0.451;
1959;3.085598309;42.13647628;0.05;False;ok;74;1;0.593;
1960;-2.514401691;42.18647628;0.1;False;ok;7;1;0.424;
1961;-2.314401691;42.18647628;0.1;False;ok;29;1;0.556;
1962;-2.214401691;42.18647628;0.1;False;ok;5;1;0.439;
1963;-2.114401691;42.18647628;0.1;False;ok;10;1;0.529;
1964;-2.014401691;42.18647628;0.1;False;ok;3;1;0.458;
1965;-1.914401691;42.18647628;0.1;False;ok;12;1;0.461;
1966;-1.814401691;42.18647628;0.1;False;ok;11;1;0.473;
1967;-1.714401691;42.18647628;0.1;False;ok;15;1;0.504;
1968;-1.314401691;42.18647628;0.1;False;ok;1;1;0.512;
1969;-1.014401691;42.18647628;0.1;False;ok;4;1;0.417;
1970;-0.814401691;42.18647628;0.1;False;ok;2;1;0.401;
1971;-0.714401691;42.18647628;0.1;False;ok;11;1;0.494;
1972;-0.614401691;42.18647628;0.1;False;ok;4;1;0.445;
1973;-0.514401691;42.18647628;0.1;False;ok;3;1;0.472;
1974;-0.414401691;42.18647628;0.1;False;ok;3;1;0.492;
1975;-0.314401691;42.18647628;0.1;False;ok;4;1;0.511;
1976;-0.214401691;42.18647628;0.1;False;ok;5;1;0.542;
1977;-0.114401691;42.18647628;0.1;False;ok;6;1;0.483;
1978;-0.014401691;42.18647628;0.1;False;ok;2;1;0.484;
1979;0.085598309;42.18647628;0.1;False;ok;5;1;0.427;
1980;0.185598309;42.18647628;0.1;False;ok;4;1;0.399;
1981;0.285598309;42.18647628;0.1;False;ok;20;1;0.507;
1982;0.385598309;42.18647628;0.1;False;ok;2;1;0.450;
1983;0.485598309;42.18647628;0.1;False;ok;3;1;0.540;
1984;0.685598309;42.18647628;0.1;False;ok;9;1;0.426;
1985;0.785598309;42.18647628;0.1;False;ok;1;1;0.412;
1986;0.885598309;42.18647628;0.1;False;ok;29;1;0.543;
1987;0.985598309;42.18647628;0.1;False;ok;10;1;0.532;
1988;1.185598309;42.18647628;0.1;False;ok;2;1;0.372;
1989;1.285598309;42.18647628;0.1;False;ok;8;1;0.509;
1990;1.385598309;42.18647628;0.1;False;ok;1;1;0.394;
1991;1.485598309;42.18647628;0.1;False;ok;8;1;0.640;
1992;1.585598309;42.18647628;0.1;False;ok;3;1;0.477;
1993;1.685598309;42.18647628;0.1;False;ok;13;1;0.524;
1994;1.785598309;42.18647628;0.1;False;ok;44;1;0.505;
1995;1.885598309;42.18647628;0.1;False;ok;20;1;0.437;
1996;1.985598309;42.18647628;0.1;False;ok;13;1;0.446;
1997;2.085598309;42.18647628;0.1;False;ok;22;1;0.528;
1998;2.185598309;42.18647628;0.1;False;ok;42;1;0.485;
1999;2.285598309;42.18647628;0.1;False;ok;50;1;0.526;
2000;2.385598309;42.18647628;0.1;False;ok;26;1;0.575;
2001;2.485598309;42.18647628;0.1;False;ok;39;1;0.473;
2002;2.585598309;42.18647628;0.1;False;ok;31;1;0.556;
2003;2.685598309;42.18647628;0.1;False;ok;61;1;0.561;
2004;2.785598309;42.18647628;0.1;False;ok;37;1;0.586;
2005;2.885598309;42.18647628;0.1;False;ok;73;1;0.731;
2006;2.985598309;42.18647628;0.1;False;ok;75;1;0.691;
2007;3.085598309;42.18647628;0.05;False;ok;7;1;0.502;
2008;3.098098309;42.23647628;0.0125;False;ok;15;1;0.425;
2009;3.098098309;42.24897628;0.0125;False;ok;75;1;0.669;
2010;3.110598309;42.23647628;0.00625;False;ok;0;1;1.196;
2011;3.116848309;42.23647628;0.00625;False;ok;72;1;0.520;
2012;3.110598309;42.24272628;0.00625;False;ok;43;1;0.524;
2013;3.116848309;42.24272628;0.00625;False;ok;70;1;0.648;
2014;3.123098309;42.23647628;0.0015625;False;ok;21;1;0.490;
2015;3.124660809;42.23647628;0.0015625;False;ok;0;1;1.566;
2016;3.123098309;42.23803878;0.0015625;False;ok;75;1;0.726;
2017;3.124660809;42.23803878;0.0015625;False;ok;29;1;0.548;
2018;3.123098309;42.23960128;0.003125;False;ok;74;1;0.707;
2019;3.126223309;42.23960128;0.003125;False;ok;28;1;0.587;
2020;3.123098309;42.24272628;0.003125;False;ok;14;1;0.558;
2021;3.126223309;42.24272628;0.003125;False;ok;74;1;0.763;
2022;3.123098309;42.24585128;0.003125;False;ok;26;1;0.520;
2023;3.126223309;42.24585128;0.003125;False;ok;54;1;0.647;
2024;3.129348309;42.24272628;0.00625;False;ok;64;1;0.569;
2025;3.110598309;42.24897628;0.0125;False;ok;72;1;0.619;
2026;3.123098309;42.24897628;0.0125;False;ok;75;1;0.819;
2027;3.085598309;42.26147628;0.025;False;ok;9;1;0.534;
2028;3.135598309;42.23647628;0.025;False;ok;47;1;0.531;
2029;3.173098309;42.23647628;0.0125;False;ok;39;1;0.511;
2030;3.179348309;42.24897628;0.00625;False;ok;38;1;0.573;
2031;3.173098309;42.25522628;0.00625;False;ok;28;1;0.549;
2032;3.179348309;42.25522628;0.003125;False;ok;28;1;0.506;
2033;3.182473309;42.25522628;0.003125;False;ok;42;1;0.656;
2034;3.179348309;42.25835128;0.003125;False;ok;46;1;0.531;
2035;3.182473309;42.25835128;0.003125;False;ok;26;1;0.461;
2036;3.135598309;42.26147628;0.00625;False;ok;9;1;0.387;
2037;3.141848309;42.26147628;0.00625;False;ok;75;1;0.721;
2038;3.135598309;42.26772628;0.00625;False;ok;74;1;0.783;
2039;3.141848309;42.26772628;0.00625;False;ok;74;1;0.747;
2040;3.148098309;42.26147628;0.003125;False;ok;47;1;0.536;
2041;3.151223309;42.26147628;0.003125;False;ok;75;1;0.731;
2042;3.148098309;42.26460128;0.003125;False;ok;41;1;0.605;
2043;3.151223309;42.26460128;0.003125;False;ok;27;1;0.470;
2044;3.154348309;42.26147628;0.003125;False;ok;75;1;0.659;
2045;3.157473309;42.26147628;0.003125;False;ok;25;1;0.771;
2046;3.154348309;42.26460128;0.003125;False;ok;12;1;0.493;
2047;3.157473309;42.26460128;0.003125;False;ok;29;1;0.546;
2048;3.148098309;42.26772628;0.00625;False;ok;1;1;0.348;
2049;3.154348309;42.26772628;0.00625;False;ok;2;1;0.416;
2050;3.135598309;42.27397628;0.0125;False;ok;4;1;0.399;
2051;3.148098309;42.27397628;0.0125;False;ok;2;1;0.448;
2052;3.160598309;42.26147628;0.003125;False;ok;5;1;0.422;
2053;3.160598309;42.26460128;0.003125;False;ok;75;1;0.593;
2054;3.163723309;42.26460128;0.003125;False;ok;43;1;0.625;
2055;3.166848309;42.26147628;0.00625;False;ok;22;1;0.539;
2056;3.160598309;42.26772628;0.00625;False;ok;8;1;0.457;
2057;3.173098309;42.26147628;0.00625;False;ok;75;1;0.695;
2058;3.179348309;42.26147628;0.00625;False;ok;44;1;0.546;
2059;3.173098309;42.26772628;0.00625;False;ok;0;1;1.237;
2060;3.179348309;42.26772628;0.00625;False;ok;5;1;0.466;
2061;3.160598309;42.27397628;0.0125;False;ok;14;1;0.411;
2062;3.185598309;42.24272628;0.00625;False;ok;74;1;0.573;
2063;3.191848309;42.24272628;0.00625;False;ok;73;1;0.549;
2064;3.198098309;42.23647628;0.0125;False;ok;75;1;0.716;
2065;3.185598309;42.24897628;0.0125;False;ok;74;1;0.628;
2066;3.198098309;42.24897628;0.0125;False;ok;7;1;0.487;
2067;3.210598309;42.23647628;0.025;False;ok;9;1;0.531;
2068;3.185598309;42.26147628;0.025;False;ok;22;1;0.480;
2069;3.235598309;42.23647628;0.05;False;ok;12;1;0.457;
2070;3.285598309;42.18647628;0.1;False;ok;7;1;0.461;
2071;-2.514401691;42.28647628;0.1;False;ok;12;1;0.486;
2072;-2.314401691;42.28647628;0.1;False;ok;2;1;0.419;
2073;-2.214401691;42.28647628;0.1;False;ok;5;1;0.586;
2074;-2.014401691;42.28647628;0.1;False;ok;15;1;0.544;
2075;-1.914401691;42.28647628;0.1;False;ok;3;1;0.422;
2076;-1.814401691;42.28647628;0.1;False;ok;3;1;0.555;
2077;-1.714401691;42.28647628;0.1;False;ok;1;1;0.499;
2078;-1.614401691;42.28647628;0.1;False;ok;5;1;0.444;
2079;-1.514401691;42.28647628;0.1;False;ok;2;1;0.371;
2080;-1.414401691;42.28647628;0.1;False;ok;2;1;0.414;
2081;-1.214401691;42.28647628;0.1;False;ok;3;1;0.480;
2082;-1.114401691;42.28647628;0.1;False;ok;0;1;1.217;
2083;-0.814401691;42.28647628;0.1;False;ok;24;1;0.474;
2084;-0.714401691;42.28647628;0.1;False;ok;6;1;0.458;
2085;-0.614401691;42.28647628;0.1;False;ok;0;1;1.217;
2086;-0.514401691;42.28647628;0.1;False;ok;6;1;0.420;
2087;-0.414401691;42.28647628;0.1;False;ok;0;1;1.104;
2088;-0.314401691;42.28647628;0.1;False;ok;3;1;0.440;
2089;-0.014401691;42.28647628;0.1;False;ok;2;1;0.389;
2090;0.085598309;42.28647628;0.1;False;ok;12;1;0.522;
2091;0.185598309;42.28647628;0.1;False;ok;12;1;0.419;
2092;0.285598309;42.28647628;0.1;False;ok;3;1;0.457;
2093;0.385598309;42.28647628;0.1;False;ok;2;1;0.412;
2094;0.485598309;42.28647628;0.1;False;ok;18;1;0.529;
2095;0.585598309;42.28647628;0.1;False;ok;1;1;0.343;
2096;0.685598309;42.28647628;0.1;False;ok;3;1;0.387;
2097;0.785598309;42.28647628;0.1;False;ok;4;1;0.537;
2098;0.885598309;42.28647628;0.1;False;ok;9;1;0.507;
2099;0.985598309;42.28647628;0.1;False;ok;16;1;0.552;
2100;1.085598309;42.28647628;0.1;False;ok;7;1;0.435;
2101;1.185598309;42.28647628;0.1;False;ok;7;1;0.439;
2102;1.285598309;42.28647628;0.1;False;ok;9;1;0.525;
2103;1.385598309;42.28647628;0.1;False;ok;46;1;0.693;
2104;1.485598309;42.28647628;0.1;False;ok;10;1;0.435;
2105;1.585598309;42.28647628;0.1;False;ok;14;1;0.439;
2106;1.685598309;42.28647628;0.1;False;ok;50;1;0.597;
2107;1.785598309;42.28647628;0.1;False;ok;46;1;0.498;
2108;1.885598309;42.28647628;0.1;False;ok;75;1;0.640;
2109;1.985598309;42.28647628;0.1;False;ok;11;1;0.470;
2110;2.085598309;42.28647628;0.1;False;ok;74;1;0.792;
2111;2.185598309;42.28647628;0.1;False;ok;8;1;0.491;
2112;2.285598309;42.28647628;0.1;False;ok;75;1;0.663;
2113;2.385598309;42.28647628;0.1;False;ok;42;1;0.568;
2114;2.685598309;42.28647628;0.1;False;ok;14;1;0.480;
2115;2.785598309;42.28647628;0.1;False;ok;24;1;0.647;
2116;2.885598309;42.28647628;0.1;False;ok;27;1;0.589;
2117;2.985598309;42.28647628;0.1;False;ok;54;1;0.659;
2118;3.085598309;42.28647628;0.05;False;ok;19;1;0.629;
2119;3.135598309;42.28647628;0.05;False;ok;70;1;0.608;
2120;3.085598309;42.33647628;0.05;False;ok;1;1;0.368;
2121;3.135598309;42.33647628;0.025;False;ok;3;1;0.407;
2122;3.160598309;42.33647628;0.025;False;ok;75;1;0.669;
2123;3.135598309;42.36147628;0.025;False;ok;75;1;0.690;
2124;3.160598309;42.36147628;0.025;False;ok;73;1;0.597;
2125;3.185598309;42.28647628;0.05;False;ok;43;1;0.582;
2126;3.235598309;42.28647628;0.05;False;ok;74;1;0.616;
2127;3.185598309;42.33647628;0.05;False;ok;44;1;0.600;
2128;3.285598309;42.28647628;0.1;False;ok;6;1;0.486;
2129;-2.514401691;42.38647628;0.05;False;ok;4;1;0.432;
2130;-2.464401691;42.38647628;0.05;False;ok;16;1;0.433;
2131;-2.514401691;42.43647628;0.05;False;ok;7;1;0.427;
2132;-2.464401691;42.43647628;0.025;False;ok;51;1;0.534;
2133;-2.439401691;42.43647628;0.025;False;ok;10;1;0.416;
2134;-2.464401691;42.46147628;0.0125;False;ok;47;1;0.560;
2135;-2.451901691;42.46147628;0.00625;False;ok;74;1;0.643;
2136;-2.445651691;42.46147628;0.00625;False;ok;74;1;0.590;
2137;-2.451901691;42.46772628;0.00625;False;ok;14;1;0.414;
2138;-2.445651691;42.46772628;0.00625;False;ok;17;1;0.485;
2139;-2.451901691;42.47397628;0.0125;False;ok;3;1;0.384;
2140;-2.439401691;42.46147628;0.025;False;ok;55;1;0.543;
2141;-2.414401691;42.38647628;0.1;False;ok;7;1;0.449;
2142;-2.314401691;42.38647628;0.1;False;ok;4;1;0.456;
2143;-2.214401691;42.38647628;0.1;False;ok;4;1;0.508;
2144;-2.114401691;42.38647628;0.1;False;ok;2;1;0.327;
2145;-2.014401691;42.38647628;0.1;False;ok;5;1;0.430;
2146;-1.914401691;42.38647628;0.1;False;ok;3;1;0.471;
2147;-1.814401691;42.38647628;0.1;False;ok;0;1;1.120;
2148;-1.714401691;42.38647628;0.1;False;ok;31;1;0.705;
2149;-1.514401691;42.38647628;0.1;False;ok;2;1;0.455;
2150;-1.114401691;42.38647628;0.1;False;ok;2;1;0.468;
2151;-1.014401691;42.38647628;0.1;False;ok;3;1;0.392;
2152;-0.814401691;42.38647628;0.1;False;ok;0;1;1.153;
2153;-0.714401691;42.38647628;0.1;False;ok;1;1;0.358;
2154;-0.314401691;42.38647628;0.1;False;ok;2;1;0.457;
2155;-0.214401691;42.38647628;0.1;False;ok;1;1;0.443;
2156;-0.114401691;42.38647628;0.1;False;ok;7;1;0.488;
2157;-0.014401691;42.38647628;0.1;False;ok;43;1;0.592;
2158;0.085598309;42.38647628;0.1;False;ok;75;1;0.597;
2159;0.185598309;42.38647628;0.1;False;ok;10;1;0.447;
2160;0.285598309;42.38647628;0.1;False;ok;1;1;0.307;
2161;0.385598309;42.38647628;0.1;False;ok;13;1;0.575;
2162;0.485598309;42.38647628;0.1;False;ok;2;1;0.355;
2163;0.585598309;42.38647628;0.1;False;ok;16;1;0.502;
2164;0.685598309;42.38647628;0.1;False;ok;44;1;0.529;
2165;0.885598309;42.38647628;0.1;False;ok;3;1;0.412;
2166;0.985598309;42.38647628;0.1;False;ok;11;1;0.542;
2167;1.085598309;42.38647628;0.1;False;ok;75;1;0.752;
2168;1.185598309;42.38647628;0.1;False;ok;1;1;0.395;
2169;1.285598309;42.38647628;0.1;False;ok;0;1;1.129;
2170;1.385598309;42.38647628;0.1;True;ok;3;1;0.446;
2171;1.485598309;42.38647628;0.1;True;ok;0;1;0.484;
2172;1.585598309;42.38647628;0.1;False;ok;5;1;0.382;
2173;1.685598309;42.38647628;0.1;False;ok;6;1;0.474;
2174;1.785598309;42.38647628;0.1;False;ok;37;1;0.674;
2175;1.885598309;42.38647628;0.05;False;ok;74;1;0.739;
2176;1.935598309;42.38647628;0.05;True;ok;10;1;0.594;
2177;1.885598309;42.43647628;0.05;True;ok;8;1;0.586;
2178;1.935598309;42.43647628;0.05;True;ok;41;1;0.680;
2179;1.985598309;42.38647628;0.1;True;ok;3;1;0.810;
2180;2.085598309;42.38647628;0.1;True;ok;3;1;0.511;
2181;2.685598309;42.38647628;0.1;True;ok;2;1;0.534;
2182;2.785598309;42.38647628;0.1;True;ok;17;1;0.527;
2183;2.885598309;42.38647628;0.1;False;ok;8;1;0.468;
2184;2.985598309;42.38647628;0.1;False;ok;6;1;0.444;
2185;3.135598309;42.38647628;0.05;False;ok;44;1;0.573;
2186;-2.514401691;42.48647628;0.1;False;ok;6;1;0.456;
2187;-2.414401691;42.48647628;0.1;False;ok;17;1;0.578;
2188;-2.314401691;42.48647628;0.1;False;ok;12;1;0.520;
2189;-2.214401691;42.48647628;0.1;False;ok;13;1;0.443;
2190;-2.114401691;42.48647628;0.1;False;ok;0;1;1.150;
2191;-1.914401691;42.48647628;0.1;False;ok;4;1;0.574;
2192;-1.714401691;42.48647628;0.1;False;ok;8;1;0.422;
2193;-1.614401691;42.48647628;0.1;False;ok;5;1;0.464;
2194;-1.514401691;42.48647628;0.1;False;ok;4;1;0.436;
2195;-1.414401691;42.48647628;0.1;False;ok;6;1;0.434;
2196;-1.314401691;42.48647628;0.1;False;ok;10;1;0.542;
2197;-1.214401691;42.48647628;0.1;False;ok;3;1;0.469;
2198;-1.114401691;42.48647628;0.1;False;ok;3;1;0.427;
2199;-1.014401691;42.48647628;0.1;False;ok;1;1;0.442;
2200;-0.814401691;42.48647628;0.1;False;ok;6;1;0.544;
2201;-0.714401691;42.48647628;0.1;False;ok;8;1;0.546;
2202;-0.614401691;42.48647628;0.1;False;ok;74;1;0.737;
2203;-0.514401691;42.48647628;0.1;False;ok;23;1;0.550;
2204;-0.414401691;42.48647628;0.1;False;ok;75;1;0.698;
2205;-0.314401691;42.48647628;0.1;False;ok;1;1;0.450;
2206;-0.214401691;42.48647628;0.1;False;ok;21;1;0.551;
2207;-0.114401691;42.48647628;0.1;False;ok;15;1;0.491;
2208;-0.014401691;42.48647628;0.1;False;ok;5;1;0.424;
2209;0.085598309;42.48647628;0.1;False;ok;37;1;0.610;
2210;0.185598309;42.48647628;0.1;False;ok;12;1;0.554;
2211;0.285598309;42.48647628;0.1;False;ok;8;1;0.471;
2212;0.385598309;42.48647628;0.1;False;ok;45;1;0.655;
2213;0.485598309;42.48647628;0.1;False;ok;23;1;0.566;
2214;0.585598309;42.48647628;0.1;False;ok;3;1;0.420;
2215;0.685598309;42.48647628;0.1;False;ok;6;1;0.402;
2216;0.785598309;42.48647628;0.05;False;ok;42;1;0.551;
2217;0.835598309;42.48647628;0.05;False;ok;73;1;0.684;
2218;0.835598309;42.53647628;0.05;False;ok;3;1;0.464;
2219;0.985598309;42.48647628;0.1;False;ok;4;1;0.466;
2220;1.085598309;42.48647628;0.1;False;ok;38;1;0.528;
2221;1.185598309;42.48647628;0.1;False;ok;31;1;0.538;
2222;1.285598309;42.48647628;0.1;False;ok;6;1;0.399;
2223;1.685598309;42.48647628;0.05;True;ok;0;1;0.439;
2224;-2.514401691;42.58647628;0.1;False;ok;4;1;0.488;
2225;-2.414401691;42.58647628;0.1;False;ok;8;1;0.464;
2226;-2.314401691;42.58647628;0.1;False;ok;5;1;0.503;
2227;-2.214401691;42.58647628;0.1;False;ok;5;1;0.483;
2228;-2.114401691;42.58647628;0.1;False;ok;63;1;0.569;
2229;-2.014401691;42.58647628;0.1;False;ok;12;1;0.485;
2230;-1.914401691;42.58647628;0.1;False;ok;13;1;0.552;
2231;-1.814401691;42.58647628;0.1;False;ok;19;1;0.476;
2232;-1.714401691;42.58647628;0.1;False;ok;8;1;0.413;
2233;-1.614401691;42.58647628;0.1;False;ok;4;1;0.501;
2234;-1.414401691;42.58647628;0.1;False;ok;1;1;0.469;
2235;-1.314401691;42.58647628;0.1;False;ok;6;1;0.464;
2236;-1.214401691;42.58647628;0.1;False;ok;3;1;0.418;
2237;-1.014401691;42.58647628;0.1;False;ok;2;1;0.314;
2238;-0.914401691;42.58647628;0.1;False;ok;3;1;0.416;
2239;-0.814401691;42.58647628;0.1;False;ok;1;1;0.465;
2240;-0.714401691;42.58647628;0.1;False;ok;7;1;0.453;
2241;-0.614401691;42.58647628;0.1;False;ok;75;1;0.736;
2242;-0.414401691;42.58647628;0.1;False;ok;72;1;0.670;
2243;-0.314401691;42.58647628;0.1;False;ok;22;1;0.539;
2244;-0.214401691;42.58647628;0.1;False;ok;47;1;0.551;
2245;-0.114401691;42.58647628;0.1;False;ok;35;1;0.592;
2246;-0.014401691;42.58647628;0.1;False;ok;1;1;0.522;
2247;0.085598309;42.58647628;0.1;False;ok;2;1;0.514;
2248;0.185598309;42.58647628;0.1;False;ok;34;1;0.665;
2249;0.285598309;42.58647628;0.1;False;ok;18;1;0.444;
2250;0.485598309;42.58647628;0.025;False;ok;43;1;0.592;
2251;0.510598309;42.58647628;0.0125;False;ok;2;1;0.413;
2252;0.510598309;42.59897628;0.0125;False;ok;75;1;0.747;
2253;0.523098309;42.59897628;0.0125;False;ok;74;1;0.656;
2254;0.535598309;42.58647628;0.05;False;ok;67;1;0.703;
2255;0.535598309;42.63647628;0.05;False;ok;1;1;0.377;
2256;0.685598309;42.58647628;0.1;False;ok;0;1;1.143;
2257;0.885598309;42.58647628;0.1;False;ok;0;1;1.222;
2258;0.985598309;42.58647628;0.1;False;ok;3;1;0.396;
2259;1.085598309;42.58647628;0.1;False;ok;75;1;0.762;
2260;1.185598309;42.58647628;0.1;False;ok;9;1;0.534;
2261;1.285598309;42.58647628;0.1;False;ok;9;1;0.428;
2262;-2.514401691;42.68647628;0.1;False;ok;4;1;0.481;
2263;-2.414401691;42.68647628;0.1;False;ok;5;1;0.454;
2264;-2.314401691;42.68647628;0.1;False;ok;6;1;0.451;
2265;-2.214401691;42.68647628;0.1;False;ok;13;1;0.531;
2266;-2.114401691;42.68647628;0.1;False;ok;17;1;0.572;
2267;-2.014401691;42.68647628;0.1;False;ok;16;1;0.536;
2268;-1.914401691;42.68647628;0.1;False;ok;2;1;0.411;
2269;-1.814401691;42.68647628;0.1;False;ok;6;1;0.505;
2270;-1.714401691;42.68647628;0.1;False;ok;9;1;0.496;
2271;-1.514401691;42.68647628;0.1;False;ok;3;1;0.493;
2272;-1.414401691;42.68647628;0.1;False;ok;8;1;0.448;
2273;-1.314401691;42.68647628;0.1;False;ok;2;1;0.427;
2274;-1.014401691;42.68647628;0.1;False;ok;1;1;0.338;
2275;-0.914401691;42.68647628;0.1;False;ok;14;1;0.431;
2276;-0.814401691;42.68647628;0.1;False;ok;10;1;0.433;
2277;-0.714401691;42.68647628;0.1;False;ok;2;1;0.393;
2278;-0.614401691;42.68647628;0.1;False;ok;57;1;0.638;
2279;-0.514401691;42.68647628;0.1;False;ok;2;1;0.417;
2280;-0.414401691;42.68647628;0.1;False;ok;75;1;0.669;
2281;-0.314401691;42.68647628;0.1;False;ok;74;1;0.677;
2282;-0.114401691;42.68647628;0.1;False;ok;1;1;0.411;
2283;0.685598309;42.68647628;0.1;False;ok;39;1;0.528;
2284;0.785598309;42.68647628;0.0125;False;ok;2;1;0.396;
2285;0.798098309;42.68647628;0.0125;False;ok;31;1;0.587;
2286;0.785598309;42.69897628;0.0125;False;ok;75;1;0.600;
2287;0.798098309;42.69897628;0.0125;False;ok;36;1;0.511;
2288;0.810598309;42.68647628;0.025;False;ok;10;1;0.486;
2289;0.785598309;42.71147628;0.025;False;ok;12;1;0.527;
2290;0.835598309;42.68647628;0.05;False;ok;57;1;0.715;
2291;0.885598309;42.68647628;0.025;False;ok;75;1;0.602;
2292;0.932473309;42.69272628;0.003125;False;ok;21;1;0.488;
2293;0.929348309;42.69585128;0.003125;False;ok;10;1;0.482;
2294;0.932473309;42.69585128;0.003125;False;ok;74;1;0.740;
2295;0.910598309;42.69897628;0.0125;False;ok;15;1;0.506;
2296;0.923098309;42.69897628;0.0125;False;ok;43;1;0.632;
2297;0.910598309;42.71147628;0.025;False;ok;16;1;0.485;
2298;0.935598309;42.68647628;0.05;False;ok;61;1;0.611;
2299;0.985598309;42.68647628;0.1;False;ok;1;1;0.431;
2300;1.085598309;42.68647628;0.1;True;ok;0;1;1.118;
2301;-2.414401691;42.78647628;0.1;False;ok;2;1;0.400;
2302;-2.314401691;42.78647628;0.1;False;ok;4;1;0.469;
2303;-2.214401691;42.78647628;0.1;False;ok;4;1;0.497;
2304;-2.114401691;42.78647628;0.1;False;ok;1;1;0.418;
2305;-2.014401691;42.78647628;0.1;False;ok;0;1;1.155;
2306;-1.914401691;42.78647628;0.1;False;ok;5;1;0.480;
2307;-1.814401691;42.78647628;0.1;False;ok;9;1;0.506;
2308;-1.714401691;42.78647628;0.05;False;ok;51;1;0.628;
2309;-1.664401691;42.78647628;0.025;False;ok;52;1;0.671;
2310;-1.639401691;42.78647628;0.025;False;ok;23;1;0.484;
2311;-1.664401691;42.81147628;0.025;False;ok;75;1;0.641;
2312;-1.639401691;42.81147628;0.025;False;ok;22;1;0.522;
2313;-1.714401691;42.83647628;0.05;False;ok;5;1;0.491;
2314;-1.664401691;42.83647628;0.05;False;ok;4;1;0.500;
2315;-1.614401691;42.78647628;0.1;False;ok;23;1;0.467;
2316;-1.514401691;42.78647628;0.1;False;ok;2;1;0.425;
2317;-1.414401691;42.78647628;0.1;False;ok;3;1;0.439;
2318;-1.314401691;42.78647628;0.1;False;ok;1;1;0.397;
2319;-1.114401691;42.78647628;0.1;False;ok;5;1;0.549;
2320;-1.014401691;42.78647628;0.1;False;ok;33;1;0.546;
2321;-0.814401691;42.78647628;0.1;False;ok;1;1;0.431;
2322;-0.614401691;42.78647628;0.1;True;ok;15;1;0.481;
2323;-0.514401691;42.78647628;0.1;True;ok;0;1;1.219;
2324;0.685598309;42.78647628;0.1;True;ok;34;1;0.592;
2325;-2.414401691;42.88647628;0.1;False;ok;6;1;0.553;
2326;-2.314401691;42.88647628;0.1;False;ok;3;1;0.487;
2327;-2.214401691;42.88647628;0.1;False;ok;13;1;0.591;
2328;-2.114401691;42.88647628;0.1;False;ok;9;1;0.463;
2329;-2.014401691;42.88647628;0.1;False;ok;2;1;0.406;
2330;-1.914401691;42.88647628;0.1;False;ok;11;1;0.576;
2331;-1.814401691;42.88647628;0.1;False;ok;14;1;0.499;
2332;-1.714401691;42.88647628;0.1;False;ok;13;1;0.488;
2333;-1.614401691;42.88647628;0.1;False;ok;10;1;0.450;
2334;-1.514401691;42.88647628;0.1;False;ok;25;1;0.530;
2335;-1.414401691;42.88647628;0.1;False;ok;14;1;0.539;
2336;-1.314401691;42.88647628;0.1;False;ok;12;1;0.494;
2337;-1.214401691;42.88647628;0.1;False;ok;7;1;0.485;
2338;-1.114401691;42.88647628;0.1;False;ok;20;1;0.587;
2339;-2.514401691;42.98647628;0.1;False;ok;13;1;0.519;
2340;-2.414401691;42.98647628;0.1;False;ok;7;1;0.595;
2341;-2.314401691;42.98647628;0.1;False;ok;11;1;0.533;
2342;-2.214401691;42.98647628;0.1;False;ok;10;1;0.616;
2343;-2.114401691;42.98647628;0.1;False;ok;1;1;0.463;
2344;-2.014401691;42.98647628;0.1;False;ok;14;1;0.569;
2345;-1.914401691;42.98647628;0.1;False;ok;13;1;0.515;
2346;-1.814401691;42.98647628;0.1;False;ok;5;1;0.501;
2347;-1.714401691;42.98647628;0.1;False;ok;7;1;0.552;
2348;-1.614401691;42.98647628;0.1;False;ok;1;1;0.424;
2349;-1.514401691;42.98647628;0.1;True;ok;1;1;0.476;
2350;-1.414401691;42.98647628;0.1;False;ok;6;1;0.588;
2351;-1.314401691;42.98647628;0.1;False;ok;9;1;0.633;
2352;-2.514401691;43.08647628;0.1;False;ok;7;1;0.580;
2353;-2.414401691;43.08647628;0.1;False;ok;5;1;0.563;
2354;-2.314401691;43.08647628;0.1;False;ok;19;1;0.599;
2355;-2.214401691;43.08647628;0.1;False;ok;7;1;0.570;
2356;-2.114401691;43.08647628;0.1;False;ok;11;1;0.606;
2357;-2.014401691;43.08647628;0.1;False;ok;5;1;0.554;
2358;-1.914401691;43.08647628;0.1;False;ok;3;1;0.666;
2359;-1.814401691;43.08647628;0.1;False;ok;3;1;0.525;
2360;-1.714401691;43.08647628;0.1;False;ok;27;1;0.591;
2361;-1.614401691;43.08647628;0.1;False;ok;56;1;0.693;
2362;-1.514401691;43.08647628;0.1;True;ok;16;1;0.670;
2363;-1.314401691;43.08647628;0.1;True;ok;5;1;0.839;
2364;-2.514401691;43.18647628;0.1;False;ok;15;1;0.530;
2365;-2.414401691;43.18647628;0.1;False;ok;17;1;0.596;
2366;-2.314401691;43.18647628;0.1;False;ok;21;1;0.617;
2367;-2.214401691;43.18647628;0.1;False;ok;75;1;0.765;
2368;-2.114401691;43.18647628;0.1;False;ok;34;1;0.627;
2369;-2.014401691;43.18647628;0.1;False;ok;34;1;0.559;
2370;-1.914401691;43.18647628;0.1;False;ok;7;1;0.447;
2371;-1.814401691;43.18647628;0.1;False;ok;8;1;0.638;
2372;-1.714401691;43.18647628;0.1;True;ok;31;1;0.631;
2373;-1.614401691;43.18647628;0.1;True;ok;9;1;0.569;
2374;-1.514401691;43.18647628;0.1;False;ok;9;1;0.580;
2375;2.785598309;43.18647628;0.1;True;ok;0;1;0.751;
2376;-2.514401691;43.28647628;0.1;False;ok;71;1;0.791;
2377;-2.414401691;43.28647628;0.1;False;ok;20;1;0.567;
2378;-2.314401691;43.28647628;0.1;False;ok;41;1;0.691;
2379;-2.214401691;43.28647628;0.1;False;ok;74;1;0.695;
2380;-2.114401691;43.28647628;0.1;False;ok;30;1;0.649;
2381;-2.014401691;43.28647628;0.025;False;ok;31;1;0.553;
2382;-1.989401691;43.28647628;0.025;False;ok;70;1;0.794;
2383;-2.014401691;43.31147628;0.025;False;ok;68;1;0.749;
2384;-1.989401691;43.31147628;0.00625;False;ok;75;1;0.805;
2385;-1.983151691;43.31147628;0.00625;False;ok;72;1;0.673;
2386;-1.989401691;43.31772628;0.00625;False;ok;75;1;0.650;
2387;-1.983151691;43.31772628;0.003125;False;ok;73;1;0.575;
2388;-1.980026691;43.31772628;0.003125;False;ok;16;1;0.507;
2389;-1.983151691;43.32085128;0.003125;False;ok;36;1;0.581;
2390;-1.980026691;43.32085128;0.003125;False;ok;34;1;0.632;
2391;-1.976901691;43.31147628;0.0125;False;ok;73;1;0.685;
2392;-1.989401691;43.32397628;0.0125;False;ok;43;1;0.751;
2393;-1.976901691;43.32397628;0.0125;False;ok;75;1;0.614;
2394;-1.964401691;43.28647628;0.05;False;ok;43;1;0.725;
2395;-1.914401691;43.28647628;0.1;False;ok;43;1;0.739;
2396;-1.814401691;43.28647628;0.05;False;ok;6;1;0.586;
2397;-1.814401691;43.33647628;0.025;False;ok;18;1;0.700;
2398;-1.789401691;43.33647628;0.025;True;ok;5;1;0.628;
2399;-1.814401691;43.36147628;0.025;False;ok;75;1;0.659;
2400;-1.789401691;43.36147628;0.0125;True;ok;3;1;0.521;
2401;-1.764401691;43.33647628;0.05;True;ok;1;1;0.758;
2402;-1.714401691;43.28647628;0.05;False;ok;1;1;0.388;
2403;-1.614401691;43.28647628;0.1;True;ok;1;1;0.731;
2404;-1.514401691;43.38647628;0.1;True;ok;0;1;0.797;
2405;1.385598309;43.38647628;0.1;True;ok;1;1;0.591;
2406;-7.168057005;38.21713759;0.1;False;ok;1;1;0.437;
2407;-6.768057005;38.21713759;0.1;False;ok;4;1;0.552;
2408;-6.368057005;38.21713759;0.1;False;ok;1;1;0.466;
2409;-6.068057005;38.21713759;0.1;False;ok;5;1;0.605;
2410;-5.968057005;38.21713759;0.1;False;ok;1;1;0.416;
2411;-5.868057005;38.21713759;0.1;False;ok;1;1;0.491;
2412;-5.768057005;38.21713759;0.1;False;ok;0;1;1.238;
2413;-5.668057005;38.21713759;0.1;False;ok;4;1;0.483;
2414;-5.568057005;38.21713759;0.1;False;ok;1;1;0.427;
2415;-5.468057005;38.21713759;0.1;False;ok;7;1;0.580;
2416;-5.368057005;38.21713759;0.1;False;ok;5;1;0.490;
2417;-3.668057005;38.21713759;0.1;False;ok;3;1;0.416;
2418;-3.468057005;38.21713759;0.1;False;ok;2;1;0.519;
2419;-3.268057005;38.21713759;0.1;False;ok;3;1;0.441;
2420;-2.968057005;38.21713759;0.1;False;ok;6;1;0.603;
2421;-2.868057005;38.21713759;0.1;False;ok;5;1;0.565;
2422;-2.768057005;38.21713759;0.1;False;ok;37;1;0.706;
2423;-2.668057005;38.21713759;0.1;False;ok;26;1;0.626;
2424;-2.568057005;38.21713759;0.1;False;ok;1;1;0.448;
2425;-2.468057005;38.21713759;0.1;False;ok;3;1;0.534;
2426;-7.268057005;38.31713759;0.1;False;ok;3;1;0.587;
2427;-7.168057005;38.31713759;0.1;False;ok;2;1;0.481;
2428;-6.868057005;38.31713759;0.1;False;ok;15;1;0.608;
2429;-6.768057005;38.31713759;0.1;False;ok;4;1;0.580;
2430;-6.668057005;38.31713759;0.1;False;ok;0;1;1.323;
2431;-6.468057005;38.31713759;0.1;False;ok;4;1;0.524;
2432;-6.368057005;38.31713759;0.1;False;ok;3;1;0.498;
2433;-6.068057005;38.31713759;0.1;False;ok;2;1;0.532;
2434;-5.968057005;38.31713759;0.1;False;ok;0;1;1.169;
2435;-5.068057005;38.31713759;0.1;False;ok;12;1;0.572;
2436;-4.968057005;38.31713759;0.1;False;ok;4;1;0.501;
2437;-4.868057005;38.31713759;0.1;False;ok;10;1;0.478;
2438;-4.668057005;38.31713759;0.1;False;ok;6;1;0.583;
2439;-4.368057005;38.31713759;0.1;False;ok;5;1;0.644;
2440;-3.568057005;38.31713759;0.1;False;ok;9;1;0.496;
2441;-3.468057005;38.31713759;0.1;False;ok;2;1;0.549;
2442;-3.368057005;38.31713759;0.1;False;ok;1;1;0.414;
2443;-2.868057005;38.31713759;0.1;False;ok;6;1;0.507;
2444;-2.768057005;38.31713759;0.1;False;ok;8;1;0.545;
2445;-2.668057005;38.31713759;0.1;False;ok;31;1;0.557;
2446;-2.568057005;38.31713759;0.1;False;ok;6;1;0.498;
2447;-2.468057005;38.31713759;0.1;False;ok;16;1;0.603;
2448;-2.368057005;38.31713759;0.1;False;ok;17;1;0.641;
2449;-7.368057005;38.41713759;0.1;True;ok;1;1;0.565;
2450;-6.468057005;38.41713759;0.1;False;ok;30;1;0.625;
2451;-6.368057005;38.41713759;0.1;False;ok;0;1;1.172;
2452;-6.268057005;38.41713759;0.1;False;ok;2;1;0.436;
2453;-5.168057005;38.41713759;0.1;False;ok;5;1;0.538;
2454;-4.768057005;38.41713759;0.1;False;ok;1;1;0.460;
2455;-4.368057005;38.41713759;0.1;False;ok;1;1;0.459;
2456;-3.568057005;38.41713759;0.1;False;ok;1;1;0.557;
2457;-2.768057005;38.41713759;0.1;False;ok;0;1;1.196;
2458;-2.668057005;38.41713759;0.1;False;ok;2;1;0.435;
2459;-2.568057005;38.41713759;0.1;False;ok;8;1;0.558;
2460;-2.468057005;38.41713759;0.1;False;ok;74;1;0.863;
2461;-2.368057005;38.41713759;0.1;False;ok;6;1;0.480;
2462;-7.068057005;38.51713759;0.1;False;ok;0;1;1.184;
2463;-6.868057005;38.51713759;0.1;False;ok;4;1;0.472;
2464;-6.668057005;38.51713759;0.1;False;ok;3;1;0.564;
2465;-6.568057005;38.51713759;0.1;False;ok;1;1;0.417;
2466;-6.368057005;38.51713759;0.1;False;ok;9;1;0.591;
2467;-6.268057005;38.51713759;0.1;False;ok;3;1;0.478;
2468;-6.068057005;38.51713759;0.1;False;ok;3;1;0.493;
2469;-4.568057005;38.51713759;0.1;False;ok;0;1;1.253;
2470;-4.168057005;38.51713759;0.1;False;ok;1;1;0.538;
2471;-3.468057005;38.51713759;0.1;False;ok;3;1;0.513;
2472;-3.368057005;38.51713759;0.1;False;ok;0;1;1.207;
2473;-3.068057005;38.51713759;0.1;False;ok;2;1;0.557;
2474;-2.868057005;38.51713759;0.1;False;ok;0;1;1.155;
2475;-2.668057005;38.51713759;0.1;False;ok;1;1;0.409;
2476;-2.568057005;38.51713759;0.1;False;ok;4;1;0.582;
2477;-2.468057005;38.51713759;0.1;False;ok;0;1;1.223;
2478;-2.368057005;38.51713759;0.1;False;ok;2;1;0.410;
2479;-7.168057005;38.61713759;0.1;False;ok;20;1;0.668;
2480;-7.068057005;38.61713759;0.1;False;ok;3;1;0.509;
2481;-6.568057005;38.61713759;0.1;False;ok;1;1;0.583;
2482;-6.468057005;38.61713759;0.1;False;ok;11;1;0.540;
2483;-6.168057005;38.61713759;0.1;False;ok;1;1;0.498;
2484;-5.668057005;38.61713759;0.1;False;ok;4;1;0.496;
2485;-5.268057005;38.61713759;0.1;False;ok;3;1;0.474;
2486;-4.368057005;38.61713759;0.1;False;ok;3;1;0.529;
2487;-4.268057005;38.61713759;0.1;False;ok;3;1;0.531;
2488;-4.168057005;38.61713759;0.1;False;ok;14;1;1.338;
2489;-3.868057005;38.61713759;0.1;False;ok;4;1;0.483;
2490;-3.568057005;38.61713759;0.1;False;ok;2;1;0.608;
2491;-3.468057005;38.61713759;0.1;False;ok;5;1;0.509;
2492;-3.368057005;38.61713759;0.1;False;ok;2;1;0.510;
2493;-3.168057005;38.61713759;0.1;False;ok;1;1;0.436;
2494;-3.068057005;38.61713759;0.1;False;ok;0;1;1.239;
2495;-2.868057005;38.61713759;0.1;False;ok;4;1;0.562;
2496;-2.768057005;38.61713759;0.1;False;ok;2;1;0.538;
2497;-2.668057005;38.61713759;0.1;False;ok;1;1;0.402;
2498;-2.568057005;38.61713759;0.1;False;ok;15;1;0.606;
2499;-2.468057005;38.61713759;0.1;False;ok;1;1;0.416;
2500;-2.368057005;38.61713759;0.1;False;ok;2;1;0.471;
2501;-6.968057005;38.71713759;0.1;False;ok;2;1;0.545;
2502;-6.468057005;38.71713759;0.1;False;ok;2;1;0.513;
2503;-6.268057005;38.71713759;0.1;False;ok;7;1;0.784;
2504;-5.668057005;38.71713759;0.1;False;ok;0;1;1.261;
2505;-4.968057005;38.71713759;0.1;False;ok;2;1;0.529;
2506;-4.868057005;38.71713759;0.1;False;ok;6;1;0.477;
2507;-4.168057005;38.71713759;0.1;False;ok;4;1;0.612;
2508;-3.768057005;38.71713759;0.1;False;ok;2;1;0.574;
2509;-3.468057005;38.71713759;0.1;False;ok;19;1;0.614;
2510;-3.368057005;38.71713759;0.1;False;ok;2;1;0.464;
2511;-3.068057005;38.71713759;0.1;False;ok;24;1;0.575;
2512;-2.968057005;38.71713759;0.1;False;ok;4;1;0.490;
2513;-2.768057005;38.71713759;0.1;False;ok;1;1;0.463;
2514;-2.668057005;38.71713759;0.1;False;ok;1;1;0.529;
2515;-2.468057005;38.71713759;0.1;False;ok;2;1;0.485;
2516;-7.068057005;38.81713759;0.1;False;ok;40;1;0.675;
2517;-6.968057005;38.81713759;0.1;False;ok;11;1;0.627;
2518;-6.768057005;38.81713759;0.1;False;ok;3;1;0.468;
2519;-6.668057005;38.81713759;0.1;False;ok;6;1;0.619;
2520;-6.568057005;38.81713759;0.1;False;ok;0;1;1.282;
2521;-6.468057005;38.81713759;0.1;False;ok;7;1;0.533;
2522;-6.368057005;38.81713759;0.1;False;ok;75;1;0.716;
2523;-6.268057005;38.81713759;0.1;False;ok;7;1;0.493;
2524;-5.868057005;38.81713759;0.1;False;ok;0;1;1.289;
2525;-5.768057005;38.81713759;0.1;False;ok;1;1;0.427;
2526;-5.468057005;38.81713759;0.1;False;ok;4;1;0.542;
2527;-4.168057005;38.81713759;0.1;False;ok;3;1;0.444;
2528;-3.968057005;38.81713759;0.1;False;ok;1;1;0.482;
2529;-3.768057005;38.81713759;0.1;False;ok;73;1;0.752;
2530;-3.668057005;38.81713759;0.1;False;ok;6;1;0.577;
2531;-3.268057005;38.81713759;0.1;False;ok;6;1;0.617;
2532;-3.168057005;38.81713759;0.1;False;ok;2;1;0.571;
2533;-3.068057005;38.81713759;0.1;False;ok;3;1;0.473;
2534;-6.568057005;38.91713759;0.1;False;ok;3;1;0.454;
2535;-6.468057005;38.91713759;0.1;False;ok;1;1;0.567;
2536;-6.368057005;38.91713759;0.1;False;ok;66;1;0.793;
2537;-6.268057005;38.91713759;0.1;False;ok;5;1;0.612;
2538;-6.068057005;38.91713759;0.1;False;ok;5;1;0.500;
2539;-5.968057005;38.91713759;0.1;False;ok;7;1;0.565;
2540;-5.868057005;38.91713759;0.1;False;ok;11;1;0.605;
2541;-5.568057005;38.91713759;0.1;False;ok;8;1;0.705;
2542;-5.268057005;38.91713759;0.1;False;ok;4;1;0.560;
2543;-5.068057005;38.91713759;0.1;False;ok;2;1;0.467;
2544;-4.668057005;38.91713759;0.1;False;ok;0;1;1.190;
2545;-3.968057005;38.91713759;0.1;False;ok;28;1;0.781;
2546;-3.468057005;38.91713759;0.1;False;ok;19;1;0.451;
2547;-3.368057005;38.91713759;0.1;False;ok;4;1;0.469;
2548;-3.268057005;38.91713759;0.1;False;ok;7;1;0.607;
2549;-2.968057005;38.91713759;0.1;False;ok;66;1;0.773;
2550;-2.868057005;38.91713759;0.1;False;ok;42;1;0.630;
2551;-2.768057005;38.91713759;0.1;False;ok;12;1;0.664;
2552;-2.568057005;38.91713759;0.1;False;ok;2;1;0.789;
2553;-2.468057005;38.91713759;0.1;False;ok;0;1;1.199;
2554;-6.768057005;39.01713759;0.1;False;ok;1;1;0.400;
2555;-6.668057005;39.01713759;0.1;False;ok;1;1;0.532;
2556;-6.568057005;39.01713759;0.1;False;ok;1;1;0.476;
2557;-6.368057005;39.01713759;0.1;False;ok;7;1;0.634;
2558;-5.968057005;39.01713759;0.1;False;ok;3;1;0.511;
2559;-5.768057005;39.01713759;0.1;False;ok;1;1;0.454;
2560;-5.568057005;39.01713759;0.1;False;ok;2;1;0.574;
2561;-5.468057005;39.01713759;0.1;False;ok;0;1;1.301;
2562;-5.368057005;39.01713759;0.1;False;ok;3;1;0.519;
2563;-5.268057005;39.01713759;0.1;False;ok;0;1;1.273;
2564;-4.668057005;39.01713759;0.1;False;ok;3;1;0.530;
2565;-4.268057005;39.01713759;0.1;False;ok;3;1;0.480;
2566;-4.068057005;39.01713759;0.1;False;ok;5;1;0.622;
2567;-3.968057005;39.01713759;0.1;False;ok;2;1;0.510;
2568;-3.768057005;39.01713759;0.1;False;ok;1;1;0.411;
2569;-3.668057005;39.01713759;0.1;False;ok;17;1;0.575;
2570;-3.468057005;39.01713759;0.1;False;ok;1;1;0.506;
2571;-3.068057005;39.01713759;0.1;False;ok;1;1;0.578;
2572;-2.568057005;39.01713759;0.1;False;ok;4;1;0.481;
2573;-7.268057005;39.11713759;0.1;True;ok;6;1;0.588;
2574;-7.068057005;39.11713759;0.1;False;ok;1;1;0.490;
2575;-6.468057005;39.11713759;0.1;False;ok;3;1;0.505;
2576;-6.368057005;39.11713759;0.1;False;ok;1;1;0.539;
2577;-6.268057005;39.11713759;0.1;False;ok;9;1;0.576;
2578;-6.168057005;39.11713759;0.1;False;ok;1;1;0.408;
2579;-6.068057005;39.11713759;0.1;False;ok;6;1;0.501;
2580;-5.968057005;39.11713759;0.1;False;ok;4;1;0.629;
2581;-5.668057005;39.11713759;0.1;False;ok;2;1;0.552;
2582;-5.168057005;39.11713759;0.1;False;ok;0;1;1.248;
2583;-5.068057005;39.11713759;0.1;False;ok;12;1;0.551;
2584;-4.968057005;39.11713759;0.1;False;ok;1;1;0.528;
2585;-4.368057005;39.11713759;0.1;False;ok;3;1;0.547;
2586;-4.168057005;39.11713759;0.1;False;ok;0;1;1.256;
2587;-4.068057005;39.11713759;0.1;False;ok;3;1;0.483;
2588;-3.968057005;39.11713759;0.1;False;ok;2;1;0.391;
2589;-3.868057005;39.11713759;0.1;False;ok;0;1;1.251;
2590;-3.768057005;39.11713759;0.1;False;ok;0;1;1.166;
2591;-3.568057005;39.11713759;0.1;False;ok;0;1;1.168;
2592;-3.368057005;39.11713759;0.1;False;ok;1;1;0.461;
2593;-3.168057005;39.11713759;0.1;False;ok;20;1;0.632;
2594;-3.068057005;39.11713759;0.1;False;ok;31;1;0.621;
2595;-7.268057005;39.21713759;0.1;False;ok;9;1;0.519;
2596;-7.068057005;39.21713759;0.1;False;ok;6;1;0.495;
2597;-6.968057005;39.21713759;0.1;False;ok;0;1;1.188;
2598;-6.368057005;39.21713759;0.1;False;ok;1;1;0.471;
2599;-6.268057005;39.21713759;0.1;False;ok;1;1;0.526;
2600;-6.168057005;39.21713759;0.1;False;ok;27;1;0.645;
2601;-5.868057005;39.21713759;0.1;False;ok;2;1;0.525;
2602;-5.768057005;39.21713759;0.1;False;ok;1;1;0.434;
2603;-5.268057005;39.21713759;0.1;False;ok;3;1;0.492;
2604;-5.168057005;39.21713759;0.1;False;ok;2;1;0.571;
2605;-4.568057005;39.21713759;0.1;False;ok;1;1;0.440;
2606;-4.368057005;39.21713759;0.1;False;ok;4;1;0.391;
2607;-4.068057005;39.21713759;0.1;False;ok;1;1;0.509;
2608;-3.968057005;39.21713759;0.1;False;ok;1;1;0.509;
2609;-3.868057005;39.21713759;0.1;False;ok;2;1;0.410;
2610;-3.668057005;39.21713759;0.1;False;ok;4;1;0.526;
2611;-3.468057005;39.21713759;0.1;False;ok;3;1;0.530;
2612;-3.368057005;39.21713759;0.1;False;ok;0;1;1.279;
2613;-3.168057005;39.21713759;0.1;False;ok;2;1;0.506;
2614;-2.868057005;39.21713759;0.1;False;ok;5;1;0.450;
2615;-2.668057005;39.21713759;0.1;False;ok;7;1;0.571;
2616;-2.568057005;39.21713759;0.1;False;ok;2;1;0.474;
2617;-2.468057005;39.21713759;0.1;False;ok;3;1;0.513;
2618;-2.368057005;39.21713759;0.1;False;ok;2;1;0.448;
2619;-7.368057005;39.31713759;0.1;True;ok;9;1;0.659;
2620;-7.268057005;39.31713759;0.1;False;ok;9;1;0.536;
2621;-7.168057005;39.31713759;0.1;False;ok;6;1;0.585;
2622;-6.368057005;39.31713759;0.1;False;ok;3;1;0.395;
2623;-6.268057005;39.31713759;0.1;False;ok;8;1;0.502;
2624;-6.168057005;39.31713759;0.1;False;ok;3;1;0.494;
2625;-6.068057005;39.31713759;0.1;False;ok;6;1;0.572;
2626;-5.868057005;39.31713759;0.1;False;ok;9;1;0.520;
2627;-5.768057005;39.31713759;0.1;False;ok;1;1;0.518;
2628;-5.568057005;39.31713759;0.1;False;ok;3;1;0.526;
2629;-5.468057005;39.31713759;0.1;False;ok;10;1;0.460;
2630;-5.368057005;39.31713759;0.1;False;ok;2;1;0.572;
2631;-5.068057005;39.31713759;0.1;False;ok;1;1;0.465;
2632;-3.968057005;39.31713759;0.1;False;ok;0;1;1.210;
2633;-3.768057005;39.31713759;0.1;False;ok;5;1;0.579;
2634;-3.568057005;39.31713759;0.1;False;ok;7;1;0.518;
2635;-3.368057005;39.31713759;0.1;False;ok;18;1;0.540;
2636;-3.268057005;39.31713759;0.1;False;ok;15;1;0.562;
2637;-3.168057005;39.31713759;0.1;False;ok;14;1;0.477;
2638;-3.068057005;39.31713759;0.1;False;ok;1;1;0.416;
2639;-2.968057005;39.31713759;0.1;False;ok;2;1;0.448;
2640;-2.768057005;39.31713759;0.1;False;ok;2;1;0.585;
2641;-2.668057005;39.31713759;0.1;False;ok;3;1;0.508;
2642;-2.568057005;39.31713759;0.1;False;ok;1;1;0.498;
2643;-2.468057005;39.31713759;0.1;False;ok;9;1;0.535;
2644;-2.368057005;39.31713759;0.1;False;ok;7;1;0.701;
2645;-6.768057005;39.41713759;0.1;False;ok;2;1;0.490;
2646;-6.668057005;39.41713759;0.1;False;ok;4;1;0.541;
2647;-6.568057005;39.41713759;0.1;False;ok;10;1;0.555;
2648;-6.468057005;39.41713759;0.05;False;ok;1;1;0.598;
2649;-6.418057005;39.41713759;0.05;False;ok;5;1;0.588;
2650;-6.418057005;39.46713759;0.025;False;ok;2;1;0.465;
2651;-6.393057005;39.46713759;0.0125;False;ok;7;1;0.536;
2652;-6.380557005;39.46713759;0.00625;False;ok;11;1;0.467;
2653;-6.374307005;39.46713759;0.00625;False;ok;44;1;0.666;
2654;-6.380557005;39.47338759;0.00625;False;ok;20;1;0.517;
2655;-6.374307005;39.47338759;0.00625;False;ok;75;1;0.741;
2656;-6.380557005;39.47963759;0.0125;False;ok;2;1;0.419;
2657;-6.368057005;39.41713759;0.1;False;ok;13;1;0.587;
2658;-6.168057005;39.41713759;0.1;False;ok;3;1;0.475;
2659;-6.068057005;39.41713759;0.1;False;ok;1;1;0.447;
2660;-5.968057005;39.41713759;0.1;False;ok;63;1;0.678;
2661;-5.868057005;39.41713759;0.1;False;ok;1;1;0.516;
2662;-5.768057005;39.41713759;0.1;False;ok;1;1;0.488;
2663;-5.468057005;39.41713759;0.1;False;ok;2;1;0.433;
2664;-5.368057005;39.41713759;0.1;False;ok;20;1;0.564;
2665;-5.268057005;39.41713759;0.1;False;ok;4;1;0.559;
2666;-4.568057005;39.41713759;0.1;False;ok;7;1;0.600;
2667;-4.468057005;39.41713759;0.1;False;ok;5;1;0.471;
2668;-3.968057005;39.41713759;0.1;False;ok;0;1;1.253;
2669;-3.768057005;39.41713759;0.1;False;ok;1;1;0.435;
2670;-3.668057005;39.41713759;0.1;False;ok;27;1;0.760;
2671;-3.568057005;39.41713759;0.1;False;ok;8;1;0.535;
2672;-3.468057005;39.41713759;0.1;False;ok;5;1;0.499;
2673;-3.368057005;39.41713759;0.1;False;ok;4;1;0.507;
2674;-3.068057005;39.41713759;0.1;False;ok;7;1;0.495;
2675;-2.968057005;39.41713759;0.1;False;ok;18;1;0.594;
2676;-2.768057005;39.41713759;0.1;False;ok;2;1;0.401;
2677;-2.368057005;39.41713759;0.1;False;ok;2;1;0.525;
2678;-7.268057005;39.51713759;0.1;False;ok;0;1;1.160;
2679;-7.068057005;39.51713759;0.1;False;ok;2;1;0.525;
2680;-6.768057005;39.51713759;0.1;False;ok;2;1;0.440;
2681;-6.568057005;39.51713759;0.1;False;ok;1;1;0.387;
2682;-6.468057005;39.51713759;0.1;False;ok;7;1;0.516;
2683;-5.968057005;39.51713759;0.1;False;ok;4;1;0.564;
2684;-5.568057005;39.51713759;0.1;False;ok;4;1;0.528;
2685;-5.368057005;39.51713759;0.1;False;ok;1;1;0.500;
2686;-5.168057005;39.51713759;0.1;False;ok;2;1;0.487;
2687;-4.768057005;39.51713759;0.1;False;ok;1;1;0.492;
2688;-4.568057005;39.51713759;0.1;False;ok;3;1;0.572;
2689;-4.368057005;39.51713759;0.1;False;ok;11;1;0.571;
2690;-4.268057005;39.51713759;0.1;False;ok;4;1;0.515;
2691;-4.068057005;39.51713759;0.1;False;ok;0;1;1.129;
2692;-3.968057005;39.51713759;0.1;False;ok;7;1;0.566;
2693;-3.568057005;39.51713759;0.1;False;ok;1;1;0.552;
2694;-3.368057005;39.51713759;0.1;False;ok;4;1;0.514;
2695;-3.168057005;39.51713759;0.1;False;ok;4;1;0.516;
2696;-3.068057005;39.51713759;0.1;False;ok;3;1;0.615;
2697;-2.868057005;39.51713759;0.1;False;ok;1;1;0.575;
2698;-2.768057005;39.51713759;0.1;False;ok;21;1;0.493;
2699;-2.668057005;39.51713759;0.1;False;ok;1;1;0.497;
2700;-2.468057005;39.51713759;0.1;False;ok;0;1;1.225;
2701;-2.368057005;39.51713759;0.1;False;ok;1;1;0.563;
2702;-7.368057005;39.61713759;0.1;False;ok;0;1;1.182;
2703;-6.968057005;39.61713759;0.1;False;ok;1;1;0.488;
2704;-6.868057005;39.61713759;0.1;False;ok;3;1;0.491;
2705;-6.668057005;39.61713759;0.1;False;ok;1;1;0.445;
2706;-6.568057005;39.61713759;0.1;False;ok;3;1;0.542;
2707;-6.368057005;39.61713759;0.1;False;ok;4;1;0.560;
2708;-5.868057005;39.61713759;0.1;False;ok;1;1;0.548;
2709;-5.568057005;39.61713759;0.1;False;ok;1;1;0.460;
2710;-5.468057005;39.61713759;0.1;False;ok;3;1;0.539;
2711;-5.268057005;39.61713759;0.1;False;ok;4;1;0.572;
2712;-5.168057005;39.61713759;0.1;False;ok;1;1;0.476;
2713;-4.868057005;39.61713759;0.1;False;ok;0;1;1.250;
2714;-4.668057005;39.61713759;0.1;False;ok;14;1;0.613;
2715;-4.568057005;39.61713759;0.1;False;ok;9;1;0.505;
2716;-4.368057005;39.61713759;0.1;False;ok;14;1;0.536;
2717;-4.268057005;39.61713759;0.1;False;ok;12;1;0.553;
2718;-4.168057005;39.61713759;0.1;False;ok;6;1;0.492;
2719;-4.068057005;39.61713759;0.1;False;ok;12;1;0.505;
2720;-3.968057005;39.61713759;0.1;False;ok;13;1;0.574;
2721;-3.868057005;39.61713759;0.1;False;ok;7;1;0.515;
2722;-3.768057005;39.61713759;0.1;False;ok;1;1;0.583;
2723;-3.568057005;39.61713759;0.1;False;ok;3;1;0.503;
2724;-3.368057005;39.61713759;0.1;False;ok;4;1;0.569;
2725;-3.268057005;39.61713759;0.1;False;ok;1;1;0.565;
2726;-2.768057005;39.61713759;0.1;False;ok;2;1;0.490;
2727;-2.468057005;39.61713759;0.1;False;ok;2;1;0.539;
2728;-2.368057005;39.61713759;0.1;False;ok;1;1;0.475;
2729;-6.968057005;39.71713759;0.1;False;ok;3;1;0.563;
2730;-6.868057005;39.71713759;0.1;False;ok;1;1;0.679;
2731;-6.668057005;39.71713759;0.1;False;ok;1;1;0.384;
2732;-6.468057005;39.71713759;0.1;False;ok;3;1;0.570;
2733;-6.068057005;39.71713759;0.1;False;ok;24;1;0.599;
2734;-5.368057005;39.71713759;0.1;False;ok;1;1;0.458;
2735;-5.268057005;39.71713759;0.1;False;ok;3;1;0.392;
2736;-4.168057005;39.71713759;0.1;False;ok;25;1;0.599;
2737;-4.068057005;39.71713759;0.1;False;ok;44;1;0.652;
2738;-3.968057005;39.71713759;0.1;False;ok;3;1;0.474;
2739;-3.868057005;39.71713759;0.1;False;ok;7;1;0.515;
2740;-3.568057005;39.71713759;0.1;False;ok;9;1;0.519;
2741;-3.368057005;39.71713759;0.1;False;ok;4;1;0.556;
2742;-3.268057005;39.71713759;0.1;False;ok;1;1;0.455;
2743;-3.168057005;39.71713759;0.1;False;ok;1;1;0.451;
2744;-2.868057005;39.71713759;0.1;False;ok;0;1;1.243;
2745;-2.568057005;39.71713759;0.1;False;ok;1;1;0.459;
2746;-2.468057005;39.71713759;0.1;False;ok;1;1;0.549;
2747;-6.868057005;39.81713759;0.1;False;ok;3;1;0.543;
2748;-6.768057005;39.81713759;0.1;False;ok;0;1;1.160;
2749;-6.468057005;39.81713759;0.1;False;ok;6;1;0.519;
2750;-6.368057005;39.81713759;0.1;False;ok;3;1;0.546;
2751;-6.168057005;39.81713759;0.1;False;ok;4;1;0.585;
2752;-6.068057005;39.81713759;0.1;False;ok;3;1;0.496;
2753;-5.968057005;39.81713759;0.1;False;ok;1;1;0.561;
2754;-5.868057005;39.81713759;0.1;False;ok;1;1;0.609;
2755;-5.768057005;39.81713759;0.1;False;ok;2;1;0.526;
2756;-5.668057005;39.81713759;0.1;False;ok;3;1;0.574;
2757;-5.468057005;39.81713759;0.1;False;ok;1;1;0.456;
2758;-5.268057005;39.81713759;0.1;False;ok;6;1;0.530;
2759;-5.168057005;39.81713759;0.1;False;ok;1;1;0.422;
2760;-5.068057005;39.81713759;0.1;False;ok;1;1;0.465;
2761;-4.968057005;39.81713759;0.1;False;ok;2;1;0.449;
2762;-4.768057005;39.81713759;0.1;False;ok;6;1;0.550;
2763;-4.568057005;39.81713759;0.1;False;ok;1;1;0.502;
2764;-4.368057005;39.81713759;0.1;False;ok;10;1;0.424;
2765;-4.268057005;39.81713759;0.1;False;ok;6;1;0.547;
2766;-4.043057005;39.81713759;0.025;False;ok;2;1;0.555;
2767;-4.068057005;39.84213759;0.025;False;ok;4;1;0.617;
2768;-4.043057005;39.84213759;0.0125;False;ok;12;1;0.446;
2769;-4.030557005;39.84213759;0.0125;False;ok;47;1;0.471;
2770;-4.043057005;39.85463759;0.0125;False;ok;31;1;0.646;
2771;-4.030557005;39.85463759;0.00625;False;ok;75;1;0.764;
2772;-4.024307005;39.85463759;0.003125;False;ok;74;1;0.655;
2773;-4.021182005;39.85463759;0.003125;False;ok;22;1;0.515;
2774;-4.024307005;39.85776259;0.003125;False;ok;75;1;0.701;
2775;-4.021182005;39.85776259;0.003125;False;ok;23;1;0.482;
2776;-4.030557005;39.86088759;0.00625;False;ok;23;1;0.563;
2777;-4.024307005;39.86088759;0.00625;False;ok;41;1;0.549;
2778;-4.018057005;39.81713759;0.05;False;ok;13;1;0.516;
2779;-4.068057005;39.86713759;0.05;False;ok;30;1;0.669;
2780;-4.018057005;39.86713759;0.05;False;ok;5;1;0.475;
2781;-3.968057005;39.81713759;0.1;False;ok;13;1;0.503;
2782;-3.668057005;39.81713759;0.1;False;ok;2;1;0.530;
2783;-3.568057005;39.81713759;0.1;False;ok;4;1;0.379;
2784;-3.168057005;39.81713759;0.1;False;ok;0;1;1.155;
2785;-3.068057005;39.81713759;0.1;False;ok;3;1;0.480;
2786;-2.668057005;39.81713759;0.1;False;ok;2;1;0.649;
2787;-2.568057005;39.81713759;0.1;False;ok;1;1;0.469;
2788;-6.668057005;39.91713759;0.1;False;ok;0;1;1.188;
2789;-6.568057005;39.91713759;0.1;False;ok;9;1;0.573;
2790;-6.368057005;39.91713759;0.1;False;ok;7;1;0.667;
2791;-6.168057005;39.91713759;0.1;False;ok;6;1;0.465;
2792;-6.068057005;39.91713759;0.1;False;ok;11;1;0.604;
2793;-5.968057005;39.91713759;0.1;False;ok;2;1;0.507;
2794;-5.768057005;39.91713759;0.1;False;ok;3;1;0.533;
2795;-5.668057005;39.91713759;0.1;False;ok;11;1;0.606;
2796;-5.468057005;39.91713759;0.1;False;ok;1;1;0.477;
2797;-5.268057005;39.91713759;0.1;False;ok;10;1;0.601;
2798;-5.168057005;39.91713759;0.1;False;ok;2;1;0.467;
2799;-4.968057005;39.91713759;0.1;False;ok;7;1;0.616;
2800;-4.868057005;39.91713759;0.1;False;ok;44;1;0.640;
2801;-4.768057005;39.91713759;0.1;False;ok;12;1;0.584;
2802;-4.668057005;39.91713759;0.1;False;ok;0;1;1.196;
2803;-4.568057005;39.91713759;0.1;False;ok;0;1;1.227;
2804;-4.468057005;39.91713759;0.1;False;ok;2;1;0.506;
2805;-4.368057005;39.91713759;0.1;False;ok;7;1;0.587;
2806;-4.168057005;39.91713759;0.1;False;ok;4;1;0.466;
2807;-4.068057005;39.91713759;0.1;False;ok;7;1;0.534;
2808;-3.968057005;39.91713759;0.1;False;ok;11;1;0.601;
2809;-3.768057005;39.91713759;0.1;False;ok;1;1;0.472;
2810;-3.668057005;39.91713759;0.1;False;ok;0;1;1.267;
2811;-3.568057005;39.91713759;0.1;False;ok;7;1;0.517;
2812;-3.468057005;39.91713759;0.1;False;ok;3;1;0.475;
2813;-3.368057005;39.91713759;0.1;False;ok;1;1;0.461;
2814;-3.268057005;39.91713759;0.1;False;ok;4;1;0.454;
2815;-3.068057005;39.91713759;0.1;False;ok;5;1;0.517;
2816;-2.968057005;39.91713759;0.1;False;ok;2;1;0.531;
2817;-2.868057005;39.91713759;0.1;False;ok;5;1;0.562;
2818;-2.368057005;39.91713759;0.1;False;ok;0;1;1.227;
2819;-6.868057005;40.01713759;0.1;False;ok;0;1;1.239;
2820;-6.668057005;40.01713759;0.1;False;ok;11;1;0.632;
2821;-6.268057005;40.01713759;0.1;False;ok;5;1;0.537;
2822;-6.168057005;40.01713759;0.1;False;ok;70;1;0.792;
2823;-5.968057005;40.01713759;0.1;False;ok;13;1;0.571;
2824;-5.868057005;40.01713759;0.1;False;ok;19;1;0.571;
2825;-5.768057005;40.01713759;0.1;False;ok;50;1;0.704;
2826;-5.668057005;40.01713759;0.1;False;ok;4;1;0.492;
2827;-5.568057005;40.01713759;0.1;False;ok;3;1;0.527;
2828;-5.468057005;40.01713759;0.1;False;ok;2;1;0.443;
2829;-5.268057005;40.01713759;0.1;False;ok;2;1;0.520;
2830;-5.168057005;40.01713759;0.1;False;ok;6;1;0.545;
2831;-5.068057005;40.01713759;0.1;False;ok;2;1;0.581;
2832;-4.968057005;40.01713759;0.1;False;ok;3;1;0.411;
2833;-4.868057005;40.01713759;0.1;False;ok;12;1;0.543;
2834;-4.768057005;40.01713759;0.1;False;ok;12;1;0.588;
2835;-4.668057005;40.01713759;0.1;False;ok;7;1;0.553;
2836;-4.568057005;40.01713759;0.1;False;ok;4;1;0.542;
2837;-4.468057005;40.01713759;0.1;False;ok;5;1;0.493;
2838;-4.368057005;40.01713759;0.1;False;ok;4;1;0.451;
2839;-4.268057005;40.01713759;0.1;False;ok;15;1;0.496;
2840;-4.068057005;40.01713759;0.1;False;ok;2;1;0.354;
2841;-3.968057005;40.01713759;0.1;False;ok;9;1;0.384;
2842;-3.868057005;40.01713759;0.1;False;ok;2;1;0.436;
2843;-3.768057005;40.01713759;0.1;False;ok;4;1;0.422;
2844;-3.668057005;40.01713759;0.1;False;ok;23;1;0.512;
2845;-3.468057005;40.01713759;0.1;False;ok;11;1;0.559;
2846;-2.968057005;40.01713759;0.1;False;ok;2;1;0.480;
2847;-2.768057005;40.01713759;0.1;False;ok;4;1;0.478;
2848;-2.668057005;40.01713759;0.1;False;ok;1;1;0.393;
2849;-2.468057005;40.01713759;0.1;False;ok;1;1;0.463;
2850;-2.368057005;40.01713759;0.1;False;ok;1;1;0.471;
2851;-6.968057005;40.11713759;0.1;False;ok;4;1;0.491;
2852;-6.868057005;40.11713759;0.1;False;ok;36;1;0.541;
2853;-6.768057005;40.11713759;0.1;False;ok;20;1;0.483;
2854;-6.668057005;40.11713759;0.1;False;ok;2;1;0.421;
2855;-6.568057005;40.11713759;0.1;False;ok;3;1;0.503;
2856;-6.168057005;40.11713759;0.1;False;ok;4;1;0.542;
2857;-6.068057005;40.11713759;0.1;False;ok;12;1;0.467;
2858;-5.968057005;40.11713759;0.1;False;ok;34;1;0.576;
2859;-5.868057005;40.11713759;0.1;False;ok;63;1;0.660;
2860;-5.768057005;40.11713759;0.1;False;ok;12;1;0.540;
2861;-5.668057005;40.11713759;0.1;False;ok;62;1;0.694;
2862;-5.568057005;40.11713759;0.1;False;ok;10;1;0.469;
2863;-5.468057005;40.11713759;0.1;False;ok;32;1;0.622;
2864;-5.368057005;40.11713759;0.1;False;ok;38;1;0.565;
2865;-5.268057005;40.11713759;0.1;False;ok;75;1;0.894;
2866;-5.168057005;40.11713759;0.1;False;ok;75;1;0.744;
2867;-4.968057005;40.11713759;0.1;False;ok;13;1;0.573;
2868;-4.868057005;40.11713759;0.1;False;ok;3;1;0.471;
2869;-4.768057005;40.11713759;0.1;False;ok;7;1;0.492;
2870;-4.668057005;40.11713759;0.1;False;ok;2;1;0.511;
2871;-4.468057005;40.11713759;0.1;False;ok;8;1;0.554;
2872;-4.168057005;40.11713759;0.1;False;ok;1;1;0.533;
2873;-4.068057005;40.11713759;0.1;False;ok;3;1;0.510;
2874;-3.968057005;40.11713759;0.1;False;ok;4;1;0.434;
2875;-3.868057005;40.11713759;0.1;False;ok;7;1;0.511;
2876;-3.768057005;40.11713759;0.1;False;ok;12;1;0.453;
2877;-3.668057005;40.11713759;0.1;False;ok;28;1;0.475;
2878;-3.568057005;40.11713759;0.1;False;ok;1;1;0.342;
2879;-3.468057005;40.11713759;0.1;False;ok;35;1;0.486;
2880;-3.368057005;40.11713759;0.1;False;ok;9;1;0.391;
2881;-3.168057005;40.11713759;0.1;False;ok;9;1;0.505;
2882;-3.068057005;40.11713759;0.1;False;ok;2;1;0.491;
2883;-2.768057005;40.11713759;0.1;False;ok;2;1;0.451;
2884;-2.568057005;40.11713759;0.1;False;ok;1;1;0.461;
2885;-6.968057005;40.21713759;0.1;True;ok;3;1;0.448;
2886;-6.868057005;40.21713759;0.1;False;ok;3;1;0.370;
2887;-6.768057005;40.21713759;0.1;False;ok;1;1;0.484;
2888;-6.668057005;40.21713759;0.1;False;ok;25;1;0.625;
2889;-6.568057005;40.21713759;0.1;False;ok;4;1;0.591;
2890;-6.468057005;40.21713759;0.1;False;ok;6;1;0.529;
2891;-6.368057005;40.21713759;0.1;False;ok;9;1;0.556;
2892;-6.268057005;40.21713759;0.1;False;ok;5;1;0.629;
2893;-6.168057005;40.21713759;0.1;False;ok;0;1;1.128;
2894;-6.068057005;40.21713759;0.1;False;ok;12;1;0.554;
2895;-5.968057005;40.21713759;0.1;False;ok;18;1;0.513;
2896;-5.868057005;40.21713759;0.1;False;ok;58;1;0.637;
2897;-5.768057005;40.21713759;0.1;False;ok;22;1;0.602;
2898;-5.668057005;40.21713759;0.1;False;ok;21;1;0.478;
2899;-5.568057005;40.21713759;0.1;False;ok;16;1;0.497;
2900;-5.168057005;40.21713759;0.1;False;ok;38;1;0.498;
2901;-5.068057005;40.21713759;0.1;False;ok;35;1;0.625;
2902;-4.968057005;40.21713759;0.1;False;ok;13;1;0.533;
2903;-4.868057005;40.21713759;0.1;False;ok;24;1;0.607;
2904;-4.768057005;40.21713759;0.1;False;ok;22;1;0.500;
2905;-4.668057005;40.21713759;0.1;False;ok;51;1;0.654;
2906;-4.568057005;40.21713759;0.1;False;ok;4;1;0.498;
2907;-4.468057005;40.21713759;0.1;False;ok;15;1;0.512;
2908;-4.368057005;40.21713759;0.1;False;ok;2;1;0.478;
2909;-4.268057005;40.21713759;0.1;False;ok;10;1;0.413;
2910;-4.068057005;40.21713759;0.1;False;ok;11;1;0.476;
2911;-3.968057005;40.21713759;0.1;False;ok;11;1;0.487;
2912;-3.868057005;40.21713759;0.1;False;ok;26;1;0.513;
2913;-3.768057005;40.21713759;0.1;False;ok;38;1;0.522;
2914;-3.668057005;40.21713759;0.1;False;ok;1;1;0.419;
2915;-3.568057005;40.21713759;0.1;False;ok;3;1;0.597;
2916;-3.468057005;40.21713759;0.1;False;ok;9;1;0.530;
2917;-3.368057005;40.21713759;0.1;False;ok;3;1;0.419;
2918;-3.268057005;40.21713759;0.1;False;ok;3;1;0.437;
2919;-3.068057005;40.21713759;0.1;False;ok;4;1;0.383;
2920;-2.968057005;40.21713759;0.1;False;ok;1;1;0.575;
2921;-2.868057005;40.21713759;0.1;False;ok;8;1;0.541;
2922;-2.368057005;40.21713759;0.1;False;ok;2;1;0.576;
2923;-6.568057005;40.31713759;0.1;False;ok;13;1;0.556;
2924;-6.468057005;40.31713759;0.1;False;ok;4;1;0.458;
2925;-6.368057005;40.31713759;0.1;False;ok;8;1;0.560;
2926;-6.268057005;40.31713759;0.1;False;ok;8;1;0.478;
2927;-6.068057005;40.31713759;0.1;False;ok;1;1;0.396;
2928;-5.968057005;40.31713759;0.1;False;ok;5;1;0.544;
2929;-5.868057005;40.31713759;0.1;False;ok;43;1;0.538;
2930;-5.768057005;40.31713759;0.1;False;ok;75;1;0.781;
2931;-5.668057005;40.31713759;0.1;False;ok;18;1;0.531;
2932;-5.568057005;40.31713759;0.1;False;ok;32;1;0.563;
2933;-5.468057005;40.31713759;0.1;False;ok;6;1;0.548;
2934;-5.368057005;40.31713759;0.1;False;ok;10;1;0.540;
2935;-5.268057005;40.31713759;0.1;False;ok;34;1;0.581;
2936;-5.168057005;40.31713759;0.1;False;ok;42;1;0.620;
2937;-5.068057005;40.31713759;0.1;False;ok;14;1;0.654;
2938;-4.968057005;40.31713759;0.1;False;ok;11;1;0.544;
2939;-4.868057005;40.31713759;0.1;False;ok;19;1;0.499;
2940;-4.768057005;40.31713759;0.1;False;ok;50;1;0.633;
2941;-4.668057005;40.31713759;0.1;False;ok;10;1;0.547;
2942;-4.568057005;40.31713759;0.1;False;ok;12;1;0.484;
2943;-4.468057005;40.31713759;0.1;False;ok;58;1;0.529;
2944;-4.368057005;40.31713759;0.1;False;ok;16;1;0.549;
2945;-4.268057005;40.31713759;0.1;False;ok;7;1;0.457;
2946;-4.068057005;40.31713759;0.1;False;ok;8;1;0.438;
2947;-3.968057005;40.31713759;0.1;False;ok;11;1;0.524;
2948;-3.868057005;40.31713759;0.1;False;ok;42;1;0.549;
2949;-3.768057005;40.31713759;0.05;False;ok;12;1;0.475;
2950;-3.718057005;40.31713759;0.05;False;ok;54;1;0.552;
2951;-3.768057005;40.36713759;0.05;False;ok;72;1;0.703;
2952;-3.718057005;40.36713759;0.025;False;ok;68;1;0.635;
2953;-3.693057005;40.36713759;0.025;False;ok;39;1;0.545;
2954;-3.718057005;40.39213759;0.0125;False;ok;49;1;0.630;
2955;-3.705557005;40.39213759;0.0125;False;ok;75;1;0.658;
2956;-3.718057005;40.40463759;0.00625;False;ok;55;1;0.680;
2957;-3.711807005;40.40463759;0.00625;False;ok;74;1;0.632;
2958;-3.718057005;40.41088759;0.00625;False;ok;61;1;0.621;
2959;-3.711807005;40.41088759;0.003125;False;ok;29;1;0.387;
2960;-3.708682005;40.41088759;0.003125;False;ok;72;1;0.622;
2961;-3.711807005;40.41401259;0.003125;False;ok;66;1;0.591;
2962;-3.708682005;40.41401259;0.003125;False;ok;74;1;0.695;
2963;-3.705557005;40.40463759;0.00625;False;ok;74;1;0.600;
2964;-3.699307005;40.40463759;0.00625;False;ok;72;1;0.569;
2965;-3.705557005;40.41088759;0.003125;False;ok;73;1;0.612;
2966;-3.702432005;40.41088759;0.003125;False;ok;73;1;0.645;
2967;-3.705557005;40.41401259;0.003125;False;ok;75;1;0.661;
2968;-3.702432005;40.41401259;0.003125;False;ok;75;1;0.811;
2969;-3.699307005;40.41088759;0.003125;False;ok;60;1;0.578;
2970;-3.696182005;40.41088759;0.003125;False;ok;51;1;0.520;
2971;-3.699307005;40.41401259;0.003125;False;ok;65;1;0.608;
2972;-3.696182005;40.41401259;0.003125;False;ok;10;1;0.473;
2973;-3.693057005;40.39213759;0.025;False;ok;72;1;0.709;
2974;-3.668057005;40.31713759;0.1;False;ok;75;1;0.609;
2975;-3.568057005;40.31713759;0.1;False;ok;25;1;0.508;
2976;-3.468057005;40.31713759;0.1;False;ok;3;1;0.355;
2977;-3.368057005;40.31713759;0.1;False;ok;1;1;0.415;
2978;-3.268057005;40.31713759;0.1;False;ok;7;1;0.442;
2979;-3.168057005;40.31713759;0.1;False;ok;4;1;0.492;
2980;-2.968057005;40.31713759;0.1;False;ok;4;1;0.517;
2981;-2.868057005;40.31713759;0.1;False;ok;0;1;1.133;
2982;-2.768057005;40.31713759;0.1;False;ok;12;1;0.538;
2983;-2.468057005;40.31713759;0.1;False;ok;0;1;1.206;
2984;-2.368057005;40.31713759;0.1;False;ok;2;1;0.477;
2985;-6.868057005;40.41713759;0.1;False;ok;1;1;0.380;
2986;-6.768057005;40.41713759;0.1;False;ok;0;1;1.107;
2987;-6.368057005;40.41713759;0.1;False;ok;3;1;0.560;
2988;-6.268057005;40.41713759;0.1;False;ok;3;1;0.472;
2989;-6.168057005;40.41713759;0.1;False;ok;41;1;0.556;
2990;-6.068057005;40.41713759;0.1;False;ok;59;1;0.591;
2991;-5.968057005;40.41713759;0.1;False;ok;11;1;0.417;
2992;-5.868057005;40.41713759;0.1;False;ok;4;1;0.449;
2993;-5.768057005;40.41713759;0.1;False;ok;8;1;0.472;
2994;-5.668057005;40.41713759;0.1;False;ok;4;1;0.439;
2995;-5.568057005;40.41713759;0.1;False;ok;3;1;0.403;
2996;-5.468057005;40.41713759;0.1;False;ok;13;1;0.593;
2997;-5.368057005;40.41713759;0.1;False;ok;12;1;0.617;
2998;-5.268057005;40.41713759;0.1;False;ok;4;1;0.419;
2999;-5.168057005;40.41713759;0.1;False;ok;11;1;0.440;
3000;-5.068057005;40.41713759;0.1;False;ok;0;1;1.305;
3001;-4.968057005;40.41713759;0.1;False;ok;3;1;0.432;
3002;-4.868057005;40.41713759;0.1;False;ok;5;1;0.428;
3003;-4.768057005;40.41713759;0.1;False;ok;0;1;1.154;
3004;-4.668057005;40.41713759;0.1;False;ok;25;1;0.500;
3005;-4.568057005;40.41713759;0.1;False;ok;12;1;0.460;
3006;-4.468057005;40.41713759;0.1;False;ok;11;1;0.435;
3007;-4.368057005;40.41713759;0.1;False;ok;3;1;0.537;
3008;-4.268057005;40.41713759;0.1;False;ok;15;1;0.556;
3009;-4.168057005;40.41713759;0.1;False;ok;3;1;0.345;
3010;-4.068057005;40.41713759;0.1;False;ok;11;1;0.461;
3011;-3.968057005;40.41713759;0.1;False;ok;18;1;0.523;
3012;-3.868057005;40.41713759;0.1;False;ok;43;1;0.582;
3013;-3.768057005;40.41713759;0.05;False;ok;48;1;0.567;
3014;-3.718057005;40.41713759;0.00625;False;ok;34;1;0.672;
3015;-3.711807005;40.41713759;0.003125;False;ok;33;1;0.575;
3016;-3.708682005;40.41713759;0.003125;False;ok;75;1;0.692;
3017;-3.711807005;40.42026259;0.003125;False;ok;73;1;0.732;
3018;-3.708682005;40.42026259;0.003125;False;ok;75;1;0.777;
3019;-3.718057005;40.42338759;0.00625;False;ok;42;1;0.587;
3020;-3.711807005;40.42338759;0.00625;False;ok;74;1;0.669;
3021;-3.705557005;40.41713759;0.003125;False;ok;74;1;0.605;
3022;-3.702432005;40.41713759;0.003125;False;ok;75;1;0.742;
3023;-3.705557005;40.42026259;0.003125;False;ok;75;1;0.706;
3024;-3.702432005;40.42026259;0.003125;False;ok;75;1;0.638;
3025;-3.699307005;40.41713759;0.003125;False;ok;35;1;0.644;
3026;-3.696182005;40.41713759;0.003125;False;ok;1;1;0.449;
3027;-3.699307005;40.42026259;0.003125;False;ok;72;1;0.727;
3028;-3.696182005;40.42026259;0.003125;False;ok;9;1;0.435;
3029;-3.705557005;40.42338759;0.003125;False;ok;75;1;0.577;
3030;-3.702432005;40.42338759;0.003125;False;ok;56;1;0.623;
3031;-3.705557005;40.42651259;0.003125;False;ok;54;1;0.495;
3032;-3.702432005;40.42651259;0.003125;False;ok;14;1;0.496;
3033;-3.699307005;40.42338759;0.00625;False;ok;57;1;0.495;
3034;-3.718057005;40.42963759;0.0125;False;ok;74;1;0.679;
3035;-3.705557005;40.42963759;0.0125;False;ok;74;1;0.639;
3036;-3.693057005;40.41713759;0.0125;False;ok;73;1;0.821;
3037;-3.680557005;40.41713759;0.0125;False;ok;70;1;0.632;
3038;-3.693057005;40.42963759;0.0125;False;ok;51;1;0.586;
3039;-3.680557005;40.42963759;0.0125;False;ok;75;1;0.836;
3040;-3.718057005;40.44213759;0.0125;False;ok;43;1;0.555;
3041;-3.705557005;40.44213759;0.0125;False;ok;72;1;0.677;
3042;-3.718057005;40.45463759;0.0125;False;ok;20;1;0.541;
3043;-3.705557005;40.45463759;0.0125;False;ok;75;1;0.740;
3044;-3.693057005;40.44213759;0.025;False;ok;71;1;0.835;
3045;-3.768057005;40.46713759;0.05;False;ok;14;1;0.581;
3046;-3.718057005;40.46713759;0.05;False;ok;74;1;0.767;
3047;-3.668057005;40.41713759;0.025;False;ok;75;1;0.640;
3048;-3.643057005;40.41713759;0.025;False;ok;74;1;0.634;
3049;-3.668057005;40.44213759;0.025;False;ok;50;1;0.616;
3050;-3.643057005;40.44213759;0.025;False;ok;17;1;0.552;
3051;-3.618057005;40.41713759;0.05;False;ok;74;1;0.759;
3052;-3.668057005;40.46713759;0.05;False;ok;72;1;0.666;
3053;-3.618057005;40.46713759;0.05;False;ok;50;1;0.759;
3054;-3.568057005;40.41713759;0.1;False;ok;67;1;0.636;
3055;-3.468057005;40.41713759;0.1;False;ok;47;1;0.880;
3056;-3.368057005;40.41713759;0.1;False;ok;63;1;0.558;
3057;-3.268057005;40.41713759;0.1;False;ok;2;1;0.415;
3058;-3.068057005;40.41713759;0.1;False;ok;4;1;0.423;
3059;-2.968057005;40.41713759;0.1;False;ok;14;1;0.535;
3060;-2.868057005;40.41713759;0.1;False;ok;1;1;0.369;
3061;-2.768057005;40.41713759;0.1;False;ok;6;1;0.359;
3062;-2.468057005;40.41713759;0.1;False;ok;2;1;0.384;
3063;-2.368057005;40.41713759;0.1;False;ok;4;1;0.507;
3064;-6.868057005;40.51713759;0.1;True;ok;1;1;0.588;
3065;-6.668057005;40.51713759;0.1;False;ok;1;1;0.423;
3066;-6.568057005;40.51713759;0.1;False;ok;66;1;0.588;
3067;-6.168057005;40.51713759;0.1;False;ok;7;1;0.408;
3068;-6.068057005;40.51713759;0.1;False;ok;12;1;0.445;
3069;-5.968057005;40.51713759;0.1;False;ok;10;1;0.455;
3070;-5.868057005;40.51713759;0.1;False;ok;4;1;0.473;
3071;-5.768057005;40.51713759;0.1;False;ok;2;1;0.577;
3072;-5.668057005;40.51713759;0.1;False;ok;5;1;0.472;
3073;-5.368057005;40.51713759;0.1;False;ok;0;1;1.171;
3074;-5.268057005;40.51713759;0.1;False;ok;2;1;0.550;
3075;-5.168057005;40.51713759;0.1;False;ok;4;1;0.462;
3076;-5.068057005;40.51713759;0.1;False;ok;11;1;0.486;
3077;-4.968057005;40.51713759;0.1;False;ok;21;1;0.507;
3078;-4.868057005;40.51713759;0.1;False;ok;6;1;0.399;
3079;-4.768057005;40.51713759;0.1;False;ok;2;1;0.505;
3080;-4.668057005;40.51713759;0.1;False;ok;1;1;0.343;
3081;-4.568057005;40.51713759;0.1;False;ok;10;1;0.474;
3082;-4.468057005;40.51713759;0.1;False;ok;2;1;0.423;
3083;-4.368057005;40.51713759;0.1;False;ok;27;1;0.449;
3084;-4.268057005;40.51713759;0.1;False;ok;17;1;0.507;
3085;-4.168057005;40.51713759;0.1;False;ok;20;1;0.537;
3086;-4.068057005;40.51713759;0.1;False;ok;15;1;0.515;
3087;-3.968057005;40.51713759;0.1;False;ok;11;1;0.521;
3088;-3.768057005;40.51713759;0.1;False;ok;14;1;0.479;
3089;-3.668057005;40.51713759;0.1;False;ok;74;1;0.670;
3090;-3.568057005;40.51713759;0.1;False;ok;4;1;0.374;
3091;-3.468057005;40.51713759;0.1;False;ok;7;1;0.453;
3092;-3.368057005;40.51713759;0.1;False;ok;5;1;0.440;
3093;-3.268057005;40.51713759;0.1;False;ok;6;1;0.508;
3094;-3.068057005;40.51713759;0.1;False;ok;12;1;0.434;
3095;-2.968057005;40.51713759;0.1;False;ok;3;1;0.485;
3096;-2.768057005;40.51713759;0.1;False;ok;7;1;0.423;
3097;-6.868057005;40.61713759;0.1;True;ok;1;1;0.485;
3098;-6.468057005;40.61713759;0.1;False;ok;4;1;0.377;
3099;-5.968057005;40.61713759;0.1;False;ok;0;1;1.217;
3100;-5.168057005;40.61713759;0.1;False;ok;2;1;0.382;
3101;-5.068057005;40.61713759;0.1;False;ok;5;1;0.433;
3102;-4.868057005;40.61713759;0.1;False;ok;12;1;0.474;
3103;-4.768057005;40.61713759;0.05;False;ok;2;1;0.515;
3104;-4.693057005;40.61713759;0.025;False;ok;2;1;0.539;
3105;-4.718057005;40.64213759;0.025;False;ok;75;1;0.670;
3106;-4.693057005;40.64213759;0.025;False;ok;41;1;0.615;
3107;-4.768057005;40.66713759;0.05;False;ok;6;1;0.475;
3108;-4.718057005;40.66713759;0.05;False;ok;1;1;0.469;
3109;-4.668057005;40.61713759;0.1;False;ok;13;1;0.424;
3110;-4.568057005;40.61713759;0.1;False;ok;1;1;0.443;
3111;-4.368057005;40.61713759;0.1;False;ok;1;1;0.389;
3112;-4.268057005;40.61713759;0.1;False;ok;20;1;0.573;
3113;-4.168057005;40.61713759;0.1;False;ok;20;1;0.434;
3114;-4.068057005;40.61713759;0.1;False;ok;48;1;0.560;
3115;-3.968057005;40.61713759;0.1;False;ok;9;1;0.607;
3116;-3.868057005;40.61713759;0.1;False;ok;3;1;0.389;
3117;-3.768057005;40.61713759;0.1;False;ok;3;1;0.502;
3118;-3.668057005;40.61713759;0.1;False;ok;9;1;0.432;
3119;-3.568057005;40.61713759;0.1;False;ok;5;1;0.384;
3120;-3.468057005;40.61713759;0.1;False;ok;5;1;0.427;
3121;-3.368057005;40.61713759;0.1;False;ok;2;1;0.459;
3122;-3.268057005;40.61713759;0.1;False;ok;7;1;0.468;
3123;-3.168057005;40.61713759;0.1;False;ok;19;1;0.460;
3124;-3.068057005;40.61713759;0.1;False;ok;4;1;0.437;
3125;-2.968057005;40.61713759;0.1;False;ok;0;1;1.197;
3126;-2.768057005;40.61713759;0.1;False;ok;3;1;0.425;
3127;-2.668057005;40.61713759;0.1;False;ok;4;1;0.470;
3128;-6.768057005;40.71713759;0.1;False;ok;0;1;1.157;
3129;-6.368057005;40.71713759;0.1;False;ok;0;1;1.186;
3130;-5.968057005;40.71713759;0.1;False;ok;1;1;0.453;
3131;-5.768057005;40.71713759;0.1;False;ok;4;1;0.413;
3132;-5.668057005;40.71713759;0.1;False;ok;1;1;0.415;
3133;-5.068057005;40.71713759;0.1;False;ok;1;1;0.469;
3134;-4.968057005;40.71713759;0.1;False;ok;2;1;0.432;
3135;-4.768057005;40.71713759;0.1;False;ok;2;1;0.475;
3136;-4.668057005;40.71713759;0.1;False;ok;5;1;0.489;
3137;-4.568057005;40.71713759;0.1;False;ok;4;1;0.441;
3138;-4.468057005;40.71713759;0.1;False;ok;8;1;0.410;
3139;-4.368057005;40.71713759;0.1;False;ok;21;1;0.547;
3140;-4.268057005;40.71713759;0.1;False;ok;30;1;0.660;
3141;-4.168057005;40.71713759;0.1;False;ok;8;1;0.469;
3142;-4.068057005;40.71713759;0.1;False;ok;41;1;0.453;
3143;-3.968057005;40.71713759;0.1;False;ok;15;1;0.486;
3144;-3.868057005;40.71713759;0.1;False;ok;21;1;0.531;
3145;-3.768057005;40.71713759;0.1;False;ok;12;1;0.483;
3146;-3.668057005;40.71713759;0.1;False;ok;15;1;0.474;
3147;-3.568057005;40.71713759;0.1;False;ok;2;1;0.458;
3148;-3.468057005;40.71713759;0.1;False;ok;7;1;0.495;
3149;-3.168057005;40.71713759;0.1;False;ok;5;1;0.409;
3150;-3.068057005;40.71713759;0.1;False;ok;5;1;0.467;
3151;-2.968057005;40.71713759;0.1;False;ok;5;1;0.460;
3152;-2.868057005;40.71713759;0.1;False;ok;7;1;0.475;
3153;-2.768057005;40.71713759;0.1;False;ok;2;1;0.436;
3154;-2.668057005;40.71713759;0.1;False;ok;5;1;0.417;
3155;-2.468057005;40.71713759;0.1;False;ok;1;1;0.350;
3156;-2.368057005;40.71713759;0.1;False;ok;3;1;0.442;
3157;-6.868057005;40.81713759;0.1;True;ok;1;1;0.500;
3158;-6.768057005;40.81713759;0.1;False;ok;4;1;0.415;
3159;-6.668057005;40.81713759;0.1;False;ok;1;1;0.407;
3160;-6.068057005;40.81713759;0.1;False;ok;1;1;0.422;
3161;-5.768057005;40.81713759;0.1;False;ok;0;1;1.091;
3162;-5.668057005;40.81713759;0.1;False;ok;3;1;0.489;
3163;-5.568057005;40.81713759;0.1;False;ok;10;1;0.517;
3164;-5.268057005;40.81713759;0.1;False;ok;5;1;0.356;
3165;-4.868057005;40.81713759;0.1;False;ok;1;1;0.424;
3166;-4.768057005;40.81713759;0.1;False;ok;8;1;0.489;
3167;-4.668057005;40.81713759;0.1;False;ok;12;1;0.538;
3168;-4.568057005;40.81713759;0.1;False;ok;7;1;0.435;
3169;-4.368057005;40.81713759;0.1;False;ok;1;1;0.427;
3170;-4.268057005;40.81713759;0.1;False;ok;26;1;0.492;
3171;-4.168057005;40.81713759;0.1;False;ok;15;1;0.440;
3172;-4.068057005;40.81713759;0.1;False;ok;28;1;0.565;
3173;-3.968057005;40.81713759;0.1;False;ok;29;1;0.487;
3174;-3.768057005;40.81713759;0.1;False;ok;11;1;0.449;
3175;-3.668057005;40.81713759;0.1;False;ok;19;1;0.525;
3176;-3.568057005;40.81713759;0.1;False;ok;19;1;0.500;
3177;-3.468057005;40.81713759;0.1;False;ok;4;1;0.539;
3178;-3.368057005;40.81713759;0.1;False;ok;1;1;0.512;
3179;-3.168057005;40.81713759;0.1;False;ok;6;1;0.527;
3180;-3.068057005;40.81713759;0.1;False;ok;8;1;0.521;
3181;-2.968057005;40.81713759;0.1;False;ok;0;1;1.147;
3182;-2.768057005;40.81713759;0.1;False;ok;2;1;0.520;
3183;-2.568057005;40.81713759;0.1;False;ok;2;1;0.452;
3184;-6.868057005;40.91713759;0.1;False;ok;8;1;0.520;
3185;-6.768057005;40.91713759;0.1;False;ok;10;1;0.582;
3186;-6.468057005;40.91713759;0.1;False;ok;2;1;0.415;
3187;-6.368057005;40.91713759;0.1;False;ok;2;1;0.454;
3188;-5.868057005;40.91713759;0.1;False;ok;2;1;0.539;
3189;-5.768057005;40.91713759;0.1;False;ok;73;1;0.783;
3190;-5.643057005;40.91713759;0.025;False;ok;1;1;0.385;
3191;-5.655557005;40.94213759;0.0125;False;ok;3;1;0.417;
3192;-5.668057005;40.95463759;0.00625;False;ok;26;1;0.660;
3193;-5.661807005;40.95463759;0.00625;False;ok;8;1;0.581;
3194;-5.668057005;40.96088759;0.00625;False;ok;75;1;0.661;
3195;-5.661807005;40.96088759;0.00625;False;ok;39;1;0.468;
3196;-5.655557005;40.95463759;0.0125;False;ok;5;1;0.459;
3197;-5.643057005;40.94213759;0.025;False;ok;9;1;0.486;
3198;-5.618057005;40.91713759;0.05;False;ok;6;1;0.573;
3199;-5.668057005;40.96713759;0.05;False;ok;72;1;0.682;
3200;-5.618057005;40.96713759;0.05;False;ok;1;1;0.580;
3201;-5.568057005;40.91713759;0.1;False;ok;7;1;0.438;
3202;-5.468057005;40.91713759;0.1;False;ok;9;1;0.418;
3203;-4.968057005;40.91713759;0.1;False;ok;4;1;0.466;
3204;-4.868057005;40.91713759;0.1;False;ok;1;1;0.440;
3205;-4.668057005;40.91713759;0.1;False;ok;3;1;0.483;
3206;-4.568057005;40.91713759;0.1;False;ok;0;1;1.153;
3207;-4.368057005;40.91713759;0.1;False;ok;6;1;0.448;
3208;-4.268057005;40.91713759;0.1;False;ok;7;1;0.500;
3209;-4.168057005;40.91713759;0.1;False;ok;74;1;0.692;
3210;-4.068057005;40.91713759;0.1;False;ok;31;1;0.515;
3211;-3.868057005;40.91713759;0.1;False;ok;19;1;0.472;
3212;-3.768057005;40.91713759;0.1;False;ok;14;1;0.536;
3213;-3.668057005;40.91713759;0.1;False;ok;19;1;0.425;
3214;-3.568057005;40.91713759;0.1;False;ok;16;1;0.534;
3215;-3.468057005;40.91713759;0.1;False;ok;1;1;0.345;
3216;-3.268057005;40.91713759;0.1;False;ok;3;1;0.496;
3217;-3.168057005;40.91713759;0.1;False;ok;8;1;0.454;
3218;-2.968057005;40.91713759;0.1;False;ok;4;1;0.460;
3219;-2.868057005;40.91713759;0.1;False;ok;2;1;0.409;
3220;-2.768057005;40.91713759;0.1;False;ok;4;1;0.460;
3221;-2.668057005;40.91713759;0.1;False;ok;5;1;0.518;
3222;-2.468057005;40.91713759;0.1;False;ok;0;1;1.138;
3223;-6.868057005;41.01713759;0.1;True;ok;1;1;0.567;
3224;-6.768057005;41.01713759;0.1;False;ok;5;1;0.492;
3225;-6.468057005;41.01713759;0.1;False;ok;0;1;1.278;
3226;-6.068057005;41.01713759;0.1;False;ok;7;1;0.439;
3227;-5.968057005;41.01713759;0.1;False;ok;4;1;0.421;
3228;-5.868057005;41.01713759;0.1;False;ok;10;1;1.153;
3229;-5.768057005;41.01713759;0.1;False;ok;3;1;0.417;
3230;-5.668057005;41.01713759;0.1;False;ok;3;1;0.483;
3231;-5.568057005;41.01713759;0.1;False;ok;1;1;0.448;
3232;-5.168057005;41.01713759;0.1;False;ok;1;1;0.341;
3233;-5.068057005;41.01713759;0.1;False;ok;1;1;0.417;
3234;-4.768057005;41.01713759;0.1;False;ok;30;1;0.451;
3235;-4.668057005;41.01713759;0.1;False;ok;1;1;0.450;
3236;-4.568057005;41.01713759;0.1;False;ok;1;1;0.461;
3237;-4.468057005;41.01713759;0.1;False;ok;7;1;0.419;
3238;-4.368057005;41.01713759;0.1;False;ok;5;1;0.464;
3239;-4.268057005;41.01713759;0.1;False;ok;1;1;0.384;
3240;-4.168057005;41.01713759;0.1;False;ok;14;1;0.446;
3241;-4.068057005;41.01713759;0.1;False;ok;23;1;0.467;
3242;-3.968057005;41.01713759;0.1;False;ok;26;1;0.515;
3243;-3.868057005;41.01713759;0.1;False;ok;21;1;0.507;
3244;-3.768057005;41.01713759;0.1;False;ok;7;1;0.455;
3245;-3.668057005;41.01713759;0.1;False;ok;10;1;0.457;
3246;-3.568057005;41.01713759;0.1;False;ok;15;1;0.483;
3247;-3.468057005;41.01713759;0.1;False;ok;3;1;0.409;
3248;-3.368057005;41.01713759;0.1;False;ok;13;1;0.430;
3249;-3.268057005;41.01713759;0.1;False;ok;2;1;0.435;
3250;-3.168057005;41.01713759;0.1;False;ok;1;1;0.381;
3251;-3.068057005;41.01713759;0.1;False;ok;1;1;0.330;
3252;-2.968057005;41.01713759;0.1;False;ok;2;1;0.380;
3253;-2.768057005;41.01713759;0.1;False;ok;6;1;0.419;
3254;-2.668057005;41.01713759;0.1;False;ok;55;1;0.627;
3255;-2.568057005;41.01713759;0.1;False;ok;2;1;0.346;
3256;-2.468057005;41.01713759;0.1;False;ok;1;1;0.325;
3257;-6.668057005;41.11713759;0.1;False;ok;13;1;0.395;
3258;-6.568057005;41.11713759;0.1;False;ok;1;1;0.458;
3259;-6.268057005;41.11713759;0.1;False;ok;1;1;0.340;
3260;-5.768057005;41.11713759;0.1;False;ok;1;1;0.369;
3261;-4.868057005;41.11713759;0.1;False;ok;0;1;1.126;
3262;-4.668057005;41.11713759;0.1;False;ok;1;1;0.331;
3263;-4.568057005;41.11713759;0.1;False;ok;8;1;0.518;
3264;-4.468057005;41.11713759;0.1;False;ok;2;1;0.446;
3265;-4.368057005;41.11713759;0.1;False;ok;2;1;0.406;
3266;-4.268057005;41.11713759;0.1;False;ok;2;1;0.425;
3267;-4.168057005;41.11713759;0.1;False;ok;1;1;0.401;
3268;-4.068057005;41.11713759;0.1;False;ok;8;1;0.487;
3269;-3.968057005;41.11713759;0.1;False;ok;15;1;0.463;
3270;-3.868057005;41.11713759;0.1;False;ok;35;1;0.546;
3271;-3.768057005;41.11713759;0.1;False;ok;27;1;0.509;
3272;-3.668057005;41.11713759;0.1;False;ok;13;1;0.485;
3273;-3.568057005;41.11713759;0.1;False;ok;10;1;0.469;
3274;-3.268057005;41.11713759;0.1;False;ok;5;1;0.427;
3275;-3.168057005;41.11713759;0.1;False;ok;3;1;0.351;
3276;-3.068057005;41.11713759;0.1;False;ok;4;1;0.387;
3277;-2.968057005;41.11713759;0.1;False;ok;5;1;0.465;
3278;-2.768057005;41.11713759;0.1;False;ok;2;1;0.424;
3279;-2.668057005;41.11713759;0.1;False;ok;4;1;0.494;
3280;-2.568057005;41.11713759;0.1;False;ok;1;1;0.370;
3281;-2.468057005;41.11713759;0.1;False;ok;10;1;0.446;
3282;-2.368057005;41.11713759;0.1;False;ok;0;1;1.148;
3283;-6.668057005;41.21713759;0.1;False;ok;20;1;0.492;
3284;-6.568057005;41.21713759;0.1;True;ok;4;1;0.504;
3285;-6.468057005;41.21713759;0.1;False;ok;11;1;0.407;
3286;-6.268057005;41.21713759;0.1;False;ok;1;1;0.409;
3287;-6.168057005;41.21713759;0.1;False;ok;2;1;0.489;
3288;-5.968057005;41.21713759;0.1;False;ok;1;1;0.417;
3289;-5.868057005;41.21713759;0.1;False;ok;0;1;1.192;
3290;-5.768057005;41.21713759;0.1;False;ok;0;1;1.108;
3291;-5.668057005;41.21713759;0.1;False;ok;0;1;1.128;
3292;-5.568057005;41.21713759;0.1;False;ok;0;1;1.128;
3293;-5.368057005;41.21713759;0.1;False;ok;1;1;0.422;
3294;-5.268057005;41.21713759;0.1;False;ok;4;1;0.399;
3295;-4.968057005;41.21713759;0.1;False;ok;13;1;0.437;
3296;-4.868057005;41.21713759;0.1;False;ok;2;1;0.477;
3297;-4.768057005;41.21713759;0.1;False;ok;14;1;0.528;
3298;-4.568057005;41.21713759;0.1;False;ok;7;1;0.496;
3299;-4.468057005;41.21713759;0.1;False;ok;0;1;1.197;
3300;-4.368057005;41.21713759;0.1;False;ok;7;1;0.395;
3301;-4.268057005;41.21713759;0.1;False;ok;3;1;0.403;
3302;-4.168057005;41.21713759;0.1;False;ok;3;1;0.406;
3303;-3.968057005;41.21713759;0.1;False;ok;15;1;0.500;
3304;-3.868057005;41.21713759;0.1;False;ok;10;1;0.508;
3305;-3.768057005;41.21713759;0.1;False;ok;13;1;0.450;
3306;-3.668057005;41.21713759;0.1;False;ok;9;1;0.427;
3307;-3.568057005;41.21713759;0.1;False;ok;23;1;0.496;
3308;-3.368057005;41.21713759;0.1;False;ok;2;1;0.393;
3309;-3.268057005;41.21713759;0.1;False;ok;5;1;0.390;
3310;-3.168057005;41.21713759;0.1;False;ok;3;1;0.357;
3311;-3.068057005;41.21713759;0.1;False;ok;2;1;0.401;
3312;-2.668057005;41.21713759;0.1;False;ok;1;1;0.326;
3313;-2.468057005;41.21713759;0.1;False;ok;2;1;0.373;
3314;-2.368057005;41.21713759;0.1;False;ok;1;1;0.388;
3315;-6.468057005;41.31713759;0.1;True;ok;22;1;0.590;
3316;-6.368057005;41.31713759;0.1;True;ok;5;1;0.527;
3317;-6.268057005;41.31713759;0.1;True;ok;3;1;0.403;
3318;-6.168057005;41.31713759;0.1;False;ok;2;1;0.500;
3319;-6.068057005;41.31713759;0.1;False;ok;0;1;1.211;
3320;-5.968057005;41.31713759;0.1;False;ok;7;1;0.452;
3321;-5.868057005;41.31713759;0.1;False;ok;2;1;0.501;
3322;-5.768057005;41.31713759;0.1;False;ok;2;1;0.478;
3323;-5.268057005;41.31713759;0.1;False;ok;8;1;0.487;
3324;-5.168057005;41.31713759;0.1;False;ok;5;1;0.549;
3325;-4.968057005;41.31713759;0.1;False;ok;9;1;0.523;
3326;-4.868057005;41.31713759;0.1;False;ok;8;1;0.431;
3327;-4.768057005;41.31713759;0.1;False;ok;2;1;0.436;
3328;-4.568057005;41.31713759;0.1;False;ok;4;1;0.394;
3329;-4.468057005;41.31713759;0.1;False;ok;6;1;0.490;
3330;-4.368057005;41.31713759;0.1;False;ok;10;1;0.410;
3331;-4.268057005;41.31713759;0.1;False;ok;4;1;0.471;
3332;-4.168057005;41.31713759;0.1;False;ok;5;1;0.415;
3333;-3.968057005;41.31713759;0.1;False;ok;8;1;0.426;
3334;-3.868057005;41.31713759;0.1;False;ok;8;1;0.472;
3335;-3.668057005;41.31713759;0.1;False;ok;8;1;0.470;
3336;-3.568057005;41.31713759;0.1;False;ok;7;1;0.399;
3337;-3.468057005;41.31713759;0.1;False;ok;8;1;0.377;
3338;-3.368057005;41.31713759;0.1;False;ok;7;1;0.479;
3339;-3.268057005;41.31713759;0.1;False;ok;3;1;0.500;
3340;-3.068057005;41.31713759;0.1;False;ok;1;1;0.383;
3341;-6.168057005;41.41713759;0.1;False;ok;4;1;0.477;
3342;-5.968057005;41.41713759;0.1;False;ok;2;1;0.437;
3343;-5.868057005;41.41713759;0.1;False;ok;1;1;0.421;
3344;-5.768057005;41.41713759;0.1;False;ok;75;1;0.693;
3345;-5.668057005;41.41713759;0.1;False;ok;1;1;0.408;
3346;-5.568057005;41.41713759;0.1;False;ok;3;1;0.436;
3347;-5.168057005;41.41713759;0.1;False;ok;2;1;0.442;
3348;-5.068057005;41.41713759;0.1;False;ok;41;1;0.586;
3349;-4.968057005;41.41713759;0.1;False;ok;5;1;0.445;
3350;-4.768057005;41.41713759;0.1;False;ok;2;1;0.376;
3351;-4.668057005;41.41713759;0.1;False;ok;4;1;0.555;
3352;-4.468057005;41.41713759;0.1;False;ok;8;1;0.511;
3353;-4.068057005;41.41713759;0.1;False;ok;17;1;0.492;
3354;-3.868057005;41.41713759;0.1;False;ok;5;1;0.394;
3355;-3.668057005;41.41713759;0.1;False;ok;2;1;0.493;
3356;-3.568057005;41.41713759;0.1;False;ok;7;1;0.362;
3357;-3.468057005;41.41713759;0.1;False;ok;10;1;0.473;
3358;-3.068057005;41.41713759;0.1;False;ok;1;1;0.419;
3359;-2.968057005;41.41713759;0.1;False;ok;4;1;0.492;
3360;-2.868057005;41.41713759;0.1;False;ok;11;1;0.448;
3361;-2.768057005;41.41713759;0.1;False;ok;1;1;0.375;
3362;-2.568057005;41.41713759;0.1;False;ok;15;1;0.501;
3363;-6.268057005;41.51713759;0.1;True;ok;1;1;0.500;
3364;-6.168057005;41.51713759;0.1;False;ok;0;1;1.109;
3365;-6.068057005;41.51713759;0.1;False;ok;5;1;0.476;
3366;-5.768057005;41.51713759;0.1;False;ok;4;1;0.496;
3367;-5.668057005;41.51713759;0.1;False;ok;1;1;0.490;
3368;-5.468057005;41.51713759;0.1;False;ok;16;1;0.594;
3369;-5.268057005;41.51713759;0.1;False;ok;3;1;0.527;
3370;-4.968057005;41.51713759;0.1;False;ok;12;1;0.498;
3371;-4.868057005;41.51713759;0.1;False;ok;23;1;0.624;
3372;-4.768057005;41.51713759;0.1;False;ok;17;1;0.654;
3373;-4.668057005;41.51713759;0.1;False;ok;3;1;0.364;
3374;-4.568057005;41.51713759;0.1;False;ok;10;1;0.567;
3375;-4.468057005;41.51713759;0.1;False;ok;6;1;0.470;
3376;-4.168057005;41.51713759;0.1;False;ok;27;1;0.468;
3377;-3.768057005;41.51713759;0.1;False;ok;7;1;0.440;
3378;-3.668057005;41.51713759;0.1;False;ok;3;1;0.493;
3379;-3.568057005;41.51713759;0.1;False;ok;2;1;0.411;
3380;-3.468057005;41.51713759;0.1;False;ok;2;1;0.454;
3381;-3.268057005;41.51713759;0.1;False;ok;16;1;0.533;
3382;-3.168057005;41.51713759;0.1;False;ok;28;1;0.498;
3383;-3.068057005;41.51713759;0.1;False;ok;18;1;0.508;
3384;-2.968057005;41.51713759;0.1;False;ok;2;1;0.466;
3385;-2.868057005;41.51713759;0.1;False;ok;3;1;0.453;
3386;-6.268057005;41.61713759;0.1;False;ok;1;1;0.359;
3387;-6.068057005;41.61713759;0.1;False;ok;2;1;0.597;
3388;-5.868057005;41.61713759;0.1;False;ok;1;1;0.403;
3389;-5.768057005;41.61713759;0.1;False;ok;4;1;0.473;
3390;-5.368057005;41.61713759;0.1;False;ok;1;1;0.355;
3391;-5.268057005;41.61713759;0.1;False;ok;4;1;0.490;
3392;-5.068057005;41.61713759;0.1;False;ok;1;1;0.471;
3393;-4.868057005;41.61713759;0.1;False;ok;10;1;0.466;
3394;-4.768057005;41.61713759;0.1;False;ok;75;1;0.760;
3395;-4.368057005;41.61713759;0.1;False;ok;7;1;0.464;
3396;-4.268057005;41.61713759;0.1;False;ok;4;1;0.400;
3397;-4.168057005;41.61713759;0.1;False;ok;16;1;0.469;
3398;-3.968057005;41.61713759;0.1;False;ok;9;1;0.495;
3399;-3.868057005;41.61713759;0.1;False;ok;4;1;0.430;
3400;-3.768057005;41.61713759;0.1;False;ok;31;1;0.594;
3401;-3.668057005;41.61713759;0.1;False;ok;11;1;0.539;
3402;-3.568057005;41.61713759;0.1;False;ok;10;1;0.490;
3403;-3.468057005;41.61713759;0.1;False;ok;1;1;0.403;
3404;-3.068057005;41.61713759;0.1;False;ok;10;1;0.484;
3405;-2.868057005;41.61713759;0.1;False;ok;9;1;0.512;
3406;-2.668057005;41.61713759;0.1;False;ok;2;1;0.474;
3407;-2.32757849;38.31713759;0.1;False;ok;12;1;0.425;
3408;-2.32757849;38.41713759;0.1;False;ok;11;1;0.488;
3409;-2.32757849;38.51713759;0.1;False;ok;1;1;0.360;
3410;-2.32757849;38.61713759;0.1;False;ok;3;1;0.473;
3411;-2.32757849;38.71713759;0.1;False;ok;2;1;0.402;
3412;-2.32757849;39.21713759;0.1;False;ok;2;1;0.354;
3413;-2.32757849;39.31713759;0.1;False;ok;8;1;0.465;
3414;-2.32757849;39.41713759;0.1;False;ok;2;1;0.400;
3415;-2.32757849;39.51713759;0.1;False;ok;1;1;0.438;
3416;-2.32757849;39.81713759;0.1;False;ok;1;1;0.465;
3417;-2.32757849;40.01713759;0.1;False;ok;3;1;0.580;
3418;-2.32757849;40.11713759;0.1;False;ok;0;1;1.230;
3419;-2.32757849;40.21713759;0.1;False;ok;1;1;0.470;
3420;-2.32757849;40.31713759;0.1;False;ok;2;1;0.457;
3421;-2.32757849;40.41713759;0.1;False;ok;8;1;0.403;
3422;-2.32757849;40.71713759;0.1;False;ok;3;1;0.419;
3423;-2.32757849;41.11713759;0.1;False;ok;0;1;1.131;
3424;-2.32757849;41.21713759;0.1;False;ok;1;1;0.524;
3425;-2.22757849;38.41713759;0.1;False;ok;4;1;0.457;
3426;-2.22757849;38.51713759;0.1;False;ok;15;1;0.426;
3427;-2.22757849;38.61713759;0.1;False;ok;0;1;1.146;
3428;-2.22757849;39.11713759;0.1;False;ok;8;1;0.430;
3429;-2.22757849;39.31713759;0.1;False;ok;3;1;0.459;
3430;-2.22757849;39.61713759;0.1;False;ok;1;1;0.459;
3431;-2.22757849;39.71713759;0.1;False;ok;13;1;0.550;
3432;-2.22757849;39.91713759;0.1;False;ok;4;1;0.542;
3433;-2.22757849;40.06713759;0.05;False;ok;25;1;0.552;
3434;-2.22757849;40.11713759;0.1;False;ok;1;1;0.377;
3435;-2.22757849;40.31713759;0.1;False;ok;3;1;0.375;
3436;-2.22757849;40.41713759;0.1;False;ok;1;1;0.357;
3437;-2.22757849;40.51713759;0.1;False;ok;4;1;0.398;
3438;-2.22757849;40.71713759;0.1;False;ok;0;1;1.182;
3439;-2.22757849;40.81713759;0.1;False;ok;9;1;0.448;
3440;-2.22757849;41.21713759;0.1;False;ok;4;1;0.440;
3441;-2.22757849;41.41713759;0.1;False;ok;1;1;0.482;
3442;-2.22757849;41.61713759;0.1;False;ok;2;1;0.469;
3443;-2.17757849;40.01713759;0.05;False;ok;6;1;0.406;
3444;-2.17757849;40.06713759;0.025;False;ok;1;1;0.435;
3445;-2.15257849;40.06713759;0.0125;False;ok;6;1;0.485;
3446;-2.14007849;40.06713759;0.00625;False;ok;42;1;0.592;
3447;-2.14007849;40.07338759;0.00625;False;ok;50;1;0.512;
3448;-2.14007849;40.07963759;0.0125;False;ok;15;1;0.451;
3449;-2.13382849;40.06713759;0.00625;False;ok;22;1;0.509;
3450;-2.13382849;40.07338759;0.00625;False;ok;75;1;0.703;
3451;-2.12757849;38.31713759;0.1;False;ok;16;1;0.569;
3452;-2.12757849;38.41713759;0.1;False;ok;16;1;0.489;
3453;-2.12757849;38.51713759;0.1;False;ok;14;1;0.501;
3454;-2.12757849;38.61713759;0.1;False;ok;1;1;0.417;
3455;-2.12757849;38.81713759;0.1;False;ok;0;1;1.213;
3456;-2.12757849;39.21713759;0.1;False;ok;5;1;0.436;
3457;-2.12757849;39.41713759;0.1;False;ok;8;1;0.449;
3458;-2.12757849;39.51713759;0.1;False;ok;9;1;0.456;
3459;-2.12757849;39.71713759;0.1;False;ok;1;1;0.435;
3460;-2.12757849;39.91713759;0.1;False;ok;15;1;0.556;
3461;-2.12757849;40.01713759;0.1;False;ok;13;1;0.544;
3462;-2.12757849;40.11713759;0.1;False;ok;6;1;0.397;
3463;-2.12757849;40.21713759;0.1;False;ok;13;1;0.536;
3464;-2.12757849;40.41713759;0.1;False;ok;0;1;1.129;
3465;-2.12757849;40.51713759;0.1;False;ok;7;1;0.466;
3466;-2.12757849;40.61713759;0.1;False;ok;4;1;0.409;
3467;-2.12757849;40.81713759;0.1;False;ok;1;1;0.378;
3468;-2.12757849;40.91713759;0.1;False;ok;0;1;1.155;
3469;-2.12757849;41.01713759;0.1;False;ok;1;1;0.343;
3470;-2.12757849;41.21713759;0.1;False;ok;7;1;0.406;
3471;-2.12757849;41.61713759;0.1;False;ok;2;1;0.362;
3472;-2.02757849;38.21713759;0.1;False;ok;3;1;0.488;
3473;-2.02757849;38.31713759;0.1;False;ok;7;1;0.453;
3474;-2.02757849;38.41713759;0.1;False;ok;1;1;0.529;
3475;-2.02757849;38.51713759;0.1;False;ok;2;1;0.461;
3476;-2.02757849;39.41713759;0.1;False;ok;1;1;0.434;
3477;-2.02757849;39.91713759;0.1;False;ok;3;1;0.448;
3478;-2.02757849;40.11713759;0.1;False;ok;7;1;0.512;
3479;-2.02757849;40.21713759;0.1;False;ok;15;1;0.514;
3480;-2.02757849;40.31713759;0.1;False;ok;1;1;0.396;
3481;-2.02757849;40.41713759;0.1;False;ok;1;1;0.444;
3482;-2.02757849;40.61713759;0.1;False;ok;3;1;0.413;
3483;-2.02757849;40.71713759;0.1;False;ok;2;1;0.430;
3484;-2.02757849;40.81713759;0.1;False;ok;6;1;0.479;
3485;-2.02757849;40.91713759;0.1;False;ok;1;1;0.372;
3486;-2.02757849;41.41713759;0.1;False;ok;2;1;0.535;
3487;-1.92757849;38.21713759;0.1;False;ok;8;1;0.404;
3488;-1.92757849;38.41713759;0.1;False;ok;0;1;1.181;
3489;-1.92757849;38.91713759;0.1;False;ok;74;1;0.611;
3490;-1.92757849;39.31713759;0.1;False;ok;1;1;0.417;
3491;-1.92757849;39.51713759;0.1;False;ok;4;1;0.470;
3492;-1.92757849;39.71713759;0.1;False;ok;1;1;0.415;
3493;-1.92757849;39.81713759;0.1;False;ok;1;1;0.355;
3494;-1.92757849;39.91713759;0.1;False;ok;1;1;0.372;
3495;-1.92757849;40.11713759;0.1;False;ok;0;1;1.107;
3496;-1.92757849;40.31713759;0.1;False;ok;22;1;0.590;
3497;-1.92757849;40.41713759;0.1;False;ok;3;1;0.439;
3498;-1.92757849;40.51713759;0.1;False;ok;6;1;0.462;
3499;-1.92757849;40.61713759;0.1;False;ok;1;1;0.326;
3500;-1.92757849;40.71713759;0.1;False;ok;1;1;0.352;
3501;-1.92757849;40.81713759;0.1;False;ok;16;1;0.442;
3502;-1.92757849;41.11713759;0.1;False;ok;10;1;0.501;
3503;-1.92757849;41.21713759;0.1;False;ok;28;1;0.491;
3504;-1.92757849;41.41713759;0.1;False;ok;1;1;0.373;
3505;-1.92757849;41.51713759;0.1;False;ok;1;1;0.383;
3506;-1.82757849;38.91713759;0.1;False;ok;3;1;0.354;
3507;-1.82757849;39.11713759;0.1;False;ok;2;1;0.355;
3508;-1.82757849;39.51713759;0.1;False;ok;5;1;0.460;
3509;-1.82757849;39.81713759;0.1;False;ok;12;1;0.546;
3510;-1.82757849;39.91713759;0.1;False;ok;3;1;0.448;
3511;-1.82757849;40.21713759;0.1;False;ok;2;1;0.384;
3512;-1.82757849;40.51713759;0.1;False;ok;1;1;0.554;
3513;-1.82757849;40.61713759;0.1;False;ok;1;1;0.409;
3514;-1.82757849;41.11713759;0.1;False;ok;15;1;0.452;
3515;-1.82757849;41.21713759;0.1;False;ok;6;1;0.413;
3516;-1.82757849;41.31713759;0.1;False;ok;10;1;0.494;
3517;-1.82757849;41.41713759;0.1;False;ok;1;1;0.658;
3518;-1.82757849;41.61713759;0.1;False;ok;1;1;0.444;
3519;-1.72757849;38.21713759;0.1;False;ok;9;1;0.495;
3520;-1.72757849;38.41713759;0.1;False;ok;11;1;0.516;
3521;-1.72757849;38.51713759;0.1;False;ok;3;1;0.478;
3522;-1.72757849;38.81713759;0.1;False;ok;3;1;0.410;
3523;-1.72757849;38.91713759;0.1;False;ok;4;1;0.372;
3524;-1.72757849;39.01713759;0.1;False;ok;4;1;0.429;
3525;-1.72757849;39.11713759;0.1;False;ok;13;1;0.467;
3526;-1.72757849;39.21713759;0.1;False;ok;1;1;0.372;
3527;-1.72757849;39.41713759;0.1;False;ok;2;1;0.440;
3528;-1.72757849;39.51713759;0.1;False;ok;2;1;0.364;
3529;-1.72757849;39.71713759;0.1;False;ok;5;1;0.472;
3530;-1.72757849;39.81713759;0.1;False;ok;1;1;0.401;
3531;-1.72757849;40.01713759;0.1;False;ok;6;1;0.549;
3532;-1.72757849;40.11713759;0.1;False;ok;7;1;0.516;
3533;-1.72757849;40.31713759;0.1;False;ok;6;1;0.463;
3534;-1.72757849;40.41713759;0.1;False;ok;3;1;0.457;
3535;-1.72757849;40.51713759;0.1;False;ok;8;1;0.395;
3536;-1.72757849;40.71713759;0.1;False;ok;1;1;0.387;
3537;-1.72757849;40.81713759;0.1;False;ok;2;1;0.369;
3538;-1.72757849;41.21713759;0.1;False;ok;12;1;0.434;
3539;-1.72757849;41.31713759;0.1;False;ok;31;1;0.548;
3540;-1.72757849;41.41713759;0.1;False;ok;2;1;0.474;
3541;-1.72757849;41.51713759;0.1;False;ok;2;1;0.484;
3542;-1.72757849;41.61713759;0.1;False;ok;0;1;1.145;
3543;-1.62757849;38.51713759;0.1;False;ok;1;1;0.370;
3544;-1.62757849;38.81713759;0.1;False;ok;1;1;0.442;
3545;-1.62757849;38.91713759;0.1;False;ok;1;1;0.355;
3546;-1.62757849;39.11713759;0.1;False;ok;5;1;0.427;
3547;-1.62757849;39.21713759;0.1;False;ok;4;1;0.400;
3548;-1.62757849;39.31713759;0.1;False;ok;8;1;0.528;
3549;-1.62757849;39.51713759;0.1;False;ok;2;1;0.370;
3550;-1.62757849;39.61713759;0.1;False;ok;5;1;0.403;
3551;-1.62757849;39.91713759;0.1;False;ok;0;1;1.082;
3552;-1.62757849;40.21713759;0.1;False;ok;0;1;1.142;
3553;-1.62757849;40.31713759;0.1;False;ok;3;1;0.334;
3554;-1.62757849;40.41713759;0.1;False;ok;21;1;0.560;
3555;-1.62757849;40.81713759;0.1;False;ok;1;1;0.408;
3556;-1.62757849;40.91713759;0.1;False;ok;1;1;0.348;
3557;-1.62757849;41.21713759;0.1;False;ok;4;1;0.402;
3558;-1.62757849;41.31713759;0.1;False;ok;4;1;0.485;
3559;-1.62757849;41.41713759;0.1;False;ok;2;1;0.382;
3560;-1.62757849;41.51713759;0.1;False;ok;1;1;0.431;
3561;-1.52757849;38.21713759;0.1;False;ok;1;1;0.352;
3562;-1.52757849;38.61713759;0.1;False;ok;4;1;0.523;
3563;-1.52757849;38.81713759;0.1;False;ok;0;1;1.133;
3564;-1.52757849;38.91713759;0.1;False;ok;2;1;0.423;
3565;-1.52757849;39.11713759;0.1;False;ok;74;1;0.608;
3566;-1.52757849;39.21713759;0.1;False;ok;6;1;0.551;
3567;-1.52757849;39.51713759;0.1;False;ok;6;1;0.452;
3568;-1.52757849;40.01713759;0.1;False;ok;2;1;0.434;
3569;-1.52757849;40.21713759;0.1;False;ok;3;1;0.338;
3570;-1.52757849;40.31713759;0.1;False;ok;72;1;0.610;
3571;-1.52757849;40.41713759;0.1;False;ok;5;1;0.461;
3572;-1.52757849;40.51713759;0.1;False;ok;0;1;1.168;
3573;-1.52757849;40.81713759;0.1;False;ok;0;1;1.121;
3574;-1.52757849;40.91713759;0.1;False;ok;5;1;0.453;
3575;-1.52757849;41.11713759;0.1;False;ok;3;1;3.296;
3576;-1.42757849;38.21713759;0.1;False;ok;5;1;0.501;
3577;-1.42757849;38.41713759;0.1;False;ok;5;1;0.510;
3578;-1.42757849;38.61713759;0.1;False;ok;0;1;1.263;
3579;-1.42757849;39.01713759;0.1;False;ok;4;1;0.468;
3580;-1.42757849;39.11713759;0.1;False;ok;41;1;0.574;
3581;-1.42757849;39.21713759;0.1;False;ok;14;1;0.419;
3582;-1.42757849;39.31713759;0.1;False;ok;2;1;0.458;
3583;-1.42757849;39.41713759;0.1;False;ok;8;1;0.451;
3584;-1.42757849;39.71713759;0.1;False;ok;0;1;1.084;
3585;-1.42757849;39.81713759;0.1;False;ok;1;1;0.374;
3586;-1.42757849;39.91713759;0.1;False;ok;3;1;0.407;
3587;-1.42757849;40.01713759;0.1;False;ok;0;1;1.092;
3588;-1.42757849;40.11713759;0.1;False;ok;5;1;0.449;
3589;-1.42757849;40.21713759;0.1;False;ok;3;1;0.350;
3590;-1.42757849;40.31713759;0.1;False;ok;10;1;0.501;
3591;-1.42757849;40.71713759;0.1;False;ok;4;1;0.447;
3592;-1.42757849;40.81713759;0.1;False;ok;4;1;0.455;
3593;-1.42757849;41.01713759;0.1;False;ok;7;1;0.563;
3594;-1.42757849;41.11713759;0.1;False;ok;2;1;0.387;
3595;-1.42757849;41.41713759;0.1;False;ok;2;1;0.431;
3596;-1.32757849;38.31713759;0.1;False;ok;0;1;1.110;
3597;-1.32757849;38.41713759;0.1;False;ok;1;1;0.370;
3598;-1.32757849;38.71713759;0.1;False;ok;1;1;0.402;
3599;-1.32757849;38.91713759;0.1;False;ok;4;1;0.418;
3600;-1.32757849;39.01713759;0.1;False;ok;4;1;0.494;
3601;-1.32757849;39.11713759;0.1;False;ok;2;1;0.498;
3602;-1.32757849;39.21713759;0.1;False;ok;0;1;1.185;
3603;-1.32757849;39.31713759;0.1;False;ok;1;1;0.507;
3604;-1.32757849;39.41713759;0.1;False;ok;1;1;0.451;
3605;-1.32757849;39.51713759;0.1;False;ok;6;1;0.482;
3606;-1.32757849;39.71713759;0.1;False;ok;2;1;0.459;
3607;-1.32757849;39.81713759;0.1;False;ok;5;1;0.542;
3608;-1.32757849;39.91713759;0.1;False;ok;3;1;0.444;
3609;-1.32757849;40.01713759;0.1;False;ok;15;1;0.464;
3610;-1.32757849;40.11713759;0.1;False;ok;10;1;1.003;
3611;-1.32757849;40.21713759;0.1;False;ok;2;1;0.461;
3612;-1.32757849;40.31713759;0.1;False;ok;5;1;0.514;
3613;-1.32757849;40.41713759;0.1;False;ok;15;1;0.421;
3614;-1.32757849;40.51713759;0.1;False;ok;5;1;0.342;
3615;-1.32757849;40.61713759;0.1;False;ok;1;1;0.456;
3616;-1.32757849;40.81713759;0.1;False;ok;1;1;0.432;
3617;-1.32757849;40.91713759;0.1;False;ok;9;1;0.476;
3618;-1.32757849;41.01713759;0.1;False;ok;2;1;0.342;
3619;-1.32757849;41.41713759;0.1;False;ok;1;1;0.437;
3620;-1.32757849;41.51713759;0.1;False;ok;1;1;0.417;
3621;-1.32757849;41.61713759;0.1;False;ok;7;1;0.510;
3622;-1.22757849;38.21713759;0.1;False;ok;4;1;0.458;
3623;-1.22757849;38.31713759;0.1;False;ok;2;1;0.380;
3624;-1.22757849;38.41713759;0.1;False;ok;1;1;0.448;
3625;-1.22757849;38.61713759;0.1;False;ok;4;1;0.355;
3626;-1.22757849;38.91713759;0.1;False;ok;1;1;0.405;
3627;-1.22757849;39.21713759;0.1;False;ok;0;1;1.151;
3628;-1.22757849;39.41713759;0.1;False;ok;2;1;0.456;
3629;-1.22757849;39.51713759;0.1;False;ok;9;1;0.381;
3630;-1.22757849;39.91713759;0.1;False;ok;3;1;0.413;
3631;-1.22757849;40.01713759;0.1;False;ok;2;1;0.447;
3632;-1.22757849;40.21713759;0.1;False;ok;8;1;0.454;
3633;-1.22757849;40.31713759;0.1;False;ok;12;1;0.808;
3634;-1.22757849;40.61713759;0.1;False;ok;4;1;0.430;
3635;-1.22757849;41.31713759;0.1;False;ok;6;1;0.448;
3636;-1.12757849;38.21713759;0.1;False;ok;2;1;0.426;
3637;-1.12757849;38.31713759;0.1;False;ok;11;1;0.443;
3638;-1.12757849;38.41713759;0.1;False;ok;7;1;0.413;
3639;-1.12757849;38.51713759;0.1;False;ok;18;1;0.506;
3640;-1.12757849;38.61713759;0.1;False;ok;3;1;0.391;
3641;-1.12757849;38.81713759;0.1;False;ok;28;1;0.543;
3642;-1.12757849;38.91713759;0.1;False;ok;1;1;0.417;
3643;-1.12757849;39.01713759;0.1;False;ok;14;1;0.488;
3644;-1.12757849;39.11713759;0.1;False;ok;6;1;0.388;
3645;-1.12757849;39.21713759;0.1;False;ok;3;1;0.425;
3646;-1.12757849;39.31713759;0.1;False;ok;3;1;0.372;
3647;-1.12757849;39.41713759;0.1;False;ok;24;1;0.529;
3648;-1.12757849;39.71713759;0.1;False;ok;1;1;0.360;
3649;-1.12757849;39.81713759;0.1;False;ok;2;1;0.357;
3650;-1.12757849;39.91713759;0.1;False;ok;3;1;0.341;
3651;-1.12757849;40.11713759;0.1;False;ok;17;1;0.441;
3652;-1.12757849;40.21713759;0.1;False;ok;2;1;0.397;
3653;-1.12757849;40.31713759;0.1;False;ok;74;1;0.872;
3654;-1.12757849;40.41713759;0.1;False;ok;4;1;0.465;
3655;-1.12757849;40.51713759;0.1;False;ok;2;1;0.449;
3656;-1.12757849;41.01713759;0.1;False;ok;1;1;0.428;
3657;-1.02757849;38.21713759;0.1;False;ok;11;1;0.522;
3658;-1.02757849;38.31713759;0.1;False;ok;6;1;0.451;
3659;-1.02757849;38.41713759;0.1;False;ok;9;1;0.485;
3660;-1.02757849;38.61713759;0.1;False;ok;13;1;0.489;
3661;-1.02757849;39.21713759;0.1;False;ok;4;1;0.416;
3662;-1.02757849;39.31713759;0.1;False;ok;1;1;0.420;
3663;-1.02757849;39.41713759;0.1;False;ok;2;1;0.393;
3664;-1.02757849;39.51713759;0.1;False;ok;6;1;0.457;
3665;-1.02757849;39.71713759;0.1;False;ok;8;1;0.414;
3666;-1.02757849;39.81713759;0.1;False;ok;8;1;0.480;
3667;-1.02757849;39.91713759;0.1;False;ok;3;1;0.538;
3668;-1.02757849;40.11713759;0.1;False;ok;3;1;0.367;
3669;-1.02757849;40.21713759;0.1;False;ok;5;1;0.506;
3670;-1.02757849;40.81713759;0.1;False;ok;1;1;0.352;
3671;-1.02757849;41.31713759;0.1;False;ok;2;1;0.488;
3672;-1.02757849;41.51713759;0.1;False;ok;4;1;0.401;
3673;-1.02757849;41.61713759;0.1;False;ok;20;1;0.525;
3674;-0.92757849;38.21713759;0.1;False;ok;4;1;0.474;
3675;-0.92757849;38.31713759;0.1;False;ok;11;1;0.518;
3676;-0.92757849;38.41713759;0.1;False;ok;9;1;0.359;
3677;-0.92757849;38.51713759;0.1;False;ok;6;1;0.445;
3678;-0.92757849;38.61713759;0.1;False;ok;24;1;0.709;
3679;-0.92757849;38.91713759;0.1;False;ok;0;1;1.160;
3680;-0.92757849;39.31713759;0.1;False;ok;2;1;0.324;
3681;-0.92757849;39.41713759;0.1;False;ok;9;1;0.470;
3682;-0.92757849;39.51713759;0.1;False;ok;1;1;0.720;
3683;-0.92757849;39.61713759;0.1;False;ok;51;1;0.528;
3684;-0.92757849;40.01713759;0.1;False;ok;8;1;0.399;
3685;-0.92757849;40.11713759;0.1;False;ok;2;1;0.499;
3686;-0.92757849;40.31713759;0.1;False;ok;4;1;0.467;
3687;-0.92757849;40.61713759;0.1;False;ok;3;1;0.327;
3688;-0.92757849;40.71713759;0.1;False;ok;1;1;0.427;
3689;-0.92757849;40.81713759;0.1;False;ok;1;1;0.357;
3690;-0.92757849;41.01713759;0.1;False;ok;1;1;0.367;
3691;-0.92757849;41.21713759;0.1;False;ok;3;1;0.433;
3692;-0.92757849;41.61713759;0.025;False;ok;6;1;0.539;
3693;-0.92757849;41.64213759;0.025;False;ok;24;1;0.585;
3694;-0.92757849;41.66713759;0.05;False;ok;6;1;0.520;
3695;-0.90257849;41.61713759;0.025;False;ok;25;1;0.576;
3696;-0.90257849;41.64213759;0.0125;False;ok;33;1;0.609;
3697;-0.90257849;41.65463759;0.0125;False;ok;24;1;0.508;
3698;-0.89007849;41.64213759;0.0125;False;ok;74;1;0.696;
3699;-0.89007849;41.65463759;0.0125;False;ok;75;1;0.734;
3700;-0.87757849;41.61713759;0.05;False;ok;74;1;0.578;
3701;-0.87757849;41.66713759;0.05;False;ok;6;1;0.583;
3702;-0.82757849;38.21713759;0.1;False;ok;18;1;0.545;
3703;-0.82757849;38.31713759;0.1;False;ok;32;1;0.524;
3704;-0.82757849;38.41713759;0.1;False;ok;18;1;0.657;
3705;-0.82757849;38.51713759;0.1;False;ok;3;1;0.442;
3706;-0.82757849;38.61713759;0.1;False;ok;23;1;0.507;
3707;-0.82757849;38.71713759;0.1;False;ok;4;1;0.482;
3708;-0.82757849;38.81713759;0.1;False;ok;7;1;0.476;
3709;-0.82757849;38.91713759;0.1;False;ok;4;1;0.490;
3710;-0.82757849;39.01713759;0.1;False;ok;4;1;0.498;
3711;-0.82757849;39.31713759;0.1;False;ok;17;1;0.473;
3712;-0.82757849;39.41713759;0.1;False;ok;9;1;0.463;
3713;-0.82757849;39.51713759;0.1;False;ok;0;1;1.139;
3714;-0.82757849;39.71713759;0.1;False;ok;3;1;0.458;
3715;-0.82757849;39.91713759;0.1;False;ok;0;1;1.096;
3716;-0.82757849;40.01713759;0.1;False;ok;9;1;0.365;
3717;-0.82757849;40.11713759;0.1;False;ok;6;1;0.430;
3718;-0.82757849;40.21713759;0.1;False;ok;43;1;0.585;
3719;-0.82757849;40.31713759;0.1;False;ok;2;1;0.407;
3720;-0.82757849;40.41713759;0.1;False;ok;5;1;0.410;
3721;-0.82757849;40.51713759;0.1;False;ok;0;1;1.141;
3722;-0.82757849;40.61713759;0.1;False;ok;3;1;0.428;
3723;-0.82757849;41.21713759;0.1;False;ok;11;1;0.449;
3724;-0.82757849;41.51713759;0.1;False;ok;2;1;0.402;
3725;-0.82757849;41.61713759;0.1;False;ok;3;1;0.400;
3726;-0.72757849;38.21713759;0.1;False;ok;67;1;0.641;
3727;-0.72757849;38.31713759;0.1;False;ok;7;1;0.501;
3728;-0.72757849;38.41713759;0.1;False;ok;6;1;0.445;
3729;-0.72757849;38.51713759;0.1;False;ok;12;1;0.512;
3730;-0.72757849;38.61713759;0.1;False;ok;24;1;0.511;
3731;-0.72757849;38.71713759;0.1;False;ok;5;1;0.447;
3732;-0.72757849;38.81713759;0.1;False;ok;6;1;0.445;
3733;-0.72757849;38.91713759;0.1;False;ok;7;1;0.470;
3734;-0.72757849;39.01713759;0.1;False;ok;53;1;0.522;
3735;-0.72757849;39.21713759;0.1;False;ok;0;1;1.181;
3736;-0.72757849;39.31713759;0.1;False;ok;21;1;0.507;
3737;-0.72757849;39.41713759;0.1;False;ok;9;1;0.446;
3738;-0.72757849;39.51713759;0.1;False;ok;10;1;0.456;
3739;-0.72757849;39.61713759;0.1;False;ok;13;1;0.420;
3740;-0.72757849;39.91713759;0.1;False;ok;4;1;0.442;
3741;-0.72757849;40.01713759;0.1;False;ok;12;1;0.479;
3742;-0.72757849;40.11713759;0.1;False;ok;22;1;0.573;
3743;-0.72757849;40.21713759;0.1;False;ok;4;1;0.477;
3744;-0.72757849;40.31713759;0.1;False;ok;22;1;0.562;
3745;-0.72757849;40.41713759;0.1;False;ok;6;1;0.522;
3746;-0.72757849;40.51713759;0.1;False;ok;4;1;0.443;
3747;-0.72757849;40.61713759;0.1;False;ok;3;1;0.406;
3748;-0.72757849;40.81713759;0.1;False;ok;4;1;0.436;
3749;-0.72757849;40.91713759;0.1;False;ok;1;1;0.396;
3750;-0.72757849;41.01713759;0.1;False;ok;2;1;0.383;
3751;-0.72757849;41.11713759;0.1;False;ok;4;1;0.413;
3752;-0.72757849;41.31713759;0.1;False;ok;2;1;0.350;
3753;-0.72757849;41.51713759;0.1;False;ok;4;1;0.370;
3754;-0.62757849;38.21713759;0.1;False;ok;75;1;0.769;
3755;-0.62757849;38.31713759;0.1;False;ok;13;1;0.459;
3756;-0.62757849;38.41713759;0.1;False;ok;11;1;0.534;
3757;-0.62757849;38.51713759;0.1;False;ok;8;1;0.446;
3758;-0.62757849;38.61713759;0.1;False;ok;13;1;0.476;
3759;-0.62757849;38.71713759;0.1;False;ok;28;1;0.607;
3760;-0.62757849;38.81713759;0.1;False;ok;22;1;0.525;
3761;-0.62757849;39.01713759;0.1;False;ok;6;1;0.451;
3762;-0.62757849;39.11713759;0.1;False;ok;3;1;0.394;
3763;-0.62757849;39.21713759;0.1;False;ok;7;1;0.408;
3764;-0.62757849;39.31713759;0.1;False;ok;13;1;0.455;
3765;-0.62757849;39.41713759;0.1;False;ok;24;1;0.475;
3766;-0.62757849;39.51713759;0.1;False;ok;24;1;0.465;
3767;-0.62757849;39.61713759;0.1;False;ok;18;1;0.558;
3768;-0.62757849;39.81713759;0.1;False;ok;12;1;0.492;
3769;-0.62757849;39.91713759;0.1;False;ok;19;1;0.500;
3770;-0.62757849;40.01713759;0.1;False;ok;7;1;0.674;
3771;-0.62757849;40.11713759;0.1;False;ok;17;1;0.712;
3772;-0.62757849;40.31713759;0.1;False;ok;19;1;0.481;
3773;-0.62757849;40.61713759;0.1;False;ok;2;1;0.517;
3774;-0.62757849;40.71713759;0.1;False;ok;3;1;0.492;
3775;-0.62757849;40.81713759;0.1;False;ok;3;1;0.453;
3776;-0.62757849;41.41713759;0.1;False;ok;1;1;0.440;
3777;-0.52757849;38.21713759;0.0125;False;ok;73;1;0.543;
3778;-0.52757849;38.22963759;0.0125;False;ok;75;1;0.759;
3779;-0.52757849;38.24213759;0.00625;False;ok;5;1;0.434;
3780;-0.52757849;38.24838759;0.00625;False;ok;31;1;0.533;
3781;-0.52757849;38.25463759;0.0125;False;ok;44;1;0.608;
3782;-0.52757849;38.26713759;0.05;False;ok;27;1;0.507;
3783;-0.52757849;38.31713759;0.025;False;ok;11;1;0.501;
3784;-0.52757849;38.34213759;0.025;False;ok;10;1;0.452;
3785;-0.52757849;38.36713759;0.05;False;ok;51;1;0.632;
3786;-0.52757849;38.41713759;0.1;False;ok;68;1;0.683;
3787;-0.52757849;38.51713759;0.1;False;ok;7;1;0.543;
3788;-0.52757849;38.61713759;0.1;False;ok;19;1;0.503;
3789;-0.52757849;38.71713759;0.1;False;ok;12;1;0.472;
3790;-0.52757849;38.81713759;0.1;False;ok;7;1;0.377;
3791;-0.52757849;38.91713759;0.1;False;ok;38;1;0.543;
3792;-0.52757849;39.01713759;0.1;False;ok;7;1;0.572;
3793;-0.52757849;39.11713759;0.1;False;ok;25;1;0.561;
3794;-0.52757849;39.21713759;0.1;False;ok;11;1;0.519;
3795;-0.52757849;39.31713759;0.1;False;ok;18;1;0.515;
3796;-0.52757849;39.41713759;0.1;False;ok;68;1;0.707;
3797;-0.52757849;39.51713759;0.1;False;ok;46;1;0.635;
3798;-0.52757849;39.61713759;0.1;False;ok;12;1;0.559;
3799;-0.52757849;39.71713759;0.1;False;ok;5;1;0.532;
3800;-0.52757849;39.81713759;0.1;False;ok;58;1;0.565;
3801;-0.52757849;39.91713759;0.1;False;ok;3;1;0.487;
3802;-0.52757849;40.01713759;0.1;False;ok;22;1;0.524;
3803;-0.52757849;40.11713759;0.1;False;ok;4;1;0.447;
3804;-0.52757849;40.21713759;0.1;False;ok;8;1;0.478;
3805;-0.52757849;40.31713759;0.1;False;ok;9;1;0.500;
3806;-0.52757849;40.41713759;0.1;False;ok;4;1;0.469;
3807;-0.52757849;40.71713759;0.1;False;ok;5;1;0.392;
3808;-0.52757849;40.81713759;0.1;False;ok;8;1;0.432;
3809;-0.52757849;40.91713759;0.1;False;ok;4;1;0.436;
3810;-0.52757849;41.11713759;0.1;False;ok;11;1;0.452;
3811;-0.52757849;41.41713759;0.1;False;ok;2;1;0.448;
3812;-0.52132849;38.24213759;0.00625;False;ok;66;1;0.570;
3813;-0.52132849;38.24838759;0.00625;False;ok;71;1;0.576;
3814;-0.50257849;38.31713759;0.025;False;ok;65;1;0.525;
3815;-0.50257849;38.34213759;0.0125;False;ok;74;1;0.729;
3816;-0.50257849;38.35463759;0.0125;False;ok;16;1;0.563;
3817;-0.49007849;38.34213759;0.003125;False;ok;19;1;0.460;
3818;-0.49007849;38.34526259;0.003125;False;ok;54;1;0.630;
3819;-0.49007849;38.34838759;0.00625;False;ok;74;1;0.739;
3820;-0.49007849;38.35463759;0.0125;False;ok;75;1;0.736;
3821;-0.48695349;38.34213759;0.003125;False;ok;74;1;0.607;
3822;-0.48695349;38.34526259;0.003125;False;ok;64;1;0.636;
3823;-0.48382849;38.34213759;0.003125;False;ok;74;1;0.675;
3824;-0.48382849;38.34526259;0.0015625;False;ok;67;1;0.587;
3825;-0.48382849;38.34682509;0.0015625;False;ok;42;1;0.496;
3826;-0.48382849;38.34838759;0.00625;False;ok;75;1;0.630;
3827;-0.48226599;38.34526259;0.0015625;False;ok;68;1;0.801;
3828;-0.48226599;38.34682509;0.0015625;False;ok;30;1;0.517;
3829;-0.48070349;38.34213759;0.003125;False;ok;31;1;0.471;
3830;-0.48070349;38.34526259;0.003125;False;ok;65;1;0.633;
3831;-0.47757849;38.34213759;0.025;False;ok;74;1;0.605;
3832;-0.47757849;38.36713759;0.05;False;ok;53;1;0.525;
3833;-0.45257849;38.34213759;0.025;False;ok;72;1;0.628;
3834;-0.42757849;38.31713759;0.05;False;ok;73;1;0.657;
3835;-0.42757849;38.36713759;0.0125;False;ok;41;1;0.549;
3836;-0.42757849;38.37963759;0.0125;False;ok;30;1;0.716;
3837;-0.42757849;38.39213759;0.025;False;ok;73;1;0.733;
3838;-0.42757849;38.41713759;0.025;False;ok;7;1;0.543;
3839;-0.42757849;38.46713759;0.05;False;ok;6;1;0.442;
3840;-0.42757849;38.51713759;0.1;False;ok;6;1;0.471;
3841;-0.42757849;38.61713759;0.1;False;ok;11;1;0.499;
3842;-0.42757849;38.71713759;0.1;False;ok;10;1;0.540;
3843;-0.42757849;38.81713759;0.1;False;ok;13;1;0.526;
3844;-0.42757849;38.91713759;0.1;False;ok;0;1;1.177;
3845;-0.42757849;39.01713759;0.1;False;ok;11;1;0.457;
3846;-0.42757849;39.11713759;0.1;False;ok;25;1;0.494;
3847;-0.42757849;39.21713759;0.1;False;ok;4;1;0.516;
3848;-0.42757849;39.31713759;0.1;False;ok;22;1;0.606;
3849;-0.42757849;39.41713759;0.05;False;ok;74;1;0.691;
3850;-0.42757849;39.46713759;0.025;False;ok;43;1;0.554;
3851;-0.42757849;39.49213759;0.025;False;ok;35;1;0.527;
3852;-0.42757849;39.51713759;0.1;False;ok;24;1;0.486;
3853;-0.42757849;39.61713759;0.1;False;ok;23;1;0.547;
3854;-0.42757849;39.71713759;0.1;False;ok;12;1;0.517;
3855;-0.42757849;39.81713759;0.1;False;ok;9;1;0.520;
3856;-0.42757849;39.91713759;0.1;False;ok;7;1;0.499;
3857;-0.42757849;40.11713759;0.1;False;ok;18;1;0.510;
3858;-0.42757849;40.21713759;0.1;False;ok;2;1;0.358;
3859;-0.42757849;40.51713759;0.1;False;ok;14;1;0.448;
3860;-0.42757849;40.61713759;0.1;False;ok;12;1;0.462;
3861;-0.42757849;40.81713759;0.1;False;ok;4;1;0.500;
3862;-0.42757849;41.31713759;0.1;False;ok;4;1;0.497;
3863;-0.42757849;41.61713759;0.1;False;ok;1;1;0.436;
3864;-0.41507849;38.36713759;0.0125;False;ok;51;1;0.550;
3865;-0.41507849;38.37963759;0.0125;False;ok;75;1;0.602;
3866;-0.40257849;38.39213759;0.025;False;ok;54;1;0.514;
3867;-0.40257849;38.41713759;0.0125;False;ok;74;1;0.706;
3868;-0.40257849;38.42963759;0.0125;False;ok;12;1;0.461;
3869;-0.40257849;38.44213759;0.025;False;ok;8;1;0.509;
3870;-0.40257849;39.46713759;0.0125;False;ok;73;1;0.582;
3871;-0.40257849;39.47963759;0.0125;False;ok;36;1;0.590;
3872;-0.40257849;39.49213759;0.025;False;ok;45;1;0.508;
3873;-0.39007849;38.41713759;0.0125;False;ok;29;1;0.562;
3874;-0.39007849;38.42963759;0.0125;False;ok;26;1;0.752;
3875;-0.39007849;39.46713759;0.00625;False;ok;34;1;0.529;
3876;-0.39007849;39.47338759;0.00625;False;ok;50;1;0.628;
3877;-0.39007849;39.47963759;0.0125;False;ok;69;1;0.504;
3878;-0.38382849;39.46713759;0.00625;False;ok;74;1;0.658;
3879;-0.38382849;39.47338759;0.00625;False;ok;73;1;0.688;
3880;-0.37757849;38.41713759;0.05;False;ok;60;1;0.629;
3881;-0.37757849;38.46713759;0.05;False;ok;33;1;0.531;
3882;-0.37757849;39.44213759;0.0125;False;ok;48;1;0.491;
3883;-0.37757849;39.45463759;0.00625;False;ok;63;1;0.608;
3884;-0.37757849;39.46088759;0.00625;False;ok;69;1;0.590;
3885;-0.37757849;39.46713759;0.00625;False;ok;75;1;0.842;
3886;-0.37757849;39.47338759;0.00625;False;ok;75;1;0.711;
3887;-0.37757849;39.47963759;0.0125;False;ok;73;1;0.722;
3888;-0.37757849;39.49213759;0.025;False;ok;45;1;0.584;
3889;-0.37132849;39.45463759;0.00625;False;ok;71;1;0.598;
3890;-0.37132849;39.46088759;0.00625;False;ok;66;1;0.619;
3891;-0.37132849;39.46713759;0.00625;False;ok;15;1;0.452;
3892;-0.37132849;39.47338759;0.00625;False;ok;17;1;0.474;
3893;-0.36507849;39.44213759;0.0125;False;ok;21;1;0.603;
3894;-0.36507849;39.45463759;0.0125;False;ok;75;1;0.743;
3895;-0.36507849;39.46713759;0.0125;False;ok;68;1;0.649;
3896;-0.36507849;39.47963759;0.0125;False;ok;32;1;0.681;
3897;-0.35257849;39.44213759;0.0125;False;ok;3;1;0.449;
3898;-0.35257849;39.45463759;0.0125;False;ok;73;1;0.723;
3899;-0.35257849;39.46713759;0.0125;False;ok;74;1;0.570;
3900;-0.35257849;39.49213759;0.025;False;ok;5;1;0.459;
3901;-0.34007849;39.44213759;0.0125;False;ok;58;1;0.528;
3902;-0.34007849;39.45463759;0.0125;False;ok;75;1;0.660;
3903;-0.34007849;39.46713759;0.0125;False;ok;75;1;0.632;
3904;-0.34007849;39.47963759;0.0125;False;ok;40;1;0.533;
3905;-0.32757849;38.46713759;0.05;False;ok;51;1;0.646;
3906;-0.32757849;38.51713759;0.1;False;ok;17;1;0.491;
3907;-0.32757849;38.61713759;0.1;False;ok;8;1;0.554;
3908;-0.32757849;38.71713759;0.1;False;ok;6;1;0.427;
3909;-0.32757849;38.81713759;0.1;False;ok;7;1;0.486;
3910;-0.32757849;38.91713759;0.1;False;ok;17;1;0.556;
3911;-0.32757849;39.01713759;0.1;False;ok;20;1;0.474;
3912;-0.32757849;39.11713759;0.05;False;ok;6;1;0.503;
3913;-0.32757849;39.21713759;0.1;False;ok;67;1;0.671;
3914;-0.32757849;39.31713759;0.1;False;ok;12;1;0.570;
3915;-0.32757849;39.41713759;0.05;False;ok;41;1;0.503;
3916;-0.32757849;39.46713759;0.025;False;ok;73;1;0.662;
3917;-0.32757849;39.49213759;0.025;False;ok;59;1;0.640;
3918;-0.32757849;39.51713759;0.1;False;ok;71;1;0.608;
3919;-0.32757849;39.61713759;0.1;False;ok;63;1;0.644;
3920;-0.32757849;39.71713759;0.1;False;ok;6;1;0.523;
3921;-0.32757849;39.81713759;0.1;False;ok;19;1;0.552;
3922;-0.32757849;39.91713759;0.1;False;ok;7;1;0.484;
3923;-0.32757849;40.01713759;0.1;False;ok;2;1;0.431;
3924;-0.32757849;40.11713759;0.1;False;ok;11;1;0.534;
3925;-0.32757849;40.21713759;0.1;False;ok;7;1;0.496;
3926;-0.32757849;40.41713759;0.1;False;ok;25;1;0.633;
3927;-0.32757849;40.51713759;0.1;False;ok;9;1;0.426;
3928;-0.32757849;40.61713759;0.1;False;ok;3;1;0.455;
3929;-0.32757849;40.71713759;0.1;False;ok;9;1;0.457;
3930;-0.32757849;40.81713759;0.1;False;ok;2;1;0.445;
3931;-0.32757849;40.91713759;0.1;False;ok;6;1;0.446;
3932;-0.32757849;41.01713759;0.1;False;ok;5;1;0.506;
3933;-0.32757849;41.21713759;0.1;False;ok;1;1;0.337;
3934;-0.32757849;41.61713759;0.1;False;ok;2;1;0.341;
3935;-0.27757849;38.49213759;0.025;False;ok;72;1;0.587;
3936;-0.27757849;39.14213759;0.025;False;ok;17;1;0.513;
3937;-0.27757849;39.16713759;0.05;False;ok;74;1;0.712;
3938;-0.25257849;38.49213759;0.0125;False;ok;18;1;0.724;
3939;-0.25257849;39.11713759;0.025;False;ok;11;1;0.474;
3940;-0.25257849;39.15463759;0.00625;False;ok;2;1;0.394;
3941;-0.25257849;39.16088759;0.00625;False;ok;29;1;0.515;
3942;-0.24632849;39.15463759;0.00625;False;ok;18;1;0.430;
3943;-0.24632849;39.16088759;0.00625;False;ok;71;1;0.883;
3944;-0.24007849;38.49213759;0.0125;False;ok;74;1;0.630;
3945;-0.24007849;38.50463759;0.0125;False;ok;74;1;0.628;
3946;-0.24007849;39.14213759;0.0125;False;ok;3;1;0.407;
3947;-0.22757849;38.41713759;0.1;False;ok;71;1;0.553;
3948;-0.22757849;38.51713759;0.05;False;ok;74;1;0.700;
3949;-0.22757849;38.56713759;0.05;False;ok;14;1;0.517;
3950;-0.22757849;38.61713759;0.1;False;ok;51;1;0.581;
3951;-0.22757849;38.71713759;0.1;False;ok;6;1;0.424;
3952;-0.22757849;38.81713759;0.1;False;ok;46;1;0.497;
3953;-0.22757849;38.91713759;0.05;False;ok;42;1;0.583;
3954;-0.22757849;38.96713759;0.05;False;ok;59;1;0.603;
3955;-0.22757849;39.01713759;0.1;False;ok;72;1;0.815;
3956;-0.22757849;39.11713759;0.1;False;ok;72;1;0.699;
3957;-0.22757849;39.61713759;0.05;False;ok;73;1;0.736;
3958;-0.22757849;39.66713759;0.05;False;ok;73;1;0.701;
3959;-0.22757849;39.71713759;0.1;False;ok;73;1;0.658;
3960;-0.22757849;39.91713759;0.1;False;ok;2;1;0.481;
3961;-0.22757849;40.01713759;0.1;False;ok;7;1;0.466;
3962;-0.22757849;40.11713759;0.1;False;ok;7;1;0.433;
3963;-0.22757849;40.21713759;0.1;False;ok;5;1;0.498;
3964;-0.22757849;40.31713759;0.1;False;ok;15;1;0.436;
3965;-0.22757849;40.41713759;0.1;False;ok;8;1;0.419;
3966;-0.22757849;40.51713759;0.1;False;ok;7;1;0.445;
3967;-0.22757849;40.61713759;0.1;False;ok;12;1;0.443;
3968;-0.22757849;40.71713759;0.1;False;ok;2;1;0.425;
3969;-0.22757849;40.81713759;0.1;False;ok;2;1;0.420;
3970;-0.22757849;40.91713759;0.1;False;ok;9;1;0.491;
3971;-0.22757849;41.01713759;0.1;False;ok;54;1;0.539;
3972;-0.22757849;41.11713759;0.1;False;ok;7;1;0.446;
3973;-0.22757849;41.21713759;0.1;False;ok;1;1;0.398;
3974;-0.22757849;41.41713759;0.1;False;ok;0;1;1.190;
3975;-0.17757849;38.51713759;0.00625;False;ok;13;1;0.470;
3976;-0.17757849;38.52338759;0.00625;False;ok;74;1;0.578;
3977;-0.17757849;38.52963759;0.0125;False;ok;28;1;0.664;
3978;-0.17757849;38.54213759;0.025;False;ok;23;1;0.548;
3979;-0.17757849;38.56713759;0.05;False;ok;53;1;0.607;
3980;-0.17757849;38.91713759;0.05;False;ok;56;1;0.591;
3981;-0.17757849;38.96713759;0.025;False;ok;38;1;0.497;
3982;-0.17757849;38.99213759;0.0125;False;ok;38;1;0.521;
3983;-0.17757849;39.00463759;0.00625;False;ok;8;1;0.466;
3984;-0.17757849;39.01088759;0.00625;False;ok;62;1;0.689;
3985;-0.17132849;38.52338759;0.00625;False;ok;71;1;0.626;
3986;-0.17132849;39.00463759;0.00625;False;ok;71;1;0.660;
3987;-0.17132849;39.01088759;0.00625;False;ok;39;1;0.498;
3988;-0.16507849;38.51713759;0.0125;False;ok;70;1;0.633;
3989;-0.16507849;38.52963759;0.0125;False;ok;75;1;0.726;
3990;-0.16507849;38.99213759;0.00625;False;ok;62;1;0.600;
3991;-0.16507849;38.99838759;0.00625;False;ok;74;1;0.736;
3992;-0.16507849;39.00463759;0.0125;False;ok;18;1;0.503;
3993;-0.15882849;38.99213759;0.00625;False;ok;33;1;0.586;
3994;-0.15882849;38.99838759;0.00625;False;ok;8;1;0.560;
3995;-0.15257849;38.52963759;0.0125;False;ok;75;1;0.776;
3996;-0.15257849;38.54213759;0.025;False;ok;67;1;0.638;
3997;-0.15257849;38.96713759;0.025;False;ok;57;1;0.594;
3998;-0.14007849;38.53588759;0.00625;False;ok;74;1;0.801;
3999;-0.13382849;38.52963759;0.00625;False;ok;72;1;0.677;
4000;-0.13382849;38.53588759;0.003125;False;ok;65;1;0.591;
4001;-0.13382849;38.53901259;0.003125;False;ok;21;1;0.475;
4002;-0.13070349;38.53588759;0.003125;False;ok;73;1;0.648;
4003;-0.13070349;38.53901259;0.003125;False;ok;5;1;0.523;
4004;-0.12757849;38.52963759;0.00625;False;ok;4;1;0.425;
4005;-0.12757849;38.53588759;0.003125;False;ok;62;1;0.676;
4006;-0.12757849;38.53901259;0.003125;False;ok;26;1;0.690;
4007;-0.12757849;38.54213759;0.025;False;ok;67;1;0.603;
4008;-0.12757849;38.56713759;0.05;False;ok;62;1;0.648;
4009;-0.12757849;38.61713759;0.1;False;ok;72;1;0.713;
4010;-0.12757849;38.71713759;0.1;False;ok;70;1;0.744;
4011;-0.12757849;38.81713759;0.05;False;ok;27;1;0.529;
4012;-0.12757849;38.86713759;0.05;False;ok;19;1;0.427;
4013;-0.12757849;38.91713759;0.1;False;ok;74;1;0.723;
4014;-0.12757849;39.71713759;0.1;False;ok;2;1;0.658;
4015;-0.12757849;39.81713759;0.1;False;ok;64;1;0.612;
4016;-0.12757849;39.91713759;0.1;False;ok;75;1;0.745;
4017;-0.12757849;40.01713759;0.1;False;ok;18;1;0.521;
4018;-0.12757849;40.11713759;0.1;False;ok;13;1;0.399;
4019;-0.12757849;40.21713759;0.1;False;ok;7;1;0.483;
4020;-0.12757849;40.31713759;0.1;False;ok;6;1;0.426;
4021;-0.12757849;40.51713759;0.1;False;ok;10;1;0.421;
4022;-0.12757849;40.61713759;0.1;False;ok;47;1;0.610;
4023;-0.12757849;40.71713759;0.1;False;ok;5;1;0.479;
4024;-0.12757849;40.81713759;0.1;False;ok;2;1;0.409;
4025;-0.12757849;40.91713759;0.1;False;ok;6;1;0.523;
4026;-0.12757849;41.21713759;0.1;False;ok;13;1;0.414;
4027;-0.12445349;38.53588759;0.003125;False;ok;53;1;0.612;
4028;-0.12445349;38.53901259;0.003125;False;ok;30;1;0.557;
4029;-0.12132849;38.52963759;0.00625;False;ok;68;1;0.608;
4030;-0.12132849;38.53588759;0.003125;False;ok;52;1;0.507;
4031;-0.12132849;38.53901259;0.003125;False;ok;49;1;0.545;
4032;-0.11820349;38.53588759;0.003125;False;ok;73;1;0.565;
4033;-0.11820349;38.53901259;0.003125;False;ok;56;1;0.565;
4034;-0.11507849;38.51713759;0.0125;False;ok;13;1;0.545;
4035;-0.11507849;38.52963759;0.00625;False;ok;70;1;0.597;
4036;-0.11507849;38.53588759;0.003125;False;ok;73;1;0.651;
4037;-0.11507849;38.53901259;0.003125;False;ok;14;1;0.499;
4038;-0.11195349;38.53588759;0.003125;False;ok;63;1;0.564;
4039;-0.11195349;38.53901259;0.003125;False;ok;28;1;0.547;
4040;-0.10882849;38.52963759;0.0015625;False;ok;30;1;0.470;
4041;-0.10882849;38.53120009;0.0015625;False;ok;17;1;0.374;
4042;-0.10882849;38.53276259;0.003125;False;ok;75;1;0.793;
4043;-0.10882849;38.53588759;0.003125;False;ok;72;1;0.739;
4044;-0.10882849;38.53901259;0.003125;False;ok;19;1;0.673;
4045;-0.10726599;38.52963759;0.0015625;False;ok;69;1;0.703;
4046;-0.10726599;38.53120009;0.0015625;False;ok;46;1;0.627;
4047;-0.10570349;38.52963759;0.003125;False;ok;33;1;0.482;
4048;-0.10570349;38.53276259;0.003125;False;ok;73;1;0.595;
4049;-0.10570349;38.53588759;0.003125;False;ok;70;1;0.575;
4050;-0.10570349;38.53901259;0.003125;False;ok;4;1;0.474;
4051;-0.10257849;38.51713759;0.025;False;ok;75;1;0.667;
4052;-0.10257849;38.54213759;0.025;False;ok;18;1;0.432;
4053;-0.07757849;38.51713759;0.05;False;ok;27;1;0.549;
4054;-0.07757849;38.56713759;0.00625;False;ok;41;1;0.494;
4055;-0.07757849;38.57338759;0.00625;False;ok;22;1;0.526;
4056;-0.07757849;38.57963759;0.0125;False;ok;4;1;0.551;
4057;-0.07757849;38.59213759;0.025;False;ok;71;1;0.493;
4058;-0.07757849;38.81713759;0.05;False;ok;69;1;0.520;
4059;-0.07757849;38.86713759;0.025;False;ok;59;1;0.536;
4060;-0.07757849;38.89213759;0.025;False;ok;75;1;0.928;
4061;-0.07132849;38.56713759;0.00625;False;ok;32;1;0.511;
4062;-0.07132849;38.57338759;0.00625;False;ok;66;1;0.476;
4063;-0.06507849;38.56713759;0.0125;False;ok;18;1;0.447;
4064;-0.06507849;38.57963759;0.0125;False;ok;22;1;0.491;
4065;-0.05257849;38.59213759;0.00625;False;ok;36;1;0.592;
4066;-0.05257849;38.59838759;0.00625;False;ok;75;1;0.610;
4067;-0.05257849;38.60463759;0.0125;False;ok;7;1;0.490;
4068;-0.05257849;38.86713759;0.025;False;ok;74;1;0.708;
4069;-0.05257849;38.89213759;0.025;False;ok;12;1;0.396;
4070;-0.04632849;38.59838759;0.00625;False;ok;32;1;0.549;
4071;-0.04007849;38.59213759;0.0125;False;ok;0;1;1.103;
4072;-0.04007849;38.60463759;0.0125;False;ok;51;1;0.525;
4073;-0.02757849;38.61713759;0.0125;False;ok;30;1;0.559;
4074;-0.02757849;38.62963759;0.0125;False;ok;35;1;0.534;
4075;-0.02757849;38.64213759;0.025;False;ok;12;1;0.424;
4076;-0.02757849;38.66713759;0.05;False;ok;5;1;0.361;
4077;-0.02757849;38.71713759;0.05;False;ok;23;1;0.468;
4078;-0.02757849;38.76713759;0.05;False;ok;23;1;0.626;
4079;-0.02757849;38.81713759;0.025;False;ok;9;1;0.441;
4080;-0.02757849;38.84213759;0.025;False;ok;50;1;0.647;
4081;-0.02757849;38.86713759;0.05;False;ok;70;1;0.619;
4082;-0.02757849;39.91713759;0.1;False;ok;67;1;0.630;
4083;-0.02757849;40.01713759;0.1;False;ok;74;1;0.675;
4084;-0.02757849;40.11713759;0.1;False;ok;15;1;0.546;
4085;-0.02757849;40.21713759;0.1;False;ok;5;1;0.483;
4086;-0.02757849;40.31713759;0.1;False;ok;7;1;0.585;
4087;-0.02757849;40.41713759;0.1;False;ok;11;1;0.509;
4088;-0.02757849;40.51713759;0.1;False;ok;0;1;1.147;
4089;-0.02757849;40.61713759;0.1;False;ok;1;1;0.402;
4090;-0.02757849;40.71713759;0.1;False;ok;22;1;0.579;
4091;-0.02757849;40.81713759;0.1;False;ok;7;1;0.519;
4092;-0.02757849;40.91713759;0.1;False;ok;3;1;0.455;
4093;-0.02757849;41.41713759;0.1;False;ok;0;1;1.176;
4094;-0.01507849;38.61713759;0.0125;False;ok;5;1;0.433;
4095;-0.01507849;38.62963759;0.0125;False;ok;64;1;0.667;
4096;-0.00257849;38.62963759;0.0125;False;ok;49;1;0.626;
4097;-0.00257849;38.64213759;0.025;False;ok;5;1;0.456;
4098;-0.00257849;38.81713759;0.025;False;ok;20;1;0.566;
4099;-0.00257849;38.84213759;0.0125;False;ok;16;1;0.601;
4100;-0.00257849;38.85463759;0.0125;False;ok;71;1;0.643;
4101;0.00992151;38.62963759;0.0125;False;ok;41;1;0.666;
4102;0.00992151;38.84213759;0.0125;False;ok;22;1;0.569;
4103;0.00992151;38.85463759;0.0125;False;ok;70;1;0.520;
4104;0.02242151;38.62963759;0.00625;False;ok;41;1;0.521;
4105;0.02242151;38.63588759;0.00625;False;ok;16;1;0.524;
4106;0.02242151;38.64213759;0.0125;False;ok;36;1;0.571;
4107;0.02242151;38.65463759;0.0125;False;ok;24;1;0.552;
4108;0.02242151;38.66713759;0.025;False;ok;10;1;0.438;
4109;0.02242151;38.69213759;0.025;False;ok;9;1;0.513;
4110;0.02242151;38.71713759;0.05;False;ok;15;1;0.414;
4111;0.02242151;38.76713759;0.05;False;ok;68;1;0.707;
4112;0.02242151;38.81713759;0.025;False;ok;3;1;0.519;
4113;0.02242151;38.84213759;0.0125;False;ok;2;1;0.344;
4114;0.02242151;38.85463759;0.0125;False;ok;73;1;0.621;
4115;0.02867151;38.62963759;0.00625;False;ok;31;1;0.564;
4116;0.02867151;38.63588759;0.00625;False;ok;35;1;0.461;
4117;0.03492151;38.62963759;0.0125;False;ok;74;1;0.529;
4118;0.03492151;38.64213759;0.00625;False;ok;35;1;0.516;
4119;0.03492151;38.64838759;0.00625;False;ok;21;1;0.546;
4120;0.03492151;38.65463759;0.0125;False;ok;17;1;0.520;
4121;0.03492151;38.85463759;0.0125;False;ok;59;1;0.650;
4122;0.04117151;38.64213759;0.00625;False;ok;74;1;0.900;
4123;0.04117151;38.64838759;0.00625;False;ok;11;1;0.404;
4124;0.04742151;38.62963759;0.0125;False;ok;34;1;0.504;
4125;0.04742151;38.64213759;0.003125;False;ok;72;1;0.584;
4126;0.04742151;38.64526259;0.003125;False;ok;1;1;0.366;
4127;0.04742151;38.64838759;0.00625;False;ok;15;1;0.759;
4128;0.04742151;38.65463759;0.0125;False;ok;33;1;0.506;
4129;0.04742151;38.66713759;0.025;False;ok;73;1;0.673;
4130;0.04742151;38.69213759;0.025;False;ok;29;1;0.579;
4131;0.04742151;38.81713759;0.025;False;ok;7;1;0.460;
4132;0.04742151;38.84213759;0.0125;False;ok;0;1;1.128;
4133;0.04742151;38.85463759;0.00625;False;ok;62;1;0.733;
4134;0.04742151;38.86088759;0.00625;False;ok;32;1;0.534;
4135;0.05054651;38.64213759;0.003125;False;ok;71;1;0.569;
4136;0.05367151;38.64213759;0.003125;False;ok;74;1;0.476;
4137;0.05367151;38.64838759;0.00625;False;ok;21;1;0.511;
4138;0.05367151;38.85463759;0.00625;False;ok;71;1;0.600;
4139;0.05367151;38.86088759;0.00625;False;ok;9;1;0.468;
4140;0.05679651;38.64213759;0.003125;False;ok;73;1;0.630;
4141;0.05679651;38.64526259;0.003125;False;ok;31;1;0.538;
4142;0.05992151;38.63588759;0.00625;False;ok;63;1;0.539;
4143;0.05992151;38.64213759;0.00625;False;ok;42;1;0.602;
4144;0.05992151;38.64838759;0.00625;False;ok;50;1;0.564;
4145;0.05992151;38.65463759;0.00625;False;ok;43;1;0.461;
4146;0.05992151;38.66088759;0.00625;False;ok;21;1;0.529;
4147;0.05992151;38.84213759;0.0125;False;ok;25;1;0.490;
4148;0.05992151;38.85463759;0.00625;False;ok;74;1;0.812;
4149;0.06617151;38.63588759;0.00625;False;ok;75;1;0.706;
4150;0.06617151;38.64213759;0.003125;False;ok;7;1;0.428;
4151;0.06617151;38.64838759;0.00625;False;ok;27;1;0.513;
4152;0.06617151;38.65463759;0.00625;False;ok;26;1;0.531;
4153;0.06617151;38.66088759;0.00625;False;ok;33;1;0.600;
4154;0.06617151;38.85463759;0.00625;False;ok;65;1;0.625;
4155;0.06929651;38.64213759;0.003125;False;ok;74;1;0.588;
4156;0.06929651;38.64526259;0.003125;False;ok;22;1;0.533;
4157;0.07242151;38.51713759;0.1;False;ok;0;1;1.165;
4158;0.07242151;38.61713759;0.025;False;ok;40;1;0.562;
4159;0.07242151;38.64213759;0.00625;False;ok;73;1;0.572;
4160;0.07242151;38.64838759;0.003125;False;ok;73;1;0.615;
4161;0.07242151;38.65151259;0.003125;False;ok;42;1;0.558;
4162;0.07242151;38.65463759;0.00625;False;ok;49;1;0.589;
4163;0.07242151;38.66088759;0.00625;False;ok;41;1;0.709;
4164;0.07242151;38.66713759;0.0125;False;ok;71;1;0.622;
4165;0.07242151;38.67963759;0.0125;False;ok;14;1;0.548;
4166;0.07242151;38.69213759;0.025;False;ok;42;1;0.628;
4167;0.07242151;38.71713759;0.05;False;ok;31;1;0.549;
4168;0.07242151;38.76713759;0.05;False;ok;67;1;0.588;
4169;0.07242151;38.81713759;0.025;False;ok;58;1;0.615;
4170;0.07242151;38.84213759;0.0125;False;ok;74;1;0.719;
4171;0.07242151;38.85463759;0.0125;False;ok;40;1;0.674;
4172;0.07242151;40.01713759;0.05;False;ok;55;1;0.609;
4173;0.07242151;40.21713759;0.1;False;ok;6;1;0.512;
4174;0.07242151;40.31713759;0.1;False;ok;1;1;0.466;
4175;0.07242151;40.41713759;0.1;False;ok;5;1;0.441;
4176;0.07242151;40.51713759;0.1;False;ok;6;1;0.454;
4177;0.07242151;40.61713759;0.1;False;ok;8;1;0.454;
4178;0.07242151;40.71713759;0.1;False;ok;10;1;0.538;
4179;0.07242151;40.81713759;0.1;False;ok;68;1;0.600;
4180;0.07242151;40.91713759;0.1;False;ok;19;1;0.504;
4181;0.07242151;41.11713759;0.1;False;ok;3;1;0.464;
4182;0.07242151;41.61713759;0.1;False;ok;1;1;0.406;
4183;0.07554651;38.64838759;0.003125;False;ok;70;1;0.571;
4184;0.07554651;38.65151259;0.003125;False;ok;22;1;0.571;
4185;0.07867151;38.65463759;0.00625;False;ok;12;1;0.471;
4186;0.07867151;38.66088759;0.00625;False;ok;38;1;0.515;
4187;0.08492151;38.65463759;0.0125;False;ok;31;1;0.451;
4188;0.08492151;38.66713759;0.0125;False;ok;69;1;0.562;
4189;0.08492151;38.67963759;0.00625;False;ok;24;1;0.528;
4190;0.08492151;38.68588759;0.00625;False;ok;7;1;0.432;
4191;0.08492151;38.84213759;0.00625;False;ok;5;1;0.503;
4192;0.08492151;38.84838759;0.00625;False;ok;70;1;0.573;
4193;0.09117151;38.67963759;0.00625;False;ok;30;1;0.462;
4194;0.09117151;38.68588759;0.00625;False;ok;42;1;0.603;
4195;0.09117151;38.84213759;0.00625;False;ok;41;1;0.552;
4196;0.09117151;38.84838759;0.00625;False;ok;66;1;0.612;
4197;0.09742151;38.66713759;0.0125;False;ok;57;1;0.568;
4198;0.09742151;38.67963759;0.0125;False;ok;72;1;0.728;
4199;0.09742151;38.69213759;0.025;False;ok;71;1;0.563;
4200;0.09742151;38.81713759;0.0125;False;ok;48;1;0.544;
4201;0.09742151;38.82963759;0.0125;False;ok;69;1;0.671;
4202;0.09742151;38.84213759;0.00625;False;ok;72;1;0.677;
4203;0.09742151;38.84838759;0.00625;False;ok;27;1;0.550;
4204;0.10367151;38.84213759;0.00625;False;ok;70;1;0.675;
4205;0.10992151;38.66713759;0.0125;False;ok;18;1;0.536;
4206;0.10992151;38.67963759;0.0125;False;ok;71;1;0.685;
4207;0.10992151;38.81713759;0.0125;False;ok;62;1;0.689;
4208;0.10992151;38.82963759;0.0125;False;ok;74;1;0.864;
4209;0.10992151;38.84213759;0.0125;False;ok;20;1;0.534;
4210;0.12242151;38.67963759;0.0125;False;ok;73;1;0.673;
4211;0.12242151;38.69213759;0.0125;False;ok;68;1;0.606;
4212;0.12242151;38.70463759;0.0125;False;ok;15;1;0.473;
4213;0.12242151;38.71713759;0.025;False;ok;24;1;0.518;
4214;0.12242151;38.74213759;0.025;False;ok;30;1;0.541;
4215;0.12242151;38.76713759;0.025;False;ok;34;1;0.499;
4216;0.12242151;38.79213759;0.025;False;ok;48;1;0.599;
4217;0.12242151;38.81713759;0.0125;False;ok;66;1;0.752;
4218;0.12242151;38.82963759;0.0125;False;ok;16;1;0.521;
4219;0.12242151;40.06713759;0.025;False;ok;75;1;0.786;
4220;0.12242151;40.09213759;0.025;False;ok;72;1;0.654;
4221;0.12242151;40.11713759;0.025;False;ok;0;1;1.215;
4222;0.13492151;38.67963759;0.0125;False;ok;71;1;0.591;
4223;0.13492151;38.69213759;0.0125;False;ok;51;1;0.555;
4224;0.13492151;38.70463759;0.0125;False;ok;52;1;0.753;
4225;0.13492151;38.81713759;0.0125;False;ok;26;1;0.614;
4226;0.13492151;38.82963759;0.0125;False;ok;14;1;0.501;
4227;0.14742151;38.66713759;0.025;False;ok;13;1;0.415;
4228;0.14742151;38.69213759;0.0125;False;ok;50;1;0.607;
4229;0.14742151;38.70463759;0.0125;False;ok;63;1;0.522;
4230;0.14742151;38.71713759;0.025;False;ok;69;1;0.641;
4231;0.14742151;38.74213759;0.025;False;ok;56;1;0.630;
4232;0.14742151;38.76713759;0.025;False;ok;68;1;0.641;
4233;0.14742151;38.79213759;0.025;False;ok;32;1;0.525;
4234;0.14742151;38.81713759;0.025;False;ok;8;1;0.536;
4235;0.14742151;40.09213759;0.0125;False;ok;11;1;0.451;
4236;0.14742151;40.10463759;0.00625;False;ok;75;1;0.652;
4237;0.14742151;40.11088759;0.00625;False;ok;74;1;0.709;
4238;0.14742151;40.11713759;0.00625;False;ok;74;1;0.939;
4239;0.14742151;40.12338759;0.00625;False;ok;6;1;0.521;
4240;0.15367151;40.11088759;0.00625;False;ok;75;1;0.658;
4241;0.15367151;40.11713759;0.00625;False;ok;75;1;0.671;
4242;0.15367151;40.12338759;0.00625;False;ok;75;1;1.337;
4243;0.15992151;38.69213759;0.0125;False;ok;3;1;0.464;
4244;0.15992151;38.70463759;0.0125;False;ok;48;1;0.761;
4245;0.15992151;40.12963759;0.0125;False;ok;37;1;0.542;
4246;0.17242151;38.71713759;0.025;False;ok;20;1;0.483;
4247;0.17242151;38.74213759;0.0125;False;ok;21;1;0.508;
4248;0.17242151;38.75463759;0.0125;False;ok;31;1;0.487;
4249;0.17242151;38.76713759;0.0125;False;ok;72;1;0.579;
4250;0.17242151;38.77963759;0.0125;False;ok;71;1;0.731;
4251;0.17242151;38.79213759;0.025;False;ok;69;1;0.663;
4252;0.17242151;40.11713759;0.1;False;ok;21;1;0.440;
4253;0.17242151;40.21713759;0.05;False;ok;8;1;0.448;
4254;0.17242151;40.41713759;0.1;False;ok;19;1;0.479;
4255;0.17242151;40.51713759;0.1;False;ok;6;1;0.401;
4256;0.17242151;40.61713759;0.1;False;ok;4;1;0.459;
4257;0.17242151;40.81713759;0.1;False;ok;74;1;0.728;
4258;0.17242151;40.91713759;0.1;False;ok;28;1;0.581;
4259;0.17242151;41.01713759;0.1;False;ok;16;1;0.458;
4260;0.17242151;41.11713759;0.1;False;ok;2;1;0.387;
4261;0.17242151;41.61713759;0.1;False;ok;2;1;0.388;
4262;0.18492151;38.74213759;0.0125;False;ok;29;1;0.545;
4263;0.18492151;38.75463759;0.0125;False;ok;50;1;0.532;
4264;0.18492151;38.76713759;0.00625;False;ok;72;1;0.607;
4265;0.18492151;38.77338759;0.00625;False;ok;70;1;0.540;
4266;0.18492151;38.77963759;0.0125;False;ok;9;1;0.321;
4267;0.19117151;38.76713759;0.00625;False;ok;51;1;0.541;
4268;0.19742151;38.72963759;0.0125;False;ok;55;1;0.554;
4269;0.19742151;38.74213759;0.00625;False;ok;15;1;0.447;
4270;0.19742151;38.74838759;0.00625;False;ok;27;1;0.483;
4271;0.19742151;38.75463759;0.0125;False;ok;69;1;0.616;
4272;0.19742151;38.76713759;0.025;False;ok;13;1;0.490;
4273;0.20367151;38.74213759;0.00625;False;ok;19;1;0.486;
4274;0.20367151;38.74838759;0.00625;False;ok;26;1;0.534;
4275;0.20992151;38.72963759;0.0125;False;ok;43;1;0.547;
4276;0.20992151;38.74213759;0.0125;False;ok;44;1;0.490;
4277;0.20992151;38.75463759;0.0125;False;ok;8;1;0.481;
4278;0.22242151;38.71713759;0.05;False;ok;69;1;0.628;
4279;0.22242151;40.26713759;0.05;False;ok;5;1;0.474;
4280;0.24742151;40.21713759;0.0125;False;ok;0;1;1.224;
4281;0.24742151;40.24213759;0.025;False;ok;12;1;0.482;
4282;0.25992151;40.21713759;0.0125;False;ok;65;1;0.518;
4283;0.25992151;40.22963759;0.0125;False;ok;69;1;0.748;
4284;0.27242151;40.21713759;0.025;False;ok;62;1;0.570;
4285;0.27242151;40.24213759;0.0125;False;ok;74;1;0.645;
4286;0.27242151;40.25463759;0.0125;False;ok;8;1;0.492;
4287;0.27242151;40.26713759;0.05;False;ok;1;1;0.464;
4288;0.27242151;40.31713759;0.1;False;ok;71;1;0.658;
4289;0.27242151;40.41713759;0.1;False;ok;32;1;0.484;
4290;0.27242151;40.51713759;0.1;False;ok;22;1;0.555;
4291;0.27242151;40.61713759;0.1;False;ok;8;1;0.497;
4292;0.27242151;40.71713759;0.1;False;ok;3;1;0.441;
4293;0.27242151;40.91713759;0.1;False;ok;31;1;0.546;
4294;0.27242151;41.01713759;0.1;False;ok;7;1;0.438;
4295;0.27242151;41.11713759;0.1;False;ok;3;1;0.495;
4296;0.27242151;41.21713759;0.1;False;ok;7;1;0.466;
4297;0.27242151;41.31713759;0.1;False;ok;9;1;0.488;
4298;0.27242151;41.41713759;0.1;False;ok;2;1;0.436;
4299;0.27242151;41.51713759;0.1;False;ok;2;1;0.394;
4300;0.28492151;40.24213759;0.0125;False;ok;45;1;0.607;
4301;0.28492151;40.25463759;0.0125;False;ok;72;1;0.531;
4302;0.37242151;40.35463759;0.0125;False;ok;26;1;0.508;
4303;0.37242151;40.36713759;0.025;False;ok;72;1;0.712;
4304;0.37242151;40.39213759;0.025;False;ok;2;1;0.329;
4305;0.37242151;40.41713759;0.1;False;ok;73;1;0.633;
4306;0.37242151;40.51713759;0.1;False;ok;66;1;0.638;
4307;0.37242151;40.61713759;0.1;False;ok;2;1;0.473;
4308;0.37242151;40.71713759;0.1;False;ok;5;1;0.423;
4309;0.37242151;40.81713759;0.1;False;ok;7;1;0.504;
4310;0.37242151;40.91713759;0.1;False;ok;30;1;0.541;
4311;0.37242151;41.01713759;0.1;False;ok;4;1;0.437;
4312;0.37242151;41.21713759;0.1;False;ok;6;1;0.466;
4313;0.37242151;41.41713759;0.1;False;ok;3;1;0.413;
4314;0.37242151;41.51713759;0.1;False;ok;1;1;0.439;
4315;0.38492151;40.34213759;0.0125;False;ok;64;1;0.821;
4316;0.38492151;40.35463759;0.00625;False;ok;3;1;0.434;
4317;0.38492151;40.36088759;0.00625;False;ok;56;1;0.509;
4318;0.39117151;40.35463759;0.00625;False;ok;74;1;0.597;
4319;0.39117151;40.36088759;0.00625;False;ok;74;1;0.654;
4320;0.39742151;40.35463759;0.00625;False;ok;75;1;0.694;
4321;0.39742151;40.36088759;0.00625;False;ok;75;1;0.726;
4322;0.39742151;40.36713759;0.0125;False;ok;74;1;0.811;
4323;0.39742151;40.37963759;0.0125;False;ok;75;1;0.654;
4324;0.39742151;40.39213759;0.025;False;ok;72;1;0.627;
4325;0.40367151;40.35463759;0.00625;False;ok;74;1;0.828;
4326;0.40992151;40.37963759;0.0125;False;ok;56;1;0.609;
4327;0.42242151;40.36713759;0.05;False;ok;67;1;0.577;
4328;0.47242151;40.41713759;0.1;False;ok;73;1;0.694;
4329;0.47242151;40.51713759;0.1;False;ok;74;1;0.632;
4330;0.47242151;40.61713759;0.1;False;ok;18;1;0.523;
4331;0.47242151;40.71713759;0.1;False;ok;18;1;0.528;
4332;0.47242151;40.81713759;0.1;False;ok;41;1;0.525;
4333;0.47242151;40.91713759;0.1;False;ok;21;1;0.568;
4334;0.47242151;41.01713759;0.1;False;ok;7;1;0.498;
4335;0.47242151;41.21713759;0.1;False;ok;7;1;0.475;
4336;0.47242151;41.31713759;0.1;False;ok;2;1;0.470;
4337;0.47242151;41.41713759;0.1;False;ok;1;1;0.355;
4338;0.47242151;41.51713759;0.1;False;ok;4;1;0.495;
4339;0.47242151;41.61713759;0.1;False;ok;1;1;0.425;
4340;0.57242151;40.51713759;0.1;False;ok;73;1;0.657;
4341;0.57242151;40.61713759;0.1;False;ok;73;1;0.706;
4342;0.57242151;40.71713759;0.1;False;ok;72;1;0.722;
4343;0.57242151;40.81713759;0.1;False;ok;5;1;0.361;
4344;0.57242151;40.91713759;0.1;False;ok;12;1;0.588;
4345;0.57242151;41.01713759;0.1;False;ok;41;1;0.567;
4346;0.57242151;41.11713759;0.1;False;ok;9;1;0.514;
4347;0.57242151;41.31713759;0.1;False;ok;0;1;1.087;
4348;0.57242151;41.41713759;0.1;False;ok;1;1;0.412;
4349;0.57242151;41.51713759;0.1;False;ok;13;1;0.477;
4350;0.57242151;41.61713759;0.1;False;ok;17;1;0.456;
4351;0.67242151;40.61713759;0.1;False;ok;75;1;0.654;
4352;0.67242151;40.71713759;0.05;False;ok;65;1;0.666;
4353;0.67242151;40.76713759;0.025;False;ok;17;1;0.536;
4354;0.67242151;40.79213759;0.025;False;ok;25;1;0.495;
4355;0.67242151;40.81713759;0.05;False;ok;15;1;0.424;
4356;0.67242151;40.86713759;0.05;False;ok;15;1;0.521;
4357;0.67242151;40.91713759;0.1;False;ok;4;1;0.511;
4358;0.67242151;41.01713759;0.1;False;ok;17;1;0.448;
4359;0.67242151;41.11713759;0.1;False;ok;15;1;0.610;
4360;0.67242151;41.21713759;0.1;False;ok;13;1;0.460;
4361;0.67242151;41.41713759;0.1;False;ok;3;1;0.445;
4362;0.67242151;41.51713759;0.1;False;ok;1;1;0.375;
4363;0.67242151;41.61713759;0.1;False;ok;3;1;0.379;
4364;0.69742151;40.79213759;0.025;False;ok;72;1;0.644;
4365;0.72242151;40.71713759;0.05;False;ok;69;1;0.620;
4366;0.72242151;40.81713759;0.05;False;ok;58;1;0.633;
4367;0.72242151;40.86713759;0.05;False;ok;6;1;0.384;
4368;0.77242151;40.61713759;0.1;False;ok;52;1;0.622;
4369;0.77242151;40.71713759;0.05;False;ok;4;1;0.387;
4370;0.77242151;40.81713759;0.05;False;ok;2;1;0.391;
4371;0.77242151;40.86713759;0.025;False;ok;21;1;0.534;
4372;0.77242151;40.89213759;0.025;False;ok;12;1;0.448;
4373;0.77242151;40.91713759;0.1;False;ok;74;1;0.551;
4374;0.77242151;41.01713759;0.1;False;ok;12;1;0.482;
4375;0.77242151;41.11713759;0.1;False;ok;42;1;0.542;
4376;0.77242151;41.21713759;0.1;False;ok;14;1;0.434;
4377;0.77242151;41.31713759;0.1;False;ok;5;1;0.381;
4378;0.77242151;41.41713759;0.1;False;ok;4;1;0.417;
4379;0.77242151;41.51713759;0.1;False;ok;5;1;0.440;
4380;0.79742151;40.86713759;0.025;False;ok;71;1;0.607;
4381;0.79742151;40.90463759;0.0125;False;ok;46;1;0.561;
4382;0.80992151;40.89213759;0.0125;False;ok;15;1;0.409;
4383;0.80992151;40.90463759;0.0125;False;ok;49;1;0.526;
4384;0.82242151;40.71713759;0.0125;False;ok;74;1;0.623;
4385;0.82242151;40.72963759;0.0125;False;ok;5;1;0.404;
4386;0.82242151;40.86713759;0.05;False;ok;24;1;0.555;
4387;0.83492151;40.71713759;0.0125;False;ok;75;1;0.708;
4388;0.87242151;40.96713759;0.05;False;ok;28;1;0.434;
4389;0.87242151;41.01713759;0.05;False;ok;56;1;0.581;
4390;0.87242151;41.06713759;0.05;False;ok;2;1;0.385;
4391;0.87242151;41.11713759;0.1;False;ok;19;1;0.652;
4392;0.87242151;41.21713759;0.1;False;ok;36;1;0.529;
4393;0.87242151;41.31713759;0.1;False;ok;16;1;0.524;
4394;0.87242151;41.51713759;0.1;False;ok;9;1;0.428;
4395;0.87242151;41.61713759;0.1;False;ok;11;1;0.412;
4396;0.92242151;40.96713759;0.025;False;ok;13;1;0.514;
4397;0.92242151;40.99213759;0.0125;False;ok;73;1;0.640;
4398;0.92242151;41.00463759;0.0125;False;ok;43;1;0.558;
4399;0.92242151;41.01713759;0.025;False;ok;39;1;0.532;
4400;0.92242151;41.04213759;0.025;False;ok;2;1;0.356;
4401;0.92242151;41.06713759;0.05;False;ok;15;1;0.460;
4402;0.93492151;40.99213759;0.0125;False;ok;20;1;0.532;
4403;0.93492151;41.00463759;0.00625;False;ok;33;1;0.536;
4404;0.93492151;41.01088759;0.00625;False;ok;18;1;0.512;
4405;0.94117151;41.00463759;0.00625;False;ok;12;1;0.508;
4406;0.94117151;41.01088759;0.00625;False;ok;65;1;0.850;
4407;0.94742151;40.99213759;0.025;False;ok;44;1;0.589;
4408;0.94742151;41.01713759;0.0125;False;ok;73;1;0.562;
4409;0.94742151;41.02963759;0.0125;False;ok;8;1;0.432;
4410;0.95992151;41.01713759;0.0125;False;ok;22;1;0.460;
4411;0.95992151;41.02963759;0.0125;False;ok;10;1;0.452;
4412;0.97242151;41.01713759;0.05;False;ok;47;1;0.621;
4413;0.97242151;41.06713759;0.05;False;ok;2;1;0.334;
4414;0.97242151;41.11713759;0.1;False;ok;31;1;0.562;
4415;0.97242151;41.21713759;0.1;False;ok;29;1;0.476;
4416;0.97242151;41.31713759;0.1;False;ok;3;1;0.402;
4417;0.97242151;41.41713759;0.1;False;ok;7;1;0.410;
4418;0.97242151;41.51713759;0.1;False;ok;9;1;0.574;
4419;0.97242151;41.61713759;0.1;False;ok;1;1;0.415;
4420;1.02242151;41.04213759;0.0125;False;ok;7;1;0.427;
4421;1.02242151;41.05463759;0.0125;False;ok;61;1;0.610;
4422;1.02242151;41.06713759;0.025;False;ok;7;1;0.456;
4423;1.02242151;41.09213759;0.025;False;ok;3;1;0.448;
4424;1.03492151;41.05463759;0.0125;False;ok;46;1;0.599;
4425;1.04742151;41.05463759;0.0125;False;ok;74;1;0.617;
4426;1.04742151;41.06713759;0.025;False;ok;75;1;0.752;
4427;1.05992151;41.05463759;0.0125;False;ok;69;1;0.626;
4428;1.07242151;41.01713759;0.05;False;ok;75;1;0.692;
4429;1.07242151;41.06713759;0.0125;False;ok;58;1;0.592;
4430;1.07242151;41.09213759;0.025;False;ok;2;1;0.331;
4431;1.07242151;41.11713759;0.1;False;ok;46;1;0.607;
4432;1.07242151;41.21713759;0.1;False;ok;19;1;0.441;
4433;1.07242151;41.31713759;0.1;False;ok;42;1;0.552;
4434;1.07242151;41.41713759;0.1;False;ok;5;1;0.442;
4435;1.07242151;41.51713759;0.1;False;ok;6;1;0.489;
4436;1.07242151;41.61713759;0.1;False;ok;14;1;0.464;
4437;1.08492151;41.06713759;0.0125;False;ok;73;1;0.591;
4438;1.08492151;41.07963759;0.0125;False;ok;9;1;0.425;
4439;1.09742151;41.06713759;0.0125;False;ok;75;1;0.603;
4440;1.09742151;41.07963759;0.0125;False;ok;15;1;0.507;
4441;1.10992151;41.06713759;0.0125;False;ok;64;1;0.613;
4442;1.10992151;41.07963759;0.0125;False;ok;0;1;1.093;
4443;1.12242151;41.07338759;0.00625;False;ok;71;1;0.708;
4444;1.12242151;41.07963759;0.0125;False;ok;46;1;0.595;
4445;1.12242151;41.09213759;0.025;False;ok;7;1;0.456;
4446;1.12867151;41.07338759;0.00625;False;ok;69;1;0.583;
4447;1.13492151;41.07338759;0.003125;False;ok;64;1;0.549;
4448;1.13492151;41.07651259;0.003125;False;ok;30;1;0.531;
4449;1.13492151;41.07963759;0.0125;False;ok;21;1;0.548;
4450;1.13804651;41.07338759;0.003125;False;ok;50;1;0.576;
4451;1.13804651;41.07651259;0.003125;False;ok;27;1;0.517;
4452;1.14117151;41.06713759;0.00625;False;ok;75;1;0.782;
4453;1.14117151;41.07338759;0.003125;False;ok;73;1;0.963;
4454;1.14117151;41.07651259;0.003125;False;ok;74;1;0.743;
4455;1.14429651;41.07338759;0.003125;False;ok;50;1;0.723;
4456;1.14429651;41.07651259;0.003125;False;ok;42;1;0.485;
4457;1.14742151;41.05463759;0.0125;False;ok;25;1;0.543;
4458;1.14742151;41.06713759;0.003125;False;ok;65;1;0.778;
4459;1.14742151;41.07026259;0.003125;False;ok;71;1;0.876;
4460;1.14742151;41.07338759;0.00625;False;ok;63;1;0.910;
4461;1.14742151;41.07963759;0.0125;False;ok;17;1;0.530;
4462;1.14742151;41.09213759;0.025;False;ok;4;1;0.477;
4463;1.15054651;41.06713759;0.003125;False;ok;74;1;0.629;
4464;1.15054651;41.07026259;0.003125;False;ok;67;1;0.660;
4465;1.15367151;41.06713759;0.00625;False;ok;50;1;0.721;
4466;1.15992151;41.05463759;0.00625;False;ok;74;1;0.610;
4467;1.15992151;41.06088759;0.00625;False;ok;25;1;0.556;
4468;1.15992151;41.06713759;0.0125;False;ok;6;1;0.608;
4469;1.15992151;41.07963759;0.0125;False;ok;5;1;0.442;
4470;1.16617151;41.05463759;0.00625;False;ok;54;1;0.601;
4471;1.16617151;41.06088759;0.00625;False;ok;68;1;0.584;
4472;1.17242151;41.01713759;0.05;False;ok;53;1;0.579;
4473;1.17242151;41.06713759;0.00625;False;ok;41;1;0.527;
4474;1.17242151;41.07338759;0.00625;False;ok;33;1;0.499;
4475;1.17242151;41.07963759;0.0125;False;ok;73;1;0.765;
4476;1.17242151;41.11713759;0.05;False;ok;3;1;0.436;
4477;1.17242151;41.16713759;0.05;False;ok;5;1;0.513;
4478;1.17242151;41.21713759;0.1;False;ok;6;1;0.462;
4479;1.17242151;41.31713759;0.1;False;ok;18;1;0.532;
4480;1.17242151;41.41713759;0.1;False;ok;9;1;0.449;
4481;1.17242151;41.51713759;0.1;False;ok;11;1;0.502;
4482;1.17242151;41.61713759;0.1;False;ok;4;1;0.935;
4483;1.17867151;41.07338759;0.00625;False;ok;74;1;0.653;
4484;1.18492151;41.07963759;0.0125;False;ok;56;1;0.604;
4485;1.19742151;41.09213759;0.025;False;ok;3;1;0.502;
4486;1.22242151;41.06713759;0.05;False;ok;75;1;0.640;
4487;1.22242151;41.11713759;0.05;False;ok;74;1;0.689;
4488;1.22242151;41.16713759;0.05;False;ok;1;1;0.464;
4489;1.27242151;41.01713759;0.1;False;ok;0;1;1.290;
4490;1.27242151;41.11713759;0.1;False;ok;67;1;0.597;
4491;1.27242151;41.21713759;0.1;False;ok;12;1;0.608;
4492;1.27242151;41.31713759;0.1;False;ok;6;1;0.528;
4493;1.27242151;41.41713759;0.1;False;ok;8;1;0.466;
4494;1.27242151;41.51713759;0.1;False;ok;1;1;0.293;
4495;1.27242151;41.61713759;0.1;False;ok;6;1;0.416;
4496;1.37242151;41.11713759;0.025;False;ok;52;1;0.558;
4497;1.37242151;41.14213759;0.025;False;ok;6;1;0.491;
4498;1.37242151;41.16713759;0.05;False;ok;11;1;0.420;
4499;1.37242151;41.21713759;0.1;False;ok;14;1;0.427;
4500;1.37242151;41.31713759;0.1;False;ok;7;1;0.479;
4501;1.37242151;41.41713759;0.1;False;ok;0;1;1.180;
4502;1.37242151;41.51713759;0.1;False;ok;1;1;0.409;
4503;1.37242151;41.61713759;0.1;False;ok;5;1;0.422;
4504;1.39742151;41.11713759;0.025;False;ok;73;1;0.690;
4505;1.39742151;41.14213759;0.025;False;ok;75;1;0.612;
4506;1.42242151;41.11713759;0.05;False;ok;58;1;0.557;
4507;1.42242151;41.16713759;0.05;False;ok;27;1;0.612;
4508;1.47242151;41.16713759;0.05;False;ok;70;1;0.654;
4509;1.47242151;41.21713759;0.1;False;ok;34;1;0.559;
4510;1.47242151;41.31713759;0.1;False;ok;13;1;0.448;
4511;1.47242151;41.41713759;0.1;False;ok;2;1;0.375;
4512;1.47242151;41.51713759;0.1;False;ok;12;1;0.396;
4513;1.47242151;41.61713759;0.1;False;ok;7;1;0.494;
4514;1.52242151;41.16713759;0.025;False;ok;39;1;0.671;
4515;1.52242151;41.19213759;0.025;False;ok;3;1;0.479;
4516;1.54742151;41.16713759;0.025;False;ok;74;1;0.734;
4517;1.54742151;41.19213759;0.025;False;ok;23;1;0.562;
4518;1.57242151;41.16713759;0.025;False;ok;73;1;0.757;
4519;1.57242151;41.19213759;0.025;False;ok;21;1;0.548;
4520;1.57242151;41.21713759;0.1;False;ok;32;1;0.484;
4521;1.57242151;41.31713759;0.1;False;ok;32;1;0.681;
4522;1.57242151;41.41713759;0.1;False;ok;12;1;0.455;
4523;1.57242151;41.51713759;0.1;False;ok;15;1;0.529;
4524;1.57242151;41.61713759;0.1;False;ok;3;1;0.477;
4525;1.59742151;41.16713759;0.025;False;ok;41;1;0.464;
4526;1.59742151;41.19213759;0.025;False;ok;70;1;0.831;
4527;1.62242151;41.16713759;0.05;False;ok;59;1;0.678;
4528;1.67242151;41.11713759;0.1;False;ok;46;1;0.527;
4529;1.67242151;41.21713759;0.1;False;ok;71;1;0.716;
4530;1.67242151;41.31713759;0.1;False;ok;45;1;0.610;
4531;1.67242151;41.41713759;0.1;False;ok;15;1;0.514;
4532;1.67242151;41.51713759;0.1;False;ok;12;1;0.495;
4533;1.67242151;41.61713759;0.1;False;ok;15;1;0.414;
4534;1.77242151;41.21713759;0.025;False;ok;35;1;0.593;
4535;1.77242151;41.24213759;0.025;False;ok;12;1;0.415;
4536;1.77242151;41.26713759;0.05;False;ok;37;1;0.612;
4537;1.77242151;41.31713759;0.1;False;ok;22;1;0.536;
4538;1.77242151;41.41713759;0.1;False;ok;19;1;0.512;
4539;1.77242151;41.51713759;0.1;False;ok;40;1;0.548;
4540;1.77242151;41.61713759;0.1;False;ok;13;1;0.516;
4541;1.79742151;41.22963759;0.00625;False;ok;20;1;0.458;
4542;1.79742151;41.23588759;0.00625;False;ok;28;1;0.440;
4543;1.79742151;41.24213759;0.025;False;ok;21;1;0.425;
4544;1.80367151;41.22963759;0.00625;False;ok;69;1;0.582;
4545;1.80367151;41.23588759;0.003125;False;ok;48;1;0.490;
4546;1.80679651;41.23588759;0.003125;False;ok;71;1;0.561;
4547;1.80679651;41.23901259;0.003125;False;ok;7;1;0.408;
4548;1.80992151;41.22963759;0.00625;False;ok;25;1;0.583;
4549;1.80992151;41.23588759;0.00625;False;ok;61;1;0.600;
4550;1.81617151;41.22963759;0.00625;False;ok;2;1;0.484;
4551;1.81617151;41.23588759;0.00625;False;ok;28;1;0.979;
4552;1.82242151;41.21713759;0.05;False;ok;64;1;0.500;
4553;1.87242151;41.21713759;0.1;False;ok;63;1;0.658;
4554;1.87242151;41.31713759;0.1;False;ok;21;1;0.567;
4555;1.87242151;41.41713759;0.1;False;ok;22;1;0.522;
4556;1.87242151;41.51713759;0.1;False;ok;5;1;0.446;
4557;1.87242151;41.61713759;0.1;False;ok;8;1;0.484;
4558;1.97242151;41.21713759;0.1;False;ok;73;1;1.065;
4559;1.97242151;41.31713759;0.1;False;ok;43;1;0.637;
4560;1.97242151;41.41713759;0.1;False;ok;36;1;0.599;
4561;1.97242151;41.51713759;0.1;False;ok;67;1;0.639;
4562;1.97242151;41.61713759;0.1;False;ok;5;1;0.421;
4563;2.07242151;41.21713759;0.1;False;ok;2;1;0.450;
4564;2.07242151;41.31713759;0.05;False;ok;66;1;0.649;
4565;2.07242151;41.36713759;0.05;False;ok;72;1;0.685;
4566;2.07242151;41.41713759;0.1;False;ok;69;1;0.718;
4567;2.07242151;41.51713759;0.1;False;ok;16;1;0.558;
4568;2.07242151;41.61713759;0.1;False;ok;11;1;0.459;
4569;2.12242151;41.31713759;0.05;False;ok;69;1;0.811;
4570;2.12242151;41.36713759;0.0125;False;ok;75;1;0.670;
4571;2.12242151;41.37963759;0.0125;False;ok;52;1;0.568;
4572;2.12242151;41.39213759;0.025;False;ok;75;1;0.773;
4573;2.13492151;41.36713759;0.0125;False;ok;75;1;0.683;
4574;2.13492151;41.37963759;0.0125;False;ok;68;1;0.688;
4575;2.14742151;41.36713759;0.00625;False;ok;7;1;0.420;
4576;2.14742151;41.37338759;0.00625;False;ok;29;1;0.525;
4577;2.14742151;41.37963759;0.00625;False;ok;60;1;0.597;
4578;2.14742151;41.38588759;0.00625;False;ok;28;1;0.556;
4579;2.14742151;41.39213759;0.00625;False;ok;40;1;0.617;
4580;2.14742151;41.39838759;0.00625;False;ok;33;1;0.598;
4581;2.14742151;41.40463759;0.0125;False;ok;51;1;0.774;
4582;2.15367151;41.36713759;0.00625;False;ok;22;1;0.677;
4583;2.15367151;41.37338759;0.00625;False;ok;74;1;0.677;
4584;2.15367151;41.37963759;0.00625;False;ok;70;1;0.628;
4585;2.15367151;41.38588759;0.00625;False;ok;75;1;0.778;
4586;2.15367151;41.39213759;0.00625;False;ok;72;1;0.698;
4587;2.15367151;41.39838759;0.00625;False;ok;70;1;0.544;
4588;2.15992151;41.36713759;0.00625;False;ok;41;1;0.482;
4589;2.15992151;41.37338759;0.00625;False;ok;74;1;0.629;
4590;2.15992151;41.37963759;0.00625;False;ok;73;1;0.585;
4591;2.15992151;41.38588759;0.00625;False;ok;74;1;0.767;
4592;2.15992151;41.39213759;0.00625;False;ok;74;1;0.678;
4593;2.15992151;41.39838759;0.00625;False;ok;62;1;0.589;
4594;2.15992151;41.40463759;0.0125;False;ok;72;1;0.613;
4595;2.16617151;41.36713759;0.00625;False;ok;35;1;0.603;
4596;2.16617151;41.37338759;0.00625;False;ok;68;1;0.592;
4597;2.16617151;41.37963759;0.00625;False;ok;72;1;0.755;
4598;2.16617151;41.38588759;0.003125;False;ok;42;1;0.601;
4599;2.16617151;41.38901259;0.003125;False;ok;27;1;0.646;
4600;2.16617151;41.39213759;0.00625;False;ok;73;1;0.687;
4601;2.16617151;41.39838759;0.00625;False;ok;54;1;0.592;
4602;2.16929651;41.38588759;0.003125;False;ok;33;1;0.589;
4603;2.16929651;41.38901259;0.003125;False;ok;31;1;0.602;
4604;2.17242151;41.36713759;0.0125;False;ok;68;1;0.632;
4605;2.17242151;41.37963759;0.003125;False;ok;46;1;0.646;
4606;2.17242151;41.38276259;0.003125;False;ok;24;1;0.552;
4607;2.17242151;41.38588759;0.00625;False;ok;74;1;0.678;
4608;2.17242151;41.39213759;0.00625;False;ok;72;1;0.592;
4609;2.17242151;41.39838759;0.00625;False;ok;74;1;0.596;
4610;2.17242151;41.40463759;0.00625;False;ok;74;1;0.667;
4611;2.17242151;41.41088759;0.00625;False;ok;28;1;0.577;
4612;2.17242151;41.41713759;0.05;False;ok;74;1;0.587;
4613;2.17242151;41.46713759;0.05;False;ok;3;1;0.499;
4614;2.17242151;41.51713759;0.1;False;ok;24;1;0.492;
4615;2.17242151;41.61713759;0.1;False;ok;26;1;0.508;
4616;2.17554651;41.37963759;0.003125;False;ok;34;1;0.526;
4617;2.17554651;41.38276259;0.003125;False;ok;13;1;0.455;
4618;2.17867151;41.37963759;0.00625;False;ok;73;1;0.766;
4619;2.17867151;41.38588759;0.00625;False;ok;28;1;0.769;
4620;2.17867151;41.39213759;0.00625;False;ok;32;1;0.608;
4621;2.17867151;41.39838759;0.00625;False;ok;38;1;0.568;
4622;2.17867151;41.40463759;0.00625;False;ok;45;1;0.526;
4623;2.17867151;41.41088759;0.00625;False;ok;17;1;0.455;
4624;2.18492151;41.36713759;0.0125;False;ok;30;1;0.503;
4625;2.18492151;41.37963759;0.0125;False;ok;61;1;0.543;
4626;2.18492151;41.39213759;0.0125;False;ok;69;1;0.702;
4627;2.18492151;41.40463759;0.0125;False;ok;37;1;0.690;
4628;2.19742151;41.36713759;0.025;False;ok;10;1;0.505;
4629;2.19742151;41.39213759;0.0125;False;ok;72;1;0.554;
4630;2.19742151;41.40463759;0.0125;False;ok;34;1;0.495;
4631;2.20992151;41.39213759;0.0125;False;ok;9;1;0.484;
4632;2.20992151;41.40463759;0.0125;False;ok;53;1;0.721;
4633;2.22242151;41.36713759;0.05;False;ok;17;1;0.493;
4634;2.22242151;41.41713759;0.05;False;ok;74;1;0.607;
4635;2.22242151;41.46713759;0.05;False;ok;12;1;0.488;
4636;2.27242151;41.41713759;0.1;False;ok;74;1;0.631;
4637;2.27242151;41.51713759;0.1;False;ok;42;1;0.582;
4638;2.27242151;41.61713759;0.1;False;ok;21;1;0.531;
4639;2.37242151;41.41713759;0.1;False;ok;49;1;0.771;
4640;2.37242151;41.51713759;0.1;False;ok;72;1;0.620;
4641;2.37242151;41.61713759;0.1;False;ok;21;1;0.515;
4642;2.47242151;41.51713759;0.05;False;ok;21;1;0.486;
4643;2.47242151;41.56713759;0.05;False;ok;22;1;0.604;
4644;2.47242151;41.61713759;0.1;False;ok;13;1;0.473;
4645;2.52242151;41.51713759;0.05;False;ok;0;1;1.281;
4646;2.52242151;41.56713759;0.05;False;ok;54;1;0.565;
4647;-5.754968796;35.95813747;0.1;False;ok;1;1;0.458;
4648;-5.611218796;36.00813747;0.00625;False;ok;71;1;0.628;
4649;-5.617468796;36.01438747;0.00625;False;ok;72;1;0.554;
4650;-5.611218796;36.01438747;0.003125;False;ok;38;1;0.518;
4651;-5.608093796;36.01438747;0.003125;False;ok;73;1;0.680;
4652;-5.611218796;36.01751247;0.003125;False;ok;23;1;0.634;
4653;-5.608093796;36.01751247;0.003125;False;ok;22;1;0.604;
4654;-5.617468796;36.02063747;0.0125;False;ok;74;1;0.660;
4655;-5.654968796;36.03313747;0.025;False;ok;16;1;0.544;
4656;-5.629968796;36.03313747;0.025;False;ok;12;1;0.474;
4657;-5.604968796;36.00813747;0.003125;False;ok;1;1;0.432;
4658;-5.604968796;36.01126247;0.003125;False;ok;74;1;0.770;
4659;-5.601843796;36.01126247;0.003125;False;ok;38;1;0.543;
4660;-5.598718796;36.00813747;0.00625;False;ok;1;1;0.392;
4661;-5.604968796;36.01438747;0.00625;False;ok;74;1;0.642;
4662;-5.592468796;36.02063747;0.0125;False;ok;1;1;0.450;
4663;-5.579968796;36.00813747;0.025;False;ok;2;1;0.399;
4664;-5.604968796;36.03313747;0.025;False;ok;0;1;1.118;
4665;-5.854968796;36.05813747;0.05;False;ok;33;1;0.475;
4666;-5.804968796;36.05813747;0.05;False;ok;50;1;0.549;
4667;-5.854968796;36.10813747;0.025;False;ok;56;1;0.579;
4668;-5.829968796;36.10813747;0.025;False;ok;75;1;0.654;
4669;-5.854968796;36.13313747;0.025;False;ok;74;1;0.614;
4670;-5.754968796;36.05813747;0.1;False;ok;73;1;0.711;
4671;-5.654968796;36.05813747;0.1;False;ok;23;1;0.518;
4672;-5.554968796;36.05813747;0.1;False;ok;27;1;0.487;
4673;-5.454968796;36.05813747;0.1;True;ok;56;1;0.667;
4674;-5.354968796;36.05813747;0.1;True;ok;2;1;0.665;
4675;-6.154968796;36.15813747;0.1;False;ok;75;1;0.684;
4676;-6.054968796;36.18313747;0.025;False;ok;75;1;0.689;
4677;-6.029968796;36.18313747;0.025;False;ok;71;1;0.544;
4678;-6.004968796;36.15813747;0.05;False;ok;12;1;0.539;
4679;-6.054968796;36.20813747;0.05;False;ok;38;1;0.746;
4680;-6.004968796;36.20813747;0.025;False;ok;10;1;0.492;
4681;-5.979968796;36.20813747;0.025;False;ok;2;1;0.503;
4682;-5.979968796;36.23313747;0.0125;False;ok;4;1;0.395;
4683;-5.979968796;36.24563747;0.0125;False;ok;73;1;0.530;
4684;-5.967468796;36.24563747;0.00625;False;ok;50;1;0.534;
4685;-5.961218796;36.24563747;0.00625;False;ok;1;1;0.389;
4686;-5.967468796;36.25188747;0.003125;False;ok;75;1;0.648;
4687;-5.964343796;36.25188747;0.003125;False;ok;75;1;0.656;
4688;-5.961218796;36.25188747;0.00625;False;ok;39;1;0.515;
4689;-5.954968796;36.15813747;0.05;False;ok;74;1;0.694;
4690;-5.904968796;36.15813747;0.05;False;ok;5;1;0.437;
4691;-5.954968796;36.20813747;0.05;False;ok;74;1;0.740;
4692;-5.904968796;36.20813747;0.05;False;ok;7;1;0.414;
4693;-5.854968796;36.15813747;0.1;False;ok;12;1;0.478;
4694;-5.554968796;36.15813747;0.1;False;ok;5;1;0.518;
4695;-5.454968796;36.15813747;0.1;False;ok;40;1;0.587;
4696;-5.354968796;36.15813747;0.1;False;ok;75;1;0.643;
4697;-6.254968796;36.25813747;0.1;False;ok;34;1;0.718;
4698;-6.154968796;36.25813747;0.05;False;ok;73;1;0.615;
4699;-6.104968796;36.27063747;0.0125;False;ok;66;1;0.513;
4700;-6.089343796;36.27063747;0.003125;False;ok;30;1;0.532;
4701;-6.092468796;36.27376247;0.003125;False;ok;72;1;0.637;
4702;-6.089343796;36.27376247;0.003125;False;ok;73;1;0.652;
4703;-6.086218796;36.27063747;0.00625;False;ok;74;1;0.664;
4704;-6.092468796;36.27688747;0.003125;False;ok;72;1;0.567;
4705;-6.089343796;36.27688747;0.003125;False;ok;73;1;0.611;
4706;-6.092468796;36.28001247;0.003125;False;ok;26;1;0.505;
4707;-6.089343796;36.28001247;0.003125;False;ok;74;1;0.639;
4708;-6.086218796;36.27688747;0.00625;False;ok;74;1;0.599;
4709;-6.079968796;36.25813747;0.025;False;ok;22;1;0.508;
4710;-6.104968796;36.28313747;0.0125;False;ok;67;1;0.612;
4711;-6.092468796;36.28313747;0.0125;False;ok;73;1;0.647;
4712;-6.104968796;36.29563747;0.0125;False;ok;1;1;0.342;
4713;-6.092468796;36.29563747;0.0125;False;ok;30;1;0.580;
4714;-6.079968796;36.28313747;0.025;False;ok;59;1;0.629;
4715;-6.154968796;36.30813747;0.025;False;ok;20;1;0.584;
4716;-6.129968796;36.30813747;0.025;False;ok;71;1;0.625;
4717;-6.154968796;36.33313747;0.025;False;ok;66;1;0.724;
4718;-6.129968796;36.33313747;0.025;False;ok;39;1;0.626;
4719;-6.104968796;36.30813747;0.025;False;ok;74;1;0.693;
4720;-6.079968796;36.30813747;0.025;False;ok;54;1;0.630;
4721;-6.104968796;36.33313747;0.025;False;ok;63;1;0.634;
4722;-6.079968796;36.33313747;0.025;False;ok;44;1;0.548;
4723;-6.054968796;36.25813747;0.1;False;ok;75;1;0.607;
4724;-5.954968796;36.25813747;0.1;False;ok;15;1;0.557;
4725;-5.854968796;36.25813747;0.1;False;ok;51;1;0.631;
4726;-5.754968796;36.25813747;0.1;False;ok;6;1;0.423;
4727;-5.454968796;36.25813747;0.1;False;ok;8;1;0.510;
4728;-5.354968796;36.25813747;0.1;False;ok;74;1;0.723;
4729;-5.254968796;36.30813747;0.025;False;ok;72;1;0.739;
4730;-5.254968796;36.33313747;0.0125;False;ok;69;1;0.682;
4731;-5.242468796;36.33313747;0.0125;False;ok;63;1;0.728;
4732;-5.254968796;36.34563747;0.0125;False;ok;16;1;0.552;
4733;-5.242468796;36.34563747;0.00625;False;ok;31;1;0.589;
4734;-5.236218796;36.34563747;0.00625;False;ok;37;1;0.460;
4735;-5.242468796;36.35188747;0.00625;False;ok;41;1;0.560;
4736;-5.236218796;36.35188747;0.00625;False;ok;74;1;0.606;
4737;-5.229968796;36.33313747;0.025;False;ok;4;1;0.494;
4738;-6.204968796;36.35813747;0.025;False;ok;73;1;0.681;
4739;-6.179968796;36.35813747;0.0125;False;ok;67;1;0.627;
4740;-6.167468796;36.35813747;0.0125;False;ok;35;1;0.486;
4741;-6.179968796;36.37063747;0.0125;False;ok;72;1;0.671;
4742;-6.167468796;36.37063747;0.0125;False;ok;35;1;0.488;
4743;-6.204968796;36.38313747;0.025;False;ok;30;1;0.552;
4744;-6.179968796;36.38313747;0.025;False;ok;73;1;0.618;
4745;-6.254968796;36.40813747;0.05;False;ok;24;1;0.452;
4746;-6.204968796;36.40813747;0.05;False;ok;53;1;0.609;
4747;-6.154968796;36.35813747;0.05;False;ok;74;1;0.612;
4748;-6.104968796;36.35813747;0.05;False;ok;31;1;0.539;
4749;-6.154968796;36.40813747;0.05;False;ok;73;1;0.611;
4750;-6.054968796;36.35813747;0.1;False;ok;3;1;0.484;
4751;-5.954968796;36.35813747;0.1;False;ok;26;1;0.516;
4752;-5.754968796;36.35813747;0.1;False;ok;1;1;0.424;
4753;-5.554968796;36.35813747;0.1;False;ok;3;1;0.346;
4754;-5.454968796;36.35813747;0.1;False;ok;28;1;0.577;
4755;-5.354968796;36.35813747;0.1;False;ok;30;1;0.470;
4756;-5.254968796;36.35813747;0.0125;False;ok;46;1;0.563;
4757;-5.242468796;36.35813747;0.00625;False;ok;23;1;0.434;
4758;-5.236218796;36.35813747;0.00625;False;ok;73;1;0.527;
4759;-5.242468796;36.36438747;0.00625;False;ok;34;1;0.614;
4760;-5.236218796;36.36438747;0.00625;False;ok;29;1;0.558;
4761;-5.254968796;36.37063747;0.0125;False;ok;9;1;0.436;
4762;-5.242468796;36.37063747;0.0125;False;ok;3;1;0.472;
4763;-5.229968796;36.35813747;0.025;False;ok;75;1;0.706;
4764;-5.254968796;36.38313747;0.025;False;ok;33;1;0.517;
4765;-5.229968796;36.38313747;0.025;False;ok;74;1;0.714;
4766;-5.204968796;36.35813747;0.05;False;ok;75;1;0.610;
4767;-5.254968796;36.40813747;0.05;False;ok;73;1;0.781;
4768;-5.204968796;36.40813747;0.025;False;ok;73;1;0.742;
4769;-5.179968796;36.40813747;0.0125;False;ok;37;1;0.529;
4770;-5.167468796;36.41438747;0.00625;False;ok;46;1;0.527;
4771;-5.161218796;36.41438747;0.003125;False;ok;64;1;0.485;
4772;-5.158093796;36.41438747;0.003125;False;ok;19;1;0.405;
4773;-5.161218796;36.41751247;0.003125;False;ok;55;1;0.493;
4774;-5.158093796;36.41751247;0.003125;False;ok;12;1;0.538;
4775;-5.167468796;36.42063747;0.0125;False;ok;69;1;0.561;
4776;-5.204968796;36.43313747;0.025;False;ok;0;1;1.149;
4777;-5.179968796;36.43313747;0.025;False;ok;6;1;0.424;
4778;-5.154968796;36.40813747;0.0125;False;ok;37;1;0.451;
4779;-5.154968796;36.42063747;0.00625;False;ok;74;1;0.607;
4780;-5.148718796;36.42063747;0.00625;False;ok;72;1;0.627;
4781;-5.154968796;36.42688747;0.00625;False;ok;36;1;0.489;
4782;-5.148718796;36.42688747;0.00625;False;ok;70;1;0.682;
4783;-5.142468796;36.42063747;0.0125;False;ok;70;1;0.624;
4784;-5.129968796;36.40813747;0.025;False;ok;38;1;0.564;
4785;-5.154968796;36.43313747;0.025;False;ok;70;1;0.568;
4786;-5.129968796;36.43313747;0.025;False;ok;51;1;0.613;
4787;-5.104968796;36.40813747;0.05;False;ok;73;1;0.896;
4788;-5.054968796;36.35813747;0.1;False;ok;63;1;0.614;
4789;-6.304968796;36.45813747;0.05;False;ok;75;1;0.741;
4790;-6.354968796;36.50813747;0.05;False;ok;12;1;0.415;
4791;-6.292468796;36.50813747;0.0125;False;ok;74;1;0.571;
4792;-6.304968796;36.52688747;0.003125;False;ok;54;1;0.575;
4793;-6.301843796;36.52688747;0.003125;False;ok;27;1;0.663;
4794;-6.304968796;36.53001247;0.003125;False;ok;51;1;0.599;
4795;-6.301843796;36.53001247;0.003125;False;ok;73;1;0.581;
4796;-6.298718796;36.52688747;0.003125;False;ok;16;1;0.590;
4797;-6.295593796;36.52688747;0.003125;False;ok;43;1;0.527;
4798;-6.298718796;36.53001247;0.003125;False;ok;67;1;0.502;
4799;-6.295593796;36.53001247;0.003125;False;ok;74;1;0.675;
4800;-6.292468796;36.52063747;0.0125;False;ok;75;1;0.677;
4801;-6.279968796;36.50813747;0.025;False;ok;46;1;0.579;
4802;-6.304968796;36.53313747;0.00625;False;ok;73;1;0.609;
4803;-6.298718796;36.53313747;0.003125;False;ok;75;1;0.692;
4804;-6.295593796;36.53313747;0.003125;False;ok;63;1;0.682;
4805;-6.298718796;36.53626247;0.003125;False;ok;11;1;0.483;
4806;-6.295593796;36.53626247;0.003125;False;ok;5;1;0.387;
4807;-6.292468796;36.53313747;0.0125;False;ok;7;1;0.431;
4808;-6.254968796;36.45813747;0.1;False;ok;69;1;0.812;
4809;-6.154968796;36.45813747;0.1;False;ok;18;1;0.504;
4810;-5.954968796;36.45813747;0.1;False;ok;34;1;0.557;
4811;-5.754968796;36.45813747;0.1;False;ok;35;1;0.697;
4812;-5.454968796;36.45813747;0.1;False;ok;30;1;0.456;
4813;-5.354968796;36.45813747;0.1;False;ok;49;1;0.791;
4814;-5.254968796;36.45813747;0.1;False;ok;13;1;0.466;
4815;-5.154968796;36.45813747;0.1;False;ok;73;1;0.746;
4816;-5.054968796;36.45813747;0.0125;False;ok;74;1;0.541;
4817;-5.042468796;36.45813747;0.0125;False;ok;63;1;0.550;
4818;-5.054968796;36.47063747;0.0125;False;ok;42;1;0.592;
4819;-5.042468796;36.47063747;0.0125;False;ok;56;1;0.847;
4820;-5.029968796;36.45813747;0.0125;False;ok;69;1;0.627;
4821;-5.017468796;36.45813747;0.0125;False;ok;16;1;0.483;
4822;-5.029968796;36.47063747;0.0125;False;ok;60;1;0.741;
4823;-5.017468796;36.47063747;0.0125;False;ok;28;1;0.549;
4824;-5.054968796;36.48313747;0.025;False;ok;48;1;0.738;
4825;-5.029968796;36.48313747;0.025;False;ok;68;1;0.784;
4826;-5.004968796;36.45813747;0.025;False;ok;75;1;0.601;
4827;-4.979968796;36.45813747;0.025;False;ok;50;1;0.517;
4828;-5.004968796;36.48313747;0.025;False;ok;74;1;0.658;
4829;-4.979968796;36.48313747;0.0125;False;ok;73;1;0.549;
4830;-4.967468796;36.48313747;0.00625;False;ok;73;1;0.632;
4831;-4.961218796;36.48313747;0.003125;False;ok;31;1;0.503;
4832;-4.958093796;36.48313747;0.003125;False;ok;9;1;0.464;
4833;-4.961218796;36.48626247;0.003125;False;ok;68;1;0.693;
4834;-4.958093796;36.48626247;0.003125;False;ok;54;1;0.549;
4835;-4.967468796;36.48938747;0.00625;False;ok;74;1;0.609;
4836;-4.961218796;36.48938747;0.00625;False;ok;27;1;0.460;
4837;-4.979968796;36.49563747;0.0125;False;ok;49;1;0.601;
4838;-4.967468796;36.49563747;0.00625;False;ok;75;1;0.691;
4839;-4.961218796;36.49563747;0.00625;False;ok;22;1;0.658;
4840;-4.967468796;36.50188747;0.00625;False;ok;7;1;0.470;
4841;-4.961218796;36.50188747;0.00625;False;ok;19;1;0.528;
4842;-5.054968796;36.50813747;0.05;False;ok;70;1;0.582;
4843;-5.004968796;36.50813747;0.025;False;ok;70;1;0.707;
4844;-4.979968796;36.50813747;0.025;False;ok;72;1;0.564;
4845;-5.004968796;36.53313747;0.025;False;ok;2;1;0.492;
4846;-4.954968796;36.48313747;0.00625;False;ok;75;1;0.817;
4847;-4.954968796;36.48938747;0.00625;False;ok;55;1;0.591;
4848;-4.948718796;36.48938747;0.00625;False;ok;20;1;0.508;
4849;-4.954968796;36.49563747;0.0125;False;ok;74;1;0.713;
4850;-4.942468796;36.49563747;0.0125;False;ok;19;1;0.619;
4851;-4.929968796;36.48313747;0.025;False;ok;68;1;0.553;
4852;-4.904968796;36.49563747;0.0125;False;ok;72;1;0.778;
4853;-4.892468796;36.49563747;0.0125;False;ok;75;1;0.641;
4854;-4.879968796;36.48313747;0.025;False;ok;6;1;0.462;
4855;-4.954968796;36.50813747;0.025;False;ok;37;1;0.509;
4856;-4.929968796;36.50813747;0.025;False;ok;73;1;0.615;
4857;-4.954968796;36.53313747;0.025;False;ok;14;1;0.651;
4858;-4.904968796;36.50813747;0.00625;False;ok;74;1;0.622;
4859;-4.898718796;36.50813747;0.00625;False;ok;71;1;0.613;
4860;-4.904968796;36.51438747;0.00625;False;ok;4;1;0.472;
4861;-4.898718796;36.51438747;0.00625;False;ok;27;1;0.496;
4862;-4.892468796;36.50813747;0.00625;False;ok;72;1;0.627;
4863;-4.886218796;36.50813747;0.00625;False;ok;74;1;0.643;
4864;-4.892468796;36.51438747;0.00625;False;ok;8;1;0.404;
4865;-4.886218796;36.51438747;0.00625;False;ok;7;1;0.451;
4866;-4.904968796;36.52063747;0.0125;False;ok;14;1;0.416;
4867;-4.892468796;36.52063747;0.0125;False;ok;7;1;0.414;
4868;-4.879968796;36.50813747;0.025;False;ok;72;1;0.635;
4869;-4.879968796;36.53313747;0.025;False;ok;33;1;0.540;
4870;-4.854968796;36.48313747;0.025;False;ok;58;1;0.561;
4871;-4.829968796;36.49563747;0.0125;False;ok;29;1;0.561;
4872;-4.817468796;36.49563747;0.0125;False;ok;72;1;0.591;
4873;-4.804968796;36.48313747;0.025;False;ok;72;1;0.772;
4874;-4.779968796;36.48313747;0.0125;False;ok;74;1;0.715;
4875;-4.767468796;36.48313747;0.0125;False;ok;66;1;0.554;
4876;-4.779968796;36.49563747;0.0125;False;ok;63;1;0.643;
4877;-4.767468796;36.49563747;0.0125;False;ok;28;1;0.564;
4878;-4.854968796;36.50813747;0.05;False;ok;72;1;0.733;
4879;-4.804968796;36.50813747;0.05;False;ok;37;1;0.633;
4880;-4.754968796;36.48313747;0.0125;False;ok;71;1;0.735;
4881;-4.742468796;36.48313747;0.0125;False;ok;74;1;0.739;
4882;-4.754968796;36.49563747;0.0125;False;ok;66;1;0.589;
4883;-4.742468796;36.49563747;0.0125;False;ok;13;1;0.408;
4884;-4.729968796;36.48313747;0.00625;False;ok;26;1;0.562;
4885;-4.723718796;36.48626247;0.003125;False;ok;56;1;0.535;
4886;-4.720593796;36.48626247;0.003125;False;ok;74;1;0.612;
4887;-4.729968796;36.48938747;0.00625;False;ok;23;1;0.780;
4888;-4.723718796;36.48938747;0.00625;False;ok;52;1;0.609;
4889;-4.717468796;36.48313747;0.00625;False;ok;73;1;0.517;
4890;-4.711218796;36.48313747;0.00625;False;ok;5;1;0.425;
4891;-4.717468796;36.48938747;0.00625;False;ok;33;1;0.518;
4892;-4.711218796;36.48938747;0.00625;False;ok;71;1;0.648;
4893;-4.729968796;36.49563747;0.0125;False;ok;72;1;0.752;
4894;-4.717468796;36.49563747;0.0125;False;ok;75;1;0.625;
4895;-4.704968796;36.48313747;0.0125;False;ok;73;1;0.651;
4896;-4.692468796;36.48313747;0.0125;False;ok;13;1;0.452;
4897;-4.704968796;36.49563747;0.0125;False;ok;73;1;0.751;
4898;-4.692468796;36.49563747;0.0125;False;ok;75;1;0.756;
4899;-4.679968796;36.48313747;0.025;False;ok;70;1;0.713;
4900;-4.754968796;36.50813747;0.025;False;ok;61;1;0.550;
4901;-4.729968796;36.50813747;0.0125;False;ok;25;1;0.670;
4902;-4.717468796;36.50813747;0.0125;False;ok;73;1;0.715;
4903;-4.754968796;36.53313747;0.025;False;ok;15;1;0.433;
4904;-4.729968796;36.53313747;0.025;False;ok;45;1;0.615;
4905;-4.704968796;36.50813747;0.05;False;ok;74;1;0.814;
4906;-4.654968796;36.45813747;0.05;False;ok;18;1;0.523;
4907;-4.654968796;36.50813747;0.0125;False;ok;72;1;0.714;
4908;-4.642468796;36.50813747;0.0125;False;ok;73;1;0.743;
4909;-4.642468796;36.52063747;0.0125;False;ok;48;1;0.807;
4910;-4.629968796;36.50813747;0.025;False;ok;74;1;0.660;
4911;-4.654968796;36.53313747;0.025;False;ok;73;1;0.636;
4912;-4.629968796;36.53313747;0.00625;False;ok;75;1;0.624;
4913;-4.623718796;36.53313747;0.00625;False;ok;73;1;0.677;
4914;-4.629968796;36.53938747;0.00625;False;ok;59;1;0.550;
4915;-4.623718796;36.53938747;0.003125;False;ok;75;1;0.620;
4916;-4.620593796;36.53938747;0.003125;False;ok;74;1;0.626;
4917;-4.623718796;36.54251247;0.003125;False;ok;30;1;0.470;
4918;-4.620593796;36.54251247;0.003125;False;ok;69;1;0.640;
4919;-4.617468796;36.53313747;0.0125;False;ok;0;1;1.153;
4920;-4.629968796;36.54563747;0.0125;False;ok;71;1;0.645;
4921;-4.617468796;36.54563747;0.00625;False;ok;72;1;0.540;
4922;-4.617468796;36.55188747;0.00625;False;ok;74;1;0.599;
4923;-4.611218796;36.55188747;0.00625;False;ok;30;1;0.490;
4924;-4.554968796;36.45813747;0.1;False;ok;0;1;1.199;
4925;-6.454968796;36.55813747;0.1;False;ok;75;1;0.946;
4926;-6.304968796;36.55813747;0.05;False;ok;74;1;0.720;
4927;-6.354968796;36.60813747;0.05;False;ok;11;1;0.508;
4928;-6.304968796;36.60813747;0.05;False;ok;50;1;0.593;
4929;-6.229968796;36.55813747;0.025;False;ok;71;1;0.685;
4930;-6.254968796;36.58313747;0.025;False;ok;75;1;0.565;
4931;-6.229968796;36.58313747;0.025;False;ok;75;1;0.739;
4932;-6.254968796;36.60813747;0.05;False;ok;25;1;0.501;
4933;-6.204968796;36.60813747;0.05;False;ok;3;1;0.416;
4934;-6.054968796;36.55813747;0.1;False;ok;0;1;1.143;
4935;-5.954968796;36.55813747;0.1;False;ok;5;1;0.429;
4936;-5.854968796;36.55813747;0.1;False;ok;5;1;0.553;
4937;-5.754968796;36.55813747;0.1;False;ok;14;1;0.445;
4938;-5.654968796;36.55813747;0.1;False;ok;1;1;0.428;
4939;-5.554968796;36.55813747;0.1;False;ok;1;1;0.470;
4940;-5.454968796;36.55813747;0.1;False;ok;3;1;0.386;
4941;-5.354968796;36.55813747;0.1;False;ok;72;1;0.636;
4942;-5.254968796;36.55813747;0.1;False;ok;33;1;0.769;
4943;-5.154968796;36.55813747;0.1;False;ok;16;1;0.474;
4944;-5.054968796;36.55813747;0.1;False;ok;0;1;1.120;
4945;-4.954968796;36.55813747;0.1;False;ok;26;1;0.528;
4946;-4.854968796;36.55813747;0.1;False;ok;59;1;0.599;
4947;-4.754968796;36.55813747;0.05;False;ok;11;1;0.459;
4948;-4.704968796;36.55813747;0.05;False;ok;52;1;0.621;
4949;-4.754968796;36.60813747;0.05;False;ok;62;1;0.672;
4950;-4.704968796;36.60813747;0.05;False;ok;73;1;0.628;
4951;-4.654968796;36.55813747;0.025;False;ok;44;1;0.506;
4952;-4.629968796;36.55813747;0.0125;False;ok;22;1;0.534;
4953;-4.617468796;36.55813747;0.0125;False;ok;74;1;0.655;
4954;-4.629968796;36.57063747;0.0125;False;ok;5;1;0.427;
4955;-4.617468796;36.57063747;0.0125;False;ok;29;1;0.516;
4956;-4.654968796;36.58313747;0.025;False;ok;72;1;0.666;
4957;-4.629968796;36.58313747;0.025;False;ok;34;1;0.555;
4958;-4.604968796;36.55813747;0.0125;False;ok;73;1;0.636;
4959;-4.592468796;36.55813747;0.0125;False;ok;3;1;0.415;
4960;-4.604968796;36.57063747;0.0125;False;ok;74;1;0.915;
4961;-4.592468796;36.57063747;0.0125;False;ok;72;1;0.774;
4962;-4.579968796;36.55813747;0.025;False;ok;74;1;0.603;
4963;-4.604968796;36.58313747;0.025;False;ok;68;1;0.673;
4964;-4.579968796;36.58313747;0.025;False;ok;73;1;0.801;
4965;-4.654968796;36.60813747;0.05;False;ok;54;1;0.516;
4966;-4.604968796;36.60813747;0.05;False;ok;50;1;0.522;
4967;-4.554968796;36.55813747;0.025;False;ok;73;1;0.609;
4968;-4.529968796;36.55813747;0.025;False;ok;0;1;1.181;
4969;-4.554968796;36.58313747;0.0125;False;ok;73;1;0.753;
4970;-4.542468796;36.58313747;0.00625;False;ok;58;1;0.552;
4971;-4.536218796;36.58313747;0.003125;False;ok;72;1;0.582;
4972;-4.533093796;36.58313747;0.003125;False;ok;1;1;0.398;
4973;-4.536218796;36.58626247;0.003125;False;ok;69;1;0.580;
4974;-4.533093796;36.58626247;0.003125;False;ok;74;1;0.711;
4975;-4.542468796;36.58938747;0.00625;False;ok;10;1;0.505;
4976;-4.536218796;36.58938747;0.00625;False;ok;75;1;0.571;
4977;-4.554968796;36.59563747;0.0125;False;ok;37;1;0.533;
4978;-4.542468796;36.59563747;0.0125;False;ok;72;1;0.640;
4979;-4.529968796;36.58313747;0.00625;False;ok;2;1;0.396;
4980;-4.529968796;36.58938747;0.0015625;False;ok;75;1;0.594;
4981;-4.528406296;36.58938747;0.0015625;False;ok;19;1;0.489;
4982;-4.529968796;36.59094997;0.0015625;False;ok;74;1;0.672;
4983;-4.528406296;36.59094997;0.0015625;False;ok;20;1;0.517;
4984;-4.526843796;36.58938747;0.003125;False;ok;26;1;0.480;
4985;-4.529968796;36.59251247;0.003125;False;ok;13;1;0.413;
4986;-4.526843796;36.59251247;0.003125;False;ok;72;1;0.728;
4987;-4.523718796;36.58938747;0.00625;False;ok;56;1;0.616;
4988;-4.517468796;36.58313747;0.0125;False;ok;12;1;0.521;
4989;-4.529968796;36.59563747;0.0015625;False;ok;59;1;0.506;
4990;-4.528406296;36.59563747;0.0015625;False;ok;74;1;0.566;
4991;-4.529968796;36.59719997;0.0015625;False;ok;50;1;0.686;
4992;-4.528406296;36.59719997;0.0015625;False;ok;13;1;0.669;
4993;-4.526843796;36.59563747;0.003125;False;ok;71;1;0.630;
4994;-4.529968796;36.59876247;0.003125;False;ok;38;1;0.555;
4995;-4.526843796;36.59876247;0.003125;False;ok;24;1;0.521;
4996;-4.523718796;36.59563747;0.00625;False;ok;75;1;0.634;
4997;-4.529968796;36.60188747;0.00625;False;ok;3;1;0.394;
4998;-4.523718796;36.60188747;0.00625;False;ok;47;1;0.520;
4999;-4.517468796;36.59563747;0.003125;False;ok;73;1;0.574;
5000;-4.514343796;36.59563747;0.003125;False;ok;60;1;0.491;
5001;-4.517468796;36.59876247;0.003125;False;ok;69;1;0.599;
5002;-4.514343796;36.59876247;0.003125;False;ok;54;1;0.563;
5003;-4.511218796;36.59563747;0.00625;False;ok;62;1;0.686;
5004;-4.517468796;36.60188747;0.00625;False;ok;70;1;0.581;
5005;-4.511218796;36.60188747;0.00625;False;ok;75;1;0.638;
5006;-4.504968796;36.55813747;0.05;False;ok;0;1;1.154;
5007;-4.554968796;36.60813747;0.025;False;ok;20;1;0.528;
5008;-4.529968796;36.60813747;0.025;False;ok;73;1;0.634;
5009;-4.554968796;36.63313747;0.025;False;ok;16;1;0.446;
5010;-4.529968796;36.63313747;0.025;False;ok;4;1;0.494;
5011;-4.504968796;36.60813747;0.003125;False;ok;59;1;0.536;
5012;-4.504968796;36.61126247;0.003125;False;ok;75;1;0.517;
5013;-4.501843796;36.61126247;0.003125;False;ok;29;1;0.462;
5014;-4.504968796;36.61438747;0.00625;False;ok;75;1;0.598;
5015;-4.498718796;36.61438747;0.003125;False;ok;69;1;0.651;
5016;-4.498718796;36.61751247;0.003125;False;ok;73;1;0.741;
5017;-4.504968796;36.62063747;0.003125;False;ok;41;1;0.498;
5018;-4.501843796;36.62063747;0.003125;False;ok;73;1;0.656;
5019;-4.504968796;36.62376247;0.003125;False;ok;51;1;0.545;
5020;-4.501843796;36.62376247;0.003125;False;ok;72;1;0.729;
5021;-4.498718796;36.62063747;0.003125;False;ok;74;1;0.568;
5022;-4.495593796;36.62063747;0.003125;False;ok;18;1;0.732;
5023;-4.498718796;36.62376247;0.003125;False;ok;65;1;0.531;
5024;-4.495593796;36.62376247;0.003125;False;ok;38;1;0.525;
5025;-4.504968796;36.62688747;0.00625;False;ok;74;1;0.627;
5026;-4.498718796;36.62688747;0.00625;False;ok;73;1;0.756;
5027;-4.492468796;36.62063747;0.0125;False;ok;65;1;0.608;
5028;-4.504968796;36.63313747;0.0125;False;ok;74;1;0.554;
5029;-4.492468796;36.63313747;0.0125;False;ok;74;1;0.663;
5030;-4.504968796;36.64563747;0.0125;False;ok;9;1;0.420;
5031;-4.492468796;36.64563747;0.0125;False;ok;20;1;0.476;
5032;-4.479968796;36.63313747;0.025;False;ok;16;1;0.473;
5033;-6.454968796;36.65813747;0.05;False;ok;71;1;0.816;
5034;-6.404968796;36.65813747;0.05;False;ok;3;1;0.433;
5035;-6.454968796;36.70813747;0.05;False;ok;73;1;0.679;
5036;-6.404968796;36.70813747;0.05;False;ok;11;1;0.430;
5037;-6.354968796;36.65813747;0.1;False;ok;2;1;0.408;
5038;-6.254968796;36.65813747;0.1;False;ok;5;1;0.444;
5039;-6.154968796;36.65813747;0.025;False;ok;75;1;0.692;
5040;-6.129968796;36.65813747;0.025;False;ok;26;1;0.518;
5041;-6.154968796;36.68313747;0.0125;False;ok;72;1;0.609;
5042;-6.142468796;36.68313747;0.00625;False;ok;75;1;0.723;
5043;-6.136218796;36.68313747;0.00625;False;ok;75;1;0.638;
5044;-6.142468796;36.68938747;0.00625;False;ok;10;1;0.558;
5045;-6.136218796;36.68938747;0.00625;False;ok;7;1;0.403;
5046;-6.154968796;36.69563747;0.0125;False;ok;5;1;0.439;
5047;-6.142468796;36.69563747;0.0125;False;ok;6;1;0.426;
5048;-6.129968796;36.68313747;0.025;False;ok;43;1;0.586;
5049;-6.104968796;36.65813747;0.05;False;ok;3;1;0.453;
5050;-6.154968796;36.70813747;0.05;False;ok;1;1;0.328;
5051;-6.104968796;36.70813747;0.05;False;ok;6;1;0.412;
5052;-6.054968796;36.65813747;0.1;False;ok;13;1;0.569;
5053;-5.954968796;36.65813747;0.1;False;ok;7;1;0.527;
5054;-5.854968796;36.65813747;0.1;False;ok;73;1;0.602;
5055;-5.754968796;36.65813747;0.1;False;ok;20;1;0.517;
5056;-5.654968796;36.65813747;0.1;False;ok;8;1;0.439;
5057;-5.554968796;36.65813747;0.1;False;ok;63;1;0.633;
5058;-5.454968796;36.65813747;0.1;False;ok;73;1;0.646;
5059;-5.354968796;36.65813747;0.1;False;ok;6;1;0.486;
5060;-5.204968796;36.65813747;0.05;False;ok;2;1;0.459;
5061;-5.254968796;36.70813747;0.05;False;ok;66;1;0.644;
5062;-5.204968796;36.70813747;0.025;False;ok;1;1;0.334;
5063;-5.179968796;36.70813747;0.025;False;ok;15;1;0.463;
5064;-5.204968796;36.73313747;0.025;False;ok;8;1;0.384;
5065;-5.179968796;36.73313747;0.0125;False;ok;11;1;0.497;
5066;-5.167468796;36.73313747;0.00625;False;ok;46;1;0.490;
5067;-5.167468796;36.73938747;0.003125;False;ok;43;1;0.491;
5068;-5.164343796;36.73938747;0.003125;False;ok;43;1;0.655;
5069;-5.167468796;36.74251247;0.003125;False;ok;64;1;0.491;
5070;-5.164343796;36.74251247;0.003125;False;ok;69;1;0.630;
5071;-5.161218796;36.73938747;0.00625;False;ok;28;1;0.420;
5072;-5.179968796;36.74563747;0.0125;False;ok;17;1;0.429;
5073;-5.167468796;36.74563747;0.0125;False;ok;63;1;0.623;
5074;-5.154968796;36.65813747;0.1;False;ok;23;1;0.582;
5075;-4.954968796;36.65813747;0.1;False;ok;73;1;0.648;
5076;-4.854968796;36.65813747;0.1;False;ok;44;1;0.570;
5077;-4.754968796;36.65813747;0.1;False;ok;74;1;0.713;
5078;-4.654968796;36.65813747;0.1;False;ok;73;1;0.592;
5079;-4.554968796;36.65813747;0.05;False;ok;42;1;0.596;
5080;-4.504968796;36.65813747;0.05;False;ok;74;1;0.652;
5081;-4.554968796;36.70813747;0.05;False;ok;11;1;0.427;
5082;-4.504968796;36.70813747;0.05;False;ok;53;1;0.497;
5083;-4.454968796;36.65813747;0.025;False;ok;12;1;0.398;
5084;-4.454968796;36.68313747;0.0125;False;ok;70;1;0.603;
5085;-4.442468796;36.68313747;0.0125;False;ok;15;1;0.512;
5086;-4.454968796;36.69563747;0.0125;False;ok;74;1;0.767;
5087;-4.442468796;36.69563747;0.0125;False;ok;74;1;0.651;
5088;-4.454968796;36.70813747;0.0125;False;ok;36;1;0.491;
5089;-4.442468796;36.70813747;0.0125;False;ok;75;1;0.816;
5090;-4.454968796;36.72063747;0.0125;False;ok;26;1;0.555;
5091;-4.442468796;36.72063747;0.0125;False;ok;75;1;0.883;
5092;-4.429968796;36.70813747;0.00625;False;ok;75;1;0.546;
5093;-4.423718796;36.70813747;0.00625;False;ok;10;1;0.388;
5094;-4.429968796;36.71438747;0.003125;False;ok;29;1;0.504;
5095;-4.426843796;36.71438747;0.003125;False;ok;73;1;0.752;
5096;-4.429968796;36.71751247;0.003125;False;ok;49;1;0.537;
5097;-4.426843796;36.71751247;0.003125;False;ok;73;1;0.643;
5098;-4.423718796;36.71438747;0.003125;False;ok;74;1;0.743;
5099;-4.420593796;36.71438747;0.003125;False;ok;1;1;0.382;
5100;-4.423718796;36.71751247;0.0015625;False;ok;21;1;0.536;
5101;-4.422156296;36.71751247;0.0015625;False;ok;13;1;0.471;
5102;-4.423718796;36.71907497;0.0015625;False;ok;75;1;0.634;
5103;-4.422156296;36.71907497;0.0015625;False;ok;34;1;0.608;
5104;-4.420593796;36.71751247;0.003125;False;ok;59;1;0.597;
5105;-4.417468796;36.71438747;0.00625;False;ok;75;1;0.582;
5106;-4.411218796;36.71438747;0.00625;False;ok;75;1;0.606;
5107;-4.429968796;36.72063747;0.003125;False;ok;75;1;0.735;
5108;-4.426843796;36.72063747;0.003125;False;ok;75;1;0.660;
5109;-4.429968796;36.72376247;0.003125;False;ok;70;1;0.611;
5110;-4.426843796;36.72376247;0.003125;False;ok;73;1;0.524;
5111;-4.423718796;36.72063747;0.0015625;False;ok;65;1;0.887;
5112;-4.422156296;36.72063747;0.0015625;False;ok;75;1;0.599;
5113;-4.423718796;36.72219997;0.0015625;False;ok;59;1;0.526;
5114;-4.422156296;36.72219997;0.0015625;False;ok;75;1;0.718;
5115;-4.420593796;36.72063747;0.0015625;False;ok;70;1;0.628;
5116;-4.419031296;36.72063747;0.0015625;False;ok;46;1;0.631;
5117;-4.420593796;36.72219997;0.0015625;False;ok;75;1;0.589;
5118;-4.419031296;36.72219997;0.0015625;False;ok;67;1;0.582;
5119;-4.423718796;36.72376247;0.0015625;False;ok;58;1;0.476;
5120;-4.422156296;36.72376247;0.0015625;False;ok;63;1;0.538;
5121;-4.423718796;36.72532497;0.0015625;False;ok;47;1;0.576;
5122;-4.422156296;36.72532497;0.0015625;False;ok;71;1;0.545;
5123;-4.420593796;36.72376247;0.0015625;False;ok;74;1;0.631;
5124;-4.419031296;36.72376247;0.0015625;False;ok;75;1;0.670;
5125;-4.420593796;36.72532497;0.0015625;False;ok;75;1;0.572;
5126;-4.419031296;36.72532497;0.0015625;False;ok;55;1;0.570;
5127;-4.429968796;36.72688747;0.00625;False;ok;73;1;2.038;
5128;-4.423718796;36.72688747;0.00625;False;ok;75;1;0.558;
5129;-4.417468796;36.72063747;0.003125;False;ok;52;1;0.581;
5130;-4.414343796;36.72063747;0.003125;False;ok;7;1;0.386;
5131;-4.417468796;36.72376247;0.003125;False;ok;75;1;0.675;
5132;-4.414343796;36.72376247;0.003125;False;ok;45;1;0.462;
5133;-4.411218796;36.72063747;0.00625;False;ok;49;1;0.553;
5134;-4.417468796;36.72688747;0.00625;False;ok;75;1;0.575;
5135;-4.411218796;36.72688747;0.00625;False;ok;26;1;0.492;
5136;-4.429968796;36.73313747;0.025;False;ok;67;1;0.623;
5137;-4.404968796;36.70813747;0.025;False;ok;72;1;0.662;
5138;-4.379968796;36.70813747;0.0125;False;ok;10;1;0.413;
5139;-4.367468796;36.70813747;0.0125;False;ok;73;1;0.778;
5140;-4.379968796;36.72063747;0.0125;False;ok;75;1;0.625;
5141;-4.367468796;36.72063747;0.0125;False;ok;64;1;0.602;
5142;-4.404968796;36.73313747;0.025;False;ok;3;1;0.398;
5143;-4.379968796;36.73313747;0.025;False;ok;18;1;0.403;
5144;-4.354968796;36.70813747;0.05;False;ok;73;1;0.704;
5145;-4.304968796;36.70813747;0.025;False;ok;74;1;0.826;
5146;-4.279968796;36.70813747;0.025;False;ok;72;1;0.617;
5147;-4.279968796;36.73313747;0.025;False;ok;15;1;1.871;
5148;-4.254968796;36.70813747;0.05;False;ok;75;1;0.678;
5149;-4.204968796;36.70813747;0.05;False;ok;74;1;0.651;
5150;-4.154968796;36.70813747;0.05;False;ok;54;1;0.546;
5151;-4.104968796;36.70813747;0.025;False;ok;42;1;0.543;
5152;-4.104968796;36.73313747;0.00625;False;ok;31;1;0.510;
5153;-4.098718796;36.73313747;0.00625;False;ok;73;1;0.804;
5154;-4.104968796;36.73938747;0.00625;False;ok;10;1;0.418;
5155;-4.098718796;36.73938747;0.00625;False;ok;73;1;0.626;
5156;-4.092468796;36.73313747;0.0125;False;ok;73;1;1.074;
5157;-4.104968796;36.74563747;0.0125;False;ok;12;1;0.428;
5158;-4.092468796;36.74563747;0.0125;False;ok;35;1;0.500;
5159;-4.079968796;36.73313747;0.025;False;ok;74;1;0.585;
5160;-4.054968796;36.70813747;0.05;False;ok;73;1;0.663;
5161;-3.979968796;36.72063747;0.0125;False;ok;72;1;0.567;
5162;-3.967468796;36.72063747;0.0125;False;ok;74;1;0.683;
5163;-4.004968796;36.73313747;0.025;False;ok;75;1;0.721;
5164;-3.979968796;36.73313747;0.025;False;ok;74;2;3.300;
5165;-3.954968796;36.70813747;0.025;False;ok;72;1;0.742;
5166;-3.954968796;36.73313747;0.025;False;ok;75;1;0.985;
5167;-3.929968796;36.73313747;0.025;False;ok;74;1;0.660;
5168;-3.904968796;36.73313747;0.0125;False;ok;28;1;0.550;
5169;-3.892468796;36.73938747;0.00625;False;ok;15;1;0.378;
5170;-3.886218796;36.73938747;0.003125;False;ok;44;1;0.558;
5171;-3.883093796;36.73938747;0.003125;False;ok;35;1;0.427;
5172;-3.886218796;36.74251247;0.003125;False;ok;72;1;0.901;
5173;-3.883093796;36.74251247;0.0015625;False;ok;43;1;0.507;
5174;-3.881531296;36.74251247;0.0015625;False;ok;75;1;0.615;
5175;-3.883093796;36.74407497;0.0015625;False;ok;14;1;0.513;
5176;-3.881531296;36.74407497;0.0015625;False;ok;43;1;0.648;
5177;-3.904968796;36.74563747;0.0125;False;ok;68;1;0.595;
5178;-3.892468796;36.74563747;0.0125;False;ok;54;1;0.565;
5179;-3.879968796;36.73313747;0.0125;False;ok;75;1;0.979;
5180;-3.879968796;36.74563747;0.003125;False;ok;72;1;0.639;
5181;-3.876843796;36.74563747;0.003125;False;ok;65;1;0.636;
5182;-3.879968796;36.74876247;0.003125;False;ok;50;1;0.519;
5183;-3.876843796;36.74876247;0.003125;False;ok;73;1;0.625;
5184;-3.873718796;36.74563747;0.003125;False;ok;74;1;0.565;
5185;-3.873718796;36.74876247;0.003125;False;ok;74;1;0.624;
5186;-3.870593796;36.74876247;0.003125;False;ok;62;1;0.629;
5187;-3.879968796;36.75188747;0.00625;False;ok;63;1;0.547;
5188;-3.873718796;36.75188747;0.003125;False;ok;73;1;0.529;
5189;-3.870593796;36.75188747;0.003125;False;ok;73;1;0.566;
5190;-3.873718796;36.75501247;0.003125;False;ok;49;1;0.555;
5191;-3.870593796;36.75501247;0.003125;False;ok;29;1;0.554;
5192;-3.867468796;36.74563747;0.0125;False;ok;74;1;0.581;
5193;-3.854968796;36.65813747;0.1;False;ok;73;1;0.592;
5194;-3.754968796;36.70813747;0.025;False;ok;61;1;0.527;
5195;-3.729968796;36.70813747;0.025;False;ok;70;1;0.783;
5196;-3.754968796;36.73313747;0.025;False;ok;70;1;0.564;
5197;-3.729968796;36.73313747;0.025;False;ok;73;1;1.067;
5198;-3.704968796;36.70813747;0.025;False;ok;75;1;0.776;
5199;-3.679968796;36.70813747;0.025;False;ok;14;1;0.450;
5200;-3.704968796;36.73313747;0.025;False;ok;74;1;0.585;
5201;-3.679968796;36.73313747;0.025;False;ok;73;1;0.826;
5202;-3.654968796;36.70813747;0.05;False;ok;73;1;0.713;
5203;-3.604968796;36.70813747;0.05;False;ok;75;1;0.780;
5204;-3.554968796;36.65813747;0.1;False;ok;74;1;0.727;
5205;-3.454968796;36.65813747;0.1;False;ok;54;1;0.613;
5206;-3.354968796;36.65813747;0.1;False;ok;30;1;0.587;
5207;-3.254968796;36.65813747;0.1;False;ok;10;1;0.506;
5208;-3.154968796;36.65813747;0.1;False;ok;11;1;0.518;
5209;-3.054968796;36.65813747;0.1;False;ok;27;1;0.524;
5210;-2.954968796;36.65813747;0.1;False;ok;15;1;0.480;
5211;-2.854968796;36.65813747;0.1;False;ok;70;1;0.647;
5212;-2.654968796;36.65813747;0.05;False;ok;0;1;1.187;
5213;-2.654968796;36.70813747;0.025;False;ok;73;1;0.644;
5214;-2.629968796;36.70813747;0.025;False;ok;73;1;0.708;
5215;-2.654968796;36.73313747;0.025;False;ok;2;1;0.343;
5216;-2.629968796;36.73313747;0.025;False;ok;75;1;0.755;
5217;-6.454968796;36.75813747;0.1;False;ok;74;1;0.857;
5218;-6.354968796;36.75813747;0.0125;False;ok;4;1;0.448;
5219;-6.342468796;36.75813747;0.0125;False;ok;1;1;0.402;
5220;-6.354968796;36.77063747;0.0125;False;ok;74;1;0.679;
5221;-6.342468796;36.77063747;0.0125;False;ok;8;1;0.520;
5222;-6.329968796;36.75813747;0.025;False;ok;3;1;0.407;
5223;-6.354968796;36.78313747;0.025;False;ok;73;1;0.556;
5224;-6.329968796;36.78313747;0.025;False;ok;26;1;0.691;
5225;-6.304968796;36.75813747;0.05;False;ok;0;1;1.156;
5226;-6.354968796;36.80813747;0.05;False;ok;1;1;0.358;
5227;-6.054968796;36.75813747;0.1;False;ok;6;1;0.425;
5228;-5.954968796;36.75813747;0.1;False;ok;1;1;0.370;
5229;-5.854968796;36.75813747;0.1;False;ok;22;1;0.562;
5230;-5.754968796;36.75813747;0.1;False;ok;12;1;0.444;
5231;-5.654968796;36.75813747;0.1;False;ok;44;1;0.698;
5232;-5.554968796;36.75813747;0.1;False;ok;72;1;0.627;
5233;-5.454968796;36.75813747;0.1;False;ok;72;1;0.663;
5234;-5.354968796;36.75813747;0.1;False;ok;72;1;0.683;
5235;-5.254968796;36.75813747;0.1;False;ok;50;1;0.504;
5236;-5.154968796;36.75813747;0.1;False;ok;73;1;0.544;
5237;-5.054968796;36.75813747;0.1;False;ok;1;1;0.392;
5238;-4.954968796;36.75813747;0.1;False;ok;8;1;0.517;
5239;-4.854968796;36.75813747;0.1;False;ok;46;1;0.704;
5240;-4.754968796;36.75813747;0.1;False;ok;74;1;0.643;
5241;-4.654968796;36.75813747;0.1;False;ok;20;1;0.575;
5242;-4.554968796;36.75813747;0.1;False;ok;36;1;0.598;
5243;-4.454968796;36.75813747;0.1;False;ok;12;1;0.460;
5244;-4.354968796;36.75813747;0.1;False;ok;29;1;0.502;
5245;-4.254968796;36.75813747;0.1;False;ok;73;1;0.629;
5246;-4.154968796;36.75813747;0.1;False;ok;74;1;0.729;
5247;-4.054968796;36.75813747;0.05;False;ok;74;1;0.602;
5248;-4.004968796;36.75813747;0.05;False;ok;75;1;0.592;
5249;-4.054968796;36.80813747;0.05;False;ok;51;1;0.654;
5250;-4.004968796;36.80813747;0.025;False;ok;30;1;0.531;
5251;-3.979968796;36.80813747;0.025;False;ok;73;1;0.713;
5252;-4.004968796;36.83313747;0.025;False;ok;44;1;0.574;
5253;-3.979968796;36.83313747;0.025;False;ok;49;1;0.587;
5254;-3.954968796;36.75813747;0.025;False;ok;62;1;0.642;
5255;-3.929968796;36.75813747;0.025;False;ok;58;1;0.556;
5256;-3.954968796;36.78313747;0.025;False;ok;19;1;0.463;
5257;-3.929968796;36.78313747;0.025;False;ok;73;1;0.554;
5258;-3.904968796;36.75813747;0.0125;False;ok;29;1;0.579;
5259;-3.892468796;36.75813747;0.0125;False;ok;70;1;0.556;
5260;-3.904968796;36.77063747;0.0125;False;ok;51;1;0.540;
5261;-3.892468796;36.77063747;0.0125;False;ok;15;1;0.499;
5262;-3.879968796;36.75813747;0.0125;False;ok;75;1;0.737;
5263;-3.867468796;36.75813747;0.0125;False;ok;75;1;0.606;
5264;-3.904968796;36.78313747;0.025;False;ok;75;1;0.736;
5265;-3.954968796;36.80813747;0.05;False;ok;33;1;0.525;
5266;-3.904968796;36.80813747;0.05;False;ok;1;1;0.410;
5267;-3.854968796;36.75813747;0.1;False;ok;43;1;0.515;
5268;-3.754968796;36.75813747;0.1;False;ok;42;1;0.449;
5269;-3.654968796;36.75813747;0.1;False;ok;40;1;0.789;
5270;-3.554968796;36.75813747;0.1;False;ok;36;1;0.577;
5271;-3.454968796;36.75813747;0.1;False;ok;11;1;0.446;
5272;-3.354968796;36.75813747;0.1;False;ok;26;1;0.490;
5273;-3.254968796;36.75813747;0.1;False;ok;7;1;0.427;
5274;-3.154968796;36.75813747;0.1;False;ok;8;1;0.479;
5275;-3.054968796;36.75813747;0.1;False;ok;5;1;0.491;
5276;-2.954968796;36.75813747;0.1;False;ok;6;1;0.440;
5277;-2.854968796;36.75813747;0.1;False;ok;10;1;0.413;
5278;-2.754968796;36.75813747;0.1;False;ok;1;1;0.388;
5279;-2.654968796;36.75813747;0.05;False;ok;59;1;0.508;
5280;-2.604968796;36.75813747;0.05;False;ok;70;1;0.904;
5281;-2.654968796;36.80813747;0.05;False;ok;28;1;0.534;
5282;-2.604968796;36.80813747;0.05;False;ok;72;1;0.787;
5283;-2.554968796;36.75813747;0.1;False;ok;75;1;0.725;
5284;-2.454968796;36.75813747;0.1;False;ok;74;1;0.612;
5285;-2.354968796;36.75813747;0.1;False;ok;74;1;0.660;
5286;-6.154968796;36.85813747;0.1;False;ok;13;1;0.444;
5287;-5.854968796;36.85813747;0.1;False;ok;1;1;0.438;
5288;-5.754968796;36.85813747;0.1;False;ok;0;1;1.117;
5289;-5.654968796;36.85813747;0.1;False;ok;6;1;0.415;
5290;-5.554968796;36.85813747;0.1;False;ok;4;1;0.486;
5291;-5.454968796;36.85813747;0.1;False;ok;59;1;0.611;
5292;-5.354968796;36.85813747;0.1;False;ok;69;1;0.714;
5293;-5.254968796;36.85813747;0.1;False;ok;75;1;0.607;
5294;-5.154968796;36.85813747;0.1;False;ok;2;1;0.376;
5295;-5.054968796;36.85813747;0.1;False;ok;22;1;0.474;
5296;-4.954968796;36.85813747;0.1;False;ok;6;1;0.383;
5297;-4.854968796;36.85813747;0.1;False;ok;73;1;0.601;
5298;-4.754968796;36.85813747;0.1;False;ok;75;1;0.710;
5299;-4.654968796;36.85813747;0.1;False;ok;75;1;0.620;
5300;-4.554968796;36.85813747;0.1;False;ok;39;1;0.492;
5301;-4.454968796;36.85813747;0.1;False;ok;38;1;0.504;
5302;-4.354968796;36.85813747;0.1;False;ok;51;1;0.640;
5303;-4.254968796;36.85813747;0.1;False;ok;71;1;0.605;
5304;-4.154968796;36.85813747;0.1;False;ok;72;1;0.608;
5305;-4.054968796;36.85813747;0.1;False;ok;16;1;0.480;
5306;-3.954968796;36.85813747;0.1;False;ok;4;1;0.433;
5307;-3.654968796;36.85813747;0.1;False;ok;56;1;0.621;
5308;-3.554968796;36.85813747;0.1;False;ok;72;1;0.665;
5309;-3.454968796;36.85813747;0.1;False;ok;75;1;0.723;
5310;-3.354968796;36.85813747;0.1;False;ok;75;1;0.751;
5311;-3.254968796;36.85813747;0.1;False;ok;9;1;0.457;
5312;-3.154968796;36.85813747;0.1;False;ok;4;2;2.815;
5313;-2.754968796;36.85813747;0.1;False;ok;4;1;0.471;
5314;-2.654968796;36.85813747;0.1;False;ok;17;1;0.540;
5315;-2.454968796;36.85813747;0.1;False;ok;16;1;0.427;
5316;-2.354968796;36.85813747;0.1;False;ok;1;1;0.500;
5317;-6.654968796;36.95813747;0.1;False;ok;39;1;0.558;
5318;-6.554968796;36.95813747;0.1;False;ok;58;1;0.550;
5319;-5.954968796;36.95813747;0.1;False;ok;3;1;0.472;
5320;-5.854968796;36.95813747;0.1;False;ok;1;1;0.852;
5321;-5.654968796;36.95813747;0.1;False;ok;13;1;0.536;
5322;-5.554968796;36.95813747;0.1;False;ok;1;1;0.367;
5323;-5.454968796;36.95813747;0.1;False;ok;6;1;0.487;
5324;-5.354968796;36.95813747;0.1;False;ok;5;1;0.417;
5325;-5.254968796;36.95813747;0.1;False;ok;9;1;0.393;
5326;-5.154968796;36.95813747;0.1;False;ok;4;1;0.409;
5327;-4.954968796;36.95813747;0.1;False;ok;19;1;0.483;
5328;-4.754968796;36.95813747;0.1;False;ok;6;1;0.530;
5329;-4.654968796;36.95813747;0.1;False;ok;74;1;0.659;
5330;-4.554968796;36.95813747;0.1;False;ok;11;1;0.429;
5331;-4.454968796;36.95813747;0.1;False;ok;19;1;0.530;
5332;-4.354968796;36.95813747;0.1;False;ok;32;1;0.483;
5333;-4.254968796;36.95813747;0.1;False;ok;7;1;0.389;
5334;-4.154968796;36.95813747;0.1;False;ok;4;1;0.491;
5335;-4.054968796;36.95813747;0.1;False;ok;19;1;0.468;
5336;-3.954968796;36.95813747;0.1;False;ok;7;1;0.465;
5337;-3.654968796;36.95813747;0.1;False;ok;74;1;0.681;
5338;-3.554968796;36.95813747;0.1;False;ok;38;1;0.574;
5339;-3.454968796;36.95813747;0.1;False;ok;58;1;0.599;
5340;-3.354968796;36.95813747;0.1;False;ok;33;1;0.554;
5341;-3.254968796;36.95813747;0.1;False;ok;12;1;0.432;
5342;-3.154968796;36.95813747;0.1;False;ok;27;1;0.586;
5343;-3.054968796;36.95813747;0.1;False;ok;18;1;0.581;
5344;-2.954968796;36.95813747;0.1;False;ok;35;1;0.607;
5345;-2.854968796;36.95813747;0.1;False;ok;12;1;0.500;
5346;-2.754968796;36.95813747;0.1;False;ok;12;1;0.435;
5347;-2.654968796;36.95813747;0.1;False;ok;10;1;0.405;
5348;-2.554968796;36.95813747;0.1;False;ok;3;1;0.412;
5349;-2.454968796;36.95813747;0.1;False;ok;19;1;0.515;
5350;-6.954968796;37.05813747;0.1;False;ok;4;1;0.396;
5351;-6.854968796;37.05813747;0.1;False;ok;56;1;0.521;
5352;-6.554968796;37.05813747;0.1;False;ok;63;1;0.561;
5353;-5.954968796;37.05813747;0.1;False;ok;3;1;0.330;
5354;-5.654968796;37.05813747;0.1;False;ok;1;1;0.358;
5355;-5.554968796;37.05813747;0.1;False;ok;4;1;0.409;
5356;-5.454968796;37.05813747;0.1;False;ok;4;1;0.378;
5357;-5.254968796;37.05813747;0.1;False;ok;0;1;1.217;
5358;-5.154968796;37.05813747;0.1;False;ok;5;1;0.428;
5359;-5.054968796;37.05813747;0.1;False;ok;0;1;1.162;
5360;-4.954968796;37.05813747;0.1;False;ok;4;1;0.496;
5361;-4.854968796;37.05813747;0.1;False;ok;8;1;0.441;
5362;-4.754968796;37.05813747;0.1;False;ok;22;1;0.516;
5363;-4.654968796;37.05813747;0.1;False;ok;2;1;0.423;
5364;-4.554968796;37.05813747;0.1;False;ok;8;1;0.465;
5365;-4.454968796;37.05813747;0.1;False;ok;41;1;0.569;
5366;-4.354968796;37.05813747;0.1;False;ok;29;1;0.545;
5367;-4.254968796;37.05813747;0.1;False;ok;1;1;0.361;
5368;-4.154968796;37.05813747;0.1;False;ok;11;1;0.432;
5369;-4.054968796;37.05813747;0.1;False;ok;5;1;0.399;
5370;-3.954968796;37.05813747;0.1;False;ok;5;1;0.457;
5371;-3.754968796;37.05813747;0.1;False;ok;19;1;0.886;
5372;-3.654968796;37.05813747;0.05;False;ok;35;1;0.443;
5373;-3.604968796;37.05813747;0.05;False;ok;13;1;0.486;
5374;-3.654968796;37.10813747;0.05;False;ok;55;1;0.581;
5375;-3.604968796;37.10813747;0.05;False;ok;69;1;0.795;
5376;-3.554968796;37.05813747;0.1;False;ok;74;1;0.755;
5377;-3.404968796;37.08938747;0.00625;False;ok;48;1;0.665;
5378;-3.398718796;37.08938747;0.003125;False;ok;7;1;0.496;
5379;-3.398718796;37.09251247;0.003125;False;ok;73;1;0.745;
5380;-3.395593796;37.09251247;0.003125;False;ok;48;1;0.685;
5381;-3.392468796;37.08313747;0.0125;False;ok;12;1;0.506;
5382;-3.404968796;37.09563747;0.00625;False;ok;7;1;0.511;
5383;-3.398718796;37.09563747;0.003125;False;ok;73;1;0.767;
5384;-3.395593796;37.09563747;0.003125;False;ok;72;1;0.663;
5385;-3.398718796;37.09876247;0.003125;False;ok;0;1;1.144;
5386;-3.395593796;37.09876247;0.003125;False;ok;5;1;0.415;
5387;-3.398718796;37.10188747;0.00625;False;ok;1;1;0.372;
5388;-3.392468796;37.09563747;0.0125;False;ok;1;1;0.515;
5389;-3.454968796;37.10813747;0.05;False;ok;25;1;0.523;
5390;-3.254968796;37.05813747;0.1;False;ok;1;1;0.406;
5391;-2.854968796;37.05813747;0.1;False;ok;7;1;0.442;
5392;-2.754968796;37.05813747;0.1;False;ok;0;1;1.127;
5393;-2.554968796;37.05813747;0.1;False;ok;3;1;0.430;
5394;-2.454968796;37.05813747;0.1;False;ok;12;1;0.494;
5395;-2.354968796;37.05813747;0.1;False;ok;7;1;0.456;
5396;-7.429968796;37.18313747;0.025;True;ok;0;1;0.643;
5397;-7.404968796;37.15813747;0.05;False;ok;75;1;0.809;
5398;-7.454968796;37.20813747;0.05;True;ok;71;1;0.669;
5399;-7.404968796;37.20813747;0.05;False;ok;49;1;0.459;
5400;-7.354968796;37.15813747;0.1;False;ok;74;1;0.691;
5401;-7.254968796;37.15813747;0.05;False;ok;62;1;0.723;
5402;-7.204968796;37.15813747;0.05;False;ok;1;1;0.400;
5403;-7.254968796;37.20813747;0.05;False;ok;73;1;0.701;
5404;-7.204968796;37.20813747;0.05;False;ok;8;1;0.520;
5405;-7.154968796;37.15813747;0.1;False;ok;67;1;0.719;
5406;-7.054968796;37.15813747;0.1;False;ok;73;1;0.667;
5407;-6.954968796;37.15813747;0.1;False;ok;68;1;0.629;
5408;-6.854968796;37.15813747;0.1;False;ok;1;1;0.469;
5409;-6.554968796;37.15813747;0.1;False;ok;6;1;0.426;
5410;-6.354968796;37.15813747;0.1;False;ok;7;1;0.478;
5411;-6.254968796;37.15813747;0.1;False;ok;0;1;1.123;
5412;-6.054968796;37.15813747;0.1;False;ok;1;1;0.462;
5413;-5.954968796;37.15813747;0.1;False;ok;7;1;0.547;
5414;-5.854968796;37.15813747;0.1;False;ok;20;1;0.532;
5415;-5.654968796;37.15813747;0.1;False;ok;0;1;1.137;
5416;-5.554968796;37.15813747;0.1;False;ok;4;1;0.450;
5417;-5.454968796;37.15813747;0.1;False;ok;5;1;0.536;
5418;-5.354968796;37.15813747;0.1;False;ok;37;1;0.533;
5419;-5.154968796;37.15813747;0.1;False;ok;15;1;0.445;
5420;-4.954968796;37.15813747;0.1;False;ok;4;1;0.440;
5421;-4.854968796;37.15813747;0.1;False;ok;15;1;0.605;
5422;-4.654968796;37.15813747;0.1;False;ok;2;1;0.430;
5423;-4.554968796;37.15813747;0.1;False;ok;9;1;0.403;
5424;-4.454968796;37.15813747;0.1;False;ok;24;1;0.587;
5425;-4.354968796;37.15813747;0.1;False;ok;36;1;0.608;
5426;-4.254968796;37.15813747;0.1;False;ok;13;1;0.447;
5427;-4.154968796;37.15813747;0.1;False;ok;8;1;0.492;
5428;-4.054968796;37.15813747;0.1;False;ok;6;1;0.494;
5429;-3.954968796;37.15813747;0.1;False;ok;6;1;0.337;
5430;-3.854968796;37.15813747;0.1;False;ok;12;1;0.429;
5431;-3.754968796;37.15813747;0.1;False;ok;44;1;0.735;
5432;-3.654968796;37.15813747;0.05;False;ok;75;1;0.715;
5433;-3.604968796;37.15813747;0.0125;False;ok;73;1;0.638;
5434;-3.592468796;37.15813747;0.0125;False;ok;46;1;0.531;
5435;-3.604968796;37.17063747;0.003125;False;ok;61;1;0.562;
5436;-3.601843796;37.17063747;0.003125;False;ok;49;1;0.572;
5437;-3.604968796;37.17376247;0.003125;False;ok;69;1;0.522;
5438;-3.601843796;37.17376247;0.003125;False;ok;75;1;0.721;
5439;-3.598718796;37.17063747;0.003125;False;ok;75;1;0.646;
5440;-3.595593796;37.17063747;0.003125;False;ok;47;1;0.544;
5441;-3.598718796;37.17376247;0.003125;False;ok;75;1;0.641;
5442;-3.595593796;37.17376247;0.003125;False;ok;67;1;1.207;
5443;-3.604968796;37.17688747;0.003125;False;ok;39;1;0.618;
5444;-3.601843796;37.17688747;0.003125;False;ok;75;1;0.710;
5445;-3.604968796;37.18001247;0.003125;False;ok;21;1;0.493;
5446;-3.601843796;37.18001247;0.003125;False;ok;74;1;0.668;
5447;-3.598718796;37.17688747;0.003125;False;ok;74;1;0.794;
5448;-3.595593796;37.17688747;0.003125;False;ok;74;1;0.598;
5449;-3.598718796;37.18001247;0.003125;False;ok;42;1;0.460;
5450;-3.595593796;37.18001247;0.003125;False;ok;28;1;0.552;
5451;-3.592468796;37.17063747;0.0125;False;ok;75;1;0.611;
5452;-3.579968796;37.15813747;0.025;False;ok;13;1;0.599;
5453;-3.604968796;37.18313747;0.025;False;ok;73;1;0.687;
5454;-3.654968796;37.20813747;0.05;False;ok;32;1;0.518;
5455;-3.604968796;37.20813747;0.05;False;ok;33;1;0.704;
5456;-3.554968796;37.15813747;0.1;False;ok;67;1;0.631;
5457;-3.454968796;37.15813747;0.1;False;ok;44;1;0.712;
5458;-3.254968796;37.15813747;0.1;False;ok;14;1;0.458;
5459;-3.154968796;37.15813747;0.1;False;ok;15;1;0.487;
5460;-3.054968796;37.15813747;0.1;False;ok;0;1;1.146;
5461;-2.954968796;37.15813747;0.1;False;ok;0;1;1.129;
5462;-2.754968796;37.15813747;0.1;False;ok;2;1;0.438;
5463;-2.454968796;37.15813747;0.1;False;ok;2;1;0.568;
5464;-2.354968796;37.15813747;0.1;False;ok;1;1;0.435;
5465;-7.454968796;37.25813747;0.1;True;ok;50;1;0.575;
5466;-7.354968796;37.25813747;0.1;False;ok;8;1;0.488;
5467;-7.254968796;37.25813747;0.1;False;ok;8;1;0.479;
5468;-7.154968796;37.25813747;0.1;False;ok;10;1;0.469;
5469;-7.054968796;37.25813747;0.1;False;ok;19;1;0.574;
5470;-6.954968796;37.25813747;0.1;False;ok;38;1;0.952;
5471;-6.854968796;37.25813747;0.1;False;ok;16;1;0.606;
5472;-6.754968796;37.25813747;0.1;False;ok;4;1;0.476;
5473;-6.654968796;37.25813747;0.1;False;ok;3;1;0.400;
5474;-6.554968796;37.25813747;0.1;False;ok;10;1;0.500;
5475;-6.454968796;37.25813747;0.1;False;ok;10;1;0.672;
5476;-6.354968796;37.25813747;0.1;False;ok;6;1;0.459;
5477;-6.254968796;37.25813747;0.1;False;ok;18;1;0.483;
5478;-6.154968796;37.25813747;0.1;False;ok;36;1;0.548;
5479;-6.054968796;37.25813747;0.1;False;ok;70;1;0.641;
5480;-5.954968796;37.25813747;0.1;False;ok;53;1;0.593;
5481;-5.854968796;37.25813747;0.1;False;ok;35;1;0.447;
5482;-5.554968796;37.25813747;0.1;False;ok;5;1;0.413;
5483;-5.454968796;37.25813747;0.1;False;ok;19;1;0.513;
5484;-5.254968796;37.25813747;0.1;False;ok;10;1;0.470;
5485;-4.954968796;37.25813747;0.1;False;ok;2;1;0.388;
5486;-4.854968796;37.25813747;0.1;False;ok;5;1;0.421;
5487;-4.754968796;37.25813747;0.1;False;ok;2;1;0.368;
5488;-4.554968796;37.25813747;0.1;False;ok;3;1;0.418;
5489;-4.454968796;37.25813747;0.1;False;ok;25;1;0.587;
5490;-4.354968796;37.25813747;0.1;False;ok;43;1;0.681;
5491;-4.254968796;37.25813747;0.1;False;ok;28;1;0.884;
5492;-4.154968796;37.25813747;0.1;False;ok;19;1;0.494;
5493;-4.054968796;37.25813747;0.1;False;ok;36;1;0.627;
5494;-3.954968796;37.25813747;0.1;False;ok;22;1;0.591;
5495;-3.854968796;37.25813747;0.1;False;ok;15;1;0.492;
5496;-3.754968796;37.25813747;0.1;False;ok;6;1;0.444;
5497;-3.654968796;37.25813747;0.1;False;ok;5;1;0.475;
5498;-3.354968796;37.25813747;0.1;False;ok;6;1;0.477;
5499;-3.254968796;37.25813747;0.1;False;ok;24;1;0.463;
5500;-3.154968796;37.25813747;0.1;False;ok;64;1;0.609;
5501;-2.554968796;37.25813747;0.1;False;ok;7;1;0.412;
5502;-2.454968796;37.25813747;0.1;False;ok;11;1;0.494;
5503;-2.354968796;37.25813747;0.1;False;ok;49;1;0.633;
5504;-7.254968796;37.35813747;0.1;False;ok;1;1;0.345;
5505;-7.154968796;37.35813747;0.1;False;ok;3;1;0.457;
5506;-7.054968796;37.35813747;0.1;False;ok;4;1;0.461;
5507;-6.854968796;37.35813747;0.1;False;ok;5;1;0.465;
5508;-6.754968796;37.35813747;0.1;False;ok;3;1;0.447;
5509;-6.554968796;37.35813747;0.1;False;ok;7;1;0.426;
5510;-6.454968796;37.35813747;0.1;False;ok;5;1;0.712;
5511;-6.254968796;37.35813747;0.1;False;ok;27;1;0.514;
5512;-6.154968796;37.35813747;0.1;False;ok;71;1;0.611;
5513;-6.054968796;37.35813747;0.05;False;ok;74;1;0.836;
5514;-5.992468796;37.35813747;0.0125;False;ok;13;1;0.520;
5515;-6.004968796;37.37063747;0.00625;False;ok;32;1;0.436;
5516;-5.998718796;37.37063747;0.00625;False;ok;29;1;0.564;
5517;-6.004968796;37.37688747;0.00625;False;ok;75;1;0.722;
5518;-5.998718796;37.37688747;0.00625;False;ok;44;1;0.449;
5519;-5.992468796;37.37063747;0.0125;False;ok;74;1;0.579;
5520;-5.979968796;37.35813747;0.025;False;ok;73;1;0.630;
5521;-6.004968796;37.38313747;0.00625;False;ok;74;1;0.659;
5522;-5.998718796;37.38313747;0.003125;False;ok;75;1;0.675;
5523;-5.995593796;37.38313747;0.003125;False;ok;61;1;0.680;
5524;-5.998718796;37.38626247;0.003125;False;ok;75;1;0.719;
5525;-5.995593796;37.38626247;0.003125;False;ok;75;1;0.623;
5526;-6.004968796;37.38938747;0.00625;False;ok;75;1;0.606;
5527;-5.998718796;37.38938747;0.003125;False;ok;75;1;0.593;
5528;-5.995593796;37.38938747;0.003125;False;ok;74;1;0.583;
5529;-5.998718796;37.39251247;0.003125;False;ok;46;1;0.567;
5530;-5.995593796;37.39251247;0.003125;False;ok;74;1;0.604;
5531;-5.992468796;37.38313747;0.003125;False;ok;75;1;0.636;
5532;-5.989343796;37.38313747;0.003125;False;ok;50;1;0.525;
5533;-5.992468796;37.38626247;0.003125;False;ok;75;1;0.669;
5534;-5.989343796;37.38626247;0.003125;False;ok;74;1;0.624;
5535;-5.986218796;37.38313747;0.00625;False;ok;75;1;0.611;
5536;-5.992468796;37.38938747;0.003125;False;ok;75;1;0.568;
5537;-5.989343796;37.38938747;0.003125;False;ok;75;1;0.555;
5538;-5.992468796;37.39251247;0.003125;False;ok;65;1;0.570;
5539;-5.989343796;37.39251247;0.003125;False;ok;72;1;0.534;
5540;-5.986218796;37.38938747;0.00625;False;ok;75;1;0.708;
5541;-6.004968796;37.39563747;0.00625;False;ok;43;1;0.463;
5542;-5.998718796;37.39563747;0.003125;False;ok;74;1;0.658;
5543;-5.995593796;37.39563747;0.003125;False;ok;74;1;0.561;
5544;-5.998718796;37.39876247;0.003125;False;ok;54;1;0.618;
5545;-5.995593796;37.39876247;0.003125;False;ok;74;1;0.557;
5546;-5.998718796;37.40188747;0.00625;False;ok;36;1;1.253;
5547;-5.992468796;37.39563747;0.003125;False;ok;73;1;0.496;
5548;-5.989343796;37.39563747;0.003125;False;ok;65;1;0.569;
5549;-5.992468796;37.39876247;0.003125;False;ok;71;1;0.582;
5550;-5.989343796;37.39876247;0.003125;False;ok;59;1;0.658;
5551;-5.986218796;37.39563747;0.00625;False;ok;72;1;0.610;
5552;-5.992468796;37.40188747;0.00625;False;ok;70;1;0.694;
5553;-5.986218796;37.40188747;0.00625;False;ok;25;1;0.425;
5554;-5.979968796;37.38313747;0.025;False;ok;73;1;0.670;
5555;-6.054968796;37.40813747;0.05;False;ok;28;1;0.535;
5556;-6.004968796;37.40813747;0.05;False;ok;48;1;0.571;
5557;-5.954968796;37.35813747;0.1;False;ok;72;1;0.819;
5558;-5.854968796;37.35813747;0.1;False;ok;13;1;0.409;
5559;-5.754968796;37.35813747;0.1;False;ok;9;1;0.507;
5560;-5.554968796;37.35813747;0.1;False;ok;0;1;1.208;
5561;-5.354968796;37.35813747;0.1;False;ok;0;1;1.135;
5562;-4.854968796;37.35813747;0.1;False;ok;14;1;0.528;
5563;-4.754968796;37.35813747;0.1;False;ok;4;1;0.414;
5564;-4.654968796;37.35813747;0.1;False;ok;12;1;0.478;
5565;-4.554968796;37.35813747;0.1;False;ok;43;1;0.560;
5566;-4.454968796;37.35813747;0.1;False;ok;8;1;0.580;
5567;-4.354968796;37.35813747;0.1;False;ok;30;1;0.508;
5568;-4.254968796;37.35813747;0.1;False;ok;56;1;0.546;
5569;-4.154968796;37.35813747;0.1;False;ok;22;1;0.568;
5570;-4.054968796;37.35813747;0.1;False;ok;8;1;0.430;
5571;-3.954968796;37.35813747;0.1;False;ok;10;1;0.444;
5572;-3.854968796;37.35813747;0.1;False;ok;20;1;0.566;
5573;-3.754968796;37.35813747;0.1;False;ok;3;1;0.432;
5574;-3.654968796;37.35813747;0.1;False;ok;0;1;1.119;
5575;-3.254968796;37.35813747;0.1;False;ok;9;1;0.486;
5576;-3.054968796;37.35813747;0.1;False;ok;6;1;0.415;
5577;-2.954968796;37.35813747;0.1;False;ok;5;1;0.504;
5578;-2.754968796;37.35813747;0.1;False;ok;3;1;0.438;
5579;-2.654968796;37.35813747;0.1;False;ok;0;1;1.164;
5580;-2.354968796;37.35813747;0.1;False;ok;4;1;0.496;
5581;-7.554968796;37.45813747;0.1;True;ok;20;1;0.530;
5582;-7.354968796;37.45813747;0.1;False;ok;2;1;0.390;
5583;-6.254968796;37.45813747;0.1;False;ok;15;1;0.522;
5584;-6.154968796;37.45813747;0.1;False;ok;3;1;0.479;
5585;-6.054968796;37.45813747;0.1;False;ok;24;1;0.464;
5586;-5.954968796;37.45813747;0.1;False;ok;8;1;0.412;
5587;-5.854968796;37.45813747;0.1;False;ok;4;1;0.486;
5588;-5.754968796;37.45813747;0.1;False;ok;10;1;0.416;
5589;-5.654968796;37.45813747;0.1;False;ok;44;1;0.525;
5590;-5.354968796;37.45813747;0.1;False;ok;11;1;0.464;
5591;-5.254968796;37.45813747;0.1;False;ok;2;1;0.394;
5592;-5.154968796;37.45813747;0.1;False;ok;37;1;0.558;
5593;-4.654968796;37.45813747;0.1;False;ok;7;1;0.419;
5594;-4.554968796;37.45813747;0.1;False;ok;7;1;0.509;
5595;-4.454968796;37.45813747;0.1;False;ok;15;1;0.442;
5596;-4.354968796;37.45813747;0.1;False;ok;43;1;0.561;
5597;-4.254968796;37.45813747;0.1;False;ok;27;1;0.540;
5598;-4.154968796;37.45813747;0.1;False;ok;15;1;0.526;
5599;-4.054968796;37.45813747;0.1;False;ok;12;1;0.445;
5600;-3.954968796;37.45813747;0.1;False;ok;29;1;0.503;
5601;-3.854968796;37.45813747;0.1;False;ok;9;1;0.467;
5602;-3.654968796;37.45813747;0.1;False;ok;8;1;0.525;
5603;-3.554968796;37.45813747;0.1;False;ok;0;1;1.115;
5604;-3.354968796;37.45813747;0.1;False;ok;0;1;1.143;
5605;-3.154968796;37.45813747;0.1;False;ok;1;1;0.395;
5606;-3.054968796;37.45813747;0.1;False;ok;13;1;0.439;
5607;-2.954968796;37.45813747;0.1;False;ok;16;1;0.758;
5608;-2.854968796;37.45813747;0.1;False;ok;19;1;0.517;
5609;-2.754968796;37.45813747;0.1;False;ok;21;1;0.462;
5610;-2.654968796;37.45813747;0.1;False;ok;2;1;0.409;
5611;-2.554968796;37.45813747;0.1;False;ok;0;1;1.169;
5612;-2.354968796;37.45813747;0.1;False;ok;5;1;0.408;
5613;-7.454968796;37.55813747;0.1;False;ok;1;1;0.442;
5614;-6.854968796;37.55813747;0.1;False;ok;0;1;1.168;
5615;-6.754968796;37.55813747;0.1;False;ok;3;1;0.330;
5616;-6.554968796;37.55813747;0.1;False;ok;2;1;0.375;
5617;-6.354968796;37.55813747;0.1;False;ok;4;1;0.410;
5618;-6.254968796;37.55813747;0.1;False;ok;7;1;0.419;
5619;-6.154968796;37.55813747;0.1;False;ok;21;1;0.479;
5620;-5.954968796;37.55813747;0.1;False;ok;3;1;0.445;
5621;-5.854968796;37.55813747;0.1;False;ok;13;1;0.507;
5622;-5.754968796;37.55813747;0.1;False;ok;10;1;0.419;
5623;-5.654968796;37.55813747;0.1;False;ok;0;1;1.114;
5624;-5.554968796;37.55813747;0.1;False;ok;7;1;0.502;
5625;-5.154968796;37.55813747;0.1;False;ok;1;1;0.345;
5626;-5.054968796;37.55813747;0.1;False;ok;7;1;0.521;
5627;-4.954968796;37.55813747;0.1;False;ok;8;1;0.426;
5628;-4.854968796;37.55813747;0.1;False;ok;2;1;0.510;
5629;-4.754968796;37.55813747;0.1;False;ok;20;1;0.653;
5630;-4.654968796;37.55813747;0.1;False;ok;19;1;0.450;
5631;-4.354968796;37.55813747;0.1;False;ok;52;1;0.523;
5632;-4.254968796;37.55813747;0.1;False;ok;1;1;0.477;
5633;-4.154968796;37.55813747;0.1;False;ok;11;1;0.539;
5634;-4.054968796;37.55813747;0.1;False;ok;2;1;0.506;
5635;-3.954968796;37.55813747;0.1;False;ok;8;1;0.376;
5636;-3.854968796;37.55813747;0.1;False;ok;5;1;0.404;
5637;-3.654968796;37.55813747;0.1;False;ok;6;1;0.402;
5638;-3.554968796;37.55813747;0.1;False;ok;10;1;0.484;
5639;-3.054968796;37.55813747;0.1;False;ok;1;1;0.380;
5640;-2.954968796;37.55813747;0.1;False;ok;8;1;0.592;
5641;-2.854968796;37.55813747;0.1;False;ok;6;1;0.371;
5642;-2.754968796;37.55813747;0.1;False;ok;10;1;0.438;
5643;-2.654968796;37.55813747;0.1;False;ok;3;1;0.457;
5644;-2.554968796;37.55813747;0.1;False;ok;1;1;0.323;
5645;-2.454968796;37.55813747;0.1;False;ok;1;1;0.398;
5646;-2.354968796;37.55813747;0.1;False;ok;0;1;1.162;
5647;-6.954968796;37.65813747;0.1;False;ok;3;1;0.463;
5648;-6.754968796;37.65813747;0.1;False;ok;1;1;0.418;
5649;-6.654968796;37.65813747;0.1;False;ok;4;1;0.331;
5650;-6.554968796;37.65813747;0.1;False;ok;2;1;0.532;
5651;-6.454968796;37.65813747;0.1;False;ok;0;1;1.111;
5652;-6.354968796;37.65813747;0.1;False;ok;11;1;0.414;
5653;-6.254968796;37.65813747;0.1;False;ok;23;1;0.505;
5654;-6.154968796;37.65813747;0.1;False;ok;9;1;0.459;
5655;-6.054968796;37.65813747;0.1;False;ok;9;1;0.488;
5656;-5.654968796;37.65813747;0.1;False;ok;2;1;0.351;
5657;-5.554968796;37.65813747;0.1;False;ok;5;1;0.396;
5658;-5.354968796;37.65813747;0.1;False;ok;26;1;0.473;
5659;-5.154968796;37.65813747;0.1;False;ok;6;1;0.507;
5660;-4.954968796;37.65813747;0.1;False;ok;13;1;0.522;
5661;-4.654968796;37.65813747;0.1;False;ok;3;1;0.409;
5662;-4.554968796;37.65813747;0.1;False;ok;6;1;0.461;
5663;-4.154968796;37.65813747;0.1;False;ok;2;1;0.440;
5664;-4.054968796;37.65813747;0.1;False;ok;17;1;0.534;
5665;-3.854968796;37.65813747;0.1;False;ok;6;1;0.469;
5666;-3.754968796;37.65813747;0.1;False;ok;8;1;0.477;
5667;-3.654968796;37.65813747;0.1;False;ok;30;1;0.614;
5668;-3.554968796;37.65813747;0.1;False;ok;3;1;0.418;
5669;-3.454968796;37.65813747;0.1;False;ok;4;1;0.465;
5670;-3.354968796;37.65813747;0.1;False;ok;1;1;0.454;
5671;-3.054968796;37.65813747;0.1;False;ok;36;1;0.479;
5672;-2.954968796;37.65813747;0.1;False;ok;58;1;0.684;
5673;-2.854968796;37.65813747;0.1;False;ok;7;1;0.487;
5674;-2.754968796;37.65813747;0.1;False;ok;6;1;0.413;
5675;-2.654968796;37.65813747;0.1;False;ok;4;1;0.444;
5676;-2.554968796;37.65813747;0.1;False;ok;24;1;0.487;
5677;-2.454968796;37.65813747;0.1;False;ok;3;1;0.420;
5678;-6.754968796;37.75813747;0.1;False;ok;2;1;0.499;
5679;-6.554968796;37.75813747;0.1;False;ok;2;1;0.347;
5680;-6.454968796;37.75813747;0.1;False;ok;13;1;0.458;
5681;-6.354968796;37.75813747;0.1;False;ok;13;1;0.427;
5682;-5.854968796;37.75813747;0.1;False;ok;8;1;0.552;
5683;-5.754968796;37.75813747;0.1;False;ok;1;1;0.336;
5684;-5.454968796;37.75813747;0.1;False;ok;29;1;0.496;
5685;-5.354968796;37.75813747;0.1;False;ok;8;1;0.415;
5686;-5.254968796;37.75813747;0.1;False;ok;27;1;0.534;
5687;-5.154968796;37.75813747;0.1;False;ok;14;1;0.471;
5688;-5.054968796;37.75813747;0.1;False;ok;42;1;0.539;
5689;-4.954968796;37.75813747;0.1;False;ok;12;1;0.484;
5690;-4.854968796;37.75813747;0.1;False;ok;1;1;0.322;
5691;-4.254968796;37.75813747;0.1;False;ok;1;1;0.418;
5692;-3.954968796;37.75813747;0.1;False;ok;8;1;0.408;
5693;-3.854968796;37.75813747;0.1;False;ok;74;1;0.676;
5694;-3.754968796;37.75813747;0.1;False;ok;6;1;0.412;
5695;-3.654968796;37.75813747;0.1;False;ok;10;1;0.490;
5696;-3.554968796;37.75813747;0.1;False;ok;25;1;0.524;
5697;-3.454968796;37.75813747;0.1;False;ok;17;1;0.429;
5698;-3.154968796;37.75813747;0.1;False;ok;27;1;0.546;
5699;-3.054968796;37.75813747;0.1;False;ok;5;1;0.366;
5700;-2.954968796;37.75813747;0.1;False;ok;6;1;0.534;
5701;-2.854968796;37.75813747;0.1;False;ok;58;1;0.634;
5702;-2.754968796;37.75813747;0.1;False;ok;7;1;0.464;
5703;-2.654968796;37.75813747;0.1;False;ok;1;1;0.446;
5704;-2.554968796;37.75813747;0.1;False;ok;18;1;0.659;
5705;-7.054968796;37.85813747;0.1;False;ok;5;1;0.409;
5706;-6.854968796;37.85813747;0.1;False;ok;29;1;0.588;
5707;-6.754968796;37.85813747;0.1;False;ok;75;1;0.675;
5708;-6.654968796;37.85813747;0.1;False;ok;75;1;0.612;
5709;-6.554968796;37.85813747;0.1;False;ok;47;1;0.648;
5710;-6.454968796;37.85813747;0.1;False;ok;2;1;0.421;
5711;-6.354968796;37.85813747;0.1;False;ok;1;1;0.342;
5712;-6.254968796;37.85813747;0.1;False;ok;16;1;0.539;
5713;-6.154968796;37.85813747;0.1;False;ok;11;1;0.514;
5714;-5.954968796;37.85813747;0.1;False;ok;1;1;0.390;
5715;-5.854968796;37.85813747;0.1;False;ok;52;1;0.478;
5716;-5.754968796;37.85813747;0.1;False;ok;17;1;0.552;
5717;-5.654968796;37.85813747;0.1;False;ok;43;1;0.588;
5718;-5.554968796;37.85813747;0.1;False;ok;4;1;0.440;
5719;-5.054968796;37.85813747;0.1;False;ok;4;1;0.344;
5720;-4.954968796;37.85813747;0.1;False;ok;12;1;0.440;
5721;-4.854968796;37.85813747;0.05;False;ok;3;1;0.385;
5722;-4.804968796;37.85813747;0.0125;False;ok;0;1;1.286;
5723;-4.792468796;37.85813747;0.0125;False;ok;14;1;0.521;
5724;-4.804968796;37.87063747;0.0125;False;ok;6;1;0.529;
5725;-4.792468796;37.87063747;0.00625;False;ok;2;1;0.360;
5726;-4.786218796;37.87063747;0.00625;False;ok;49;1;0.561;
5727;-4.792468796;37.87688747;0.00625;False;ok;75;1;0.780;
5728;-4.786218796;37.87688747;0.003125;False;ok;44;1;0.670;
5729;-4.783093796;37.87688747;0.003125;False;ok;54;1;0.621;
5730;-4.786218796;37.88001247;0.003125;False;ok;20;1;0.475;
5731;-4.783093796;37.88001247;0.003125;False;ok;75;1;0.723;
5732;-4.779968796;37.85813747;0.0125;False;ok;22;1;0.567;
5733;-4.779968796;37.87063747;0.00625;False;ok;74;1;0.613;
5734;-4.773718796;37.87063747;0.00625;False;ok;15;1;0.460;
5735;-4.779968796;37.87688747;0.00625;False;ok;75;1;0.594;
5736;-4.773718796;37.87688747;0.00625;False;ok;75;1;0.615;
5737;-4.767468796;37.87063747;0.0125;False;ok;28;1;0.521;
5738;-4.804968796;37.88313747;0.025;False;ok;75;1;0.672;
5739;-4.779968796;37.88313747;0.00625;False;ok;75;1;0.706;
5740;-4.773718796;37.88313747;0.00625;False;ok;75;1;0.742;
5741;-4.779968796;37.88938747;0.00625;False;ok;37;1;0.572;
5742;-4.773718796;37.88938747;0.00625;False;ok;35;1;0.554;
5743;-4.767468796;37.88313747;0.0125;False;ok;38;1;0.558;
5744;-4.767468796;37.89563747;0.0125;False;ok;3;1;0.515;
5745;-4.854968796;37.90813747;0.05;False;ok;8;1;0.475;
5746;-4.804968796;37.90813747;0.05;False;ok;23;1;0.755;
5747;-4.754968796;37.85813747;0.1;False;ok;21;1;0.443;
5748;-4.654968796;37.85813747;0.1;False;ok;4;1;0.522;
5749;-4.554968796;37.85813747;0.1;False;ok;4;1;0.454;
5750;-4.454968796;37.85813747;0.1;False;ok;2;1;0.362;
5751;-4.354968796;37.85813747;0.1;False;ok;1;1;0.367;
5752;-4.254968796;37.85813747;0.1;False;ok;3;1;0.461;
5753;-4.154968796;37.85813747;0.1;False;ok;6;1;0.425;
5754;-4.054968796;37.85813747;0.1;False;ok;3;1;0.408;
5755;-3.854968796;37.85813747;0.1;False;ok;0;1;1.263;
5756;-3.654968796;37.85813747;0.1;False;ok;0;1;1.190;
5757;-3.154968796;37.85813747;0.1;False;ok;8;1;0.637;
5758;-3.004968796;37.85813747;0.05;False;ok;26;1;0.488;
5759;-3.054968796;37.90813747;0.05;False;ok;49;1;0.574;
5760;-3.004968796;37.90813747;0.0125;False;ok;74;1;0.596;
5761;-2.992468796;37.90813747;0.0125;False;ok;3;1;0.477;
5762;-3.004968796;37.92063747;0.0125;False;ok;7;1;0.394;
5763;-2.992468796;37.92063747;0.0125;False;ok;28;1;0.567;
5764;-2.979968796;37.90813747;0.025;False;ok;5;1;0.427;
5765;-3.004968796;37.93313747;0.025;False;ok;4;1;0.407;
5766;-2.979968796;37.93313747;0.025;False;ok;28;1;0.533;
5767;-2.954968796;37.85813747;0.1;False;ok;75;1;0.581;
5768;-2.754968796;37.85813747;0.1;False;ok;4;1;0.495;
5769;-2.454968796;37.85813747;0.1;False;ok;11;1;0.566;
5770;-7.254968796;37.95813747;0.1;True;ok;3;1;0.387;
5771;-6.954968796;37.95813747;0.1;False;ok;0;1;1.165;
5772;-6.854968796;37.95813747;0.1;False;ok;4;1;0.421;
5773;-6.754968796;37.95813747;0.1;False;ok;3;1;0.412;
5774;-6.654968796;37.95813747;0.1;False;ok;4;1;0.445;
5775;-6.454968796;37.95813747;0.1;False;ok;3;1;0.517;
5776;-6.354968796;37.95813747;0.1;False;ok;6;1;0.417;
5777;-6.254968796;37.95813747;0.1;False;ok;1;1;0.470;
5778;-5.954968796;37.95813747;0.1;False;ok;1;1;0.353;
5779;-5.854968796;37.95813747;0.1;False;ok;1;1;0.354;
5780;-5.754968796;37.95813747;0.1;False;ok;6;1;0.435;
5781;-5.654968796;37.95813747;0.1;False;ok;7;1;0.501;
5782;-5.054968796;37.95813747;0.1;False;ok;5;1;0.432;
5783;-4.954968796;37.95813747;0.1;False;ok;4;1;0.436;
5784;-4.854968796;37.95813747;0.1;False;ok;33;1;0.570;
5785;-4.754968796;37.95813747;0.1;False;ok;0;1;1.183;
5786;-4.554968796;37.95813747;0.1;False;ok;10;1;0.453;
5787;-4.354968796;37.95813747;0.1;False;ok;3;1;0.422;
5788;-4.254968796;37.95813747;0.1;False;ok;11;1;0.448;
5789;-4.154968796;37.95813747;0.1;False;ok;24;1;0.576;
5790;-4.054968796;37.95813747;0.1;False;ok;17;1;0.474;
5791;-3.854968796;37.95813747;0.1;False;ok;1;1;0.367;
5792;-3.554968796;37.95813747;0.1;False;ok;75;1;0.581;
5793;-3.454968796;37.95813747;0.1;False;ok;73;1;0.579;
5794;-3.354968796;37.95813747;0.1;False;ok;5;1;0.581;
5795;-3.154968796;37.95813747;0.1;False;ok;6;1;0.421;
5796;-2.954968796;37.95813747;0.1;False;ok;17;1;0.535;
5797;-2.854968796;37.95813747;0.1;False;ok;10;1;0.431;
5798;-2.654968796;37.95813747;0.1;False;ok;3;1;0.427;
5799;-2.554968796;37.95813747;0.1;False;ok;4;1;0.388;
5800;-6.954968796;38.05813747;0.1;False;ok;8;1;0.458;
5801;-6.754968796;38.05813747;0.1;False;ok;5;1;0.622;
5802;-6.654968796;38.05813747;0.1;False;ok;6;1;0.481;
5803;-6.554968796;38.05813747;0.1;False;ok;24;1;0.649;
5804;-6.454968796;38.05813747;0.1;False;ok;6;1;0.485;
5805;-6.354968796;38.05813747;0.1;False;ok;20;1;0.733;
5806;-6.254968796;38.05813747;0.1;False;ok;1;1;0.400;
5807;-5.854968796;38.05813747;0.1;False;ok;17;1;0.504;
5808;-5.054968796;38.05813747;0.1;False;ok;1;1;0.490;
5809;-4.954968796;38.05813747;0.1;False;ok;7;1;0.407;
5810;-4.454968796;38.05813747;0.1;False;ok;0;1;1.163;
5811;-4.354968796;38.05813747;0.1;False;ok;0;1;1.171;
5812;-4.054968796;38.05813747;0.1;False;ok;12;1;0.520;
5813;-3.954968796;38.05813747;0.1;False;ok;1;1;0.363;
5814;-3.854968796;38.05813747;0.1;False;ok;6;1;0.463;
5815;-3.754968796;38.05813747;0.1;False;ok;1;1;0.405;
5816;-3.654968796;38.05813747;0.1;False;ok;39;1;0.628;
5817;-3.554968796;38.05813747;0.1;False;ok;4;1;0.491;
5818;-3.354968796;38.05813747;0.1;False;ok;10;1;0.497;
5819;-3.254968796;38.05813747;0.1;False;ok;1;1;0.361;
5820;-3.154968796;38.05813747;0.1;False;ok;3;1;0.446;
5821;-3.054968796;38.05813747;0.1;False;ok;22;1;0.462;
5822;-2.854968796;38.05813747;0.1;False;ok;3;1;0.349;
5823;-2.754968796;38.05813747;0.1;False;ok;20;1;0.523;
5824;-2.654968796;38.05813747;0.1;False;ok;9;1;0.462;
5825;-2.454968796;38.05813747;0.1;False;ok;1;1;0.409;
5826;-2.354968796;38.05813747;0.1;False;ok;7;1;0.425;
5827;-7.154968796;38.15813747;0.1;False;ok;1;1;0.451;
5828;-6.754968796;38.15813747;0.1;False;ok;6;1;0.432;
5829;-6.354968796;38.15813747;0.1;False;ok;1;1;0.425;
5830;-6.054968796;38.15813747;0.1;False;ok;6;1;0.495;
5831;-5.954968796;38.15813747;0.1;False;ok;1;1;0.451;
5832;-5.454968796;38.15813747;0.1;False;ok;3;1;0.470;
5833;-5.354968796;38.15813747;0.1;False;ok;9;1;0.472;
5834;-5.154968796;38.15813747;0.1;False;ok;3;1;0.406;
5835;-4.354968796;38.15813747;0.1;False;ok;1;1;0.372;
5836;-4.054968796;38.15813747;0.1;False;ok;3;1;0.453;
5837;-3.854968796;38.15813747;0.1;False;ok;19;1;0.443;
5838;-3.754968796;38.15813747;0.1;False;ok;3;1;0.477;
5839;-3.654968796;38.15813747;0.1;False;ok;1;1;0.353;
5840;-3.554968796;38.15813747;0.1;False;ok;5;1;0.359;
5841;-3.454968796;38.15813747;0.1;False;ok;2;1;0.429;
5842;-3.254968796;38.15813747;0.1;False;ok;3;1;0.446;
5843;-3.054968796;38.15813747;0.1;False;ok;8;1;0.502;
5844;-2.954968796;38.15813747;0.1;False;ok;11;1;0.470;
5845;-2.854968796;38.15813747;0.1;False;ok;4;1;0.470;
5846;-2.754968796;38.15813747;0.1;False;ok;34;1;0.544;
5847;-2.654968796;38.15813747;0.1;False;ok;6;1;0.414;
5848;-2.554968796;38.15813747;0.1;False;ok;3;1;0.533;
5849;-2.454968796;38.15813747;0.1;False;ok;5;1;0.567;
5850;-2.354968796;38.15813747;0.1;False;ok;2;1;0.412;
5851;0.08550972;35.95813747;0.1;True;ok;0;1;0.531;
5852;-2.21449028;36.65813747;0.1;False;ok;19;1;0.555;
5853;-2.11449028;36.65813747;0.1;False;ok;38;1;0.574;
5854;-2.31449028;36.75813747;0.1;False;ok;74;1;0.668;
5855;-2.21449028;36.75813747;0.1;False;ok;24;1;0.444;
5856;-2.11449028;36.75813747;0.00625;False;ok;74;1;0.584;
5857;-2.10824028;36.75813747;0.00625;False;ok;35;1;0.596;
5858;-2.11449028;36.76438747;0.00625;False;ok;69;1;0.796;
5859;-2.10824028;36.76438747;0.00625;False;ok;61;1;0.938;
5860;-2.11449028;36.77063747;0.0125;False;ok;2;1;0.375;
5861;-2.11449028;36.78313747;0.025;False;ok;52;1;0.591;
5862;-2.08949028;36.78313747;0.025;False;ok;6;1;0.404;
5863;-2.06449028;36.75813747;0.05;False;ok;5;1;0.593;
5864;-2.11449028;36.80813747;0.05;False;ok;10;1;0.510;
5865;-2.06449028;36.80813747;0.05;False;ok;72;1;0.577;
5866;-2.31449028;36.85813747;0.1;False;ok;3;1;0.484;
5867;-2.21449028;36.85813747;0.1;False;ok;7;1;0.422;
5868;-2.11449028;36.85813747;0.1;False;ok;41;1;0.594;
5869;-2.01449028;36.85813747;0.1;False;ok;75;1;0.709;
5870;-2.31449028;36.95813747;0.1;False;ok;2;1;0.533;
5871;-2.21449028;36.95813747;0.1;False;ok;71;1;0.609;
5872;-2.11449028;36.95813747;0.1;False;ok;6;1;0.472;
5873;-2.01449028;36.95813747;0.1;False;ok;5;1;0.443;
5874;-1.91449028;36.95813747;0.1;False;ok;74;1;0.722;
5875;-2.31449028;37.05813747;0.1;False;ok;2;1;0.339;
5876;-2.21449028;37.05813747;0.1;False;ok;4;1;0.448;
5877;-2.11449028;37.05813747;0.1;False;ok;10;1;0.406;
5878;-2.01449028;37.05813747;0.1;False;ok;17;1;0.498;
5879;-1.91449028;37.05813747;0.05;False;ok;1;1;0.354;
5880;-1.86449028;37.05813747;0.05;False;ok;69;1;0.730;
5881;-1.91449028;37.10813747;0.05;False;ok;12;1;0.475;
5882;-1.86449028;37.10813747;0.025;False;ok;72;1;0.649;
5883;-1.83949028;37.10813747;0.025;False;ok;46;1;0.521;
5884;-1.86449028;37.13313747;0.025;False;ok;58;1;0.653;
5885;-1.83949028;37.13313747;0.025;False;ok;73;1;0.700;
5886;-2.31449028;37.15813747;0.1;False;ok;1;1;0.361;
5887;-2.21449028;37.15813747;0.1;False;ok;1;1;0.369;
5888;-2.11449028;37.15813747;0.1;False;ok;9;1;0.408;
5889;-2.01449028;37.15813747;0.1;False;ok;22;1;0.493;
5890;-1.91449028;37.15813747;0.05;False;ok;59;1;0.656;
5891;-1.83949028;37.15813747;0.025;False;ok;72;1;0.607;
5892;-1.83949028;37.18313747;0.025;False;ok;72;1;0.666;
5893;-1.91449028;37.20813747;0.05;False;ok;4;1;0.451;
5894;-1.86449028;37.20813747;0.025;False;ok;0;1;1.148;
5895;-1.83949028;37.20813747;0.025;False;ok;74;1;0.654;
5896;-1.86449028;37.23313747;0.025;False;ok;6;1;0.445;
5897;-1.83949028;37.23313747;0.025;False;ok;13;1;0.495;
5898;-1.81449028;37.15813747;0.05;False;ok;22;1;0.546;
5899;-1.81449028;37.20813747;0.0125;False;ok;73;1;0.774;
5900;-1.81449028;37.22063747;0.00625;False;ok;17;1;0.546;
5901;-1.80824028;37.22063747;0.00625;False;ok;73;1;0.546;
5902;-1.81449028;37.22688747;0.00625;False;ok;4;1;0.489;
5903;-1.80824028;37.22688747;0.00625;False;ok;60;1;0.644;
5904;-1.80199028;37.22063747;0.0125;False;ok;74;1;0.653;
5905;-1.81449028;37.23313747;0.025;False;ok;24;1;0.665;
5906;-1.78949028;37.23313747;0.025;False;ok;21;1;0.524;
5907;-2.31449028;37.25813747;0.1;False;ok;9;1;0.526;
5908;-2.21449028;37.25813747;0.1;False;ok;5;1;0.487;
5909;-2.11449028;37.25813747;0.1;False;ok;21;1;0.512;
5910;-2.01449028;37.25813747;0.1;False;ok;6;1;0.377;
5911;-1.91449028;37.25813747;0.1;False;ok;15;1;0.531;
5912;-1.81449028;37.25813747;0.1;False;ok;10;1;0.449;
5913;-1.71449028;37.30813747;0.025;False;ok;17;1;0.579;
5914;-1.71449028;37.33313747;0.025;False;ok;56;1;0.624;
5915;-1.68949028;37.33313747;0.025;False;ok;75;1;0.604;
5916;-1.66449028;37.30813747;0.05;False;ok;5;1;0.479;
5917;-2.31449028;37.35813747;0.1;False;ok;4;1;0.438;
5918;-2.21449028;37.35813747;0.1;False;ok;16;1;0.631;
5919;-2.11449028;37.35813747;0.1;False;ok;10;1;0.563;
5920;-2.01449028;37.35813747;0.1;False;ok;5;1;0.473;
5921;-1.91449028;37.35813747;0.1;False;ok;4;1;0.490;
5922;-1.81449028;37.35813747;0.1;False;ok;5;1;0.528;
5923;-1.71449028;37.35813747;0.1;False;ok;70;1;0.837;
5924;-1.61449028;37.35813747;0.1;False;ok;75;1;1.009;
5925;-1.51449028;37.35813747;0.1;False;ok;26;1;0.686;
5926;-2.31449028;37.45813747;0.1;False;ok;11;1;0.616;
5927;-2.11449028;37.45813747;0.1;False;ok;9;1;0.712;
5928;-2.01449028;37.45813747;0.1;False;ok;6;1;0.704;
5929;-1.81449028;37.45813747;0.1;False;ok;4;1;0.664;
5930;-1.71449028;37.45813747;0.1;False;ok;7;1;0.698;
5931;-1.51449028;37.45813747;0.1;False;ok;3;1;0.634;
5932;-1.41449028;37.45813747;0.1;False;ok;3;1;0.491;
5933;-1.21449028;37.45813747;0.1;False;ok;8;1;0.566;
5934;-2.31449028;37.55813747;0.1;False;ok;1;1;0.494;
5935;-2.11449028;37.55813747;0.1;False;ok;24;1;0.678;
5936;-2.01449028;37.55813747;0.1;False;ok;1;1;0.496;
5937;-1.91449028;37.55813747;0.1;False;ok;0;1;1.203;
5938;-1.81449028;37.55813747;0.1;False;ok;9;1;0.531;
5939;-1.51449028;37.55813747;0.1;False;ok;1;1;0.521;
5940;-1.41449028;37.55813747;0.1;False;ok;42;1;0.673;
5941;-1.31449028;37.55813747;0.05;False;ok;70;1;0.760;
5942;-1.26449028;37.55813747;0.05;False;ok;72;1;0.791;
5943;-1.26449028;37.60813747;0.05;False;ok;1;1;0.337;
5944;-1.21449028;37.55813747;0.1;False;ok;47;1;0.578;
5945;-1.11449028;37.55813747;0.1;False;ok;11;1;0.521;
5946;-1.01449028;37.55813747;0.1;False;ok;74;1;0.596;
5947;-0.91449028;37.55813747;0.1;False;ok;15;1;0.494;
5948;-0.81449028;37.58313747;0.0125;False;ok;18;1;0.552;
5949;-0.80199028;37.58313747;0.0125;False;ok;16;1;0.528;
5950;-0.81449028;37.59563747;0.0125;False;ok;50;1;0.554;
5951;-0.80199028;37.59563747;0.0125;False;ok;7;1;0.474;
5952;-0.81449028;37.60813747;0.025;False;ok;16;1;0.520;
5953;-0.78949028;37.60813747;0.025;False;ok;10;1;0.508;
5954;-0.81449028;37.63313747;0.025;False;ok;7;1;0.395;
5955;-0.78949028;37.63313747;0.025;False;ok;70;1;0.673;
5956;-0.76449028;37.60813747;0.05;False;ok;75;1;0.845;
5957;-0.71449028;37.55813747;0.1;False;ok;63;1;0.599;
5958;-2.21449028;37.65813747;0.1;False;ok;5;1;0.372;
5959;-2.11449028;37.65813747;0.1;False;ok;26;1;0.472;
5960;-2.01449028;37.65813747;0.1;False;ok;2;1;0.478;
5961;-1.91449028;37.65813747;0.1;False;ok;4;1;0.397;
5962;-1.71449028;37.65813747;0.1;False;ok;21;1;0.507;
5963;-1.61449028;37.65813747;0.1;False;ok;3;1;0.431;
5964;-1.51449028;37.65813747;0.1;False;ok;0;1;1.204;
5965;-1.41449028;37.65813747;0.1;False;ok;73;1;0.821;
5966;-1.31449028;37.65813747;0.1;False;ok;1;1;0.403;
5967;-1.21449028;37.65813747;0.1;False;ok;10;1;0.531;
5968;-1.11449028;37.65813747;0.1;False;ok;7;1;0.412;
5969;-1.01449028;37.65813747;0.1;False;ok;73;1;0.628;
5970;-0.86449028;37.65813747;0.05;False;ok;31;1;0.536;
5971;-0.91449028;37.70813747;0.05;False;ok;72;1;0.858;
5972;-0.86449028;37.70813747;0.05;False;ok;74;1;0.738;
5973;-0.76449028;37.65813747;0.05;False;ok;74;1;0.696;
5974;-0.76449028;37.70813747;0.025;False;ok;35;1;0.580;
5975;-0.73949028;37.70813747;0.025;False;ok;1;1;0.387;
5976;-0.76449028;37.73313747;0.025;False;ok;55;1;0.635;
5977;-0.73949028;37.73313747;0.025;False;ok;68;1;0.645;
5978;-2.21449028;37.75813747;0.1;False;ok;0;1;1.114;
5979;-1.81449028;37.75813747;0.1;False;ok;0;1;1.162;
5980;-1.71449028;37.75813747;0.1;False;ok;1;1;0.414;
5981;-1.61449028;37.75813747;0.1;False;ok;8;1;0.494;
5982;-1.51449028;37.75813747;0.1;False;ok;10;1;0.504;
5983;-1.41449028;37.75813747;0.1;False;ok;1;1;0.344;
5984;-1.31449028;37.75813747;0.1;False;ok;1;1;0.417;
5985;-1.21449028;37.75813747;0.1;False;ok;65;1;0.645;
5986;-1.01449028;37.75813747;0.05;False;ok;49;1;0.621;
5987;-0.96449028;37.75813747;0.05;False;ok;1;1;0.421;
5988;-1.01449028;37.80813747;0.0125;False;ok;72;1;0.576;
5989;-1.01449028;37.82063747;0.0125;False;ok;70;1;0.561;
5990;-1.00199028;37.82063747;0.0125;False;ok;43;1;0.481;
5991;-1.01449028;37.83313747;0.025;False;ok;2;1;0.476;
5992;-0.96449028;37.80813747;0.05;False;ok;3;1;0.457;
5993;-0.91449028;37.75813747;0.1;False;ok;75;1;0.556;
5994;-0.81449028;37.75813747;0.05;False;ok;65;1;0.573;
5995;-0.75199028;37.75813747;0.0125;False;ok;67;1;0.541;
5996;-0.76449028;37.77063747;0.0125;False;ok;9;1;0.468;
5997;-0.75199028;37.77063747;0.0125;False;ok;73;1;0.679;
5998;-0.81449028;37.80813747;0.025;False;ok;68;1;0.596;
5999;-0.78949028;37.80813747;0.025;False;ok;73;1;0.755;
6000;-0.81449028;37.83313747;0.025;False;ok;6;1;0.412;
6001;-0.78949028;37.83313747;0.025;False;ok;72;1;0.630;
6002;-0.76449028;37.80813747;0.05;False;ok;6;1;0.450;
6003;-1.51449028;37.85813747;0.1;False;ok;5;1;0.510;
6004;-1.31449028;37.85813747;0.1;False;ok;3;1;0.425;
6005;-1.21449028;37.85813747;0.1;False;ok;15;1;0.481;
6006;-1.11449028;37.85813747;0.1;False;ok;68;1;0.640;
6007;-1.01449028;37.85813747;0.1;False;ok;74;1;0.732;
6008;-0.91449028;37.85813747;0.1;False;ok;37;1;0.570;
6009;-0.81449028;37.85813747;0.05;False;ok;68;1;0.790;
6010;-0.76449028;37.85813747;0.025;False;ok;70;1;0.576;
6011;-0.76449028;37.88313747;0.025;False;ok;67;1;0.596;
6012;-0.81449028;37.90813747;0.025;False;ok;22;1;0.472;
6013;-0.78949028;37.90813747;0.025;False;ok;46;1;0.498;
6014;-0.81449028;37.93313747;0.025;False;ok;11;1;0.463;
6015;-0.78949028;37.93313747;0.025;False;ok;70;1;0.817;
6016;-0.76449028;37.90813747;0.0125;False;ok;11;1;0.396;
6017;-0.75199028;37.90813747;0.0125;False;ok;73;1;0.580;
6018;-0.76449028;37.92063747;0.0125;False;ok;47;1;0.557;
6019;-0.75199028;37.92063747;0.0125;False;ok;47;1;0.518;
6020;-0.73949028;37.90813747;0.0125;False;ok;74;1;0.515;
6021;-0.72699028;37.90813747;0.0125;False;ok;8;1;0.408;
6022;-0.73949028;37.92063747;0.0125;False;ok;71;1;0.610;
6023;-0.72699028;37.92063747;0.0125;False;ok;71;1;0.555;
6024;-0.76449028;37.93313747;0.0125;False;ok;40;1;0.439;
6025;-0.75199028;37.93313747;0.0125;False;ok;64;1;0.713;
6026;-0.76449028;37.94563747;0.0125;False;ok;12;1;0.501;
6027;-0.75199028;37.94563747;0.0125;False;ok;61;1;0.558;
6028;-0.73949028;37.93313747;0.0125;False;ok;68;1;0.507;
6029;-0.72699028;37.93313747;0.0125;False;ok;66;1;0.643;
6030;-0.73949028;37.94563747;0.0125;False;ok;50;1;0.579;
6031;-0.72699028;37.94563747;0.00625;False;ok;39;1;0.552;
6032;-0.72074028;37.94563747;0.00625;False;ok;45;1;0.557;
6033;-0.72699028;37.95188747;0.00625;False;ok;35;1;0.530;
6034;-0.72074028;37.95188747;0.00625;False;ok;17;1;0.514;
6035;-0.71449028;37.93313747;0.0125;False;ok;75;1;0.754;
6036;-0.71449028;37.94563747;0.0125;False;ok;73;1;0.681;
6037;-2.01449028;37.95813747;0.1;False;ok;10;1;0.494;
6038;-1.91449028;37.95813747;0.1;False;ok;5;1;0.533;
6039;-1.81449028;37.95813747;0.1;False;ok;0;1;1.135;
6040;-1.71449028;37.95813747;0.1;False;ok;18;1;0.499;
6041;-1.61449028;37.95813747;0.1;False;ok;3;1;0.443;
6042;-1.51449028;37.95813747;0.1;False;ok;12;1;0.475;
6043;-1.41449028;37.95813747;0.1;False;ok;3;1;0.394;
6044;-1.31449028;37.95813747;0.1;False;ok;18;1;0.539;
6045;-1.21449028;37.95813747;0.1;False;ok;75;1;0.779;
6046;-1.11449028;37.95813747;0.1;False;ok;28;1;0.573;
6047;-1.01449028;37.95813747;0.1;False;ok;4;1;0.457;
6048;-0.91449028;37.95813747;0.1;False;ok;54;1;0.597;
6049;-0.81449028;37.95813747;0.1;False;ok;71;1;0.714;
6050;-0.71449028;37.95813747;0.0125;False;ok;67;1;0.584;
6051;-0.70199028;37.95813747;0.0125;False;ok;44;1;0.538;
6052;-0.70199028;37.97063747;0.0125;False;ok;74;1;0.658;
6053;-0.68949028;37.97063747;0.00625;False;ok;23;1;0.554;
6054;-0.68324028;37.97063747;0.00625;False;ok;33;1;1.323;
6055;-0.68949028;37.97688747;0.00625;False;ok;74;1;0.673;
6056;-0.68324028;37.97688747;0.00625;False;ok;70;1;0.708;
6057;-0.67699028;37.97063747;0.00625;False;ok;69;1;0.608;
6058;-0.67074028;37.97063747;0.00625;False;ok;19;1;0.491;
6059;-0.67699028;37.97688747;0.003125;False;ok;54;1;0.779;
6060;-0.67386528;37.97688747;0.003125;False;ok;69;1;0.607;
6061;-0.67699028;37.98001247;0.003125;False;ok;59;1;0.549;
6062;-0.67386528;37.98001247;0.003125;False;ok;71;1;0.532;
6063;-0.67074028;37.97688747;0.003125;False;ok;72;1;0.556;
6064;-0.66761528;37.97688747;0.003125;False;ok;73;1;0.867;
6065;-0.67074028;37.98001247;0.003125;False;ok;69;1;0.505;
6066;-0.66761528;37.98001247;0.003125;False;ok;73;1;0.623;
6067;-0.71449028;37.98313747;0.025;False;ok;63;1;0.489;
6068;-0.68949028;37.98313747;0.0125;False;ok;58;1;0.557;
6069;-0.67699028;37.98313747;0.0125;False;ok;74;1;0.713;
6070;-0.68949028;37.99563747;0.0125;False;ok;30;1;0.532;
6071;-0.67699028;37.99563747;0.0125;False;ok;64;1;0.546;
6072;-0.66449028;37.95813747;0.025;False;ok;75;1;0.706;
6073;-0.66449028;37.98313747;0.00625;False;ok;74;1;0.648;
6074;-0.65824028;37.98313747;0.00625;False;ok;28;1;0.466;
6075;-0.66449028;37.98938747;0.00625;False;ok;42;1;0.548;
6076;-0.65824028;37.98938747;0.00625;False;ok;12;1;0.459;
6077;-0.66449028;37.99563747;0.00625;False;ok;31;1;0.544;
6078;-0.65824028;37.99563747;0.00625;False;ok;23;1;0.508;
6079;-0.66449028;38.00188747;0.00625;False;ok;52;1;0.483;
6080;-0.65824028;38.00188747;0.00625;False;ok;71;1;0.750;
6081;-0.65199028;37.99563747;0.0125;False;ok;71;1;0.640;
6082;-0.71449028;38.00813747;0.05;False;ok;67;1;0.671;
6083;-0.66449028;38.00813747;0.00625;False;ok;71;1;0.632;
6084;-0.65824028;38.00813747;0.00625;False;ok;40;1;0.490;
6085;-0.66449028;38.01438747;0.00625;False;ok;25;1;0.634;
6086;-0.65824028;38.01438747;0.00625;False;ok;74;1;0.664;
6087;-0.65824028;38.02063747;0.00625;False;ok;71;1;0.612;
6088;-0.65824028;38.02688747;0.00625;False;ok;73;1;0.602;
6089;-0.65199028;38.02063747;0.0125;False;ok;1;1;0.388;
6090;-0.66449028;38.03313747;0.025;False;ok;18;1;0.535;
6091;-2.31449028;38.05813747;0.1;False;ok;5;1;0.536;
6092;-2.21449028;38.05813747;0.1;False;ok;2;1;0.375;
6093;-2.11449028;38.05813747;0.1;False;ok;8;1;0.469;
6094;-2.01449028;38.05813747;0.1;False;ok;10;1;0.410;
6095;-1.91449028;38.05813747;0.1;False;ok;53;1;0.679;
6096;-1.81449028;38.05813747;0.1;False;ok;33;1;0.493;
6097;-1.61449028;38.05813747;0.1;False;ok;0;1;1.140;
6098;-1.41449028;38.05813747;0.1;False;ok;5;1;0.461;
6099;-1.31449028;38.05813747;0.1;False;ok;39;1;0.559;
6100;-1.21449028;38.05813747;0.1;False;ok;5;1;0.514;
6101;-1.11449028;38.05813747;0.1;False;ok;10;1;0.452;
6102;-1.01449028;38.05813747;0.1;False;ok;18;1;0.465;
6103;-0.91449028;38.05813747;0.1;False;ok;15;1;0.493;
6104;-0.81449028;38.05813747;0.1;False;ok;72;1;0.630;
6105;-0.71449028;38.05813747;0.05;False;ok;69;1;0.566;
6106;-0.66449028;38.05813747;0.05;False;ok;71;1;0.676;
6107;-0.71449028;38.10813747;0.05;False;ok;59;1;0.587;
6108;-0.66449028;38.10813747;0.05;False;ok;30;1;0.472;
6109;-2.31449028;38.15813747;0.1;False;ok;1;1;0.453;
6110;-2.21449028;38.15813747;0.1;False;ok;6;1;0.494;
6111;-2.01449028;38.15813747;0.1;False;ok;4;1;0.546;
6112;-1.91449028;38.15813747;0.1;False;ok;55;1;0.691;
6113;-1.81449028;38.15813747;0.1;False;ok;10;1;0.669;
6114;-1.61449028;38.15813747;0.1;False;ok;0;1;1.181;
6115;-1.51449028;38.15813747;0.1;False;ok;9;1;0.518;
6116;-1.41449028;38.15813747;0.1;False;ok;22;1;0.533;
6117;-1.21449028;38.15813747;0.1;False;ok;12;1;0.481;
6118;-1.11449028;38.15813747;0.1;False;ok;9;1;0.429;
6119;-1.01449028;38.15813747;0.1;False;ok;3;1;0.329;
6120;-0.91449028;38.15813747;0.1;False;ok;2;1;0.451;
6121;-0.81449028;38.15813747;0.1;False;ok;23;1;0.567;
6122;-0.71449028;38.15813747;0.1;False;ok;14;1;0.439;
6123;-0.61449028;38.15813747;0.05;False;ok;74;1;0.786;
6124;-0.56449028;38.18313747;0.0125;False;ok;72;1;0.753;
6125;-0.55199028;38.18313747;0.0125;False;ok;71;1;0.671;
6126;-0.56449028;38.19563747;0.0125;False;ok;22;1;0.452;
6127;-0.53949028;38.18313747;0.025;False;ok;63;1;0.620;
6128;-0.61449028;38.20813747;0.05;False;ok;5;1;0.409;
6129;-0.56449028;38.20813747;0.025;False;ok;10;1;0.501;
6130;-0.53949028;38.20813747;0.025;False;ok;74;1;0.626;
6131;-0.56449028;38.23313747;0.025;False;ok;52;1;0.551;
6132;-0.53949028;38.23313747;0.0125;False;ok;54;1;0.658;
6133;-0.52699028;38.23313747;0.0125;False;ok;75;1;0.728;
6134;-0.52699028;38.24563747;0.0125;False;ok;74;1;0.535;
6135;-0.51449028;38.15813747;0.1;False;ok;25;1;0.541;
6136;1.307224089;38.62466885;0.1;False;ok;35;1;0.453;
6137;1.407224089;38.62466885;0.05;False;ok;4;1;0.483;
6138;1.457224089;38.62466885;0.05;False;ok;3;1;0.451;
6139;1.407224089;38.67466885;0.025;False;ok;25;1;0.446;
6140;1.432224089;38.67466885;0.025;False;ok;29;1;0.609;
6141;1.407224089;38.69966885;0.025;False;ok;31;1;0.527;
6142;1.432224089;38.69966885;0.025;False;ok;75;1;0.733;
6143;1.457224089;38.67466885;0.05;False;ok;75;1;0.733;
6144;1.507224089;38.62466885;0.1;False;ok;56;1;0.642;
6145;1.307224089;38.72466885;0.1;False;ok;1;1;0.450;
6146;1.407224089;38.72466885;0.1;False;ok;44;1;0.526;
6147;1.207224089;38.82466885;0.05;False;ok;0;1;1.116;
6148;1.257224089;38.82466885;0.05;False;ok;2;1;0.464;
6149;1.207224089;38.87466885;0.05;False;ok;52;1;0.581;
6150;1.257224089;38.87466885;0.05;False;ok;36;1;0.523;
6151;1.307224089;38.82466885;0.05;False;ok;9;1;0.508;
6152;1.357224089;38.82466885;0.05;False;ok;5;1;0.438;
6153;1.307224089;38.87466885;0.05;False;ok;40;1;0.513;
6154;1.357224089;38.87466885;0.05;False;ok;71;1;0.664;
6155;1.407224089;38.87466885;0.025;False;ok;22;1;0.588;
6156;1.407224089;38.89966885;0.025;False;ok;52;1;0.628;
6157;1.432224089;38.89966885;0.025;False;ok;43;1;0.621;
6158;1.457224089;38.87466885;0.05;False;ok;20;1;0.533;
6159;1.207224089;38.92466885;0.05;False;ok;40;1;0.517;
6160;1.257224089;38.92466885;0.025;False;ok;8;1;0.481;
6161;1.282224089;38.92466885;0.025;False;ok;10;1;0.479;
6162;1.257224089;38.94966885;0.025;False;ok;20;1;0.614;
6163;1.282224089;38.94966885;0.025;False;ok;63;1;0.688;
6164;1.257224089;38.97466885;0.05;False;ok;75;1;0.690;
6165;1.307224089;38.92466885;0.05;False;ok;32;1;0.474;
6166;1.357224089;38.92466885;0.05;False;ok;20;1;0.554;
6167;1.307224089;38.97466885;0.05;False;ok;21;1;0.559;
6168;1.357224089;38.97466885;0.05;False;ok;17;1;0.517;
6169;1.407224089;38.92466885;0.05;False;ok;41;1;0.524;
6170;1.457224089;38.92466885;0.05;False;ok;38;1;0.591;
6171;1.407224089;38.97466885;0.05;False;ok;27;1;0.547;
6172;1.457224089;38.97466885;0.05;False;ok;22;1;0.518;
6173;1.507224089;38.92466885;0.05;False;ok;26;1;0.655;
6174;1.507224089;38.97466885;0.05;False;ok;71;1;0.640;
6175;1.557224089;38.97466885;0.05;False;ok;62;1;0.604;
6176;1.307224089;39.02466885;0.1;False;ok;7;1;0.485;
6177;1.407224089;39.02466885;0.1;False;ok;60;1;0.697;
6178;1.507224089;39.02466885;0.1;False;ok;75;1;0.707;
6179;1.607224089;39.02466885;0.1;False;ok;0;1;1.139;
6180;2.907224089;39.22466885;0.1;False;ok;74;1;0.609;
6181;3.007224089;39.22466885;0.1;False;ok;1;1;0.383;
6182;3.107224089;39.22466885;0.1;False;ok;47;1;0.636;
6183;2.707224089;39.32466885;0.1;False;ok;8;1;0.456;
6184;2.807224089;39.32466885;0.1;False;ok;48;1;0.707;
6185;2.907224089;39.32466885;0.05;False;ok;72;1;0.640;
6186;2.957224089;39.32466885;0.05;False;ok;39;1;0.572;
6187;2.907224089;39.37466885;0.05;False;ok;29;1;0.553;
6188;2.957224089;39.37466885;0.05;False;ok;30;1;0.561;
6189;3.007224089;39.32466885;0.05;False;ok;74;1;0.638;
6190;3.057224089;39.32466885;0.05;False;ok;35;1;0.460;
6191;3.007224089;39.37466885;0.05;False;ok;61;1;0.578;
6192;3.057224089;39.37466885;0.05;False;ok;49;1;0.577;
6193;3.107224089;39.32466885;0.025;False;ok;5;1;0.419;
6194;3.132224089;39.32466885;0.025;False;ok;63;1;0.577;
6195;3.107224089;39.34966885;0.025;False;ok;28;1;0.581;
6196;3.132224089;39.34966885;0.025;False;ok;13;1;0.403;
6197;3.157224089;39.32466885;0.025;False;ok;60;1;0.648;
6198;3.182224089;39.32466885;0.025;False;ok;13;1;0.474;
6199;3.157224089;39.34966885;0.025;False;ok;5;1;0.459;
6200;3.182224089;39.34966885;0.025;False;ok;30;1;0.480;
6201;3.107224089;39.37466885;0.05;False;ok;33;1;0.512;
6202;3.157224089;39.37466885;0.05;False;ok;68;1;0.639;
6203;3.207224089;39.34966885;0.0125;False;ok;11;1;0.445;
6204;3.219724089;39.34966885;0.0125;False;ok;27;1;0.556;
6205;3.207224089;39.36216885;0.0125;False;ok;25;1;0.558;
6206;3.219724089;39.36216885;0.00625;False;ok;29;1;0.524;
6207;3.225974089;39.36216885;0.00625;False;ok;29;1;0.433;
6208;3.219724089;39.36841885;0.00625;False;ok;28;1;0.486;
6209;3.225974089;39.36841885;0.00625;False;ok;40;1;0.494;
6210;3.232224089;39.34966885;0.025;False;ok;39;1;0.524;
6211;3.207224089;39.37466885;0.025;False;ok;52;1;0.565;
6212;3.232224089;39.37466885;0.00625;False;ok;53;1;0.632;
6213;3.238474089;39.37466885;0.00625;False;ok;33;1;0.536;
6214;3.232224089;39.38091885;0.00625;False;ok;5;1;0.431;
6215;3.238474089;39.38091885;0.00625;False;ok;32;1;0.562;
6216;3.244724089;39.37466885;0.0125;False;ok;7;1;0.437;
6217;3.232224089;39.38716885;0.0125;False;ok;16;1;0.476;
6218;3.207224089;39.39966885;0.025;False;ok;30;1;0.525;
6219;3.232224089;39.39966885;0.025;False;ok;42;1;0.494;
6220;3.257224089;39.37466885;0.05;False;ok;68;1;0.642;
6221;2.407224089;39.42466885;0.1;False;ok;74;1;0.708;
6222;2.507224089;39.42466885;0.1;False;ok;74;1;0.846;
6223;2.707224089;39.42466885;0.05;False;ok;62;1;0.573;
6224;2.757224089;39.42466885;0.05;False;ok;19;1;0.536;
6225;2.707224089;39.47466885;0.025;False;ok;3;1;0.590;
6226;2.732224089;39.47466885;0.025;False;ok;43;1;0.539;
6227;2.744724089;39.49966885;0.0125;False;ok;58;1;0.645;
6228;2.732224089;39.51216885;0.0125;False;ok;30;1;0.766;
6229;2.744724089;39.51216885;0.0125;False;ok;45;1;0.658;
6230;2.757224089;39.47466885;0.05;False;ok;3;1;0.330;
6231;2.807224089;39.42466885;0.1;False;ok;71;1;0.536;
6232;2.907224089;39.42466885;0.1;False;ok;57;1;0.588;
6233;3.007224089;39.42466885;0.1;False;ok;74;1;0.636;
6234;3.107224089;39.42466885;0.05;False;ok;51;1;0.719;
6235;3.157224089;39.42466885;0.05;False;ok;35;1;0.598;
6236;3.107224089;39.47466885;0.05;False;ok;22;1;0.450;
6237;3.157224089;39.47466885;0.05;False;ok;28;1;0.568;
6238;3.207224089;39.42466885;0.05;False;ok;41;1;0.570;
6239;3.257224089;39.42466885;0.05;False;ok;68;1;0.551;
6240;3.207224089;39.47466885;0.05;False;ok;31;1;0.441;
6241;3.257224089;39.47466885;0.05;False;ok;18;1;0.542;
6242;3.307224089;39.42466885;0.1;False;ok;23;1;0.530;
6243;2.307224089;39.52466885;0.1;False;ok;69;1;0.634;
6244;2.407224089;39.52466885;0.05;False;ok;72;1;0.658;
6245;2.457224089;39.52466885;0.05;False;ok;24;1;0.572;
6246;2.407224089;39.57466885;0.05;False;ok;14;1;0.542;
6247;2.457224089;39.57466885;0.05;False;ok;12;1;0.488;
6248;2.507224089;39.52466885;0.05;False;ok;21;1;0.541;
6249;2.557224089;39.52466885;0.05;False;ok;64;1;0.822;
6250;2.507224089;39.57466885;0.05;False;ok;8;1;0.443;
6251;2.557224089;39.57466885;0.05;False;ok;7;1;0.475;
6252;2.607224089;39.54966885;0.025;False;ok;53;1;0.690;
6253;2.632224089;39.54966885;0.025;False;ok;74;1;0.726;
6254;2.657224089;39.52466885;0.05;False;ok;30;1;0.504;
6255;2.607224089;39.57466885;0.05;False;ok;49;1;0.531;
6256;2.657224089;39.57466885;0.05;False;ok;19;1;0.529;
6257;2.707224089;39.52466885;0.05;False;ok;68;1;0.909;
6258;2.757224089;39.52466885;0.05;False;ok;17;1;0.526;
6259;2.707224089;39.57466885;0.05;False;ok;29;1;0.437;
6260;2.757224089;39.57466885;0.05;False;ok;17;1;0.522;
6261;2.807224089;39.52466885;0.1;False;ok;66;1;0.480;
6262;2.907224089;39.52466885;0.1;False;ok;61;1;0.546;
6263;3.007224089;39.52466885;0.1;False;ok;73;1;0.525;
6264;3.107224089;39.52466885;0.05;False;ok;26;1;0.438;
6265;3.157224089;39.52466885;0.05;False;ok;22;1;0.569;
6266;3.107224089;39.57466885;0.05;False;ok;32;1;0.499;
6267;3.157224089;39.57466885;0.05;False;ok;30;1;0.603;
6268;3.207224089;39.52466885;0.05;False;ok;33;1;0.562;
6269;3.257224089;39.52466885;0.05;False;ok;40;1;0.511;
6270;3.207224089;39.57466885;0.05;False;ok;38;1;0.459;
6271;3.257224089;39.57466885;0.05;False;ok;50;1;0.598;
6272;3.307224089;39.52466885;0.05;False;ok;72;1;0.585;
6273;3.357224089;39.52466885;0.05;False;ok;72;1;0.717;
6274;3.307224089;39.57466885;0.05;False;ok;20;1;0.469;
6275;3.357224089;39.57466885;0.025;False;ok;42;1;0.647;
6276;3.382224089;39.57466885;0.025;False;ok;43;1;0.560;
6277;3.357224089;39.59966885;0.025;False;ok;42;1;0.481;
6278;3.382224089;39.59966885;0.025;False;ok;75;1;0.697;
6279;2.407224089;39.62466885;0.1;False;ok;15;1;0.439;
6280;2.507224089;39.62466885;0.1;False;ok;73;1;0.563;
6281;2.607224089;39.62466885;0.05;False;ok;13;1;0.483;
6282;2.657224089;39.62466885;0.05;False;ok;26;1;0.447;
6283;2.607224089;39.67466885;0.05;False;ok;37;1;0.659;
6284;2.657224089;39.67466885;0.05;False;ok;19;1;0.538;
6285;2.707224089;39.62466885;0.1;False;ok;74;1;0.594;
6286;2.807224089;39.62466885;0.05;False;ok;29;1;0.456;
6287;2.857224089;39.62466885;0.05;False;ok;25;1;0.559;
6288;2.807224089;39.67466885;0.05;False;ok;37;1;0.507;
6289;2.857224089;39.67466885;0.025;False;ok;9;1;0.465;
6290;2.882224089;39.67466885;0.025;False;ok;9;1;0.366;
6291;2.857224089;39.69966885;0.025;False;ok;32;1;0.594;
6292;2.882224089;39.69966885;0.025;False;ok;25;1;0.571;
6293;2.907224089;39.62466885;0.05;False;ok;49;1;0.438;
6294;2.957224089;39.62466885;0.05;False;ok;25;1;0.514;
6295;2.907224089;39.67466885;0.05;False;ok;68;1;0.680;
6296;2.957224089;39.67466885;0.05;False;ok;41;1;0.462;
6297;3.007224089;39.62466885;0.05;False;ok;31;1;0.489;
6298;3.057224089;39.62466885;0.05;False;ok;45;1;0.552;
6299;3.007224089;39.67466885;0.05;False;ok;34;1;0.490;
6300;3.057224089;39.67466885;0.05;False;ok;60;1;0.631;
6301;3.107224089;39.62466885;0.05;False;ok;57;1;0.641;
6302;3.157224089;39.62466885;0.05;False;ok;8;1;0.445;
6303;3.107224089;39.67466885;0.05;False;ok;41;1;0.669;
6304;3.157224089;39.67466885;0.05;False;ok;4;1;0.446;
6305;3.207224089;39.62466885;0.1;False;ok;47;1;0.584;
6306;3.307224089;39.62466885;0.05;False;ok;48;1;0.485;
6307;3.357224089;39.62466885;0.05;False;ok;74;1;0.534;
6308;3.307224089;39.67466885;0.05;False;ok;74;1;0.632;
6309;3.357224089;39.67466885;0.05;False;ok;52;1;0.532;
6310;3.407224089;39.62466885;0.05;False;ok;75;1;0.633;
6311;3.407224089;39.67466885;0.025;False;ok;8;1;0.582;
6312;3.432224089;39.67466885;0.025;False;ok;43;1;0.607;
6313;3.407224089;39.69966885;0.025;False;ok;20;1;0.540;
6314;3.432224089;39.69966885;0.025;False;ok;72;1;0.619;
6315;3.457224089;39.67466885;0.05;False;ok;75;1;0.949;
6316;2.607224089;39.72466885;0.05;False;ok;32;1;0.663;
6317;2.657224089;39.72466885;0.05;False;ok;13;1;0.411;
6318;2.657224089;39.77466885;0.05;False;ok;74;1;0.706;
6319;2.732224089;39.72466885;0.025;False;ok;0;1;1.383;
6320;2.707224089;39.74966885;0.025;False;ok;74;1;0.558;
6321;2.732224089;39.74966885;0.025;False;ok;11;1;0.416;
6322;2.757224089;39.72466885;0.05;False;ok;4;1;0.436;
6323;2.707224089;39.77466885;0.05;False;ok;53;1;0.547;
6324;2.757224089;39.77466885;0.05;False;ok;2;1;0.378;
6325;2.807224089;39.72466885;0.05;False;ok;1;1;0.375;
6326;2.857224089;39.72466885;0.025;False;ok;23;1;0.495;
6327;2.882224089;39.72466885;0.025;False;ok;27;1;0.551;
6328;2.857224089;39.74966885;0.025;False;ok;18;1;0.512;
6329;2.882224089;39.74966885;0.025;False;ok;64;1;0.510;
6330;2.857224089;39.77466885;0.05;False;ok;8;1;0.556;
6331;2.907224089;39.72466885;0.025;False;ok;28;1;0.505;
6332;2.932224089;39.72466885;0.025;False;ok;12;1;0.422;
6333;2.907224089;39.74966885;0.025;False;ok;25;1;0.529;
6334;2.932224089;39.74966885;0.025;False;ok;29;1;0.447;
6335;2.957224089;39.72466885;0.025;False;ok;5;1;0.470;
6336;2.982224089;39.72466885;0.025;False;ok;19;1;0.505;
6337;2.957224089;39.74966885;0.025;False;ok;50;1;0.468;
6338;2.982224089;39.74966885;0.025;False;ok;69;1;0.526;
6339;2.907224089;39.77466885;0.05;False;ok;35;1;0.671;
6340;2.957224089;39.77466885;0.05;False;ok;73;1;0.852;
6341;3.007224089;39.72466885;0.025;False;ok;11;1;0.424;
6342;3.032224089;39.72466885;0.025;False;ok;29;1;0.514;
6343;3.007224089;39.74966885;0.025;False;ok;51;1;0.660;
6344;3.032224089;39.74966885;0.025;False;ok;10;1;0.393;
6345;3.057224089;39.72466885;0.05;False;ok;62;1;0.494;
6346;3.007224089;39.77466885;0.025;False;ok;18;1;0.568;
6347;3.032224089;39.77466885;0.025;False;ok;6;1;0.452;
6348;3.007224089;39.79966885;0.025;False;ok;66;1;0.536;
6349;3.032224089;39.79966885;0.025;False;ok;6;1;0.503;
6350;3.057224089;39.77466885;0.05;False;ok;18;1;0.440;
6351;3.107224089;39.72466885;0.025;False;ok;34;1;0.532;
6352;3.132224089;39.72466885;0.025;False;ok;9;1;0.470;
6353;3.107224089;39.74966885;0.025;False;ok;33;1;0.497;
6354;3.132224089;39.74966885;0.0125;False;ok;2;1;0.382;
6355;3.144724089;39.74966885;0.0125;False;ok;17;1;0.457;
6356;3.132224089;39.76216885;0.0125;False;ok;26;1;0.691;
6357;3.144724089;39.76216885;0.00625;False;ok;32;1;0.678;
6358;3.150974089;39.76216885;0.00625;False;ok;59;1;0.685;
6359;3.144724089;39.76841885;0.00625;False;ok;24;1;0.531;
6360;3.150974089;39.76841885;0.00625;False;ok;2;1;0.349;
6361;3.157224089;39.74966885;0.0125;False;ok;52;1;0.570;
6362;3.157224089;39.76216885;0.0125;False;ok;27;1;0.554;
6363;3.107224089;39.77466885;0.025;False;ok;61;1;0.653;
6364;3.107224089;39.79966885;0.0125;False;ok;52;1;0.695;
6365;3.107224089;39.81216885;0.00625;False;ok;29;1;0.501;
6366;3.113474089;39.81216885;0.00625;False;ok;34;1;0.555;
6367;3.107224089;39.81841885;0.00625;False;ok;3;1;0.421;
6368;3.113474089;39.81841885;0.003125;False;ok;48;1;0.608;
6369;3.113474089;39.82154385;0.003125;False;ok;28;1;0.510;
6370;3.207224089;39.72466885;0.0125;False;ok;27;1;0.489;
6371;3.219724089;39.72466885;0.0125;False;ok;33;1;0.508;
6372;3.207224089;39.73716885;0.0125;False;ok;10;1;0.462;
6373;3.219724089;39.73716885;0.0125;False;ok;20;1;0.581;
6374;3.232224089;39.72466885;0.025;False;ok;19;1;0.475;
6375;3.257224089;39.72466885;0.05;False;ok;73;1;0.606;
6376;3.307224089;39.72466885;0.1;False;ok;43;1;0.605;
6377;3.407224089;39.72466885;0.1;False;ok;20;1;0.556;
6378;4.207224089;39.79966885;0.025;False;ok;16;1;0.426;
6379;4.232224089;39.81216885;0.0125;False;ok;71;1;0.554;
6380;4.244724089;39.81216885;0.0125;False;ok;33;1;0.559;
6381;4.257224089;39.77466885;0.05;False;ok;73;1;0.662;
6382;2.707224089;39.82466885;0.1;False;ok;4;1;0.454;
6383;2.807224089;39.82466885;0.1;False;ok;1;1;0.421;
6384;2.907224089;39.82466885;0.1;False;ok;74;1;0.537;
6385;3.007224089;39.82466885;0.025;False;ok;6;1;0.363;
6386;3.032224089;39.82466885;0.025;False;ok;29;1;0.520;
6387;3.007224089;39.84966885;0.0125;False;ok;18;1;0.426;
6388;3.019724089;39.84966885;0.0125;False;ok;24;1;0.468;
6389;3.007224089;39.86216885;0.0125;False;ok;47;1;0.561;
6390;3.019724089;39.86216885;0.0125;False;ok;21;1;0.429;
6391;3.032224089;39.84966885;0.0125;False;ok;10;1;0.486;
6392;3.044724089;39.84966885;0.0125;False;ok;40;1;0.630;
6393;3.032224089;39.86216885;0.0125;False;ok;33;1;0.565;
6394;3.044724089;39.86216885;0.0125;False;ok;22;1;0.550;
6395;3.057224089;39.82466885;0.025;False;ok;62;1;0.537;
6396;3.082224089;39.82466885;0.025;False;ok;35;1;0.509;
6397;3.057224089;39.84966885;0.0125;False;ok;31;1;0.496;
6398;3.069724089;39.84966885;0.0125;False;ok;16;1;0.428;
6399;3.057224089;39.86216885;0.0125;False;ok;24;1;0.491;
6400;3.069724089;39.86216885;0.0125;False;ok;27;1;0.520;
6401;3.082224089;39.84966885;0.025;False;ok;43;1;0.595;
6402;3.007224089;39.87466885;0.00625;False;ok;11;1;0.347;
6403;3.013474089;39.87466885;0.003125;False;ok;32;1;0.516;
6404;3.016599089;39.87466885;0.003125;False;ok;4;1;0.388;
6405;3.013474089;39.87779385;0.003125;False;ok;32;1;0.479;
6406;3.016599089;39.87779385;0.003125;False;ok;22;1;0.643;
6407;3.007224089;39.88091885;0.00625;False;ok;28;1;0.467;
6408;3.013474089;39.88091885;0.00625;False;ok;36;1;0.614;
6409;3.019724089;39.87466885;0.0125;False;ok;34;1;0.427;
6410;3.007224089;39.88716885;0.0125;False;ok;37;1;0.557;
6411;3.019724089;39.88716885;0.0125;False;ok;75;1;0.590;
6412;3.032224089;39.87466885;0.0125;False;ok;35;1;0.386;
6413;3.044724089;39.87466885;0.0125;False;ok;55;1;0.612;
6414;3.032224089;39.88716885;0.0125;False;ok;42;1;0.491;
6415;3.044724089;39.88716885;0.0125;False;ok;49;1;0.627;
6416;3.007224089;39.89966885;0.025;False;ok;1;1;0.455;
6417;3.032224089;39.89966885;0.0125;False;ok;21;1;0.441;
6418;3.044724089;39.89966885;0.0125;False;ok;5;1;0.454;
6419;3.032224089;39.91216885;0.0125;False;ok;0;1;1.168;
6420;3.044724089;39.91216885;0.00625;False;ok;17;1;0.541;
6421;3.050974089;39.91216885;0.003125;False;ok;0;1;1.198;
6422;3.050974089;39.91529385;0.003125;False;ok;41;1;0.492;
6423;3.054099089;39.91529385;0.003125;False;ok;19;1;0.442;
6424;3.050974089;39.91841885;0.00625;False;ok;39;1;0.658;
6425;3.057224089;39.87466885;0.0125;False;ok;36;1;0.530;
6426;3.069724089;39.87466885;0.0125;False;ok;21;1;0.526;
6427;3.057224089;39.88716885;0.0125;False;ok;41;1;0.498;
6428;3.069724089;39.88716885;0.00625;False;ok;27;1;0.539;
6429;3.075974089;39.88716885;0.00625;False;ok;32;1;0.457;
6430;3.069724089;39.89341885;0.00625;False;ok;25;1;0.450;
6431;3.075974089;39.89341885;0.00625;False;ok;58;1;0.519;
6432;3.082224089;39.87466885;0.025;False;ok;3;1;0.477;
6433;3.057224089;39.89966885;0.0125;False;ok;29;1;0.459;
6434;3.069724089;39.89966885;0.00625;False;ok;20;1;0.549;
6435;3.075974089;39.89966885;0.00625;False;ok;74;1;0.584;
6436;3.069724089;39.90591885;0.00625;False;ok;40;1;0.546;
6437;3.075974089;39.90591885;0.00625;False;ok;35;1;0.493;
6438;3.057224089;39.91216885;0.0125;False;ok;16;1;0.545;
6439;3.069724089;39.91216885;0.0125;False;ok;11;1;0.407;
6440;3.082224089;39.89966885;0.0125;False;ok;73;1;0.606;
6441;3.094724089;39.89966885;0.0125;False;ok;9;1;0.484;
6442;3.082224089;39.91216885;0.0125;False;ok;13;1;0.480;
6443;3.094724089;39.91216885;0.0125;False;ok;3;1;0.345;
6444;3.107224089;39.82466885;0.00625;False;ok;7;1;0.425;
6445;3.113474089;39.82466885;0.00625;False;ok;72;1;0.608;
6446;3.107224089;39.83091885;0.00625;False;ok;65;1;0.596;
6447;3.113474089;39.83091885;0.00625;False;ok;59;1;0.564;
6448;3.119724089;39.82466885;0.0125;False;ok;25;1;0.529;
6449;3.107224089;39.83716885;0.0125;False;ok;43;1;0.512;
6450;3.119724089;39.83716885;0.00625;False;ok;23;1;0.490;
6451;3.125974089;39.83716885;0.00625;False;ok;65;1;0.639;
6452;3.125974089;39.84341885;0.00625;False;ok;11;1;0.448;
6453;3.144724089;39.82466885;0.0125;False;ok;22;1;0.442;
6454;3.132224089;39.83716885;0.0125;False;ok;67;1;0.579;
6455;3.144724089;39.83716885;0.0125;False;ok;19;1;0.518;
6456;3.107224089;39.84966885;0.0125;False;ok;74;1;0.672;
6457;3.119724089;39.84966885;0.0125;False;ok;70;1;0.707;
6458;3.107224089;39.86216885;0.0125;False;ok;9;1;0.450;
6459;3.119724089;39.86216885;0.0125;False;ok;21;1;0.555;
6460;3.132224089;39.84966885;0.0125;False;ok;13;1;0.495;
6461;3.144724089;39.84966885;0.0125;False;ok;33;1;0.534;
6462;3.132224089;39.86216885;0.0125;False;ok;34;1;0.567;
6463;3.144724089;39.86216885;0.0125;False;ok;26;1;0.461;
6464;3.157224089;39.82466885;0.05;False;ok;33;1;0.538;
6465;3.807224089;39.82466885;0.1;False;ok;11;1;0.471;
6466;4.007224089;39.87466885;0.05;False;ok;45;1;0.704;
6467;4.057224089;39.87466885;0.025;False;ok;5;1;0.442;
6468;4.057224089;39.89966885;0.0125;False;ok;73;1;0.521;
6469;4.069724089;39.89966885;0.00625;False;ok;71;1;0.623;
6470;4.075974089;39.89966885;0.00625;False;ok;28;1;0.631;
6471;4.069724089;39.90591885;0.00625;False;ok;43;1;0.519;
6472;4.075974089;39.90591885;0.00625;False;ok;2;1;0.461;
6473;4.069724089;39.91216885;0.0125;False;ok;1;1;0.323;
6474;4.082224089;39.89966885;0.025;False;ok;2;1;0.423;
6475;4.107224089;39.82466885;0.05;False;ok;73;1;0.588;
6476;4.157224089;39.82466885;0.05;False;ok;24;1;0.476;
6477;4.107224089;39.87466885;0.05;False;ok;41;1;0.460;
6478;4.157224089;39.87466885;0.05;False;ok;8;1;0.472;
6479;4.207224089;39.82466885;0.05;False;ok;74;1;0.664;
6480;4.257224089;39.82466885;0.05;False;ok;39;1;0.547;
6481;4.207224089;39.87466885;0.05;False;ok;6;1;0.412;
6482;4.257224089;39.87466885;0.05;False;ok;64;1;0.665;
6483;3.107224089;39.92466885;0.1;False;ok;3;1;0.457;
6484;3.782224089;39.97466885;0.025;False;ok;21;1;0.458;
6485;3.782224089;39.99966885;0.025;False;ok;75;1;0.627;
6486;3.819724089;39.92466885;0.00625;False;ok;74;1;0.586;
6487;3.825974089;39.92466885;0.00625;False;ok;64;1;0.594;
6488;3.819724089;39.93091885;0.00625;False;ok;19;1;0.426;
6489;3.825974089;39.93091885;0.00625;False;ok;9;1;0.406;
6490;3.832224089;39.92466885;0.025;False;ok;67;1;0.636;
6491;3.807224089;39.94966885;0.025;False;ok;11;1;0.473;
6492;3.832224089;39.94966885;0.025;False;ok;74;1;0.722;
6493;3.857224089;39.92466885;0.05;False;ok;4;1;0.458;
6494;3.807224089;39.97466885;0.025;False;ok;8;1;0.448;
6495;3.832224089;39.97466885;0.025;False;ok;75;1;0.600;
6496;3.807224089;39.99966885;0.025;False;ok;75;1;0.607;
6497;3.832224089;39.99966885;0.025;False;ok;75;1;0.665;
6498;3.857224089;39.97466885;0.05;False;ok;7;1;0.420;
6499;3.907224089;39.92466885;0.05;False;ok;11;1;0.476;
6500;3.957224089;39.92466885;0.0125;False;ok;21;1;0.403;
6501;3.957224089;39.93716885;0.0125;False;ok;73;1;0.659;
6502;3.957224089;39.94966885;0.025;False;ok;1;1;0.367;
6503;3.982224089;39.94966885;0.025;False;ok;5;1;0.420;
6504;3.957224089;39.97466885;0.05;False;ok;2;1;0.453;
6505;4.007224089;39.92466885;0.1;False;ok;31;1;0.479;
6506;4.107224089;39.92466885;0.05;False;ok;14;1;0.581;
6507;4.157224089;39.92466885;0.05;False;ok;2;1;0.369;
6508;4.107224089;39.97466885;0.05;False;ok;4;1;0.506;
6509;4.182224089;39.97466885;0.025;False;ok;1;1;0.357;
6510;4.157224089;39.99966885;0.025;False;ok;73;1;0.689;
6511;4.182224089;39.99966885;0.025;False;ok;75;1;0.690;
6512;4.207224089;39.92466885;0.1;False;ok;9;1;0.496;
6513;3.807224089;40.02466885;0.1;False;ok;38;1;0.611;
6514;4.007224089;40.02466885;0.1;False;ok;1;1;0.400;
6515;4.107224089;40.02466885;0.05;False;ok;73;1;0.732;
6516;4.157224089;40.02466885;0.05;False;ok;74;1;0.760;
6517;0.807224089;40.62466885;0.1;False;ok;62;1;0.645;
6518;0.807224089;40.72466885;0.025;False;ok;26;1;0.519;
6519;0.832224089;40.72466885;0.00625;False;ok;74;1;0.717;
6520;0.838474089;40.72466885;0.00625;False;ok;73;1;0.733;
6521;-5.357657522;35.87616748;0.09;False;ok;38;1;0.620;
6522;-2.961443247;35.27658336;0.1;False;ok;22;1;0.388;
