index;x;y;inc;mixed;status;alojamientos;attempts;elapsed_seconds;error
0;-18.04263932;27.61024358;0.1;False;ok;74;1;5.416;
1;-18.14263932;27.71024358;0.1;False;ok;15;1;3.370;
2;-18.04263932;27.71024358;0.05;False;ok;75;1;5.908;
3;-17.99263932;27.71024358;0.05;False;ok;48;1;5.840;
4;-18.04263932;27.76024358;0.05;False;ok;33;1;3.894;
5;-17.99263932;27.76024358;0.05;False;ok;35;1;6.070;
6;-17.94263932;27.71024358;0.1;False;ok;39;1;3.866;
7;-15.69263932;27.71024358;0.05;False;ok;66;1;4.411;
8;-15.71763932;27.76024358;0.025;False;ok;74;1;6.035;
9;-15.74263932;27.78524358;0.0125;False;ok;1;1;4.867;
10;-15.73013932;27.78524358;0.0125;False;ok;34;1;5.429;
11;-15.74263932;27.79774358;0.0125;False;ok;73;1;4.957;
12;-15.73013932;27.79774358;0.0125;False;ok;41;1;6.118;
13;-15.71763932;27.78524358;0.00625;False;ok;75;1;5.464;
14;-15.71138932;27.78524358;0.00625;False;ok;75;1;6.496;
15;-15.71763932;27.79149358;0.00625;False;ok;43;1;4.331;
16;-15.71138932;27.79149358;0.00625;False;ok;73;1;5.946;
17;-15.70513932;27.78524358;0.0125;False;ok;55;1;5.906;
18;-15.71763932;27.79774358;0.0125;False;ok;47;1;5.363;
19;-15.70513932;27.79774358;0.0125;False;ok;3;1;5.023;
20;-15.69263932;27.76024358;0.025;False;ok;75;1;3.851;
21;-15.66763932;27.76024358;0.025;False;ok;73;1;5.643;
22;-15.66763932;27.78524358;0.025;False;ok;67;1;5.192;
23;-15.64263932;27.73524358;0.025;False;ok;56;1;6.061;
24;-15.61763932;27.73524358;0.0125;False;ok;56;1;7.300;
25;-15.60513932;27.73524358;0.0125;False;ok;42;1;4.546;
26;-15.61763932;27.74774358;0.0125;False;ok;52;1;4.089;
27;-15.60513932;27.74774358;0.00625;False;ok;43;1;6.073;
28;-15.59888932;27.74774358;0.00625;False;ok;39;1;10.286;
29;-15.60513932;27.75399358;0.00625;False;ok;74;1;8.951;
30;-15.59888932;27.75399358;0.00625;False;ok;60;1;4.008;
31;-15.58013932;27.73524358;0.0125;False;ok;6;1;3.899;
32;-15.59263932;27.74774358;0.00625;False;ok;23;1;9.119;
33;-15.58638932;27.74774358;0.00625;False;ok;23;1;9.067;
34;-15.59263932;27.75399358;0.00625;False;ok;73;1;9.004;
35;-15.58638932;27.75399358;0.00625;False;ok;46;1;9.044;
36;-15.58013932;27.74774358;0.00625;False;ok;75;1;9.552;
37;-15.57388932;27.74774358;0.00625;False;ok;46;1;12.493;
38;-15.58013932;27.75399358;0.003125;False;ok;74;1;7.353;
39;-15.57701432;27.75399358;0.003125;False;ok;14;1;7.966;
40;-15.58013932;27.75711858;0.003125;False;ok;49;1;7.659;
41;-15.57701432;27.75711858;0.003125;False;ok;42;1;5.721;
42;-15.57388932;27.75399358;0.003125;False;ok;24;1;5.627;
43;-15.57076432;27.75399358;0.003125;False;ok;19;1;7.122;
44;-15.57388932;27.75711858;0.003125;False;ok;75;1;7.636;
45;-15.57076432;27.75711858;0.003125;False;ok;75;1;6.185;
46;-15.56763932;27.73524358;0.025;False;ok;26;1;5.169;
47;-15.64263932;27.76024358;0.05;False;ok;73;1;6.726;
48;-15.59263932;27.76024358;0.0125;False;ok;74;1;5.791;
49;-15.58013932;27.76024358;0.00625;False;ok;75;1;4.385;
50;-15.57388932;27.76024358;0.00625;False;ok;52;1;3.735;
51;-15.58013932;27.76649358;0.00625;False;ok;12;1;4.573;
52;-15.57388932;27.76649358;0.00625;False;ok;6;1;3.461;
53;-15.59263932;27.77274358;0.0125;False;ok;0;1;5.300;
54;-15.56763932;27.76024358;0.00625;False;ok;75;1;5.021;
55;-15.56138932;27.76024358;0.00625;False;ok;18;1;3.402;
56;-15.56138932;27.76649358;0.00625;False;ok;3;1;5.651;
57;-15.55513932;27.76024358;0.00625;False;ok;16;1;5.640;
58;-15.55513932;27.76649358;0.00625;False;ok;73;1;6.825;
59;-15.54888932;27.76649358;0.00625;False;ok;73;1;7.191;
60;-15.55513932;27.77274358;0.0125;False;ok;9;1;7.040;
61;-15.54263932;27.76024358;0.0125;False;ok;75;1;6.843;
62;-15.54263932;27.77274358;0.0125;False;ok;24;1;3.754;
63;-15.53013932;27.77274358;0.0125;False;ok;74;1;8.644;
64;-15.51763932;27.76024358;0.025;False;ok;7;1;6.474;
65;-15.49263932;27.76024358;0.05;False;ok;21;1;4.622;
66;-18.04263932;27.81024358;0.1;False;ok;31;1;6.112;
67;-17.94263932;27.81024358;0.1;False;ok;71;1;6.108;
68;-15.76763932;27.81024358;0.00625;False;ok;1;1;6.116;
69;-15.76763932;27.81649358;0.003125;False;ok;70;1;5.212;
70;-15.76451432;27.81649358;0.003125;False;ok;75;1;5.146;
71;-15.76451432;27.81961858;0.003125;False;ok;28;1;4.703;
72;-15.76138932;27.81649358;0.00625;False;ok;14;1;4.487;
73;-15.75513932;27.81024358;0.0125;False;ok;40;1;4.189;
74;-15.76763932;27.82274358;0.0125;False;ok;23;1;3.751;
75;-15.76763932;27.83524358;0.025;False;ok;16;1;3.506;
76;-15.84263932;27.86024358;0.05;False;ok;11;1;3.306;
77;-15.74263932;27.81024358;0.1;False;ok;45;1;3.371;
78;-15.64263932;27.81024358;0.1;False;ok;55;1;3.298;
79;-15.54263932;27.81024358;0.1;False;ok;73;1;3.234;
80;-15.44263932;27.81024358;0.05;False;ok;75;1;2.461;
81;-15.39263932;27.81024358;0.05;False;ok;40;1;2.233;
82;-15.44263932;27.86024358;0.05;False;ok;49;1;2.314;
83;-15.39263932;27.86024358;0.05;False;ok;10;1;1.942;
84;-17.74263932;27.91024358;0.1;False;ok;0;1;2.675;
85;-16.66763932;27.99774358;0.0125;False;ok;28;1;2.101;
86;-16.65513932;28.00399358;0.00625;False;ok;23;1;1.872;
87;-16.64888932;28.00399358;0.00625;False;ok;75;1;2.370;
88;-16.64263932;27.91024358;0.1;False;ok;75;1;2.349;
89;-15.84263932;27.91024358;0.1;False;ok;67;1;2.490;
90;-15.74263932;27.91024358;0.1;False;ok;8;1;2.557;
91;-15.64263932;27.91024358;0.05;False;ok;11;1;2.399;
92;-15.59263932;27.91024358;0.05;False;ok;36;1;2.668;
93;-15.64263932;27.96024358;0.05;False;ok;73;1;3.239;
94;-15.59263932;27.96024358;0.05;False;ok;44;1;3.284;
95;-15.54263932;27.91024358;0.1;False;ok;75;1;4.075;
96;-15.44263932;27.91024358;0.05;False;ok;48;1;4.874;
97;-15.39263932;27.91024358;0.05;False;ok;5;1;4.863;
98;-15.44263932;27.96024358;0.05;False;ok;61;1;5.614;
99;-15.39263932;27.96024358;0.05;False;ok;74;1;5.865;
100;-17.44263932;28.01024358;0.1;False;ok;38;1;5.476;
101;-17.34263932;28.01024358;0.05;False;ok;1;1;3.447;
102;-17.34263932;28.06024358;0.025;False;ok;37;1;3.420;
103;-17.34263932;28.08524358;0.0125;False;ok;70;1;5.708;
104;-17.34263932;28.09774358;0.0125;False;ok;9;1;5.214;
105;-17.33013932;28.09774358;0.0125;False;ok;13;1;3.627;
106;-17.31763932;28.08524358;0.025;False;ok;1;1;5.163;
107;-17.29263932;28.06024358;0.05;False;ok;8;1;5.389;
108;-17.24263932;28.01024358;0.1;False;ok;71;1;5.923;
109;-17.14263932;28.01024358;0.1;False;ok;74;1;3.738;
110;-16.84263932;28.01024358;0.1;False;ok;75;1;3.834;
111;-16.70513932;28.01024358;0.0125;False;ok;60;1;5.958;
112;-16.70513932;28.02274358;0.0125;False;ok;74;1;3.923;
113;-16.73638932;28.04774358;0.00625;False;ok;1;1;5.484;
114;-16.74263932;28.05399358;0.00625;False;ok;0;1;6.336;
115;-16.73638932;28.05399358;0.003125;False;ok;9;1;5.661;
116;-16.73326432;28.05399358;0.003125;False;ok;7;1;3.901;
117;-16.73638932;28.05711858;0.003125;False;ok;70;1;4.402;
118;-16.73326432;28.05711858;0.003125;False;ok;44;1;4.466;
119;-16.73013932;28.04774358;0.00625;False;ok;67;1;5.047;
120;-16.72076432;28.04774358;0.003125;False;ok;36;1;4.979;
121;-16.72388932;28.05086858;0.003125;False;ok;73;1;4.363;
122;-16.72076432;28.05086858;0.003125;False;ok;75;1;4.316;
123;-16.73013932;28.05399358;0.003125;False;ok;20;1;4.238;
124;-16.72701432;28.05399358;0.003125;False;ok;75;1;5.855;
125;-16.73013932;28.05711858;0.003125;False;ok;73;1;5.522;
126;-16.72701432;28.05711858;0.003125;False;ok;1;1;4.684;
127;-16.72388932;28.05399358;0.00625;False;ok;60;1;5.070;
128;-16.71763932;28.03524358;0.0125;False;ok;73;1;5.663;
129;-16.71763932;28.04774358;0.003125;False;ok;6;1;5.627;
130;-16.71451432;28.04774358;0.003125;False;ok;74;1;5.108;
131;-16.71763932;28.05086858;0.003125;False;ok;72;1;4.661;
132;-16.71451432;28.05086858;0.003125;False;ok;74;1;4.332;
133;-16.71138932;28.04774358;0.00625;False;ok;75;1;4.228;
134;-16.71763932;28.05399358;0.00625;False;ok;69;1;3.974;
135;-16.71138932;28.05399358;0.00625;False;ok;52;1;3.466;
136;-16.70513932;28.04774358;0.0125;False;ok;75;1;5.038;
137;-16.69263932;28.01024358;0.025;False;ok;22;1;4.153;
138;-16.66763932;28.01024358;0.0125;False;ok;16;1;3.834;
139;-16.65513932;28.01024358;0.0125;False;ok;74;1;4.209;
140;-16.66763932;28.02274358;0.0125;False;ok;0;1;3.941;
141;-16.65513932;28.02274358;0.0125;False;ok;2;1;3.260;
142;-16.69263932;28.03524358;0.025;False;ok;6;1;3.339;
143;-16.66763932;28.03524358;0.025;False;ok;8;1;3.229;
144;-16.73638932;28.06024358;0.00625;False;ok;73;1;3.436;
145;-16.73638932;28.06649358;0.00625;False;ok;73;1;2.979;
146;-16.73013932;28.06024358;0.0015625;False;ok;68;1;2.766;
147;-16.72857682;28.06024358;0.0015625;False;ok;25;1;2.403;
148;-16.73013932;28.06180608;0.0015625;False;ok;37;1;2.453;
149;-16.72857682;28.06180608;0.0015625;False;ok;58;1;2.368;
150;-16.72701432;28.06024358;0.003125;False;ok;59;1;2.571;
151;-16.73013932;28.06336858;0.003125;False;ok;75;1;2.475;
152;-16.72388932;28.06024358;0.00625;False;ok;3;1;2.486;
153;-16.73013932;28.06649358;0.003125;False;ok;42;1;2.682;
154;-16.72701432;28.06649358;0.003125;False;ok;13;1;2.585;
155;-16.73013932;28.06961858;0.003125;False;ok;75;1;2.726;
156;-16.72388932;28.06649358;0.00625;False;ok;10;1;2.338;
157;-16.73638932;28.07274358;0.003125;False;ok;4;1;2.871;
158;-16.73326432;28.07274358;0.003125;False;ok;75;1;3.194;
159;-16.73638932;28.07586858;0.003125;False;ok;43;1;3.723;
160;-16.73326432;28.07586858;0.003125;False;ok;67;1;3.066;
161;-16.73638932;28.07899358;0.003125;False;ok;11;1;2.664;
162;-16.73326432;28.07899358;0.003125;False;ok;58;1;2.977;
163;-16.73638932;28.08211858;0.003125;False;ok;11;1;2.781;
164;-16.73326432;28.08211858;0.0015625;False;ok;21;1;3.842;
165;-16.73170182;28.08211858;0.0015625;False;ok;69;1;3.856;
166;-16.73326432;28.08368108;0.0015625;False;ok;46;1;2.698;
167;-16.73013932;28.07274358;0.00625;False;ok;74;1;4.225;
168;-16.72388932;28.07274358;0.00625;False;ok;9;1;3.676;
169;-16.73013932;28.07899358;0.00625;False;ok;74;1;4.193;
170;-16.72388932;28.07899358;0.00625;False;ok;75;1;4.077;
171;-16.71763932;28.06024358;0.025;False;ok;75;1;3.921;
172;-16.74263932;28.08524358;0.00625;False;ok;7;1;3.519;
173;-16.73638932;28.08524358;0.00625;False;ok;74;1;3.934;
174;-16.74263932;28.09149358;0.00625;False;ok;53;1;3.560;
175;-16.73638932;28.09149358;0.00625;False;ok;44;1;3.358;
176;-16.73013932;28.08524358;0.00625;False;ok;73;1;3.370;
177;-16.72388932;28.08524358;0.00625;False;ok;75;1;2.699;
178;-16.73013932;28.09149358;0.00625;False;ok;48;1;2.393;
179;-16.72388932;28.09149358;0.00625;False;ok;31;1;2.761;
180;-16.74263932;28.09774358;0.0125;False;ok;6;1;2.550;
181;-16.73013932;28.09774358;0.0125;False;ok;4;1;2.408;
182;-16.71763932;28.08524358;0.025;False;ok;72;1;3.018;
183;-16.69263932;28.06024358;0.05;False;ok;75;1;2.951;
184;-16.64263932;28.01024358;0.025;False;ok;75;1;2.894;
185;-16.61763932;28.01024358;0.0125;False;ok;64;1;3.798;
186;-16.61763932;28.02274358;0.00625;False;ok;74;1;4.176;
187;-16.61138932;28.02274358;0.00625;False;ok;75;1;4.867;
188;-16.61763932;28.02899358;0.00625;False;ok;48;1;4.307;
189;-16.61138932;28.02899358;0.00625;False;ok;71;1;4.555;
190;-16.60513932;28.02274358;0.0125;False;ok;75;1;4.869;
191;-16.64263932;28.03524358;0.025;False;ok;10;1;2.629;
192;-16.61763932;28.03524358;0.025;False;ok;44;1;4.581;
193;-16.59263932;28.01024358;0.025;False;ok;65;1;4.585;
194;-16.56451432;28.02899358;0.003125;False;ok;23;1;4.680;
195;-16.56763932;28.03211858;0.003125;False;ok;41;1;4.670;
196;-16.56451432;28.03211858;0.003125;False;ok;74;1;4.954;
197;-16.56138932;28.02899358;0.00625;False;ok;0;1;5.306;
198;-16.59263932;28.03524358;0.025;False;ok;1;1;4.408;
199;-16.56763932;28.03524358;0.025;False;ok;30;1;3.053;
200;-16.64263932;28.06024358;0.05;False;ok;51;1;3.126;
201;-16.59263932;28.06024358;0.05;False;ok;71;1;3.441;
202;-16.54263932;28.04149358;0.003125;False;ok;30;1;4.253;
203;-16.53951432;28.04149358;0.003125;False;ok;44;1;4.272;
204;-16.54263932;28.04461858;0.003125;False;ok;18;1;3.593;
205;-16.53951432;28.04461858;0.003125;False;ok;75;1;3.237;
206;-16.53638932;28.04149358;0.00625;False;ok;74;1;3.406;
207;-16.54263932;28.04774358;0.00625;False;ok;37;1;3.005;
208;-16.53638932;28.04774358;0.00625;False;ok;74;1;4.040;
209;-16.53013932;28.04774358;0.0125;False;ok;50;1;3.265;
210;-16.54263932;28.06024358;0.05;False;ok;1;1;4.281;
211;-16.49263932;28.06024358;0.05;False;ok;55;1;3.878;
212;-15.74263932;28.01024358;0.05;False;ok;8;1;5.126;
213;-15.69263932;28.01024358;0.05;False;ok;31;1;5.077;
214;-15.74263932;28.06024358;0.05;False;ok;75;1;5.386;
215;-15.69263932;28.06024358;0.05;False;ok;53;1;5.519;
216;-15.64263932;28.01024358;0.1;False;ok;74;1;5.740;
217;-15.54263932;28.01024358;0.05;False;ok;64;1;5.337;
218;-15.49263932;28.01024358;0.05;False;ok;58;1;5.466;
219;-15.54263932;28.06024358;0.05;False;ok;40;1;5.387;
220;-15.49263932;28.06024358;0.05;False;ok;17;1;3.804;
221;-15.44263932;28.01024358;0.05;False;ok;14;1;5.452;
222;-15.39263932;28.01024358;0.05;False;ok;19;1;5.111;
223;-15.44263932;28.06024358;0.05;False;ok;73;1;5.432;
224;-14.44263932;28.01024358;0.1;False;ok;73;1;3.931;
225;-14.34263932;28.01024358;0.1;False;ok;74;1;4.169;
226;-17.34263932;28.11024358;0.1;False;ok;75;1;3.860;
227;-17.24263932;28.11024358;0.05;False;ok;20;1;4.306;
228;-17.19263932;28.11024358;0.05;False;ok;13;1;3.500;
229;-17.24263932;28.16024358;0.05;False;ok;57;1;3.697;
230;-17.19263932;28.16024358;0.05;False;ok;54;1;3.268;
231;-17.14263932;28.11024358;0.1;False;ok;1;1;2.540;
232;-16.84263932;28.11024358;0.05;False;ok;5;1;2.439;
233;-16.77388932;28.11024358;0.00625;False;ok;5;1;2.630;
234;-16.78013932;28.11649358;0.00625;False;ok;74;1;2.936;
235;-16.77388932;28.11649358;0.00625;False;ok;75;1;2.931;
236;-16.79263932;28.12274358;0.0125;False;ok;75;1;3.156;
237;-16.78013932;28.12274358;0.00625;False;ok;73;1;2.584;
238;-16.77388932;28.12274358;0.00625;False;ok;74;1;3.546;
239;-16.78013932;28.12899358;0.00625;False;ok;57;1;3.245;
240;-16.77388932;28.12899358;0.00625;False;ok;11;1;3.132;
241;-16.76763932;28.11024358;0.025;False;ok;50;1;3.387;
242;-16.79263932;28.13524358;0.025;False;ok;14;1;3.607;
243;-16.76763932;28.13524358;0.025;False;ok;74;1;2.637;
244;-16.84263932;28.16024358;0.05;False;ok;75;1;2.782;
245;-16.79263932;28.16024358;0.05;False;ok;73;1;3.908;
246;-16.74263932;28.11024358;0.1;False;ok;75;1;3.768;
247;-16.64263932;28.11024358;0.1;False;ok;67;1;3.750;
248;-16.54263932;28.11024358;0.1;False;ok;74;1;3.681;
249;-16.44263932;28.11024358;0.1;False;ok;74;1;3.722;
250;-15.74263932;28.11024358;0.1;False;ok;75;1;2.820;
251;-15.64263932;28.11024358;0.1;False;ok;74;1;2.846;
252;-15.54263932;28.11024358;0.1;False;ok;75;1;3.675;
253;-15.44263932;28.11024358;0.0125;False;ok;8;1;3.336;
254;-15.43013932;28.11024358;0.0125;False;ok;35;1;4.296;
255;-15.44263932;28.12274358;0.0125;False;ok;75;1;2.942;
256;-15.43013932;28.12274358;0.0125;False;ok;17;1;2.874;
257;-15.41763932;28.11024358;0.025;False;ok;2;1;3.014;
258;-15.44263932;28.13524358;0.00625;False;ok;75;1;4.433;
259;-15.43638932;28.13524358;0.003125;False;ok;68;1;4.717;
260;-15.43326432;28.13524358;0.003125;False;ok;16;1;3.324;
261;-15.43638932;28.13836858;0.0015625;False;ok;75;1;4.991;
262;-15.43482682;28.13836858;0.0015625;False;ok;37;1;4.773;
263;-15.43638932;28.13993108;0.0015625;False;ok;35;1;4.533;
264;-15.43482682;28.13993108;0.0015625;False;ok;74;1;4.500;
265;-15.43326432;28.13836858;0.003125;False;ok;74;1;3.067;
266;-15.43638932;28.14149358;0.003125;False;ok;27;1;2.916;
267;-15.43326432;28.14149358;0.003125;False;ok;75;1;4.418;
268;-15.43326432;28.14461858;0.003125;False;ok;60;1;4.124;
269;-15.43013932;28.13524358;0.0125;False;ok;65;1;4.223;
270;-15.44263932;28.14774358;0.0125;False;ok;73;1;4.310;
271;-15.43013932;28.14774358;0.0125;False;ok;73;1;4.263;
272;-15.44263932;28.16024358;0.05;False;ok;2;1;3.649;
273;-14.34263932;28.11024358;0.1;False;ok;51;1;3.760;
274;-14.24263932;28.11024358;0.05;False;ok;72;1;3.012;
275;-14.24263932;28.16024358;0.05;False;ok;75;1;3.040;
276;-14.19263932;28.16024358;0.05;False;ok;56;1;2.604;
277;-14.14263932;28.11024358;0.1;False;ok;74;1;2.446;
278;-14.04263932;28.11024358;0.1;False;ok;28;1;2.584;
279;-16.94263932;28.21024358;0.1;False;ok;20;1;2.181;
280;-16.84263932;28.21024358;0.0125;False;ok;17;1;2.123;
281;-16.83013932;28.21024358;0.0125;False;ok;5;1;2.739;
282;-16.84263932;28.22274358;0.00625;False;ok;73;1;4.561;
283;-16.83638932;28.22274358;0.00625;False;ok;2;1;4.203;
284;-16.84263932;28.22899358;0.003125;False;ok;75;1;4.498;
285;-16.83951432;28.22899358;0.003125;False;ok;37;1;4.445;
286;-16.84263932;28.23211858;0.003125;False;ok;55;1;3.348;
287;-16.83951432;28.23211858;0.003125;False;ok;2;1;4.270;
288;-16.83638932;28.22899358;0.00625;False;ok;39;1;3.233;
289;-16.81763932;28.21024358;0.025;False;ok;5;1;4.342;
290;-16.84263932;28.23524358;0.003125;False;ok;73;1;3.374;
291;-16.84263932;28.23836858;0.003125;False;ok;56;1;4.617;
292;-16.83951432;28.23836858;0.003125;False;ok;23;1;4.523;
293;-16.83638932;28.23524358;0.00625;False;ok;32;1;4.479;
294;-16.84263932;28.24149358;0.00625;False;ok;75;1;4.691;
295;-16.83013932;28.23524358;0.0125;False;ok;6;1;4.400;
296;-16.84263932;28.24774358;0.0125;False;ok;25;1;4.422;
297;-16.83013932;28.24774358;0.0125;False;ok;3;1;2.889;
298;-16.81763932;28.23524358;0.025;False;ok;35;1;3.090;
299;-16.79263932;28.21024358;0.05;False;ok;12;1;4.212;
300;-16.84263932;28.26024358;0.05;False;ok;37;1;3.184;
301;-16.64263932;28.21024358;0.1;False;ok;2;1;3.546;
302;-16.54263932;28.21024358;0.1;False;ok;34;1;2.412;
303;-16.44263932;28.21024358;0.1;False;ok;74;1;2.420;
304;-14.24263932;28.21024358;0.1;False;ok;33;1;2.253;
305;-14.14263932;28.21024358;0.1;False;ok;33;1;2.317;
306;-14.04263932;28.21024358;0.1;False;ok;75;1;2.515;
307;-16.94263932;28.31024358;0.1;False;ok;72;1;3.071;
308;-16.84263932;28.31024358;0.05;False;ok;22;1;2.385;
309;-16.79263932;28.31024358;0.05;False;ok;18;1;3.309;
310;-16.84263932;28.36024358;0.05;False;ok;75;1;3.781;
311;-16.79263932;28.36024358;0.05;False;ok;74;1;3.876;
312;-16.74263932;28.31024358;0.05;False;ok;56;1;4.085;
313;-16.69263932;28.31024358;0.05;False;ok;17;1;3.899;
314;-16.74263932;28.36024358;0.025;False;ok;70;1;4.339;
315;-16.71763932;28.36024358;0.025;False;ok;75;1;4.396;
316;-16.69263932;28.36024358;0.05;False;ok;75;1;4.299;
317;-16.59263932;28.31024358;0.05;False;ok;7;1;4.281;
318;-16.64263932;28.36024358;0.05;False;ok;60;1;4.409;
319;-16.59263932;28.36024358;0.025;False;ok;24;1;4.227;
320;-16.56763932;28.36024358;0.025;False;ok;17;1;4.252;
321;-16.59263932;28.38524358;0.025;False;ok;72;1;4.446;
322;-16.56763932;28.38524358;0.025;False;ok;69;1;3.134;
323;-16.54263932;28.31024358;0.05;False;ok;2;1;2.720;
324;-16.54263932;28.36024358;0.05;False;ok;75;1;3.149;
325;-16.49263932;28.36024358;0.05;False;ok;0;1;3.421;
326;-16.44263932;28.31024358;0.05;False;ok;68;1;3.196;
327;-16.39263932;28.31024358;0.05;False;ok;69;1;3.191;
328;-16.39263932;28.36024358;0.05;False;ok;75;1;4.232;
329;-16.34263932;28.31024358;0.1;False;ok;74;1;3.783;
330;-14.24263932;28.31024358;0.1;False;ok;13;1;3.796;
331;-14.14263932;28.31024358;0.1;False;ok;21;1;4.316;
332;-14.04263932;28.31024358;0.1;False;ok;39;1;4.241;
333;-13.94263932;28.31024358;0.05;False;ok;2;1;3.974;
334;-13.89263932;28.36024358;0.025;False;ok;74;1;3.284;
335;-13.86763932;28.36024358;0.025;False;ok;6;1;3.112;
336;-13.88013932;28.38524358;0.0125;False;ok;75;1;3.301;
337;-13.89263932;28.39774358;0.0125;False;ok;11;1;4.743;
338;-13.88013932;28.39774358;0.0125;False;ok;74;1;4.898;
339;-13.86763932;28.38524358;0.0125;False;ok;37;1;4.963;
340;-13.85513932;28.38524358;0.0125;False;ok;8;1;4.895;
341;-13.86763932;28.39774358;0.00625;False;ok;35;1;4.364;
342;-13.86138932;28.39774358;0.00625;False;ok;75;1;3.480;
343;-13.86138932;28.40399358;0.00625;False;ok;7;1;4.761;
344;-13.85513932;28.39774358;0.0125;False;ok;32;1;4.778;
345;-17.94263932;28.41024358;0.1;False;ok;67;1;3.323;
346;-17.84263932;28.41024358;0.1;False;ok;14;1;3.219;
347;-16.56763932;28.41024358;0.0125;False;ok;75;1;4.688;
348;-16.55513932;28.41024358;0.00625;False;ok;75;1;4.273;
349;-16.54888932;28.41024358;0.00625;False;ok;74;1;4.632;
350;-16.55513932;28.41649358;0.00625;False;ok;71;1;3.181;
351;-16.54888932;28.41649358;0.00625;False;ok;75;1;4.409;
352;-16.54263932;28.41024358;0.025;False;ok;75;1;3.445;
353;-16.51763932;28.41024358;0.025;False;ok;75;1;3.303;
354;-16.51763932;28.43524358;0.025;False;ok;4;1;3.711;
355;-16.49263932;28.41024358;0.05;False;ok;75;1;4.156;
356;-16.49263932;28.46024358;0.05;False;ok;40;1;3.814;
357;-16.44263932;28.41024358;0.05;False;ok;6;1;3.067;
358;-16.39263932;28.41024358;0.05;False;ok;21;1;3.069;
359;-16.44263932;28.46024358;0.05;False;ok;73;1;3.273;
360;-16.39263932;28.46024358;0.05;False;ok;40;1;2.873;
361;-16.34263932;28.41024358;0.05;False;ok;47;1;3.001;
362;-16.29263932;28.41024358;0.05;False;ok;52;1;3.126;
363;-16.34263932;28.46024358;0.05;False;ok;74;1;3.662;
364;-16.29263932;28.46024358;0.025;False;ok;44;1;3.153;
365;-16.26763932;28.46024358;0.0125;False;ok;75;1;3.492;
366;-16.25513932;28.46024358;0.0125;False;ok;75;1;3.477;
367;-16.26763932;28.47274358;0.0125;False;ok;9;1;2.837;
368;-16.25513932;28.47274358;0.0125;False;ok;46;1;3.272;
369;-16.29263932;28.48524358;0.025;False;ok;4;1;3.401;
370;-16.24263932;28.41024358;0.1;False;ok;74;1;4.818;
371;-14.14263932;28.41024358;0.1;False;ok;16;1;3.390;
372;-14.04263932;28.41024358;0.1;False;ok;32;1;5.353;
373;-13.89263932;28.41024358;0.05;False;ok;74;1;3.765;
374;-13.94263932;28.46024358;0.05;False;ok;7;1;3.423;
375;-13.89263932;28.46024358;0.025;False;ok;13;1;5.054;
376;-13.86763932;28.46024358;0.025;False;ok;1;1;3.197;
377;-13.89263932;28.48524358;0.025;False;ok;48;1;5.649;
378;-13.86763932;28.48524358;0.025;False;ok;75;1;6.299;
379;-17.89263932;28.51024358;0.05;False;ok;9;1;5.899;
380;-17.91763932;28.56024358;0.025;False;ok;12;1;6.119;
381;-17.94263932;28.58524358;0.025;False;ok;8;1;5.600;
382;-17.91763932;28.58524358;0.0125;False;ok;75;1;5.818;
383;-17.90513932;28.58524358;0.0125;False;ok;11;1;5.807;
384;-17.91763932;28.59774358;0.0125;False;ok;9;1;5.827;
385;-17.90513932;28.59774358;0.0125;False;ok;17;1;5.564;
386;-17.89263932;28.56024358;0.05;False;ok;26;1;5.699;
387;-17.84263932;28.51024358;0.1;False;ok;61;1;5.705;
388;-16.44263932;28.51024358;0.1;False;ok;74;1;3.453;
389;-16.34263932;28.51024358;0.1;False;ok;73;1;3.663;
390;-16.24263932;28.51024358;0.1;False;ok;73;1;3.899;
391;-14.04263932;28.51024358;0.1;False;ok;49;1;3.490;
392;-13.94263932;28.51024358;0.1;False;ok;36;1;3.568;
393;-13.84263932;28.51024358;0.1;False;ok;56;1;3.823;
394;-18.04263932;28.61024358;0.1;False;ok;74;1;4.406;
395;-17.94263932;28.61024358;0.025;False;ok;4;1;3.863;
396;-17.91763932;28.61024358;0.025;False;ok;16;1;3.907;
397;-17.94263932;28.63524358;0.025;False;ok;71;1;2.859;
398;-17.91763932;28.63524358;0.025;False;ok;74;1;4.520;
399;-17.89263932;28.61024358;0.025;False;ok;6;1;5.624;
400;-17.89263932;28.63524358;0.025;False;ok;70;1;3.553;
401;-17.86763932;28.63524358;0.025;False;ok;23;1;5.531;
402;-17.94263932;28.66024358;0.05;False;ok;75;1;6.106;
403;-17.89263932;28.66024358;0.05;False;ok;6;1;3.315;
404;-17.84263932;28.61024358;0.05;False;ok;4;1;5.814;
405;-17.79263932;28.61024358;0.025;False;ok;37;1;3.370;
406;-17.76763932;28.61024358;0.025;False;ok;10;1;3.304;
407;-17.79263932;28.63524358;0.025;False;ok;60;1;6.095;
408;-17.76763932;28.63524358;0.025;False;ok;75;1;6.052;
409;-17.84263932;28.66024358;0.05;False;ok;1;1;5.837;
410;-17.79263932;28.66024358;0.025;False;ok;45;1;6.048;
411;-17.76763932;28.66024358;0.025;False;ok;73;1;5.813;
412;-17.79263932;28.68524358;0.025;False;ok;17;1;3.282;
413;-17.76763932;28.68524358;0.025;False;ok;74;1;6.403;
414;-14.01763932;28.66024358;0.0125;False;ok;0;1;3.956;
415;-14.01763932;28.67274358;0.0125;False;ok;74;1;5.677;
416;-14.00513932;28.67274358;0.0125;False;ok;6;1;4.971;
417;-14.04263932;28.68524358;0.025;False;ok;1;1;5.187;
418;-14.01763932;28.68524358;0.025;False;ok;75;1;3.716;
419;-13.99263932;28.66024358;0.05;False;ok;50;1;3.546;
420;-13.94263932;28.61024358;0.05;False;ok;75;1;3.744;
421;-13.89263932;28.61024358;0.05;False;ok;1;1;3.338;
422;-13.94263932;28.66024358;0.05;False;ok;74;1;5.441;
423;-13.89263932;28.66024358;0.05;False;ok;75;1;3.369;
424;-13.84263932;28.61024358;0.1;False;ok;2;1;4.826;
425;-18.04263932;28.71024358;0.1;False;ok;73;1;5.106;
426;-17.94263932;28.71024358;0.1;False;ok;19;1;3.121;
427;-17.84263932;28.71024358;0.1;False;ok;62;1;4.952;
428;-17.74263932;28.71024358;0.1;False;ok;4;1;4.625;
429;-14.04263932;28.71024358;0.1;False;ok;73;1;5.152;
430;-13.94263932;28.71024358;0.05;False;ok;4;1;4.752;
431;-13.88013932;28.71024358;0.0125;False;ok;74;1;5.150;
432;-13.89263932;28.72274358;0.0125;False;ok;0;1;5.587;
433;-13.88013932;28.72274358;0.0125;False;ok;75;1;5.177;
434;-13.86763932;28.71024358;0.0125;False;ok;46;1;3.216;
435;-13.86763932;28.72274358;0.00625;False;ok;74;1;3.704;
436;-13.86138932;28.72274358;0.00625;False;ok;74;1;3.559;
437;-13.86763932;28.72899358;0.00625;False;ok;74;1;4.991;
438;-13.86138932;28.72899358;0.00625;False;ok;52;1;3.413;
439;-13.85513932;28.72274358;0.0125;False;ok;18;1;4.945;
440;-13.87388932;28.73524358;0.003125;False;ok;75;1;3.414;
441;-13.87076432;28.73524358;0.003125;False;ok;73;1;4.964;
442;-13.87388932;28.73836858;0.003125;False;ok;23;1;4.820;
443;-13.87076432;28.73836858;0.003125;False;ok;75;1;2.934;
444;-13.87388932;28.74149358;0.00625;False;ok;75;1;4.758;
445;-13.86763932;28.73524358;0.025;False;ok;75;1;3.205;
446;-13.84263932;28.71024358;0.1;False;ok;2;1;3.973;
447;-13.74263932;28.71024358;0.1;False;ok;1;1;4.129;
448;-18.04263932;28.81024358;0.1;False;ok;6;1;2.676;
449;-17.94263932;28.81024358;0.1;False;ok;12;1;2.992;
450;-17.84263932;28.81024358;0.1;False;ok;23;1;3.215;
451;-13.89263932;28.81024358;0.05;False;ok;5;1;4.315;
452;-13.89263932;28.86024358;0.025;False;ok;74;1;3.035;
453;-13.86763932;28.86024358;0.0125;False;ok;74;1;4.622;
454;-13.85513932;28.86024358;0.00625;False;ok;13;1;4.289;
455;-13.84888932;28.86024358;0.00625;False;ok;39;1;4.249;
456;-13.85513932;28.86649358;0.00625;False;ok;5;1;4.553;
457;-13.84888932;28.86649358;0.00625;False;ok;55;1;4.456;
458;-13.85513932;28.87274358;0.0125;False;ok;74;1;2.877;
459;-13.84263932;28.81024358;0.05;False;ok;75;1;4.542;
460;-13.84263932;28.86024358;0.00625;False;ok;33;1;4.276;
461;-13.83638932;28.86024358;0.00625;False;ok;72;1;4.434;
462;-13.84263932;28.86649358;0.00625;False;ok;72;1;4.590;
463;-13.83638932;28.86649358;0.00625;False;ok;22;1;4.227;
464;-13.83013932;28.86024358;0.0125;False;ok;75;1;3.191;
465;-13.84263932;28.87274358;0.0125;False;ok;59;1;2.972;
466;-13.83013932;28.87274358;0.0125;False;ok;75;1;3.175;
467;-13.81763932;28.86024358;0.0125;False;ok;75;1;3.280;
468;-13.80513932;28.86024358;0.00625;False;ok;75;1;3.291;
469;-13.79888932;28.86024358;0.00625;False;ok;57;1;3.566;
470;-13.80513932;28.86649358;0.00625;False;ok;41;1;3.586;
471;-13.74263932;28.81024358;0.1;False;ok;20;1;3.291;
472;-13.84263932;28.91024358;0.1;False;ok;75;1;3.020;
473;-13.71763932;28.91024358;0.025;False;ok;74;1;4.054;
474;-13.74263932;28.93524358;0.025;False;ok;13;1;4.462;
475;-13.71763932;28.93524358;0.025;False;ok;74;1;4.793;
476;-13.69263932;28.91024358;0.0125;False;ok;2;1;4.415;
477;-13.68013932;28.91024358;0.0125;False;ok;74;1;5.156;
478;-13.69263932;28.92274358;0.0125;False;ok;9;1;4.982;
479;-13.68013932;28.92274358;0.00625;False;ok;74;1;3.824;
480;-13.67388932;28.92274358;0.003125;False;ok;45;1;3.489;
481;-13.67076432;28.92274358;0.003125;False;ok;60;1;5.061;
482;-13.67388932;28.92586858;0.003125;False;ok;18;1;4.778;
483;-13.67076432;28.92586858;0.003125;False;ok;8;1;4.663;
484;-13.68013932;28.92899358;0.00625;False;ok;7;1;4.794;
485;-13.67388932;28.92899358;0.00625;False;ok;12;1;3.447;
486;-13.66763932;28.91024358;0.0125;False;ok;75;1;4.828;
487;-13.65513932;28.91649358;0.00625;False;ok;75;1;3.871;
488;-13.64888932;28.91649358;0.00625;False;ok;74;1;3.865;
489;-13.66763932;28.92274358;0.00625;False;ok;75;1;4.607;
490;-13.66138932;28.92274358;0.00625;False;ok;75;1;4.370;
491;-13.66763932;28.92899358;0.00625;False;ok;1;1;3.367;
492;-13.65513932;28.92274358;0.0125;False;ok;75;1;4.485;
493;-13.69263932;28.93524358;0.025;False;ok;55;1;4.336;
494;-13.66763932;28.93524358;0.025;False;ok;73;1;4.899;
495;-13.74263932;28.96024358;0.05;False;ok;17;1;2.983;
496;-13.69263932;28.96024358;0.05;False;ok;75;1;3.499;
497;-13.64263932;28.91024358;0.0125;False;ok;12;1;4.839;
498;-13.64263932;28.92274358;0.0125;False;ok;75;1;3.387;
499;-13.63013932;28.92274358;0.0125;False;ok;40;1;5.115;
500;-13.61763932;28.91024358;0.025;False;ok;15;1;3.633;
501;-13.64263932;28.93524358;0.025;False;ok;46;1;3.590;
502;-13.61763932;28.93524358;0.025;False;ok;75;1;3.637;
503;-13.59263932;28.94774358;0.0125;False;ok;75;1;5.651;
504;-13.58013932;28.94774358;0.0125;False;ok;14;1;5.851;
505;-13.56763932;28.93524358;0.025;False;ok;75;1;6.242;
506;-13.64263932;28.96024358;0.05;False;ok;57;1;6.116;
507;-13.59263932;28.96024358;0.025;False;ok;21;1;5.872;
508;-13.56763932;28.96024358;0.0125;False;ok;32;1;5.828;
509;-13.55513932;28.96024358;0.0125;False;ok;75;1;5.913;
510;-13.56763932;28.97274358;0.0125;False;ok;16;1;5.632;
511;-13.55513932;28.97274358;0.0125;False;ok;7;1;5.651;
512;-13.56763932;28.98524358;0.025;False;ok;4;1;5.420;
513;-13.54263932;28.96024358;0.025;False;ok;9;1;3.325;
514;-13.51763932;28.96024358;0.025;False;ok;6;1;4.706;
515;-13.54263932;28.98524358;0.025;False;ok;14;1;3.349;
516;-13.51763932;28.98524358;0.0125;False;ok;49;1;3.679;
517;-13.50513932;28.98524358;0.0125;False;ok;75;1;3.732;
518;-13.51763932;28.99774358;0.0125;False;ok;16;1;3.347;
519;-13.50513932;28.99774358;0.0125;False;ok;44;1;3.509;
520;-13.49263932;28.98524358;0.0125;False;ok;43;1;4.213;
521;-13.49263932;28.99774358;0.0125;False;ok;75;1;4.364;
522;-13.69263932;29.01024358;0.05;False;ok;63;1;4.043;
523;-13.69263932;29.06024358;0.05;False;ok;75;1;3.118;
524;-13.64263932;29.01024358;0.05;False;ok;42;1;3.789;
525;-13.59263932;29.01024358;0.05;False;ok;74;1;2.855;
526;-13.64263932;29.06024358;0.05;False;ok;16;1;4.580;
527;-13.59263932;29.06024358;0.05;False;ok;22;1;3.139;
528;-13.54263932;29.01024358;0.05;False;ok;14;1;4.673;
529;-13.49263932;29.01024358;0.05;False;ok;7;1;4.553;
530;-13.54263932;29.06024358;0.05;False;ok;18;1;5.114;
531;-13.49263932;29.06024358;0.05;False;ok;75;1;5.041;
532;-13.74263932;29.11024358;0.1;False;ok;0;1;5.570;
533;-13.64263932;29.11024358;0.05;False;ok;21;1;5.191;
534;-13.59263932;29.11024358;0.05;False;ok;74;1;5.399;
535;-13.54263932;29.11024358;0.05;False;ok;33;1;4.927;
536;-13.49263932;29.11024358;0.025;False;ok;14;1;3.474;
537;-13.46763932;29.11024358;0.025;False;ok;75;1;4.963;
538;-13.49263932;29.13524358;0.025;False;ok;9;1;3.545;
539;-13.46763932;29.13524358;0.025;False;ok;75;1;3.672;
540;-13.54263932;29.16024358;0.05;False;ok;3;1;4.051;
541;-13.49263932;29.16024358;0.05;False;ok;11;1;3.922;
542;-13.44263932;29.11024358;0.1;False;ok;0;1;3.919;
543;-13.54263932;29.21024358;0.05;False;ok;75;1;4.117;
544;-13.49263932;29.21024358;0.05;False;ok;43;1;3.264;
545;-13.49263932;29.26024358;0.05;False;ok;4;1;2.959;
546;-8.919748187;41.83647628;0.05;True;ok;2;1;3.768;
547;-8.869748187;41.83647628;0.05;True;ok;0;1;2.960;
548;-8.719748187;41.78647628;0.1;True;ok;0;1;3.428;
549;-8.219748187;41.78647628;0.1;True;ok;2;1;2.797;
550;-8.119748187;41.78647628;0.1;False;ok;14;1;3.914;
551;-8.919748187;41.88647628;0.1;True;ok;72;1;2.906;
552;-8.819748187;41.88647628;0.1;True;ok;10;1;4.267;
553;-8.219748187;41.88647628;0.1;False;ok;2;1;4.456;
554;-8.119748187;41.88647628;0.1;False;ok;26;1;4.804;
555;-8.019748187;41.88647628;0.1;False;ok;9;1;4.570;
556;-7.919748187;41.88647628;0.1;True;ok;0;1;4.919;
557;-7.519748187;41.88647628;0.1;False;ok;13;1;3.074;
558;-8.919748187;41.98647628;0.1;False;ok;49;1;5.279;
559;-8.819748187;41.98647628;0.1;False;ok;22;1;5.472;
560;-8.719748187;41.98647628;0.1;True;ok;48;1;5.382;
561;-8.619748187;41.98647628;0.1;True;ok;5;1;5.167;
562;-7.919748187;41.98647628;0.1;False;ok;3;1;5.245;
563;-7.819748187;41.98647628;0.1;False;ok;5;1;3.075;
564;-7.519748187;41.98647628;0.1;False;ok;5;1;3.001;
565;-7.419748187;41.98647628;0.1;False;ok;2;1;4.930;
566;-7.219748187;41.98647628;0.1;False;ok;3;1;3.302;
567;-7.119748187;41.98647628;0.1;False;ok;3;1;4.637;
568;-7.019748187;41.98647628;0.1;False;ok;0;1;4.075;
569;-6.919748187;41.98647628;0.1;False;ok;11;1;3.529;
570;-6.819748187;41.98647628;0.1;False;ok;2;1;4.277;
571;-6.719748187;41.98647628;0.1;False;ok;42;1;4.387;
572;-8.919748187;42.08647628;0.1;False;ok;74;1;3.329;
573;-8.819748187;42.08647628;0.1;False;ok;75;1;4.757;
574;-8.719748187;42.08647628;0.1;False;ok;62;1;3.221;
575;-8.619748187;42.08647628;0.1;False;ok;47;1;3.227;
576;-8.519748187;42.08647628;0.1;False;ok;33;1;4.497;
577;-8.419748187;42.08647628;0.1;False;ok;5;1;4.532;
578;-8.319748187;42.08647628;0.1;True;ok;18;1;4.662;
579;-8.219748187;42.08647628;0.1;True;ok;9;1;3.130;
580;-8.119748187;42.08647628;0.1;False;ok;2;1;4.299;
581;-8.019748187;42.08647628;0.1;False;ok;15;1;4.371;
582;-7.919748187;42.08647628;0.1;False;ok;11;1;4.380;
583;-7.819748187;42.08647628;0.1;False;ok;6;1;2.987;
584;-7.619748187;42.08647628;0.1;False;ok;1;1;4.367;
585;-7.219748187;42.08647628;0.1;False;ok;2;1;4.480;
586;-7.119748187;42.08647628;0.1;False;ok;0;1;5.017;
587;-6.819748187;42.08647628;0.1;False;ok;4;1;4.407;
588;-6.719748187;42.08647628;0.1;False;ok;40;1;3.435;
589;-8.919748187;42.18647628;0.1;False;ok;38;1;4.255;
590;-8.819748187;42.18647628;0.05;False;ok;62;1;2.930;
591;-8.769748187;42.18647628;0.05;False;ok;75;1;4.483;
592;-8.819748187;42.23647628;0.05;False;ok;74;1;3.070;
593;-8.769748187;42.23647628;0.05;False;ok;72;1;3.122;
594;-8.719748187;42.18647628;0.05;False;ok;75;1;4.652;
595;-8.669748187;42.18647628;0.05;False;ok;8;1;2.756;
596;-8.719748187;42.23647628;0.05;False;ok;74;1;5.393;
597;-8.669748187;42.23647628;0.05;False;ok;9;1;3.294;
598;-8.619748187;42.18647628;0.1;False;ok;74;1;5.057;
599;-8.519748187;42.18647628;0.1;False;ok;43;1;4.863;
600;-8.419748187;42.18647628;0.1;False;ok;15;1;3.297;
601;-8.319748187;42.18647628;0.1;False;ok;13;1;5.104;
602;-8.219748187;42.18647628;0.1;False;ok;23;1;5.335;
603;-8.119748187;42.18647628;0.1;False;ok;3;1;3.204;
604;-7.919748187;42.18647628;0.1;False;ok;19;1;3.297;
605;-7.819748187;42.18647628;0.1;False;ok;49;1;5.988;
606;-7.719748187;42.18647628;0.1;False;ok;6;1;3.350;
607;-7.619748187;42.18647628;0.1;False;ok;2;1;5.674;
608;-7.419748187;42.18647628;0.1;False;ok;0;1;6.493;
609;-7.319748187;42.18647628;0.1;False;ok;6;1;5.685;
610;-7.119748187;42.18647628;0.1;False;ok;2;1;5.642;
611;-8.919748187;42.28647628;0.1;False;ok;11;1;5.596;
612;-8.819748187;42.28647628;0.1;False;ok;75;1;5.762;
613;-8.719748187;42.28647628;0.1;False;ok;62;1;3.474;
614;-8.619748187;42.28647628;0.1;False;ok;75;1;5.490;
615;-8.519748187;42.28647628;0.1;False;ok;6;1;3.560;
616;-8.319748187;42.28647628;0.1;False;ok;1;1;4.845;
617;-8.219748187;42.28647628;0.1;False;ok;31;1;3.509;
618;-8.119748187;42.28647628;0.1;False;ok;24;1;3.519;
619;-8.019748187;42.28647628;0.1;False;ok;8;1;3.424;
620;-7.919748187;42.28647628;0.05;False;ok;5;1;3.382;
621;-7.869748187;42.28647628;0.05;False;ok;57;1;5.380;
622;-7.919748187;42.33647628;0.05;False;ok;29;1;5.356;
623;-7.869748187;42.33647628;0.05;False;ok;75;1;5.586;
624;-7.819748187;42.28647628;0.1;False;ok;36;1;3.426;
625;-7.719748187;42.28647628;0.1;False;ok;10;1;5.176;
626;-7.619748187;42.28647628;0.1;False;ok;26;1;5.189;
627;-7.519748187;42.28647628;0.1;False;ok;20;1;3.371;
628;-7.419748187;42.28647628;0.1;False;ok;13;1;4.945;
629;-7.319748187;42.28647628;0.1;False;ok;10;1;5.233;
630;-7.219748187;42.28647628;0.1;False;ok;7;1;5.397;
631;-6.819748187;42.28647628;0.1;False;ok;3;1;5.308;
632;-9.019748187;42.38647628;0.1;False;ok;42;1;3.647;
633;-8.919748187;42.38647628;0.05;False;ok;31;1;5.454;
634;-8.869748187;42.38647628;0.025;False;ok;42;1;3.683;
635;-8.844748187;42.38647628;0.0125;False;ok;27;1;5.783;
636;-8.832248187;42.38647628;0.0125;False;ok;74;1;5.739;
637;-8.844748187;42.39897628;0.0125;False;ok;13;1;3.531;
638;-8.832248187;42.39897628;0.0125;False;ok;30;1;5.820;
639;-8.869748187;42.41147628;0.025;False;ok;42;1;3.533;
640;-8.844748187;42.41147628;0.025;False;ok;15;1;5.630;
641;-8.919748187;42.43647628;0.05;False;ok;60;1;4.744;
642;-8.869748187;42.43647628;0.05;False;ok;74;1;3.680;
643;-8.819748187;42.39897628;0.0125;False;ok;74;1;5.358;
644;-8.807248187;42.39897628;0.0125;False;ok;73;1;5.299;
645;-8.794748187;42.38647628;0.025;False;ok;48;1;5.396;
646;-8.819748187;42.41147628;0.025;False;ok;22;1;5.237;
647;-8.769748187;42.38647628;0.05;False;ok;72;1;3.562;
648;-8.819748187;42.43647628;0.05;False;ok;48;1;5.510;
649;-8.769748187;42.43647628;0.05;False;ok;18;1;3.419;
650;-8.719748187;42.38647628;0.05;False;ok;74;1;3.754;
651;-8.669748187;42.41147628;0.025;False;ok;72;1;3.652;
652;-8.644748187;42.41147628;0.025;False;ok;74;1;5.808;
653;-8.719748187;42.43647628;0.05;False;ok;49;1;5.633;
654;-8.669748187;42.43647628;0.05;False;ok;20;1;5.544;
655;-8.619748187;42.38647628;0.1;False;ok;19;1;5.567;
656;-8.519748187;42.38647628;0.1;False;ok;15;1;5.504;
657;-8.419748187;42.38647628;0.1;False;ok;3;1;5.272;
658;-8.319748187;42.38647628;0.1;False;ok;2;1;5.576;
659;-8.219748187;42.38647628;0.1;False;ok;7;1;3.550;
660;-8.119748187;42.38647628;0.1;False;ok;24;1;5.577;
661;-8.019748187;42.38647628;0.1;False;ok;12;1;3.485;
662;-7.919748187;42.38647628;0.1;False;ok;14;1;5.409;
663;-7.819748187;42.38647628;0.1;False;ok;20;1;3.490;
664;-7.719748187;42.38647628;0.1;False;ok;20;1;3.638;
665;-7.619748187;42.38647628;0.1;False;ok;35;1;3.634;
666;-7.519748187;42.38647628;0.1;False;ok;33;1;3.542;
667;-7.419748187;42.38647628;0.1;False;ok;2;1;5.243;
668;-7.319748187;42.38647628;0.1;False;ok;15;1;5.030;
669;-7.219748187;42.38647628;0.1;False;ok;2;1;4.830;
670;-7.119748187;42.38647628;0.1;False;ok;9;1;4.952;
671;-7.019748187;42.38647628;0.1;False;ok;20;1;5.041;
672;-6.919748187;42.38647628;0.1;False;ok;5;1;3.053;
673;-6.819748187;42.38647628;0.1;False;ok;14;1;3.031;
674;-9.119748187;42.48647628;0.1;False;ok;17;1;5.087;
675;-9.019748187;42.48647628;0.1;False;ok;74;1;5.713;
676;-8.919748187;42.48647628;0.05;False;ok;54;1;5.467;
677;-8.869748187;42.48647628;0.05;False;ok;74;1;3.303;
678;-8.919748187;42.53647628;0.05;False;ok;21;1;5.358;
679;-8.869748187;42.53647628;0.05;False;ok;71;1;3.196;
680;-8.819748187;42.48647628;0.1;False;ok;75;1;5.515;
681;-8.719748187;42.48647628;0.1;False;ok;45;1;3.133;
682;-8.619748187;42.48647628;0.1;False;ok;16;1;3.137;
683;-8.519748187;42.48647628;0.1;False;ok;10;1;5.200;
684;-8.419748187;42.48647628;0.1;False;ok;9;1;5.174;
685;-8.319748187;42.48647628;0.1;False;ok;6;1;5.176;
686;-8.219748187;42.48647628;0.1;False;ok;1;1;5.007;
687;-8.119748187;42.48647628;0.1;False;ok;6;1;3.309;
688;-8.019748187;42.48647628;0.1;False;ok;5;1;3.358;
689;-7.919748187;42.48647628;0.1;False;ok;3;1;5.190;
690;-7.819748187;42.48647628;0.1;False;ok;10;1;5.273;
691;-7.719748187;42.48647628;0.1;False;ok;30;1;5.106;
692;-7.619748187;42.48647628;0.1;False;ok;21;1;5.197;
693;-7.519748187;42.48647628;0.1;False;ok;74;1;3.466;
694;-7.419748187;42.48647628;0.1;False;ok;8;1;3.144;
695;-7.219748187;42.48647628;0.1;False;ok;1;1;5.049;
696;-7.119748187;42.48647628;0.1;False;ok;3;1;3.107;
697;-6.919748187;42.48647628;0.1;False;ok;3;1;3.091;
698;-6.819748187;42.48647628;0.1;False;ok;25;1;5.437;
699;-6.719748187;42.48647628;0.1;False;ok;26;1;5.498;
700;-9.119748187;42.58647628;0.1;False;ok;21;1;5.492;
701;-9.019748187;42.58647628;0.1;False;ok;53;1;3.426;
702;-8.919748187;42.58647628;0.1;False;ok;74;1;3.466;
703;-8.819748187;42.58647628;0.1;False;ok;75;1;5.404;
704;-8.719748187;42.58647628;0.1;False;ok;75;1;5.697;
705;-8.619748187;42.58647628;0.1;False;ok;25;1;6.296;
706;-8.519748187;42.58647628;0.1;False;ok;6;1;5.544;
707;-8.419748187;42.58647628;0.1;False;ok;3;1;5.487;
708;-8.319748187;42.58647628;0.1;False;ok;3;1;5.419;
709;-8.219748187;42.58647628;0.1;False;ok;10;1;3.381;
710;-8.119748187;42.58647628;0.1;False;ok;11;1;3.305;
711;-8.019748187;42.58647628;0.1;False;ok;2;1;3.426;
712;-7.919748187;42.58647628;0.1;False;ok;3;1;3.406;
713;-7.819748187;42.58647628;0.1;False;ok;46;1;5.329;
714;-7.719748187;42.58647628;0.1;False;ok;5;1;5.279;
715;-7.519748187;42.58647628;0.1;False;ok;5;1;5.153;
716;-7.419748187;42.58647628;0.1;False;ok;5;1;5.193;
717;-7.319748187;42.58647628;0.1;False;ok;8;1;5.049;
718;-7.219748187;42.58647628;0.1;False;ok;6;1;3.302;
719;-7.019748187;42.58647628;0.1;False;ok;15;1;3.317;
720;-6.919748187;42.58647628;0.1;False;ok;7;1;3.100;
721;-6.819748187;42.58647628;0.1;False;ok;31;1;3.243;
722;-6.719748187;42.58647628;0.1;False;ok;11;1;5.080;
723;-9.219748187;42.68647628;0.1;False;ok;2;1;3.108;
724;-9.119748187;42.68647628;0.1;False;ok;74;1;3.395;
725;-9.019748187;42.68647628;0.1;False;ok;71;1;5.771;
726;-8.919748187;42.68647628;0.1;False;ok;53;1;5.131;
727;-8.819748187;42.68647628;0.1;False;ok;8;1;5.317;
728;-8.719748187;42.68647628;0.1;False;ok;75;1;5.565;
729;-8.619748187;42.68647628;0.1;False;ok;12;1;5.228;
730;-8.519748187;42.68647628;0.1;False;ok;32;1;5.298;
731;-8.419748187;42.68647628;0.1;False;ok;16;1;5.317;
732;-8.319748187;42.68647628;0.1;False;ok;30;1;5.018;
733;-8.219748187;42.68647628;0.1;False;ok;4;1;3.097;
734;-7.919748187;42.68647628;0.1;False;ok;3;1;3.168;
735;-7.819748187;42.68647628;0.1;False;ok;5;1;3.425;
736;-7.619748187;42.68647628;0.1;False;ok;5;1;4.374;
737;-7.519748187;42.68647628;0.1;False;ok;10;1;4.621;
738;-7.419748187;42.68647628;0.1;False;ok;75;1;4.918;
739;-7.319748187;42.68647628;0.1;False;ok;24;1;3.702;
740;-7.219748187;42.68647628;0.1;False;ok;8;1;3.546;
741;-7.119748187;42.68647628;0.1;False;ok;9;1;4.390;
742;-7.019748187;42.68647628;0.1;False;ok;2;1;3.393;
743;-6.719748187;42.68647628;0.1;False;ok;27;1;4.406;
744;-9.319748187;42.78647628;0.1;False;ok;1;1;3.781;
745;-9.219748187;42.78647628;0.1;False;ok;37;1;2.953;
746;-9.119748187;42.78647628;0.1;False;ok;55;1;2.919;
747;-9.019748187;42.78647628;0.1;False;ok;44;1;4.202;
748;-8.919748187;42.78647628;0.1;False;ok;36;1;4.845;
749;-8.819748187;42.78647628;0.1;False;ok;5;1;3.207;
750;-8.719748187;42.78647628;0.1;False;ok;46;1;5.367;
751;-8.619748187;42.78647628;0.05;False;ok;15;1;3.282;
752;-8.569748187;42.78647628;0.05;False;ok;11;1;5.889;
753;-8.619748187;42.83647628;0.05;False;ok;52;1;3.520;
754;-8.569748187;42.83647628;0.025;False;ok;1;1;5.587;
755;-8.569748187;42.86147628;0.0125;False;ok;8;1;5.882;
756;-8.557248187;42.86147628;0.0125;False;ok;41;1;3.567;
757;-8.569748187;42.87397628;0.0125;False;ok;4;1;5.801;
758;-8.557248187;42.87397628;0.0125;False;ok;74;1;6.208;
759;-8.544748187;42.86147628;0.0125;False;ok;6;1;5.737;
760;-8.532248187;42.86147628;0.0125;False;ok;1;1;5.591;
761;-8.544748187;42.87397628;0.00625;False;ok;51;1;5.987;
762;-8.538498187;42.87397628;0.00625;False;ok;3;1;5.632;
763;-8.544748187;42.88022628;0.00625;False;ok;50;1;5.832;
764;-8.538498187;42.88022628;0.00625;False;ok;22;1;3.543;
765;-8.532248187;42.87397628;0.0125;False;ok;7;1;3.548;
766;-8.519748187;42.78647628;0.1;False;ok;20;1;5.322;
767;-8.419748187;42.78647628;0.1;False;ok;17;1;3.495;
768;-8.319748187;42.78647628;0.1;False;ok;5;1;3.425;
769;-8.219748187;42.78647628;0.1;False;ok;9;1;5.473;
770;-8.119748187;42.78647628;0.1;False;ok;5;1;3.395;
771;-8.019748187;42.78647628;0.1;False;ok;10;1;3.398;
772;-7.919748187;42.78647628;0.1;False;ok;65;1;5.444;
773;-7.819748187;42.78647628;0.1;False;ok;9;1;3.629;
774;-7.719748187;42.78647628;0.1;False;ok;4;1;5.637;
775;-7.619748187;42.78647628;0.1;False;ok;52;1;3.638;
776;-7.519748187;42.78647628;0.1;False;ok;2;1;5.209;
777;-7.419748187;42.78647628;0.1;False;ok;1;1;5.370;
778;-7.319748187;42.78647628;0.1;False;ok;1;1;5.606;
779;-7.219748187;42.78647628;0.1;False;ok;4;1;5.484;
780;-7.119748187;42.78647628;0.1;False;ok;3;1;3.553;
781;-6.919748187;42.78647628;0.1;False;ok;5;1;5.775;
782;-6.819748187;42.78647628;0.1;False;ok;4;1;5.669;
783;-6.719748187;42.78647628;0.1;False;ok;0;1;6.605;
784;-9.319748187;42.88647628;0.05;False;ok;3;1;3.449;
785;-9.269748187;42.88647628;0.025;False;ok;74;1;6.161;
786;-9.269748187;42.91147628;0.025;False;ok;74;1;6.122;
787;-9.269748187;42.93647628;0.05;False;ok;31;1;3.596;
788;-9.219748187;42.88647628;0.05;False;ok;21;1;6.036;
789;-9.169748187;42.88647628;0.05;False;ok;57;1;3.750;
790;-9.219748187;42.93647628;0.05;False;ok;74;1;6.190;
791;-9.169748187;42.93647628;0.05;False;ok;0;1;4.257;
792;-9.119748187;42.88647628;0.1;False;ok;12;1;3.520;
793;-9.019748187;42.88647628;0.1;False;ok;21;1;5.408;
794;-8.919748187;42.88647628;0.1;False;ok;5;1;4.967;
795;-8.819748187;42.88647628;0.1;False;ok;39;1;3.779;
796;-8.719748187;42.88647628;0.1;False;ok;9;1;3.668;
797;-8.619748187;42.88647628;0.1;False;ok;64;1;3.639;
798;-8.519748187;42.88647628;0.1;False;ok;50;1;5.339;
799;-8.419748187;42.88647628;0.1;False;ok;68;1;3.574;
800;-8.319748187;42.88647628;0.1;False;ok;18;1;5.365;
801;-8.219748187;42.88647628;0.1;False;ok;75;1;5.341;
802;-8.119748187;42.88647628;0.1;False;ok;26;1;5.169;
803;-8.019748187;42.88647628;0.1;False;ok;66;1;5.497;
804;-7.919748187;42.88647628;0.1;False;ok;8;1;5.298;
805;-7.819748187;42.88647628;0.1;False;ok;10;1;5.284;
806;-7.719748187;42.88647628;0.1;False;ok;3;1;3.241;
807;-7.619748187;42.88647628;0.1;False;ok;6;1;3.367;
808;-7.519748187;42.88647628;0.1;False;ok;1;1;5.580;
809;-7.419748187;42.88647628;0.1;False;ok;2;1;5.445;
810;-7.319748187;42.88647628;0.1;False;ok;4;1;5.378;
811;-7.219748187;42.88647628;0.1;False;ok;2;1;5.238;
812;-7.019748187;42.88647628;0.1;False;ok;5;1;5.417;
813;-9.319748187;42.98647628;0.1;False;ok;36;1;3.626;
814;-9.219748187;42.98647628;0.1;False;ok;47;1;3.603;
815;-9.119748187;42.98647628;0.1;False;ok;6;1;5.594;
816;-9.019748187;42.98647628;0.1;False;ok;10;1;3.350;
817;-8.919748187;42.98647628;0.1;False;ok;3;1;3.357;
818;-8.819748187;42.98647628;0.1;False;ok;4;1;5.641;
819;-8.519748187;42.98647628;0.1;False;ok;3;1;3.254;
820;-8.419748187;42.98647628;0.1;False;ok;7;1;5.428;
821;-8.319748187;42.98647628;0.1;False;ok;3;1;3.415;
822;-8.219748187;42.98647628;0.1;False;ok;11;1;5.528;
823;-8.119748187;42.98647628;0.1;False;ok;12;1;5.438;
824;-8.019748187;42.98647628;0.1;False;ok;0;1;5.927;
825;-7.919748187;42.98647628;0.1;False;ok;2;1;5.361;
826;-7.719748187;42.98647628;0.1;False;ok;2;1;3.377;
827;-7.619748187;42.98647628;0.1;False;ok;75;1;3.689;
828;-7.519748187;42.98647628;0.1;False;ok;2;1;5.369;
829;-7.319748187;42.98647628;0.1;False;ok;7;1;5.513;
830;-7.019748187;42.98647628;0.1;False;ok;2;1;3.512;
831;-6.919748187;42.98647628;0.1;False;ok;4;1;3.376;
832;-6.719748187;42.98647628;0.1;False;ok;7;1;5.249;
833;-9.219748187;43.08647628;0.1;False;ok;75;1;5.514;
834;-9.119748187;43.08647628;0.1;False;ok;62;1;5.425;
835;-9.019748187;43.08647628;0.1;False;ok;21;1;5.329;
836;-8.919748187;43.08647628;0.1;False;ok;7;1;3.320;
837;-8.819748187;43.08647628;0.1;False;ok;0;1;5.795;
838;-8.719748187;43.08647628;0.1;False;ok;2;1;3.215;
839;-8.419748187;43.08647628;0.1;False;ok;15;1;4.793;
840;-8.219748187;43.08647628;0.1;False;ok;2;1;4.380;
841;-8.119748187;43.08647628;0.1;False;ok;5;1;3.081;
842;-8.019748187;43.08647628;0.1;False;ok;2;1;3.047;
843;-7.919748187;43.08647628;0.1;False;ok;10;1;3.100;
844;-7.819748187;43.08647628;0.1;False;ok;5;1;3.074;
845;-7.719748187;43.08647628;0.1;False;ok;3;1;4.555;
846;-7.619748187;43.08647628;0.1;False;ok;13;1;4.791;
847;-7.419748187;43.08647628;0.1;False;ok;2;1;2.932;
848;-7.219748187;43.08647628;0.1;False;ok;1;1;4.711;
849;-7.119748187;43.08647628;0.1;False;ok;10;1;4.862;
850;-6.919748187;43.08647628;0.1;False;ok;1;1;4.739;
851;-6.819748187;43.08647628;0.1;False;ok;1;1;2.893;
852;-6.719748187;43.08647628;0.1;False;ok;1;1;4.609;
853;-9.019748187;43.18647628;0.1;False;ok;75;1;4.855;
854;-8.919748187;43.18647628;0.1;False;ok;50;1;4.646;
855;-8.819748187;43.18647628;0.1;False;ok;27;1;3.069;
856;-8.719748187;43.18647628;0.1;False;ok;36;1;4.610;
857;-8.619748187;43.18647628;0.1;False;ok;3;1;4.726;
858;-8.419748187;43.18647628;0.1;False;ok;6;1;4.701;
859;-8.319748187;43.18647628;0.1;False;ok;14;1;3.245;
860;-8.219748187;43.18647628;0.1;False;ok;41;1;3.316;
861;-8.119748187;43.18647628;0.1;False;ok;3;1;3.220;
862;-7.719748187;43.18647628;0.1;False;ok;1;1;4.696;
863;-7.619748187;43.18647628;0.1;False;ok;5;1;4.685;
864;-7.519748187;43.18647628;0.1;False;ok;2;1;4.649;
865;-7.419748187;43.18647628;0.1;False;ok;2;1;2.859;
866;-7.319748187;43.18647628;0.1;False;ok;4;1;3.101;
867;-7.219748187;43.18647628;0.1;False;ok;2;1;5.192;
868;-7.119748187;43.18647628;0.1;False;ok;13;1;5.024;
869;-7.019748187;43.18647628;0.1;False;ok;10;1;3.192;
870;-6.919748187;43.18647628;0.1;False;ok;4;1;4.975;
871;-6.819748187;43.18647628;0.1;False;ok;2;1;5.192;
872;-8.919748187;43.28647628;0.1;False;ok;22;1;5.560;
873;-8.819748187;43.28647628;0.1;False;ok;75;1;4.032;
874;-8.719748187;43.28647628;0.1;False;ok;22;1;5.613;
875;-8.619748187;43.28647628;0.1;False;ok;17;1;3.827;
876;-8.519748187;43.28647628;0.1;False;ok;29;1;3.788;
877;-8.419748187;43.28647628;0.05;False;ok;15;1;5.780;
878;-8.369748187;43.28647628;0.05;False;ok;10;1;3.520;
879;-8.419748187;43.33647628;0.025;False;ok;54;1;5.921;
880;-8.394748187;43.33647628;0.025;False;ok;10;1;5.884;
881;-8.419748187;43.36147628;0.0125;False;ok;25;1;6.072;
882;-8.407248187;43.36147628;0.0125;False;ok;67;1;6.229;
883;-8.419748187;43.37397628;0.0125;False;ok;3;1;3.301;
884;-8.407248187;43.37397628;0.0125;False;ok;37;1;6.124;
885;-8.394748187;43.36147628;0.025;False;ok;10;1;5.883;
886;-8.369748187;43.33647628;0.05;False;ok;14;1;6.006;
887;-8.319748187;43.28647628;0.1;False;ok;48;1;3.494;
888;-8.219748187;43.28647628;0.1;False;ok;70;1;6.262;
889;-8.119748187;43.28647628;0.1;False;ok;6;1;3.657;
890;-8.019748187;43.28647628;0.1;False;ok;3;1;3.582;
891;-7.919748187;43.28647628;0.1;False;ok;2;1;3.734;
892;-7.819748187;43.28647628;0.1;False;ok;2;1;3.673;
893;-7.719748187;43.28647628;0.1;False;ok;19;1;5.909;
894;-7.619748187;43.28647628;0.1;False;ok;1;1;6.055;
895;-7.519748187;43.28647628;0.1;False;ok;4;1;3.431;
896;-7.319748187;43.28647628;0.1;False;ok;5;1;5.865;
897;-7.219748187;43.28647628;0.1;False;ok;22;1;6.098;
898;-7.119748187;43.28647628;0.1;False;ok;13;1;5.910;
899;-7.019748187;43.28647628;0.1;False;ok;2;1;3.765;
900;-6.919748187;43.28647628;0.1;False;ok;1;1;5.550;
901;-6.819748187;43.28647628;0.1;False;ok;1;1;5.489;
902;-8.419748187;43.38647628;0.1;False;ok;6;1;5.548;
903;-8.319748187;43.38647628;0.1;False;ok;74;1;6.382;
904;-8.219748187;43.38647628;0.1;False;ok;75;1;3.867;
905;-8.119748187;43.38647628;0.1;False;ok;6;1;6.199;
906;-7.919748187;43.38647628;0.1;False;ok;4;1;3.683;
907;-7.819748187;43.38647628;0.1;False;ok;4;1;3.715;
908;-7.519748187;43.38647628;0.1;False;ok;1;1;3.680;
909;-7.419748187;43.38647628;0.1;False;ok;16;1;6.281;
910;-7.319748187;43.38647628;0.1;False;ok;13;1;6.290;
911;-7.219748187;43.38647628;0.1;False;ok;10;1;6.231;
912;-7.119748187;43.38647628;0.1;False;ok;29;1;3.782;
913;-7.019748187;43.38647628;0.1;False;ok;3;1;3.577;
914;-6.919748187;43.38647628;0.1;False;ok;4;1;5.820;
915;-6.819748187;43.38647628;0.1;False;ok;9;1;5.927;
916;-6.719748187;43.38647628;0.1;False;ok;5;1;5.911;
917;-8.319748187;43.48647628;0.1;False;ok;39;1;6.340;
918;-8.219748187;43.48647628;0.1;False;ok;45;1;3.767;
919;-8.119748187;43.48647628;0.1;False;ok;5;1;3.761;
920;-8.019748187;43.48647628;0.1;False;ok;3;1;3.724;
921;-7.919748187;43.48647628;0.1;False;ok;1;1;3.775;
922;-7.719748187;43.48647628;0.1;False;ok;2;1;6.654;
923;-7.619748187;43.48647628;0.1;False;ok;2;1;6.600;
924;-7.519748187;43.48647628;0.1;False;ok;9;1;6.474;
925;-7.419748187;43.48647628;0.1;False;ok;8;1;3.629;
926;-7.319748187;43.48647628;0.05;False;ok;4;1;6.275;
927;-7.319748187;43.53647628;0.05;False;ok;11;1;6.484;
928;-7.269748187;43.53647628;0.025;False;ok;7;1;3.548;
929;-7.244748187;43.53647628;0.025;False;ok;33;1;5.802;
930;-7.269748187;43.56147628;0.025;False;ok;74;1;6.091;
931;-7.244748187;43.56147628;0.025;False;ok;38;1;5.647;
932;-7.219748187;43.48647628;0.1;False;ok;75;1;5.739;
933;-7.119748187;43.48647628;0.05;False;ok;7;1;5.637;
934;-7.069748187;43.48647628;0.05;False;ok;41;1;3.927;
935;-7.119748187;43.53647628;0.05;False;ok;25;1;3.809;
936;-7.069748187;43.53647628;0.05;False;ok;74;1;4.059;
937;-7.019748187;43.48647628;0.1;False;ok;60;1;3.838;
938;-6.919748187;43.48647628;0.1;False;ok;28;1;3.684;
939;-6.819748187;43.48647628;0.1;False;ok;24;1;5.409;
940;-6.719748187;43.48647628;0.1;False;ok;37;1;5.523;
941;-8.219748187;43.58647628;0.1;False;ok;24;1;5.266;
942;-8.119748187;43.58647628;0.1;False;ok;74;1;3.406;
943;-8.019748187;43.58647628;0.1;False;ok;12;1;5.152;
944;-7.919748187;43.58647628;0.1;False;ok;20;1;4.961;
945;-7.819748187;43.58647628;0.1;False;ok;6;1;5.046;
946;-7.719748187;43.58647628;0.1;False;ok;2;1;4.890;
947;-7.619748187;43.58647628;0.1;False;ok;75;1;5.360;
948;-7.519748187;43.58647628;0.1;False;ok;19;1;3.214;
949;-7.419748187;43.58647628;0.1;False;ok;67;1;3.495;
950;-7.319748187;43.58647628;0.1;False;ok;11;1;3.350;
951;-8.119748187;43.68647628;0.1;False;ok;4;1;5.448;
952;-8.019748187;43.68647628;0.1;False;ok;3;1;3.402;
953;-7.919748187;43.68647628;0.1;False;ok;43;1;3.609;
954;-7.819748187;43.68647628;0.1;False;ok;69;1;5.958;
955;-7.719748187;43.68647628;0.1;False;ok;75;1;6.161;
956;-7.619748187;43.68647628;0.1;False;ok;19;1;5.870;
957;-7.519748187;43.68647628;0.1;False;ok;34;1;6.080;
958;-6.588522601;41.68647628;0.1;True;ok;0;1;5.955;
959;-6.488522601;41.68647628;0.1;False;ok;1;1;3.354;
960;-6.388522601;41.68647628;0.1;False;ok;6;1;5.303;
961;-5.788522601;41.68647628;0.1;False;ok;4;1;5.281;
962;-5.288522601;41.68647628;0.1;False;ok;8;1;5.310;
963;-5.188522601;41.68647628;0.1;False;ok;2;1;3.750;
964;-4.988522601;41.68647628;0.1;False;ok;1;1;3.660;
965;-4.888522601;41.68647628;0.1;False;ok;3;1;3.656;
966;-4.788522601;41.68647628;0.1;False;ok;2;1;5.656;
967;-4.688522601;41.68647628;0.1;False;ok;1;1;3.518;
968;-4.288522601;41.68647628;0.1;False;ok;1;1;3.522;
969;-4.088522601;41.68647628;0.1;False;ok;2;1;5.903;
970;-3.988522601;41.68647628;0.1;False;ok;8;1;5.922;
971;-3.888522601;41.68647628;0.1;False;ok;2;1;5.950;
972;-3.788522601;41.68647628;0.1;False;ok;4;1;3.575;
973;-3.688522601;41.68647628;0.1;False;ok;3;1;6.040;
974;-3.588522601;41.68647628;0.1;False;ok;5;1;5.688;
975;-3.488522601;41.68647628;0.1;False;ok;4;1;5.633;
976;-3.288522601;41.68647628;0.1;False;ok;1;1;5.873;
977;-3.088522601;41.68647628;0.1;False;ok;13;1;3.711;
978;-2.988522601;41.68647628;0.1;False;ok;4;1;6.095;
979;-2.888522601;41.68647628;0.1;False;ok;7;1;6.064;
980;-2.788522601;41.68647628;0.1;False;ok;2;1;5.963;
981;-2.588522601;41.68647628;0.1;False;ok;12;1;3.743;
982;-6.388522601;41.78647628;0.1;False;ok;1;1;3.784;
983;-6.188522601;41.78647628;0.1;False;ok;1;1;3.677;
984;-5.988522601;41.78647628;0.1;False;ok;4;1;3.646;
985;-5.788522601;41.78647628;0.1;False;ok;4;1;5.887;
986;-5.488522601;41.78647628;0.1;False;ok;6;1;5.930;
987;-5.388522601;41.78647628;0.1;False;ok;1;1;5.885;
988;-5.088522601;41.78647628;0.1;False;ok;5;1;3.485;
989;-4.688522601;41.78647628;0.1;False;ok;3;1;5.512;
990;-4.588522601;41.78647628;0.1;False;ok;7;1;5.190;
991;-3.788522601;41.78647628;0.1;False;ok;0;1;5.920;
992;-3.588522601;41.78647628;0.1;False;ok;7;1;5.379;
993;-3.488522601;41.78647628;0.1;False;ok;2;1;3.468;
994;-3.388522601;41.78647628;0.1;False;ok;4;1;3.339;
995;-3.288522601;41.78647628;0.1;False;ok;3;1;3.476;
996;-3.188522601;41.78647628;0.1;False;ok;6;1;3.377;
997;-3.088522601;41.78647628;0.1;False;ok;30;1;5.896;
998;-2.888522601;41.78647628;0.1;False;ok;2;1;3.342;
999;-2.788522601;41.78647628;0.1;False;ok;26;1;6.000;
1000;-2.688522601;41.78647628;0.1;False;ok;5;1;3.301;
1001;-2.588522601;41.78647628;0.1;False;ok;2;1;5.945;
1002;-6.588522601;41.88647628;0.1;True;ok;3;1;5.690;
1003;-6.388522601;41.88647628;0.1;False;ok;2;1;5.754;
1004;-6.288522601;41.88647628;0.1;False;ok;8;1;5.733;
1005;-6.088522601;41.88647628;0.1;False;ok;1;1;5.631;
1006;-5.688522601;41.88647628;0.1;False;ok;1;1;5.185;
1007;-5.288522601;41.88647628;0.1;False;ok;0;1;6.721;
1008;-5.188522601;41.88647628;0.1;False;ok;1;1;5.378;
1009;-5.088522601;41.88647628;0.1;False;ok;2;1;3.782;
1010;-4.788522601;41.88647628;0.1;False;ok;5;1;3.708;
1011;-4.588522601;41.88647628;0.1;False;ok;2;1;3.672;
1012;-4.488522601;41.88647628;0.1;False;ok;2;1;3.702;
1013;-4.288522601;41.88647628;0.1;False;ok;3;1;4.396;
1014;-3.688522601;41.88647628;0.1;False;ok;0;1;5.999;
1015;-3.588522601;41.88647628;0.1;False;ok;0;1;4.350;
1016;-3.488522601;41.88647628;0.1;False;ok;18;1;5.229;
1017;-3.388522601;41.88647628;0.1;False;ok;2;1;5.270;
1018;-3.088522601;41.88647628;0.1;False;ok;6;1;5.313;
1019;-2.988522601;41.88647628;0.1;False;ok;13;1;4.657;
1020;-2.888522601;41.88647628;0.1;False;ok;13;1;4.638;
1021;-2.788522601;41.88647628;0.1;False;ok;28;1;3.462;
1022;-2.688522601;41.88647628;0.1;False;ok;14;1;3.257;
1023;-2.588522601;41.88647628;0.1;False;ok;14;1;3.445;
1024;-6.688522601;41.98647628;0.1;False;ok;45;1;3.469;
1025;-6.588522601;41.98647628;0.1;False;ok;5;1;5.241;
1026;-6.488522601;41.98647628;0.1;False;ok;3;1;5.066;
1027;-6.388522601;41.98647628;0.1;False;ok;3;1;5.504;
1028;-6.188522601;41.98647628;0.1;False;ok;0;1;6.436;
1029;-6.088522601;41.98647628;0.1;False;ok;2;1;5.623;
1030;-5.788522601;41.98647628;0.1;False;ok;4;1;3.172;
1031;-5.688522601;41.98647628;0.1;False;ok;11;1;5.678;
1032;-5.488522601;41.98647628;0.1;False;ok;4;1;5.775;
1033;-5.288522601;41.98647628;0.1;False;ok;1;1;3.134;
1034;-4.988522601;41.98647628;0.1;False;ok;0;1;6.073;
1035;-4.588522601;41.98647628;0.1;False;ok;30;1;5.303;
1036;-4.388522601;41.98647628;0.1;False;ok;2;1;5.126;
1037;-4.288522601;41.98647628;0.1;False;ok;4;1;5.197;
1038;-4.188522601;41.98647628;0.1;False;ok;1;1;3.686;
1039;-4.088522601;41.98647628;0.1;False;ok;2;1;3.702;
1040;-3.988522601;41.98647628;0.1;False;ok;3;1;5.306;
1041;-3.788522601;41.98647628;0.1;False;ok;32;1;3.740;
1042;-3.688522601;41.98647628;0.1;False;ok;4;1;3.681;
1043;-3.588522601;41.98647628;0.1;False;ok;11;1;5.561;
1044;-3.488522601;41.98647628;0.1;False;ok;4;1;5.442;
1045;-3.388522601;41.98647628;0.1;False;ok;5;1;3.407;
1046;-3.288522601;41.98647628;0.1;False;ok;2;1;3.453;
1047;-3.088522601;41.98647628;0.1;False;ok;0;1;6.124;
1048;-2.588522601;41.98647628;0.1;False;ok;0;1;5.884;
1049;-6.688522601;42.08647628;0.1;False;ok;34;1;5.413;
1050;-6.388522601;42.08647628;0.1;False;ok;1;1;5.266;
1051;-6.188522601;42.08647628;0.1;False;ok;1;1;5.347;
1052;-6.088522601;42.08647628;0.1;False;ok;1;1;3.422;
1053;-5.888522601;42.08647628;0.1;False;ok;2;1;5.494;
1054;-5.788522601;42.08647628;0.1;False;ok;1;1;3.420;
1055;-5.188522601;42.08647628;0.1;False;ok;1;1;3.499;
1056;-5.088522601;42.08647628;0.1;False;ok;2;1;3.618;
1057;-4.788522601;42.08647628;0.1;False;ok;0;1;6.122;
1058;-4.688522601;42.08647628;0.1;False;ok;3;1;3.487;
1059;-4.588522601;42.08647628;0.1;False;ok;2;1;5.781;
1060;-4.488522601;42.08647628;0.1;False;ok;3;1;5.751;
1061;-3.588522601;42.08647628;0.1;False;ok;3;1;3.446;
1062;-3.288522601;42.08647628;0.1;False;ok;3;1;5.937;
1063;-3.188522601;42.08647628;0.1;False;ok;3;1;5.764;
1064;-2.888522601;42.08647628;0.1;False;ok;2;1;5.604;
1065;-2.788522601;42.08647628;0.1;False;ok;2;1;5.521;
1066;-2.688522601;42.08647628;0.1;False;ok;14;1;5.499;
1067;-2.588522601;42.08647628;0.1;False;ok;4;1;3.660;
1068;-5.988522601;42.18647628;0.1;False;ok;2;1;3.628;
1069;-5.888522601;42.18647628;0.1;False;ok;1;1;3.389;
1070;-5.488522601;42.18647628;0.1;False;ok;0;1;4.354;
1071;-4.488522601;42.18647628;0.1;False;ok;14;1;3.581;
1072;-4.388522601;42.18647628;0.1;False;ok;5;1;6.121;
1073;-3.988522601;42.18647628;0.1;False;ok;2;1;3.545;
1074;-3.788522601;42.18647628;0.1;False;ok;2;1;5.992;
1075;-3.588522601;42.18647628;0.1;False;ok;1;1;6.081;
1076;-3.388522601;42.18647628;0.1;False;ok;2;1;6.039;
1077;-3.088522601;42.18647628;0.1;False;ok;6;1;5.982;
1078;-2.888522601;42.18647628;0.1;False;ok;1;1;5.445;
1079;-2.788522601;42.18647628;0.1;False;ok;17;1;5.348;
1080;-2.688522601;42.18647628;0.1;False;ok;7;1;5.366;
1081;-2.588522601;42.18647628;0.1;False;ok;1;1;5.354;
1082;-6.688522601;42.28647628;0.1;False;ok;2;1;3.470;
1083;-6.388522601;42.28647628;0.1;False;ok;1;1;5.530;
1084;-6.288522601;42.28647628;0.1;False;ok;3;1;3.607;
1085;-6.188522601;42.28647628;0.1;False;ok;4;1;3.534;
1086;-5.988522601;42.28647628;0.1;False;ok;15;1;5.729;
1087;-5.788522601;42.28647628;0.1;False;ok;5;1;5.688;
1088;-5.588522601;42.28647628;0.1;False;ok;15;1;3.453;
1089;-5.488522601;42.28647628;0.1;False;ok;1;1;5.586;
1090;-5.288522601;42.28647628;0.1;False;ok;1;1;5.488;
1091;-5.088522601;42.28647628;0.1;False;ok;13;1;3.421;
1092;-4.988522601;42.28647628;0.1;False;ok;3;1;3.392;
1093;-4.888522601;42.28647628;0.1;False;ok;5;1;3.396;
1094;-4.688522601;42.28647628;0.1;False;ok;12;1;5.576;
1095;-4.588522601;42.28647628;0.1;False;ok;10;1;6.151;
1096;-4.288522601;42.28647628;0.1;False;ok;2;1;3.411;
1097;-4.188522601;42.28647628;0.1;False;ok;16;1;3.492;
1098;-4.088522601;42.28647628;0.1;False;ok;6;1;5.825;
1099;-3.988522601;42.28647628;0.1;False;ok;6;1;5.451;
1100;-3.888522601;42.28647628;0.1;False;ok;10;1;5.774;
1101;-3.738522601;42.28647628;0.05;False;ok;30;1;3.483;
1102;-3.788522601;42.33647628;0.05;False;ok;1;1;5.609;
1103;-3.738522601;42.33647628;0.025;False;ok;9;1;3.229;
1104;-3.713522601;42.33647628;0.0125;False;ok;75;1;3.491;
1105;-3.701022601;42.33647628;0.0125;False;ok;74;1;5.531;
1106;-3.738522601;42.36147628;0.025;False;ok;7;1;5.501;
1107;-3.713522601;42.36147628;0.025;False;ok;1;1;5.377;
1108;-3.688522601;42.28647628;0.1;False;ok;37;1;5.523;
1109;-3.588522601;42.28647628;0.1;False;ok;26;1;5.281;
1110;-3.488522601;42.28647628;0.1;False;ok;8;1;5.222;
1111;-3.288522601;42.28647628;0.1;False;ok;6;1;5.143;
1112;-3.188522601;42.28647628;0.1;False;ok;3;1;5.069;
1113;-3.088522601;42.28647628;0.1;False;ok;66;1;3.721;
1114;-2.988522601;42.28647628;0.1;False;ok;1;1;3.426;
1115;-2.888522601;42.28647628;0.1;False;ok;17;1;3.646;
1116;-2.788522601;42.28647628;0.1;False;ok;7;1;3.570;
1117;-2.688522601;42.28647628;0.1;False;ok;3;1;3.446;
1118;-2.588522601;42.28647628;0.1;False;ok;19;1;3.522;
1119;-6.588522601;42.38647628;0.1;False;ok;12;1;5.857;
1120;-6.288522601;42.38647628;0.1;False;ok;15;1;5.754;
1121;-6.188522601;42.38647628;0.1;False;ok;13;1;5.612;
1122;-6.088522601;42.38647628;0.1;False;ok;53;1;5.932;
1123;-5.988522601;42.38647628;0.1;False;ok;3;1;5.618;
1124;-5.888522601;42.38647628;0.1;False;ok;16;1;5.818;
1125;-5.688522601;42.38647628;0.1;False;ok;2;1;5.471;
1126;-5.588522601;42.38647628;0.1;False;ok;4;1;5.668;
1127;-5.488522601;42.38647628;0.1;False;ok;2;1;3.716;
1128;-5.388522601;42.38647628;0.1;False;ok;1;1;5.566;
1129;-5.288522601;42.38647628;0.1;False;ok;2;1;3.638;
1130;-5.188522601;42.38647628;0.1;False;ok;2;1;3.380;
1131;-4.488522601;42.38647628;0.1;False;ok;3;1;3.575;
1132;-4.388522601;42.38647628;0.1;False;ok;3;1;6.088;
1133;-4.288522601;42.38647628;0.1;False;ok;3;1;3.592;
1134;-4.088522601;42.38647628;0.1;False;ok;8;1;5.928;
1135;-3.788522601;42.38647628;0.1;False;ok;0;1;6.860;
1136;-3.688522601;42.38647628;0.1;False;ok;4;1;6.131;
1137;-3.588522601;42.38647628;0.1;False;ok;6;1;6.131;
1138;-3.488522601;42.38647628;0.1;False;ok;2;1;3.689;
1139;-3.388522601;42.38647628;0.1;False;ok;3;1;3.458;
1140;-3.288522601;42.38647628;0.1;False;ok;12;1;3.601;
1141;-3.188522601;42.38647628;0.1;False;ok;6;1;3.498;
1142;-3.088522601;42.38647628;0.1;False;ok;7;1;3.514;
1143;-2.988522601;42.38647628;0.1;False;ok;44;1;3.811;
1144;-2.888522601;42.38647628;0.1;False;ok;11;1;5.908;
1145;-2.788522601;42.38647628;0.1;False;ok;39;1;6.051;
1146;-2.688522601;42.38647628;0.1;False;ok;17;1;6.140;
1147;-2.588522601;42.38647628;0.1;False;ok;33;1;6.011;
1148;-6.688522601;42.48647628;0.1;False;ok;74;1;3.645;
1149;-6.588522601;42.48647628;0.1;False;ok;52;1;6.298;
1150;-6.488522601;42.48647628;0.1;False;ok;7;1;6.018;
1151;-6.388522601;42.48647628;0.1;False;ok;6;1;5.874;
1152;-6.188522601;42.48647628;0.1;False;ok;5;1;5.849;
1153;-6.088522601;42.48647628;0.1;False;ok;1;1;5.796;
1154;-5.988522601;42.48647628;0.1;False;ok;3;1;5.045;
1155;-5.888522601;42.48647628;0.1;False;ok;10;1;5.104;
1156;-5.788522601;42.48647628;0.1;False;ok;8;1;5.058;
1157;-5.688522601;42.48647628;0.1;False;ok;17;1;4.964;
1158;-5.588522601;42.48647628;0.1;False;ok;13;1;3.643;
1159;-5.488522601;42.48647628;0.1;False;ok;18;1;3.796;
1160;-4.788522601;42.48647628;0.1;False;ok;9;1;3.730;
1161;-4.488522601;42.48647628;0.1;False;ok;1;1;3.753;
1162;-4.388522601;42.48647628;0.1;False;ok;1;1;4.358;
1163;-4.088522601;42.48647628;0.1;False;ok;4;1;3.603;
1164;-3.788522601;42.48647628;0.1;False;ok;3;1;3.552;
1165;-3.388522601;42.48647628;0.1;False;ok;8;1;3.762;
1166;-3.288522601;42.48647628;0.1;False;ok;1;1;3.908;
1167;-3.088522601;42.48647628;0.1;False;ok;5;1;4.435;
1168;-2.988522601;42.48647628;0.1;False;ok;43;1;3.028;
1169;-2.888522601;42.48647628;0.1;False;ok;75;1;4.705;
1170;-2.788522601;42.48647628;0.1;False;ok;33;1;3.408;
1171;-2.688522601;42.48647628;0.1;False;ok;30;1;3.357;
1172;-2.588522601;42.48647628;0.1;False;ok;41;1;4.985;
1173;-6.688522601;42.58647628;0.1;False;ok;6;1;4.695;
1174;-6.588522601;42.58647628;0.1;False;ok;5;1;5.325;
1175;-6.488522601;42.58647628;0.1;False;ok;6;1;3.334;
1176;-6.388522601;42.58647628;0.1;False;ok;4;1;5.425;
1177;-6.288522601;42.58647628;0.1;False;ok;4;1;5.644;
1178;-6.188522601;42.58647628;0.1;False;ok;0;1;3.727;
1179;-5.988522601;42.58647628;0.1;False;ok;1;1;5.464;
1180;-5.888522601;42.58647628;0.1;False;ok;3;1;5.597;
1181;-5.688522601;42.58647628;0.1;False;ok;18;1;3.191;
1182;-5.588522601;42.58647628;0.0125;False;ok;21;1;5.681;
1183;-5.576022601;42.58647628;0.00625;False;ok;3;1;5.562;
1184;-5.569772601;42.58647628;0.00625;False;ok;15;1;5.624;
1185;-5.576022601;42.59272628;0.00625;False;ok;49;1;3.542;
1186;-5.569772601;42.59272628;0.00625;False;ok;75;1;5.575;
1187;-5.588522601;42.59897628;0.0125;False;ok;28;1;3.682;
1188;-5.576022601;42.59897628;0.0125;False;ok;75;1;3.745;
1189;-5.563522601;42.58647628;0.025;False;ok;35;1;5.570;
1190;-5.588522601;42.61147628;0.025;False;ok;6;1;3.547;
1191;-5.288522601;42.58647628;0.1;False;ok;0;1;4.228;
1192;-4.888522601;42.58647628;0.1;False;ok;1;1;5.225;
1193;-4.488522601;42.58647628;0.1;False;ok;1;1;3.455;
1194;-4.388522601;42.58647628;0.1;False;ok;3;1;5.203;
1195;-4.188522601;42.58647628;0.1;False;ok;2;1;5.216;
1196;-3.988522601;42.58647628;0.1;False;ok;1;1;5.225;
1197;-3.888522601;42.58647628;0.1;False;ok;1;1;4.807;
1198;-3.688522601;42.58647628;0.1;False;ok;0;1;5.596;
1199;-3.588522601;42.58647628;0.1;False;ok;1;1;4.818;
1200;-3.388522601;42.58647628;0.1;False;ok;4;1;4.931;
1201;-3.188522601;42.58647628;0.1;False;ok;6;1;3.235;
1202;-2.988522601;42.58647628;0.1;False;ok;7;1;4.970;
1203;-2.888522601;42.58647628;0.1;False;ok;19;1;4.973;
1204;-2.788522601;42.58647628;0.1;False;ok;2;1;4.827;
1205;-2.588522601;42.58647628;0.1;False;ok;6;1;4.942;
1206;-6.688522601;42.68647628;0.1;False;ok;26;1;3.067;
1207;-6.588522601;42.68647628;0.1;False;ok;4;1;3.119;
1208;-6.488522601;42.68647628;0.1;False;ok;5;1;3.180;
1209;-6.388522601;42.68647628;0.1;False;ok;2;1;3.132;
1210;-6.288522601;42.68647628;0.1;False;ok;4;1;3.211;
1211;-6.088522601;42.68647628;0.1;False;ok;7;1;4.907;
1212;-5.988522601;42.68647628;0.1;False;ok;5;1;4.655;
1213;-5.888522601;42.68647628;0.1;False;ok;2;1;4.763;
1214;-5.788522601;42.68647628;0.1;False;ok;3;1;3.008;
1215;-5.588522601;42.68647628;0.1;False;ok;3;1;4.509;
1216;-5.388522601;42.68647628;0.1;False;ok;3;1;4.452;
1217;-4.488522601;42.68647628;0.1;False;ok;2;1;3.313;
1218;-4.388522601;42.68647628;0.1;False;ok;0;1;5.376;
1219;-4.288522601;42.68647628;0.1;False;ok;7;1;3.161;
1220;-4.188522601;42.68647628;0.1;False;ok;4;1;3.368;
1221;-4.088522601;42.68647628;0.1;False;ok;2;1;4.438;
1222;-3.988522601;42.68647628;0.1;False;ok;1;1;4.658;
1223;-3.888522601;42.68647628;0.1;False;ok;2;1;3.230;
1224;-3.788522601;42.68647628;0.1;False;ok;1;1;4.990;
1225;-3.488522601;42.68647628;0.1;False;ok;6;1;5.105;
1226;-3.388522601;42.68647628;0.1;False;ok;9;1;4.967;
1227;-3.288522601;42.68647628;0.1;False;ok;4;1;5.352;
1228;-3.188522601;42.68647628;0.1;False;ok;2;1;5.377;
1229;-3.088522601;42.68647628;0.1;False;ok;3;1;3.166;
1230;-2.988522601;42.68647628;0.1;False;ok;8;1;5.083;
1231;-2.888522601;42.68647628;0.1;False;ok;6;1;3.628;
1232;-6.688522601;42.78647628;0.1;False;ok;1;1;3.535;
1233;-6.388522601;42.78647628;0.1;False;ok;1;1;3.456;
1234;-6.288522601;42.78647628;0.1;False;ok;2;1;5.818;
1235;-6.188522601;42.78647628;0.1;False;ok;1;1;5.476;
1236;-5.988522601;42.78647628;0.1;False;ok;1;1;3.442;
1237;-5.888522601;42.78647628;0.1;False;ok;3;1;5.577;
1238;-5.788522601;42.78647628;0.1;False;ok;8;1;3.482;
1239;-5.688522601;42.78647628;0.1;False;ok;14;1;5.588;
1240;-5.588522601;42.78647628;0.1;False;ok;5;1;5.690;
1241;-5.488522601;42.78647628;0.1;False;ok;5;1;3.426;
1242;-5.388522601;42.78647628;0.1;False;ok;13;1;5.525;
1243;-5.288522601;42.78647628;0.1;False;ok;2;1;5.340;
1244;-5.188522601;42.78647628;0.1;False;ok;16;1;5.095;
1245;-4.988522601;42.78647628;0.1;False;ok;5;1;5.040;
1246;-4.888522601;42.78647628;0.1;False;ok;12;1;3.333;
1247;-4.788522601;42.78647628;0.1;False;ok;4;1;5.209;
1248;-4.688522601;42.78647628;0.1;False;ok;7;1;5.204;
1249;-4.588522601;42.78647628;0.1;False;ok;12;1;5.135;
1250;-4.488522601;42.78647628;0.1;False;ok;2;1;5.082;
1251;-4.388522601;42.78647628;0.1;False;ok;5;1;3.313;
1252;-4.288522601;42.78647628;0.1;False;ok;20;1;5.124;
1253;-4.088522601;42.78647628;0.1;False;ok;4;1;3.297;
1254;-3.988522601;42.78647628;0.1;False;ok;10;1;3.281;
1255;-3.888522601;42.78647628;0.1;False;ok;9;1;3.257;
1256;-3.788522601;42.78647628;0.1;False;ok;9;1;3.261;
1257;-3.688522601;42.78647628;0.1;False;ok;7;1;4.789;
1258;-3.488522601;42.78647628;0.1;False;ok;7;1;4.977;
1259;-3.388522601;42.78647628;0.1;False;ok;4;1;3.202;
1260;-3.288522601;42.78647628;0.1;False;ok;4;1;4.957;
1261;-3.088522601;42.78647628;0.1;False;ok;3;1;4.965;
1262;-2.988522601;42.78647628;0.1;False;ok;6;1;4.939;
1263;-2.788522601;42.78647628;0.1;False;ok;13;1;3.388;
1264;-2.688522601;42.78647628;0.1;False;ok;54;1;3.491;
1265;-2.588522601;42.78647628;0.1;False;ok;1;1;5.181;
1266;-6.588522601;42.88647628;0.1;False;ok;3;1;3.295;
1267;-6.388522601;42.88647628;0.1;False;ok;27;1;5.352;
1268;-6.288522601;42.88647628;0.1;False;ok;7;1;5.399;
1269;-6.188522601;42.88647628;0.1;False;ok;4;1;3.335;
1270;-6.088522601;42.88647628;0.1;False;ok;9;1;5.212;
1271;-5.988522601;42.88647628;0.1;False;ok;3;1;3.144;
1272;-5.888522601;42.88647628;0.1;False;ok;3;1;5.369;
1273;-5.788522601;42.88647628;0.1;False;ok;2;1;5.235;
1274;-5.688522601;42.88647628;0.1;False;ok;5;1;5.438;
1275;-5.588522601;42.88647628;0.1;False;ok;4;1;5.497;
1276;-5.488522601;42.88647628;0.1;False;ok;4;1;5.278;
1277;-5.288522601;42.88647628;0.1;False;ok;2;1;3.214;
1278;-5.188522601;42.88647628;0.1;False;ok;10;1;3.378;
1279;-5.088522601;42.88647628;0.1;False;ok;21;1;3.672;
1280;-4.988522601;42.88647628;0.1;False;ok;9;1;3.618;
1281;-4.888522601;42.88647628;0.1;False;ok;3;1;4.590;
1282;-4.788522601;42.88647628;0.1;False;ok;12;1;3.267;
1283;-4.688522601;42.88647628;0.1;False;ok;6;1;4.621;
1284;-4.588522601;42.88647628;0.1;False;ok;1;1;3.123;
1285;-4.488522601;42.88647628;0.1;False;ok;5;1;4.736;
1286;-4.388522601;42.88647628;0.1;False;ok;9;1;4.722;
1287;-4.288522601;42.88647628;0.1;False;ok;4;1;4.578;
1288;-4.188522601;42.88647628;0.1;False;ok;3;1;4.599;
1289;-4.088522601;42.88647628;0.1;False;ok;7;1;3.231;
1290;-3.988522601;42.88647628;0.1;False;ok;4;1;4.916;
1291;-3.888522601;42.88647628;0.1;False;ok;5;1;4.817;
1292;-3.788522601;42.88647628;0.1;False;ok;3;1;5.090;
1293;-3.688522601;42.88647628;0.1;False;ok;9;1;5.517;
1294;-3.588522601;42.88647628;0.1;False;ok;30;1;5.428;
1295;-3.488522601;42.88647628;0.1;False;ok;20;1;3.355;
1296;-3.288522601;42.88647628;0.1;False;ok;1;1;5.696;
1297;-3.088522601;42.88647628;0.1;False;ok;1;1;5.835;
1298;-2.988522601;42.88647628;0.1;False;ok;5;1;3.438;
1299;-2.888522601;42.88647628;0.1;False;ok;8;1;3.447;
1300;-2.788522601;42.88647628;0.1;False;ok;4;1;5.929;
1301;-2.688522601;42.88647628;0.1;False;ok;8;1;3.558;
1302;-2.588522601;42.88647628;0.1;False;ok;4;1;3.389;
1303;-6.688522601;42.98647628;0.1;False;ok;17;1;5.688;
1304;-6.588522601;42.98647628;0.1;False;ok;1;1;5.890;
1305;-6.488522601;42.98647628;0.1;False;ok;1;1;3.419;
1306;-6.288522601;42.98647628;0.1;False;ok;17;1;5.699;
1307;-6.188522601;42.98647628;0.1;False;ok;1;1;5.754;
1308;-6.088522601;42.98647628;0.1;False;ok;3;1;5.579;
1309;-5.988522601;42.98647628;0.1;False;ok;2;1;5.552;
1310;-5.888522601;42.98647628;0.1;False;ok;5;1;3.572;
1311;-5.788522601;42.98647628;0.1;False;ok;9;1;3.620;
1312;-5.388522601;42.98647628;0.1;False;ok;11;1;3.636;
1313;-5.288522601;42.98647628;0.1;False;ok;16;1;6.323;
1314;-5.188522601;42.98647628;0.1;False;ok;9;1;6.256;
1315;-5.088522601;42.98647628;0.1;False;ok;2;1;3.648;
1316;-4.988522601;42.98647628;0.1;False;ok;6;1;3.666;
1317;-4.888522601;42.98647628;0.1;False;ok;4;1;6.069;
1318;-4.688522601;42.98647628;0.1;False;ok;4;1;5.905;
1319;-4.588522601;42.98647628;0.1;False;ok;12;1;6.160;
1320;-4.488522601;42.98647628;0.1;False;ok;3;1;3.457;
1321;-4.388522601;42.98647628;0.1;False;ok;5;1;5.773;
1322;-4.288522601;42.98647628;0.1;False;ok;17;1;5.838;
1323;-4.188522601;42.98647628;0.1;False;ok;23;1;5.717;
1324;-4.088522601;42.98647628;0.1;False;ok;9;1;3.518;
1325;-3.988522601;42.98647628;0.1;False;ok;10;1;5.693;
1326;-3.888522601;42.98647628;0.1;False;ok;3;1;3.680;
1327;-3.788522601;42.98647628;0.1;False;ok;4;1;3.719;
1328;-3.688522601;42.98647628;0.1;False;ok;8;1;3.729;
1329;-3.588522601;42.98647628;0.1;False;ok;20;1;3.763;
1330;-3.488522601;42.98647628;0.1;False;ok;3;1;6.391;
1331;-3.388522601;42.98647628;0.1;False;ok;5;1;6.094;
1332;-3.288522601;42.98647628;0.1;False;ok;3;1;6.157;
1333;-3.188522601;42.98647628;0.1;False;ok;2;1;6.073;
1334;-3.088522601;42.98647628;0.1;False;ok;15;1;6.202;
1335;-2.988522601;42.98647628;0.1;False;ok;8;1;3.530;
1336;-2.788522601;42.98647628;0.1;False;ok;2;1;5.728;
1337;-2.688522601;42.98647628;0.1;False;ok;4;1;5.626;
1338;-2.588522601;42.98647628;0.1;False;ok;11;1;3.722;
1339;-6.688522601;43.08647628;0.1;False;ok;2;1;5.530;
1340;-6.588522601;43.08647628;0.1;False;ok;33;1;3.796;
1341;-6.388522601;43.08647628;0.1;False;ok;5;1;3.637;
1342;-6.288522601;43.08647628;0.1;False;ok;21;1;5.907;
1343;-6.188522601;43.08647628;0.1;False;ok;10;1;3.602;
1344;-6.088522601;43.08647628;0.1;False;ok;23;1;3.598;
1345;-5.988522601;43.08647628;0.1;False;ok;12;1;6.204;
1346;-5.888522601;43.08647628;0.1;False;ok;25;1;6.288;
1347;-5.788522601;43.08647628;0.1;False;ok;9;1;5.852;
1348;-5.688522601;43.08647628;0.1;False;ok;17;1;6.002;
1349;-5.588522601;43.08647628;0.1;False;ok;39;1;3.822;
1350;-5.488522601;43.08647628;0.1;False;ok;6;1;5.862;
1351;-5.388522601;43.08647628;0.1;False;ok;9;1;3.673;
1352;-5.188522601;43.08647628;0.1;False;ok;4;1;5.682;
1353;-5.088522601;43.08647628;0.1;False;ok;3;1;5.441;
1354;-4.988522601;43.08647628;0.1;False;ok;10;1;5.642;
1355;-4.888522601;43.08647628;0.1;False;ok;9;1;5.246;
1356;-4.788522601;43.08647628;0.1;False;ok;39;1;3.824;
1357;-4.688522601;43.08647628;0.1;False;ok;75;1;5.855;
1358;-4.588522601;43.08647628;0.1;False;ok;31;1;3.719;
1359;-4.488522601;43.08647628;0.1;False;ok;6;1;3.577;
1360;-4.388522601;43.08647628;0.1;False;ok;5;1;3.571;
1361;-4.288522601;43.08647628;0.1;False;ok;7;1;5.389;
1362;-4.088522601;43.08647628;0.1;False;ok;16;1;5.483;
1363;-3.988522601;43.08647628;0.1;False;ok;8;1;5.786;
1364;-3.788522601;43.08647628;0.1;False;ok;8;1;3.327;
1365;-3.688522601;43.08647628;0.1;False;ok;3;1;5.411;
1366;-3.588522601;43.08647628;0.1;False;ok;10;1;5.244;
1367;-3.488522601;43.08647628;0.1;False;ok;5;1;3.400;
1368;-3.388522601;43.08647628;0.1;False;ok;8;1;5.529;
1369;-3.288522601;43.08647628;0.1;False;ok;4;1;5.591;
1370;-3.188522601;43.08647628;0.1;False;ok;4;1;5.524;
1371;-3.088522601;43.08647628;0.1;False;ok;4;1;3.672;
1372;-2.988522601;43.08647628;0.1;False;ok;20;1;3.834;
1373;-2.888522601;43.08647628;0.1;False;ok;9;1;3.668;
1374;-2.788522601;43.08647628;0.1;False;ok;14;1;3.690;
1375;-2.688522601;43.08647628;0.1;False;ok;22;1;6.188;
1376;-2.588522601;43.08647628;0.1;False;ok;11;1;6.066;
1377;-6.688522601;43.18647628;0.1;False;ok;3;1;5.793;
1378;-6.588522601;43.18647628;0.1;False;ok;4;1;3.428;
1379;-6.388522601;43.18647628;0.1;False;ok;2;1;6.177;
1380;-6.288522601;43.18647628;0.1;False;ok;8;1;6.255;
1381;-6.088522601;43.18647628;0.1;False;ok;22;1;5.632;
1382;-5.988522601;43.18647628;0.1;False;ok;6;1;3.455;
1383;-5.888522601;43.18647628;0.1;False;ok;19;1;5.269;
1384;-5.788522601;43.18647628;0.1;False;ok;29;1;5.372;
1385;-5.688522601;43.18647628;0.1;False;ok;21;1;5.076;
1386;-5.588522601;43.18647628;0.1;False;ok;18;1;3.546;
1387;-5.488522601;43.18647628;0.1;False;ok;23;1;3.562;
1388;-5.388522601;43.18647628;0.1;False;ok;4;1;3.652;
1389;-5.288522601;43.18647628;0.1;False;ok;10;1;3.655;
1390;-5.188522601;43.18647628;0.1;False;ok;16;1;5.309;
1391;-5.088522601;43.18647628;0.1;False;ok;0;1;6.131;
1392;-4.988522601;43.18647628;0.1;False;ok;5;1;3.237;
1393;-4.888522601;43.18647628;0.1;False;ok;5;1;5.137;
1394;-4.788522601;43.18647628;0.1;False;ok;12;1;5.337;
1395;-4.688522601;43.18647628;0.1;False;ok;19;1;5.196;
1396;-4.588522601;43.18647628;0.1;False;ok;10;1;3.247;
1397;-4.488522601;43.18647628;0.1;False;ok;19;1;4.950;
1398;-4.388522601;43.18647628;0.1;False;ok;18;1;5.422;
1399;-4.288522601;43.18647628;0.1;False;ok;15;1;5.848;
1400;-4.188522601;43.18647628;0.1;False;ok;9;1;3.508;
1401;-4.088522601;43.18647628;0.1;False;ok;28;1;3.647;
1402;-3.988522601;43.18647628;0.1;False;ok;31;1;3.688;
1403;-3.888522601;43.18647628;0.1;False;ok;58;1;5.888;
1404;-3.788522601;43.18647628;0.1;False;ok;25;1;3.523;
1405;-3.688522601;43.18647628;0.1;False;ok;22;1;5.937;
1406;-3.588522601;43.18647628;0.1;False;ok;16;1;5.817;
1407;-3.488522601;43.18647628;0.1;False;ok;40;1;3.561;
1408;-3.388522601;43.18647628;0.1;False;ok;12;1;5.823;
1409;-3.288522601;43.18647628;0.1;False;ok;8;1;5.755;
1410;-3.188522601;43.18647628;0.1;False;ok;18;1;5.660;
1411;-3.088522601;43.18647628;0.1;False;ok;5;1;5.411;
1412;-2.988522601;43.18647628;0.05;False;ok;1;1;3.370;
1413;-2.938522601;43.18647628;0.05;False;ok;5;1;5.015;
1414;-2.988522601;43.23647628;0.05;False;ok;75;1;5.024;
1415;-2.926022601;43.23647628;0.0125;False;ok;10;1;4.858;
1416;-2.938522601;43.24897628;0.0125;False;ok;74;1;5.505;
1417;-2.926022601;43.24897628;0.00625;False;ok;33;1;3.420;
1418;-2.919772601;43.24897628;0.00625;False;ok;18;1;3.640;
1419;-2.926022601;43.25522628;0.00625;False;ok;74;1;3.945;
1420;-2.919772601;43.25522628;0.00625;False;ok;44;1;3.609;
1421;-2.913522601;43.23647628;0.025;False;ok;39;1;4.898;
1422;-2.938522601;43.26147628;0.0125;False;ok;75;1;3.811;
1423;-2.926022601;43.26147628;0.0125;False;ok;75;1;4.601;
1424;-2.926022601;43.27397628;0.0125;False;ok;1;1;3.317;
1425;-2.913522601;43.26147628;0.025;False;ok;6;1;4.080;
1426;-2.888522601;43.18647628;0.1;False;ok;20;1;4.302;
1427;-2.788522601;43.18647628;0.1;False;ok;9;1;3.936;
1428;-2.688522601;43.18647628;0.1;False;ok;9;1;4.086;
1429;-2.588522601;43.18647628;0.1;False;ok;16;1;3.865;
1430;-6.588522601;43.28647628;0.1;False;ok;2;1;3.898;
1431;-6.488522601;43.28647628;0.1;False;ok;10;1;3.924;
1432;-6.388522601;43.28647628;0.1;False;ok;0;1;3.593;
1433;-6.288522601;43.28647628;0.1;False;ok;11;1;2.883;
1434;-6.188522601;43.28647628;0.1;False;ok;6;1;3.449;
1435;-6.088522601;43.28647628;0.1;False;ok;9;1;3.139;
1436;-5.988522601;43.28647628;0.1;False;ok;17;1;3.528;
1437;-5.888522601;43.28647628;0.05;False;ok;2;1;2.988;
1438;-5.838522601;43.28647628;0.05;False;ok;2;1;2.834;
1439;-5.888522601;43.33647628;0.025;False;ok;10;1;3.672;
1440;-5.863522601;43.33647628;0.025;False;ok;75;1;3.916;
1441;-5.888522601;43.36147628;0.025;False;ok;22;1;2.896;
1442;-5.863522601;43.36147628;0.0125;False;ok;73;1;4.259;
1443;-5.851022601;43.36147628;0.0125;False;ok;74;1;4.129;
1444;-5.863522601;43.37397628;0.0125;False;ok;3;1;3.602;
1445;-5.851022601;43.37397628;0.0125;False;ok;3;1;3.615;
1446;-5.838522601;43.33647628;0.05;False;ok;72;1;3.100;
1447;-5.788522601;43.28647628;0.1;False;ok;19;1;4.039;
1448;-5.688522601;43.28647628;0.1;False;ok;25;1;4.211;
1449;-5.588522601;43.28647628;0.1;False;ok;28;1;4.384;
1450;-5.488522601;43.28647628;0.1;False;ok;31;1;4.462;
1451;-5.388522601;43.28647628;0.1;False;ok;52;1;3.005;
1452;-5.288522601;43.28647628;0.1;False;ok;54;1;3.353;
1453;-5.188522601;43.28647628;0.05;False;ok;9;1;4.210;
1454;-5.138522601;43.28647628;0.05;False;ok;25;1;4.451;
1455;-5.188522601;43.33647628;0.05;False;ok;56;1;3.083;
1456;-5.138522601;43.33647628;0.0125;False;ok;39;1;3.120;
1457;-5.126022601;43.33647628;0.0125;False;ok;4;1;4.301;
1458;-5.138522601;43.34897628;0.0125;False;ok;75;1;4.292;
1459;-5.126022601;43.34897628;0.0125;False;ok;26;1;4.086;
1460;-5.113522601;43.33647628;0.025;False;ok;40;1;2.878;
1461;-5.138522601;43.36147628;0.025;False;ok;2;1;4.071;
1462;-5.088522601;43.28647628;0.1;False;ok;75;1;5.284;
1463;-4.988522601;43.28647628;0.1;False;ok;72;1;5.506;
1464;-4.888522601;43.28647628;0.1;False;ok;75;1;5.201;
1465;-4.788522601;43.28647628;0.1;False;ok;21;1;3.118;
1466;-4.688522601;43.28647628;0.1;False;ok;38;1;5.146;
1467;-4.588522601;43.28647628;0.1;False;ok;75;1;3.503;
1468;-4.488522601;43.28647628;0.1;False;ok;75;1;3.450;
1469;-4.388522601;43.28647628;0.1;False;ok;74;1;3.863;
1470;-4.288522601;43.28647628;0.1;False;ok;75;1;3.732;
1471;-4.188522601;43.28647628;0.1;False;ok;73;1;4.972;
1472;-4.088522601;43.28647628;0.1;False;ok;75;1;3.858;
1473;-3.988522601;43.28647628;0.1;False;ok;57;1;5.056;
1474;-3.888522601;43.28647628;0.1;False;ok;69;1;5.178;
1475;-3.788522601;43.28647628;0.1;False;ok;75;1;5.293;
1476;-3.688522601;43.28647628;0.1;False;ok;26;1;5.044;
1477;-3.588522601;43.28647628;0.1;False;ok;48;1;5.039;
1478;-3.488522601;43.28647628;0.1;False;ok;56;1;4.912;
1479;-3.388522601;43.28647628;0.1;False;ok;13;1;4.714;
1480;-3.288522601;43.28647628;0.1;False;ok;73;1;4.882;
1481;-3.188522601;43.28647628;0.1;False;ok;16;1;4.544;
1482;-3.088522601;43.28647628;0.1;False;ok;75;1;3.424;
1483;-2.988522601;43.28647628;0.1;False;ok;52;1;3.344;
1484;-2.888522601;43.28647628;0.1;False;ok;36;1;3.398;
1485;-2.788522601;43.28647628;0.1;False;ok;35;1;3.164;
1486;-2.688522601;43.28647628;0.1;False;ok;66;1;3.271;
1487;-2.588522601;43.28647628;0.1;False;ok;64;1;4.064;
1488;-6.688522601;43.38647628;0.1;False;ok;3;1;2.797;
1489;-6.588522601;43.38647628;0.1;False;ok;7;1;3.987;
1490;-6.488522601;43.38647628;0.1;False;ok;10;1;3.855;
1491;-6.388522601;43.38647628;0.1;False;ok;9;1;3.865;
1492;-6.288522601;43.38647628;0.1;False;ok;15;1;3.805;
1493;-6.188522601;43.38647628;0.1;False;ok;15;1;4.275;
1494;-6.088522601;43.38647628;0.1;False;ok;16;1;3.104;
1495;-5.988522601;43.38647628;0.1;False;ok;4;1;4.727;
1496;-5.888522601;43.38647628;0.1;False;ok;17;1;4.710;
1497;-5.788522601;43.38647628;0.1;False;ok;23;1;4.830;
1498;-5.688522601;43.38647628;0.1;False;ok;30;1;5.050;
1499;-5.588522601;43.38647628;0.1;False;ok;18;1;4.876;
1500;-5.488522601;43.38647628;0.1;False;ok;75;1;5.244;
1501;-5.388522601;43.38647628;0.1;False;ok;26;1;3.108;
1502;-5.288522601;43.38647628;0.1;False;ok;71;1;5.399;
1503;-5.188522601;43.38647628;0.1;False;ok;75;1;5.055;
1504;-5.088522601;43.38647628;0.1;False;ok;75;1;3.493;
1505;-4.988522601;43.38647628;0.1;False;ok;75;1;3.518;
1506;-4.888522601;43.38647628;0.05;False;ok;73;1;3.505;
1507;-4.838522601;43.38647628;0.05;False;ok;71;1;3.448;
1508;-4.888522601;43.43647628;0.05;False;ok;14;1;5.409;
1509;-4.788522601;43.38647628;0.025;False;ok;35;1;5.344;
1510;-4.763522601;43.38647628;0.025;False;ok;37;1;5.223;
1511;-4.788522601;43.41147628;0.025;False;ok;66;1;5.438;
1512;-4.763522601;43.41147628;0.0125;False;ok;75;1;3.468;
1513;-4.751022601;43.41147628;0.0125;False;ok;16;1;4.957;
1514;-4.763522601;43.42397628;0.0125;False;ok;5;1;3.261;
1515;-4.738522601;43.38647628;0.05;False;ok;47;1;4.642;
1516;-4.688522601;43.38647628;0.1;False;ok;35;1;3.412;
1517;-4.588522601;43.38647628;0.1;False;ok;29;1;3.453;
1518;-4.488522601;43.38647628;0.1;False;ok;45;1;3.455;
1519;-4.388522601;43.38647628;0.1;False;ok;75;1;3.575;
1520;-4.288522601;43.38647628;0.1;False;ok;52;1;5.199;
1521;-4.188522601;43.38647628;0.1;False;ok;74;1;5.434;
1522;-4.088522601;43.38647628;0.05;False;ok;72;1;5.672;
1523;-4.038522601;43.38647628;0.05;False;ok;74;1;5.629;
1524;-4.088522601;43.43647628;0.05;False;ok;15;1;5.301;
1525;-4.038522601;43.43647628;0.05;False;ok;11;1;5.073;
1526;-3.988522601;43.38647628;0.1;False;ok;74;1;5.449;
1527;-3.888522601;43.38647628;0.05;False;ok;27;1;5.144;
1528;-3.838522601;43.38647628;0.05;False;ok;26;1;3.233;
1529;-3.888522601;43.43647628;0.05;False;ok;58;1;3.541;
1530;-3.838522601;43.43647628;0.025;False;ok;75;1;3.636;
1531;-3.813522601;43.43647628;0.025;False;ok;47;1;4.970;
1532;-3.838522601;43.46147628;0.025;False;ok;71;1;5.173;
1533;-3.813522601;43.46147628;0.025;False;ok;71;1;5.405;
1534;-3.788522601;43.38647628;0.05;False;ok;15;1;3.396;
1535;-3.738522601;43.38647628;0.05;False;ok;40;1;5.111;
1536;-3.788522601;43.43647628;0.05;False;ok;73;1;3.748;
1537;-3.738522601;43.43647628;0.05;False;ok;73;1;5.084;
1538;-3.688522601;43.38647628;0.1;False;ok;74;1;3.702;
1539;-3.588522601;43.38647628;0.05;False;ok;13;1;4.886;
1540;-3.538522601;43.38647628;0.05;False;ok;26;1;3.366;
1541;-3.588522601;43.43647628;0.05;False;ok;54;1;4.908;
1542;-3.538522601;43.43647628;0.05;False;ok;75;1;4.748;
1543;-3.488522601;43.38647628;0.1;False;ok;75;1;3.757;
1544;-3.388522601;43.38647628;0.1;False;ok;18;1;4.876;
1545;-3.288522601;43.38647628;0.1;False;ok;13;1;4.958;
1546;-3.088522601;43.38647628;0.1;False;ok;10;1;4.712;
1547;-2.988522601;43.38647628;0.1;False;ok;35;1;4.883;
1548;-2.888522601;43.38647628;0.1;False;ok;32;1;4.823;
1549;-2.788522601;43.38647628;0.1;False;ok;75;1;5.108;
1550;-2.688522601;43.38647628;0.1;False;ok;25;1;3.293;
1551;-6.688522601;43.48647628;0.1;False;ok;31;1;3.407;
1552;-6.588522601;43.48647628;0.1;False;ok;75;1;3.722;
1553;-6.488522601;43.48647628;0.1;False;ok;37;1;3.403;
1554;-6.388522601;43.48647628;0.1;False;ok;21;1;5.048;
1555;-6.288522601;43.48647628;0.1;False;ok;63;1;5.490;
1556;-6.188522601;43.48647628;0.1;False;ok;74;1;5.565;
1557;-6.088522601;43.48647628;0.1;False;ok;55;1;3.467;
1558;-5.988522601;43.48647628;0.1;False;ok;73;1;5.527;
1559;-5.888522601;43.48647628;0.1;False;ok;20;1;5.109;
1560;-5.788522601;43.48647628;0.1;False;ok;65;1;5.220;
1561;-5.688522601;43.48647628;0.05;False;ok;75;1;3.916;
1562;-5.638522601;43.48647628;0.05;False;ok;24;1;3.374;
1563;-5.688522601;43.53647628;0.025;False;ok;75;1;3.854;
1564;-5.663522601;43.53647628;0.00625;False;ok;75;1;5.028;
1565;-5.657272601;43.53647628;0.00625;False;ok;75;1;5.018;
1566;-5.663522601;43.54272628;0.00625;False;ok;48;1;3.655;
1567;-5.651022601;43.53647628;0.0125;False;ok;74;1;5.392;
1568;-5.638522601;43.53647628;0.05;False;ok;18;1;5.168;
1569;-5.588522601;43.48647628;0.1;False;ok;48;1;3.448;
1570;-5.488522601;43.48647628;0.1;False;ok;56;1;5.151;
1571;-5.388522601;43.48647628;0.1;False;ok;47;1;5.156;
1572;-5.288522601;43.48647628;0.1;False;ok;59;1;5.119;
1573;-3.688522601;43.48647628;0.1;False;ok;23;1;5.022;
1574;-3.588522601;43.48647628;0.05;False;ok;75;1;3.529;
1575;-3.538522601;43.48647628;0.05;False;ok;41;1;4.966;
1576;-5.988522601;43.58647628;0.1;False;ok;6;1;3.336;
1577;-5.888522601;43.58647628;0.1;False;ok;74;1;3.514;
1578;-5.788522601;43.58647628;0.1;False;ok;31;1;5.642;
1579;-2.514401691;41.68647628;0.1;False;ok;75;1;6.044;
1580;-2.414401691;41.68647628;0.1;False;ok;2;1;3.177;
1581;-2.214401691;41.68647628;0.1;False;ok;0;1;6.313;
1582;-2.114401691;41.68647628;0.1;False;ok;2;1;5.482;
1583;-2.014401691;41.68647628;0.1;False;ok;5;1;5.507;
1584;-1.814401691;41.68647628;0.1;False;ok;3;1;3.204;
1585;-1.714401691;41.68647628;0.1;False;ok;2;1;3.186;
1586;-1.314401691;41.68647628;0.1;False;ok;2;1;5.257;
1587;-1.214401691;41.68647628;0.1;False;ok;1;1;5.274;
1588;-1.114401691;41.68647628;0.1;False;ok;4;1;3.370;
1589;-1.014401691;41.68647628;0.1;False;ok;9;1;5.445;
1590;-0.914401691;41.68647628;0.1;False;ok;6;1;5.392;
1591;-0.414401691;41.68647628;0.1;False;ok;1;1;5.363;
1592;0.085598309;41.68647628;0.1;False;ok;3;1;5.352;
1593;0.485598309;41.68647628;0.1;False;ok;1;1;5.147;
1594;0.685598309;41.68647628;0.1;False;ok;3;1;3.330;
1595;0.785598309;41.68647628;0.1;False;ok;4;1;5.166;
1596;0.885598309;41.68647628;0.1;False;ok;10;1;3.379;
1597;0.985598309;41.68647628;0.1;False;ok;1;1;3.328;
1598;1.085598309;41.68647628;0.1;False;ok;9;1;3.474;
1599;1.185598309;41.68647628;0.1;False;ok;6;1;3.428;
1600;1.285598309;41.68647628;0.1;False;ok;2;1;4.949;
1601;1.385598309;41.68647628;0.1;False;ok;6;1;3.057;
1602;1.485598309;41.68647628;0.1;False;ok;5;1;4.924;
1603;1.585598309;41.68647628;0.1;False;ok;5;1;5.079;
1604;1.785598309;41.68647628;0.1;False;ok;41;1;5.229;
1605;1.885598309;41.68647628;0.1;False;ok;9;1;5.122;
1606;1.985598309;41.68647628;0.1;False;ok;6;1;3.058;
1607;2.085598309;41.68647628;0.1;False;ok;6;1;3.155;
1608;2.185598309;41.68647628;0.1;False;ok;16;1;5.073;
1609;2.285598309;41.68647628;0.1;False;ok;10;1;3.135;
1610;2.385598309;41.68647628;0.1;False;ok;25;1;5.132;
1611;2.485598309;41.68647628;0.1;False;ok;18;1;4.964;
1612;2.585598309;41.68647628;0.1;False;ok;16;1;3.631;
1613;2.685598309;41.68647628;0.1;False;ok;71;1;3.695;
1614;2.785598309;41.68647628;0.025;False;ok;10;1;5.707;
1615;2.810598309;41.68647628;0.0125;False;ok;15;1;5.734;
1616;2.823098309;41.68647628;0.00625;False;ok;0;1;6.196;
1617;2.823098309;41.69272628;0.00625;False;ok;72;1;5.900;
1618;2.829348309;41.69272628;0.00625;False;ok;70;1;5.753;
1619;2.810598309;41.69897628;0.0125;False;ok;7;1;5.394;
1620;2.823098309;41.69897628;0.0125;False;ok;32;1;3.527;
1621;2.785598309;41.71147628;0.025;False;ok;3;1;4.895;
1622;2.810598309;41.71147628;0.025;False;ok;25;1;3.308;
1623;2.835598309;41.68647628;0.0125;False;ok;68;1;3.756;
1624;2.835598309;41.69897628;0.0125;False;ok;72;1;3.580;
1625;2.848098309;41.69897628;0.00625;False;ok;75;1;4.696;
1626;2.854348309;41.69897628;0.00625;False;ok;58;1;4.601;
1627;2.848098309;41.70522628;0.00625;False;ok;1;1;3.172;
1628;2.854348309;41.70522628;0.00625;False;ok;16;1;3.244;
1629;2.860598309;41.69897628;0.0125;False;ok;34;1;4.788;
1630;2.873098309;41.69897628;0.00625;False;ok;18;1;4.717;
1631;2.879348309;41.69897628;0.00625;False;ok;5;1;4.528;
1632;2.873098309;41.70522628;0.00625;False;ok;21;1;3.123;
1633;2.879348309;41.70522628;0.00625;False;ok;10;1;4.607;
1634;2.835598309;41.71147628;0.025;False;ok;30;1;4.788;
1635;2.860598309;41.71147628;0.0125;False;ok;29;1;3.108;
1636;2.873098309;41.71147628;0.0125;False;ok;26;1;5.059;
1637;2.860598309;41.72397628;0.0125;False;ok;2;1;3.122;
1638;2.873098309;41.72397628;0.0125;False;ok;5;1;3.101;
1639;2.785598309;41.73647628;0.025;False;ok;30;1;5.003;
1640;2.810598309;41.73647628;0.0125;False;ok;13;1;4.874;
1641;2.823098309;41.73647628;0.0125;False;ok;11;1;5.039;
1642;2.810598309;41.74897628;0.0125;False;ok;22;1;5.178;
1643;2.823098309;41.74897628;0.0125;False;ok;15;1;5.065;
1644;2.810598309;41.76147628;0.025;False;ok;1;1;3.218;
1645;2.835598309;41.73647628;0.05;False;ok;3;1;5.048;
1646;2.885598309;41.68647628;0.025;False;ok;47;1;3.299;
1647;2.885598309;41.71147628;0.0125;False;ok;10;1;3.374;
1648;2.898098309;41.71147628;0.00625;False;ok;19;1;5.194;
1649;2.904348309;41.71147628;0.00625;False;ok;17;1;4.970;
1650;2.898098309;41.71772628;0.00625;False;ok;12;1;3.349;
1651;2.904348309;41.71772628;0.00625;False;ok;19;1;5.140;
1652;2.898098309;41.72397628;0.0125;False;ok;2;1;4.971;
1653;2.910598309;41.71147628;0.0125;False;ok;3;1;5.003;
1654;2.923098309;41.71147628;0.00625;False;ok;12;1;5.085;
1655;2.929348309;41.71147628;0.00625;False;ok;49;1;3.455;
1656;2.923098309;41.71772628;0.00625;False;ok;34;1;3.395;
1657;2.929348309;41.71772628;0.003125;False;ok;62;1;4.970;
1658;2.932473309;41.71772628;0.003125;False;ok;13;1;3.209;
1659;2.929348309;41.72085128;0.003125;False;ok;41;1;3.116;
1660;2.932473309;41.72085128;0.003125;False;ok;56;1;3.310;
1661;2.910598309;41.72397628;0.0125;False;ok;3;1;5.153;
1662;2.923098309;41.72397628;0.0125;False;ok;32;1;5.248;
1663;2.935598309;41.68647628;0.05;False;ok;17;1;5.098;
1664;2.885598309;41.73647628;0.05;False;ok;6;1;5.169;
1665;2.935598309;41.73647628;0.05;False;ok;50;1;5.144;
1666;2.985598309;41.76147628;0.025;False;ok;3;1;5.112;
1667;3.023098309;41.76147628;0.0125;False;ok;5;1;2.951;
1668;3.010598309;41.77397628;0.0125;False;ok;6;1;4.954;
1669;3.023098309;41.77397628;0.0125;False;ok;74;1;3.679;
1670;3.035598309;41.73647628;0.05;False;ok;35;1;3.372;
1671;-2.514401691;41.78647628;0.1;False;ok;7;1;4.494;
1672;-2.414401691;41.78647628;0.1;False;ok;7;1;4.499;
1673;-2.114401691;41.78647628;0.1;False;ok;3;1;3.307;
1674;-2.014401691;41.78647628;0.1;False;ok;7;1;3.602;
1675;-1.914401691;41.78647628;0.1;False;ok;1;1;4.278;
1676;-1.814401691;41.78647628;0.1;False;ok;9;1;4.452;
1677;-1.714401691;41.78647628;0.1;False;ok;9;1;4.258;
1678;-1.614401691;41.78647628;0.1;False;ok;14;1;3.053;
1679;-1.514401691;41.78647628;0.1;False;ok;5;1;4.096;
1680;-1.414401691;41.78647628;0.1;False;ok;1;1;4.037;
1681;-1.314401691;41.78647628;0.1;False;ok;1;1;2.826;
1682;-1.214401691;41.78647628;0.1;False;ok;2;1;2.833;
1683;-0.914401691;41.78647628;0.1;False;ok;0;1;5.629;
1684;-0.814401691;41.78647628;0.1;False;ok;2;1;4.874;
1685;-0.614401691;41.78647628;0.1;False;ok;0;1;3.720;
1686;-0.214401691;41.78647628;0.1;False;ok;1;1;4.842;
1687;-0.114401691;41.78647628;0.1;False;ok;2;1;2.935;
1688;0.185598309;41.78647628;0.1;False;ok;0;1;5.567;
1689;0.285598309;41.78647628;0.1;False;ok;2;1;4.974;
1690;0.485598309;41.78647628;0.1;False;ok;5;1;5.100;
1691;0.585598309;41.78647628;0.1;False;ok;2;1;5.016;
1692;0.685598309;41.78647628;0.1;False;ok;8;1;3.204;
1693;0.785598309;41.78647628;0.1;False;ok;38;1;3.332;
1694;0.885598309;41.78647628;0.1;False;ok;2;1;3.230;
1695;0.985598309;41.78647628;0.1;False;ok;3;1;5.168;
1696;1.085598309;41.78647628;0.1;False;ok;5;1;5.025;
1697;1.185598309;41.78647628;0.1;False;ok;1;1;5.265;
1698;1.285598309;41.78647628;0.1;False;ok;7;1;5.190;
1699;1.385598309;41.78647628;0.1;False;ok;6;1;5.171;
1700;1.485598309;41.78647628;0.1;False;ok;0;1;5.643;
1701;1.585598309;41.78647628;0.1;False;ok;2;1;4.966;
1702;1.685598309;41.78647628;0.1;False;ok;8;1;3.387;
1703;1.785598309;41.78647628;0.1;False;ok;12;1;3.309;
1704;1.885598309;41.78647628;0.1;False;ok;8;1;3.192;
1705;1.985598309;41.78647628;0.1;False;ok;4;1;3.271;
1706;2.085598309;41.78647628;0.1;False;ok;11;1;2.969;
1707;2.185598309;41.78647628;0.1;False;ok;16;1;2.954;
1708;2.285598309;41.78647628;0.1;False;ok;10;1;4.347;
1709;2.385598309;41.78647628;0.1;False;ok;25;1;4.391;
1710;2.485598309;41.78647628;0.1;False;ok;36;1;4.534;
1711;2.585598309;41.78647628;0.1;False;ok;15;1;4.867;
1712;2.685598309;41.78647628;0.1;False;ok;40;1;4.786;
1713;2.785598309;41.78647628;0.1;False;ok;44;1;4.696;
1714;2.885598309;41.78647628;0.1;False;ok;35;1;4.864;
1715;2.985598309;41.78647628;0.05;False;ok;73;1;3.163;
1716;3.035598309;41.78647628;0.0125;False;ok;74;1;5.034;
1717;3.048098309;41.78647628;0.0125;False;ok;38;1;3.353;
1718;3.035598309;41.79897628;0.0125;False;ok;9;1;4.847;
1719;3.048098309;41.79897628;0.0125;False;ok;46;1;5.086;
1720;3.060598309;41.78647628;0.025;False;ok;72;1;3.701;
1721;3.035598309;41.81147628;0.025;False;ok;24;1;5.243;
1722;3.060598309;41.81147628;0.00625;False;ok;73;1;5.522;
1723;3.066848309;41.81147628;0.00625;False;ok;72;1;5.335;
1724;3.060598309;41.81772628;0.00625;False;ok;17;1;3.503;
1725;3.066848309;41.81772628;0.00625;False;ok;65;1;3.583;
1726;3.073098309;41.81147628;0.0125;False;ok;1;1;3.336;
1727;3.060598309;41.82397628;0.0125;False;ok;28;1;5.007;
1728;3.073098309;41.82397628;0.0125;False;ok;46;1;3.310;
1729;2.985598309;41.83647628;0.05;False;ok;11;1;4.730;
1730;3.035598309;41.83647628;0.025;False;ok;52;1;4.862;
1731;3.060598309;41.83647628;0.025;False;ok;52;1;3.266;
1732;3.035598309;41.86147628;0.025;False;ok;9;1;4.595;
1733;3.060598309;41.86147628;0.0125;False;ok;24;1;4.801;
1734;3.073098309;41.86147628;0.0125;False;ok;15;1;4.546;
1735;3.060598309;41.87397628;0.0125;False;ok;26;1;4.557;
1736;3.073098309;41.87397628;0.0125;False;ok;5;1;3.114;
1737;3.085598309;41.78647628;0.05;False;ok;6;1;3.147;
1738;3.085598309;41.83647628;0.0125;False;ok;57;1;4.807;
1739;3.098098309;41.83647628;0.0125;False;ok;54;1;3.414;
1740;3.085598309;41.84897628;0.0125;False;ok;2;1;3.152;
1741;3.098098309;41.84897628;0.0125;False;ok;4;1;4.648;
1742;3.110598309;41.83647628;0.0125;False;ok;9;1;4.800;
1743;3.123098309;41.83647628;0.0125;False;ok;75;1;4.996;
1744;3.110598309;41.84897628;0.0125;False;ok;54;1;4.754;
1745;3.123098309;41.84897628;0.0125;False;ok;41;1;4.973;
1746;3.085598309;41.86147628;0.025;False;ok;4;1;3.167;
1747;3.110598309;41.86147628;0.025;False;ok;10;1;4.634;
1748;3.135598309;41.83647628;0.025;False;ok;75;1;4.846;
1749;3.135598309;41.86147628;0.025;False;ok;8;1;3.247;
1750;3.160598309;41.86147628;0.025;False;ok;58;1;3.132;
1751;-2.514401691;41.88647628;0.1;False;ok;7;1;3.133;
1752;-2.414401691;41.88647628;0.1;False;ok;0;1;5.068;
1753;-2.314401691;41.88647628;0.1;False;ok;0;1;3.805;
1754;-2.214401691;41.88647628;0.1;False;ok;4;1;3.184;
1755;-2.114401691;41.88647628;0.1;False;ok;1;1;4.490;
1756;-2.014401691;41.88647628;0.1;False;ok;1;1;4.642;
1757;-1.814401691;41.88647628;0.1;False;ok;18;1;4.499;
1758;-1.714401691;41.88647628;0.1;False;ok;5;1;4.584;
1759;-1.314401691;41.88647628;0.1;False;ok;2;1;4.480;
1760;-0.614401691;41.88647628;0.1;False;ok;2;1;4.740;
1761;-0.514401691;41.88647628;0.1;False;ok;1;1;2.966;
1762;0.085598309;41.88647628;0.1;False;ok;1;1;4.696;
1763;0.185598309;41.88647628;0.1;False;ok;4;1;4.712;
1764;0.285598309;41.88647628;0.1;False;ok;3;1;3.199;
1765;0.385598309;41.88647628;0.1;False;ok;1;1;3.259;
1766;0.485598309;41.88647628;0.1;False;ok;2;1;3.240;
1767;0.585598309;41.88647628;0.1;False;ok;0;1;5.641;
1768;0.685598309;41.88647628;0.1;False;ok;8;1;4.880;
1769;0.785598309;41.88647628;0.1;False;ok;0;1;5.648;
1770;0.885598309;41.88647628;0.1;False;ok;3;1;3.239;
1771;0.985598309;41.88647628;0.1;False;ok;18;1;5.211;
1772;1.085598309;41.88647628;0.1;False;ok;5;1;5.169;
1773;1.185598309;41.88647628;0.1;False;ok;11;1;3.258;
1774;1.285598309;41.88647628;0.1;False;ok;1;1;3.017;
1775;1.385598309;41.88647628;0.1;False;ok;6;1;4.658;
1776;1.485598309;41.88647628;0.1;False;ok;9;1;4.634;
1777;1.585598309;41.88647628;0.1;False;ok;27;1;4.587;
1778;1.685598309;41.88647628;0.1;False;ok;8;1;4.596;
1779;1.785598309;41.88647628;0.1;False;ok;8;1;3.186;
1780;1.985598309;41.88647628;0.1;False;ok;1;1;4.440;
1781;2.085598309;41.88647628;0.1;False;ok;9;1;4.412;
1782;2.185598309;41.88647628;0.1;False;ok;32;1;3.204;
1783;2.285598309;41.88647628;0.1;False;ok;9;1;3.050;
1784;2.485598309;41.88647628;0.1;False;ok;14;1;4.311;
1785;2.585598309;41.88647628;0.1;False;ok;12;1;2.895;
1786;2.685598309;41.88647628;0.1;False;ok;15;1;4.519;
1787;2.785598309;41.88647628;0.05;False;ok;5;1;4.336;
1788;2.835598309;41.88647628;0.05;False;ok;8;1;2.760;
1789;2.810598309;41.93647628;0.025;False;ok;5;1;2.746;
1790;2.785598309;41.96147628;0.025;False;ok;7;1;4.172;
1791;2.810598309;41.96147628;0.0125;False;ok;5;1;4.842;
1792;2.823098309;41.96147628;0.0125;False;ok;3;1;5.112;
1793;2.810598309;41.97397628;0.0125;False;ok;74;1;4.881;
1794;2.823098309;41.97397628;0.0125;False;ok;75;1;3.167;
1795;2.835598309;41.93647628;0.05;False;ok;2;1;4.848;
1796;2.885598309;41.88647628;0.1;False;ok;9;1;2.979;
1797;2.985598309;41.88647628;0.1;False;ok;27;1;3.271;
1798;3.085598309;41.88647628;0.05;False;ok;4;1;4.600;
1799;3.135598309;41.88647628;0.025;False;ok;10;1;3.139;
1800;3.173098309;41.88647628;0.00625;False;ok;16;1;4.440;
1801;3.179348309;41.88647628;0.00625;False;ok;70;1;4.806;
1802;3.173098309;41.89272628;0.00625;False;ok;3;1;3.412;
1803;3.179348309;41.89272628;0.00625;False;ok;22;1;4.583;
1804;3.160598309;41.89897628;0.0125;False;ok;1;1;4.505;
1805;3.173098309;41.89897628;0.0125;False;ok;1;1;4.415;
1806;3.135598309;41.91147628;0.025;False;ok;9;1;3.409;
1807;3.160598309;41.91147628;0.025;False;ok;25;1;4.375;
1808;3.085598309;41.93647628;0.05;False;ok;25;1;4.398;
1809;3.135598309;41.93647628;0.05;False;ok;74;1;4.283;
1810;3.185598309;41.88647628;0.00625;False;ok;43;1;3.077;
1811;3.191848309;41.88647628;0.00625;False;ok;2;1;4.055;
1812;3.185598309;41.89272628;0.00625;False;ok;32;1;3.101;
1813;3.191848309;41.89272628;0.00625;False;ok;51;1;3.329;
1814;3.198098309;41.88647628;0.0125;False;ok;14;1;3.283;
1815;3.185598309;41.89897628;0.0125;False;ok;1;1;3.097;
1816;3.198098309;41.89897628;0.0125;False;ok;11;1;5.146;
1817;3.185598309;41.91147628;0.0125;False;ok;1;1;5.328;
1818;3.198098309;41.91147628;0.00625;False;ok;3;1;5.518;
1819;3.204348309;41.91147628;0.00625;False;ok;10;1;5.506;
1820;3.198098309;41.91772628;0.00625;False;ok;3;1;3.336;
1821;3.204348309;41.91772628;0.00625;False;ok;54;1;5.725;
1822;3.185598309;41.92397628;0.0125;False;ok;4;1;5.403;
1823;3.198098309;41.92397628;0.0125;False;ok;24;1;5.442;
1824;3.210598309;41.91147628;0.025;False;ok;32;1;5.531;
1825;3.185598309;41.93647628;0.0125;False;ok;18;1;5.581;
1826;3.198098309;41.93647628;0.0125;False;ok;24;1;5.589;
1827;3.198098309;41.94897628;0.00625;False;ok;4;1;5.506;
1828;3.204348309;41.94897628;0.00625;False;ok;31;1;3.386;
1829;3.198098309;41.95522628;0.00625;False;ok;7;1;3.185;
1830;3.204348309;41.95522628;0.00625;False;ok;28;1;4.968;
1831;3.210598309;41.93647628;0.0125;False;ok;16;1;4.955;
1832;3.210598309;41.94897628;0.0125;False;ok;12;1;3.381;
1833;3.223098309;41.94897628;0.0125;False;ok;53;1;3.504;
1834;3.198098309;41.96147628;0.0125;False;ok;72;1;4.623;
1835;3.185598309;41.97397628;0.0125;False;ok;33;1;3.359;
1836;3.198098309;41.97397628;0.0125;False;ok;74;1;3.544;
1837;3.210598309;41.96147628;0.025;False;ok;42;1;3.148;
1838;-2.514401691;41.98647628;0.1;False;ok;0;1;3.758;
1839;-2.414401691;41.98647628;0.1;False;ok;3;1;4.371;
1840;-2.014401691;41.98647628;0.1;False;ok;6;1;4.321;
1841;-1.914401691;41.98647628;0.1;False;ok;4;1;4.608;
1842;-1.814401691;41.98647628;0.1;False;ok;3;1;4.553;
1843;-1.714401691;41.98647628;0.1;False;ok;12;1;3.463;
1844;-1.614401691;41.98647628;0.1;False;ok;75;1;3.772;
1845;-1.414401691;41.98647628;0.1;False;ok;1;1;4.748;
1846;-0.914401691;41.98647628;0.1;False;ok;0;1;5.539;
1847;-0.314401691;41.98647628;0.1;False;ok;1;1;3.481;
1848;-0.114401691;41.98647628;0.1;False;ok;1;1;5.043;
1849;-0.014401691;41.98647628;0.1;False;ok;2;1;4.896;
1850;0.085598309;41.98647628;0.1;False;ok;20;1;5.336;
1851;0.185598309;41.98647628;0.1;False;ok;2;1;5.038;
1852;0.285598309;41.98647628;0.1;False;ok;2;1;5.161;
1853;0.385598309;41.98647628;0.1;False;ok;1;1;5.039;
1854;0.485598309;41.98647628;0.1;False;ok;2;1;5.079;
1855;0.685598309;41.98647628;0.1;False;ok;25;1;3.309;
1856;0.785598309;41.98647628;0.1;False;ok;9;1;5.094;
1857;0.885598309;41.98647628;0.1;False;ok;7;1;3.087;
1858;0.985598309;41.98647628;0.1;False;ok;4;1;3.151;
1859;1.085598309;41.98647628;0.1;False;ok;3;1;3.082;
1860;1.185598309;41.98647628;0.1;False;ok;9;1;4.847;
1861;1.285598309;41.98647628;0.1;False;ok;11;1;3.262;
1862;1.385598309;41.98647628;0.1;False;ok;3;1;3.231;
1863;1.485598309;41.98647628;0.1;False;ok;27;1;4.956;
1864;1.585598309;41.98647628;0.1;False;ok;3;1;4.918;
1865;1.685598309;41.98647628;0.1;False;ok;5;1;4.936;
1866;1.785598309;41.98647628;0.1;False;ok;39;1;3.519;
1867;1.885598309;41.98647628;0.1;False;ok;16;1;4.936;
1868;1.985598309;41.98647628;0.1;False;ok;5;1;3.200;
1869;2.085598309;41.98647628;0.1;False;ok;15;1;5.190;
1870;2.185598309;41.98647628;0.1;False;ok;4;1;5.163;
1871;2.285598309;41.98647628;0.1;False;ok;17;1;4.991;
1872;2.385598309;41.98647628;0.1;False;ok;15;1;5.069;
1873;2.485598309;41.98647628;0.1;False;ok;32;1;3.297;
1874;2.585598309;41.98647628;0.1;False;ok;17;1;5.238;
1875;2.685598309;41.98647628;0.1;False;ok;19;1;5.369;
1876;2.785598309;41.98647628;0.1;False;ok;75;1;5.475;
1877;2.885598309;41.98647628;0.1;False;ok;36;1;5.478;
1878;2.985598309;41.98647628;0.1;False;ok;50;1;3.306;
1879;3.085598309;41.98647628;0.05;False;ok;13;1;5.283;
1880;3.135598309;41.98647628;0.05;False;ok;10;1;3.077;
1881;3.085598309;42.03647628;0.05;False;ok;27;1;3.199;
1882;3.135598309;42.03647628;0.025;False;ok;31;1;3.449;
1883;3.160598309;42.03647628;0.025;False;ok;74;1;3.486;
1884;3.185598309;41.98647628;0.0125;False;ok;75;1;4.648;
1885;3.198098309;41.98647628;0.0125;False;ok;8;1;4.622;
1886;3.185598309;41.99897628;0.0125;False;ok;71;1;3.279;
1887;3.185598309;42.01147628;0.025;False;ok;0;1;5.353;
1888;3.185598309;42.03647628;0.0125;False;ok;73;1;4.655;
1889;3.185598309;42.04897628;0.003125;False;ok;20;1;3.175;
1890;3.188723309;42.04897628;0.003125;False;ok;73;1;4.724;
1891;3.185598309;42.05210128;0.003125;False;ok;1;1;3.325;
1892;3.191848309;42.04897628;0.003125;False;ok;49;1;3.389;
1893;3.194973309;42.04897628;0.003125;False;ok;74;1;4.988;
1894;3.191848309;42.05210128;0.003125;False;ok;18;1;4.888;
1895;3.194973309;42.05210128;0.003125;False;ok;40;1;5.055;
1896;3.191848309;42.05522628;0.00625;False;ok;13;1;4.928;
1897;3.198098309;42.04897628;0.0125;False;ok;75;1;5.102;
1898;-2.514401691;42.08647628;0.1;False;ok;0;1;3.954;
1899;-2.414401691;42.08647628;0.1;False;ok;5;1;4.713;
1900;-2.314401691;42.08647628;0.1;False;ok;6;1;4.874;
1901;-2.214401691;42.08647628;0.1;False;ok;6;1;4.840;
1902;-2.114401691;42.08647628;0.1;False;ok;3;1;4.689;
1903;-2.014401691;42.08647628;0.1;False;ok;2;1;3.174;
1904;-1.814401691;42.08647628;0.1;False;ok;16;1;3.192;
1905;-1.714401691;42.08647628;0.1;False;ok;5;1;3.179;
1906;-1.614401691;42.08647628;0.1;False;ok;26;1;4.369;
1907;-1.214401691;42.08647628;0.1;False;ok;2;1;4.059;
1908;-1.014401691;42.08647628;0.1;False;ok;0;1;3.814;
1909;-0.814401691;42.08647628;0.1;False;ok;1;1;2.960;
1910;-0.714401691;42.08647628;0.1;False;ok;3;1;3.953;
1911;-0.614401691;42.08647628;0.1;False;ok;1;1;4.109;
1912;-0.414401691;42.08647628;0.1;False;ok;46;1;4.123;
1913;-0.314401691;42.08647628;0.1;False;ok;3;1;2.714;
1914;-0.214401691;42.08647628;0.1;False;ok;5;1;2.782;
1915;-0.114401691;42.08647628;0.1;False;ok;14;1;4.475;
1916;-0.014401691;42.08647628;0.1;False;ok;68;1;4.721;
1917;0.085598309;42.08647628;0.1;False;ok;1;1;2.832;
1918;0.185598309;42.08647628;0.1;False;ok;5;1;5.078;
1919;0.285598309;42.08647628;0.1;False;ok;10;1;5.028;
1920;0.385598309;42.08647628;0.1;False;ok;9;1;2.971;
1921;0.485598309;42.08647628;0.1;False;ok;4;1;5.214;
1922;0.685598309;42.08647628;0.1;False;ok;1;1;5.132;
1923;0.785598309;42.08647628;0.1;False;ok;5;1;5.324;
1924;0.885598309;42.08647628;0.1;False;ok;43;1;5.367;
1925;0.985598309;42.08647628;0.1;False;ok;10;1;5.328;
1926;1.085598309;42.08647628;0.1;False;ok;2;1;2.857;
1927;1.185598309;42.08647628;0.1;False;ok;3;1;3.375;
1928;1.285598309;42.08647628;0.1;False;ok;5;1;5.145;
1929;1.385598309;42.08647628;0.1;False;ok;5;1;5.183;
1930;1.485598309;42.08647628;0.1;False;ok;17;1;3.424;
1931;1.585598309;42.08647628;0.1;False;ok;28;1;5.371;
1932;1.685598309;42.08647628;0.1;False;ok;0;1;4.230;
1933;1.785598309;42.08647628;0.1;False;ok;36;1;3.470;
1934;1.885598309;42.08647628;0.1;False;ok;3;1;5.058;
1935;1.985598309;42.08647628;0.1;False;ok;12;1;5.231;
1936;2.085598309;42.08647628;0.1;False;ok;10;1;3.407;
1937;2.185598309;42.08647628;0.1;False;ok;15;1;3.301;
1938;2.285598309;42.08647628;0.1;False;ok;5;1;4.885;
1939;2.385598309;42.08647628;0.1;False;ok;59;1;5.176;
1940;2.485598309;42.08647628;0.1;False;ok;55;1;3.206;
1941;2.585598309;42.08647628;0.1;False;ok;15;1;5.281;
1942;2.685598309;42.08647628;0.1;False;ok;67;1;5.612;
1943;2.785598309;42.08647628;0.1;False;ok;22;1;3.454;
1944;2.885598309;42.08647628;0.1;False;ok;37;1;5.160;
1945;2.985598309;42.08647628;0.1;False;ok;51;1;5.313;
1946;3.085598309;42.08647628;0.025;False;ok;1;1;5.173;
1947;3.110598309;42.08647628;0.025;False;ok;45;1;5.309;
1948;3.110598309;42.11147628;0.0125;False;ok;10;1;5.306;
1949;3.123098309;42.11147628;0.0125;False;ok;75;1;3.409;
1950;3.110598309;42.12397628;0.0125;False;ok;10;1;3.319;
1951;3.123098309;42.12397628;0.0125;False;ok;74;1;3.457;
1952;3.135598309;42.09897628;0.0125;False;ok;70;1;5.529;
1953;3.148098309;42.09897628;0.0125;False;ok;61;1;5.537;
1954;3.160598309;42.08647628;0.025;False;ok;42;1;3.387;
1955;3.135598309;42.11147628;0.0125;False;ok;74;1;5.551;
1956;3.148098309;42.11147628;0.0125;False;ok;49;1;5.510;
1957;3.135598309;42.12397628;0.0125;False;ok;18;1;3.511;
1958;3.160598309;42.11147628;0.025;False;ok;12;1;5.394;
1959;3.085598309;42.13647628;0.05;False;ok;74;1;3.522;
1960;-2.514401691;42.18647628;0.1;False;ok;7;1;5.061;
1961;-2.314401691;42.18647628;0.1;False;ok;28;1;3.376;
1962;-2.214401691;42.18647628;0.1;False;ok;6;1;5.440;
1963;-2.114401691;42.18647628;0.1;False;ok;11;1;3.267;
1964;-2.014401691;42.18647628;0.1;False;ok;3;1;3.178;
1965;-1.914401691;42.18647628;0.1;False;ok;11;1;3.325;
1966;-1.814401691;42.18647628;0.1;False;ok;11;1;5.917;
1967;-1.714401691;42.18647628;0.1;False;ok;15;1;5.831;
1968;-1.314401691;42.18647628;0.1;False;ok;1;1;5.855;
1969;-1.014401691;42.18647628;0.1;False;ok;4;1;5.931;
1970;-0.814401691;42.18647628;0.1;False;ok;1;1;5.930;
1971;-0.714401691;42.18647628;0.1;False;ok;10;1;6.030;
1972;-0.614401691;42.18647628;0.1;False;ok;4;1;5.859;
1973;-0.514401691;42.18647628;0.1;False;ok;3;1;3.294;
1974;-0.414401691;42.18647628;0.1;False;ok;3;1;5.130;
1975;-0.314401691;42.18647628;0.1;False;ok;6;1;3.350;
1976;-0.214401691;42.18647628;0.1;False;ok;5;1;5.244;
1977;-0.114401691;42.18647628;0.1;False;ok;6;1;3.522;
1978;-0.014401691;42.18647628;0.1;False;ok;2;1;5.328;
1979;0.085598309;42.18647628;0.1;False;ok;7;1;3.613;
1980;0.185598309;42.18647628;0.1;False;ok;4;1;3.548;
1981;0.285598309;42.18647628;0.1;False;ok;15;1;5.457;
1982;0.385598309;42.18647628;0.1;False;ok;2;1;5.466;
1983;0.485598309;42.18647628;0.1;False;ok;3;1;3.616;
1984;0.685598309;42.18647628;0.1;False;ok;9;1;5.164;
1985;0.785598309;42.18647628;0.1;False;ok;1;1;3.355;
1986;0.885598309;42.18647628;0.1;False;ok;27;1;5.354;
1987;0.985598309;42.18647628;0.1;False;ok;10;1;3.433;
1988;1.185598309;42.18647628;0.1;False;ok;2;1;5.105;
1989;1.285598309;42.18647628;0.1;False;ok;8;1;5.509;
1990;1.385598309;42.18647628;0.1;False;ok;1;1;3.493;
1991;1.485598309;42.18647628;0.1;False;ok;8;1;5.648;
1992;1.585598309;42.18647628;0.1;False;ok;3;1;3.522;
1993;1.685598309;42.18647628;0.1;False;ok;13;1;3.524;
1994;1.785598309;42.18647628;0.1;False;ok;42;1;5.654;
1995;1.885598309;42.18647628;0.1;False;ok;20;1;5.525;
1996;1.985598309;42.18647628;0.1;False;ok;13;1;3.412;
1997;2.085598309;42.18647628;0.1;False;ok;22;1;5.647;
1998;2.185598309;42.18647628;0.1;False;ok;43;1;5.577;
1999;2.285598309;42.18647628;0.1;False;ok;52;1;5.711;
2000;2.385598309;42.18647628;0.1;False;ok;26;1;5.590;
2001;2.485598309;42.18647628;0.1;False;ok;39;1;3.343;
2002;2.585598309;42.18647628;0.1;False;ok;29;1;5.208;
2003;2.685598309;42.18647628;0.1;False;ok;59;1;5.058;
2004;2.785598309;42.18647628;0.1;False;ok;37;1;4.853;
2005;2.885598309;42.18647628;0.1;False;ok;74;1;3.495;
2006;2.985598309;42.18647628;0.1;False;ok;73;1;4.646;
2007;3.085598309;42.18647628;0.05;False;ok;6;1;3.210;
2008;3.098098309;42.23647628;0.0125;False;ok;16;1;3.111;
2009;3.098098309;42.24897628;0.0125;False;ok;74;1;3.285;
2010;3.110598309;42.23647628;0.00625;False;ok;0;1;5.000;
2011;3.116848309;42.23647628;0.00625;False;ok;68;1;3.429;
2012;3.110598309;42.24272628;0.00625;False;ok;43;1;4.826;
2013;3.116848309;42.24272628;0.00625;False;ok;69;1;3.483;
2014;3.123098309;42.23647628;0.0015625;False;ok;20;1;4.739;
2015;3.124660809;42.23647628;0.0015625;False;ok;0;1;5.404;
2016;3.123098309;42.23803878;0.0015625;False;ok;74;1;4.830;
2017;3.124660809;42.23803878;0.0015625;False;ok;28;1;3.332;
2018;3.123098309;42.23960128;0.003125;False;ok;74;1;5.000;
2019;3.126223309;42.23960128;0.003125;False;ok;28;1;4.836;
2020;3.123098309;42.24272628;0.003125;False;ok;14;1;4.713;
2021;3.126223309;42.24272628;0.003125;False;ok;74;1;5.044;
2022;3.123098309;42.24585128;0.003125;False;ok;26;1;4.808;
2023;3.126223309;42.24585128;0.003125;False;ok;54;1;3.492;
2024;3.129348309;42.24272628;0.00625;False;ok;62;1;3.578;
2025;3.110598309;42.24897628;0.0125;False;ok;73;1;4.897;
2026;3.123098309;42.24897628;0.0125;False;ok;72;1;3.562;
2027;3.085598309;42.26147628;0.025;False;ok;9;1;4.821;
2028;3.135598309;42.23647628;0.025;False;ok;46;1;5.010;
2029;3.173098309;42.23647628;0.0125;False;ok;27;1;4.858;
2030;3.179348309;42.24897628;0.00625;False;ok;34;1;3.341;
2031;3.173098309;42.25522628;0.00625;False;ok;27;1;3.284;
2032;3.179348309;42.25522628;0.003125;False;ok;26;1;4.988;
2033;3.182473309;42.25522628;0.003125;False;ok;34;1;3.289;
2034;3.179348309;42.25835128;0.003125;False;ok;44;1;4.874;
2035;3.182473309;42.25835128;0.003125;False;ok;24;1;3.351;
2036;3.135598309;42.26147628;0.00625;False;ok;7;1;4.992;
2037;3.141848309;42.26147628;0.00625;False;ok;75;1;3.471;
2038;3.135598309;42.26772628;0.00625;False;ok;69;1;3.379;
2039;3.141848309;42.26772628;0.00625;False;ok;74;1;5.389;
2040;3.148098309;42.26147628;0.003125;False;ok;42;1;3.285;
2041;3.151223309;42.26147628;0.003125;False;ok;73;1;5.809;
2042;3.148098309;42.26460128;0.003125;False;ok;37;1;5.561;
2043;3.151223309;42.26460128;0.003125;False;ok;27;1;5.478;
2044;3.154348309;42.26147628;0.003125;False;ok;75;1;5.727;
2045;3.157473309;42.26147628;0.003125;False;ok;25;1;5.594;
2046;3.154348309;42.26460128;0.003125;False;ok;12;1;5.578;
2047;3.157473309;42.26460128;0.003125;False;ok;28;1;3.274;
2048;3.148098309;42.26772628;0.00625;False;ok;1;1;5.683;
2049;3.154348309;42.26772628;0.00625;False;ok;2;1;5.776;
2050;3.135598309;42.27397628;0.0125;False;ok;4;1;5.679;
2051;3.148098309;42.27397628;0.0125;False;ok;1;1;5.649;
2052;3.160598309;42.26147628;0.003125;False;ok;5;1;3.335;
2053;3.160598309;42.26460128;0.003125;False;ok;69;1;3.798;
2054;3.163723309;42.26460128;0.003125;False;ok;42;1;3.786;
2055;3.166848309;42.26147628;0.00625;False;ok;21;1;4.674;
2056;3.160598309;42.26772628;0.00625;False;ok;8;1;3.712;
2057;3.173098309;42.26147628;0.00625;False;ok;75;1;4.171;
2058;3.179348309;42.26147628;0.00625;False;ok;38;1;4.852;
2059;3.173098309;42.26772628;0.00625;False;ok;0;1;3.960;
2060;3.179348309;42.26772628;0.00625;False;ok;5;1;4.653;
2061;3.160598309;42.27397628;0.0125;False;ok;11;1;3.323;
2062;3.185598309;42.24272628;0.00625;False;ok;74;1;4.914;
2063;3.191848309;42.24272628;0.00625;False;ok;73;1;4.920;
2064;3.198098309;42.23647628;0.0125;False;ok;73;1;5.029;
2065;3.185598309;42.24897628;0.0125;False;ok;73;1;5.049;
2066;3.198098309;42.24897628;0.0125;False;ok;6;1;5.512;
2067;3.210598309;42.23647628;0.025;False;ok;6;1;5.381;
2068;3.185598309;42.26147628;0.025;False;ok;20;1;5.580;
2069;3.235598309;42.23647628;0.05;False;ok;12;1;3.614;
2070;3.285598309;42.18647628;0.1;False;ok;8;1;5.465;
2071;-2.514401691;42.28647628;0.1;False;ok;12;1;3.410;
2072;-2.314401691;42.28647628;0.1;False;ok;2;1;3.483;
2073;-2.214401691;42.28647628;0.1;False;ok;5;1;5.348;
2074;-2.014401691;42.28647628;0.1;False;ok;16;1;5.629;
2075;-1.914401691;42.28647628;0.1;False;ok;3;1;5.703;
2076;-1.814401691;42.28647628;0.1;False;ok;3;1;3.486;
2077;-1.714401691;42.28647628;0.1;False;ok;1;1;5.434;
2078;-1.614401691;42.28647628;0.1;False;ok;5;1;3.440;
2079;-1.514401691;42.28647628;0.1;False;ok;2;1;3.359;
2080;-1.414401691;42.28647628;0.1;False;ok;2;1;5.434;
2081;-1.214401691;42.28647628;0.1;False;ok;3;1;5.230;
2082;-1.114401691;42.28647628;0.1;False;ok;0;1;4.071;
2083;-0.814401691;42.28647628;0.1;False;ok;24;1;5.035;
2084;-0.714401691;42.28647628;0.1;False;ok;6;1;3.440;
2085;-0.614401691;42.28647628;0.1;False;ok;0;1;4.132;
2086;-0.514401691;42.28647628;0.1;False;ok;2;1;4.868;
2087;-0.414401691;42.28647628;0.1;False;ok;0;1;5.957;
2088;-0.314401691;42.28647628;0.1;False;ok;3;1;3.217;
2089;-0.014401691;42.28647628;0.1;False;ok;2;1;5.213;
2090;0.085598309;42.28647628;0.1;False;ok;12;1;2.972;
2091;0.185598309;42.28647628;0.1;False;ok;12;1;5.261;
2092;0.285598309;42.28647628;0.1;False;ok;3;1;5.196;
2093;0.385598309;42.28647628;0.1;False;ok;2;1;2.957;
2094;0.485598309;42.28647628;0.1;False;ok;16;1;5.256;
2095;0.585598309;42.28647628;0.1;False;ok;1;1;5.138;
2096;0.685598309;42.28647628;0.1;False;ok;3;1;5.201;
2097;0.785598309;42.28647628;0.1;False;ok;4;1;5.234;
2098;0.885598309;42.28647628;0.1;False;ok;9;1;5.215;
2099;0.985598309;42.28647628;0.1;False;ok;15;1;5.213;
2100;1.085598309;42.28647628;0.1;False;ok;7;1;3.250;
2101;1.185598309;42.28647628;0.1;False;ok;7;1;5.051;
2102;1.285598309;42.28647628;0.1;False;ok;9;1;3.408;
2103;1.385598309;42.28647628;0.1;False;ok;45;1;3.648;
2104;1.485598309;42.28647628;0.1;False;ok;11;1;4.993;
2105;1.585598309;42.28647628;0.1;False;ok;13;1;3.366;
2106;1.685598309;42.28647628;0.1;False;ok;48;1;3.518;
2107;1.785598309;42.28647628;0.1;False;ok;46;1;3.438;
2108;1.885598309;42.28647628;0.1;False;ok;73;1;5.451;
2109;1.985598309;42.28647628;0.1;False;ok;11;1;5.072;
2110;2.085598309;42.28647628;0.1;False;ok;74;1;5.251;
2111;2.185598309;42.28647628;0.1;False;ok;8;1;5.035;
2112;2.285598309;42.28647628;0.1;False;ok;75;1;5.162;
2113;2.385598309;42.28647628;0.1;False;ok;42;1;5.220;
2114;2.685598309;42.28647628;0.1;False;ok;13;1;3.427;
2115;2.785598309;42.28647628;0.1;False;ok;24;1;5.098;
2116;2.885598309;42.28647628;0.1;False;ok;27;1;5.133;
2117;2.985598309;42.28647628;0.1;False;ok;50;1;3.393;
2118;3.085598309;42.28647628;0.05;False;ok;20;1;5.239;
2119;3.135598309;42.28647628;0.05;False;ok;61;1;3.577;
2120;3.085598309;42.33647628;0.05;False;ok;1;1;3.356;
2121;3.135598309;42.33647628;0.025;False;ok;3;1;5.477;
2122;3.160598309;42.33647628;0.025;False;ok;75;1;3.568;
2123;3.135598309;42.36147628;0.025;False;ok;75;1;6.052;
2124;3.160598309;42.36147628;0.025;False;ok;74;1;3.650;
2125;3.185598309;42.28647628;0.05;False;ok;42;1;5.595;
2126;3.235598309;42.28647628;0.05;False;ok;74;1;5.662;
2127;3.185598309;42.33647628;0.05;False;ok;42;1;5.525;
2128;3.285598309;42.28647628;0.1;False;ok;6;1;3.403;
2129;-2.514401691;42.38647628;0.05;False;ok;4;1;4.944;
2130;-2.464401691;42.38647628;0.05;False;ok;17;1;4.848;
2131;-2.514401691;42.43647628;0.05;False;ok;7;1;3.285;
2132;-2.464401691;42.43647628;0.025;False;ok;50;1;3.586;
2133;-2.439401691;42.43647628;0.025;False;ok;9;1;3.431;
2134;-2.464401691;42.46147628;0.0125;False;ok;47;1;5.653;
2135;-2.451901691;42.46147628;0.00625;False;ok;74;1;3.579;
2136;-2.445651691;42.46147628;0.00625;False;ok;74;1;5.742;
2137;-2.451901691;42.46772628;0.00625;False;ok;13;1;3.414;
2138;-2.445651691;42.46772628;0.00625;False;ok;18;1;5.765;
2139;-2.451901691;42.47397628;0.0125;False;ok;3;1;5.597;
2140;-2.439401691;42.46147628;0.025;False;ok;55;1;5.671;
2141;-2.414401691;42.38647628;0.1;False;ok;7;1;5.256;
2142;-2.314401691;42.38647628;0.1;False;ok;4;1;5.136;
2143;-2.214401691;42.38647628;0.1;False;ok;4;1;4.789;
2144;-2.114401691;42.38647628;0.1;False;ok;2;1;3.274;
2145;-2.014401691;42.38647628;0.1;False;ok;6;1;4.677;
2146;-1.914401691;42.38647628;0.1;False;ok;3;1;4.626;
2147;-1.814401691;42.38647628;0.1;False;ok;0;1;4.105;
2148;-1.714401691;42.38647628;0.1;False;ok;31;1;4.559;
2149;-1.514401691;42.38647628;0.1;False;ok;2;1;4.435;
2150;-1.114401691;42.38647628;0.1;False;ok;2;1;3.184;
2151;-1.014401691;42.38647628;0.1;False;ok;3;1;3.057;
2152;-0.814401691;42.38647628;0.1;False;ok;0;1;3.807;
2153;-0.714401691;42.38647628;0.1;False;ok;0;1;3.732;
2154;-0.314401691;42.38647628;0.1;False;ok;3;1;4.533;
2155;-0.214401691;42.38647628;0.1;False;ok;1;1;4.418;
2156;-0.114401691;42.38647628;0.1;False;ok;7;1;3.085;
2157;-0.014401691;42.38647628;0.1;False;ok;42;1;4.872;
2158;0.085598309;42.38647628;0.1;False;ok;75;1;5.442;
2159;0.185598309;42.38647628;0.1;False;ok;10;1;5.121;
2160;0.285598309;42.38647628;0.1;False;ok;1;1;5.256;
2161;0.385598309;42.38647628;0.1;False;ok;13;1;5.167;
2162;0.485598309;42.38647628;0.1;False;ok;1;1;3.271;
2163;0.585598309;42.38647628;0.1;False;ok;15;1;5.274;
2164;0.685598309;42.38647628;0.1;False;ok;44;1;5.483;
2165;0.885598309;42.38647628;0.1;False;ok;3;1;3.326;
2166;0.985598309;42.38647628;0.1;False;ok;11;1;5.434;
2167;1.085598309;42.38647628;0.1;False;ok;75;1;3.770;
2168;1.185598309;42.38647628;0.1;False;ok;1;1;5.582;
2169;1.285598309;42.38647628;0.1;False;ok;0;1;6.295;
2170;1.385598309;42.38647628;0.1;True;ok;3;1;3.338;
2171;1.485598309;42.38647628;0.1;True;ok;0;1;3.466;
2172;1.585598309;42.38647628;0.1;False;ok;5;1;5.682;
2173;1.685598309;42.38647628;0.1;False;ok;6;1;5.591;
2174;1.785598309;42.38647628;0.1;False;ok;37;1;5.615;
2175;1.885598309;42.38647628;0.05;False;ok;74;1;5.715;
2176;1.935598309;42.38647628;0.05;True;ok;9;1;3.495;
2177;1.885598309;42.43647628;0.05;True;ok;8;1;3.392;
2178;1.935598309;42.43647628;0.05;True;ok;39;1;3.842;
2179;1.985598309;42.38647628;0.1;True;ok;3;1;5.448;
2180;2.085598309;42.38647628;0.1;True;ok;2;1;3.565;
2181;2.685598309;42.38647628;0.1;True;ok;2;1;3.541;
2182;2.785598309;42.38647628;0.1;True;ok;17;1;3.364;
2183;2.885598309;42.38647628;0.1;False;ok;11;1;5.189;
2184;2.985598309;42.38647628;0.1;False;ok;6;1;5.315;
2185;3.135598309;42.38647628;0.05;False;ok;40;1;5.236;
2186;-2.514401691;42.48647628;0.1;False;ok;6;1;5.254;
2187;-2.414401691;42.48647628;0.1;False;ok;17;1;5.306;
2188;-2.314401691;42.48647628;0.1;False;ok;10;1;5.293;
2189;-2.214401691;42.48647628;0.1;False;ok;15;1;3.534;
2190;-2.114401691;42.48647628;0.1;False;ok;0;1;5.814;
2191;-1.914401691;42.48647628;0.1;False;ok;4;1;5.120;
2192;-1.714401691;42.48647628;0.1;False;ok;7;1;3.326;
2193;-1.614401691;42.48647628;0.1;False;ok;4;1;5.125;
2194;-1.514401691;42.48647628;0.1;False;ok;4;1;5.171;
2195;-1.414401691;42.48647628;0.1;False;ok;6;1;5.334;
2196;-1.314401691;42.48647628;0.1;False;ok;10;1;3.565;
2197;-1.214401691;42.48647628;0.1;False;ok;3;1;5.448;
2198;-1.114401691;42.48647628;0.1;False;ok;2;1;3.371;
2199;-1.014401691;42.48647628;0.1;False;ok;1;1;5.317;
2200;-0.814401691;42.48647628;0.1;False;ok;6;1;3.411;
2201;-0.714401691;42.48647628;0.1;False;ok;10;1;3.416;
2202;-0.614401691;42.48647628;0.1;False;ok;74;1;3.626;
2203;-0.514401691;42.48647628;0.1;False;ok;23;1;5.669;
2204;-0.414401691;42.48647628;0.1;False;ok;75;1;3.677;
2205;-0.314401691;42.48647628;0.1;False;ok;1;1;5.583;
2206;-0.214401691;42.48647628;0.1;False;ok;21;1;5.736;
2207;-0.114401691;42.48647628;0.1;False;ok;15;1;5.618;
2208;-0.014401691;42.48647628;0.1;False;ok;5;1;5.679;
2209;0.085598309;42.48647628;0.1;False;ok;40;1;5.744;
2210;0.185598309;42.48647628;0.1;False;ok;11;1;3.639;
2211;0.285598309;42.48647628;0.1;False;ok;8;1;5.663;
2212;0.385598309;42.48647628;0.1;False;ok;42;1;3.702;
2213;0.485598309;42.48647628;0.1;False;ok;22;1;3.788;
2214;0.585598309;42.48647628;0.1;False;ok;2;1;3.682;
2215;0.685598309;42.48647628;0.1;False;ok;5;1;5.513;
2216;0.785598309;42.48647628;0.05;False;ok;38;1;5.813;
2217;0.835598309;42.48647628;0.05;False;ok;75;1;5.843;
2218;0.835598309;42.53647628;0.05;False;ok;2;1;5.562;
2219;0.985598309;42.48647628;0.1;False;ok;3;1;5.757;
2220;1.085598309;42.48647628;0.1;False;ok;37;1;3.826;
2221;1.185598309;42.48647628;0.1;False;ok;30;1;5.406;
2222;1.285598309;42.48647628;0.1;False;ok;6;1;5.399;
2223;1.685598309;42.48647628;0.05;True;ok;0;1;3.444;
2224;-2.514401691;42.58647628;0.1;False;ok;5;1;3.430;
2225;-2.414401691;42.58647628;0.1;False;ok;8;1;3.286;
2226;-2.314401691;42.58647628;0.1;False;ok;6;1;3.307;
2227;-2.214401691;42.58647628;0.1;False;ok;5;1;3.306;
2228;-2.114401691;42.58647628;0.1;False;ok;64;1;5.910;
2229;-2.014401691;42.58647628;0.1;False;ok;10;1;5.609;
2230;-1.914401691;42.58647628;0.1;False;ok;13;1;5.867;
2231;-1.814401691;42.58647628;0.1;False;ok;20;1;5.861;
2232;-1.714401691;42.58647628;0.1;False;ok;8;1;5.748;
2233;-1.614401691;42.58647628;0.1;False;ok;4;1;6.042;
2234;-1.414401691;42.58647628;0.1;False;ok;1;1;5.618;
2235;-1.314401691;42.58647628;0.1;False;ok;6;1;3.800;
2236;-1.214401691;42.58647628;0.1;False;ok;4;1;5.422;
2237;-1.014401691;42.58647628;0.1;False;ok;2;1;3.455;
2238;-0.914401691;42.58647628;0.1;False;ok;3;1;5.536;
2239;-0.814401691;42.58647628;0.1;False;ok;1;1;5.329;
2240;-0.714401691;42.58647628;0.1;False;ok;9;1;5.341;
2241;-0.614401691;42.58647628;0.1;False;ok;73;1;3.794;
2242;-0.414401691;42.58647628;0.1;False;ok;74;1;3.972;
2243;-0.314401691;42.58647628;0.1;False;ok;21;1;5.768;
2244;-0.214401691;42.58647628;0.1;False;ok;47;1;3.978;
2245;-0.114401691;42.58647628;0.1;False;ok;33;1;3.949;
2246;-0.014401691;42.58647628;0.1;False;ok;1;1;5.614;
2247;0.085598309;42.58647628;0.1;False;ok;2;1;5.637;
2248;0.185598309;42.58647628;0.1;False;ok;33;1;3.597;
2249;0.285598309;42.58647628;0.1;False;ok;18;1;3.511;
2250;0.485598309;42.58647628;0.025;False;ok;43;1;5.540;
2251;0.510598309;42.58647628;0.0125;False;ok;2;1;5.374;
2252;0.510598309;42.59897628;0.0125;False;ok;75;1;3.655;
2253;0.523098309;42.59897628;0.0125;False;ok;73;1;6.183;
2254;0.535598309;42.58647628;0.05;False;ok;59;1;5.743;
2255;0.535598309;42.63647628;0.05;False;ok;1;1;5.610;
2256;0.685598309;42.58647628;0.1;False;ok;0;1;4.314;
2257;0.885598309;42.58647628;0.1;False;ok;0;1;6.866;
2258;0.985598309;42.58647628;0.1;False;ok;4;1;3.705;
2259;1.085598309;42.58647628;0.1;False;ok;75;1;3.954;
2260;1.185598309;42.58647628;0.1;False;ok;9;1;5.983;
2261;1.285598309;42.58647628;0.1;False;ok;9;1;5.929;
2262;-2.514401691;42.68647628;0.1;False;ok;4;1;6.011;
2263;-2.414401691;42.68647628;0.1;False;ok;5;1;6.165;
2264;-2.314401691;42.68647628;0.1;False;ok;6;1;5.921;
2265;-2.214401691;42.68647628;0.1;False;ok;12;1;6.084;
2266;-2.114401691;42.68647628;0.1;False;ok;17;1;3.695;
2267;-2.014401691;42.68647628;0.1;False;ok;16;1;3.708;
2268;-1.914401691;42.68647628;0.1;False;ok;2;1;5.879;
2269;-1.814401691;42.68647628;0.1;False;ok;6;1;5.886;
2270;-1.714401691;42.68647628;0.1;False;ok;8;1;3.693;
2271;-1.514401691;42.68647628;0.1;False;ok;3;1;3.561;
2272;-1.414401691;42.68647628;0.1;False;ok;8;1;3.710;
2273;-1.314401691;42.68647628;0.1;False;ok;2;1;3.694;
2274;-1.014401691;42.68647628;0.1;False;ok;1;1;5.255;
2275;-0.914401691;42.68647628;0.1;False;ok;13;1;5.502;
2276;-0.814401691;42.68647628;0.1;False;ok;10;1;5.823;
2277;-0.714401691;42.68647628;0.1;False;ok;2;1;5.806;
2278;-0.614401691;42.68647628;0.1;False;ok;56;1;3.718;
2279;-0.514401691;42.68647628;0.1;False;ok;2;1;3.409;
2280;-0.414401691;42.68647628;0.1;False;ok;75;1;6.323;
2281;-0.314401691;42.68647628;0.1;False;ok;75;1;6.272;
2282;-0.114401691;42.68647628;0.1;False;ok;1;1;5.779;
2283;0.685598309;42.68647628;0.1;False;ok;39;1;5.847;
2284;0.785598309;42.68647628;0.0125;False;ok;2;1;5.673;
2285;0.798098309;42.68647628;0.0125;False;ok;29;1;3.747;
2286;0.785598309;42.69897628;0.0125;False;ok;75;1;6.220;
2287;0.798098309;42.69897628;0.0125;False;ok;34;1;6.031;
2288;0.810598309;42.68647628;0.025;False;ok;10;1;3.665;
2289;0.785598309;42.71147628;0.025;False;ok;12;1;3.675;
2290;0.835598309;42.68647628;0.05;False;ok;56;1;6.175;
2291;0.885598309;42.68647628;0.025;False;ok;75;1;6.017;
2292;0.932473309;42.69272628;0.003125;False;ok;20;1;3.703;
2293;0.929348309;42.69585128;0.003125;False;ok;11;1;5.904;
2294;0.932473309;42.69585128;0.003125;False;ok;75;1;4.000;
2295;0.910598309;42.69897628;0.0125;False;ok;16;1;3.747;
2296;0.923098309;42.69897628;0.0125;False;ok;44;1;5.973;
2297;0.910598309;42.71147628;0.025;False;ok;16;1;5.630;
2298;0.935598309;42.68647628;0.05;False;ok;65;1;3.852;
2299;0.985598309;42.68647628;0.1;False;ok;0;1;4.221;
2300;1.085598309;42.68647628;0.1;True;ok;0;1;6.196;
2301;-2.414401691;42.78647628;0.1;False;ok;2;1;5.472;
2302;-2.314401691;42.78647628;0.1;False;ok;4;1;3.695;
2303;-2.214401691;42.78647628;0.1;False;ok;4;1;3.559;
2304;-2.114401691;42.78647628;0.1;False;ok;1;1;5.266;
2305;-2.014401691;42.78647628;0.1;False;ok;0;1;6.232;
2306;-1.914401691;42.78647628;0.1;False;ok;5;1;5.561;
2307;-1.814401691;42.78647628;0.1;False;ok;9;1;5.586;
2308;-1.714401691;42.78647628;0.05;False;ok;50;1;5.988;
2309;-1.664401691;42.78647628;0.025;False;ok;50;1;5.903;
2310;-1.639401691;42.78647628;0.025;False;ok;23;1;3.585;
2311;-1.664401691;42.81147628;0.025;False;ok;75;1;3.647;
2312;-1.639401691;42.81147628;0.025;False;ok;23;1;5.769;
2313;-1.714401691;42.83647628;0.05;False;ok;5;1;5.142;
2314;-1.664401691;42.83647628;0.05;False;ok;4;1;5.241;
2315;-1.614401691;42.78647628;0.1;False;ok;23;1;5.213;
2316;-1.514401691;42.78647628;0.1;False;ok;2;1;3.384;
2317;-1.414401691;42.78647628;0.1;False;ok;2;1;3.304;
2318;-1.314401691;42.78647628;0.1;False;ok;1;1;3.386;
2319;-1.114401691;42.78647628;0.1;False;ok;5;1;3.404;
2320;-1.014401691;42.78647628;0.1;False;ok;33;1;5.746;
2321;-0.814401691;42.78647628;0.1;False;ok;1;1;5.304;
2322;-0.614401691;42.78647628;0.1;True;ok;15;1;3.581;
2323;-0.514401691;42.78647628;0.1;True;ok;0;1;6.421;
2324;0.685598309;42.78647628;0.1;True;ok;34;1;3.741;
2325;-2.414401691;42.88647628;0.1;False;ok;6;1;5.746;
2326;-2.314401691;42.88647628;0.1;False;ok;3;1;5.577;
2327;-2.214401691;42.88647628;0.1;False;ok;12;1;3.592;
2328;-2.114401691;42.88647628;0.1;False;ok;9;1;5.726;
2329;-2.014401691;42.88647628;0.1;False;ok;2;1;5.865;
2330;-1.914401691;42.88647628;0.1;False;ok;10;1;6.278;
2331;-1.814401691;42.88647628;0.1;False;ok;14;1;3.632;
2332;-1.714401691;42.88647628;0.1;False;ok;13;1;5.857;
2333;-1.614401691;42.88647628;0.1;False;ok;9;1;3.581;
2334;-1.514401691;42.88647628;0.1;False;ok;23;1;3.766;
2335;-1.414401691;42.88647628;0.1;False;ok;14;1;6.073;
2336;-1.314401691;42.88647628;0.1;False;ok;15;1;6.233;
2337;-1.214401691;42.88647628;0.1;False;ok;9;1;6.113;
2338;-1.114401691;42.88647628;0.1;False;ok;22;1;6.151;
2339;-2.514401691;42.98647628;0.1;False;ok;13;1;6.053;
2340;-2.414401691;42.98647628;0.1;False;ok;7;1;3.644;
2341;-2.314401691;42.98647628;0.1;False;ok;11;1;3.626;
2342;-2.214401691;42.98647628;0.1;False;ok;9;1;5.601;
2343;-2.114401691;42.98647628;0.1;False;ok;1;1;5.745;
2344;-2.014401691;42.98647628;0.1;False;ok;12;1;3.581;
2345;-1.914401691;42.98647628;0.1;False;ok;12;1;3.578;
2346;-1.814401691;42.98647628;0.1;False;ok;6;1;3.578;
2347;-1.714401691;42.98647628;0.1;False;ok;8;1;3.573;
2348;-1.614401691;42.98647628;0.1;False;ok;1;1;5.671;
2349;-1.514401691;42.98647628;0.1;True;ok;1;1;5.922;
2350;-1.414401691;42.98647628;0.1;False;ok;6;1;5.864;
2351;-1.314401691;42.98647628;0.1;False;ok;10;1;5.971;
2352;-2.514401691;43.08647628;0.1;False;ok;7;1;3.576;
2353;-2.414401691;43.08647628;0.1;False;ok;4;1;5.884;
2354;-2.314401691;43.08647628;0.1;False;ok;19;1;3.574;
2355;-2.214401691;43.08647628;0.1;False;ok;7;1;5.727;
2356;-2.114401691;43.08647628;0.1;False;ok;12;1;5.974;
2357;-2.014401691;43.08647628;0.1;False;ok;6;1;6.307;
2358;-1.914401691;43.08647628;0.1;False;ok;3;1;3.591;
2359;-1.814401691;43.08647628;0.1;False;ok;4;1;5.957;
2360;-1.714401691;43.08647628;0.1;False;ok;25;1;6.332;
2361;-1.614401691;43.08647628;0.1;False;ok;57;1;6.353;
2362;-1.514401691;43.08647628;0.1;True;ok;16;1;6.125;
2363;-1.314401691;43.08647628;0.1;True;ok;7;1;3.886;
2364;-2.514401691;43.18647628;0.1;False;ok;16;1;3.663;
2365;-2.414401691;43.18647628;0.1;False;ok;17;1;3.682;
2366;-2.314401691;43.18647628;0.1;False;ok;21;1;5.889;
2367;-2.214401691;43.18647628;0.1;False;ok;75;1;6.219;
2368;-2.114401691;43.18647628;0.1;False;ok;33;1;3.731;
2369;-2.014401691;43.18647628;0.1;False;ok;33;1;3.695;
2370;-1.914401691;43.18647628;0.1;False;ok;7;1;3.515;
2371;-1.814401691;43.18647628;0.1;False;ok;8;1;5.777;
2372;-1.714401691;43.18647628;0.1;True;ok;32;1;6.018;
2373;-1.614401691;43.18647628;0.1;True;ok;9;1;5.880;
2374;-1.514401691;43.18647628;0.1;False;ok;10;1;3.543;
2375;2.785598309;43.18647628;0.1;True;ok;0;1;3.774;
2376;-2.514401691;43.28647628;0.1;False;ok;68;1;6.139;
2377;-2.414401691;43.28647628;0.1;False;ok;23;1;3.662;
2378;-2.314401691;43.28647628;0.1;False;ok;38;1;5.970;
2379;-2.214401691;43.28647628;0.1;False;ok;75;1;5.830;
2380;-2.114401691;43.28647628;0.1;False;ok;29;1;5.677;
2381;-2.014401691;43.28647628;0.025;False;ok;31;1;6.023;
2382;-1.989401691;43.28647628;0.025;False;ok;66;1;3.899;
2383;-2.014401691;43.31147628;0.025;False;ok;68;1;6.229;
2384;-1.989401691;43.31147628;0.00625;False;ok;75;1;3.888;
2385;-1.983151691;43.31147628;0.00625;False;ok;75;1;6.293;
2386;-1.989401691;43.31772628;0.00625;False;ok;75;1;6.192;
2387;-1.983151691;43.31772628;0.003125;False;ok;74;1;6.147;
2388;-1.980026691;43.31772628;0.003125;False;ok;17;1;3.622;
2389;-1.983151691;43.32085128;0.003125;False;ok;35;1;5.614;
2390;-1.980026691;43.32085128;0.003125;False;ok;33;1;3.681;
2391;-1.976901691;43.31147628;0.0125;False;ok;75;1;4.196;
2392;-1.989401691;43.32397628;0.0125;False;ok;42;1;5.428;
2393;-1.976901691;43.32397628;0.0125;False;ok;75;1;4.047;
2394;-1.964401691;43.28647628;0.05;False;ok;39;1;5.300;
2395;-1.914401691;43.28647628;0.1;False;ok;42;1;5.674;
2396;-1.814401691;43.28647628;0.05;False;ok;5;1;5.425;
2397;-1.814401691;43.33647628;0.025;False;ok;19;1;3.696;
2398;-1.789401691;43.33647628;0.025;True;ok;5;1;3.756;
2399;-1.814401691;43.36147628;0.025;False;ok;75;1;3.714;
2400;-1.789401691;43.36147628;0.0125;True;ok;3;1;5.563;
2401;-1.764401691;43.33647628;0.05;True;ok;1;1;5.667;
2402;-1.714401691;43.28647628;0.05;False;ok;1;1;5.389;
2403;-1.614401691;43.28647628;0.1;True;ok;1;1;5.602;
2404;-1.514401691;43.38647628;0.1;True;ok;1;1;3.719;
2405;1.385598309;43.38647628;0.1;True;ok;1;1;5.558;
2406;-7.168057005;38.21713759;0.1;False;ok;1;1;3.458;
2407;-6.768057005;38.21713759;0.1;False;ok;4;1;5.768;
2408;-6.368057005;38.21713759;0.1;False;ok;2;1;3.539;
2409;-6.068057005;38.21713759;0.1;False;ok;5;1;6.325;
2410;-5.968057005;38.21713759;0.1;False;ok;0;1;6.834;
2411;-5.868057005;38.21713759;0.1;False;ok;2;1;6.022;
2412;-5.768057005;38.21713759;0.1;False;ok;0;1;6.768;
2413;-5.668057005;38.21713759;0.1;False;ok;4;1;3.600;
2414;-5.568057005;38.21713759;0.1;False;ok;1;1;5.544;
2415;-5.468057005;38.21713759;0.1;False;ok;6;1;3.668;
2416;-5.368057005;38.21713759;0.1;False;ok;4;1;3.586;
2417;-3.668057005;38.21713759;0.1;False;ok;4;1;5.173;
2418;-3.468057005;38.21713759;0.1;False;ok;2;1;5.400;
2419;-3.268057005;38.21713759;0.1;False;ok;3;1;3.631;
2420;-2.968057005;38.21713759;0.1;False;ok;6;1;5.232;
2421;-2.868057005;38.21713759;0.1;False;ok;5;1;3.433;
2422;-2.768057005;38.21713759;0.1;False;ok;37;1;3.524;
2423;-2.668057005;38.21713759;0.1;False;ok;26;1;5.580;
2424;-2.568057005;38.21713759;0.1;False;ok;1;1;5.122;
2425;-2.468057005;38.21713759;0.1;False;ok;3;1;4.963;
2426;-7.268057005;38.31713759;0.1;False;ok;3;1;5.147;
2427;-7.168057005;38.31713759;0.1;False;ok;2;1;3.324;
2428;-6.868057005;38.31713759;0.1;False;ok;17;1;4.981;
2429;-6.768057005;38.31713759;0.1;False;ok;4;1;3.229;
2430;-6.668057005;38.31713759;0.1;False;ok;0;1;3.899;
2431;-6.468057005;38.31713759;0.1;False;ok;4;1;5.616;
2432;-6.368057005;38.31713759;0.1;False;ok;3;1;5.524;
2433;-6.068057005;38.31713759;0.1;False;ok;2;1;3.437;
2434;-5.968057005;38.31713759;0.1;False;ok;0;1;6.303;
2435;-5.068057005;38.31713759;0.1;False;ok;12;1;3.694;
2436;-4.968057005;38.31713759;0.1;False;ok;4;1;5.567;
2437;-4.868057005;38.31713759;0.1;False;ok;10;1;5.444;
2438;-4.668057005;38.31713759;0.1;False;ok;6;1;3.415;
2439;-4.368057005;38.31713759;0.1;False;ok;7;1;5.447;
2440;-3.568057005;38.31713759;0.1;False;ok;11;1;5.463;
2441;-3.468057005;38.31713759;0.1;False;ok;2;1;3.372;
2442;-3.368057005;38.31713759;0.1;False;ok;1;1;5.063;
2443;-2.868057005;38.31713759;0.1;False;ok;6;1;5.278;
2444;-2.768057005;38.31713759;0.1;False;ok;8;1;3.420;
2445;-2.668057005;38.31713759;0.1;False;ok;27;1;5.060;
2446;-2.568057005;38.31713759;0.1;False;ok;6;1;5.083;
2447;-2.468057005;38.31713759;0.1;False;ok;16;1;5.299;
2448;-2.368057005;38.31713759;0.1;False;ok;19;1;3.333;
2449;-7.368057005;38.41713759;0.1;True;ok;1;1;5.240;
2450;-6.468057005;38.41713759;0.1;False;ok;30;1;3.368;
2451;-6.368057005;38.41713759;0.1;False;ok;0;1;5.750;
2452;-6.268057005;38.41713759;0.1;False;ok;2;1;3.289;
2453;-5.168057005;38.41713759;0.1;False;ok;5;1;3.327;
2454;-4.768057005;38.41713759;0.1;False;ok;1;1;5.355;
2455;-4.368057005;38.41713759;0.1;False;ok;1;1;3.218;
2456;-3.568057005;38.41713759;0.1;False;ok;1;1;3.201;
2457;-2.768057005;38.41713759;0.1;False;ok;0;1;6.299;
2458;-2.668057005;38.41713759;0.1;False;ok;2;1;5.431;
2459;-2.568057005;38.41713759;0.1;False;ok;10;1;5.524;
2460;-2.468057005;38.41713759;0.1;False;ok;75;1;3.703;
2461;-2.368057005;38.41713759;0.1;False;ok;6;1;5.400;
2462;-7.068057005;38.51713759;0.1;False;ok;0;1;6.243;
2463;-6.868057005;38.51713759;0.1;False;ok;4;1;5.455;
2464;-6.668057005;38.51713759;0.1;False;ok;3;1;5.221;
2465;-6.568057005;38.51713759;0.1;False;ok;1;1;3.627;
2466;-6.368057005;38.51713759;0.1;False;ok;10;1;5.096;
2467;-6.268057005;38.51713759;0.1;False;ok;3;1;3.628;
2468;-6.068057005;38.51713759;0.1;False;ok;3;1;3.639;
2469;-4.568057005;38.51713759;0.1;False;ok;0;1;5.513;
2470;-4.168057005;38.51713759;0.1;False;ok;1;1;4.741;
2471;-3.468057005;38.51713759;0.1;False;ok;3;1;4.665;
2472;-3.368057005;38.51713759;0.1;False;ok;0;1;3.953;
2473;-3.068057005;38.51713759;0.1;False;ok;2;1;4.691;
2474;-2.868057005;38.51713759;0.1;False;ok;0;1;4.041;
2475;-2.668057005;38.51713759;0.1;False;ok;1;1;4.120;
2476;-2.568057005;38.51713759;0.1;False;ok;4;1;3.068;
2477;-2.468057005;38.51713759;0.1;False;ok;1;1;3.302;
2478;-2.368057005;38.51713759;0.1;False;ok;2;1;3.035;
2479;-7.168057005;38.61713759;0.1;False;ok;22;1;2.893;
2480;-7.068057005;38.61713759;0.1;False;ok;3;1;2.712;
2481;-6.568057005;38.61713759;0.1;False;ok;1;1;3.452;
2482;-6.468057005;38.61713759;0.1;False;ok;12;1;3.715;
2483;-6.168057005;38.61713759;0.1;False;ok;1;1;3.771;
2484;-5.668057005;38.61713759;0.1;False;ok;4;1;3.476;
2485;-5.268057005;38.61713759;0.1;False;ok;3;1;3.682;
2486;-4.368057005;38.61713759;0.1;False;ok;2;1;3.548;
2487;-4.268057005;38.61713759;0.1;False;ok;3;1;3.626;
2488;-4.168057005;38.61713759;0.1;False;ok;15;1;2.671;
2489;-3.868057005;38.61713759;0.1;False;ok;4;1;3.428;
2490;-3.568057005;38.61713759;0.1;False;ok;2;1;2.516;
2491;-3.468057005;38.61713759;0.1;False;ok;5;1;3.539;
2492;-3.368057005;38.61713759;0.1;False;ok;3;1;3.710;
2493;-3.168057005;38.61713759;0.1;False;ok;1;1;3.467;
2494;-3.068057005;38.61713759;0.1;False;ok;0;1;3.452;
2495;-2.868057005;38.61713759;0.1;False;ok;4;1;3.510;
2496;-2.768057005;38.61713759;0.1;False;ok;2;1;2.576;
2497;-2.668057005;38.61713759;0.1;False;ok;1;1;3.194;
2498;-2.568057005;38.61713759;0.1;False;ok;15;1;3.352;
2499;-2.468057005;38.61713759;0.1;False;ok;0;1;3.204;
2500;-2.368057005;38.61713759;0.1;False;ok;2;1;2.335;
2501;-6.968057005;38.71713759;0.1;False;ok;2;1;2.870;
2502;-6.468057005;38.71713759;0.1;False;ok;2;1;2.261;
2503;-6.268057005;38.71713759;0.1;False;ok;7;1;2.178;
2504;-5.668057005;38.71713759;0.1;False;ok;0;1;3.947;
2505;-4.968057005;38.71713759;0.1;False;ok;2;1;3.765;
2506;-4.868057005;38.71713759;0.1;False;ok;5;1;3.671;
2507;-4.168057005;38.71713759;0.1;False;ok;4;1;3.671;
2508;-3.768057005;38.71713759;0.1;False;ok;2;1;3.763;
2509;-3.468057005;38.71713759;0.1;False;ok;18;1;4.187;
2510;-3.368057005;38.71713759;0.1;False;ok;2;1;4.029;
2511;-3.068057005;38.71713759;0.1;False;ok;24;1;2.835;
2512;-2.968057005;38.71713759;0.1;False;ok;4;1;4.237;
2513;-2.768057005;38.71713759;0.1;False;ok;1;1;2.666;
2514;-2.668057005;38.71713759;0.1;False;ok;1;1;4.296;
2515;-2.468057005;38.71713759;0.1;False;ok;2;1;3.063;
2516;-7.068057005;38.81713759;0.1;False;ok;44;1;4.822;
2517;-6.968057005;38.81713759;0.1;False;ok;11;1;4.870;
2518;-6.768057005;38.81713759;0.1;False;ok;3;1;4.653;
2519;-6.668057005;38.81713759;0.1;False;ok;7;1;4.933;
2520;-6.568057005;38.81713759;0.1;False;ok;0;1;3.805;
2521;-6.468057005;38.81713759;0.1;False;ok;7;1;3.038;
2522;-6.368057005;38.81713759;0.1;False;ok;75;1;3.235;
2523;-6.268057005;38.81713759;0.1;False;ok;7;1;4.595;
2524;-5.868057005;38.81713759;0.1;False;ok;0;1;3.640;
2525;-5.768057005;38.81713759;0.1;False;ok;1;1;2.893;
2526;-5.468057005;38.81713759;0.1;False;ok;4;1;4.953;
2527;-4.168057005;38.81713759;0.1;False;ok;3;1;4.881;
2528;-3.968057005;38.81713759;0.1;False;ok;1;1;4.793;
2529;-3.768057005;38.81713759;0.1;False;ok;74;1;5.113;
2530;-3.668057005;38.81713759;0.1;False;ok;6;1;4.970;
2531;-3.268057005;38.81713759;0.1;False;ok;6;1;3.087;
2532;-3.168057005;38.81713759;0.1;False;ok;2;1;4.472;
2533;-3.068057005;38.81713759;0.1;False;ok;4;1;4.488;
2534;-6.568057005;38.91713759;0.1;False;ok;3;1;3.024;
2535;-6.468057005;38.91713759;0.1;False;ok;1;1;4.535;
2536;-6.368057005;38.91713759;0.1;False;ok;67;1;3.266;
2537;-6.268057005;38.91713759;0.1;False;ok;5;1;3.305;
2538;-6.068057005;38.91713759;0.1;False;ok;5;1;4.816;
2539;-5.968057005;38.91713759;0.1;False;ok;8;1;4.681;
2540;-5.868057005;38.91713759;0.1;False;ok;13;1;4.825;
2541;-5.568057005;38.91713759;0.1;False;ok;7;1;4.445;
2542;-5.268057005;38.91713759;0.1;False;ok;4;1;2.924;
2543;-5.068057005;38.91713759;0.1;False;ok;2;1;4.485;
2544;-4.668057005;38.91713759;0.1;False;ok;0;1;5.090;
2545;-3.968057005;38.91713759;0.1;False;ok;32;1;3.188;
2546;-3.468057005;38.91713759;0.1;False;ok;18;1;3.101;
2547;-3.368057005;38.91713759;0.1;False;ok;4;1;2.952;
2548;-3.268057005;38.91713759;0.1;False;ok;6;1;3.153;
2549;-2.968057005;38.91713759;0.1;False;ok;66;1;5.621;
2550;-2.868057005;38.91713759;0.1;False;ok;41;1;5.507;
2551;-2.768057005;38.91713759;0.1;False;ok;14;1;5.573;
2552;-2.568057005;38.91713759;0.1;False;ok;2;1;2.991;
2553;-2.468057005;38.91713759;0.1;False;ok;0;1;6.138;
2554;-6.768057005;39.01713759;0.1;False;ok;1;1;5.286;
2555;-6.668057005;39.01713759;0.1;False;ok;1;1;5.392;
2556;-6.568057005;39.01713759;0.1;False;ok;1;1;5.378;
2557;-6.368057005;39.01713759;0.1;False;ok;6;1;3.304;
2558;-5.968057005;39.01713759;0.1;False;ok;3;1;4.908;
2559;-5.768057005;39.01713759;0.1;False;ok;1;1;4.707;
2560;-5.568057005;39.01713759;0.1;False;ok;2;1;3.632;
2561;-5.468057005;39.01713759;0.1;False;ok;0;1;4.280;
2562;-5.368057005;39.01713759;0.1;False;ok;3;1;4.469;
2563;-5.268057005;39.01713759;0.1;False;ok;0;1;5.115;
2564;-4.668057005;39.01713759;0.1;False;ok;3;1;3.396;
2565;-4.268057005;39.01713759;0.1;False;ok;3;1;4.232;
2566;-4.068057005;39.01713759;0.1;False;ok;5;1;4.279;
2567;-3.968057005;39.01713759;0.1;False;ok;2;1;3.300;
2568;-3.768057005;39.01713759;0.1;False;ok;1;1;3.096;
2569;-3.668057005;39.01713759;0.1;False;ok;18;1;3.930;
2570;-3.468057005;39.01713759;0.1;False;ok;1;1;2.900;
2571;-3.068057005;39.01713759;0.1;False;ok;1;1;3.183;
2572;-2.568057005;39.01713759;0.1;False;ok;4;1;5.035;
2573;-7.268057005;39.11713759;0.1;True;ok;6;1;5.299;
2574;-7.068057005;39.11713759;0.1;False;ok;1;1;3.413;
2575;-6.468057005;39.11713759;0.1;False;ok;3;1;5.313;
2576;-6.368057005;39.11713759;0.1;False;ok;1;1;5.311;
2577;-6.268057005;39.11713759;0.1;False;ok;9;1;5.718;
2578;-6.168057005;39.11713759;0.1;False;ok;1;1;5.404;
2579;-6.068057005;39.11713759;0.1;False;ok;6;1;5.612;
2580;-5.968057005;39.11713759;0.1;False;ok;4;1;3.844;
2581;-5.668057005;39.11713759;0.1;False;ok;2;1;3.677;
2582;-5.168057005;39.11713759;0.1;False;ok;0;1;4.298;
2583;-5.068057005;39.11713759;0.1;False;ok;12;1;5.734;
2584;-4.968057005;39.11713759;0.1;False;ok;1;1;5.744;
2585;-4.368057005;39.11713759;0.1;False;ok;4;1;5.795;
2586;-4.168057005;39.11713759;0.1;False;ok;0;1;6.253;
2587;-4.068057005;39.11713759;0.1;False;ok;3;1;5.732;
2588;-3.968057005;39.11713759;0.1;False;ok;2;1;3.492;
2589;-3.868057005;39.11713759;0.1;False;ok;0;1;6.003;
2590;-3.768057005;39.11713759;0.1;False;ok;0;1;6.021;
2591;-3.568057005;39.11713759;0.1;False;ok;0;1;4.329;
2592;-3.368057005;39.11713759;0.1;False;ok;1;1;3.629;
2593;-3.168057005;39.11713759;0.1;False;ok;20;1;3.525;
2594;-3.068057005;39.11713759;0.1;False;ok;32;1;3.619;
2595;-7.268057005;39.21713759;0.1;False;ok;9;1;3.647;
2596;-7.068057005;39.21713759;0.1;False;ok;6;1;3.588;
2597;-6.968057005;39.21713759;0.1;False;ok;0;1;6.272;
2598;-6.368057005;39.21713759;0.1;False;ok;2;1;5.966;
2599;-6.268057005;39.21713759;0.1;False;ok;1;1;5.903;
2600;-6.168057005;39.21713759;0.1;False;ok;26;1;6.051;
2601;-5.868057005;39.21713759;0.1;False;ok;2;1;5.777;
2602;-5.768057005;39.21713759;0.1;False;ok;1;1;5.673;
2603;-5.268057005;39.21713759;0.1;False;ok;2;1;5.603;
2604;-5.168057005;39.21713759;0.1;False;ok;2;1;5.429;
2605;-4.568057005;39.21713759;0.1;False;ok;2;1;5.423;
2606;-4.368057005;39.21713759;0.1;False;ok;5;1;5.481;
2607;-4.068057005;39.21713759;0.1;False;ok;1;1;5.560;
2608;-3.968057005;39.21713759;0.1;False;ok;1;1;3.654;
2609;-3.868057005;39.21713759;0.1;False;ok;2;1;5.295;
2610;-3.668057005;39.21713759;0.1;False;ok;4;1;3.595;
2611;-3.468057005;39.21713759;0.1;False;ok;4;1;5.383;
2612;-3.368057005;39.21713759;0.1;False;ok;0;1;6.243;
2613;-3.168057005;39.21713759;0.1;False;ok;2;1;3.645;
2614;-2.868057005;39.21713759;0.1;False;ok;5;1;3.699;
2615;-2.668057005;39.21713759;0.1;False;ok;8;1;3.602;
2616;-2.568057005;39.21713759;0.1;False;ok;3;1;3.636;
2617;-2.468057005;39.21713759;0.1;False;ok;3;1;3.635;
2618;-2.368057005;39.21713759;0.1;False;ok;2;1;3.457;
2619;-7.368057005;39.31713759;0.1;True;ok;9;1;6.311;
2620;-7.268057005;39.31713759;0.1;False;ok;9;1;6.068;
2621;-7.168057005;39.31713759;0.1;False;ok;6;1;6.238;
2622;-6.368057005;39.31713759;0.1;False;ok;4;1;6.291;
2623;-6.268057005;39.31713759;0.1;False;ok;9;1;3.681;
2624;-6.168057005;39.31713759;0.1;False;ok;1;1;6.234;
2625;-6.068057005;39.31713759;0.1;False;ok;5;1;6.227;
2626;-5.868057005;39.31713759;0.1;False;ok;9;1;6.143;
2627;-5.768057005;39.31713759;0.1;False;ok;1;1;3.664;
2628;-5.568057005;39.31713759;0.1;False;ok;3;1;6.428;
2629;-5.468057005;39.31713759;0.1;False;ok;10;1;6.468;
2630;-5.368057005;39.31713759;0.1;False;ok;2;1;3.713;
2631;-5.068057005;39.31713759;0.1;False;ok;1;1;6.258;
2632;-3.968057005;39.31713759;0.1;False;ok;0;1;4.432;
2633;-3.768057005;39.31713759;0.1;False;ok;5;1;6.155;
2634;-3.568057005;39.31713759;0.1;False;ok;7;1;6.022;
2635;-3.368057005;39.31713759;0.1;False;ok;19;1;5.569;
2636;-3.268057005;39.31713759;0.1;False;ok;15;1;4.654;
2637;-3.168057005;39.31713759;0.1;False;ok;15;1;3.775;
2638;-3.068057005;39.31713759;0.1;False;ok;1;1;3.737;
2639;-2.968057005;39.31713759;0.1;False;ok;2;1;3.533;
2640;-2.768057005;39.31713759;0.1;False;ok;2;1;3.296;
2641;-2.668057005;39.31713759;0.1;False;ok;2;1;2.867;
2642;-2.568057005;39.31713759;0.1;False;ok;1;1;2.224;
2643;-2.468057005;39.31713759;0.1;False;ok;9;1;1.527;
2644;-2.368057005;39.31713759;0.1;False;ok;7;1;1.425;
2645;-6.768057005;39.41713759;0.1;False;ok;2;1;1.544;
2646;-6.668057005;39.41713759;0.1;False;ok;4;1;1.464;
2647;-6.568057005;39.41713759;0.1;False;ok;10;1;1.460;
2648;-6.468057005;39.41713759;0.05;False;ok;1;1;1.365;
2649;-6.418057005;39.41713759;0.05;False;ok;4;1;1.513;
2650;-6.418057005;39.46713759;0.025;False;ok;2;1;1.180;
2651;-6.393057005;39.46713759;0.0125;False;ok;7;1;1.253;
2652;-6.380557005;39.46713759;0.00625;False;ok;13;1;1.339;
2653;-6.374307005;39.46713759;0.00625;False;ok;50;1;1.414;
2654;-6.380557005;39.47338759;0.00625;False;ok;19;1;1.387;
2655;-6.374307005;39.47338759;0.00625;False;ok;75;1;1.641;
2656;-6.380557005;39.47963759;0.0125;False;ok;2;1;1.378;
2657;-6.368057005;39.41713759;0.1;False;ok;12;1;1.384;
2658;-6.168057005;39.41713759;0.1;False;ok;3;1;1.412;
2659;-6.068057005;39.41713759;0.1;False;ok;1;1;1.444;
2660;-5.968057005;39.41713759;0.1;False;ok;63;1;1.828;
2661;-5.868057005;39.41713759;0.1;False;ok;1;1;1.374;
2662;-5.768057005;39.41713759;0.1;False;ok;1;1;1.397;
2663;-5.468057005;39.41713759;0.1;False;ok;2;1;1.386;
2664;-5.368057005;39.41713759;0.1;False;ok;21;1;1.448;
2665;-5.268057005;39.41713759;0.1;False;ok;4;1;1.533;
2666;-4.568057005;39.41713759;0.1;False;ok;7;1;1.626;
2667;-4.468057005;39.41713759;0.1;False;ok;5;1;1.571;
2668;-3.968057005;39.41713759;0.1;False;ok;1;1;1.509;
2669;-3.768057005;39.41713759;0.1;False;ok;1;1;1.476;
2670;-3.668057005;39.41713759;0.1;False;ok;26;1;1.544;
2671;-3.568057005;39.41713759;0.1;False;ok;10;1;1.490;
2672;-3.468057005;39.41713759;0.1;False;ok;5;1;1.202;
2673;-3.368057005;39.41713759;0.1;False;ok;5;1;1.168;
2674;-3.068057005;39.41713759;0.1;False;ok;7;1;1.130;
2675;-2.968057005;39.41713759;0.1;False;ok;18;1;1.377;
2676;-2.768057005;39.41713759;0.1;False;ok;2;1;1.389;
2677;-2.368057005;39.41713759;0.1;False;ok;2;1;1.149;
2678;-7.268057005;39.51713759;0.1;False;ok;0;1;2.106;
2679;-7.068057005;39.51713759;0.1;False;ok;2;1;1.242;
2680;-6.768057005;39.51713759;0.1;False;ok;2;1;1.291;
2681;-6.568057005;39.51713759;0.1;False;ok;1;1;1.397;
2682;-6.468057005;39.51713759;0.1;False;ok;7;1;1.926;
2683;-5.968057005;39.51713759;0.1;False;ok;4;1;2.462;
2684;-5.568057005;39.51713759;0.1;False;ok;4;1;3.854;
2685;-5.368057005;39.51713759;0.1;False;ok;1;1;4.859;
2686;-5.168057005;39.51713759;0.1;False;ok;2;1;4.731;
2687;-4.768057005;39.51713759;0.1;False;ok;1;1;5.636;
2688;-4.568057005;39.51713759;0.1;False;ok;3;1;5.871;
2689;-4.368057005;39.51713759;0.1;False;ok;11;1;5.657;
2690;-4.268057005;39.51713759;0.1;False;ok;6;1;3.165;
2691;-4.068057005;39.51713759;0.1;False;ok;0;1;4.078;
2692;-3.968057005;39.51713759;0.1;False;ok;7;1;6.185;
2693;-3.568057005;39.51713759;0.1;False;ok;1;1;6.162;
2694;-3.368057005;39.51713759;0.1;False;ok;4;1;6.271;
2695;-3.168057005;39.51713759;0.1;False;ok;4;1;3.394;
2696;-3.068057005;39.51713759;0.1;False;ok;4;1;6.302;
2697;-2.868057005;39.51713759;0.1;False;ok;1;1;3.469;
2698;-2.768057005;39.51713759;0.1;False;ok;23;1;6.347;
2699;-2.668057005;39.51713759;0.1;False;ok;1;1;6.276;
2700;-2.468057005;39.51713759;0.1;False;ok;1;1;3.581;
2701;-2.368057005;39.51713759;0.1;False;ok;1;1;3.440;
2702;-7.368057005;39.61713759;0.1;False;ok;0;1;6.851;
2703;-6.968057005;39.61713759;0.1;False;ok;3;1;5.966;
2704;-6.868057005;39.61713759;0.1;False;ok;3;1;3.370;
2705;-6.668057005;39.61713759;0.1;False;ok;1;1;6.029;
2706;-6.568057005;39.61713759;0.1;False;ok;3;1;3.492;
2707;-6.368057005;39.61713759;0.1;False;ok;4;1;3.494;
2708;-5.868057005;39.61713759;0.1;False;ok;1;1;3.437;
2709;-5.568057005;39.61713759;0.1;False;ok;1;1;3.563;
2710;-5.468057005;39.61713759;0.1;False;ok;2;1;5.885;
2711;-5.268057005;39.61713759;0.1;False;ok;4;1;6.174;
2712;-5.168057005;39.61713759;0.1;False;ok;1;1;3.521;
2713;-4.868057005;39.61713759;0.1;False;ok;0;1;6.460;
2714;-4.668057005;39.61713759;0.1;False;ok;14;1;5.645;
2715;-4.568057005;39.61713759;0.1;False;ok;9;1;5.726;
2716;-4.368057005;39.61713759;0.1;False;ok;15;1;5.822;
2717;-4.268057005;39.61713759;0.1;False;ok;12;1;5.864;
2718;-4.168057005;39.61713759;0.1;False;ok;7;1;5.552;
2719;-4.068057005;39.61713759;0.1;False;ok;12;1;3.607;
2720;-3.968057005;39.61713759;0.1;False;ok;14;1;5.743;
2721;-3.868057005;39.61713759;0.1;False;ok;7;1;5.599;
2722;-3.768057005;39.61713759;0.1;False;ok;1;1;5.413;
2723;-3.568057005;39.61713759;0.1;False;ok;3;1;3.598;
2724;-3.368057005;39.61713759;0.1;False;ok;4;1;3.589;
2725;-3.268057005;39.61713759;0.1;False;ok;1;1;3.493;
2726;-2.768057005;39.61713759;0.1;False;ok;2;1;3.292;
2727;-2.468057005;39.61713759;0.1;False;ok;2;1;5.208;
2728;-2.368057005;39.61713759;0.1;False;ok;1;1;5.086;
2729;-6.968057005;39.71713759;0.1;False;ok;3;1;3.222;
2730;-6.868057005;39.71713759;0.1;False;ok;1;1;4.942;
2731;-6.668057005;39.71713759;0.1;False;ok;1;1;2.990;
2732;-6.468057005;39.71713759;0.1;False;ok;3;1;4.970;
2733;-6.068057005;39.71713759;0.1;False;ok;24;1;5.479;
2734;-5.368057005;39.71713759;0.1;False;ok;1;1;3.236;
2735;-5.268057005;39.71713759;0.1;False;ok;3;1;3.332;
2736;-4.168057005;39.71713759;0.1;False;ok;29;1;3.293;
2737;-4.068057005;39.71713759;0.1;False;ok;42;1;5.766;
2738;-3.968057005;39.71713759;0.1;False;ok;5;1;3.280;
2739;-3.868057005;39.71713759;0.1;False;ok;8;1;5.747;
2740;-3.568057005;39.71713759;0.1;False;ok;10;1;3.320;
2741;-3.368057005;39.71713759;0.1;False;ok;4;1;6.415;
2742;-3.268057005;39.71713759;0.1;False;ok;1;1;6.139;
2743;-3.168057005;39.71713759;0.1;False;ok;1;1;6.221;
2744;-2.868057005;39.71713759;0.1;False;ok;0;1;7.122;
2745;-2.568057005;39.71713759;0.1;False;ok;1;1;6.410;
2746;-2.468057005;39.71713759;0.1;False;ok;1;1;6.249;
2747;-6.868057005;39.81713759;0.1;False;ok;3;1;6.264;
2748;-6.768057005;39.81713759;0.1;False;ok;0;1;4.408;
2749;-6.468057005;39.81713759;0.1;False;ok;6;1;5.721;
2750;-6.368057005;39.81713759;0.1;False;ok;2;1;5.500;
2751;-6.168057005;39.81713759;0.1;False;ok;4;1;3.778;
2752;-6.068057005;39.81713759;0.1;False;ok;3;1;3.819;
2753;-5.968057005;39.81713759;0.1;False;ok;1;1;3.799;
2754;-5.868057005;39.81713759;0.1;False;ok;1;1;4.794;
2755;-5.768057005;39.81713759;0.1;False;ok;2;1;3.836;
2756;-5.668057005;39.81713759;0.1;False;ok;3;1;3.889;
2757;-5.468057005;39.81713759;0.1;False;ok;1;1;4.632;
2758;-5.268057005;39.81713759;0.1;False;ok;6;1;4.509;
2759;-5.168057005;39.81713759;0.1;False;ok;1;1;4.590;
2760;-5.068057005;39.81713759;0.1;False;ok;1;1;4.684;
2761;-4.968057005;39.81713759;0.1;False;ok;3;1;3.222;
2762;-4.768057005;39.81713759;0.1;False;ok;6;1;3.257;
2763;-4.568057005;39.81713759;0.1;False;ok;1;1;6.334;
2764;-4.368057005;39.81713759;0.1;False;ok;11;1;3.725;
2765;-4.268057005;39.81713759;0.1;False;ok;6;1;3.802;
2766;-4.043057005;39.81713759;0.025;False;ok;2;1;6.486;
2767;-4.068057005;39.84213759;0.025;False;ok;3;1;3.629;
2768;-4.043057005;39.84213759;0.0125;False;ok;11;1;6.333;
2769;-4.030557005;39.84213759;0.0125;False;ok;49;1;6.577;
2770;-4.043057005;39.85463759;0.0125;False;ok;32;1;6.304;
2771;-4.030557005;39.85463759;0.00625;False;ok;75;1;4.125;
2772;-4.024307005;39.85463759;0.003125;False;ok;75;1;6.629;
2773;-4.021182005;39.85463759;0.003125;False;ok;22;1;6.385;
2774;-4.024307005;39.85776259;0.003125;False;ok;75;1;6.648;
2775;-4.021182005;39.85776259;0.003125;False;ok;23;1;6.484;
2776;-4.030557005;39.86088759;0.00625;False;ok;23;1;6.347;
2777;-4.024307005;39.86088759;0.00625;False;ok;41;1;6.090;
2778;-4.018057005;39.81713759;0.05;False;ok;14;1;3.787;
2779;-4.068057005;39.86713759;0.05;False;ok;30;1;5.651;
2780;-4.018057005;39.86713759;0.05;False;ok;5;1;3.743;
2781;-3.968057005;39.81713759;0.1;False;ok;13;1;5.081;
2782;-3.668057005;39.81713759;0.1;False;ok;2;1;3.748;
2783;-3.568057005;39.81713759;0.1;False;ok;4;1;5.006;
2784;-3.168057005;39.81713759;0.1;False;ok;0;1;4.565;
2785;-3.068057005;39.81713759;0.1;False;ok;3;1;3.725;
2786;-2.668057005;39.81713759;0.1;False;ok;1;1;3.369;
2787;-2.568057005;39.81713759;0.1;False;ok;1;1;4.724;
2788;-6.668057005;39.91713759;0.1;False;ok;0;1;3.605;
2789;-6.568057005;39.91713759;0.1;False;ok;8;1;5.193;
2790;-6.368057005;39.91713759;0.1;False;ok;7;1;4.996;
2791;-6.168057005;39.91713759;0.1;False;ok;7;1;3.035;
2792;-6.068057005;39.91713759;0.1;False;ok;11;1;5.159;
2793;-5.968057005;39.91713759;0.1;False;ok;2;1;5.240;
2794;-5.768057005;39.91713759;0.1;False;ok;3;1;5.328;
2795;-5.668057005;39.91713759;0.1;False;ok;11;1;5.337;
2796;-5.468057005;39.91713759;0.1;False;ok;1;1;5.465;
2797;-5.268057005;39.91713759;0.1;False;ok;12;1;3.149;
2798;-5.168057005;39.91713759;0.1;False;ok;2;1;5.587;
2799;-4.968057005;39.91713759;0.1;False;ok;8;1;3.287;
2800;-4.868057005;39.91713759;0.1;False;ok;44;1;6.103;
2801;-4.768057005;39.91713759;0.1;False;ok;12;1;5.852;
2802;-4.668057005;39.91713759;0.1;False;ok;1;1;3.484;
2803;-4.568057005;39.91713759;0.1;False;ok;0;1;6.893;
2804;-4.468057005;39.91713759;0.1;False;ok;3;1;3.503;
2805;-4.368057005;39.91713759;0.1;False;ok;7;1;5.892;
2806;-4.168057005;39.91713759;0.1;False;ok;4;1;5.765;
2807;-4.068057005;39.91713759;0.1;False;ok;7;1;3.502;
2808;-3.968057005;39.91713759;0.1;False;ok;11;1;3.479;
2809;-3.768057005;39.91713759;0.1;False;ok;1;1;3.451;
2810;-3.668057005;39.91713759;0.1;False;ok;0;1;4.201;
2811;-3.568057005;39.91713759;0.1;False;ok;7;1;6.075;
2812;-3.468057005;39.91713759;0.1;False;ok;3;1;3.504;
2813;-3.368057005;39.91713759;0.1;False;ok;1;1;5.924;
2814;-3.268057005;39.91713759;0.1;False;ok;5;1;6.114;
2815;-3.068057005;39.91713759;0.1;False;ok;5;1;3.637;
2816;-2.968057005;39.91713759;0.1;False;ok;2;1;5.820;
2817;-2.868057005;39.91713759;0.1;False;ok;6;1;5.825;
2818;-2.368057005;39.91713759;0.1;False;ok;0;1;6.749;
2819;-6.868057005;40.01713759;0.1;False;ok;0;1;6.727;
2820;-6.668057005;40.01713759;0.1;False;ok;10;1;5.956;
2821;-6.268057005;40.01713759;0.1;False;ok;5;1;6.027;
2822;-6.168057005;40.01713759;0.1;False;ok;70;1;3.830;
2823;-5.968057005;40.01713759;0.1;False;ok;13;1;3.694;
2824;-5.868057005;40.01713759;0.1;False;ok;19;1;5.904;
2825;-5.768057005;40.01713759;0.1;False;ok;50;1;6.104;
2826;-5.668057005;40.01713759;0.1;False;ok;4;1;3.620;
2827;-5.568057005;40.01713759;0.1;False;ok;2;1;6.064;
2828;-5.468057005;40.01713759;0.1;False;ok;2;1;5.917;
2829;-5.268057005;40.01713759;0.1;False;ok;2;1;3.659;
2830;-5.168057005;40.01713759;0.1;False;ok;8;1;3.678;
2831;-5.068057005;40.01713759;0.1;False;ok;3;1;5.825;
2832;-4.968057005;40.01713759;0.1;False;ok;3;1;3.666;
2833;-4.868057005;40.01713759;0.1;False;ok;13;1;3.592;
2834;-4.768057005;40.01713759;0.1;False;ok;13;1;5.856;
2835;-4.668057005;40.01713759;0.1;False;ok;8;1;3.597;
2836;-4.568057005;40.01713759;0.1;False;ok;4;1;6.097;
2837;-4.468057005;40.01713759;0.1;False;ok;5;1;3.617;
2838;-4.368057005;40.01713759;0.1;False;ok;4;1;5.836;
2839;-4.268057005;40.01713759;0.1;False;ok;16;1;5.953;
2840;-4.068057005;40.01713759;0.1;False;ok;2;1;5.847;
2841;-3.968057005;40.01713759;0.1;False;ok;9;1;3.779;
2842;-3.868057005;40.01713759;0.1;False;ok;3;1;3.629;
2843;-3.768057005;40.01713759;0.1;False;ok;3;1;6.114;
2844;-3.668057005;40.01713759;0.1;False;ok;23;1;6.379;
2845;-3.468057005;40.01713759;0.1;False;ok;11;1;3.704;
2846;-2.968057005;40.01713759;0.1;False;ok;2;1;6.166;
2847;-2.768057005;40.01713759;0.1;False;ok;4;1;6.208;
2848;-2.668057005;40.01713759;0.1;False;ok;1;1;5.906;
2849;-2.468057005;40.01713759;0.1;False;ok;1;1;5.896;
2850;-2.368057005;40.01713759;0.1;False;ok;1;1;6.145;
2851;-6.968057005;40.11713759;0.1;False;ok;4;1;6.221;
2852;-6.868057005;40.11713759;0.1;False;ok;35;1;3.698;
2853;-6.768057005;40.11713759;0.1;False;ok;19;1;3.602;
2854;-6.668057005;40.11713759;0.1;False;ok;2;1;5.838;
2855;-6.568057005;40.11713759;0.1;False;ok;3;1;3.521;
2856;-6.168057005;40.11713759;0.1;False;ok;4;1;3.635;
2857;-6.068057005;40.11713759;0.1;False;ok;13;1;3.673;
2858;-5.968057005;40.11713759;0.1;False;ok;33;1;3.876;
2859;-5.868057005;40.11713759;0.1;False;ok;64;1;6.213;
2860;-5.768057005;40.11713759;0.1;False;ok;11;1;6.348;
2861;-5.668057005;40.11713759;0.1;False;ok;62;1;6.210;
2862;-5.568057005;40.11713759;0.1;False;ok;10;1;6.313;
2863;-5.468057005;40.11713759;0.1;False;ok;32;1;6.150;
2864;-5.368057005;40.11713759;0.1;False;ok;36;1;3.887;
2865;-5.268057005;40.11713759;0.1;False;ok;75;1;4.014;
2866;-5.168057005;40.11713759;0.1;False;ok;74;1;3.930;
2867;-4.968057005;40.11713759;0.1;False;ok;13;1;6.010;
2868;-4.868057005;40.11713759;0.1;False;ok;3;1;5.789;
2869;-4.768057005;40.11713759;0.1;False;ok;7;1;6.248;
2870;-4.668057005;40.11713759;0.1;False;ok;2;1;6.124;
2871;-4.468057005;40.11713759;0.1;False;ok;10;1;6.260;
2872;-4.168057005;40.11713759;0.1;False;ok;1;1;6.012;
2873;-4.068057005;40.11713759;0.1;False;ok;3;1;3.636;
2874;-3.968057005;40.11713759;0.1;False;ok;5;1;3.874;
2875;-3.868057005;40.11713759;0.1;False;ok;7;1;6.128;
2876;-3.768057005;40.11713759;0.1;False;ok;13;1;5.982;
2877;-3.668057005;40.11713759;0.1;False;ok;30;1;3.793;
2878;-3.568057005;40.11713759;0.1;False;ok;1;1;5.653;
2879;-3.468057005;40.11713759;0.1;False;ok;37;1;3.815;
2880;-3.368057005;40.11713759;0.1;False;ok;11;1;3.653;
2881;-3.168057005;40.11713759;0.1;False;ok;12;1;3.595;
2882;-3.068057005;40.11713759;0.1;False;ok;3;1;5.745;
2883;-2.768057005;40.11713759;0.1;False;ok;2;1;3.569;
2884;-2.568057005;40.11713759;0.1;False;ok;1;1;5.954;
2885;-6.968057005;40.21713759;0.1;True;ok;3;1;6.071;
2886;-6.868057005;40.21713759;0.1;False;ok;3;1;3.545;
2887;-6.768057005;40.21713759;0.1;False;ok;1;1;6.049;
2888;-6.668057005;40.21713759;0.1;False;ok;25;1;6.188;
2889;-6.568057005;40.21713759;0.1;False;ok;4;1;3.758;
2890;-6.468057005;40.21713759;0.1;False;ok;6;1;6.090;
2891;-6.368057005;40.21713759;0.1;False;ok;9;1;6.078;
2892;-6.268057005;40.21713759;0.1;False;ok;5;1;6.320;
2893;-6.168057005;40.21713759;0.1;False;ok;0;1;7.020;
2894;-6.068057005;40.21713759;0.1;False;ok;11;1;5.993;
2895;-5.968057005;40.21713759;0.1;False;ok;17;1;6.161;
2896;-5.868057005;40.21713759;0.1;False;ok;58;1;3.855;
2897;-5.768057005;40.21713759;0.1;False;ok;21;1;3.709;
2898;-5.668057005;40.21713759;0.1;False;ok;25;1;3.713;
2899;-5.568057005;40.21713759;0.1;False;ok;16;1;6.052;
2900;-5.168057005;40.21713759;0.1;False;ok;36;1;6.147;
2901;-5.068057005;40.21713759;0.1;False;ok;39;1;6.161;
2902;-4.968057005;40.21713759;0.1;False;ok;13;1;3.695;
2903;-4.868057005;40.21713759;0.1;False;ok;24;1;3.874;
2904;-4.768057005;40.21713759;0.1;False;ok;23;1;3.870;
2905;-4.668057005;40.21713759;0.1;False;ok;49;1;5.931;
2906;-4.568057005;40.21713759;0.1;False;ok;4;1;3.551;
2907;-4.468057005;40.21713759;0.1;False;ok;16;1;5.981;
2908;-4.368057005;40.21713759;0.1;False;ok;2;1;3.473;
2909;-4.268057005;40.21713759;0.1;False;ok;11;1;5.891;
2910;-4.068057005;40.21713759;0.1;False;ok;11;1;3.515;
2911;-3.968057005;40.21713759;0.1;False;ok;10;1;6.001;
2912;-3.868057005;40.21713759;0.1;False;ok;30;1;6.053;
2913;-3.768057005;40.21713759;0.1;False;ok;38;1;3.616;
2914;-3.668057005;40.21713759;0.1;False;ok;1;1;6.199;
2915;-3.568057005;40.21713759;0.1;False;ok;3;1;6.050;
2916;-3.468057005;40.21713759;0.1;False;ok;9;1;3.557;
2917;-3.368057005;40.21713759;0.1;False;ok;5;1;6.011;
2918;-3.268057005;40.21713759;0.1;False;ok;3;1;5.995;
2919;-3.068057005;40.21713759;0.1;False;ok;4;1;5.954;
2920;-2.968057005;40.21713759;0.1;False;ok;1;1;3.431;
2921;-2.868057005;40.21713759;0.1;False;ok;8;1;5.999;
2922;-2.368057005;40.21713759;0.1;False;ok;2;1;6.039;
2923;-6.568057005;40.31713759;0.1;False;ok;13;1;6.114;
2924;-6.468057005;40.31713759;0.1;False;ok;4;1;5.995;
2925;-6.368057005;40.31713759;0.1;False;ok;9;1;3.805;
2926;-6.268057005;40.31713759;0.1;False;ok;8;1;3.768;
2927;-6.068057005;40.31713759;0.1;False;ok;1;1;3.622;
2928;-5.968057005;40.31713759;0.1;False;ok;5;1;3.555;
2929;-5.868057005;40.31713759;0.1;False;ok;44;1;6.125;
2930;-5.768057005;40.31713759;0.1;False;ok;75;1;3.801;
2931;-5.668057005;40.31713759;0.1;False;ok;18;1;3.445;
2932;-5.568057005;40.31713759;0.1;False;ok;35;1;6.186;
2933;-5.468057005;40.31713759;0.1;False;ok;6;1;5.946;
2934;-5.368057005;40.31713759;0.1;False;ok;10;1;5.961;
2935;-5.268057005;40.31713759;0.1;False;ok;34;1;5.918;
2936;-5.168057005;40.31713759;0.1;False;ok;41;1;3.613;
2937;-5.068057005;40.31713759;0.1;False;ok;14;1;3.518;
2938;-4.968057005;40.31713759;0.1;False;ok;11;1;3.480;
2939;-4.868057005;40.31713759;0.1;False;ok;19;1;5.938;
2940;-4.768057005;40.31713759;0.1;False;ok;49;1;5.858;
2941;-4.668057005;40.31713759;0.1;False;ok;10;1;6.003;
2942;-4.568057005;40.31713759;0.1;False;ok;12;1;6.031;
2943;-4.468057005;40.31713759;0.1;False;ok;58;1;6.084;
2944;-4.368057005;40.31713759;0.1;False;ok;16;1;3.894;
2945;-4.268057005;40.31713759;0.1;False;ok;7;1;5.910;
2946;-4.068057005;40.31713759;0.1;False;ok;9;1;5.793;
2947;-3.968057005;40.31713759;0.1;False;ok;10;1;3.652;
2948;-3.868057005;40.31713759;0.1;False;ok;46;1;6.068;
2949;-3.768057005;40.31713759;0.05;False;ok;11;1;5.857;
2950;-3.718057005;40.31713759;0.05;False;ok;51;1;3.640;
2951;-3.768057005;40.36713759;0.05;False;ok;75;1;3.856;
2952;-3.718057005;40.36713759;0.025;False;ok;74;1;3.753;
2953;-3.693057005;40.36713759;0.025;False;ok;42;1;3.550;
2954;-3.718057005;40.39213759;0.0125;False;ok;51;1;5.671;
2955;-3.705557005;40.39213759;0.0125;False;ok;74;1;6.080;
2956;-3.718057005;40.40463759;0.00625;False;ok;54;1;3.645;
2957;-3.711807005;40.40463759;0.00625;False;ok;74;1;6.217;
2958;-3.718057005;40.41088759;0.00625;False;ok;59;1;6.009;
2959;-3.711807005;40.41088759;0.003125;False;ok;30;1;6.018;
2960;-3.708682005;40.41088759;0.003125;False;ok;73;1;3.722;
2961;-3.711807005;40.41401259;0.003125;False;ok;68;1;3.795;
2962;-3.708682005;40.41401259;0.003125;False;ok;75;1;5.854;
2963;-3.705557005;40.40463759;0.00625;False;ok;75;1;5.876;
2964;-3.699307005;40.40463759;0.00625;False;ok;74;1;5.848;
2965;-3.705557005;40.41088759;0.003125;False;ok;74;1;5.797;
2966;-3.702432005;40.41088759;0.003125;False;ok;73;1;6.017;
2967;-3.705557005;40.41401259;0.003125;False;ok;75;1;4.005;
2968;-3.702432005;40.41401259;0.003125;False;ok;75;1;4.023;
2969;-3.699307005;40.41088759;0.003125;False;ok;64;1;5.880;
2970;-3.696182005;40.41088759;0.003125;False;ok;52;1;3.852;
2971;-3.699307005;40.41401259;0.003125;False;ok;65;1;5.859;
2972;-3.696182005;40.41401259;0.003125;False;ok;11;1;5.593;
2973;-3.693057005;40.39213759;0.025;False;ok;74;1;5.896;
2974;-3.668057005;40.31713759;0.1;False;ok;73;1;3.781;
2975;-3.568057005;40.31713759;0.1;False;ok;30;1;3.602;
2976;-3.468057005;40.31713759;0.1;False;ok;3;1;3.450;
2977;-3.368057005;40.31713759;0.1;False;ok;1;1;5.061;
2978;-3.268057005;40.31713759;0.1;False;ok;8;1;4.951;
2979;-3.168057005;40.31713759;0.1;False;ok;4;1;5.036;
2980;-2.968057005;40.31713759;0.1;False;ok;5;1;4.849;
2981;-2.868057005;40.31713759;0.1;False;ok;0;1;3.948;
2982;-2.768057005;40.31713759;0.1;False;ok;12;1;4.985;
2983;-2.468057005;40.31713759;0.1;False;ok;0;1;4.013;
2984;-2.368057005;40.31713759;0.1;False;ok;2;1;3.204;
2985;-6.868057005;40.41713759;0.1;False;ok;1;1;4.704;
2986;-6.768057005;40.41713759;0.1;False;ok;0;1;5.763;
2987;-6.368057005;40.41713759;0.1;False;ok;5;1;2.997;
2988;-6.268057005;40.41713759;0.1;False;ok;3;1;5.325;
2989;-6.168057005;40.41713759;0.1;False;ok;38;1;5.346;
2990;-6.068057005;40.41713759;0.1;False;ok;61;1;3.055;
2991;-5.968057005;40.41713759;0.1;False;ok;10;1;3.015;
2992;-5.868057005;40.41713759;0.1;False;ok;4;1;5.177;
2993;-5.768057005;40.41713759;0.1;False;ok;8;1;5.225;
2994;-5.668057005;40.41713759;0.1;False;ok;4;1;5.057;
2995;-5.568057005;40.41713759;0.1;False;ok;3;1;5.238;
2996;-5.468057005;40.41713759;0.1;False;ok;13;1;5.124;
2997;-5.368057005;40.41713759;0.1;False;ok;12;1;2.859;
2998;-5.268057005;40.41713759;0.1;False;ok;4;1;4.911;
2999;-5.168057005;40.41713759;0.1;False;ok;11;1;2.778;
3000;-5.068057005;40.41713759;0.1;False;ok;0;1;3.572;
3001;-4.968057005;40.41713759;0.1;False;ok;3;1;2.794;
3002;-4.868057005;40.41713759;0.1;False;ok;5;1;2.839;
3003;-4.768057005;40.41713759;0.1;False;ok;0;1;6.775;
3004;-4.668057005;40.41713759;0.1;False;ok;26;1;2.907;
3005;-4.568057005;40.41713759;0.1;False;ok;13;1;5.929;
3006;-4.468057005;40.41713759;0.1;False;ok;12;1;6.129;
3007;-4.368057005;40.41713759;0.1;False;ok;2;1;5.826;
3008;-4.268057005;40.41713759;0.1;False;ok;13;1;6.044;
3009;-4.168057005;40.41713759;0.1;False;ok;3;1;2.945;
3010;-4.068057005;40.41713759;0.1;False;ok;11;1;6.283;
3011;-3.968057005;40.41713759;0.1;False;ok;17;1;6.585;
3012;-3.868057005;40.41713759;0.1;False;ok;42;1;3.091;
3013;-3.768057005;40.41713759;0.05;False;ok;49;1;6.764;
3014;-3.718057005;40.41713759;0.00625;False;ok;33;1;3.195;
3015;-3.711807005;40.41713759;0.003125;False;ok;30;1;6.415;
3016;-3.708682005;40.41713759;0.003125;False;ok;73;1;6.929;
3017;-3.711807005;40.42026259;0.003125;False;ok;74;1;6.964;
3018;-3.708682005;40.42026259;0.003125;False;ok;75;1;6.747;
3019;-3.718057005;40.42338759;0.00625;False;ok;41;1;3.211;
3020;-3.711807005;40.42338759;0.00625;False;ok;74;1;3.512;
3021;-3.705557005;40.41713759;0.003125;False;ok;75;1;3.569;
3022;-3.702432005;40.41713759;0.003125;False;ok;75;1;6.781;
3023;-3.705557005;40.42026259;0.003125;False;ok;75;1;6.595;
3024;-3.702432005;40.42026259;0.003125;False;ok;75;1;3.686;
3025;-3.699307005;40.41713759;0.003125;False;ok;36;1;3.516;
3026;-3.696182005;40.41713759;0.003125;False;ok;1;1;3.302;
3027;-3.699307005;40.42026259;0.003125;False;ok;74;1;3.667;
3028;-3.696182005;40.42026259;0.003125;False;ok;11;1;6.009;
3029;-3.705557005;40.42338759;0.003125;False;ok;74;1;6.359;
3030;-3.702432005;40.42338759;0.003125;False;ok;57;1;6.387;
3031;-3.705557005;40.42651259;0.003125;False;ok;57;1;3.543;
3032;-3.702432005;40.42651259;0.003125;False;ok;15;1;3.492;
3033;-3.699307005;40.42338759;0.00625;False;ok;58;1;6.346;
3034;-3.718057005;40.42963759;0.0125;False;ok;74;1;6.436;
3035;-3.705557005;40.42963759;0.0125;False;ok;75;1;6.111;
3036;-3.693057005;40.41713759;0.0125;False;ok;75;1;3.746;
3037;-3.680557005;40.41713759;0.0125;False;ok;73;1;6.168;
3038;-3.693057005;40.42963759;0.0125;False;ok;47;1;3.597;
3039;-3.680557005;40.42963759;0.0125;False;ok;72;1;6.070;
3040;-3.718057005;40.44213759;0.0125;False;ok;42;1;3.547;
3041;-3.705557005;40.44213759;0.0125;False;ok;73;1;6.039;
3042;-3.718057005;40.45463759;0.0125;False;ok;19;1;6.390;
3043;-3.705557005;40.45463759;0.0125;False;ok;75;1;6.618;
3044;-3.693057005;40.44213759;0.025;False;ok;74;1;6.678;
3045;-3.768057005;40.46713759;0.05;False;ok;15;1;3.510;
3046;-3.718057005;40.46713759;0.05;False;ok;74;1;6.534;
3047;-3.668057005;40.41713759;0.025;False;ok;75;1;3.825;
3048;-3.643057005;40.41713759;0.025;False;ok;75;1;3.636;
3049;-3.668057005;40.44213759;0.025;False;ok;58;1;6.114;
3050;-3.643057005;40.44213759;0.025;False;ok;19;1;3.496;
3051;-3.618057005;40.41713759;0.05;False;ok;75;1;5.816;
3052;-3.668057005;40.46713759;0.05;False;ok;74;1;3.776;
3053;-3.618057005;40.46713759;0.05;False;ok;55;1;3.675;
3054;-3.568057005;40.41713759;0.1;False;ok;65;1;5.965;
3055;-3.468057005;40.41713759;0.1;False;ok;50;1;5.646;
3056;-3.368057005;40.41713759;0.1;False;ok;67;1;5.719;
3057;-3.268057005;40.41713759;0.1;False;ok;2;1;3.303;
3058;-3.068057005;40.41713759;0.1;False;ok;4;1;5.755;
3059;-2.968057005;40.41713759;0.1;False;ok;13;1;3.194;
3060;-2.868057005;40.41713759;0.1;False;ok;1;1;3.288;
3061;-2.768057005;40.41713759;0.1;False;ok;5;1;5.893;
3062;-2.468057005;40.41713759;0.1;False;ok;2;1;5.858;
3063;-2.368057005;40.41713759;0.1;False;ok;5;1;5.801;
3064;-6.868057005;40.51713759;0.1;True;ok;1;1;5.630;
3065;-6.668057005;40.51713759;0.1;False;ok;1;1;3.324;
3066;-6.568057005;40.51713759;0.1;False;ok;67;1;5.843;
3067;-6.168057005;40.51713759;0.1;False;ok;7;1;3.546;
3068;-6.068057005;40.51713759;0.1;False;ok;12;1;3.533;
3069;-5.968057005;40.51713759;0.1;False;ok;9;1;6.144;
3070;-5.868057005;40.51713759;0.1;False;ok;4;1;5.897;
3071;-5.768057005;40.51713759;0.1;False;ok;2;1;5.983;
3072;-5.668057005;40.51713759;0.1;False;ok;5;1;5.957;
3073;-5.368057005;40.51713759;0.1;False;ok;0;1;4.245;
3074;-5.268057005;40.51713759;0.1;False;ok;2;1;3.355;
3075;-5.168057005;40.51713759;0.1;False;ok;4;1;3.469;
3076;-5.068057005;40.51713759;0.1;False;ok;11;1;5.736;
3077;-4.968057005;40.51713759;0.1;False;ok;21;1;5.739;
3078;-4.868057005;40.51713759;0.1;False;ok;6;1;5.740;
3079;-4.768057005;40.51713759;0.1;False;ok;3;1;3.088;
3080;-4.668057005;40.51713759;0.1;False;ok;1;1;5.490;
3081;-4.568057005;40.51713759;0.1;False;ok;10;1;5.657;
3082;-4.468057005;40.51713759;0.1;False;ok;2;1;2.997;
3083;-4.368057005;40.51713759;0.1;False;ok;25;1;3.134;
3084;-4.268057005;40.51713759;0.1;False;ok;16;1;5.894;
3085;-4.168057005;40.51713759;0.1;False;ok;21;1;3.429;
3086;-4.068057005;40.51713759;0.1;False;ok;17;1;3.693;
3087;-3.968057005;40.51713759;0.1;False;ok;12;1;5.992;
3088;-3.768057005;40.51713759;0.1;False;ok;15;1;6.001;
3089;-3.668057005;40.51713759;0.1;False;ok;75;1;6.352;
3090;-3.568057005;40.51713759;0.1;False;ok;5;1;3.419;
3091;-3.468057005;40.51713759;0.1;False;ok;6;1;6.129;
3092;-3.368057005;40.51713759;0.1;False;ok;5;1;3.331;
3093;-3.268057005;40.51713759;0.1;False;ok;6;1;6.287;
3094;-3.068057005;40.51713759;0.1;False;ok;14;1;6.279;
3095;-2.968057005;40.51713759;0.1;False;ok;3;1;6.281;
3096;-2.768057005;40.51713759;0.1;False;ok;8;1;6.107;
3097;-6.868057005;40.61713759;0.1;True;ok;1;1;3.337;
3098;-6.468057005;40.61713759;0.1;False;ok;4;1;3.394;
3099;-5.968057005;40.61713759;0.1;False;ok;0;1;6.556;
3100;-5.168057005;40.61713759;0.1;False;ok;2;1;3.372;
3101;-5.068057005;40.61713759;0.1;False;ok;5;1;6.396;
3102;-4.868057005;40.61713759;0.1;False;ok;10;1;3.406;
3103;-4.768057005;40.61713759;0.05;False;ok;2;1;6.336;
3104;-4.693057005;40.61713759;0.025;False;ok;1;1;3.277;
3105;-4.718057005;40.64213759;0.025;False;ok;75;1;7.229;
3106;-4.693057005;40.64213759;0.025;False;ok;42;1;6.599;
3107;-4.768057005;40.66713759;0.05;False;ok;6;1;3.470;
3108;-4.718057005;40.66713759;0.05;False;ok;1;1;3.251;
3109;-4.668057005;40.61713759;0.1;False;ok;16;1;6.272;
3110;-4.568057005;40.61713759;0.1;False;ok;1;1;3.280;
3111;-4.368057005;40.61713759;0.1;False;ok;1;1;6.062;
3112;-4.268057005;40.61713759;0.1;False;ok;20;1;6.230;
3113;-4.168057005;40.61713759;0.1;False;ok;20;1;6.191;
3114;-4.068057005;40.61713759;0.1;False;ok;49;1;3.508;
3115;-3.968057005;40.61713759;0.1;False;ok;9;1;3.439;
3116;-3.868057005;40.61713759;0.1;False;ok;3;1;3.324;
3117;-3.768057005;40.61713759;0.1;False;ok;3;1;5.996;
3118;-3.668057005;40.61713759;0.1;False;ok;9;1;5.927;
3119;-3.568057005;40.61713759;0.1;False;ok;6;1;5.693;
3120;-3.468057005;40.61713759;0.1;False;ok;6;1;5.891;
3121;-3.368057005;40.61713759;0.1;False;ok;3;1;5.766;
3122;-3.268057005;40.61713759;0.1;False;ok;8;1;3.413;
3123;-3.168057005;40.61713759;0.1;False;ok;19;1;3.255;
3124;-3.068057005;40.61713759;0.1;False;ok;4;1;3.164;
3125;-2.968057005;40.61713759;0.1;False;ok;0;1;5.715;
3126;-2.768057005;40.61713759;0.1;False;ok;3;1;4.859;
3127;-2.668057005;40.61713759;0.1;False;ok;4;1;3.160;
3128;-6.768057005;40.71713759;0.1;False;ok;0;1;5.579;
3129;-6.368057005;40.71713759;0.1;False;ok;0;1;3.575;
3130;-5.968057005;40.71713759;0.1;False;ok;1;1;2.951;
3131;-5.768057005;40.71713759;0.1;False;ok;4;1;4.437;
3132;-5.668057005;40.71713759;0.1;False;ok;1;1;4.156;
3133;-5.068057005;40.71713759;0.1;False;ok;1;1;2.646;
3134;-4.968057005;40.71713759;0.1;False;ok;2;1;3.774;
3135;-4.768057005;40.71713759;0.1;False;ok;2;1;2.684;
3136;-4.668057005;40.71713759;0.1;False;ok;5;1;2.888;
3137;-4.568057005;40.71713759;0.1;False;ok;5;1;3.722;
3138;-4.468057005;40.71713759;0.1;False;ok;8;1;3.507;
3139;-4.368057005;40.71713759;0.1;False;ok;22;1;3.384;
3140;-4.268057005;40.71713759;0.1;False;ok;31;1;2.725;
3141;-4.168057005;40.71713759;0.1;False;ok;8;1;2.996;
3142;-4.068057005;40.71713759;0.1;False;ok;44;1;23.971;
3143;-3.968057005;40.71713759;0.1;False;ok;17;1;24.617;
3144;-3.868057005;40.71713759;0.1;False;ok;21;1;25.189;
3145;-3.768057005;40.71713759;0.1;False;ok;12;1;25.112;
3146;-3.668057005;40.71713759;0.1;False;ok;16;1;25.118;
3147;-3.568057005;40.71713759;0.1;False;ok;2;1;24.026;
3148;-3.468057005;40.71713759;0.1;False;ok;7;1;24.185;
3149;-3.168057005;40.71713759;0.1;False;ok;4;1;24.104;
3150;-3.068057005;40.71713759;0.1;False;ok;5;1;3.069;
3151;-2.968057005;40.71713759;0.1;False;ok;5;1;2.308;
3152;-2.868057005;40.71713759;0.1;False;ok;7;1;3.153;
3153;-2.768057005;40.71713759;0.1;False;ok;2;1;3.094;
3154;-2.668057005;40.71713759;0.1;False;ok;5;1;3.168;
3155;-2.468057005;40.71713759;0.1;False;ok;1;1;3.138;
3156;-2.368057005;40.71713759;0.1;False;ok;3;1;3.046;
3157;-6.868057005;40.81713759;0.1;True;ok;1;1;3.166;
3158;-6.768057005;40.81713759;0.1;False;ok;4;1;3.113;
3159;-6.668057005;40.81713759;0.1;False;ok;1;1;2.645;
3160;-6.068057005;40.81713759;0.1;False;ok;1;1;2.928;
3161;-5.768057005;40.81713759;0.1;False;ok;0;1;3.609;
3162;-5.668057005;40.81713759;0.1;False;ok;4;1;2.297;
3163;-5.568057005;40.81713759;0.1;False;ok;10;1;2.124;
3164;-5.268057005;40.81713759;0.1;False;ok;5;1;26.094;
3165;-4.868057005;40.81713759;0.1;False;ok;1;1;26.250;
3166;-4.768057005;40.81713759;0.1;False;ok;8;1;2.392;
3167;-4.668057005;40.81713759;0.1;False;ok;13;1;24.298;
3168;-4.568057005;40.81713759;0.1;False;ok;7;1;2.460;
3169;-4.368057005;40.81713759;0.1;False;ok;1;1;2.428;
3170;-4.268057005;40.81713759;0.1;False;ok;28;1;2.571;
3171;-4.168057005;40.81713759;0.1;False;ok;14;1;2.575;
3172;-4.068057005;40.81713759;0.1;False;ok;27;1;2.579;
3173;-3.968057005;40.81713759;0.1;False;ok;29;1;2.307;
3174;-3.768057005;40.81713759;0.1;False;ok;14;1;2.375;
3175;-3.668057005;40.81713759;0.1;False;ok;18;1;2.330;
3176;-3.568057005;40.81713759;0.1;False;ok;20;1;2.253;
3177;-3.468057005;40.81713759;0.1;False;ok;4;1;2.327;
3178;-3.368057005;40.81713759;0.1;False;ok;1;1;2.337;
3179;-3.168057005;40.81713759;0.1;False;ok;6;1;2.227;
3180;-3.068057005;40.81713759;0.1;False;ok;9;1;2.253;
3181;-2.968057005;40.81713759;0.1;False;ok;0;1;3.033;
3182;-2.768057005;40.81713759;0.1;False;ok;2;1;2.092;
3183;-2.568057005;40.81713759;0.1;False;ok;2;1;2.169;
3184;-6.868057005;40.91713759;0.1;False;ok;7;1;2.239;
3185;-6.768057005;40.91713759;0.1;False;ok;10;1;2.213;
3186;-6.468057005;40.91713759;0.1;False;ok;2;1;2.250;
3187;-6.368057005;40.91713759;0.1;False;ok;2;1;2.238;
3188;-5.868057005;40.91713759;0.1;False;ok;2;1;2.232;
3189;-5.768057005;40.91713759;0.1;False;ok;72;1;2.428;
3190;-5.643057005;40.91713759;0.025;False;ok;1;1;2.190;
3191;-5.655557005;40.94213759;0.0125;False;ok;2;1;2.153;
3192;-5.668057005;40.95463759;0.00625;False;ok;26;1;2.234;
3193;-5.661807005;40.95463759;0.00625;False;ok;9;1;2.168;
3194;-5.668057005;40.96088759;0.00625;False;ok;75;1;2.653;
3195;-5.661807005;40.96088759;0.00625;False;ok;37;1;2.863;
3196;-5.655557005;40.95463759;0.0125;False;ok;7;1;2.570;
3197;-5.643057005;40.94213759;0.025;False;ok;10;1;2.628;
3198;-5.618057005;40.91713759;0.05;False;ok;6;1;2.596;
3199;-5.668057005;40.96713759;0.05;False;ok;74;1;2.747;
3200;-5.618057005;40.96713759;0.05;False;ok;1;1;2.264;
3201;-5.568057005;40.91713759;0.1;False;ok;7;1;2.231;
3202;-5.468057005;40.91713759;0.1;False;ok;9;1;2.184;
3203;-4.968057005;40.91713759;0.1;False;ok;6;1;2.300;
3204;-4.868057005;40.91713759;0.1;False;ok;1;1;2.316;
3205;-4.668057005;40.91713759;0.1;False;ok;3;1;2.416;
3206;-4.568057005;40.91713759;0.1;False;ok;0;1;3.064;
3207;-4.368057005;40.91713759;0.1;False;ok;4;1;2.410;
3208;-4.268057005;40.91713759;0.1;False;ok;8;1;2.511;
3209;-4.168057005;40.91713759;0.1;False;ok;75;1;2.827;
3210;-4.068057005;40.91713759;0.1;False;ok;32;1;2.572;
3211;-3.868057005;40.91713759;0.1;False;ok;17;1;2.616;
3212;-3.768057005;40.91713759;0.1;False;ok;14;1;2.247;
3213;-3.668057005;40.91713759;0.1;False;ok;16;1;2.156;
3214;-3.568057005;40.91713759;0.1;False;ok;15;1;2.217;
3215;-3.468057005;40.91713759;0.1;False;ok;1;1;2.134;
3216;-3.268057005;40.91713759;0.1;False;ok;3;1;2.087;
3217;-3.168057005;40.91713759;0.1;False;ok;8;1;2.139;
3218;-2.968057005;40.91713759;0.1;False;ok;4;1;2.072;
3219;-2.868057005;40.91713759;0.1;False;ok;2;1;2.179;
3220;-2.768057005;40.91713759;0.1;False;ok;5;1;2.117;
3221;-2.668057005;40.91713759;0.1;False;ok;5;1;2.171;
3222;-2.468057005;40.91713759;0.1;False;ok;1;1;2.006;
3223;-6.868057005;41.01713759;0.1;True;ok;1;1;2.345;
3224;-6.768057005;41.01713759;0.1;False;ok;4;1;2.247;
3225;-6.468057005;41.01713759;0.1;False;ok;0;1;2.980;
3226;-6.068057005;41.01713759;0.1;False;ok;7;1;2.666;
3227;-5.968057005;41.01713759;0.1;False;ok;4;1;2.548;
3228;-5.868057005;41.01713759;0.1;False;ok;11;1;2.778;
3229;-5.768057005;41.01713759;0.1;False;ok;3;1;2.730;
3230;-5.668057005;41.01713759;0.1;False;ok;4;1;3.705;
3231;-5.568057005;41.01713759;0.1;False;ok;1;1;3.721;
3232;-5.168057005;41.01713759;0.1;False;ok;1;1;3.094;
3233;-5.068057005;41.01713759;0.1;False;ok;1;1;3.914;
3234;-4.768057005;41.01713759;0.1;False;ok;29;1;4.210;
3235;-4.668057005;41.01713759;0.1;False;ok;1;1;4.116;
3236;-4.568057005;41.01713759;0.1;False;ok;2;1;4.309;
3237;-4.468057005;41.01713759;0.1;False;ok;7;1;4.483;
3238;-4.368057005;41.01713759;0.1;False;ok;4;1;4.444;
3239;-4.268057005;41.01713759;0.1;False;ok;1;1;3.154;
3240;-4.168057005;41.01713759;0.1;False;ok;12;1;3.215;
3241;-4.068057005;41.01713759;0.1;False;ok;25;1;4.891;
3242;-3.968057005;41.01713759;0.1;False;ok;26;1;3.301;
3243;-3.868057005;41.01713759;0.1;False;ok;19;1;5.109;
3244;-3.768057005;41.01713759;0.1;False;ok;8;1;4.882;
3245;-3.668057005;41.01713759;0.1;False;ok;13;1;3.236;
3246;-3.568057005;41.01713759;0.1;False;ok;14;1;3.194;
3247;-3.468057005;41.01713759;0.1;False;ok;5;1;4.904;
3248;-3.368057005;41.01713759;0.1;False;ok;13;1;5.391;
3249;-3.268057005;41.01713759;0.1;False;ok;2;1;4.959;
3250;-3.168057005;41.01713759;0.1;False;ok;1;1;5.182;
3251;-3.068057005;41.01713759;0.1;False;ok;1;1;5.370;
3252;-2.968057005;41.01713759;0.1;False;ok;2;1;5.623;
3253;-2.768057005;41.01713759;0.1;False;ok;5;1;3.186;
3254;-2.668057005;41.01713759;0.1;False;ok;55;1;5.460;
3255;-2.568057005;41.01713759;0.1;False;ok;2;1;5.649;
3256;-2.468057005;41.01713759;0.1;False;ok;2;1;5.488;
3257;-6.668057005;41.11713759;0.1;False;ok;14;1;3.167;
3258;-6.568057005;41.11713759;0.1;False;ok;1;1;3.268;
3259;-6.268057005;41.11713759;0.1;False;ok;1;1;3.297;
3260;-5.768057005;41.11713759;0.1;False;ok;1;1;3.270;
3261;-4.868057005;41.11713759;0.1;False;ok;0;1;4.132;
3262;-4.668057005;41.11713759;0.1;False;ok;1;1;5.267;
3263;-4.568057005;41.11713759;0.1;False;ok;10;1;5.222;
3264;-4.468057005;41.11713759;0.1;False;ok;3;1;5.193;
3265;-4.368057005;41.11713759;0.1;False;ok;2;1;3.627;
3266;-4.268057005;41.11713759;0.1;False;ok;4;1;4.987;
3267;-4.168057005;41.11713759;0.1;False;ok;1;1;4.964;
3268;-4.068057005;41.11713759;0.1;False;ok;8;1;3.708;
3269;-3.968057005;41.11713759;0.1;False;ok;15;1;4.759;
3270;-3.868057005;41.11713759;0.1;False;ok;35;1;4.925;
3271;-3.768057005;41.11713759;0.1;False;ok;29;1;5.065;
3272;-3.668057005;41.11713759;0.1;False;ok;13;1;4.731;
3273;-3.568057005;41.11713759;0.1;False;ok;10;1;3.328;
3274;-3.268057005;41.11713759;0.1;False;ok;5;1;3.282;
3275;-3.168057005;41.11713759;0.1;False;ok;3;1;3.193;
3276;-3.068057005;41.11713759;0.1;False;ok;4;1;4.324;
3277;-2.968057005;41.11713759;0.1;False;ok;5;1;4.235;
3278;-2.768057005;41.11713759;0.1;False;ok;2;1;4.226;
3279;-2.668057005;41.11713759;0.1;False;ok;4;1;3.933;
3280;-2.568057005;41.11713759;0.1;False;ok;1;1;4.057;
3281;-2.468057005;41.11713759;0.1;False;ok;10;1;2.671;
3282;-2.368057005;41.11713759;0.1;False;ok;1;1;2.751;
3283;-6.668057005;41.21713759;0.1;False;ok;20;1;2.810;
3284;-6.568057005;41.21713759;0.1;True;ok;4;1;2.848;
3285;-6.468057005;41.21713759;0.1;False;ok;11;1;2.815;
3286;-6.268057005;41.21713759;0.1;False;ok;1;1;2.817;
3287;-6.168057005;41.21713759;0.1;False;ok;2;1;4.014;
3288;-5.968057005;41.21713759;0.1;False;ok;1;1;4.018;
3289;-5.868057005;41.21713759;0.1;False;ok;0;1;4.837;
3290;-5.768057005;41.21713759;0.1;False;ok;0;1;4.730;
3291;-5.668057005;41.21713759;0.1;False;ok;0;1;4.748;
3292;-5.568057005;41.21713759;0.1;False;ok;0;1;4.837;
3293;-5.368057005;41.21713759;0.1;False;ok;1;1;4.034;
3294;-5.268057005;41.21713759;0.1;False;ok;4;1;4.201;
3295;-4.968057005;41.21713759;0.1;False;ok;12;1;4.080;
3296;-4.868057005;41.21713759;0.1;False;ok;2;1;2.688;
3297;-4.768057005;41.21713759;0.1;False;ok;14;1;2.676;
3298;-4.568057005;41.21713759;0.1;False;ok;7;1;3.752;
3299;-4.468057005;41.21713759;0.1;False;ok;0;1;4.556;
3300;-4.368057005;41.21713759;0.1;False;ok;7;1;3.763;
3301;-4.268057005;41.21713759;0.1;False;ok;3;1;3.581;
3302;-4.168057005;41.21713759;0.1;False;ok;3;1;3.404;
3303;-3.968057005;41.21713759;0.1;False;ok;15;1;2.789;
3304;-3.868057005;41.21713759;0.1;False;ok;10;1;2.741;
3305;-3.768057005;41.21713759;0.1;False;ok;13;1;2.773;
3306;-3.668057005;41.21713759;0.1;False;ok;9;1;2.749;
3307;-3.568057005;41.21713759;0.1;False;ok;23;1;2.315;
3308;-3.368057005;41.21713759;0.1;False;ok;2;1;2.683;
3309;-3.268057005;41.21713759;0.1;False;ok;6;1;2.659;
3310;-3.168057005;41.21713759;0.1;False;ok;3;1;2.185;
3311;-3.068057005;41.21713759;0.1;False;ok;2;1;3.264;
3312;-2.668057005;41.21713759;0.1;False;ok;0;1;4.546;
3313;-2.468057005;41.21713759;0.1;False;ok;2;1;4.005;
3314;-2.368057005;41.21713759;0.1;False;ok;1;1;2.749;
3315;-6.468057005;41.31713759;0.1;True;ok;22;1;3.926;
3316;-6.368057005;41.31713759;0.1;True;ok;5;1;3.872;
3317;-6.268057005;41.31713759;0.1;True;ok;3;1;3.878;
3318;-6.168057005;41.31713759;0.1;False;ok;2;1;2.637;
3319;-6.068057005;41.31713759;0.1;False;ok;0;1;3.405;
3320;-5.968057005;41.31713759;0.1;False;ok;7;1;3.848;
3321;-5.868057005;41.31713759;0.1;False;ok;2;1;2.639;
3322;-5.768057005;41.31713759;0.1;False;ok;2;1;3.838;
3323;-5.268057005;41.31713759;0.1;False;ok;8;1;3.845;
3324;-5.168057005;41.31713759;0.1;False;ok;5;1;3.691;
3325;-4.968057005;41.31713759;0.1;False;ok;10;1;3.741;
3326;-4.868057005;41.31713759;0.1;False;ok;8;1;2.586;
3327;-4.768057005;41.31713759;0.1;False;ok;5;1;3.542;
3328;-4.568057005;41.31713759;0.1;False;ok;4;1;2.727;
3329;-4.468057005;41.31713759;0.1;False;ok;6;1;3.425;
3330;-4.368057005;41.31713759;0.1;False;ok;10;1;3.556;
3331;-4.268057005;41.31713759;0.1;False;ok;4;1;2.597;
3332;-4.168057005;41.31713759;0.1;False;ok;4;1;2.657;
3333;-3.968057005;41.31713759;0.1;False;ok;9;1;2.633;
3334;-3.868057005;41.31713759;0.1;False;ok;8;1;3.906;
3335;-3.668057005;41.31713759;0.1;False;ok;10;1;2.817;
3336;-3.568057005;41.31713759;0.1;False;ok;7;1;3.050;
3337;-3.468057005;41.31713759;0.1;False;ok;8;1;4.797;
3338;-3.368057005;41.31713759;0.1;False;ok;7;1;4.906;
3339;-3.268057005;41.31713759;0.1;False;ok;3;1;4.814;
3340;-3.068057005;41.31713759;0.1;False;ok;2;1;4.894;
3341;-6.168057005;41.41713759;0.1;False;ok;4;1;3.052;
3342;-5.968057005;41.41713759;0.1;False;ok;2;1;4.684;
3343;-5.868057005;41.41713759;0.1;False;ok;1;1;4.712;
3344;-5.768057005;41.41713759;0.1;False;ok;75;1;5.155;
3345;-5.668057005;41.41713759;0.1;False;ok;1;1;4.649;
3346;-5.568057005;41.41713759;0.1;False;ok;3;1;4.566;
3347;-5.168057005;41.41713759;0.1;False;ok;2;1;4.520;
3348;-5.068057005;41.41713759;0.1;False;ok;40;1;4.492;
3349;-4.968057005;41.41713759;0.1;False;ok;6;1;4.290;
3350;-4.768057005;41.41713759;0.1;False;ok;3;1;3.999;
3351;-4.668057005;41.41713759;0.1;False;ok;5;1;2.977;
3352;-4.468057005;41.41713759;0.1;False;ok;8;1;3.051;
3353;-4.068057005;41.41713759;0.1;False;ok;19;1;3.002;
3354;-3.868057005;41.41713759;0.1;False;ok;5;1;2.693;
3355;-3.668057005;41.41713759;0.1;False;ok;2;1;2.500;
3356;-3.568057005;41.41713759;0.1;False;ok;7;1;2.519;
3357;-3.468057005;41.41713759;0.1;False;ok;9;1;2.343;
3358;-3.068057005;41.41713759;0.1;False;ok;1;1;2.109;
3359;-2.968057005;41.41713759;0.1;False;ok;4;1;2.547;
3360;-2.868057005;41.41713759;0.1;False;ok;8;1;2.602;
3361;-2.768057005;41.41713759;0.1;False;ok;1;1;4.069;
3362;-2.568057005;41.41713759;0.1;False;ok;15;1;4.396;
3363;-6.268057005;41.51713759;0.1;True;ok;1;1;4.506;
3364;-6.168057005;41.51713759;0.1;False;ok;0;1;5.311;
3365;-6.068057005;41.51713759;0.1;False;ok;5;1;4.716;
3366;-5.768057005;41.51713759;0.1;False;ok;4;1;4.652;
3367;-5.668057005;41.51713759;0.1;False;ok;1;1;4.582;
3368;-5.468057005;41.51713759;0.1;False;ok;18;1;4.784;
3369;-5.268057005;41.51713759;0.1;False;ok;4;1;4.724;
3370;-4.968057005;41.51713759;0.1;False;ok;12;1;2.719;
3371;-4.868057005;41.51713759;0.1;False;ok;22;1;5.045;
3372;-4.768057005;41.51713759;0.1;False;ok;19;1;4.894;
3373;-4.668057005;41.51713759;0.1;False;ok;8;1;2.751;
3374;-4.568057005;41.51713759;0.1;False;ok;10;1;4.908;
3375;-4.468057005;41.51713759;0.1;False;ok;6;1;4.742;
3376;-4.168057005;41.51713759;0.1;False;ok;29;1;2.857;
3377;-3.768057005;41.51713759;0.1;False;ok;7;1;4.633;
3378;-3.668057005;41.51713759;0.1;False;ok;4;1;2.922;
3379;-3.568057005;41.51713759;0.1;False;ok;2;1;3.035;
3380;-3.468057005;41.51713759;0.1;False;ok;2;1;2.967;
3381;-3.268057005;41.51713759;0.1;False;ok;15;1;2.669;
3382;-3.168057005;41.51713759;0.1;False;ok;28;1;2.787;
3383;-3.068057005;41.51713759;0.1;False;ok;19;1;2.762;
3384;-2.968057005;41.51713759;0.1;False;ok;2;1;3.691;
3385;-2.868057005;41.51713759;0.1;False;ok;2;1;4.081;
3386;-6.268057005;41.61713759;0.1;False;ok;1;1;4.222;
3387;-6.068057005;41.61713759;0.1;False;ok;2;1;2.756;
3388;-5.868057005;41.61713759;0.1;False;ok;1;1;4.559;
3389;-5.768057005;41.61713759;0.1;False;ok;4;1;4.487;
3390;-5.368057005;41.61713759;0.1;False;ok;1;1;4.515;
3391;-5.268057005;41.61713759;0.1;False;ok;4;1;4.502;
3392;-5.068057005;41.61713759;0.1;False;ok;1;1;4.453;
3393;-4.868057005;41.61713759;0.1;False;ok;10;1;4.476;
3394;-4.768057005;41.61713759;0.1;False;ok;75;1;4.960;
3395;-4.368057005;41.61713759;0.1;False;ok;8;1;4.792;
3396;-4.268057005;41.61713759;0.1;False;ok;4;1;3.187;
3397;-4.168057005;41.61713759;0.1;False;ok;16;1;3.217;
3398;-3.968057005;41.61713759;0.1;False;ok;9;1;4.583;
3399;-3.868057005;41.61713759;0.1;False;ok;4;1;4.555;
3400;-3.768057005;41.61713759;0.1;False;ok;32;1;4.700;
3401;-3.668057005;41.61713759;0.1;False;ok;11;1;3.013;
3402;-3.568057005;41.61713759;0.1;False;ok;10;1;3.176;
3403;-3.468057005;41.61713759;0.1;False;ok;0;1;3.695;
3404;-3.068057005;41.61713759;0.1;False;ok;11;1;2.853;
3405;-2.868057005;41.61713759;0.1;False;ok;9;1;3.665;
3406;-2.668057005;41.61713759;0.1;False;ok;2;1;3.466;
3407;-2.32757849;38.31713759;0.1;False;ok;14;1;2.867;
3408;-2.32757849;38.41713759;0.1;False;ok;10;1;2.817;
3409;-2.32757849;38.51713759;0.1;False;ok;1;1;2.731;
3410;-2.32757849;38.61713759;0.1;False;ok;4;1;3.638;
3411;-2.32757849;38.71713759;0.1;False;ok;2;1;2.713;
3412;-2.32757849;39.21713759;0.1;False;ok;2;1;3.637;
3413;-2.32757849;39.31713759;0.1;False;ok;8;1;3.878;
3414;-2.32757849;39.41713759;0.1;False;ok;2;1;3.846;
3415;-2.32757849;39.51713759;0.1;False;ok;1;1;3.990;
3416;-2.32757849;39.81713759;0.1;False;ok;1;1;3.969;
3417;-2.32757849;40.01713759;0.1;False;ok;4;1;4.077;
3418;-2.32757849;40.11713759;0.1;False;ok;0;1;3.442;
3419;-2.32757849;40.21713759;0.1;False;ok;1;1;4.632;
3420;-2.32757849;40.31713759;0.1;False;ok;2;1;4.586;
3421;-2.32757849;40.41713759;0.1;False;ok;9;1;4.561;
3422;-2.32757849;40.71713759;0.1;False;ok;3;1;4.378;
3423;-2.32757849;41.11713759;0.1;False;ok;1;1;2.709;
3424;-2.32757849;41.21713759;0.1;False;ok;1;1;4.463;
3425;-2.22757849;38.41713759;0.1;False;ok;5;1;4.028;
3426;-2.22757849;38.51713759;0.1;False;ok;16;1;3.007;
3427;-2.22757849;38.61713759;0.1;False;ok;0;1;3.648;
3428;-2.22757849;39.11713759;0.1;False;ok;8;1;2.982;
3429;-2.22757849;39.31713759;0.1;False;ok;3;1;2.911;
3430;-2.22757849;39.61713759;0.1;False;ok;1;1;3.761;
3431;-2.22757849;39.71713759;0.1;False;ok;13;1;3.825;
3432;-2.22757849;39.91713759;0.1;False;ok;4;1;3.679;
3433;-2.22757849;40.06713759;0.05;False;ok;27;1;2.798;
3434;-2.22757849;40.11713759;0.1;False;ok;1;1;3.606;
3435;-2.22757849;40.31713759;0.1;False;ok;3;1;3.670;
3436;-2.22757849;40.41713759;0.1;False;ok;1;1;2.418;
3437;-2.22757849;40.51713759;0.1;False;ok;2;1;3.610;
3438;-2.22757849;40.71713759;0.1;False;ok;0;1;4.273;
3439;-2.22757849;40.81713759;0.1;False;ok;9;1;3.439;
3440;-2.22757849;41.21713759;0.1;False;ok;4;1;2.569;
3441;-2.22757849;41.41713759;0.1;False;ok;1;1;2.538;
3442;-2.22757849;41.61713759;0.1;False;ok;2;1;3.267;
3443;-2.17757849;40.01713759;0.05;False;ok;7;1;3.257;
3444;-2.17757849;40.06713759;0.025;False;ok;1;1;3.390;
3445;-2.15257849;40.06713759;0.0125;False;ok;6;1;3.472;
3446;-2.14007849;40.06713759;0.00625;False;ok;43;1;3.590;
3447;-2.14007849;40.07338759;0.00625;False;ok;50;1;2.586;
3448;-2.14007849;40.07963759;0.0125;False;ok;15;1;2.317;
3449;-2.13382849;40.06713759;0.00625;False;ok;21;1;3.089;
3450;-2.13382849;40.07338759;0.00625;False;ok;75;1;2.619;
3451;-2.12757849;38.31713759;0.1;False;ok;16;1;2.851;
3452;-2.12757849;38.41713759;0.1;False;ok;16;1;2.375;
3453;-2.12757849;38.51713759;0.1;False;ok;14;1;2.692;
3454;-2.12757849;38.61713759;0.1;False;ok;1;1;3.025;
3455;-2.12757849;38.81713759;0.1;False;ok;0;1;4.079;
3456;-2.12757849;39.21713759;0.1;False;ok;5;1;3.382;
3457;-2.12757849;39.41713759;0.1;False;ok;7;1;2.458;
3458;-2.12757849;39.51713759;0.1;False;ok;9;1;2.427;
3459;-2.12757849;39.71713759;0.1;False;ok;1;1;3.259;
3460;-2.12757849;39.91713759;0.1;False;ok;15;1;3.520;
3461;-2.12757849;40.01713759;0.1;False;ok;13;1;2.782;
3462;-2.12757849;40.11713759;0.1;False;ok;6;1;2.750;
3463;-2.12757849;40.21713759;0.1;False;ok;13;1;4.037;
3464;-2.12757849;40.41713759;0.1;False;ok;0;1;4.750;
3465;-2.12757849;40.51713759;0.1;False;ok;7;1;4.272;
3466;-2.12757849;40.61713759;0.1;False;ok;4;1;4.053;
3467;-2.12757849;40.81713759;0.1;False;ok;1;1;4.170;
3468;-2.12757849;40.91713759;0.1;False;ok;0;1;3.398;
3469;-2.12757849;41.01713759;0.1;False;ok;1;1;2.799;
3470;-2.12757849;41.21713759;0.1;False;ok;7;1;4.104;
3471;-2.12757849;41.61713759;0.1;False;ok;2;1;4.320;
3472;-2.02757849;38.21713759;0.1;False;ok;3;1;4.372;
3473;-2.02757849;38.31713759;0.1;False;ok;7;1;4.320;
3474;-2.02757849;38.41713759;0.1;False;ok;1;1;2.834;
3475;-2.02757849;38.51713759;0.1;False;ok;2;1;2.874;
3476;-2.02757849;39.41713759;0.1;False;ok;2;1;4.616;
3477;-2.02757849;39.91713759;0.1;False;ok;3;1;2.926;
3478;-2.02757849;40.11713759;0.1;False;ok;7;1;2.904;
3479;-2.02757849;40.21713759;0.1;False;ok;13;1;5.361;
3480;-2.02757849;40.31713759;0.1;False;ok;1;1;4.975;
3481;-2.02757849;40.41713759;0.1;False;ok;1;1;5.848;
3482;-2.02757849;40.61713759;0.1;False;ok;3;1;5.707;
3483;-2.02757849;40.71713759;0.1;False;ok;2;1;3.233;
3484;-2.02757849;40.81713759;0.1;False;ok;7;1;3.628;
3485;-2.02757849;40.91713759;0.1;False;ok;1;1;6.151;
3486;-2.02757849;41.41713759;0.1;False;ok;2;1;6.073;
3487;-1.92757849;38.21713759;0.1;False;ok;8;1;6.069;
3488;-1.92757849;38.41713759;0.1;False;ok;0;1;4.347;
3489;-1.92757849;38.91713759;0.1;False;ok;74;1;4.219;
3490;-1.92757849;39.31713759;0.1;False;ok;1;1;5.926;
3491;-1.92757849;39.51713759;0.1;False;ok;5;1;5.925;
3492;-1.92757849;39.71713759;0.1;False;ok;1;1;5.862;
3493;-1.92757849;39.81713759;0.1;False;ok;1;1;5.591;
3494;-1.92757849;39.91713759;0.1;False;ok;1;1;5.638;
3495;-1.92757849;40.11713759;0.1;False;ok;0;1;4.626;
3496;-1.92757849;40.31713759;0.1;False;ok;22;1;4.160;
3497;-1.92757849;40.41713759;0.1;False;ok;2;1;5.430;
3498;-1.92757849;40.51713759;0.1;False;ok;6;1;4.603;
3499;-1.92757849;40.61713759;0.1;False;ok;1;1;3.708;
3500;-1.92757849;40.71713759;0.1;False;ok;1;1;3.450;
3501;-1.92757849;40.81713759;0.1;False;ok;14;1;4.156;
3502;-1.92757849;41.11713759;0.1;False;ok;10;1;4.225;
3503;-1.92757849;41.21713759;0.1;False;ok;29;1;2.997;
3504;-1.92757849;41.41713759;0.1;False;ok;1;1;3.674;
3505;-1.92757849;41.51713759;0.1;False;ok;1;1;2.884;
3506;-1.82757849;38.91713759;0.1;False;ok;3;1;3.786;
3507;-1.82757849;39.11713759;0.1;False;ok;2;1;2.796;
3508;-1.82757849;39.51713759;0.1;False;ok;5;1;2.754;
3509;-1.82757849;39.81713759;0.1;False;ok;11;1;4.141;
3510;-1.82757849;39.91713759;0.1;False;ok;3;1;2.715;
3511;-1.82757849;40.21713759;0.1;False;ok;2;1;3.984;
3512;-1.82757849;40.51713759;0.1;False;ok;1;1;4.472;
3513;-1.82757849;40.61713759;0.1;False;ok;1;1;4.351;
3514;-1.82757849;41.11713759;0.1;False;ok;15;1;4.440;
3515;-1.82757849;41.21713759;0.1;False;ok;6;1;4.395;
3516;-1.82757849;41.31713759;0.1;False;ok;10;1;4.371;
3517;-1.82757849;41.41713759;0.1;False;ok;1;1;4.284;
3518;-1.82757849;41.61713759;0.1;False;ok;1;1;2.855;
3519;-1.72757849;38.21713759;0.1;False;ok;9;1;4.165;
3520;-1.72757849;38.41713759;0.1;False;ok;11;1;4.262;
3521;-1.72757849;38.51713759;0.1;False;ok;3;1;3.831;
3522;-1.72757849;38.81713759;0.1;False;ok;3;1;3.355;
3523;-1.72757849;38.91713759;0.1;False;ok;4;1;3.303;
3524;-1.72757849;39.01713759;0.1;False;ok;4;1;3.514;
3525;-1.72757849;39.11713759;0.1;False;ok;13;1;3.342;
3526;-1.72757849;39.21713759;0.1;False;ok;1;1;3.171;
3527;-1.72757849;39.41713759;0.1;False;ok;3;1;3.037;
3528;-1.72757849;39.51713759;0.1;False;ok;2;1;2.852;
3529;-1.72757849;39.71713759;0.1;False;ok;5;1;2.685;
3530;-1.72757849;39.81713759;0.1;False;ok;1;1;1.917;
3531;-1.72757849;40.01713759;0.1;False;ok;6;1;1.490;
3532;-1.72757849;40.11713759;0.1;False;ok;8;1;1.493;
3533;-1.72757849;40.31713759;0.1;False;ok;6;1;1.089;
3534;-1.72757849;40.41713759;0.1;False;ok;3;1;0.999;
3535;-1.72757849;40.51713759;0.1;False;ok;8;1;1.374;
3536;-1.72757849;40.71713759;0.1;False;ok;1;1;1.037;
3537;-1.72757849;40.81713759;0.1;False;ok;2;1;1.208;
3538;-1.72757849;41.21713759;0.1;False;ok;11;1;1.493;
3539;-1.72757849;41.31713759;0.1;False;ok;32;1;1.599;
3540;-1.72757849;41.41713759;0.1;False;ok;2;1;1.460;
3541;-1.72757849;41.51713759;0.1;False;ok;2;1;1.419;
3542;-1.72757849;41.61713759;0.1;False;ok;0;1;2.022;
3543;-1.62757849;38.51713759;0.1;False;ok;1;1;1.362;
3544;-1.62757849;38.81713759;0.1;False;ok;1;1;1.421;
3545;-1.62757849;38.91713759;0.1;False;ok;1;1;1.483;
3546;-1.62757849;39.11713759;0.1;False;ok;5;1;1.465;
3547;-1.62757849;39.21713759;0.1;False;ok;4;1;1.480;
3548;-1.62757849;39.31713759;0.1;False;ok;8;1;1.425;
3549;-1.62757849;39.51713759;0.1;False;ok;2;1;1.458;
3550;-1.62757849;39.61713759;0.1;False;ok;5;1;1.562;
3551;-1.62757849;39.91713759;0.1;False;ok;0;1;2.531;
3552;-1.62757849;40.21713759;0.1;False;ok;0;1;2.333;
3553;-1.62757849;40.31713759;0.1;False;ok;3;1;1.565;
3554;-1.62757849;40.41713759;0.1;False;ok;24;1;1.646;
3555;-1.62757849;40.81713759;0.1;False;ok;1;1;1.370;
3556;-1.62757849;40.91713759;0.1;False;ok;1;1;1.917;
3557;-1.62757849;41.21713759;0.1;False;ok;4;1;4.231;
3558;-1.62757849;41.31713759;0.1;False;ok;4;1;4.476;
3559;-1.62757849;41.41713759;0.1;False;ok;2;1;3.216;
3560;-1.62757849;41.51713759;0.1;False;ok;1;1;3.237;
3561;-1.52757849;38.21713759;0.1;False;ok;1;1;5.189;
3562;-1.52757849;38.61713759;0.1;False;ok;4;1;5.559;
3563;-1.52757849;38.81713759;0.1;False;ok;0;1;4.295;
3564;-1.52757849;38.91713759;0.1;False;ok;2;1;5.981;
3565;-1.52757849;39.11713759;0.1;False;ok;75;1;4.062;
3566;-1.52757849;39.21713759;0.1;False;ok;6;1;3.658;
3567;-1.52757849;39.51713759;0.1;False;ok;7;1;5.753;
3568;-1.52757849;40.01713759;0.1;False;ok;2;1;3.714;
3569;-1.52757849;40.21713759;0.1;False;ok;3;1;5.847;
3570;-1.52757849;40.31713759;0.1;False;ok;74;1;6.565;
3571;-1.52757849;40.41713759;0.1;False;ok;5;1;6.148;
3572;-1.52757849;40.51713759;0.1;False;ok;0;1;6.822;
3573;-1.52757849;40.81713759;0.1;False;ok;0;1;6.792;
3574;-1.52757849;40.91713759;0.1;False;ok;4;1;6.006;
3575;-1.52757849;41.11713759;0.1;False;ok;3;1;5.963;
3576;-1.42757849;38.21713759;0.1;False;ok;5;1;5.863;
3577;-1.42757849;38.41713759;0.1;False;ok;5;1;3.842;
3578;-1.42757849;38.61713759;0.1;False;ok;0;1;4.445;
3579;-1.42757849;39.01713759;0.1;False;ok;6;1;4.356;
3580;-1.42757849;39.11713759;0.1;False;ok;42;1;3.941;
3581;-1.42757849;39.21713759;0.1;False;ok;13;1;3.694;
3582;-1.42757849;39.31713759;0.1;False;ok;2;1;4.117;
3583;-1.42757849;39.41713759;0.1;False;ok;8;1;3.663;
3584;-1.42757849;39.71713759;0.1;False;ok;0;1;4.260;
3585;-1.42757849;39.81713759;0.1;False;ok;1;1;3.859;
3586;-1.42757849;39.91713759;0.1;False;ok;3;1;3.943;
3587;-1.42757849;40.01713759;0.1;False;ok;0;1;4.688;
3588;-1.42757849;40.11713759;0.1;False;ok;5;1;4.110;
3589;-1.42757849;40.21713759;0.1;False;ok;3;1;3.862;
3590;-1.42757849;40.31713759;0.1;False;ok;10;1;4.513;
3591;-1.42757849;40.71713759;0.1;False;ok;5;1;3.271;
3592;-1.42757849;40.81713759;0.1;False;ok;4;1;4.353;
3593;-1.42757849;41.01713759;0.1;False;ok;7;1;4.536;
3594;-1.42757849;41.11713759;0.1;False;ok;2;1;4.626;
3595;-1.42757849;41.41713759;0.1;False;ok;2;1;4.657;
3596;-1.32757849;38.31713759;0.1;False;ok;0;1;3.959;
3597;-1.32757849;38.41713759;0.1;False;ok;1;1;4.678;
3598;-1.32757849;38.71713759;0.1;False;ok;1;1;4.539;
3599;-1.32757849;38.91713759;0.1;False;ok;4;1;3.258;
3600;-1.32757849;39.01713759;0.1;False;ok;4;1;3.305;
3601;-1.32757849;39.11713759;0.1;False;ok;2;1;3.184;
3602;-1.32757849;39.21713759;0.1;False;ok;0;1;5.065;
3603;-1.32757849;39.31713759;0.1;False;ok;1;1;4.462;
3604;-1.32757849;39.41713759;0.1;False;ok;1;1;2.935;
3605;-1.32757849;39.51713759;0.1;False;ok;6;1;4.530;
3606;-1.32757849;39.71713759;0.1;False;ok;2;1;4.437;
3607;-1.32757849;39.81713759;0.1;False;ok;5;1;2.991;
3608;-1.32757849;39.91713759;0.1;False;ok;3;1;4.869;
3609;-1.32757849;40.01713759;0.1;False;ok;14;1;4.747;
3610;-1.32757849;40.11713759;0.1;False;ok;10;1;4.786;
3611;-1.32757849;40.21713759;0.1;False;ok;2;1;3.234;
3612;-1.32757849;40.31713759;0.1;False;ok;5;1;3.300;
3613;-1.32757849;40.41713759;0.1;False;ok;16;1;3.359;
3614;-1.32757849;40.51713759;0.1;False;ok;5;1;5.215;
3615;-1.32757849;40.61713759;0.1;False;ok;1;1;3.314;
3616;-1.32757849;40.81713759;0.1;False;ok;1;1;5.774;
3617;-1.32757849;40.91713759;0.1;False;ok;9;1;3.522;
3618;-1.32757849;41.01713759;0.1;False;ok;2;1;5.914;
3619;-1.32757849;41.41713759;0.1;False;ok;1;1;5.917;
3620;-1.32757849;41.51713759;0.1;False;ok;0;1;6.610;
3621;-1.32757849;41.61713759;0.1;False;ok;7;1;5.766;
3622;-1.22757849;38.21713759;0.1;False;ok;4;1;6.042;
3623;-1.22757849;38.31713759;0.1;False;ok;2;1;5.503;
3624;-1.22757849;38.41713759;0.1;False;ok;1;1;3.360;
3625;-1.22757849;38.61713759;0.1;False;ok;4;1;5.432;
3626;-1.22757849;38.91713759;0.1;False;ok;1;1;5.254;
3627;-1.22757849;39.21713759;0.1;False;ok;0;1;5.515;
3628;-1.22757849;39.41713759;0.1;False;ok;2;1;3.907;
3629;-1.22757849;39.51713759;0.1;False;ok;9;1;3.842;
3630;-1.22757849;39.91713759;0.1;False;ok;3;1;3.707;
3631;-1.22757849;40.01713759;0.1;False;ok;2;1;3.662;
3632;-1.22757849;40.21713759;0.1;False;ok;8;1;4.115;
3633;-1.22757849;40.31713759;0.1;False;ok;10;1;4.066;
3634;-1.22757849;40.61713759;0.1;False;ok;4;1;3.629;
3635;-1.22757849;41.31713759;0.1;False;ok;6;1;3.703;
3636;-1.12757849;38.21713759;0.1;False;ok;2;1;3.186;
3637;-1.12757849;38.31713759;0.1;False;ok;12;1;4.144;
3638;-1.12757849;38.41713759;0.1;False;ok;7;1;4.301;
3639;-1.12757849;38.51713759;0.1;False;ok;21;1;5.784;
3640;-1.12757849;38.61713759;0.1;False;ok;4;1;5.855;
3641;-1.12757849;38.81713759;0.1;False;ok;28;1;5.903;
3642;-1.12757849;38.91713759;0.1;False;ok;1;1;3.710;
3643;-1.12757849;39.01713759;0.1;False;ok;14;1;6.004;
3644;-1.12757849;39.11713759;0.1;False;ok;6;1;6.100;
3645;-1.12757849;39.21713759;0.1;False;ok;3;1;3.639;
3646;-1.12757849;39.31713759;0.1;False;ok;3;1;3.588;
3647;-1.12757849;39.41713759;0.1;False;ok;27;1;3.737;
3648;-1.12757849;39.71713759;0.1;False;ok;0;1;6.874;
3649;-1.12757849;39.81713759;0.1;False;ok;3;1;6.076;
3650;-1.12757849;39.91713759;0.1;False;ok;2;1;6.261;
3651;-1.12757849;40.11713759;0.1;False;ok;17;1;3.619;
3652;-1.12757849;40.21713759;0.1;False;ok;2;1;6.359;
3653;-1.12757849;40.31713759;0.1;False;ok;74;1;6.421;
3654;-1.12757849;40.41713759;0.1;False;ok;4;1;6.057;
3655;-1.12757849;40.51713759;0.1;False;ok;2;1;6.188;
3656;-1.12757849;41.01713759;0.1;False;ok;1;1;3.535;
3657;-1.02757849;38.21713759;0.1;False;ok;11;1;5.336;
3658;-1.02757849;38.31713759;0.1;False;ok;5;1;4.903;
3659;-1.02757849;38.41713759;0.1;False;ok;8;1;3.761;
3660;-1.02757849;38.61713759;0.1;False;ok;13;1;3.692;
3661;-1.02757849;39.21713759;0.1;False;ok;4;1;3.631;
3662;-1.02757849;39.31713759;0.1;False;ok;1;1;3.541;
3663;-1.02757849;39.41713759;0.1;False;ok;2;1;3.386;
3664;-1.02757849;39.51713759;0.1;False;ok;7;1;3.191;
3665;-1.02757849;39.71713759;0.1;False;ok;8;1;4.659;
3666;-1.02757849;39.81713759;0.1;False;ok;8;1;4.861;
3667;-1.02757849;39.91713759;0.1;False;ok;3;1;4.861;
3668;-1.02757849;40.11713759;0.1;False;ok;2;1;4.864;
3669;-1.02757849;40.21713759;0.1;False;ok;5;1;4.716;
3670;-1.02757849;40.81713759;0.1;False;ok;1;1;4.453;
3671;-1.02757849;41.31713759;0.1;False;ok;2;1;4.269;
3672;-1.02757849;41.51713759;0.1;False;ok;4;1;4.234;
3673;-1.02757849;41.61713759;0.1;False;ok;20;1;4.237;
3674;-0.92757849;38.21713759;0.1;False;ok;3;1;4.202;
3675;-0.92757849;38.31713759;0.1;False;ok;9;1;3.245;
3676;-0.92757849;38.41713759;0.1;False;ok;9;1;4.275;
3677;-0.92757849;38.51713759;0.1;False;ok;6;1;3.422;
3678;-0.92757849;38.61713759;0.1;False;ok;22;1;3.421;
3679;-0.92757849;38.91713759;0.1;False;ok;0;1;3.952;
3680;-0.92757849;39.31713759;0.1;False;ok;2;1;4.125;
3681;-0.92757849;39.41713759;0.1;False;ok;10;1;3.324;
3682;-0.92757849;39.51713759;0.1;False;ok;1;1;4.167;
3683;-0.92757849;39.61713759;0.1;False;ok;53;1;3.250;
3684;-0.92757849;40.01713759;0.1;False;ok;8;1;4.092;
3685;-0.92757849;40.11713759;0.1;False;ok;2;1;4.281;
3686;-0.92757849;40.31713759;0.1;False;ok;4;1;4.354;
3687;-0.92757849;40.61713759;0.1;False;ok;3;1;4.268;
3688;-0.92757849;40.71713759;0.1;False;ok;1;1;3.095;
3689;-0.92757849;40.81713759;0.1;False;ok;1;1;3.235;
3690;-0.92757849;41.01713759;0.1;False;ok;1;1;3.491;
3691;-0.92757849;41.21713759;0.1;False;ok;3;1;4.745;
3692;-0.92757849;41.61713759;0.025;False;ok;6;1;4.712;
3693;-0.92757849;41.64213759;0.025;False;ok;24;1;3.759;
3694;-0.92757849;41.66713759;0.05;False;ok;6;1;4.805;
3695;-0.90257849;41.61713759;0.025;False;ok;22;1;4.843;
3696;-0.90257849;41.64213759;0.0125;False;ok;31;1;5.244;
3697;-0.90257849;41.65463759;0.0125;False;ok;25;1;3.391;
3698;-0.89007849;41.64213759;0.0125;False;ok;75;1;3.464;
3699;-0.89007849;41.65463759;0.0125;False;ok;75;1;5.384;
3700;-0.87757849;41.61713759;0.05;False;ok;75;1;5.269;
3701;-0.87757849;41.66713759;0.05;False;ok;7;1;5.047;
3702;-0.82757849;38.21713759;0.1;False;ok;18;1;5.157;
3703;-0.82757849;38.31713759;0.1;False;ok;32;1;5.014;
3704;-0.82757849;38.41713759;0.1;False;ok;18;1;4.725;
3705;-0.82757849;38.51713759;0.1;False;ok;4;1;3.107;
3706;-0.82757849;38.61713759;0.1;False;ok;24;1;3.183;
3707;-0.82757849;38.71713759;0.1;False;ok;4;1;3.918;
3708;-0.82757849;38.81713759;0.1;False;ok;7;1;3.054;
3709;-0.82757849;38.91713759;0.1;False;ok;4;1;2.901;
3710;-0.82757849;39.01713759;0.1;False;ok;4;1;3.860;
3711;-0.82757849;39.31713759;0.1;False;ok;18;1;3.994;
3712;-0.82757849;39.41713759;0.1;False;ok;8;1;2.922;
3713;-0.82757849;39.51713759;0.1;False;ok;0;1;3.509;
3714;-0.82757849;39.71713759;0.1;False;ok;3;1;3.473;
3715;-0.82757849;39.91713759;0.1;False;ok;0;1;4.010;
3716;-0.82757849;40.01713759;0.1;False;ok;9;1;3.184;
3717;-0.82757849;40.11713759;0.1;False;ok;6;1;3.086;
3718;-0.82757849;40.21713759;0.1;False;ok;45;1;2.869;
3719;-0.82757849;40.31713759;0.1;False;ok;2;1;2.661;
3720;-0.82757849;40.41713759;0.1;False;ok;5;1;2.437;
3721;-0.82757849;40.51713759;0.1;False;ok;0;1;3.273;
3722;-0.82757849;40.61713759;0.1;False;ok;3;1;2.566;
3723;-0.82757849;41.21713759;0.1;False;ok;11;1;2.591;
3724;-0.82757849;41.51713759;0.1;False;ok;2;1;23.140;
3725;-0.82757849;41.61713759;0.1;False;ok;5;1;23.132;
3726;-0.72757849;38.21713759;0.1;False;ok;68;1;23.433;
3727;-0.72757849;38.31713759;0.1;False;ok;7;1;23.198;
3728;-0.72757849;38.41713759;0.1;False;ok;7;1;23.188;
3729;-0.72757849;38.51713759;0.1;False;ok;12;1;23.262;
3730;-0.72757849;38.61713759;0.1;False;ok;23;1;24.629;
3731;-0.72757849;38.71713759;0.1;False;ok;5;1;23.729;
3732;-0.72757849;38.81713759;0.1;False;ok;6;1;25.057;
3733;-0.72757849;38.91713759;0.1;False;ok;7;1;25.347;
3734;-0.72757849;39.01713759;0.1;False;ok;56;1;25.741;
3735;-0.72757849;39.21713759;0.1;False;ok;0;1;26.478;
3736;-0.72757849;39.31713759;0.1;False;ok;22;1;25.744;
3737;-0.72757849;39.41713759;0.1;False;ok;9;1;24.134;
3738;-0.72757849;39.51713759;0.1;False;ok;9;1;25.745;
3739;-0.72757849;39.61713759;0.1;False;ok;13;1;25.928;
3740;-0.72757849;39.91713759;0.1;False;ok;6;1;26.061;
3741;-0.72757849;40.01713759;0.1;False;ok;13;1;25.960;
3742;-0.72757849;40.11713759;0.1;False;ok;21;1;26.004;
3743;-0.72757849;40.21713759;0.1;False;ok;4;1;1.380;
3744;-0.72757849;40.31713759;0.1;False;ok;17;1;25.151;
3745;-0.72757849;40.41713759;0.1;False;ok;6;1;4.741;
3746;-0.72757849;40.51713759;0.1;False;ok;4;1;4.606;
3747;-0.72757849;40.61713759;0.1;False;ok;3;1;3.248;
3748;-0.72757849;40.81713759;0.1;False;ok;3;1;3.241;
3749;-0.72757849;40.91713759;0.1;False;ok;2;1;3.339;
3750;-0.72757849;41.01713759;0.1;False;ok;2;1;3.279;
3751;-0.72757849;41.11713759;0.1;False;ok;4;1;3.412;
3752;-0.72757849;41.31713759;0.1;False;ok;2;1;3.847;
3753;-0.72757849;41.51713759;0.1;False;ok;4;1;2.595;
3754;-0.62757849;38.21713759;0.1;False;ok;74;1;4.178;
3755;-0.62757849;38.31713759;0.1;False;ok;13;1;2.965;
3756;-0.62757849;38.41713759;0.1;False;ok;11;1;2.861;
3757;-0.62757849;38.51713759;0.1;False;ok;8;1;4.449;
3758;-0.62757849;38.61713759;0.1;False;ok;14;1;2.846;
3759;-0.62757849;38.71713759;0.1;False;ok;33;1;3.103;
3760;-0.62757849;38.81713759;0.1;False;ok;24;1;4.782;
3761;-0.62757849;39.01713759;0.1;False;ok;6;1;4.769;
3762;-0.62757849;39.11713759;0.1;False;ok;2;1;5.026;
3763;-0.62757849;39.21713759;0.1;False;ok;10;1;5.011;
3764;-0.62757849;39.31713759;0.1;False;ok;15;1;4.863;
3765;-0.62757849;39.41713759;0.1;False;ok;23;1;5.095;
3766;-0.62757849;39.51713759;0.1;False;ok;30;1;5.137;
3767;-0.62757849;39.61713759;0.1;False;ok;18;1;5.147;
3768;-0.62757849;39.81713759;0.1;False;ok;12;1;5.042;
3769;-0.62757849;39.91713759;0.1;False;ok;18;1;3.338;
3770;-0.62757849;40.01713759;0.1;False;ok;8;1;4.986;
3771;-0.62757849;40.11713759;0.1;False;ok;18;1;3.282;
3772;-0.62757849;40.31713759;0.1;False;ok;22;1;4.553;
3773;-0.62757849;40.61713759;0.1;False;ok;2;1;4.423;
3774;-0.62757849;40.71713759;0.1;False;ok;3;1;3.347;
3775;-0.62757849;40.81713759;0.1;False;ok;3;1;3.278;
3776;-0.62757849;41.41713759;0.1;False;ok;1;1;3.185;
3777;-0.52757849;38.21713759;0.0125;False;ok;74;1;3.448;
3778;-0.52757849;38.22963759;0.0125;False;ok;73;1;4.316;
3779;-0.52757849;38.24213759;0.00625;False;ok;5;1;3.986;
3780;-0.52757849;38.24838759;0.00625;False;ok;30;1;2.960;
3781;-0.52757849;38.25463759;0.0125;False;ok;42;1;3.019;
3782;-0.52757849;38.26713759;0.05;False;ok;27;1;4.448;
3783;-0.52757849;38.31713759;0.025;False;ok;11;1;4.166;
3784;-0.52757849;38.34213759;0.025;False;ok;9;1;4.168;
3785;-0.52757849;38.36713759;0.05;False;ok;50;1;4.401;
3786;-0.52757849;38.41713759;0.1;False;ok;69;1;4.440;
3787;-0.52757849;38.51713759;0.1;False;ok;7;1;3.284;
3788;-0.52757849;38.61713759;0.1;False;ok;19;1;3.341;
3789;-0.52757849;38.71713759;0.1;False;ok;11;1;3.300;
3790;-0.52757849;38.81713759;0.1;False;ok;8;1;3.852;
3791;-0.52757849;38.91713759;0.1;False;ok;38;1;4.046;
3792;-0.52757849;39.01713759;0.1;False;ok;9;1;3.972;
3793;-0.52757849;39.11713759;0.1;False;ok;32;1;4.013;
3794;-0.52757849;39.21713759;0.1;False;ok;12;1;3.946;
3795;-0.52757849;39.31713759;0.1;False;ok;19;1;3.039;
3796;-0.52757849;39.41713759;0.1;False;ok;72;1;3.740;
3797;-0.52757849;39.51713759;0.1;False;ok;51;1;3.574;
3798;-0.52757849;39.61713759;0.1;False;ok;14;1;2.707;
3799;-0.52757849;39.71713759;0.1;False;ok;5;1;2.785;
3800;-0.52757849;39.81713759;0.1;False;ok;59;1;2.653;
3801;-0.52757849;39.91713759;0.1;False;ok;3;1;2.457;
3802;-0.52757849;40.01713759;0.1;False;ok;23;1;2.386;
3803;-0.52757849;40.11713759;0.1;False;ok;4;1;2.312;
3804;-0.52757849;40.21713759;0.1;False;ok;8;1;2.323;
3805;-0.52757849;40.31713759;0.1;False;ok;10;1;2.979;
3806;-0.52757849;40.41713759;0.1;False;ok;4;1;2.627;
3807;-0.52757849;40.71713759;0.1;False;ok;5;1;4.132;
3808;-0.52757849;40.81713759;0.1;False;ok;8;1;4.172;
3809;-0.52757849;40.91713759;0.1;False;ok;4;1;4.675;
3810;-0.52757849;41.11713759;0.1;False;ok;11;1;4.818;
3811;-0.52757849;41.41713759;0.1;False;ok;1;1;4.848;
3812;-0.52132849;38.24213759;0.00625;False;ok;65;1;3.506;
3813;-0.52132849;38.24838759;0.00625;False;ok;74;1;5.378;
3814;-0.50257849;38.31713759;0.025;False;ok;63;1;5.113;
3815;-0.50257849;38.34213759;0.0125;False;ok;75;1;5.333;
3816;-0.50257849;38.35463759;0.0125;False;ok;16;1;5.137;
3817;-0.49007849;38.34213759;0.003125;False;ok;17;1;5.106;
3818;-0.49007849;38.34526259;0.003125;False;ok;55;1;5.174;
3819;-0.49007849;38.34838759;0.00625;False;ok;75;1;3.678;
3820;-0.49007849;38.35463759;0.0125;False;ok;74;1;5.327;
3821;-0.48695349;38.34213759;0.003125;False;ok;75;1;5.236;
3822;-0.48695349;38.34526259;0.003125;False;ok;73;1;3.792;
3823;-0.48382849;38.34213759;0.003125;False;ok;75;1;3.827;
3824;-0.48382849;38.34526259;0.0015625;False;ok;70;1;3.698;
3825;-0.48382849;38.34682509;0.0015625;False;ok;43;1;3.716;
3826;-0.48382849;38.34838759;0.00625;False;ok;75;1;3.649;
3827;-0.48226599;38.34526259;0.0015625;False;ok;73;1;2.912;
3828;-0.48226599;38.34682509;0.0015625;False;ok;31;1;2.991;
3829;-0.48070349;38.34213759;0.003125;False;ok;32;1;3.199;
3830;-0.48070349;38.34526259;0.003125;False;ok;67;1;2.725;
3831;-0.47757849;38.34213759;0.025;False;ok;73;1;4.507;
3832;-0.47757849;38.36713759;0.05;False;ok;47;1;4.388;
3833;-0.45257849;38.34213759;0.025;False;ok;74;1;4.766;
3834;-0.42757849;38.31713759;0.05;False;ok;73;1;3.376;
3835;-0.42757849;38.36713759;0.0125;False;ok;36;1;3.348;
3836;-0.42757849;38.37963759;0.0125;False;ok;27;1;3.526;
3837;-0.42757849;38.39213759;0.025;False;ok;72;1;5.206;
3838;-0.42757849;38.41713759;0.025;False;ok;6;1;5.036;
3839;-0.42757849;38.46713759;0.05;False;ok;7;1;5.262;
3840;-0.42757849;38.51713759;0.1;False;ok;6;1;4.986;
3841;-0.42757849;38.61713759;0.1;False;ok;11;1;5.192;
3842;-0.42757849;38.71713759;0.1;False;ok;10;1;5.130;
3843;-0.42757849;38.81713759;0.1;False;ok;13;1;3.351;
3844;-0.42757849;38.91713759;0.1;False;ok;0;1;5.748;
3845;-0.42757849;39.01713759;0.1;False;ok;11;1;5.172;
3846;-0.42757849;39.11713759;0.1;False;ok;28;1;5.154;
3847;-0.42757849;39.21713759;0.1;False;ok;4;1;3.071;
3848;-0.42757849;39.31713759;0.1;False;ok;22;1;4.765;
3849;-0.42757849;39.41713759;0.05;False;ok;74;1;3.410;
3850;-0.42757849;39.46713759;0.025;False;ok;44;1;4.786;
3851;-0.42757849;39.49213759;0.025;False;ok;35;1;3.308;
3852;-0.42757849;39.51713759;0.1;False;ok;24;1;3.114;
3853;-0.42757849;39.61713759;0.1;False;ok;20;1;3.081;
3854;-0.42757849;39.71713759;0.1;False;ok;14;1;4.081;
3855;-0.42757849;39.81713759;0.1;False;ok;9;1;4.018;
3856;-0.42757849;39.91713759;0.1;False;ok;6;1;3.016;
3857;-0.42757849;40.11713759;0.1;False;ok;18;1;4.209;
3858;-0.42757849;40.21713759;0.1;False;ok;2;1;2.951;
3859;-0.42757849;40.51713759;0.1;False;ok;15;1;2.921;
3860;-0.42757849;40.61713759;0.1;False;ok;12;1;4.683;
3861;-0.42757849;40.81713759;0.1;False;ok;4;1;4.565;
3862;-0.42757849;41.31713759;0.1;False;ok;4;1;4.425;
3863;-0.42757849;41.61713759;0.1;False;ok;1;1;4.493;
3864;-0.41507849;38.36713759;0.0125;False;ok;50;1;4.616;
3865;-0.41507849;38.37963759;0.0125;False;ok;75;1;4.754;
3866;-0.40257849;38.39213759;0.025;False;ok;53;1;4.732;
3867;-0.40257849;38.41713759;0.0125;False;ok;74;1;4.795;
3868;-0.40257849;38.42963759;0.0125;False;ok;12;1;4.294;
3869;-0.40257849;38.44213759;0.025;False;ok;8;1;2.976;
3870;-0.40257849;39.46713759;0.0125;False;ok;73;1;4.546;
3871;-0.40257849;39.47963759;0.0125;False;ok;36;1;4.096;
3872;-0.40257849;39.49213759;0.025;False;ok;49;1;3.123;
3873;-0.39007849;38.41713759;0.0125;False;ok;29;1;3.243;
3874;-0.39007849;38.42963759;0.0125;False;ok;23;1;3.158;
3875;-0.39007849;39.46713759;0.00625;False;ok;35;1;3.133;
3876;-0.39007849;39.47338759;0.00625;False;ok;51;1;3.478;
3877;-0.39007849;39.47963759;0.0125;False;ok;72;1;3.610;
3878;-0.38382849;39.46713759;0.00625;False;ok;74;1;3.098;
3879;-0.38382849;39.47338759;0.00625;False;ok;74;1;3.453;
3880;-0.37757849;38.41713759;0.05;False;ok;65;1;2.807;
3881;-0.37757849;38.46713759;0.05;False;ok;30;1;3.108;
3882;-0.37757849;39.44213759;0.0125;False;ok;46;1;4.805;
3883;-0.37757849;39.45463759;0.00625;False;ok;63;1;3.453;
3884;-0.37757849;39.46088759;0.00625;False;ok;73;1;5.009;
3885;-0.37757849;39.46713759;0.00625;False;ok;75;1;5.119;
3886;-0.37757849;39.47338759;0.00625;False;ok;75;1;5.174;
3887;-0.37757849;39.47963759;0.0125;False;ok;75;1;3.613;
3888;-0.37757849;39.49213759;0.025;False;ok;44;1;5.097;
3889;-0.37132849;39.45463759;0.00625;False;ok;73;1;5.111;
3890;-0.37132849;39.46088759;0.00625;False;ok;62;1;3.736;
3891;-0.37132849;39.46713759;0.00625;False;ok;15;1;5.016;
3892;-0.37132849;39.47338759;0.00625;False;ok;17;1;5.148;
3893;-0.36507849;39.44213759;0.0125;False;ok;21;1;5.355;
3894;-0.36507849;39.45463759;0.0125;False;ok;74;1;5.417;
3895;-0.36507849;39.46713759;0.0125;False;ok;62;1;5.198;
3896;-0.36507849;39.47963759;0.0125;False;ok;30;1;3.295;
3897;-0.35257849;39.44213759;0.0125;False;ok;3;1;4.908;
3898;-0.35257849;39.45463759;0.0125;False;ok;75;1;5.259;
3899;-0.35257849;39.46713759;0.0125;False;ok;75;1;5.015;
3900;-0.35257849;39.49213759;0.025;False;ok;5;1;3.229;
3901;-0.34007849;39.44213759;0.0125;False;ok;60;1;3.525;
3902;-0.34007849;39.45463759;0.0125;False;ok;74;1;3.631;
3903;-0.34007849;39.46713759;0.0125;False;ok;75;1;3.730;
3904;-0.34007849;39.47963759;0.0125;False;ok;41;1;3.551;
3905;-0.32757849;38.46713759;0.05;False;ok;53;1;3.384;
3906;-0.32757849;38.51713759;0.1;False;ok;22;1;4.644;
3907;-0.32757849;38.61713759;0.1;False;ok;8;1;4.897;
3908;-0.32757849;38.71713759;0.1;False;ok;7;1;4.913;
3909;-0.32757849;38.81713759;0.1;False;ok;9;1;5.039;
3910;-0.32757849;38.91713759;0.1;False;ok;18;1;4.908;
3911;-0.32757849;39.01713759;0.1;False;ok;20;1;3.167;
3912;-0.32757849;39.11713759;0.05;False;ok;6;1;4.966;
3913;-0.32757849;39.21713759;0.1;False;ok;73;1;5.162;
3914;-0.32757849;39.31713759;0.1;False;ok;12;1;4.726;
3915;-0.32757849;39.41713759;0.05;False;ok;39;1;4.808;
3916;-0.32757849;39.46713759;0.025;False;ok;74;1;4.843;
3917;-0.32757849;39.49213759;0.025;False;ok;60;1;4.843;
3918;-0.32757849;39.51713759;0.1;False;ok;70;1;4.831;
3919;-0.32757849;39.61713759;0.1;False;ok;65;1;3.352;
3920;-0.32757849;39.71713759;0.1;False;ok;7;1;4.237;
3921;-0.32757849;39.81713759;0.1;False;ok;19;1;3.430;
3922;-0.32757849;39.91713759;0.1;False;ok;7;1;3.947;
3923;-0.32757849;40.01713759;0.1;False;ok;2;1;3.113;
3924;-0.32757849;40.11713759;0.1;False;ok;10;1;3.046;
3925;-0.32757849;40.21713759;0.1;False;ok;6;1;3.181;
3926;-0.32757849;40.41713759;0.1;False;ok;25;1;2.770;
3927;-0.32757849;40.51713759;0.1;False;ok;11;1;2.969;
3928;-0.32757849;40.61713759;0.1;False;ok;3;1;2.534;
3929;-0.32757849;40.71713759;0.1;False;ok;9;1;3.831;
3930;-0.32757849;40.81713759;0.1;False;ok;2;1;3.635;
3931;-0.32757849;40.91713759;0.1;False;ok;7;1;4.395;
3932;-0.32757849;41.01713759;0.1;False;ok;6;1;4.248;
3933;-0.32757849;41.21713759;0.1;False;ok;1;1;3.117;
3934;-0.32757849;41.61713759;0.1;False;ok;2;1;4.578;
3935;-0.27757849;38.49213759;0.025;False;ok;73;1;4.613;
3936;-0.27757849;39.14213759;0.025;False;ok;16;1;3.061;
3937;-0.27757849;39.16713759;0.05;False;ok;74;1;5.387;
3938;-0.25257849;38.49213759;0.0125;False;ok;19;1;5.020;
3939;-0.25257849;39.11713759;0.025;False;ok;10;1;3.101;
3940;-0.25257849;39.15463759;0.00625;False;ok;1;1;5.095;
3941;-0.25257849;39.16088759;0.00625;False;ok;28;1;5.489;
3942;-0.24632849;39.15463759;0.00625;False;ok;19;1;3.013;
3943;-0.24632849;39.16088759;0.00625;False;ok;72;1;5.497;
3944;-0.24007849;38.49213759;0.0125;False;ok;75;1;5.565;
3945;-0.24007849;38.50463759;0.0125;False;ok;74;1;5.550;
3946;-0.24007849;39.14213759;0.0125;False;ok;2;1;3.075;
3947;-0.22757849;38.41713759;0.1;False;ok;72;1;5.355;
3948;-0.22757849;38.51713759;0.05;False;ok;75;1;3.422;
3949;-0.22757849;38.56713759;0.05;False;ok;15;1;3.344;
3950;-0.22757849;38.61713759;0.1;False;ok;49;1;5.448;
3951;-0.22757849;38.71713759;0.1;False;ok;6;1;5.237;
3952;-0.22757849;38.81713759;0.1;False;ok;45;1;3.385;
3953;-0.22757849;38.91713759;0.05;False;ok;42;1;3.427;
3954;-0.22757849;38.96713759;0.05;False;ok;53;1;3.440;
3955;-0.22757849;39.01713759;0.1;False;ok;70;1;3.653;
3956;-0.22757849;39.11713759;0.1;False;ok;74;1;5.461;
3957;-0.22757849;39.61713759;0.05;False;ok;73;1;5.030;
3958;-0.22757849;39.66713759;0.05;False;ok;72;1;5.454;
3959;-0.22757849;39.71713759;0.1;False;ok;74;1;5.393;
3960;-0.22757849;39.91713759;0.1;False;ok;2;1;3.301;
3961;-0.22757849;40.01713759;0.1;False;ok;7;1;4.899;
3962;-0.22757849;40.11713759;0.1;False;ok;4;1;4.877;
3963;-0.22757849;40.21713759;0.1;False;ok;5;1;4.709;
3964;-0.22757849;40.31713759;0.1;False;ok;16;1;4.716;
3965;-0.22757849;40.41713759;0.1;False;ok;8;1;4.618;
3966;-0.22757849;40.51713759;0.1;False;ok;6;1;4.600;
3967;-0.22757849;40.61713759;0.1;False;ok;11;1;4.567;
3968;-0.22757849;40.71713759;0.1;False;ok;2;1;3.067;
3969;-0.22757849;40.81713759;0.1;False;ok;2;1;3.073;
3970;-0.22757849;40.91713759;0.1;False;ok;8;1;3.109;
3971;-0.22757849;41.01713759;0.1;False;ok;50;1;3.199;
3972;-0.22757849;41.11713759;0.1;False;ok;7;1;4.228;
3973;-0.22757849;41.21713759;0.1;False;ok;1;1;2.871;
3974;-0.22757849;41.41713759;0.1;False;ok;0;1;4.489;
3975;-0.17757849;38.51713759;0.00625;False;ok;11;1;2.964;
3976;-0.17757849;38.52338759;0.00625;False;ok;75;1;4.022;
3977;-0.17757849;38.52963759;0.0125;False;ok;27;1;3.475;
3978;-0.17757849;38.54213759;0.025;False;ok;22;1;3.020;
3979;-0.17757849;38.56713759;0.05;False;ok;53;1;3.411;
3980;-0.17757849;38.91713759;0.05;False;ok;53;1;3.071;
3981;-0.17757849;38.96713759;0.025;False;ok;30;1;3.130;
3982;-0.17757849;38.99213759;0.0125;False;ok;30;1;3.099;
3983;-0.17757849;39.00463759;0.00625;False;ok;8;1;2.831;
3984;-0.17757849;39.01088759;0.00625;False;ok;59;1;2.972;
3985;-0.17132849;38.52338759;0.00625;False;ok;75;1;3.118;
3986;-0.17132849;39.00463759;0.00625;False;ok;71;1;3.113;
3987;-0.17132849;39.01088759;0.00625;False;ok;38;1;26.867;
3988;-0.16507849;38.51713759;0.0125;False;ok;72;1;24.832;
3989;-0.16507849;38.52963759;0.0125;False;ok;75;1;26.885;
3990;-0.16507849;38.99213759;0.00625;False;ok;61;1;26.641;
3991;-0.16507849;38.99838759;0.00625;False;ok;75;1;26.756;
3992;-0.16507849;39.00463759;0.0125;False;ok;19;1;26.579;
3993;-0.15882849;38.99213759;0.00625;False;ok;27;1;2.455;
3994;-0.15882849;38.99838759;0.00625;False;ok;8;1;2.214;
3995;-0.15257849;38.52963759;0.0125;False;ok;74;1;3.042;
3996;-0.15257849;38.54213759;0.025;False;ok;68;1;3.392;
3997;-0.15257849;38.96713759;0.025;False;ok;55;1;3.311;
3998;-0.14007849;38.53588759;0.00625;False;ok;75;1;3.515;
3999;-0.13382849;38.52963759;0.00625;False;ok;75;1;3.314;
4000;-0.13382849;38.53588759;0.003125;False;ok;64;1;3.414;
4001;-0.13382849;38.53901259;0.003125;False;ok;21;1;3.231;
4002;-0.13070349;38.53588759;0.003125;False;ok;73;1;3.375;
4003;-0.13070349;38.53901259;0.003125;False;ok;6;1;3.261;
4004;-0.12757849;38.52963759;0.00625;False;ok;4;1;2.846;
4005;-0.12757849;38.53588759;0.003125;False;ok;65;1;3.291;
4006;-0.12757849;38.53901259;0.003125;False;ok;27;1;3.066;
4007;-0.12757849;38.54213759;0.025;False;ok;62;1;3.064;
4008;-0.12757849;38.56713759;0.05;False;ok;67;1;3.311;
4009;-0.12757849;38.61713759;0.1;False;ok;74;1;2.826;
4010;-0.12757849;38.71713759;0.1;False;ok;72;1;3.561;
4011;-0.12757849;38.81713759;0.05;False;ok;26;1;3.624;
4012;-0.12757849;38.86713759;0.05;False;ok;19;1;3.109;
4013;-0.12757849;38.91713759;0.1;False;ok;72;1;3.691;
4014;-0.12757849;39.71713759;0.1;False;ok;2;1;3.127;
4015;-0.12757849;39.81713759;0.1;False;ok;60;1;3.208;
4016;-0.12757849;39.91713759;0.1;False;ok;74;1;3.716;
4017;-0.12757849;40.01713759;0.1;False;ok;19;1;3.563;
4018;-0.12757849;40.11713759;0.1;False;ok;13;1;3.378;
4019;-0.12757849;40.21713759;0.1;False;ok;8;1;3.332;
4020;-0.12757849;40.31713759;0.1;False;ok;6;1;3.211;
4021;-0.12757849;40.51713759;0.1;False;ok;10;1;3.045;
4022;-0.12757849;40.61713759;0.1;False;ok;46;1;3.143;
4023;-0.12757849;40.71713759;0.1;False;ok;5;1;2.133;
4024;-0.12757849;40.81713759;0.1;False;ok;2;1;2.366;
4025;-0.12757849;40.91713759;0.1;False;ok;6;1;2.870;
4026;-0.12757849;41.21713759;0.1;False;ok;13;1;2.860;
4027;-0.12445349;38.53588759;0.003125;False;ok;53;1;3.381;
4028;-0.12445349;38.53901259;0.003125;False;ok;30;1;3.223;
4029;-0.12132849;38.52963759;0.00625;False;ok;66;1;3.140;
4030;-0.12132849;38.53588759;0.003125;False;ok;50;1;3.407;
4031;-0.12132849;38.53901259;0.003125;False;ok;50;1;3.547;
4032;-0.11820349;38.53588759;0.003125;False;ok;74;1;3.685;
4033;-0.11820349;38.53901259;0.003125;False;ok;57;1;3.564;
4034;-0.11507849;38.51713759;0.0125;False;ok;12;1;3.407;
4035;-0.11507849;38.52963759;0.00625;False;ok;74;1;3.736;
4036;-0.11507849;38.53588759;0.003125;False;ok;75;1;3.597;
4037;-0.11507849;38.53901259;0.003125;False;ok;14;1;3.036;
4038;-0.11195349;38.53588759;0.003125;False;ok;62;1;2.721;
4039;-0.11195349;38.53901259;0.003125;False;ok;25;1;2.498;
4040;-0.10882849;38.52963759;0.0015625;False;ok;31;1;2.513;
4041;-0.10882849;38.53120009;0.0015625;False;ok;17;1;3.130;
4042;-0.10882849;38.53276259;0.003125;False;ok;75;1;3.372;
4043;-0.10882849;38.53588759;0.003125;False;ok;73;1;3.120;
4044;-0.10882849;38.53901259;0.003125;False;ok;19;1;3.124;
4045;-0.10726599;38.52963759;0.0015625;False;ok;70;1;3.283;
4046;-0.10726599;38.53120009;0.0015625;False;ok;46;1;3.412;
4047;-0.10570349;38.52963759;0.003125;False;ok;34;1;3.385;
4048;-0.10570349;38.53276259;0.003125;False;ok;69;1;3.208;
4049;-0.10570349;38.53588759;0.003125;False;ok;72;1;3.371;
4050;-0.10570349;38.53901259;0.003125;False;ok;4;1;3.156;
4051;-0.10257849;38.51713759;0.025;False;ok;74;1;3.302;
4052;-0.10257849;38.54213759;0.025;False;ok;17;1;2.831;
4053;-0.07757849;38.51713759;0.05;False;ok;24;1;2.579;
4054;-0.07757849;38.56713759;0.00625;False;ok;45;1;2.566;
4055;-0.07757849;38.57338759;0.00625;False;ok;20;1;2.750;
4056;-0.07757849;38.57963759;0.0125;False;ok;4;1;2.653;
4057;-0.07757849;38.59213759;0.025;False;ok;70;1;3.155;
4058;-0.07757849;38.81713759;0.05;False;ok;73;1;3.314;
4059;-0.07757849;38.86713759;0.025;False;ok;58;1;3.502;
4060;-0.07757849;38.89213759;0.025;False;ok;74;1;3.486;
4061;-0.07132849;38.56713759;0.00625;False;ok;30;1;3.594;
4062;-0.07132849;38.57338759;0.00625;False;ok;70;1;3.774;
4063;-0.06507849;38.56713759;0.0125;False;ok;15;1;3.585;
4064;-0.06507849;38.57963759;0.0125;False;ok;23;1;3.559;
4065;-0.05257849;38.59213759;0.00625;False;ok;32;1;3.264;
4066;-0.05257849;38.59838759;0.00625;False;ok;75;1;3.697;
4067;-0.05257849;38.60463759;0.0125;False;ok;7;1;3.261;
4068;-0.05257849;38.86713759;0.025;False;ok;75;1;3.559;
4069;-0.05257849;38.89213759;0.025;False;ok;12;1;2.955;
4070;-0.04632849;38.59838759;0.00625;False;ok;31;1;2.780;
4071;-0.04007849;38.59213759;0.0125;False;ok;0;1;3.464;
4072;-0.04007849;38.60463759;0.0125;False;ok;53;1;3.267;
4073;-0.02757849;38.61713759;0.0125;False;ok;30;1;4.268;
4074;-0.02757849;38.62963759;0.0125;False;ok;36;1;3.310;
4075;-0.02757849;38.64213759;0.025;False;ok;12;1;3.238;
4076;-0.02757849;38.66713759;0.05;False;ok;5;1;4.683;
4077;-0.02757849;38.71713759;0.05;False;ok;22;1;4.984;
4078;-0.02757849;38.76713759;0.05;False;ok;23;1;4.848;
4079;-0.02757849;38.81713759;0.025;False;ok;8;1;3.396;
4080;-0.02757849;38.84213759;0.025;False;ok;47;1;4.949;
4081;-0.02757849;38.86713759;0.05;False;ok;67;1;4.931;
4082;-0.02757849;39.91713759;0.1;False;ok;70;1;3.693;
4083;-0.02757849;40.01713759;0.1;False;ok;73;1;3.914;
4084;-0.02757849;40.11713759;0.1;False;ok;14;1;5.428;
4085;-0.02757849;40.21713759;0.1;False;ok;5;1;4.900;
4086;-0.02757849;40.31713759;0.1;False;ok;7;1;4.900;
4087;-0.02757849;40.41713759;0.1;False;ok;11;1;3.174;
4088;-0.02757849;40.51713759;0.1;False;ok;0;1;3.838;
4089;-0.02757849;40.61713759;0.1;False;ok;1;1;3.094;
4090;-0.02757849;40.71713759;0.1;False;ok;21;1;5.114;
4091;-0.02757849;40.81713759;0.1;False;ok;6;1;3.153;
4092;-0.02757849;40.91713759;0.1;False;ok;3;1;4.999;
4093;-0.02757849;41.41713759;0.1;False;ok;0;1;3.995;
4094;-0.01507849;38.61713759;0.0125;False;ok;4;1;5.038;
4095;-0.01507849;38.62963759;0.0125;False;ok;59;1;3.539;
4096;-0.00257849;38.62963759;0.0125;False;ok;47;1;5.342;
4097;-0.00257849;38.64213759;0.025;False;ok;5;1;5.019;
4098;-0.00257849;38.81713759;0.025;False;ok;20;1;5.083;
4099;-0.00257849;38.84213759;0.0125;False;ok;15;1;3.574;
4100;-0.00257849;38.85463759;0.0125;False;ok;71;1;3.726;
4101;0.00992151;38.62963759;0.0125;False;ok;37;1;5.536;
4102;0.00992151;38.84213759;0.0125;False;ok;23;1;5.479;
4103;0.00992151;38.85463759;0.0125;False;ok;69;1;5.723;
4104;0.02242151;38.62963759;0.00625;False;ok;39;1;5.550;
4105;0.02242151;38.63588759;0.00625;False;ok;16;1;3.455;
4106;0.02242151;38.64213759;0.0125;False;ok;37;1;5.591;
4107;0.02242151;38.65463759;0.0125;False;ok;23;1;5.450;
4108;0.02242151;38.66713759;0.025;False;ok;10;1;5.490;
4109;0.02242151;38.69213759;0.025;False;ok;9;1;3.413;
4110;0.02242151;38.71713759;0.05;False;ok;15;1;5.321;
4111;0.02242151;38.76713759;0.05;False;ok;67;1;3.752;
4112;0.02242151;38.81713759;0.025;False;ok;3;1;3.175;
4113;0.02242151;38.84213759;0.0125;False;ok;2;1;4.847;
4114;0.02242151;38.85463759;0.0125;False;ok;75;1;5.138;
4115;0.02867151;38.62963759;0.00625;False;ok;30;1;3.369;
4116;0.02867151;38.63588759;0.00625;False;ok;33;1;5.321;
4117;0.03492151;38.62963759;0.0125;False;ok;74;1;5.684;
4118;0.03492151;38.64213759;0.00625;False;ok;31;1;3.490;
4119;0.03492151;38.64838759;0.00625;False;ok;20;1;5.549;
4120;0.03492151;38.65463759;0.0125;False;ok;17;1;5.564;
4121;0.03492151;38.85463759;0.0125;False;ok;58;1;3.573;
4122;0.04117151;38.64213759;0.00625;False;ok;73;1;3.702;
4123;0.04117151;38.64838759;0.00625;False;ok;9;1;3.529;
4124;0.04742151;38.62963759;0.0125;False;ok;34;1;5.690;
4125;0.04742151;38.64213759;0.003125;False;ok;75;1;3.929;
4126;0.04742151;38.64526259;0.003125;False;ok;1;1;5.490;
4127;0.04742151;38.64838759;0.00625;False;ok;15;1;5.745;
4128;0.04742151;38.65463759;0.0125;False;ok;32;1;6.173;
4129;0.04742151;38.66713759;0.025;False;ok;74;1;6.395;
4130;0.04742151;38.69213759;0.025;False;ok;30;1;6.127;
4131;0.04742151;38.81713759;0.025;False;ok;9;1;6.000;
4132;0.04742151;38.84213759;0.0125;False;ok;0;1;6.474;
4133;0.04742151;38.85463759;0.00625;False;ok;58;1;3.648;
4134;0.04742151;38.86088759;0.00625;False;ok;32;1;3.634;
4135;0.05054651;38.64213759;0.003125;False;ok;74;1;5.652;
4136;0.05367151;38.64213759;0.003125;False;ok;75;1;3.743;
4137;0.05367151;38.64838759;0.00625;False;ok;21;1;3.676;
4138;0.05367151;38.85463759;0.00625;False;ok;72;1;5.537;
4139;0.05367151;38.86088759;0.00625;False;ok;8;1;5.242;
4140;0.05679651;38.64213759;0.003125;False;ok;74;1;3.749;
4141;0.05679651;38.64526259;0.003125;False;ok;27;1;5.569;
4142;0.05992151;38.63588759;0.00625;False;ok;64;1;5.599;
4143;0.05992151;38.64213759;0.00625;False;ok;41;1;5.357;
4144;0.05992151;38.64838759;0.00625;False;ok;50;1;3.805;
4145;0.05992151;38.65463759;0.00625;False;ok;42;1;3.571;
4146;0.05992151;38.66088759;0.00625;False;ok;22;1;3.409;
4147;0.05992151;38.84213759;0.0125;False;ok;25;1;3.453;
4148;0.05992151;38.85463759;0.00625;False;ok;70;1;5.542;
4149;0.06617151;38.63588759;0.00625;False;ok;75;1;5.574;
4150;0.06617151;38.64213759;0.003125;False;ok;7;1;3.399;
4151;0.06617151;38.64838759;0.00625;False;ok;22;1;5.429;
4152;0.06617151;38.65463759;0.00625;False;ok;23;1;5.539;
4153;0.06617151;38.66088759;0.00625;False;ok;34;1;5.714;
4154;0.06617151;38.85463759;0.00625;False;ok;64;1;5.572;
4155;0.06929651;38.64213759;0.003125;False;ok;75;1;5.548;
4156;0.06929651;38.64526259;0.003125;False;ok;22;1;5.498;
4157;0.07242151;38.51713759;0.1;False;ok;0;1;4.112;
4158;0.07242151;38.61713759;0.025;False;ok;39;1;5.336;
4159;0.07242151;38.64213759;0.00625;False;ok;72;1;3.603;
4160;0.07242151;38.64838759;0.003125;False;ok;75;1;5.401;
4161;0.07242151;38.65151259;0.003125;False;ok;40;1;3.748;
4162;0.07242151;38.65463759;0.00625;False;ok;49;1;5.514;
4163;0.07242151;38.66088759;0.00625;False;ok;39;1;3.830;
4164;0.07242151;38.66713759;0.0125;False;ok;70;1;3.925;
4165;0.07242151;38.67963759;0.0125;False;ok;13;1;5.528;
4166;0.07242151;38.69213759;0.025;False;ok;43;1;5.548;
4167;0.07242151;38.71713759;0.05;False;ok;30;1;5.581;
4168;0.07242151;38.76713759;0.05;False;ok;66;1;3.869;
4169;0.07242151;38.81713759;0.025;False;ok;58;1;5.640;
4170;0.07242151;38.84213759;0.0125;False;ok;71;1;3.816;
4171;0.07242151;38.85463759;0.0125;False;ok;40;1;5.397;
4172;0.07242151;40.01713759;0.05;False;ok;52;1;3.678;
4173;0.07242151;40.21713759;0.1;False;ok;6;1;5.311;
4174;0.07242151;40.31713759;0.1;False;ok;1;1;3.387;
4175;0.07242151;40.41713759;0.1;False;ok;5;1;5.401;
4176;0.07242151;40.51713759;0.1;False;ok;6;1;5.301;
4177;0.07242151;40.61713759;0.1;False;ok;8;1;5.416;
4178;0.07242151;40.71713759;0.1;False;ok;9;1;5.414;
4179;0.07242151;40.81713759;0.1;False;ok;69;1;3.784;
4180;0.07242151;40.91713759;0.1;False;ok;20;1;5.420;
4181;0.07242151;41.11713759;0.1;False;ok;3;1;5.276;
4182;0.07242151;41.61713759;0.1;False;ok;1;1;3.413;
4183;0.07554651;38.64838759;0.003125;False;ok;68;1;3.817;
4184;0.07554651;38.65151259;0.003125;False;ok;21;1;5.291;
4185;0.07867151;38.65463759;0.00625;False;ok;11;1;5.395;
4186;0.07867151;38.66088759;0.00625;False;ok;36;1;5.399;
4187;0.08492151;38.65463759;0.0125;False;ok;30;1;5.490;
4188;0.08492151;38.66713759;0.0125;False;ok;68;1;5.442;
4189;0.08492151;38.67963759;0.00625;False;ok;25;1;3.500;
4190;0.08492151;38.68588759;0.00625;False;ok;8;1;3.475;
4191;0.08492151;38.84213759;0.00625;False;ok;6;1;3.307;
4192;0.08492151;38.84838759;0.00625;False;ok;71;1;3.765;
4193;0.09117151;38.67963759;0.00625;False;ok;30;1;3.581;
4194;0.09117151;38.68588759;0.00625;False;ok;43;1;5.777;
4195;0.09117151;38.84213759;0.00625;False;ok;39;1;5.711;
4196;0.09117151;38.84838759;0.00625;False;ok;61;1;5.731;
4197;0.09742151;38.66713759;0.0125;False;ok;60;1;3.583;
4198;0.09742151;38.67963759;0.0125;False;ok;74;1;5.907;
4199;0.09742151;38.69213759;0.025;False;ok;74;1;5.641;
4200;0.09742151;38.81713759;0.0125;False;ok;43;1;5.532;
4201;0.09742151;38.82963759;0.0125;False;ok;71;1;5.541;
4202;0.09742151;38.84213759;0.00625;False;ok;73;1;5.450;
4203;0.09742151;38.84838759;0.00625;False;ok;26;1;5.372;
4204;0.10367151;38.84213759;0.00625;False;ok;62;1;3.816;
4205;0.10992151;38.66713759;0.0125;False;ok;19;1;3.671;
4206;0.10992151;38.67963759;0.0125;False;ok;73;1;3.753;
4207;0.10992151;38.81713759;0.0125;False;ok;56;1;4.815;
4208;0.10992151;38.82963759;0.0125;False;ok;73;1;4.704;
4209;0.10992151;38.84213759;0.0125;False;ok;19;1;3.514;
4210;0.12242151;38.67963759;0.0125;False;ok;73;1;3.770;
4211;0.12242151;38.69213759;0.0125;False;ok;70;1;3.990;
4212;0.12242151;38.70463759;0.0125;False;ok;15;1;4.011;
4213;0.12242151;38.71713759;0.025;False;ok;21;1;3.751;
4214;0.12242151;38.74213759;0.025;False;ok;30;1;3.292;
4215;0.12242151;38.76713759;0.025;False;ok;34;1;24.386;
4216;0.12242151;38.79213759;0.025;False;ok;47;1;24.339;
4217;0.12242151;38.81713759;0.0125;False;ok;61;1;24.492;
4218;0.12242151;38.82963759;0.0125;False;ok;18;1;26.316;
4219;0.12242151;40.06713759;0.025;False;ok;75;1;26.895;
4220;0.12242151;40.09213759;0.025;False;ok;72;1;26.770;
4221;0.12242151;40.11713759;0.025;False;ok;0;1;27.290;
4222;0.13492151;38.67963759;0.0125;False;ok;74;1;26.760;
4223;0.13492151;38.69213759;0.0125;False;ok;51;1;26.679;
4224;0.13492151;38.70463759;0.0125;False;ok;52;1;26.694;
4225;0.13492151;38.81713759;0.0125;False;ok;28;1;2.333;
4226;0.13492151;38.82963759;0.0125;False;ok;14;1;2.289;
4227;0.14742151;38.66713759;0.025;False;ok;14;1;2.665;
4228;0.14742151;38.69213759;0.0125;False;ok;50;1;2.638;
4229;0.14742151;38.70463759;0.0125;False;ok;58;1;2.635;
4230;0.14742151;38.71713759;0.025;False;ok;72;1;2.619;
4231;0.14742151;38.74213759;0.025;False;ok;55;1;2.509;
4232;0.14742151;38.76713759;0.025;False;ok;72;1;2.654;
4233;0.14742151;38.79213759;0.025;False;ok;30;1;2.491;
4234;0.14742151;38.81713759;0.025;False;ok;7;1;2.297;
4235;0.14742151;40.09213759;0.0125;False;ok;9;1;1.964;
4236;0.14742151;40.10463759;0.00625;False;ok;75;1;2.275;
4237;0.14742151;40.11088759;0.00625;False;ok;74;1;2.541;
4238;0.14742151;40.11713759;0.00625;False;ok;73;1;2.551;
4239;0.14742151;40.12338759;0.00625;False;ok;6;1;2.357;
4240;0.15367151;40.11088759;0.00625;False;ok;75;1;2.559;
4241;0.15367151;40.11713759;0.00625;False;ok;75;1;2.692;
4242;0.15367151;40.12338759;0.00625;False;ok;75;1;2.707;
4243;0.15992151;38.69213759;0.0125;False;ok;2;1;2.423;
4244;0.15992151;38.70463759;0.0125;False;ok;49;1;2.640;
4245;0.15992151;40.12963759;0.0125;False;ok;29;1;2.209;
4246;0.17242151;38.71713759;0.025;False;ok;22;1;2.141;
4247;0.17242151;38.74213759;0.0125;False;ok;20;1;2.493;
4248;0.17242151;38.75463759;0.0125;False;ok;29;1;2.403;
4249;0.17242151;38.76713759;0.0125;False;ok;74;1;2.556;
4250;0.17242151;38.77963759;0.0125;False;ok;75;1;2.640;
4251;0.17242151;38.79213759;0.025;False;ok;72;1;2.591;
4252;0.17242151;40.11713759;0.1;False;ok;22;1;2.476;
4253;0.17242151;40.21713759;0.05;False;ok;7;1;2.471;
4254;0.17242151;40.41713759;0.1;False;ok;18;1;2.525;
4255;0.17242151;40.51713759;0.1;False;ok;6;1;2.303;
4256;0.17242151;40.61713759;0.1;False;ok;5;1;2.212;
4257;0.17242151;40.81713759;0.1;False;ok;75;1;2.737;
4258;0.17242151;40.91713759;0.1;False;ok;30;1;2.486;
4259;0.17242151;41.01713759;0.1;False;ok;15;1;2.443;
4260;0.17242151;41.11713759;0.1;False;ok;2;1;3.015;
4261;0.17242151;41.61713759;0.1;False;ok;2;1;3.127;
4262;0.18492151;38.74213759;0.0125;False;ok;28;1;3.165;
4263;0.18492151;38.75463759;0.0125;False;ok;46;1;3.196;
4264;0.18492151;38.76713759;0.00625;False;ok;74;1;3.124;
4265;0.18492151;38.77338759;0.00625;False;ok;75;1;2.829;
4266;0.18492151;38.77963759;0.0125;False;ok;8;1;2.438;
4267;0.19117151;38.76713759;0.00625;False;ok;49;1;2.841;
4268;0.19742151;38.72963759;0.0125;False;ok;57;1;2.623;
4269;0.19742151;38.74213759;0.00625;False;ok;16;1;2.630;
4270;0.19742151;38.74838759;0.00625;False;ok;28;1;2.605;
4271;0.19742151;38.75463759;0.0125;False;ok;70;1;2.555;
4272;0.19742151;38.76713759;0.025;False;ok;12;1;2.488;
4273;0.20367151;38.74213759;0.00625;False;ok;20;1;2.610;
4274;0.20367151;38.74838759;0.00625;False;ok;24;1;2.628;
4275;0.20992151;38.72963759;0.0125;False;ok;44;1;2.713;
4276;0.20992151;38.74213759;0.0125;False;ok;42;1;2.576;
4277;0.20992151;38.75463759;0.0125;False;ok;7;1;2.321;
4278;0.22242151;38.71713759;0.05;False;ok;70;1;2.586;
4279;0.22242151;40.26713759;0.05;False;ok;5;1;2.312;
4280;0.24742151;40.21713759;0.0125;False;ok;0;1;3.195;
4281;0.24742151;40.24213759;0.025;False;ok;11;1;2.360;
4282;0.25992151;40.21713759;0.0125;False;ok;57;1;2.570;
4283;0.25992151;40.22963759;0.0125;False;ok;59;1;2.665;
4284;0.27242151;40.21713759;0.025;False;ok;54;1;2.611;
4285;0.27242151;40.24213759;0.0125;False;ok;73;1;2.566;
4286;0.27242151;40.25463759;0.0125;False;ok;6;1;2.402;
4287;0.27242151;40.26713759;0.05;False;ok;1;1;2.190;
4288;0.27242151;40.31713759;0.1;False;ok;72;1;2.514;
4289;0.27242151;40.41713759;0.1;False;ok;31;1;2.273;
4290;0.27242151;40.51713759;0.1;False;ok;22;1;2.321;
4291;0.27242151;40.61713759;0.1;False;ok;8;1;2.148;
4292;0.27242151;40.71713759;0.1;False;ok;3;1;2.267;
4293;0.27242151;40.91713759;0.1;False;ok;30;1;2.375;
4294;0.27242151;41.01713759;0.1;False;ok;7;1;2.469;
4295;0.27242151;41.11713759;0.1;False;ok;3;1;2.345;
4296;0.27242151;41.21713759;0.1;False;ok;7;1;2.199;
4297;0.27242151;41.31713759;0.1;False;ok;9;1;2.216;
4298;0.27242151;41.41713759;0.1;False;ok;2;1;2.249;
4299;0.27242151;41.51713759;0.1;False;ok;3;1;2.195;
4300;0.28492151;40.24213759;0.0125;False;ok;46;1;2.371;
4301;0.28492151;40.25463759;0.0125;False;ok;73;1;3.024;
4302;0.37242151;40.35463759;0.0125;False;ok;23;1;3.129;
4303;0.37242151;40.36713759;0.025;False;ok;73;1;2.720;
4304;0.37242151;40.39213759;0.025;False;ok;2;1;3.273;
4305;0.37242151;40.41713759;0.1;False;ok;75;1;3.828;
4306;0.37242151;40.51713759;0.1;False;ok;66;1;2.938;
4307;0.37242151;40.61713759;0.1;False;ok;1;1;4.835;
4308;0.37242151;40.71713759;0.1;False;ok;3;1;3.174;
4309;0.37242151;40.81713759;0.1;False;ok;7;1;5.479;
4310;0.37242151;40.91713759;0.1;False;ok;29;1;5.394;
4311;0.37242151;41.01713759;0.1;False;ok;5;1;5.259;
4312;0.37242151;41.21713759;0.1;False;ok;6;1;3.389;
4313;0.37242151;41.41713759;0.1;False;ok;3;1;4.979;
4314;0.37242151;41.51713759;0.1;False;ok;2;1;3.418;
4315;0.38492151;40.34213759;0.0125;False;ok;63;1;4.921;
4316;0.38492151;40.35463759;0.00625;False;ok;5;1;4.394;
4317;0.38492151;40.36088759;0.00625;False;ok;55;1;3.754;
4318;0.39117151;40.35463759;0.00625;False;ok;70;1;3.742;
4319;0.39117151;40.36088759;0.00625;False;ok;70;1;3.663;
4320;0.39742151;40.35463759;0.00625;False;ok;74;1;3.748;
4321;0.39742151;40.36088759;0.00625;False;ok;75;1;4.691;
4322;0.39742151;40.36713759;0.0125;False;ok;74;1;3.562;
4323;0.39742151;40.37963759;0.0125;False;ok;74;1;4.855;
4324;0.39742151;40.39213759;0.025;False;ok;73;1;3.462;
4325;0.40367151;40.35463759;0.00625;False;ok;74;1;5.345;
4326;0.40992151;40.37963759;0.0125;False;ok;54;1;5.190;
4327;0.42242151;40.36713759;0.05;False;ok;57;1;5.090;
4328;0.47242151;40.41713759;0.1;False;ok;75;1;5.243;
4329;0.47242151;40.51713759;0.1;False;ok;75;1;5.826;
4330;0.47242151;40.61713759;0.1;False;ok;18;1;5.755;
4331;0.47242151;40.71713759;0.1;False;ok;18;1;5.652;
4332;0.47242151;40.81713759;0.1;False;ok;39;1;5.889;
4333;0.47242151;40.91713759;0.1;False;ok;19;1;3.803;
4334;0.47242151;41.01713759;0.1;False;ok;7;1;3.741;
4335;0.47242151;41.21713759;0.1;False;ok;7;1;5.702;
4336;0.47242151;41.31713759;0.1;False;ok;2;1;3.714;
4337;0.47242151;41.41713759;0.1;False;ok;1;1;5.617;
4338;0.47242151;41.51713759;0.1;False;ok;4;1;3.645;
4339;0.47242151;41.61713759;0.1;False;ok;1;1;5.557;
4340;0.57242151;40.51713759;0.1;False;ok;74;1;5.699;
4341;0.57242151;40.61713759;0.1;False;ok;72;1;3.798;
4342;0.57242151;40.71713759;0.1;False;ok;68;1;3.619;
4343;0.57242151;40.81713759;0.1;False;ok;5;1;4.652;
4344;0.57242151;40.91713759;0.1;False;ok;12;1;4.495;
4345;0.57242151;41.01713759;0.1;False;ok;43;1;3.382;
4346;0.57242151;41.11713759;0.1;False;ok;9;1;3.220;
4347;0.57242151;41.31713759;0.1;False;ok;1;1;3.097;
4348;0.57242151;41.41713759;0.1;False;ok;1;1;3.146;
4349;0.57242151;41.51713759;0.1;False;ok;13;1;5.222;
4350;0.57242151;41.61713759;0.1;False;ok;16;1;5.295;
4351;0.67242151;40.61713759;0.1;False;ok;75;1;5.443;
4352;0.67242151;40.71713759;0.05;False;ok;62;1;5.159;
4353;0.67242151;40.76713759;0.025;False;ok;16;1;5.527;
4354;0.67242151;40.79213759;0.025;False;ok;24;1;5.653;
4355;0.67242151;40.81713759;0.05;False;ok;15;1;5.639;
4356;0.67242151;40.86713759;0.05;False;ok;15;1;3.479;
4357;0.67242151;40.91713759;0.1;False;ok;4;1;3.538;
4358;0.67242151;41.01713759;0.1;False;ok;17;1;5.521;
4359;0.67242151;41.11713759;0.1;False;ok;14;1;5.577;
4360;0.67242151;41.21713759;0.1;False;ok;13;1;5.491;
4361;0.67242151;41.41713759;0.1;False;ok;3;1;5.474;
4362;0.67242151;41.51713759;0.1;False;ok;1;1;5.392;
4363;0.67242151;41.61713759;0.1;False;ok;3;1;3.434;
4364;0.69742151;40.79213759;0.025;False;ok;71;1;3.666;
4365;0.72242151;40.71713759;0.05;False;ok;66;1;5.880;
4366;0.72242151;40.81713759;0.05;False;ok;53;1;3.550;
4367;0.72242151;40.86713759;0.05;False;ok;7;1;3.456;
4368;0.77242151;40.61713759;0.1;False;ok;51;1;5.690;
4369;0.77242151;40.71713759;0.05;False;ok;4;1;3.217;
4370;0.77242151;40.81713759;0.05;False;ok;2;1;3.193;
4371;0.77242151;40.86713759;0.025;False;ok;20;1;5.273;
4372;0.77242151;40.89213759;0.025;False;ok;11;1;5.262;
4373;0.77242151;40.91713759;0.1;False;ok;74;1;5.569;
4374;0.77242151;41.01713759;0.1;False;ok;12;1;5.026;
4375;0.77242151;41.11713759;0.1;False;ok;42;1;3.447;
4376;0.77242151;41.21713759;0.1;False;ok;13;1;3.469;
4377;0.77242151;41.31713759;0.1;False;ok;5;1;3.433;
4378;0.77242151;41.41713759;0.1;False;ok;4;1;3.430;
4379;0.77242151;41.51713759;0.1;False;ok;5;1;5.720;
4380;0.79742151;40.86713759;0.025;False;ok;59;1;5.466;
4381;0.79742151;40.90463759;0.0125;False;ok;38;1;5.475;
4382;0.80992151;40.89213759;0.0125;False;ok;16;1;5.386;
4383;0.80992151;40.90463759;0.0125;False;ok;39;1;5.848;
4384;0.82242151;40.71713759;0.0125;False;ok;75;1;5.876;
4385;0.82242151;40.72963759;0.0125;False;ok;4;1;5.679;
4386;0.82242151;40.86713759;0.05;False;ok;19;1;5.289;
4387;0.83492151;40.71713759;0.0125;False;ok;75;1;3.399;
4388;0.87242151;40.96713759;0.05;False;ok;32;1;3.285;
4389;0.87242151;41.01713759;0.05;False;ok;43;1;4.993;
4390;0.87242151;41.06713759;0.05;False;ok;2;1;4.694;
4391;0.87242151;41.11713759;0.1;False;ok;18;1;3.403;
4392;0.87242151;41.21713759;0.1;False;ok;36;1;3.590;
4393;0.87242151;41.31713759;0.1;False;ok;16;1;3.612;
4394;0.87242151;41.51713759;0.1;False;ok;8;1;3.646;
4395;0.87242151;41.61713759;0.1;False;ok;12;1;5.305;
4396;0.92242151;40.96713759;0.025;False;ok;15;1;5.307;
4397;0.92242151;40.99213759;0.0125;False;ok;70;1;5.385;
4398;0.92242151;41.00463759;0.0125;False;ok;40;1;5.131;
4399;0.92242151;41.01713759;0.025;False;ok;31;1;3.437;
4400;0.92242151;41.04213759;0.025;False;ok;2;1;3.260;
4401;0.92242151;41.06713759;0.05;False;ok;11;1;4.551;
4402;0.93492151;40.99213759;0.0125;False;ok;16;1;4.790;
4403;0.93492151;41.00463759;0.00625;False;ok;32;1;4.692;
4404;0.93492151;41.01088759;0.00625;False;ok;17;1;4.446;
4405;0.94117151;41.00463759;0.00625;False;ok;12;1;4.428;
4406;0.94117151;41.01088759;0.00625;False;ok;63;1;4.544;
4407;0.94742151;40.99213759;0.025;False;ok;39;1;4.322;
4408;0.94742151;41.01713759;0.0125;False;ok;70;1;3.177;
4409;0.94742151;41.02963759;0.0125;False;ok;8;1;4.299;
4410;0.95992151;41.01713759;0.0125;False;ok;22;1;3.019;
4411;0.95992151;41.02963759;0.0125;False;ok;9;1;2.838;
4412;0.97242151;41.01713759;0.05;False;ok;45;1;2.966;
4413;0.97242151;41.06713759;0.05;False;ok;2;1;3.633;
4414;0.97242151;41.11713759;0.1;False;ok;29;1;3.734;
4415;0.97242151;41.21713759;0.1;False;ok;27;1;2.456;
4416;0.97242151;41.31713759;0.1;False;ok;3;1;2.366;
4417;0.97242151;41.41713759;0.1;False;ok;7;1;3.370;
4418;0.97242151;41.51713759;0.1;False;ok;9;1;3.639;
4419;0.97242151;41.61713759;0.1;False;ok;2;1;3.754;
4420;1.02242151;41.04213759;0.0125;False;ok;7;1;3.706;
4421;1.02242151;41.05463759;0.0125;False;ok;55;1;2.593;
4422;1.02242151;41.06713759;0.025;False;ok;7;1;2.559;
4423;1.02242151;41.09213759;0.025;False;ok;2;1;2.657;
4424;1.03492151;41.05463759;0.0125;False;ok;40;1;2.793;
4425;1.04742151;41.05463759;0.0125;False;ok;75;1;5.433;
4426;1.04742151;41.06713759;0.025;False;ok;75;1;5.675;
4427;1.05992151;41.05463759;0.0125;False;ok;72;1;5.818;
4428;1.07242151;41.01713759;0.05;False;ok;75;1;5.744;
4429;1.07242151;41.06713759;0.0125;False;ok;55;1;5.864;
4430;1.07242151;41.09213759;0.025;False;ok;2;1;2.861;
4431;1.07242151;41.11713759;0.1;False;ok;42;1;5.767;
4432;1.07242151;41.21713759;0.1;False;ok;19;1;2.964;
4433;1.07242151;41.31713759;0.1;False;ok;43;1;5.810;
4434;1.07242151;41.41713759;0.1;False;ok;5;1;5.641;
4435;1.07242151;41.51713759;0.1;False;ok;6;1;5.701;
4436;1.07242151;41.61713759;0.1;False;ok;15;1;5.439;
4437;1.08492151;41.06713759;0.0125;False;ok;74;1;3.405;
4438;1.08492151;41.07963759;0.0125;False;ok;6;1;3.432;
4439;1.09742151;41.06713759;0.0125;False;ok;75;1;4.584;
4440;1.09742151;41.07963759;0.0125;False;ok;14;1;3.429;
4441;1.10992151;41.06713759;0.0125;False;ok;52;1;3.436;
4442;1.10992151;41.07963759;0.0125;False;ok;0;1;4.884;
4443;1.12242151;41.07338759;0.00625;False;ok;59;1;4.127;
4444;1.12242151;41.07963759;0.0125;False;ok;43;1;3.969;
4445;1.12242151;41.09213759;0.025;False;ok;7;1;3.122;
4446;1.12867151;41.07338759;0.00625;False;ok;59;1;2.976;
4447;1.13492151;41.07338759;0.003125;False;ok;61;1;3.012;
4448;1.13492151;41.07651259;0.003125;False;ok;27;1;4.211;
4449;1.13492151;41.07963759;0.0125;False;ok;18;1;2.975;
4450;1.13804651;41.07338759;0.003125;False;ok;48;1;3.173;
4451;1.13804651;41.07651259;0.003125;False;ok;23;1;4.848;
4452;1.14117151;41.06713759;0.00625;False;ok;75;1;3.201;
4453;1.14117151;41.07338759;0.003125;False;ok;75;1;5.242;
4454;1.14117151;41.07651259;0.003125;False;ok;68;1;5.385;
4455;1.14429651;41.07338759;0.003125;False;ok;46;1;5.264;
4456;1.14429651;41.07651259;0.003125;False;ok;35;1;5.536;
4457;1.14742151;41.05463759;0.0125;False;ok;22;1;5.483;
4458;1.14742151;41.06713759;0.003125;False;ok;61;1;5.845;
4459;1.14742151;41.07026259;0.003125;False;ok;72;1;5.568;
4460;1.14742151;41.07338759;0.00625;False;ok;59;1;5.772;
4461;1.14742151;41.07963759;0.0125;False;ok;16;1;3.345;
4462;1.14742151;41.09213759;0.025;False;ok;3;1;3.294;
4463;1.15054651;41.06713759;0.003125;False;ok;68;1;5.731;
4464;1.15054651;41.07026259;0.003125;False;ok;57;1;5.501;
4465;1.15367151;41.06713759;0.00625;False;ok;47;1;5.339;
4466;1.15992151;41.05463759;0.00625;False;ok;75;1;5.003;
4467;1.15992151;41.06088759;0.00625;False;ok;23;1;3.644;
4468;1.15992151;41.06713759;0.0125;False;ok;6;1;3.489;
4469;1.15992151;41.07963759;0.0125;False;ok;3;1;3.372;
4470;1.16617151;41.05463759;0.00625;False;ok;50;1;3.288;
4471;1.16617151;41.06088759;0.00625;False;ok;64;1;3.742;
4472;1.17242151;41.01713759;0.05;False;ok;51;1;3.004;
4473;1.17242151;41.06713759;0.00625;False;ok;34;1;2.927;
4474;1.17242151;41.07338759;0.00625;False;ok;25;1;3.402;
4475;1.17242151;41.07963759;0.0125;False;ok;67;1;4.193;
4476;1.17242151;41.11713759;0.05;False;ok;4;1;4.217;
4477;1.17242151;41.16713759;0.05;False;ok;5;1;4.405;
4478;1.17242151;41.21713759;0.1;False;ok;6;1;4.599;
4479;1.17242151;41.31713759;0.1;False;ok;16;1;4.605;
4480;1.17242151;41.41713759;0.1;False;ok;9;1;4.674;
4481;1.17242151;41.51713759;0.1;False;ok;11;1;3.066;
4482;1.17242151;41.61713759;0.1;False;ok;5;1;3.143;
4483;1.17867151;41.07338759;0.00625;False;ok;74;1;4.806;
4484;1.18492151;41.07963759;0.0125;False;ok;51;1;5.005;
4485;1.19742151;41.09213759;0.025;False;ok;3;1;3.154;
4486;1.22242151;41.06713759;0.05;False;ok;75;1;5.382;
4487;1.22242151;41.11713759;0.05;False;ok;73;1;3.486;
4488;1.22242151;41.16713759;0.05;False;ok;1;1;5.047;
4489;1.27242151;41.01713759;0.1;False;ok;0;1;5.697;
4490;1.27242151;41.11713759;0.1;False;ok;68;1;5.350;
4491;1.27242151;41.21713759;0.1;False;ok;12;1;3.320;
4492;1.27242151;41.31713759;0.1;False;ok;7;1;3.224;
4493;1.27242151;41.41713759;0.1;False;ok;9;1;5.009;
4494;1.27242151;41.51713759;0.1;False;ok;1;1;4.689;
4495;1.27242151;41.61713759;0.1;False;ok;6;1;3.207;
4496;1.37242151;41.11713759;0.025;False;ok;49;1;3.431;
4497;1.37242151;41.14213759;0.025;False;ok;5;1;3.169;
4498;1.37242151;41.16713759;0.05;False;ok;12;1;4.891;
4499;1.37242151;41.21713759;0.1;False;ok;14;1;4.978;
4500;1.37242151;41.31713759;0.1;False;ok;7;1;5.385;
4501;1.37242151;41.41713759;0.1;False;ok;0;1;4.225;
4502;1.37242151;41.51713759;0.1;False;ok;2;1;3.510;
4503;1.37242151;41.61713759;0.1;False;ok;6;1;3.427;
4504;1.39742151;41.11713759;0.025;False;ok;74;1;5.880;
4505;1.39742151;41.14213759;0.025;False;ok;73;1;5.866;
4506;1.42242151;41.11713759;0.05;False;ok;50;1;5.485;
4507;1.42242151;41.16713759;0.05;False;ok;27;1;5.340;
4508;1.47242151;41.16713759;0.05;False;ok;72;1;5.441;
4509;1.47242151;41.21713759;0.1;False;ok;37;1;5.185;
4510;1.47242151;41.31713759;0.1;False;ok;15;1;4.967;
4511;1.47242151;41.41713759;0.1;False;ok;4;1;4.937;
4512;1.47242151;41.51713759;0.1;False;ok;12;1;4.884;
4513;1.47242151;41.61713759;0.1;False;ok;7;1;3.729;
4514;1.52242151;41.16713759;0.025;False;ok;33;1;4.963;
4515;1.52242151;41.19213759;0.025;False;ok;3;1;3.514;
4516;1.54742151;41.16713759;0.025;False;ok;75;1;3.741;
4517;1.54742151;41.19213759;0.025;False;ok;22;1;4.689;
4518;1.57242151;41.16713759;0.025;False;ok;75;1;3.778;
4519;1.57242151;41.19213759;0.025;False;ok;18;1;3.449;
4520;1.57242151;41.21713759;0.1;False;ok;38;1;3.357;
4521;1.57242151;41.31713759;0.1;False;ok;31;1;4.320;
4522;1.57242151;41.41713759;0.1;False;ok;12;1;4.289;
4523;1.57242151;41.51713759;0.1;False;ok;14;1;4.534;
4524;1.57242151;41.61713759;0.1;False;ok;3;1;3.055;
4525;1.59742151;41.16713759;0.025;False;ok;34;1;4.546;
4526;1.59742151;41.19213759;0.025;False;ok;66;1;3.263;
4527;1.62242151;41.16713759;0.05;False;ok;61;1;5.106;
4528;1.67242151;41.11713759;0.1;False;ok;50;1;4.954;
4529;1.67242151;41.21713759;0.1;False;ok;73;1;5.174;
4530;1.67242151;41.31713759;0.1;False;ok;47;1;3.426;
4531;1.67242151;41.41713759;0.1;False;ok;16;1;4.959;
4532;1.67242151;41.51713759;0.1;False;ok;12;1;5.693;
4533;1.67242151;41.61713759;0.1;False;ok;16;1;5.403;
4534;1.77242151;41.21713759;0.025;False;ok;32;1;5.890;
4535;1.77242151;41.24213759;0.025;False;ok;13;1;3.241;
4536;1.77242151;41.26713759;0.05;False;ok;31;1;5.747;
4537;1.77242151;41.31713759;0.1;False;ok;23;1;3.245;
4538;1.77242151;41.41713759;0.1;False;ok;20;1;5.781;
4539;1.77242151;41.51713759;0.1;False;ok;41;1;5.728;
4540;1.77242151;41.61713759;0.1;False;ok;13;1;3.162;
4541;1.79742151;41.22963759;0.00625;False;ok;20;1;5.118;
4542;1.79742151;41.23588759;0.00625;False;ok;27;1;5.085;
4543;1.79742151;41.24213759;0.025;False;ok;21;1;3.398;
4544;1.80367151;41.22963759;0.00625;False;ok;63;1;3.552;
4545;1.80367151;41.23588759;0.003125;False;ok;42;1;3.492;
4546;1.80679651;41.23588759;0.003125;False;ok;61;1;4.937;
4547;1.80679651;41.23901259;0.003125;False;ok;7;1;3.396;
4548;1.80992151;41.22963759;0.00625;False;ok;21;1;3.626;
4549;1.80992151;41.23588759;0.00625;False;ok;62;1;4.440;
4550;1.81617151;41.22963759;0.00625;False;ok;2;1;3.463;
4551;1.81617151;41.23588759;0.00625;False;ok;26;1;4.067;
4552;1.82242151;41.21713759;0.05;False;ok;67;1;4.486;
4553;1.87242151;41.21713759;0.1;False;ok;69;1;4.285;
4554;1.87242151;41.31713759;0.1;False;ok;18;1;3.961;
4555;1.87242151;41.41713759;0.1;False;ok;22;1;3.870;
4556;1.87242151;41.51713759;0.1;False;ok;7;1;3.805;
4557;1.87242151;41.61713759;0.1;False;ok;8;1;3.092;
4558;1.97242151;41.21713759;0.1;False;ok;74;1;4.115;
4559;1.97242151;41.31713759;0.1;False;ok;43;1;4.046;
4560;1.97242151;41.41713759;0.1;False;ok;38;1;3.058;
4561;1.97242151;41.51713759;0.1;False;ok;70;1;4.604;
4562;1.97242151;41.61713759;0.1;False;ok;5;1;4.269;
4563;2.07242151;41.21713759;0.1;False;ok;2;1;3.049;
4564;2.07242151;41.31713759;0.05;False;ok;72;1;3.467;
4565;2.07242151;41.36713759;0.05;False;ok;74;1;4.657;
4566;2.07242151;41.41713759;0.1;False;ok;68;1;4.778;
4567;2.07242151;41.51713759;0.1;False;ok;18;1;3.154;
4568;2.07242151;41.61713759;0.1;False;ok;11;1;3.070;
4569;2.12242151;41.31713759;0.05;False;ok;71;1;4.854;
4570;2.12242151;41.36713759;0.0125;False;ok;75;1;4.783;
4571;2.12242151;41.37963759;0.0125;False;ok;53;1;4.648;
4572;2.12242151;41.39213759;0.025;False;ok;74;1;4.776;
4573;2.13492151;41.36713759;0.0125;False;ok;75;1;3.423;
4574;2.13492151;41.37963759;0.0125;False;ok;70;1;5.119;
4575;2.14742151;41.36713759;0.00625;False;ok;7;1;4.757;
4576;2.14742151;41.37338759;0.00625;False;ok;28;1;3.286;
4577;2.14742151;41.37963759;0.00625;False;ok;59;1;5.014;
4578;2.14742151;41.38588759;0.00625;False;ok;29;1;4.803;
4579;2.14742151;41.39213759;0.00625;False;ok;41;1;3.456;
4580;2.14742151;41.39838759;0.00625;False;ok;34;1;5.107;
4581;2.14742151;41.40463759;0.0125;False;ok;51;1;4.822;
4582;2.15367151;41.36713759;0.00625;False;ok;23;1;3.289;
4583;2.15367151;41.37338759;0.00625;False;ok;75;1;3.542;
4584;2.15367151;41.37963759;0.00625;False;ok;68;1;3.693;
4585;2.15367151;41.38588759;0.00625;False;ok;73;1;4.917;
4586;2.15367151;41.39213759;0.00625;False;ok;74;1;5.092;
4587;2.15367151;41.39838759;0.00625;False;ok;69;1;4.813;
4588;2.15992151;41.36713759;0.00625;False;ok;41;1;4.690;
4589;2.15992151;41.37338759;0.00625;False;ok;75;1;3.968;
4590;2.15992151;41.37963759;0.00625;False;ok;73;1;3.878;
4591;2.15992151;41.38588759;0.00625;False;ok;75;1;4.868;
4592;2.15992151;41.39213759;0.00625;False;ok;75;1;3.880;
4593;2.15992151;41.39838759;0.00625;False;ok;70;1;4.946;
4594;2.15992151;41.40463759;0.0125;False;ok;75;1;4.791;
4595;2.16617151;41.36713759;0.00625;False;ok;34;1;4.172;
4596;2.16617151;41.37338759;0.00625;False;ok;68;1;3.582;
4597;2.16617151;41.37963759;0.00625;False;ok;70;1;4.467;
4598;2.16617151;41.38588759;0.003125;False;ok;43;1;3.529;
4599;2.16617151;41.38901259;0.003125;False;ok;27;1;4.006;
4600;2.16617151;41.39213759;0.00625;False;ok;75;1;3.552;
4601;2.16617151;41.39838759;0.00625;False;ok;55;1;4.009;
4602;2.16929651;41.38588759;0.003125;False;ok;34;1;3.879;
4603;2.16929651;41.38901259;0.003125;False;ok;30;1;3.323;
4604;2.17242151;41.36713759;0.0125;False;ok;69;1;3.410;
4605;2.17242151;41.37963759;0.003125;False;ok;49;1;3.071;
4606;2.17242151;41.38276259;0.003125;False;ok;24;1;2.602;
4607;2.17242151;41.38588759;0.00625;False;ok;75;1;2.681;
4608;2.17242151;41.39213759;0.00625;False;ok;72;1;2.432;
4609;2.17242151;41.39838759;0.00625;False;ok;75;1;2.478;
4610;2.17242151;41.40463759;0.00625;False;ok;75;1;2.108;
4611;2.17242151;41.41088759;0.00625;False;ok;28;1;1.858;
4612;2.17242151;41.41713759;0.05;False;ok;74;1;1.880;
4613;2.17242151;41.46713759;0.05;False;ok;3;1;1.443;
4614;2.17242151;41.51713759;0.1;False;ok;22;1;1.252;
4615;2.17242151;41.61713759;0.1;False;ok;25;1;1.304;
4616;2.17554651;41.37963759;0.003125;False;ok;35;1;1.516;
4617;2.17554651;41.38276259;0.003125;False;ok;13;1;1.168;
4618;2.17867151;41.37963759;0.00625;False;ok;75;1;1.645;
4619;2.17867151;41.38588759;0.00625;False;ok;28;1;1.323;
4620;2.17867151;41.39213759;0.00625;False;ok;33;1;1.342;
4621;2.17867151;41.39838759;0.00625;False;ok;39;1;1.489;
4622;2.17867151;41.40463759;0.00625;False;ok;52;1;1.509;
4623;2.17867151;41.41088759;0.00625;False;ok;10;1;1.566;
4624;2.18492151;41.36713759;0.0125;False;ok;28;1;1.304;
4625;2.18492151;41.37963759;0.0125;False;ok;61;1;1.719;
4626;2.18492151;41.39213759;0.0125;False;ok;69;1;1.852;
4627;2.18492151;41.40463759;0.0125;False;ok;37;1;1.475;
4628;2.19742151;41.36713759;0.025;False;ok;9;1;1.630;
4629;2.19742151;41.39213759;0.0125;False;ok;72;1;1.993;
4630;2.19742151;41.40463759;0.0125;False;ok;36;1;1.891;
4631;2.20992151;41.39213759;0.0125;False;ok;9;1;1.624;
4632;2.20992151;41.40463759;0.0125;False;ok;54;1;1.811;
4633;2.22242151;41.36713759;0.05;False;ok;17;1;2.108;
4634;2.22242151;41.41713759;0.05;False;ok;75;1;2.272;
4635;2.22242151;41.46713759;0.05;False;ok;12;1;2.113;
4636;2.27242151;41.41713759;0.1;False;ok;73;1;2.277;
4637;2.27242151;41.51713759;0.1;False;ok;46;1;2.066;
4638;2.27242151;41.61713759;0.1;False;ok;21;1;1.763;
4639;2.37242151;41.41713759;0.1;False;ok;47;1;1.965;
4640;2.37242151;41.51713759;0.1;False;ok;73;1;1.949;
4641;2.37242151;41.61713759;0.1;False;ok;20;1;3.639;
4642;2.47242151;41.51713759;0.05;False;ok;21;1;3.665;
4643;2.47242151;41.56713759;0.05;False;ok;22;1;3.983;
4644;2.47242151;41.61713759;0.1;False;ok;14;1;3.969;
4645;2.52242151;41.51713759;0.05;False;ok;0;1;3.787;
4646;2.52242151;41.56713759;0.05;False;ok;53;1;4.440;
4647;-5.754968796;35.95813747;0.1;False;ok;1;1;3.330;
4648;-5.611218796;36.00813747;0.00625;False;ok;73;1;4.390;
4649;-5.617468796;36.01438747;0.00625;False;ok;73;1;4.321;
4650;-5.611218796;36.01438747;0.003125;False;ok;32;1;3.170;
4651;-5.608093796;36.01438747;0.003125;False;ok;75;1;3.539;
4652;-5.611218796;36.01751247;0.003125;False;ok;22;1;3.792;
4653;-5.608093796;36.01751247;0.003125;False;ok;19;1;3.639;
4654;-5.617468796;36.02063747;0.0125;False;ok;72;1;3.350;
4655;-5.654968796;36.03313747;0.025;False;ok;16;1;3.490;
4656;-5.629968796;36.03313747;0.025;False;ok;11;1;3.388;
4657;-5.604968796;36.00813747;0.003125;False;ok;1;1;3.239;
4658;-5.604968796;36.01126247;0.003125;False;ok;75;1;3.594;
4659;-5.601843796;36.01126247;0.003125;False;ok;38;1;3.466;
4660;-5.598718796;36.00813747;0.00625;False;ok;1;1;3.128;
4661;-5.604968796;36.01438747;0.00625;False;ok;74;1;1.780;
4662;-5.592468796;36.02063747;0.0125;False;ok;1;1;1.479;
4663;-5.579968796;36.00813747;0.025;False;ok;2;1;1.229;
4664;-5.604968796;36.03313747;0.025;False;ok;0;1;2.015;
4665;-5.854968796;36.05813747;0.05;False;ok;36;1;1.540;
4666;-5.804968796;36.05813747;0.05;False;ok;49;1;1.427;
4667;-5.854968796;36.10813747;0.025;False;ok;49;1;1.406;
4668;-5.829968796;36.10813747;0.025;False;ok;75;1;1.511;
4669;-5.854968796;36.13313747;0.025;False;ok;75;1;1.505;
4670;-5.754968796;36.05813747;0.1;False;ok;74;1;1.778;
4671;-5.654968796;36.05813747;0.1;False;ok;24;1;1.725;
4672;-5.554968796;36.05813747;0.1;False;ok;25;1;1.759;
4673;-5.454968796;36.05813747;0.1;True;ok;47;1;2.105;
4674;-5.354968796;36.05813747;0.1;True;ok;4;1;1.984;
4675;-6.154968796;36.15813747;0.1;False;ok;73;1;1.998;
4676;-6.054968796;36.18313747;0.025;False;ok;75;1;2.595;
4677;-6.029968796;36.18313747;0.025;False;ok;73;1;2.593;
4678;-6.004968796;36.15813747;0.05;False;ok;12;1;2.163;
4679;-6.054968796;36.20813747;0.05;False;ok;35;1;2.412;
4680;-6.004968796;36.20813747;0.025;False;ok;10;1;2.088;
4681;-5.979968796;36.20813747;0.025;False;ok;2;1;2.037;
4682;-5.979968796;36.23313747;0.0125;False;ok;4;1;1.784;
4683;-5.979968796;36.24563747;0.0125;False;ok;74;1;2.401;
4684;-5.967468796;36.24563747;0.00625;False;ok;46;1;2.058;
4685;-5.961218796;36.24563747;0.00625;False;ok;1;1;1.817;
4686;-5.967468796;36.25188747;0.003125;False;ok;75;1;2.108;
4687;-5.964343796;36.25188747;0.003125;False;ok;75;1;2.866;
4688;-5.961218796;36.25188747;0.00625;False;ok;39;1;3.337;
4689;-5.954968796;36.15813747;0.05;False;ok;73;1;3.330;
4690;-5.904968796;36.15813747;0.05;False;ok;5;1;3.432;
4691;-5.954968796;36.20813747;0.05;False;ok;73;1;5.233;
4692;-5.904968796;36.20813747;0.05;False;ok;8;1;5.096;
4693;-5.854968796;36.15813747;0.1;False;ok;12;1;5.936;
4694;-5.554968796;36.15813747;0.1;False;ok;4;1;5.878;
4695;-5.454968796;36.15813747;0.1;False;ok;38;1;5.794;
4696;-5.354968796;36.15813747;0.1;False;ok;72;1;4.002;
4697;-6.254968796;36.25813747;0.1;False;ok;34;1;6.109;
4698;-6.154968796;36.25813747;0.05;False;ok;75;1;6.358;
4699;-6.104968796;36.27063747;0.0125;False;ok;64;1;6.124;
4700;-6.089343796;36.27063747;0.003125;False;ok;31;1;6.062;
4701;-6.092468796;36.27376247;0.003125;False;ok;73;1;6.154;
4702;-6.089343796;36.27376247;0.003125;False;ok;74;1;3.762;
4703;-6.086218796;36.27063747;0.00625;False;ok;74;1;6.300;
4704;-6.092468796;36.27688747;0.003125;False;ok;72;1;6.288;
4705;-6.089343796;36.27688747;0.003125;False;ok;73;1;3.840;
4706;-6.092468796;36.28001247;0.003125;False;ok;25;1;5.968;
4707;-6.089343796;36.28001247;0.003125;False;ok;73;1;3.737;
4708;-6.086218796;36.27688747;0.00625;False;ok;75;1;5.379;
4709;-6.079968796;36.25813747;0.025;False;ok;20;1;3.474;
4710;-6.104968796;36.28313747;0.0125;False;ok;63;1;3.888;
4711;-6.092468796;36.28313747;0.0125;False;ok;73;1;3.531;
4712;-6.104968796;36.29563747;0.0125;False;ok;1;1;3.179;
4713;-6.092468796;36.29563747;0.0125;False;ok;28;1;3.217;
4714;-6.079968796;36.28313747;0.025;False;ok;60;1;5.311;
4715;-6.154968796;36.30813747;0.025;False;ok;20;1;5.067;
4716;-6.129968796;36.30813747;0.025;False;ok;71;1;3.473;
4717;-6.154968796;36.33313747;0.025;False;ok;69;1;5.186;
4718;-6.129968796;36.33313747;0.025;False;ok;36;1;5.388;
4719;-6.104968796;36.30813747;0.025;False;ok;74;1;5.590;
4720;-6.079968796;36.30813747;0.025;False;ok;54;1;3.724;
4721;-6.104968796;36.33313747;0.025;False;ok;61;1;6.039;
4722;-6.079968796;36.33313747;0.025;False;ok;40;1;5.679;
4723;-6.054968796;36.25813747;0.1;False;ok;74;1;5.947;
4724;-5.954968796;36.25813747;0.1;False;ok;16;1;5.572;
4725;-5.854968796;36.25813747;0.1;False;ok;50;1;5.870;
4726;-5.754968796;36.25813747;0.1;False;ok;6;1;5.660;
4727;-5.454968796;36.25813747;0.1;False;ok;8;1;3.562;
4728;-5.354968796;36.25813747;0.1;False;ok;72;1;6.007;
4729;-5.254968796;36.30813747;0.025;False;ok;74;1;6.308;
4730;-5.254968796;36.33313747;0.0125;False;ok;67;1;4.070;
4731;-5.242468796;36.33313747;0.0125;False;ok;62;1;4.038;
4732;-5.254968796;36.34563747;0.0125;False;ok;16;1;5.598;
4733;-5.242468796;36.34563747;0.00625;False;ok;31;1;3.752;
4734;-5.236218796;36.34563747;0.00625;False;ok;34;1;3.910;
4735;-5.242468796;36.35188747;0.00625;False;ok;41;1;3.759;
4736;-5.236218796;36.35188747;0.00625;False;ok;74;1;6.111;
4737;-5.229968796;36.33313747;0.025;False;ok;4;1;5.779;
4738;-6.204968796;36.35813747;0.025;False;ok;74;1;3.829;
4739;-6.179968796;36.35813747;0.0125;False;ok;69;1;5.750;
4740;-6.167468796;36.35813747;0.0125;False;ok;33;1;5.345;
4741;-6.179968796;36.37063747;0.0125;False;ok;72;1;5.410;
4742;-6.167468796;36.37063747;0.0125;False;ok;35;1;4.291;
4743;-6.204968796;36.38313747;0.025;False;ok;30;1;4.216;
4744;-6.179968796;36.38313747;0.025;False;ok;73;1;4.299;
4745;-6.254968796;36.40813747;0.05;False;ok;19;1;5.452;
4746;-6.204968796;36.40813747;0.05;False;ok;48;1;5.790;
4747;-6.154968796;36.35813747;0.05;False;ok;73;1;6.127;
4748;-6.104968796;36.35813747;0.05;False;ok;28;1;5.698;
4749;-6.154968796;36.40813747;0.05;False;ok;74;1;5.711;
4750;-6.054968796;36.35813747;0.1;False;ok;3;1;5.629;
4751;-5.954968796;36.35813747;0.1;False;ok;23;1;5.673;
4752;-5.754968796;36.35813747;0.1;False;ok;1;1;3.403;
4753;-5.554968796;36.35813747;0.1;False;ok;3;1;5.375;
4754;-5.454968796;36.35813747;0.1;False;ok;32;1;5.458;
4755;-5.354968796;36.35813747;0.1;False;ok;29;1;3.459;
4756;-5.254968796;36.35813747;0.0125;False;ok;44;1;3.479;
4757;-5.242468796;36.35813747;0.00625;False;ok;20;1;3.492;
4758;-5.236218796;36.35813747;0.00625;False;ok;70;1;5.503;
4759;-5.242468796;36.36438747;0.00625;False;ok;33;1;3.521;
4760;-5.236218796;36.36438747;0.00625;False;ok;28;1;3.500;
4761;-5.254968796;36.37063747;0.0125;False;ok;10;1;5.206;
4762;-5.242468796;36.37063747;0.0125;False;ok;2;1;3.175;
4763;-5.229968796;36.35813747;0.025;False;ok;74;1;5.625;
4764;-5.254968796;36.38313747;0.025;False;ok;33;1;5.755;
4765;-5.229968796;36.38313747;0.025;False;ok;74;1;5.810;
4766;-5.204968796;36.35813747;0.05;False;ok;73;1;3.557;
4767;-5.254968796;36.40813747;0.05;False;ok;75;1;5.419;
4768;-5.204968796;36.40813747;0.025;False;ok;74;1;4.258;
4769;-5.179968796;36.40813747;0.0125;False;ok;37;1;5.161;
4770;-5.167468796;36.41438747;0.00625;False;ok;52;1;5.653;
4771;-5.161218796;36.41438747;0.003125;False;ok;70;1;5.417;
4772;-5.158093796;36.41438747;0.003125;False;ok;19;1;5.277;
4773;-5.161218796;36.41751247;0.003125;False;ok;53;1;5.388;
4774;-5.158093796;36.41751247;0.003125;False;ok;14;1;5.130;
4775;-5.167468796;36.42063747;0.0125;False;ok;70;1;5.302;
4776;-5.204968796;36.43313747;0.025;False;ok;0;1;5.699;
4777;-5.179968796;36.43313747;0.025;False;ok;6;1;3.587;
4778;-5.154968796;36.40813747;0.0125;False;ok;41;1;3.639;
4779;-5.154968796;36.42063747;0.00625;False;ok;74;1;4.010;
4780;-5.148718796;36.42063747;0.00625;False;ok;74;1;4.048;
4781;-5.154968796;36.42688747;0.00625;False;ok;34;1;3.520;
4782;-5.148718796;36.42688747;0.00625;False;ok;74;1;4.585;
4783;-5.142468796;36.42063747;0.0125;False;ok;75;1;4.717;
4784;-5.129968796;36.40813747;0.025;False;ok;38;1;3.240;
4785;-5.154968796;36.43313747;0.025;False;ok;73;1;4.440;
4786;-5.129968796;36.43313747;0.025;False;ok;51;1;4.392;
4787;-5.104968796;36.40813747;0.05;False;ok;74;1;5.212;
4788;-5.054968796;36.35813747;0.1;False;ok;65;1;3.635;
4789;-6.304968796;36.45813747;0.05;False;ok;75;1;5.844;
4790;-6.354968796;36.50813747;0.05;False;ok;10;1;3.705;
4791;-6.292468796;36.50813747;0.0125;False;ok;71;1;5.443;
4792;-6.304968796;36.52688747;0.003125;False;ok;49;1;3.695;
4793;-6.301843796;36.52688747;0.003125;False;ok;26;1;5.827;
4794;-6.304968796;36.53001247;0.003125;False;ok;48;1;6.228;
4795;-6.301843796;36.53001247;0.003125;False;ok;75;1;3.807;
4796;-6.298718796;36.52688747;0.003125;False;ok;16;1;5.869;
4797;-6.295593796;36.52688747;0.003125;False;ok;44;1;5.827;
4798;-6.298718796;36.53001247;0.003125;False;ok;61;1;6.110;
4799;-6.295593796;36.53001247;0.003125;False;ok;75;1;6.043;
4800;-6.292468796;36.52063747;0.0125;False;ok;75;1;3.789;
4801;-6.279968796;36.50813747;0.025;False;ok;37;1;5.539;
4802;-6.304968796;36.53313747;0.00625;False;ok;75;1;3.644;
4803;-6.298718796;36.53313747;0.003125;False;ok;75;1;5.067;
4804;-6.295593796;36.53313747;0.003125;False;ok;60;1;4.832;
4805;-6.298718796;36.53626247;0.003125;False;ok;11;1;3.456;
4806;-6.295593796;36.53626247;0.003125;False;ok;5;1;4.137;
4807;-6.292468796;36.53313747;0.0125;False;ok;5;1;3.308;
4808;-6.254968796;36.45813747;0.1;False;ok;73;1;4.211;
4809;-6.154968796;36.45813747;0.1;False;ok;18;1;3.177;
4810;-5.954968796;36.45813747;0.1;False;ok;32;1;3.157;
4811;-5.754968796;36.45813747;0.1;False;ok;35;1;3.145;
4812;-5.454968796;36.45813747;0.1;False;ok;30;1;3.562;
4813;-5.354968796;36.45813747;0.1;False;ok;51;1;3.387;
4814;-5.254968796;36.45813747;0.1;False;ok;14;1;3.397;
4815;-5.154968796;36.45813747;0.1;False;ok;75;1;3.131;
4816;-5.054968796;36.45813747;0.0125;False;ok;75;1;3.821;
4817;-5.042468796;36.45813747;0.0125;False;ok;64;1;4.012;
4818;-5.054968796;36.47063747;0.0125;False;ok;42;1;3.945;
4819;-5.042468796;36.47063747;0.0125;False;ok;58;1;4.319;
4820;-5.029968796;36.45813747;0.0125;False;ok;73;1;3.225;
4821;-5.017468796;36.45813747;0.0125;False;ok;19;1;4.500;
4822;-5.029968796;36.47063747;0.0125;False;ok;54;1;3.205;
4823;-5.017468796;36.47063747;0.0125;False;ok;28;1;4.406;
4824;-5.054968796;36.48313747;0.025;False;ok;48;1;4.504;
4825;-5.029968796;36.48313747;0.025;False;ok;69;1;3.392;
4826;-5.004968796;36.45813747;0.025;False;ok;75;1;3.478;
4827;-4.979968796;36.45813747;0.025;False;ok;51;1;5.007;
4828;-5.004968796;36.48313747;0.025;False;ok;75;1;5.097;
4829;-4.979968796;36.48313747;0.0125;False;ok;75;1;5.133;
4830;-4.967468796;36.48313747;0.00625;False;ok;68;1;3.566;
4831;-4.961218796;36.48313747;0.003125;False;ok;30;1;5.307;
4832;-4.958093796;36.48313747;0.003125;False;ok;10;1;5.145;
4833;-4.961218796;36.48626247;0.003125;False;ok;66;1;5.447;
4834;-4.958093796;36.48626247;0.003125;False;ok;54;1;3.599;
4835;-4.967468796;36.48938747;0.00625;False;ok;75;1;5.133;
4836;-4.961218796;36.48938747;0.00625;False;ok;26;1;5.151;
4837;-4.979968796;36.49563747;0.0125;False;ok;49;1;3.569;
4838;-4.967468796;36.49563747;0.00625;False;ok;75;1;3.576;
4839;-4.961218796;36.49563747;0.00625;False;ok;22;1;5.396;
4840;-4.967468796;36.50188747;0.00625;False;ok;6;1;5.303;
4841;-4.961218796;36.50188747;0.00625;False;ok;18;1;3.222;
4842;-5.054968796;36.50813747;0.05;False;ok;73;1;3.493;
4843;-5.004968796;36.50813747;0.025;False;ok;67;1;5.592;
4844;-4.979968796;36.50813747;0.025;False;ok;72;1;5.581;
4845;-5.004968796;36.53313747;0.025;False;ok;2;1;5.458;
4846;-4.954968796;36.48313747;0.00625;False;ok;75;1;3.638;
4847;-4.954968796;36.48938747;0.00625;False;ok;55;1;5.877;
4848;-4.948718796;36.48938747;0.00625;False;ok;20;1;3.512;
4849;-4.954968796;36.49563747;0.0125;False;ok;75;1;5.640;
4850;-4.942468796;36.49563747;0.0125;False;ok;16;1;5.375;
4851;-4.929968796;36.48313747;0.025;False;ok;66;1;5.750;
4852;-4.904968796;36.49563747;0.0125;False;ok;73;1;5.631;
4853;-4.892468796;36.49563747;0.0125;False;ok;75;1;5.771;
4854;-4.879968796;36.48313747;0.025;False;ok;5;1;3.597;
4855;-4.954968796;36.50813747;0.025;False;ok;34;1;3.679;
4856;-4.929968796;36.50813747;0.025;False;ok;73;1;3.893;
4857;-4.954968796;36.53313747;0.025;False;ok;14;1;5.489;
4858;-4.904968796;36.50813747;0.00625;False;ok;74;1;5.835;
4859;-4.898718796;36.50813747;0.00625;False;ok;75;1;3.763;
4860;-4.904968796;36.51438747;0.00625;False;ok;4;1;3.369;
4861;-4.898718796;36.51438747;0.00625;False;ok;26;1;5.387;
4862;-4.892468796;36.50813747;0.00625;False;ok;74;1;5.595;
4863;-4.886218796;36.50813747;0.00625;False;ok;75;1;5.916;
4864;-4.892468796;36.51438747;0.00625;False;ok;9;1;3.396;
4865;-4.886218796;36.51438747;0.00625;False;ok;8;1;5.209;
4866;-4.904968796;36.52063747;0.0125;False;ok;14;1;5.352;
4867;-4.892468796;36.52063747;0.0125;False;ok;9;1;5.218;
4868;-4.879968796;36.50813747;0.025;False;ok;73;1;3.759;
4869;-4.879968796;36.53313747;0.025;False;ok;35;1;5.096;
4870;-4.854968796;36.48313747;0.025;False;ok;57;1;3.607;
4871;-4.829968796;36.49563747;0.0125;False;ok;29;1;3.554;
4872;-4.817468796;36.49563747;0.0125;False;ok;75;1;5.304;
4873;-4.804968796;36.48313747;0.025;False;ok;73;1;3.783;
4874;-4.779968796;36.48313747;0.0125;False;ok;75;1;5.455;
4875;-4.767468796;36.48313747;0.0125;False;ok;66;1;3.749;
4876;-4.779968796;36.49563747;0.0125;False;ok;64;1;5.293;
4877;-4.767468796;36.49563747;0.0125;False;ok;28;1;4.991;
4878;-4.854968796;36.50813747;0.05;False;ok;74;1;5.369;
4879;-4.804968796;36.50813747;0.05;False;ok;36;1;3.321;
4880;-4.754968796;36.48313747;0.0125;False;ok;72;1;4.979;
4881;-4.742468796;36.48313747;0.0125;False;ok;75;1;4.757;
4882;-4.754968796;36.49563747;0.0125;False;ok;63;1;4.399;
4883;-4.742468796;36.49563747;0.0125;False;ok;14;1;3.301;
4884;-4.729968796;36.48313747;0.00625;False;ok;25;1;3.281;
4885;-4.723718796;36.48626247;0.003125;False;ok;56;1;3.309;
4886;-4.720593796;36.48626247;0.003125;False;ok;75;1;4.297;
4887;-4.729968796;36.48938747;0.00625;False;ok;22;1;3.868;
4888;-4.723718796;36.48938747;0.00625;False;ok;57;1;4.138;
4889;-4.717468796;36.48313747;0.00625;False;ok;73;1;3.333;
4890;-4.711218796;36.48313747;0.00625;False;ok;5;1;3.977;
4891;-4.717468796;36.48938747;0.00625;False;ok;33;1;3.003;
4892;-4.711218796;36.48938747;0.00625;False;ok;73;1;4.113;
4893;-4.729968796;36.49563747;0.0125;False;ok;75;1;4.025;
4894;-4.717468796;36.49563747;0.0125;False;ok;74;1;3.175;
4895;-4.704968796;36.48313747;0.0125;False;ok;74;1;3.886;
4896;-4.692468796;36.48313747;0.0125;False;ok;13;1;3.934;
4897;-4.704968796;36.49563747;0.0125;False;ok;73;1;4.166;
4898;-4.692468796;36.49563747;0.0125;False;ok;74;1;4.210;
4899;-4.679968796;36.48313747;0.025;False;ok;74;1;3.233;
4900;-4.754968796;36.50813747;0.025;False;ok;61;1;3.051;
4901;-4.729968796;36.50813747;0.0125;False;ok;25;1;2.916;
4902;-4.717468796;36.50813747;0.0125;False;ok;75;1;4.568;
4903;-4.754968796;36.53313747;0.025;False;ok;17;1;4.269;
4904;-4.729968796;36.53313747;0.025;False;ok;50;1;4.476;
4905;-4.704968796;36.50813747;0.05;False;ok;73;1;4.496;
4906;-4.654968796;36.45813747;0.05;False;ok;20;1;3.027;
4907;-4.654968796;36.50813747;0.0125;False;ok;71;1;3.186;
4908;-4.642468796;36.50813747;0.0125;False;ok;74;1;4.828;
4909;-4.642468796;36.52063747;0.0125;False;ok;46;1;4.617;
4910;-4.629968796;36.50813747;0.025;False;ok;75;1;3.489;
4911;-4.654968796;36.53313747;0.025;False;ok;75;1;4.875;
4912;-4.629968796;36.53313747;0.00625;False;ok;75;1;4.963;
4913;-4.623718796;36.53313747;0.00625;False;ok;75;1;4.985;
4914;-4.629968796;36.53938747;0.00625;False;ok;56;1;4.690;
4915;-4.623718796;36.53938747;0.003125;False;ok;75;1;3.585;
4916;-4.620593796;36.53938747;0.003125;False;ok;73;1;4.644;
4917;-4.623718796;36.54251247;0.003125;False;ok;27;1;3.485;
4918;-4.620593796;36.54251247;0.003125;False;ok;72;1;3.730;
4919;-4.617468796;36.53313747;0.0125;False;ok;0;1;4.954;
4920;-4.629968796;36.54563747;0.0125;False;ok;75;1;4.419;
4921;-4.617468796;36.54563747;0.00625;False;ok;74;1;4.631;
4922;-4.617468796;36.55188747;0.00625;False;ok;73;1;3.224;
4923;-4.611218796;36.55188747;0.00625;False;ok;34;1;3.227;
4924;-4.554968796;36.45813747;0.1;False;ok;0;1;5.493;
4925;-6.454968796;36.55813747;0.1;False;ok;75;1;5.008;
4926;-6.304968796;36.55813747;0.05;False;ok;75;1;4.788;
4927;-6.354968796;36.60813747;0.05;False;ok;11;1;3.329;
4928;-6.304968796;36.60813747;0.05;False;ok;48;1;4.775;
4929;-6.229968796;36.55813747;0.025;False;ok;71;1;4.747;
4930;-6.254968796;36.58313747;0.025;False;ok;75;1;4.961;
4931;-6.229968796;36.58313747;0.025;False;ok;74;1;4.660;
4932;-6.254968796;36.60813747;0.05;False;ok;19;1;3.163;
4933;-6.204968796;36.60813747;0.05;False;ok;3;1;3.273;
4934;-6.054968796;36.55813747;0.1;False;ok;0;1;4.962;
4935;-5.954968796;36.55813747;0.1;False;ok;4;1;4.467;
4936;-5.854968796;36.55813747;0.1;False;ok;5;1;3.177;
4937;-5.754968796;36.55813747;0.1;False;ok;14;1;4.460;
4938;-5.654968796;36.55813747;0.1;False;ok;1;1;3.089;
4939;-5.554968796;36.55813747;0.1;False;ok;1;1;3.021;
4940;-5.454968796;36.55813747;0.1;False;ok;3;1;3.948;
4941;-5.354968796;36.55813747;0.1;False;ok;73;1;4.594;
4942;-5.254968796;36.55813747;0.1;False;ok;35;1;4.220;
4943;-5.154968796;36.55813747;0.1;False;ok;16;1;2.964;
4944;-5.054968796;36.55813747;0.1;False;ok;0;1;4.842;
4945;-4.954968796;36.55813747;0.1;False;ok;25;1;3.112;
4946;-4.854968796;36.55813747;0.1;False;ok;53;1;4.499;
4947;-4.754968796;36.55813747;0.05;False;ok;11;1;4.477;
4948;-4.704968796;36.55813747;0.05;False;ok;58;1;3.071;
4949;-4.754968796;36.60813747;0.05;False;ok;61;1;4.743;
4950;-4.704968796;36.60813747;0.05;False;ok;75;1;3.232;
4951;-4.654968796;36.55813747;0.025;False;ok;42;1;5.007;
4952;-4.629968796;36.55813747;0.0125;False;ok;24;1;3.183;
4953;-4.617468796;36.55813747;0.0125;False;ok;75;1;3.419;
4954;-4.629968796;36.57063747;0.0125;False;ok;5;1;4.703;
4955;-4.617468796;36.57063747;0.0125;False;ok;33;1;5.232;
4956;-4.654968796;36.58313747;0.025;False;ok;74;1;5.417;
4957;-4.629968796;36.58313747;0.025;False;ok;34;1;5.346;
4958;-4.604968796;36.55813747;0.0125;False;ok;75;1;3.581;
4959;-4.592468796;36.55813747;0.0125;False;ok;2;1;5.011;
4960;-4.604968796;36.57063747;0.0125;False;ok;75;1;5.214;
4961;-4.592468796;36.57063747;0.0125;False;ok;75;1;5.252;
4962;-4.579968796;36.55813747;0.025;False;ok;74;1;4.675;
4963;-4.604968796;36.58313747;0.025;False;ok;68;1;4.638;
4964;-4.579968796;36.58313747;0.025;False;ok;73;1;3.807;
4965;-4.654968796;36.60813747;0.05;False;ok;55;1;3.649;
4966;-4.604968796;36.60813747;0.05;False;ok;47;1;4.163;
4967;-4.554968796;36.55813747;0.025;False;ok;75;1;3.599;
4968;-4.529968796;36.55813747;0.025;False;ok;0;1;4.046;
4969;-4.554968796;36.58313747;0.0125;False;ok;74;1;3.268;
4970;-4.542468796;36.58313747;0.00625;False;ok;59;1;3.683;
4971;-4.536218796;36.58313747;0.003125;False;ok;74;1;3.718;
4972;-4.533093796;36.58313747;0.003125;False;ok;1;1;3.300;
4973;-4.536218796;36.58626247;0.003125;False;ok;74;1;2.708;
4974;-4.533093796;36.58626247;0.003125;False;ok;75;1;3.295;
4975;-4.542468796;36.58938747;0.00625;False;ok;9;1;2.917;
4976;-4.536218796;36.58938747;0.00625;False;ok;75;1;4.077;
4977;-4.554968796;36.59563747;0.0125;False;ok;41;1;4.150;
4978;-4.542468796;36.59563747;0.0125;False;ok;73;1;4.203;
4979;-4.529968796;36.58313747;0.00625;False;ok;2;1;2.851;
4980;-4.529968796;36.58938747;0.0015625;False;ok;75;1;4.531;
4981;-4.528406296;36.58938747;0.0015625;False;ok;19;1;2.883;
4982;-4.529968796;36.59094997;0.0015625;False;ok;75;1;4.697;
4983;-4.528406296;36.59094997;0.0015625;False;ok;20;1;3.392;
4984;-4.526843796;36.58938747;0.003125;False;ok;24;1;4.721;
4985;-4.529968796;36.59251247;0.003125;False;ok;12;1;3.346;
4986;-4.526843796;36.59251247;0.003125;False;ok;73;1;5.984;
4987;-4.523718796;36.58938747;0.00625;False;ok;63;1;5.660;
4988;-4.517468796;36.58313747;0.0125;False;ok;12;1;3.387;
4989;-4.529968796;36.59563747;0.0015625;False;ok;59;1;5.770;
4990;-4.528406296;36.59563747;0.0015625;False;ok;75;1;3.561;
4991;-4.529968796;36.59719997;0.0015625;False;ok;47;1;5.998;
4992;-4.528406296;36.59719997;0.0015625;False;ok;11;1;5.803;
4993;-4.526843796;36.59563747;0.003125;False;ok;73;1;6.186;
4994;-4.529968796;36.59876247;0.003125;False;ok;37;1;5.770;
4995;-4.526843796;36.59876247;0.003125;False;ok;25;1;5.709;
4996;-4.523718796;36.59563747;0.00625;False;ok;75;1;4.086;
4997;-4.529968796;36.60188747;0.00625;False;ok;3;1;3.581;
4998;-4.523718796;36.60188747;0.00625;False;ok;50;1;3.932;
4999;-4.517468796;36.59563747;0.003125;False;ok;74;1;5.103;
5000;-4.514343796;36.59563747;0.003125;False;ok;63;1;4.236;
5001;-4.517468796;36.59876247;0.003125;False;ok;65;1;4.511;
5002;-4.514343796;36.59876247;0.003125;False;ok;56;1;4.806;
5003;-4.511218796;36.59563747;0.00625;False;ok;62;1;4.138;
5004;-4.517468796;36.60188747;0.00625;False;ok;74;1;4.477;
5005;-4.511218796;36.60188747;0.00625;False;ok;75;1;4.275;
5006;-4.504968796;36.55813747;0.05;False;ok;0;1;4.706;
5007;-4.554968796;36.60813747;0.025;False;ok;17;1;3.856;
5008;-4.529968796;36.60813747;0.025;False;ok;74;1;3.628;
5009;-4.554968796;36.63313747;0.025;False;ok;15;1;2.973;
5010;-4.529968796;36.63313747;0.025;False;ok;6;1;3.780;
5011;-4.504968796;36.60813747;0.003125;False;ok;60;1;3.946;
5012;-4.504968796;36.61126247;0.003125;False;ok;75;1;3.816;
5013;-4.501843796;36.61126247;0.003125;False;ok;31;1;4.621;
5014;-4.504968796;36.61438747;0.00625;False;ok;75;1;4.934;
5015;-4.498718796;36.61438747;0.003125;False;ok;70;1;4.694;
5016;-4.498718796;36.61751247;0.003125;False;ok;75;1;4.647;
5017;-4.504968796;36.62063747;0.003125;False;ok;38;1;3.256;
5018;-4.501843796;36.62063747;0.003125;False;ok;74;1;4.709;
5019;-4.504968796;36.62376247;0.003125;False;ok;51;1;3.285;
5020;-4.501843796;36.62376247;0.003125;False;ok;75;1;3.484;
5021;-4.498718796;36.62063747;0.003125;False;ok;75;1;5.520;
5022;-4.495593796;36.62063747;0.003125;False;ok;18;1;3.448;
5023;-4.498718796;36.62376247;0.003125;False;ok;65;1;5.264;
5024;-4.495593796;36.62376247;0.003125;False;ok;41;1;5.127;
5025;-4.504968796;36.62688747;0.00625;False;ok;73;1;5.309;
5026;-4.498718796;36.62688747;0.00625;False;ok;74;1;5.339;
5027;-4.492468796;36.62063747;0.0125;False;ok;63;1;3.455;
5028;-4.504968796;36.63313747;0.0125;False;ok;74;1;5.302;
5029;-4.492468796;36.63313747;0.0125;False;ok;75;1;5.155;
5030;-4.504968796;36.64563747;0.0125;False;ok;9;1;4.843;
5031;-4.492468796;36.64563747;0.0125;False;ok;19;1;4.913;
5032;-4.479968796;36.63313747;0.025;False;ok;18;1;3.442;
5033;-6.454968796;36.65813747;0.05;False;ok;72;1;3.631;
5034;-6.404968796;36.65813747;0.05;False;ok;3;1;3.580;
5035;-6.454968796;36.70813747;0.05;False;ok;74;1;3.907;
5036;-6.404968796;36.70813747;0.05;False;ok;11;1;5.316;
5037;-6.354968796;36.65813747;0.1;False;ok;2;1;5.881;
5038;-6.254968796;36.65813747;0.1;False;ok;5;1;5.645;
5039;-6.154968796;36.65813747;0.025;False;ok;75;1;6.086;
5040;-6.129968796;36.65813747;0.025;False;ok;20;1;3.636;
5041;-6.154968796;36.68313747;0.0125;False;ok;68;1;5.902;
5042;-6.142468796;36.68313747;0.00625;False;ok;73;1;3.868;
5043;-6.136218796;36.68313747;0.00625;False;ok;74;1;5.871;
5044;-6.142468796;36.68938747;0.00625;False;ok;9;1;5.664;
5045;-6.136218796;36.68938747;0.00625;False;ok;6;1;5.774;
5046;-6.154968796;36.69563747;0.0125;False;ok;5;1;3.850;
5047;-6.142468796;36.69563747;0.0125;False;ok;6;1;5.721;
5048;-6.129968796;36.68313747;0.025;False;ok;36;1;5.836;
5049;-6.104968796;36.65813747;0.05;False;ok;2;1;3.807;
5050;-6.154968796;36.70813747;0.05;False;ok;1;1;5.328;
5051;-6.104968796;36.70813747;0.05;False;ok;6;1;3.695;
5052;-6.054968796;36.65813747;0.1;False;ok;10;1;5.689;
5053;-5.954968796;36.65813747;0.1;False;ok;6;1;5.337;
5054;-5.854968796;36.65813747;0.1;False;ok;75;1;5.771;
5055;-5.754968796;36.65813747;0.1;False;ok;20;1;3.750;
5056;-5.654968796;36.65813747;0.1;False;ok;7;1;3.657;
5057;-5.554968796;36.65813747;0.1;False;ok;62;1;3.638;
5058;-5.454968796;36.65813747;0.1;False;ok;74;1;5.104;
5059;-5.354968796;36.65813747;0.1;False;ok;5;1;4.682;
5060;-5.204968796;36.65813747;0.05;False;ok;2;1;3.479;
5061;-5.254968796;36.70813747;0.05;False;ok;66;1;5.076;
5062;-5.204968796;36.70813747;0.025;False;ok;1;1;4.859;
5063;-5.179968796;36.70813747;0.025;False;ok;14;1;3.293;
5064;-5.204968796;36.73313747;0.025;False;ok;8;1;4.912;
5065;-5.179968796;36.73313747;0.0125;False;ok;11;1;3.107;
5066;-5.167468796;36.73313747;0.00625;False;ok;48;1;3.417;
5067;-5.167468796;36.73938747;0.003125;False;ok;43;1;3.567;
5068;-5.164343796;36.73938747;0.003125;False;ok;48;1;5.836;
5069;-5.167468796;36.74251247;0.003125;False;ok;64;1;5.677;
5070;-5.164343796;36.74251247;0.003125;False;ok;65;1;5.648;
5071;-5.161218796;36.73938747;0.00625;False;ok;30;1;5.611;
5072;-5.179968796;36.74563747;0.0125;False;ok;17;1;5.456;
5073;-5.167468796;36.74563747;0.0125;False;ok;64;1;5.514;
5074;-5.154968796;36.65813747;0.1;False;ok;23;1;3.277;
5075;-4.954968796;36.65813747;0.1;False;ok;72;1;5.304;
5076;-4.854968796;36.65813747;0.1;False;ok;44;1;5.037;
5077;-4.754968796;36.65813747;0.1;False;ok;75;1;5.180;
5078;-4.654968796;36.65813747;0.1;False;ok;74;1;4.180;
5079;-4.554968796;36.65813747;0.05;False;ok;43;1;4.042;
5080;-4.504968796;36.65813747;0.05;False;ok;74;1;3.986;
5081;-4.554968796;36.70813747;0.05;False;ok;10;1;4.295;
5082;-4.504968796;36.70813747;0.05;False;ok;45;1;4.543;
5083;-4.454968796;36.65813747;0.025;False;ok;12;1;3.359;
5084;-4.454968796;36.68313747;0.0125;False;ok;75;1;4.551;
5085;-4.442468796;36.68313747;0.0125;False;ok;13;1;4.274;
5086;-4.454968796;36.69563747;0.0125;False;ok;74;1;3.354;
5087;-4.442468796;36.69563747;0.0125;False;ok;74;1;4.475;
5088;-4.454968796;36.70813747;0.0125;False;ok;31;1;3.142;
5089;-4.442468796;36.70813747;0.0125;False;ok;75;1;5.666;
5090;-4.454968796;36.72063747;0.0125;False;ok;23;1;5.053;
5091;-4.442468796;36.72063747;0.0125;False;ok;75;1;5.284;
5092;-4.429968796;36.70813747;0.00625;False;ok;75;1;5.642;
5093;-4.423718796;36.70813747;0.00625;False;ok;10;1;3.395;
5094;-4.429968796;36.71438747;0.003125;False;ok;29;1;5.502;
5095;-4.426843796;36.71438747;0.003125;False;ok;73;1;3.586;
5096;-4.429968796;36.71751247;0.003125;False;ok;48;1;3.549;
5097;-4.426843796;36.71751247;0.003125;False;ok;75;1;5.572;
5098;-4.423718796;36.71438747;0.003125;False;ok;74;1;5.454;
5099;-4.420593796;36.71438747;0.003125;False;ok;1;1;4.956;
5100;-4.423718796;36.71751247;0.0015625;False;ok;23;1;3.534;
5101;-4.422156296;36.71751247;0.0015625;False;ok;13;1;4.885;
5102;-4.423718796;36.71907497;0.0015625;False;ok;75;1;3.732;
5103;-4.422156296;36.71907497;0.0015625;False;ok;32;1;4.737;
5104;-4.420593796;36.71751247;0.003125;False;ok;56;1;3.557;
5105;-4.417468796;36.71438747;0.00625;False;ok;75;1;4.519;
5106;-4.411218796;36.71438747;0.00625;False;ok;75;1;4.426;
5107;-4.429968796;36.72063747;0.003125;False;ok;75;1;4.290;
5108;-4.426843796;36.72063747;0.003125;False;ok;75;1;4.373;
5109;-4.429968796;36.72376247;0.003125;False;ok;73;1;3.146;
5110;-4.426843796;36.72376247;0.003125;False;ok;74;1;2.930;
5111;-4.423718796;36.72063747;0.0015625;False;ok;65;1;2.942;
5112;-4.422156296;36.72063747;0.0015625;False;ok;75;1;2.949;
5113;-4.423718796;36.72219997;0.0015625;False;ok;60;1;3.033;
5114;-4.422156296;36.72219997;0.0015625;False;ok;75;1;3.184;
5115;-4.420593796;36.72063747;0.0015625;False;ok;72;1;4.415;
5116;-4.419031296;36.72063747;0.0015625;False;ok;46;1;4.762;
5117;-4.420593796;36.72219997;0.0015625;False;ok;75;1;5.407;
5118;-4.419031296;36.72219997;0.0015625;False;ok;66;1;5.539;
5119;-4.423718796;36.72376247;0.0015625;False;ok;60;1;5.400;
5120;-4.422156296;36.72376247;0.0015625;False;ok;63;1;5.387;
5121;-4.423718796;36.72532497;0.0015625;False;ok;46;1;5.392;
5122;-4.422156296;36.72532497;0.0015625;False;ok;72;1;5.499;
5123;-4.420593796;36.72376247;0.0015625;False;ok;75;1;5.699;
5124;-4.419031296;36.72376247;0.0015625;False;ok;75;1;5.642;
5125;-4.420593796;36.72532497;0.0015625;False;ok;75;1;5.499;
5126;-4.419031296;36.72532497;0.0015625;False;ok;54;1;5.318;
5127;-4.429968796;36.72688747;0.00625;False;ok;75;1;5.431;
5128;-4.423718796;36.72688747;0.00625;False;ok;75;1;5.333;
5129;-4.417468796;36.72063747;0.003125;False;ok;52;1;3.835;
5130;-4.414343796;36.72063747;0.003125;False;ok;7;1;3.582;
5131;-4.417468796;36.72376247;0.003125;False;ok;74;1;3.852;
5132;-4.414343796;36.72376247;0.003125;False;ok;45;1;3.483;
5133;-4.411218796;36.72063747;0.00625;False;ok;50;1;3.826;
5134;-4.417468796;36.72688747;0.00625;False;ok;75;1;3.756;
5135;-4.411218796;36.72688747;0.00625;False;ok;20;1;2.624;
5136;-4.429968796;36.73313747;0.025;False;ok;62;1;2.969;
5137;-4.404968796;36.70813747;0.025;False;ok;73;1;3.246;
5138;-4.379968796;36.70813747;0.0125;False;ok;10;1;3.165;
5139;-4.367468796;36.70813747;0.0125;False;ok;75;1;3.329;
5140;-4.379968796;36.72063747;0.0125;False;ok;75;1;3.574;
5141;-4.367468796;36.72063747;0.0125;False;ok;60;1;4.945;
5142;-4.404968796;36.73313747;0.025;False;ok;3;1;5.403;
5143;-4.379968796;36.73313747;0.025;False;ok;18;1;5.641;
5144;-4.354968796;36.70813747;0.05;False;ok;73;1;5.968;
5145;-4.304968796;36.70813747;0.025;False;ok;74;1;5.990;
5146;-4.279968796;36.70813747;0.025;False;ok;73;1;5.907;
5147;-4.279968796;36.73313747;0.025;False;ok;15;1;6.019;
5148;-4.254968796;36.70813747;0.05;False;ok;75;1;6.293;
5149;-4.204968796;36.70813747;0.05;False;ok;74;1;6.146;
5150;-4.154968796;36.70813747;0.05;False;ok;56;1;4.084;
5151;-4.104968796;36.70813747;0.025;False;ok;45;1;6.097;
5152;-4.104968796;36.73313747;0.00625;False;ok;29;1;3.666;
5153;-4.098718796;36.73313747;0.00625;False;ok;74;1;6.264;
5154;-4.104968796;36.73938747;0.00625;False;ok;10;1;5.926;
5155;-4.098718796;36.73938747;0.00625;False;ok;74;1;6.134;
5156;-4.092468796;36.73313747;0.0125;False;ok;74;1;5.272;
5157;-4.104968796;36.74563747;0.0125;False;ok;11;1;3.609;
5158;-4.092468796;36.74563747;0.0125;False;ok;35;1;3.615;
5159;-4.079968796;36.73313747;0.025;False;ok;75;1;4.284;
5160;-4.054968796;36.70813747;0.05;False;ok;73;1;4.044;
5161;-3.979968796;36.72063747;0.0125;False;ok;74;1;3.523;
5162;-3.967468796;36.72063747;0.0125;False;ok;75;1;3.392;
5163;-4.004968796;36.73313747;0.025;False;ok;74;1;4.415;
5164;-3.979968796;36.73313747;0.025;False;ok;73;1;4.309;
5165;-3.954968796;36.70813747;0.025;False;ok;74;1;4.223;
5166;-3.954968796;36.73313747;0.025;False;ok;75;1;4.537;
5167;-3.929968796;36.73313747;0.025;False;ok;74;1;3.440;
5168;-3.904968796;36.73313747;0.0125;False;ok;36;1;4.452;
5169;-3.892468796;36.73938747;0.00625;False;ok;16;1;4.466;
5170;-3.886218796;36.73938747;0.003125;False;ok;43;1;3.353;
5171;-3.883093796;36.73938747;0.003125;False;ok;34;1;4.299;
5172;-3.886218796;36.74251247;0.003125;False;ok;74;1;4.601;
5173;-3.883093796;36.74251247;0.0015625;False;ok;43;1;4.274;
5174;-3.881531296;36.74251247;0.0015625;False;ok;75;1;4.373;
5175;-3.883093796;36.74407497;0.0015625;False;ok;14;1;4.178;
5176;-3.881531296;36.74407497;0.0015625;False;ok;43;1;4.090;
5177;-3.904968796;36.74563747;0.0125;False;ok;67;1;3.122;
5178;-3.892468796;36.74563747;0.0125;False;ok;55;1;4.087;
5179;-3.879968796;36.73313747;0.0125;False;ok;75;1;3.081;
5180;-3.879968796;36.74563747;0.003125;False;ok;75;1;4.319;
5181;-3.876843796;36.74563747;0.003125;False;ok;67;1;2.870;
5182;-3.879968796;36.74876247;0.003125;False;ok;50;1;2.708;
5183;-3.876843796;36.74876247;0.003125;False;ok;74;1;3.826;
5184;-3.873718796;36.74563747;0.003125;False;ok;75;1;3.058;
5185;-3.873718796;36.74876247;0.003125;False;ok;75;1;3.108;
5186;-3.870593796;36.74876247;0.003125;False;ok;63;1;4.409;
5187;-3.879968796;36.75188747;0.00625;False;ok;62;1;4.619;
5188;-3.873718796;36.75188747;0.003125;False;ok;74;1;3.489;
5189;-3.870593796;36.75188747;0.003125;False;ok;72;1;3.463;
5190;-3.873718796;36.75501247;0.003125;False;ok;49;1;5.739;
5191;-3.870593796;36.75501247;0.003125;False;ok;28;1;5.529;
5192;-3.867468796;36.74563747;0.0125;False;ok;75;1;5.755;
5193;-3.854968796;36.65813747;0.1;False;ok;75;1;3.679;
5194;-3.754968796;36.70813747;0.025;False;ok;58;1;5.815;
5195;-3.729968796;36.70813747;0.025;False;ok;73;1;3.511;
5196;-3.754968796;36.73313747;0.025;False;ok;74;1;5.767;
5197;-3.729968796;36.73313747;0.025;False;ok;72;1;5.860;
5198;-3.704968796;36.70813747;0.025;False;ok;75;1;6.247;
5199;-3.679968796;36.70813747;0.025;False;ok;14;1;5.690;
5200;-3.704968796;36.73313747;0.025;False;ok;75;1;5.931;
5201;-3.679968796;36.73313747;0.025;False;ok;73;1;5.834;
5202;-3.654968796;36.70813747;0.05;False;ok;75;1;5.813;
5203;-3.604968796;36.70813747;0.05;False;ok;75;1;3.866;
5204;-3.554968796;36.65813747;0.1;False;ok;75;1;3.992;
5205;-3.454968796;36.65813747;0.1;False;ok;61;1;4.984;
5206;-3.354968796;36.65813747;0.1;False;ok;29;1;3.652;
5207;-3.254968796;36.65813747;0.1;False;ok;10;1;3.602;
5208;-3.154968796;36.65813747;0.1;False;ok;12;1;4.710;
5209;-3.054968796;36.65813747;0.1;False;ok;25;1;3.555;
5210;-2.954968796;36.65813747;0.1;False;ok;13;1;3.560;
5211;-2.854968796;36.65813747;0.1;False;ok;72;1;4.993;
5212;-2.654968796;36.65813747;0.05;False;ok;0;1;5.792;
5213;-2.654968796;36.70813747;0.025;False;ok;73;1;5.472;
5214;-2.629968796;36.70813747;0.025;False;ok;75;1;5.557;
5215;-2.654968796;36.73313747;0.025;False;ok;2;1;3.565;
5216;-2.629968796;36.73313747;0.025;False;ok;74;1;5.443;
5217;-6.454968796;36.75813747;0.1;False;ok;75;1;3.913;
5218;-6.354968796;36.75813747;0.0125;False;ok;4;1;5.232;
5219;-6.342468796;36.75813747;0.0125;False;ok;1;1;5.145;
5220;-6.354968796;36.77063747;0.0125;False;ok;75;1;5.654;
5221;-6.342468796;36.77063747;0.0125;False;ok;8;1;5.437;
5222;-6.329968796;36.75813747;0.025;False;ok;3;1;5.372;
5223;-6.354968796;36.78313747;0.025;False;ok;74;1;5.776;
5224;-6.329968796;36.78313747;0.025;False;ok;27;1;3.823;
5225;-6.304968796;36.75813747;0.05;False;ok;1;1;3.660;
5226;-6.354968796;36.80813747;0.05;False;ok;1;1;5.346;
5227;-6.054968796;36.75813747;0.1;False;ok;5;1;5.177;
5228;-5.954968796;36.75813747;0.1;False;ok;1;1;3.558;
5229;-5.854968796;36.75813747;0.1;False;ok;24;1;3.686;
5230;-5.754968796;36.75813747;0.1;False;ok;12;1;5.333;
5231;-5.654968796;36.75813747;0.1;False;ok;43;1;5.508;
5232;-5.554968796;36.75813747;0.1;False;ok;73;1;3.525;
5233;-5.454968796;36.75813747;0.1;False;ok;74;1;3.857;
5234;-5.354968796;36.75813747;0.1;False;ok;73;1;3.819;
5235;-5.254968796;36.75813747;0.1;False;ok;51;1;3.704;
5236;-5.154968796;36.75813747;0.1;False;ok;74;1;3.782;
5237;-5.054968796;36.75813747;0.1;False;ok;1;1;3.558;
5238;-4.954968796;36.75813747;0.1;False;ok;8;1;5.986;
5239;-4.854968796;36.75813747;0.1;False;ok;44;1;6.264;
5240;-4.754968796;36.75813747;0.1;False;ok;75;1;6.496;
5241;-4.654968796;36.75813747;0.1;False;ok;19;1;5.990;
5242;-4.554968796;36.75813747;0.1;False;ok;36;1;6.163;
5243;-4.454968796;36.75813747;0.1;False;ok;13;1;6.124;
5244;-4.354968796;36.75813747;0.1;False;ok;32;1;6.052;
5245;-4.254968796;36.75813747;0.1;False;ok;75;1;5.923;
5246;-4.154968796;36.75813747;0.1;False;ok;74;1;6.367;
5247;-4.054968796;36.75813747;0.05;False;ok;74;1;6.057;
5248;-4.004968796;36.75813747;0.05;False;ok;75;1;6.069;
5249;-4.054968796;36.80813747;0.05;False;ok;51;1;5.871;
5250;-4.004968796;36.80813747;0.025;False;ok;30;1;3.630;
5251;-3.979968796;36.80813747;0.025;False;ok;75;1;5.016;
5252;-4.004968796;36.83313747;0.025;False;ok;44;1;3.644;
5253;-3.979968796;36.83313747;0.025;False;ok;51;1;4.001;
5254;-3.954968796;36.75813747;0.025;False;ok;69;1;3.944;
5255;-3.929968796;36.75813747;0.025;False;ok;57;1;4.423;
5256;-3.954968796;36.78313747;0.025;False;ok;19;1;3.724;
5257;-3.929968796;36.78313747;0.025;False;ok;74;1;3.844;
5258;-3.904968796;36.75813747;0.0125;False;ok;29;1;2.823;
5259;-3.892468796;36.75813747;0.0125;False;ok;72;1;3.597;
5260;-3.904968796;36.77063747;0.0125;False;ok;55;1;4.375;
5261;-3.892468796;36.77063747;0.0125;False;ok;17;1;2.919;
5262;-3.879968796;36.75813747;0.0125;False;ok;75;1;4.521;
5263;-3.867468796;36.75813747;0.0125;False;ok;75;1;4.762;
5264;-3.904968796;36.78313747;0.025;False;ok;75;1;4.793;
5265;-3.954968796;36.80813747;0.05;False;ok;36;1;4.633;
5266;-3.904968796;36.80813747;0.05;False;ok;1;1;4.423;
5267;-3.854968796;36.75813747;0.1;False;ok;38;1;4.922;
5268;-3.754968796;36.75813747;0.1;False;ok;36;1;5.003;
5269;-3.654968796;36.75813747;0.1;False;ok;41;1;3.026;
5270;-3.554968796;36.75813747;0.1;False;ok;33;1;3.110;
5271;-3.454968796;36.75813747;0.1;False;ok;11;1;3.050;
5272;-3.354968796;36.75813747;0.1;False;ok;24;1;4.862;
5273;-3.254968796;36.75813747;0.1;False;ok;7;1;4.797;
5274;-3.154968796;36.75813747;0.1;False;ok;7;1;2.934;
5275;-3.054968796;36.75813747;0.1;False;ok;5;1;4.592;
5276;-2.954968796;36.75813747;0.1;False;ok;6;1;4.576;
5277;-2.854968796;36.75813747;0.1;False;ok;10;1;4.277;
5278;-2.754968796;36.75813747;0.1;False;ok;1;1;2.873;
5279;-2.654968796;36.75813747;0.05;False;ok;56;1;2.964;
5280;-2.604968796;36.75813747;0.05;False;ok;69;1;3.076;
5281;-2.654968796;36.80813747;0.05;False;ok;25;1;2.684;
5282;-2.604968796;36.80813747;0.05;False;ok;74;1;2.920;
5283;-2.554968796;36.75813747;0.1;False;ok;74;1;2.933;
5284;-2.454968796;36.75813747;0.1;False;ok;73;1;2.822;
5285;-2.354968796;36.75813747;0.1;False;ok;73;1;2.992;
5286;-6.154968796;36.85813747;0.1;False;ok;13;1;3.636;
5287;-5.854968796;36.85813747;0.1;False;ok;2;1;2.818;
5288;-5.754968796;36.85813747;0.1;False;ok;1;1;3.634;
5289;-5.654968796;36.85813747;0.1;False;ok;8;1;3.675;
5290;-5.554968796;36.85813747;0.1;False;ok;4;1;3.749;
5291;-5.454968796;36.85813747;0.1;False;ok;66;1;4.509;
5292;-5.354968796;36.85813747;0.1;False;ok;72;1;4.780;
5293;-5.254968796;36.85813747;0.1;False;ok;75;1;4.868;
5294;-5.154968796;36.85813747;0.1;False;ok;2;1;4.793;
5295;-5.054968796;36.85813747;0.1;False;ok;24;1;4.782;
5296;-4.954968796;36.85813747;0.1;False;ok;7;1;4.734;
5297;-4.854968796;36.85813747;0.1;False;ok;75;1;4.945;
5298;-4.754968796;36.85813747;0.1;False;ok;75;1;4.844;
5299;-4.654968796;36.85813747;0.1;False;ok;75;1;3.279;
5300;-4.554968796;36.85813747;0.1;False;ok;43;1;4.398;
5301;-4.454968796;36.85813747;0.1;False;ok;38;1;3.112;
5302;-4.354968796;36.85813747;0.1;False;ok;55;1;3.227;
5303;-4.254968796;36.85813747;0.1;False;ok;74;1;3.620;
5304;-4.154968796;36.85813747;0.1;False;ok;75;1;3.406;
5305;-4.054968796;36.85813747;0.1;False;ok;16;1;3.762;
5306;-3.954968796;36.85813747;0.1;False;ok;4;1;2.954;
5307;-3.654968796;36.85813747;0.1;False;ok;57;1;3.411;
5308;-3.554968796;36.85813747;0.1;False;ok;75;1;3.469;
5309;-3.454968796;36.85813747;0.1;False;ok;75;1;3.814;
5310;-3.354968796;36.85813747;0.1;False;ok;75;1;3.633;
5311;-3.254968796;36.85813747;0.1;False;ok;9;1;2.621;
5312;-3.154968796;36.85813747;0.1;False;ok;4;1;4.099;
5313;-2.754968796;36.85813747;0.1;False;ok;3;1;3.126;
5314;-2.654968796;36.85813747;0.1;False;ok;19;1;3.301;
5315;-2.454968796;36.85813747;0.1;False;ok;16;1;5.406;
5316;-2.354968796;36.85813747;0.1;False;ok;2;1;3.460;
5317;-6.654968796;36.95813747;0.1;False;ok;36;1;3.472;
5318;-6.554968796;36.95813747;0.1;False;ok;56;1;5.898;
5319;-5.954968796;36.95813747;0.1;False;ok;3;1;5.903;
5320;-5.854968796;36.95813747;0.1;False;ok;1;1;5.785;
5321;-5.654968796;36.95813747;0.1;False;ok;13;1;5.784;
5322;-5.554968796;36.95813747;0.1;False;ok;1;1;3.338;
5323;-5.454968796;36.95813747;0.1;False;ok;6;1;5.838;
5324;-5.354968796;36.95813747;0.1;False;ok;6;1;5.753;
5325;-5.254968796;36.95813747;0.1;False;ok;8;1;5.741;
5326;-5.154968796;36.95813747;0.1;False;ok;4;1;5.579;
5327;-4.954968796;36.95813747;0.1;False;ok;20;1;5.402;
5328;-4.754968796;36.95813747;0.1;False;ok;6;1;3.293;
5329;-4.654968796;36.95813747;0.1;False;ok;74;1;5.649;
5330;-4.554968796;36.95813747;0.1;False;ok;11;1;5.195;
5331;-4.454968796;36.95813747;0.1;False;ok;20;1;5.267;
5332;-4.354968796;36.95813747;0.1;False;ok;31;1;3.490;
5333;-4.254968796;36.95813747;0.1;False;ok;8;1;3.381;
5334;-4.154968796;36.95813747;0.1;False;ok;3;1;4.896;
5335;-4.054968796;36.95813747;0.1;False;ok;20;1;3.352;
5336;-3.954968796;36.95813747;0.1;False;ok;6;1;3.291;
5337;-3.654968796;36.95813747;0.1;False;ok;74;1;3.487;
5338;-3.554968796;36.95813747;0.1;False;ok;38;1;3.425;
5339;-3.454968796;36.95813747;0.1;False;ok;59;1;5.291;
5340;-3.354968796;36.95813747;0.1;False;ok;34;1;3.441;
5341;-3.254968796;36.95813747;0.1;False;ok;12;1;5.537;
5342;-3.154968796;36.95813747;0.1;False;ok;27;1;5.620;
5343;-3.054968796;36.95813747;0.1;False;ok;18;1;5.485;
5344;-2.954968796;36.95813747;0.1;False;ok;35;1;5.622;
5345;-2.854968796;36.95813747;0.1;False;ok;11;1;5.708;
5346;-2.754968796;36.95813747;0.1;False;ok;11;1;5.836;
5347;-2.654968796;36.95813747;0.1;False;ok;10;1;5.709;
5348;-2.554968796;36.95813747;0.1;False;ok;3;1;5.605;
5349;-2.454968796;36.95813747;0.1;False;ok;19;1;3.468;
5350;-6.954968796;37.05813747;0.1;False;ok;4;1;5.348;
5351;-6.854968796;37.05813747;0.1;False;ok;54;1;3.542;
5352;-6.554968796;37.05813747;0.1;False;ok;64;1;3.779;
5353;-5.954968796;37.05813747;0.1;False;ok;3;1;3.284;
5354;-5.654968796;37.05813747;0.1;False;ok;1;1;5.235;
5355;-5.554968796;37.05813747;0.1;False;ok;4;1;5.245;
5356;-5.454968796;37.05813747;0.1;False;ok;4;1;5.416;
5357;-5.254968796;37.05813747;0.1;False;ok;0;1;5.909;
5358;-5.154968796;37.05813747;0.1;False;ok;5;1;3.505;
5359;-5.054968796;37.05813747;0.1;False;ok;1;1;3.394;
5360;-4.954968796;37.05813747;0.1;False;ok;4;1;3.451;
5361;-4.854968796;37.05813747;0.1;False;ok;8;1;3.519;
5362;-4.754968796;37.05813747;0.1;False;ok;22;1;3.499;
5363;-4.654968796;37.05813747;0.1;False;ok;1;1;5.403;
5364;-4.554968796;37.05813747;0.1;False;ok;8;1;3.362;
5365;-4.454968796;37.05813747;0.1;False;ok;43;1;6.071;
5366;-4.354968796;37.05813747;0.1;False;ok;29;1;6.094;
5367;-4.254968796;37.05813747;0.1;False;ok;1;1;5.953;
5368;-4.154968796;37.05813747;0.1;False;ok;11;1;6.457;
5369;-4.054968796;37.05813747;0.1;False;ok;5;1;3.339;
5370;-3.954968796;37.05813747;0.1;False;ok;5;1;6.182;
5371;-3.754968796;37.05813747;0.1;False;ok;19;1;6.468;
5372;-3.654968796;37.05813747;0.05;False;ok;40;1;6.592;
5373;-3.604968796;37.05813747;0.05;False;ok;12;1;6.554;
5374;-3.654968796;37.10813747;0.05;False;ok;54;1;6.751;
5375;-3.604968796;37.10813747;0.05;False;ok;73;1;7.057;
5376;-3.554968796;37.05813747;0.1;False;ok;75;1;6.973;
5377;-3.404968796;37.08938747;0.00625;False;ok;48;1;6.498;
5378;-3.398718796;37.08938747;0.003125;False;ok;7;1;3.378;
5379;-3.398718796;37.09251247;0.003125;False;ok;74;1;3.673;
5380;-3.395593796;37.09251247;0.003125;False;ok;48;1;3.364;
5381;-3.392468796;37.08313747;0.0125;False;ok;14;1;3.263;
5382;-3.404968796;37.09563747;0.00625;False;ok;7;1;3.299;
5383;-3.398718796;37.09563747;0.003125;False;ok;74;1;5.496;
5384;-3.395593796;37.09563747;0.003125;False;ok;71;1;3.848;
5385;-3.398718796;37.09876247;0.003125;False;ok;0;1;4.121;
5386;-3.395593796;37.09876247;0.003125;False;ok;5;1;3.278;
5387;-3.398718796;37.10188747;0.00625;False;ok;1;1;3.106;
5388;-3.392468796;37.09563747;0.0125;False;ok;1;1;3.040;
5389;-3.454968796;37.10813747;0.05;False;ok;25;1;3.193;
5390;-3.254968796;37.05813747;0.1;False;ok;1;1;2.912;
5391;-2.854968796;37.05813747;0.1;False;ok;8;1;3.011;
5392;-2.754968796;37.05813747;0.1;False;ok;0;1;3.696;
5393;-2.554968796;37.05813747;0.1;False;ok;4;1;2.915;
5394;-2.454968796;37.05813747;0.1;False;ok;12;1;3.366;
5395;-2.354968796;37.05813747;0.1;False;ok;7;1;3.995;
5396;-7.429968796;37.18313747;0.025;True;ok;0;1;4.289;
5397;-7.404968796;37.15813747;0.05;False;ok;74;1;4.662;
5398;-7.454968796;37.20813747;0.05;True;ok;71;1;4.482;
5399;-7.404968796;37.20813747;0.05;False;ok;47;1;5.410;
5400;-7.354968796;37.15813747;0.1;False;ok;75;1;4.046;
5401;-7.254968796;37.15813747;0.05;False;ok;64;1;5.453;
5402;-7.204968796;37.15813747;0.05;False;ok;1;1;3.471;
5403;-7.254968796;37.20813747;0.05;False;ok;72;1;5.164;
5404;-7.204968796;37.20813747;0.05;False;ok;8;1;4.903;
5405;-7.154968796;37.15813747;0.1;False;ok;69;1;5.239;
5406;-7.054968796;37.15813747;0.1;False;ok;72;1;3.593;
5407;-6.954968796;37.15813747;0.1;False;ok;63;1;4.821;
5408;-6.854968796;37.15813747;0.1;False;ok;1;1;3.453;
5409;-6.554968796;37.15813747;0.1;False;ok;6;1;3.564;
5410;-6.354968796;37.15813747;0.1;False;ok;8;1;3.680;
5411;-6.254968796;37.15813747;0.1;False;ok;0;1;5.499;
5412;-6.054968796;37.15813747;0.1;False;ok;2;1;4.769;
5413;-5.954968796;37.15813747;0.1;False;ok;7;1;4.846;
5414;-5.854968796;37.15813747;0.1;False;ok;24;1;4.881;
5415;-5.654968796;37.15813747;0.1;False;ok;0;1;5.422;
5416;-5.554968796;37.15813747;0.1;False;ok;5;1;4.907;
5417;-5.454968796;37.15813747;0.1;False;ok;5;1;3.535;
5418;-5.354968796;37.15813747;0.1;False;ok;38;1;3.683;
5419;-5.154968796;37.15813747;0.1;False;ok;16;1;5.333;
5420;-4.954968796;37.15813747;0.1;False;ok;4;1;5.266;
5421;-4.854968796;37.15813747;0.1;False;ok;20;1;3.773;
5422;-4.654968796;37.15813747;0.1;False;ok;2;1;3.766;
5423;-4.554968796;37.15813747;0.1;False;ok;11;1;3.683;
5424;-4.454968796;37.15813747;0.1;False;ok;21;1;3.618;
5425;-4.354968796;37.15813747;0.1;False;ok;37;1;5.801;
5426;-4.254968796;37.15813747;0.1;False;ok;11;1;5.777;
5427;-4.154968796;37.15813747;0.1;False;ok;6;1;7.023;
5428;-4.054968796;37.15813747;0.1;False;ok;6;1;5.839;
5429;-3.954968796;37.15813747;0.1;False;ok;6;1;5.683;
5430;-3.854968796;37.15813747;0.1;False;ok;11;1;5.732;
5431;-3.754968796;37.15813747;0.1;False;ok;48;1;5.746;
5432;-3.654968796;37.15813747;0.05;False;ok;74;1;6.135;
5433;-3.604968796;37.15813747;0.0125;False;ok;74;1;5.941;
5434;-3.592468796;37.15813747;0.0125;False;ok;44;1;5.409;
5435;-3.604968796;37.17063747;0.003125;False;ok;61;1;3.752;
5436;-3.601843796;37.17063747;0.003125;False;ok;49;1;3.911;
5437;-3.604968796;37.17376247;0.003125;False;ok;72;1;3.810;
5438;-3.601843796;37.17376247;0.003125;False;ok;75;1;4.270;
5439;-3.598718796;37.17063747;0.003125;False;ok;75;1;4.166;
5440;-3.595593796;37.17063747;0.003125;False;ok;47;1;4.299;
5441;-3.598718796;37.17376247;0.003125;False;ok;75;1;4.800;
5442;-3.595593796;37.17376247;0.003125;False;ok;67;1;4.114;
5443;-3.604968796;37.17688747;0.003125;False;ok;34;1;4.109;
5444;-3.601843796;37.17688747;0.003125;False;ok;75;1;4.174;
5445;-3.604968796;37.18001247;0.003125;False;ok;23;1;2.970;
5446;-3.601843796;37.18001247;0.003125;False;ok;75;1;3.286;
5447;-3.598718796;37.17688747;0.003125;False;ok;75;1;3.419;
5448;-3.595593796;37.17688747;0.003125;False;ok;74;1;3.526;
5449;-3.598718796;37.18001247;0.003125;False;ok;45;1;3.183;
5450;-3.595593796;37.18001247;0.003125;False;ok;29;1;2.965;
5451;-3.592468796;37.17063747;0.0125;False;ok;75;1;3.412;
5452;-3.579968796;37.15813747;0.025;False;ok;12;1;3.528;
5453;-3.604968796;37.18313747;0.025;False;ok;74;1;3.634;
5454;-3.654968796;37.20813747;0.05;False;ok;31;1;3.690;
5455;-3.604968796;37.20813747;0.05;False;ok;34;1;4.935;
5456;-3.554968796;37.15813747;0.1;False;ok;71;1;5.219;
5457;-3.454968796;37.15813747;0.1;False;ok;47;1;3.812;
5458;-3.254968796;37.15813747;0.1;False;ok;15;1;3.653;
5459;-3.154968796;37.15813747;0.1;False;ok;15;1;5.025;
5460;-3.054968796;37.15813747;0.1;False;ok;0;1;5.447;
5461;-2.954968796;37.15813747;0.1;False;ok;0;1;5.585;
5462;-2.754968796;37.15813747;0.1;False;ok;2;1;4.896;
5463;-2.454968796;37.15813747;0.1;False;ok;2;1;4.625;
5464;-2.354968796;37.15813747;0.1;False;ok;1;1;4.617;
5465;-7.454968796;37.25813747;0.1;True;ok;47;1;4.612;
5466;-7.354968796;37.25813747;0.1;False;ok;7;1;3.304;
5467;-7.254968796;37.25813747;0.1;False;ok;8;1;3.217;
5468;-7.154968796;37.25813747;0.1;False;ok;9;1;4.614;
5469;-7.054968796;37.25813747;0.1;False;ok;18;1;4.414;
5470;-6.954968796;37.25813747;0.1;False;ok;37;1;4.766;
5471;-6.854968796;37.25813747;0.1;False;ok;15;1;4.731;
5472;-6.754968796;37.25813747;0.1;False;ok;4;1;4.266;
5473;-6.654968796;37.25813747;0.1;False;ok;3;1;2.956;
5474;-6.554968796;37.25813747;0.1;False;ok;10;1;3.119;
5475;-6.454968796;37.25813747;0.1;False;ok;9;1;3.255;
5476;-6.354968796;37.25813747;0.1;False;ok;7;1;3.288;
5477;-6.254968796;37.25813747;0.1;False;ok;20;1;4.769;
5478;-6.154968796;37.25813747;0.1;False;ok;36;1;3.524;
5479;-6.054968796;37.25813747;0.1;False;ok;73;1;3.713;
5480;-5.954968796;37.25813747;0.1;False;ok;52;1;5.397;
5481;-5.854968796;37.25813747;0.1;False;ok;35;1;5.460;
5482;-5.554968796;37.25813747;0.1;False;ok;5;1;5.284;
5483;-5.454968796;37.25813747;0.1;False;ok;18;1;5.386;
5484;-5.254968796;37.25813747;0.1;False;ok;11;1;5.261;
5485;-4.954968796;37.25813747;0.1;False;ok;2;1;5.056;
5486;-4.854968796;37.25813747;0.1;False;ok;5;1;5.157;
5487;-4.754968796;37.25813747;0.1;False;ok;2;1;5.061;
5488;-4.554968796;37.25813747;0.1;False;ok;3;1;3.173;
5489;-4.454968796;37.25813747;0.1;False;ok;25;1;5.446;
5490;-4.354968796;37.25813747;0.1;False;ok;42;1;5.411;
5491;-4.254968796;37.25813747;0.1;False;ok;28;1;3.447;
5492;-4.154968796;37.25813747;0.1;False;ok;19;1;3.428;
5493;-4.054968796;37.25813747;0.1;False;ok;38;1;5.486;
5494;-3.954968796;37.25813747;0.1;False;ok;25;1;3.518;
5495;-3.854968796;37.25813747;0.1;False;ok;15;1;5.226;
5496;-3.754968796;37.25813747;0.1;False;ok;6;1;5.262;
5497;-3.654968796;37.25813747;0.1;False;ok;8;1;3.449;
5498;-3.354968796;37.25813747;0.1;False;ok;6;1;3.393;
5499;-3.254968796;37.25813747;0.1;False;ok;27;1;3.427;
5500;-3.154968796;37.25813747;0.1;False;ok;67;1;5.125;
5501;-2.554968796;37.25813747;0.1;False;ok;7;1;3.377;
5502;-2.454968796;37.25813747;0.1;False;ok;11;1;3.414;
5503;-2.354968796;37.25813747;0.1;False;ok;50;1;5.926;
5504;-7.254968796;37.35813747;0.1;False;ok;1;1;3.481;
5505;-7.154968796;37.35813747;0.1;False;ok;2;1;6.026;
5506;-7.054968796;37.35813747;0.1;False;ok;4;1;5.690;
5507;-6.854968796;37.35813747;0.1;False;ok;5;1;5.814;
5508;-6.754968796;37.35813747;0.1;False;ok;4;1;5.812;
5509;-6.554968796;37.35813747;0.1;False;ok;8;1;5.748;
5510;-6.454968796;37.35813747;0.1;False;ok;6;1;5.853;
5511;-6.254968796;37.35813747;0.1;False;ok;26;1;5.888;
5512;-6.154968796;37.35813747;0.1;False;ok;74;1;5.601;
5513;-6.054968796;37.35813747;0.05;False;ok;74;1;5.825;
5514;-5.992468796;37.35813747;0.0125;False;ok;13;1;3.532;
5515;-6.004968796;37.37063747;0.00625;False;ok;31;1;3.580;
5516;-5.998718796;37.37063747;0.00625;False;ok;30;1;5.158;
5517;-6.004968796;37.37688747;0.00625;False;ok;74;1;5.472;
5518;-5.998718796;37.37688747;0.00625;False;ok;43;1;5.267;
5519;-5.992468796;37.37063747;0.0125;False;ok;74;1;3.809;
5520;-5.979968796;37.35813747;0.025;False;ok;74;1;3.698;
5521;-6.004968796;37.38313747;0.00625;False;ok;74;1;3.502;
5522;-5.998718796;37.38313747;0.003125;False;ok;75;1;3.512;
5523;-5.995593796;37.38313747;0.003125;False;ok;61;1;4.791;
5524;-5.998718796;37.38626247;0.003125;False;ok;75;1;3.417;
5525;-5.995593796;37.38626247;0.003125;False;ok;75;1;3.382;
5526;-6.004968796;37.38938747;0.00625;False;ok;75;1;5.512;
5527;-5.998718796;37.38938747;0.003125;False;ok;75;1;5.074;
5528;-5.995593796;37.38938747;0.003125;False;ok;75;1;3.585;
5529;-5.998718796;37.39251247;0.003125;False;ok;46;1;5.169;
5530;-5.995593796;37.39251247;0.003125;False;ok;75;1;5.279;
5531;-5.992468796;37.38313747;0.003125;False;ok;75;1;5.314;
5532;-5.989343796;37.38313747;0.003125;False;ok;52;1;4.905;
5533;-5.992468796;37.38626247;0.003125;False;ok;75;1;5.259;
5534;-5.989343796;37.38626247;0.003125;False;ok;75;1;5.175;
5535;-5.986218796;37.38313747;0.00625;False;ok;75;1;3.506;
5536;-5.992468796;37.38938747;0.003125;False;ok;75;1;3.460;
5537;-5.989343796;37.38938747;0.003125;False;ok;75;1;5.366;
5538;-5.992468796;37.39251247;0.003125;False;ok;66;1;5.240;
5539;-5.989343796;37.39251247;0.003125;False;ok;75;1;3.517;
5540;-5.986218796;37.38938747;0.00625;False;ok;75;1;4.930;
5541;-6.004968796;37.39563747;0.00625;False;ok;42;1;4.705;
5542;-5.998718796;37.39563747;0.003125;False;ok;75;1;4.789;
5543;-5.995593796;37.39563747;0.003125;False;ok;74;1;3.280;
5544;-5.998718796;37.39876247;0.003125;False;ok;55;1;3.475;
5545;-5.995593796;37.39876247;0.003125;False;ok;75;1;3.461;
5546;-5.998718796;37.40188747;0.00625;False;ok;36;1;2.681;
5547;-5.992468796;37.39563747;0.003125;False;ok;75;1;2.821;
5548;-5.989343796;37.39563747;0.003125;False;ok;64;1;2.644;
5549;-5.992468796;37.39876247;0.003125;False;ok;74;1;2.594;
5550;-5.989343796;37.39876247;0.003125;False;ok;61;1;3.638;
5551;-5.986218796;37.39563747;0.00625;False;ok;74;1;3.679;
5552;-5.992468796;37.40188747;0.00625;False;ok;71;1;4.457;
5553;-5.986218796;37.40188747;0.00625;False;ok;33;1;4.088;
5554;-5.979968796;37.38313747;0.025;False;ok;73;1;4.634;
5555;-6.054968796;37.40813747;0.05;False;ok;27;1;4.133;
5556;-6.004968796;37.40813747;0.05;False;ok;51;1;4.342;
5557;-5.954968796;37.35813747;0.1;False;ok;73;1;4.419;
5558;-5.854968796;37.35813747;0.1;False;ok;16;1;2.928;
5559;-5.754968796;37.35813747;0.1;False;ok;9;1;4.322;
5560;-5.554968796;37.35813747;0.1;False;ok;0;1;3.704;
5561;-5.354968796;37.35813747;0.1;False;ok;0;1;5.376;
5562;-4.854968796;37.35813747;0.1;False;ok;11;1;4.654;
5563;-4.754968796;37.35813747;0.1;False;ok;4;1;4.531;
5564;-4.654968796;37.35813747;0.1;False;ok;10;1;3.220;
5565;-4.554968796;37.35813747;0.1;False;ok;43;1;4.637;
5566;-4.454968796;37.35813747;0.1;False;ok;9;1;4.516;
5567;-4.354968796;37.35813747;0.1;False;ok;28;1;3.249;
5568;-4.254968796;37.35813747;0.1;False;ok;52;1;3.470;
5569;-4.154968796;37.35813747;0.1;False;ok;24;1;3.689;
5570;-4.054968796;37.35813747;0.1;False;ok;7;1;3.076;
5571;-3.954968796;37.35813747;0.1;False;ok;10;1;4.071;
5572;-3.854968796;37.35813747;0.1;False;ok;20;1;4.282;
5573;-3.754968796;37.35813747;0.1;False;ok;3;1;4.355;
5574;-3.654968796;37.35813747;0.1;False;ok;0;1;3.963;
5575;-3.254968796;37.35813747;0.1;False;ok;8;1;4.402;
5576;-3.054968796;37.35813747;0.1;False;ok;7;1;4.605;
5577;-2.954968796;37.35813747;0.1;False;ok;5;1;3.299;
5578;-2.754968796;37.35813747;0.1;False;ok;3;1;4.454;
5579;-2.654968796;37.35813747;0.1;False;ok;0;1;5.799;
5580;-2.354968796;37.35813747;0.1;False;ok;4;1;4.945;
5581;-7.554968796;37.45813747;0.1;True;ok;20;1;3.420;
5582;-7.354968796;37.45813747;0.1;False;ok;2;1;4.798;
5583;-6.254968796;37.45813747;0.1;False;ok;15;1;3.365;
5584;-6.154968796;37.45813747;0.1;False;ok;3;1;4.961;
5585;-6.054968796;37.45813747;0.1;False;ok;26;1;5.222;
5586;-5.954968796;37.45813747;0.1;False;ok;9;1;3.189;
5587;-5.854968796;37.45813747;0.1;False;ok;3;1;5.080;
5588;-5.754968796;37.45813747;0.1;False;ok;10;1;5.021;
5589;-5.654968796;37.45813747;0.1;False;ok;44;1;5.197;
5590;-5.354968796;37.45813747;0.1;False;ok;11;1;3.341;
5591;-5.254968796;37.45813747;0.1;False;ok;2;1;4.464;
5592;-5.154968796;37.45813747;0.1;False;ok;38;1;4.794;
5593;-4.654968796;37.45813747;0.1;False;ok;7;1;3.370;
5594;-4.554968796;37.45813747;0.1;False;ok;7;1;3.232;
5595;-4.454968796;37.45813747;0.1;False;ok;17;1;3.226;
5596;-4.354968796;37.45813747;0.1;False;ok;43;1;4.903;
5597;-4.254968796;37.45813747;0.1;False;ok;29;1;3.282;
5598;-4.154968796;37.45813747;0.1;False;ok;15;1;5.048;
5599;-4.054968796;37.45813747;0.1;False;ok;12;1;3.165;
5600;-3.954968796;37.45813747;0.1;False;ok;28;1;5.136;
5601;-3.854968796;37.45813747;0.1;False;ok;10;1;4.943;
5602;-3.654968796;37.45813747;0.1;False;ok;8;1;4.838;
5603;-3.554968796;37.45813747;0.1;False;ok;1;1;3.078;
5604;-3.354968796;37.45813747;0.1;False;ok;0;1;5.782;
5605;-3.154968796;37.45813747;0.1;False;ok;1;1;5.111;
5606;-3.054968796;37.45813747;0.1;False;ok;14;1;5.078;
5607;-2.954968796;37.45813747;0.1;False;ok;17;1;5.376;
5608;-2.854968796;37.45813747;0.1;False;ok;19;1;5.389;
5609;-2.754968796;37.45813747;0.1;False;ok;22;1;5.266;
5610;-2.654968796;37.45813747;0.1;False;ok;2;1;3.159;
5611;-2.554968796;37.45813747;0.1;False;ok;0;1;3.967;
5612;-2.354968796;37.45813747;0.1;False;ok;5;1;4.914;
5613;-7.454968796;37.55813747;0.1;False;ok;1;1;3.379;
5614;-6.854968796;37.55813747;0.1;False;ok;0;1;4.287;
5615;-6.754968796;37.55813747;0.1;False;ok;3;1;4.786;
5616;-6.554968796;37.55813747;0.1;False;ok;3;1;3.573;
5617;-6.354968796;37.55813747;0.1;False;ok;4;1;4.455;
5618;-6.254968796;37.55813747;0.1;False;ok;6;1;3.381;
5619;-6.154968796;37.55813747;0.1;False;ok;18;1;4.446;
5620;-5.954968796;37.55813747;0.1;False;ok;3;1;4.375;
5621;-5.854968796;37.55813747;0.1;False;ok;14;1;4.483;
5622;-5.754968796;37.55813747;0.1;False;ok;9;1;4.589;
5623;-5.654968796;37.55813747;0.1;False;ok;0;1;3.755;
5624;-5.554968796;37.55813747;0.1;False;ok;7;1;4.217;
5625;-5.154968796;37.55813747;0.1;False;ok;1;1;3.004;
5626;-5.054968796;37.55813747;0.1;False;ok;7;1;3.194;
5627;-4.954968796;37.55813747;0.1;False;ok;9;1;3.269;
5628;-4.854968796;37.55813747;0.1;False;ok;3;1;5.420;
5629;-4.754968796;37.55813747;0.1;False;ok;21;1;5.445;
5630;-4.654968796;37.55813747;0.1;False;ok;19;1;5.367;
5631;-4.354968796;37.55813747;0.1;False;ok;51;1;5.590;
5632;-4.254968796;37.55813747;0.1;False;ok;1;1;5.359;
5633;-4.154968796;37.55813747;0.1;False;ok;11;1;5.342;
5634;-4.054968796;37.55813747;0.1;False;ok;2;1;3.034;
5635;-3.954968796;37.55813747;0.1;False;ok;7;1;3.063;
5636;-3.854968796;37.55813747;0.1;False;ok;4;1;5.353;
5637;-3.654968796;37.55813747;0.1;False;ok;6;1;5.114;
5638;-3.554968796;37.55813747;0.1;False;ok;9;1;5.153;
5639;-3.054968796;37.55813747;0.1;False;ok;1;1;4.633;
5640;-2.954968796;37.55813747;0.1;False;ok;8;1;3.587;
5641;-2.854968796;37.55813747;0.1;False;ok;6;1;3.629;
5642;-2.754968796;37.55813747;0.1;False;ok;9;1;4.799;
5643;-2.654968796;37.55813747;0.1;False;ok;3;1;3.439;
5644;-2.554968796;37.55813747;0.1;False;ok;1;1;4.876;
5645;-2.454968796;37.55813747;0.1;False;ok;1;1;5.162;
5646;-2.354968796;37.55813747;0.1;False;ok;0;1;5.692;
5647;-6.954968796;37.65813747;0.1;False;ok;3;1;3.383;
5648;-6.754968796;37.65813747;0.1;False;ok;1;1;3.305;
5649;-6.654968796;37.65813747;0.1;False;ok;4;1;3.453;
5650;-6.554968796;37.65813747;0.1;False;ok;2;1;5.372;
5651;-6.454968796;37.65813747;0.1;False;ok;0;1;6.102;
5652;-6.354968796;37.65813747;0.1;False;ok;12;1;5.413;
5653;-6.254968796;37.65813747;0.1;False;ok;21;1;5.298;
5654;-6.154968796;37.65813747;0.1;False;ok;9;1;5.302;
5655;-6.054968796;37.65813747;0.1;False;ok;11;1;3.645;
5656;-5.654968796;37.65813747;0.1;False;ok;2;1;5.461;
5657;-5.554968796;37.65813747;0.1;False;ok;5;1;3.388;
5658;-5.354968796;37.65813747;0.1;False;ok;23;1;5.336;
5659;-5.154968796;37.65813747;0.1;False;ok;6;1;5.336;
5660;-4.954968796;37.65813747;0.1;False;ok;13;1;3.583;
5661;-4.654968796;37.65813747;0.1;False;ok;3;1;5.282;
5662;-4.554968796;37.65813747;0.1;False;ok;6;1;3.636;
5663;-4.154968796;37.65813747;0.1;False;ok;2;1;5.626;
5664;-4.054968796;37.65813747;0.1;False;ok;16;1;3.608;
5665;-3.854968796;37.65813747;0.1;False;ok;6;1;3.558;
5666;-3.754968796;37.65813747;0.1;False;ok;10;1;5.617;
5667;-3.654968796;37.65813747;0.1;False;ok;28;1;5.309;
5668;-3.554968796;37.65813747;0.1;False;ok;3;1;5.233;
5669;-3.454968796;37.65813747;0.1;False;ok;4;1;5.011;
5670;-3.354968796;37.65813747;0.1;False;ok;1;1;3.176;
5671;-3.054968796;37.65813747;0.1;False;ok;35;1;3.480;
5672;-2.954968796;37.65813747;0.1;False;ok;61;1;3.456;
5673;-2.854968796;37.65813747;0.1;False;ok;6;1;3.353;
5674;-2.754968796;37.65813747;0.1;False;ok;6;1;3.581;
5675;-2.654968796;37.65813747;0.1;False;ok;4;1;3.547;
5676;-2.554968796;37.65813747;0.1;False;ok;23;1;6.007;
5677;-2.454968796;37.65813747;0.1;False;ok;4;1;5.834;
5678;-6.754968796;37.75813747;0.1;False;ok;3;1;5.919;
5679;-6.554968796;37.75813747;0.1;False;ok;2;1;5.711;
5680;-6.454968796;37.75813747;0.1;False;ok;13;1;6.153;
5681;-6.354968796;37.75813747;0.1;False;ok;11;1;6.133;
5682;-5.854968796;37.75813747;0.1;False;ok;9;1;6.338;
5683;-5.754968796;37.75813747;0.1;False;ok;1;1;6.246;
5684;-5.454968796;37.75813747;0.1;False;ok;30;1;6.410;
5685;-5.354968796;37.75813747;0.1;False;ok;8;1;5.756;
5686;-5.254968796;37.75813747;0.1;False;ok;27;1;3.592;
5687;-5.154968796;37.75813747;0.1;False;ok;16;1;5.362;
5688;-5.054968796;37.75813747;0.1;False;ok;43;1;3.674;
5689;-4.954968796;37.75813747;0.1;False;ok;12;1;5.323;
5690;-4.854968796;37.75813747;0.1;False;ok;1;1;3.579;
5691;-4.254968796;37.75813747;0.1;False;ok;1;1;4.940;
5692;-3.954968796;37.75813747;0.1;False;ok;8;1;3.907;
5693;-3.854968796;37.75813747;0.1;False;ok;75;1;5.237;
5694;-3.754968796;37.75813747;0.1;False;ok;6;1;4.136;
5695;-3.654968796;37.75813747;0.1;False;ok;10;1;4.030;
5696;-3.554968796;37.75813747;0.1;False;ok;24;1;3.098;
5697;-3.454968796;37.75813747;0.1;False;ok;18;1;3.128;
5698;-3.154968796;37.75813747;0.1;False;ok;27;1;3.174;
5699;-3.054968796;37.75813747;0.1;False;ok;7;1;2.978;
5700;-2.954968796;37.75813747;0.1;False;ok;6;1;3.215;
5701;-2.854968796;37.75813747;0.1;False;ok;56;1;3.173;
5702;-2.754968796;37.75813747;0.1;False;ok;7;1;3.167;
5703;-2.654968796;37.75813747;0.1;False;ok;1;1;2.978;
5704;-2.554968796;37.75813747;0.1;False;ok;23;1;4.321;
5705;-7.054968796;37.85813747;0.1;False;ok;4;1;4.508;
5706;-6.854968796;37.85813747;0.1;False;ok;27;1;4.425;
5707;-6.754968796;37.85813747;0.1;False;ok;75;1;4.587;
5708;-6.654968796;37.85813747;0.1;False;ok;75;1;5.089;
5709;-6.554968796;37.85813747;0.1;False;ok;48;1;3.774;
5710;-6.454968796;37.85813747;0.1;False;ok;2;1;3.543;
5711;-6.354968796;37.85813747;0.1;False;ok;1;1;4.729;
5712;-6.254968796;37.85813747;0.1;False;ok;15;1;4.683;
5713;-6.154968796;37.85813747;0.1;False;ok;12;1;5.205;
5714;-5.954968796;37.85813747;0.1;False;ok;1;1;5.123;
5715;-5.854968796;37.85813747;0.1;False;ok;52;1;5.047;
5716;-5.754968796;37.85813747;0.1;False;ok;17;1;3.368;
5717;-5.654968796;37.85813747;0.1;False;ok;43;1;5.330;
5718;-5.554968796;37.85813747;0.1;False;ok;4;1;3.307;
5719;-5.054968796;37.85813747;0.1;False;ok;5;1;5.061;
5720;-4.954968796;37.85813747;0.1;False;ok;11;1;5.321;
5721;-4.854968796;37.85813747;0.05;False;ok;3;1;3.403;
5722;-4.804968796;37.85813747;0.0125;False;ok;0;1;5.833;
5723;-4.792468796;37.85813747;0.0125;False;ok;16;1;3.391;
5724;-4.804968796;37.87063747;0.0125;False;ok;8;1;3.598;
5725;-4.792468796;37.87063747;0.00625;False;ok;2;1;5.124;
5726;-4.786218796;37.87063747;0.00625;False;ok;49;1;3.700;
5727;-4.792468796;37.87688747;0.00625;False;ok;75;1;5.375;
5728;-4.786218796;37.87688747;0.003125;False;ok;44;1;5.109;
5729;-4.783093796;37.87688747;0.003125;False;ok;53;1;5.193;
5730;-4.786218796;37.88001247;0.003125;False;ok;20;1;3.492;
5731;-4.783093796;37.88001247;0.003125;False;ok;75;1;5.256;
5732;-4.779968796;37.85813747;0.0125;False;ok;21;1;5.112;
5733;-4.779968796;37.87063747;0.00625;False;ok;75;1;3.944;
5734;-4.773718796;37.87063747;0.00625;False;ok;16;1;4.971;
5735;-4.779968796;37.87688747;0.00625;False;ok;75;1;3.630;
5736;-4.773718796;37.87688747;0.00625;False;ok;74;1;5.187;
5737;-4.767468796;37.87063747;0.0125;False;ok;29;1;5.002;
5738;-4.804968796;37.88313747;0.025;False;ok;75;1;3.612;
5739;-4.779968796;37.88313747;0.00625;False;ok;75;1;5.221;
5740;-4.773718796;37.88313747;0.00625;False;ok;75;1;5.570;
5741;-4.779968796;37.88938747;0.00625;False;ok;36;1;4.830;
5742;-4.773718796;37.88938747;0.00625;False;ok;37;1;3.097;
5743;-4.767468796;37.88313747;0.0125;False;ok;37;1;4.613;
5744;-4.767468796;37.89563747;0.0125;False;ok;3;1;3.040;
5745;-4.854968796;37.90813747;0.05;False;ok;12;1;4.940;
5746;-4.804968796;37.90813747;0.05;False;ok;24;1;3.091;
5747;-4.754968796;37.85813747;0.1;False;ok;22;1;4.429;
5748;-4.654968796;37.85813747;0.1;False;ok;4;1;3.261;
5749;-4.554968796;37.85813747;0.1;False;ok;4;1;3.203;
5750;-4.454968796;37.85813747;0.1;False;ok;2;1;4.565;
5751;-4.354968796;37.85813747;0.1;False;ok;1;1;3.357;
5752;-4.254968796;37.85813747;0.1;False;ok;3;1;4.619;
5753;-4.154968796;37.85813747;0.1;False;ok;5;1;4.623;
5754;-4.054968796;37.85813747;0.1;False;ok;3;1;4.670;
5755;-3.854968796;37.85813747;0.1;False;ok;1;1;4.670;
5756;-3.654968796;37.85813747;0.1;False;ok;0;1;5.448;
5757;-3.154968796;37.85813747;0.1;False;ok;7;1;3.081;
5758;-3.004968796;37.85813747;0.05;False;ok;25;1;4.737;
5759;-3.054968796;37.90813747;0.05;False;ok;48;1;3.278;
5760;-3.004968796;37.90813747;0.0125;False;ok;75;1;5.048;
5761;-2.992468796;37.90813747;0.0125;False;ok;3;1;3.135;
5762;-3.004968796;37.92063747;0.0125;False;ok;7;1;4.766;
5763;-2.992468796;37.92063747;0.0125;False;ok;26;1;4.838;
5764;-2.979968796;37.90813747;0.025;False;ok;5;1;5.331;
5765;-3.004968796;37.93313747;0.025;False;ok;4;1;3.545;
5766;-2.979968796;37.93313747;0.025;False;ok;28;1;3.575;
5767;-2.954968796;37.85813747;0.1;False;ok;73;1;5.413;
5768;-2.754968796;37.85813747;0.1;False;ok;4;1;3.331;
5769;-2.454968796;37.85813747;0.1;False;ok;11;1;5.017;
5770;-7.254968796;37.95813747;0.1;True;ok;2;1;4.967;
5771;-6.954968796;37.95813747;0.1;False;ok;0;1;4.065;
5772;-6.854968796;37.95813747;0.1;False;ok;4;1;4.914;
5773;-6.754968796;37.95813747;0.1;False;ok;3;1;3.325;
5774;-6.654968796;37.95813747;0.1;False;ok;4;1;5.135;
5775;-6.454968796;37.95813747;0.1;False;ok;3;1;5.205;
5776;-6.354968796;37.95813747;0.1;False;ok;6;1;3.449;
5777;-6.254968796;37.95813747;0.1;False;ok;1;1;5.068;
5778;-5.954968796;37.95813747;0.1;False;ok;1;1;4.888;
5779;-5.854968796;37.95813747;0.1;False;ok;1;1;4.680;
5780;-5.754968796;37.95813747;0.1;False;ok;6;1;4.782;
5781;-5.654968796;37.95813747;0.1;False;ok;7;1;4.972;
5782;-5.054968796;37.95813747;0.1;False;ok;5;1;3.188;
5783;-4.954968796;37.95813747;0.1;False;ok;3;1;3.209;
5784;-4.854968796;37.95813747;0.1;False;ok;34;1;3.443;
5785;-4.754968796;37.95813747;0.1;False;ok;0;1;5.506;
5786;-4.554968796;37.95813747;0.1;False;ok;11;1;4.761;
5787;-4.354968796;37.95813747;0.1;False;ok;3;1;3.237;
5788;-4.254968796;37.95813747;0.1;False;ok;11;1;4.842;
5789;-4.154968796;37.95813747;0.1;False;ok;25;1;3.238;
5790;-4.054968796;37.95813747;0.1;False;ok;17;1;3.229;
5791;-3.854968796;37.95813747;0.1;False;ok;2;1;4.973;
5792;-3.554968796;37.95813747;0.1;False;ok;75;1;5.103;
5793;-3.454968796;37.95813747;0.1;False;ok;75;1;4.928;
5794;-3.354968796;37.95813747;0.1;False;ok;5;1;4.679;
5795;-3.154968796;37.95813747;0.1;False;ok;8;1;3.358;
5796;-2.954968796;37.95813747;0.1;False;ok;19;1;3.418;
5797;-2.854968796;37.95813747;0.1;False;ok;11;1;4.944;
5798;-2.654968796;37.95813747;0.1;False;ok;3;1;5.018;
5799;-2.554968796;37.95813747;0.1;False;ok;4;1;3.265;
5800;-6.954968796;38.05813747;0.1;False;ok;7;1;4.969;
5801;-6.754968796;38.05813747;0.1;False;ok;5;1;4.945;
5802;-6.654968796;38.05813747;0.1;False;ok;6;1;4.861;
5803;-6.554968796;38.05813747;0.1;False;ok;24;1;4.815;
5804;-6.454968796;38.05813747;0.1;False;ok;6;1;3.086;
5805;-6.354968796;38.05813747;0.1;False;ok;20;1;5.005;
5806;-6.254968796;38.05813747;0.1;False;ok;1;1;3.127;
5807;-5.854968796;38.05813747;0.1;False;ok;17;1;3.083;
5808;-5.054968796;38.05813747;0.1;False;ok;1;1;4.569;
5809;-4.954968796;38.05813747;0.1;False;ok;7;1;4.486;
5810;-4.454968796;38.05813747;0.1;False;ok;0;1;5.260;
5811;-4.354968796;38.05813747;0.1;False;ok;0;1;3.908;
5812;-4.054968796;38.05813747;0.1;False;ok;12;1;3.189;
5813;-3.954968796;38.05813747;0.1;False;ok;1;1;3.080;
5814;-3.854968796;38.05813747;0.1;False;ok;6;1;5.019;
5815;-3.754968796;38.05813747;0.1;False;ok;1;1;4.764;
5816;-3.654968796;38.05813747;0.1;False;ok;39;1;4.992;
5817;-3.554968796;38.05813747;0.1;False;ok;4;1;4.979;
5818;-3.354968796;38.05813747;0.1;False;ok;10;1;3.242;
5819;-3.254968796;38.05813747;0.1;False;ok;1;1;3.079;
5820;-3.154968796;38.05813747;0.1;False;ok;6;1;3.371;
5821;-3.054968796;38.05813747;0.1;False;ok;23;1;5.474;
5822;-2.854968796;38.05813747;0.1;False;ok;3;1;5.412;
5823;-2.754968796;38.05813747;0.1;False;ok;21;1;5.359;
5824;-2.654968796;38.05813747;0.1;False;ok;9;1;5.258;
5825;-2.454968796;38.05813747;0.1;False;ok;1;1;5.212;
5826;-2.354968796;38.05813747;0.1;False;ok;7;1;5.099;
5827;-7.154968796;38.15813747;0.1;False;ok;1;1;3.321;
5828;-6.754968796;38.15813747;0.1;False;ok;6;1;4.936;
5829;-6.354968796;38.15813747;0.1;False;ok;2;1;3.339;
5830;-6.054968796;38.15813747;0.1;False;ok;5;1;4.806;
5831;-5.954968796;38.15813747;0.1;False;ok;1;1;4.815;
5832;-5.454968796;38.15813747;0.1;False;ok;3;1;3.331;
5833;-5.354968796;38.15813747;0.1;False;ok;8;1;3.248;
5834;-5.154968796;38.15813747;0.1;False;ok;3;1;3.219;
5835;-4.354968796;38.15813747;0.1;False;ok;1;1;5.043;
5836;-4.054968796;38.15813747;0.1;False;ok;3;1;3.145;
5837;-3.854968796;38.15813747;0.1;False;ok;20;1;4.966;
5838;-3.754968796;38.15813747;0.1;False;ok;4;1;5.108;
5839;-3.654968796;38.15813747;0.1;False;ok;1;1;5.159;
5840;-3.554968796;38.15813747;0.1;False;ok;5;1;4.851;
5841;-3.454968796;38.15813747;0.1;False;ok;2;1;3.191;
5842;-3.254968796;38.15813747;0.1;False;ok;3;1;3.116;
5843;-3.054968796;38.15813747;0.1;False;ok;8;1;3.421;
5844;-2.954968796;38.15813747;0.1;False;ok;11;1;5.100;
5845;-2.854968796;38.15813747;0.1;False;ok;4;1;5.366;
5846;-2.754968796;38.15813747;0.1;False;ok;34;1;5.731;
5847;-2.654968796;38.15813747;0.1;False;ok;6;1;5.554;
5848;-2.554968796;38.15813747;0.1;False;ok;3;1;3.548;
5849;-2.454968796;38.15813747;0.1;False;ok;4;1;5.718;
5850;-2.354968796;38.15813747;0.1;False;ok;2;1;3.365;
5851;0.08550972;35.95813747;0.1;True;ok;0;1;5.540;
5852;-2.21449028;36.65813747;0.1;False;ok;21;1;3.316;
5853;-2.11449028;36.65813747;0.1;False;ok;39;1;5.800;
5854;-2.31449028;36.75813747;0.1;False;ok;74;1;5.637;
5855;-2.21449028;36.75813747;0.1;False;ok;24;1;5.550;
5856;-2.11449028;36.75813747;0.00625;False;ok;74;1;3.706;
5857;-2.10824028;36.75813747;0.00625;False;ok;41;1;3.643;
5858;-2.11449028;36.76438747;0.00625;False;ok;67;1;5.113;
5859;-2.10824028;36.76438747;0.00625;False;ok;59;1;5.516;
5860;-2.11449028;36.77063747;0.0125;False;ok;2;1;5.348;
5861;-2.11449028;36.78313747;0.025;False;ok;51;1;3.599;
5862;-2.08949028;36.78313747;0.025;False;ok;6;1;5.504;
5863;-2.06449028;36.75813747;0.05;False;ok;5;1;5.633;
5864;-2.11449028;36.80813747;0.05;False;ok;10;1;3.727;
5865;-2.06449028;36.80813747;0.05;False;ok;73;1;3.795;
5866;-2.31449028;36.85813747;0.1;False;ok;4;1;3.465;
5867;-2.21449028;36.85813747;0.1;False;ok;7;1;5.313;
5868;-2.11449028;36.85813747;0.1;False;ok;44;1;5.583;
5869;-2.01449028;36.85813747;0.1;False;ok;75;1;5.890;
5870;-2.31449028;36.95813747;0.1;False;ok;2;1;5.425;
5871;-2.21449028;36.95813747;0.1;False;ok;69;1;5.796;
5872;-2.11449028;36.95813747;0.1;False;ok;6;1;5.762;
5873;-2.01449028;36.95813747;0.1;False;ok;5;1;3.293;
5874;-1.91449028;36.95813747;0.1;False;ok;75;1;3.766;
5875;-2.31449028;37.05813747;0.1;False;ok;2;1;5.698;
5876;-2.21449028;37.05813747;0.1;False;ok;4;1;5.708;
5877;-2.11449028;37.05813747;0.1;False;ok;11;1;5.683;
5878;-2.01449028;37.05813747;0.1;False;ok;19;1;3.524;
5879;-1.91449028;37.05813747;0.05;False;ok;1;1;3.321;
5880;-1.86449028;37.05813747;0.05;False;ok;75;1;3.857;
5881;-1.91449028;37.10813747;0.05;False;ok;12;1;3.572;
5882;-1.86449028;37.10813747;0.025;False;ok;73;1;6.032;
5883;-1.83949028;37.10813747;0.025;False;ok;47;1;5.439;
5884;-1.86449028;37.13313747;0.025;False;ok;59;1;5.658;
5885;-1.83949028;37.13313747;0.025;False;ok;73;1;5.403;
5886;-2.31449028;37.15813747;0.1;False;ok;1;1;5.102;
5887;-2.21449028;37.15813747;0.1;False;ok;2;1;3.380;
5888;-2.11449028;37.15813747;0.1;False;ok;9;1;3.661;
5889;-2.01449028;37.15813747;0.1;False;ok;25;1;4.890;
5890;-1.91449028;37.15813747;0.05;False;ok;51;1;3.551;
5891;-1.83949028;37.15813747;0.025;False;ok;72;1;3.778;
5892;-1.83949028;37.18313747;0.025;False;ok;73;1;4.911;
5893;-1.91449028;37.20813747;0.05;False;ok;4;1;3.256;
5894;-1.86449028;37.20813747;0.025;False;ok;0;1;5.650;
5895;-1.83949028;37.20813747;0.025;False;ok;73;1;3.623;
5896;-1.86449028;37.23313747;0.025;False;ok;5;1;4.545;
5897;-1.83949028;37.23313747;0.025;False;ok;17;1;4.657;
5898;-1.81449028;37.15813747;0.05;False;ok;18;1;4.934;
5899;-1.81449028;37.20813747;0.0125;False;ok;73;1;4.892;
5900;-1.81449028;37.22063747;0.00625;False;ok;19;1;4.571;
5901;-1.80824028;37.22063747;0.00625;False;ok;75;1;4.736;
5902;-1.81449028;37.22688747;0.00625;False;ok;5;1;3.226;
5903;-1.80824028;37.22688747;0.00625;False;ok;57;1;3.180;
5904;-1.80199028;37.22063747;0.0125;False;ok;75;1;4.384;
5905;-1.81449028;37.23313747;0.025;False;ok;26;1;3.022;
5906;-1.78949028;37.23313747;0.025;False;ok;21;1;4.478;
5907;-2.31449028;37.25813747;0.1;False;ok;9;1;4.295;
5908;-2.21449028;37.25813747;0.1;False;ok;5;1;4.354;
5909;-2.11449028;37.25813747;0.1;False;ok;24;1;4.663;
5910;-2.01449028;37.25813747;0.1;False;ok;7;1;3.259;
5911;-1.91449028;37.25813747;0.1;False;ok;15;1;3.272;
5912;-1.81449028;37.25813747;0.1;False;ok;8;1;3.449;
5913;-1.71449028;37.30813747;0.025;False;ok;18;1;4.767;
5914;-1.71449028;37.33313747;0.025;False;ok;58;1;4.828;
5915;-1.68949028;37.33313747;0.025;False;ok;75;1;3.516;
5916;-1.66449028;37.30813747;0.05;False;ok;5;1;4.623;
5917;-2.31449028;37.35813747;0.1;False;ok;4;1;4.851;
5918;-2.21449028;37.35813747;0.1;False;ok;17;1;3.091;
5919;-2.11449028;37.35813747;0.1;False;ok;9;1;5.091;
5920;-2.01449028;37.35813747;0.1;False;ok;5;1;3.158;
5921;-1.91449028;37.35813747;0.1;False;ok;6;1;5.006;
5922;-1.81449028;37.35813747;0.1;False;ok;5;1;5.239;
5923;-1.71449028;37.35813747;0.1;False;ok;68;1;5.510;
5924;-1.61449028;37.35813747;0.1;False;ok;75;1;5.549;
5925;-1.51449028;37.35813747;0.1;False;ok;29;1;3.383;
5926;-2.31449028;37.45813747;0.1;False;ok;10;1;3.252;
5927;-2.11449028;37.45813747;0.1;False;ok;9;1;5.378;
5928;-2.01449028;37.45813747;0.1;False;ok;6;1;5.578;
5929;-1.81449028;37.45813747;0.1;False;ok;4;1;5.406;
5930;-1.71449028;37.45813747;0.1;False;ok;6;1;3.283;
5931;-1.51449028;37.45813747;0.1;False;ok;2;1;5.266;
5932;-1.41449028;37.45813747;0.1;False;ok;4;1;5.492;
5933;-1.21449028;37.45813747;0.1;False;ok;8;1;3.401;
5934;-2.31449028;37.55813747;0.1;False;ok;1;1;3.531;
5935;-2.11449028;37.55813747;0.1;False;ok;21;1;5.481;
5936;-2.01449028;37.55813747;0.1;False;ok;1;1;3.385;
5937;-1.91449028;37.55813747;0.1;False;ok;0;1;5.471;
5938;-1.81449028;37.55813747;0.1;False;ok;9;1;5.004;
5939;-1.51449028;37.55813747;0.1;False;ok;2;1;3.545;
5940;-1.41449028;37.55813747;0.1;False;ok;42;1;3.620;
5941;-1.31449028;37.55813747;0.05;False;ok;70;1;5.495;
5942;-1.26449028;37.55813747;0.05;False;ok;71;1;3.722;
5943;-1.26449028;37.60813747;0.05;False;ok;1;1;5.073;
5944;-1.21449028;37.55813747;0.1;False;ok;51;1;5.322;
5945;-1.11449028;37.55813747;0.1;False;ok;14;1;5.162;
5946;-1.01449028;37.55813747;0.1;False;ok;74;1;5.361;
5947;-0.91449028;37.55813747;0.1;False;ok;17;1;5.183;
5948;-0.81449028;37.58313747;0.0125;False;ok;20;1;3.305;
5949;-0.80199028;37.58313747;0.0125;False;ok;15;1;3.256;
5950;-0.81449028;37.59563747;0.0125;False;ok;46;1;3.464;
5951;-0.80199028;37.59563747;0.0125;False;ok;6;1;4.918;
5952;-0.81449028;37.60813747;0.025;False;ok;18;1;5.263;
5953;-0.78949028;37.60813747;0.025;False;ok;10;1;5.061;
5954;-0.81449028;37.63313747;0.025;False;ok;7;1;5.107;
5955;-0.78949028;37.63313747;0.025;False;ok;73;1;5.198;
5956;-0.76449028;37.60813747;0.05;False;ok;75;1;3.990;
5957;-0.71449028;37.55813747;0.1;False;ok;74;1;3.847;
5958;-2.21449028;37.65813747;0.1;False;ok;6;1;4.722;
5959;-2.11449028;37.65813747;0.1;False;ok;27;1;3.227;
5960;-2.01449028;37.65813747;0.1;False;ok;1;1;4.452;
5961;-1.91449028;37.65813747;0.1;False;ok;4;1;4.716;
5962;-1.71449028;37.65813747;0.1;False;ok;21;1;3.104;
5963;-1.61449028;37.65813747;0.1;False;ok;2;1;3.012;
5964;-1.51449028;37.65813747;0.1;False;ok;0;1;5.390;
5965;-1.41449028;37.65813747;0.1;False;ok;74;1;3.206;
5966;-1.31449028;37.65813747;0.1;False;ok;1;1;4.756;
5967;-1.21449028;37.65813747;0.1;False;ok;12;1;5.079;
5968;-1.11449028;37.65813747;0.1;False;ok;7;1;5.056;
5969;-1.01449028;37.65813747;0.1;False;ok;74;1;5.380;
5970;-0.86449028;37.65813747;0.05;False;ok;29;1;4.992;
5971;-0.91449028;37.70813747;0.05;False;ok;73;1;5.018;
5972;-0.86449028;37.70813747;0.05;False;ok;75;1;3.767;
5973;-0.76449028;37.65813747;0.05;False;ok;74;1;3.560;
5974;-0.76449028;37.70813747;0.025;False;ok;37;1;3.486;
5975;-0.73949028;37.70813747;0.025;False;ok;1;1;4.748;
5976;-0.76449028;37.73313747;0.025;False;ok;55;1;4.940;
5977;-0.73949028;37.73313747;0.025;False;ok;67;1;4.998;
5978;-2.21449028;37.75813747;0.1;False;ok;0;1;4.320;
5979;-1.81449028;37.75813747;0.1;False;ok;0;1;4.037;
5980;-1.71449028;37.75813747;0.1;False;ok;2;1;4.638;
5981;-1.61449028;37.75813747;0.1;False;ok;8;1;4.728;
5982;-1.51449028;37.75813747;0.1;False;ok;11;1;3.394;
5983;-1.41449028;37.75813747;0.1;False;ok;1;1;4.528;
5984;-1.31449028;37.75813747;0.1;False;ok;1;1;4.804;
5985;-1.21449028;37.75813747;0.1;False;ok;63;1;5.229;
5986;-1.01449028;37.75813747;0.05;False;ok;53;1;3.876;
5987;-0.96449028;37.75813747;0.05;False;ok;1;1;5.515;
5988;-1.01449028;37.80813747;0.0125;False;ok;60;1;3.839;
5989;-1.01449028;37.82063747;0.0125;False;ok;57;1;5.601;
5990;-1.00199028;37.82063747;0.0125;False;ok;38;1;3.743;
5991;-1.01449028;37.83313747;0.025;False;ok;3;1;5.524;
5992;-0.96449028;37.80813747;0.05;False;ok;4;1;5.496;
5993;-0.91449028;37.75813747;0.1;False;ok;73;1;6.289;
5994;-0.81449028;37.75813747;0.05;False;ok;65;1;6.156;
5995;-0.75199028;37.75813747;0.0125;False;ok;62;1;3.691;
5996;-0.76449028;37.77063747;0.0125;False;ok;8;1;3.912;
5997;-0.75199028;37.77063747;0.0125;False;ok;75;1;4.198;
5998;-0.81449028;37.80813747;0.025;False;ok;74;1;6.463;
5999;-0.78949028;37.80813747;0.025;False;ok;75;1;6.115;
6000;-0.81449028;37.83313747;0.025;False;ok;7;1;5.810;
6001;-0.78949028;37.83313747;0.025;False;ok;74;1;5.954;
6002;-0.76449028;37.80813747;0.05;False;ok;6;1;5.514;
6003;-1.51449028;37.85813747;0.1;False;ok;5;1;5.435;
6004;-1.31449028;37.85813747;0.1;False;ok;2;1;5.141;
6005;-1.21449028;37.85813747;0.1;False;ok;15;1;3.640;
6006;-1.11449028;37.85813747;0.1;False;ok;70;1;3.827;
6007;-1.01449028;37.85813747;0.1;False;ok;75;1;3.885;
6008;-0.91449028;37.85813747;0.1;False;ok;40;1;5.364;
6009;-0.81449028;37.85813747;0.05;False;ok;72;1;3.790;
6010;-0.76449028;37.85813747;0.025;False;ok;73;1;3.633;
6011;-0.76449028;37.88313747;0.025;False;ok;71;1;5.817;
6012;-0.81449028;37.90813747;0.025;False;ok;22;1;3.385;
6013;-0.78949028;37.90813747;0.025;False;ok;48;1;5.673;
6014;-0.81449028;37.93313747;0.025;False;ok;12;1;5.642;
6015;-0.78949028;37.93313747;0.025;False;ok;73;1;5.697;
6016;-0.76449028;37.90813747;0.0125;False;ok;10;1;5.725;
6017;-0.75199028;37.90813747;0.0125;False;ok;74;1;5.667;
6018;-0.76449028;37.92063747;0.0125;False;ok;47;1;3.778;
6019;-0.75199028;37.92063747;0.0125;False;ok;45;1;3.801;
6020;-0.73949028;37.90813747;0.0125;False;ok;74;1;6.088;
6021;-0.72699028;37.90813747;0.0125;False;ok;8;1;3.730;
6022;-0.73949028;37.92063747;0.0125;False;ok;75;1;6.055;
6023;-0.72699028;37.92063747;0.0125;False;ok;72;1;6.033;
6024;-0.76449028;37.93313747;0.0125;False;ok;40;1;6.152;
6025;-0.75199028;37.93313747;0.0125;False;ok;72;1;6.160;
6026;-0.76449028;37.94563747;0.0125;False;ok;15;1;6.047;
6027;-0.75199028;37.94563747;0.0125;False;ok;68;1;6.113;
6028;-0.73949028;37.93313747;0.0125;False;ok;69;1;3.812;
6029;-0.72699028;37.93313747;0.0125;False;ok;71;1;3.765;
6030;-0.73949028;37.94563747;0.0125;False;ok;49;1;3.609;
6031;-0.72699028;37.94563747;0.00625;False;ok;38;1;5.784;
6032;-0.72074028;37.94563747;0.00625;False;ok;43;1;3.734;
6033;-0.72699028;37.95188747;0.00625;False;ok;37;1;6.066;
6034;-0.72074028;37.95188747;0.00625;False;ok;17;1;6.132;
6035;-0.71449028;37.93313747;0.0125;False;ok;75;1;6.073;
6036;-0.71449028;37.94563747;0.0125;False;ok;74;1;4.037;
6037;-2.01449028;37.95813747;0.1;False;ok;11;1;3.781;
6038;-1.91449028;37.95813747;0.1;False;ok;4;1;5.720;
6039;-1.81449028;37.95813747;0.1;False;ok;0;1;4.427;
6040;-1.71449028;37.95813747;0.1;False;ok;19;1;3.730;
6041;-1.61449028;37.95813747;0.1;False;ok;3;1;3.601;
6042;-1.51449028;37.95813747;0.1;False;ok;12;1;6.106;
6043;-1.41449028;37.95813747;0.1;False;ok;3;1;5.968;
6044;-1.31449028;37.95813747;0.1;False;ok;18;1;5.903;
6045;-1.21449028;37.95813747;0.1;False;ok;75;1;6.623;
6046;-1.11449028;37.95813747;0.1;False;ok;30;1;5.779;
6047;-1.01449028;37.95813747;0.1;False;ok;3;1;5.812;
6048;-0.91449028;37.95813747;0.1;False;ok;52;1;6.222;
6049;-0.81449028;37.95813747;0.1;False;ok;71;1;6.265;
6050;-0.71449028;37.95813747;0.0125;False;ok;70;1;6.117;
6051;-0.70199028;37.95813747;0.0125;False;ok;43;1;3.770;
6052;-0.70199028;37.97063747;0.0125;False;ok;74;1;3.830;
6053;-0.68949028;37.97063747;0.00625;False;ok;24;1;3.642;
6054;-0.68324028;37.97063747;0.00625;False;ok;32;1;5.409;
6055;-0.68949028;37.97688747;0.00625;False;ok;74;1;3.998;
6056;-0.68324028;37.97688747;0.00625;False;ok;72;1;4.003;
6057;-0.67699028;37.97063747;0.00625;False;ok;69;1;3.872;
6058;-0.67074028;37.97063747;0.00625;False;ok;20;1;5.827;
6059;-0.67699028;37.97688747;0.003125;False;ok;52;1;5.822;
6060;-0.67386528;37.97688747;0.003125;False;ok;74;1;6.153;
6061;-0.67699028;37.98001247;0.003125;False;ok;54;1;5.840;
6062;-0.67386528;37.98001247;0.003125;False;ok;72;1;3.820;
6063;-0.67074028;37.97688747;0.003125;False;ok;73;1;5.744;
6064;-0.66761528;37.97688747;0.003125;False;ok;72;1;3.839;
6065;-0.67074028;37.98001247;0.003125;False;ok;70;1;3.812;
6066;-0.66761528;37.98001247;0.003125;False;ok;74;1;5.924;
6067;-0.71449028;37.98313747;0.025;False;ok;66;1;6.337;
6068;-0.68949028;37.98313747;0.0125;False;ok;53;1;5.799;
6069;-0.67699028;37.98313747;0.0125;False;ok;74;1;6.020;
6070;-0.68949028;37.99563747;0.0125;False;ok;33;1;3.847;
6071;-0.67699028;37.99563747;0.0125;False;ok;69;1;3.909;
6072;-0.66449028;37.95813747;0.025;False;ok;75;1;6.375;
6073;-0.66449028;37.98313747;0.00625;False;ok;74;1;6.838;
6074;-0.65824028;37.98313747;0.00625;False;ok;31;1;6.602;
6075;-0.66449028;37.98938747;0.00625;False;ok;41;1;6.148;
6076;-0.65824028;37.98938747;0.00625;False;ok;11;1;3.806;
6077;-0.66449028;37.99563747;0.00625;False;ok;32;1;6.038;
6078;-0.65824028;37.99563747;0.00625;False;ok;24;1;3.798;
6079;-0.66449028;38.00188747;0.00625;False;ok;52;1;4.306;
6080;-0.65824028;38.00188747;0.00625;False;ok;74;1;4.326;
6081;-0.65199028;37.99563747;0.0125;False;ok;74;1;5.665;
6082;-0.71449028;38.00813747;0.05;False;ok;74;1;5.717;
6083;-0.66449028;38.00813747;0.00625;False;ok;70;1;5.542;
6084;-0.65824028;38.00813747;0.00625;False;ok;41;1;5.466;
6085;-0.66449028;38.01438747;0.00625;False;ok;25;1;3.733;
6086;-0.65824028;38.01438747;0.00625;False;ok;72;1;3.804;
6087;-0.65824028;38.02063747;0.00625;False;ok;72;1;3.767;
6088;-0.65824028;38.02688747;0.00625;False;ok;75;1;5.676;
6089;-0.65199028;38.02063747;0.0125;False;ok;1;1;5.269;
6090;-0.66449028;38.03313747;0.025;False;ok;19;1;5.455;
6091;-2.31449028;38.05813747;0.1;False;ok;5;1;5.425;
6092;-2.21449028;38.05813747;0.1;False;ok;3;1;5.324;
6093;-2.11449028;38.05813747;0.1;False;ok;8;1;3.507;
6094;-2.01449028;38.05813747;0.1;False;ok;10;1;5.369;
6095;-1.91449028;38.05813747;0.1;False;ok;56;1;5.761;
6096;-1.81449028;38.05813747;0.1;False;ok;33;1;5.586;
6097;-1.61449028;38.05813747;0.1;False;ok;0;1;4.405;
6098;-1.41449028;38.05813747;0.1;False;ok;5;1;5.366;
6099;-1.31449028;38.05813747;0.1;False;ok;40;1;3.742;
6100;-1.21449028;38.05813747;0.1;False;ok;5;1;5.408;
6101;-1.11449028;38.05813747;0.1;False;ok;12;1;3.570;
6102;-1.01449028;38.05813747;0.1;False;ok;18;1;3.639;
6103;-0.91449028;38.05813747;0.1;False;ok;16;1;3.574;
6104;-0.81449028;38.05813747;0.1;False;ok;74;1;5.522;
6105;-0.71449028;38.05813747;0.05;False;ok;74;1;5.855;
6106;-0.66449028;38.05813747;0.05;False;ok;71;1;5.708;
6107;-0.71449028;38.10813747;0.05;False;ok;61;1;5.705;
6108;-0.66449028;38.10813747;0.05;False;ok;29;1;3.157;
6109;-2.31449028;38.15813747;0.1;False;ok;1;1;4.540;
6110;-2.21449028;38.15813747;0.1;False;ok;5;1;4.801;
6111;-2.01449028;38.15813747;0.1;False;ok;4;1;3.027;
6112;-1.91449028;38.15813747;0.1;False;ok;54;1;4.501;
6113;-1.81449028;38.15813747;0.1;False;ok;11;1;4.259;
6114;-1.61449028;38.15813747;0.1;False;ok;0;1;5.120;
6115;-1.51449028;38.15813747;0.1;False;ok;9;1;3.152;
6116;-1.41449028;38.15813747;0.1;False;ok;22;1;3.207;
6117;-1.21449028;38.15813747;0.1;False;ok;13;1;3.252;
6118;-1.11449028;38.15813747;0.1;False;ok;9;1;3.270;
6119;-1.01449028;38.15813747;0.1;False;ok;3;1;5.079;
6120;-0.91449028;38.15813747;0.1;False;ok;2;1;5.035;
6121;-0.81449028;38.15813747;0.1;False;ok;24;1;5.218;
6122;-0.71449028;38.15813747;0.1;False;ok;13;1;5.296;
6123;-0.61449028;38.15813747;0.05;False;ok;74;1;5.468;
6124;-0.56449028;38.18313747;0.0125;False;ok;71;1;3.595;
6125;-0.55199028;38.18313747;0.0125;False;ok;73;1;3.603;
6126;-0.56449028;38.19563747;0.0125;False;ok;20;1;5.098;
6127;-0.53949028;38.18313747;0.025;False;ok;64;1;3.769;
6128;-0.61449028;38.20813747;0.05;False;ok;6;1;5.685;
6129;-0.56449028;38.20813747;0.025;False;ok;9;1;5.895;
6130;-0.53949028;38.20813747;0.025;False;ok;74;1;5.939;
6131;-0.56449028;38.23313747;0.025;False;ok;56;1;3.604;
6132;-0.53949028;38.23313747;0.0125;False;ok;57;1;5.826;
6133;-0.52699028;38.23313747;0.0125;False;ok;71;1;3.773;
6134;-0.52699028;38.24563747;0.0125;False;ok;74;1;3.673;
6135;-0.51449028;38.15813747;0.1;False;ok;27;1;5.689;
6136;1.307224089;38.62466885;0.1;False;ok;33;1;5.671;
6137;1.407224089;38.62466885;0.05;False;ok;3;1;5.649;
6138;1.457224089;38.62466885;0.05;False;ok;3;1;5.079;
6139;1.407224089;38.67466885;0.025;False;ok;25;1;3.727;
6140;1.432224089;38.67466885;0.025;False;ok;28;1;5.292;
6141;1.407224089;38.69966885;0.025;False;ok;28;1;3.724;
6142;1.432224089;38.69966885;0.025;False;ok;75;1;5.434;
6143;1.457224089;38.67466885;0.05;False;ok;75;1;5.363;
6144;1.507224089;38.62466885;0.1;False;ok;56;1;5.358;
6145;1.307224089;38.72466885;0.1;False;ok;1;1;5.324;
6146;1.407224089;38.72466885;0.1;False;ok;44;1;3.705;
6147;1.207224089;38.82466885;0.05;False;ok;0;1;4.188;
6148;1.257224089;38.82466885;0.05;False;ok;2;1;3.432;
6149;1.207224089;38.87466885;0.05;False;ok;50;1;3.608;
6150;1.257224089;38.87466885;0.05;False;ok;30;1;5.664;
6151;1.307224089;38.82466885;0.05;False;ok;9;1;3.477;
6152;1.357224089;38.82466885;0.05;False;ok;5;1;5.384;
6153;1.307224089;38.87466885;0.05;False;ok;39;1;5.239;
6154;1.357224089;38.87466885;0.05;False;ok;72;1;5.470;
6155;1.407224089;38.87466885;0.025;False;ok;21;1;5.349;
6156;1.407224089;38.89966885;0.025;False;ok;52;1;5.310;
6157;1.432224089;38.89966885;0.025;False;ok;43;1;5.171;
6158;1.457224089;38.87466885;0.05;False;ok;21;1;5.313;
6159;1.207224089;38.92466885;0.05;False;ok;39;1;3.679;
6160;1.257224089;38.92466885;0.025;False;ok;9;1;4.898;
6161;1.282224089;38.92466885;0.025;False;ok;10;1;3.277;
6162;1.257224089;38.94966885;0.025;False;ok;24;1;3.359;
6163;1.282224089;38.94966885;0.025;False;ok;61;1;4.660;
6164;1.257224089;38.97466885;0.05;False;ok;75;1;3.457;
6165;1.307224089;38.92466885;0.05;False;ok;33;1;3.397;
6166;1.357224089;38.92466885;0.05;False;ok;20;1;4.828;
6167;1.307224089;38.97466885;0.05;False;ok;22;1;4.830;
6168;1.357224089;38.97466885;0.05;False;ok;17;1;4.655;
6169;1.407224089;38.92466885;0.05;False;ok;41;1;4.599;
6170;1.457224089;38.92466885;0.05;False;ok;42;1;3.106;
6171;1.407224089;38.97466885;0.05;False;ok;27;1;3.266;
6172;1.457224089;38.97466885;0.05;False;ok;22;1;4.529;
6173;1.507224089;38.92466885;0.05;False;ok;26;1;3.137;
6174;1.507224089;38.97466885;0.05;False;ok;71;1;3.184;
6175;1.557224089;38.97466885;0.05;False;ok;63;1;5.389;
6176;1.307224089;39.02466885;0.1;False;ok;7;1;5.231;
6177;1.407224089;39.02466885;0.1;False;ok;61;1;3.159;
6178;1.507224089;39.02466885;0.1;False;ok;72;1;3.236;
6179;1.607224089;39.02466885;0.1;False;ok;0;1;6.073;
6180;2.907224089;39.22466885;0.1;False;ok;75;1;5.700;
6181;3.007224089;39.22466885;0.1;False;ok;1;1;5.466;
6182;3.107224089;39.22466885;0.1;False;ok;49;1;5.348;
6183;2.707224089;39.32466885;0.1;False;ok;8;1;5.590;
6184;2.807224089;39.32466885;0.1;False;ok;52;1;5.646;
6185;2.907224089;39.32466885;0.05;False;ok;74;1;3.770;
6186;2.957224089;39.32466885;0.05;False;ok;40;1;5.379;
6187;2.907224089;39.37466885;0.05;False;ok;29;1;5.270;
6188;2.957224089;39.37466885;0.05;False;ok;31;1;5.477;
6189;3.007224089;39.32466885;0.05;False;ok;75;1;5.633;
6190;3.057224089;39.32466885;0.05;False;ok;36;1;5.484;
6191;3.007224089;39.37466885;0.05;False;ok;62;1;3.595;
6192;3.057224089;39.37466885;0.05;False;ok;49;1;3.647;
6193;3.107224089;39.32466885;0.025;False;ok;6;1;3.525;
6194;3.132224089;39.32466885;0.025;False;ok;64;1;3.774;
6195;3.107224089;39.34966885;0.025;False;ok;29;1;3.639;
6196;3.132224089;39.34966885;0.025;False;ok;13;1;4.721;
6197;3.157224089;39.32466885;0.025;False;ok;64;1;3.167;
6198;3.182224089;39.32466885;0.025;False;ok;13;1;4.582;
6199;3.157224089;39.34966885;0.025;False;ok;5;1;4.509;
6200;3.182224089;39.34966885;0.025;False;ok;30;1;4.756;
6201;3.107224089;39.37466885;0.05;False;ok;33;1;4.712;
6202;3.157224089;39.37466885;0.05;False;ok;70;1;4.772;
6203;3.207224089;39.34966885;0.0125;False;ok;11;1;2.919;
6204;3.219724089;39.34966885;0.0125;False;ok;24;1;4.979;
6205;3.207224089;39.36216885;0.0125;False;ok;22;1;2.914;
6206;3.219724089;39.36216885;0.00625;False;ok;28;1;4.951;
6207;3.225974089;39.36216885;0.00625;False;ok;25;1;4.848;
6208;3.219724089;39.36841885;0.00625;False;ok;26;1;2.975;
6209;3.225974089;39.36841885;0.00625;False;ok;41;1;4.824;
6210;3.232224089;39.34966885;0.025;False;ok;37;1;3.281;
6211;3.207224089;39.37466885;0.025;False;ok;48;1;3.203;
6212;3.232224089;39.37466885;0.00625;False;ok;52;1;5.511;
6213;3.238474089;39.37466885;0.00625;False;ok;34;1;5.289;
6214;3.232224089;39.38091885;0.00625;False;ok;5;1;5.297;
6215;3.238474089;39.38091885;0.00625;False;ok;33;1;5.342;
6216;3.244724089;39.37466885;0.0125;False;ok;7;1;3.292;
6217;3.232224089;39.38716885;0.0125;False;ok;16;1;5.182;
6218;3.207224089;39.39966885;0.025;False;ok;28;1;3.713;
6219;3.232224089;39.39966885;0.025;False;ok;39;1;3.552;
6220;3.257224089;39.37466885;0.05;False;ok;67;1;3.775;
6221;2.407224089;39.42466885;0.1;False;ok;75;1;5.185;
6222;2.507224089;39.42466885;0.1;False;ok;75;1;5.115;
6223;2.707224089;39.42466885;0.05;False;ok;62;1;3.413;
6224;2.757224089;39.42466885;0.05;False;ok;18;1;3.531;
6225;2.707224089;39.47466885;0.025;False;ok;3;1;5.019;
6226;2.732224089;39.47466885;0.025;False;ok;44;1;5.092;
6227;2.744724089;39.49966885;0.0125;False;ok;58;1;4.942;
6228;2.732224089;39.51216885;0.0125;False;ok;30;1;4.960;
6229;2.744724089;39.51216885;0.0125;False;ok;45;1;4.971;
6230;2.757224089;39.47466885;0.05;False;ok;3;1;5.105;
6231;2.807224089;39.42466885;0.1;False;ok;74;1;3.350;
6232;2.907224089;39.42466885;0.1;False;ok;55;1;5.030;
6233;3.007224089;39.42466885;0.1;False;ok;75;1;3.353;
6234;3.107224089;39.42466885;0.05;False;ok;50;1;3.121;
6235;3.157224089;39.42466885;0.05;False;ok;35;1;3.904;
6236;3.107224089;39.47466885;0.05;False;ok;23;1;3.957;
6237;3.157224089;39.47466885;0.05;False;ok;28;1;3.973;
6238;3.207224089;39.42466885;0.05;False;ok;41;1;3.346;
6239;3.257224089;39.42466885;0.05;False;ok;67;1;4.069;
6240;3.207224089;39.47466885;0.05;False;ok;33;1;2.998;
6241;3.257224089;39.47466885;0.05;False;ok;17;1;3.815;
6242;3.307224089;39.42466885;0.1;False;ok;24;1;2.934;
6243;2.307224089;39.52466885;0.1;False;ok;72;1;2.983;
6244;2.407224089;39.52466885;0.05;False;ok;72;1;4.509;
6245;2.457224089;39.52466885;0.05;False;ok;24;1;4.500;
6246;2.407224089;39.57466885;0.05;False;ok;13;1;4.307;
6247;2.457224089;39.57466885;0.05;False;ok;12;1;4.307;
6248;2.507224089;39.52466885;0.05;False;ok;20;1;4.465;
6249;2.557224089;39.52466885;0.05;False;ok;63;1;3.473;
6250;2.507224089;39.57466885;0.05;False;ok;8;1;3.244;
6251;2.557224089;39.57466885;0.05;False;ok;7;1;4.300;
6252;2.607224089;39.54966885;0.025;False;ok;52;1;4.577;
6253;2.632224089;39.54966885;0.025;False;ok;74;1;4.697;
6254;2.657224089;39.52466885;0.05;False;ok;31;1;3.122;
6255;2.607224089;39.57466885;0.05;False;ok;50;1;4.163;
6256;2.657224089;39.57466885;0.05;False;ok;20;1;2.937;
6257;2.707224089;39.52466885;0.05;False;ok;67;1;4.542;
6258;2.757224089;39.52466885;0.05;False;ok;17;1;2.878;
6259;2.707224089;39.57466885;0.05;False;ok;29;1;4.076;
6260;2.757224089;39.57466885;0.05;False;ok;19;1;3.897;
6261;2.807224089;39.52466885;0.1;False;ok;67;1;3.804;
6262;2.907224089;39.52466885;0.1;False;ok;61;1;3.698;
6263;3.007224089;39.52466885;0.1;False;ok;73;1;2.945;
6264;3.107224089;39.52466885;0.05;False;ok;26;1;2.510;
6265;3.157224089;39.52466885;0.05;False;ok;24;1;2.558;
6266;3.107224089;39.57466885;0.05;False;ok;30;1;2.759;
6267;3.157224089;39.57466885;0.05;False;ok;30;1;2.642;
6268;3.207224089;39.52466885;0.05;False;ok;33;1;2.394;
6269;3.257224089;39.52466885;0.05;False;ok;39;1;2.519;
6270;3.207224089;39.57466885;0.05;False;ok;39;1;2.595;
6271;3.257224089;39.57466885;0.05;False;ok;49;1;3.009;
6272;3.307224089;39.52466885;0.05;False;ok;73;1;3.359;
6273;3.357224089;39.52466885;0.05;False;ok;71;1;3.893;
6274;3.307224089;39.57466885;0.05;False;ok;20;1;3.848;
6275;3.357224089;39.57466885;0.025;False;ok;43;1;2.663;
6276;3.382224089;39.57466885;0.025;False;ok;43;1;4.784;
6277;3.357224089;39.59966885;0.025;False;ok;42;1;4.897;
6278;3.382224089;39.59966885;0.025;False;ok;74;1;5.280;
6279;2.407224089;39.62466885;0.1;False;ok;15;1;5.155;
6280;2.507224089;39.62466885;0.1;False;ok;70;1;5.268;
6281;2.607224089;39.62466885;0.05;False;ok;14;1;5.133;
6282;2.657224089;39.62466885;0.05;False;ok;26;1;4.874;
6283;2.607224089;39.67466885;0.05;False;ok;37;1;5.012;
6284;2.657224089;39.67466885;0.05;False;ok;19;1;2.963;
6285;2.707224089;39.62466885;0.1;False;ok;73;1;3.145;
6286;2.807224089;39.62466885;0.05;False;ok;27;1;3.108;
6287;2.857224089;39.62466885;0.05;False;ok;24;1;3.545;
6288;2.807224089;39.67466885;0.05;False;ok;38;1;4.288;
6289;2.857224089;39.67466885;0.025;False;ok;8;1;4.180;
6290;2.882224089;39.67466885;0.025;False;ok;9;1;3.553;
6291;2.857224089;39.69966885;0.025;False;ok;32;1;3.562;
6292;2.882224089;39.69966885;0.025;False;ok;24;1;3.278;
6293;2.907224089;39.62466885;0.05;False;ok;49;1;3.357;
6294;2.957224089;39.62466885;0.05;False;ok;25;1;2.676;
6295;2.907224089;39.67466885;0.05;False;ok;65;1;2.786;
6296;2.957224089;39.67466885;0.05;False;ok;42;1;2.644;
6297;3.007224089;39.62466885;0.05;False;ok;33;1;3.008;
6298;3.057224089;39.62466885;0.05;False;ok;44;1;2.996;
6299;3.007224089;39.67466885;0.05;False;ok;36;1;4.918;
6300;3.057224089;39.67466885;0.05;False;ok;58;1;5.452;
6301;3.107224089;39.62466885;0.05;False;ok;59;1;3.195;
6302;3.157224089;39.62466885;0.05;False;ok;8;1;3.036;
6303;3.107224089;39.67466885;0.05;False;ok;40;1;5.845;
6304;3.157224089;39.67466885;0.05;False;ok;4;1;5.905;
6305;3.207224089;39.62466885;0.1;False;ok;45;1;5.853;
6306;3.307224089;39.62466885;0.05;False;ok;50;1;5.981;
6307;3.357224089;39.62466885;0.05;False;ok;74;1;5.945;
6308;3.307224089;39.67466885;0.05;False;ok;75;1;5.949;
6309;3.357224089;39.67466885;0.05;False;ok;52;1;6.228;
6310;3.407224089;39.62466885;0.05;False;ok;75;1;6.249;
6311;3.407224089;39.67466885;0.025;False;ok;9;1;6.028;
6312;3.432224089;39.67466885;0.025;False;ok;42;1;3.396;
6313;3.407224089;39.69966885;0.025;False;ok;21;1;5.862;
6314;3.432224089;39.69966885;0.025;False;ok;74;1;6.007;
6315;3.457224089;39.67466885;0.05;False;ok;75;1;5.810;
6316;2.607224089;39.72466885;0.05;False;ok;32;1;3.643;
6317;2.657224089;39.72466885;0.05;False;ok;13;1;3.385;
6318;2.657224089;39.77466885;0.05;False;ok;75;1;3.746;
6319;2.732224089;39.72466885;0.025;False;ok;0;1;4.382;
6320;2.707224089;39.74966885;0.025;False;ok;75;1;3.971;
6321;2.732224089;39.74966885;0.025;False;ok;10;1;2.812;
6322;2.757224089;39.72466885;0.05;False;ok;4;1;2.371;
6323;2.707224089;39.77466885;0.05;False;ok;53;1;2.406;
6324;2.757224089;39.77466885;0.05;False;ok;2;1;2.105;
6325;2.807224089;39.72466885;0.05;False;ok;1;1;2.244;
6326;2.857224089;39.72466885;0.025;False;ok;23;1;2.581;
6327;2.882224089;39.72466885;0.025;False;ok;27;1;3.360;
6328;2.857224089;39.74966885;0.025;False;ok;19;1;3.335;
6329;2.882224089;39.74966885;0.025;False;ok;63;1;3.431;
6330;2.857224089;39.77466885;0.05;False;ok;8;1;3.465;
6331;2.907224089;39.72466885;0.025;False;ok;28;1;3.621;
6332;2.932224089;39.72466885;0.025;False;ok;11;1;3.262;
6333;2.907224089;39.74966885;0.025;False;ok;25;1;3.434;
6334;2.932224089;39.74966885;0.025;False;ok;29;1;3.232;
6335;2.957224089;39.72466885;0.025;False;ok;4;1;3.204;
6336;2.982224089;39.72466885;0.025;False;ok;19;1;3.352;
6337;2.957224089;39.74966885;0.025;False;ok;50;1;2.331;
6338;2.982224089;39.74966885;0.025;False;ok;69;1;3.564;
6339;2.907224089;39.77466885;0.05;False;ok;34;1;3.430;
6340;2.957224089;39.77466885;0.05;False;ok;75;1;2.472;
6341;3.007224089;39.72466885;0.025;False;ok;12;1;3.305;
6342;3.032224089;39.72466885;0.025;False;ok;30;1;3.252;
6343;3.007224089;39.74966885;0.025;False;ok;51;1;2.368;
6344;3.032224089;39.74966885;0.025;False;ok;10;1;2.276;
6345;3.057224089;39.72466885;0.05;False;ok;62;1;2.559;
6346;3.007224089;39.77466885;0.025;False;ok;18;1;2.070;
6347;3.032224089;39.77466885;0.025;False;ok;6;1;2.167;
6348;3.007224089;39.79966885;0.025;False;ok;71;1;3.368;
6349;3.032224089;39.79966885;0.025;False;ok;7;1;2.567;
6350;3.057224089;39.77466885;0.05;False;ok;18;1;3.502;
6351;3.107224089;39.72466885;0.025;False;ok;34;1;4.156;
6352;3.132224089;39.72466885;0.025;False;ok;9;1;3.896;
6353;3.107224089;39.74966885;0.025;False;ok;32;1;3.090;
6354;3.132224089;39.74966885;0.0125;False;ok;3;1;4.454;
6355;3.144724089;39.74966885;0.0125;False;ok;17;1;2.898;
6356;3.132224089;39.76216885;0.0125;False;ok;25;1;4.581;
6357;3.144724089;39.76216885;0.00625;False;ok;32;1;4.686;
6358;3.150974089;39.76216885;0.00625;False;ok;59;1;4.958;
6359;3.144724089;39.76841885;0.00625;False;ok;24;1;4.750;
6360;3.150974089;39.76841885;0.00625;False;ok;2;1;4.781;
6361;3.157224089;39.74966885;0.0125;False;ok;53;1;5.124;
6362;3.157224089;39.76216885;0.0125;False;ok;27;1;4.856;
6363;3.107224089;39.77466885;0.025;False;ok;64;1;2.902;
6364;3.107224089;39.79966885;0.0125;False;ok;54;1;5.025;
6365;3.107224089;39.81216885;0.00625;False;ok;29;1;4.915;
6366;3.113474089;39.81216885;0.00625;False;ok;34;1;2.748;
6367;3.107224089;39.81841885;0.00625;False;ok;3;1;2.685;
6368;3.113474089;39.81841885;0.003125;False;ok;47;1;3.208;
6369;3.113474089;39.82154385;0.003125;False;ok;26;1;3.314;
6370;3.207224089;39.72466885;0.0125;False;ok;27;1;5.030;
6371;3.219724089;39.72466885;0.0125;False;ok;31;1;3.319;
6372;3.207224089;39.73716885;0.0125;False;ok;10;1;4.844;
6373;3.219724089;39.73716885;0.0125;False;ok;20;1;3.318;
6374;3.232224089;39.72466885;0.025;False;ok;18;1;3.258;
6375;3.257224089;39.72466885;0.05;False;ok;75;1;4.804;
6376;3.307224089;39.72466885;0.1;False;ok;46;1;4.835;
6377;3.407224089;39.72466885;0.1;False;ok;20;1;3.049;
6378;4.207224089;39.79966885;0.025;False;ok;15;1;4.860;
6379;4.232224089;39.81216885;0.0125;False;ok;72;1;4.930;
6380;4.244724089;39.81216885;0.0125;False;ok;32;1;4.902;
6381;4.257224089;39.77466885;0.05;False;ok;72;1;5.312;
6382;2.707224089;39.82466885;0.1;False;ok;4;1;5.039;
6383;2.807224089;39.82466885;0.1;False;ok;1;1;5.047;
6384;2.907224089;39.82466885;0.1;False;ok;73;1;5.109;
6385;3.007224089;39.82466885;0.025;False;ok;6;1;2.753;
6386;3.032224089;39.82466885;0.025;False;ok;31;1;4.933;
6387;3.007224089;39.84966885;0.0125;False;ok;18;1;4.936;
6388;3.019724089;39.84966885;0.0125;False;ok;25;1;4.991;
6389;3.007224089;39.86216885;0.0125;False;ok;47;1;3.491;
6390;3.019724089;39.86216885;0.0125;False;ok;21;1;3.315;
6391;3.032224089;39.84966885;0.0125;False;ok;10;1;3.516;
6392;3.044724089;39.84966885;0.0125;False;ok;42;1;3.652;
6393;3.032224089;39.86216885;0.0125;False;ok;33;1;3.629;
6394;3.044724089;39.86216885;0.0125;False;ok;22;1;5.305;
6395;3.057224089;39.82466885;0.025;False;ok;63;1;5.509;
6396;3.082224089;39.82466885;0.025;False;ok;38;1;3.477;
6397;3.057224089;39.84966885;0.0125;False;ok;32;1;5.126;
6398;3.069724089;39.84966885;0.0125;False;ok;16;1;4.945;
6399;3.057224089;39.86216885;0.0125;False;ok;24;1;5.049;
6400;3.069724089;39.86216885;0.0125;False;ok;27;1;3.485;
6401;3.082224089;39.84966885;0.025;False;ok;43;1;5.411;
6402;3.007224089;39.87466885;0.00625;False;ok;10;1;3.392;
6403;3.013474089;39.87466885;0.003125;False;ok;32;1;5.302;
6404;3.016599089;39.87466885;0.003125;False;ok;4;1;5.032;
6405;3.013474089;39.87779385;0.003125;False;ok;32;1;5.046;
6406;3.016599089;39.87779385;0.003125;False;ok;21;1;3.444;
6407;3.007224089;39.88091885;0.00625;False;ok;27;1;5.241;
6408;3.013474089;39.88091885;0.00625;False;ok;33;1;3.426;
6409;3.019724089;39.87466885;0.0125;False;ok;30;1;5.125;
6410;3.007224089;39.88716885;0.0125;False;ok;38;1;5.297;
6411;3.019724089;39.88716885;0.0125;False;ok;75;1;5.357;
6412;3.032224089;39.87466885;0.0125;False;ok;34;1;5.235;
6413;3.044724089;39.87466885;0.0125;False;ok;52;1;3.527;
6414;3.032224089;39.88716885;0.0125;False;ok;43;1;3.337;
6415;3.044724089;39.88716885;0.0125;False;ok;48;1;2.869;
6416;3.007224089;39.89966885;0.025;False;ok;2;1;2.825;
6417;3.032224089;39.89966885;0.0125;False;ok;21;1;3.809;
6418;3.044724089;39.89966885;0.0125;False;ok;5;1;3.733;
6419;3.032224089;39.91216885;0.0125;False;ok;0;1;4.470;
6420;3.044724089;39.91216885;0.00625;False;ok;14;1;2.730;
6421;3.050974089;39.91216885;0.003125;False;ok;0;1;4.561;
6422;3.050974089;39.91529385;0.003125;False;ok;40;1;2.714;
6423;3.054099089;39.91529385;0.003125;False;ok;20;1;3.967;
6424;3.050974089;39.91841885;0.00625;False;ok;40;1;2.929;
6425;3.057224089;39.87466885;0.0125;False;ok;35;1;3.073;
6426;3.069724089;39.87466885;0.0125;False;ok;21;1;4.794;
6427;3.057224089;39.88716885;0.0125;False;ok;40;1;4.953;
6428;3.069724089;39.88716885;0.00625;False;ok;28;1;4.868;
6429;3.075974089;39.88716885;0.00625;False;ok;30;1;4.936;
6430;3.069724089;39.89341885;0.00625;False;ok;25;1;5.138;
6431;3.075974089;39.89341885;0.00625;False;ok;57;1;5.097;
6432;3.082224089;39.87466885;0.025;False;ok;3;1;4.956;
6433;3.057224089;39.89966885;0.0125;False;ok;29;1;5.035;
6434;3.069724089;39.89966885;0.00625;False;ok;20;1;5.049;
6435;3.075974089;39.89966885;0.00625;False;ok;75;1;4.718;
6436;3.069724089;39.90591885;0.00625;False;ok;39;1;3.276;
6437;3.075974089;39.90591885;0.00625;False;ok;34;1;3.371;
6438;3.057224089;39.91216885;0.0125;False;ok;16;1;3.352;
6439;3.069724089;39.91216885;0.0125;False;ok;11;1;4.435;
6440;3.082224089;39.89966885;0.0125;False;ok;75;1;4.436;
6441;3.094724089;39.89966885;0.0125;False;ok;10;1;3.559;
6442;3.082224089;39.91216885;0.0125;False;ok;13;1;3.571;
6443;3.094724089;39.91216885;0.0125;False;ok;3;1;3.689;
6444;3.107224089;39.82466885;0.00625;False;ok;7;1;3.614;
6445;3.113474089;39.82466885;0.00625;False;ok;73;1;3.909;
6446;3.107224089;39.83091885;0.00625;False;ok;66;1;3.041;
6447;3.113474089;39.83091885;0.00625;False;ok;59;1;3.252;
6448;3.119724089;39.82466885;0.0125;False;ok;26;1;4.186;
6449;3.107224089;39.83716885;0.0125;False;ok;41;1;3.191;
6450;3.119724089;39.83716885;0.00625;False;ok;24;1;3.987;
6451;3.125974089;39.83716885;0.00625;False;ok;65;1;4.330;
6452;3.125974089;39.84341885;0.00625;False;ok;11;1;4.298;
6453;3.144724089;39.82466885;0.0125;False;ok;22;1;3.099;
6454;3.132224089;39.83716885;0.0125;False;ok;67;1;4.851;
6455;3.144724089;39.83716885;0.0125;False;ok;19;1;4.516;
6456;3.107224089;39.84966885;0.0125;False;ok;74;1;5.130;
6457;3.119724089;39.84966885;0.0125;False;ok;69;1;3.227;
6458;3.107224089;39.86216885;0.0125;False;ok;9;1;4.690;
6459;3.119724089;39.86216885;0.0125;False;ok;21;1;4.691;
6460;3.132224089;39.84966885;0.0125;False;ok;14;1;4.440;
6461;3.144724089;39.84966885;0.0125;False;ok;34;1;2.952;
6462;3.132224089;39.86216885;0.0125;False;ok;32;1;4.608;
6463;3.144724089;39.86216885;0.0125;False;ok;26;1;4.493;
6464;3.157224089;39.82466885;0.05;False;ok;33;1;4.492;
6465;3.807224089;39.82466885;0.1;False;ok;12;1;4.211;
6466;4.007224089;39.87466885;0.05;False;ok;42;1;3.193;
6467;4.057224089;39.87466885;0.025;False;ok;5;1;2.900;
6468;4.057224089;39.89966885;0.0125;False;ok;71;1;3.081;
6469;4.069724089;39.89966885;0.00625;False;ok;72;1;3.247;
6470;4.075974089;39.89966885;0.00625;False;ok;25;1;5.053;
6471;4.069724089;39.90591885;0.00625;False;ok;44;1;5.129;
6472;4.075974089;39.90591885;0.00625;False;ok;3;1;3.046;
6473;4.069724089;39.91216885;0.0125;False;ok;1;1;5.126;
6474;4.082224089;39.89966885;0.025;False;ok;2;1;4.839;
6475;4.107224089;39.82466885;0.05;False;ok;74;1;3.328;
6476;4.157224089;39.82466885;0.05;False;ok;22;1;4.956;
6477;4.107224089;39.87466885;0.05;False;ok;39;1;3.630;
6478;4.157224089;39.87466885;0.05;False;ok;8;1;5.532;
6479;4.207224089;39.82466885;0.05;False;ok;74;1;5.376;
6480;4.257224089;39.82466885;0.05;False;ok;42;1;5.477;
6481;4.207224089;39.87466885;0.05;False;ok;6;1;5.458;
6482;4.257224089;39.87466885;0.05;False;ok;66;1;5.467;
6483;3.107224089;39.92466885;0.1;False;ok;3;1;3.541;
6484;3.782224089;39.97466885;0.025;False;ok;21;1;3.518;
6485;3.782224089;39.99966885;0.025;False;ok;74;1;5.750;
6486;3.819724089;39.92466885;0.00625;False;ok;75;1;5.639;
6487;3.825974089;39.92466885;0.00625;False;ok;65;1;5.670;
6488;3.819724089;39.93091885;0.00625;False;ok;19;1;5.576;
6489;3.825974089;39.93091885;0.00625;False;ok;9;1;3.258;
6490;3.832224089;39.92466885;0.025;False;ok;68;1;3.317;
6491;3.807224089;39.94966885;0.025;False;ok;9;1;3.295;
6492;3.832224089;39.94966885;0.025;False;ok;72;1;3.861;
6493;3.857224089;39.92466885;0.05;False;ok;4;1;2.950;
6494;3.807224089;39.97466885;0.025;False;ok;9;1;3.652;
6495;3.832224089;39.97466885;0.025;False;ok;73;1;3.546;
6496;3.807224089;39.99966885;0.025;False;ok;74;1;3.198;
6497;3.832224089;39.99966885;0.025;False;ok;75;1;3.739;
6498;3.857224089;39.97466885;0.05;False;ok;6;1;3.007;
6499;3.907224089;39.92466885;0.05;False;ok;11;1;2.975;
6500;3.957224089;39.92466885;0.0125;False;ok;21;1;2.950;
6501;3.957224089;39.93716885;0.0125;False;ok;73;1;2.919;
6502;3.957224089;39.94966885;0.025;False;ok;1;1;3.054;
6503;3.982224089;39.94966885;0.025;False;ok;6;1;3.210;
6504;3.957224089;39.97466885;0.05;False;ok;1;1;2.968;
6505;4.007224089;39.92466885;0.1;False;ok;30;1;2.716;
6506;4.107224089;39.92466885;0.05;False;ok;13;1;3.206;
6507;4.157224089;39.92466885;0.05;False;ok;2;1;3.213;
6508;4.107224089;39.97466885;0.05;False;ok;3;1;3.087;
6509;4.182224089;39.97466885;0.025;False;ok;1;1;3.259;
6510;4.157224089;39.99966885;0.025;False;ok;71;1;3.429;
6511;4.182224089;39.99966885;0.025;False;ok;72;1;2.664;
6512;4.207224089;39.92466885;0.1;False;ok;9;1;3.238;
6513;3.807224089;40.02466885;0.1;False;ok;36;1;2.552;
6514;4.007224089;40.02466885;0.1;False;ok;1;1;2.306;
6515;4.107224089;40.02466885;0.05;False;ok;73;1;3.001;
6516;4.157224089;40.02466885;0.05;False;ok;73;1;3.306;
6517;0.807224089;40.62466885;0.1;False;ok;63;1;2.963;
6518;0.807224089;40.72466885;0.025;False;ok;26;1;3.037;
6519;0.832224089;40.72466885;0.00625;False;ok;75;1;2.485;
6520;0.838474089;40.72466885;0.00625;False;ok;71;1;3.008;
6521;-5.357657522;35.87616748;0.09;False;ok;36;1;2.528;
6522;-2.961443247;35.27658336;0.1;False;ok;26;1;2.330;
