index;x;y;inc;mixed;status;alojamientos;attempts;elapsed_seconds;error
0;-18.04263932;27.61024358;0.1;False;ok;73;1;1.793;
1;-18.14263932;27.71024358;0.1;False;ok;14;1;1.715;
2;-18.04263932;27.71024358;0.05;False;ok;75;1;1.696;
3;-17.99263932;27.71024358;0.05;False;ok;48;1;1.670;
4;-18.04263932;27.76024358;0.05;False;ok;33;1;1.661;
5;-17.99263932;27.76024358;0.05;False;ok;33;1;1.644;
6;-17.94263932;27.71024358;0.1;False;ok;37;1;1.630;
7;-15.69263932;27.71024358;0.05;False;ok;66;1;1.768;
8;-15.71763932;27.76024358;0.025;False;ok;73;1;1.698;
9;-15.74263932;27.78524358;0.0125;False;ok;1;1;1.525;
10;-15.73013932;27.78524358;0.0125;False;ok;35;1;1.799;
11;-15.74263932;27.79774358;0.0125;False;ok;73;1;1.779;
12;-15.73013932;27.79774358;0.0125;False;ok;40;1;1.698;
13;-15.71763932;27.78524358;0.00625;False;ok;75;1;1.747;
14;-15.71138932;27.78524358;0.00625;False;ok;75;1;1.755;
15;-15.71763932;27.79149358;0.00625;False;ok;44;1;1.767;
16;-15.71138932;27.79149358;0.00625;False;ok;74;1;1.836;
17;-15.70513932;27.78524358;0.0125;False;ok;55;1;1.655;
18;-15.71763932;27.79774358;0.0125;False;ok;46;1;1.664;
19;-15.70513932;27.79774358;0.0125;False;ok;3;1;1.488;
20;-15.69263932;27.76024358;0.025;False;ok;74;1;0.703;
21;-15.66763932;27.76024358;0.025;False;ok;73;1;0.782;
22;-15.66763932;27.78524358;0.025;False;ok;67;1;1.283;
23;-15.64263932;27.73524358;0.025;False;ok;56;1;1.241;
24;-15.61763932;27.73524358;0.0125;False;ok;57;1;1.280;
25;-15.60513932;27.73524358;0.0125;False;ok;42;1;1.316;
26;-15.61763932;27.74774358;0.0125;False;ok;53;1;1.292;
27;-15.60513932;27.74774358;0.00625;False;ok;44;1;1.272;
28;-15.59888932;27.74774358;0.00625;False;ok;40;1;1.330;
29;-15.60513932;27.75399358;0.00625;False;ok;73;1;1.425;
30;-15.59888932;27.75399358;0.00625;False;ok;60;1;1.292;
31;-15.58013932;27.73524358;0.0125;False;ok;6;1;1.263;
32;-15.59263932;27.74774358;0.00625;False;ok;23;1;1.354;
33;-15.58638932;27.74774358;0.00625;False;ok;23;1;1.324;
34;-15.59263932;27.75399358;0.00625;False;ok;71;1;1.433;
35;-15.58638932;27.75399358;0.00625;False;ok;45;1;1.343;
36;-15.58013932;27.74774358;0.00625;False;ok;74;1;1.394;
37;-15.57388932;27.74774358;0.00625;False;ok;45;1;1.323;
38;-15.58013932;27.75399358;0.003125;False;ok;74;1;1.353;
39;-15.57701432;27.75399358;0.003125;False;ok;14;1;1.178;
40;-15.58013932;27.75711858;0.003125;False;ok;50;1;0.970;
41;-15.57701432;27.75711858;0.003125;False;ok;43;1;0.887;
42;-15.57388932;27.75399358;0.003125;False;ok;24;1;0.889;
43;-15.57076432;27.75399358;0.003125;False;ok;19;1;0.973;
44;-15.57388932;27.75711858;0.003125;False;ok;75;1;1.225;
45;-15.57076432;27.75711858;0.003125;False;ok;75;1;1.291;
46;-15.56763932;27.73524358;0.025;False;ok;25;1;1.207;
47;-15.64263932;27.76024358;0.05;False;ok;75;1;1.374;
48;-15.59263932;27.76024358;0.0125;False;ok;75;1;1.281;
49;-15.58013932;27.76024358;0.00625;False;ok;75;1;2.657;
50;-15.57388932;27.76024358;0.00625;False;ok;53;1;1.345;
51;-15.58013932;27.76649358;0.00625;False;ok;12;1;1.254;
52;-15.57388932;27.76649358;0.00625;False;ok;6;1;1.220;
53;-15.59263932;27.77274358;0.0125;False;ok;0;1;1.923;
54;-15.56763932;27.76024358;0.00625;False;ok;75;1;1.332;
55;-15.56138932;27.76024358;0.00625;False;ok;18;1;1.238;
56;-15.56138932;27.76649358;0.00625;False;ok;3;1;1.184;
57;-15.55513932;27.76024358;0.00625;False;ok;16;1;1.213;
58;-15.55513932;27.76649358;0.00625;False;ok;73;1;1.334;
59;-15.54888932;27.76649358;0.00625;False;ok;73;1;1.363;
60;-15.55513932;27.77274358;0.0125;False;ok;9;1;1.135;
61;-15.54263932;27.76024358;0.0125;False;ok;75;1;1.331;
62;-15.54263932;27.77274358;0.0125;False;ok;23;1;0.753;
63;-15.53013932;27.77274358;0.0125;False;ok;73;1;0.747;
64;-15.51763932;27.76024358;0.025;False;ok;7;1;0.702;
65;-15.49263932;27.76024358;0.05;False;ok;21;1;0.739;
66;-18.04263932;27.81024358;0.1;False;ok;31;1;0.923;
67;-17.94263932;27.81024358;0.1;False;ok;68;1;1.084;
68;-15.76763932;27.81024358;0.00625;False;ok;1;1;1.056;
69;-15.76763932;27.81649358;0.003125;False;ok;71;1;1.201;
70;-15.76451432;27.81649358;0.003125;False;ok;75;1;1.166;
71;-15.76451432;27.81961858;0.003125;False;ok;28;1;1.099;
72;-15.76138932;27.81649358;0.00625;False;ok;14;1;1.170;
73;-15.75513932;27.81024358;0.0125;False;ok;41;1;1.206;
74;-15.76763932;27.82274358;0.0125;False;ok;24;1;1.122;
75;-15.76763932;27.83524358;0.025;False;ok;15;1;1.195;
76;-15.84263932;27.86024358;0.05;False;ok;11;1;1.146;
77;-15.74263932;27.81024358;0.1;False;ok;45;1;1.224;
78;-15.64263932;27.81024358;0.1;False;ok;55;1;1.162;
79;-15.54263932;27.81024358;0.1;False;ok;75;1;1.203;
80;-15.44263932;27.81024358;0.05;False;ok;75;1;1.249;
81;-15.39263932;27.81024358;0.05;False;ok;40;1;1.074;
82;-15.44263932;27.86024358;0.05;False;ok;46;1;0.892;
83;-15.39263932;27.86024358;0.05;False;ok;10;1;0.817;
84;-17.74263932;27.91024358;0.1;False;ok;0;1;1.511;
85;-16.66763932;27.99774358;0.0125;False;ok;28;1;0.697;
86;-16.65513932;28.00399358;0.00625;False;ok;23;1;0.655;
87;-16.64888932;28.00399358;0.00625;False;ok;75;1;0.873;
88;-16.64263932;27.91024358;0.1;False;ok;75;1;0.835;
89;-15.84263932;27.91024358;0.1;False;ok;66;1;0.993;
90;-15.74263932;27.91024358;0.1;False;ok;8;1;0.819;
91;-15.64263932;27.91024358;0.05;False;ok;11;1;0.911;
92;-15.59263932;27.91024358;0.05;False;ok;33;1;1.009;
93;-15.64263932;27.96024358;0.05;False;ok;74;1;1.034;
94;-15.59263932;27.96024358;0.05;False;ok;44;1;1.060;
95;-15.54263932;27.91024358;0.1;False;ok;75;1;1.141;
96;-15.44263932;27.91024358;0.05;False;ok;48;1;1.184;
97;-15.39263932;27.91024358;0.05;False;ok;5;1;0.995;
98;-15.44263932;27.96024358;0.05;False;ok;60;1;1.181;
99;-15.39263932;27.96024358;0.05;False;ok;75;1;1.193;
100;-17.44263932;28.01024358;0.1;False;ok;37;1;1.064;
101;-17.34263932;28.01024358;0.05;False;ok;1;1;0.982;
102;-17.34263932;28.06024358;0.025;False;ok;38;1;1.148;
103;-17.34263932;28.08524358;0.0125;False;ok;75;1;1.195;
104;-17.34263932;28.09774358;0.0125;False;ok;11;1;0.885;
105;-17.33013932;28.09774358;0.0125;False;ok;13;1;0.820;
106;-17.31763932;28.08524358;0.025;False;ok;1;1;0.650;
107;-17.29263932;28.06024358;0.05;False;ok;8;1;0.644;
108;-17.24263932;28.01024358;0.1;False;ok;72;1;0.831;
109;-17.14263932;28.01024358;0.1;False;ok;74;1;0.776;
110;-16.84263932;28.01024358;0.1;False;ok;74;1;0.732;
111;-16.70513932;28.01024358;0.0125;False;ok;66;1;0.773;
112;-16.70513932;28.02274358;0.0125;False;ok;75;1;0.909;
113;-16.73638932;28.04774358;0.00625;False;ok;1;1;0.612;
114;-16.74263932;28.05399358;0.00625;False;ok;0;1;1.456;
115;-16.73638932;28.05399358;0.003125;False;ok;9;1;0.822;
116;-16.73326432;28.05399358;0.003125;False;ok;6;1;0.959;
117;-16.73638932;28.05711858;0.003125;False;ok;65;1;1.084;
118;-16.73326432;28.05711858;0.003125;False;ok;45;1;1.029;
119;-16.73013932;28.04774358;0.00625;False;ok;66;1;1.106;
120;-16.72076432;28.04774358;0.003125;False;ok;36;1;1.043;
121;-16.72388932;28.05086858;0.003125;False;ok;72;1;1.112;
122;-16.72076432;28.05086858;0.003125;False;ok;75;1;1.150;
123;-16.73013932;28.05399358;0.003125;False;ok;19;1;1.056;
124;-16.72701432;28.05399358;0.003125;False;ok;72;1;1.206;
125;-16.73013932;28.05711858;0.003125;False;ok;73;1;1.175;
126;-16.72701432;28.05711858;0.003125;False;ok;1;1;0.949;
127;-16.72388932;28.05399358;0.00625;False;ok;60;1;1.119;
128;-16.71763932;28.03524358;0.0125;False;ok;74;1;1.112;
129;-16.71763932;28.04774358;0.003125;False;ok;5;1;0.890;
130;-16.71451432;28.04774358;0.003125;False;ok;74;1;1.041;
131;-16.71763932;28.05086858;0.003125;False;ok;71;1;1.080;
132;-16.71451432;28.05086858;0.003125;False;ok;75;1;0.927;
133;-16.71138932;28.04774358;0.00625;False;ok;74;1;0.887;
134;-16.71763932;28.05399358;0.00625;False;ok;67;1;0.793;
135;-16.71138932;28.05399358;0.00625;False;ok;52;1;0.778;
136;-16.70513932;28.04774358;0.0125;False;ok;75;1;0.859;
137;-16.69263932;28.01024358;0.025;False;ok;23;1;0.731;
138;-16.66763932;28.01024358;0.0125;False;ok;16;1;0.679;
139;-16.65513932;28.01024358;0.0125;False;ok;75;1;0.826;
140;-16.66763932;28.02274358;0.0125;False;ok;0;1;1.480;
141;-16.65513932;28.02274358;0.0125;False;ok;2;1;0.701;
142;-16.69263932;28.03524358;0.025;False;ok;7;1;0.752;
143;-16.66763932;28.03524358;0.025;False;ok;8;1;0.829;
144;-16.73638932;28.06024358;0.00625;False;ok;73;1;1.104;
145;-16.73638932;28.06649358;0.00625;False;ok;73;1;1.104;
146;-16.73013932;28.06024358;0.0015625;False;ok;66;1;0.970;
147;-16.72857682;28.06024358;0.0015625;False;ok;24;1;1.072;
148;-16.73013932;28.06180608;0.0015625;False;ok;35;1;1.000;
149;-16.72857682;28.06180608;0.0015625;False;ok;58;1;1.047;
150;-16.72701432;28.06024358;0.003125;False;ok;60;1;1.092;
151;-16.73013932;28.06336858;0.003125;False;ok;73;1;1.260;
152;-16.72388932;28.06024358;0.00625;False;ok;3;1;0.935;
153;-16.73013932;28.06649358;0.003125;False;ok;41;1;1.076;
154;-16.72701432;28.06649358;0.003125;False;ok;13;1;0.993;
155;-16.73013932;28.06961858;0.003125;False;ok;75;1;1.121;
156;-16.72388932;28.06649358;0.00625;False;ok;10;1;0.870;
157;-16.73638932;28.07274358;0.003125;False;ok;4;1;0.930;
158;-16.73326432;28.07274358;0.003125;False;ok;74;1;0.956;
159;-16.73638932;28.07586858;0.003125;False;ok;42;1;0.881;
160;-16.73326432;28.07586858;0.003125;False;ok;67;1;0.842;
161;-16.73638932;28.07899358;0.003125;False;ok;11;1;0.846;
162;-16.73326432;28.07899358;0.003125;False;ok;58;1;0.841;
163;-16.73638932;28.08211858;0.003125;False;ok;11;1;0.701;
164;-16.73326432;28.08211858;0.0015625;False;ok;21;1;0.756;
165;-16.73170182;28.08211858;0.0015625;False;ok;68;1;0.812;
166;-16.73326432;28.08368108;0.0015625;False;ok;45;1;0.866;
167;-16.73013932;28.07274358;0.00625;False;ok;71;1;0.908;
168;-16.72388932;28.07274358;0.00625;False;ok;10;1;0.808;
169;-16.73013932;28.07899358;0.00625;False;ok;75;1;1.136;
170;-16.72388932;28.07899358;0.00625;False;ok;75;1;1.119;
171;-16.71763932;28.06024358;0.025;False;ok;75;1;1.218;
172;-16.74263932;28.08524358;0.00625;False;ok;7;1;1.094;
173;-16.73638932;28.08524358;0.00625;False;ok;74;1;1.182;
174;-16.74263932;28.09149358;0.00625;False;ok;52;1;1.115;
175;-16.73638932;28.09149358;0.00625;False;ok;43;1;1.201;
176;-16.73013932;28.08524358;0.00625;False;ok;72;1;1.261;
177;-16.72388932;28.08524358;0.00625;False;ok;74;1;1.186;
178;-16.73013932;28.09149358;0.00625;False;ok;48;1;1.164;
179;-16.72388932;28.09149358;0.00625;False;ok;31;1;1.106;
180;-16.74263932;28.09774358;0.0125;False;ok;6;1;1.095;
181;-16.73013932;28.09774358;0.0125;False;ok;4;1;1.149;
182;-16.71763932;28.08524358;0.025;False;ok;71;1;1.125;
183;-16.69263932;28.06024358;0.05;False;ok;75;1;1.095;
184;-16.64263932;28.01024358;0.025;False;ok;73;1;1.017;
185;-16.61763932;28.01024358;0.0125;False;ok;66;1;0.868;
186;-16.61763932;28.02274358;0.00625;False;ok;75;1;0.934;
187;-16.61138932;28.02274358;0.00625;False;ok;75;1;1.118;
188;-16.61763932;28.02899358;0.00625;False;ok;49;1;0.781;
189;-16.61138932;28.02899358;0.00625;False;ok;71;1;0.774;
190;-16.60513932;28.02274358;0.0125;False;ok;73;1;0.889;
191;-16.64263932;28.03524358;0.025;False;ok;10;1;0.713;
192;-16.61763932;28.03524358;0.025;False;ok;44;1;0.745;
193;-16.59263932;28.01024358;0.025;False;ok;65;1;0.935;
194;-16.56451432;28.02899358;0.003125;False;ok;23;1;0.852;
195;-16.56763932;28.03211858;0.003125;False;ok;42;1;1.053;
196;-16.56451432;28.03211858;0.003125;False;ok;75;1;1.178;
197;-16.56138932;28.02899358;0.00625;False;ok;0;1;1.746;
198;-16.59263932;28.03524358;0.025;False;ok;1;1;0.961;
199;-16.56763932;28.03524358;0.025;False;ok;30;1;1.191;
200;-16.64263932;28.06024358;0.05;False;ok;52;1;1.275;
201;-16.59263932;28.06024358;0.05;False;ok;71;1;1.303;
202;-16.54263932;28.04149358;0.003125;False;ok;30;1;1.189;
203;-16.53951432;28.04149358;0.003125;False;ok;44;1;1.228;
204;-16.54263932;28.04461858;0.003125;False;ok;17;1;1.083;
205;-16.53951432;28.04461858;0.003125;False;ok;74;1;1.317;
206;-16.53638932;28.04149358;0.00625;False;ok;74;1;1.274;
207;-16.54263932;28.04774358;0.00625;False;ok;39;1;1.118;
208;-16.53638932;28.04774358;0.00625;False;ok;74;1;1.077;
209;-16.53013932;28.04774358;0.0125;False;ok;51;1;1.052;
210;-16.54263932;28.06024358;0.05;False;ok;1;1;0.939;
211;-16.49263932;28.06024358;0.05;False;ok;56;1;0.958;
212;-15.74263932;28.01024358;0.05;False;ok;8;1;0.840;
213;-15.69263932;28.01024358;0.05;False;ok;31;1;0.922;
214;-15.74263932;28.06024358;0.05;False;ok;75;1;0.969;
215;-15.69263932;28.06024358;0.05;False;ok;52;1;0.771;
216;-15.64263932;28.01024358;0.1;False;ok;75;1;1.012;
217;-15.54263932;28.01024358;0.05;False;ok;63;1;0.676;
218;-15.49263932;28.01024358;0.05;False;ok;57;1;0.821;
219;-15.54263932;28.06024358;0.05;False;ok;42;1;0.710;
220;-15.49263932;28.06024358;0.05;False;ok;19;1;1.125;
221;-15.44263932;28.01024358;0.05;False;ok;15;1;1.013;
222;-15.39263932;28.01024358;0.05;False;ok;19;1;0.981;
223;-15.44263932;28.06024358;0.05;False;ok;73;1;1.131;
224;-14.44263932;28.01024358;0.1;False;ok;75;1;1.119;
225;-14.34263932;28.01024358;0.1;False;ok;74;1;1.239;
226;-17.34263932;28.11024358;0.1;False;ok;74;1;1.231;
227;-17.24263932;28.11024358;0.05;False;ok;20;1;1.100;
228;-17.19263932;28.11024358;0.05;False;ok;13;1;1.020;
229;-17.24263932;28.16024358;0.05;False;ok;56;1;1.143;
230;-17.19263932;28.16024358;0.05;False;ok;54;1;1.140;
231;-17.14263932;28.11024358;0.1;False;ok;1;1;1.030;
232;-16.84263932;28.11024358;0.05;False;ok;5;1;1.021;
233;-16.77388932;28.11024358;0.00625;False;ok;5;1;0.946;
234;-16.78013932;28.11649358;0.00625;False;ok;74;1;1.206;
235;-16.77388932;28.11649358;0.00625;False;ok;74;1;1.171;
236;-16.79263932;28.12274358;0.0125;False;ok;74;1;1.056;
237;-16.78013932;28.12274358;0.00625;False;ok;73;1;0.938;
238;-16.77388932;28.12274358;0.00625;False;ok;74;1;0.987;
239;-16.78013932;28.12899358;0.00625;False;ok;52;1;0.884;
240;-16.77388932;28.12899358;0.00625;False;ok;10;1;0.633;
241;-16.76763932;28.11024358;0.025;False;ok;54;1;0.806;
242;-16.79263932;28.13524358;0.025;False;ok;15;1;0.776;
243;-16.76763932;28.13524358;0.025;False;ok;72;1;0.871;
244;-16.84263932;28.16024358;0.05;False;ok;75;1;0.943;
245;-16.79263932;28.16024358;0.05;False;ok;75;1;0.981;
246;-16.74263932;28.11024358;0.1;False;ok;75;1;1.060;
247;-16.64263932;28.11024358;0.1;False;ok;67;1;1.049;
248;-16.54263932;28.11024358;0.1;False;ok;74;1;1.190;
249;-16.44263932;28.11024358;0.1;False;ok;74;1;1.179;
250;-15.74263932;28.11024358;0.1;False;ok;74;1;1.149;
251;-15.64263932;28.11024358;0.1;False;ok;75;1;1.111;
252;-15.54263932;28.11024358;0.1;False;ok;74;1;1.136;
253;-15.44263932;28.11024358;0.0125;False;ok;9;1;0.957;
254;-15.43013932;28.11024358;0.0125;False;ok;34;1;1.142;
255;-15.44263932;28.12274358;0.0125;False;ok;75;1;1.189;
256;-15.43013932;28.12274358;0.0125;False;ok;17;1;0.967;
257;-15.41763932;28.11024358;0.025;False;ok;2;1;0.944;
258;-15.44263932;28.13524358;0.00625;False;ok;73;1;1.220;
259;-15.43638932;28.13524358;0.003125;False;ok;68;1;1.038;
260;-15.43326432;28.13524358;0.003125;False;ok;16;1;0.937;
261;-15.43638932;28.13836858;0.0015625;False;ok;74;1;1.002;
262;-15.43482682;28.13836858;0.0015625;False;ok;38;1;0.856;
263;-15.43638932;28.13993108;0.0015625;False;ok;35;1;0.665;
264;-15.43482682;28.13993108;0.0015625;False;ok;74;1;0.749;
265;-15.43326432;28.13836858;0.003125;False;ok;75;1;0.869;
266;-15.43638932;28.14149358;0.003125;False;ok;27;1;0.747;
267;-15.43326432;28.14149358;0.003125;False;ok;75;1;0.914;
268;-15.43326432;28.14461858;0.003125;False;ok;60;1;0.790;
269;-15.43013932;28.13524358;0.0125;False;ok;67;1;1.009;
270;-15.44263932;28.14774358;0.0125;False;ok;74;1;1.003;
271;-15.43013932;28.14774358;0.0125;False;ok;74;1;1.005;
272;-15.44263932;28.16024358;0.05;False;ok;2;1;0.841;
273;-14.34263932;28.11024358;0.1;False;ok;51;1;1.039;
274;-14.24263932;28.11024358;0.05;False;ok;71;1;1.163;
275;-14.24263932;28.16024358;0.05;False;ok;75;1;1.168;
276;-14.19263932;28.16024358;0.05;False;ok;56;1;1.029;
277;-14.14263932;28.11024358;0.1;False;ok;74;1;1.188;
278;-14.04263932;28.11024358;0.1;False;ok;29;1;1.074;
279;-16.94263932;28.21024358;0.1;False;ok;20;1;1.026;
280;-16.84263932;28.21024358;0.0125;False;ok;17;1;0.953;
281;-16.83013932;28.21024358;0.0125;False;ok;5;1;0.924;
282;-16.84263932;28.22274358;0.00625;False;ok;73;1;1.030;
283;-16.83638932;28.22274358;0.00625;False;ok;1;1;0.872;
284;-16.84263932;28.22899358;0.003125;False;ok;75;1;1.090;
285;-16.83951432;28.22899358;0.003125;False;ok;37;1;0.879;
286;-16.84263932;28.23211858;0.003125;False;ok;54;1;0.895;
287;-16.83951432;28.23211858;0.003125;False;ok;2;1;0.824;
288;-16.83638932;28.22899358;0.00625;False;ok;39;1;0.785;
289;-16.81763932;28.21024358;0.025;False;ok;5;1;0.547;
290;-16.84263932;28.23524358;0.003125;False;ok;73;1;0.793;
291;-16.84263932;28.23836858;0.003125;False;ok;56;1;0.741;
292;-16.83951432;28.23836858;0.003125;False;ok;24;1;0.709;
293;-16.83638932;28.23524358;0.00625;False;ok;32;1;0.837;
294;-16.84263932;28.24149358;0.00625;False;ok;75;1;1.046;
295;-16.83013932;28.23524358;0.0125;False;ok;7;1;0.859;
296;-16.84263932;28.24774358;0.0125;False;ok;25;1;1.039;
297;-16.83013932;28.24774358;0.0125;False;ok;3;1;0.885;
298;-16.81763932;28.23524358;0.025;False;ok;35;1;1.006;
299;-16.79263932;28.21024358;0.05;False;ok;12;1;1.011;
300;-16.84263932;28.26024358;0.05;False;ok;38;1;1.085;
301;-16.64263932;28.21024358;0.1;False;ok;2;1;1.023;
302;-16.54263932;28.21024358;0.1;False;ok;32;1;1.090;
303;-16.44263932;28.21024358;0.1;False;ok;75;1;1.244;
304;-14.24263932;28.21024358;0.1;False;ok;32;1;1.065;
305;-14.14263932;28.21024358;0.1;False;ok;32;1;1.030;
306;-14.04263932;28.21024358;0.1;False;ok;74;1;1.162;
307;-16.94263932;28.31024358;0.1;False;ok;72;1;1.170;
308;-16.84263932;28.31024358;0.05;False;ok;22;1;1.063;
309;-16.79263932;28.31024358;0.05;False;ok;18;1;1.035;
310;-16.84263932;28.36024358;0.05;False;ok;74;1;1.048;
311;-16.79263932;28.36024358;0.05;False;ok;75;1;1.033;
312;-16.74263932;28.31024358;0.05;False;ok;55;1;0.976;
313;-16.69263932;28.31024358;0.05;False;ok;18;1;0.833;
314;-16.74263932;28.36024358;0.025;False;ok;73;1;0.878;
315;-16.71763932;28.36024358;0.025;False;ok;75;1;0.891;
316;-16.69263932;28.36024358;0.05;False;ok;74;1;0.881;
317;-16.59263932;28.31024358;0.05;False;ok;7;1;0.723;
318;-16.64263932;28.36024358;0.05;False;ok;60;1;0.742;
319;-16.59263932;28.36024358;0.025;False;ok;24;1;0.744;
320;-16.56763932;28.36024358;0.025;False;ok;17;1;0.696;
321;-16.59263932;28.38524358;0.025;False;ok;73;1;0.917;
322;-16.56763932;28.38524358;0.025;False;ok;73;1;1.036;
323;-16.54263932;28.31024358;0.05;False;ok;2;1;0.711;
324;-16.54263932;28.36024358;0.05;False;ok;75;1;1.026;
325;-16.49263932;28.36024358;0.05;False;ok;0;1;1.596;
326;-16.44263932;28.31024358;0.05;False;ok;68;1;0.901;
327;-16.39263932;28.31024358;0.05;False;ok;66;1;0.995;
328;-16.39263932;28.36024358;0.05;False;ok;75;1;1.019;
329;-16.34263932;28.31024358;0.1;False;ok;74;1;1.084;
330;-14.24263932;28.31024358;0.1;False;ok;13;1;0.888;
331;-14.14263932;28.31024358;0.1;False;ok;21;1;0.957;
332;-14.04263932;28.31024358;0.1;False;ok;39;1;1.015;
333;-13.94263932;28.31024358;0.05;False;ok;2;1;0.895;
334;-13.89263932;28.36024358;0.025;False;ok;73;1;0.956;
335;-13.86763932;28.36024358;0.025;False;ok;6;1;0.909;
336;-13.88013932;28.38524358;0.0125;False;ok;73;1;0.967;
337;-13.89263932;28.39774358;0.0125;False;ok;11;1;0.892;
338;-13.88013932;28.39774358;0.0125;False;ok;72;1;0.995;
339;-13.86763932;28.38524358;0.0125;False;ok;38;1;1.007;
340;-13.85513932;28.38524358;0.0125;False;ok;8;1;0.789;
341;-13.86763932;28.39774358;0.00625;False;ok;35;1;0.789;
342;-13.86138932;28.39774358;0.00625;False;ok;75;1;0.850;
343;-13.86138932;28.40399358;0.00625;False;ok;7;1;0.565;
344;-13.85513932;28.39774358;0.0125;False;ok;31;1;0.665;
345;-17.94263932;28.41024358;0.1;False;ok;67;1;0.825;
346;-17.84263932;28.41024358;0.1;False;ok;16;1;0.717;
347;-16.56763932;28.41024358;0.0125;False;ok;75;1;0.960;
348;-16.55513932;28.41024358;0.00625;False;ok;75;1;0.997;
349;-16.54888932;28.41024358;0.00625;False;ok;75;1;1.047;
350;-16.55513932;28.41649358;0.00625;False;ok;70;1;2.240;
351;-16.54888932;28.41649358;0.00625;False;ok;74;1;1.076;
352;-16.54263932;28.41024358;0.025;False;ok;75;1;1.105;
353;-16.51763932;28.41024358;0.025;False;ok;75;1;1.164;
354;-16.51763932;28.43524358;0.025;False;ok;4;1;0.947;
355;-16.49263932;28.41024358;0.05;False;ok;75;1;1.204;
356;-16.49263932;28.46024358;0.05;False;ok;41;1;1.106;
357;-16.44263932;28.41024358;0.05;False;ok;5;1;1.070;
358;-16.39263932;28.41024358;0.05;False;ok;21;1;1.057;
359;-16.44263932;28.46024358;0.05;False;ok;74;1;1.251;
360;-16.39263932;28.46024358;0.05;False;ok;38;1;1.132;
361;-16.34263932;28.41024358;0.05;False;ok;46;1;1.113;
362;-16.29263932;28.41024358;0.05;False;ok;50;1;1.068;
363;-16.34263932;28.46024358;0.05;False;ok;73;1;1.168;
364;-16.29263932;28.46024358;0.025;False;ok;45;1;1.076;
365;-16.26763932;28.46024358;0.0125;False;ok;72;1;1.026;
366;-16.25513932;28.46024358;0.0125;False;ok;75;1;0.983;
367;-16.26763932;28.47274358;0.0125;False;ok;8;1;0.692;
368;-16.25513932;28.47274358;0.0125;False;ok;45;1;0.793;
369;-16.29263932;28.48524358;0.025;False;ok;4;1;0.530;
370;-16.24263932;28.41024358;0.1;False;ok;73;1;0.757;
371;-14.14263932;28.41024358;0.1;False;ok;16;1;0.601;
372;-14.04263932;28.41024358;0.1;False;ok;32;1;0.697;
373;-13.89263932;28.41024358;0.05;False;ok;74;1;0.928;
374;-13.94263932;28.46024358;0.05;False;ok;7;1;0.722;
375;-13.89263932;28.46024358;0.025;False;ok;13;1;0.833;
376;-13.86763932;28.46024358;0.025;False;ok;1;1;0.789;
377;-13.89263932;28.48524358;0.025;False;ok;49;1;0.967;
378;-13.86763932;28.48524358;0.025;False;ok;74;1;1.095;
379;-17.89263932;28.51024358;0.05;False;ok;10;1;0.956;
380;-17.91763932;28.56024358;0.025;False;ok;12;1;1.061;
381;-17.94263932;28.58524358;0.025;False;ok;8;1;1.036;
382;-17.91763932;28.58524358;0.0125;False;ok;75;1;1.144;
383;-17.90513932;28.58524358;0.0125;False;ok;10;1;1.012;
384;-17.91763932;28.59774358;0.0125;False;ok;9;1;0.984;
385;-17.90513932;28.59774358;0.0125;False;ok;17;1;1.075;
386;-17.89263932;28.56024358;0.05;False;ok;24;1;1.016;
387;-17.84263932;28.51024358;0.1;False;ok;63;1;1.134;
388;-16.44263932;28.51024358;0.1;False;ok;74;1;1.129;
389;-16.34263932;28.51024358;0.1;False;ok;70;1;1.174;
390;-16.24263932;28.51024358;0.1;False;ok;72;1;1.051;
391;-14.04263932;28.51024358;0.1;False;ok;48;1;1.025;
392;-13.94263932;28.51024358;0.1;False;ok;36;1;0.848;
393;-13.84263932;28.51024358;0.1;False;ok;55;1;0.915;
394;-18.04263932;28.61024358;0.1;False;ok;74;1;0.935;
395;-17.94263932;28.61024358;0.025;False;ok;4;1;0.674;
396;-17.91763932;28.61024358;0.025;False;ok;17;1;0.667;
397;-17.94263932;28.63524358;0.025;False;ok;70;1;0.859;
398;-17.91763932;28.63524358;0.025;False;ok;75;1;0.845;
399;-17.89263932;28.61024358;0.025;False;ok;6;1;0.689;
400;-17.89263932;28.63524358;0.025;False;ok;72;1;0.852;
401;-17.86763932;28.63524358;0.025;False;ok;23;1;0.799;
402;-17.94263932;28.66024358;0.05;False;ok;73;1;0.892;
403;-17.89263932;28.66024358;0.05;False;ok;6;1;0.740;
404;-17.84263932;28.61024358;0.05;False;ok;4;1;0.747;
405;-17.79263932;28.61024358;0.025;False;ok;37;1;0.921;
406;-17.76763932;28.61024358;0.025;False;ok;10;1;0.878;
407;-17.79263932;28.63524358;0.025;False;ok;56;1;0.934;
408;-17.76763932;28.63524358;0.025;False;ok;73;1;1.052;
409;-17.84263932;28.66024358;0.05;False;ok;1;1;0.921;
410;-17.79263932;28.66024358;0.025;False;ok;46;1;0.950;
411;-17.76763932;28.66024358;0.025;False;ok;73;1;1.079;
412;-17.79263932;28.68524358;0.025;False;ok;16;1;0.997;
413;-17.76763932;28.68524358;0.025;False;ok;74;1;1.097;
414;-14.01763932;28.66024358;0.0125;False;ok;0;1;1.692;
415;-14.01763932;28.67274358;0.0125;False;ok;75;1;1.045;
416;-14.00513932;28.67274358;0.0125;False;ok;7;1;0.902;
417;-14.04263932;28.68524358;0.025;False;ok;1;1;0.894;
418;-14.01763932;28.68524358;0.025;False;ok;74;1;1.159;
419;-13.99263932;28.66024358;0.05;False;ok;45;1;1.018;
420;-13.94263932;28.61024358;0.05;False;ok;75;1;1.079;
421;-13.89263932;28.61024358;0.05;False;ok;1;1;0.859;
422;-13.94263932;28.66024358;0.05;False;ok;74;1;1.057;
423;-13.89263932;28.66024358;0.05;False;ok;74;1;1.098;
424;-13.84263932;28.61024358;0.1;False;ok;2;1;0.873;
425;-18.04263932;28.71024358;0.1;False;ok;71;1;0.885;
426;-17.94263932;28.71024358;0.1;False;ok;19;1;0.874;
427;-17.84263932;28.71024358;0.1;False;ok;62;1;0.858;
428;-17.74263932;28.71024358;0.1;False;ok;4;1;0.721;
429;-14.04263932;28.71024358;0.1;False;ok;70;1;0.837;
430;-13.94263932;28.71024358;0.05;False;ok;4;1;0.721;
431;-13.88013932;28.71024358;0.0125;False;ok;74;1;0.874;
432;-13.89263932;28.72274358;0.0125;False;ok;0;1;1.413;
433;-13.88013932;28.72274358;0.0125;False;ok;75;1;0.902;
434;-13.86763932;28.71024358;0.0125;False;ok;46;1;0.868;
435;-13.86763932;28.72274358;0.00625;False;ok;75;1;0.937;
436;-13.86138932;28.72274358;0.00625;False;ok;74;1;0.886;
437;-13.86763932;28.72899358;0.00625;False;ok;75;1;0.837;
438;-13.86138932;28.72899358;0.00625;False;ok;52;1;0.855;
439;-13.85513932;28.72274358;0.0125;False;ok;18;1;0.782;
440;-13.87388932;28.73524358;0.003125;False;ok;73;1;0.836;
441;-13.87076432;28.73524358;0.003125;False;ok;74;1;0.831;
442;-13.87388932;28.73836858;0.003125;False;ok;22;1;0.767;
443;-13.87076432;28.73836858;0.003125;False;ok;75;1;0.922;
444;-13.87388932;28.74149358;0.00625;False;ok;75;1;0.916;
445;-13.86763932;28.73524358;0.025;False;ok;75;1;0.947;
446;-13.84263932;28.71024358;0.1;False;ok;2;1;0.769;
447;-13.74263932;28.71024358;0.1;False;ok;1;1;0.804;
448;-18.04263932;28.81024358;0.1;False;ok;6;1;0.766;
449;-17.94263932;28.81024358;0.1;False;ok;12;1;0.795;
450;-17.84263932;28.81024358;0.1;False;ok;23;1;0.815;
451;-13.89263932;28.81024358;0.05;False;ok;5;1;0.801;
452;-13.89263932;28.86024358;0.025;False;ok;71;1;0.777;
453;-13.86763932;28.86024358;0.0125;False;ok;73;1;0.813;
454;-13.85513932;28.86024358;0.00625;False;ok;13;1;0.719;
455;-13.84888932;28.86024358;0.00625;False;ok;38;1;0.816;
456;-13.85513932;28.86649358;0.00625;False;ok;5;1;0.745;
457;-13.84888932;28.86649358;0.00625;False;ok;53;1;0.850;
458;-13.85513932;28.87274358;0.0125;False;ok;72;1;0.805;
459;-13.84263932;28.81024358;0.05;False;ok;75;1;0.954;
460;-13.84263932;28.86024358;0.00625;False;ok;30;1;0.857;
461;-13.83638932;28.86024358;0.00625;False;ok;73;1;0.967;
462;-13.84263932;28.86649358;0.00625;False;ok;71;1;1.004;
463;-13.83638932;28.86649358;0.00625;False;ok;22;1;1.049;
464;-13.83013932;28.86024358;0.0125;False;ok;75;1;1.257;
465;-13.84263932;28.87274358;0.0125;False;ok;59;1;1.067;
466;-13.83013932;28.87274358;0.0125;False;ok;73;1;1.116;
467;-13.81763932;28.86024358;0.0125;False;ok;74;1;1.205;
468;-13.80513932;28.86024358;0.00625;False;ok;75;1;1.330;
469;-13.79888932;28.86024358;0.00625;False;ok;57;1;1.126;
470;-13.80513932;28.86649358;0.00625;False;ok;41;1;1.132;
471;-13.74263932;28.81024358;0.1;False;ok;20;1;1.137;
472;-13.84263932;28.91024358;0.1;False;ok;74;1;1.202;
473;-13.71763932;28.91024358;0.025;False;ok;74;1;1.298;
474;-13.74263932;28.93524358;0.025;False;ok;13;1;1.084;
475;-13.71763932;28.93524358;0.025;False;ok;73;1;1.092;
476;-13.69263932;28.91024358;0.0125;False;ok;2;1;0.898;
477;-13.68013932;28.91024358;0.0125;False;ok;75;1;1.085;
478;-13.69263932;28.92274358;0.0125;False;ok;9;1;0.923;
479;-13.68013932;28.92274358;0.00625;False;ok;74;1;0.940;
480;-13.67388932;28.92274358;0.003125;False;ok;45;1;0.870;
481;-13.67076432;28.92274358;0.003125;False;ok;60;1;0.807;
482;-13.67388932;28.92586858;0.003125;False;ok;16;1;0.716;
483;-13.67076432;28.92586858;0.003125;False;ok;8;1;0.704;
484;-13.68013932;28.92899358;0.00625;False;ok;7;1;0.737;
485;-13.67388932;28.92899358;0.00625;False;ok;12;1;0.734;
486;-13.66763932;28.91024358;0.0125;False;ok;74;1;0.865;
487;-13.65513932;28.91649358;0.00625;False;ok;74;1;0.938;
488;-13.64888932;28.91649358;0.00625;False;ok;75;1;0.924;
489;-13.66763932;28.92274358;0.00625;False;ok;75;1;0.936;
490;-13.66138932;28.92274358;0.00625;False;ok;75;1;0.959;
491;-13.66763932;28.92899358;0.00625;False;ok;1;1;0.760;
492;-13.65513932;28.92274358;0.0125;False;ok;75;1;1.078;
493;-13.69263932;28.93524358;0.025;False;ok;54;1;0.948;
494;-13.66763932;28.93524358;0.025;False;ok;75;1;1.074;
495;-13.74263932;28.96024358;0.05;False;ok;17;1;0.932;
496;-13.69263932;28.96024358;0.05;False;ok;74;1;1.061;
497;-13.64263932;28.91024358;0.0125;False;ok;12;1;1.062;
498;-13.64263932;28.92274358;0.0125;False;ok;75;1;1.025;
499;-13.63013932;28.92274358;0.0125;False;ok;40;1;1.064;
500;-13.61763932;28.91024358;0.025;False;ok;15;1;0.964;
501;-13.64263932;28.93524358;0.025;False;ok;45;1;1.117;
502;-13.61763932;28.93524358;0.025;False;ok;75;1;1.076;
503;-13.59263932;28.94774358;0.0125;False;ok;74;1;1.195;
504;-13.58013932;28.94774358;0.0125;False;ok;14;1;0.965;
505;-13.56763932;28.93524358;0.025;False;ok;75;1;1.132;
506;-13.64263932;28.96024358;0.05;False;ok;57;1;0.935;
507;-13.59263932;28.96024358;0.025;False;ok;21;1;0.823;
508;-13.56763932;28.96024358;0.0125;False;ok;32;1;0.785;
509;-13.55513932;28.96024358;0.0125;False;ok;75;1;0.987;
510;-13.56763932;28.97274358;0.0125;False;ok;16;1;0.739;
511;-13.55513932;28.97274358;0.0125;False;ok;7;1;0.669;
512;-13.56763932;28.98524358;0.025;False;ok;4;1;0.695;
513;-13.54263932;28.96024358;0.025;False;ok;9;1;0.685;
514;-13.51763932;28.96024358;0.025;False;ok;6;1;0.674;
515;-13.54263932;28.98524358;0.025;False;ok;14;1;0.759;
516;-13.51763932;28.98524358;0.0125;False;ok;48;1;0.898;
517;-13.50513932;28.98524358;0.0125;False;ok;75;1;1.031;
518;-13.51763932;28.99774358;0.0125;False;ok;16;1;0.880;
519;-13.50513932;28.99774358;0.0125;False;ok;43;1;1.141;
520;-13.49263932;28.98524358;0.0125;False;ok;44;1;1.183;
521;-13.49263932;28.99774358;0.0125;False;ok;75;1;1.339;
522;-13.69263932;29.01024358;0.05;False;ok;63;1;1.255;
523;-13.69263932;29.06024358;0.05;False;ok;75;1;1.392;
524;-13.64263932;29.01024358;0.05;False;ok;42;1;1.312;
525;-13.59263932;29.01024358;0.05;False;ok;73;1;1.496;
526;-13.64263932;29.06024358;0.05;False;ok;16;1;1.284;
527;-13.59263932;29.06024358;0.05;False;ok;22;1;1.450;
528;-13.54263932;29.01024358;0.05;False;ok;14;1;1.328;
529;-13.49263932;29.01024358;0.05;False;ok;7;1;1.348;
530;-13.54263932;29.06024358;0.05;False;ok;18;1;1.339;
531;-13.49263932;29.06024358;0.05;False;ok;75;1;1.374;
532;-13.74263932;29.11024358;0.1;False;ok;0;1;2.007;
533;-13.64263932;29.11024358;0.05;False;ok;21;1;1.214;
534;-13.59263932;29.11024358;0.05;False;ok;75;1;1.408;
535;-13.54263932;29.11024358;0.05;False;ok;33;1;1.163;
536;-13.49263932;29.11024358;0.025;False;ok;14;1;1.064;
537;-13.46763932;29.11024358;0.025;False;ok;75;1;1.139;
538;-13.49263932;29.13524358;0.025;False;ok;9;1;0.972;
539;-13.46763932;29.13524358;0.025;False;ok;75;1;0.952;
540;-13.54263932;29.16024358;0.05;False;ok;3;1;0.769;
541;-13.49263932;29.16024358;0.05;False;ok;11;1;0.674;
542;-13.44263932;29.11024358;0.1;False;ok;0;1;1.443;
543;-13.54263932;29.21024358;0.05;False;ok;72;1;0.804;
544;-13.49263932;29.21024358;0.05;False;ok;43;1;0.846;
545;-13.49263932;29.26024358;0.05;False;ok;4;1;0.790;
546;-8.919748187;41.83647628;0.05;True;ok;2;1;1.008;
547;-8.869748187;41.83647628;0.05;True;ok;2;1;1.143;
548;-8.719748187;41.78647628;0.1;True;ok;0;1;1.216;
549;-8.219748187;41.78647628;0.1;True;ok;2;1;1.121;
550;-8.119748187;41.78647628;0.1;False;ok;14;1;1.216;
551;-8.919748187;41.88647628;0.1;True;ok;73;1;1.376;
552;-8.819748187;41.88647628;0.1;True;ok;11;1;1.381;
553;-8.219748187;41.88647628;0.1;False;ok;2;1;1.137;
554;-8.119748187;41.88647628;0.1;False;ok;26;1;1.257;
555;-8.019748187;41.88647628;0.1;False;ok;9;1;1.208;
556;-7.919748187;41.88647628;0.1;True;ok;0;1;1.255;
557;-7.519748187;41.88647628;0.1;False;ok;13;1;1.215;
558;-8.919748187;41.98647628;0.1;False;ok;51;1;1.236;
559;-8.819748187;41.98647628;0.1;False;ok;21;1;1.181;
560;-8.719748187;41.98647628;0.1;True;ok;44;1;1.275;
561;-8.619748187;41.98647628;0.1;True;ok;5;1;1.126;
562;-7.919748187;41.98647628;0.1;False;ok;3;1;0.934;
563;-7.819748187;41.98647628;0.1;False;ok;5;1;0.969;
564;-7.519748187;41.98647628;0.1;False;ok;5;1;0.928;
565;-7.419748187;41.98647628;0.1;False;ok;2;1;0.807;
566;-7.219748187;41.98647628;0.1;False;ok;3;1;0.825;
567;-7.119748187;41.98647628;0.1;False;ok;3;1;0.878;
568;-7.019748187;41.98647628;0.1;False;ok;0;1;1.536;
569;-6.919748187;41.98647628;0.1;False;ok;11;1;0.881;
570;-6.819748187;41.98647628;0.1;False;ok;2;1;0.852;
571;-6.719748187;41.98647628;0.1;False;ok;42;1;1.141;
572;-8.919748187;42.08647628;0.1;False;ok;75;1;1.417;
573;-8.819748187;42.08647628;0.1;False;ok;74;1;1.428;
574;-8.719748187;42.08647628;0.1;False;ok;63;1;1.424;
575;-8.619748187;42.08647628;0.1;False;ok;45;1;1.336;
576;-8.519748187;42.08647628;0.1;False;ok;31;1;1.316;
577;-8.419748187;42.08647628;0.1;False;ok;5;1;1.308;
578;-8.319748187;42.08647628;0.1;True;ok;18;1;1.392;
579;-8.219748187;42.08647628;0.1;True;ok;9;1;1.367;
580;-8.119748187;42.08647628;0.1;False;ok;2;1;1.299;
581;-8.019748187;42.08647628;0.1;False;ok;16;1;1.395;
582;-7.919748187;42.08647628;0.1;False;ok;11;1;1.346;
583;-7.819748187;42.08647628;0.1;False;ok;7;1;1.263;
584;-7.619748187;42.08647628;0.1;False;ok;1;1;1.279;
585;-7.219748187;42.08647628;0.1;False;ok;2;1;1.279;
586;-7.119748187;42.08647628;0.1;False;ok;0;1;1.836;
587;-6.819748187;42.08647628;0.1;False;ok;4;1;1.065;
588;-6.719748187;42.08647628;0.1;False;ok;39;1;1.231;
589;-8.919748187;42.18647628;0.1;False;ok;36;1;1.111;
590;-8.819748187;42.18647628;0.05;False;ok;64;1;0.900;
591;-8.769748187;42.18647628;0.05;False;ok;75;1;0.919;
592;-8.819748187;42.23647628;0.05;False;ok;74;1;1.052;
593;-8.769748187;42.23647628;0.05;False;ok;73;1;1.222;
594;-8.719748187;42.18647628;0.05;False;ok;73;1;1.275;
595;-8.669748187;42.18647628;0.05;False;ok;8;1;1.159;
596;-8.719748187;42.23647628;0.05;False;ok;74;1;1.387;
597;-8.669748187;42.23647628;0.05;False;ok;9;1;1.231;
598;-8.619748187;42.18647628;0.1;False;ok;73;1;1.343;
599;-8.519748187;42.18647628;0.1;False;ok;43;1;1.403;
600;-8.419748187;42.18647628;0.1;False;ok;16;1;1.262;
601;-8.319748187;42.18647628;0.1;False;ok;13;1;1.353;
602;-8.219748187;42.18647628;0.1;False;ok;23;1;1.456;
603;-8.119748187;42.18647628;0.1;False;ok;3;1;1.301;
604;-7.919748187;42.18647628;0.1;False;ok;19;1;1.430;
605;-7.819748187;42.18647628;0.1;False;ok;48;1;1.498;
606;-7.719748187;42.18647628;0.1;False;ok;6;1;1.337;
607;-7.619748187;42.18647628;0.1;False;ok;2;1;1.213;
608;-7.419748187;42.18647628;0.1;False;ok;0;1;1.846;
609;-7.319748187;42.18647628;0.1;False;ok;6;1;1.196;
610;-7.119748187;42.18647628;0.1;False;ok;2;1;0.887;
611;-8.919748187;42.28647628;0.1;False;ok;11;1;0.855;
612;-8.819748187;42.28647628;0.1;False;ok;75;1;1.058;
613;-8.719748187;42.28647628;0.1;False;ok;63;1;0.961;
614;-8.619748187;42.28647628;0.1;False;ok;74;1;1.028;
615;-8.519748187;42.28647628;0.1;False;ok;6;1;0.877;
616;-8.319748187;42.28647628;0.1;False;ok;1;1;0.871;
617;-8.219748187;42.28647628;0.1;False;ok;31;1;1.101;
618;-8.119748187;42.28647628;0.1;False;ok;23;1;1.162;
619;-8.019748187;42.28647628;0.1;False;ok;8;1;1.181;
620;-7.919748187;42.28647628;0.05;False;ok;5;1;1.132;
621;-7.869748187;42.28647628;0.05;False;ok;53;1;1.271;
622;-7.919748187;42.33647628;0.05;False;ok;29;1;1.350;
623;-7.869748187;42.33647628;0.05;False;ok;75;1;1.449;
624;-7.819748187;42.28647628;0.1;False;ok;36;1;1.299;
625;-7.719748187;42.28647628;0.1;False;ok;10;1;1.353;
626;-7.619748187;42.28647628;0.1;False;ok;26;1;1.379;
627;-7.519748187;42.28647628;0.1;False;ok;20;1;1.309;
628;-7.419748187;42.28647628;0.1;False;ok;13;1;1.346;
629;-7.319748187;42.28647628;0.1;False;ok;10;1;1.279;
630;-7.219748187;42.28647628;0.1;False;ok;7;1;1.299;
631;-6.819748187;42.28647628;0.1;False;ok;3;1;1.137;
632;-9.019748187;42.38647628;0.1;False;ok;43;1;1.196;
633;-8.919748187;42.38647628;0.05;False;ok;28;1;1.139;
634;-8.869748187;42.38647628;0.025;False;ok;42;1;1.263;
635;-8.844748187;42.38647628;0.0125;False;ok;27;1;1.168;
636;-8.832248187;42.38647628;0.0125;False;ok;74;1;1.234;
637;-8.844748187;42.39897628;0.0125;False;ok;12;1;1.068;
638;-8.832248187;42.39897628;0.0125;False;ok;30;1;1.173;
639;-8.869748187;42.41147628;0.025;False;ok;42;1;1.219;
640;-8.844748187;42.41147628;0.025;False;ok;15;1;1.047;
641;-8.919748187;42.43647628;0.05;False;ok;63;1;1.268;
642;-8.869748187;42.43647628;0.05;False;ok;75;1;1.302;
643;-8.819748187;42.39897628;0.0125;False;ok;74;1;1.438;
644;-8.807248187;42.39897628;0.0125;False;ok;75;1;1.529;
645;-8.794748187;42.38647628;0.025;False;ok;48;1;1.398;
646;-8.819748187;42.41147628;0.025;False;ok;21;1;1.350;
647;-8.769748187;42.38647628;0.05;False;ok;75;1;1.498;
648;-8.819748187;42.43647628;0.05;False;ok;47;1;1.438;
649;-8.769748187;42.43647628;0.05;False;ok;18;1;1.394;
650;-8.719748187;42.38647628;0.05;False;ok;74;1;1.564;
651;-8.669748187;42.41147628;0.025;False;ok;68;1;1.432;
652;-8.644748187;42.41147628;0.025;False;ok;72;1;1.478;
653;-8.719748187;42.43647628;0.05;False;ok;51;1;1.389;
654;-8.669748187;42.43647628;0.05;False;ok;22;1;1.336;
655;-8.619748187;42.38647628;0.1;False;ok;20;1;1.255;
656;-8.519748187;42.38647628;0.1;False;ok;15;1;1.158;
657;-8.419748187;42.38647628;0.1;False;ok;4;1;1.135;
658;-8.319748187;42.38647628;0.1;False;ok;2;1;1.034;
659;-8.219748187;42.38647628;0.1;False;ok;7;1;0.994;
660;-8.119748187;42.38647628;0.1;False;ok;24;1;0.986;
661;-8.019748187;42.38647628;0.1;False;ok;11;1;0.852;
662;-7.919748187;42.38647628;0.1;False;ok;13;1;0.756;
663;-7.819748187;42.38647628;0.1;False;ok;21;1;0.809;
664;-7.719748187;42.38647628;0.1;False;ok;19;1;0.894;
665;-7.619748187;42.38647628;0.1;False;ok;32;1;1.049;
666;-7.519748187;42.38647628;0.1;False;ok;34;1;1.144;
667;-7.419748187;42.38647628;0.1;False;ok;2;1;1.151;
668;-7.319748187;42.38647628;0.1;False;ok;14;1;1.259;
669;-7.219748187;42.38647628;0.1;False;ok;2;1;1.185;
670;-7.119748187;42.38647628;0.1;False;ok;10;1;1.419;
671;-7.019748187;42.38647628;0.1;False;ok;19;1;1.499;
672;-6.919748187;42.38647628;0.1;False;ok;5;1;1.444;
673;-6.819748187;42.38647628;0.1;False;ok;14;1;1.519;
674;-9.119748187;42.48647628;0.1;False;ok;18;1;1.558;
675;-9.019748187;42.48647628;0.1;False;ok;74;1;1.669;
676;-8.919748187;42.48647628;0.05;False;ok;55;1;1.575;
677;-8.869748187;42.48647628;0.05;False;ok;74;1;1.791;
678;-8.919748187;42.53647628;0.05;False;ok;20;1;1.575;
679;-8.869748187;42.53647628;0.05;False;ok;73;1;1.748;
680;-8.819748187;42.48647628;0.1;False;ok;75;1;1.734;
681;-8.719748187;42.48647628;0.1;False;ok;46;1;1.536;
682;-8.619748187;42.48647628;0.1;False;ok;16;1;1.577;
683;-8.519748187;42.48647628;0.1;False;ok;10;1;1.351;
684;-8.419748187;42.48647628;0.1;False;ok;9;1;1.269;
685;-8.319748187;42.48647628;0.1;False;ok;6;1;1.146;
686;-8.219748187;42.48647628;0.1;False;ok;1;1;1.120;
687;-8.119748187;42.48647628;0.1;False;ok;6;1;1.109;
688;-8.019748187;42.48647628;0.1;False;ok;5;1;1.060;
689;-7.919748187;42.48647628;0.1;False;ok;4;1;1.012;
690;-7.819748187;42.48647628;0.1;False;ok;10;1;1.111;
691;-7.719748187;42.48647628;0.1;False;ok;30;1;1.222;
692;-7.619748187;42.48647628;0.1;False;ok;21;1;1.199;
693;-7.519748187;42.48647628;0.1;False;ok;74;1;1.428;
694;-7.419748187;42.48647628;0.1;False;ok;8;1;1.225;
695;-7.219748187;42.48647628;0.1;False;ok;1;1;1.238;
696;-7.119748187;42.48647628;0.1;False;ok;3;1;1.251;
697;-6.919748187;42.48647628;0.1;False;ok;3;1;1.350;
698;-6.819748187;42.48647628;0.1;False;ok;25;1;1.484;
699;-6.719748187;42.48647628;0.1;False;ok;26;1;1.535;
700;-9.119748187;42.58647628;0.1;False;ok;21;1;1.454;
701;-9.019748187;42.58647628;0.1;False;ok;55;1;1.593;
702;-8.919748187;42.58647628;0.1;False;ok;75;1;1.682;
703;-8.819748187;42.58647628;0.1;False;ok;75;1;1.629;
704;-8.719748187;42.58647628;0.1;False;ok;75;1;1.664;
705;-8.619748187;42.58647628;0.1;False;ok;25;1;1.531;
706;-8.519748187;42.58647628;0.1;False;ok;6;1;1.416;
707;-8.419748187;42.58647628;0.1;False;ok;4;1;1.315;
708;-8.319748187;42.58647628;0.1;False;ok;3;1;1.309;
709;-8.219748187;42.58647628;0.1;False;ok;10;1;1.329;
710;-8.119748187;42.58647628;0.1;False;ok;11;1;1.166;
711;-8.019748187;42.58647628;0.1;False;ok;2;1;1.011;
712;-7.919748187;42.58647628;0.1;False;ok;4;1;1.055;
713;-7.819748187;42.58647628;0.1;False;ok;46;1;1.035;
714;-7.719748187;42.58647628;0.1;False;ok;5;1;0.898;
715;-7.519748187;42.58647628;0.1;False;ok;5;1;0.858;
716;-7.419748187;42.58647628;0.1;False;ok;5;1;0.867;
717;-7.319748187;42.58647628;0.1;False;ok;8;1;0.857;
718;-7.219748187;42.58647628;0.1;False;ok;6;1;1.023;
719;-7.019748187;42.58647628;0.1;False;ok;15;1;1.260;
720;-6.919748187;42.58647628;0.1;False;ok;7;1;1.268;
721;-6.819748187;42.58647628;0.1;False;ok;31;1;1.321;
722;-6.719748187;42.58647628;0.1;False;ok;10;1;1.325;
723;-9.219748187;42.68647628;0.1;False;ok;3;1;1.396;
724;-9.119748187;42.68647628;0.1;False;ok;73;1;1.517;
725;-9.019748187;42.68647628;0.1;False;ok;72;1;1.521;
726;-8.919748187;42.68647628;0.1;False;ok;50;1;1.456;
727;-8.819748187;42.68647628;0.1;False;ok;9;1;1.539;
728;-8.719748187;42.68647628;0.1;False;ok;75;1;1.653;
729;-8.619748187;42.68647628;0.1;False;ok;12;1;1.468;
730;-8.519748187;42.68647628;0.1;False;ok;32;1;1.481;
731;-8.419748187;42.68647628;0.1;False;ok;14;1;1.430;
732;-8.319748187;42.68647628;0.1;False;ok;29;1;1.397;
733;-8.219748187;42.68647628;0.1;False;ok;4;1;1.332;
734;-7.919748187;42.68647628;0.1;False;ok;3;1;1.394;
735;-7.819748187;42.68647628;0.1;False;ok;5;1;1.325;
736;-7.619748187;42.68647628;0.1;False;ok;5;1;1.368;
737;-7.519748187;42.68647628;0.1;False;ok;10;1;1.332;
738;-7.419748187;42.68647628;0.1;False;ok;75;1;1.243;
739;-7.319748187;42.68647628;0.1;False;ok;24;1;0.940;
740;-7.219748187;42.68647628;0.1;False;ok;8;1;0.800;
741;-7.119748187;42.68647628;0.1;False;ok;9;1;0.822;
742;-7.019748187;42.68647628;0.1;False;ok;2;1;0.722;
743;-6.719748187;42.68647628;0.1;False;ok;27;1;1.045;
744;-9.319748187;42.78647628;0.1;False;ok;1;1;1.036;
745;-9.219748187;42.78647628;0.1;False;ok;38;1;1.200;
746;-9.119748187;42.78647628;0.1;False;ok;55;1;1.381;
747;-9.019748187;42.78647628;0.1;False;ok;46;1;1.422;
748;-8.919748187;42.78647628;0.1;False;ok;36;1;1.428;
749;-8.819748187;42.78647628;0.1;False;ok;5;1;1.303;
750;-8.719748187;42.78647628;0.1;False;ok;46;1;1.474;
751;-8.619748187;42.78647628;0.05;False;ok;15;1;1.461;
752;-8.569748187;42.78647628;0.05;False;ok;10;1;1.409;
753;-8.619748187;42.83647628;0.05;False;ok;52;1;1.478;
754;-8.569748187;42.83647628;0.025;False;ok;1;1;1.311;
755;-8.569748187;42.86147628;0.0125;False;ok;8;1;1.387;
756;-8.557248187;42.86147628;0.0125;False;ok;41;1;1.443;
757;-8.569748187;42.87397628;0.0125;False;ok;4;1;1.358;
758;-8.557248187;42.87397628;0.0125;False;ok;74;1;1.302;
759;-8.544748187;42.86147628;0.0125;False;ok;6;1;1.294;
760;-8.532248187;42.86147628;0.0125;False;ok;1;1;1.201;
761;-8.544748187;42.87397628;0.00625;False;ok;52;1;1.336;
762;-8.538498187;42.87397628;0.00625;False;ok;3;1;1.176;
763;-8.544748187;42.88022628;0.00625;False;ok;48;1;0.971;
764;-8.538498187;42.88022628;0.00625;False;ok;21;1;0.918;
765;-8.532248187;42.87397628;0.0125;False;ok;7;1;0.731;
766;-8.519748187;42.78647628;0.1;False;ok;20;1;0.721;
767;-8.419748187;42.78647628;0.1;False;ok;17;1;0.755;
768;-8.319748187;42.78647628;0.1;False;ok;5;1;1.057;
769;-8.219748187;42.78647628;0.1;False;ok;9;1;1.043;
770;-8.119748187;42.78647628;0.1;False;ok;5;1;1.169;
771;-8.019748187;42.78647628;0.1;False;ok;10;1;1.371;
772;-7.919748187;42.78647628;0.1;False;ok;63;1;1.617;
773;-7.819748187;42.78647628;0.1;False;ok;9;1;1.469;
774;-7.719748187;42.78647628;0.1;False;ok;4;1;1.398;
775;-7.619748187;42.78647628;0.1;False;ok;53;1;1.614;
776;-7.519748187;42.78647628;0.1;False;ok;2;1;1.530;
777;-7.419748187;42.78647628;0.1;False;ok;1;1;1.413;
778;-7.319748187;42.78647628;0.1;False;ok;1;1;1.495;
779;-7.219748187;42.78647628;0.1;False;ok;4;1;1.564;
780;-7.119748187;42.78647628;0.1;False;ok;3;1;1.418;
781;-6.919748187;42.78647628;0.1;False;ok;5;1;1.456;
782;-6.819748187;42.78647628;0.1;False;ok;4;1;1.417;
783;-6.719748187;42.78647628;0.1;False;ok;0;1;2.138;
784;-9.319748187;42.88647628;0.05;False;ok;3;1;1.504;
785;-9.269748187;42.88647628;0.025;False;ok;74;1;1.562;
786;-9.269748187;42.91147628;0.025;False;ok;73;1;1.468;
787;-9.269748187;42.93647628;0.05;False;ok;31;1;1.317;
788;-9.219748187;42.88647628;0.05;False;ok;21;1;1.034;
789;-9.169748187;42.88647628;0.05;False;ok;57;1;1.106;
790;-9.219748187;42.93647628;0.05;False;ok;75;1;1.028;
791;-9.169748187;42.93647628;0.05;False;ok;0;1;1.477;
792;-9.119748187;42.88647628;0.1;False;ok;12;1;0.820;
793;-9.019748187;42.88647628;0.1;False;ok;21;1;0.887;
794;-8.919748187;42.88647628;0.1;False;ok;6;1;0.858;
795;-8.819748187;42.88647628;0.1;False;ok;38;1;1.134;
796;-8.719748187;42.88647628;0.1;False;ok;9;1;1.041;
797;-8.619748187;42.88647628;0.1;False;ok;62;1;1.299;
798;-8.519748187;42.88647628;0.1;False;ok;49;1;1.257;
799;-8.419748187;42.88647628;0.1;False;ok;68;1;1.295;
800;-8.319748187;42.88647628;0.1;False;ok;18;1;1.293;
801;-8.219748187;42.88647628;0.1;False;ok;75;1;1.300;
802;-8.119748187;42.88647628;0.1;False;ok;26;1;1.190;
803;-8.019748187;42.88647628;0.1;False;ok;63;1;1.379;
804;-7.919748187;42.88647628;0.1;False;ok;8;1;1.222;
805;-7.819748187;42.88647628;0.1;False;ok;10;1;1.182;
806;-7.719748187;42.88647628;0.1;False;ok;3;1;1.154;
807;-7.619748187;42.88647628;0.1;False;ok;6;1;1.251;
808;-7.519748187;42.88647628;0.1;False;ok;1;1;1.103;
809;-7.419748187;42.88647628;0.1;False;ok;2;1;1.087;
810;-7.319748187;42.88647628;0.1;False;ok;4;1;1.049;
811;-7.219748187;42.88647628;0.1;False;ok;2;1;0.983;
812;-7.019748187;42.88647628;0.1;False;ok;5;1;1.071;
813;-9.319748187;42.98647628;0.1;False;ok;36;1;1.128;
814;-9.219748187;42.98647628;0.1;False;ok;46;1;1.206;
815;-9.119748187;42.98647628;0.1;False;ok;6;1;1.224;
816;-9.019748187;42.98647628;0.1;False;ok;10;1;1.383;
817;-8.919748187;42.98647628;0.1;False;ok;3;1;1.415;
818;-8.819748187;42.98647628;0.1;False;ok;3;1;1.402;
819;-8.519748187;42.98647628;0.1;False;ok;3;1;1.428;
820;-8.419748187;42.98647628;0.1;False;ok;7;1;1.479;
821;-8.319748187;42.98647628;0.1;False;ok;3;1;1.533;
822;-8.219748187;42.98647628;0.1;False;ok;11;1;1.556;
823;-8.119748187;42.98647628;0.1;False;ok;13;1;1.504;
824;-8.019748187;42.98647628;0.1;False;ok;0;1;2.191;
825;-7.919748187;42.98647628;0.1;False;ok;2;1;1.492;
826;-7.719748187;42.98647628;0.1;False;ok;2;1;1.397;
827;-7.619748187;42.98647628;0.1;False;ok;74;1;1.698;
828;-7.519748187;42.98647628;0.1;False;ok;2;1;1.443;
829;-7.319748187;42.98647628;0.1;False;ok;7;1;1.453;
830;-7.019748187;42.98647628;0.1;False;ok;2;1;1.305;
831;-6.919748187;42.98647628;0.1;False;ok;5;1;1.388;
832;-6.719748187;42.98647628;0.1;False;ok;7;1;1.330;
833;-9.219748187;43.08647628;0.1;False;ok;75;1;1.492;
834;-9.119748187;43.08647628;0.1;False;ok;64;1;1.166;
835;-9.019748187;43.08647628;0.1;False;ok;21;1;1.074;
836;-8.919748187;43.08647628;0.1;False;ok;7;1;0.873;
837;-8.819748187;43.08647628;0.1;False;ok;0;1;1.663;
838;-8.719748187;43.08647628;0.1;False;ok;2;1;0.870;
839;-8.419748187;43.08647628;0.1;False;ok;15;1;0.944;
840;-8.219748187;43.08647628;0.1;False;ok;2;1;0.959;
841;-8.119748187;43.08647628;0.1;False;ok;5;1;1.151;
842;-8.019748187;43.08647628;0.1;False;ok;2;1;1.129;
843;-7.919748187;43.08647628;0.1;False;ok;11;1;1.231;
844;-7.819748187;43.08647628;0.1;False;ok;5;1;1.245;
845;-7.719748187;43.08647628;0.1;False;ok;3;1;1.277;
846;-7.619748187;43.08647628;0.1;False;ok;13;1;1.298;
847;-7.419748187;43.08647628;0.1;False;ok;2;1;1.288;
848;-7.219748187;43.08647628;0.1;False;ok;1;1;1.307;
849;-7.119748187;43.08647628;0.1;False;ok;10;1;1.289;
850;-6.919748187;43.08647628;0.1;False;ok;1;1;1.241;
851;-6.819748187;43.08647628;0.1;False;ok;1;1;1.164;
852;-6.719748187;43.08647628;0.1;False;ok;1;1;1.110;
853;-9.019748187;43.18647628;0.1;False;ok;74;1;1.360;
854;-8.919748187;43.18647628;0.1;False;ok;50;1;1.297;
855;-8.819748187;43.18647628;0.1;False;ok;27;1;1.266;
856;-8.719748187;43.18647628;0.1;False;ok;35;1;1.283;
857;-8.619748187;43.18647628;0.1;False;ok;3;1;1.079;
858;-8.419748187;43.18647628;0.1;False;ok;7;1;1.133;
859;-8.319748187;43.18647628;0.1;False;ok;14;1;1.020;
860;-8.219748187;43.18647628;0.1;False;ok;42;1;1.226;
861;-8.119748187;43.18647628;0.1;False;ok;3;1;1.000;
862;-7.719748187;43.18647628;0.1;False;ok;1;1;0.949;
863;-7.619748187;43.18647628;0.1;False;ok;5;1;1.043;
864;-7.519748187;43.18647628;0.1;False;ok;1;1;1.116;
865;-7.419748187;43.18647628;0.1;False;ok;2;1;1.126;
866;-7.319748187;43.18647628;0.1;False;ok;4;1;1.211;
867;-7.219748187;43.18647628;0.1;False;ok;2;1;1.218;
868;-7.119748187;43.18647628;0.1;False;ok;13;1;1.343;
869;-7.019748187;43.18647628;0.1;False;ok;10;1;1.220;
870;-6.919748187;43.18647628;0.1;False;ok;4;1;1.267;
871;-6.819748187;43.18647628;0.1;False;ok;2;1;1.216;
872;-8.919748187;43.28647628;0.1;False;ok;23;1;1.382;
873;-8.819748187;43.28647628;0.1;False;ok;75;1;1.560;
874;-8.719748187;43.28647628;0.1;False;ok;22;1;1.324;
875;-8.619748187;43.28647628;0.1;False;ok;18;1;1.290;
876;-8.519748187;43.28647628;0.1;False;ok;28;1;1.306;
877;-8.419748187;43.28647628;0.05;False;ok;15;1;1.426;
878;-8.369748187;43.28647628;0.05;False;ok;10;1;1.269;
879;-8.419748187;43.33647628;0.025;False;ok;52;1;1.394;
880;-8.394748187;43.33647628;0.025;False;ok;10;1;1.215;
881;-8.419748187;43.36147628;0.0125;False;ok;23;1;1.209;
882;-8.407248187;43.36147628;0.0125;False;ok;67;1;1.273;
883;-8.419748187;43.37397628;0.0125;False;ok;3;1;1.092;
884;-8.407248187;43.37397628;0.0125;False;ok;38;1;1.199;
885;-8.394748187;43.36147628;0.025;False;ok;10;1;1.159;
886;-8.369748187;43.33647628;0.05;False;ok;14;1;1.152;
887;-8.319748187;43.28647628;0.1;False;ok;48;1;1.279;
888;-8.219748187;43.28647628;0.1;False;ok;72;1;1.286;
889;-8.119748187;43.28647628;0.1;False;ok;6;1;1.120;
890;-8.019748187;43.28647628;0.1;False;ok;4;1;1.060;
891;-7.919748187;43.28647628;0.1;False;ok;2;1;1.098;
892;-7.819748187;43.28647628;0.1;False;ok;2;1;1.091;
893;-7.719748187;43.28647628;0.1;False;ok;20;1;1.210;
894;-7.619748187;43.28647628;0.1;False;ok;1;1;1.108;
895;-7.519748187;43.28647628;0.1;False;ok;4;1;1.158;
896;-7.319748187;43.28647628;0.1;False;ok;5;1;1.233;
897;-7.219748187;43.28647628;0.1;False;ok;22;1;1.199;
898;-7.119748187;43.28647628;0.1;False;ok;11;1;1.248;
899;-7.019748187;43.28647628;0.1;False;ok;2;1;1.199;
900;-6.919748187;43.28647628;0.1;False;ok;1;1;1.190;
901;-6.819748187;43.28647628;0.1;False;ok;1;1;1.145;
902;-8.419748187;43.38647628;0.1;False;ok;6;1;1.198;
903;-8.319748187;43.38647628;0.1;False;ok;73;1;1.442;
904;-8.219748187;43.38647628;0.1;False;ok;73;1;1.534;
905;-8.119748187;43.38647628;0.1;False;ok;6;1;1.279;
906;-7.919748187;43.38647628;0.1;False;ok;4;1;1.289;
907;-7.819748187;43.38647628;0.1;False;ok;4;1;1.233;
908;-7.519748187;43.38647628;0.1;False;ok;1;1;1.258;
909;-7.419748187;43.38647628;0.1;False;ok;16;1;1.288;
910;-7.319748187;43.38647628;0.1;False;ok;13;1;1.264;
911;-7.219748187;43.38647628;0.1;False;ok;10;1;1.217;
912;-7.119748187;43.38647628;0.1;False;ok;30;1;1.246;
913;-7.019748187;43.38647628;0.1;False;ok;3;1;1.140;
914;-6.919748187;43.38647628;0.1;False;ok;4;1;1.140;
915;-6.819748187;43.38647628;0.1;False;ok;9;1;1.246;
916;-6.719748187;43.38647628;0.1;False;ok;5;1;1.109;
917;-8.319748187;43.48647628;0.1;False;ok;38;1;1.210;
918;-8.219748187;43.48647628;0.1;False;ok;46;1;1.266;
919;-8.119748187;43.48647628;0.1;False;ok;6;1;1.237;
920;-8.019748187;43.48647628;0.1;False;ok;3;1;1.148;
921;-7.919748187;43.48647628;0.1;False;ok;1;1;1.128;
922;-7.719748187;43.48647628;0.1;False;ok;2;1;1.122;
923;-7.619748187;43.48647628;0.1;False;ok;2;1;1.140;
924;-7.519748187;43.48647628;0.1;False;ok;9;1;1.187;
925;-7.419748187;43.48647628;0.1;False;ok;8;1;1.152;
926;-7.319748187;43.48647628;0.05;False;ok;4;1;1.107;
927;-7.319748187;43.53647628;0.05;False;ok;11;1;1.263;
928;-7.269748187;43.53647628;0.025;False;ok;7;1;1.170;
929;-7.244748187;43.53647628;0.025;False;ok;33;1;1.331;
930;-7.269748187;43.56147628;0.025;False;ok;75;1;1.405;
931;-7.244748187;43.56147628;0.025;False;ok;39;1;1.291;
932;-7.219748187;43.48647628;0.1;False;ok;75;1;1.431;
933;-7.119748187;43.48647628;0.05;False;ok;7;1;1.237;
934;-7.069748187;43.48647628;0.05;False;ok;40;1;1.311;
935;-7.119748187;43.53647628;0.05;False;ok;26;1;1.360;
936;-7.069748187;43.53647628;0.05;False;ok;75;1;1.491;
937;-7.019748187;43.48647628;0.1;False;ok;62;1;1.323;
938;-6.919748187;43.48647628;0.1;False;ok;28;1;1.300;
939;-6.819748187;43.48647628;0.1;False;ok;26;1;1.392;
940;-6.719748187;43.48647628;0.1;False;ok;37;1;1.333;
941;-8.219748187;43.58647628;0.1;False;ok;24;1;1.291;
942;-8.119748187;43.58647628;0.1;False;ok;74;1;1.349;
943;-8.019748187;43.58647628;0.1;False;ok;12;1;1.044;
944;-7.919748187;43.58647628;0.1;False;ok;19;1;1.166;
945;-7.819748187;43.58647628;0.1;False;ok;5;1;1.116;
946;-7.719748187;43.58647628;0.1;False;ok;2;1;1.085;
947;-7.619748187;43.58647628;0.1;False;ok;75;1;1.256;
948;-7.519748187;43.58647628;0.1;False;ok;19;1;1.074;
949;-7.419748187;43.58647628;0.1;False;ok;70;1;1.063;
950;-7.319748187;43.58647628;0.1;False;ok;12;1;0.993;
951;-8.119748187;43.68647628;0.1;False;ok;4;1;0.977;
952;-8.019748187;43.68647628;0.1;False;ok;4;1;0.901;
953;-7.919748187;43.68647628;0.1;False;ok;43;1;1.013;
954;-7.819748187;43.68647628;0.1;False;ok;70;1;1.054;
955;-7.719748187;43.68647628;0.1;False;ok;74;1;1.136;
956;-7.619748187;43.68647628;0.1;False;ok;19;1;1.116;
957;-7.519748187;43.68647628;0.1;False;ok;37;1;1.220;
958;-6.588522601;41.68647628;0.1;True;ok;0;1;1.128;
959;-6.488522601;41.68647628;0.1;False;ok;1;1;1.132;
960;-6.388522601;41.68647628;0.1;False;ok;6;1;1.230;
961;-5.788522601;41.68647628;0.1;False;ok;3;1;1.222;
962;-5.288522601;41.68647628;0.1;False;ok;8;1;1.278;
963;-5.188522601;41.68647628;0.1;False;ok;2;1;1.237;
964;-4.988522601;41.68647628;0.1;False;ok;1;1;1.196;
965;-4.888522601;41.68647628;0.1;False;ok;3;1;1.172;
966;-4.788522601;41.68647628;0.1;False;ok;2;1;1.279;
967;-4.688522601;41.68647628;0.1;False;ok;2;1;1.267;
968;-4.288522601;41.68647628;0.1;False;ok;1;1;1.246;
969;-4.088522601;41.68647628;0.1;False;ok;2;1;1.224;
970;-3.988522601;41.68647628;0.1;False;ok;8;1;1.357;
971;-3.888522601;41.68647628;0.1;False;ok;2;1;1.245;
972;-3.788522601;41.68647628;0.1;False;ok;4;1;1.289;
973;-3.688522601;41.68647628;0.1;False;ok;3;1;1.225;
974;-3.588522601;41.68647628;0.1;False;ok;5;1;1.191;
975;-3.488522601;41.68647628;0.1;False;ok;3;1;1.370;
976;-3.288522601;41.68647628;0.1;False;ok;1;1;1.257;
977;-3.088522601;41.68647628;0.1;False;ok;13;1;1.299;
978;-2.988522601;41.68647628;0.1;False;ok;4;1;1.536;
979;-2.888522601;41.68647628;0.1;False;ok;8;1;1.475;
980;-2.788522601;41.68647628;0.1;False;ok;2;1;1.329;
981;-2.588522601;41.68647628;0.1;False;ok;12;1;1.466;
982;-6.388522601;41.78647628;0.1;False;ok;1;1;1.279;
983;-6.188522601;41.78647628;0.1;False;ok;1;1;1.367;
984;-5.988522601;41.78647628;0.1;False;ok;4;1;1.291;
985;-5.788522601;41.78647628;0.1;False;ok;4;1;1.187;
986;-5.488522601;41.78647628;0.1;False;ok;6;1;1.247;
987;-5.388522601;41.78647628;0.1;False;ok;1;1;1.157;
988;-5.088522601;41.78647628;0.1;False;ok;5;1;1.167;
989;-4.688522601;41.78647628;0.1;False;ok;2;1;1.178;
990;-4.588522601;41.78647628;0.1;False;ok;7;1;1.112;
991;-3.788522601;41.78647628;0.1;False;ok;0;1;1.765;
992;-3.588522601;41.78647628;0.1;False;ok;7;1;1.117;
993;-3.488522601;41.78647628;0.1;False;ok;3;1;1.049;
994;-3.388522601;41.78647628;0.1;False;ok;4;1;0.964;
995;-3.288522601;41.78647628;0.1;False;ok;3;1;0.832;
996;-3.188522601;41.78647628;0.1;False;ok;6;1;0.890;
997;-3.088522601;41.78647628;0.1;False;ok;28;1;0.902;
998;-2.888522601;41.78647628;0.1;False;ok;2;1;1.103;
999;-2.788522601;41.78647628;0.1;False;ok;25;1;1.382;
1000;-2.688522601;41.78647628;0.1;False;ok;5;1;1.280;
1001;-2.588522601;41.78647628;0.1;False;ok;2;1;1.287;
1002;-6.588522601;41.88647628;0.1;True;ok;3;1;1.343;
1003;-6.388522601;41.88647628;0.1;False;ok;2;1;1.282;
1004;-6.288522601;41.88647628;0.1;False;ok;7;1;1.491;
1005;-6.088522601;41.88647628;0.1;False;ok;1;1;1.375;
1006;-5.688522601;41.88647628;0.1;False;ok;1;1;1.316;
1007;-5.288522601;41.88647628;0.1;False;ok;0;1;2.097;
1008;-5.188522601;41.88647628;0.1;False;ok;1;1;1.341;
1009;-5.088522601;41.88647628;0.1;False;ok;2;1;1.372;
1010;-4.788522601;41.88647628;0.1;False;ok;5;1;1.367;
1011;-4.588522601;41.88647628;0.1;False;ok;2;1;1.361;
1012;-4.488522601;41.88647628;0.1;False;ok;2;1;1.344;
1013;-4.288522601;41.88647628;0.1;False;ok;3;1;1.304;
1014;-3.688522601;41.88647628;0.1;False;ok;0;1;1.919;
1015;-3.588522601;41.88647628;0.1;False;ok;0;1;1.904;
1016;-3.488522601;41.88647628;0.1;False;ok;18;1;1.087;
1017;-3.388522601;41.88647628;0.1;False;ok;1;1;0.869;
1018;-3.088522601;41.88647628;0.1;False;ok;6;1;0.810;
1019;-2.988522601;41.88647628;0.1;False;ok;13;1;0.797;
1020;-2.888522601;41.88647628;0.1;False;ok;13;1;0.922;
1021;-2.788522601;41.88647628;0.1;False;ok;28;1;0.950;
1022;-2.688522601;41.88647628;0.1;False;ok;13;1;0.985;
1023;-2.588522601;41.88647628;0.1;False;ok;13;1;0.937;
1024;-6.688522601;41.98647628;0.1;False;ok;45;1;1.160;
1025;-6.588522601;41.98647628;0.1;False;ok;5;1;1.013;
1026;-6.488522601;41.98647628;0.1;False;ok;3;1;1.119;
1027;-6.388522601;41.98647628;0.1;False;ok;3;1;1.128;
1028;-6.188522601;41.98647628;0.1;False;ok;0;1;1.920;
1029;-6.088522601;41.98647628;0.1;False;ok;2;1;1.233;
1030;-5.788522601;41.98647628;0.1;False;ok;4;1;1.267;
1031;-5.688522601;41.98647628;0.1;False;ok;10;1;1.443;
1032;-5.488522601;41.98647628;0.1;False;ok;4;1;1.188;
1033;-5.288522601;41.98647628;0.1;False;ok;1;1;1.150;
1034;-4.988522601;41.98647628;0.1;False;ok;0;1;1.897;
1035;-4.588522601;41.98647628;0.1;False;ok;30;1;1.329;
1036;-4.388522601;41.98647628;0.1;False;ok;2;1;1.182;
1037;-4.288522601;41.98647628;0.1;False;ok;4;1;1.143;
1038;-4.188522601;41.98647628;0.1;False;ok;1;1;1.240;
1039;-4.088522601;41.98647628;0.1;False;ok;2;1;1.160;
1040;-3.988522601;41.98647628;0.1;False;ok;3;1;1.179;
1041;-3.788522601;41.98647628;0.1;False;ok;32;1;1.245;
1042;-3.688522601;41.98647628;0.1;False;ok;4;1;1.140;
1043;-3.588522601;41.98647628;0.1;False;ok;11;1;1.169;
1044;-3.488522601;41.98647628;0.1;False;ok;4;1;1.149;
1045;-3.388522601;41.98647628;0.1;False;ok;5;1;1.153;
1046;-3.288522601;41.98647628;0.1;False;ok;2;1;1.093;
1047;-3.088522601;41.98647628;0.1;False;ok;0;1;1.871;
1048;-2.588522601;41.98647628;0.1;False;ok;0;1;1.773;
1049;-6.688522601;42.08647628;0.1;False;ok;33;1;1.143;
1050;-6.388522601;42.08647628;0.1;False;ok;1;1;0.945;
1051;-6.188522601;42.08647628;0.1;False;ok;1;1;0.999;
1052;-6.088522601;42.08647628;0.1;False;ok;1;1;0.973;
1053;-5.888522601;42.08647628;0.1;False;ok;2;1;0.992;
1054;-5.788522601;42.08647628;0.1;False;ok;1;1;0.961;
1055;-5.188522601;42.08647628;0.1;False;ok;1;1;1.158;
1056;-5.088522601;42.08647628;0.1;False;ok;2;1;1.233;
1057;-4.788522601;42.08647628;0.1;False;ok;0;1;2.041;
1058;-4.688522601;42.08647628;0.1;False;ok;3;1;1.270;
1059;-4.588522601;42.08647628;0.1;False;ok;2;1;1.152;
1060;-4.488522601;42.08647628;0.1;False;ok;3;1;1.252;
1061;-3.588522601;42.08647628;0.1;False;ok;3;1;1.287;
1062;-3.288522601;42.08647628;0.1;False;ok;3;1;1.255;
1063;-3.188522601;42.08647628;0.1;False;ok;3;1;1.280;
1064;-2.888522601;42.08647628;0.1;False;ok;2;1;1.338;
1065;-2.788522601;42.08647628;0.1;False;ok;2;1;1.261;
1066;-2.688522601;42.08647628;0.1;False;ok;13;1;1.480;
1067;-2.588522601;42.08647628;0.1;False;ok;4;1;1.273;
1068;-5.988522601;42.18647628;0.1;False;ok;2;1;1.284;
1069;-5.888522601;42.18647628;0.1;False;ok;1;1;1.112;
1070;-5.488522601;42.18647628;0.1;False;ok;0;1;1.917;
1071;-4.488522601;42.18647628;0.1;False;ok;14;1;1.182;
1072;-4.388522601;42.18647628;0.1;False;ok;5;1;1.193;
1073;-3.988522601;42.18647628;0.1;False;ok;3;1;1.099;
1074;-3.788522601;42.18647628;0.1;False;ok;2;1;1.032;
1075;-3.588522601;42.18647628;0.1;False;ok;1;1;1.111;
1076;-3.388522601;42.18647628;0.1;False;ok;2;1;0.986;
1077;-3.088522601;42.18647628;0.1;False;ok;6;1;1.123;
1078;-2.888522601;42.18647628;0.1;False;ok;1;1;1.105;
1079;-2.788522601;42.18647628;0.1;False;ok;16;1;1.190;
1080;-2.688522601;42.18647628;0.1;False;ok;7;1;1.191;
1081;-2.588522601;42.18647628;0.1;False;ok;1;1;1.076;
1082;-6.688522601;42.28647628;0.1;False;ok;2;1;1.085;
1083;-6.388522601;42.28647628;0.1;False;ok;1;1;1.077;
1084;-6.288522601;42.28647628;0.1;False;ok;3;1;1.168;
1085;-6.188522601;42.28647628;0.1;False;ok;4;1;1.144;
1086;-5.988522601;42.28647628;0.1;False;ok;15;1;1.217;
1087;-5.788522601;42.28647628;0.1;False;ok;5;1;1.205;
1088;-5.588522601;42.28647628;0.1;False;ok;15;1;1.190;
1089;-5.488522601;42.28647628;0.1;False;ok;1;1;1.076;
1090;-5.288522601;42.28647628;0.1;False;ok;1;1;1.171;
1091;-5.088522601;42.28647628;0.1;False;ok;13;1;1.325;
1092;-4.988522601;42.28647628;0.1;False;ok;3;1;1.271;
1093;-4.888522601;42.28647628;0.1;False;ok;5;1;1.161;
1094;-4.688522601;42.28647628;0.1;False;ok;12;1;1.253;
1095;-4.588522601;42.28647628;0.1;False;ok;11;1;1.252;
1096;-4.288522601;42.28647628;0.1;False;ok;2;1;1.236;
1097;-4.188522601;42.28647628;0.1;False;ok;17;1;1.400;
1098;-4.088522601;42.28647628;0.1;False;ok;6;1;1.255;
1099;-3.988522601;42.28647628;0.1;False;ok;4;1;1.297;
1100;-3.888522601;42.28647628;0.1;False;ok;10;1;1.331;
1101;-3.738522601;42.28647628;0.05;False;ok;31;1;1.371;
1102;-3.788522601;42.33647628;0.05;False;ok;1;1;1.260;
1103;-3.738522601;42.33647628;0.025;False;ok;8;1;1.268;
1104;-3.713522601;42.33647628;0.0125;False;ok;75;1;1.523;
1105;-3.701022601;42.33647628;0.0125;False;ok;74;1;1.415;
1106;-3.738522601;42.36147628;0.025;False;ok;7;1;1.218;
1107;-3.713522601;42.36147628;0.025;False;ok;1;1;1.162;
1108;-3.688522601;42.28647628;0.1;False;ok;36;1;1.371;
1109;-3.588522601;42.28647628;0.1;False;ok;26;1;1.246;
1110;-3.488522601;42.28647628;0.1;False;ok;8;1;1.117;
1111;-3.288522601;42.28647628;0.1;False;ok;6;1;1.014;
1112;-3.188522601;42.28647628;0.1;False;ok;3;1;0.978;
1113;-3.088522601;42.28647628;0.1;False;ok;68;1;1.202;
1114;-2.988522601;42.28647628;0.1;False;ok;1;1;0.895;
1115;-2.888522601;42.28647628;0.1;False;ok;17;1;1.021;
1116;-2.788522601;42.28647628;0.1;False;ok;7;1;1.004;
1117;-2.688522601;42.28647628;0.1;False;ok;3;1;0.924;
1118;-2.588522601;42.28647628;0.1;False;ok;21;1;1.124;
1119;-6.588522601;42.38647628;0.1;False;ok;12;1;1.067;
1120;-6.288522601;42.38647628;0.1;False;ok;15;1;1.039;
1121;-6.188522601;42.38647628;0.1;False;ok;13;1;1.057;
1122;-6.088522601;42.38647628;0.1;False;ok;52;1;1.234;
1123;-5.988522601;42.38647628;0.1;False;ok;3;1;1.051;
1124;-5.888522601;42.38647628;0.1;False;ok;15;1;1.201;
1125;-5.688522601;42.38647628;0.1;False;ok;2;1;1.085;
1126;-5.588522601;42.38647628;0.1;False;ok;4;1;1.199;
1127;-5.488522601;42.38647628;0.1;False;ok;2;1;1.299;
1128;-5.388522601;42.38647628;0.1;False;ok;1;1;1.240;
1129;-5.288522601;42.38647628;0.1;False;ok;2;1;1.269;
1130;-5.188522601;42.38647628;0.1;False;ok;2;1;1.191;
1131;-4.488522601;42.38647628;0.1;False;ok;3;1;1.245;
1132;-4.388522601;42.38647628;0.1;False;ok;3;1;1.271;
1133;-4.288522601;42.38647628;0.1;False;ok;3;1;1.242;
1134;-4.088522601;42.38647628;0.1;False;ok;8;1;1.227;
1135;-3.788522601;42.38647628;0.1;False;ok;0;1;1.896;
1136;-3.688522601;42.38647628;0.1;False;ok;4;1;1.189;
1137;-3.588522601;42.38647628;0.1;False;ok;6;1;1.137;
1138;-3.488522601;42.38647628;0.1;False;ok;2;1;1.150;
1139;-3.388522601;42.38647628;0.1;False;ok;2;1;1.211;
1140;-3.288522601;42.38647628;0.1;False;ok;12;1;1.239;
1141;-3.188522601;42.38647628;0.1;False;ok;6;1;1.217;
1142;-3.088522601;42.38647628;0.1;False;ok;7;1;1.236;
1143;-2.988522601;42.38647628;0.1;False;ok;45;1;1.286;
1144;-2.888522601;42.38647628;0.1;False;ok;11;1;1.118;
1145;-2.788522601;42.38647628;0.1;False;ok;38;1;1.205;
1146;-2.688522601;42.38647628;0.1;False;ok;17;1;1.206;
1147;-2.588522601;42.38647628;0.1;False;ok;33;1;1.271;
1148;-6.688522601;42.48647628;0.1;False;ok;75;1;1.361;
1149;-6.588522601;42.48647628;0.1;False;ok;52;1;1.313;
1150;-6.488522601;42.48647628;0.1;False;ok;7;1;1.171;
1151;-6.388522601;42.48647628;0.1;False;ok;5;1;1.189;
1152;-6.188522601;42.48647628;0.1;False;ok;5;1;1.186;
1153;-6.088522601;42.48647628;0.1;False;ok;1;1;1.251;
1154;-5.988522601;42.48647628;0.1;False;ok;3;1;1.100;
1155;-5.888522601;42.48647628;0.1;False;ok;10;1;1.097;
1156;-5.788522601;42.48647628;0.1;False;ok;8;1;1.115;
1157;-5.688522601;42.48647628;0.1;False;ok;17;1;1.115;
1158;-5.588522601;42.48647628;0.1;False;ok;13;1;1.022;
1159;-5.488522601;42.48647628;0.1;False;ok;18;1;1.045;
1160;-4.788522601;42.48647628;0.1;False;ok;6;1;0.999;
1161;-4.488522601;42.48647628;0.1;False;ok;1;1;0.946;
1162;-4.388522601;42.48647628;0.1;False;ok;1;1;0.829;
1163;-4.088522601;42.48647628;0.1;False;ok;4;1;0.898;
1164;-3.788522601;42.48647628;0.1;False;ok;2;1;0.955;
1165;-3.388522601;42.48647628;0.1;False;ok;9;1;0.944;
1166;-3.288522601;42.48647628;0.1;False;ok;1;1;0.944;
1167;-3.088522601;42.48647628;0.1;False;ok;5;1;1.123;
1168;-2.988522601;42.48647628;0.1;False;ok;44;1;1.199;
1169;-2.888522601;42.48647628;0.1;False;ok;73;1;1.419;
1170;-2.788522601;42.48647628;0.1;False;ok;28;1;1.271;
1171;-2.688522601;42.48647628;0.1;False;ok;30;1;1.300;
1172;-2.588522601;42.48647628;0.1;False;ok;37;1;1.376;
1173;-6.688522601;42.58647628;0.1;False;ok;6;1;1.313;
1174;-6.588522601;42.58647628;0.1;False;ok;5;1;2.617;
1175;-6.488522601;42.58647628;0.1;False;ok;6;1;1.305;
1176;-6.388522601;42.58647628;0.1;False;ok;4;1;1.317;
1177;-6.288522601;42.58647628;0.1;False;ok;5;1;1.266;
1178;-6.188522601;42.58647628;0.1;False;ok;0;1;1.952;
1179;-5.988522601;42.58647628;0.1;False;ok;1;1;1.237;
1180;-5.888522601;42.58647628;0.1;False;ok;4;1;1.258;
1181;-5.688522601;42.58647628;0.1;False;ok;18;1;1.298;
1182;-5.588522601;42.58647628;0.0125;False;ok;21;1;1.264;
1183;-5.576022601;42.58647628;0.00625;False;ok;4;1;1.154;
1184;-5.569772601;42.58647628;0.00625;False;ok;16;1;1.076;
1185;-5.576022601;42.59272628;0.00625;False;ok;48;1;1.129;
1186;-5.569772601;42.59272628;0.00625;False;ok;75;1;1.117;
1187;-5.588522601;42.59897628;0.0125;False;ok;27;1;0.855;
1188;-5.576022601;42.59897628;0.0125;False;ok;74;1;0.971;
1189;-5.563522601;42.58647628;0.025;False;ok;33;1;0.843;
1190;-5.588522601;42.61147628;0.025;False;ok;6;1;0.746;
1191;-5.288522601;42.58647628;0.1;False;ok;0;1;1.652;
1192;-4.888522601;42.58647628;0.1;False;ok;1;1;0.804;
1193;-4.488522601;42.58647628;0.1;False;ok;1;1;0.832;
1194;-4.388522601;42.58647628;0.1;False;ok;3;1;0.973;
1195;-4.188522601;42.58647628;0.1;False;ok;2;1;0.880;
1196;-3.988522601;42.58647628;0.1;False;ok;1;1;0.964;
1197;-3.888522601;42.58647628;0.1;False;ok;1;1;1.149;
1198;-3.688522601;42.58647628;0.1;False;ok;0;1;1.889;
1199;-3.588522601;42.58647628;0.1;False;ok;1;1;1.068;
1200;-3.388522601;42.58647628;0.1;False;ok;3;1;1.169;
1201;-3.188522601;42.58647628;0.1;False;ok;6;1;1.156;
1202;-2.988522601;42.58647628;0.1;False;ok;7;1;1.133;
1203;-2.888522601;42.58647628;0.1;False;ok;19;1;1.200;
1204;-2.788522601;42.58647628;0.1;False;ok;2;1;1.157;
1205;-2.588522601;42.58647628;0.1;False;ok;5;1;1.107;
1206;-6.688522601;42.68647628;0.1;False;ok;26;1;1.347;
1207;-6.588522601;42.68647628;0.1;False;ok;4;1;1.120;
1208;-6.488522601;42.68647628;0.1;False;ok;5;1;1.092;
1209;-6.388522601;42.68647628;0.1;False;ok;3;1;1.052;
1210;-6.288522601;42.68647628;0.1;False;ok;4;1;1.132;
1211;-6.088522601;42.68647628;0.1;False;ok;7;1;1.077;
1212;-5.988522601;42.68647628;0.1;False;ok;5;1;1.059;
1213;-5.888522601;42.68647628;0.1;False;ok;2;1;1.073;
1214;-5.788522601;42.68647628;0.1;False;ok;3;1;1.005;
1215;-5.588522601;42.68647628;0.1;False;ok;1;1;1.044;
1216;-5.388522601;42.68647628;0.1;False;ok;3;1;1.044;
1217;-4.488522601;42.68647628;0.1;False;ok;2;1;1.053;
1218;-4.388522601;42.68647628;0.1;False;ok;0;1;1.816;
1219;-4.288522601;42.68647628;0.1;False;ok;7;1;1.078;
1220;-4.188522601;42.68647628;0.1;False;ok;3;1;1.038;
1221;-4.088522601;42.68647628;0.1;False;ok;2;1;1.045;
1222;-3.988522601;42.68647628;0.1;False;ok;1;1;1.053;
1223;-3.888522601;42.68647628;0.1;False;ok;2;1;1.024;
1224;-3.788522601;42.68647628;0.1;False;ok;1;1;1.069;
1225;-3.488522601;42.68647628;0.1;False;ok;6;1;1.251;
1226;-3.388522601;42.68647628;0.1;False;ok;8;1;1.233;
1227;-3.288522601;42.68647628;0.1;False;ok;4;1;1.309;
1228;-3.188522601;42.68647628;0.1;False;ok;2;1;1.289;
1229;-3.088522601;42.68647628;0.1;False;ok;3;1;1.307;
1230;-2.988522601;42.68647628;0.1;False;ok;8;1;1.362;
1231;-2.888522601;42.68647628;0.1;False;ok;6;1;1.304;
1232;-6.688522601;42.78647628;0.1;False;ok;1;1;1.304;
1233;-6.388522601;42.78647628;0.1;False;ok;1;1;1.341;
1234;-6.288522601;42.78647628;0.1;False;ok;2;1;1.329;
1235;-6.188522601;42.78647628;0.1;False;ok;1;1;1.230;
1236;-5.988522601;42.78647628;0.1;False;ok;1;1;1.266;
1237;-5.888522601;42.78647628;0.1;False;ok;3;1;1.241;
1238;-5.788522601;42.78647628;0.1;False;ok;8;1;1.246;
1239;-5.688522601;42.78647628;0.1;False;ok;14;1;1.338;
1240;-5.588522601;42.78647628;0.1;False;ok;5;1;1.234;
1241;-5.488522601;42.78647628;0.1;False;ok;5;1;1.254;
1242;-5.388522601;42.78647628;0.1;False;ok;12;1;1.311;
1243;-5.288522601;42.78647628;0.1;False;ok;2;1;1.184;
1244;-5.188522601;42.78647628;0.1;False;ok;16;1;1.256;
1245;-4.988522601;42.78647628;0.1;False;ok;5;1;1.272;
1246;-4.888522601;42.78647628;0.1;False;ok;12;1;1.297;
1247;-4.788522601;42.78647628;0.1;False;ok;4;1;1.269;
1248;-4.688522601;42.78647628;0.1;False;ok;7;1;1.327;
1249;-4.588522601;42.78647628;0.1;False;ok;11;1;1.414;
1250;-4.488522601;42.78647628;0.1;False;ok;2;1;1.486;
1251;-4.388522601;42.78647628;0.1;False;ok;4;1;1.661;
1252;-4.288522601;42.78647628;0.1;False;ok;20;1;1.506;
1253;-4.088522601;42.78647628;0.1;False;ok;4;1;1.993;
1254;-3.988522601;42.78647628;0.1;False;ok;10;1;2.256;
1255;-3.888522601;42.78647628;0.1;False;ok;9;1;2.175;
1256;-3.788522601;42.78647628;0.1;False;ok;9;1;2.106;
1257;-3.688522601;42.78647628;0.1;False;ok;7;1;2.089;
1258;-3.488522601;42.78647628;0.1;False;ok;7;1;2.113;
1259;-3.388522601;42.78647628;0.1;False;ok;4;1;2.056;
1260;-3.288522601;42.78647628;0.1;False;ok;3;1;2.037;
1261;-3.088522601;42.78647628;0.1;False;ok;4;1;2.020;
1262;-2.988522601;42.78647628;0.1;False;ok;6;1;2.150;
1263;-2.788522601;42.78647628;0.1;False;ok;13;1;2.249;
1264;-2.688522601;42.78647628;0.1;False;ok;51;1;1.920;
1265;-2.588522601;42.78647628;0.1;False;ok;1;1;1.721;
1266;-6.588522601;42.88647628;0.1;False;ok;3;1;1.760;
1267;-6.388522601;42.88647628;0.1;False;ok;29;1;1.719;
1268;-6.288522601;42.88647628;0.1;False;ok;8;1;1.523;
1269;-6.188522601;42.88647628;0.1;False;ok;4;1;1.409;
1270;-6.088522601;42.88647628;0.1;False;ok;7;1;1.309;
1271;-5.988522601;42.88647628;0.1;False;ok;3;1;1.168;
1272;-5.888522601;42.88647628;0.1;False;ok;3;1;1.143;
1273;-5.788522601;42.88647628;0.1;False;ok;2;1;0.782;
1274;-5.688522601;42.88647628;0.1;False;ok;4;1;0.744;
1275;-5.588522601;42.88647628;0.1;False;ok;4;1;0.756;
1276;-5.488522601;42.88647628;0.1;False;ok;4;1;0.737;
1277;-5.288522601;42.88647628;0.1;False;ok;2;1;0.729;
1278;-5.188522601;42.88647628;0.1;False;ok;10;1;0.816;
1279;-5.088522601;42.88647628;0.1;False;ok;21;1;1.078;
1280;-4.988522601;42.88647628;0.1;False;ok;10;1;0.929;
1281;-4.888522601;42.88647628;0.1;False;ok;3;1;1.025;
1282;-4.788522601;42.88647628;0.1;False;ok;12;1;1.463;
1283;-4.688522601;42.88647628;0.1;False;ok;6;1;1.459;
1284;-4.588522601;42.88647628;0.1;False;ok;1;1;1.445;
1285;-4.488522601;42.88647628;0.1;False;ok;5;1;2.011;
1286;-4.388522601;42.88647628;0.1;False;ok;9;1;1.801;
1287;-4.288522601;42.88647628;0.1;False;ok;4;1;1.976;
1288;-4.188522601;42.88647628;0.1;False;ok;3;1;1.981;
1289;-4.088522601;42.88647628;0.1;False;ok;6;1;1.897;
1290;-3.988522601;42.88647628;0.1;False;ok;4;1;1.901;
1291;-3.888522601;42.88647628;0.1;False;ok;5;1;1.885;
1292;-3.788522601;42.88647628;0.1;False;ok;3;1;1.886;
1293;-3.688522601;42.88647628;0.1;False;ok;9;1;1.884;
1294;-3.588522601;42.88647628;0.1;False;ok;28;1;1.852;
1295;-3.488522601;42.88647628;0.1;False;ok;19;1;1.844;
1296;-3.288522601;42.88647628;0.1;False;ok;1;1;1.833;
1297;-3.088522601;42.88647628;0.1;False;ok;1;1;1.822;
1298;-2.988522601;42.88647628;0.1;False;ok;5;1;1.653;
1299;-2.888522601;42.88647628;0.1;False;ok;8;1;1.695;
1300;-2.788522601;42.88647628;0.1;False;ok;4;1;1.587;
1301;-2.688522601;42.88647628;0.1;False;ok;6;1;1.552;
1302;-2.588522601;42.88647628;0.1;False;ok;4;1;1.022;
1303;-6.688522601;42.98647628;0.1;False;ok;17;1;1.024;
1304;-6.588522601;42.98647628;0.1;False;ok;1;1;1.015;
1305;-6.488522601;42.98647628;0.1;False;ok;1;1;0.670;
1306;-6.288522601;42.98647628;0.1;False;ok;16;1;1.065;
1307;-6.188522601;42.98647628;0.1;False;ok;1;1;0.838;
1308;-6.088522601;42.98647628;0.1;False;ok;3;1;1.044;
1309;-5.988522601;42.98647628;0.1;False;ok;2;1;0.994;
1310;-5.888522601;42.98647628;0.1;False;ok;5;1;1.043;
1311;-5.788522601;42.98647628;0.1;False;ok;9;1;1.065;
1312;-5.388522601;42.98647628;0.1;False;ok;12;1;1.046;
1313;-5.288522601;42.98647628;0.1;False;ok;16;1;1.088;
1314;-5.188522601;42.98647628;0.1;False;ok;9;1;1.259;
1315;-5.088522601;42.98647628;0.1;False;ok;2;1;1.232;
1316;-4.988522601;42.98647628;0.1;False;ok;6;1;1.167;
1317;-4.888522601;42.98647628;0.1;False;ok;4;1;1.190;
1318;-4.688522601;42.98647628;0.1;False;ok;4;1;1.250;
1319;-4.588522601;42.98647628;0.1;False;ok;12;1;1.538;
1320;-4.488522601;42.98647628;0.1;False;ok;3;1;1.350;
1321;-4.388522601;42.98647628;0.1;False;ok;5;1;1.411;
1322;-4.288522601;42.98647628;0.1;False;ok;18;1;1.535;
1323;-4.188522601;42.98647628;0.1;False;ok;23;1;1.560;
1324;-4.088522601;42.98647628;0.1;False;ok;9;1;1.450;
1325;-3.988522601;42.98647628;0.1;False;ok;10;1;1.430;
1326;-3.888522601;42.98647628;0.1;False;ok;3;1;1.673;
1327;-3.788522601;42.98647628;0.1;False;ok;4;1;1.771;
1328;-3.688522601;42.98647628;0.1;False;ok;8;1;2.404;
1329;-3.588522601;42.98647628;0.1;False;ok;20;1;1.847;
1330;-3.488522601;42.98647628;0.1;False;ok;3;1;2.474;
1331;-3.388522601;42.98647628;0.1;False;ok;5;1;2.543;
1332;-3.288522601;42.98647628;0.1;False;ok;3;1;2.570;
1333;-3.188522601;42.98647628;0.1;False;ok;2;1;2.428;
1334;-3.088522601;42.98647628;0.1;False;ok;14;1;2.519;
1335;-2.988522601;42.98647628;0.1;False;ok;8;1;2.512;
1336;-2.788522601;42.98647628;0.1;False;ok;2;1;2.141;
1337;-2.688522601;42.98647628;0.1;False;ok;4;1;2.143;
1338;-2.588522601;42.98647628;0.1;False;ok;11;1;2.524;
1339;-6.688522601;43.08647628;0.1;False;ok;2;1;2.332;
1340;-6.588522601;43.08647628;0.1;False;ok;32;1;2.429;
1341;-6.388522601;43.08647628;0.1;False;ok;5;1;2.002;
1342;-6.288522601;43.08647628;0.1;False;ok;22;1;2.328;
1343;-6.188522601;43.08647628;0.1;False;ok;10;1;2.286;
1344;-6.088522601;43.08647628;0.1;False;ok;24;1;2.217;
1345;-5.988522601;43.08647628;0.1;False;ok;11;1;1.901;
1346;-5.888522601;43.08647628;0.1;False;ok;25;1;1.840;
1347;-5.788522601;43.08647628;0.1;False;ok;8;1;1.332;
1348;-5.688522601;43.08647628;0.1;False;ok;17;1;1.333;
1349;-5.588522601;43.08647628;0.1;False;ok;40;1;1.152;
1350;-5.488522601;43.08647628;0.1;False;ok;6;1;1.154;
1351;-5.388522601;43.08647628;0.1;False;ok;9;1;1.116;
1352;-5.188522601;43.08647628;0.1;False;ok;4;1;1.088;
1353;-5.088522601;43.08647628;0.1;False;ok;3;1;0.937;
1354;-4.988522601;43.08647628;0.1;False;ok;11;1;1.121;
1355;-4.888522601;43.08647628;0.1;False;ok;9;1;1.133;
1356;-4.788522601;43.08647628;0.1;False;ok;39;1;1.922;
1357;-4.688522601;43.08647628;0.1;False;ok;75;1;2.071;
1358;-4.588522601;43.08647628;0.1;False;ok;31;1;3.073;
1359;-4.488522601;43.08647628;0.1;False;ok;7;1;3.072;
1360;-4.388522601;43.08647628;0.1;False;ok;5;1;3.757;
1361;-4.288522601;43.08647628;0.1;False;ok;5;1;4.821;
1362;-4.088522601;43.08647628;0.1;False;ok;16;1;2.670;
1363;-3.988522601;43.08647628;0.1;False;ok;9;1;5.267;
1364;-3.788522601;43.08647628;0.1;False;ok;8;1;5.335;
1365;-3.688522601;43.08647628;0.1;False;ok;3;1;3.163;
1366;-3.588522601;43.08647628;0.1;False;ok;10;1;5.528;
1367;-3.488522601;43.08647628;0.1;False;ok;5;1;5.791;
1368;-3.388522601;43.08647628;0.1;False;ok;8;1;6.046;
1369;-3.288522601;43.08647628;0.1;False;ok;4;1;3.445;
1370;-3.188522601;43.08647628;0.1;False;ok;4;1;6.386;
1371;-3.088522601;43.08647628;0.1;False;ok;4;1;5.904;
1372;-2.988522601;43.08647628;0.1;False;ok;20;1;3.544;
1373;-2.888522601;43.08647628;0.1;False;ok;9;1;6.294;
1374;-2.788522601;43.08647628;0.1;False;ok;14;1;6.236;
1375;-2.688522601;43.08647628;0.1;False;ok;21;1;6.407;
1376;-2.588522601;43.08647628;0.1;False;ok;11;1;3.451;
1377;-6.688522601;43.18647628;0.1;False;ok;3;1;3.430;
1378;-6.588522601;43.18647628;0.1;False;ok;4;1;3.361;
1379;-6.388522601;43.18647628;0.1;False;ok;2;1;4.940;
1380;-6.288522601;43.18647628;0.1;False;ok;8;1;4.936;
1381;-6.088522601;43.18647628;0.1;False;ok;23;1;3.361;
1382;-5.988522601;43.18647628;0.1;False;ok;6;1;4.393;
1383;-5.888522601;43.18647628;0.1;False;ok;19;1;3.318;
1384;-5.788522601;43.18647628;0.1;False;ok;27;1;3.390;
1385;-5.688522601;43.18647628;0.1;False;ok;21;1;3.318;
1386;-5.588522601;43.18647628;0.1;False;ok;18;1;2.789;
1387;-5.488522601;43.18647628;0.1;False;ok;19;1;2.717;
1388;-5.388522601;43.18647628;0.1;False;ok;3;1;2.786;
1389;-5.288522601;43.18647628;0.1;False;ok;10;1;2.743;
1390;-5.188522601;43.18647628;0.1;False;ok;16;1;2.644;
1391;-5.088522601;43.18647628;0.1;False;ok;0;1;2.980;
1392;-4.988522601;43.18647628;0.1;False;ok;5;1;2.014;
1393;-4.888522601;43.18647628;0.1;False;ok;5;1;1.955;
1394;-4.788522601;43.18647628;0.1;False;ok;13;1;1.854;
1395;-4.688522601;43.18647628;0.1;False;ok;19;1;1.692;
1396;-4.588522601;43.18647628;0.1;False;ok;10;1;1.527;
1397;-4.488522601;43.18647628;0.1;False;ok;20;1;1.526;
1398;-4.388522601;43.18647628;0.1;False;ok;18;1;1.436;
1399;-4.288522601;43.18647628;0.1;False;ok;16;1;1.362;
1400;-4.188522601;43.18647628;0.1;False;ok;9;1;1.135;
1401;-4.088522601;43.18647628;0.1;False;ok;28;1;1.019;
1402;-3.988522601;43.18647628;0.1;False;ok;29;1;0.835;
1403;-3.888522601;43.18647628;0.1;False;ok;53;1;0.858;
1404;-3.788522601;43.18647628;0.1;False;ok;26;1;0.775;
1405;-3.688522601;43.18647628;0.1;False;ok;22;1;0.698;
1406;-3.588522601;43.18647628;0.1;False;ok;15;1;0.762;
1407;-3.488522601;43.18647628;0.1;False;ok;40;1;0.770;
1408;-3.388522601;43.18647628;0.1;False;ok;12;1;0.802;
1409;-3.288522601;43.18647628;0.1;False;ok;7;1;0.715;
1410;-3.188522601;43.18647628;0.1;False;ok;17;1;0.849;
1411;-3.088522601;43.18647628;0.1;False;ok;5;1;0.849;
1412;-2.988522601;43.18647628;0.05;False;ok;1;1;0.840;
1413;-2.938522601;43.18647628;0.05;False;ok;6;1;0.889;
1414;-2.988522601;43.23647628;0.05;False;ok;75;1;1.117;
1415;-2.926022601;43.23647628;0.0125;False;ok;8;1;0.875;
1416;-2.938522601;43.24897628;0.0125;False;ok;73;1;1.151;
1417;-2.926022601;43.24897628;0.00625;False;ok;32;1;0.978;
1418;-2.919772601;43.24897628;0.00625;False;ok;18;1;0.924;
1419;-2.926022601;43.25522628;0.00625;False;ok;72;1;1.392;
1420;-2.919772601;43.25522628;0.00625;False;ok;44;1;1.049;
1421;-2.913522601;43.23647628;0.025;False;ok;39;1;1.072;
1422;-2.938522601;43.26147628;0.0125;False;ok;75;1;1.193;
1423;-2.926022601;43.26147628;0.0125;False;ok;74;1;1.089;
1424;-2.926022601;43.27397628;0.0125;False;ok;1;1;0.885;
1425;-2.913522601;43.26147628;0.025;False;ok;6;1;1.024;
1426;-2.888522601;43.18647628;0.1;False;ok;18;1;0.938;
1427;-2.788522601;43.18647628;0.1;False;ok;9;1;0.955;
1428;-2.688522601;43.18647628;0.1;False;ok;8;1;0.974;
1429;-2.588522601;43.18647628;0.1;False;ok;16;1;1.036;
1430;-6.588522601;43.28647628;0.1;False;ok;2;1;0.837;
1431;-6.488522601;43.28647628;0.1;False;ok;10;1;0.949;
1432;-6.388522601;43.28647628;0.1;False;ok;0;1;1.546;
1433;-6.288522601;43.28647628;0.1;False;ok;12;1;0.853;
1434;-6.188522601;43.28647628;0.1;False;ok;5;1;0.920;
1435;-6.088522601;43.28647628;0.1;False;ok;9;1;0.880;
1436;-5.988522601;43.28647628;0.1;False;ok;15;1;0.960;
1437;-5.888522601;43.28647628;0.05;False;ok;2;1;0.726;
1438;-5.838522601;43.28647628;0.05;False;ok;2;1;0.706;
1439;-5.888522601;43.33647628;0.025;False;ok;10;1;0.748;
1440;-5.863522601;43.33647628;0.025;False;ok;75;1;0.971;
1441;-5.888522601;43.36147628;0.025;False;ok;23;1;0.858;
1442;-5.863522601;43.36147628;0.0125;False;ok;74;1;0.964;
1443;-5.851022601;43.36147628;0.0125;False;ok;75;1;1.142;
1444;-5.863522601;43.37397628;0.0125;False;ok;3;1;0.958;
1445;-5.851022601;43.37397628;0.0125;False;ok;3;1;0.934;
1446;-5.838522601;43.33647628;0.05;False;ok;71;1;1.173;
1447;-5.788522601;43.28647628;0.1;False;ok;18;1;1.099;
1448;-5.688522601;43.28647628;0.1;False;ok;25;1;1.038;
1449;-5.588522601;43.28647628;0.1;False;ok;28;1;1.118;
1450;-5.488522601;43.28647628;0.1;False;ok;31;1;1.114;
1451;-5.388522601;43.28647628;0.1;False;ok;52;1;1.179;
1452;-5.288522601;43.28647628;0.1;False;ok;53;1;1.122;
1453;-5.188522601;43.28647628;0.05;False;ok;10;1;0.947;
1454;-5.138522601;43.28647628;0.05;False;ok;26;1;1.060;
1455;-5.188522601;43.33647628;0.05;False;ok;55;1;1.112;
1456;-5.138522601;43.33647628;0.0125;False;ok;39;1;1.057;
1457;-5.126022601;43.33647628;0.0125;False;ok;4;1;0.850;
1458;-5.138522601;43.34897628;0.0125;False;ok;75;1;1.029;
1459;-5.126022601;43.34897628;0.0125;False;ok;27;1;0.857;
1460;-5.113522601;43.33647628;0.025;False;ok;39;1;0.866;
1461;-5.138522601;43.36147628;0.025;False;ok;2;1;0.731;
1462;-5.088522601;43.28647628;0.1;False;ok;75;1;0.980;
1463;-4.988522601;43.28647628;0.1;False;ok;74;1;0.898;
1464;-4.888522601;43.28647628;0.1;False;ok;75;1;0.977;
1465;-4.788522601;43.28647628;0.1;False;ok;21;1;0.818;
1466;-4.688522601;43.28647628;0.1;False;ok;38;1;0.869;
1467;-4.588522601;43.28647628;0.1;False;ok;74;1;0.944;
1468;-4.488522601;43.28647628;0.1;False;ok;75;1;1.136;
1469;-4.388522601;43.28647628;0.1;False;ok;73;1;1.064;
1470;-4.288522601;43.28647628;0.1;False;ok;75;1;1.160;
1471;-4.188522601;43.28647628;0.1;False;ok;74;1;1.144;
1472;-4.088522601;43.28647628;0.1;False;ok;75;1;1.237;
1473;-3.988522601;43.28647628;0.1;False;ok;55;1;1.193;
1474;-3.888522601;43.28647628;0.1;False;ok;69;1;1.264;
1475;-3.788522601;43.28647628;0.1;False;ok;75;1;1.186;
1476;-3.688522601;43.28647628;0.1;False;ok;25;1;1.040;
1477;-3.588522601;43.28647628;0.1;False;ok;44;1;1.114;
1478;-3.488522601;43.28647628;0.1;False;ok;54;1;1.118;
1479;-3.388522601;43.28647628;0.1;False;ok;13;1;1.030;
1480;-3.288522601;43.28647628;0.1;False;ok;74;1;1.343;
1481;-3.188522601;43.28647628;0.1;False;ok;16;1;1.053;
1482;-3.088522601;43.28647628;0.1;False;ok;73;1;1.155;
1483;-2.988522601;43.28647628;0.1;False;ok;53;1;1.006;
1484;-2.888522601;43.28647628;0.1;False;ok;34;1;0.852;
1485;-2.788522601;43.28647628;0.1;False;ok;35;1;0.928;
1486;-2.688522601;43.28647628;0.1;False;ok;63;1;1.050;
1487;-2.588522601;43.28647628;0.1;False;ok;64;1;1.006;
1488;-6.688522601;43.38647628;0.1;False;ok;3;1;0.641;
1489;-6.588522601;43.38647628;0.1;False;ok;7;1;0.677;
1490;-6.488522601;43.38647628;0.1;False;ok;10;1;0.656;
1491;-6.388522601;43.38647628;0.1;False;ok;9;1;0.719;
1492;-6.288522601;43.38647628;0.1;False;ok;15;1;0.824;
1493;-6.188522601;43.38647628;0.1;False;ok;13;1;1.940;
1494;-6.088522601;43.38647628;0.1;False;ok;16;1;1.775;
1495;-5.988522601;43.38647628;0.1;False;ok;5;1;1.936;
1496;-5.888522601;43.38647628;0.1;False;ok;16;1;1.863;
1497;-5.788522601;43.38647628;0.1;False;ok;24;1;2.108;
1498;-5.688522601;43.38647628;0.1;False;ok;30;1;2.168;
1499;-5.588522601;43.38647628;0.1;False;ok;19;1;2.192;
1500;-5.488522601;43.38647628;0.1;False;ok;75;1;2.113;
1501;-5.388522601;43.38647628;0.1;False;ok;26;1;2.184;
1502;-5.288522601;43.38647628;0.1;False;ok;70;1;2.293;
1503;-5.188522601;43.38647628;0.1;False;ok;75;1;2.111;
1504;-5.088522601;43.38647628;0.1;False;ok;74;1;2.340;
1505;-4.988522601;43.38647628;0.1;False;ok;75;1;2.226;
1506;-4.888522601;43.38647628;0.05;False;ok;73;1;2.164;
1507;-4.838522601;43.38647628;0.05;False;ok;68;1;3.512;
1508;-4.888522601;43.43647628;0.05;False;ok;13;1;1.901;
1509;-4.788522601;43.38647628;0.025;False;ok;34;1;1.996;
1510;-4.763522601;43.38647628;0.025;False;ok;37;1;1.989;
1511;-4.788522601;43.41147628;0.025;False;ok;65;1;1.893;
1512;-4.763522601;43.41147628;0.0125;False;ok;75;1;1.808;
1513;-4.751022601;43.41147628;0.0125;False;ok;17;1;0.899;
1514;-4.763522601;43.42397628;0.0125;False;ok;5;1;0.620;
1515;-4.738522601;43.38647628;0.05;False;ok;46;1;0.788;
1516;-4.688522601;43.38647628;0.1;False;ok;32;1;0.707;
1517;-4.588522601;43.38647628;0.1;False;ok;27;1;0.594;
1518;-4.488522601;43.38647628;0.1;False;ok;49;1;0.860;
1519;-4.388522601;43.38647628;0.1;False;ok;74;1;0.848;
1520;-4.288522601;43.38647628;0.1;False;ok;52;1;0.779;
1521;-4.188522601;43.38647628;0.1;False;ok;75;1;0.964;
1522;-4.088522601;43.38647628;0.05;False;ok;72;1;1.047;
1523;-4.038522601;43.38647628;0.05;False;ok;75;1;0.978;
1524;-4.088522601;43.43647628;0.05;False;ok;17;1;0.925;
1525;-4.038522601;43.43647628;0.05;False;ok;11;1;0.892;
1526;-3.988522601;43.38647628;0.1;False;ok;73;1;1.261;
1527;-3.888522601;43.38647628;0.05;False;ok;27;1;1.099;
1528;-3.838522601;43.38647628;0.05;False;ok;26;1;1.078;
1529;-3.888522601;43.43647628;0.05;False;ok;60;1;1.091;
1530;-3.838522601;43.43647628;0.025;False;ok;74;1;1.158;
1531;-3.813522601;43.43647628;0.025;False;ok;46;1;1.075;
1532;-3.838522601;43.46147628;0.025;False;ok;70;1;1.166;
1533;-3.813522601;43.46147628;0.025;False;ok;73;1;1.224;
1534;-3.788522601;43.38647628;0.05;False;ok;15;1;1.024;
1535;-3.738522601;43.38647628;0.05;False;ok;40;1;1.137;
1536;-3.788522601;43.43647628;0.05;False;ok;72;1;1.200;
1537;-3.738522601;43.43647628;0.05;False;ok;74;1;0.914;
1538;-3.688522601;43.38647628;0.1;False;ok;71;1;0.965;
1539;-3.588522601;43.38647628;0.05;False;ok;13;1;0.767;
1540;-3.538522601;43.38647628;0.05;False;ok;26;1;0.663;
1541;-3.588522601;43.43647628;0.05;False;ok;49;1;0.737;
1542;-3.538522601;43.43647628;0.05;False;ok;75;1;0.926;
1543;-3.488522601;43.38647628;0.1;False;ok;73;1;0.849;
1544;-3.388522601;43.38647628;0.1;False;ok;18;1;0.669;
1545;-3.288522601;43.38647628;0.1;False;ok;14;1;0.719;
1546;-3.088522601;43.38647628;0.1;False;ok;10;1;0.660;
1547;-2.988522601;43.38647628;0.1;False;ok;34;1;0.810;
1548;-2.888522601;43.38647628;0.1;False;ok;31;1;0.805;
1549;-2.788522601;43.38647628;0.1;False;ok;74;1;1.030;
1550;-2.688522601;43.38647628;0.1;False;ok;25;1;0.913;
1551;-6.688522601;43.48647628;0.1;False;ok;32;1;0.986;
1552;-6.588522601;43.48647628;0.1;False;ok;74;1;1.277;
1553;-6.488522601;43.48647628;0.1;False;ok;36;1;1.136;
1554;-6.388522601;43.48647628;0.1;False;ok;22;1;1.115;
1555;-6.288522601;43.48647628;0.1;False;ok;62;1;1.176;
1556;-6.188522601;43.48647628;0.1;False;ok;75;1;1.317;
1557;-6.088522601;43.48647628;0.1;False;ok;56;1;1.222;
1558;-5.988522601;43.48647628;0.1;False;ok;74;1;1.234;
1559;-5.888522601;43.48647628;0.1;False;ok;20;1;1.121;
1560;-5.788522601;43.48647628;0.1;False;ok;65;1;1.130;
1561;-5.688522601;43.48647628;0.05;False;ok;75;1;1.247;
1562;-5.638522601;43.48647628;0.05;False;ok;22;1;1.093;
1563;-5.688522601;43.53647628;0.025;False;ok;75;1;1.232;
1564;-5.663522601;43.53647628;0.00625;False;ok;75;1;1.276;
1565;-5.657272601;43.53647628;0.00625;False;ok;75;1;1.110;
1566;-5.663522601;43.54272628;0.00625;False;ok;48;1;1.098;
1567;-5.651022601;43.53647628;0.0125;False;ok;73;1;1.124;
1568;-5.638522601;43.53647628;0.05;False;ok;17;1;0.888;
1569;-5.588522601;43.48647628;0.1;False;ok;45;1;0.845;
1570;-5.488522601;43.48647628;0.1;False;ok;56;1;0.856;
1571;-5.388522601;43.48647628;0.1;False;ok;45;1;0.847;
1572;-5.288522601;43.48647628;0.1;False;ok;61;1;0.811;
1573;-3.688522601;43.48647628;0.1;False;ok;22;1;0.744;
1574;-3.588522601;43.48647628;0.05;False;ok;74;1;1.059;
1575;-3.538522601;43.48647628;0.05;False;ok;41;1;1.061;
1576;-5.988522601;43.58647628;0.1;False;ok;6;1;0.910;
1577;-5.888522601;43.58647628;0.1;False;ok;72;1;1.330;
1578;-5.788522601;43.58647628;0.1;False;ok;32;1;1.220;
1579;-2.514401691;41.68647628;0.1;False;ok;75;1;1.524;
1580;-2.414401691;41.68647628;0.1;False;ok;2;1;1.316;
1581;-2.214401691;41.68647628;0.1;False;ok;0;1;2.585;
1582;-2.114401691;41.68647628;0.1;False;ok;2;1;2.526;
1583;-2.014401691;41.68647628;0.1;False;ok;5;1;2.677;
1584;-1.814401691;41.68647628;0.1;False;ok;3;1;2.006;
1585;-1.714401691;41.68647628;0.1;False;ok;2;1;1.971;
1586;-1.314401691;41.68647628;0.1;False;ok;2;1;2.308;
1587;-1.214401691;41.68647628;0.1;False;ok;1;1;3.748;
1588;-1.114401691;41.68647628;0.1;False;ok;4;1;3.977;
1589;-1.014401691;41.68647628;0.1;False;ok;9;1;2.514;
1590;-0.914401691;41.68647628;0.1;False;ok;5;1;5.700;
1591;-0.414401691;41.68647628;0.1;False;ok;1;1;4.273;
1592;0.085598309;41.68647628;0.1;False;ok;3;1;4.781;
1593;0.485598309;41.68647628;0.1;False;ok;1;1;5.091;
1594;0.685598309;41.68647628;0.1;False;ok;3;1;3.255;
1595;0.785598309;41.68647628;0.1;False;ok;5;1;5.957;
1596;0.885598309;41.68647628;0.1;False;ok;10;1;5.598;
1597;0.985598309;41.68647628;0.1;False;ok;1;1;5.646;
1598;1.085598309;41.68647628;0.1;False;ok;9;1;3.349;
1599;1.185598309;41.68647628;0.1;False;ok;6;1;5.554;
1600;1.285598309;41.68647628;0.1;False;ok;2;1;5.742;
1601;1.385598309;41.68647628;0.1;False;ok;5;1;3.314;
1602;1.485598309;41.68647628;0.1;False;ok;5;1;3.314;
1603;1.585598309;41.68647628;0.1;False;ok;5;1;3.338;
1604;1.785598309;41.68647628;0.1;False;ok;41;1;6.098;
1605;1.885598309;41.68647628;0.1;False;ok;8;1;5.864;
1606;1.985598309;41.68647628;0.1;False;ok;4;1;5.829;
1607;2.085598309;41.68647628;0.1;False;ok;8;1;3.292;
1608;2.185598309;41.68647628;0.1;False;ok;16;1;5.755;
1609;2.285598309;41.68647628;0.1;False;ok;9;1;3.148;
1610;2.385598309;41.68647628;0.1;False;ok;25;1;5.907;
1611;2.485598309;41.68647628;0.1;False;ok;17;1;3.109;
1612;2.585598309;41.68647628;0.1;False;ok;15;1;5.744;
1613;2.685598309;41.68647628;0.1;False;ok;71;1;5.741;
1614;2.785598309;41.68647628;0.025;False;ok;10;1;3.170;
1615;2.810598309;41.68647628;0.0125;False;ok;15;1;4.722;
1616;2.823098309;41.68647628;0.00625;False;ok;0;1;6.588;
1617;2.823098309;41.69272628;0.00625;False;ok;72;1;3.416;
1618;2.829348309;41.69272628;0.00625;False;ok;70;1;6.302;
1619;2.810598309;41.69897628;0.0125;False;ok;6;1;3.257;
1620;2.823098309;41.69897628;0.0125;False;ok;31;1;6.607;
1621;2.785598309;41.71147628;0.025;False;ok;3;1;6.288;
1622;2.810598309;41.71147628;0.025;False;ok;26;1;6.113;
1623;2.835598309;41.68647628;0.0125;False;ok;68;1;6.449;
1624;2.835598309;41.69897628;0.0125;False;ok;72;1;3.452;
1625;2.848098309;41.69897628;0.00625;False;ok;75;1;7.627;
1626;2.854348309;41.69897628;0.00625;False;ok;57;1;3.401;
1627;2.848098309;41.70522628;0.00625;False;ok;1;1;5.718;
1628;2.854348309;41.70522628;0.00625;False;ok;15;1;5.882;
1629;2.860598309;41.69897628;0.0125;False;ok;33;1;3.325;
1630;2.873098309;41.69897628;0.00625;False;ok;18;1;5.802;
1631;2.879348309;41.69897628;0.00625;False;ok;5;1;3.486;
1632;2.873098309;41.70522628;0.00625;False;ok;21;1;3.559;
1633;2.879348309;41.70522628;0.00625;False;ok;11;1;5.701;
1634;2.835598309;41.71147628;0.025;False;ok;29;1;6.175;
1635;2.860598309;41.71147628;0.0125;False;ok;33;1;3.574;
1636;2.873098309;41.71147628;0.0125;False;ok;27;1;6.253;
1637;2.860598309;41.72397628;0.0125;False;ok;2;1;3.392;
1638;2.873098309;41.72397628;0.0125;False;ok;5;1;5.757;
1639;2.785598309;41.73647628;0.025;False;ok;29;1;3.439;
1640;2.810598309;41.73647628;0.0125;False;ok;13;1;3.568;
1641;2.823098309;41.73647628;0.0125;False;ok;11;1;6.042;
1642;2.810598309;41.74897628;0.0125;False;ok;23;1;6.087;
1643;2.823098309;41.74897628;0.0125;False;ok;15;1;3.488;
1644;2.810598309;41.76147628;0.025;False;ok;1;1;5.859;
1645;2.835598309;41.73647628;0.05;False;ok;2;1;3.401;
1646;2.885598309;41.68647628;0.025;False;ok;45;1;6.084;
1647;2.885598309;41.71147628;0.0125;False;ok;10;1;6.020;
1648;2.898098309;41.71147628;0.00625;False;ok;18;1;6.015;
1649;2.904348309;41.71147628;0.00625;False;ok;17;1;3.382;
1650;2.898098309;41.71772628;0.00625;False;ok;14;1;3.476;
1651;2.904348309;41.71772628;0.00625;False;ok;21;1;5.889;
1652;2.898098309;41.72397628;0.0125;False;ok;2;1;6.000;
1653;2.910598309;41.71147628;0.0125;False;ok;3;1;6.170;
1654;2.923098309;41.71147628;0.00625;False;ok;11;1;3.378;
1655;2.929348309;41.71147628;0.00625;False;ok;50;1;5.920;
1656;2.923098309;41.71772628;0.00625;False;ok;33;1;6.290;
1657;2.929348309;41.71772628;0.003125;False;ok;61;1;3.337;
1658;2.932473309;41.71772628;0.003125;False;ok;14;1;3.134;
1659;2.929348309;41.72085128;0.003125;False;ok;43;1;3.212;
1660;2.932473309;41.72085128;0.003125;False;ok;60;1;6.368;
1661;2.910598309;41.72397628;0.0125;False;ok;3;1;6.126;
1662;2.923098309;41.72397628;0.0125;False;ok;37;1;6.253;
1663;2.935598309;41.68647628;0.05;False;ok;17;1;3.060;
1664;2.885598309;41.73647628;0.05;False;ok;6;1;3.044;
1665;2.935598309;41.73647628;0.05;False;ok;50;1;3.148;
1666;2.985598309;41.76147628;0.025;False;ok;3;1;5.022;
1667;3.023098309;41.76147628;0.0125;False;ok;5;1;4.852;
1668;3.010598309;41.77397628;0.0125;False;ok;5;1;4.533;
1669;3.023098309;41.77397628;0.0125;False;ok;72;1;3.494;
1670;3.035598309;41.73647628;0.05;False;ok;33;1;4.241;
1671;-2.514401691;41.78647628;0.1;False;ok;7;1;4.213;
1672;-2.414401691;41.78647628;0.1;False;ok;7;1;4.062;
1673;-2.114401691;41.78647628;0.1;False;ok;3;1;3.369;
1674;-2.014401691;41.78647628;0.1;False;ok;7;1;3.303;
1675;-1.914401691;41.78647628;0.1;False;ok;1;1;3.374;
1676;-1.814401691;41.78647628;0.1;False;ok;9;1;3.008;
1677;-1.714401691;41.78647628;0.1;False;ok;9;1;2.997;
1678;-1.614401691;41.78647628;0.1;False;ok;14;1;2.787;
1679;-1.514401691;41.78647628;0.1;False;ok;4;1;2.880;
1680;-1.414401691;41.78647628;0.1;False;ok;1;1;2.668;
1681;-1.314401691;41.78647628;0.1;False;ok;1;1;2.260;
1682;-1.214401691;41.78647628;0.1;False;ok;2;1;1.791;
1683;-0.914401691;41.78647628;0.1;False;ok;0;1;1.973;
1684;-0.814401691;41.78647628;0.1;False;ok;2;1;0.902;
1685;-0.614401691;41.78647628;0.1;False;ok;0;1;1.603;
1686;-0.214401691;41.78647628;0.1;False;ok;1;1;0.909;
1687;-0.114401691;41.78647628;0.1;False;ok;2;1;0.858;
1688;0.185598309;41.78647628;0.1;False;ok;0;1;1.394;
1689;0.285598309;41.78647628;0.1;False;ok;2;1;0.760;
1690;0.485598309;41.78647628;0.1;False;ok;5;1;0.807;
1691;0.585598309;41.78647628;0.1;False;ok;2;1;0.922;
1692;0.685598309;41.78647628;0.1;False;ok;8;1;0.945;
1693;0.785598309;41.78647628;0.1;False;ok;38;1;1.142;
1694;0.885598309;41.78647628;0.1;False;ok;2;1;0.967;
1695;0.985598309;41.78647628;0.1;False;ok;3;1;0.979;
1696;1.085598309;41.78647628;0.1;False;ok;5;1;0.981;
1697;1.185598309;41.78647628;0.1;False;ok;1;1;0.896;
1698;1.285598309;41.78647628;0.1;False;ok;7;1;0.939;
1699;1.385598309;41.78647628;0.1;False;ok;6;1;0.985;
1700;1.485598309;41.78647628;0.1;False;ok;0;1;1.732;
1701;1.585598309;41.78647628;0.1;False;ok;1;1;0.933;
1702;1.685598309;41.78647628;0.1;False;ok;8;1;0.929;
1703;1.785598309;41.78647628;0.1;False;ok;12;1;0.983;
1704;1.885598309;41.78647628;0.1;False;ok;8;1;0.907;
1705;1.985598309;41.78647628;0.1;False;ok;3;1;0.848;
1706;2.085598309;41.78647628;0.1;False;ok;12;1;0.706;
1707;2.185598309;41.78647628;0.1;False;ok;15;1;0.660;
1708;2.285598309;41.78647628;0.1;False;ok;10;1;0.676;
1709;2.385598309;41.78647628;0.1;False;ok;24;1;0.779;
1710;2.485598309;41.78647628;0.1;False;ok;35;1;0.903;
1711;2.585598309;41.78647628;0.1;False;ok;15;1;1.074;
1712;2.685598309;41.78647628;0.1;False;ok;39;1;1.215;
1713;2.785598309;41.78647628;0.1;False;ok;43;1;1.360;
1714;2.885598309;41.78647628;0.1;False;ok;34;1;1.217;
1715;2.985598309;41.78647628;0.05;False;ok;74;1;1.229;
1716;3.035598309;41.78647628;0.0125;False;ok;73;1;1.323;
1717;3.048098309;41.78647628;0.0125;False;ok;34;1;1.179;
1718;3.035598309;41.79897628;0.0125;False;ok;9;1;1.231;
1719;3.048098309;41.79897628;0.0125;False;ok;47;1;1.332;
1720;3.060598309;41.78647628;0.025;False;ok;74;1;1.404;
1721;3.035598309;41.81147628;0.025;False;ok;24;1;1.293;
1722;3.060598309;41.81147628;0.00625;False;ok;74;1;1.285;
1723;3.066848309;41.81147628;0.00625;False;ok;72;1;1.250;
1724;3.060598309;41.81772628;0.00625;False;ok;16;1;1.172;
1725;3.066848309;41.81772628;0.00625;False;ok;63;1;1.228;
1726;3.073098309;41.81147628;0.0125;False;ok;1;1;1.006;
1727;3.060598309;41.82397628;0.0125;False;ok;28;1;0.941;
1728;3.073098309;41.82397628;0.0125;False;ok;47;1;0.903;
1729;2.985598309;41.83647628;0.05;False;ok;11;1;0.787;
1730;3.035598309;41.83647628;0.025;False;ok;52;1;0.794;
1731;3.060598309;41.83647628;0.025;False;ok;53;1;0.676;
1732;3.035598309;41.86147628;0.025;False;ok;9;1;0.637;
1733;3.060598309;41.86147628;0.0125;False;ok;24;1;0.743;
1734;3.073098309;41.86147628;0.0125;False;ok;15;1;0.760;
1735;3.060598309;41.87397628;0.0125;False;ok;25;1;0.763;
1736;3.073098309;41.87397628;0.0125;False;ok;5;1;0.930;
1737;3.085598309;41.78647628;0.05;False;ok;6;1;1.069;
1738;3.085598309;41.83647628;0.0125;False;ok;59;1;1.122;
1739;3.098098309;41.83647628;0.0125;False;ok;55;1;1.208;
1740;3.085598309;41.84897628;0.0125;False;ok;2;1;1.070;
1741;3.098098309;41.84897628;0.0125;False;ok;5;1;1.183;
1742;3.110598309;41.83647628;0.0125;False;ok;8;1;1.143;
1743;3.123098309;41.83647628;0.0125;False;ok;75;1;1.373;
1744;3.110598309;41.84897628;0.0125;False;ok;54;1;1.267;
1745;3.123098309;41.84897628;0.0125;False;ok;40;1;1.241;
1746;3.085598309;41.86147628;0.025;False;ok;4;1;1.170;
1747;3.110598309;41.86147628;0.025;False;ok;10;1;1.215;
1748;3.135598309;41.83647628;0.025;False;ok;75;1;1.338;
1749;3.135598309;41.86147628;0.025;False;ok;8;1;1.228;
1750;3.160598309;41.86147628;0.025;False;ok;58;1;1.265;
1751;-2.514401691;41.88647628;0.1;False;ok;7;1;1.091;
1752;-2.414401691;41.88647628;0.1;False;ok;0;1;1.715;
1753;-2.314401691;41.88647628;0.1;False;ok;0;1;1.641;
1754;-2.214401691;41.88647628;0.1;False;ok;4;1;0.899;
1755;-2.114401691;41.88647628;0.1;False;ok;1;1;0.798;
1756;-2.014401691;41.88647628;0.1;False;ok;1;1;0.699;
1757;-1.814401691;41.88647628;0.1;False;ok;18;1;0.695;
1758;-1.714401691;41.88647628;0.1;False;ok;5;1;0.669;
1759;-1.314401691;41.88647628;0.1;False;ok;2;1;0.713;
1760;-0.614401691;41.88647628;0.1;False;ok;2;1;0.879;
1761;-0.514401691;41.88647628;0.1;False;ok;1;1;0.833;
1762;0.085598309;41.88647628;0.1;False;ok;1;1;0.830;
1763;0.185598309;41.88647628;0.1;False;ok;4;1;0.936;
1764;0.285598309;41.88647628;0.1;False;ok;3;1;1.106;
1765;0.385598309;41.88647628;0.1;False;ok;1;1;0.970;
1766;0.485598309;41.88647628;0.1;False;ok;2;1;1.089;
1767;0.585598309;41.88647628;0.1;False;ok;0;1;1.761;
1768;0.685598309;41.88647628;0.1;False;ok;8;1;1.046;
1769;0.785598309;41.88647628;0.1;False;ok;1;1;1.122;
1770;0.885598309;41.88647628;0.1;False;ok;3;1;1.072;
1771;0.985598309;41.88647628;0.1;False;ok;18;1;1.153;
1772;1.085598309;41.88647628;0.1;False;ok;5;1;1.055;
1773;1.185598309;41.88647628;0.1;False;ok;11;1;1.158;
1774;1.285598309;41.88647628;0.1;False;ok;1;1;0.968;
1775;1.385598309;41.88647628;0.1;False;ok;6;1;1.018;
1776;1.485598309;41.88647628;0.1;False;ok;9;1;0.990;
1777;1.585598309;41.88647628;0.1;False;ok;27;1;1.076;
1778;1.685598309;41.88647628;0.1;False;ok;8;1;0.886;
1779;1.785598309;41.88647628;0.1;False;ok;8;1;0.902;
1780;1.985598309;41.88647628;0.1;False;ok;1;1;0.779;
1781;2.085598309;41.88647628;0.1;False;ok;8;1;0.813;
1782;2.185598309;41.88647628;0.1;False;ok;32;1;0.869;
1783;2.285598309;41.88647628;0.1;False;ok;9;1;0.820;
1784;2.485598309;41.88647628;0.1;False;ok;13;1;0.909;
1785;2.585598309;41.88647628;0.1;False;ok;12;1;0.859;
1786;2.685598309;41.88647628;0.1;False;ok;15;1;0.871;
1787;2.785598309;41.88647628;0.05;False;ok;5;1;0.899;
1788;2.835598309;41.88647628;0.05;False;ok;8;1;0.931;
1789;2.810598309;41.93647628;0.025;False;ok;5;1;0.931;
1790;2.785598309;41.96147628;0.025;False;ok;7;1;0.890;
1791;2.810598309;41.96147628;0.0125;False;ok;5;1;1.002;
1792;2.823098309;41.96147628;0.0125;False;ok;3;1;0.963;
1793;2.810598309;41.97397628;0.0125;False;ok;74;1;1.126;
1794;2.823098309;41.97397628;0.0125;False;ok;75;1;1.160;
1795;2.835598309;41.93647628;0.05;False;ok;2;1;0.924;
1796;2.885598309;41.88647628;0.1;False;ok;7;1;1.021;
1797;2.985598309;41.88647628;0.1;False;ok;27;1;1.091;
1798;3.085598309;41.88647628;0.05;False;ok;4;1;0.945;
1799;3.135598309;41.88647628;0.025;False;ok;10;1;0.985;
1800;3.173098309;41.88647628;0.00625;False;ok;17;1;1.070;
1801;3.179348309;41.88647628;0.00625;False;ok;73;1;1.208;
1802;3.173098309;41.89272628;0.00625;False;ok;2;1;0.934;
1803;3.179348309;41.89272628;0.00625;False;ok;22;1;0.991;
1804;3.160598309;41.89897628;0.0125;False;ok;1;1;0.948;
1805;3.173098309;41.89897628;0.0125;False;ok;1;1;0.858;
1806;3.135598309;41.91147628;0.025;False;ok;8;1;0.941;
1807;3.160598309;41.91147628;0.025;False;ok;24;1;1.052;
1808;3.085598309;41.93647628;0.05;False;ok;24;1;0.942;
1809;3.135598309;41.93647628;0.05;False;ok;73;1;1.064;
1810;3.185598309;41.88647628;0.00625;False;ok;42;1;0.953;
1811;3.191848309;41.88647628;0.00625;False;ok;1;1;0.854;
1812;3.185598309;41.89272628;0.00625;False;ok;32;1;0.940;
1813;3.191848309;41.89272628;0.00625;False;ok;51;1;1.049;
1814;3.198098309;41.88647628;0.0125;False;ok;13;1;0.925;
1815;3.185598309;41.89897628;0.0125;False;ok;1;1;0.942;
1816;3.198098309;41.89897628;0.0125;False;ok;11;1;0.916;
1817;3.185598309;41.91147628;0.0125;False;ok;1;1;0.858;
1818;3.198098309;41.91147628;0.00625;False;ok;3;1;0.905;
1819;3.204348309;41.91147628;0.00625;False;ok;10;1;1.006;
1820;3.198098309;41.91772628;0.00625;False;ok;3;1;0.961;
1821;3.204348309;41.91772628;0.00625;False;ok;54;1;1.091;
1822;3.185598309;41.92397628;0.0125;False;ok;4;1;1.016;
1823;3.198098309;41.92397628;0.0125;False;ok;21;1;0.869;
1824;3.210598309;41.91147628;0.025;False;ok;29;1;1.043;
1825;3.185598309;41.93647628;0.0125;False;ok;18;1;1.044;
1826;3.198098309;41.93647628;0.0125;False;ok;24;1;1.045;
1827;3.198098309;41.94897628;0.00625;False;ok;4;1;1.009;
1828;3.204348309;41.94897628;0.00625;False;ok;28;1;0.995;
1829;3.198098309;41.95522628;0.00625;False;ok;7;1;0.923;
1830;3.204348309;41.95522628;0.00625;False;ok;27;1;1.011;
1831;3.210598309;41.93647628;0.0125;False;ok;16;1;1.059;
1832;3.210598309;41.94897628;0.0125;False;ok;12;1;0.991;
1833;3.223098309;41.94897628;0.0125;False;ok;51;1;0.974;
1834;3.198098309;41.96147628;0.0125;False;ok;70;1;0.978;
1835;3.185598309;41.97397628;0.0125;False;ok;33;1;1.039;
1836;3.198098309;41.97397628;0.0125;False;ok;74;1;1.072;
1837;3.210598309;41.96147628;0.025;False;ok;46;1;0.977;
1838;-2.514401691;41.98647628;0.1;False;ok;0;1;1.613;
1839;-2.414401691;41.98647628;0.1;False;ok;3;1;0.910;
1840;-2.014401691;41.98647628;0.1;False;ok;6;1;0.910;
1841;-1.914401691;41.98647628;0.1;False;ok;4;1;0.931;
1842;-1.814401691;41.98647628;0.1;False;ok;2;1;0.891;
1843;-1.714401691;41.98647628;0.1;False;ok;12;1;0.981;
1844;-1.614401691;41.98647628;0.1;False;ok;75;1;1.126;
1845;-1.414401691;41.98647628;0.1;False;ok;1;1;0.781;
1846;-0.914401691;41.98647628;0.1;False;ok;0;1;1.674;
1847;-0.314401691;41.98647628;0.1;False;ok;1;1;0.867;
1848;-0.114401691;41.98647628;0.1;False;ok;1;1;0.876;
1849;-0.014401691;41.98647628;0.1;False;ok;2;1;0.919;
1850;0.085598309;41.98647628;0.1;False;ok;20;1;0.911;
1851;0.185598309;41.98647628;0.1;False;ok;2;1;0.910;
1852;0.285598309;41.98647628;0.1;False;ok;2;1;0.939;
1853;0.385598309;41.98647628;0.1;False;ok;1;1;0.853;
1854;0.485598309;41.98647628;0.1;False;ok;2;1;0.906;
1855;0.685598309;41.98647628;0.1;False;ok;24;1;0.888;
1856;0.785598309;41.98647628;0.1;False;ok;9;1;0.891;
1857;0.885598309;41.98647628;0.1;False;ok;7;1;0.861;
1858;0.985598309;41.98647628;0.1;False;ok;4;1;0.915;
1859;1.085598309;41.98647628;0.1;False;ok;3;1;0.859;
1860;1.185598309;41.98647628;0.1;False;ok;8;1;1.029;
1861;1.285598309;41.98647628;0.1;False;ok;11;1;0.950;
1862;1.385598309;41.98647628;0.1;False;ok;3;1;0.894;
1863;1.485598309;41.98647628;0.1;False;ok;27;1;0.963;
1864;1.585598309;41.98647628;0.1;False;ok;3;1;0.847;
1865;1.685598309;41.98647628;0.1;False;ok;5;1;0.880;
1866;1.785598309;41.98647628;0.1;False;ok;38;1;0.925;
1867;1.885598309;41.98647628;0.1;False;ok;16;1;0.905;
1868;1.985598309;41.98647628;0.1;False;ok;5;1;0.838;
1869;2.085598309;41.98647628;0.1;False;ok;15;1;0.938;
1870;2.185598309;41.98647628;0.1;False;ok;4;1;0.904;
1871;2.285598309;41.98647628;0.1;False;ok;15;1;0.952;
1872;2.385598309;41.98647628;0.1;False;ok;15;1;1.005;
1873;2.485598309;41.98647628;0.1;False;ok;32;1;1.008;
1874;2.585598309;41.98647628;0.1;False;ok;17;1;0.955;
1875;2.685598309;41.98647628;0.1;False;ok;17;1;0.943;
1876;2.785598309;41.98647628;0.1;False;ok;74;1;1.166;
1877;2.885598309;41.98647628;0.1;False;ok;35;1;1.136;
1878;2.985598309;41.98647628;0.1;False;ok;49;1;1.120;
1879;3.085598309;41.98647628;0.05;False;ok;13;1;0.988;
1880;3.135598309;41.98647628;0.05;False;ok;10;1;1.051;
1881;3.085598309;42.03647628;0.05;False;ok;27;1;1.103;
1882;3.135598309;42.03647628;0.025;False;ok;31;1;1.116;
1883;3.160598309;42.03647628;0.025;False;ok;75;1;1.124;
1884;3.185598309;41.98647628;0.0125;False;ok;74;1;1.216;
1885;3.198098309;41.98647628;0.0125;False;ok;8;1;1.029;
1886;3.185598309;41.99897628;0.0125;False;ok;73;1;1.256;
1887;3.185598309;42.01147628;0.025;False;ok;0;1;1.738;
1888;3.185598309;42.03647628;0.0125;False;ok;75;1;1.344;
1889;3.185598309;42.04897628;0.003125;False;ok;20;1;0.943;
1890;3.188723309;42.04897628;0.003125;False;ok;74;1;1.108;
1891;3.185598309;42.05210128;0.003125;False;ok;1;1;0.798;
1892;3.191848309;42.04897628;0.003125;False;ok;49;1;1.050;
1893;3.194973309;42.04897628;0.003125;False;ok;74;1;0.966;
1894;3.191848309;42.05210128;0.003125;False;ok;18;1;0.873;
1895;3.194973309;42.05210128;0.003125;False;ok;39;1;0.976;
1896;3.191848309;42.05522628;0.00625;False;ok;13;1;0.762;
1897;3.198098309;42.04897628;0.0125;False;ok;75;1;0.937;
1898;-2.514401691;42.08647628;0.1;False;ok;0;1;1.473;
1899;-2.414401691;42.08647628;0.1;False;ok;5;1;0.738;
1900;-2.314401691;42.08647628;0.1;False;ok;6;1;0.767;
1901;-2.214401691;42.08647628;0.1;False;ok;6;1;0.769;
1902;-2.114401691;42.08647628;0.1;False;ok;3;1;0.687;
1903;-2.014401691;42.08647628;0.1;False;ok;2;1;0.759;
1904;-1.814401691;42.08647628;0.1;False;ok;16;1;0.752;
1905;-1.714401691;42.08647628;0.1;False;ok;5;1;0.839;
1906;-1.614401691;42.08647628;0.1;False;ok;24;1;0.803;
1907;-1.214401691;42.08647628;0.1;False;ok;1;1;0.763;
1908;-1.014401691;42.08647628;0.1;False;ok;0;1;1.629;
1909;-0.814401691;42.08647628;0.1;False;ok;1;1;0.866;
1910;-0.714401691;42.08647628;0.1;False;ok;3;1;0.909;
1911;-0.614401691;42.08647628;0.1;False;ok;1;1;0.923;
1912;-0.414401691;42.08647628;0.1;False;ok;46;1;1.044;
1913;-0.314401691;42.08647628;0.1;False;ok;3;1;0.950;
1914;-0.214401691;42.08647628;0.1;False;ok;5;1;1.010;
1915;-0.114401691;42.08647628;0.1;False;ok;14;1;1.043;
1916;-0.014401691;42.08647628;0.1;False;ok;67;1;1.125;
1917;0.085598309;42.08647628;0.1;False;ok;1;1;1.002;
1918;0.185598309;42.08647628;0.1;False;ok;5;1;1.022;
1919;0.285598309;42.08647628;0.1;False;ok;10;1;1.095;
1920;0.385598309;42.08647628;0.1;False;ok;8;1;1.091;
1921;0.485598309;42.08647628;0.1;False;ok;4;1;1.006;
1922;0.685598309;42.08647628;0.1;False;ok;1;1;0.967;
1923;0.785598309;42.08647628;0.1;False;ok;5;1;0.932;
1924;0.885598309;42.08647628;0.1;False;ok;43;1;0.949;
1925;0.985598309;42.08647628;0.1;False;ok;10;1;0.946;
1926;1.085598309;42.08647628;0.1;False;ok;2;1;0.908;
1927;1.185598309;42.08647628;0.1;False;ok;3;1;0.792;
1928;1.285598309;42.08647628;0.1;False;ok;5;1;0.869;
1929;1.385598309;42.08647628;0.1;False;ok;5;1;0.809;
1930;1.485598309;42.08647628;0.1;False;ok;17;1;0.827;
1931;1.585598309;42.08647628;0.1;False;ok;30;1;0.815;
1932;1.685598309;42.08647628;0.1;False;ok;0;1;1.537;
1933;1.785598309;42.08647628;0.1;False;ok;36;1;0.884;
1934;1.885598309;42.08647628;0.1;False;ok;3;1;0.868;
1935;1.985598309;42.08647628;0.1;False;ok;12;1;1.040;
1936;2.085598309;42.08647628;0.1;False;ok;10;1;0.946;
1937;2.185598309;42.08647628;0.1;False;ok;15;1;1.009;
1938;2.285598309;42.08647628;0.1;False;ok;5;1;0.996;
1939;2.385598309;42.08647628;0.1;False;ok;59;1;1.185;
1940;2.485598309;42.08647628;0.1;False;ok;54;1;1.140;
1941;2.585598309;42.08647628;0.1;False;ok;13;1;1.046;
1942;2.685598309;42.08647628;0.1;False;ok;66;1;1.229;
1943;2.785598309;42.08647628;0.1;False;ok;22;1;1.156;
1944;2.885598309;42.08647628;0.1;False;ok;38;1;1.164;
1945;2.985598309;42.08647628;0.1;False;ok;52;1;1.151;
1946;3.085598309;42.08647628;0.025;False;ok;1;1;1.041;
1947;3.110598309;42.08647628;0.025;False;ok;43;1;1.076;
1948;3.110598309;42.11147628;0.0125;False;ok;11;1;1.042;
1949;3.123098309;42.11147628;0.0125;False;ok;75;1;1.174;
1950;3.110598309;42.12397628;0.0125;False;ok;10;1;1.026;
1951;3.123098309;42.12397628;0.0125;False;ok;74;1;1.137;
1952;3.135598309;42.09897628;0.0125;False;ok;71;1;0.895;
1953;3.148098309;42.09897628;0.0125;False;ok;62;1;0.931;
1954;3.160598309;42.08647628;0.025;False;ok;42;1;0.778;
1955;3.135598309;42.11147628;0.0125;False;ok;75;1;0.970;
1956;3.148098309;42.11147628;0.0125;False;ok;45;1;0.704;
1957;3.135598309;42.12397628;0.0125;False;ok;18;1;0.663;
1958;3.160598309;42.11147628;0.025;False;ok;12;1;0.720;
1959;3.085598309;42.13647628;0.05;False;ok;72;1;0.931;
1960;-2.514401691;42.18647628;0.1;False;ok;7;1;0.726;
1961;-2.314401691;42.18647628;0.1;False;ok;28;1;0.963;
1962;-2.214401691;42.18647628;0.1;False;ok;6;1;0.902;
1963;-2.114401691;42.18647628;0.1;False;ok;11;1;0.973;
1964;-2.014401691;42.18647628;0.1;False;ok;3;1;0.977;
1965;-1.914401691;42.18647628;0.1;False;ok;11;1;0.986;
1966;-1.814401691;42.18647628;0.1;False;ok;10;1;0.954;
1967;-1.714401691;42.18647628;0.1;False;ok;15;1;1.038;
1968;-1.314401691;42.18647628;0.1;False;ok;1;1;1.014;
1969;-1.014401691;42.18647628;0.1;False;ok;4;1;1.033;
1970;-0.814401691;42.18647628;0.1;False;ok;1;1;1.144;
1971;-0.714401691;42.18647628;0.1;False;ok;10;1;1.064;
1972;-0.614401691;42.18647628;0.1;False;ok;4;1;1.001;
1973;-0.514401691;42.18647628;0.1;False;ok;3;1;0.968;
1974;-0.414401691;42.18647628;0.1;False;ok;3;1;1.062;
1975;-0.314401691;42.18647628;0.1;False;ok;6;1;0.975;
1976;-0.214401691;42.18647628;0.1;False;ok;5;1;1.028;
1977;-0.114401691;42.18647628;0.1;False;ok;6;1;1.023;
1978;-0.014401691;42.18647628;0.1;False;ok;2;1;0.967;
1979;0.085598309;42.18647628;0.1;False;ok;6;1;0.943;
1980;0.185598309;42.18647628;0.1;False;ok;4;1;1.029;
1981;0.285598309;42.18647628;0.1;False;ok;15;1;0.932;
1982;0.385598309;42.18647628;0.1;False;ok;2;1;0.950;
1983;0.485598309;42.18647628;0.1;False;ok;3;1;0.941;
1984;0.685598309;42.18647628;0.1;False;ok;9;1;1.004;
1985;0.785598309;42.18647628;0.1;False;ok;1;1;0.915;
1986;0.885598309;42.18647628;0.1;False;ok;26;1;1.058;
1987;0.985598309;42.18647628;0.1;False;ok;10;1;1.075;
1988;1.185598309;42.18647628;0.1;False;ok;2;1;0.937;
1989;1.285598309;42.18647628;0.1;False;ok;8;1;1.061;
1990;1.385598309;42.18647628;0.1;False;ok;1;1;1.052;
1991;1.485598309;42.18647628;0.1;False;ok;8;1;1.176;
1992;1.585598309;42.18647628;0.1;False;ok;3;1;1.215;
1993;1.685598309;42.18647628;0.1;False;ok;13;1;1.182;
1994;1.785598309;42.18647628;0.1;False;ok;43;1;1.297;
1995;1.885598309;42.18647628;0.1;False;ok;20;1;1.214;
1996;1.985598309;42.18647628;0.1;False;ok;13;1;1.169;
1997;2.085598309;42.18647628;0.1;False;ok;22;1;1.247;
1998;2.185598309;42.18647628;0.1;False;ok;44;1;1.203;
1999;2.285598309;42.18647628;0.1;False;ok;51;1;1.247;
2000;2.385598309;42.18647628;0.1;False;ok;27;1;1.264;
2001;2.485598309;42.18647628;0.1;False;ok;39;1;1.262;
2002;2.585598309;42.18647628;0.1;False;ok;30;1;1.362;
2003;2.685598309;42.18647628;0.1;False;ok;60;1;1.354;
2004;2.785598309;42.18647628;0.1;False;ok;37;1;1.300;
2005;2.885598309;42.18647628;0.1;False;ok;72;1;1.401;
2006;2.985598309;42.18647628;0.1;False;ok;73;1;1.370;
2007;3.085598309;42.18647628;0.05;False;ok;6;1;1.223;
2008;3.098098309;42.23647628;0.0125;False;ok;15;1;1.179;
2009;3.098098309;42.24897628;0.0125;False;ok;74;1;1.332;
2010;3.110598309;42.23647628;0.00625;False;ok;0;1;1.795;
2011;3.116848309;42.23647628;0.00625;False;ok;67;1;1.210;
2012;3.110598309;42.24272628;0.00625;False;ok;42;1;1.151;
2013;3.116848309;42.24272628;0.00625;False;ok;69;1;1.173;
2014;3.123098309;42.23647628;0.0015625;False;ok;20;1;1.120;
2015;3.124660809;42.23647628;0.0015625;False;ok;0;1;1.716;
2016;3.123098309;42.23803878;0.0015625;False;ok;74;1;1.253;
2017;3.124660809;42.23803878;0.0015625;False;ok;27;1;1.065;
2018;3.123098309;42.23960128;0.003125;False;ok;74;1;1.185;
2019;3.126223309;42.23960128;0.003125;False;ok;27;1;1.063;
2020;3.123098309;42.24272628;0.003125;False;ok;14;1;0.990;
2021;3.126223309;42.24272628;0.003125;False;ok;74;1;1.115;
2022;3.123098309;42.24585128;0.003125;False;ok;26;1;0.948;
2023;3.126223309;42.24585128;0.003125;False;ok;54;1;1.049;
2024;3.129348309;42.24272628;0.00625;False;ok;59;1;1.064;
2025;3.110598309;42.24897628;0.0125;False;ok;72;1;1.077;
2026;3.123098309;42.24897628;0.0125;False;ok;73;1;1.113;
2027;3.085598309;42.26147628;0.025;False;ok;9;1;0.908;
2028;3.135598309;42.23647628;0.025;False;ok;45;1;0.976;
2029;3.173098309;42.23647628;0.0125;False;ok;26;1;0.907;
2030;3.179348309;42.24897628;0.00625;False;ok;34;1;1.019;
2031;3.173098309;42.25522628;0.00625;False;ok;27;1;0.957;
2032;3.179348309;42.25522628;0.003125;False;ok;26;1;0.997;
2033;3.182473309;42.25522628;0.003125;False;ok;32;1;0.988;
2034;3.179348309;42.25835128;0.003125;False;ok;44;1;0.944;
2035;3.182473309;42.25835128;0.003125;False;ok;22;1;0.920;
2036;3.135598309;42.26147628;0.00625;False;ok;7;1;0.900;
2037;3.141848309;42.26147628;0.00625;False;ok;75;1;1.158;
2038;3.135598309;42.26772628;0.00625;False;ok;59;1;1.688;
2039;3.141848309;42.26772628;0.00625;False;ok;73;1;1.225;
2040;3.148098309;42.26147628;0.003125;False;ok;39;1;1.226;
2041;3.151223309;42.26147628;0.003125;False;ok;74;1;1.362;
2042;3.148098309;42.26460128;0.003125;False;ok;34;1;1.301;
2043;3.151223309;42.26460128;0.003125;False;ok;26;1;1.337;
2044;3.154348309;42.26147628;0.003125;False;ok;75;1;1.434;
2045;3.157473309;42.26147628;0.003125;False;ok;25;1;1.305;
2046;3.154348309;42.26460128;0.003125;False;ok;12;1;1.325;
2047;3.157473309;42.26460128;0.003125;False;ok;27;1;1.260;
2048;3.148098309;42.26772628;0.00625;False;ok;1;1;1.242;
2049;3.154348309;42.26772628;0.00625;False;ok;2;1;1.168;
2050;3.135598309;42.27397628;0.0125;False;ok;4;1;1.101;
2051;3.148098309;42.27397628;0.0125;False;ok;1;1;1.121;
2052;3.160598309;42.26147628;0.003125;False;ok;5;1;1.095;
2053;3.160598309;42.26460128;0.003125;False;ok;66;1;1.182;
2054;3.163723309;42.26460128;0.003125;False;ok;42;1;1.110;
2055;3.166848309;42.26147628;0.00625;False;ok;21;1;1.134;
2056;3.160598309;42.26772628;0.00625;False;ok;8;1;1.061;
2057;3.173098309;42.26147628;0.00625;False;ok;75;1;0.989;
2058;3.179348309;42.26147628;0.00625;False;ok;37;1;0.803;
2059;3.173098309;42.26772628;0.00625;False;ok;0;1;1.395;
2060;3.179348309;42.26772628;0.00625;False;ok;5;1;0.952;
2061;3.160598309;42.27397628;0.0125;False;ok;11;1;1.025;
2062;3.185598309;42.24272628;0.00625;False;ok;75;1;1.252;
2063;3.191848309;42.24272628;0.00625;False;ok;69;1;1.277;
2064;3.198098309;42.23647628;0.0125;False;ok;75;1;1.419;
2065;3.185598309;42.24897628;0.0125;False;ok;73;1;1.405;
2066;3.198098309;42.24897628;0.0125;False;ok;6;1;1.265;
2067;3.210598309;42.23647628;0.025;False;ok;6;1;1.342;
2068;3.185598309;42.26147628;0.025;False;ok;21;1;1.382;
2069;3.235598309;42.23647628;0.05;False;ok;12;1;1.348;
2070;3.285598309;42.18647628;0.1;False;ok;8;1;1.341;
2071;-2.514401691;42.28647628;0.1;False;ok;13;1;1.344;
2072;-2.314401691;42.28647628;0.1;False;ok;2;1;1.231;
2073;-2.214401691;42.28647628;0.1;False;ok;5;1;1.234;
2074;-2.014401691;42.28647628;0.1;False;ok;15;1;1.360;
2075;-1.914401691;42.28647628;0.1;False;ok;3;1;1.241;
2076;-1.814401691;42.28647628;0.1;False;ok;3;1;1.238;
2077;-1.714401691;42.28647628;0.1;False;ok;1;1;1.191;
2078;-1.614401691;42.28647628;0.1;False;ok;5;1;1.099;
2079;-1.514401691;42.28647628;0.1;False;ok;2;1;0.906;
2080;-1.414401691;42.28647628;0.1;False;ok;2;1;0.847;
2081;-1.214401691;42.28647628;0.1;False;ok;3;1;0.863;
2082;-1.114401691;42.28647628;0.1;False;ok;0;1;1.691;
2083;-0.814401691;42.28647628;0.1;False;ok;24;1;1.220;
2084;-0.714401691;42.28647628;0.1;False;ok;6;1;1.255;
2085;-0.614401691;42.28647628;0.1;False;ok;0;1;2.221;
2086;-0.514401691;42.28647628;0.1;False;ok;2;1;1.400;
2087;-0.414401691;42.28647628;0.1;False;ok;0;1;2.162;
2088;-0.314401691;42.28647628;0.1;False;ok;3;1;1.424;
2089;-0.014401691;42.28647628;0.1;False;ok;2;1;1.506;
2090;0.085598309;42.28647628;0.1;False;ok;12;1;1.420;
2091;0.185598309;42.28647628;0.1;False;ok;12;1;1.471;
2092;0.285598309;42.28647628;0.1;False;ok;2;1;1.438;
2093;0.385598309;42.28647628;0.1;False;ok;2;1;1.414;
2094;0.485598309;42.28647628;0.1;False;ok;17;1;1.526;
2095;0.585598309;42.28647628;0.1;False;ok;1;1;1.409;
2096;0.685598309;42.28647628;0.1;False;ok;3;1;1.392;
2097;0.785598309;42.28647628;0.1;False;ok;4;1;1.398;
2098;0.885598309;42.28647628;0.1;False;ok;8;1;1.340;
2099;0.985598309;42.28647628;0.1;False;ok;15;1;1.283;
2100;1.085598309;42.28647628;0.1;False;ok;7;1;1.244;
2101;1.185598309;42.28647628;0.1;False;ok;7;1;1.058;
2102;1.285598309;42.28647628;0.1;False;ok;9;1;0.661;
2103;1.385598309;42.28647628;0.1;False;ok;44;1;0.789;
2104;1.485598309;42.28647628;0.1;False;ok;11;1;0.636;
2105;1.585598309;42.28647628;0.1;False;ok;13;1;1.080;
2106;1.685598309;42.28647628;0.1;False;ok;49;1;1.022;
2107;1.785598309;42.28647628;0.1;False;ok;45;1;1.216;
2108;1.885598309;42.28647628;0.1;False;ok;75;1;1.427;
2109;1.985598309;42.28647628;0.1;False;ok;11;1;1.195;
2110;2.085598309;42.28647628;0.1;False;ok;74;1;1.494;
2111;2.185598309;42.28647628;0.1;False;ok;8;1;1.379;
2112;2.285598309;42.28647628;0.1;False;ok;75;1;1.541;
2113;2.385598309;42.28647628;0.1;False;ok;42;1;1.414;
2114;2.685598309;42.28647628;0.1;False;ok;13;1;1.425;
2115;2.785598309;42.28647628;0.1;False;ok;22;1;1.449;
2116;2.885598309;42.28647628;0.1;False;ok;27;1;1.447;
2117;2.985598309;42.28647628;0.1;False;ok;51;1;1.511;
2118;3.085598309;42.28647628;0.05;False;ok;19;1;1.426;
2119;3.135598309;42.28647628;0.05;False;ok;57;1;1.486;
2120;3.085598309;42.33647628;0.05;False;ok;1;1;1.362;
2121;3.135598309;42.33647628;0.025;False;ok;3;1;1.166;
2122;3.160598309;42.33647628;0.025;False;ok;75;1;1.277;
2123;3.135598309;42.36147628;0.025;False;ok;74;1;1.240;
2124;3.160598309;42.36147628;0.025;False;ok;74;1;1.183;
2125;3.185598309;42.28647628;0.05;False;ok;41;1;0.851;
2126;3.235598309;42.28647628;0.05;False;ok;74;1;0.967;
2127;3.185598309;42.33647628;0.05;False;ok;44;1;0.770;
2128;3.285598309;42.28647628;0.1;False;ok;6;1;0.616;
2129;-2.514401691;42.38647628;0.05;False;ok;4;1;0.671;
2130;-2.464401691;42.38647628;0.05;False;ok;16;1;0.842;
2131;-2.514401691;42.43647628;0.05;False;ok;7;1;1.148;
2132;-2.464401691;42.43647628;0.025;False;ok;50;1;1.248;
2133;-2.439401691;42.43647628;0.025;False;ok;9;1;1.245;
2134;-2.464401691;42.46147628;0.0125;False;ok;47;1;1.329;
2135;-2.451901691;42.46147628;0.00625;False;ok;74;1;1.484;
2136;-2.445651691;42.46147628;0.00625;False;ok;72;1;1.357;
2137;-2.451901691;42.46772628;0.00625;False;ok;13;1;1.302;
2138;-2.445651691;42.46772628;0.00625;False;ok;17;1;1.410;
2139;-2.451901691;42.47397628;0.0125;False;ok;3;1;1.309;
2140;-2.439401691;42.46147628;0.025;False;ok;55;1;1.542;
2141;-2.414401691;42.38647628;0.1;False;ok;7;1;1.321;
2142;-2.314401691;42.38647628;0.1;False;ok;4;1;1.349;
2143;-2.214401691;42.38647628;0.1;False;ok;4;1;1.237;
2144;-2.114401691;42.38647628;0.1;False;ok;2;1;1.328;
2145;-2.014401691;42.38647628;0.1;False;ok;5;1;1.240;
2146;-1.914401691;42.38647628;0.1;False;ok;3;1;1.186;
2147;-1.814401691;42.38647628;0.1;False;ok;0;1;1.919;
2148;-1.714401691;42.38647628;0.1;False;ok;31;1;1.323;
2149;-1.514401691;42.38647628;0.1;False;ok;2;1;1.046;
2150;-1.114401691;42.38647628;0.1;False;ok;2;1;0.920;
2151;-1.014401691;42.38647628;0.1;False;ok;3;1;0.780;
2152;-0.814401691;42.38647628;0.1;False;ok;0;1;1.417;
2153;-0.714401691;42.38647628;0.1;False;ok;0;1;1.471;
2154;-0.314401691;42.38647628;0.1;False;ok;3;1;1.016;
2155;-0.214401691;42.38647628;0.1;False;ok;1;1;0.887;
2156;-0.114401691;42.38647628;0.1;False;ok;6;1;1.128;
2157;-0.014401691;42.38647628;0.1;False;ok;42;1;1.169;
2158;0.085598309;42.38647628;0.1;False;ok;75;1;1.222;
2159;0.185598309;42.38647628;0.1;False;ok;10;1;1.169;
2160;0.285598309;42.38647628;0.1;False;ok;1;1;1.071;
2161;0.385598309;42.38647628;0.1;False;ok;13;1;1.245;
2162;0.485598309;42.38647628;0.1;False;ok;1;1;1.145;
2163;0.585598309;42.38647628;0.1;False;ok;15;1;1.222;
2164;0.685598309;42.38647628;0.1;False;ok;43;1;1.276;
2165;0.885598309;42.38647628;0.1;False;ok;3;1;1.233;
2166;0.985598309;42.38647628;0.1;False;ok;11;1;1.267;
2167;1.085598309;42.38647628;0.1;False;ok;75;1;1.339;
2168;1.185598309;42.38647628;0.1;False;ok;1;1;1.117;
2169;1.285598309;42.38647628;0.1;False;ok;0;1;1.857;
2170;1.385598309;42.38647628;0.1;True;ok;3;1;0.939;
2171;1.485598309;42.38647628;0.1;True;ok;0;1;0.766;
2172;1.585598309;42.38647628;0.1;False;ok;5;1;0.753;
2173;1.685598309;42.38647628;0.1;False;ok;6;1;0.696;
2174;1.785598309;42.38647628;0.1;False;ok;38;1;0.875;
2175;1.885598309;42.38647628;0.05;False;ok;74;1;1.087;
2176;1.935598309;42.38647628;0.05;True;ok;9;1;1.052;
2177;1.885598309;42.43647628;0.05;True;ok;8;1;1.228;
2178;1.935598309;42.43647628;0.05;True;ok;40;1;1.236;
2179;1.985598309;42.38647628;0.1;True;ok;3;1;1.330;
2180;2.085598309;42.38647628;0.1;True;ok;2;1;1.317;
2181;2.685598309;42.38647628;0.1;True;ok;2;1;1.251;
2182;2.785598309;42.38647628;0.1;True;ok;17;1;1.251;
2183;2.885598309;42.38647628;0.1;False;ok;10;1;1.255;
2184;2.985598309;42.38647628;0.1;False;ok;6;1;1.240;
2185;3.135598309;42.38647628;0.05;False;ok;39;1;1.276;
2186;-2.514401691;42.48647628;0.1;False;ok;5;1;1.226;
2187;-2.414401691;42.48647628;0.1;False;ok;17;1;1.269;
2188;-2.314401691;42.48647628;0.1;False;ok;11;1;1.231;
2189;-2.214401691;42.48647628;0.1;False;ok;13;1;1.202;
2190;-2.114401691;42.48647628;0.1;False;ok;0;1;1.913;
2191;-1.914401691;42.48647628;0.1;False;ok;4;1;1.122;
2192;-1.714401691;42.48647628;0.1;False;ok;7;1;1.138;
2193;-1.614401691;42.48647628;0.1;False;ok;4;1;0.853;
2194;-1.514401691;42.48647628;0.1;False;ok;4;1;0.734;
2195;-1.414401691;42.48647628;0.1;False;ok;6;1;0.740;
2196;-1.314401691;42.48647628;0.1;False;ok;11;1;0.776;
2197;-1.214401691;42.48647628;0.1;False;ok;3;1;0.831;
2198;-1.114401691;42.48647628;0.1;False;ok;2;1;0.822;
2199;-1.014401691;42.48647628;0.1;False;ok;1;1;1.104;
2200;-0.814401691;42.48647628;0.1;False;ok;6;1;1.111;
2201;-0.714401691;42.48647628;0.1;False;ok;10;1;1.302;
2202;-0.614401691;42.48647628;0.1;False;ok;74;1;1.414;
2203;-0.514401691;42.48647628;0.1;False;ok;23;1;1.357;
2204;-0.414401691;42.48647628;0.1;False;ok;75;1;1.523;
2205;-0.314401691;42.48647628;0.1;False;ok;1;1;1.260;
2206;-0.214401691;42.48647628;0.1;False;ok;22;1;1.392;
2207;-0.114401691;42.48647628;0.1;False;ok;15;1;1.354;
2208;-0.014401691;42.48647628;0.1;False;ok;6;1;1.386;
2209;0.085598309;42.48647628;0.1;False;ok;39;1;1.497;
2210;0.185598309;42.48647628;0.1;False;ok;11;1;1.383;
2211;0.285598309;42.48647628;0.1;False;ok;8;1;1.377;
2212;0.385598309;42.48647628;0.1;False;ok;44;1;1.429;
2213;0.485598309;42.48647628;0.1;False;ok;23;1;1.322;
2214;0.585598309;42.48647628;0.1;False;ok;2;1;1.226;
2215;0.685598309;42.48647628;0.1;False;ok;5;1;1.250;
2216;0.785598309;42.48647628;0.05;False;ok;38;1;1.086;
2217;0.835598309;42.48647628;0.05;False;ok;75;1;1.173;
2218;0.835598309;42.53647628;0.05;False;ok;2;1;0.816;
2219;0.985598309;42.48647628;0.1;False;ok;3;1;0.741;
2220;1.085598309;42.48647628;0.1;False;ok;36;1;0.860;
2221;1.185598309;42.48647628;0.1;False;ok;30;1;0.825;
2222;1.285598309;42.48647628;0.1;False;ok;6;1;0.705;
2223;1.685598309;42.48647628;0.05;True;ok;0;1;0.768;
2224;-2.514401691;42.58647628;0.1;False;ok;3;1;0.913;
2225;-2.414401691;42.58647628;0.1;False;ok;8;1;1.014;
2226;-2.314401691;42.58647628;0.1;False;ok;6;1;1.198;
2227;-2.214401691;42.58647628;0.1;False;ok;5;1;1.316;
2228;-2.114401691;42.58647628;0.1;False;ok;62;1;1.353;
2229;-2.014401691;42.58647628;0.1;False;ok;10;1;1.342;
2230;-1.914401691;42.58647628;0.1;False;ok;13;1;1.357;
2231;-1.814401691;42.58647628;0.1;False;ok;20;1;1.453;
2232;-1.714401691;42.58647628;0.1;False;ok;8;1;1.395;
2233;-1.614401691;42.58647628;0.1;False;ok;4;1;1.399;
2234;-1.414401691;42.58647628;0.1;False;ok;1;1;1.330;
2235;-1.314401691;42.58647628;0.1;False;ok;6;1;1.367;
2236;-1.214401691;42.58647628;0.1;False;ok;4;1;1.358;
2237;-1.014401691;42.58647628;0.1;False;ok;2;1;1.337;
2238;-0.914401691;42.58647628;0.1;False;ok;3;1;1.385;
2239;-0.814401691;42.58647628;0.1;False;ok;1;1;1.273;
2240;-0.714401691;42.58647628;0.1;False;ok;7;1;1.329;
2241;-0.614401691;42.58647628;0.1;False;ok;75;1;1.407;
2242;-0.414401691;42.58647628;0.1;False;ok;73;1;1.341;
2243;-0.314401691;42.58647628;0.1;False;ok;21;1;1.177;
2244;-0.214401691;42.58647628;0.1;False;ok;47;1;1.013;
2245;-0.114401691;42.58647628;0.1;False;ok;33;1;0.906;
2246;-0.014401691;42.58647628;0.1;False;ok;1;1;0.659;
2247;0.085598309;42.58647628;0.1;False;ok;2;1;0.693;
2248;0.185598309;42.58647628;0.1;False;ok;34;1;0.946;
2249;0.285598309;42.58647628;0.1;False;ok;17;1;0.879;
2250;0.485598309;42.58647628;0.025;False;ok;44;1;1.156;
2251;0.510598309;42.58647628;0.0125;False;ok;2;1;1.195;
2252;0.510598309;42.59897628;0.0125;False;ok;75;1;1.475;
2253;0.523098309;42.59897628;0.0125;False;ok;75;1;1.404;
2254;0.535598309;42.58647628;0.05;False;ok;64;1;1.438;
2255;0.535598309;42.63647628;0.05;False;ok;1;1;1.295;
2256;0.685598309;42.58647628;0.1;False;ok;0;1;2.044;
2257;0.885598309;42.58647628;0.1;False;ok;0;1;2.059;
2258;0.985598309;42.58647628;0.1;False;ok;4;1;1.358;
2259;1.085598309;42.58647628;0.1;False;ok;75;1;1.512;
2260;1.185598309;42.58647628;0.1;False;ok;8;1;1.277;
2261;1.285598309;42.58647628;0.1;False;ok;9;1;1.341;
2262;-2.514401691;42.68647628;0.1;False;ok;4;1;1.259;
2263;-2.414401691;42.68647628;0.1;False;ok;5;1;1.306;
2264;-2.314401691;42.68647628;0.1;False;ok;6;1;1.390;
2265;-2.214401691;42.68647628;0.1;False;ok;12;1;1.295;
2266;-2.114401691;42.68647628;0.1;False;ok;16;1;1.229;
2267;-2.014401691;42.68647628;0.1;False;ok;16;1;1.199;
2268;-1.914401691;42.68647628;0.1;False;ok;2;1;0.945;
2269;-1.814401691;42.68647628;0.1;False;ok;6;1;0.953;
2270;-1.714401691;42.68647628;0.1;False;ok;9;1;0.742;
2271;-1.514401691;42.68647628;0.1;False;ok;3;1;0.653;
2272;-1.414401691;42.68647628;0.1;False;ok;8;1;0.590;
2273;-1.314401691;42.68647628;0.1;False;ok;2;1;0.599;
2274;-1.014401691;42.68647628;0.1;False;ok;1;1;0.720;
2275;-0.914401691;42.68647628;0.1;False;ok;14;1;0.863;
2276;-0.814401691;42.68647628;0.1;False;ok;10;1;0.823;
2277;-0.714401691;42.68647628;0.1;False;ok;2;1;0.916;
2278;-0.614401691;42.68647628;0.1;False;ok;55;1;1.292;
2279;-0.514401691;42.68647628;0.1;False;ok;2;1;1.279;
2280;-0.414401691;42.68647628;0.1;False;ok;75;1;1.478;
2281;-0.314401691;42.68647628;0.1;False;ok;73;1;1.622;
2282;-0.114401691;42.68647628;0.1;False;ok;1;1;1.264;
2283;0.685598309;42.68647628;0.1;False;ok;40;1;1.460;
2284;0.785598309;42.68647628;0.0125;False;ok;2;1;1.319;
2285;0.798098309;42.68647628;0.0125;False;ok;28;1;1.490;
2286;0.785598309;42.69897628;0.0125;False;ok;75;1;1.532;
2287;0.798098309;42.69897628;0.0125;False;ok;35;1;1.556;
2288;0.810598309;42.68647628;0.025;False;ok;9;1;1.384;
2289;0.785598309;42.71147628;0.025;False;ok;12;1;1.384;
2290;0.835598309;42.68647628;0.05;False;ok;55;1;1.405;
2291;0.885598309;42.68647628;0.025;False;ok;75;1;1.429;
2292;0.932473309;42.69272628;0.003125;False;ok;19;1;1.309;
2293;0.929348309;42.69585128;0.003125;False;ok;11;1;1.134;
2294;0.932473309;42.69585128;0.003125;False;ok;73;1;2.612;
2295;0.910598309;42.69897628;0.0125;False;ok;16;1;1.119;
2296;0.923098309;42.69897628;0.0125;False;ok;43;1;1.162;
2297;0.910598309;42.71147628;0.025;False;ok;16;1;1.029;
2298;0.935598309;42.68647628;0.05;False;ok;65;1;0.809;
2299;0.985598309;42.68647628;0.1;False;ok;0;1;1.402;
2300;1.085598309;42.68647628;0.1;True;ok;0;1;1.336;
2301;-2.414401691;42.78647628;0.1;False;ok;2;1;0.697;
2302;-2.314401691;42.78647628;0.1;False;ok;4;1;0.759;
2303;-2.214401691;42.78647628;0.1;False;ok;4;1;0.842;
2304;-2.114401691;42.78647628;0.1;False;ok;1;1;0.951;
2305;-2.014401691;42.78647628;0.1;False;ok;0;1;1.726;
2306;-1.914401691;42.78647628;0.1;False;ok;4;1;1.011;
2307;-1.814401691;42.78647628;0.1;False;ok;9;1;1.161;
2308;-1.714401691;42.78647628;0.05;False;ok;50;1;1.204;
2309;-1.664401691;42.78647628;0.025;False;ok;52;1;1.222;
2310;-1.639401691;42.78647628;0.025;False;ok;24;1;1.141;
2311;-1.664401691;42.81147628;0.025;False;ok;74;1;1.293;
2312;-1.639401691;42.81147628;0.025;False;ok;24;1;1.179;
2313;-1.714401691;42.83647628;0.05;False;ok;5;1;1.181;
2314;-1.664401691;42.83647628;0.05;False;ok;4;1;1.067;
2315;-1.614401691;42.78647628;0.1;False;ok;23;1;1.210;
2316;-1.514401691;42.78647628;0.1;False;ok;2;1;1.122;
2317;-1.414401691;42.78647628;0.1;False;ok;2;1;0.996;
2318;-1.314401691;42.78647628;0.1;False;ok;1;1;0.947;
2319;-1.114401691;42.78647628;0.1;False;ok;5;1;0.781;
2320;-1.014401691;42.78647628;0.1;False;ok;33;1;0.756;
2321;-0.814401691;42.78647628;0.1;False;ok;1;1;0.709;
2322;-0.614401691;42.78647628;0.1;True;ok;15;1;0.643;
2323;-0.514401691;42.78647628;0.1;True;ok;0;1;1.377;
2324;0.685598309;42.78647628;0.1;True;ok;34;1;0.818;
2325;-2.414401691;42.88647628;0.1;False;ok;6;1;0.688;
2326;-2.314401691;42.88647628;0.1;False;ok;3;1;0.940;
2327;-2.214401691;42.88647628;0.1;False;ok;12;1;0.876;
2328;-2.114401691;42.88647628;0.1;False;ok;9;1;1.056;
2329;-2.014401691;42.88647628;0.1;False;ok;2;1;1.027;
2330;-1.914401691;42.88647628;0.1;False;ok;11;1;1.181;
2331;-1.814401691;42.88647628;0.1;False;ok;13;1;1.215;
2332;-1.714401691;42.88647628;0.1;False;ok;13;1;1.324;
2333;-1.614401691;42.88647628;0.1;False;ok;10;1;1.255;
2334;-1.514401691;42.88647628;0.1;False;ok;23;1;1.280;
2335;-1.414401691;42.88647628;0.1;False;ok;13;1;1.295;
2336;-1.314401691;42.88647628;0.1;False;ok;13;1;1.256;
2337;-1.214401691;42.88647628;0.1;False;ok;7;1;1.240;
2338;-1.114401691;42.88647628;0.1;False;ok;23;1;1.230;
2339;-2.514401691;42.98647628;0.1;False;ok;13;1;1.332;
2340;-2.414401691;42.98647628;0.1;False;ok;7;1;1.228;
2341;-2.314401691;42.98647628;0.1;False;ok;11;1;1.314;
2342;-2.214401691;42.98647628;0.1;False;ok;9;1;1.216;
2343;-2.114401691;42.98647628;0.1;False;ok;1;1;1.070;
2344;-2.014401691;42.98647628;0.1;False;ok;12;1;1.197;
2345;-1.914401691;42.98647628;0.1;False;ok;12;1;0.960;
2346;-1.814401691;42.98647628;0.1;False;ok;6;1;0.949;
2347;-1.714401691;42.98647628;0.1;False;ok;7;1;0.868;
2348;-1.614401691;42.98647628;0.1;False;ok;1;1;0.883;
2349;-1.514401691;42.98647628;0.1;True;ok;1;1;0.872;
2350;-1.414401691;42.98647628;0.1;False;ok;6;1;0.942;
2351;-1.314401691;42.98647628;0.1;False;ok;10;1;1.041;
2352;-2.514401691;43.08647628;0.1;False;ok;7;1;1.114;
2353;-2.414401691;43.08647628;0.1;False;ok;4;1;1.250;
2354;-2.314401691;43.08647628;0.1;False;ok;18;1;1.307;
2355;-2.214401691;43.08647628;0.1;False;ok;7;1;1.323;
2356;-2.114401691;43.08647628;0.1;False;ok;12;1;1.335;
2357;-2.014401691;43.08647628;0.1;False;ok;5;1;1.293;
2358;-1.914401691;43.08647628;0.1;False;ok;3;1;1.227;
2359;-1.814401691;43.08647628;0.1;False;ok;4;1;1.342;
2360;-1.714401691;43.08647628;0.1;False;ok;24;1;1.340;
2361;-1.614401691;43.08647628;0.1;False;ok;57;1;1.477;
2362;-1.514401691;43.08647628;0.1;True;ok;16;1;1.278;
2363;-1.314401691;43.08647628;0.1;True;ok;8;1;1.437;
2364;-2.514401691;43.18647628;0.1;False;ok;16;1;1.240;
2365;-2.414401691;43.18647628;0.1;False;ok;17;1;1.299;
2366;-2.314401691;43.18647628;0.1;False;ok;21;1;1.326;
2367;-2.214401691;43.18647628;0.1;False;ok;75;1;1.397;
2368;-2.114401691;43.18647628;0.1;False;ok;34;1;1.219;
2369;-2.014401691;43.18647628;0.1;False;ok;33;1;1.245;
2370;-1.914401691;43.18647628;0.1;False;ok;7;1;1.110;
2371;-1.814401691;43.18647628;0.1;False;ok;8;1;0.917;
2372;-1.714401691;43.18647628;0.1;True;ok;32;1;0.909;
2373;-1.614401691;43.18647628;0.1;True;ok;9;1;0.965;
2374;-1.514401691;43.18647628;0.1;False;ok;9;1;0.932;
2375;2.785598309;43.18647628;0.1;True;ok;0;1;1.208;
2376;-2.514401691;43.28647628;0.1;False;ok;68;1;1.048;
2377;-2.414401691;43.28647628;0.1;False;ok;23;1;1.024;
2378;-2.314401691;43.28647628;0.1;False;ok;38;1;1.211;
2379;-2.214401691;43.28647628;0.1;False;ok;75;1;1.193;
2380;-2.114401691;43.28647628;0.1;False;ok;30;1;1.179;
2381;-2.014401691;43.28647628;0.025;False;ok;31;1;1.293;
2382;-1.989401691;43.28647628;0.025;False;ok;65;1;1.391;
2383;-2.014401691;43.31147628;0.025;False;ok;68;1;1.391;
2384;-1.989401691;43.31147628;0.00625;False;ok;75;1;1.332;
2385;-1.983151691;43.31147628;0.00625;False;ok;72;1;1.391;
2386;-1.989401691;43.31772628;0.00625;False;ok;75;1;1.353;
2387;-1.983151691;43.31772628;0.003125;False;ok;74;1;1.332;
2388;-1.980026691;43.31772628;0.003125;False;ok;16;1;1.316;
2389;-1.983151691;43.32085128;0.003125;False;ok;35;1;1.335;
2390;-1.980026691;43.32085128;0.003125;False;ok;33;1;1.307;
2391;-1.976901691;43.31147628;0.0125;False;ok;74;1;1.440;
2392;-1.989401691;43.32397628;0.0125;False;ok;43;1;1.249;
2393;-1.976901691;43.32397628;0.0125;False;ok;75;1;1.266;
2394;-1.964401691;43.28647628;0.05;False;ok;39;1;1.172;
2395;-1.914401691;43.28647628;0.1;False;ok;41;1;1.096;
2396;-1.814401691;43.28647628;0.05;False;ok;5;1;0.976;
2397;-1.814401691;43.33647628;0.025;False;ok;18;1;0.957;
2398;-1.789401691;43.33647628;0.025;True;ok;4;1;0.980;
2399;-1.814401691;43.36147628;0.025;False;ok;74;1;0.926;
2400;-1.789401691;43.36147628;0.0125;True;ok;3;1;0.770;
2401;-1.764401691;43.33647628;0.05;True;ok;1;1;0.813;
2402;-1.714401691;43.28647628;0.05;False;ok;1;1;0.725;
2403;-1.614401691;43.28647628;0.1;True;ok;1;1;1.007;
2404;-1.514401691;43.38647628;0.1;True;ok;1;1;1.188;
2405;1.385598309;43.38647628;0.1;True;ok;1;1;1.043;
2406;-7.168057005;38.21713759;0.1;False;ok;1;1;1.040;
2407;-6.768057005;38.21713759;0.1;False;ok;4;1;1.171;
2408;-6.368057005;38.21713759;0.1;False;ok;1;1;1.173;
2409;-6.068057005;38.21713759;0.1;False;ok;5;1;1.141;
2410;-5.968057005;38.21713759;0.1;False;ok;0;1;1.892;
2411;-5.868057005;38.21713759;0.1;False;ok;2;1;1.159;
2412;-5.768057005;38.21713759;0.1;False;ok;0;1;1.927;
2413;-5.668057005;38.21713759;0.1;False;ok;4;1;1.215;
2414;-5.568057005;38.21713759;0.1;False;ok;1;1;1.220;
2415;-5.468057005;38.21713759;0.1;False;ok;6;1;1.228;
2416;-5.368057005;38.21713759;0.1;False;ok;4;1;1.219;
2417;-3.668057005;38.21713759;0.1;False;ok;3;1;1.260;
2418;-3.468057005;38.21713759;0.1;False;ok;2;1;1.193;
2419;-3.268057005;38.21713759;0.1;False;ok;3;1;1.201;
2420;-2.968057005;38.21713759;0.1;False;ok;5;1;1.183;
2421;-2.868057005;38.21713759;0.1;False;ok;6;1;1.248;
2422;-2.768057005;38.21713759;0.1;False;ok;37;1;1.196;
2423;-2.668057005;38.21713759;0.1;False;ok;26;1;1.162;
2424;-2.568057005;38.21713759;0.1;False;ok;1;1;0.933;
2425;-2.468057005;38.21713759;0.1;False;ok;3;1;0.933;
2426;-7.268057005;38.31713759;0.1;False;ok;3;1;1.033;
2427;-7.168057005;38.31713759;0.1;False;ok;2;1;0.948;
2428;-6.868057005;38.31713759;0.1;False;ok;14;1;0.970;
2429;-6.768057005;38.31713759;0.1;False;ok;4;1;0.936;
2430;-6.668057005;38.31713759;0.1;False;ok;0;1;1.664;
2431;-6.468057005;38.31713759;0.1;False;ok;5;1;1.106;
2432;-6.368057005;38.31713759;0.1;False;ok;3;1;1.043;
2433;-6.068057005;38.31713759;0.1;False;ok;2;1;1.121;
2434;-5.968057005;38.31713759;0.1;False;ok;0;1;1.832;
2435;-5.068057005;38.31713759;0.1;False;ok;12;1;1.158;
2436;-4.968057005;38.31713759;0.1;False;ok;3;1;1.165;
2437;-4.868057005;38.31713759;0.1;False;ok;10;1;1.017;
2438;-4.668057005;38.31713759;0.1;False;ok;6;1;1.126;
2439;-4.368057005;38.31713759;0.1;False;ok;6;1;1.087;
2440;-3.568057005;38.31713759;0.1;False;ok;12;1;1.191;
2441;-3.468057005;38.31713759;0.1;False;ok;2;1;1.193;
2442;-3.368057005;38.31713759;0.1;False;ok;1;1;1.093;
2443;-2.868057005;38.31713759;0.1;False;ok;7;1;1.166;
2444;-2.768057005;38.31713759;0.1;False;ok;8;1;1.173;
2445;-2.668057005;38.31713759;0.1;False;ok;27;1;1.174;
2446;-2.568057005;38.31713759;0.1;False;ok;6;1;1.150;
2447;-2.468057005;38.31713759;0.1;False;ok;17;1;1.128;
2448;-2.368057005;38.31713759;0.1;False;ok;16;1;1.122;
2449;-7.368057005;38.41713759;0.1;True;ok;1;1;1.136;
2450;-6.468057005;38.41713759;0.1;False;ok;30;1;1.036;
2451;-6.368057005;38.41713759;0.1;False;ok;0;1;1.774;
2452;-6.268057005;38.41713759;0.1;False;ok;2;1;0.977;
2453;-5.168057005;38.41713759;0.1;False;ok;5;1;1.009;
2454;-4.768057005;38.41713759;0.1;False;ok;1;1;1.006;
2455;-4.368057005;38.41713759;0.1;False;ok;1;1;0.982;
2456;-3.568057005;38.41713759;0.1;False;ok;1;1;0.995;
2457;-2.768057005;38.41713759;0.1;False;ok;0;1;1.742;
2458;-2.668057005;38.41713759;0.1;False;ok;2;1;1.068;
2459;-2.568057005;38.41713759;0.1;False;ok;10;1;1.141;
2460;-2.468057005;38.41713759;0.1;False;ok;73;1;1.390;
2461;-2.368057005;38.41713759;0.1;False;ok;6;1;1.231;
2462;-7.068057005;38.51713759;0.1;False;ok;0;1;1.913;
2463;-6.868057005;38.51713759;0.1;False;ok;4;1;1.146;
2464;-6.668057005;38.51713759;0.1;False;ok;3;1;1.197;
2465;-6.568057005;38.51713759;0.1;False;ok;1;1;1.126;
2466;-6.368057005;38.51713759;0.1;False;ok;10;1;1.159;
2467;-6.268057005;38.51713759;0.1;False;ok;3;1;1.199;
2468;-6.068057005;38.51713759;0.1;False;ok;3;1;1.198;
2469;-4.568057005;38.51713759;0.1;False;ok;0;1;1.992;
2470;-4.168057005;38.51713759;0.1;False;ok;1;1;1.059;
2471;-3.468057005;38.51713759;0.1;False;ok;3;1;1.089;
2472;-3.368057005;38.51713759;0.1;False;ok;0;1;1.785;
2473;-3.068057005;38.51713759;0.1;False;ok;1;1;0.980;
2474;-2.868057005;38.51713759;0.1;False;ok;0;1;1.669;
2475;-2.668057005;38.51713759;0.1;False;ok;1;1;0.917;
2476;-2.568057005;38.51713759;0.1;False;ok;4;1;0.764;
2477;-2.468057005;38.51713759;0.1;False;ok;1;1;0.677;
2478;-2.368057005;38.51713759;0.1;False;ok;2;1;0.836;
2479;-7.168057005;38.61713759;0.1;False;ok;22;1;1.008;
2480;-7.068057005;38.61713759;0.1;False;ok;3;1;0.910;
2481;-6.568057005;38.61713759;0.1;False;ok;1;1;0.923;
2482;-6.468057005;38.61713759;0.1;False;ok;12;1;1.116;
2483;-6.168057005;38.61713759;0.1;False;ok;1;1;1.043;
2484;-5.668057005;38.61713759;0.1;False;ok;4;1;1.026;
2485;-5.268057005;38.61713759;0.1;False;ok;3;1;1.044;
2486;-4.368057005;38.61713759;0.1;False;ok;2;1;1.056;
2487;-4.268057005;38.61713759;0.1;False;ok;3;1;1.033;
2488;-4.168057005;38.61713759;0.1;False;ok;15;1;1.072;
2489;-3.868057005;38.61713759;0.1;False;ok;4;1;1.037;
2490;-3.568057005;38.61713759;0.1;False;ok;2;1;1.039;
2491;-3.468057005;38.61713759;0.1;False;ok;5;1;1.061;
2492;-3.368057005;38.61713759;0.1;False;ok;3;1;1.082;
2493;-3.168057005;38.61713759;0.1;False;ok;1;1;0.921;
2494;-3.068057005;38.61713759;0.1;False;ok;0;1;1.596;
2495;-2.868057005;38.61713759;0.1;False;ok;4;1;0.956;
2496;-2.768057005;38.61713759;0.1;False;ok;2;1;1.012;
2497;-2.668057005;38.61713759;0.1;False;ok;1;1;1.046;
2498;-2.568057005;38.61713759;0.1;False;ok;15;1;1.151;
2499;-2.468057005;38.61713759;0.1;False;ok;0;1;1.841;
2500;-2.368057005;38.61713759;0.1;False;ok;2;1;1.129;
2501;-6.968057005;38.71713759;0.1;False;ok;2;1;1.179;
2502;-6.468057005;38.71713759;0.1;False;ok;2;1;1.321;
2503;-6.268057005;38.71713759;0.1;False;ok;7;1;1.241;
2504;-5.668057005;38.71713759;0.1;False;ok;0;1;2.034;
2505;-4.968057005;38.71713759;0.1;False;ok;2;1;1.340;
2506;-4.868057005;38.71713759;0.1;False;ok;4;1;1.292;
2507;-4.168057005;38.71713759;0.1;False;ok;4;1;1.247;
2508;-3.768057005;38.71713759;0.1;False;ok;2;1;1.247;
2509;-3.468057005;38.71713759;0.1;False;ok;18;1;1.265;
2510;-3.368057005;38.71713759;0.1;False;ok;2;1;1.150;
2511;-3.068057005;38.71713759;0.1;False;ok;24;1;1.369;
2512;-2.968057005;38.71713759;0.1;False;ok;4;1;1.232;
2513;-2.768057005;38.71713759;0.1;False;ok;1;1;1.121;
2514;-2.668057005;38.71713759;0.1;False;ok;1;1;0.988;
2515;-2.468057005;38.71713759;0.1;False;ok;2;1;0.942;
2516;-7.068057005;38.81713759;0.1;False;ok;44;1;1.040;
2517;-6.968057005;38.81713759;0.1;False;ok;11;1;0.938;
2518;-6.768057005;38.81713759;0.1;False;ok;3;1;0.777;
2519;-6.668057005;38.81713759;0.1;False;ok;7;1;1.147;
2520;-6.568057005;38.81713759;0.1;False;ok;0;1;1.800;
2521;-6.468057005;38.81713759;0.1;False;ok;7;1;1.431;
2522;-6.368057005;38.81713759;0.1;False;ok;75;1;2.133;
2523;-6.268057005;38.81713759;0.1;False;ok;7;1;1.959;
2524;-5.868057005;38.81713759;0.1;False;ok;0;1;2.707;
2525;-5.768057005;38.81713759;0.1;False;ok;0;1;2.710;
2526;-5.468057005;38.81713759;0.1;False;ok;4;1;1.615;
2527;-4.168057005;38.81713759;0.1;False;ok;3;1;1.976;
2528;-3.968057005;38.81713759;0.1;False;ok;1;1;2.000;
2529;-3.768057005;38.81713759;0.1;False;ok;74;1;2.123;
2530;-3.668057005;38.81713759;0.1;False;ok;6;1;1.995;
2531;-3.268057005;38.81713759;0.1;False;ok;6;1;1.730;
2532;-3.168057005;38.81713759;0.1;False;ok;2;1;1.894;
2533;-3.068057005;38.81713759;0.1;False;ok;2;1;1.572;
2534;-6.568057005;38.91713759;0.1;False;ok;3;1;1.534;
2535;-6.468057005;38.91713759;0.1;False;ok;1;1;1.753;
2536;-6.368057005;38.91713759;0.1;False;ok;66;1;1.542;
2537;-6.268057005;38.91713759;0.1;False;ok;5;1;1.688;
2538;-6.068057005;38.91713759;0.1;False;ok;5;1;1.513;
2539;-5.968057005;38.91713759;0.1;False;ok;8;1;1.322;
2540;-5.868057005;38.91713759;0.1;False;ok;12;1;0.971;
2541;-5.568057005;38.91713759;0.1;False;ok;7;1;0.877;
2542;-5.268057005;38.91713759;0.1;False;ok;4;1;0.935;
2543;-5.068057005;38.91713759;0.1;False;ok;2;1;0.924;
2544;-4.668057005;38.91713759;0.1;False;ok;0;1;1.639;
2545;-3.968057005;38.91713759;0.1;False;ok;29;1;1.220;
2546;-3.468057005;38.91713759;0.1;False;ok;18;1;1.031;
2547;-3.368057005;38.91713759;0.1;False;ok;4;1;1.265;
2548;-3.268057005;38.91713759;0.1;False;ok;6;1;1.324;
2549;-2.968057005;38.91713759;0.1;False;ok;65;1;1.222;
2550;-2.868057005;38.91713759;0.1;False;ok;42;1;1.431;
2551;-2.768057005;38.91713759;0.1;False;ok;14;1;1.419;
2552;-2.568057005;38.91713759;0.1;False;ok;2;1;1.367;
2553;-2.468057005;38.91713759;0.1;False;ok;0;1;2.157;
2554;-6.768057005;39.01713759;0.1;False;ok;1;1;1.359;
2555;-6.668057005;39.01713759;0.1;False;ok;1;1;1.354;
2556;-6.568057005;39.01713759;0.1;False;ok;1;1;1.376;
2557;-6.368057005;39.01713759;0.1;False;ok;6;1;1.056;
2558;-5.968057005;39.01713759;0.1;False;ok;3;1;1.317;
2559;-5.768057005;39.01713759;0.1;False;ok;1;1;1.266;
2560;-5.568057005;39.01713759;0.1;False;ok;2;1;0.995;
2561;-5.468057005;39.01713759;0.1;False;ok;0;1;1.903;
2562;-5.368057005;39.01713759;0.1;False;ok;3;1;1.204;
2563;-5.268057005;39.01713759;0.1;False;ok;0;1;1.896;
2564;-4.668057005;39.01713759;0.1;False;ok;3;1;1.176;
2565;-4.268057005;39.01713759;0.1;False;ok;3;1;1.340;
2566;-4.068057005;39.01713759;0.1;False;ok;5;1;1.150;
2567;-3.968057005;39.01713759;0.1;False;ok;2;1;1.394;
2568;-3.768057005;39.01713759;0.1;False;ok;1;1;1.101;
2569;-3.668057005;39.01713759;0.1;False;ok;18;1;1.491;
2570;-3.468057005;39.01713759;0.1;False;ok;1;1;1.361;
2571;-3.068057005;39.01713759;0.1;False;ok;1;1;1.359;
2572;-2.568057005;39.01713759;0.1;False;ok;4;1;1.406;
2573;-7.268057005;39.11713759;0.1;True;ok;5;1;1.238;
2574;-7.068057005;39.11713759;0.1;False;ok;1;1;1.076;
2575;-6.468057005;39.11713759;0.1;False;ok;3;1;1.448;
2576;-6.368057005;39.11713759;0.1;False;ok;1;1;1.377;
2577;-6.268057005;39.11713759;0.1;False;ok;9;1;1.423;
2578;-6.168057005;39.11713759;0.1;False;ok;1;1;1.283;
2579;-6.068057005;39.11713759;0.1;False;ok;6;1;1.340;
2580;-5.968057005;39.11713759;0.1;False;ok;4;1;1.124;
2581;-5.668057005;39.11713759;0.1;False;ok;2;1;1.109;
2582;-5.168057005;39.11713759;0.1;False;ok;0;1;2.043;
2583;-5.068057005;39.11713759;0.1;False;ok;12;1;1.214;
2584;-4.968057005;39.11713759;0.1;False;ok;1;1;1.104;
2585;-4.368057005;39.11713759;0.1;False;ok;4;1;1.439;
2586;-4.168057005;39.11713759;0.1;False;ok;0;1;2.086;
2587;-4.068057005;39.11713759;0.1;False;ok;3;1;1.140;
2588;-3.968057005;39.11713759;0.1;False;ok;2;1;1.468;
2589;-3.868057005;39.11713759;0.1;False;ok;0;1;1.935;
2590;-3.768057005;39.11713759;0.1;False;ok;0;1;1.862;
2591;-3.568057005;39.11713759;0.1;False;ok;0;1;2.193;
2592;-3.368057005;39.11713759;0.1;False;ok;1;1;1.536;
2593;-3.168057005;39.11713759;0.1;False;ok;20;1;1.571;
2594;-3.068057005;39.11713759;0.1;False;ok;31;1;1.641;
2595;-7.268057005;39.21713759;0.1;False;ok;9;1;1.566;
2596;-7.068057005;39.21713759;0.1;False;ok;7;1;1.567;
2597;-6.968057005;39.21713759;0.1;False;ok;0;1;2.284;
2598;-6.368057005;39.21713759;0.1;False;ok;2;1;1.548;
2599;-6.268057005;39.21713759;0.1;False;ok;1;1;1.552;
2600;-6.168057005;39.21713759;0.1;False;ok;25;1;2.059;
2601;-5.868057005;39.21713759;0.1;False;ok;2;1;1.066;
2602;-5.768057005;39.21713759;0.1;False;ok;1;1;1.351;
2603;-5.268057005;39.21713759;0.1;False;ok;2;1;1.501;
2604;-5.168057005;39.21713759;0.1;False;ok;2;1;1.832;
2605;-4.568057005;39.21713759;0.1;False;ok;2;1;3.951;
2606;-4.368057005;39.21713759;0.1;False;ok;5;1;4.444;
2607;-4.068057005;39.21713759;0.1;False;ok;1;1;2.858;
2608;-3.968057005;39.21713759;0.1;False;ok;1;1;4.950;
2609;-3.868057005;39.21713759;0.1;False;ok;2;1;4.957;
2610;-3.668057005;39.21713759;0.1;False;ok;4;1;4.796;
2611;-3.468057005;39.21713759;0.1;False;ok;4;1;5.042;
2612;-3.368057005;39.21713759;0.1;False;ok;0;1;5.641;
2613;-3.168057005;39.21713759;0.1;False;ok;2;1;5.019;
2614;-2.868057005;39.21713759;0.1;False;ok;5;1;4.942;
2615;-2.668057005;39.21713759;0.1;False;ok;7;1;4.948;
2616;-2.568057005;39.21713759;0.1;False;ok;3;1;3.042;
2617;-2.468057005;39.21713759;0.1;False;ok;3;1;3.018;
2618;-2.368057005;39.21713759;0.1;False;ok;2;1;4.973;
2619;-7.368057005;39.31713759;0.1;True;ok;9;1;3.176;
2620;-7.268057005;39.31713759;0.1;False;ok;9;1;5.027;
2621;-7.168057005;39.31713759;0.1;False;ok;6;1;4.874;
2622;-6.368057005;39.31713759;0.1;False;ok;3;1;3.079;
2623;-6.268057005;39.31713759;0.1;False;ok;8;1;4.938;
2624;-6.168057005;39.31713759;0.1;False;ok;1;1;3.127;
2625;-6.068057005;39.31713759;0.1;False;ok;5;1;2.485;
2626;-5.868057005;39.31713759;0.1;False;ok;9;1;2.447;
2627;-5.768057005;39.31713759;0.1;False;ok;1;1;2.392;
2628;-5.568057005;39.31713759;0.1;False;ok;3;1;4.180;
2629;-5.468057005;39.31713759;0.1;False;ok;10;1;2.496;
2630;-5.368057005;39.31713759;0.1;False;ok;2;1;2.433;
2631;-5.068057005;39.31713759;0.1;False;ok;1;1;4.266;
2632;-3.968057005;39.31713759;0.1;False;ok;0;1;3.461;
2633;-3.768057005;39.31713759;0.1;False;ok;5;1;4.451;
2634;-3.568057005;39.31713759;0.1;False;ok;7;1;4.713;
2635;-3.368057005;39.31713759;0.1;False;ok;19;1;4.654;
2636;-3.268057005;39.31713759;0.1;False;ok;14;1;4.628;
2637;-3.168057005;39.31713759;0.1;False;ok;15;1;4.801;
2638;-3.068057005;39.31713759;0.1;False;ok;1;1;4.523;
2639;-2.968057005;39.31713759;0.1;False;ok;2;1;4.638;
2640;-2.768057005;39.31713759;0.1;False;ok;2;1;4.511;
2641;-2.668057005;39.31713759;0.1;False;ok;2;1;2.723;
2642;-2.568057005;39.31713759;0.1;False;ok;1;1;4.443;
2643;-2.468057005;39.31713759;0.1;False;ok;9;1;4.936;
2644;-2.368057005;39.31713759;0.1;False;ok;7;1;2.622;
2645;-6.768057005;39.41713759;0.1;False;ok;2;1;2.512;
2646;-6.668057005;39.41713759;0.1;False;ok;4;1;4.526;
2647;-6.568057005;39.41713759;0.1;False;ok;10;1;4.504;
2648;-6.468057005;39.41713759;0.05;False;ok;1;1;3.540;
2649;-6.418057005;39.41713759;0.05;False;ok;4;1;2.460;
2650;-6.418057005;39.46713759;0.025;False;ok;2;1;5.007;
2651;-6.393057005;39.46713759;0.0125;False;ok;7;1;2.828;
2652;-6.380557005;39.46713759;0.00625;False;ok;13;1;3.013;
2653;-6.374307005;39.46713759;0.00625;False;ok;50;1;3.027;
2654;-6.380557005;39.47338759;0.00625;False;ok;18;1;2.938;
2655;-6.374307005;39.47338759;0.00625;False;ok;75;1;5.372;
2656;-6.380557005;39.47963759;0.0125;False;ok;2;1;2.973;
2657;-6.368057005;39.41713759;0.1;False;ok;12;1;5.725;
2658;-6.168057005;39.41713759;0.1;False;ok;3;1;5.679;
2659;-6.068057005;39.41713759;0.1;False;ok;1;1;6.065;
2660;-5.968057005;39.41713759;0.1;False;ok;63;1;6.306;
2661;-5.868057005;39.41713759;0.1;False;ok;1;1;3.319;
2662;-5.768057005;39.41713759;0.1;False;ok;1;1;6.094;
2663;-5.468057005;39.41713759;0.1;False;ok;2;1;6.222;
2664;-5.368057005;39.41713759;0.1;False;ok;22;1;6.024;
2665;-5.268057005;39.41713759;0.1;False;ok;4;1;6.036;
2666;-4.568057005;39.41713759;0.1;False;ok;7;1;6.132;
2667;-4.468057005;39.41713759;0.1;False;ok;5;1;5.875;
2668;-3.968057005;39.41713759;0.1;False;ok;1;1;5.736;
2669;-3.768057005;39.41713759;0.1;False;ok;1;1;5.653;
2670;-3.668057005;39.41713759;0.1;False;ok;26;1;3.437;
2671;-3.568057005;39.41713759;0.1;False;ok;9;1;3.365;
2672;-3.468057005;39.41713759;0.1;False;ok;5;1;3.361;
2673;-3.368057005;39.41713759;0.1;False;ok;4;1;3.237;
2674;-3.068057005;39.41713759;0.1;False;ok;7;1;3.260;
2675;-2.968057005;39.41713759;0.1;False;ok;17;1;5.820;
2676;-2.768057005;39.41713759;0.1;False;ok;2;1;3.296;
2677;-2.368057005;39.41713759;0.1;False;ok;2;1;5.591;
2678;-7.268057005;39.51713759;0.1;False;ok;0;1;3.826;
2679;-7.068057005;39.51713759;0.1;False;ok;2;1;3.163;
2680;-6.768057005;39.51713759;0.1;False;ok;2;1;3.172;
2681;-6.568057005;39.51713759;0.1;False;ok;1;1;3.203;
2682;-6.468057005;39.51713759;0.1;False;ok;7;1;3.333;
2683;-5.968057005;39.51713759;0.1;False;ok;4;1;5.732;
2684;-5.568057005;39.51713759;0.1;False;ok;4;1;5.531;
2685;-5.368057005;39.51713759;0.1;False;ok;1;1;5.388;
2686;-5.168057005;39.51713759;0.1;False;ok;2;1;5.640;
2687;-4.768057005;39.51713759;0.1;False;ok;1;1;5.330;
2688;-4.568057005;39.51713759;0.1;False;ok;3;1;5.478;
2689;-4.368057005;39.51713759;0.1;False;ok;11;1;5.413;
2690;-4.268057005;39.51713759;0.1;False;ok;5;1;5.443;
2691;-4.068057005;39.51713759;0.1;False;ok;0;1;6.165;
2692;-3.968057005;39.51713759;0.1;False;ok;7;1;5.408;
2693;-3.568057005;39.51713759;0.1;False;ok;1;1;5.372;
2694;-3.368057005;39.51713759;0.1;False;ok;3;1;5.438;
2695;-3.168057005;39.51713759;0.1;False;ok;4;1;3.279;
2696;-3.068057005;39.51713759;0.1;False;ok;3;1;3.117;
2697;-2.868057005;39.51713759;0.1;False;ok;1;1;3.151;
2698;-2.768057005;39.51713759;0.1;False;ok;23;1;3.126;
2699;-2.668057005;39.51713759;0.1;False;ok;1;1;3.021;
2700;-2.468057005;39.51713759;0.1;False;ok;0;1;3.662;
2701;-2.368057005;39.51713759;0.1;False;ok;1;1;4.591;
2702;-7.368057005;39.61713759;0.1;False;ok;0;1;5.285;
2703;-6.968057005;39.61713759;0.1;False;ok;3;1;2.716;
2704;-6.868057005;39.61713759;0.1;False;ok;3;1;2.582;
2705;-6.668057005;39.61713759;0.1;False;ok;1;1;4.842;
2706;-6.568057005;39.61713759;0.1;False;ok;3;1;2.747;
2707;-6.368057005;39.61713759;0.1;False;ok;4;1;4.815;
2708;-5.868057005;39.61713759;0.1;False;ok;1;1;2.653;
2709;-5.568057005;39.61713759;0.1;False;ok;1;1;2.621;
2710;-5.468057005;39.61713759;0.1;False;ok;2;1;5.186;
2711;-5.268057005;39.61713759;0.1;False;ok;4;1;5.163;
2712;-5.168057005;39.61713759;0.1;False;ok;1;1;5.519;
2713;-4.868057005;39.61713759;0.1;False;ok;0;1;6.367;
2714;-4.668057005;39.61713759;0.1;False;ok;14;1;5.447;
2715;-4.568057005;39.61713759;0.1;False;ok;9;1;5.471;
2716;-4.368057005;39.61713759;0.1;False;ok;14;1;5.428;
2717;-4.268057005;39.61713759;0.1;False;ok;12;1;5.486;
2718;-4.168057005;39.61713759;0.1;False;ok;7;1;5.483;
2719;-4.068057005;39.61713759;0.1;False;ok;11;1;2.844;
2720;-3.968057005;39.61713759;0.1;False;ok;13;1;5.845;
2721;-3.868057005;39.61713759;0.1;False;ok;6;1;2.990;
2722;-3.768057005;39.61713759;0.1;False;ok;1;1;5.881;
2723;-3.568057005;39.61713759;0.1;False;ok;3;1;3.260;
2724;-3.368057005;39.61713759;0.1;False;ok;4;1;3.301;
2725;-3.268057005;39.61713759;0.1;False;ok;1;1;3.283;
2726;-2.768057005;39.61713759;0.1;False;ok;2;1;3.258;
2727;-2.468057005;39.61713759;0.1;False;ok;2;1;6.304;
2728;-2.368057005;39.61713759;0.1;False;ok;1;1;3.270;
2729;-6.968057005;39.71713759;0.1;False;ok;3;1;3.310;
2730;-6.868057005;39.71713759;0.1;False;ok;1;1;6.185;
2731;-6.668057005;39.71713759;0.1;False;ok;1;1;5.927;
2732;-6.468057005;39.71713759;0.1;False;ok;3;1;6.202;
2733;-6.068057005;39.71713759;0.1;False;ok;24;1;6.175;
2734;-5.368057005;39.71713759;0.1;False;ok;1;1;3.252;
2735;-5.268057005;39.71713759;0.1;False;ok;3;1;3.374;
2736;-4.168057005;39.71713759;0.1;False;ok;26;1;3.377;
2737;-4.068057005;39.71713759;0.1;False;ok;42;1;3.423;
2738;-3.968057005;39.71713759;0.1;False;ok;4;1;6.595;
2739;-3.868057005;39.71713759;0.1;False;ok;7;1;6.513;
2740;-3.568057005;39.71713759;0.1;False;ok;10;1;6.524;
2741;-3.368057005;39.71713759;0.1;False;ok;4;1;6.388;
2742;-3.268057005;39.71713759;0.1;False;ok;1;1;6.589;
2743;-3.168057005;39.71713759;0.1;False;ok;1;1;6.400;
2744;-2.868057005;39.71713759;0.1;False;ok;0;1;6.826;
2745;-2.568057005;39.71713759;0.1;False;ok;1;1;3.444;
2746;-2.468057005;39.71713759;0.1;False;ok;1;1;6.052;
2747;-6.868057005;39.81713759;0.1;False;ok;3;1;3.416;
2748;-6.768057005;39.81713759;0.1;False;ok;0;1;6.780;
2749;-6.468057005;39.81713759;0.1;False;ok;6;1;3.376;
2750;-6.368057005;39.81713759;0.1;False;ok;2;1;3.382;
2751;-6.168057005;39.81713759;0.1;False;ok;4;1;3.434;
2752;-6.068057005;39.81713759;0.1;False;ok;3;1;3.397;
2753;-5.968057005;39.81713759;0.1;False;ok;1;1;5.331;
2754;-5.868057005;39.81713759;0.1;False;ok;1;1;3.231;
2755;-5.768057005;39.81713759;0.1;False;ok;2;1;4.877;
2756;-5.668057005;39.81713759;0.1;False;ok;3;1;4.878;
2757;-5.468057005;39.81713759;0.1;False;ok;1;1;3.163;
2758;-5.268057005;39.81713759;0.1;False;ok;6;1;4.515;
2759;-5.168057005;39.81713759;0.1;False;ok;1;1;4.552;
2760;-5.068057005;39.81713759;0.1;False;ok;1;1;2.822;
2761;-4.968057005;39.81713759;0.1;False;ok;3;1;4.100;
2762;-4.768057005;39.81713759;0.1;False;ok;6;1;4.300;
2763;-4.568057005;39.81713759;0.1;False;ok;1;1;4.233;
2764;-4.368057005;39.81713759;0.1;False;ok;11;1;4.273;
2765;-4.268057005;39.81713759;0.1;False;ok;6;1;2.673;
2766;-4.043057005;39.81713759;0.025;False;ok;2;1;4.240;
2767;-4.068057005;39.84213759;0.025;False;ok;3;1;4.298;
2768;-4.043057005;39.84213759;0.0125;False;ok;11;1;2.691;
2769;-4.030557005;39.84213759;0.0125;False;ok;46;1;2.692;
2770;-4.043057005;39.85463759;0.0125;False;ok;31;1;4.039;
2771;-4.030557005;39.85463759;0.00625;False;ok;75;1;3.953;
2772;-4.024307005;39.85463759;0.003125;False;ok;74;1;2.409;
2773;-4.021182005;39.85463759;0.003125;False;ok;22;1;2.230;
2774;-4.024307005;39.85776259;0.003125;False;ok;75;1;3.722;
2775;-4.021182005;39.85776259;0.003125;False;ok;23;1;2.231;
2776;-4.030557005;39.86088759;0.00625;False;ok;23;1;2.341;
2777;-4.024307005;39.86088759;0.00625;False;ok;41;1;2.360;
2778;-4.018057005;39.81713759;0.05;False;ok;13;1;4.347;
2779;-4.068057005;39.86713759;0.05;False;ok;30;1;2.377;
2780;-4.018057005;39.86713759;0.05;False;ok;5;1;4.070;
2781;-3.968057005;39.81713759;0.1;False;ok;13;1;4.302;
2782;-3.668057005;39.81713759;0.1;False;ok;2;1;4.482;
2783;-3.568057005;39.81713759;0.1;False;ok;4;1;4.653;
2784;-3.168057005;39.81713759;0.1;False;ok;0;1;2.991;
2785;-3.068057005;39.81713759;0.1;False;ok;3;1;2.237;
2786;-2.668057005;39.81713759;0.1;False;ok;1;1;4.956;
2787;-2.568057005;39.81713759;0.1;False;ok;1;1;4.992;
2788;-6.668057005;39.91713759;0.1;False;ok;0;1;6.080;
2789;-6.568057005;39.91713759;0.1;False;ok;8;1;5.119;
2790;-6.368057005;39.91713759;0.1;False;ok;7;1;5.420;
2791;-6.168057005;39.91713759;0.1;False;ok;7;1;5.208;
2792;-6.068057005;39.91713759;0.1;False;ok;11;1;5.479;
2793;-5.968057005;39.91713759;0.1;False;ok;2;1;2.230;
2794;-5.768057005;39.91713759;0.1;False;ok;3;1;5.976;
2795;-5.668057005;39.91713759;0.1;False;ok;11;1;2.499;
2796;-5.468057005;39.91713759;0.1;False;ok;1;1;2.576;
2797;-5.268057005;39.91713759;0.1;False;ok;10;1;2.730;
2798;-5.168057005;39.91713759;0.1;False;ok;2;1;6.068;
2799;-4.968057005;39.91713759;0.1;False;ok;8;1;3.332;
2800;-4.868057005;39.91713759;0.1;False;ok;43;1;3.556;
2801;-4.768057005;39.91713759;0.1;False;ok;12;1;3.423;
2802;-4.668057005;39.91713759;0.1;False;ok;0;1;6.972;
2803;-4.568057005;39.91713759;0.1;False;ok;1;1;6.237;
2804;-4.468057005;39.91713759;0.1;False;ok;3;1;6.199;
2805;-4.368057005;39.91713759;0.1;False;ok;7;1;3.499;
2806;-4.168057005;39.91713759;0.1;False;ok;4;1;3.420;
2807;-4.068057005;39.91713759;0.1;False;ok;7;1;3.418;
2808;-3.968057005;39.91713759;0.1;False;ok;11;1;6.320;
2809;-3.768057005;39.91713759;0.1;False;ok;1;1;6.259;
2810;-3.668057005;39.91713759;0.1;False;ok;0;1;6.791;
2811;-3.568057005;39.91713759;0.1;False;ok;7;1;6.084;
2812;-3.468057005;39.91713759;0.1;False;ok;3;1;6.085;
2813;-3.368057005;39.91713759;0.1;False;ok;1;1;3.329;
2814;-3.268057005;39.91713759;0.1;False;ok;5;1;6.171;
2815;-3.068057005;39.91713759;0.1;False;ok;5;1;6.027;
2816;-2.968057005;39.91713759;0.1;False;ok;2;1;6.238;
2817;-2.868057005;39.91713759;0.1;False;ok;5;1;3.408;
2818;-2.368057005;39.91713759;0.1;False;ok;0;1;6.895;
2819;-6.868057005;40.01713759;0.1;False;ok;0;1;4.142;
2820;-6.668057005;40.01713759;0.1;False;ok;10;1;6.213;
2821;-6.268057005;40.01713759;0.1;False;ok;5;1;3.435;
2822;-6.168057005;40.01713759;0.1;False;ok;71;1;3.576;
2823;-5.968057005;40.01713759;0.1;False;ok;13;1;3.443;
2824;-5.868057005;40.01713759;0.1;False;ok;19;1;6.177;
2825;-5.768057005;40.01713759;0.1;False;ok;49;1;3.472;
2826;-5.668057005;40.01713759;0.1;False;ok;4;1;5.972;
2827;-5.568057005;40.01713759;0.1;False;ok;2;1;3.394;
2828;-5.468057005;40.01713759;0.1;False;ok;2;1;6.017;
2829;-5.268057005;40.01713759;0.1;False;ok;2;1;6.101;
2830;-5.168057005;40.01713759;0.1;False;ok;7;1;6.024;
2831;-5.068057005;40.01713759;0.1;False;ok;3;1;6.107;
2832;-4.968057005;40.01713759;0.1;False;ok;3;1;3.389;
2833;-4.868057005;40.01713759;0.1;False;ok;13;1;3.530;
2834;-4.768057005;40.01713759;0.1;False;ok;12;1;3.521;
2835;-4.668057005;40.01713759;0.1;False;ok;8;1;3.421;
2836;-4.568057005;40.01713759;0.1;False;ok;4;1;6.149;
2837;-4.468057005;40.01713759;0.1;False;ok;5;1;6.117;
2838;-4.368057005;40.01713759;0.1;False;ok;4;1;6.062;
2839;-4.268057005;40.01713759;0.1;False;ok;16;1;5.846;
2840;-4.068057005;40.01713759;0.1;False;ok;2;1;5.914;
2841;-3.968057005;40.01713759;0.1;False;ok;9;1;3.428;
2842;-3.868057005;40.01713759;0.1;False;ok;2;1;5.878;
2843;-3.768057005;40.01713759;0.1;False;ok;3;1;3.280;
2844;-3.668057005;40.01713759;0.1;False;ok;23;1;5.818;
2845;-3.468057005;40.01713759;0.1;False;ok;11;1;5.997;
2846;-2.968057005;40.01713759;0.1;False;ok;2;1;3.522;
2847;-2.768057005;40.01713759;0.1;False;ok;4;1;3.303;
2848;-2.668057005;40.01713759;0.1;False;ok;1;1;5.515;
2849;-2.468057005;40.01713759;0.1;False;ok;1;1;3.239;
2850;-2.368057005;40.01713759;0.1;False;ok;1;1;3.152;
2851;-6.968057005;40.11713759;0.1;False;ok;4;1;5.168;
2852;-6.868057005;40.11713759;0.1;False;ok;35;1;5.109;
2853;-6.768057005;40.11713759;0.1;False;ok;20;1;3.377;
2854;-6.668057005;40.11713759;0.1;False;ok;2;1;4.956;
2855;-6.568057005;40.11713759;0.1;False;ok;3;1;3.355;
2856;-6.168057005;40.11713759;0.1;False;ok;4;1;4.880;
2857;-6.068057005;40.11713759;0.1;False;ok;12;1;4.936;
2858;-5.968057005;40.11713759;0.1;False;ok;33;1;2.934;
2859;-5.868057005;40.11713759;0.1;False;ok;60;1;3.027;
2860;-5.768057005;40.11713759;0.1;False;ok;11;1;4.851;
2861;-5.668057005;40.11713759;0.1;False;ok;60;1;2.981;
2862;-5.568057005;40.11713759;0.1;False;ok;9;1;2.871;
2863;-5.468057005;40.11713759;0.1;False;ok;30;1;4.938;
2864;-5.368057005;40.11713759;0.1;False;ok;36;1;4.818;
2865;-5.268057005;40.11713759;0.1;False;ok;72;1;5.076;
2866;-5.168057005;40.11713759;0.1;False;ok;75;1;4.925;
2867;-4.968057005;40.11713759;0.1;False;ok;13;1;4.818;
2868;-4.868057005;40.11713759;0.1;False;ok;2;1;4.409;
2869;-4.768057005;40.11713759;0.1;False;ok;7;1;2.367;
2870;-4.668057005;40.11713759;0.1;False;ok;2;1;4.480;
2871;-4.468057005;40.11713759;0.1;False;ok;8;1;2.351;
2872;-4.168057005;40.11713759;0.1;False;ok;1;1;4.705;
2873;-4.068057005;40.11713759;0.1;False;ok;3;1;2.744;
2874;-3.968057005;40.11713759;0.1;False;ok;4;1;2.799;
2875;-3.868057005;40.11713759;0.1;False;ok;8;1;2.817;
2876;-3.768057005;40.11713759;0.1;False;ok;11;1;2.782;
2877;-3.668057005;40.11713759;0.1;False;ok;30;1;5.320;
2878;-3.568057005;40.11713759;0.1;False;ok;1;1;5.431;
2879;-3.468057005;40.11713759;0.1;False;ok;37;1;5.559;
2880;-3.368057005;40.11713759;0.1;False;ok;11;1;5.675;
2881;-3.168057005;40.11713759;0.1;False;ok;11;1;3.055;
2882;-3.068057005;40.11713759;0.1;False;ok;2;1;5.300;
2883;-2.768057005;40.11713759;0.1;False;ok;1;1;3.014;
2884;-2.568057005;40.11713759;0.1;False;ok;1;1;5.641;
2885;-6.968057005;40.21713759;0.1;True;ok;3;1;5.641;
2886;-6.868057005;40.21713759;0.1;False;ok;3;1;5.640;
2887;-6.768057005;40.21713759;0.1;False;ok;1;1;5.372;
2888;-6.668057005;40.21713759;0.1;False;ok;25;1;5.666;
2889;-6.568057005;40.21713759;0.1;False;ok;4;1;3.278;
2890;-6.468057005;40.21713759;0.1;False;ok;6;1;5.630;
2891;-6.368057005;40.21713759;0.1;False;ok;9;1;3.272;
2892;-6.268057005;40.21713759;0.1;False;ok;5;1;3.238;
2893;-6.168057005;40.21713759;0.1;False;ok;0;1;3.978;
2894;-6.068057005;40.21713759;0.1;False;ok;11;1;5.787;
2895;-5.968057005;40.21713759;0.1;False;ok;17;1;5.851;
2896;-5.868057005;40.21713759;0.1;False;ok;57;1;5.922;
2897;-5.768057005;40.21713759;0.1;False;ok;21;1;3.397;
2898;-5.668057005;40.21713759;0.1;False;ok;25;1;3.372;
2899;-5.568057005;40.21713759;0.1;False;ok;16;1;6.292;
2900;-5.168057005;40.21713759;0.1;False;ok;36;1;5.895;
2901;-5.068057005;40.21713759;0.1;False;ok;38;1;3.237;
2902;-4.968057005;40.21713759;0.1;False;ok;13;1;3.288;
2903;-4.868057005;40.21713759;0.1;False;ok;24;1;3.209;
2904;-4.768057005;40.21713759;0.1;False;ok;22;1;5.881;
2905;-4.668057005;40.21713759;0.1;False;ok;49;1;6.063;
2906;-4.568057005;40.21713759;0.1;False;ok;4;1;5.883;
2907;-4.468057005;40.21713759;0.1;False;ok;14;1;3.174;
2908;-4.368057005;40.21713759;0.1;False;ok;1;1;5.968;
2909;-4.268057005;40.21713759;0.1;False;ok;10;1;3.379;
2910;-4.068057005;40.21713759;0.1;False;ok;11;1;6.059;
2911;-3.968057005;40.21713759;0.1;False;ok;11;1;6.005;
2912;-3.868057005;40.21713759;0.1;False;ok;29;1;6.273;
2913;-3.768057005;40.21713759;0.1;False;ok;38;1;3.554;
2914;-3.668057005;40.21713759;0.1;False;ok;1;1;6.218;
2915;-3.568057005;40.21713759;0.1;False;ok;3;1;6.100;
2916;-3.468057005;40.21713759;0.1;False;ok;9;1;6.067;
2917;-3.368057005;40.21713759;0.1;False;ok;3;1;3.419;
2918;-3.268057005;40.21713759;0.1;False;ok;2;1;6.144;
2919;-3.068057005;40.21713759;0.1;False;ok;4;1;3.410;
2920;-2.968057005;40.21713759;0.1;False;ok;1;1;3.381;
2921;-2.868057005;40.21713759;0.1;False;ok;8;1;5.970;
2922;-2.368057005;40.21713759;0.1;False;ok;2;1;3.322;
2923;-6.568057005;40.31713759;0.1;False;ok;12;1;3.352;
2924;-6.468057005;40.31713759;0.1;False;ok;4;1;3.318;
2925;-6.368057005;40.31713759;0.1;False;ok;9;1;5.125;
2926;-6.268057005;40.31713759;0.1;False;ok;8;1;5.081;
2927;-6.068057005;40.31713759;0.1;False;ok;1;1;4.724;
2928;-5.968057005;40.31713759;0.1;False;ok;5;1;4.820;
2929;-5.868057005;40.31713759;0.1;False;ok;44;1;4.894;
2930;-5.768057005;40.31713759;0.1;False;ok;75;1;3.453;
2931;-5.668057005;40.31713759;0.1;False;ok;18;1;3.303;
2932;-5.568057005;40.31713759;0.1;False;ok;30;1;3.286;
2933;-5.468057005;40.31713759;0.1;False;ok;6;1;3.009;
2934;-5.368057005;40.31713759;0.1;False;ok;10;1;4.265;
2935;-5.268057005;40.31713759;0.1;False;ok;34;1;4.255;
2936;-5.168057005;40.31713759;0.1;False;ok;41;1;4.100;
2937;-5.068057005;40.31713759;0.1;False;ok;14;1;3.941;
2938;-4.968057005;40.31713759;0.1;False;ok;11;1;2.641;
2939;-4.868057005;40.31713759;0.1;False;ok;19;1;3.983;
2940;-4.768057005;40.31713759;0.1;False;ok;46;1;3.990;
2941;-4.668057005;40.31713759;0.1;False;ok;10;1;2.423;
2942;-4.568057005;40.31713759;0.1;False;ok;12;1;3.406;
2943;-4.468057005;40.31713759;0.1;False;ok;58;1;3.175;
2944;-4.368057005;40.31713759;0.1;False;ok;15;1;3.177;
2945;-4.268057005;40.31713759;0.1;False;ok;7;1;2.158;
2946;-4.068057005;40.31713759;0.1;False;ok;9;1;2.120;
2947;-3.968057005;40.31713759;0.1;False;ok;10;1;2.146;
2948;-3.868057005;40.31713759;0.1;False;ok;44;1;2.234;
2949;-3.768057005;40.31713759;0.05;False;ok;12;1;3.714;
2950;-3.718057005;40.31713759;0.05;False;ok;49;1;3.737;
2951;-3.768057005;40.36713759;0.05;False;ok;74;1;3.805;
2952;-3.718057005;40.36713759;0.025;False;ok;73;1;2.362;
2953;-3.693057005;40.36713759;0.025;False;ok;40;1;3.690;
2954;-3.718057005;40.39213759;0.0125;False;ok;54;1;2.387;
2955;-3.705557005;40.39213759;0.0125;False;ok;75;1;3.786;
2956;-3.718057005;40.40463759;0.00625;False;ok;52;1;3.993;
2957;-3.711807005;40.40463759;0.00625;False;ok;74;1;3.829;
2958;-3.718057005;40.41088759;0.00625;False;ok;59;1;3.825;
2959;-3.711807005;40.41088759;0.003125;False;ok;29;1;3.802;
2960;-3.708682005;40.41088759;0.003125;False;ok;72;1;2.597;
2961;-3.711807005;40.41401259;0.003125;False;ok;69;1;2.671;
2962;-3.708682005;40.41401259;0.003125;False;ok;74;1;2.607;
2963;-3.705557005;40.40463759;0.00625;False;ok;75;1;4.243;
2964;-3.699307005;40.40463759;0.00625;False;ok;72;1;4.026;
2965;-3.705557005;40.41088759;0.003125;False;ok;74;1;4.158;
2966;-3.702432005;40.41088759;0.003125;False;ok;73;1;4.281;
2967;-3.705557005;40.41401259;0.003125;False;ok;75;1;2.657;
2968;-3.702432005;40.41401259;0.003125;False;ok;75;1;4.195;
2969;-3.699307005;40.41088759;0.003125;False;ok;62;1;2.409;
2970;-3.696182005;40.41088759;0.003125;False;ok;52;1;2.371;
2971;-3.699307005;40.41401259;0.003125;False;ok;65;1;4.618;
2972;-3.696182005;40.41401259;0.003125;False;ok;11;1;4.782;
2973;-3.693057005;40.39213759;0.025;False;ok;74;1;4.939;
2974;-3.668057005;40.31713759;0.1;False;ok;74;1;3.007;
2975;-3.568057005;40.31713759;0.1;False;ok;30;1;2.802;
2976;-3.468057005;40.31713759;0.1;False;ok;3;1;2.834;
2977;-3.368057005;40.31713759;0.1;False;ok;3;1;4.818;
2978;-3.268057005;40.31713759;0.1;False;ok;8;1;4.963;
2979;-3.168057005;40.31713759;0.1;False;ok;3;1;2.946;
2980;-2.968057005;40.31713759;0.1;False;ok;5;1;5.038;
2981;-2.868057005;40.31713759;0.1;False;ok;0;1;3.668;
2982;-2.768057005;40.31713759;0.1;False;ok;11;1;5.103;
2983;-2.468057005;40.31713759;0.1;False;ok;0;1;5.746;
2984;-2.368057005;40.31713759;0.1;False;ok;2;1;4.938;
2985;-6.868057005;40.41713759;0.1;False;ok;1;1;2.843;
2986;-6.768057005;40.41713759;0.1;False;ok;0;1;5.468;
2987;-6.368057005;40.41713759;0.1;False;ok;5;1;4.716;
2988;-6.268057005;40.41713759;0.1;False;ok;3;1;4.582;
2989;-6.168057005;40.41713759;0.1;False;ok;37;1;4.684;
2990;-6.068057005;40.41713759;0.1;False;ok;60;1;4.480;
2991;-5.968057005;40.41713759;0.1;False;ok;10;1;2.991;
2992;-5.868057005;40.41713759;0.1;False;ok;4;1;2.926;
2993;-5.768057005;40.41713759;0.1;False;ok;8;1;2.993;
2994;-5.668057005;40.41713759;0.1;False;ok;4;1;2.746;
2995;-5.568057005;40.41713759;0.1;False;ok;3;1;2.539;
2996;-5.468057005;40.41713759;0.1;False;ok;13;1;3.700;
2997;-5.368057005;40.41713759;0.1;False;ok;11;1;2.584;
2998;-5.268057005;40.41713759;0.1;False;ok;4;1;3.577;
2999;-5.168057005;40.41713759;0.1;False;ok;11;1;3.642;
3000;-5.068057005;40.41713759;0.1;False;ok;0;1;4.223;
3001;-4.968057005;40.41713759;0.1;False;ok;3;1;3.267;
3002;-4.868057005;40.41713759;0.1;False;ok;5;1;2.057;
3003;-4.768057005;40.41713759;0.1;False;ok;0;1;2.823;
3004;-4.668057005;40.41713759;0.1;False;ok;26;1;3.921;
3005;-4.568057005;40.41713759;0.1;False;ok;13;1;2.153;
3006;-4.468057005;40.41713759;0.1;False;ok;11;1;3.852;
3007;-4.368057005;40.41713759;0.1;False;ok;2;1;3.722;
3008;-4.268057005;40.41713759;0.1;False;ok;16;1;2.073;
3009;-4.168057005;40.41713759;0.1;False;ok;3;1;3.889;
3010;-4.068057005;40.41713759;0.1;False;ok;10;1;3.816;
3011;-3.968057005;40.41713759;0.1;False;ok;18;1;2.330;
3012;-3.868057005;40.41713759;0.1;False;ok;42;1;4.325;
3013;-3.768057005;40.41713759;0.05;False;ok;49;1;4.048;
3014;-3.718057005;40.41713759;0.00625;False;ok;32;1;4.425;
3015;-3.711807005;40.41713759;0.003125;False;ok;31;1;4.449;
3016;-3.708682005;40.41713759;0.003125;False;ok;73;1;2.745;
3017;-3.711807005;40.42026259;0.003125;False;ok;74;1;2.969;
3018;-3.708682005;40.42026259;0.003125;False;ok;75;1;5.525;
3019;-3.718057005;40.42338759;0.00625;False;ok;41;1;2.915;
3020;-3.711807005;40.42338759;0.00625;False;ok;74;1;5.379;
3021;-3.705557005;40.41713759;0.003125;False;ok;75;1;3.071;
3022;-3.702432005;40.41713759;0.003125;False;ok;75;1;5.435;
3023;-3.705557005;40.42026259;0.003125;False;ok;75;1;5.456;
3024;-3.702432005;40.42026259;0.003125;False;ok;75;1;2.977;
3025;-3.699307005;40.41713759;0.003125;False;ok;35;1;3.003;
3026;-3.696182005;40.41713759;0.003125;False;ok;1;1;5.259;
3027;-3.699307005;40.42026259;0.003125;False;ok;74;1;6.120;
3028;-3.696182005;40.42026259;0.003125;False;ok;11;1;5.900;
3029;-3.705557005;40.42338759;0.003125;False;ok;75;1;5.818;
3030;-3.702432005;40.42338759;0.003125;False;ok;57;1;3.490;
3031;-3.705557005;40.42651259;0.003125;False;ok;53;1;6.112;
3032;-3.702432005;40.42651259;0.003125;False;ok;14;1;5.940;
3033;-3.699307005;40.42338759;0.00625;False;ok;57;1;6.375;
3034;-3.718057005;40.42963759;0.0125;False;ok;73;1;3.663;
3035;-3.705557005;40.42963759;0.0125;False;ok;75;1;3.777;
3036;-3.693057005;40.41713759;0.0125;False;ok;72;1;6.036;
3037;-3.680557005;40.41713759;0.0125;False;ok;71;1;3.543;
3038;-3.693057005;40.42963759;0.0125;False;ok;48;1;6.093;
3039;-3.680557005;40.42963759;0.0125;False;ok;73;1;6.222;
3040;-3.718057005;40.44213759;0.0125;False;ok;46;1;3.651;
3041;-3.705557005;40.44213759;0.0125;False;ok;72;1;3.595;
3042;-3.718057005;40.45463759;0.0125;False;ok;19;1;3.455;
3043;-3.705557005;40.45463759;0.0125;False;ok;75;1;5.682;
3044;-3.693057005;40.44213759;0.025;False;ok;73;1;5.891;
3045;-3.768057005;40.46713759;0.05;False;ok;15;1;5.340;
3046;-3.718057005;40.46713759;0.05;False;ok;74;1;5.745;
3047;-3.668057005;40.41713759;0.025;False;ok;75;1;5.728;
3048;-3.643057005;40.41713759;0.025;False;ok;74;1;3.525;
3049;-3.668057005;40.44213759;0.025;False;ok;52;1;3.381;
3050;-3.643057005;40.44213759;0.025;False;ok;18;1;3.274;
3051;-3.618057005;40.41713759;0.05;False;ok;75;1;3.360;
3052;-3.668057005;40.46713759;0.05;False;ok;74;1;3.345;
3053;-3.618057005;40.46713759;0.05;False;ok;55;1;5.856;
3054;-3.568057005;40.41713759;0.1;False;ok;66;1;5.882;
3055;-3.468057005;40.41713759;0.1;False;ok;49;1;5.823;
3056;-3.368057005;40.41713759;0.1;False;ok;65;1;5.696;
3057;-3.268057005;40.41713759;0.1;False;ok;2;1;5.733;
3058;-3.068057005;40.41713759;0.1;False;ok;4;1;3.155;
3059;-2.968057005;40.41713759;0.1;False;ok;13;1;5.755;
3060;-2.868057005;40.41713759;0.1;False;ok;1;1;5.644;
3061;-2.768057005;40.41713759;0.1;False;ok;5;1;5.759;
3062;-2.468057005;40.41713759;0.1;False;ok;2;1;5.760;
3063;-2.368057005;40.41713759;0.1;False;ok;5;1;3.324;
3064;-6.868057005;40.51713759;0.1;True;ok;1;1;3.332;
3065;-6.668057005;40.51713759;0.1;False;ok;1;1;3.436;
3066;-6.568057005;40.51713759;0.1;False;ok;67;1;3.474;
3067;-6.168057005;40.51713759;0.1;False;ok;7;1;3.452;
3068;-6.068057005;40.51713759;0.1;False;ok;12;1;6.180;
3069;-5.968057005;40.51713759;0.1;False;ok;11;1;6.216;
3070;-5.868057005;40.51713759;0.1;False;ok;4;1;6.072;
3071;-5.768057005;40.51713759;0.1;False;ok;2;1;6.186;
3072;-5.668057005;40.51713759;0.1;False;ok;5;1;3.410;
3073;-5.368057005;40.51713759;0.1;False;ok;0;1;6.896;
3074;-5.268057005;40.51713759;0.1;False;ok;2;1;3.447;
3075;-5.168057005;40.51713759;0.1;False;ok;4;1;3.552;
3076;-5.068057005;40.51713759;0.1;False;ok;11;1;6.494;
3077;-4.968057005;40.51713759;0.1;False;ok;21;1;6.393;
3078;-4.868057005;40.51713759;0.1;False;ok;6;1;3.435;
3079;-4.768057005;40.51713759;0.1;False;ok;3;1;6.382;
3080;-4.668057005;40.51713759;0.1;False;ok;1;1;6.520;
3081;-4.568057005;40.51713759;0.1;False;ok;10;1;3.489;
3082;-4.468057005;40.51713759;0.1;False;ok;2;1;6.298;
3083;-4.368057005;40.51713759;0.1;False;ok;26;1;3.533;
3084;-4.268057005;40.51713759;0.1;False;ok;15;1;6.320;
3085;-4.168057005;40.51713759;0.1;False;ok;21;1;6.221;
3086;-4.068057005;40.51713759;0.1;False;ok;16;1;6.091;
3087;-3.968057005;40.51713759;0.1;False;ok;13;1;3.511;
3088;-3.768057005;40.51713759;0.1;False;ok;15;1;6.345;
3089;-3.668057005;40.51713759;0.1;False;ok;74;1;3.642;
3090;-3.568057005;40.51713759;0.1;False;ok;4;1;3.465;
3091;-3.468057005;40.51713759;0.1;False;ok;6;1;3.443;
3092;-3.368057005;40.51713759;0.1;False;ok;5;1;6.116;
3093;-3.268057005;40.51713759;0.1;False;ok;6;1;6.246;
3094;-3.068057005;40.51713759;0.1;False;ok;14;1;6.203;
3095;-2.968057005;40.51713759;0.1;False;ok;3;1;3.441;
3096;-2.768057005;40.51713759;0.1;False;ok;7;1;3.531;
3097;-6.868057005;40.61713759;0.1;True;ok;1;1;6.128;
3098;-6.468057005;40.61713759;0.1;False;ok;4;1;3.415;
3099;-5.968057005;40.61713759;0.1;False;ok;0;1;6.752;
3100;-5.168057005;40.61713759;0.1;False;ok;2;1;6.032;
3101;-5.068057005;40.61713759;0.1;False;ok;5;1;5.934;
3102;-4.868057005;40.61713759;0.1;False;ok;8;1;5.934;
3103;-4.768057005;40.61713759;0.05;False;ok;2;1;6.235;
3104;-4.693057005;40.61713759;0.025;False;ok;2;1;3.430;
3105;-4.718057005;40.64213759;0.025;False;ok;75;1;3.717;
3106;-4.693057005;40.64213759;0.025;False;ok;41;1;6.212;
3107;-4.768057005;40.66713759;0.05;False;ok;6;1;3.404;
3108;-4.718057005;40.66713759;0.05;False;ok;1;1;3.371;
3109;-4.668057005;40.61713759;0.1;False;ok;14;1;6.072;
3110;-4.568057005;40.61713759;0.1;False;ok;1;1;6.148;
3111;-4.368057005;40.61713759;0.1;False;ok;1;1;6.003;
3112;-4.268057005;40.61713759;0.1;False;ok;17;1;3.386;
3113;-4.168057005;40.61713759;0.1;False;ok;20;1;6.035;
3114;-4.068057005;40.61713759;0.1;False;ok;51;1;3.584;
3115;-3.968057005;40.61713759;0.1;False;ok;9;1;6.088;
3116;-3.868057005;40.61713759;0.1;False;ok;3;1;6.194;
3117;-3.768057005;40.61713759;0.1;False;ok;3;1;6.212;
3118;-3.668057005;40.61713759;0.1;False;ok;9;1;3.393;
3119;-3.568057005;40.61713759;0.1;False;ok;6;1;3.340;
3120;-3.468057005;40.61713759;0.1;False;ok;5;1;5.991;
3121;-3.368057005;40.61713759;0.1;False;ok;2;1;3.341;
3122;-3.268057005;40.61713759;0.1;False;ok;7;1;3.456;
3123;-3.168057005;40.61713759;0.1;False;ok;19;1;3.374;
3124;-3.068057005;40.61713759;0.1;False;ok;4;1;6.174;
3125;-2.968057005;40.61713759;0.1;False;ok;1;1;3.278;
3126;-2.768057005;40.61713759;0.1;False;ok;3;1;6.247;
3127;-2.668057005;40.61713759;0.1;False;ok;4;1;6.320;
3128;-6.768057005;40.71713759;0.1;False;ok;0;1;7.115;
3129;-6.368057005;40.71713759;0.1;False;ok;0;1;7.008;
3130;-5.968057005;40.71713759;0.1;False;ok;1;1;6.003;
3131;-5.768057005;40.71713759;0.1;False;ok;4;1;6.328;
3132;-5.668057005;40.71713759;0.1;False;ok;1;1;3.278;
3133;-5.068057005;40.71713759;0.1;False;ok;1;1;3.314;
3134;-4.968057005;40.71713759;0.1;False;ok;2;1;6.159;
3135;-4.768057005;40.71713759;0.1;False;ok;2;1;6.176;
3136;-4.668057005;40.71713759;0.1;False;ok;6;1;3.383;
3137;-4.568057005;40.71713759;0.1;False;ok;5;1;6.146;
3138;-4.468057005;40.71713759;0.1;False;ok;8;1;3.398;
3139;-4.368057005;40.71713759;0.1;False;ok;21;1;3.398;
3140;-4.268057005;40.71713759;0.1;False;ok;30;1;3.418;
3141;-4.168057005;40.71713759;0.1;False;ok;8;1;6.071;
3142;-4.068057005;40.71713759;0.1;False;ok;44;1;6.198;
3143;-3.968057005;40.71713759;0.1;False;ok;17;1;6.066;
3144;-3.868057005;40.71713759;0.1;False;ok;20;1;6.137;
3145;-3.768057005;40.71713759;0.1;False;ok;12;1;3.365;
3146;-3.668057005;40.71713759;0.1;False;ok;16;1;3.399;
3147;-3.568057005;40.71713759;0.1;False;ok;2;1;3.298;
3148;-3.468057005;40.71713759;0.1;False;ok;7;1;3.373;
3149;-3.168057005;40.71713759;0.1;False;ok;4;1;3.429;
3150;-3.068057005;40.71713759;0.1;False;ok;5;1;5.903;
3151;-2.968057005;40.71713759;0.1;False;ok;5;1;5.858;
3152;-2.868057005;40.71713759;0.1;False;ok;7;1;6.011;
3153;-2.768057005;40.71713759;0.1;False;ok;2;1;3.316;
3154;-2.668057005;40.71713759;0.1;False;ok;4;1;5.926;
3155;-2.468057005;40.71713759;0.1;False;ok;1;1;5.805;
3156;-2.368057005;40.71713759;0.1;False;ok;3;1;5.825;
3157;-6.868057005;40.81713759;0.1;True;ok;1;1;5.961;
3158;-6.768057005;40.81713759;0.1;False;ok;4;1;5.869;
3159;-6.668057005;40.81713759;0.1;False;ok;1;1;5.669;
3160;-6.068057005;40.81713759;0.1;False;ok;1;1;3.317;
3161;-5.768057005;40.81713759;0.1;False;ok;0;1;4.038;
3162;-5.668057005;40.81713759;0.1;False;ok;4;1;5.902;
3163;-5.568057005;40.81713759;0.1;False;ok;10;1;3.343;
3164;-5.268057005;40.81713759;0.1;False;ok;5;1;3.275;
3165;-4.868057005;40.81713759;0.1;False;ok;1;1;3.278;
3166;-4.768057005;40.81713759;0.1;False;ok;8;1;6.082;
3167;-4.668057005;40.81713759;0.1;False;ok;13;1;3.255;
3168;-4.568057005;40.81713759;0.1;False;ok;7;1;6.156;
3169;-4.368057005;40.81713759;0.1;False;ok;1;1;6.019;
3170;-4.268057005;40.81713759;0.1;False;ok;27;1;5.983;
3171;-4.168057005;40.81713759;0.1;False;ok;14;1;3.377;
3172;-4.068057005;40.81713759;0.1;False;ok;27;1;3.498;
3173;-3.968057005;40.81713759;0.1;False;ok;30;1;6.073;
3174;-3.768057005;40.81713759;0.1;False;ok;12;1;3.374;
3175;-3.668057005;40.81713759;0.1;False;ok;17;1;3.491;
3176;-3.568057005;40.81713759;0.1;False;ok;20;1;6.031;
3177;-3.468057005;40.81713759;0.1;False;ok;5;1;3.372;
3178;-3.368057005;40.81713759;0.1;False;ok;1;1;5.889;
3179;-3.168057005;40.81713759;0.1;False;ok;6;1;5.637;
3180;-3.068057005;40.81713759;0.1;False;ok;9;1;5.776;
3181;-2.968057005;40.81713759;0.1;False;ok;0;1;4.132;
3182;-2.768057005;40.81713759;0.1;False;ok;2;1;5.776;
3183;-2.568057005;40.81713759;0.1;False;ok;2;1;5.554;
3184;-6.868057005;40.91713759;0.1;False;ok;7;1;5.708;
3185;-6.768057005;40.91713759;0.1;False;ok;10;1;5.741;
3186;-6.468057005;40.91713759;0.1;False;ok;2;1;5.488;
3187;-6.368057005;40.91713759;0.1;False;ok;2;1;3.161;
3188;-5.868057005;40.91713759;0.1;False;ok;2;1;3.127;
3189;-5.768057005;40.91713759;0.1;False;ok;71;1;3.282;
3190;-5.643057005;40.91713759;0.025;False;ok;1;1;3.079;
3191;-5.655557005;40.94213759;0.0125;False;ok;2;1;2.954;
3192;-5.668057005;40.95463759;0.00625;False;ok;26;1;5.376;
3193;-5.661807005;40.95463759;0.00625;False;ok;8;1;5.219;
3194;-5.668057005;40.96088759;0.00625;False;ok;75;1;5.530;
3195;-5.661807005;40.96088759;0.00625;False;ok;36;1;5.417;
3196;-5.655557005;40.95463759;0.0125;False;ok;5;1;2.824;
3197;-5.643057005;40.94213759;0.025;False;ok;9;1;2.815;
3198;-5.618057005;40.91713759;0.05;False;ok;6;1;5.125;
3199;-5.668057005;40.96713759;0.05;False;ok;72;1;5.346;
3200;-5.618057005;40.96713759;0.05;False;ok;1;1;2.843;
3201;-5.568057005;40.91713759;0.1;False;ok;7;1;5.221;
3202;-5.468057005;40.91713759;0.1;False;ok;9;1;5.118;
3203;-4.968057005;40.91713759;0.1;False;ok;5;1;2.808;
3204;-4.868057005;40.91713759;0.1;False;ok;1;1;2.821;
3205;-4.668057005;40.91713759;0.1;False;ok;3;1;2.886;
3206;-4.568057005;40.91713759;0.1;False;ok;0;1;5.865;
3207;-4.368057005;40.91713759;0.1;False;ok;4;1;5.156;
3208;-4.268057005;40.91713759;0.1;False;ok;8;1;4.975;
3209;-4.168057005;40.91713759;0.1;False;ok;73;1;5.240;
3210;-4.068057005;40.91713759;0.1;False;ok;31;1;5.099;
3211;-3.868057005;40.91713759;0.1;False;ok;17;1;5.175;
3212;-3.768057005;40.91713759;0.1;False;ok;13;1;2.954;
3213;-3.668057005;40.91713759;0.1;False;ok;16;1;2.946;
3214;-3.568057005;40.91713759;0.1;False;ok;15;1;2.859;
3215;-3.468057005;40.91713759;0.1;False;ok;1;1;4.778;
3216;-3.268057005;40.91713759;0.1;False;ok;3;1;2.964;
3217;-3.168057005;40.91713759;0.1;False;ok;8;1;5.101;
3218;-2.968057005;40.91713759;0.1;False;ok;4;1;2.867;
3219;-2.868057005;40.91713759;0.1;False;ok;2;1;2.939;
3220;-2.768057005;40.91713759;0.1;False;ok;5;1;5.240;
3221;-2.668057005;40.91713759;0.1;False;ok;5;1;5.079;
3222;-2.468057005;40.91713759;0.1;False;ok;1;1;4.862;
3223;-6.868057005;41.01713759;0.1;True;ok;1;1;2.902;
3224;-6.768057005;41.01713759;0.1;False;ok;5;1;5.105;
3225;-6.468057005;41.01713759;0.1;False;ok;0;1;5.949;
3226;-6.068057005;41.01713759;0.1;False;ok;7;1;5.187;
3227;-5.968057005;41.01713759;0.1;False;ok;4;1;2.960;
3228;-5.868057005;41.01713759;0.1;False;ok;10;1;2.990;
3229;-5.768057005;41.01713759;0.1;False;ok;3;1;5.466;
3230;-5.668057005;41.01713759;0.1;False;ok;4;1;5.527;
3231;-5.568057005;41.01713759;0.1;False;ok;1;1;2.925;
3232;-5.168057005;41.01713759;0.1;False;ok;1;1;5.473;
3233;-5.068057005;41.01713759;0.1;False;ok;1;1;2.948;
3234;-4.768057005;41.01713759;0.1;False;ok;29;1;5.500;
3235;-4.668057005;41.01713759;0.1;False;ok;1;1;2.885;
3236;-4.568057005;41.01713759;0.1;False;ok;2;1;5.281;
3237;-4.468057005;41.01713759;0.1;False;ok;8;1;5.299;
3238;-4.368057005;41.01713759;0.1;False;ok;4;1;5.443;
3239;-4.268057005;41.01713759;0.1;False;ok;1;1;3.050;
3240;-4.168057005;41.01713759;0.1;False;ok;12;1;3.105;
3241;-4.068057005;41.01713759;0.1;False;ok;24;1;5.122;
3242;-3.968057005;41.01713759;0.1;False;ok;27;1;5.562;
3243;-3.868057005;41.01713759;0.1;False;ok;17;1;3.008;
3244;-3.768057005;41.01713759;0.1;False;ok;8;1;5.590;
3245;-3.668057005;41.01713759;0.1;False;ok;12;1;2.909;
3246;-3.568057005;41.01713759;0.1;False;ok;14;1;2.885;
3247;-3.468057005;41.01713759;0.1;False;ok;5;1;2.890;
3248;-3.368057005;41.01713759;0.1;False;ok;13;1;5.457;
3249;-3.268057005;41.01713759;0.1;False;ok;2;1;5.517;
3250;-3.168057005;41.01713759;0.1;False;ok;1;1;5.359;
3251;-3.068057005;41.01713759;0.1;False;ok;1;1;3.049;
3252;-2.968057005;41.01713759;0.1;False;ok;2;1;5.474;
3253;-2.768057005;41.01713759;0.1;False;ok;5;1;5.653;
3254;-2.668057005;41.01713759;0.1;False;ok;54;1;3.459;
3255;-2.568057005;41.01713759;0.1;False;ok;2;1;5.756;
3256;-2.468057005;41.01713759;0.1;False;ok;1;1;5.720;
3257;-6.668057005;41.11713759;0.1;False;ok;13;1;5.861;
3258;-6.568057005;41.11713759;0.1;False;ok;1;1;3.405;
3259;-6.268057005;41.11713759;0.1;False;ok;1;1;5.787;
3260;-5.768057005;41.11713759;0.1;False;ok;1;1;5.579;
3261;-4.868057005;41.11713759;0.1;False;ok;0;1;4.058;
3262;-4.668057005;41.11713759;0.1;False;ok;1;1;3.277;
3263;-4.568057005;41.11713759;0.1;False;ok;10;1;3.280;
3264;-4.468057005;41.11713759;0.1;False;ok;3;1;4.856;
3265;-4.368057005;41.11713759;0.1;False;ok;2;1;4.721;
3266;-4.268057005;41.11713759;0.1;False;ok;4;1;3.106;
3267;-4.168057005;41.11713759;0.1;False;ok;1;1;4.440;
3268;-4.068057005;41.11713759;0.1;False;ok;8;1;4.397;
3269;-3.968057005;41.11713759;0.1;False;ok;15;1;2.854;
3270;-3.868057005;41.11713759;0.1;False;ok;35;1;2.790;
3271;-3.768057005;41.11713759;0.1;False;ok;28;1;4.937;
3272;-3.668057005;41.11713759;0.1;False;ok;12;1;2.639;
3273;-3.568057005;41.11713759;0.1;False;ok;10;1;2.588;
3274;-3.268057005;41.11713759;0.1;False;ok;4;1;4.462;
3275;-3.168057005;41.11713759;0.1;False;ok;3;1;4.465;
3276;-3.068057005;41.11713759;0.1;False;ok;3;1;2.385;
3277;-2.968057005;41.11713759;0.1;False;ok;5;1;4.546;
3278;-2.768057005;41.11713759;0.1;False;ok;2;1;4.350;
3279;-2.668057005;41.11713759;0.1;False;ok;5;1;2.546;
3280;-2.568057005;41.11713759;0.1;False;ok;1;1;4.598;
3281;-2.468057005;41.11713759;0.1;False;ok;10;1;5.052;
3282;-2.368057005;41.11713759;0.1;False;ok;1;1;4.889;
3283;-6.668057005;41.21713759;0.1;False;ok;19;1;5.384;
3284;-6.568057005;41.21713759;0.1;True;ok;4;1;5.119;
3285;-6.468057005;41.21713759;0.1;False;ok;11;1;2.943;
3286;-6.268057005;41.21713759;0.1;False;ok;1;1;2.904;
3287;-6.168057005;41.21713759;0.1;False;ok;2;1;2.948;
3288;-5.968057005;41.21713759;0.1;False;ok;1;1;2.974;
3289;-5.868057005;41.21713759;0.1;False;ok;0;1;6.251;
3290;-5.768057005;41.21713759;0.1;False;ok;0;1;6.469;
3291;-5.668057005;41.21713759;0.1;False;ok;0;1;3.893;
3292;-5.568057005;41.21713759;0.1;False;ok;0;1;6.401;
3293;-5.368057005;41.21713759;0.1;False;ok;1;1;5.587;
3294;-5.268057005;41.21713759;0.1;False;ok;4;1;3.296;
3295;-4.968057005;41.21713759;0.1;False;ok;12;1;5.627;
3296;-4.868057005;41.21713759;0.1;False;ok;2;1;5.578;
3297;-4.768057005;41.21713759;0.1;False;ok;14;1;5.599;
3298;-4.568057005;41.21713759;0.1;False;ok;7;1;3.336;
3299;-4.468057005;41.21713759;0.1;False;ok;0;1;4.040;
3300;-4.368057005;41.21713759;0.1;False;ok;7;1;3.319;
3301;-4.268057005;41.21713759;0.1;False;ok;3;1;3.248;
3302;-4.168057005;41.21713759;0.1;False;ok;3;1;5.585;
3303;-3.968057005;41.21713759;0.1;False;ok;14;1;5.683;
3304;-3.868057005;41.21713759;0.1;False;ok;9;1;5.852;
3305;-3.768057005;41.21713759;0.1;False;ok;13;1;5.638;
3306;-3.668057005;41.21713759;0.1;False;ok;9;1;3.348;
3307;-3.568057005;41.21713759;0.1;False;ok;23;1;5.759;
3308;-3.368057005;41.21713759;0.1;False;ok;2;1;5.688;
3309;-3.268057005;41.21713759;0.1;False;ok;6;1;5.498;
3310;-3.168057005;41.21713759;0.1;False;ok;3;1;3.323;
3311;-3.068057005;41.21713759;0.1;False;ok;2;1;3.295;
3312;-2.668057005;41.21713759;0.1;False;ok;0;1;4.061;
3313;-2.468057005;41.21713759;0.1;False;ok;2;1;3.314;
3314;-2.368057005;41.21713759;0.1;False;ok;1;1;5.697;
3315;-6.468057005;41.31713759;0.1;True;ok;22;1;5.942;
3316;-6.368057005;41.31713759;0.1;True;ok;5;1;5.606;
3317;-6.268057005;41.31713759;0.1;True;ok;3;1;3.163;
3318;-6.168057005;41.31713759;0.1;False;ok;2;1;5.894;
3319;-6.068057005;41.31713759;0.1;False;ok;0;1;3.981;
3320;-5.968057005;41.31713759;0.1;False;ok;7;1;5.670;
3321;-5.868057005;41.31713759;0.1;False;ok;2;1;5.760;
3322;-5.768057005;41.31713759;0.1;False;ok;2;1;5.635;
3323;-5.268057005;41.31713759;0.1;False;ok;8;1;3.264;
3324;-5.168057005;41.31713759;0.1;False;ok;5;1;5.733;
3325;-4.968057005;41.31713759;0.1;False;ok;10;1;5.595;
3326;-4.868057005;41.31713759;0.1;False;ok;8;1;3.113;
3327;-4.768057005;41.31713759;0.1;False;ok;2;1;3.199;
3328;-4.568057005;41.31713759;0.1;False;ok;4;1;5.738;
3329;-4.468057005;41.31713759;0.1;False;ok;6;1;5.854;
3330;-4.368057005;41.31713759;0.1;False;ok;10;1;3.243;
3331;-4.268057005;41.31713759;0.1;False;ok;4;1;5.837;
3332;-4.168057005;41.31713759;0.1;False;ok;4;1;3.165;
3333;-3.968057005;41.31713759;0.1;False;ok;8;1;5.797;
3334;-3.868057005;41.31713759;0.1;False;ok;8;1;5.817;
3335;-3.668057005;41.31713759;0.1;False;ok;10;1;3.454;
3336;-3.568057005;41.31713759;0.1;False;ok;7;1;3.394;
3337;-3.468057005;41.31713759;0.1;False;ok;8;1;6.419;
3338;-3.368057005;41.31713759;0.1;False;ok;7;1;6.226;
3339;-3.268057005;41.31713759;0.1;False;ok;3;1;6.196;
3340;-3.068057005;41.31713759;0.1;False;ok;2;1;3.376;
3341;-6.168057005;41.41713759;0.1;False;ok;4;1;3.316;
3342;-5.968057005;41.41713759;0.1;False;ok;2;1;6.116;
3343;-5.868057005;41.41713759;0.1;False;ok;1;1;3.246;
3344;-5.768057005;41.41713759;0.1;False;ok;75;1;3.503;
3345;-5.668057005;41.41713759;0.1;False;ok;1;1;5.872;
3346;-5.568057005;41.41713759;0.1;False;ok;3;1;6.018;
3347;-5.168057005;41.41713759;0.1;False;ok;2;1;6.093;
3348;-5.068057005;41.41713759;0.1;False;ok;40;1;6.069;
3349;-4.968057005;41.41713759;0.1;False;ok;4;1;5.981;
3350;-4.768057005;41.41713759;0.1;False;ok;3;1;3.476;
3351;-4.668057005;41.41713759;0.1;False;ok;5;1;3.451;
3352;-4.468057005;41.41713759;0.1;False;ok;8;1;6.134;
3353;-4.068057005;41.41713759;0.1;False;ok;18;1;6.361;
3354;-3.868057005;41.41713759;0.1;False;ok;5;1;3.428;
3355;-3.668057005;41.41713759;0.1;False;ok;2;1;5.886;
3356;-3.568057005;41.41713759;0.1;False;ok;7;1;3.330;
3357;-3.468057005;41.41713759;0.1;False;ok;9;1;6.061;
3358;-3.068057005;41.41713759;0.1;False;ok;1;1;6.205;
3359;-2.968057005;41.41713759;0.1;False;ok;4;1;3.259;
3360;-2.868057005;41.41713759;0.1;False;ok;8;1;3.232;
3361;-2.768057005;41.41713759;0.1;False;ok;1;1;3.211;
3362;-2.568057005;41.41713759;0.1;False;ok;15;1;5.959;
3363;-6.268057005;41.51713759;0.1;True;ok;1;1;3.349;
3364;-6.168057005;41.51713759;0.1;False;ok;0;1;6.981;
3365;-6.068057005;41.51713759;0.1;False;ok;5;1;6.212;
3366;-5.768057005;41.51713759;0.1;False;ok;4;1;6.190;
3367;-5.668057005;41.51713759;0.1;False;ok;1;1;3.234;
3368;-5.468057005;41.51713759;0.1;False;ok;18;1;3.445;
3369;-5.268057005;41.51713759;0.1;False;ok;4;1;6.371;
3370;-4.968057005;41.51713759;0.1;False;ok;12;1;6.131;
3371;-4.868057005;41.51713759;0.1;False;ok;22;1;6.250;
3372;-4.768057005;41.51713759;0.1;False;ok;17;1;3.373;
3373;-4.668057005;41.51713759;0.1;False;ok;7;1;3.366;
3374;-4.568057005;41.51713759;0.1;False;ok;11;1;5.983;
3375;-4.468057005;41.51713759;0.1;False;ok;6;1;6.044;
3376;-4.168057005;41.51713759;0.1;False;ok;28;1;6.000;
3377;-3.768057005;41.51713759;0.1;False;ok;7;1;3.335;
3378;-3.668057005;41.51713759;0.1;False;ok;4;1;3.287;
3379;-3.568057005;41.51713759;0.1;False;ok;2;1;6.254;
3380;-3.468057005;41.51713759;0.1;False;ok;2;1;6.053;
3381;-3.268057005;41.51713759;0.1;False;ok;15;1;6.184;
3382;-3.168057005;41.51713759;0.1;False;ok;28;1;6.237;
3383;-3.068057005;41.51713759;0.1;False;ok;19;1;3.349;
3384;-2.968057005;41.51713759;0.1;False;ok;2;1;3.324;
3385;-2.868057005;41.51713759;0.1;False;ok;2;1;3.259;
3386;-6.268057005;41.61713759;0.1;False;ok;1;1;3.295;
3387;-6.068057005;41.61713759;0.1;False;ok;2;1;5.963;
3388;-5.868057005;41.61713759;0.1;False;ok;1;1;6.168;
3389;-5.768057005;41.61713759;0.1;False;ok;4;1;3.361;
3390;-5.368057005;41.61713759;0.1;False;ok;1;1;3.226;
3391;-5.268057005;41.61713759;0.1;False;ok;4;1;6.069;
3392;-5.068057005;41.61713759;0.1;False;ok;1;1;6.110;
3393;-4.868057005;41.61713759;0.1;False;ok;10;1;6.284;
3394;-4.768057005;41.61713759;0.1;False;ok;75;1;6.402;
3395;-4.368057005;41.61713759;0.1;False;ok;7;1;3.347;
3396;-4.268057005;41.61713759;0.1;False;ok;4;1;6.024;
3397;-4.168057005;41.61713759;0.1;False;ok;16;1;3.350;
3398;-3.968057005;41.61713759;0.1;False;ok;9;1;3.323;
3399;-3.868057005;41.61713759;0.1;False;ok;4;1;6.251;
3400;-3.768057005;41.61713759;0.1;False;ok;32;1;6.409;
3401;-3.668057005;41.61713759;0.1;False;ok;11;1;3.342;
3402;-3.568057005;41.61713759;0.1;False;ok;9;1;6.143;
3403;-3.468057005;41.61713759;0.1;False;ok;0;1;6.650;
3404;-3.068057005;41.61713759;0.1;False;ok;11;1;5.967;
3405;-2.868057005;41.61713759;0.1;False;ok;9;1;3.412;
3406;-2.668057005;41.61713759;0.1;False;ok;2;1;3.378;
3407;-2.32757849;38.31713759;0.1;False;ok;12;1;6.310;
3408;-2.32757849;38.41713759;0.1;False;ok;10;1;6.312;
3409;-2.32757849;38.51713759;0.1;False;ok;1;1;3.258;
3410;-2.32757849;38.61713759;0.1;False;ok;3;1;3.269;
3411;-2.32757849;38.71713759;0.1;False;ok;2;1;3.253;
3412;-2.32757849;39.21713759;0.1;False;ok;2;1;3.300;
3413;-2.32757849;39.31713759;0.1;False;ok;8;1;6.204;
3414;-2.32757849;39.41713759;0.1;False;ok;2;1;5.898;
3415;-2.32757849;39.51713759;0.1;False;ok;1;1;5.831;
3416;-2.32757849;39.81713759;0.1;False;ok;1;1;5.991;
3417;-2.32757849;40.01713759;0.1;False;ok;3;1;3.278;
3418;-2.32757849;40.11713759;0.1;False;ok;0;1;4.019;
3419;-2.32757849;40.21713759;0.1;False;ok;1;1;5.841;
3420;-2.32757849;40.31713759;0.1;False;ok;2;1;6.060;
3421;-2.32757849;40.41713759;0.1;False;ok;9;1;6.073;
3422;-2.32757849;40.71713759;0.1;False;ok;3;1;3.201;
3423;-2.32757849;41.11713759;0.1;False;ok;1;1;3.226;
3424;-2.32757849;41.21713759;0.1;False;ok;1;1;6.007;
3425;-2.22757849;38.41713759;0.1;False;ok;4;1;3.226;
3426;-2.22757849;38.51713759;0.1;False;ok;15;1;6.100;
3427;-2.22757849;38.61713759;0.1;False;ok;0;1;3.938;
3428;-2.22757849;39.11713759;0.1;False;ok;8;1;5.973;
3429;-2.22757849;39.31713759;0.1;False;ok;3;1;5.790;
3430;-2.22757849;39.61713759;0.1;False;ok;1;1;5.896;
3431;-2.22757849;39.71713759;0.1;False;ok;13;1;6.072;
3432;-2.22757849;39.91713759;0.1;False;ok;4;1;6.057;
3433;-2.22757849;40.06713759;0.05;False;ok;27;1;3.399;
3434;-2.22757849;40.11713759;0.1;False;ok;1;1;3.329;
3435;-2.22757849;40.31713759;0.1;False;ok;3;1;3.302;
3436;-2.22757849;40.41713759;0.1;False;ok;1;1;3.286;
3437;-2.22757849;40.51713759;0.1;False;ok;2;1;3.295;
3438;-2.22757849;40.71713759;0.1;False;ok;0;1;6.812;
3439;-2.22757849;40.81713759;0.1;False;ok;9;1;6.010;
3440;-2.22757849;41.21713759;0.1;False;ok;4;1;5.951;
3441;-2.22757849;41.41713759;0.1;False;ok;1;1;3.278;
3442;-2.22757849;41.61713759;0.1;False;ok;2;1;6.158;
3443;-2.17757849;40.01713759;0.05;False;ok;7;1;6.161;
3444;-2.17757849;40.06713759;0.025;False;ok;1;1;6.069;
3445;-2.15257849;40.06713759;0.0125;False;ok;6;1;5.995;
3446;-2.14007849;40.06713759;0.00625;False;ok;42;1;3.382;
3447;-2.14007849;40.07338759;0.00625;False;ok;49;1;6.409;
3448;-2.14007849;40.07963759;0.0125;False;ok;15;1;3.429;
3449;-2.13382849;40.06713759;0.00625;False;ok;21;1;3.409;
3450;-2.13382849;40.07338759;0.00625;False;ok;75;1;6.315;
3451;-2.12757849;38.31713759;0.1;False;ok;17;1;3.497;
3452;-2.12757849;38.41713759;0.1;False;ok;16;1;3.458;
3453;-2.12757849;38.51713759;0.1;False;ok;13;1;6.167;
3454;-2.12757849;38.61713759;0.1;False;ok;1;1;6.204;
3455;-2.12757849;38.81713759;0.1;False;ok;0;1;6.791;
3456;-2.12757849;39.21713759;0.1;False;ok;5;1;3.358;
3457;-2.12757849;39.41713759;0.1;False;ok;7;1;5.863;
3458;-2.12757849;39.51713759;0.1;False;ok;9;1;6.052;
3459;-2.12757849;39.71713759;0.1;False;ok;1;1;3.247;
3460;-2.12757849;39.91713759;0.1;False;ok;15;1;3.326;
3461;-2.12757849;40.01713759;0.1;False;ok;13;1;3.304;
3462;-2.12757849;40.11713759;0.1;False;ok;6;1;3.379;
3463;-2.12757849;40.21713759;0.1;False;ok;13;1;6.116;
3464;-2.12757849;40.41713759;0.1;False;ok;0;1;4.114;
3465;-2.12757849;40.51713759;0.1;False;ok;7;1;6.201;
3466;-2.12757849;40.61713759;0.1;False;ok;4;1;6.078;
3467;-2.12757849;40.81713759;0.1;False;ok;1;1;6.098;
3468;-2.12757849;40.91713759;0.1;False;ok;0;1;6.796;
3469;-2.12757849;41.01713759;0.1;False;ok;1;1;3.296;
3470;-2.12757849;41.21713759;0.1;False;ok;7;1;6.138;
3471;-2.12757849;41.61713759;0.1;False;ok;2;1;5.947;
3472;-2.02757849;38.21713759;0.1;False;ok;3;1;3.267;
3473;-2.02757849;38.31713759;0.1;False;ok;7;1;6.095;
3474;-2.02757849;38.41713759;0.1;False;ok;1;1;5.884;
3475;-2.02757849;38.51713759;0.1;False;ok;2;1;3.307;
3476;-2.02757849;39.41713759;0.1;False;ok;2;1;3.265;
3477;-2.02757849;39.91713759;0.1;False;ok;3;1;5.972;
3478;-2.02757849;40.11713759;0.1;False;ok;7;1;5.888;
3479;-2.02757849;40.21713759;0.1;False;ok;13;1;3.428;
3480;-2.02757849;40.31713759;0.1;False;ok;1;1;5.919;
3481;-2.02757849;40.41713759;0.1;False;ok;1;1;3.372;
3482;-2.02757849;40.61713759;0.1;False;ok;3;1;6.202;
3483;-2.02757849;40.71713759;0.1;False;ok;2;1;3.501;
3484;-2.02757849;40.81713759;0.1;False;ok;7;1;6.296;
3485;-2.02757849;40.91713759;0.1;False;ok;1;1;3.389;
3486;-2.02757849;41.41713759;0.1;False;ok;3;1;6.157;
3487;-1.92757849;38.21713759;0.1;False;ok;8;1;3.421;
3488;-1.92757849;38.41713759;0.1;False;ok;0;1;4.319;
3489;-1.92757849;38.91713759;0.1;False;ok;75;1;6.398;
3490;-1.92757849;39.31713759;0.1;False;ok;1;1;5.863;
3491;-1.92757849;39.51713759;0.1;False;ok;4;1;3.341;
3492;-1.92757849;39.71713759;0.1;False;ok;1;1;5.941;
3493;-1.92757849;39.81713759;0.1;False;ok;1;1;6.013;
3494;-1.92757849;39.91713759;0.1;False;ok;1;1;5.798;
3495;-1.92757849;40.11713759;0.1;False;ok;0;1;4.039;
3496;-1.92757849;40.31713759;0.1;False;ok;23;1;6.035;
3497;-1.92757849;40.41713759;0.1;False;ok;2;1;3.333;
3498;-1.92757849;40.51713759;0.1;False;ok;6;1;5.780;
3499;-1.92757849;40.61713759;0.1;False;ok;1;1;5.625;
3500;-1.92757849;40.71713759;0.1;False;ok;1;1;3.435;
3501;-1.92757849;40.81713759;0.1;False;ok;14;1;5.762;
3502;-1.92757849;41.11713759;0.1;False;ok;10;1;5.799;
3503;-1.92757849;41.21713759;0.1;False;ok;28;1;3.433;
3504;-1.92757849;41.41713759;0.1;False;ok;1;1;5.792;
3505;-1.92757849;41.51713759;0.1;False;ok;1;1;3.364;
3506;-1.82757849;38.91713759;0.1;False;ok;3;1;5.838;
3507;-1.82757849;39.11713759;0.1;False;ok;2;1;3.209;
3508;-1.82757849;39.51713759;0.1;False;ok;5;1;5.925;
3509;-1.82757849;39.81713759;0.1;False;ok;11;1;3.262;
3510;-1.82757849;39.91713759;0.1;False;ok;3;1;3.141;
3511;-1.82757849;40.21713759;0.1;False;ok;2;1;6.035;
3512;-1.82757849;40.51713759;0.1;False;ok;1;1;3.164;
3513;-1.82757849;40.61713759;0.1;False;ok;1;1;5.776;
3514;-1.82757849;41.11713759;0.1;False;ok;15;1;6.096;
3515;-1.82757849;41.21713759;0.1;False;ok;6;1;5.987;
3516;-1.82757849;41.31713759;0.1;False;ok;10;1;3.214;
3517;-1.82757849;41.41713759;0.1;False;ok;1;1;6.064;
3518;-1.82757849;41.61713759;0.1;False;ok;1;1;5.984;
3519;-1.72757849;38.21713759;0.1;False;ok;8;1;3.249;
3520;-1.72757849;38.41713759;0.1;False;ok;11;1;3.432;
3521;-1.72757849;38.51713759;0.1;False;ok;3;1;6.169;
3522;-1.72757849;38.81713759;0.1;False;ok;3;1;6.080;
3523;-1.72757849;38.91713759;0.1;False;ok;4;1;6.039;
3524;-1.72757849;39.01713759;0.1;False;ok;4;1;3.392;
3525;-1.72757849;39.11713759;0.1;False;ok;13;1;6.051;
3526;-1.72757849;39.21713759;0.1;False;ok;1;1;3.326;
3527;-1.72757849;39.41713759;0.1;False;ok;2;1;6.071;
3528;-1.72757849;39.51713759;0.1;False;ok;2;1;3.299;
3529;-1.72757849;39.71713759;0.1;False;ok;5;1;5.914;
3530;-1.72757849;39.81713759;0.1;False;ok;1;1;3.438;
3531;-1.72757849;40.01713759;0.1;False;ok;6;1;6.157;
3532;-1.72757849;40.11713759;0.1;False;ok;9;1;3.470;
3533;-1.72757849;40.31713759;0.1;False;ok;6;1;6.041;
3534;-1.72757849;40.41713759;0.1;False;ok;3;1;3.360;
3535;-1.72757849;40.51713759;0.1;False;ok;8;1;3.395;
3536;-1.72757849;40.71713759;0.1;False;ok;1;1;3.265;
3537;-1.72757849;40.81713759;0.1;False;ok;2;1;6.251;
3538;-1.72757849;41.21713759;0.1;False;ok;11;1;6.186;
3539;-1.72757849;41.31713759;0.1;False;ok;31;1;3.409;
3540;-1.72757849;41.41713759;0.1;False;ok;2;1;6.183;
3541;-1.72757849;41.51713759;0.1;False;ok;2;1;6.098;
3542;-1.72757849;41.61713759;0.1;False;ok;0;1;6.632;
3543;-1.62757849;38.51713759;0.1;False;ok;1;1;5.919;
3544;-1.62757849;38.81713759;0.1;False;ok;1;1;3.262;
3545;-1.62757849;38.91713759;0.1;False;ok;1;1;3.303;
3546;-1.62757849;39.11713759;0.1;False;ok;5;1;6.149;
3547;-1.62757849;39.21713759;0.1;False;ok;4;1;5.940;
3548;-1.62757849;39.31713759;0.1;False;ok;8;1;6.035;
3549;-1.62757849;39.51713759;0.1;False;ok;2;1;3.365;
3550;-1.62757849;39.61713759;0.1;False;ok;5;1;6.127;
3551;-1.62757849;39.91713759;0.1;False;ok;0;1;6.691;
3552;-1.62757849;40.21713759;0.1;False;ok;0;1;4.109;
3553;-1.62757849;40.31713759;0.1;False;ok;3;1;3.307;
3554;-1.62757849;40.41713759;0.1;False;ok;23;1;6.116;
3555;-1.62757849;40.81713759;0.1;False;ok;1;1;3.343;
3556;-1.62757849;40.91713759;0.1;False;ok;1;1;5.971;
3557;-1.62757849;41.21713759;0.1;False;ok;4;1;6.022;
3558;-1.62757849;41.31713759;0.1;False;ok;4;1;3.382;
3559;-1.62757849;41.41713759;0.1;False;ok;2;1;3.292;
3560;-1.62757849;41.51713759;0.1;False;ok;1;1;3.270;
3561;-1.52757849;38.21713759;0.1;False;ok;1;1;5.939;
3562;-1.52757849;38.61713759;0.1;False;ok;4;1;5.913;
3563;-1.52757849;38.81713759;0.1;False;ok;0;1;4.141;
3564;-1.52757849;38.91713759;0.1;False;ok;2;1;5.824;
3565;-1.52757849;39.11713759;0.1;False;ok;75;1;5.973;
3566;-1.52757849;39.21713759;0.1;False;ok;6;1;5.763;
3567;-1.52757849;39.51713759;0.1;False;ok;7;1;3.316;
3568;-1.52757849;40.01713759;0.1;False;ok;2;1;3.296;
3569;-1.52757849;40.21713759;0.1;False;ok;3;1;5.774;
3570;-1.52757849;40.31713759;0.1;False;ok;74;1;6.130;
3571;-1.52757849;40.41713759;0.1;False;ok;5;1;5.707;
3572;-1.52757849;40.51713759;0.1;False;ok;0;1;4.035;
3573;-1.52757849;40.81713759;0.1;False;ok;0;1;6.392;
3574;-1.52757849;40.91713759;0.1;False;ok;4;2;8.615;
3575;-1.52757849;41.11713759;0.1;False;ok;3;1;5.595;
3576;-1.42757849;38.21713759;0.1;False;ok;5;1;3.311;
3577;-1.42757849;38.41713759;0.1;False;ok;5;1;5.313;
3578;-1.42757849;38.61713759;0.1;False;ok;0;1;6.545;
3579;-1.42757849;39.01713759;0.1;False;ok;4;1;5.517;
3580;-1.42757849;39.11713759;0.1;False;ok;40;1;3.532;
3581;-1.42757849;39.21713759;0.1;False;ok;13;1;3.363;
3582;-1.42757849;39.31713759;0.1;False;ok;2;1;3.292;
3583;-1.42757849;39.41713759;0.1;False;ok;8;1;5.629;
3584;-1.42757849;39.71713759;0.1;False;ok;0;1;3.964;
3585;-1.42757849;39.81713759;0.1;False;ok;1;1;5.534;
3586;-1.42757849;39.91713759;0.1;False;ok;3;1;5.481;
3587;-1.42757849;40.01713759;0.1;False;ok;0;1;3.974;
3588;-1.42757849;40.11713759;0.1;False;ok;5;1;5.699;
3589;-1.42757849;40.21713759;0.1;False;ok;3;1;5.658;
3590;-1.42757849;40.31713759;0.1;False;ok;10;1;5.784;
3591;-1.42757849;40.71713759;0.1;False;ok;5;1;5.778;
3592;-1.42757849;40.81713759;0.1;False;ok;4;1;6.038;
3593;-1.42757849;41.01713759;0.1;False;ok;7;1;3.367;
3594;-1.42757849;41.11713759;0.1;False;ok;2;1;3.343;
3595;-1.42757849;41.41713759;0.1;False;ok;2;1;3.444;
3596;-1.32757849;38.31713759;0.1;False;ok;0;1;6.672;
3597;-1.32757849;38.41713759;0.1;False;ok;1;1;6.162;
3598;-1.32757849;38.71713759;0.1;False;ok;1;1;6.177;
3599;-1.32757849;38.91713759;0.1;False;ok;3;1;6.050;
3600;-1.32757849;39.01713759;0.1;False;ok;3;1;5.918;
3601;-1.32757849;39.11713759;0.1;False;ok;2;1;6.220;
3602;-1.32757849;39.21713759;0.1;False;ok;0;1;4.116;
3603;-1.32757849;39.31713759;0.1;False;ok;1;1;3.417;
3604;-1.32757849;39.41713759;0.1;False;ok;1;1;6.035;
3605;-1.32757849;39.51713759;0.1;False;ok;6;1;3.258;
3606;-1.32757849;39.71713759;0.1;False;ok;2;1;3.319;
3607;-1.32757849;39.81713759;0.1;False;ok;5;1;3.372;
3608;-1.32757849;39.91713759;0.1;False;ok;3;1;3.372;
3609;-1.32757849;40.01713759;0.1;False;ok;15;1;6.333;
3610;-1.32757849;40.11713759;0.1;False;ok;10;1;6.219;
3611;-1.32757849;40.21713759;0.1;False;ok;2;1;5.955;
3612;-1.32757849;40.31713759;0.1;False;ok;5;1;5.893;
3613;-1.32757849;40.41713759;0.1;False;ok;16;1;5.887;
3614;-1.32757849;40.51713759;0.1;False;ok;5;1;6.004;
3615;-1.32757849;40.61713759;0.1;False;ok;1;1;3.234;
3616;-1.32757849;40.81713759;0.1;False;ok;1;1;6.028;
3617;-1.32757849;40.91713759;0.1;False;ok;9;1;3.294;
3618;-1.32757849;41.01713759;0.1;False;ok;2;1;3.385;
3619;-1.32757849;41.41713759;0.1;False;ok;1;1;6.134;
3620;-1.32757849;41.51713759;0.1;False;ok;0;1;4.103;
3621;-1.32757849;41.61713759;0.1;False;ok;7;1;3.384;
3622;-1.22757849;38.21713759;0.1;False;ok;3;1;6.266;
3623;-1.22757849;38.31713759;0.1;False;ok;2;1;6.301;
3624;-1.22757849;38.41713759;0.1;False;ok;1;1;6.342;
3625;-1.22757849;38.61713759;0.1;False;ok;4;1;3.286;
3626;-1.22757849;38.91713759;0.1;False;ok;1;1;6.115;
3627;-1.22757849;39.21713759;0.1;False;ok;0;1;6.752;
3628;-1.22757849;39.41713759;0.1;False;ok;2;1;6.208;
3629;-1.22757849;39.51713759;0.1;False;ok;10;1;3.328;
3630;-1.22757849;39.91713759;0.1;False;ok;3;1;3.260;
3631;-1.22757849;40.01713759;0.1;False;ok;2;1;3.240;
3632;-1.22757849;40.21713759;0.1;False;ok;8;1;6.323;
3633;-1.22757849;40.31713759;0.1;False;ok;9;1;6.467;
3634;-1.22757849;40.61713759;0.1;False;ok;4;1;3.268;
3635;-1.22757849;41.31713759;0.1;False;ok;6;1;3.270;
3636;-1.12757849;38.21713759;0.1;False;ok;2;1;6.228;
3637;-1.12757849;38.31713759;0.1;False;ok;12;1;6.157;
3638;-1.12757849;38.41713759;0.1;False;ok;7;1;6.233;
3639;-1.12757849;38.51713759;0.1;False;ok;19;1;3.306;
3640;-1.12757849;38.61713759;0.1;False;ok;4;1;6.049;
3641;-1.12757849;38.81713759;0.1;False;ok;28;1;6.367;
3642;-1.12757849;38.91713759;0.1;False;ok;1;1;3.297;
3643;-1.12757849;39.01713759;0.1;False;ok;14;1;6.334;
3644;-1.12757849;39.11713759;0.1;False;ok;6;1;3.369;
3645;-1.12757849;39.21713759;0.1;False;ok;3;1;6.560;
3646;-1.12757849;39.31713759;0.1;False;ok;3;1;3.345;
3647;-1.12757849;39.41713759;0.1;False;ok;25;1;6.397;
3648;-1.12757849;39.71713759;0.1;False;ok;0;1;6.869;
3649;-1.12757849;39.81713759;0.1;False;ok;3;1;3.407;
3650;-1.12757849;39.91713759;0.1;False;ok;2;1;3.391;
3651;-1.12757849;40.11713759;0.1;False;ok;17;1;6.202;
3652;-1.12757849;40.21713759;0.1;False;ok;2;1;3.411;
3653;-1.12757849;40.31713759;0.1;False;ok;74;1;6.631;
3654;-1.12757849;40.41713759;0.1;False;ok;4;1;6.119;
3655;-1.12757849;40.51713759;0.1;False;ok;2;1;3.313;
3656;-1.12757849;41.01713759;0.1;False;ok;1;1;3.339;
3657;-1.02757849;38.21713759;0.1;False;ok;11;1;6.360;
3658;-1.02757849;38.31713759;0.1;False;ok;6;1;3.398;
3659;-1.02757849;38.41713759;0.1;False;ok;8;1;6.466;
3660;-1.02757849;38.61713759;0.1;False;ok;13;1;6.237;
3661;-1.02757849;39.21713759;0.1;False;ok;4;1;6.281;
3662;-1.02757849;39.31713759;0.1;False;ok;1;1;3.336;
3663;-1.02757849;39.41713759;0.1;False;ok;2;1;6.245;
3664;-1.02757849;39.51713759;0.1;False;ok;6;1;3.353;
3665;-1.02757849;39.71713759;0.1;False;ok;9;1;6.214;
3666;-1.02757849;39.81713759;0.1;False;ok;8;1;3.401;
3667;-1.02757849;39.91713759;0.1;False;ok;3;1;5.862;
3668;-1.02757849;40.11713759;0.1;False;ok;2;1;3.257;
3669;-1.02757849;40.21713759;0.1;False;ok;5;1;5.990;
3670;-1.02757849;40.81713759;0.1;False;ok;1;1;6.151;
3671;-1.02757849;41.31713759;0.1;False;ok;1;1;3.401;
3672;-1.02757849;41.51713759;0.1;False;ok;4;1;6.229;
3673;-1.02757849;41.61713759;0.1;False;ok;20;1;3.444;
3674;-0.92757849;38.21713759;0.1;False;ok;3;1;6.218;
3675;-0.92757849;38.31713759;0.1;False;ok;9;1;6.241;
3676;-0.92757849;38.41713759;0.1;False;ok;9;1;3.439;
3677;-0.92757849;38.51713759;0.1;False;ok;6;1;3.406;
3678;-0.92757849;38.61713759;0.1;False;ok;22;1;3.424;
3679;-0.92757849;38.91713759;0.1;False;ok;0;1;7.169;
3680;-0.92757849;39.31713759;0.1;False;ok;2;1;6.074;
3681;-0.92757849;39.41713759;0.1;False;ok;9;1;3.318;
3682;-0.92757849;39.51713759;0.1;False;ok;1;1;6.031;
3683;-0.92757849;39.61713759;0.1;False;ok;53;1;6.201;
3684;-0.92757849;40.01713759;0.1;False;ok;7;1;6.203;
3685;-0.92757849;40.11713759;0.1;False;ok;2;1;3.172;
3686;-0.92757849;40.31713759;0.1;False;ok;4;1;6.203;
3687;-0.92757849;40.61713759;0.1;False;ok;3;1;6.205;
3688;-0.92757849;40.71713759;0.1;False;ok;1;1;3.264;
3689;-0.92757849;40.81713759;0.1;False;ok;1;1;3.267;
3690;-0.92757849;41.01713759;0.1;False;ok;1;1;5.908;
3691;-0.92757849;41.21713759;0.1;False;ok;3;1;3.371;
3692;-0.92757849;41.61713759;0.025;False;ok;6;1;5.844;
3693;-0.92757849;41.64213759;0.025;False;ok;24;1;3.505;
3694;-0.92757849;41.66713759;0.05;False;ok;6;1;5.186;
3695;-0.90257849;41.61713759;0.025;False;ok;23;1;3.094;
3696;-0.90257849;41.64213759;0.0125;False;ok;32;1;5.445;
3697;-0.90257849;41.65463759;0.0125;False;ok;24;1;5.380;
3698;-0.89007849;41.64213759;0.0125;False;ok;74;1;3.067;
3699;-0.89007849;41.65463759;0.0125;False;ok;75;1;5.636;
3700;-0.87757849;41.61713759;0.05;False;ok;74;1;5.661;
3701;-0.87757849;41.66713759;0.05;False;ok;6;1;2.944;
3702;-0.82757849;38.21713759;0.1;False;ok;16;1;2.836;
3703;-0.82757849;38.31713759;0.1;False;ok;32;1;2.666;
3704;-0.82757849;38.41713759;0.1;False;ok;18;1;5.433;
3705;-0.82757849;38.51713759;0.1;False;ok;3;1;2.409;
3706;-0.82757849;38.61713759;0.1;False;ok;25;1;5.665;
3707;-0.82757849;38.71713759;0.1;False;ok;4;1;2.541;
3708;-0.82757849;38.81713759;0.1;False;ok;7;1;5.561;
3709;-0.82757849;38.91713759;0.1;False;ok;4;1;5.471;
3710;-0.82757849;39.01713759;0.1;False;ok;4;1;5.586;
3711;-0.82757849;39.31713759;0.1;False;ok;18;1;2.730;
3712;-0.82757849;39.41713759;0.1;False;ok;8;1;5.532;
3713;-0.82757849;39.51713759;0.1;False;ok;0;1;6.198;
3714;-0.82757849;39.71713759;0.1;False;ok;3;1;2.957;
3715;-0.82757849;39.91713759;0.1;False;ok;1;1;5.824;
3716;-0.82757849;40.01713759;0.1;False;ok;9;1;3.100;
3717;-0.82757849;40.11713759;0.1;False;ok;6;1;3.223;
3718;-0.82757849;40.21713759;0.1;False;ok;46;1;6.242;
3719;-0.82757849;40.31713759;0.1;False;ok;2;1;5.794;
3720;-0.82757849;40.41713759;0.1;False;ok;5;1;3.091;
3721;-0.82757849;40.51713759;0.1;False;ok;0;1;4.007;
3722;-0.82757849;40.61713759;0.1;False;ok;3;1;5.873;
3723;-0.82757849;41.21713759;0.1;False;ok;10;1;5.796;
3724;-0.82757849;41.51713759;0.1;False;ok;2;1;6.000;
3725;-0.82757849;41.61713759;0.1;False;ok;5;1;3.389;
3726;-0.72757849;38.21713759;0.1;False;ok;65;1;6.365;
3727;-0.72757849;38.31713759;0.1;False;ok;7;1;3.373;
3728;-0.72757849;38.41713759;0.1;False;ok;7;1;6.084;
3729;-0.72757849;38.51713759;0.1;False;ok;12;1;3.305;
3730;-0.72757849;38.61713759;0.1;False;ok;24;1;3.389;
3731;-0.72757849;38.71713759;0.1;False;ok;5;1;3.271;
3732;-0.72757849;38.81713759;0.1;False;ok;6;1;5.863;
3733;-0.72757849;38.91713759;0.1;False;ok;6;1;5.790;
3734;-0.72757849;39.01713759;0.1;False;ok;57;1;6.209;
3735;-0.72757849;39.21713759;0.1;False;ok;0;1;6.531;
3736;-0.72757849;39.31713759;0.1;False;ok;22;1;6.101;
3737;-0.72757849;39.41713759;0.1;False;ok;11;1;3.359;
3738;-0.72757849;39.51713759;0.1;False;ok;9;1;3.376;
3739;-0.72757849;39.61713759;0.1;False;ok;13;1;6.136;
3740;-0.72757849;39.91713759;0.1;False;ok;6;1;6.100;
3741;-0.72757849;40.01713759;0.1;False;ok;12;1;3.411;
3742;-0.72757849;40.11713759;0.1;False;ok;21;1;6.262;
3743;-0.72757849;40.21713759;0.1;False;ok;4;1;3.319;
3744;-0.72757849;40.31713759;0.1;False;ok;17;1;6.163;
3745;-0.72757849;40.41713759;0.1;False;ok;5;1;3.350;
3746;-0.72757849;40.51713759;0.1;False;ok;4;1;3.339;
3747;-0.72757849;40.61713759;0.1;False;ok;3;1;6.268;
3748;-0.72757849;40.81713759;0.1;False;ok;3;1;6.101;
3749;-0.72757849;40.91713759;0.1;False;ok;2;1;5.789;
3750;-0.72757849;41.01713759;0.1;False;ok;2;1;5.864;
3751;-0.72757849;41.11713759;0.1;False;ok;4;1;3.245;
3752;-0.72757849;41.31713759;0.1;False;ok;2;1;3.170;
3753;-0.72757849;41.51713759;0.1;False;ok;4;1;5.682;
3754;-0.62757849;38.21713759;0.1;False;ok;74;1;3.490;
3755;-0.62757849;38.31713759;0.1;False;ok;13;1;3.298;
3756;-0.62757849;38.41713759;0.1;False;ok;11;1;3.373;
3757;-0.62757849;38.51713759;0.1;False;ok;7;1;3.300;
3758;-0.62757849;38.61713759;0.1;False;ok;13;1;6.386;
3759;-0.62757849;38.71713759;0.1;False;ok;31;1;6.204;
3760;-0.62757849;38.81713759;0.1;False;ok;24;1;6.081;
3761;-0.62757849;39.01713759;0.1;False;ok;5;1;5.877;
3762;-0.62757849;39.11713759;0.1;False;ok;3;1;5.925;
3763;-0.62757849;39.21713759;0.1;False;ok;9;1;5.866;
3764;-0.62757849;39.31713759;0.1;False;ok;14;1;5.977;
3765;-0.62757849;39.41713759;0.1;False;ok;24;1;3.479;
3766;-0.62757849;39.51713759;0.1;False;ok;28;1;3.518;
3767;-0.62757849;39.61713759;0.1;False;ok;17;1;6.072;
3768;-0.62757849;39.81713759;0.1;False;ok;13;1;6.484;
3769;-0.62757849;39.91713759;0.1;False;ok;18;1;3.456;
3770;-0.62757849;40.01713759;0.1;False;ok;8;1;3.367;
3771;-0.62757849;40.11713759;0.1;False;ok;17;1;3.313;
3772;-0.62757849;40.31713759;0.1;False;ok;23;1;6.389;
3773;-0.62757849;40.61713759;0.1;False;ok;2;1;3.273;
3774;-0.62757849;40.71713759;0.1;False;ok;3;1;6.141;
3775;-0.62757849;40.81713759;0.1;False;ok;2;1;6.094;
3776;-0.62757849;41.41713759;0.1;False;ok;1;1;5.829;
3777;-0.52757849;38.21713759;0.0125;False;ok;73;1;6.026;
3778;-0.52757849;38.22963759;0.0125;False;ok;73;1;3.595;
3779;-0.52757849;38.24213759;0.00625;False;ok;5;1;3.358;
3780;-0.52757849;38.24838759;0.00625;False;ok;29;1;3.367;
3781;-0.52757849;38.25463759;0.0125;False;ok;42;1;3.545;
3782;-0.52757849;38.26713759;0.05;False;ok;27;1;5.529;
3783;-0.52757849;38.31713759;0.025;False;ok;11;1;5.441;
3784;-0.52757849;38.34213759;0.025;False;ok;9;1;3.461;
3785;-0.52757849;38.36713759;0.05;False;ok;49;1;3.521;
3786;-0.52757849;38.41713759;0.1;False;ok;63;1;5.368;
3787;-0.52757849;38.51713759;0.1;False;ok;5;1;5.116;
3788;-0.52757849;38.61713759;0.1;False;ok;18;1;4.930;
3789;-0.52757849;38.71713759;0.1;False;ok;11;1;4.798;
3790;-0.52757849;38.81713759;0.1;False;ok;7;1;4.425;
3791;-0.52757849;38.91713759;0.1;False;ok;38;1;4.127;
3792;-0.52757849;39.01713759;0.1;False;ok;8;1;2.931;
3793;-0.52757849;39.11713759;0.1;False;ok;32;1;2.917;
3794;-0.52757849;39.21713759;0.1;False;ok;12;1;3.742;
3795;-0.52757849;39.31713759;0.1;False;ok;19;1;3.716;
3796;-0.52757849;39.41713759;0.1;False;ok;69;1;2.561;
3797;-0.52757849;39.51713759;0.1;False;ok;48;1;3.667;
3798;-0.52757849;39.61713759;0.1;False;ok;15;1;2.296;
3799;-0.52757849;39.71713759;0.1;False;ok;5;1;3.374;
3800;-0.52757849;39.81713759;0.1;False;ok;59;1;2.426;
3801;-0.52757849;39.91713759;0.1;False;ok;3;1;2.146;
3802;-0.52757849;40.01713759;0.1;False;ok;24;1;3.245;
3803;-0.52757849;40.11713759;0.1;False;ok;4;1;2.879;
3804;-0.52757849;40.21713759;0.1;False;ok;8;1;1.771;
3805;-0.52757849;40.31713759;0.1;False;ok;10;1;1.802;
3806;-0.52757849;40.41713759;0.1;False;ok;4;1;2.000;
3807;-0.52757849;40.71713759;0.1;False;ok;5;1;2.011;
3808;-0.52757849;40.81713759;0.1;False;ok;8;1;2.021;
3809;-0.52757849;40.91713759;0.1;False;ok;4;1;1.555;
3810;-0.52757849;41.11713759;0.1;False;ok;11;1;1.885;
3811;-0.52757849;41.41713759;0.1;False;ok;1;1;1.519;
3812;-0.52132849;38.24213759;0.00625;False;ok;65;1;1.967;
3813;-0.52132849;38.24838759;0.00625;False;ok;74;1;2.025;
3814;-0.50257849;38.31713759;0.025;False;ok;64;1;1.891;
3815;-0.50257849;38.34213759;0.0125;False;ok;75;1;1.698;
3816;-0.50257849;38.35463759;0.0125;False;ok;16;1;1.412;
3817;-0.49007849;38.34213759;0.003125;False;ok;17;1;1.618;
3818;-0.49007849;38.34526259;0.003125;False;ok;54;1;1.441;
3819;-0.49007849;38.34838759;0.00625;False;ok;75;1;1.284;
3820;-0.49007849;38.35463759;0.0125;False;ok;75;1;1.354;
3821;-0.48695349;38.34213759;0.003125;False;ok;75;1;1.206;
3822;-0.48695349;38.34526259;0.003125;False;ok;64;1;1.180;
3823;-0.48382849;38.34213759;0.003125;False;ok;74;1;1.239;
3824;-0.48382849;38.34526259;0.0015625;False;ok;69;1;1.132;
3825;-0.48382849;38.34682509;0.0015625;False;ok;43;1;1.095;
3826;-0.48382849;38.34838759;0.00625;False;ok;75;1;1.191;
3827;-0.48226599;38.34526259;0.0015625;False;ok;69;1;1.133;
3828;-0.48226599;38.34682509;0.0015625;False;ok;30;1;1.007;
3829;-0.48070349;38.34213759;0.003125;False;ok;31;1;1.157;
3830;-0.48070349;38.34526259;0.003125;False;ok;67;1;1.183;
3831;-0.47757849;38.34213759;0.025;False;ok;74;1;1.172;
3832;-0.47757849;38.36713759;0.05;False;ok;48;1;1.108;
3833;-0.45257849;38.34213759;0.025;False;ok;74;1;1.202;
3834;-0.42757849;38.31713759;0.05;False;ok;73;1;1.170;
3835;-0.42757849;38.36713759;0.0125;False;ok;35;1;1.072;
3836;-0.42757849;38.37963759;0.0125;False;ok;28;1;1.045;
3837;-0.42757849;38.39213759;0.025;False;ok;70;1;1.190;
3838;-0.42757849;38.41713759;0.025;False;ok;6;1;1.068;
3839;-0.42757849;38.46713759;0.05;False;ok;7;1;1.160;
3840;-0.42757849;38.51713759;0.1;False;ok;6;1;1.086;
3841;-0.42757849;38.61713759;0.1;False;ok;11;1;1.238;
3842;-0.42757849;38.71713759;0.1;False;ok;10;1;1.171;
3843;-0.42757849;38.81713759;0.1;False;ok;13;1;1.139;
3844;-0.42757849;38.91713759;0.1;False;ok;0;1;1.758;
3845;-0.42757849;39.01713759;0.1;False;ok;11;1;1.196;
3846;-0.42757849;39.11713759;0.1;False;ok;25;1;1.155;
3847;-0.42757849;39.21713759;0.1;False;ok;4;1;1.045;
3848;-0.42757849;39.31713759;0.1;False;ok;22;1;1.089;
3849;-0.42757849;39.41713759;0.05;False;ok;74;1;1.381;
3850;-0.42757849;39.46713759;0.025;False;ok;44;1;1.363;
3851;-0.42757849;39.49213759;0.025;False;ok;34;1;1.359;
3852;-0.42757849;39.51713759;0.1;False;ok;26;1;1.131;
3853;-0.42757849;39.61713759;0.1;False;ok;20;1;1.281;
3854;-0.42757849;39.71713759;0.1;False;ok;14;1;1.255;
3855;-0.42757849;39.81713759;0.1;False;ok;9;1;1.241;
3856;-0.42757849;39.91713759;0.1;False;ok;6;1;1.204;
3857;-0.42757849;40.11713759;0.1;False;ok;17;1;1.227;
3858;-0.42757849;40.21713759;0.1;False;ok;2;1;1.084;
3859;-0.42757849;40.51713759;0.1;False;ok;15;1;1.107;
3860;-0.42757849;40.61713759;0.1;False;ok;12;1;1.129;
3861;-0.42757849;40.81713759;0.1;False;ok;4;1;1.062;
3862;-0.42757849;41.31713759;0.1;False;ok;4;1;1.069;
3863;-0.42757849;41.61713759;0.1;False;ok;1;1;0.918;
3864;-0.41507849;38.36713759;0.0125;False;ok;49;1;1.020;
3865;-0.41507849;38.37963759;0.0125;False;ok;74;1;1.109;
3866;-0.40257849;38.39213759;0.025;False;ok;51;1;1.176;
3867;-0.40257849;38.41713759;0.0125;False;ok;72;1;1.155;
3868;-0.40257849;38.42963759;0.0125;False;ok;12;1;0.966;
3869;-0.40257849;38.44213759;0.025;False;ok;8;1;1.107;
3870;-0.40257849;39.46713759;0.0125;False;ok;71;1;1.636;
3871;-0.40257849;39.47963759;0.0125;False;ok;37;1;1.139;
3872;-0.40257849;39.49213759;0.025;False;ok;47;1;1.395;
3873;-0.39007849;38.41713759;0.0125;False;ok;29;1;1.344;
3874;-0.39007849;38.42963759;0.0125;False;ok;23;1;1.530;
3875;-0.39007849;39.46713759;0.00625;False;ok;33;1;1.433;
3876;-0.39007849;39.47338759;0.00625;False;ok;49;1;1.574;
3877;-0.39007849;39.47963759;0.0125;False;ok;70;1;1.633;
3878;-0.38382849;39.46713759;0.00625;False;ok;74;1;1.961;
3879;-0.38382849;39.47338759;0.00625;False;ok;73;1;2.332;
3880;-0.37757849;38.41713759;0.05;False;ok;59;1;2.220;
3881;-0.37757849;38.46713759;0.05;False;ok;29;1;2.283;
3882;-0.37757849;39.44213759;0.0125;False;ok;46;1;2.538;
3883;-0.37757849;39.45463759;0.00625;False;ok;61;1;1.677;
3884;-0.37757849;39.46088759;0.00625;False;ok;71;1;1.699;
3885;-0.37757849;39.46713759;0.00625;False;ok;75;1;2.098;
3886;-0.37757849;39.47338759;0.00625;False;ok;75;1;3.085;
3887;-0.37757849;39.47963759;0.0125;False;ok;74;1;1.988;
3888;-0.37757849;39.49213759;0.025;False;ok;44;1;2.266;
3889;-0.37132849;39.45463759;0.00625;False;ok;70;1;3.668;
3890;-0.37132849;39.46088759;0.00625;False;ok;67;1;2.347;
3891;-0.37132849;39.46713759;0.00625;False;ok;15;1;3.861;
3892;-0.37132849;39.47338759;0.00625;False;ok;17;1;3.693;
3893;-0.36507849;39.44213759;0.0125;False;ok;20;1;3.796;
3894;-0.36507849;39.45463759;0.0125;False;ok;74;1;3.988;
3895;-0.36507849;39.46713759;0.0125;False;ok;63;1;3.785;
3896;-0.36507849;39.47963759;0.0125;False;ok;31;1;3.664;
3897;-0.35257849;39.44213759;0.0125;False;ok;2;1;3.559;
3898;-0.35257849;39.45463759;0.0125;False;ok;73;1;3.959;
3899;-0.35257849;39.46713759;0.0125;False;ok;75;1;2.575;
3900;-0.35257849;39.49213759;0.025;False;ok;5;1;2.406;
3901;-0.34007849;39.44213759;0.0125;False;ok;58;1;3.887;
3902;-0.34007849;39.45463759;0.0125;False;ok;74;1;4.057;
3903;-0.34007849;39.46713759;0.0125;False;ok;72;1;3.925;
3904;-0.34007849;39.47963759;0.0125;False;ok;40;1;2.631;
3905;-0.32757849;38.46713759;0.05;False;ok;50;1;2.657;
3906;-0.32757849;38.51713759;0.1;False;ok;22;1;3.823;
3907;-0.32757849;38.61713759;0.1;False;ok;7;1;2.514;
3908;-0.32757849;38.71713759;0.1;False;ok;7;1;2.482;
3909;-0.32757849;38.81713759;0.1;False;ok;9;1;3.486;
3910;-0.32757849;38.91713759;0.1;False;ok;16;1;2.250;
3911;-0.32757849;39.01713759;0.1;False;ok;20;1;2.153;
3912;-0.32757849;39.11713759;0.05;False;ok;6;1;3.007;
3913;-0.32757849;39.21713759;0.1;False;ok;73;1;3.294;
3914;-0.32757849;39.31713759;0.1;False;ok;12;1;3.191;
3915;-0.32757849;39.41713759;0.05;False;ok;40;1;3.079;
3916;-0.32757849;39.46713759;0.025;False;ok;70;1;3.738;
3917;-0.32757849;39.49213759;0.025;False;ok;60;1;2.051;
3918;-0.32757849;39.51713759;0.1;False;ok;68;1;3.416;
3919;-0.32757849;39.61713759;0.1;False;ok;64;1;2.103;
3920;-0.32757849;39.71713759;0.1;False;ok;7;1;3.122;
3921;-0.32757849;39.81713759;0.1;False;ok;19;1;3.101;
3922;-0.32757849;39.91713759;0.1;False;ok;6;1;1.923;
3923;-0.32757849;40.01713759;0.1;False;ok;2;1;1.912;
3924;-0.32757849;40.11713759;0.1;False;ok;10;1;3.100;
3925;-0.32757849;40.21713759;0.1;False;ok;7;1;3.306;
3926;-0.32757849;40.41713759;0.1;False;ok;25;1;3.468;
3927;-0.32757849;40.51713759;0.1;False;ok;11;1;3.333;
3928;-0.32757849;40.61713759;0.1;False;ok;3;1;3.334;
3929;-0.32757849;40.71713759;0.1;False;ok;9;1;2.002;
3930;-0.32757849;40.81713759;0.1;False;ok;2;1;2.015;
3931;-0.32757849;40.91713759;0.1;False;ok;7;1;3.631;
3932;-0.32757849;41.01713759;0.1;False;ok;6;1;2.192;
3933;-0.32757849;41.21713759;0.1;False;ok;1;1;2.116;
3934;-0.32757849;41.61713759;0.1;False;ok;2;1;2.199;
3935;-0.27757849;38.49213759;0.025;False;ok;73;1;3.897;
3936;-0.27757849;39.14213759;0.025;False;ok;15;1;2.314;
3937;-0.27757849;39.16713759;0.05;False;ok;75;1;4.327;
3938;-0.25257849;38.49213759;0.0125;False;ok;19;1;4.107;
3939;-0.25257849;39.11713759;0.025;False;ok;10;1;4.047;
3940;-0.25257849;39.15463759;0.00625;False;ok;1;1;4.113;
3941;-0.25257849;39.16088759;0.00625;False;ok;29;1;4.100;
3942;-0.24632849;39.15463759;0.00625;False;ok;19;1;4.092;
3943;-0.24632849;39.16088759;0.00625;False;ok;71;1;2.471;
3944;-0.24007849;38.49213759;0.0125;False;ok;74;1;2.559;
3945;-0.24007849;38.50463759;0.0125;False;ok;75;1;4.141;
3946;-0.24007849;39.14213759;0.0125;False;ok;3;1;3.789;
3947;-0.22757849;38.41713759;0.1;False;ok;68;1;2.900;
3948;-0.22757849;38.51713759;0.05;False;ok;74;1;2.617;
3949;-0.22757849;38.56713759;0.05;False;ok;15;1;2.580;
3950;-0.22757849;38.61713759;0.1;False;ok;48;1;4.040;
3951;-0.22757849;38.71713759;0.1;False;ok;6;1;3.904;
3952;-0.22757849;38.81713759;0.1;False;ok;49;1;4.165;
3953;-0.22757849;38.91713759;0.05;False;ok;39;1;4.114;
3954;-0.22757849;38.96713759;0.05;False;ok;51;1;2.586;
3955;-0.22757849;39.01713759;0.1;False;ok;71;1;3.914;
3956;-0.22757849;39.11713759;0.1;False;ok;72;1;2.457;
3957;-0.22757849;39.61713759;0.05;False;ok;73;1;2.551;
3958;-0.22757849;39.66713759;0.05;False;ok;73;1;3.787;
3959;-0.22757849;39.71713759;0.1;False;ok;71;1;2.636;
3960;-0.22757849;39.91713759;0.1;False;ok;2;1;2.408;
3961;-0.22757849;40.01713759;0.1;False;ok;7;1;2.522;
3962;-0.22757849;40.11713759;0.1;False;ok;5;1;3.777;
3963;-0.22757849;40.21713759;0.1;False;ok;5;1;3.745;
3964;-0.22757849;40.31713759;0.1;False;ok;16;1;3.888;
3965;-0.22757849;40.41713759;0.1;False;ok;8;1;3.863;
3966;-0.22757849;40.51713759;0.1;False;ok;6;1;3.941;
3967;-0.22757849;40.61713759;0.1;False;ok;12;1;2.481;
3968;-0.22757849;40.71713759;0.1;False;ok;2;1;3.771;
3969;-0.22757849;40.81713759;0.1;False;ok;2;1;3.756;
3970;-0.22757849;40.91713759;0.1;False;ok;9;1;3.680;
3971;-0.22757849;41.01713759;0.1;False;ok;53;1;2.578;
3972;-0.22757849;41.11713759;0.1;False;ok;7;1;3.705;
3973;-0.22757849;41.21713759;0.1;False;ok;1;1;3.626;
3974;-0.22757849;41.41713759;0.1;False;ok;0;1;3.113;
3975;-0.17757849;38.51713759;0.00625;False;ok;11;1;3.497;
3976;-0.17757849;38.52338759;0.00625;False;ok;75;1;3.779;
3977;-0.17757849;38.52963759;0.0125;False;ok;27;1;2.349;
3978;-0.17757849;38.54213759;0.025;False;ok;22;1;4.166;
3979;-0.17757849;38.56713759;0.05;False;ok;52;1;2.289;
3980;-0.17757849;38.91713759;0.05;False;ok;57;1;2.451;
3981;-0.17757849;38.96713759;0.025;False;ok;28;1;2.263;
3982;-0.17757849;38.99213759;0.0125;False;ok;26;1;4.076;
3983;-0.17757849;39.00463759;0.00625;False;ok;7;1;4.236;
3984;-0.17757849;39.01088759;0.00625;False;ok;55;1;4.368;
3985;-0.17132849;38.52338759;0.00625;False;ok;74;1;2.899;
3986;-0.17132849;39.00463759;0.00625;False;ok;70;1;4.525;
3987;-0.17132849;39.01088759;0.00625;False;ok;35;1;4.450;
3988;-0.16507849;38.51713759;0.0125;False;ok;70;1;4.468;
3989;-0.16507849;38.52963759;0.0125;False;ok;74;1;4.605;
3990;-0.16507849;38.99213759;0.00625;False;ok;58;1;4.425;
3991;-0.16507849;38.99838759;0.00625;False;ok;68;1;4.500;
3992;-0.16507849;39.00463759;0.0125;False;ok;17;1;2.771;
3993;-0.15882849;38.99213759;0.00625;False;ok;27;1;2.900;
3994;-0.15882849;38.99838759;0.00625;False;ok;8;1;2.739;
3995;-0.15257849;38.52963759;0.0125;False;ok;75;1;3.050;
3996;-0.15257849;38.54213759;0.025;False;ok;67;1;4.561;
3997;-0.15257849;38.96713759;0.025;False;ok;54;1;4.541;
3998;-0.14007849;38.53588759;0.00625;False;ok;74;1;3.032;
3999;-0.13382849;38.52963759;0.00625;False;ok;73;1;4.869;
4000;-0.13382849;38.53588759;0.003125;False;ok;64;1;4.646;
4001;-0.13382849;38.53901259;0.003125;False;ok;21;1;4.609;
4002;-0.13070349;38.53588759;0.003125;False;ok;73;1;2.893;
4003;-0.13070349;38.53901259;0.003125;False;ok;6;1;4.243;
4004;-0.12757849;38.52963759;0.00625;False;ok;4;1;2.557;
4005;-0.12757849;38.53588759;0.003125;False;ok;65;1;2.746;
4006;-0.12757849;38.53901259;0.003125;False;ok;25;1;2.703;
4007;-0.12757849;38.54213759;0.025;False;ok;62;1;3.051;
4008;-0.12757849;38.56713759;0.05;False;ok;62;1;4.960;
4009;-0.12757849;38.61713759;0.1;False;ok;72;1;3.046;
4010;-0.12757849;38.71713759;0.1;False;ok;70;1;5.081;
4011;-0.12757849;38.81713759;0.05;False;ok;26;1;5.532;
4012;-0.12757849;38.86713759;0.05;False;ok;19;1;5.399;
4013;-0.12757849;38.91713759;0.1;False;ok;74;1;5.433;
4014;-0.12757849;39.71713759;0.1;False;ok;2;1;5.286;
4015;-0.12757849;39.81713759;0.1;False;ok;59;1;5.541;
4016;-0.12757849;39.91713759;0.1;False;ok;75;1;5.441;
4017;-0.12757849;40.01713759;0.1;False;ok;19;1;5.137;
4018;-0.12757849;40.11713759;0.1;False;ok;13;1;5.179;
4019;-0.12757849;40.21713759;0.1;False;ok;7;1;2.989;
4020;-0.12757849;40.31713759;0.1;False;ok;6;1;2.929;
4021;-0.12757849;40.51713759;0.1;False;ok;10;1;5.238;
4022;-0.12757849;40.61713759;0.1;False;ok;46;1;3.046;
4023;-0.12757849;40.71713759;0.1;False;ok;5;1;5.485;
4024;-0.12757849;40.81713759;0.1;False;ok;2;1;2.949;
4025;-0.12757849;40.91713759;0.1;False;ok;6;1;3.122;
4026;-0.12757849;41.21713759;0.1;False;ok;13;1;4.869;
4027;-0.12445349;38.53588759;0.003125;False;ok;53;1;3.265;
4028;-0.12445349;38.53901259;0.003125;False;ok;29;1;4.853;
4029;-0.12132849;38.52963759;0.00625;False;ok;66;1;3.246;
4030;-0.12132849;38.53588759;0.003125;False;ok;50;1;3.144;
4031;-0.12132849;38.53901259;0.003125;False;ok;51;1;3.781;
4032;-0.11820349;38.53588759;0.003125;False;ok;73;1;2.938;
4033;-0.11820349;38.53901259;0.003125;False;ok;57;1;2.879;
4034;-0.11507849;38.51713759;0.0125;False;ok;12;1;3.029;
4035;-0.11507849;38.52963759;0.00625;False;ok;70;1;2.616;
4036;-0.11507849;38.53588759;0.003125;False;ok;73;1;2.688;
4037;-0.11507849;38.53901259;0.003125;False;ok;14;1;2.499;
4038;-0.11195349;38.53588759;0.003125;False;ok;62;1;2.527;
4039;-0.11195349;38.53901259;0.003125;False;ok;25;1;2.056;
4040;-0.10882849;38.52963759;0.0015625;False;ok;30;1;2.312;
4041;-0.10882849;38.53120009;0.0015625;False;ok;17;1;2.140;
4042;-0.10882849;38.53276259;0.003125;False;ok;74;1;1.993;
4043;-0.10882849;38.53588759;0.003125;False;ok;72;1;2.011;
4044;-0.10882849;38.53901259;0.003125;False;ok;19;1;1.835;
4045;-0.10726599;38.52963759;0.0015625;False;ok;69;1;1.501;
4046;-0.10726599;38.53120009;0.0015625;False;ok;45;1;1.131;
4047;-0.10570349;38.52963759;0.003125;False;ok;34;1;1.023;
4048;-0.10570349;38.53276259;0.003125;False;ok;69;1;1.052;
4049;-0.10570349;38.53588759;0.003125;False;ok;71;1;1.338;
4050;-0.10570349;38.53901259;0.003125;False;ok;4;1;1.382;
4051;-0.10257849;38.51713759;0.025;False;ok;73;1;1.576;
4052;-0.10257849;38.54213759;0.025;False;ok;17;1;1.913;
4053;-0.07757849;38.51713759;0.05;False;ok;24;1;1.906;
4054;-0.07757849;38.56713759;0.00625;False;ok;41;1;3.458;
4055;-0.07757849;38.57338759;0.00625;False;ok;18;1;2.813;
4056;-0.07757849;38.57963759;0.0125;False;ok;4;1;5.225;
4057;-0.07757849;38.59213759;0.025;False;ok;67;1;5.886;
4058;-0.07757849;38.81713759;0.05;False;ok;71;1;5.989;
4059;-0.07757849;38.86713759;0.025;False;ok;62;1;5.810;
4060;-0.07757849;38.89213759;0.025;False;ok;72;1;5.895;
4061;-0.07132849;38.56713759;0.00625;False;ok;30;1;5.718;
4062;-0.07132849;38.57338759;0.00625;False;ok;68;1;5.798;
4063;-0.06507849;38.56713759;0.0125;False;ok;15;1;5.777;
4064;-0.06507849;38.57963759;0.0125;False;ok;23;1;5.881;
4065;-0.05257849;38.59213759;0.00625;False;ok;33;1;5.924;
4066;-0.05257849;38.59838759;0.00625;False;ok;75;1;5.979;
4067;-0.05257849;38.60463759;0.0125;False;ok;7;1;3.233;
4068;-0.05257849;38.86713759;0.025;False;ok;75;1;3.411;
4069;-0.05257849;38.89213759;0.025;False;ok;12;1;5.551;
4070;-0.04632849;38.59838759;0.00625;False;ok;31;1;3.392;
4071;-0.04007849;38.59213759;0.0125;False;ok;0;1;3.974;
4072;-0.04007849;38.60463759;0.0125;False;ok;52;1;5.524;
4073;-0.02757849;38.61713759;0.0125;False;ok;30;1;3.296;
4074;-0.02757849;38.62963759;0.0125;False;ok;34;1;3.364;
4075;-0.02757849;38.64213759;0.025;False;ok;12;1;5.033;
4076;-0.02757849;38.66713759;0.05;False;ok;5;1;3.056;
4077;-0.02757849;38.71713759;0.05;False;ok;22;1;3.046;
4078;-0.02757849;38.76713759;0.05;False;ok;23;1;3.111;
4079;-0.02757849;38.81713759;0.025;False;ok;8;1;2.982;
4080;-0.02757849;38.84213759;0.025;False;ok;48;1;3.128;
4081;-0.02757849;38.86713759;0.05;False;ok;63;1;3.621;
4082;-0.02757849;39.91713759;0.1;False;ok;67;1;3.274;
4083;-0.02757849;40.01713759;0.1;False;ok;72;1;3.296;
4084;-0.02757849;40.11713759;0.1;False;ok;14;1;3.097;
4085;-0.02757849;40.21713759;0.1;False;ok;5;1;3.132;
4086;-0.02757849;40.31713759;0.1;False;ok;7;1;3.073;
4087;-0.02757849;40.41713759;0.1;False;ok;11;1;3.054;
4088;-0.02757849;40.51713759;0.1;False;ok;0;1;3.738;
4089;-0.02757849;40.61713759;0.1;False;ok;1;1;2.538;
4090;-0.02757849;40.71713759;0.1;False;ok;21;1;2.924;
4091;-0.02757849;40.81713759;0.1;False;ok;6;1;2.834;
4092;-0.02757849;40.91713759;0.1;False;ok;3;1;2.730;
4093;-0.02757849;41.41713759;0.1;False;ok;0;1;3.507;
4094;-0.01507849;38.61713759;0.0125;False;ok;4;1;2.211;
4095;-0.01507849;38.62963759;0.0125;False;ok;59;1;2.183;
4096;-0.00257849;38.62963759;0.0125;False;ok;50;1;2.090;
4097;-0.00257849;38.64213759;0.025;False;ok;4;1;1.586;
4098;-0.00257849;38.81713759;0.025;False;ok;20;1;1.231;
4099;-0.00257849;38.84213759;0.0125;False;ok;15;1;1.006;
4100;-0.00257849;38.85463759;0.0125;False;ok;71;1;1.131;
4101;0.00992151;38.62963759;0.0125;False;ok;37;1;0.626;
4102;0.00992151;38.84213759;0.0125;False;ok;23;1;0.604;
4103;0.00992151;38.85463759;0.0125;False;ok;70;1;0.743;
4104;0.02242151;38.62963759;0.00625;False;ok;36;1;1.051;
4105;0.02242151;38.63588759;0.00625;False;ok;15;1;1.076;
4106;0.02242151;38.64213759;0.0125;False;ok;35;1;1.196;
4107;0.02242151;38.65463759;0.0125;False;ok;23;1;1.086;
4108;0.02242151;38.66713759;0.025;False;ok;9;1;1.117;
4109;0.02242151;38.69213759;0.025;False;ok;9;1;1.061;
4110;0.02242151;38.71713759;0.05;False;ok;15;1;1.080;
4111;0.02242151;38.76713759;0.05;False;ok;68;1;1.276;
4112;0.02242151;38.81713759;0.025;False;ok;2;1;1.165;
4113;0.02242151;38.84213759;0.0125;False;ok;2;1;1.110;
4114;0.02242151;38.85463759;0.0125;False;ok;75;1;1.228;
4115;0.02867151;38.62963759;0.00625;False;ok;30;1;1.182;
4116;0.02867151;38.63588759;0.00625;False;ok;32;1;1.097;
4117;0.03492151;38.62963759;0.0125;False;ok;74;1;1.204;
4118;0.03492151;38.64213759;0.00625;False;ok;30;1;1.078;
4119;0.03492151;38.64838759;0.00625;False;ok;20;1;1.010;
4120;0.03492151;38.65463759;0.0125;False;ok;17;1;0.962;
4121;0.03492151;38.85463759;0.0125;False;ok;58;1;0.865;
4122;0.04117151;38.64213759;0.00625;False;ok;73;1;0.848;
4123;0.04117151;38.64838759;0.00625;False;ok;9;1;0.616;
4124;0.04742151;38.62963759;0.0125;False;ok;33;1;0.700;
4125;0.04742151;38.64213759;0.003125;False;ok;75;1;0.807;
4126;0.04742151;38.64526259;0.003125;False;ok;1;1;0.749;
4127;0.04742151;38.64838759;0.00625;False;ok;15;1;0.872;
4128;0.04742151;38.65463759;0.0125;False;ok;32;1;0.935;
4129;0.04742151;38.66713759;0.025;False;ok;73;1;1.138;
4130;0.04742151;38.69213759;0.025;False;ok;28;1;1.166;
4131;0.04742151;38.81713759;0.025;False;ok;9;1;1.040;
4132;0.04742151;38.84213759;0.0125;False;ok;0;1;1.825;
4133;0.04742151;38.85463759;0.00625;False;ok;57;1;1.289;
4134;0.04742151;38.86088759;0.00625;False;ok;32;1;1.298;
4135;0.05054651;38.64213759;0.003125;False;ok;73;1;1.322;
4136;0.05367151;38.64213759;0.003125;False;ok;73;1;1.249;
4137;0.05367151;38.64838759;0.00625;False;ok;20;1;1.251;
4138;0.05367151;38.85463759;0.00625;False;ok;72;1;1.330;
4139;0.05367151;38.86088759;0.00625;False;ok;8;1;1.138;
4140;0.05679651;38.64213759;0.003125;False;ok;74;1;1.203;
4141;0.05679651;38.64526259;0.003125;False;ok;27;1;1.173;
4142;0.05992151;38.63588759;0.00625;False;ok;63;1;1.267;
4143;0.05992151;38.64213759;0.00625;False;ok;40;1;1.077;
4144;0.05992151;38.64838759;0.00625;False;ok;50;1;1.075;
4145;0.05992151;38.65463759;0.00625;False;ok;43;1;1.003;
4146;0.05992151;38.66088759;0.00625;False;ok;21;1;0.860;
4147;0.05992151;38.84213759;0.0125;False;ok;25;1;0.822;
4148;0.05992151;38.85463759;0.00625;False;ok;71;1;0.952;
4149;0.06617151;38.63588759;0.00625;False;ok;75;1;0.764;
4150;0.06617151;38.64213759;0.003125;False;ok;7;1;0.670;
4151;0.06617151;38.64838759;0.00625;False;ok;22;1;0.661;
4152;0.06617151;38.65463759;0.00625;False;ok;24;1;0.726;
4153;0.06617151;38.66088759;0.00625;False;ok;33;1;0.965;
4154;0.06617151;38.85463759;0.00625;False;ok;61;1;1.128;
4155;0.06929651;38.64213759;0.003125;False;ok;75;1;1.127;
4156;0.06929651;38.64526259;0.003125;False;ok;22;1;1.030;
4157;0.07242151;38.51713759;0.1;False;ok;0;1;1.723;
4158;0.07242151;38.61713759;0.025;False;ok;38;1;1.149;
4159;0.07242151;38.64213759;0.00625;False;ok;72;1;1.251;
4160;0.07242151;38.64838759;0.003125;False;ok;74;1;1.230;
4161;0.07242151;38.65151259;0.003125;False;ok;38;1;1.137;
4162;0.07242151;38.65463759;0.00625;False;ok;48;1;1.347;
4163;0.07242151;38.66088759;0.00625;False;ok;39;1;1.212;
4164;0.07242151;38.66713759;0.0125;False;ok;72;1;1.260;
4165;0.07242151;38.67963759;0.0125;False;ok;13;1;1.111;
4166;0.07242151;38.69213759;0.025;False;ok;42;1;1.177;
4167;0.07242151;38.71713759;0.05;False;ok;30;1;1.118;
4168;0.07242151;38.76713759;0.05;False;ok;67;1;1.169;
4169;0.07242151;38.81713759;0.025;False;ok;56;1;1.074;
4170;0.07242151;38.84213759;0.0125;False;ok;69;1;1.078;
4171;0.07242151;38.85463759;0.0125;False;ok;38;1;1.010;
4172;0.07242151;40.01713759;0.05;False;ok;52;1;0.957;
4173;0.07242151;40.21713759;0.1;False;ok;5;1;0.607;
4174;0.07242151;40.31713759;0.1;False;ok;1;1;0.545;
4175;0.07242151;40.41713759;0.1;False;ok;5;1;0.650;
4176;0.07242151;40.51713759;0.1;False;ok;6;1;0.596;
4177;0.07242151;40.61713759;0.1;False;ok;8;1;0.640;
4178;0.07242151;40.71713759;0.1;False;ok;9;1;0.710;
4179;0.07242151;40.81713759;0.1;False;ok;69;1;1.027;
4180;0.07242151;40.91713759;0.1;False;ok;20;1;0.980;
4181;0.07242151;41.11713759;0.1;False;ok;3;1;0.885;
4182;0.07242151;41.61713759;0.1;False;ok;1;1;0.910;
4183;0.07554651;38.64838759;0.003125;False;ok;66;1;1.284;
4184;0.07554651;38.65151259;0.003125;False;ok;21;1;1.217;
4185;0.07867151;38.65463759;0.00625;False;ok;10;1;1.134;
4186;0.07867151;38.66088759;0.00625;False;ok;36;1;1.211;
4187;0.08492151;38.65463759;0.0125;False;ok;29;1;1.216;
4188;0.08492151;38.66713759;0.0125;False;ok;65;1;1.284;
4189;0.08492151;38.67963759;0.00625;False;ok;24;1;1.260;
4190;0.08492151;38.68588759;0.00625;False;ok;8;1;1.229;
4191;0.08492151;38.84213759;0.00625;False;ok;6;1;1.287;
4192;0.08492151;38.84838759;0.00625;False;ok;71;1;1.281;
4193;0.09117151;38.67963759;0.00625;False;ok;30;1;1.245;
4194;0.09117151;38.68588759;0.00625;False;ok;43;1;1.306;
4195;0.09117151;38.84213759;0.00625;False;ok;39;1;1.181;
4196;0.09117151;38.84838759;0.00625;False;ok;62;1;1.244;
4197;0.09742151;38.66713759;0.0125;False;ok;60;1;1.275;
4198;0.09742151;38.67963759;0.0125;False;ok;73;1;1.074;
4199;0.09742151;38.69213759;0.025;False;ok;71;1;0.948;
4200;0.09742151;38.81713759;0.0125;False;ok;43;1;0.910;
4201;0.09742151;38.82963759;0.0125;False;ok;68;1;0.820;
4202;0.09742151;38.84213759;0.00625;False;ok;72;1;0.884;
4203;0.09742151;38.84838759;0.00625;False;ok;26;1;0.702;
4204;0.10367151;38.84213759;0.00625;False;ok;61;1;0.958;
4205;0.10992151;38.66713759;0.0125;False;ok;18;1;0.851;
4206;0.10992151;38.67963759;0.0125;False;ok;68;1;0.978;
4207;0.10992151;38.81713759;0.0125;False;ok;55;1;1.027;
4208;0.10992151;38.82963759;0.0125;False;ok;74;1;1.051;
4209;0.10992151;38.84213759;0.0125;False;ok;18;1;0.948;
4210;0.12242151;38.67963759;0.0125;False;ok;75;1;1.104;
4211;0.12242151;38.69213759;0.0125;False;ok;68;1;1.159;
4212;0.12242151;38.70463759;0.0125;False;ok;16;1;1.051;
4213;0.12242151;38.71713759;0.025;False;ok;20;1;1.010;
4214;0.12242151;38.74213759;0.025;False;ok;28;1;1.116;
4215;0.12242151;38.76713759;0.025;False;ok;32;1;1.100;
4216;0.12242151;38.79213759;0.025;False;ok;48;1;1.131;
4217;0.12242151;38.81713759;0.0125;False;ok;59;1;1.079;
4218;0.12242151;38.82963759;0.0125;False;ok;16;1;1.033;
4219;0.12242151;40.06713759;0.025;False;ok;74;1;1.169;
4220;0.12242151;40.09213759;0.025;False;ok;71;1;1.084;
4221;0.12242151;40.11713759;0.025;False;ok;0;1;1.673;
4222;0.13492151;38.67963759;0.0125;False;ok;73;1;0.986;
4223;0.13492151;38.69213759;0.0125;False;ok;51;1;0.915;
4224;0.13492151;38.70463759;0.0125;False;ok;53;1;0.789;
4225;0.13492151;38.81713759;0.0125;False;ok;27;1;0.834;
4226;0.13492151;38.82963759;0.0125;False;ok;14;1;0.740;
4227;0.14742151;38.66713759;0.025;False;ok;14;1;0.674;
4228;0.14742151;38.69213759;0.0125;False;ok;49;1;0.825;
4229;0.14742151;38.70463759;0.0125;False;ok;58;1;0.856;
4230;0.14742151;38.71713759;0.025;False;ok;69;1;0.904;
4231;0.14742151;38.74213759;0.025;False;ok;53;1;0.919;
4232;0.14742151;38.76713759;0.025;False;ok;69;1;0.912;
4233;0.14742151;38.79213759;0.025;False;ok;33;1;0.909;
4234;0.14742151;38.81713759;0.025;False;ok;6;1;0.865;
4235;0.14742151;40.09213759;0.0125;False;ok;9;1;0.931;
4236;0.14742151;40.10463759;0.00625;False;ok;75;1;1.183;
4237;0.14742151;40.11088759;0.00625;False;ok;75;1;1.143;
4238;0.14742151;40.11713759;0.00625;False;ok;74;1;1.160;
4239;0.14742151;40.12338759;0.00625;False;ok;6;1;0.987;
4240;0.15367151;40.11088759;0.00625;False;ok;75;1;1.136;
4241;0.15367151;40.11713759;0.00625;False;ok;75;1;1.132;
4242;0.15367151;40.12338759;0.00625;False;ok;75;1;1.166;
4243;0.15992151;38.69213759;0.0125;False;ok;2;1;0.977;
4244;0.15992151;38.70463759;0.0125;False;ok;49;1;0.977;
4245;0.15992151;40.12963759;0.0125;False;ok;29;1;0.944;
4246;0.17242151;38.71713759;0.025;False;ok;22;1;0.951;
4247;0.17242151;38.74213759;0.0125;False;ok;20;1;0.863;
4248;0.17242151;38.75463759;0.0125;False;ok;29;1;0.937;
4249;0.17242151;38.76713759;0.0125;False;ok;73;1;0.917;
4250;0.17242151;38.77963759;0.0125;False;ok;71;1;0.896;
4251;0.17242151;38.79213759;0.025;False;ok;71;1;0.859;
4252;0.17242151;40.11713759;0.1;False;ok;23;1;0.955;
4253;0.17242151;40.21713759;0.05;False;ok;7;1;0.708;
4254;0.17242151;40.41713759;0.1;False;ok;18;1;0.797;
4255;0.17242151;40.51713759;0.1;False;ok;6;1;0.648;
4256;0.17242151;40.61713759;0.1;False;ok;5;1;0.631;
4257;0.17242151;40.81713759;0.1;False;ok;75;1;1.030;
4258;0.17242151;40.91713759;0.1;False;ok;30;1;1.011;
4259;0.17242151;41.01713759;0.1;False;ok;15;1;1.035;
4260;0.17242151;41.11713759;0.1;False;ok;2;1;0.928;
4261;0.17242151;41.61713759;0.1;False;ok;2;1;1.089;
4262;0.18492151;38.74213759;0.0125;False;ok;29;1;1.124;
4263;0.18492151;38.75463759;0.0125;False;ok;46;1;1.136;
4264;0.18492151;38.76713759;0.00625;False;ok;75;1;1.222;
4265;0.18492151;38.77338759;0.00625;False;ok;73;1;1.289;
4266;0.18492151;38.77963759;0.0125;False;ok;9;1;1.085;
4267;0.19117151;38.76713759;0.00625;False;ok;48;1;1.106;
4268;0.19742151;38.72963759;0.0125;False;ok;55;1;1.294;
4269;0.19742151;38.74213759;0.00625;False;ok;15;1;1.092;
4270;0.19742151;38.74838759;0.00625;False;ok;28;1;1.124;
4271;0.19742151;38.75463759;0.0125;False;ok;70;1;1.262;
4272;0.19742151;38.76713759;0.025;False;ok;12;1;1.100;
4273;0.20367151;38.74213759;0.00625;False;ok;19;1;1.111;
4274;0.20367151;38.74838759;0.00625;False;ok;24;1;1.122;
4275;0.20992151;38.72963759;0.0125;False;ok;42;1;1.098;
4276;0.20992151;38.74213759;0.0125;False;ok;43;1;1.113;
4277;0.20992151;38.75463759;0.0125;False;ok;7;1;0.946;
4278;0.22242151;38.71713759;0.05;False;ok;70;1;0.988;
4279;0.22242151;40.26713759;0.05;False;ok;6;1;0.981;
4280;0.24742151;40.21713759;0.0125;False;ok;0;1;1.704;
4281;0.24742151;40.24213759;0.025;False;ok;9;1;0.950;
4282;0.25992151;40.21713759;0.0125;False;ok;54;1;1.047;
4283;0.25992151;40.22963759;0.0125;False;ok;59;1;1.257;
4284;0.27242151;40.21713759;0.025;False;ok;53;1;1.199;
4285;0.27242151;40.24213759;0.0125;False;ok;75;1;1.262;
4286;0.27242151;40.25463759;0.0125;False;ok;8;1;1.056;
4287;0.27242151;40.26713759;0.05;False;ok;1;1;1.166;
4288;0.27242151;40.31713759;0.1;False;ok;71;1;1.237;
4289;0.27242151;40.41713759;0.1;False;ok;33;1;1.162;
4290;0.27242151;40.51713759;0.1;False;ok;22;1;1.172;
4291;0.27242151;40.61713759;0.1;False;ok;8;1;1.094;
4292;0.27242151;40.71713759;0.1;False;ok;3;1;1.078;
4293;0.27242151;40.91713759;0.1;False;ok;29;1;1.204;
4294;0.27242151;41.01713759;0.1;False;ok;7;1;1.091;
4295;0.27242151;41.11713759;0.1;False;ok;3;1;1.062;
4296;0.27242151;41.21713759;0.1;False;ok;6;1;1.050;
4297;0.27242151;41.31713759;0.1;False;ok;9;1;0.914;
4298;0.27242151;41.41713759;0.1;False;ok;2;1;0.849;
4299;0.27242151;41.51713759;0.1;False;ok;3;1;0.887;
4300;0.28492151;40.24213759;0.0125;False;ok;45;1;0.896;
4301;0.28492151;40.25463759;0.0125;False;ok;73;1;0.815;
4302;0.37242151;40.35463759;0.0125;False;ok;25;1;0.736;
4303;0.37242151;40.36713759;0.025;False;ok;73;1;0.858;
4304;0.37242151;40.39213759;0.025;False;ok;2;1;0.825;
4305;0.37242151;40.41713759;0.1;False;ok;75;1;1.018;
4306;0.37242151;40.51713759;0.1;False;ok;67;1;1.094;
4307;0.37242151;40.61713759;0.1;False;ok;1;1;1.248;
4308;0.37242151;40.71713759;0.1;False;ok;5;1;1.090;
4309;0.37242151;40.81713759;0.1;False;ok;7;1;1.138;
4310;0.37242151;40.91713759;0.1;False;ok;29;1;1.207;
4311;0.37242151;41.01713759;0.1;False;ok;5;1;1.206;
4312;0.37242151;41.21713759;0.1;False;ok;6;1;1.187;
4313;0.37242151;41.41713759;0.1;False;ok;3;1;1.196;
4314;0.37242151;41.51713759;0.1;False;ok;1;1;1.215;
4315;0.38492151;40.34213759;0.0125;False;ok;63;1;1.315;
4316;0.38492151;40.35463759;0.00625;False;ok;4;1;1.229;
4317;0.38492151;40.36088759;0.00625;False;ok;54;1;1.327;
4318;0.39117151;40.35463759;0.00625;False;ok;71;1;1.334;
4319;0.39117151;40.36088759;0.00625;False;ok;69;1;1.381;
4320;0.39742151;40.35463759;0.00625;False;ok;74;1;1.226;
4321;0.39742151;40.36088759;0.00625;False;ok;75;1;1.394;
4322;0.39742151;40.36713759;0.0125;False;ok;75;1;1.153;
4323;0.39742151;40.37963759;0.0125;False;ok;75;1;1.136;
4324;0.39742151;40.39213759;0.025;False;ok;73;1;1.238;
4325;0.40367151;40.35463759;0.00625;False;ok;74;1;0.978;
4326;0.40992151;40.37963759;0.0125;False;ok;53;1;0.885;
4327;0.42242151;40.36713759;0.05;False;ok;55;1;0.892;
4328;0.47242151;40.41713759;0.1;False;ok;73;1;1.063;
4329;0.47242151;40.51713759;0.1;False;ok;75;1;1.131;
4330;0.47242151;40.61713759;0.1;False;ok;18;1;1.044;
4331;0.47242151;40.71713759;0.1;False;ok;18;1;0.969;
4332;0.47242151;40.81713759;0.1;False;ok;37;1;1.037;
4333;0.47242151;40.91713759;0.1;False;ok;19;1;0.949;
4334;0.47242151;41.01713759;0.1;False;ok;7;1;0.935;
4335;0.47242151;41.21713759;0.1;False;ok;7;1;0.997;
4336;0.47242151;41.31713759;0.1;False;ok;2;1;0.952;
4337;0.47242151;41.41713759;0.1;False;ok;1;1;0.970;
4338;0.47242151;41.51713759;0.1;False;ok;4;1;0.995;
4339;0.47242151;41.61713759;0.1;False;ok;1;1;0.968;
4340;0.57242151;40.51713759;0.1;False;ok;73;1;1.196;
4341;0.57242151;40.61713759;0.1;False;ok;73;1;1.220;
4342;0.57242151;40.71713759;0.1;False;ok;68;1;1.070;
4343;0.57242151;40.81713759;0.1;False;ok;5;1;0.886;
4344;0.57242151;40.91713759;0.1;False;ok;11;1;0.975;
4345;0.57242151;41.01713759;0.1;False;ok;42;1;0.972;
4346;0.57242151;41.11713759;0.1;False;ok;9;1;0.924;
4347;0.57242151;41.31713759;0.1;False;ok;1;1;0.917;
4348;0.57242151;41.41713759;0.1;False;ok;1;1;0.925;
4349;0.57242151;41.51713759;0.1;False;ok;13;1;1.061;
4350;0.57242151;41.61713759;0.1;False;ok;16;1;1.033;
4351;0.67242151;40.61713759;0.1;False;ok;75;1;1.141;
4352;0.67242151;40.71713759;0.05;False;ok;62;1;1.065;
4353;0.67242151;40.76713759;0.025;False;ok;16;1;1.065;
4354;0.67242151;40.79213759;0.025;False;ok;23;1;1.044;
4355;0.67242151;40.81713759;0.05;False;ok;15;1;1.071;
4356;0.67242151;40.86713759;0.05;False;ok;15;1;0.962;
4357;0.67242151;40.91713759;0.1;False;ok;4;1;0.939;
4358;0.67242151;41.01713759;0.1;False;ok;16;1;1.044;
4359;0.67242151;41.11713759;0.1;False;ok;14;1;0.982;
4360;0.67242151;41.21713759;0.1;False;ok;12;1;0.888;
4361;0.67242151;41.41713759;0.1;False;ok;3;1;0.849;
4362;0.67242151;41.51713759;0.1;False;ok;1;1;0.825;
4363;0.67242151;41.61713759;0.1;False;ok;3;1;0.808;
4364;0.69742151;40.79213759;0.025;False;ok;72;1;0.997;
4365;0.72242151;40.71713759;0.05;False;ok;67;1;1.001;
4366;0.72242151;40.81713759;0.05;False;ok;52;1;0.894;
4367;0.72242151;40.86713759;0.05;False;ok;7;1;0.873;
4368;0.77242151;40.61713759;0.1;False;ok;52;1;0.950;
4369;0.77242151;40.71713759;0.05;False;ok;4;1;0.794;
4370;0.77242151;40.81713759;0.05;False;ok;2;1;0.864;
4371;0.77242151;40.86713759;0.025;False;ok;19;1;0.933;
4372;0.77242151;40.89213759;0.025;False;ok;11;1;0.922;
4373;0.77242151;40.91713759;0.1;False;ok;75;1;1.229;
4374;0.77242151;41.01713759;0.1;False;ok;11;1;1.089;
4375;0.77242151;41.11713759;0.1;False;ok;42;1;1.092;
4376;0.77242151;41.21713759;0.1;False;ok;13;1;1.101;
4377;0.77242151;41.31713759;0.1;False;ok;5;1;1.011;
4378;0.77242151;41.41713759;0.1;False;ok;4;1;1.010;
4379;0.77242151;41.51713759;0.1;False;ok;5;1;1.022;
4380;0.79742151;40.86713759;0.025;False;ok;59;1;1.186;
4381;0.79742151;40.90463759;0.0125;False;ok;38;1;1.259;
4382;0.80992151;40.89213759;0.0125;False;ok;15;1;1.150;
4383;0.80992151;40.90463759;0.0125;False;ok;38;1;1.115;
4384;0.82242151;40.71713759;0.0125;False;ok;75;1;1.316;
4385;0.82242151;40.72963759;0.0125;False;ok;4;1;1.020;
4386;0.82242151;40.86713759;0.05;False;ok;20;1;1.053;
4387;0.83492151;40.71713759;0.0125;False;ok;74;1;1.177;
4388;0.87242151;40.96713759;0.05;False;ok;28;1;0.896;
4389;0.87242151;41.01713759;0.05;False;ok;42;1;0.909;
4390;0.87242151;41.06713759;0.05;False;ok;2;1;0.821;
4391;0.87242151;41.11713759;0.1;False;ok;17;1;0.856;
4392;0.87242151;41.21713759;0.1;False;ok;35;1;0.854;
4393;0.87242151;41.31713759;0.1;False;ok;16;1;0.843;
4394;0.87242151;41.51713759;0.1;False;ok;8;1;0.778;
4395;0.87242151;41.61713759;0.1;False;ok;12;1;0.852;
4396;0.92242151;40.96713759;0.025;False;ok;15;1;0.831;
4397;0.92242151;40.99213759;0.0125;False;ok;74;1;0.971;
4398;0.92242151;41.00463759;0.0125;False;ok;39;1;0.974;
4399;0.92242151;41.01713759;0.025;False;ok;30;1;0.934;
4400;0.92242151;41.04213759;0.025;False;ok;2;1;0.929;
4401;0.92242151;41.06713759;0.05;False;ok;11;1;1.023;
4402;0.93492151;40.99213759;0.0125;False;ok;17;1;1.024;
4403;0.93492151;41.00463759;0.00625;False;ok;32;1;1.134;
4404;0.93492151;41.01088759;0.00625;False;ok;16;1;1.051;
4405;0.94117151;41.00463759;0.00625;False;ok;12;1;1.108;
4406;0.94117151;41.01088759;0.00625;False;ok;62;1;1.190;
4407;0.94742151;40.99213759;0.025;False;ok;39;1;1.235;
4408;0.94742151;41.01713759;0.0125;False;ok;73;1;1.385;
4409;0.94742151;41.02963759;0.0125;False;ok;7;1;1.161;
4410;0.95992151;41.01713759;0.0125;False;ok;21;1;1.197;
4411;0.95992151;41.02963759;0.0125;False;ok;8;1;1.106;
4412;0.97242151;41.01713759;0.05;False;ok;45;1;1.267;
4413;0.97242151;41.06713759;0.05;False;ok;2;1;1.080;
4414;0.97242151;41.11713759;0.1;False;ok;30;1;1.245;
4415;0.97242151;41.21713759;0.1;False;ok;28;1;1.157;
4416;0.97242151;41.31713759;0.1;False;ok;3;1;1.065;
4417;0.97242151;41.41713759;0.1;False;ok;7;1;1.056;
4418;0.97242151;41.51713759;0.1;False;ok;9;1;1.068;
4419;0.97242151;41.61713759;0.1;False;ok;1;1;0.935;
4420;1.02242151;41.04213759;0.0125;False;ok;7;1;0.994;
4421;1.02242151;41.05463759;0.0125;False;ok;54;1;1.007;
4422;1.02242151;41.06713759;0.025;False;ok;7;1;0.928;
4423;1.02242151;41.09213759;0.025;False;ok;3;1;0.945;
4424;1.03492151;41.05463759;0.0125;False;ok;41;1;1.028;
4425;1.04742151;41.05463759;0.0125;False;ok;75;1;1.148;
4426;1.04742151;41.06713759;0.025;False;ok;75;1;1.305;
4427;1.05992151;41.05463759;0.0125;False;ok;72;1;1.363;
4428;1.07242151;41.01713759;0.05;False;ok;75;1;1.311;
4429;1.07242151;41.06713759;0.0125;False;ok;55;1;1.207;
4430;1.07242151;41.09213759;0.025;False;ok;2;1;1.064;
4431;1.07242151;41.11713759;0.1;False;ok;42;1;1.287;
4432;1.07242151;41.21713759;0.1;False;ok;21;1;1.183;
4433;1.07242151;41.31713759;0.1;False;ok;43;1;1.258;
4434;1.07242151;41.41713759;0.1;False;ok;5;1;1.199;
4435;1.07242151;41.51713759;0.1;False;ok;6;1;1.177;
4436;1.07242151;41.61713759;0.1;False;ok;15;1;1.191;
4437;1.08492151;41.06713759;0.0125;False;ok;66;1;1.354;
4438;1.08492151;41.07963759;0.0125;False;ok;6;1;1.156;
4439;1.09742151;41.06713759;0.0125;False;ok;75;1;1.217;
4440;1.09742151;41.07963759;0.0125;False;ok;14;1;1.051;
4441;1.10992151;41.06713759;0.0125;False;ok;50;1;1.205;
4442;1.10992151;41.07963759;0.0125;False;ok;0;1;1.750;
4443;1.12242151;41.07338759;0.00625;False;ok;62;1;1.046;
4444;1.12242151;41.07963759;0.0125;False;ok;43;1;0.944;
4445;1.12242151;41.09213759;0.025;False;ok;7;1;0.709;
4446;1.12867151;41.07338759;0.00625;False;ok;60;1;1.219;
4447;1.13492151;41.07338759;0.003125;False;ok;60;1;0.859;
4448;1.13492151;41.07651259;0.003125;False;ok;26;1;0.757;
4449;1.13492151;41.07963759;0.0125;False;ok;17;1;0.880;
4450;1.13804651;41.07338759;0.003125;False;ok;46;1;1.102;
4451;1.13804651;41.07651259;0.003125;False;ok;23;1;0.897;
4452;1.14117151;41.06713759;0.00625;False;ok;75;1;1.192;
4453;1.14117151;41.07338759;0.003125;False;ok;73;1;1.219;
4454;1.14117151;41.07651259;0.003125;False;ok;66;1;1.218;
4455;1.14429651;41.07338759;0.003125;False;ok;44;1;1.215;
4456;1.14429651;41.07651259;0.003125;False;ok;37;1;1.202;
4457;1.14742151;41.05463759;0.0125;False;ok;23;1;1.165;
4458;1.14742151;41.06713759;0.003125;False;ok;61;1;1.220;
4459;1.14742151;41.07026259;0.003125;False;ok;72;1;1.200;
4460;1.14742151;41.07338759;0.00625;False;ok;58;1;1.332;
4461;1.14742151;41.07963759;0.0125;False;ok;16;1;1.083;
4462;1.14742151;41.09213759;0.025;False;ok;3;1;1.160;
4463;1.15054651;41.06713759;0.003125;False;ok;66;1;1.216;
4464;1.15054651;41.07026259;0.003125;False;ok;52;1;1.149;
4465;1.15367151;41.06713759;0.00625;False;ok;45;1;1.081;
4466;1.15992151;41.05463759;0.00625;False;ok;73;1;1.075;
4467;1.15992151;41.06088759;0.00625;False;ok;22;1;0.855;
4468;1.15992151;41.06713759;0.0125;False;ok;6;1;0.807;
4469;1.15992151;41.07963759;0.0125;False;ok;3;1;0.814;
4470;1.16617151;41.05463759;0.00625;False;ok;50;1;0.885;
4471;1.16617151;41.06088759;0.00625;False;ok;65;1;1.095;
4472;1.17242151;41.01713759;0.05;False;ok;49;1;1.233;
4473;1.17242151;41.06713759;0.00625;False;ok;31;1;1.297;
4474;1.17242151;41.07338759;0.00625;False;ok;24;1;1.384;
4475;1.17242151;41.07963759;0.0125;False;ok;66;1;1.526;
4476;1.17242151;41.11713759;0.05;False;ok;4;1;1.246;
4477;1.17242151;41.16713759;0.05;False;ok;5;1;1.311;
4478;1.17242151;41.21713759;0.1;False;ok;7;1;1.299;
4479;1.17242151;41.31713759;0.1;False;ok;16;1;1.401;
4480;1.17242151;41.41713759;0.1;False;ok;8;1;1.371;
4481;1.17242151;41.51713759;0.1;False;ok;11;1;1.348;
4482;1.17242151;41.61713759;0.1;False;ok;5;1;1.309;
4483;1.17867151;41.07338759;0.00625;False;ok;73;1;1.450;
4484;1.18492151;41.07963759;0.0125;False;ok;49;1;1.366;
4485;1.19742151;41.09213759;0.025;False;ok;3;1;1.343;
4486;1.22242151;41.06713759;0.05;False;ok;75;1;1.455;
4487;1.22242151;41.11713759;0.05;False;ok;74;1;1.447;
4488;1.22242151;41.16713759;0.05;False;ok;1;1;1.135;
4489;1.27242151;41.01713759;0.1;False;ok;0;1;2.000;
4490;1.27242151;41.11713759;0.1;False;ok;69;1;1.653;
4491;1.27242151;41.21713759;0.1;False;ok;12;1;0.939;
4492;1.27242151;41.31713759;0.1;False;ok;7;1;1.046;
4493;1.27242151;41.41713759;0.1;False;ok;8;1;0.956;
4494;1.27242151;41.51713759;0.1;False;ok;1;1;0.945;
4495;1.27242151;41.61713759;0.1;False;ok;6;1;0.923;
4496;1.37242151;41.11713759;0.025;False;ok;47;1;1.266;
4497;1.37242151;41.14213759;0.025;False;ok;5;1;1.121;
4498;1.37242151;41.16713759;0.05;False;ok;11;1;1.108;
4499;1.37242151;41.21713759;0.1;False;ok;14;1;1.182;
4500;1.37242151;41.31713759;0.1;False;ok;7;1;1.181;
4501;1.37242151;41.41713759;0.1;False;ok;0;1;1.828;
4502;1.37242151;41.51713759;0.1;False;ok;2;1;1.138;
4503;1.37242151;41.61713759;0.1;False;ok;5;1;1.145;
4504;1.39742151;41.11713759;0.025;False;ok;73;1;1.267;
4505;1.39742151;41.14213759;0.025;False;ok;73;1;1.351;
4506;1.42242151;41.11713759;0.05;False;ok;49;1;1.207;
4507;1.42242151;41.16713759;0.05;False;ok;27;1;1.144;
4508;1.47242151;41.16713759;0.05;False;ok;71;1;1.309;
4509;1.47242151;41.21713759;0.1;False;ok;37;1;1.186;
4510;1.47242151;41.31713759;0.1;False;ok;14;1;1.140;
4511;1.47242151;41.41713759;0.1;False;ok;2;1;0.976;
4512;1.47242151;41.51713759;0.1;False;ok;12;1;1.026;
4513;1.47242151;41.61713759;0.1;False;ok;7;1;1.035;
4514;1.52242151;41.16713759;0.025;False;ok;31;1;1.129;
4515;1.52242151;41.19213759;0.025;False;ok;3;1;1.041;
4516;1.54742151;41.16713759;0.025;False;ok;74;1;1.249;
4517;1.54742151;41.19213759;0.025;False;ok;23;1;1.156;
4518;1.57242151;41.16713759;0.025;False;ok;74;1;1.346;
4519;1.57242151;41.19213759;0.025;False;ok;18;1;1.398;
4520;1.57242151;41.21713759;0.1;False;ok;35;1;1.355;
4521;1.57242151;41.31713759;0.1;False;ok;30;1;1.482;
4522;1.57242151;41.41713759;0.1;False;ok;12;1;1.281;
4523;1.57242151;41.51713759;0.1;False;ok;14;1;1.383;
4524;1.57242151;41.61713759;0.1;False;ok;3;1;1.239;
4525;1.59742151;41.16713759;0.025;False;ok;33;1;1.448;
4526;1.59742151;41.19213759;0.025;False;ok;65;1;1.521;
4527;1.62242151;41.16713759;0.05;False;ok;59;1;1.436;
4528;1.67242151;41.11713759;0.1;False;ok;46;1;1.440;
4529;1.67242151;41.21713759;0.1;False;ok;71;1;1.548;
4530;1.67242151;41.31713759;0.1;False;ok;47;1;1.457;
4531;1.67242151;41.41713759;0.1;False;ok;15;1;1.417;
4532;1.67242151;41.51713759;0.1;False;ok;12;1;1.372;
4533;1.67242151;41.61713759;0.1;False;ok;15;1;1.322;
4534;1.77242151;41.21713759;0.025;False;ok;27;1;1.438;
4535;1.77242151;41.24213759;0.025;False;ok;13;1;1.258;
4536;1.77242151;41.26713759;0.05;False;ok;29;1;1.264;
4537;1.77242151;41.31713759;0.1;False;ok;23;1;1.362;
4538;1.77242151;41.41713759;0.1;False;ok;20;1;1.224;
4539;1.77242151;41.51713759;0.1;False;ok;40;1;1.230;
4540;1.77242151;41.61713759;0.1;False;ok;13;1;1.262;
4541;1.79742151;41.22963759;0.00625;False;ok;19;1;1.292;
4542;1.79742151;41.23588759;0.00625;False;ok;25;1;1.280;
4543;1.79742151;41.24213759;0.025;False;ok;18;1;1.334;
4544;1.80367151;41.22963759;0.00625;False;ok;63;1;1.435;
4545;1.80367151;41.23588759;0.003125;False;ok;40;1;1.380;
4546;1.80679651;41.23588759;0.003125;False;ok;60;1;1.381;
4547;1.80679651;41.23901259;0.003125;False;ok;7;1;1.258;
4548;1.80992151;41.22963759;0.00625;False;ok;20;1;1.366;
4549;1.80992151;41.23588759;0.00625;False;ok;59;1;1.453;
4550;1.81617151;41.22963759;0.00625;False;ok;2;1;1.339;
4551;1.81617151;41.23588759;0.00625;False;ok;26;1;1.515;
4552;1.82242151;41.21713759;0.05;False;ok;59;1;1.515;
4553;1.87242151;41.21713759;0.1;False;ok;62;1;1.448;
4554;1.87242151;41.31713759;0.1;False;ok;18;1;1.399;
4555;1.87242151;41.41713759;0.1;False;ok;24;1;1.392;
4556;1.87242151;41.51713759;0.1;False;ok;7;1;1.194;
4557;1.87242151;41.61713759;0.1;False;ok;7;1;1.148;
4558;1.97242151;41.21713759;0.1;False;ok;72;1;1.360;
4559;1.97242151;41.31713759;0.1;False;ok;43;1;1.169;
4560;1.97242151;41.41713759;0.1;False;ok;38;1;1.269;
4561;1.97242151;41.51713759;0.1;False;ok;68;1;1.271;
4562;1.97242151;41.61713759;0.1;False;ok;5;1;1.074;
4563;2.07242151;41.21713759;0.1;False;ok;2;1;0.964;
4564;2.07242151;41.31713759;0.05;False;ok;66;1;1.199;
4565;2.07242151;41.36713759;0.05;False;ok;72;1;1.209;
4566;2.07242151;41.41713759;0.1;False;ok;68;1;1.192;
4567;2.07242151;41.51713759;0.1;False;ok;19;1;1.202;
4568;2.07242151;41.61713759;0.1;False;ok;11;1;1.106;
4569;2.12242151;41.31713759;0.05;False;ok;70;1;1.303;
4570;2.12242151;41.36713759;0.0125;False;ok;75;1;1.274;
4571;2.12242151;41.37963759;0.0125;False;ok;51;1;1.330;
4572;2.12242151;41.39213759;0.025;False;ok;75;1;1.482;
4573;2.13492151;41.36713759;0.0125;False;ok;75;1;1.422;
4574;2.13492151;41.37963759;0.0125;False;ok;69;1;1.476;
4575;2.14742151;41.36713759;0.00625;False;ok;7;1;1.257;
4576;2.14742151;41.37338759;0.00625;False;ok;28;1;1.422;
4577;2.14742151;41.37963759;0.00625;False;ok;59;1;1.477;
4578;2.14742151;41.38588759;0.00625;False;ok;28;1;1.325;
4579;2.14742151;41.39213759;0.00625;False;ok;40;1;1.303;
4580;2.14742151;41.39838759;0.00625;False;ok;31;1;1.252;
4581;2.14742151;41.40463759;0.0125;False;ok;51;1;1.470;
4582;2.15367151;41.36713759;0.00625;False;ok;22;1;1.557;
4583;2.15367151;41.37338759;0.00625;False;ok;75;1;1.410;
4584;2.15367151;41.37963759;0.00625;False;ok;64;1;1.202;
4585;2.15367151;41.38588759;0.00625;False;ok;75;1;1.151;
4586;2.15367151;41.39213759;0.00625;False;ok;72;1;1.220;
4587;2.15367151;41.39838759;0.00625;False;ok;69;1;1.077;
4588;2.15992151;41.36713759;0.00625;False;ok;41;1;1.007;
4589;2.15992151;41.37338759;0.00625;False;ok;74;1;0.957;
4590;2.15992151;41.37963759;0.00625;False;ok;73;1;1.197;
4591;2.15992151;41.38588759;0.00625;False;ok;74;1;1.182;
4592;2.15992151;41.39213759;0.00625;False;ok;74;1;1.072;
4593;2.15992151;41.39838759;0.00625;False;ok;62;1;1.214;
4594;2.15992151;41.40463759;0.0125;False;ok;75;1;1.089;
4595;2.16617151;41.36713759;0.00625;False;ok;34;1;1.112;
4596;2.16617151;41.37338759;0.00625;False;ok;68;1;1.105;
4597;2.16617151;41.37963759;0.00625;False;ok;69;1;1.350;
4598;2.16617151;41.38588759;0.003125;False;ok;43;1;1.155;
4599;2.16617151;41.38901259;0.003125;False;ok;27;1;1.239;
4600;2.16617151;41.39213759;0.00625;False;ok;72;1;1.290;
4601;2.16617151;41.39838759;0.00625;False;ok;55;1;1.385;
4602;2.16929651;41.38588759;0.003125;False;ok;34;1;1.407;
4603;2.16929651;41.38901259;0.003125;False;ok;29;1;1.482;
4604;2.17242151;41.36713759;0.0125;False;ok;69;1;1.434;
4605;2.17242151;41.37963759;0.003125;False;ok;44;1;1.451;
4606;2.17242151;41.38276259;0.003125;False;ok;24;1;1.284;
4607;2.17242151;41.38588759;0.00625;False;ok;74;1;1.484;
4608;2.17242151;41.39213759;0.00625;False;ok;72;1;1.356;
4609;2.17242151;41.39838759;0.00625;False;ok;74;1;1.321;
4610;2.17242151;41.40463759;0.00625;False;ok;74;1;1.269;
4611;2.17242151;41.41088759;0.00625;False;ok;28;1;1.200;
4612;2.17242151;41.41713759;0.05;False;ok;74;1;1.301;
4613;2.17242151;41.46713759;0.05;False;ok;3;1;1.053;
4614;2.17242151;41.51713759;0.1;False;ok;22;1;1.142;
4615;2.17242151;41.61713759;0.1;False;ok;23;1;1.079;
4616;2.17554651;41.37963759;0.003125;False;ok;34;1;1.096;
4617;2.17554651;41.38276259;0.003125;False;ok;13;1;1.027;
4618;2.17867151;41.37963759;0.00625;False;ok;73;1;1.153;
4619;2.17867151;41.38588759;0.00625;False;ok;28;1;1.102;
4620;2.17867151;41.39213759;0.00625;False;ok;32;1;1.046;
4621;2.17867151;41.39838759;0.00625;False;ok;38;1;1.342;
4622;2.17867151;41.40463759;0.00625;False;ok;52;1;1.253;
4623;2.17867151;41.41088759;0.00625;False;ok;10;1;1.212;
4624;2.18492151;41.36713759;0.0125;False;ok;29;1;1.417;
4625;2.18492151;41.37963759;0.0125;False;ok;59;1;1.472;
4626;2.18492151;41.39213759;0.0125;False;ok;69;1;1.485;
4627;2.18492151;41.40463759;0.0125;False;ok;37;1;1.504;
4628;2.19742151;41.36713759;0.025;False;ok;9;1;1.414;
4629;2.19742151;41.39213759;0.0125;False;ok;72;1;1.450;
4630;2.19742151;41.40463759;0.0125;False;ok;34;1;1.478;
4631;2.20992151;41.39213759;0.0125;False;ok;9;1;1.394;
4632;2.20992151;41.40463759;0.0125;False;ok;51;1;1.519;
4633;2.22242151;41.36713759;0.05;False;ok;17;1;1.417;
4634;2.22242151;41.41713759;0.05;False;ok;73;1;1.515;
4635;2.22242151;41.46713759;0.05;False;ok;12;1;1.459;
4636;2.27242151;41.41713759;0.1;False;ok;74;1;1.540;
4637;2.27242151;41.51713759;0.1;False;ok;43;1;1.406;
4638;2.27242151;41.61713759;0.1;False;ok;21;1;1.200;
4639;2.37242151;41.41713759;0.1;False;ok;47;1;1.253;
4640;2.37242151;41.51713759;0.1;False;ok;71;1;1.328;
4641;2.37242151;41.61713759;0.1;False;ok;21;1;0.947;
4642;2.47242151;41.51713759;0.05;False;ok;20;1;0.909;
4643;2.47242151;41.56713759;0.05;False;ok;22;1;0.949;
4644;2.47242151;41.61713759;0.1;False;ok;14;1;0.946;
4645;2.52242151;41.51713759;0.05;False;ok;0;1;1.761;
4646;2.52242151;41.56713759;0.05;False;ok;53;1;1.244;
4647;-5.754968796;35.95813747;0.1;False;ok;1;1;1.062;
4648;-5.611218796;36.00813747;0.00625;False;ok;72;1;1.333;
4649;-5.617468796;36.01438747;0.00625;False;ok;72;1;1.332;
4650;-5.611218796;36.01438747;0.003125;False;ok;32;1;1.334;
4651;-5.608093796;36.01438747;0.003125;False;ok;75;1;1.389;
4652;-5.611218796;36.01751247;0.003125;False;ok;19;1;1.377;
4653;-5.608093796;36.01751247;0.003125;False;ok;18;1;1.339;
4654;-5.617468796;36.02063747;0.0125;False;ok;73;1;1.469;
4655;-5.654968796;36.03313747;0.025;False;ok;16;1;1.326;
4656;-5.629968796;36.03313747;0.025;False;ok;11;1;1.399;
4657;-5.604968796;36.00813747;0.003125;False;ok;1;1;1.311;
4658;-5.604968796;36.01126247;0.003125;False;ok;75;1;1.466;
4659;-5.601843796;36.01126247;0.003125;False;ok;38;1;1.336;
4660;-5.598718796;36.00813747;0.00625;False;ok;1;1;1.247;
4661;-5.604968796;36.01438747;0.00625;False;ok;75;1;1.385;
4662;-5.592468796;36.02063747;0.0125;False;ok;1;1;1.230;
4663;-5.579968796;36.00813747;0.025;False;ok;2;1;1.050;
4664;-5.604968796;36.03313747;0.025;False;ok;0;1;1.677;
4665;-5.854968796;36.05813747;0.05;False;ok;33;1;0.984;
4666;-5.804968796;36.05813747;0.05;False;ok;47;1;0.776;
4667;-5.854968796;36.10813747;0.025;False;ok;52;1;0.810;
4668;-5.829968796;36.10813747;0.025;False;ok;75;1;0.841;
4669;-5.854968796;36.13313747;0.025;False;ok;74;1;0.790;
4670;-5.754968796;36.05813747;0.1;False;ok;74;1;1.039;
4671;-5.654968796;36.05813747;0.1;False;ok;24;1;1.070;
4672;-5.554968796;36.05813747;0.1;False;ok;25;1;1.228;
4673;-5.454968796;36.05813747;0.1;True;ok;55;1;1.317;
4674;-5.354968796;36.05813747;0.1;True;ok;3;1;1.530;
4675;-6.154968796;36.15813747;0.1;False;ok;73;1;1.582;
4676;-6.054968796;36.18313747;0.025;False;ok;75;1;1.458;
4677;-6.029968796;36.18313747;0.025;False;ok;71;1;1.354;
4678;-6.004968796;36.15813747;0.05;False;ok;12;1;1.256;
4679;-6.054968796;36.20813747;0.05;False;ok;35;1;1.360;
4680;-6.004968796;36.20813747;0.025;False;ok;10;1;1.279;
4681;-5.979968796;36.20813747;0.025;False;ok;2;1;1.325;
4682;-5.979968796;36.23313747;0.0125;False;ok;4;1;1.214;
4683;-5.979968796;36.24563747;0.0125;False;ok;72;1;1.425;
4684;-5.967468796;36.24563747;0.00625;False;ok;46;1;1.255;
4685;-5.961218796;36.24563747;0.00625;False;ok;1;1;1.163;
4686;-5.967468796;36.25188747;0.003125;False;ok;75;1;1.287;
4687;-5.964343796;36.25188747;0.003125;False;ok;75;1;1.317;
4688;-5.961218796;36.25188747;0.00625;False;ok;39;1;1.101;
4689;-5.954968796;36.15813747;0.05;False;ok;74;1;1.084;
4690;-5.904968796;36.15813747;0.05;False;ok;5;1;0.796;
4691;-5.954968796;36.20813747;0.05;False;ok;75;1;0.933;
4692;-5.904968796;36.20813747;0.05;False;ok;7;1;0.684;
4693;-5.854968796;36.15813747;0.1;False;ok;11;1;0.890;
4694;-5.554968796;36.15813747;0.1;False;ok;4;1;0.986;
4695;-5.454968796;36.15813747;0.1;False;ok;37;1;1.244;
4696;-5.354968796;36.15813747;0.1;False;ok;74;1;1.278;
4697;-6.254968796;36.25813747;0.1;False;ok;34;1;1.248;
4698;-6.154968796;36.25813747;0.05;False;ok;75;1;1.450;
4699;-6.104968796;36.27063747;0.0125;False;ok;61;1;1.399;
4700;-6.089343796;36.27063747;0.003125;False;ok;31;1;1.328;
4701;-6.092468796;36.27376247;0.003125;False;ok;74;1;1.435;
4702;-6.089343796;36.27376247;0.003125;False;ok;73;1;1.528;
4703;-6.086218796;36.27063747;0.00625;False;ok;72;1;1.546;
4704;-6.092468796;36.27688747;0.003125;False;ok;72;1;1.370;
4705;-6.089343796;36.27688747;0.003125;False;ok;74;1;1.514;
4706;-6.092468796;36.28001247;0.003125;False;ok;26;1;1.372;
4707;-6.089343796;36.28001247;0.003125;False;ok;73;1;1.546;
4708;-6.086218796;36.27688747;0.00625;False;ok;74;1;1.505;
4709;-6.079968796;36.25813747;0.025;False;ok;20;1;1.236;
4710;-6.104968796;36.28313747;0.0125;False;ok;63;1;1.293;
4711;-6.092468796;36.28313747;0.0125;False;ok;74;1;1.364;
4712;-6.104968796;36.29563747;0.0125;False;ok;1;1;1.112;
4713;-6.092468796;36.29563747;0.0125;False;ok;30;1;1.108;
4714;-6.079968796;36.28313747;0.025;False;ok;61;1;0.930;
4715;-6.154968796;36.30813747;0.025;False;ok;20;1;0.734;
4716;-6.129968796;36.30813747;0.025;False;ok;72;1;0.784;
4717;-6.154968796;36.33313747;0.025;False;ok;69;1;0.904;
4718;-6.129968796;36.33313747;0.025;False;ok;35;1;0.731;
4719;-6.104968796;36.30813747;0.025;False;ok;74;1;0.794;
4720;-6.079968796;36.30813747;0.025;False;ok;53;1;0.791;
4721;-6.104968796;36.33313747;0.025;False;ok;62;1;0.948;
4722;-6.079968796;36.33313747;0.025;False;ok;44;1;0.980;
4723;-6.054968796;36.25813747;0.1;False;ok;75;1;1.230;
4724;-5.954968796;36.25813747;0.1;False;ok;12;1;1.176;
4725;-5.854968796;36.25813747;0.1;False;ok;50;1;1.262;
4726;-5.754968796;36.25813747;0.1;False;ok;6;1;1.235;
4727;-5.454968796;36.25813747;0.1;False;ok;8;1;1.337;
4728;-5.354968796;36.25813747;0.1;False;ok;72;1;1.494;
4729;-5.254968796;36.30813747;0.025;False;ok;72;1;1.473;
4730;-5.254968796;36.33313747;0.0125;False;ok;67;1;1.509;
4731;-5.242468796;36.33313747;0.0125;False;ok;61;1;1.506;
4732;-5.254968796;36.34563747;0.0125;False;ok;15;1;1.403;
4733;-5.242468796;36.34563747;0.00625;False;ok;29;1;1.401;
4734;-5.236218796;36.34563747;0.00625;False;ok;34;1;1.289;
4735;-5.242468796;36.35188747;0.00625;False;ok;40;1;1.340;
4736;-5.236218796;36.35188747;0.00625;False;ok;74;1;1.564;
4737;-5.229968796;36.33313747;0.025;False;ok;4;1;1.145;
4738;-6.204968796;36.35813747;0.025;False;ok;73;1;1.379;
4739;-6.179968796;36.35813747;0.0125;False;ok;71;1;1.311;
4740;-6.167468796;36.35813747;0.0125;False;ok;33;1;1.081;
4741;-6.179968796;36.37063747;0.0125;False;ok;73;1;1.113;
4742;-6.167468796;36.37063747;0.0125;False;ok;33;1;1.025;
4743;-6.204968796;36.38313747;0.025;False;ok;30;1;0.861;
4744;-6.179968796;36.38313747;0.025;False;ok;72;1;0.984;
4745;-6.254968796;36.40813747;0.05;False;ok;19;1;0.764;
4746;-6.204968796;36.40813747;0.05;False;ok;50;1;0.771;
4747;-6.154968796;36.35813747;0.05;False;ok;72;1;0.840;
4748;-6.104968796;36.35813747;0.05;False;ok;30;1;1.009;
4749;-6.154968796;36.40813747;0.05;False;ok;74;1;1.131;
4750;-6.054968796;36.35813747;0.1;False;ok;2;1;0.930;
4751;-5.954968796;36.35813747;0.1;False;ok;23;1;1.261;
4752;-5.754968796;36.35813747;0.1;False;ok;1;1;1.223;
4753;-5.554968796;36.35813747;0.1;False;ok;3;1;1.173;
4754;-5.454968796;36.35813747;0.1;False;ok;31;1;1.256;
4755;-5.354968796;36.35813747;0.1;False;ok;29;1;1.203;
4756;-5.254968796;36.35813747;0.0125;False;ok;44;1;1.344;
4757;-5.242468796;36.35813747;0.00625;False;ok;20;1;1.276;
4758;-5.236218796;36.35813747;0.00625;False;ok;72;1;1.391;
4759;-5.242468796;36.36438747;0.00625;False;ok;34;1;1.331;
4760;-5.236218796;36.36438747;0.00625;False;ok;27;1;1.347;
4761;-5.254968796;36.37063747;0.0125;False;ok;10;1;1.349;
4762;-5.242468796;36.37063747;0.0125;False;ok;2;1;1.288;
4763;-5.229968796;36.35813747;0.025;False;ok;74;1;1.437;
4764;-5.254968796;36.38313747;0.025;False;ok;32;1;1.343;
4765;-5.229968796;36.38313747;0.025;False;ok;73;1;1.461;
4766;-5.204968796;36.35813747;0.05;False;ok;75;1;1.341;
4767;-5.254968796;36.40813747;0.05;False;ok;74;1;1.314;
4768;-5.204968796;36.40813747;0.025;False;ok;74;1;1.315;
4769;-5.179968796;36.40813747;0.0125;False;ok;36;1;1.068;
4770;-5.167468796;36.41438747;0.00625;False;ok;46;1;1.080;
4771;-5.161218796;36.41438747;0.003125;False;ok;62;1;1.152;
4772;-5.158093796;36.41438747;0.003125;False;ok;19;1;0.988;
4773;-5.161218796;36.41751247;0.003125;False;ok;53;1;1.009;
4774;-5.158093796;36.41751247;0.003125;False;ok;12;1;1.027;
4775;-5.167468796;36.42063747;0.0125;False;ok;71;1;1.088;
4776;-5.204968796;36.43313747;0.025;False;ok;0;1;1.734;
4777;-5.179968796;36.43313747;0.025;False;ok;6;1;0.963;
4778;-5.154968796;36.40813747;0.0125;False;ok;38;1;1.108;
4779;-5.154968796;36.42063747;0.00625;False;ok;73;1;1.240;
4780;-5.148718796;36.42063747;0.00625;False;ok;74;1;1.272;
4781;-5.154968796;36.42688747;0.00625;False;ok;34;1;1.152;
4782;-5.148718796;36.42688747;0.00625;False;ok;71;1;1.228;
4783;-5.142468796;36.42063747;0.0125;False;ok;72;1;1.328;
4784;-5.129968796;36.40813747;0.025;False;ok;38;1;1.204;
4785;-5.154968796;36.43313747;0.025;False;ok;71;1;1.297;
4786;-5.129968796;36.43313747;0.025;False;ok;49;1;1.343;
4787;-5.104968796;36.40813747;0.05;False;ok;74;1;1.395;
4788;-5.054968796;36.35813747;0.1;False;ok;61;1;1.259;
4789;-6.304968796;36.45813747;0.05;False;ok;75;1;1.308;
4790;-6.354968796;36.50813747;0.05;False;ok;9;1;1.104;
4791;-6.292468796;36.50813747;0.0125;False;ok;70;1;1.187;
4792;-6.304968796;36.52688747;0.003125;False;ok;49;1;1.250;
4793;-6.301843796;36.52688747;0.003125;False;ok;25;1;1.197;
4794;-6.304968796;36.53001247;0.003125;False;ok;48;1;1.138;
4795;-6.301843796;36.53001247;0.003125;False;ok;75;1;1.221;
4796;-6.298718796;36.52688747;0.003125;False;ok;16;1;1.029;
4797;-6.295593796;36.52688747;0.003125;False;ok;43;1;0.956;
4798;-6.298718796;36.53001247;0.003125;False;ok;60;1;1.021;
4799;-6.295593796;36.53001247;0.003125;False;ok;75;1;1.045;
4800;-6.292468796;36.52063747;0.0125;False;ok;74;1;1.082;
4801;-6.279968796;36.50813747;0.025;False;ok;35;1;1.008;
4802;-6.304968796;36.53313747;0.00625;False;ok;74;1;1.115;
4803;-6.298718796;36.53313747;0.003125;False;ok;75;1;1.211;
4804;-6.295593796;36.53313747;0.003125;False;ok;58;1;1.101;
4805;-6.298718796;36.53626247;0.003125;False;ok;11;1;1.144;
4806;-6.295593796;36.53626247;0.003125;False;ok;5;1;1.093;
4807;-6.292468796;36.53313747;0.0125;False;ok;4;1;1.153;
4808;-6.254968796;36.45813747;0.1;False;ok;70;1;1.361;
4809;-6.154968796;36.45813747;0.1;False;ok;16;1;1.276;
4810;-5.954968796;36.45813747;0.1;False;ok;34;1;1.405;
4811;-5.754968796;36.45813747;0.1;False;ok;35;1;1.358;
4812;-5.454968796;36.45813747;0.1;False;ok;28;1;1.316;
4813;-5.354968796;36.45813747;0.1;False;ok;47;1;1.439;
4814;-5.254968796;36.45813747;0.1;False;ok;14;1;1.384;
4815;-5.154968796;36.45813747;0.1;False;ok;75;1;1.512;
4816;-5.054968796;36.45813747;0.0125;False;ok;75;1;1.476;
4817;-5.042468796;36.45813747;0.0125;False;ok;61;1;1.291;
4818;-5.054968796;36.47063747;0.0125;False;ok;41;1;1.257;
4819;-5.042468796;36.47063747;0.0125;False;ok;57;1;1.224;
4820;-5.029968796;36.45813747;0.0125;False;ok;71;1;1.303;
4821;-5.017468796;36.45813747;0.0125;False;ok;18;1;1.193;
4822;-5.029968796;36.47063747;0.0125;False;ok;53;1;1.199;
4823;-5.017468796;36.47063747;0.0125;False;ok;27;1;1.028;
4824;-5.054968796;36.48313747;0.025;False;ok;48;1;1.097;
4825;-5.029968796;36.48313747;0.025;False;ok;68;1;1.132;
4826;-5.004968796;36.45813747;0.025;False;ok;75;1;1.088;
4827;-4.979968796;36.45813747;0.025;False;ok;50;1;0.966;
4828;-5.004968796;36.48313747;0.025;False;ok;75;1;0.976;
4829;-4.979968796;36.48313747;0.0125;False;ok;74;1;1.045;
4830;-4.967468796;36.48313747;0.00625;False;ok;68;1;1.133;
4831;-4.961218796;36.48313747;0.003125;False;ok;31;1;1.024;
4832;-4.958093796;36.48313747;0.003125;False;ok;10;1;0.934;
4833;-4.961218796;36.48626247;0.003125;False;ok;66;1;1.105;
4834;-4.958093796;36.48626247;0.003125;False;ok;53;1;1.070;
4835;-4.967468796;36.48938747;0.00625;False;ok;74;1;1.234;
4836;-4.961218796;36.48938747;0.00625;False;ok;26;1;1.085;
4837;-4.979968796;36.49563747;0.0125;False;ok;46;1;1.188;
4838;-4.967468796;36.49563747;0.00625;False;ok;74;1;1.304;
4839;-4.961218796;36.49563747;0.00625;False;ok;21;1;1.244;
4840;-4.967468796;36.50188747;0.00625;False;ok;6;1;1.162;
4841;-4.961218796;36.50188747;0.00625;False;ok;19;1;1.275;
4842;-5.054968796;36.50813747;0.05;False;ok;69;1;1.375;
4843;-5.004968796;36.50813747;0.025;False;ok;64;1;1.361;
4844;-4.979968796;36.50813747;0.025;False;ok;72;1;1.370;
4845;-5.004968796;36.53313747;0.025;False;ok;2;1;1.165;
4846;-4.954968796;36.48313747;0.00625;False;ok;75;1;1.517;
4847;-4.954968796;36.48938747;0.00625;False;ok;55;1;1.385;
4848;-4.948718796;36.48938747;0.00625;False;ok;20;1;1.352;
4849;-4.954968796;36.49563747;0.0125;False;ok;75;1;1.374;
4850;-4.942468796;36.49563747;0.0125;False;ok;17;1;1.244;
4851;-4.929968796;36.48313747;0.025;False;ok;64;1;1.396;
4852;-4.904968796;36.49563747;0.0125;False;ok;74;1;1.363;
4853;-4.892468796;36.49563747;0.0125;False;ok;75;1;1.330;
4854;-4.879968796;36.48313747;0.025;False;ok;5;1;1.138;
4855;-4.954968796;36.50813747;0.025;False;ok;36;1;1.249;
4856;-4.929968796;36.50813747;0.025;False;ok;73;1;1.323;
4857;-4.954968796;36.53313747;0.025;False;ok;13;1;1.162;
4858;-4.904968796;36.50813747;0.00625;False;ok;75;1;1.205;
4859;-4.898718796;36.50813747;0.00625;False;ok;74;1;1.242;
4860;-4.904968796;36.51438747;0.00625;False;ok;4;1;1.012;
4861;-4.898718796;36.51438747;0.00625;False;ok;26;1;1.129;
4862;-4.892468796;36.50813747;0.00625;False;ok;73;1;1.323;
4863;-4.886218796;36.50813747;0.00625;False;ok;75;1;1.258;
4864;-4.892468796;36.51438747;0.00625;False;ok;9;1;0.990;
4865;-4.886218796;36.51438747;0.00625;False;ok;7;1;1.029;
4866;-4.904968796;36.52063747;0.0125;False;ok;14;1;1.038;
4867;-4.892468796;36.52063747;0.0125;False;ok;8;1;1.075;
4868;-4.879968796;36.50813747;0.025;False;ok;75;1;1.202;
4869;-4.879968796;36.53313747;0.025;False;ok;34;1;1.085;
4870;-4.854968796;36.48313747;0.025;False;ok;60;1;1.079;
4871;-4.829968796;36.49563747;0.0125;False;ok;30;1;1.035;
4872;-4.817468796;36.49563747;0.0125;False;ok;73;1;1.526;
4873;-4.804968796;36.48313747;0.025;False;ok;72;1;1.352;
4874;-4.779968796;36.48313747;0.0125;False;ok;74;1;1.384;
4875;-4.767468796;36.48313747;0.0125;False;ok;65;1;1.219;
4876;-4.779968796;36.49563747;0.0125;False;ok;58;1;1.128;
4877;-4.767468796;36.49563747;0.0125;False;ok;27;1;1.195;
4878;-4.854968796;36.50813747;0.05;False;ok;72;1;1.308;
4879;-4.804968796;36.50813747;0.05;False;ok;34;1;1.238;
4880;-4.754968796;36.48313747;0.0125;False;ok;73;1;1.372;
4881;-4.742468796;36.48313747;0.0125;False;ok;75;1;1.358;
4882;-4.754968796;36.49563747;0.0125;False;ok;60;1;1.232;
4883;-4.742468796;36.49563747;0.0125;False;ok;14;1;1.137;
4884;-4.729968796;36.48313747;0.00625;False;ok;24;1;1.227;
4885;-4.723718796;36.48626247;0.003125;False;ok;54;1;1.243;
4886;-4.720593796;36.48626247;0.003125;False;ok;74;1;1.315;
4887;-4.729968796;36.48938747;0.00625;False;ok;23;1;1.169;
4888;-4.723718796;36.48938747;0.00625;False;ok;52;1;1.210;
4889;-4.717468796;36.48313747;0.00625;False;ok;72;1;1.147;
4890;-4.711218796;36.48313747;0.00625;False;ok;5;1;0.993;
4891;-4.717468796;36.48938747;0.00625;False;ok;31;1;1.004;
4892;-4.711218796;36.48938747;0.00625;False;ok;73;1;1.060;
4893;-4.729968796;36.49563747;0.0125;False;ok;72;1;1.121;
4894;-4.717468796;36.49563747;0.0125;False;ok;74;1;1.234;
4895;-4.704968796;36.48313747;0.0125;False;ok;74;1;1.165;
4896;-4.692468796;36.48313747;0.0125;False;ok;12;1;1.018;
4897;-4.704968796;36.49563747;0.0125;False;ok;73;1;1.218;
4898;-4.692468796;36.49563747;0.0125;False;ok;73;1;1.243;
4899;-4.679968796;36.48313747;0.025;False;ok;70;1;1.195;
4900;-4.754968796;36.50813747;0.025;False;ok;58;1;1.242;
4901;-4.729968796;36.50813747;0.0125;False;ok;25;1;1.310;
4902;-4.717468796;36.50813747;0.0125;False;ok;73;1;1.489;
4903;-4.754968796;36.53313747;0.025;False;ok;12;1;1.290;
4904;-4.729968796;36.53313747;0.025;False;ok;39;1;1.306;
4905;-4.704968796;36.50813747;0.05;False;ok;73;1;1.446;
4906;-4.654968796;36.45813747;0.05;False;ok;16;1;1.236;
4907;-4.654968796;36.50813747;0.0125;False;ok;71;1;1.386;
4908;-4.642468796;36.50813747;0.0125;False;ok;74;1;1.494;
4909;-4.642468796;36.52063747;0.0125;False;ok;44;1;1.256;
4910;-4.629968796;36.50813747;0.025;False;ok;75;1;1.287;
4911;-4.654968796;36.53313747;0.025;False;ok;72;1;1.289;
4912;-4.629968796;36.53313747;0.00625;False;ok;75;1;1.170;
4913;-4.623718796;36.53313747;0.00625;False;ok;75;1;1.155;
4914;-4.629968796;36.53938747;0.00625;False;ok;57;1;1.058;
4915;-4.623718796;36.53938747;0.003125;False;ok;75;1;1.125;
4916;-4.620593796;36.53938747;0.003125;False;ok;74;1;1.048;
4917;-4.623718796;36.54251247;0.003125;False;ok;26;1;0.854;
4918;-4.620593796;36.54251247;0.003125;False;ok;69;1;0.942;
4919;-4.617468796;36.53313747;0.0125;False;ok;0;1;1.569;
4920;-4.629968796;36.54563747;0.0125;False;ok;73;1;0.965;
4921;-4.617468796;36.54563747;0.00625;False;ok;74;1;1.099;
4922;-4.617468796;36.55188747;0.00625;False;ok;74;1;0.938;
4923;-4.611218796;36.55188747;0.00625;False;ok;32;1;0.957;
4924;-4.554968796;36.45813747;0.1;False;ok;0;1;1.755;
4925;-6.454968796;36.55813747;0.1;False;ok;75;1;1.244;
4926;-6.304968796;36.55813747;0.05;False;ok;73;1;1.226;
4927;-6.354968796;36.60813747;0.05;False;ok;10;1;1.140;
4928;-6.304968796;36.60813747;0.05;False;ok;48;1;1.288;
4929;-6.229968796;36.55813747;0.025;False;ok;73;1;1.289;
4930;-6.254968796;36.58313747;0.025;False;ok;75;1;1.370;
4931;-6.229968796;36.58313747;0.025;False;ok;74;1;1.358;
4932;-6.254968796;36.60813747;0.05;False;ok;19;1;1.194;
4933;-6.204968796;36.60813747;0.05;False;ok;3;1;1.095;
4934;-6.054968796;36.55813747;0.1;False;ok;0;1;1.808;
4935;-5.954968796;36.55813747;0.1;False;ok;4;1;1.113;
4936;-5.854968796;36.55813747;0.1;False;ok;5;1;1.106;
4937;-5.754968796;36.55813747;0.1;False;ok;14;1;1.113;
4938;-5.654968796;36.55813747;0.1;False;ok;1;1;1.048;
4939;-5.554968796;36.55813747;0.1;False;ok;1;1;0.848;
4940;-5.454968796;36.55813747;0.1;False;ok;3;1;0.888;
4941;-5.354968796;36.55813747;0.1;False;ok;73;1;0.942;
4942;-5.254968796;36.55813747;0.1;False;ok;35;1;0.988;
4943;-5.154968796;36.55813747;0.1;False;ok;15;1;0.731;
4944;-5.054968796;36.55813747;0.1;False;ok;0;1;1.440;
4945;-4.954968796;36.55813747;0.1;False;ok;24;1;0.835;
4946;-4.854968796;36.55813747;0.1;False;ok;52;1;0.900;
4947;-4.754968796;36.55813747;0.05;False;ok;11;1;1.019;
4948;-4.704968796;36.55813747;0.05;False;ok;52;1;1.091;
4949;-4.754968796;36.60813747;0.05;False;ok;59;1;1.107;
4950;-4.704968796;36.60813747;0.05;False;ok;75;1;1.399;
4951;-4.654968796;36.55813747;0.025;False;ok;41;1;1.354;
4952;-4.629968796;36.55813747;0.0125;False;ok;23;1;1.356;
4953;-4.617468796;36.55813747;0.0125;False;ok;73;1;1.395;
4954;-4.629968796;36.57063747;0.0125;False;ok;5;1;1.238;
4955;-4.617468796;36.57063747;0.0125;False;ok;30;1;1.327;
4956;-4.654968796;36.58313747;0.025;False;ok;72;1;1.474;
4957;-4.629968796;36.58313747;0.025;False;ok;32;1;1.323;
4958;-4.604968796;36.55813747;0.0125;False;ok;72;1;1.357;
4959;-4.592468796;36.55813747;0.0125;False;ok;2;1;1.156;
4960;-4.604968796;36.57063747;0.0125;False;ok;75;1;1.310;
4961;-4.592468796;36.57063747;0.0125;False;ok;74;1;1.338;
4962;-4.579968796;36.55813747;0.025;False;ok;74;1;1.387;
4963;-4.604968796;36.58313747;0.025;False;ok;66;1;1.127;
4964;-4.579968796;36.58313747;0.025;False;ok;75;1;1.158;
4965;-4.654968796;36.60813747;0.05;False;ok;54;1;1.119;
4966;-4.604968796;36.60813747;0.05;False;ok;44;1;0.814;
4967;-4.554968796;36.55813747;0.025;False;ok;72;1;0.915;
4968;-4.529968796;36.55813747;0.025;False;ok;0;1;1.473;
4969;-4.554968796;36.58313747;0.0125;False;ok;73;1;0.872;
4970;-4.542468796;36.58313747;0.00625;False;ok;55;1;0.973;
4971;-4.536218796;36.58313747;0.003125;False;ok;72;1;1.242;
4972;-4.533093796;36.58313747;0.003125;False;ok;1;1;1.069;
4973;-4.536218796;36.58626247;0.003125;False;ok;74;1;1.209;
4974;-4.533093796;36.58626247;0.003125;False;ok;75;1;1.211;
4975;-4.542468796;36.58938747;0.00625;False;ok;8;1;1.149;
4976;-4.536218796;36.58938747;0.00625;False;ok;74;1;1.301;
4977;-4.554968796;36.59563747;0.0125;False;ok;39;1;1.223;
4978;-4.542468796;36.59563747;0.0125;False;ok;74;1;1.392;
4979;-4.529968796;36.58313747;0.00625;False;ok;2;1;1.138;
4980;-4.529968796;36.58938747;0.0015625;False;ok;75;1;1.330;
4981;-4.528406296;36.58938747;0.0015625;False;ok;19;1;1.221;
4982;-4.529968796;36.59094997;0.0015625;False;ok;74;1;1.323;
4983;-4.528406296;36.59094997;0.0015625;False;ok;20;1;1.229;
4984;-4.526843796;36.58938747;0.003125;False;ok;24;1;1.208;
4985;-4.529968796;36.59251247;0.003125;False;ok;12;1;1.163;
4986;-4.526843796;36.59251247;0.003125;False;ok;74;1;1.230;
4987;-4.523718796;36.58938747;0.00625;False;ok;58;1;1.169;
4988;-4.517468796;36.58313747;0.0125;False;ok;11;1;0.925;
4989;-4.529968796;36.59563747;0.0015625;False;ok;60;1;0.930;
4990;-4.528406296;36.59563747;0.0015625;False;ok;74;1;1.043;
4991;-4.529968796;36.59719997;0.0015625;False;ok;48;1;0.895;
4992;-4.528406296;36.59719997;0.0015625;False;ok;11;1;0.927;
4993;-4.526843796;36.59563747;0.003125;False;ok;71;1;1.092;
4994;-4.529968796;36.59876247;0.003125;False;ok;38;1;1.073;
4995;-4.526843796;36.59876247;0.003125;False;ok;24;1;1.100;
4996;-4.523718796;36.59563747;0.00625;False;ok;75;1;1.185;
4997;-4.529968796;36.60188747;0.00625;False;ok;3;1;1.077;
4998;-4.523718796;36.60188747;0.00625;False;ok;45;1;1.206;
4999;-4.517468796;36.59563747;0.003125;False;ok;72;1;1.357;
5000;-4.514343796;36.59563747;0.003125;False;ok;59;1;1.336;
5001;-4.517468796;36.59876247;0.003125;False;ok;64;1;1.408;
5002;-4.514343796;36.59876247;0.003125;False;ok;52;1;1.303;
5003;-4.511218796;36.59563747;0.00625;False;ok;61;1;1.469;
5004;-4.517468796;36.60188747;0.00625;False;ok;72;1;1.441;
5005;-4.511218796;36.60188747;0.00625;False;ok;75;1;1.446;
5006;-4.504968796;36.55813747;0.05;False;ok;0;1;2.027;
5007;-4.554968796;36.60813747;0.025;False;ok;17;1;1.246;
5008;-4.529968796;36.60813747;0.025;False;ok;73;1;1.473;
5009;-4.554968796;36.63313747;0.025;False;ok;14;1;1.179;
5010;-4.529968796;36.63313747;0.025;False;ok;4;1;1.156;
5011;-4.504968796;36.60813747;0.003125;False;ok;58;1;1.173;
5012;-4.504968796;36.61126247;0.003125;False;ok;75;1;1.222;
5013;-4.501843796;36.61126247;0.003125;False;ok;30;1;1.070;
5014;-4.504968796;36.61438747;0.00625;False;ok;75;1;1.146;
5015;-4.498718796;36.61438747;0.003125;False;ok;69;1;0.980;
5016;-4.498718796;36.61751247;0.003125;False;ok;75;1;0.980;
5017;-4.504968796;36.62063747;0.003125;False;ok;38;1;0.866;
5018;-4.501843796;36.62063747;0.003125;False;ok;75;1;0.941;
5019;-4.504968796;36.62376247;0.003125;False;ok;49;1;0.892;
5020;-4.501843796;36.62376247;0.003125;False;ok;74;1;0.935;
5021;-4.498718796;36.62063747;0.003125;False;ok;74;1;0.946;
5022;-4.495593796;36.62063747;0.003125;False;ok;16;1;0.903;
5023;-4.498718796;36.62376247;0.003125;False;ok;64;1;1.114;
5024;-4.495593796;36.62376247;0.003125;False;ok;39;1;1.103;
5025;-4.504968796;36.62688747;0.00625;False;ok;75;1;1.221;
5026;-4.498718796;36.62688747;0.00625;False;ok;74;1;1.226;
5027;-4.492468796;36.62063747;0.0125;False;ok;63;1;1.272;
5028;-4.504968796;36.63313747;0.0125;False;ok;74;1;1.373;
5029;-4.492468796;36.63313747;0.0125;False;ok;72;1;1.417;
5030;-4.504968796;36.64563747;0.0125;False;ok;9;1;1.145;
5031;-4.492468796;36.64563747;0.0125;False;ok;20;1;1.203;
5032;-4.479968796;36.63313747;0.025;False;ok;17;1;1.210;
5033;-6.454968796;36.65813747;0.05;False;ok;72;1;1.401;
5034;-6.404968796;36.65813747;0.05;False;ok;3;1;1.130;
5035;-6.454968796;36.70813747;0.05;False;ok;74;1;1.541;
5036;-6.404968796;36.70813747;0.05;False;ok;12;1;1.201;
5037;-6.354968796;36.65813747;0.1;False;ok;2;1;1.083;
5038;-6.254968796;36.65813747;0.1;False;ok;5;1;1.014;
5039;-6.154968796;36.65813747;0.025;False;ok;75;1;1.251;
5040;-6.129968796;36.65813747;0.025;False;ok;19;1;1.005;
5041;-6.154968796;36.68313747;0.0125;False;ok;69;1;1.050;
5042;-6.142468796;36.68313747;0.00625;False;ok;74;1;1.138;
5043;-6.136218796;36.68313747;0.00625;False;ok;73;1;1.012;
5044;-6.142468796;36.68938747;0.00625;False;ok;10;1;0.883;
5045;-6.136218796;36.68938747;0.00625;False;ok;6;1;1.027;
5046;-6.154968796;36.69563747;0.0125;False;ok;5;1;0.987;
5047;-6.142468796;36.69563747;0.0125;False;ok;6;1;1.043;
5048;-6.129968796;36.68313747;0.025;False;ok;36;1;1.100;
5049;-6.104968796;36.65813747;0.05;False;ok;3;1;1.112;
5050;-6.154968796;36.70813747;0.05;False;ok;1;1;1.139;
5051;-6.104968796;36.70813747;0.05;False;ok;5;1;1.237;
5052;-6.054968796;36.65813747;0.1;False;ok;12;1;1.323;
5053;-5.954968796;36.65813747;0.1;False;ok;6;1;1.337;
5054;-5.854968796;36.65813747;0.1;False;ok;75;1;1.504;
5055;-5.754968796;36.65813747;0.1;False;ok;20;1;1.400;
5056;-5.654968796;36.65813747;0.1;False;ok;7;1;1.307;
5057;-5.554968796;36.65813747;0.1;False;ok;62;1;1.543;
5058;-5.454968796;36.65813747;0.1;False;ok;73;1;1.522;
5059;-5.354968796;36.65813747;0.1;False;ok;5;1;1.335;
5060;-5.204968796;36.65813747;0.05;False;ok;2;1;1.378;
5061;-5.254968796;36.70813747;0.05;False;ok;66;1;1.465;
5062;-5.204968796;36.70813747;0.025;False;ok;1;1;1.209;
5063;-5.179968796;36.70813747;0.025;False;ok;15;1;1.247;
5064;-5.204968796;36.73313747;0.025;False;ok;8;1;1.215;
5065;-5.179968796;36.73313747;0.0125;False;ok;12;1;1.155;
5066;-5.167468796;36.73313747;0.00625;False;ok;47;1;1.234;
5067;-5.167468796;36.73938747;0.003125;False;ok;42;1;1.177;
5068;-5.164343796;36.73938747;0.003125;False;ok;45;1;1.114;
5069;-5.167468796;36.74251247;0.003125;False;ok;63;1;1.108;
5070;-5.164343796;36.74251247;0.003125;False;ok;65;1;1.103;
5071;-5.161218796;36.73938747;0.00625;False;ok;31;1;1.030;
5072;-5.179968796;36.74563747;0.0125;False;ok;16;1;1.010;
5073;-5.167468796;36.74563747;0.0125;False;ok;64;1;1.112;
5074;-5.154968796;36.65813747;0.1;False;ok;22;1;0.994;
5075;-4.954968796;36.65813747;0.1;False;ok;74;1;1.223;
5076;-4.854968796;36.65813747;0.1;False;ok;43;1;1.248;
5077;-4.754968796;36.65813747;0.1;False;ok;75;1;1.410;
5078;-4.654968796;36.65813747;0.1;False;ok;75;1;1.374;
5079;-4.554968796;36.65813747;0.05;False;ok;43;1;1.354;
5080;-4.504968796;36.65813747;0.05;False;ok;74;1;1.417;
5081;-4.554968796;36.70813747;0.05;False;ok;10;1;1.290;
5082;-4.504968796;36.70813747;0.05;False;ok;46;1;1.317;
5083;-4.454968796;36.65813747;0.025;False;ok;12;1;1.251;
5084;-4.454968796;36.68313747;0.0125;False;ok;72;1;1.282;
5085;-4.442468796;36.68313747;0.0125;False;ok;13;1;1.288;
5086;-4.454968796;36.69563747;0.0125;False;ok;73;1;1.351;
5087;-4.442468796;36.69563747;0.0125;False;ok;75;1;1.354;
5088;-4.454968796;36.70813747;0.0125;False;ok;30;1;1.185;
5089;-4.442468796;36.70813747;0.0125;False;ok;75;1;1.346;
5090;-4.454968796;36.72063747;0.0125;False;ok;22;1;1.125;
5091;-4.442468796;36.72063747;0.0125;False;ok;75;1;1.333;
5092;-4.429968796;36.70813747;0.00625;False;ok;75;1;1.143;
5093;-4.423718796;36.70813747;0.00625;False;ok;10;1;0.932;
5094;-4.429968796;36.71438747;0.003125;False;ok;29;1;1.014;
5095;-4.426843796;36.71438747;0.003125;False;ok;73;1;0.827;
5096;-4.429968796;36.71751247;0.003125;False;ok;48;1;0.842;
5097;-4.426843796;36.71751247;0.003125;False;ok;73;1;1.133;
5098;-4.423718796;36.71438747;0.003125;False;ok;74;1;1.080;
5099;-4.420593796;36.71438747;0.003125;False;ok;1;1;0.887;
5100;-4.423718796;36.71751247;0.0015625;False;ok;23;1;1.105;
5101;-4.422156296;36.71751247;0.0015625;False;ok;13;1;1.127;
5102;-4.423718796;36.71907497;0.0015625;False;ok;75;1;1.267;
5103;-4.422156296;36.71907497;0.0015625;False;ok;31;1;1.167;
5104;-4.420593796;36.71751247;0.003125;False;ok;56;1;1.291;
5105;-4.417468796;36.71438747;0.00625;False;ok;75;1;1.301;
5106;-4.411218796;36.71438747;0.00625;False;ok;75;1;1.402;
5107;-4.429968796;36.72063747;0.003125;False;ok;75;1;1.400;
5108;-4.426843796;36.72063747;0.003125;False;ok;75;1;1.446;
5109;-4.429968796;36.72376247;0.003125;False;ok;71;1;1.377;
5110;-4.426843796;36.72376247;0.003125;False;ok;73;1;1.420;
5111;-4.423718796;36.72063747;0.0015625;False;ok;64;1;1.329;
5112;-4.422156296;36.72063747;0.0015625;False;ok;75;1;1.434;
5113;-4.423718796;36.72219997;0.0015625;False;ok;60;1;1.459;
5114;-4.422156296;36.72219997;0.0015625;False;ok;75;1;1.351;
5115;-4.420593796;36.72063747;0.0015625;False;ok;72;1;1.399;
5116;-4.419031296;36.72063747;0.0015625;False;ok;46;1;1.326;
5117;-4.420593796;36.72219997;0.0015625;False;ok;74;1;1.193;
5118;-4.419031296;36.72219997;0.0015625;False;ok;66;1;1.177;
5119;-4.423718796;36.72376247;0.0015625;False;ok;59;1;1.171;
5120;-4.422156296;36.72376247;0.0015625;False;ok;62;1;1.103;
5121;-4.423718796;36.72532497;0.0015625;False;ok;45;1;1.123;
5122;-4.422156296;36.72532497;0.0015625;False;ok;71;1;1.045;
5123;-4.420593796;36.72376247;0.0015625;False;ok;75;1;1.103;
5124;-4.419031296;36.72376247;0.0015625;False;ok;75;1;1.171;
5125;-4.420593796;36.72532497;0.0015625;False;ok;74;1;1.110;
5126;-4.419031296;36.72532497;0.0015625;False;ok;54;1;1.168;
5127;-4.429968796;36.72688747;0.00625;False;ok;75;1;1.356;
5128;-4.423718796;36.72688747;0.00625;False;ok;75;1;1.275;
5129;-4.417468796;36.72063747;0.003125;False;ok;52;1;1.276;
5130;-4.414343796;36.72063747;0.003125;False;ok;7;1;1.190;
5131;-4.417468796;36.72376247;0.003125;False;ok;75;1;1.415;
5132;-4.414343796;36.72376247;0.003125;False;ok;45;1;1.306;
5133;-4.411218796;36.72063747;0.00625;False;ok;48;1;1.299;
5134;-4.417468796;36.72688747;0.00625;False;ok;75;1;1.414;
5135;-4.411218796;36.72688747;0.00625;False;ok;20;1;1.334;
5136;-4.429968796;36.73313747;0.025;False;ok;62;1;1.316;
5137;-4.404968796;36.70813747;0.025;False;ok;73;1;1.311;
5138;-4.379968796;36.70813747;0.0125;False;ok;10;1;1.144;
5139;-4.367468796;36.70813747;0.0125;False;ok;72;1;1.253;
5140;-4.379968796;36.72063747;0.0125;False;ok;75;1;1.351;
5141;-4.367468796;36.72063747;0.0125;False;ok;59;1;1.287;
5142;-4.404968796;36.73313747;0.025;False;ok;3;1;1.127;
5143;-4.379968796;36.73313747;0.025;False;ok;18;1;1.058;
5144;-4.354968796;36.70813747;0.05;False;ok;71;1;1.236;
5145;-4.304968796;36.70813747;0.025;False;ok;74;1;1.100;
5146;-4.279968796;36.70813747;0.025;False;ok;72;1;0.959;
5147;-4.279968796;36.73313747;0.025;False;ok;15;1;0.924;
5148;-4.254968796;36.70813747;0.05;False;ok;74;1;1.072;
5149;-4.204968796;36.70813747;0.05;False;ok;73;1;1.071;
5150;-4.154968796;36.70813747;0.05;False;ok;54;1;0.976;
5151;-4.104968796;36.70813747;0.025;False;ok;39;1;1.160;
5152;-4.104968796;36.73313747;0.00625;False;ok;29;1;1.160;
5153;-4.098718796;36.73313747;0.00625;False;ok;73;1;1.161;
5154;-4.104968796;36.73938747;0.00625;False;ok;10;1;1.125;
5155;-4.098718796;36.73938747;0.00625;False;ok;73;1;1.340;
5156;-4.092468796;36.73313747;0.0125;False;ok;74;1;1.227;
5157;-4.104968796;36.74563747;0.0125;False;ok;10;1;1.150;
5158;-4.092468796;36.74563747;0.0125;False;ok;34;1;1.299;
5159;-4.079968796;36.73313747;0.025;False;ok;74;1;1.390;
5160;-4.054968796;36.70813747;0.05;False;ok;73;1;1.356;
5161;-3.979968796;36.72063747;0.0125;False;ok;74;1;1.295;
5162;-3.967468796;36.72063747;0.0125;False;ok;75;1;1.428;
5163;-4.004968796;36.73313747;0.025;False;ok;74;1;1.380;
5164;-3.979968796;36.73313747;0.025;False;ok;72;1;1.240;
5165;-3.954968796;36.70813747;0.025;False;ok;73;1;1.294;
5166;-3.954968796;36.73313747;0.025;False;ok;75;1;1.297;
5167;-3.929968796;36.73313747;0.025;False;ok;73;1;1.185;
5168;-3.904968796;36.73313747;0.0125;False;ok;34;1;1.151;
5169;-3.892468796;36.73938747;0.00625;False;ok;15;1;0.951;
5170;-3.886218796;36.73938747;0.003125;False;ok;43;1;1.048;
5171;-3.883093796;36.73938747;0.003125;False;ok;33;1;0.989;
5172;-3.886218796;36.74251247;0.003125;False;ok;74;1;0.998;
5173;-3.883093796;36.74251247;0.0015625;False;ok;40;1;0.981;
5174;-3.881531296;36.74251247;0.0015625;False;ok;75;1;1.024;
5175;-3.883093796;36.74407497;0.0015625;False;ok;12;1;0.870;
5176;-3.881531296;36.74407497;0.0015625;False;ok;42;1;0.873;
5177;-3.904968796;36.74563747;0.0125;False;ok;67;1;0.877;
5178;-3.892468796;36.74563747;0.0125;False;ok;53;1;0.931;
5179;-3.879968796;36.73313747;0.0125;False;ok;75;1;1.128;
5180;-3.879968796;36.74563747;0.003125;False;ok;72;1;1.123;
5181;-3.876843796;36.74563747;0.003125;False;ok;66;1;1.068;
5182;-3.879968796;36.74876247;0.003125;False;ok;49;1;1.208;
5183;-3.876843796;36.74876247;0.003125;False;ok;75;1;1.483;
5184;-3.873718796;36.74563747;0.003125;False;ok;75;1;1.336;
5185;-3.873718796;36.74876247;0.003125;False;ok;74;1;1.342;
5186;-3.870593796;36.74876247;0.003125;False;ok;62;1;1.353;
5187;-3.879968796;36.75188747;0.00625;False;ok;61;1;1.337;
5188;-3.873718796;36.75188747;0.003125;False;ok;73;1;1.348;
5189;-3.870593796;36.75188747;0.003125;False;ok;72;1;1.420;
5190;-3.873718796;36.75501247;0.003125;False;ok;48;1;1.451;
5191;-3.870593796;36.75501247;0.003125;False;ok;29;1;1.311;
5192;-3.867468796;36.74563747;0.0125;False;ok;74;1;1.398;
5193;-3.854968796;36.65813747;0.1;False;ok;72;1;1.436;
5194;-3.754968796;36.70813747;0.025;False;ok;57;1;1.297;
5195;-3.729968796;36.70813747;0.025;False;ok;72;1;1.308;
5196;-3.754968796;36.73313747;0.025;False;ok;71;1;1.363;
5197;-3.729968796;36.73313747;0.025;False;ok;72;1;1.246;
5198;-3.704968796;36.70813747;0.025;False;ok;74;1;1.388;
5199;-3.679968796;36.70813747;0.025;False;ok;14;1;0.853;
5200;-3.704968796;36.73313747;0.025;False;ok;75;1;1.039;
5201;-3.679968796;36.73313747;0.025;False;ok;74;1;1.032;
5202;-3.654968796;36.70813747;0.05;False;ok;72;1;0.822;
5203;-3.604968796;36.70813747;0.05;False;ok;73;1;0.991;
5204;-3.554968796;36.65813747;0.1;False;ok;75;1;1.034;
5205;-3.454968796;36.65813747;0.1;False;ok;58;1;0.947;
5206;-3.354968796;36.65813747;0.1;False;ok;31;1;0.874;
5207;-3.254968796;36.65813747;0.1;False;ok;10;1;1.007;
5208;-3.154968796;36.65813747;0.1;False;ok;12;1;0.919;
5209;-3.054968796;36.65813747;0.1;False;ok;23;1;1.076;
5210;-2.954968796;36.65813747;0.1;False;ok;14;1;1.228;
5211;-2.854968796;36.65813747;0.1;False;ok;72;1;1.284;
5212;-2.654968796;36.65813747;0.05;False;ok;0;1;1.970;
5213;-2.654968796;36.70813747;0.025;False;ok;72;1;1.402;
5214;-2.629968796;36.70813747;0.025;False;ok;73;1;1.522;
5215;-2.654968796;36.73313747;0.025;False;ok;2;1;1.216;
5216;-2.629968796;36.73313747;0.025;False;ok;73;1;1.422;
5217;-6.454968796;36.75813747;0.1;False;ok;74;1;1.533;
5218;-6.354968796;36.75813747;0.0125;False;ok;4;1;1.232;
5219;-6.342468796;36.75813747;0.0125;False;ok;1;1;1.144;
5220;-6.354968796;36.77063747;0.0125;False;ok;75;1;1.453;
5221;-6.342468796;36.77063747;0.0125;False;ok;7;1;1.186;
5222;-6.329968796;36.75813747;0.025;False;ok;3;1;1.189;
5223;-6.354968796;36.78313747;0.025;False;ok;73;1;1.242;
5224;-6.329968796;36.78313747;0.025;False;ok;27;1;1.159;
5225;-6.304968796;36.75813747;0.05;False;ok;1;1;1.018;
5226;-6.354968796;36.80813747;0.05;False;ok;1;1;1.008;
5227;-6.054968796;36.75813747;0.1;False;ok;5;1;0.958;
5228;-5.954968796;36.75813747;0.1;False;ok;1;1;0.926;
5229;-5.854968796;36.75813747;0.1;False;ok;24;1;0.936;
5230;-5.754968796;36.75813747;0.1;False;ok;12;1;0.873;
5231;-5.654968796;36.75813747;0.1;False;ok;43;1;0.837;
5232;-5.554968796;36.75813747;0.1;False;ok;74;1;0.911;
5233;-5.454968796;36.75813747;0.1;False;ok;73;1;0.954;
5234;-5.354968796;36.75813747;0.1;False;ok;73;1;1.237;
5235;-5.254968796;36.75813747;0.1;False;ok;51;1;1.095;
5236;-5.154968796;36.75813747;0.1;False;ok;74;1;1.258;
5237;-5.054968796;36.75813747;0.1;False;ok;1;1;1.172;
5238;-4.954968796;36.75813747;0.1;False;ok;9;1;1.197;
5239;-4.854968796;36.75813747;0.1;False;ok;44;1;1.357;
5240;-4.754968796;36.75813747;0.1;False;ok;73;1;1.492;
5241;-4.654968796;36.75813747;0.1;False;ok;18;1;1.274;
5242;-4.554968796;36.75813747;0.1;False;ok;36;1;1.339;
5243;-4.454968796;36.75813747;0.1;False;ok;12;1;1.346;
5244;-4.354968796;36.75813747;0.1;False;ok;31;1;1.350;
5245;-4.254968796;36.75813747;0.1;False;ok;66;1;2.754;
5246;-4.154968796;36.75813747;0.1;False;ok;75;1;1.532;
5247;-4.054968796;36.75813747;0.05;False;ok;73;1;1.437;
5248;-4.004968796;36.75813747;0.05;False;ok;75;1;1.420;
5249;-4.054968796;36.80813747;0.05;False;ok;51;1;1.435;
5250;-4.004968796;36.80813747;0.025;False;ok;28;1;1.343;
5251;-3.979968796;36.80813747;0.025;False;ok;73;1;1.392;
5252;-4.004968796;36.83313747;0.025;False;ok;43;1;1.348;
5253;-3.979968796;36.83313747;0.025;False;ok;47;1;1.329;
5254;-3.954968796;36.75813747;0.025;False;ok;68;1;1.313;
5255;-3.929968796;36.75813747;0.025;False;ok;55;1;1.143;
5256;-3.954968796;36.78313747;0.025;False;ok;19;1;1.114;
5257;-3.929968796;36.78313747;0.025;False;ok;73;1;1.235;
5258;-3.904968796;36.75813747;0.0125;False;ok;29;1;1.224;
5259;-3.892468796;36.75813747;0.0125;False;ok;72;1;1.349;
5260;-3.904968796;36.77063747;0.0125;False;ok;51;1;1.251;
5261;-3.892468796;36.77063747;0.0125;False;ok;17;1;1.261;
5262;-3.879968796;36.75813747;0.0125;False;ok;75;1;1.383;
5263;-3.867468796;36.75813747;0.0125;False;ok;75;1;1.434;
5264;-3.904968796;36.78313747;0.025;False;ok;75;1;1.501;
5265;-3.954968796;36.80813747;0.05;False;ok;34;1;1.407;
5266;-3.904968796;36.80813747;0.05;False;ok;1;1;1.278;
5267;-3.854968796;36.75813747;0.1;False;ok;39;1;1.404;
5268;-3.754968796;36.75813747;0.1;False;ok;37;1;1.404;
5269;-3.654968796;36.75813747;0.1;False;ok;41;1;1.404;
5270;-3.554968796;36.75813747;0.1;False;ok;33;1;1.434;
5271;-3.454968796;36.75813747;0.1;False;ok;11;1;1.332;
5272;-3.354968796;36.75813747;0.1;False;ok;24;1;1.371;
5273;-3.254968796;36.75813747;0.1;False;ok;8;1;1.302;
5274;-3.154968796;36.75813747;0.1;False;ok;7;1;1.237;
5275;-3.054968796;36.75813747;0.1;False;ok;5;1;1.248;
5276;-2.954968796;36.75813747;0.1;False;ok;6;1;1.305;
5277;-2.854968796;36.75813747;0.1;False;ok;9;1;1.222;
5278;-2.754968796;36.75813747;0.1;False;ok;1;1;1.169;
5279;-2.654968796;36.75813747;0.05;False;ok;53;1;1.279;
5280;-2.604968796;36.75813747;0.05;False;ok;68;1;1.380;
5281;-2.654968796;36.80813747;0.05;False;ok;27;1;1.386;
5282;-2.604968796;36.80813747;0.05;False;ok;73;1;1.507;
5283;-2.554968796;36.75813747;0.1;False;ok;74;1;1.510;
5284;-2.454968796;36.75813747;0.1;False;ok;74;1;1.507;
5285;-2.354968796;36.75813747;0.1;False;ok;72;1;1.532;
5286;-6.154968796;36.85813747;0.1;False;ok;13;1;1.375;
5287;-5.854968796;36.85813747;0.1;False;ok;2;1;1.326;
5288;-5.754968796;36.85813747;0.1;False;ok;1;1;1.340;
5289;-5.654968796;36.85813747;0.1;False;ok;6;1;1.329;
5290;-5.554968796;36.85813747;0.1;False;ok;3;1;1.332;
5291;-5.454968796;36.85813747;0.1;False;ok;63;1;1.513;
5292;-5.354968796;36.85813747;0.1;False;ok;71;1;1.486;
5293;-5.254968796;36.85813747;0.1;False;ok;75;1;1.550;
5294;-5.154968796;36.85813747;0.1;False;ok;2;1;1.267;
5295;-5.054968796;36.85813747;0.1;False;ok;24;1;1.393;
5296;-4.954968796;36.85813747;0.1;False;ok;7;1;1.283;
5297;-4.854968796;36.85813747;0.1;False;ok;73;1;1.411;
5298;-4.754968796;36.85813747;0.1;False;ok;75;1;1.359;
5299;-4.654968796;36.85813747;0.1;False;ok;75;1;1.195;
5300;-4.554968796;36.85813747;0.1;False;ok;41;1;1.147;
5301;-4.454968796;36.85813747;0.1;False;ok;33;1;1.074;
5302;-4.354968796;36.85813747;0.1;False;ok;54;1;1.282;
5303;-4.254968796;36.85813747;0.1;False;ok;71;1;1.260;
5304;-4.154968796;36.85813747;0.1;False;ok;74;1;1.276;
5305;-4.054968796;36.85813747;0.1;False;ok;15;1;1.175;
5306;-3.954968796;36.85813747;0.1;False;ok;4;1;1.148;
5307;-3.654968796;36.85813747;0.1;False;ok;57;1;1.407;
5308;-3.554968796;36.85813747;0.1;False;ok;75;1;1.468;
5309;-3.454968796;36.85813747;0.1;False;ok;74;1;1.476;
5310;-3.354968796;36.85813747;0.1;False;ok;75;1;1.406;
5311;-3.254968796;36.85813747;0.1;False;ok;9;1;1.251;
5312;-3.154968796;36.85813747;0.1;False;ok;4;1;1.289;
5313;-2.754968796;36.85813747;0.1;False;ok;3;1;1.239;
5314;-2.654968796;36.85813747;0.1;False;ok;18;1;1.314;
5315;-2.454968796;36.85813747;0.1;False;ok;17;1;1.237;
5316;-2.354968796;36.85813747;0.1;False;ok;2;1;1.206;
5317;-6.654968796;36.95813747;0.1;False;ok;34;1;1.283;
5318;-6.554968796;36.95813747;0.1;False;ok;55;1;1.303;
5319;-5.954968796;36.95813747;0.1;False;ok;3;1;1.278;
5320;-5.854968796;36.95813747;0.1;False;ok;1;1;1.159;
5321;-5.654968796;36.95813747;0.1;False;ok;13;1;1.169;
5322;-5.554968796;36.95813747;0.1;False;ok;1;1;1.091;
5323;-5.454968796;36.95813747;0.1;False;ok;7;1;1.209;
5324;-5.354968796;36.95813747;0.1;False;ok;6;1;1.139;
5325;-5.254968796;36.95813747;0.1;False;ok;8;1;1.131;
5326;-5.154968796;36.95813747;0.1;False;ok;4;1;1.184;
5327;-4.954968796;36.95813747;0.1;False;ok;19;1;1.454;
5328;-4.754968796;36.95813747;0.1;False;ok;6;1;1.433;
5329;-4.654968796;36.95813747;0.1;False;ok;70;1;1.487;
5330;-4.554968796;36.95813747;0.1;False;ok;11;1;1.419;
5331;-4.454968796;36.95813747;0.1;False;ok;17;1;1.412;
5332;-4.354968796;36.95813747;0.1;False;ok;31;1;1.539;
5333;-4.254968796;36.95813747;0.1;False;ok;8;1;1.425;
5334;-4.154968796;36.95813747;0.1;False;ok;3;1;1.458;
5335;-4.054968796;36.95813747;0.1;False;ok;20;1;1.459;
5336;-3.954968796;36.95813747;0.1;False;ok;6;1;1.465;
5337;-3.654968796;36.95813747;0.1;False;ok;74;1;1.807;
5338;-3.554968796;36.95813747;0.1;False;ok;38;1;1.442;
5339;-3.454968796;36.95813747;0.1;False;ok;58;1;1.477;
5340;-3.354968796;36.95813747;0.1;False;ok;34;1;1.405;
5341;-3.254968796;36.95813747;0.1;False;ok;12;1;1.336;
5342;-3.154968796;36.95813747;0.1;False;ok;27;1;1.423;
5343;-3.054968796;36.95813747;0.1;False;ok;17;1;1.342;
5344;-2.954968796;36.95813747;0.1;False;ok;34;1;1.332;
5345;-2.854968796;36.95813747;0.1;False;ok;11;1;1.286;
5346;-2.754968796;36.95813747;0.1;False;ok;10;1;1.222;
5347;-2.654968796;36.95813747;0.1;False;ok;10;1;1.072;
5348;-2.554968796;36.95813747;0.1;False;ok;2;1;1.011;
5349;-2.454968796;36.95813747;0.1;False;ok;19;1;1.074;
5350;-6.954968796;37.05813747;0.1;False;ok;4;1;1.095;
5351;-6.854968796;37.05813747;0.1;False;ok;52;1;1.143;
5352;-6.554968796;37.05813747;0.1;False;ok;65;1;1.209;
5353;-5.954968796;37.05813747;0.1;False;ok;3;1;0.995;
5354;-5.654968796;37.05813747;0.1;False;ok;1;1;1.018;
5355;-5.554968796;37.05813747;0.1;False;ok;4;1;1.031;
5356;-5.454968796;37.05813747;0.1;False;ok;4;1;1.080;
5357;-5.254968796;37.05813747;0.1;False;ok;0;1;1.826;
5358;-5.154968796;37.05813747;0.1;False;ok;5;1;1.104;
5359;-5.054968796;37.05813747;0.1;False;ok;1;1;1.065;
5360;-4.954968796;37.05813747;0.1;False;ok;4;1;1.409;
5361;-4.854968796;37.05813747;0.1;False;ok;8;1;1.278;
5362;-4.754968796;37.05813747;0.1;False;ok;21;1;1.279;
5363;-4.654968796;37.05813747;0.1;False;ok;1;1;1.166;
5364;-4.554968796;37.05813747;0.1;False;ok;8;1;1.244;
5365;-4.454968796;37.05813747;0.1;False;ok;43;1;1.333;
5366;-4.354968796;37.05813747;0.1;False;ok;28;1;1.229;
5367;-4.254968796;37.05813747;0.1;False;ok;1;1;1.107;
5368;-4.154968796;37.05813747;0.1;False;ok;10;1;1.186;
5369;-4.054968796;37.05813747;0.1;False;ok;5;1;1.203;
5370;-3.954968796;37.05813747;0.1;False;ok;5;1;1.197;
5371;-3.754968796;37.05813747;0.1;False;ok;18;1;1.338;
5372;-3.654968796;37.05813747;0.05;False;ok;39;1;1.359;
5373;-3.604968796;37.05813747;0.05;False;ok;12;1;1.356;
5374;-3.654968796;37.10813747;0.05;False;ok;55;1;1.365;
5375;-3.604968796;37.10813747;0.05;False;ok;71;1;1.320;
5376;-3.554968796;37.05813747;0.1;False;ok;75;1;1.357;
5377;-3.404968796;37.08938747;0.00625;False;ok;50;1;1.251;
5378;-3.398718796;37.08938747;0.003125;False;ok;7;1;1.196;
5379;-3.398718796;37.09251247;0.003125;False;ok;73;1;1.314;
5380;-3.395593796;37.09251247;0.003125;False;ok;51;1;1.288;
5381;-3.392468796;37.08313747;0.0125;False;ok;12;1;1.214;
5382;-3.404968796;37.09563747;0.00625;False;ok;8;1;1.214;
5383;-3.398718796;37.09563747;0.003125;False;ok;75;1;1.385;
5384;-3.395593796;37.09563747;0.003125;False;ok;73;1;1.391;
5385;-3.398718796;37.09876247;0.003125;False;ok;0;1;2.026;
5386;-3.395593796;37.09876247;0.003125;False;ok;5;1;1.200;
5387;-3.398718796;37.10188747;0.00625;False;ok;1;1;1.148;
5388;-3.392468796;37.09563747;0.0125;False;ok;1;1;1.169;
5389;-3.454968796;37.10813747;0.05;False;ok;26;1;1.217;
5390;-3.254968796;37.05813747;0.1;False;ok;1;1;1.187;
5391;-2.854968796;37.05813747;0.1;False;ok;8;1;1.093;
5392;-2.754968796;37.05813747;0.1;False;ok;0;1;1.850;
5393;-2.554968796;37.05813747;0.1;False;ok;4;1;1.100;
5394;-2.454968796;37.05813747;0.1;False;ok;11;1;1.119;
5395;-2.354968796;37.05813747;0.1;False;ok;7;1;1.180;
5396;-7.429968796;37.18313747;0.025;True;ok;0;1;1.255;
5397;-7.404968796;37.15813747;0.05;False;ok;74;1;1.396;
5398;-7.454968796;37.20813747;0.05;True;ok;70;1;1.336;
5399;-7.404968796;37.20813747;0.05;False;ok;46;1;1.116;
5400;-7.354968796;37.15813747;0.1;False;ok;74;1;1.349;
5401;-7.254968796;37.15813747;0.05;False;ok;61;1;1.270;
5402;-7.204968796;37.15813747;0.05;False;ok;1;1;1.060;
5403;-7.254968796;37.20813747;0.05;False;ok;75;1;1.295;
5404;-7.204968796;37.20813747;0.05;False;ok;8;1;1.120;
5405;-7.154968796;37.15813747;0.1;False;ok;73;1;1.243;
5406;-7.054968796;37.15813747;0.1;False;ok;75;1;1.194;
5407;-6.954968796;37.15813747;0.1;False;ok;63;1;1.150;
5408;-6.854968796;37.15813747;0.1;False;ok;1;1;0.989;
5409;-6.554968796;37.15813747;0.1;False;ok;6;1;1.024;
5410;-6.354968796;37.15813747;0.1;False;ok;8;1;1.102;
5411;-6.254968796;37.15813747;0.1;False;ok;0;1;1.692;
5412;-6.054968796;37.15813747;0.1;False;ok;2;1;1.037;
5413;-5.954968796;37.15813747;0.1;False;ok;6;1;0.912;
5414;-5.854968796;37.15813747;0.1;False;ok;19;1;0.949;
5415;-5.654968796;37.15813747;0.1;False;ok;0;1;1.562;
5416;-5.554968796;37.15813747;0.1;False;ok;5;1;0.799;
5417;-5.454968796;37.15813747;0.1;False;ok;5;1;0.798;
5418;-5.354968796;37.15813747;0.1;False;ok;38;1;0.939;
5419;-5.154968796;37.15813747;0.1;False;ok;16;1;1.068;
5420;-4.954968796;37.15813747;0.1;False;ok;4;1;1.142;
5421;-4.854968796;37.15813747;0.1;False;ok;16;1;1.265;
5422;-4.654968796;37.15813747;0.1;False;ok;2;1;1.298;
5423;-4.554968796;37.15813747;0.1;False;ok;10;1;1.444;
5424;-4.454968796;37.15813747;0.1;False;ok;22;1;1.394;
5425;-4.354968796;37.15813747;0.1;False;ok;38;1;1.458;
5426;-4.254968796;37.15813747;0.1;False;ok;11;1;1.324;
5427;-4.154968796;37.15813747;0.1;False;ok;6;1;1.324;
5428;-4.054968796;37.15813747;0.1;False;ok;6;1;1.288;
5429;-3.954968796;37.15813747;0.1;False;ok;6;1;1.288;
5430;-3.854968796;37.15813747;0.1;False;ok;11;1;1.328;
5431;-3.754968796;37.15813747;0.1;False;ok;45;1;1.390;
5432;-3.654968796;37.15813747;0.05;False;ok;75;1;1.619;
5433;-3.604968796;37.15813747;0.0125;False;ok;73;1;2.685;
5434;-3.592468796;37.15813747;0.0125;False;ok;44;1;2.638;
5435;-3.604968796;37.17063747;0.003125;False;ok;59;1;1.406;
5436;-3.601843796;37.17063747;0.003125;False;ok;49;1;1.188;
5437;-3.604968796;37.17376247;0.003125;False;ok;71;1;1.070;
5438;-3.601843796;37.17376247;0.003125;False;ok;75;1;1.118;
5439;-3.598718796;37.17063747;0.003125;False;ok;75;1;1.030;
5440;-3.595593796;37.17063747;0.003125;False;ok;47;1;0.935;
5441;-3.598718796;37.17376247;0.003125;False;ok;75;1;1.147;
5442;-3.595593796;37.17376247;0.003125;False;ok;66;1;1.074;
5443;-3.604968796;37.17688747;0.003125;False;ok;34;1;1.106;
5444;-3.601843796;37.17688747;0.003125;False;ok;75;1;1.288;
5445;-3.604968796;37.18001247;0.003125;False;ok;22;1;1.196;
5446;-3.601843796;37.18001247;0.003125;False;ok;73;1;1.345;
5447;-3.598718796;37.17688747;0.003125;False;ok;75;1;1.355;
5448;-3.595593796;37.17688747;0.003125;False;ok;74;1;1.357;
5449;-3.598718796;37.18001247;0.003125;False;ok;44;1;1.230;
5450;-3.595593796;37.18001247;0.003125;False;ok;29;1;1.150;
5451;-3.592468796;37.17063747;0.0125;False;ok;75;1;1.307;
5452;-3.579968796;37.15813747;0.025;False;ok;12;1;1.068;
5453;-3.604968796;37.18313747;0.025;False;ok;74;1;1.210;
5454;-3.654968796;37.20813747;0.05;False;ok;30;1;1.157;
5455;-3.604968796;37.20813747;0.05;False;ok;33;1;1.121;
5456;-3.554968796;37.15813747;0.1;False;ok;70;1;1.195;
5457;-3.454968796;37.15813747;0.1;False;ok;46;1;1.077;
5458;-3.254968796;37.15813747;0.1;False;ok;14;1;1.039;
5459;-3.154968796;37.15813747;0.1;False;ok;15;1;0.955;
5460;-3.054968796;37.15813747;0.1;False;ok;0;1;1.611;
5461;-2.954968796;37.15813747;0.1;False;ok;0;1;1.570;
5462;-2.754968796;37.15813747;0.1;False;ok;2;1;0.859;
5463;-2.454968796;37.15813747;0.1;False;ok;2;1;0.957;
5464;-2.354968796;37.15813747;0.1;False;ok;1;1;0.977;
5465;-7.454968796;37.25813747;0.1;True;ok;47;1;1.099;
5466;-7.354968796;37.25813747;0.1;False;ok;6;1;1.416;
5467;-7.254968796;37.25813747;0.1;False;ok;8;1;1.146;
5468;-7.154968796;37.25813747;0.1;False;ok;9;1;1.399;
5469;-7.054968796;37.25813747;0.1;False;ok;18;1;1.309;
5470;-6.954968796;37.25813747;0.1;False;ok;36;1;1.290;
5471;-6.854968796;37.25813747;0.1;False;ok;14;1;1.456;
5472;-6.754968796;37.25813747;0.1;False;ok;4;1;1.484;
5473;-6.654968796;37.25813747;0.1;False;ok;3;1;1.390;
5474;-6.554968796;37.25813747;0.1;False;ok;10;1;1.537;
5475;-6.454968796;37.25813747;0.1;False;ok;10;1;1.465;
5476;-6.354968796;37.25813747;0.1;False;ok;8;1;1.409;
5477;-6.254968796;37.25813747;0.1;False;ok;19;1;1.407;
5478;-6.154968796;37.25813747;0.1;False;ok;38;1;1.421;
5479;-6.054968796;37.25813747;0.1;False;ok;74;1;1.446;
5480;-5.954968796;37.25813747;0.1;False;ok;55;1;1.217;
5481;-5.854968796;37.25813747;0.1;False;ok;35;1;0.943;
5482;-5.554968796;37.25813747;0.1;False;ok;5;1;0.814;
5483;-5.454968796;37.25813747;0.1;False;ok;18;1;0.836;
5484;-5.254968796;37.25813747;0.1;False;ok;11;1;1.014;
5485;-4.954968796;37.25813747;0.1;False;ok;3;1;0.896;
5486;-4.854968796;37.25813747;0.1;False;ok;4;1;0.921;
5487;-4.754968796;37.25813747;0.1;False;ok;2;1;0.735;
5488;-4.554968796;37.25813747;0.1;False;ok;3;1;0.819;
5489;-4.454968796;37.25813747;0.1;False;ok;25;1;0.885;
5490;-4.354968796;37.25813747;0.1;False;ok;42;1;1.033;
5491;-4.254968796;37.25813747;0.1;False;ok;28;1;1.361;
5492;-4.154968796;37.25813747;0.1;False;ok;19;1;1.382;
5493;-4.054968796;37.25813747;0.1;False;ok;37;1;1.439;
5494;-3.954968796;37.25813747;0.1;False;ok;25;1;1.466;
5495;-3.854968796;37.25813747;0.1;False;ok;15;1;1.382;
5496;-3.754968796;37.25813747;0.1;False;ok;6;1;1.324;
5497;-3.654968796;37.25813747;0.1;False;ok;8;1;1.387;
5498;-3.354968796;37.25813747;0.1;False;ok;6;1;1.408;
5499;-3.254968796;37.25813747;0.1;False;ok;27;1;1.419;
5500;-3.154968796;37.25813747;0.1;False;ok;65;1;1.505;
5501;-2.554968796;37.25813747;0.1;False;ok;7;1;1.399;
5502;-2.454968796;37.25813747;0.1;False;ok;11;1;1.317;
5503;-2.354968796;37.25813747;0.1;False;ok;46;1;1.434;
5504;-7.254968796;37.35813747;0.1;False;ok;1;1;1.262;
5505;-7.154968796;37.35813747;0.1;False;ok;2;1;1.169;
5506;-7.054968796;37.35813747;0.1;False;ok;4;1;1.260;
5507;-6.854968796;37.35813747;0.1;False;ok;4;1;1.193;
5508;-6.754968796;37.35813747;0.1;False;ok;4;1;1.121;
5509;-6.554968796;37.35813747;0.1;False;ok;8;1;1.075;
5510;-6.454968796;37.35813747;0.1;False;ok;6;1;0.909;
5511;-6.254968796;37.35813747;0.1;False;ok;24;1;0.643;
5512;-6.154968796;37.35813747;0.1;False;ok;74;1;1.231;
5513;-6.054968796;37.35813747;0.05;False;ok;74;1;1.001;
5514;-5.992468796;37.35813747;0.0125;False;ok;13;1;1.310;
5515;-6.004968796;37.37063747;0.00625;False;ok;31;1;1.309;
5516;-5.998718796;37.37063747;0.00625;False;ok;28;1;1.274;
5517;-6.004968796;37.37688747;0.00625;False;ok;75;1;1.610;
5518;-5.998718796;37.37688747;0.00625;False;ok;44;1;1.488;
5519;-5.992468796;37.37063747;0.0125;False;ok;74;1;1.560;
5520;-5.979968796;37.35813747;0.025;False;ok;75;1;1.548;
5521;-6.004968796;37.38313747;0.00625;False;ok;74;1;1.656;
5522;-5.998718796;37.38313747;0.003125;False;ok;74;1;1.543;
5523;-5.995593796;37.38313747;0.003125;False;ok;61;1;1.520;
5524;-5.998718796;37.38626247;0.003125;False;ok;75;1;1.634;
5525;-5.995593796;37.38626247;0.003125;False;ok;75;1;1.670;
5526;-6.004968796;37.38938747;0.00625;False;ok;75;1;1.701;
5527;-5.998718796;37.38938747;0.003125;False;ok;75;1;1.558;
5528;-5.995593796;37.38938747;0.003125;False;ok;75;1;1.561;
5529;-5.998718796;37.39251247;0.003125;False;ok;46;1;1.591;
5530;-5.995593796;37.39251247;0.003125;False;ok;74;1;1.585;
5531;-5.992468796;37.38313747;0.003125;False;ok;75;1;1.311;
5532;-5.989343796;37.38313747;0.003125;False;ok;52;1;0.945;
5533;-5.992468796;37.38626247;0.003125;False;ok;75;1;0.819;
5534;-5.989343796;37.38626247;0.003125;False;ok;74;1;0.882;
5535;-5.986218796;37.38313747;0.00625;False;ok;75;1;0.860;
5536;-5.992468796;37.38938747;0.003125;False;ok;75;1;0.847;
5537;-5.989343796;37.38938747;0.003125;False;ok;75;1;1.181;
5538;-5.992468796;37.39251247;0.003125;False;ok;65;1;1.225;
5539;-5.989343796;37.39251247;0.003125;False;ok;72;1;1.320;
5540;-5.986218796;37.38938747;0.00625;False;ok;75;1;1.375;
5541;-6.004968796;37.39563747;0.00625;False;ok;43;1;1.284;
5542;-5.998718796;37.39563747;0.003125;False;ok;74;1;1.362;
5543;-5.995593796;37.39563747;0.003125;False;ok;74;1;1.539;
5544;-5.998718796;37.39876247;0.003125;False;ok;56;1;1.498;
5545;-5.995593796;37.39876247;0.003125;False;ok;75;1;1.539;
5546;-5.998718796;37.40188747;0.00625;False;ok;36;1;1.536;
5547;-5.992468796;37.39563747;0.003125;False;ok;74;1;1.592;
5548;-5.989343796;37.39563747;0.003125;False;ok;64;1;1.611;
5549;-5.992468796;37.39876247;0.003125;False;ok;70;1;1.578;
5550;-5.989343796;37.39876247;0.003125;False;ok;60;1;1.616;
5551;-5.986218796;37.39563747;0.00625;False;ok;72;1;1.623;
5552;-5.992468796;37.40188747;0.00625;False;ok;71;1;1.552;
5553;-5.986218796;37.40188747;0.00625;False;ok;27;1;1.493;
5554;-5.979968796;37.38313747;0.025;False;ok;73;1;1.478;
5555;-6.054968796;37.40813747;0.05;False;ok;27;1;1.322;
5556;-6.004968796;37.40813747;0.05;False;ok;50;1;1.418;
5557;-5.954968796;37.35813747;0.1;False;ok;73;1;1.027;
5558;-5.854968796;37.35813747;0.1;False;ok;14;1;0.921;
5559;-5.754968796;37.35813747;0.1;False;ok;9;1;0.858;
5560;-5.554968796;37.35813747;0.1;False;ok;0;1;1.615;
5561;-5.354968796;37.35813747;0.1;False;ok;0;1;1.539;
5562;-4.854968796;37.35813747;0.1;False;ok;12;1;0.930;
5563;-4.754968796;37.35813747;0.1;False;ok;4;1;1.249;
5564;-4.654968796;37.35813747;0.1;False;ok;10;1;1.317;
5565;-4.554968796;37.35813747;0.1;False;ok;44;1;1.348;
5566;-4.454968796;37.35813747;0.1;False;ok;8;1;1.412;
5567;-4.354968796;37.35813747;0.1;False;ok;27;1;1.424;
5568;-4.254968796;37.35813747;0.1;False;ok;54;1;1.554;
5569;-4.154968796;37.35813747;0.1;False;ok;24;1;1.404;
5570;-4.054968796;37.35813747;0.1;False;ok;7;1;1.415;
5571;-3.954968796;37.35813747;0.1;False;ok;10;1;1.348;
5572;-3.854968796;37.35813747;0.1;False;ok;19;1;1.442;
5573;-3.754968796;37.35813747;0.1;False;ok;3;1;1.347;
5574;-3.654968796;37.35813747;0.1;False;ok;0;1;2.121;
5575;-3.254968796;37.35813747;0.1;False;ok;9;1;1.280;
5576;-3.054968796;37.35813747;0.1;False;ok;7;1;1.369;
5577;-2.954968796;37.35813747;0.1;False;ok;5;1;1.240;
5578;-2.754968796;37.35813747;0.1;False;ok;3;1;1.223;
5579;-2.654968796;37.35813747;0.1;False;ok;0;1;1.850;
5580;-2.354968796;37.35813747;0.1;False;ok;4;1;1.021;
5581;-7.554968796;37.45813747;0.1;True;ok;20;1;0.744;
5582;-7.354968796;37.45813747;0.1;False;ok;2;1;0.728;
5583;-6.254968796;37.45813747;0.1;False;ok;15;1;0.701;
5584;-6.154968796;37.45813747;0.1;False;ok;3;1;0.777;
5585;-6.054968796;37.45813747;0.1;False;ok;25;1;0.877;
5586;-5.954968796;37.45813747;0.1;False;ok;9;1;1.068;
5587;-5.854968796;37.45813747;0.1;False;ok;3;1;1.160;
5588;-5.754968796;37.45813747;0.1;False;ok;11;1;1.228;
5589;-5.654968796;37.45813747;0.1;False;ok;44;1;1.432;
5590;-5.354968796;37.45813747;0.1;False;ok;9;1;1.235;
5591;-5.254968796;37.45813747;0.1;False;ok;2;1;1.326;
5592;-5.154968796;37.45813747;0.1;False;ok;36;1;1.447;
5593;-4.654968796;37.45813747;0.1;False;ok;7;1;1.384;
5594;-4.554968796;37.45813747;0.1;False;ok;7;1;1.336;
5595;-4.454968796;37.45813747;0.1;False;ok;16;1;1.386;
5596;-4.354968796;37.45813747;0.1;False;ok;43;1;1.451;
5597;-4.254968796;37.45813747;0.1;False;ok;27;1;1.469;
5598;-4.154968796;37.45813747;0.1;False;ok;15;1;1.354;
5599;-4.054968796;37.45813747;0.1;False;ok;11;1;1.272;
5600;-3.954968796;37.45813747;0.1;False;ok;28;1;1.358;
5601;-3.854968796;37.45813747;0.1;False;ok;10;1;1.317;
5602;-3.654968796;37.45813747;0.1;False;ok;9;1;1.176;
5603;-3.554968796;37.45813747;0.1;False;ok;1;1;1.145;
5604;-3.354968796;37.45813747;0.1;False;ok;0;1;1.756;
5605;-3.154968796;37.45813747;0.1;False;ok;1;1;0.922;
5606;-3.054968796;37.45813747;0.1;False;ok;13;1;0.990;
5607;-2.954968796;37.45813747;0.1;False;ok;17;1;0.966;
5608;-2.854968796;37.45813747;0.1;False;ok;18;1;1.147;
5609;-2.754968796;37.45813747;0.1;False;ok;20;1;1.105;
5610;-2.654968796;37.45813747;0.1;False;ok;2;1;1.234;
5611;-2.554968796;37.45813747;0.1;False;ok;0;1;2.039;
5612;-2.354968796;37.45813747;0.1;False;ok;5;1;1.294;
5613;-7.454968796;37.55813747;0.1;False;ok;1;1;1.280;
5614;-6.854968796;37.55813747;0.1;False;ok;0;1;2.033;
5615;-6.754968796;37.55813747;0.1;False;ok;3;1;1.323;
5616;-6.554968796;37.55813747;0.1;False;ok;3;1;1.338;
5617;-6.354968796;37.55813747;0.1;False;ok;4;1;1.408;
5618;-6.254968796;37.55813747;0.1;False;ok;7;1;1.423;
5619;-6.154968796;37.55813747;0.1;False;ok;19;1;1.416;
5620;-5.954968796;37.55813747;0.1;False;ok;3;1;1.338;
5621;-5.854968796;37.55813747;0.1;False;ok;13;1;1.418;
5622;-5.754968796;37.55813747;0.1;False;ok;9;1;1.362;
5623;-5.654968796;37.55813747;0.1;False;ok;0;1;2.057;
5624;-5.554968796;37.55813747;0.1;False;ok;7;1;1.333;
5625;-5.154968796;37.55813747;0.1;False;ok;1;1;1.179;
5626;-5.054968796;37.55813747;0.1;False;ok;7;1;1.113;
5627;-4.954968796;37.55813747;0.1;False;ok;9;1;0.966;
5628;-4.854968796;37.55813747;0.1;False;ok;3;1;1.039;
5629;-4.754968796;37.55813747;0.1;False;ok;21;1;0.956;
5630;-4.654968796;37.55813747;0.1;False;ok;18;1;0.916;
5631;-4.354968796;37.55813747;0.1;False;ok;50;1;1.040;
5632;-4.254968796;37.55813747;0.1;False;ok;1;1;0.886;
5633;-4.154968796;37.55813747;0.1;False;ok;11;1;0.936;
5634;-4.054968796;37.55813747;0.1;False;ok;2;1;0.989;
5635;-3.954968796;37.55813747;0.1;False;ok;7;1;1.059;
5636;-3.854968796;37.55813747;0.1;False;ok;4;1;1.104;
5637;-3.654968796;37.55813747;0.1;False;ok;6;1;1.228;
5638;-3.554968796;37.55813747;0.1;False;ok;9;1;1.287;
5639;-3.054968796;37.55813747;0.1;False;ok;1;1;1.221;
5640;-2.954968796;37.55813747;0.1;False;ok;8;1;1.278;
5641;-2.854968796;37.55813747;0.1;False;ok;6;1;1.259;
5642;-2.754968796;37.55813747;0.1;False;ok;9;1;1.333;
5643;-2.654968796;37.55813747;0.1;False;ok;3;1;1.287;
5644;-2.554968796;37.55813747;0.1;False;ok;1;1;1.240;
5645;-2.454968796;37.55813747;0.1;False;ok;1;1;1.239;
5646;-2.354968796;37.55813747;0.1;False;ok;0;1;2.091;
5647;-6.954968796;37.65813747;0.1;False;ok;3;1;1.270;
5648;-6.754968796;37.65813747;0.1;False;ok;1;1;1.326;
5649;-6.654968796;37.65813747;0.1;False;ok;4;1;1.280;
5650;-6.554968796;37.65813747;0.1;False;ok;2;1;1.314;
5651;-6.454968796;37.65813747;0.1;False;ok;0;1;2.043;
5652;-6.354968796;37.65813747;0.1;False;ok;12;1;1.288;
5653;-6.254968796;37.65813747;0.1;False;ok;20;1;1.352;
5654;-6.154968796;37.65813747;0.1;False;ok;9;1;1.211;
5655;-6.054968796;37.65813747;0.1;False;ok;11;1;1.167;
5656;-5.654968796;37.65813747;0.1;False;ok;2;1;1.209;
5657;-5.554968796;37.65813747;0.1;False;ok;5;1;1.143;
5658;-5.354968796;37.65813747;0.1;False;ok;24;1;1.192;
5659;-5.154968796;37.65813747;0.1;False;ok;6;1;1.227;
5660;-4.954968796;37.65813747;0.1;False;ok;13;1;1.264;
5661;-4.654968796;37.65813747;0.1;False;ok;3;1;1.083;
5662;-4.554968796;37.65813747;0.1;False;ok;6;1;1.169;
5663;-4.154968796;37.65813747;0.1;False;ok;1;1;1.136;
5664;-4.054968796;37.65813747;0.1;False;ok;16;1;1.167;
5665;-3.854968796;37.65813747;0.1;False;ok;5;1;1.145;
5666;-3.754968796;37.65813747;0.1;False;ok;10;1;1.082;
5667;-3.654968796;37.65813747;0.1;False;ok;29;1;1.123;
5668;-3.554968796;37.65813747;0.1;False;ok;3;1;1.079;
5669;-3.454968796;37.65813747;0.1;False;ok;4;1;1.038;
5670;-3.354968796;37.65813747;0.1;False;ok;1;1;1.111;
5671;-3.054968796;37.65813747;0.1;False;ok;35;1;1.102;
5672;-2.954968796;37.65813747;0.1;False;ok;59;1;1.284;
5673;-2.854968796;37.65813747;0.1;False;ok;6;1;1.037;
5674;-2.754968796;37.65813747;0.1;False;ok;6;1;1.147;
5675;-2.654968796;37.65813747;0.1;False;ok;4;1;1.255;
5676;-2.554968796;37.65813747;0.1;False;ok;24;1;1.413;
5677;-2.454968796;37.65813747;0.1;False;ok;4;1;1.344;
5678;-6.754968796;37.75813747;0.1;False;ok;3;1;1.330;
5679;-6.554968796;37.75813747;0.1;False;ok;2;1;1.324;
5680;-6.454968796;37.75813747;0.1;False;ok;13;1;1.416;
5681;-6.354968796;37.75813747;0.1;False;ok;10;1;1.549;
5682;-5.854968796;37.75813747;0.1;False;ok;8;1;1.409;
5683;-5.754968796;37.75813747;0.1;False;ok;1;1;1.452;
5684;-5.454968796;37.75813747;0.1;False;ok;31;1;1.474;
5685;-5.354968796;37.75813747;0.1;False;ok;7;1;1.389;
5686;-5.254968796;37.75813747;0.1;False;ok;27;1;1.457;
5687;-5.154968796;37.75813747;0.1;False;ok;16;1;1.415;
5688;-5.054968796;37.75813747;0.1;False;ok;43;1;1.395;
5689;-4.954968796;37.75813747;0.1;False;ok;12;1;1.396;
5690;-4.854968796;37.75813747;0.1;False;ok;1;1;1.156;
5691;-4.254968796;37.75813747;0.1;False;ok;1;1;1.141;
5692;-3.954968796;37.75813747;0.1;False;ok;7;1;1.222;
5693;-3.854968796;37.75813747;0.1;False;ok;74;1;1.114;
5694;-3.754968796;37.75813747;0.1;False;ok;6;1;1.007;
5695;-3.654968796;37.75813747;0.1;False;ok;10;1;1.078;
5696;-3.554968796;37.75813747;0.1;False;ok;24;1;1.083;
5697;-3.454968796;37.75813747;0.1;False;ok;18;1;1.052;
5698;-3.154968796;37.75813747;0.1;False;ok;25;1;1.168;
5699;-3.054968796;37.75813747;0.1;False;ok;6;1;1.100;
5700;-2.954968796;37.75813747;0.1;False;ok;6;1;1.181;
5701;-2.854968796;37.75813747;0.1;False;ok;57;1;1.429;
5702;-2.754968796;37.75813747;0.1;False;ok;7;1;1.273;
5703;-2.654968796;37.75813747;0.1;False;ok;1;1;1.382;
5704;-2.554968796;37.75813747;0.1;False;ok;21;1;1.459;
5705;-7.054968796;37.85813747;0.1;False;ok;4;1;1.405;
5706;-6.854968796;37.85813747;0.1;False;ok;27;1;1.513;
5707;-6.754968796;37.85813747;0.1;False;ok;74;1;1.584;
5708;-6.654968796;37.85813747;0.1;False;ok;74;1;1.520;
5709;-6.554968796;37.85813747;0.1;False;ok;48;1;1.542;
5710;-6.454968796;37.85813747;0.1;False;ok;2;1;1.322;
5711;-6.354968796;37.85813747;0.1;False;ok;1;1;1.308;
5712;-6.254968796;37.85813747;0.1;False;ok;15;1;1.335;
5713;-6.154968796;37.85813747;0.1;False;ok;12;1;1.402;
5714;-5.954968796;37.85813747;0.1;False;ok;1;1;1.256;
5715;-5.854968796;37.85813747;0.1;False;ok;53;1;1.255;
5716;-5.754968796;37.85813747;0.1;False;ok;17;1;1.151;
5717;-5.654968796;37.85813747;0.1;False;ok;42;1;1.249;
5718;-5.554968796;37.85813747;0.1;False;ok;4;1;1.049;
5719;-5.054968796;37.85813747;0.1;False;ok;5;1;1.096;
5720;-4.954968796;37.85813747;0.1;False;ok;12;1;1.046;
5721;-4.854968796;37.85813747;0.05;False;ok;3;1;0.976;
5722;-4.804968796;37.85813747;0.0125;False;ok;0;1;1.809;
5723;-4.792468796;37.85813747;0.0125;False;ok;15;1;1.218;
5724;-4.804968796;37.87063747;0.0125;False;ok;7;1;1.138;
5725;-4.792468796;37.87063747;0.00625;False;ok;2;1;1.159;
5726;-4.786218796;37.87063747;0.00625;False;ok;49;1;1.241;
5727;-4.792468796;37.87688747;0.00625;False;ok;75;1;1.357;
5728;-4.786218796;37.87688747;0.003125;False;ok;43;1;1.397;
5729;-4.783093796;37.87688747;0.003125;False;ok;53;1;1.463;
5730;-4.786218796;37.88001247;0.003125;False;ok;20;1;1.426;
5731;-4.783093796;37.88001247;0.003125;False;ok;75;1;1.594;
5732;-4.779968796;37.85813747;0.0125;False;ok;22;1;1.351;
5733;-4.779968796;37.87063747;0.00625;False;ok;74;1;1.467;
5734;-4.773718796;37.87063747;0.00625;False;ok;15;1;1.337;
5735;-4.779968796;37.87688747;0.00625;False;ok;75;1;1.582;
5736;-4.773718796;37.87688747;0.00625;False;ok;75;1;1.438;
5737;-4.767468796;37.87063747;0.0125;False;ok;28;1;1.415;
5738;-4.804968796;37.88313747;0.025;False;ok;75;1;1.552;
5739;-4.779968796;37.88313747;0.00625;False;ok;75;1;1.438;
5740;-4.773718796;37.88313747;0.00625;False;ok;75;1;1.440;
5741;-4.779968796;37.88938747;0.00625;False;ok;36;1;1.179;
5742;-4.773718796;37.88938747;0.00625;False;ok;37;1;1.012;
5743;-4.767468796;37.88313747;0.0125;False;ok;37;1;1.002;
5744;-4.767468796;37.89563747;0.0125;False;ok;3;1;0.867;
5745;-4.854968796;37.90813747;0.05;False;ok;13;1;0.945;
5746;-4.804968796;37.90813747;0.05;False;ok;25;1;0.963;
5747;-4.754968796;37.85813747;0.1;False;ok;22;1;1.036;
5748;-4.654968796;37.85813747;0.1;False;ok;4;1;1.070;
5749;-4.554968796;37.85813747;0.1;False;ok;4;1;1.058;
5750;-4.454968796;37.85813747;0.1;False;ok;2;1;1.098;
5751;-4.354968796;37.85813747;0.1;False;ok;1;1;1.123;
5752;-4.254968796;37.85813747;0.1;False;ok;3;1;1.254;
5753;-4.154968796;37.85813747;0.1;False;ok;5;1;1.239;
5754;-4.054968796;37.85813747;0.1;False;ok;3;1;1.366;
5755;-3.854968796;37.85813747;0.1;False;ok;1;1;1.388;
5756;-3.654968796;37.85813747;0.1;False;ok;0;1;2.161;
5757;-3.154968796;37.85813747;0.1;False;ok;7;1;1.513;
5758;-3.004968796;37.85813747;0.05;False;ok;23;1;1.528;
5759;-3.054968796;37.90813747;0.05;False;ok;49;1;1.624;
5760;-3.004968796;37.90813747;0.0125;False;ok;75;1;1.673;
5761;-2.992468796;37.90813747;0.0125;False;ok;3;1;1.455;
5762;-3.004968796;37.92063747;0.0125;False;ok;7;1;1.492;
5763;-2.992468796;37.92063747;0.0125;False;ok;28;1;1.503;
5764;-2.979968796;37.90813747;0.025;False;ok;5;1;1.448;
5765;-3.004968796;37.93313747;0.025;False;ok;4;1;1.410;
5766;-2.979968796;37.93313747;0.025;False;ok;28;1;1.418;
5767;-2.954968796;37.85813747;0.1;False;ok;74;1;1.375;
5768;-2.754968796;37.85813747;0.1;False;ok;4;1;1.176;
5769;-2.454968796;37.85813747;0.1;False;ok;10;1;1.284;
5770;-7.254968796;37.95813747;0.1;True;ok;3;1;1.161;
5771;-6.954968796;37.95813747;0.1;False;ok;0;1;1.812;
5772;-6.854968796;37.95813747;0.1;False;ok;4;1;0.994;
5773;-6.754968796;37.95813747;0.1;False;ok;3;1;0.956;
5774;-6.654968796;37.95813747;0.1;False;ok;4;1;0.871;
5775;-6.454968796;37.95813747;0.1;False;ok;3;1;0.777;
5776;-6.354968796;37.95813747;0.1;False;ok;6;1;0.772;
5777;-6.254968796;37.95813747;0.1;False;ok;1;1;0.876;
5778;-5.954968796;37.95813747;0.1;False;ok;1;1;0.884;
5779;-5.854968796;37.95813747;0.1;False;ok;1;1;0.994;
5780;-5.754968796;37.95813747;0.1;False;ok;6;1;1.187;
5781;-5.654968796;37.95813747;0.1;False;ok;7;1;1.017;
5782;-5.054968796;37.95813747;0.1;False;ok;5;1;1.127;
5783;-4.954968796;37.95813747;0.1;False;ok;3;1;1.181;
5784;-4.854968796;37.95813747;0.1;False;ok;33;1;1.252;
5785;-4.754968796;37.95813747;0.1;False;ok;0;1;1.928;
5786;-4.554968796;37.95813747;0.1;False;ok;11;1;1.210;
5787;-4.354968796;37.95813747;0.1;False;ok;3;1;1.219;
5788;-4.254968796;37.95813747;0.1;False;ok;11;1;1.317;
5789;-4.154968796;37.95813747;0.1;False;ok;25;1;1.399;
5790;-4.054968796;37.95813747;0.1;False;ok;17;1;1.363;
5791;-3.854968796;37.95813747;0.1;False;ok;1;1;1.208;
5792;-3.554968796;37.95813747;0.1;False;ok;75;1;1.432;
5793;-3.454968796;37.95813747;0.1;False;ok;74;1;1.454;
5794;-3.354968796;37.95813747;0.1;False;ok;5;1;1.302;
5795;-3.154968796;37.95813747;0.1;False;ok;7;1;1.147;
5796;-2.954968796;37.95813747;0.1;False;ok;19;1;1.156;
5797;-2.854968796;37.95813747;0.1;False;ok;11;1;1.141;
5798;-2.654968796;37.95813747;0.1;False;ok;3;1;1.011;
5799;-2.554968796;37.95813747;0.1;False;ok;4;1;1.050;
5800;-6.954968796;38.05813747;0.1;False;ok;7;1;1.123;
5801;-6.754968796;38.05813747;0.1;False;ok;5;1;0.968;
5802;-6.654968796;38.05813747;0.1;False;ok;6;1;1.028;
5803;-6.554968796;38.05813747;0.1;False;ok;24;1;1.024;
5804;-6.454968796;38.05813747;0.1;False;ok;6;1;0.955;
5805;-6.354968796;38.05813747;0.1;False;ok;20;1;1.065;
5806;-6.254968796;38.05813747;0.1;False;ok;2;1;1.024;
5807;-5.854968796;38.05813747;0.1;False;ok;17;1;1.083;
5808;-5.054968796;38.05813747;0.1;False;ok;0;1;1.779;
5809;-4.954968796;38.05813747;0.1;False;ok;7;1;1.242;
5810;-4.454968796;38.05813747;0.1;False;ok;0;1;1.932;
5811;-4.354968796;38.05813747;0.1;False;ok;0;1;1.905;
5812;-4.054968796;38.05813747;0.1;False;ok;12;1;1.269;
5813;-3.954968796;38.05813747;0.1;False;ok;1;1;1.195;
5814;-3.854968796;38.05813747;0.1;False;ok;6;1;1.285;
5815;-3.754968796;38.05813747;0.1;False;ok;1;1;1.229;
5816;-3.654968796;38.05813747;0.1;False;ok;39;1;1.372;
5817;-3.554968796;38.05813747;0.1;False;ok;4;1;1.329;
5818;-3.354968796;38.05813747;0.1;False;ok;10;1;1.271;
5819;-3.254968796;38.05813747;0.1;False;ok;1;1;1.270;
5820;-3.154968796;38.05813747;0.1;False;ok;5;1;1.324;
5821;-3.054968796;38.05813747;0.1;False;ok;21;1;1.317;
5822;-2.854968796;38.05813747;0.1;False;ok;3;1;1.190;
5823;-2.754968796;38.05813747;0.1;False;ok;21;1;1.239;
5824;-2.654968796;38.05813747;0.1;False;ok;9;1;1.210;
5825;-2.454968796;38.05813747;0.1;False;ok;1;1;1.052;
5826;-2.354968796;38.05813747;0.1;False;ok;8;1;1.062;
5827;-7.154968796;38.15813747;0.1;False;ok;1;1;0.878;
5828;-6.754968796;38.15813747;0.1;False;ok;6;1;0.690;
5829;-6.354968796;38.15813747;0.1;False;ok;1;1;0.834;
5830;-6.054968796;38.15813747;0.1;False;ok;5;1;0.697;
5831;-5.954968796;38.15813747;0.1;False;ok;1;1;0.748;
5832;-5.454968796;38.15813747;0.1;False;ok;3;1;0.768;
5833;-5.354968796;38.15813747;0.1;False;ok;7;1;1.276;
5834;-5.154968796;38.15813747;0.1;False;ok;3;1;2.229;
5835;-4.354968796;38.15813747;0.1;False;ok;1;1;3.058;
5836;-4.054968796;38.15813747;0.1;False;ok;3;1;3.511;
5837;-3.854968796;38.15813747;0.1;False;ok;20;1;2.346;
5838;-3.754968796;38.15813747;0.1;False;ok;4;1;4.235;
5839;-3.654968796;38.15813747;0.1;False;ok;1;1;4.778;
5840;-3.554968796;38.15813747;0.1;False;ok;5;1;4.719;
5841;-3.454968796;38.15813747;0.1;False;ok;2;1;2.928;
5842;-3.254968796;38.15813747;0.1;False;ok;3;1;5.727;
5843;-3.054968796;38.15813747;0.1;False;ok;8;1;5.816;
5844;-2.954968796;38.15813747;0.1;False;ok;10;1;3.102;
5845;-2.854968796;38.15813747;0.1;False;ok;4;1;6.017;
5846;-2.754968796;38.15813747;0.1;False;ok;34;1;3.508;
5847;-2.654968796;38.15813747;0.1;False;ok;6;1;3.382;
5848;-2.554968796;38.15813747;0.1;False;ok;3;1;6.501;
5849;-2.454968796;38.15813747;0.1;False;ok;4;1;6.243;
5850;-2.354968796;38.15813747;0.1;False;ok;2;1;6.494;
5851;0.08550972;35.95813747;0.1;True;ok;0;1;6.652;
5852;-2.21449028;36.65813747;0.1;False;ok;20;1;6.566;
5853;-2.11449028;36.65813747;0.1;False;ok;37;1;3.553;
5854;-2.31449028;36.75813747;0.1;False;ok;75;1;6.157;
5855;-2.21449028;36.75813747;0.1;False;ok;24;1;3.503;
5856;-2.11449028;36.75813747;0.00625;False;ok;74;1;6.356;
5857;-2.10824028;36.75813747;0.00625;False;ok;39;1;3.513;
5858;-2.11449028;36.76438747;0.00625;False;ok;69;1;3.650;
5859;-2.10824028;36.76438747;0.00625;False;ok;61;1;6.386;
5860;-2.11449028;36.77063747;0.0125;False;ok;2;1;3.494;
5861;-2.11449028;36.78313747;0.025;False;ok;51;1;3.713;
5862;-2.08949028;36.78313747;0.025;False;ok;6;1;5.567;
5863;-2.06449028;36.75813747;0.05;False;ok;5;1;3.350;
5864;-2.11449028;36.80813747;0.05;False;ok;10;1;5.095;
5865;-2.06449028;36.80813747;0.05;False;ok;74;1;5.188;
5866;-2.31449028;36.85813747;0.1;False;ok;4;1;3.226;
5867;-2.21449028;36.85813747;0.1;False;ok;7;1;4.179;
5868;-2.11449028;36.85813747;0.1;False;ok;43;1;4.176;
5869;-2.01449028;36.85813747;0.1;False;ok;74;1;4.114;
5870;-2.31449028;36.95813747;0.1;False;ok;2;1;3.202;
5871;-2.21449028;36.95813747;0.1;False;ok;67;1;3.592;
5872;-2.11449028;36.95813747;0.1;False;ok;6;1;3.324;
5873;-2.01449028;36.95813747;0.1;False;ok;5;1;2.939;
5874;-1.91449028;36.95813747;0.1;False;ok;75;1;3.331;
5875;-2.31449028;37.05813747;0.1;False;ok;2;1;2.998;
5876;-2.21449028;37.05813747;0.1;False;ok;4;1;2.806;
5877;-2.11449028;37.05813747;0.1;False;ok;11;1;3.011;
5878;-2.01449028;37.05813747;0.1;False;ok;17;1;2.595;
5879;-1.91449028;37.05813747;0.05;False;ok;1;1;2.100;
5880;-1.86449028;37.05813747;0.05;False;ok;73;1;2.004;
5881;-1.91449028;37.10813747;0.05;False;ok;10;1;1.164;
5882;-1.86449028;37.10813747;0.025;False;ok;69;1;1.036;
5883;-1.83949028;37.10813747;0.025;False;ok;45;1;0.688;
5884;-1.86449028;37.13313747;0.025;False;ok;58;1;0.815;
5885;-1.83949028;37.13313747;0.025;False;ok;72;1;0.793;
5886;-2.31449028;37.15813747;0.1;False;ok;1;1;0.693;
5887;-2.21449028;37.15813747;0.1;False;ok;2;1;0.704;
5888;-2.11449028;37.15813747;0.1;False;ok;9;1;0.840;
5889;-2.01449028;37.15813747;0.1;False;ok;24;1;0.949;
5890;-1.91449028;37.15813747;0.05;False;ok;51;1;1.068;
5891;-1.83949028;37.15813747;0.025;False;ok;73;1;1.124;
5892;-1.83949028;37.18313747;0.025;False;ok;74;1;1.215;
5893;-1.91449028;37.20813747;0.05;False;ok;4;1;1.045;
5894;-1.86449028;37.20813747;0.025;False;ok;0;1;1.716;
5895;-1.83949028;37.20813747;0.025;False;ok;75;1;1.332;
5896;-1.86449028;37.23313747;0.025;False;ok;6;1;1.098;
5897;-1.83949028;37.23313747;0.025;False;ok;16;1;1.116;
5898;-1.81449028;37.15813747;0.05;False;ok;17;1;1.071;
5899;-1.81449028;37.20813747;0.0125;False;ok;74;1;1.333;
5900;-1.81449028;37.22063747;0.00625;False;ok;18;1;1.118;
5901;-1.80824028;37.22063747;0.00625;False;ok;74;1;1.377;
5902;-1.81449028;37.22688747;0.00625;False;ok;5;1;1.060;
5903;-1.80824028;37.22688747;0.00625;False;ok;57;1;1.143;
5904;-1.80199028;37.22063747;0.0125;False;ok;73;1;1.141;
5905;-1.81449028;37.23313747;0.025;False;ok;24;1;1.035;
5906;-1.78949028;37.23313747;0.025;False;ok;21;1;1.019;
5907;-2.31449028;37.25813747;0.1;False;ok;8;1;0.891;
5908;-2.21449028;37.25813747;0.1;False;ok;5;1;0.777;
5909;-2.11449028;37.25813747;0.1;False;ok;23;1;0.715;
5910;-2.01449028;37.25813747;0.1;False;ok;7;1;0.623;
5911;-1.91449028;37.25813747;0.1;False;ok;15;1;0.657;
5912;-1.81449028;37.25813747;0.1;False;ok;8;1;0.663;
5913;-1.71449028;37.30813747;0.025;False;ok;18;1;0.767;
5914;-1.71449028;37.33313747;0.025;False;ok;50;1;0.788;
5915;-1.68949028;37.33313747;0.025;False;ok;74;1;0.866;
5916;-1.66449028;37.30813747;0.05;False;ok;4;1;0.746;
5917;-2.31449028;37.35813747;0.1;False;ok;4;1;0.825;
5918;-2.21449028;37.35813747;0.1;False;ok;16;1;0.887;
5919;-2.11449028;37.35813747;0.1;False;ok;9;1;0.933;
5920;-2.01449028;37.35813747;0.1;False;ok;5;1;0.897;
5921;-1.91449028;37.35813747;0.1;False;ok;6;1;0.979;
5922;-1.81449028;37.35813747;0.1;False;ok;4;1;0.929;
5923;-1.71449028;37.35813747;0.1;False;ok;67;1;1.218;
5924;-1.61449028;37.35813747;0.1;False;ok;75;1;1.338;
5925;-1.51449028;37.35813747;0.1;False;ok;27;1;1.141;
5926;-2.31449028;37.45813747;0.1;False;ok;10;1;1.176;
5927;-2.11449028;37.45813747;0.1;False;ok;9;1;1.203;
5928;-2.01449028;37.45813747;0.1;False;ok;6;1;1.146;
5929;-1.81449028;37.45813747;0.1;False;ok;4;1;1.162;
5930;-1.71449028;37.45813747;0.1;False;ok;6;1;1.622;
5931;-1.51449028;37.45813747;0.1;False;ok;2;1;1.290;
5932;-1.41449028;37.45813747;0.1;False;ok;2;1;0.987;
5933;-1.21449028;37.45813747;0.1;False;ok;7;1;1.031;
5934;-2.31449028;37.55813747;0.1;False;ok;1;1;1.020;
5935;-2.11449028;37.55813747;0.1;False;ok;21;1;1.019;
5936;-2.01449028;37.55813747;0.1;False;ok;1;1;0.890;
5937;-1.91449028;37.55813747;0.1;False;ok;0;1;1.600;
5938;-1.81449028;37.55813747;0.1;False;ok;9;1;0.870;
5939;-1.51449028;37.55813747;0.1;False;ok;1;1;2.221;
5940;-1.41449028;37.55813747;0.1;False;ok;42;1;0.848;
5941;-1.31449028;37.55813747;0.05;False;ok;71;1;0.879;
5942;-1.26449028;37.55813747;0.05;False;ok;70;1;0.952;
5943;-1.26449028;37.60813747;0.05;False;ok;1;1;0.636;
5944;-1.21449028;37.55813747;0.1;False;ok;47;1;0.922;
5945;-1.11449028;37.55813747;0.1;False;ok;11;1;0.766;
5946;-1.01449028;37.55813747;0.1;False;ok;73;1;0.972;
5947;-0.91449028;37.55813747;0.1;False;ok;16;1;2.337;
5948;-0.81449028;37.58313747;0.0125;False;ok;20;1;0.897;
5949;-0.80199028;37.58313747;0.0125;False;ok;16;1;0.816;
5950;-0.81449028;37.59563747;0.0125;False;ok;47;1;0.944;
5951;-0.80199028;37.59563747;0.0125;False;ok;6;1;0.857;
5952;-0.81449028;37.60813747;0.025;False;ok;17;1;0.944;
5953;-0.78949028;37.60813747;0.025;False;ok;10;1;0.937;
5954;-0.81449028;37.63313747;0.025;False;ok;6;1;0.969;
5955;-0.78949028;37.63313747;0.025;False;ok;74;1;1.072;
5956;-0.76449028;37.60813747;0.05;False;ok;73;1;1.084;
5957;-0.71449028;37.55813747;0.1;False;ok;67;1;0.954;
5958;-2.21449028;37.65813747;0.1;False;ok;6;1;0.818;
5959;-2.11449028;37.65813747;0.1;False;ok;29;1;1.022;
5960;-2.01449028;37.65813747;0.1;False;ok;1;1;0.847;
5961;-1.91449028;37.65813747;0.1;False;ok;4;1;2.310;
5962;-1.71449028;37.65813747;0.1;False;ok;21;1;0.820;
5963;-1.61449028;37.65813747;0.1;False;ok;2;1;0.723;
5964;-1.51449028;37.65813747;0.1;False;ok;0;1;1.492;
5965;-1.41449028;37.65813747;0.1;False;ok;75;1;0.983;
5966;-1.31449028;37.65813747;0.1;False;ok;2;1;0.792;
5967;-1.21449028;37.65813747;0.1;False;ok;11;1;0.832;
5968;-1.11449028;37.65813747;0.1;False;ok;7;1;0.783;
5969;-1.01449028;37.65813747;0.1;False;ok;70;1;0.932;
5970;-0.86449028;37.65813747;0.05;False;ok;30;1;0.937;
5971;-0.91449028;37.70813747;0.05;False;ok;71;1;1.036;
5972;-0.86449028;37.70813747;0.05;False;ok;74;1;1.147;
5973;-0.76449028;37.65813747;0.05;False;ok;75;1;1.090;
5974;-0.76449028;37.70813747;0.025;False;ok;36;1;0.906;
5975;-0.73949028;37.70813747;0.025;False;ok;1;1;0.780;
5976;-0.76449028;37.73313747;0.025;False;ok;55;1;0.927;
5977;-0.73949028;37.73313747;0.025;False;ok;69;1;1.022;
5978;-2.21449028;37.75813747;0.1;False;ok;0;1;1.812;
5979;-1.81449028;37.75813747;0.1;False;ok;0;1;1.474;
5980;-1.71449028;37.75813747;0.1;False;ok;2;1;0.837;
5981;-1.61449028;37.75813747;0.1;False;ok;8;1;0.768;
5982;-1.51449028;37.75813747;0.1;False;ok;11;1;1.139;
5983;-1.41449028;37.75813747;0.1;False;ok;1;1;0.689;
5984;-1.31449028;37.75813747;0.1;False;ok;1;1;0.669;
5985;-1.21449028;37.75813747;0.1;False;ok;63;1;0.799;
5986;-1.01449028;37.75813747;0.05;False;ok;56;1;1.356;
5987;-0.96449028;37.75813747;0.05;False;ok;1;1;0.587;
5988;-1.01449028;37.80813747;0.0125;False;ok;56;1;0.841;
5989;-1.01449028;37.82063747;0.0125;False;ok;55;1;0.717;
5990;-1.00199028;37.82063747;0.0125;False;ok;38;1;0.793;
5991;-1.01449028;37.83313747;0.025;False;ok;3;1;0.821;
5992;-0.96449028;37.80813747;0.05;False;ok;4;1;0.771;
5993;-0.91449028;37.75813747;0.1;False;ok;75;1;1.076;
5994;-0.81449028;37.75813747;0.05;False;ok;61;1;2.385;
5995;-0.75199028;37.75813747;0.0125;False;ok;66;1;1.297;
5996;-0.76449028;37.77063747;0.0125;False;ok;8;1;0.852;
5997;-0.75199028;37.77063747;0.0125;False;ok;74;1;1.051;
5998;-0.81449028;37.80813747;0.025;False;ok;71;1;2.594;
5999;-0.78949028;37.80813747;0.025;False;ok;75;1;1.053;
6000;-0.81449028;37.83313747;0.025;False;ok;6;1;0.830;
6001;-0.78949028;37.83313747;0.025;False;ok;72;1;0.900;
6002;-0.76449028;37.80813747;0.05;False;ok;6;1;2.263;
6003;-1.51449028;37.85813747;0.1;False;ok;5;1;0.719;
6004;-1.31449028;37.85813747;0.1;False;ok;2;1;0.693;
6005;-1.21449028;37.85813747;0.1;False;ok;15;1;0.954;
6006;-1.11449028;37.85813747;0.1;False;ok;67;1;1.289;
6007;-1.01449028;37.85813747;0.1;False;ok;75;1;0.827;
6008;-0.91449028;37.85813747;0.1;False;ok;37;1;0.776;
6009;-0.81449028;37.85813747;0.05;False;ok;71;1;0.826;
6010;-0.76449028;37.85813747;0.025;False;ok;68;1;0.758;
6011;-0.76449028;37.88313747;0.025;False;ok;74;1;0.783;
6012;-0.81449028;37.90813747;0.025;False;ok;23;1;0.725;
6013;-0.78949028;37.90813747;0.025;False;ok;49;1;0.714;
6014;-0.81449028;37.93313747;0.025;False;ok;13;1;2.095;
6015;-0.78949028;37.93313747;0.025;False;ok;73;1;1.012;
6016;-0.76449028;37.90813747;0.0125;False;ok;10;1;0.681;
6017;-0.75199028;37.90813747;0.0125;False;ok;73;1;0.784;
6018;-0.76449028;37.92063747;0.0125;False;ok;46;1;0.774;
6019;-0.75199028;37.92063747;0.0125;False;ok;44;1;0.758;
6020;-0.73949028;37.90813747;0.0125;False;ok;75;1;0.815;
6021;-0.72699028;37.90813747;0.0125;False;ok;7;1;0.686;
6022;-0.73949028;37.92063747;0.0125;False;ok;75;1;0.822;
6023;-0.72699028;37.92063747;0.0125;False;ok;71;1;0.817;
6024;-0.76449028;37.93313747;0.0125;False;ok;39;1;0.751;
6025;-0.75199028;37.93313747;0.0125;False;ok;65;1;0.776;
6026;-0.76449028;37.94563747;0.0125;False;ok;13;1;0.662;
6027;-0.75199028;37.94563747;0.0125;False;ok;65;1;2.227;
6028;-0.73949028;37.93313747;0.0125;False;ok;69;1;0.747;
6029;-0.72699028;37.93313747;0.0125;False;ok;67;1;0.734;
6030;-0.73949028;37.94563747;0.0125;False;ok;49;1;0.656;
6031;-0.72699028;37.94563747;0.00625;False;ok;37;1;0.681;
6032;-0.72074028;37.94563747;0.00625;False;ok;44;1;0.711;
6033;-0.72699028;37.95188747;0.00625;False;ok;36;1;0.688;
6034;-0.72074028;37.95188747;0.00625;False;ok;15;1;0.749;
6035;-0.71449028;37.93313747;0.0125;False;ok;75;1;0.946;
6036;-0.71449028;37.94563747;0.0125;False;ok;72;1;2.738;
6037;-2.01449028;37.95813747;0.1;False;ok;11;1;2.208;
6038;-1.91449028;37.95813747;0.1;False;ok;4;1;0.700;
6039;-1.81449028;37.95813747;0.1;False;ok;0;1;1.514;
6040;-1.71449028;37.95813747;0.1;False;ok;20;1;0.888;
6041;-1.61449028;37.95813747;0.1;False;ok;3;1;0.773;
6042;-1.51449028;37.95813747;0.1;False;ok;11;1;0.751;
6043;-1.41449028;37.95813747;0.1;False;ok;3;1;0.802;
6044;-1.31449028;37.95813747;0.1;False;ok;18;1;0.840;
6045;-1.21449028;37.95813747;0.1;False;ok;75;1;1.110;
6046;-1.11449028;37.95813747;0.1;False;ok;30;1;0.857;
6047;-1.01449028;37.95813747;0.1;False;ok;3;1;0.799;
6048;-0.91449028;37.95813747;0.1;False;ok;51;1;1.333;
6049;-0.81449028;37.95813747;0.1;False;ok;72;1;0.978;
6050;-0.71449028;37.95813747;0.0125;False;ok;69;1;1.030;
6051;-0.70199028;37.95813747;0.0125;False;ok;43;1;0.854;
6052;-0.70199028;37.97063747;0.0125;False;ok;75;1;0.875;
6053;-0.68949028;37.97063747;0.00625;False;ok;24;1;0.682;
6054;-0.68324028;37.97063747;0.00625;False;ok;34;1;0.799;
6055;-0.68949028;37.97688747;0.00625;False;ok;75;1;0.781;
6056;-0.68324028;37.97688747;0.00625;False;ok;71;1;1.485;
6057;-0.67699028;37.97063747;0.00625;False;ok;69;1;0.841;
6058;-0.67074028;37.97063747;0.00625;False;ok;19;1;0.628;
6059;-0.67699028;37.97688747;0.003125;False;ok;52;1;0.789;
6060;-0.67386528;37.97688747;0.003125;False;ok;73;1;0.875;
6061;-0.67699028;37.98001247;0.003125;False;ok;54;1;2.243;
6062;-0.67386528;37.98001247;0.003125;False;ok;73;1;0.742;
6063;-0.67074028;37.97688747;0.003125;False;ok;72;1;0.838;
6064;-0.66761528;37.97688747;0.003125;False;ok;73;1;0.802;
6065;-0.67074028;37.98001247;0.003125;False;ok;70;1;0.930;
6066;-0.66761528;37.98001247;0.003125;False;ok;73;1;0.856;
6067;-0.71449028;37.98313747;0.025;False;ok;61;1;0.828;
6068;-0.68949028;37.98313747;0.0125;False;ok;54;1;0.935;
6069;-0.67699028;37.98313747;0.0125;False;ok;74;1;1.055;
6070;-0.68949028;37.99563747;0.0125;False;ok;34;1;0.876;
6071;-0.67699028;37.99563747;0.0125;False;ok;64;1;0.912;
6072;-0.66449028;37.95813747;0.025;False;ok;75;1;1.076;
6073;-0.66449028;37.98313747;0.00625;False;ok;74;1;0.985;
6074;-0.65824028;37.98313747;0.00625;False;ok;28;1;2.346;
6075;-0.66449028;37.98938747;0.00625;False;ok;40;1;0.873;
6076;-0.65824028;37.98938747;0.00625;False;ok;11;1;0.852;
6077;-0.66449028;37.99563747;0.00625;False;ok;30;1;0.826;
6078;-0.65824028;37.99563747;0.00625;False;ok;24;1;0.779;
6079;-0.66449028;38.00188747;0.00625;False;ok;52;1;0.700;
6080;-0.65824028;38.00188747;0.00625;False;ok;73;1;0.757;
6081;-0.65199028;37.99563747;0.0125;False;ok;74;1;0.901;
6082;-0.71449028;38.00813747;0.05;False;ok;73;1;1.001;
6083;-0.66449028;38.00813747;0.00625;False;ok;68;1;0.817;
6084;-0.65824028;38.00813747;0.00625;False;ok;36;1;0.739;
6085;-0.66449028;38.01438747;0.00625;False;ok;25;1;0.780;
6086;-0.65824028;38.01438747;0.00625;False;ok;74;1;0.973;
6087;-0.65824028;38.02063747;0.00625;False;ok;73;1;1.018;
6088;-0.65824028;38.02688747;0.00625;False;ok;72;1;1.029;
6089;-0.65199028;38.02063747;0.0125;False;ok;1;1;0.838;
6090;-0.66449028;38.03313747;0.025;False;ok;18;1;0.928;
6091;-2.31449028;38.05813747;0.1;False;ok;6;1;0.977;
6092;-2.21449028;38.05813747;0.1;False;ok;3;1;2.429;
6093;-2.11449028;38.05813747;0.1;False;ok;8;1;1.077;
6094;-2.01449028;38.05813747;0.1;False;ok;10;1;1.050;
6095;-1.91449028;38.05813747;0.1;False;ok;53;1;1.152;
6096;-1.81449028;38.05813747;0.1;False;ok;33;1;1.165;
6097;-1.61449028;38.05813747;0.1;False;ok;0;1;1.703;
6098;-1.41449028;38.05813747;0.1;False;ok;5;1;0.931;
6099;-1.31449028;38.05813747;0.1;False;ok;41;1;1.024;
6100;-1.21449028;38.05813747;0.1;False;ok;5;1;0.922;
6101;-1.11449028;38.05813747;0.1;False;ok;11;1;0.911;
6102;-1.01449028;38.05813747;0.1;False;ok;17;1;1.001;
6103;-0.91449028;38.05813747;0.1;False;ok;16;1;0.935;
6104;-0.81449028;38.05813747;0.1;False;ok;67;1;1.082;
6105;-0.71449028;38.05813747;0.05;False;ok;73;1;1.103;
6106;-0.66449028;38.05813747;0.05;False;ok;69;1;1.124;
6107;-0.71449028;38.10813747;0.05;False;ok;55;1;0.995;
6108;-0.66449028;38.10813747;0.05;False;ok;30;1;0.932;
6109;-2.31449028;38.15813747;0.1;False;ok;1;1;0.972;
6110;-2.21449028;38.15813747;0.1;False;ok;5;1;0.997;
6111;-2.01449028;38.15813747;0.1;False;ok;4;1;0.880;
6112;-1.91449028;38.15813747;0.1;False;ok;55;1;1.082;
6113;-1.81449028;38.15813747;0.1;False;ok;11;1;0.933;
6114;-1.61449028;38.15813747;0.1;False;ok;0;1;1.756;
6115;-1.51449028;38.15813747;0.1;False;ok;9;1;1.045;
6116;-1.41449028;38.15813747;0.1;False;ok;23;1;0.974;
6117;-1.21449028;38.15813747;0.1;False;ok;11;1;0.927;
6118;-1.11449028;38.15813747;0.1;False;ok;10;1;0.947;
6119;-1.01449028;38.15813747;0.1;False;ok;3;1;0.925;
6120;-0.91449028;38.15813747;0.1;False;ok;2;1;0.898;
6121;-0.81449028;38.15813747;0.1;False;ok;22;1;0.964;
6122;-0.71449028;38.15813747;0.1;False;ok;11;1;0.951;
6123;-0.61449028;38.15813747;0.05;False;ok;73;1;1.309;
6124;-0.56449028;38.18313747;0.0125;False;ok;74;1;1.242;
6125;-0.55199028;38.18313747;0.0125;False;ok;71;1;1.209;
6126;-0.56449028;38.19563747;0.0125;False;ok;21;1;1.149;
6127;-0.53949028;38.18313747;0.025;False;ok;59;1;1.278;
6128;-0.61449028;38.20813747;0.05;False;ok;5;1;1.140;
6129;-0.56449028;38.20813747;0.025;False;ok;9;1;1.091;
6130;-0.53949028;38.20813747;0.025;False;ok;73;1;1.331;
6131;-0.56449028;38.23313747;0.025;False;ok;55;1;1.170;
6132;-0.53949028;38.23313747;0.0125;False;ok;56;1;1.208;
6133;-0.52699028;38.23313747;0.0125;False;ok;73;1;1.364;
6134;-0.52699028;38.24563747;0.0125;False;ok;73;1;1.379;
6135;-0.51449028;38.15813747;0.1;False;ok;27;1;1.217;
6136;1.307224089;38.62466885;0.1;False;ok;33;1;1.189;
6137;1.407224089;38.62466885;0.05;False;ok;3;1;1.095;
6138;1.457224089;38.62466885;0.05;False;ok;3;1;1.024;
6139;1.407224089;38.67466885;0.025;False;ok;25;1;1.151;
6140;1.432224089;38.67466885;0.025;False;ok;28;1;1.118;
6141;1.407224089;38.69966885;0.025;False;ok;32;1;1.114;
6142;1.432224089;38.69966885;0.025;False;ok;75;1;1.226;
6143;1.457224089;38.67466885;0.05;False;ok;75;1;1.319;
6144;1.507224089;38.62466885;0.1;False;ok;56;1;1.188;
6145;1.307224089;38.72466885;0.1;False;ok;1;1;0.992;
6146;1.407224089;38.72466885;0.1;False;ok;44;1;1.183;
6147;1.207224089;38.82466885;0.05;False;ok;0;1;1.778;
6148;1.257224089;38.82466885;0.05;False;ok;2;1;1.062;
6149;1.207224089;38.87466885;0.05;False;ok;50;1;1.222;
6150;1.257224089;38.87466885;0.05;False;ok;30;1;1.224;
6151;1.307224089;38.82466885;0.05;False;ok;9;1;1.187;
6152;1.357224089;38.82466885;0.05;False;ok;5;1;1.210;
6153;1.307224089;38.87466885;0.05;False;ok;38;1;1.298;
6154;1.357224089;38.87466885;0.05;False;ok;72;1;1.401;
6155;1.407224089;38.87466885;0.025;False;ok;22;1;1.364;
6156;1.407224089;38.89966885;0.025;False;ok;52;1;1.401;
6157;1.432224089;38.89966885;0.025;False;ok;43;1;1.390;
6158;1.457224089;38.87466885;0.05;False;ok;21;1;1.193;
6159;1.207224089;38.92466885;0.05;False;ok;39;1;1.269;
6160;1.257224089;38.92466885;0.025;False;ok;8;1;1.251;
6161;1.282224089;38.92466885;0.025;False;ok;9;1;1.173;
6162;1.257224089;38.94966885;0.025;False;ok;22;1;1.183;
6163;1.282224089;38.94966885;0.025;False;ok;61;1;1.224;
6164;1.257224089;38.97466885;0.05;False;ok;75;1;1.359;
6165;1.307224089;38.92466885;0.05;False;ok;31;1;1.081;
6166;1.357224089;38.92466885;0.05;False;ok;22;1;0.978;
6167;1.307224089;38.97466885;0.05;False;ok;22;1;0.979;
6168;1.357224089;38.97466885;0.05;False;ok;17;1;0.967;
6169;1.407224089;38.92466885;0.05;False;ok;42;1;0.992;
6170;1.457224089;38.92466885;0.05;False;ok;40;1;1.078;
6171;1.407224089;38.97466885;0.05;False;ok;27;1;1.004;
6172;1.457224089;38.97466885;0.05;False;ok;21;1;0.968;
6173;1.507224089;38.92466885;0.05;False;ok;26;1;1.218;
6174;1.507224089;38.97466885;0.05;False;ok;71;1;1.361;
6175;1.557224089;38.97466885;0.05;False;ok;63;1;1.344;
6176;1.307224089;39.02466885;0.1;False;ok;7;1;1.214;
6177;1.407224089;39.02466885;0.1;False;ok;61;1;1.441;
6178;1.507224089;39.02466885;0.1;False;ok;75;1;1.452;
6179;1.607224089;39.02466885;0.1;False;ok;0;1;1.989;
6180;2.907224089;39.22466885;0.1;False;ok;75;1;1.474;
6181;3.007224089;39.22466885;0.1;False;ok;1;1;1.284;
6182;3.107224089;39.22466885;0.1;False;ok;47;1;1.391;
6183;2.707224089;39.32466885;0.1;False;ok;8;1;1.325;
6184;2.807224089;39.32466885;0.1;False;ok;50;1;1.417;
6185;2.907224089;39.32466885;0.05;False;ok;74;1;1.472;
6186;2.957224089;39.32466885;0.05;False;ok;40;1;1.304;
6187;2.907224089;39.37466885;0.05;False;ok;29;1;1.332;
6188;2.957224089;39.37466885;0.05;False;ok;31;1;1.367;
6189;3.007224089;39.32466885;0.05;False;ok;75;1;1.309;
6190;3.057224089;39.32466885;0.05;False;ok;35;1;1.200;
6191;3.007224089;39.37466885;0.05;False;ok;60;1;1.255;
6192;3.057224089;39.37466885;0.05;False;ok;50;1;1.145;
6193;3.107224089;39.32466885;0.025;False;ok;6;1;0.859;
6194;3.132224089;39.32466885;0.025;False;ok;61;1;0.933;
6195;3.107224089;39.34966885;0.025;False;ok;28;1;0.851;
6196;3.132224089;39.34966885;0.025;False;ok;13;1;0.848;
6197;3.157224089;39.32466885;0.025;False;ok;63;1;0.983;
6198;3.182224089;39.32466885;0.025;False;ok;13;1;0.806;
6199;3.157224089;39.34966885;0.025;False;ok;5;1;0.907;
6200;3.182224089;39.34966885;0.025;False;ok;30;1;0.920;
6201;3.107224089;39.37466885;0.05;False;ok;32;1;1.019;
6202;3.157224089;39.37466885;0.05;False;ok;70;1;1.179;
6203;3.207224089;39.34966885;0.0125;False;ok;11;1;1.148;
6204;3.219724089;39.34966885;0.0125;False;ok;24;1;1.287;
6205;3.207224089;39.36216885;0.0125;False;ok;22;1;1.317;
6206;3.219724089;39.36216885;0.00625;False;ok;28;1;1.392;
6207;3.225974089;39.36216885;0.00625;False;ok;25;1;1.490;
6208;3.219724089;39.36841885;0.00625;False;ok;26;1;1.453;
6209;3.225974089;39.36841885;0.00625;False;ok;40;1;1.478;
6210;3.232224089;39.34966885;0.025;False;ok;37;1;1.452;
6211;3.207224089;39.37466885;0.025;False;ok;48;1;1.528;
6212;3.232224089;39.37466885;0.00625;False;ok;52;1;1.545;
6213;3.238474089;39.37466885;0.00625;False;ok;34;1;1.503;
6214;3.232224089;39.38091885;0.00625;False;ok;5;1;1.504;
6215;3.238474089;39.38091885;0.00625;False;ok;32;1;1.510;
6216;3.244724089;39.37466885;0.0125;False;ok;7;1;1.449;
6217;3.232224089;39.38716885;0.0125;False;ok;17;1;1.430;
6218;3.207224089;39.39966885;0.025;False;ok;28;1;1.381;
6219;3.232224089;39.39966885;0.025;False;ok;39;1;1.401;
6220;3.257224089;39.37466885;0.05;False;ok;67;1;1.455;
6221;2.407224089;39.42466885;0.1;False;ok;72;1;1.434;
6222;2.507224089;39.42466885;0.1;False;ok;75;1;1.365;
6223;2.707224089;39.42466885;0.05;False;ok;62;1;1.098;
6224;2.757224089;39.42466885;0.05;False;ok;18;1;0.957;
6225;2.707224089;39.47466885;0.025;False;ok;3;1;0.883;
6226;2.732224089;39.47466885;0.025;False;ok;44;1;1.083;
6227;2.744724089;39.49966885;0.0125;False;ok;58;1;1.253;
6228;2.732224089;39.51216885;0.0125;False;ok;30;1;1.298;
6229;2.744724089;39.51216885;0.0125;False;ok;45;1;1.252;
6230;2.757224089;39.47466885;0.05;False;ok;3;1;1.101;
6231;2.807224089;39.42466885;0.1;False;ok;73;1;1.310;
6232;2.907224089;39.42466885;0.1;False;ok;55;1;1.292;
6233;3.007224089;39.42466885;0.1;False;ok;75;1;1.513;
6234;3.107224089;39.42466885;0.05;False;ok;50;1;1.405;
6235;3.157224089;39.42466885;0.05;False;ok;35;1;1.370;
6236;3.107224089;39.47466885;0.05;False;ok;22;1;1.276;
6237;3.157224089;39.47466885;0.05;False;ok;28;1;1.303;
6238;3.207224089;39.42466885;0.05;False;ok;41;1;1.291;
6239;3.257224089;39.42466885;0.05;False;ok;66;1;1.422;
6240;3.207224089;39.47466885;0.05;False;ok;31;1;1.386;
6241;3.257224089;39.47466885;0.05;False;ok;17;1;1.231;
6242;3.307224089;39.42466885;0.1;False;ok;23;1;1.229;
6243;2.307224089;39.52466885;0.1;False;ok;71;1;1.439;
6244;2.407224089;39.52466885;0.05;False;ok;72;1;1.416;
6245;2.457224089;39.52466885;0.05;False;ok;24;1;1.168;
6246;2.407224089;39.57466885;0.05;False;ok;13;1;1.046;
6247;2.457224089;39.57466885;0.05;False;ok;11;1;0.954;
6248;2.507224089;39.52466885;0.05;False;ok;20;1;1.004;
6249;2.557224089;39.52466885;0.05;False;ok;61;1;1.208;
6250;2.507224089;39.57466885;0.05;False;ok;8;1;0.922;
6251;2.557224089;39.57466885;0.05;False;ok;7;1;0.971;
6252;2.607224089;39.54966885;0.025;False;ok;50;1;1.194;
6253;2.632224089;39.54966885;0.025;False;ok;74;1;1.207;
6254;2.657224089;39.52466885;0.05;False;ok;30;1;1.142;
6255;2.607224089;39.57466885;0.05;False;ok;51;1;1.245;
6256;2.657224089;39.57466885;0.05;False;ok;20;1;1.109;
6257;2.707224089;39.52466885;0.05;False;ok;66;1;1.362;
6258;2.757224089;39.52466885;0.05;False;ok;17;1;1.124;
6259;2.707224089;39.57466885;0.05;False;ok;28;1;1.212;
6260;2.757224089;39.57466885;0.05;False;ok;18;1;1.223;
6261;2.807224089;39.52466885;0.1;False;ok;65;1;1.383;
6262;2.907224089;39.52466885;0.1;False;ok;60;1;1.301;
6263;3.007224089;39.52466885;0.1;False;ok;72;1;1.311;
6264;3.107224089;39.52466885;0.05;False;ok;26;1;1.185;
6265;3.157224089;39.52466885;0.05;False;ok;22;1;1.161;
6266;3.107224089;39.57466885;0.05;False;ok;31;1;1.346;
6267;3.157224089;39.57466885;0.05;False;ok;30;1;1.253;
6268;3.207224089;39.52466885;0.05;False;ok;33;1;1.154;
6269;3.257224089;39.52466885;0.05;False;ok;39;1;1.168;
6270;3.207224089;39.57466885;0.05;False;ok;39;1;1.043;
6271;3.257224089;39.57466885;0.05;False;ok;49;1;1.103;
6272;3.307224089;39.52466885;0.05;False;ok;73;1;1.075;
6273;3.357224089;39.52466885;0.05;False;ok;71;1;1.117;
6274;3.307224089;39.57466885;0.05;False;ok;20;1;0.954;
6275;3.357224089;39.57466885;0.025;False;ok;41;1;1.069;
6276;3.382224089;39.57466885;0.025;False;ok;42;1;1.040;
6277;3.357224089;39.59966885;0.025;False;ok;42;1;0.994;
6278;3.382224089;39.59966885;0.025;False;ok;75;1;1.282;
6279;2.407224089;39.62466885;0.1;False;ok;15;1;1.163;
6280;2.507224089;39.62466885;0.1;False;ok;69;1;1.248;
6281;2.607224089;39.62466885;0.05;False;ok;14;1;1.138;
6282;2.657224089;39.62466885;0.05;False;ok;26;1;1.100;
6283;2.607224089;39.67466885;0.05;False;ok;37;1;1.306;
6284;2.657224089;39.67466885;0.05;False;ok;19;1;1.297;
6285;2.707224089;39.62466885;0.1;False;ok;73;1;1.472;
6286;2.807224089;39.62466885;0.05;False;ok;28;1;1.242;
6287;2.857224089;39.62466885;0.05;False;ok;25;1;1.323;
6288;2.807224089;39.67466885;0.05;False;ok;37;1;1.300;
6289;2.857224089;39.67466885;0.025;False;ok;8;1;1.281;
6290;2.882224089;39.67466885;0.025;False;ok;9;1;1.221;
6291;2.857224089;39.69966885;0.025;False;ok;32;1;1.206;
6292;2.882224089;39.69966885;0.025;False;ok;24;1;1.131;
6293;2.907224089;39.62466885;0.05;False;ok;49;1;1.180;
6294;2.957224089;39.62466885;0.05;False;ok;24;1;1.191;
6295;2.907224089;39.67466885;0.05;False;ok;65;1;1.231;
6296;2.957224089;39.67466885;0.05;False;ok;43;1;1.105;
6297;3.007224089;39.62466885;0.05;False;ok;32;1;1.109;
6298;3.057224089;39.62466885;0.05;False;ok;44;1;0.978;
6299;3.007224089;39.67466885;0.05;False;ok;35;1;1.016;
6300;3.057224089;39.67466885;0.05;False;ok;58;1;1.006;
6301;3.107224089;39.62466885;0.05;False;ok;59;1;1.070;
6302;3.157224089;39.62466885;0.05;False;ok;8;1;0.810;
6303;3.107224089;39.67466885;0.05;False;ok;40;1;0.979;
6304;3.157224089;39.67466885;0.05;False;ok;4;1;1.029;
6305;3.207224089;39.62466885;0.1;False;ok;46;1;1.145;
6306;3.307224089;39.62466885;0.05;False;ok;48;1;1.056;
6307;3.357224089;39.62466885;0.05;False;ok;74;1;1.190;
6308;3.307224089;39.67466885;0.05;False;ok;75;1;1.213;
6309;3.357224089;39.67466885;0.05;False;ok;51;1;1.145;
6310;3.407224089;39.62466885;0.05;False;ok;74;1;1.420;
6311;3.407224089;39.67466885;0.025;False;ok;8;1;1.191;
6312;3.432224089;39.67466885;0.025;False;ok;44;1;1.286;
6313;3.407224089;39.69966885;0.025;False;ok;20;1;1.242;
6314;3.432224089;39.69966885;0.025;False;ok;73;1;1.362;
6315;3.457224089;39.67466885;0.05;False;ok;75;1;1.493;
6316;2.607224089;39.72466885;0.05;False;ok;32;1;1.269;
6317;2.657224089;39.72466885;0.05;False;ok;13;1;1.242;
6318;2.657224089;39.77466885;0.05;False;ok;75;1;1.343;
6319;2.732224089;39.72466885;0.025;False;ok;0;1;1.788;
6320;2.707224089;39.74966885;0.025;False;ok;74;1;1.235;
6321;2.732224089;39.74966885;0.025;False;ok;9;1;1.116;
6322;2.757224089;39.72466885;0.05;False;ok;4;1;0.972;
6323;2.707224089;39.77466885;0.05;False;ok;51;1;0.983;
6324;2.757224089;39.77466885;0.05;False;ok;2;1;0.866;
6325;2.807224089;39.72466885;0.05;False;ok;1;1;0.902;
6326;2.857224089;39.72466885;0.025;False;ok;23;1;0.888;
6327;2.882224089;39.72466885;0.025;False;ok;27;1;0.890;
6328;2.857224089;39.74966885;0.025;False;ok;19;1;0.852;
6329;2.882224089;39.74966885;0.025;False;ok;65;1;0.984;
6330;2.857224089;39.77466885;0.05;False;ok;8;1;0.816;
6331;2.907224089;39.72466885;0.025;False;ok;28;1;0.865;
6332;2.932224089;39.72466885;0.025;False;ok;10;1;0.889;
6333;2.907224089;39.74966885;0.025;False;ok;24;1;0.963;
6334;2.932224089;39.74966885;0.025;False;ok;30;1;1.061;
6335;2.957224089;39.72466885;0.025;False;ok;4;1;0.962;
6336;2.982224089;39.72466885;0.025;False;ok;19;1;1.142;
6337;2.957224089;39.74966885;0.025;False;ok;51;1;1.168;
6338;2.982224089;39.74966885;0.025;False;ok;72;1;1.371;
6339;2.907224089;39.77466885;0.05;False;ok;34;1;1.369;
6340;2.957224089;39.77466885;0.05;False;ok;73;1;1.462;
6341;3.007224089;39.72466885;0.025;False;ok;11;1;1.357;
6342;3.032224089;39.72466885;0.025;False;ok;29;1;1.256;
6343;3.007224089;39.74966885;0.025;False;ok;51;1;1.315;
6344;3.032224089;39.74966885;0.025;False;ok;10;1;1.279;
6345;3.057224089;39.72466885;0.05;False;ok;63;1;1.378;
6346;3.007224089;39.77466885;0.025;False;ok;18;1;1.413;
6347;3.032224089;39.77466885;0.025;False;ok;6;1;1.261;
6348;3.007224089;39.79966885;0.025;False;ok;71;1;1.396;
6349;3.032224089;39.79966885;0.025;False;ok;7;1;1.209;
6350;3.057224089;39.77466885;0.05;False;ok;18;1;1.234;
6351;3.107224089;39.72466885;0.025;False;ok;34;1;1.220;
6352;3.132224089;39.72466885;0.025;False;ok;9;1;1.123;
6353;3.107224089;39.74966885;0.025;False;ok;31;1;1.070;
6354;3.132224089;39.74966885;0.0125;False;ok;3;1;0.950;
6355;3.144724089;39.74966885;0.0125;False;ok;17;1;1.005;
6356;3.132224089;39.76216885;0.0125;False;ok;25;1;0.957;
6357;3.144724089;39.76216885;0.00625;False;ok;32;1;0.930;
6358;3.150974089;39.76216885;0.00625;False;ok;58;1;1.099;
6359;3.144724089;39.76841885;0.00625;False;ok;24;1;1.078;
6360;3.150974089;39.76841885;0.00625;False;ok;2;1;0.789;
6361;3.157224089;39.74966885;0.0125;False;ok;53;1;1.178;
6362;3.157224089;39.76216885;0.0125;False;ok;28;1;1.065;
6363;3.107224089;39.77466885;0.025;False;ok;63;1;1.232;
6364;3.107224089;39.79966885;0.0125;False;ok;53;1;1.247;
6365;3.107224089;39.81216885;0.00625;False;ok;29;1;1.282;
6366;3.113474089;39.81216885;0.00625;False;ok;34;1;1.301;
6367;3.107224089;39.81841885;0.00625;False;ok;3;1;1.292;
6368;3.113474089;39.81841885;0.003125;False;ok;47;1;1.317;
6369;3.113474089;39.82154385;0.003125;False;ok;26;1;1.381;
6370;3.207224089;39.72466885;0.0125;False;ok;27;1;1.376;
6371;3.219724089;39.72466885;0.0125;False;ok;31;1;1.309;
6372;3.207224089;39.73716885;0.0125;False;ok;10;1;1.292;
6373;3.219724089;39.73716885;0.0125;False;ok;20;1;1.404;
6374;3.232224089;39.72466885;0.025;False;ok;18;1;1.360;
6375;3.257224089;39.72466885;0.05;False;ok;73;1;1.317;
6376;3.307224089;39.72466885;0.1;False;ok;46;1;1.292;
6377;3.407224089;39.72466885;0.1;False;ok;20;1;1.189;
6378;4.207224089;39.79966885;0.025;False;ok;15;1;1.087;
6379;4.232224089;39.81216885;0.0125;False;ok;73;1;1.016;
6380;4.244724089;39.81216885;0.0125;False;ok;31;1;0.978;
6381;4.257224089;39.77466885;0.05;False;ok;72;1;1.080;
6382;2.707224089;39.82466885;0.1;False;ok;4;1;0.762;
6383;2.807224089;39.82466885;0.1;False;ok;1;1;0.708;
6384;2.907224089;39.82466885;0.1;False;ok;73;1;0.965;
6385;3.007224089;39.82466885;0.025;False;ok;6;1;0.832;
6386;3.032224089;39.82466885;0.025;False;ok;31;1;0.906;
6387;3.007224089;39.84966885;0.0125;False;ok;18;1;1.090;
6388;3.019724089;39.84966885;0.0125;False;ok;25;1;1.067;
6389;3.007224089;39.86216885;0.0125;False;ok;48;1;1.315;
6390;3.019724089;39.86216885;0.0125;False;ok;21;1;1.166;
6391;3.032224089;39.84966885;0.0125;False;ok;10;1;1.253;
6392;3.044724089;39.84966885;0.0125;False;ok;42;1;1.316;
6393;3.032224089;39.86216885;0.0125;False;ok;34;1;1.425;
6394;3.044724089;39.86216885;0.0125;False;ok;22;1;1.329;
6395;3.057224089;39.82466885;0.025;False;ok;63;1;1.407;
6396;3.082224089;39.82466885;0.025;False;ok;38;1;1.459;
6397;3.057224089;39.84966885;0.0125;False;ok;34;1;1.363;
6398;3.069724089;39.84966885;0.0125;False;ok;16;1;1.417;
6399;3.057224089;39.86216885;0.0125;False;ok;24;1;1.334;
6400;3.069724089;39.86216885;0.0125;False;ok;27;1;1.492;
6401;3.082224089;39.84966885;0.025;False;ok;43;1;1.466;
6402;3.007224089;39.87466885;0.00625;False;ok;10;1;1.300;
6403;3.013474089;39.87466885;0.003125;False;ok;32;1;1.248;
6404;3.016599089;39.87466885;0.003125;False;ok;4;1;1.145;
6405;3.013474089;39.87779385;0.003125;False;ok;31;1;1.202;
6406;3.016599089;39.87779385;0.003125;False;ok;21;1;1.159;
6407;3.007224089;39.88091885;0.00625;False;ok;27;1;0.983;
6408;3.013474089;39.88091885;0.00625;False;ok;33;1;0.928;
6409;3.019724089;39.87466885;0.0125;False;ok;30;1;0.835;
6410;3.007224089;39.88716885;0.0125;False;ok;39;1;0.867;
6411;3.019724089;39.88716885;0.0125;False;ok;75;1;0.987;
6412;3.032224089;39.87466885;0.0125;False;ok;35;1;0.802;
6413;3.044724089;39.87466885;0.0125;False;ok;54;1;0.976;
6414;3.032224089;39.88716885;0.0125;False;ok;42;1;1.081;
6415;3.044724089;39.88716885;0.0125;False;ok;48;1;1.092;
6416;3.007224089;39.89966885;0.025;False;ok;2;1;1.072;
6417;3.032224089;39.89966885;0.0125;False;ok;21;1;1.184;
6418;3.044724089;39.89966885;0.0125;False;ok;5;1;1.233;
6419;3.032224089;39.91216885;0.0125;False;ok;0;1;1.886;
6420;3.044724089;39.91216885;0.00625;False;ok;14;1;1.198;
6421;3.050974089;39.91216885;0.003125;False;ok;0;1;2.007;
6422;3.050974089;39.91529385;0.003125;False;ok;41;1;1.391;
6423;3.054099089;39.91529385;0.003125;False;ok;19;1;1.356;
6424;3.050974089;39.91841885;0.00625;False;ok;40;1;1.453;
6425;3.057224089;39.87466885;0.0125;False;ok;36;1;1.412;
6426;3.069724089;39.87466885;0.0125;False;ok;20;1;1.390;
6427;3.057224089;39.88716885;0.0125;False;ok;41;1;1.373;
6428;3.069724089;39.88716885;0.00625;False;ok;28;1;1.328;
6429;3.075974089;39.88716885;0.00625;False;ok;30;1;1.327;
6430;3.069724089;39.89341885;0.00625;False;ok;26;1;1.353;
6431;3.075974089;39.89341885;0.00625;False;ok;58;1;1.333;
6432;3.082224089;39.87466885;0.025;False;ok;3;1;1.051;
6433;3.057224089;39.89966885;0.0125;False;ok;29;1;1.121;
6434;3.069724089;39.89966885;0.00625;False;ok;20;1;0.953;
6435;3.075974089;39.89966885;0.00625;False;ok;74;1;1.319;
6436;3.069724089;39.90591885;0.00625;False;ok;40;1;1.319;
6437;3.075974089;39.90591885;0.00625;False;ok;35;1;1.149;
6438;3.057224089;39.91216885;0.0125;False;ok;16;1;1.062;
6439;3.069724089;39.91216885;0.0125;False;ok;11;1;0.713;
6440;3.082224089;39.89966885;0.0125;False;ok;73;1;0.931;
6441;3.094724089;39.89966885;0.0125;False;ok;9;1;0.790;
6442;3.082224089;39.91216885;0.0125;False;ok;12;1;1.002;
6443;3.094724089;39.91216885;0.0125;False;ok;3;1;0.950;
6444;3.107224089;39.82466885;0.00625;False;ok;7;1;0.934;
6445;3.113474089;39.82466885;0.00625;False;ok;72;1;1.020;
6446;3.107224089;39.83091885;0.00625;False;ok;67;1;1.114;
6447;3.113474089;39.83091885;0.00625;False;ok;59;1;1.218;
6448;3.119724089;39.82466885;0.0125;False;ok;26;1;1.039;
6449;3.107224089;39.83716885;0.0125;False;ok;41;1;1.112;
6450;3.119724089;39.83716885;0.00625;False;ok;24;1;0.978;
6451;3.125974089;39.83716885;0.00625;False;ok;64;1;1.106;
6452;3.125974089;39.84341885;0.00625;False;ok;11;1;1.033;
6453;3.144724089;39.82466885;0.0125;False;ok;22;1;1.032;
6454;3.132224089;39.83716885;0.0125;False;ok;66;1;1.066;
6455;3.144724089;39.83716885;0.0125;False;ok;19;1;1.184;
6456;3.107224089;39.84966885;0.0125;False;ok;74;1;1.155;
6457;3.119724089;39.84966885;0.0125;False;ok;69;1;1.160;
6458;3.107224089;39.86216885;0.0125;False;ok;9;1;1.059;
6459;3.119724089;39.86216885;0.0125;False;ok;21;1;1.082;
6460;3.132224089;39.84966885;0.0125;False;ok;14;1;1.069;
6461;3.144724089;39.84966885;0.0125;False;ok;35;1;1.080;
6462;3.132224089;39.86216885;0.0125;False;ok;32;1;1.180;
6463;3.144724089;39.86216885;0.0125;False;ok;26;1;1.214;
6464;3.157224089;39.82466885;0.05;False;ok;33;1;1.207;
6465;3.807224089;39.82466885;0.1;False;ok;12;1;1.152;
6466;4.007224089;39.87466885;0.05;False;ok;45;1;1.260;
6467;4.057224089;39.87466885;0.025;False;ok;5;1;1.443;
6468;4.057224089;39.89966885;0.0125;False;ok;73;1;1.372;
6469;4.069724089;39.89966885;0.00625;False;ok;74;1;1.311;
6470;4.075974089;39.89966885;0.00625;False;ok;25;1;1.217;
6471;4.069724089;39.90591885;0.00625;False;ok;44;1;1.267;
6472;4.075974089;39.90591885;0.00625;False;ok;3;1;1.249;
6473;4.069724089;39.91216885;0.0125;False;ok;1;1;1.123;
6474;4.082224089;39.89966885;0.025;False;ok;2;1;1.165;
6475;4.107224089;39.82466885;0.05;False;ok;71;1;1.308;
6476;4.157224089;39.82466885;0.05;False;ok;22;1;1.217;
6477;4.107224089;39.87466885;0.05;False;ok;41;1;1.144;
6478;4.157224089;39.87466885;0.05;False;ok;8;1;1.126;
6479;4.207224089;39.82466885;0.05;False;ok;73;1;1.318;
6480;4.257224089;39.82466885;0.05;False;ok;43;1;1.209;
6481;4.207224089;39.87466885;0.05;False;ok;6;1;1.069;
6482;4.257224089;39.87466885;0.05;False;ok;66;1;1.171;
6483;3.107224089;39.92466885;0.1;False;ok;3;1;0.921;
6484;3.782224089;39.97466885;0.025;False;ok;21;1;1.079;
6485;3.782224089;39.99966885;0.025;False;ok;75;1;1.159;
6486;3.819724089;39.92466885;0.00625;False;ok;75;1;1.070;
6487;3.825974089;39.92466885;0.00625;False;ok;64;1;1.094;
6488;3.819724089;39.93091885;0.00625;False;ok;18;1;1.124;
6489;3.825974089;39.93091885;0.00625;False;ok;9;1;1.075;
6490;3.832224089;39.92466885;0.025;False;ok;66;1;1.263;
6491;3.807224089;39.94966885;0.025;False;ok;9;1;1.078;
6492;3.832224089;39.94966885;0.025;False;ok;75;1;1.332;
6493;3.857224089;39.92466885;0.05;False;ok;4;1;1.122;
6494;3.807224089;39.97466885;0.025;False;ok;9;1;1.111;
6495;3.832224089;39.97466885;0.025;False;ok;75;1;1.252;
6496;3.807224089;39.99966885;0.025;False;ok;75;1;1.348;
6497;3.832224089;39.99966885;0.025;False;ok;75;1;1.250;
6498;3.857224089;39.97466885;0.05;False;ok;6;1;1.190;
6499;3.907224089;39.92466885;0.05;False;ok;11;1;1.137;
6500;3.957224089;39.92466885;0.0125;False;ok;21;1;1.091;
6501;3.957224089;39.93716885;0.0125;False;ok;73;1;1.370;
6502;3.957224089;39.94966885;0.025;False;ok;1;1;1.070;
6503;3.982224089;39.94966885;0.025;False;ok;6;1;1.106;
6504;3.957224089;39.97466885;0.05;False;ok;2;1;1.029;
6505;4.007224089;39.92466885;0.1;False;ok;30;1;1.211;
6506;4.107224089;39.92466885;0.05;False;ok;14;1;1.081;
6507;4.157224089;39.92466885;0.05;False;ok;2;1;1.039;
6508;4.107224089;39.97466885;0.05;False;ok;3;1;1.094;
6509;4.182224089;39.97466885;0.025;False;ok;1;1;1.036;
6510;4.157224089;39.99966885;0.025;False;ok;74;1;1.280;
6511;4.182224089;39.99966885;0.025;False;ok;75;1;1.191;
6512;4.207224089;39.92466885;0.1;False;ok;11;1;1.088;
6513;3.807224089;40.02466885;0.1;False;ok;36;1;1.156;
6514;4.007224089;40.02466885;0.1;False;ok;1;1;1.056;
6515;4.107224089;40.02466885;0.05;False;ok;75;1;1.252;
6516;4.157224089;40.02466885;0.05;False;ok;73;1;1.096;
6517;0.807224089;40.62466885;0.1;False;ok;61;1;1.105;
6518;0.807224089;40.72466885;0.025;False;ok;26;1;1.036;
6519;0.832224089;40.72466885;0.00625;False;ok;75;1;1.092;
6520;0.838474089;40.72466885;0.00625;False;ok;72;1;1.055;
6521;-5.357657522;35.87616748;0.09;False;ok;38;1;1.000;
6522;-2.961443247;35.27658336;0.1;False;ok;23;1;0.818;
