-1396873;Cataluña;Lérida;Seu d'Urgell, La;Sant Pere
-2626451;Comunidad Foral de Navarra;Comunidad Foral de Navarra;Pamplona / Iruña;Vihtra
-368902;Castilla y León;Segovia;Abades;Abades
-368907;Extremadura;Cáceres;Abadía;Abadía
-368908;País Vasco;Vizcaya;Abadiño;Abadiano Celayeta
-368909;Galicia;Lugo;Abadín;Abadín
-368910;Comunidad Foral de Navarra;Comunidad Foral de Navarra;Abáigar;Abáigar
-368916;Principado de Asturias;Principado de Asturias;Cangas de Onís;Aballe
-368917;Galicia;Pontevedra;Catoira;Ábalo
-368918;La Rioja;La Rioja;Ábalos;Ábalos
-368919;Principado de Asturias;Principado de Asturias;Cangas de Onís;Abamia
-368920;Castilla-La Mancha;Guadalajara;Abánades;Abánades
-368923;Principado de Asturias;Principado de Asturias;Peñamellera Baja;Abándames
-368926;Región de Murcia;Región de Murcia;Abanilla;Abanilla
-368929;Cantabria;Cantabria;Val de San Vicente;Abanillas
-368930;Cantabria;Cantabria;San Vicente de la Barquera;Abaño
-368938;Principado de Asturias;Principado de Asturias;Caso;Abantro
-368939;Región de Murcia;Región de Murcia;Abarán;Abarán
-368943;Comunidad Foral de Navarra;Comunidad Foral de Navarra;Abárzuza / Abartzuza;Abárzuza
-368947;Comunidad Foral de Navarra;Comunidad Foral de Navarra;Abaurregaina / Abaurrea Alta;Abaurrea Alta
-368948;Comunidad Foral de Navarra;Comunidad Foral de Navarra;Abaurrepea / Abaurrea Baja;Abaurrea Baja
-368950;Aragón;Huesca;Jaca;Abay
-368953;Comunidad Valenciana;Alicante;Confrides;Abdet
-368955;Galicia;La Coruña;Toques;Abeancos
-368956;País Vasco;Álava;Vitoria-Gasteiz;Abechuco
-368963;Galicia;La Coruña;Abegondo;Abegondo
-368965;Galicia;La Coruña;Lousame;Abeijón
-368967;Castilla y León;Soria;Abejar;Abejar
-368972;Castilla-La Mancha;Albacete;Letur;Abejuela
-368977;Galicia;Orense;Teixeira, A;Abeleda
-368980;Galicia;La Coruña;Dumbría;Abeleiras
-368985;Cataluña;Gerona;Vilallonga de Ter;Abella
-368988;Cataluña;Lérida;Abella de la Conca;Abella de la Conca
-368990;Galicia;La Coruña;Muros;Abelleira
-368992;Galicia;Lugo;Barreiros;Abelleira
-368996;Aragón;Teruel;Castellote;Abenfigo
-369004;Comunidad Foral de Navarra;Comunidad Foral de Navarra;Aberin;Aberin
-369005;Extremadura;Cáceres;Abertura;Abertura
-369009;Cantabria;Cantabria;Hermandad de Campoo de Suso;Abiada
-369012;Aragón;Huesca;Abiego;Abiego
-369020;Cantabria;Cantabria;Villacarriedo;Abionzo
-369021;Aragón;Huesca;Abizanda;Abizanda
-369031;Castilla-La Mancha;Guadalajara;Ablanque;Ablanque
-369034;Comunidad Foral de Navarra;Comunidad Foral de Navarra;Ablitas;Ablitas
-369050;Cataluña;Barcelona;Abrera;Abrera
-369051;Principado de Asturias;Principado de Asturias;Vegadeo;Abres
-369057;Andalucía;Almería;Abrucena;Abrucena
-369063;Andalucía;Sevilla;Alcalá del Río;Alcalá del Río
-369064;Islas Canarias;La Gomera;Valle Gran Rey;Acardece
-369067;Principado de Asturias;Principado de Asturias;Siero;Acebal
-369068;Principado de Asturias;Principado de Asturias;Llanes;San Roque del Acebal
-369069;Principado de Asturias;Principado de Asturias;Llanes;Acebal
-369073;Castilla y León;León;Acebedo;Acebedo
-369080;Extremadura;Cáceres;Acebo;Acebo
-369086;Andalucía;Málaga;Cómpeta;Acebuchal
-369100;Extremadura;Cáceres;Acehúche;Acehuche
-369109;Principado de Asturias;Principado de Asturias;Salas;Acellana
-369111;Andalucía;Granada;Lecrín;Acequias
-369120;Extremadura;Badajoz;Aceuchal;Aceuchal
-369124;Galicia;Pontevedra;Cañiza, A;Achas
-369136;Islas Canarias;Tenerife;Guía de Isora;Acojeja
-369140;Galicia;Lugo;Saviñao, O;Acova
-369147;Aragón;Huesca;Sabiñánigo;Acumuer
-369149;Islas Canarias;Gran Canaria;Artenara;Acusa
-369151;Aragón;Huesca;Adahuesca;Adahuesca
-369157;Andalucía;Córdoba;Adamuz;Adamuz
-369159;Castilla y León;Ávila;Adanero;Adanero
-369166;Islas Canarias;Tenerife;Adeje;Adeje
-369167;Galicia;Lugo;Alfoz;Adelán
-369168;Islas Canarias;Tenerife;Tacoronte;Adelantado
-369171;Comunidad Valenciana;Valencia;Ademuz;Ademuz
-369175;Cantabria;Cantabria;Guriezo;Adino
-369176;Comunidad Foral de Navarra;Comunidad Foral de Navarra;Adiós;Adiós
-369180;Comunidad Valenciana;Valencia;Ador;Ador
-369182;Andalucía;Almería;Adra;Adra
-369185;Castilla y León;Segovia;Adrada de Pirón;Adrada de Pirón
-369188;Castilla y León;Segovia;Adrados;Adrados
-369191;Principado de Asturias;Principado de Asturias;Cangas del Narcea;Adralés
-369192;Cataluña;Lérida;Ribera d'Urgellet;Adrall
-369194;Cataluña;Gerona;Canet d'Adri;Adri
-369195;Comunidad Valenciana;Alicante;Atzúbia, l';Adsubia
-369196;Comunidad Valenciana;Alicante;Jávea / Xàbia;Aduanas
-369197;País Vasco;Guipúzcoa;Usurbil;Aduna
-369199;Comunidad Valenciana;Castellón;Atzeneta del Maestrat;Adzaneta
-369200;Comunidad Valenciana;Valencia;Atzeneta d'Albaida;Adzaneta de Albaida
-369207;Islas Canarias;Gran Canaria;Agaete;Agaete
-369215;Cataluña;Lérida;Àger;Àger
-369216;Castilla y León;Burgos;Arlanzón;Agés
-369218;Aragón;Zaragoza;Agón;Agón
-369219;La Rioja;La Rioja;Agoncillo;Agoncillo
-369222;Comunidad Valenciana;Alicante;Agost;Agost
-369225;Castilla-La Mancha;Albacete;Hellín;Agramón
-369227;Cataluña;Lérida;Agramunt;Agramunt
-369229;Castilla y León;Soria;Ágreda;Ágreda
-369231;Comunidad Valenciana;Alicante;Agres;Agres
-369258;Andalucía;Almería;Níjar;Agua Amarga
-369262;Islas Canarias;Fuerteventura;Antigua;Agua de Bueyes
-369263;Islas Canarias;Gran Canaria;Moya;Agua de Fontanales
-369267;Andalucía;Almería;Roquetas de Mar;Aguadulce
-369274;Andalucía;Huelva;Almonaster la Real;Aguafría
-369276;Islas Canarias;Tenerife;Tacoronte;Agua-García
-369298;Galicia;La Coruña;Rois;AguaSantas
-369304;Aragón;Huesca;Valle de Bardají;Aguascaldas
-369308;Comunidad Valenciana;Alicante;Aigües;Aguas de Busot
-369311;Galicia;Orense;Allariz;Aguas Santas
-369315;Aragón;Teruel;Aguatón;Aguatón
-369316;Islas Canarias;Gran Canaria;Telde;Aguatona
-369318;Aragón;Teruel;Aguaviva;Aguaviva
-369343;Castilla y León;Burgos;Merindad de Montija;Agüera
-369345;Principado de Asturias;Principado de Asturias;Llanera;Agüera
-369347;Principado de Asturias;Principado de Asturias;Llanera;Agüera
-369349;Principado de Asturias;Principado de Asturias;Colunga;Agüera
-369355;Principado de Asturias;Principado de Asturias;Quirós;Agüeras
-369356;Principado de Asturias;Principado de Asturias;Aller;Agüería
-369358;Aragón;Huesca;Agüero;Agüero
-369359;Cantabria;Cantabria;Marina de Cudeyo;Agüero
-369360;Principado de Asturias;Principado de Asturias;Sobrescobio;Agüés
-369392;Castilla y León;Segovia;Aguilafuente;Aguilafuente
-369393;Andalucía;Córdoba;Aguilar de la Frontera;Aguilar
-369397;Castilla y León;Burgos;Aguilar de Bureba;Aguilar de Bureba
-369398;Castilla y León;Palencia;Aguilar de Campoo;Aguilar de Campóo
-369399;Castilla y León;Valladolid;Aguilar de Campos;Aguilar de Campos
-369400;Comunidad Foral de Navarra;Comunidad Foral de Navarra;Aguilar de Codés;Aguilar de Codés
-369402;Aragón;Teruel;Aguilar del Alfambra;Aguilar del Alfambra
-369403;La Rioja;La Rioja;Aguilar del Río Alhama;Aguilar del Río Alhama
-369405;Cataluña;Barcelona;Aguilar de Segarra;Aguilar de Segarra
-369408;Región de Murcia;Región de Murcia;Águilas;Águilas
-369410;Castilla y León;Soria;Bayubas de Abajo;Aguilera
-369415;Cataluña;Tarragona;Santa Coloma de Queralt;Aguiló
-369422;Islas Canarias;Gran Canaria;Agüimes;Agüimes
-369428;Principado de Asturias;Principado de Asturias;Somiedo;Aguino
-369440;Cataluña;Gerona;Agullana;Agullana
-369441;Comunidad Valenciana;Valencia;Benissoda;Agullent
-369442;Islas Canarias;La Gomera;Agulo;Agulo
-369447;País Vasco;Vizcaya;Karrantza Harana / Valle de Carranza;Ahedo
-369450;Castilla y León;Salamanca;Ahigal de los Aceiteros;Ahigal de los Aceiteros
-369454;Extremadura;Badajoz;Ahillones;Ahillones
-369456;Comunidad Valenciana;Castellón;Aín;Ahín
-369462;Comunidad Foral de Navarra;Comunidad Foral de Navarra;Aibar / Oibar;Áibar
-369466;Cataluña;Tarragona;Aiguamúrcia;Aiguamurcia
-369468;Cataluña;Gerona;Aiguaviva;Aiguaviva
-369470;Castilla y León;Burgos;Valle de Zamanzas;Ailanes
-369477;Aragón;Huesca;Aínsa-Sobrarbe;Aínsa
-369478;Aragón;Zaragoza;Ainzón;Ainzón
-369485;Aragón;Huesca;Aisa;Aísa
-369491;País Vasco;Guipúzcoa;Zestoa;Aizarna
-369492;País Vasco;Guipúzcoa;Aizarnazabal;Aizarnazábal
-369493;Comunidad Foral de Navarra;Comunidad Foral de Navarra;Basaburua;Aizároz
-369494;Comunidad Foral de Navarra;Comunidad Foral de Navarra;Berrioplano / Berriobeiti;Aizoáin
-369496;Comunidad Foral de Navarra;Comunidad Foral de Navarra;Goñi;Aizpún
-369499;Cataluña;Gerona;Puigcerdà;Age
-369501;Comunidad de Madrid;Comunidad de Madrid;Ajalvir;Ajalvir
-369502;La Rioja;La Rioja;Ajamil de Cameros;Ajamil
-369503;Cantabria;Cantabria;Miera;Ajanedo
-369506;Cantabria;Cantabria;Bareyo;Ajo
-369510;Castilla-La Mancha;Toledo;Ajofrín;Ajofrín
-369514;Aragón;Teruel;Alacón;Alacón
-369516;Comunidad Valenciana;Valencia;Picanya;Alacuás
-369518;Castilla y León;Valladolid;Alaejos;Alaejos
-369520;Aragón;Zaragoza;Alagón;Alagón
-369526;Andalucía;Huelva;Alájar;Alájar
-369528;Galicia;Lugo;Valadouro, O;Alaje
-369529;Islas Canarias;La Gomera;Alajeró;Alajeró
-369531;Comunidad de Madrid;Comunidad de Madrid;Valdeolmos-Alalpardo;Alalpardo
-369533;Andalucía;Málaga;Mollina;Alameda
-369538;Comunidad de Madrid;Comunidad de Madrid;Alameda del Valle;Alameda del Valle
-369540;Castilla y León;Salamanca;Ciudad Rodrigo;Alameda Vieja
-369544;Castilla-La Mancha;Guadalajara;Alaminos;Alaminos
-369560;Extremadura;Badajoz;Alange;Alange
-369561;Andalucía;Sevilla;Alanís;Alanís
-369567;Castilla-La Mancha;Cuenca;Alarcón;Alarcón
-369570;Castilla y León;Palencia;Alar del Rey;Alar del Rey
-369573;Castilla-La Mancha;Guadalajara;Alarilla;Alarilla
-369574;Islas Baleares;Mallorca;Alaró;Alaró
-369575;Cataluña;Lérida;Alàs i Cerc;Alás
-369577;Castilla-La Mancha;Albacete;Alatoz;Alatoz
-369580;Islas Baleares;Menorca;Alaior;Alaior
-369583;Galicia;Pontevedra;Pontevedra;Alba
-369584;Galicia;Lugo;Palas de Rei;Albá
-369589;Castilla-La Mancha;Albacete;Albacete;Albacete
-369593;Castilla y León;Palencia;Velilla del Río Carrión;Alba de los Cardaños
-369594;Castilla y León;Salamanca;Alba de Tormes;Alba de Tormes
-369596;Cataluña;Lérida;Albagés, L';Albagés
-369599;Comunidad Valenciana;Valencia;Albaida;Albaida
-369601;Andalucía;Sevilla;Olivares;Albaida del Aljarafe
-369603;Comunidad Valenciana;Valencia;Albal;Albal
-369604;Extremadura;Cáceres;Albalá;Albalá
-369608;Castilla-La Mancha;Ciudad Real;Albaladejo;Albaladejo
-369610;Comunidad Valenciana;Valencia;Polinyà de Xúquer;Albalat de la Ribera
-369611;Comunidad Valenciana;Valencia;Foios;Albalats dels Sorells
-369612;Comunidad Valenciana;Valencia;Albalat dels Tarongers;Albalat dels Tarongers
-369614;Aragón;Huesca;Albalate de Cinca;Albalate de Cinca
-369615;Aragón;Teruel;Albalate del Arzobispo;Albalate del Arzobispo
-369616;Castilla-La Mancha;Cuenca;Albalate de las Nogueras;Albalate de las Nogueras
-369617;Castilla-La Mancha;Guadalajara;Albalate de Zorita;Albalate de Zorita
-369622;Andalucía;Almería;Albánchez;Albánchez
-369625;Andalucía;Jaén;Albanchez de Mágina;Albanchez de Magina
-369626;Principado de Asturias;Principado de Asturias;Carreño;Albandi
-369627;Cataluña;Tarragona;Cornudella de Montsant;Albarca
-369639;Galicia;La Coruña;Dumbría;Albarellos
-369640;Castilla-La Mancha;Guadalajara;Albares;Albares
-369643;Aragón;Teruel;Albarracín;Albarracín
-369648;Castilla-La Mancha;Toledo;Albarreal de Tajo;Albarreal de Tajo
-369653;Comunidad Valenciana;Alicante;Albatera;Albatera
-369658;La Rioja;La Rioja;Albelda de Iregua;Albelda de Iregua
-369659;Aragón;Huesca;Fiscal;Albella
-369661;Castilla-La Mancha;Guadalajara;Albendiego;Albendiego
-369666;Galicia;Pontevedra;Crecente;Albeos
-369674;Comunidad Valenciana;Valencia;Alberic;Alberique
-369676;La Rioja;La Rioja;Alberite;Alberite
-369688;Aragón;Huesca;Abiego;Alberuela de la Liena
-369692;Aragón;Zaragoza;Albeta;Albeta
-369695;Comunidad Foral de Navarra;Comunidad Foral de Navarra;Larraun;Albiasu
-369699;Cataluña;Tarragona;Albinyana;Albinyana
-369700;Cataluña;Tarragona;Albiol, L';Albiol
-369702;Comunidad Valenciana;Alicante;Alfàs del Pi, l';El Albir
-369710;Comunidad Valenciana;Castellón;Albocàsser;Albocácer
-369713;Andalucía;Almería;Alboloduy;Alboloduy
-369714;Andalucía;Granada;Albolote;Albolote
-369715;Andalucía;Granada;Albondón;Albondón
-369716;País Vasco;Vizcaya;Bermeo;Albóniga
-369717;Cataluña;Gerona;Albons;Albóns
-369718;Comunidad Valenciana;Valencia;Alborache;Alborache
-369721;Comunidad Valenciana;Valencia;Alboraia / Alboraya;Alboraya
-369723;Castilla-La Mancha;Albacete;Alborea;Alborea
-369724;Castilla-La Mancha;Guadalajara;Sigüenza;Alboreca
-369727;Aragón;Zaragoza;Alborge;Alborge
-369731;Andalucía;Almería;Albox;Albox
-369733;Comunidad Valenciana;Valencia;Benigànim;Alboy
-369734;Región de Murcia;Región de Murcia;Albudeite;Albudeite
-369739;Principado de Asturias;Principado de Asturias;Cudillero;Albuerne
-369742;Región de Murcia;Región de Murcia;Cartagena;Albujón
-369744;Andalucía;Granada;Jerez del Marquesado;Albuñán
-369745;Andalucía;Granada;Albuñol;Albuñol
-369747;Andalucía;Granada;Albuñuelas;Albuñuelas
-369749;Extremadura;Badajoz;Alburquerque;Alburquerque
-369752;Castilla-La Mancha;Toledo;Alcabón;Alcabón
-369754;Comunidad Valenciana;Valencia;Alcàsser;Alcácer
-369764;Islas Canarias;Tenerife;Guía de Isora;Alcalá
-369773;Comunidad Valenciana;Castellón;Alcalà de Xivert;Alcalá de Chivert
-369774;Aragón;Zaragoza;Alcalá de Ebro;Alcalá de Ebro
-369775;Andalucía;Sevilla;Alcalá de Guadaíra;Alcalá de Guadaíra
-369777;Comunidad de Madrid;Comunidad de Madrid;Alcalá de Henares;Alcalá de Henares
-369778;Comunidad Valenciana;Alicante;Vall d'Alcalà, la;Alcalá de la Jovada
-369779;Aragón;Teruel;Alcalá de la Selva;Alcalá de la Selva
-369781;Castilla-La Mancha;Albacete;Alcalá del Júcar;Alcalá del Júcar
-369783;Andalucía;Cádiz;Alcalá de los Gazules;Alcalá de los Gazules
-369784;Andalucía;Cádiz;Alcalá del Valle;Alcalá del Valle
-369785;Aragón;Zaragoza;Alcalá de Moncayo;Alcalá de Moncayo
-369786;Andalucía;Jaén;Alcalá la Real;Alcalá la Real
-369787;Comunidad Valenciana;Alicante;Alcalalí;Alcalalí
-369789;Aragón;Huesca;Alcampell;Alcampel
-369790;La Rioja;La Rioja;Alcanadre;Alcanadre
-369792;Cataluña;Tarragona;Alcanar;Alcanar
-369793;Castilla y León;Zamora;Alcañices;Alcañices
-369794;Aragón;Teruel;Alcañiz;Alcañiz
-369796;Castilla-La Mancha;Toledo;Alcañizo;Alcañizo
-369799;Andalucía;Cádiz;Jerez de la Frontera;Alcántara
-369800;Extremadura;Cáceres;Alcántara;Alcántara
-369802;Comunidad Valenciana;Valencia;Villanueva de Castellón;Alcántara de Júcar
-369803;Región de Murcia;Región de Murcia;Alcantarilla;Alcantarilla
-369804;Castilla-La Mancha;Albacete;Yeste;Alcantarilla
-369812;Andalucía;Córdoba;Alcaracejos;Alcaracejos
-369816;Castilla-La Mancha;Albacete;Alcaraz;Alcaraz
-369821;Cataluña;Lérida;Alcarràs;Alcarraz
-369823;Andalucía;Málaga;Alcaucín;Alcaucín
-369824;Andalucía;Jaén;Alcaudete;Alcaudete
-369832;Castilla-La Mancha;Ciudad Real;Alcázar de San Juan;Alcázar de San Juan
-369834;Castilla y León;Valladolid;Alcazarén;Alcazarén
-369835;Cantabria;Cantabria;Santiurde de Toranzo;Alceda
-369844;Comunidad Valenciana;Valencia;Alzira;Alzira
-369845;Castilla-La Mancha;Ciudad Real;Alcoba;Alcoba
-369847;Castilla y León;León;Cimanes del Tejar;Alcoba de la Ribera
-369850;Comunidad de Madrid;Comunidad de Madrid;Alcobendas;Alcobendas
-369852;Comunidad Valenciana;Castellón;Alcalà de Xivert;Alcossebre
-369854;Comunidad Valenciana;Alicante;Alcosser;Alcocer de Planes
-369859;Andalucía;Almería;Alcolea;Alcolea
-369865;Aragón;Huesca;Alcolea de Cinca;Alcolea de Cinca
-369867;Castilla-La Mancha;Guadalajara;Alcolea del Pinar;Alcolea del Pinar
-369868;Andalucía;Sevilla;Alcolea del Río;Alcolea del Río
-369870;Comunidad Valenciana;Alicante;Alcoleja;Alcolecha
-369871;Cataluña;Lérida;Alcoletge;Alcoletge
-369886;Comunidad Valenciana;Castellón;Alcora, l';Alcora
-369890;Castilla y León;Zamora;Alcañices;Alcorcillo
-369891;Comunidad de Madrid;Comunidad de Madrid;Alcorcón;Alcorcón
-369892;Aragón;Teruel;Alcorisa;Alcorisa
-369898;Castilla-La Mancha;Guadalajara;Alcoroches;Alcoroches
-369903;Cataluña;Tarragona;Alcover;Alcover
-369904;Comunidad Valenciana;Alicante;Alcoy / Alcoi;Alcoy
-369906;Comunidad Foral de Navarra;Comunidad Foral de Navarra;Ultzama;Alcoz
-369911;Castilla y León;Soria;Alcubilla de las Peñas;Alcubilla de las Peñas
-369919;Islas Baleares;Mallorca;Alcúdia;Alcudia
-369925;Comunidad Valenciana;Valencia;Alcúdia, l';L'Alcúdia
-369927;Andalucía;Granada;Valle del Zalabí;Alcudia de Guadix
-369928;Andalucía;Almería;Alcudia de Monteagud;Alcudia de Monteagud
-369929;Comunidad Valenciana;Castellón;Alcudia de Veo;Alcudia de Veo
-369931;Extremadura;Cáceres;Alcuéscar;Alcuéscar
-369935;Andalucía;Granada;Bérchules;Alcútar
-369936;País Vasco;Álava;Harana / Valle de Arana;Alda
-369940;País Vasco;Vizcaya;Munitibar-Arbatzegi Gerrikaitz;Aldaca
-369941;Galicia;Pontevedra;Cangas;Aldán
-369947;Comunidad Valenciana;Valencia;Aldaia;Aldaya
-369951;Islas Canarias;Gran Canaria;San Bartolomé de Tirajana;Aldea Blanca
-369956;Castilla y León;Salamanca;Aldeadávila de la Ribera;Aldeadávila de la Ribera
-369962;Extremadura;Cáceres;Aldea del Cano;Aldea del Cano
-369963;Comunidad de Madrid;Comunidad de Madrid;Aldea del Fresno;Aldea del Fresno
-369964;Castilla y León;Salamanca;Aldea del Obispo;Aldea del Obispo
-369965;Castilla y León;Burgos;Hontoria del Pinar;Aldea del Pinar
-369967;Castilla y León;Ávila;Ávila;Aldea del Rey Niño
-369968;Castilla y León;Soria;San Esteban de Gormaz;Aldea de San Esteban
-369971;Extremadura;Cáceres;Aldea del Obispo, La;Aldea de Trujillo
-369972;Castilla-La Mancha;Toledo;Aldea en Cabo;Aldea en Cabo
-369984;Castilla y León;Segovia;Aldealcorvo;Aldealcorvo
-369985;Castilla y León;Salamanca;Aldealengua;Aldealengua
-369987;La Rioja;La Rioja;Ocón;Aldealobos
-369988;Castilla y León;Soria;Aldealpozo;Aldealpozo
-369990;Castilla y León;Valladolid;Aldeamayor de San Martín;Aldeamayor de San Martín
-369993;Castilla-La Mancha;Guadalajara;Condemios de Arriba;Aldeanueva de Atienza
-369995;La Rioja;La Rioja;Gallinero de Cameros;Aldeanueva de Cameros
-369996;La Rioja;La Rioja;Aldeanueva de Ebro;Aldeanueva de Ebro
-369998;Castilla-La Mancha;Guadalajara;Aldeanueva de Guadalajara;Aldeanueva de Guadalajara
-369999;Castilla y León;Salamanca;Aldeanueva de la Sierra;Aldeanueva de la Sierra
-370000;Extremadura;Cáceres;Aldeanueva de la Vera;Aldeanueva de la Vera
-370001;Extremadura;Cáceres;Aldeanueva del Camino;Aldeanueva del Camino
-370007;Castilla y León;Ávila;Aldeanueva de Santa Cruz;Aldeanueva de Santa Cruz
-370008;Andalucía;Jaén;Aldeaquemada;Aldeaquemada
-370009;Castilla y León;Segovia;Aldea Real;Aldea Real
-370012;Castilla y León;Salamanca;Aldearrubia;Aldearrubia
-370018;Castilla y León;Segovia;Aldeasoña;Aldeasoña
-370019;Castilla y León;Salamanca;Aldeatejada;Aldeatejada
-370025;Castilla y León;Segovia;Aldehorno;Aldehorno
-370026;Comunidad de Madrid;Comunidad de Madrid;Colmenar de Oreja;Colmenar de Oreja
-370027;Aragón;Teruel;Teruel;Aldehuela
-370028;Extremadura;Cáceres;Pinofranqueado;Aldehuela
-370032;Castilla y León;Segovia;Sepúlveda;Aldehuela
-370036;Castilla y León;Salamanca;Aldehuela de la Bóveda;Aldehuela de la Bóveda
-370041;Castilla y León;Soria;Sotillo del Rincón;Aldehuela del Rincón
-370042;Castilla y León;Soria;Aldehuela de Periáñez;Aldehuela de Periáñez
-370048;Castilla y León;Segovia;Cantalejo;Aldeonsancho
-370050;Castilla y León;Valladolid;Torre de Peñafiel;Aldeayuso
-370059;Cataluña;Tarragona;Aldover;Aldover
-370061;Comunidad Foral de Navarra;Comunidad Foral de Navarra;Urraul Bajo;Aldunate
-370064;Principado de Asturias;Principado de Asturias;Ribadesella;Alea
-370068;Región de Murcia;Región de Murcia;Aledo;Aledo
-370070;País Vasco;Álava;Alegría-Dulantzi;Alegría
-370073;Cataluña;Tarragona;Aleixar, L';Aleixar
-370077;Cataluña;Barcelona;Alella;Alella
-370083;Cataluña;Lérida;Artesa de Segre;Alentorn
-370085;La Rioja;La Rioja;Alesanco;Alesanco
-370087;Principado de Asturias;Principado de Asturias;Peñamellera Baja;Alevia
-370090;Andalucía;Granada;Alfacar;Alfacar
-370091;Comunidad Valenciana;Valencia;Alfafar;Alfafar
-370092;Comunidad Valenciana;Alicante;Alfafara;Alfafara
-370095;Andalucía;Almería;Gallardos, Los;Alfaíz
-370096;Aragón;Zaragoza;Alfajarín;Alfajarín
-370097;Aragón;Teruel;Alfambra;Alfambra
-370103;Cataluña;Gerona;Far d'Empordà, El;Alfar
-370105;Cataluña;Tarragona;Alfara de Carles;Alfara de Carles
-370106;Comunidad Valenciana;Valencia;Alfara del Patriarca;Alfara del Patriarca
-370108;Comunidad Valenciana;Alicante;Xaló;Alfarería
-370109;Andalucía;Málaga;Alfarnate;Alfarnate
-370110;Andalucía;Málaga;Alfarnatejo;Alfarnatejo
-370111;La Rioja;La Rioja;Alfaro;Alfaro
-370113;Comunidad Valenciana;Valencia;Alfarp;Alfarp
-370114;Cataluña;Lérida;Alfarràs;Alfarràs
-370116;Comunidad Valenciana;Alicante;Ondara;Alfatares
-370119;Comunidad Valenciana;Castellón;Alfondeguilla;Alfondeguilla
-370122;Cataluña;Tarragona;Alforja;Alforja
-370124;Andalucía;Granada;Sorvilán;Alfornón
-370125;Aragón;Zaragoza;Alforque;Alforque
-370130;Andalucía;Almería;Roquetas de Mar;Algaida
-370132;Islas Baleares;Mallorca;Algaida;Algaida
-370137;Andalucía;Sevilla;Algámitas;Algámitas
-370138;Andalucía;Cádiz;Algar;Algar
-370139;Región de Murcia;Región de Murcia;Cartagena;Algar
-370145;Comunidad Valenciana;Valencia;Algar de Palancia;Algar de Palancia
-370148;Andalucía;Granada;Algarinejo;Algarinejo
-370152;Andalucía;Málaga;Algarrobo;Algarrobo
-370158;Andalucía;Málaga;Algatocín;Algatocín
-370160;Andalucía;Cádiz;Algeciras;Algeciras
-370161;Comunidad Valenciana;Valencia;Algemesí;Algemesí
-370164;Comunidad de Madrid;Comunidad de Madrid;Algete;Algete
-370165;Región de Murcia;Región de Murcia;Murcia;Algezares
-370167;Comunidad Valenciana;Valencia;Algimia de Alfara;Algimia de Alfara
-370168;Comunidad Valenciana;Castellón;Algimia de Almonacid;Algimia de Almonacid
-370169;Comunidad Valenciana;Valencia;Alginet;Alginet
-370171;Andalucía;Cádiz;Algodonales;Algodonales
-370176;Castilla-La Mancha;Guadalajara;Algora;Algora
-370177;Comunidad Valenciana;Alicante;Algorfa;Algorfa
-370178;País Vasco;Vizcaya;Getxo;Algorta
-370179;Cataluña;Lérida;Alguaire;Alguaire
-370180;Región de Murcia;Región de Murcia;Alguazas;Alguazas
-370181;Comunidad Valenciana;Alicante;Algueña;Algueña
-370188;Andalucía;Almería;Alhama de Almería;Alhama de Almería
-370189;Aragón;Zaragoza;Alhama de Aragón;Alhama de Aragón
-370190;Andalucía;Granada;Alhama de Granada;Alhama de Granada
-370191;Región de Murcia;Región de Murcia;Alhama de Murcia;Alhama de Murcia
-370192;Castilla-La Mancha;Ciudad Real;Alhambra;Alhambra
-370198;Andalucía;Málaga;Alhaurín de la Torre;Alhaurín de la Torre
-370199;Andalucía;Málaga;Alhaurín el Grande;Alhaurín el Grande
-370200;Andalucía;Granada;Alhendín;Alhendín
-370204;País Vasco;Álava;Vitoria-Gasteiz;Ali
-370205;Extremadura;Cáceres;Alía;Alía
-370206;Aragón;Teruel;Aliaga;Aliaga
-370208;Castilla-La Mancha;Cuenca;Aliaguilla;Aliaguilla
-370210;Comunidad Valenciana;Alicante;Alicante / Alacant;Alicante
-370213;Andalucía;Almería;Alicún;Alicún
-370217;Cantabria;Cantabria;Cillorigo de Liébana;Aliezo
-370220;Castilla y León;León;Alija del Infantado;Alija del Infantado
-370224;Aragón;Huesca;Azanuy-Alins;Alins
-370228;Extremadura;Cáceres;Aliseda;Aliseda
-370239;Galicia;Pontevedra;Salceda de Caselas;Alján
-370240;Andalucía;Huelva;Aljaraque;Aljaraque
-370242;Andalucía;Almería;Antas;Aljariz
-370254;Extremadura;Badajoz;Aljucén;Aljucén
-370256;Región de Murcia;Región de Murcia;Murcia;Aljucer
-370257;Galicia;Orense;Allariz;Allariz
-370258;Principado de Asturias;Principado de Asturias;Pravia;Allence
-370261;Principado de Asturias;Principado de Asturias;Llanes;Allende
-370262;Cantabria;Cantabria;Castro-Urdiales;Allendelagua
-370264;Aragón;Teruel;Allepuz;Allepuz
-370266;Principado de Asturias;Principado de Asturias;Peñamellera Alta;Alles
-370268;Comunidad Foral de Navarra;Comunidad Foral de Navarra;Allo;Allo
-370272;Galicia;La Coruña;Ponteceso;Allones
-370279;Aragón;Huesca;Sabiñánigo;Allué
-370282;Comunidad Valenciana;Valencia;Almàssera;Almácera
-370283;Andalucía;Málaga;Almáchar;Almáchar
-370286;Islas Canarias;Tenerife;Santa Cruz de Tenerife;Almáciga
-370290;Castilla-La Mancha;Ciudad Real;Almadén;Almadén
-370291;Andalucía;Sevilla;Almadén de la Plata;Almadén de la Plata
-370293;Andalucía;Cádiz;Rota;Almadraba
-370296;Castilla-La Mancha;Guadalajara;Almadrones;Almadrones
-370297;Comunidad Valenciana;Alicante;Petrer;Almafrá
-370303;Castilla-La Mancha;Ciudad Real;Almagro;Almagro
-370305;Región de Murcia;Región de Murcia;Fuente Álamo de Murcia;Almagros
-370308;Castilla y León;Soria;Almajano;Almajano
-370311;Comunidad Foral de Navarra;Comunidad Foral de Navarra;Baztan;Almándoz
-370312;Castilla-La Mancha;Albacete;Almansa;Almansa
-370324;Castilla y León;Zamora;Almaraz de Duero;Almaraz de Duero
-370326;Comunidad Valenciana;Alicante;Jijona / Xixona;Almarch
-370330;Castilla y León;Soria;Almarza;Almarza
-370333;Andalucía;Málaga;Vélez-Málaga;Almayate Alto
-370334;Andalucía;Málaga;Vélez-Málaga;Almayate Bajo
-370335;Castilla y León;Soria;Almazán;Almazán
-370337;Castilla y León;León;Congosto;Almázcara
-370338;Comunidad Valenciana;Castellón;Almazora;Almazora
-370339;Aragón;Huesca;Bárcabo;Almazorre
-370341;Comunidad Valenciana;Castellón;Almedíjar;Almedíjar
-370344;Andalucía;Córdoba;Almedinilla;Almedinilla
-370346;Andalucía;Granada;Almegíjar;Almegíjar
-370347;Castilla y León;Zamora;Almeida de Sayago;Almeida de Sayago
-370352;Cataluña;Lérida;Almenar;Almenar
-370354;Comunidad Valenciana;Castellón;Almenara;Almenara
-370359;Castilla y León;Salamanca;Almenara de Tormes;Almenara de Tormes
-370361;Castilla y León;Soria;Almenar de Soria;Almenar de Soria
-370364;Extremadura;Badajoz;Almendral;Almendral
-370365;Castilla-La Mancha;Toledo;Almendral de la Cañada;Almendral de la Cañada
-370366;Extremadura;Badajoz;Almendralejo;Almendralejo
-370368;Región de Murcia;Región de Murcia;Lorca;Almendricos
-370373;Andalucía;Sevilla;Almensilla;Almensilla
-370374;Andalucía;Almería;Almería;Almería
-370388;Castilla-La Mancha;Guadalajara;Tamajón;Almiruete
-370389;Comunidad Valenciana;Valencia;Almiserà;Almiserat
-370392;Andalucía;Almería;Almócita;Almócita
-370396;Castilla-La Mancha;Ciudad Real;Almodóvar del Campo;Almodóvar del Campo
-370397;Castilla-La Mancha;Cuenca;Almodóvar del Pinar;Almodóvar del Pinar
-370398;Andalucía;Córdoba;Almodóvar del Río;Almodóvar del Río
-370400;Andalucía;Málaga;Almogía;Almogía
-370402;Castilla-La Mancha;Guadalajara;Almoguera;Almoguera
-370405;Extremadura;Cáceres;Almoharín;Almoharín
-370406;Comunidad Valenciana;Valencia;Almoines;Almoines
-370414;Castilla-La Mancha;Toledo;Almonacid de Toledo;Almonacid de Toledo
-370415;Castilla-La Mancha;Guadalajara;Almonacid de Zorita;Almonacid de Zorita
-370416;Andalucía;Huelva;Almonaster la Real;Almonaster la Real
-370418;Andalucía;Huelva;Almonte;Almonte
-370420;Comunidad Valenciana;Alicante;Almoradí;Almoradí
-370425;Castilla-La Mancha;Toledo;Almorox;Almorox
-370426;Cataluña;Tarragona;Selva del Camp, La;Almoster
-370431;Región de Murcia;Región de Murcia;Caravaca de la Cruz;Almudema
-370434;Principado de Asturias;Principado de Asturias;Valdés;Almuña
-370435;Andalucía;Granada;Almuñécar;Almuñécar
-370437;Castilla-La Mancha;Ciudad Real;Almuradiel;Almuradiel
-370439;Comunidad Valenciana;Valencia;Almussafes;Almussafes
-370442;Aragón;Teruel;Alobras;Alobras
-370444;Castilla-La Mancha;Guadalajara;Alocén;Alocén
-370445;Islas Canarias;La Gomera;Vallehermoso;Alojera
-370446;Andalucía;Granada;Íllora;Alomartes
-370449;Cantabria;Cantabria;Villacarriedo;Aloños
-370452;Andalucía;Málaga;Álora;Álora
-370455;Cataluña;Lérida;Alòs de Balaguer;Alós de Balaguer
-370456;Cataluña;Lérida;Alt Àneu;Alós d'Isil
-370458;Castilla-La Mancha;Guadalajara;Alovera;Alovera
-370459;Andalucía;Málaga;Alozaina;Alozaina
-370462;Andalucía;Málaga;Alpandeire;Alpandeire
-370467;Comunidad de Madrid;Comunidad de Madrid;Alpedrete;Alpedrete
-370471;Cataluña;Barcelona;Alpens;Alpens
-370472;Castilla-La Mancha;Albacete;Alpera;Alpera
-370480;Comunidad Valenciana;Valencia;Alpuente;Alpuente
-370484;Islas Baleares;Mallorca;Santanyí;Alquería Blanca
-370485;Comunidad Valenciana;Alicante;Cocentaina;Alquería de Aznar
-370487;Región de Murcia;Región de Murcia;Murcia;Alquerías
-370488;Aragón;Huesca;Alquézar;Alquézar
-370489;Andalucía;Granada;Alquife;Alquife
-370494;Comunidad Foral de Navarra;Comunidad Foral de Navarra;Altsasu / Alsasua;Alsasua
-370506;Cataluña;Tarragona;Altafulla;Altafulla
-370508;Galicia;Pontevedra;Meaño;Altamira
-370509;País Vasco;Vizcaya;Busturia;Altamira
-370520;Comunidad Valenciana;Alicante;Altea;Altea
-370523;Comunidad Valenciana;Alicante;Altea;Altea la Vieja
-370540;Cataluña;Lérida;Rialp;Altrón
-370543;Comunidad Valenciana;Castellón;Altura;Altura
-370549;Región de Murcia;Región de Murcia;Murcia;Alumbres
-370559;País Vasco;Guipúzcoa;Altzo;Altzo
-370591;Castilla y León;Ávila;Amavida;Amavida
-370593;Castilla y León;Burgos;Sotresgudo;Amaya
-370600;Principado de Asturias;Principado de Asturias;Villaviciosa;Ambás
-370604;Galicia;Orense;Rubiá;Ambas Aguas
-370606;Castilla y León;León;Vega de Valcarce;Ambasmestas
-370607;Aragón;Zaragoza;Ambel;Ambel
-370610;Principado de Asturias;Principado de Asturias;Ponga;Ambingue
-370611;Comunidad de Madrid;Comunidad de Madrid;Ambite;Ambite
-370618;Galicia;La Coruña;Irixoa;Ambroa
-370621;Cantabria;Cantabria;Bárcena de Cicero;Ambrosero
-370622;Andalucía;Granada;Granada;Ambroz
-370623;Comunidad de Madrid;Comunidad de Madrid;Madrid;Ambroz
-370626;Galicia;La Coruña;Ames;Ames
-370631;Galicia;La Coruña;Ames;Amés
-370632;Cataluña;Lérida;Montoliu de Segarra;Ametlla
-370634;País Vasco;Vizcaya;Sopuerta;Amez
-370636;País Vasco;Álava;Zuia;Amézaga
-370640;Principado de Asturias;Principado de Asturias;Amieva;Amieva
-370641;Galicia;Pontevedra;Moraña;Amil
-370642;Comunidad Foral de Navarra;Comunidad Foral de Navarra;Allín / Allin;Amillano
-370644;Galicia;Pontevedra;Pazos de Borbén;Amoedo
-370645;Galicia;Orense;Amoeiro;Amoeiro
-370649;Comunidad Valenciana;Alicante;Monforte del Cid;Amoloig
-370652;País Vasco;Vizcaya;Amorebieta-Etxano;Amorebieta-Etxano
-370654;Galicia;Pontevedra;Tomiño;Amorín
-370656;País Vasco;Vizcaya;Amoroto;Amoroto
-370658;Cataluña;Tarragona;Amposta;Amposta
-370659;Castilla y León;Palencia;Ampudia;Ampudia
-370661;Cantabria;Cantabria;Ampuero;Ampuero
-370662;Cataluña;Gerona;Escala, L';Ampurias
-370665;País Vasco;Álava;Amurrio;Amurrio
-370666;Castilla y León;Palencia;Amusco;Amusco
-370669;País Vasco;Guipúzcoa;Irun;Anaca
-370681;Cataluña;Lérida;Vall de Cardós;Anás
-370684;Castilla y León;Soria;Castilruiz;Añavieja
-370685;Castilla y León;Segovia;Anaya;Anaya
-370688;Cantabria;Cantabria;Medio Cudeyo;Anaz
-370695;Galicia;Pontevedra;Ponte Caldelas;Anceu
-370704;Comunidad de Madrid;Comunidad de Madrid;Anchuelo;Anchuelo
-370711;Aragón;Huesca;Benasque;Anciles
-370713;Cantabria;Cantabria;Argoños;Ancillo
-370714;Comunidad Foral de Navarra;Comunidad Foral de Navarra;Ancín / Antzin;Ancín
-370723;País Vasco;Álava;Kuartango;Andagoya
-370725;Castilla y León;Soria;Berlanga de Duero;Andaluz
-370731;Galicia;La Coruña;Touro;Andeade
-370738;Principado de Asturias;Principado de Asturias;Navia;Andés
-370748;País Vasco;Guipúzcoa;Andoain;Andoain
-370749;País Vasco;Álava;Asparrena;Andoín
-370751;Aragón;Teruel;Andorra;Andorra
-370752;Comunidad Foral de Navarra;Comunidad Foral de Navarra;Andosilla;Andosilla
-370756;Galicia;La Coruña;Pontedeume;Andrade
-370757;Islas Baleares;Mallorca;Andratx;Andratx
-370760;Galicia;Pontevedra;Vilanova de Arousa;András
-370764;Principado de Asturias;Principado de Asturias;Llanes;Andrín
-370767;Andalucía;Jaén;Andújar;Andújar
-370769;Castilla y León;Segovia;Añe;Añe
-370770;Aragón;Zaragoza;Anento;Anento
-370771;Cantabria;Cantabria;Ribamontán al Monte;Anero
-370775;Aragón;Huesca;Montanuy;Aneto
-370777;Comunidad Foral de Navarra;Comunidad Foral de Navarra;Berrioplano / Berriobeiti;Añézcar
-370781;Galicia;La Coruña;Brión;Ángeles
-370790;Cataluña;Gerona;Anglès;Anglés
-370792;Galicia;Pontevedra;Ponteareas;Angoares
-370795;Cantabria;Cantabria;Guriezo;Angostina
-370801;La Rioja;La Rioja;Anguciana;Anguciana
-370802;Galicia;Pontevedra;Crecente;Angudes
-370806;Aragón;Huesca;Angüés;Angüés
-370807;La Rioja;La Rioja;Anguiano;Anguiano
-370814;Castilla-La Mancha;Guadalajara;Anguita;Anguita
-370816;Castilla y León;Burgos;Anguix;Anguix
-370827;Aragón;Huesca;Sotonera, La;Aniés
-370838;Aragón;Zaragoza;Aniñón;Ariñón
-370845;Galicia;Lugo;Sober;Anlló
-370846;Comunidad Valenciana;Valencia;Anna;Anna
-370851;Aragón;Zaragoza;Añón de Moncayo;Añón
-370852;Andalucía;Córdoba;Añora;Anora
-370853;Comunidad Foral de Navarra;Comunidad Foral de Navarra;Añorbe;Añorbe
-370854;País Vasco;Guipúzcoa;Donostia / San Sebastián;Antiguo
-370858;Castilla-La Mancha;Toledo;Añover de Tajo;Añover de Tajo
-370860;Comunidad Foral de Navarra;Comunidad Foral de Navarra;Valle de Ollo / Ollaran;Anoz
-370873;Galicia;Orense;Bola, A;Ansemil
-370876;Principado de Asturias;Principado de Asturias;Llanes;Islote Ansión
-370877;Aragón;Huesca;Ansó;Ansó
-370880;Castilla y León;Zamora;Rosinos de la Requejada;Anta de Río conejos
-370882;Andalucía;Almería;Antas;Antas
-370888;Comunidad Valenciana;Valencia;Antella;Antella
-370891;Andalucía;Málaga;Antequera;Antequera
-370897;País Vasco;Álava;Erriberagoitia / Ribera Alta;Antezana de la Ribera
-370899;Islas Canarias;Fuerteventura;Antigua;Costa de Antigua
-370903;Castilla y León;León;Onzonilla;Antimio de Abajo
-370904;Castilla y León;León;Chozas de Abajo;Antimio de Arriba
-370908;Castilla y León;León;Benavides;Antoñán del Valle
-370915;Aragón;Huesca;Caldearenas;Anzánigo
-370920;País Vasco;Guipúzcoa;Antzuola;Anzuola
-370922;Comunidad Foral de Navarra;Comunidad Foral de Navarra;Aoiz / Agoitz;Aoiz
-370929;Andalucía;Almería;Arboleas;Apeadero
-370931;País Vasco;Álava;Arraia-Maeztu;Apellániz
-370933;Aragón;Huesca;Huesca;Apiés
-370938;Galicia;Lugo;Friol;Apregación
-370939;País Vasco;Álava;Kuartango;Aprícano
-370953;País Vasco;Vizcaya;Arakaldo;Aracaldo
-370956;Andalucía;Huelva;Aracena;Aracena
-370961;Islas Canarias;Tenerife;Arafo;Arafo
-370969;Castilla-La Mancha;Guadalajara;Mandayona;Aragosa
-370970;Aragón;Huesca;Pueyo de Araguás, El;Araguás
-370971;Aragón;Huesca;Jaca;Araguás del Solano
-370972;Aragón;Huesca;Aragüés del Puerto;Aragüés del Puerto
-370973;Cataluña;Lérida;Alins;Arahós
-370974;Castilla y León;Segovia;Arahuetes;Arahuetes
-370978;Comunidad Foral de Navarra;Comunidad Foral de Navarra;Allín / Allin;Aramendía
-370980;Principado de Asturias;Principado de Asturias;Siero;Aramil de Arriba
-370985;País Vasco;Vizcaya;Gernika-Lumo;Arana
-370988;Comunidad Foral de Navarra;Comunidad Foral de Navarra;Aranarache / Aranaratxe;Aranarache
-370989;Comunidad Foral de Navarra;Comunidad Foral de Navarra;Arantza;Arantza
-370990;Principado de Asturias;Principado de Asturias;Franco, El;Arancedo
-370993;Castilla y León;Burgos;Aranda de Duero;Aranda de Duero
-371001;Castilla-La Mancha;Cuenca;Arandilla del Arroyo;Arandilla del Arroyo
-371008;Principado de Asturias;Principado de Asturias;Cabrales;Arangas
-371011;País Vasco;Vizcaya;Zalla;Aranguren
-371013;Comunidad de Madrid;Comunidad de Madrid;Aranjuez;Aranjuez
-371014;Galicia;La Coruña;Rianxo;Araño
-371015;Comunidad Foral de Navarra;Comunidad Foral de Navarra;Arano;Arano
-371017;Cataluña;Lérida;Lles de Cerdanya;Aransá
-371018;Cataluña;Lérida;Gavet de la Conca;Aransís
-371022;Comunidad Valenciana;Castellón;Arañuel;Arañuel
-371025;País Vasco;Vizcaya;Arantzazu;Arantzazu
-371028;País Vasco;Guipúzcoa;Oñati;Araoz
-371031;Comunidad Foral de Navarra;Comunidad Foral de Navarra;Aras;Aras
-371032;Aragón;Huesca;Bisaurri;Arasán
-371034;Comunidad Valenciana;Valencia;Aras de los Olmos;Aras de los Olmos
-371035;Aragón;Huesca;Castiello de Jaca;Aratorés
-371039;Galicia;Orense;Lobios;Araujo
-371048;Islas Canarias;Tenerife;Candelaria;Araya
-371050;País Vasco;Álava;Asparrena;Asparrena
-371061;País Vasco;Vizcaya;Orozko;Arbaiza
-371062;Castilla-La Mancha;Guadalajara;Arbancón;Arbancón
-371064;Aragón;Huesca;Siétamo;Arbaniés
-371066;Cataluña;Lérida;Arbeca;Arbeca
-371073;Comunidad Foral de Navarra;Comunidad Foral de Navarra;Arbizu;Arbizu
-371074;Galicia;Pontevedra;Arbo;Arbo
-371079;Andalucía;Almería;Arboleas;Arboleas
-371080;Principado de Asturias;Principado de Asturias;Cabranes;Arboleya
-371085;Cataluña;Tarragona;Arboç, L';L'Arboç
-371087;Cataluña;Gerona;Arbúcies;Arbúcies
-371092;Andalucía;Jaén;Cambil;Arbuniel
-371096;Cataluña;Lérida;Valls de Valira, Les;Arcabell
-371098;Galicia;Pontevedra;Soutomaior;Arcade
-371099;Castilla y León;León;Valdefresno;Arcahueja
-371104;Castilla-La Mancha;Cuenca;Arcas;Arcas
-371110;País Vasco;Álava;Vitoria-Gasteiz;Arkaia
-371114;País Vasco;Vizcaya;Galdames;Arce
-371115;Cantabria;Cantabria;Piélagos;Puente Arce
-371116;Galicia;La Coruña;Santiso;Arcediago
-371124;Región de Murcia;Región de Murcia;Archena;Archena
-371126;Andalucía;Málaga;Árchez;Árchez
-371127;Andalucía;Málaga;Archidona;Archidona
-371131;Región de Murcia;Región de Murcia;Caravaca de la Cruz;Archivel
-371134;Comunidad Foral de Navarra;Comunidad Foral de Navarra;Luzaide / Valcarlos;Archurieta
-371139;País Vasco;Álava;Artziniega;Arciniega
-371146;País Vasco;Vizcaya;Galdakao;Arcocha
-371154;Castilla y León;Segovia;Arcones;Arcones
-371156;Castilla y León;Burgos;Arcos;Arcos
-371157;Galicia;Orense;Vilamartín de Valdeorras;Arcos
-371164;Galicia;La Coruña;Mazaricos;Arcos
-371169;Principado de Asturias;Principado de Asturias;Oviedo;Arcos
-371172;Galicia;Pontevedra;Caldas de Reis;Arcos da Condesa
-371173;Castilla y León;Soria;Arcos de Jalón;Arcos de Jalón
-371174;Castilla-La Mancha;Cuenca;Chillarón de Cuenca;Arcos de la Cantera
-371175;Andalucía;Cádiz;Arcos de la Frontera;Arcos de la Frontera
-371178;Aragón;Teruel;Arcos de las Salinas;Arcos de las Salinas
-371181;Comunidad Foral de Navarra;Comunidad Foral de Navarra;Erro;Ardaiz
-371183;Andalucía;Málaga;Ardales;Ardales
-371186;Galicia;Pontevedra;Marín;Ardán
-371189;Comunidad Foral de Navarra;Comunidad Foral de Navarra;Valle de Egüés / Eguesibar;Ardanaz
-371191;Cataluña;Tarragona;Riera de Gaià, La;Ardenya
-371195;Galicia;Pontevedra;Grove, O;Ardia
-371199;Principado de Asturias;Principado de Asturias;Ribadesella;Ardines
-371201;Principado de Asturias;Principado de Asturias;Llanes;Ardisana
-371203;Castilla y León;León;Ardón;Ardón
-371204;Castilla y León;León;Chozas de Abajo;Ardoncino
-371210;Galicia;Pontevedra;Tui;Areas
-371211;Galicia;Pontevedra;Ponteareas;Áreas
-371214;País Vasco;Álava;Vitoria-Gasteiz;Arechavaleta
-371215;País Vasco;Guipúzcoa;Aretxabaleta;Aretxabaleta
-371216;Islas Canarias;La Palma;Tijarafe;Arecida
-371221;Comunidad Foral de Navarra;Comunidad Foral de Navarra;Arellano;Arellano
-371229;Cantabria;Cantabria;Penagos;Arenal
-371239;Andalucía;Málaga;Arenas;Arenas
-371240;Principado de Asturias;Principado de Asturias;Piloña;Arenas
-371247;Cantabria;Cantabria;Arenas de Iguña;Arenas de Iguña
-371248;Andalucía;Granada;Arenas del Rey;Arenas del Rey
-371249;Castilla-La Mancha;Ciudad Real;Arenas de San Juan;Arenas de San Juan
-371250;Castilla y León;Ávila;Arenas de San Pedro;Arenas de San Pedro
-371271;Aragón;Teruel;Arens de Lledó;Arens de Lledó
-371275;Cataluña;Barcelona;Arenys de Mar;Arenys de Mar
-371276;Cataluña;Barcelona;Arenys de Munt;Arenys de Munt
-371277;La Rioja;La Rioja;Arenzana de Abajo;Arenzana de Abajo
-371279;Cataluña;Lérida;Alins;Àreu
-371282;Galicia;La Coruña;Ares;Ares
-371287;Comunidad Valenciana;Castellón;Ares del Maestrat;Ares del Maestre
-371288;Comunidad Foral de Navarra;Comunidad Foral de Navarra;Areso;Areso
-371294;Castilla y León;Ávila;Arévalo;Arévalo
-371295;Castilla y León;Soria;Arévalo de la Sierra;Arévalo de la Sierra
-371296;Cataluña;Lérida;Ribera d'Urgellet;Arfa
-371306;Castilla-La Mancha;Ciudad Real;Argamasilla de Alba;Argamasilla de Alba
-371307;Castilla-La Mancha;Ciudad Real;Argamasilla de Calatrava;Argamasilla de Calatrava
-371309;Principado de Asturias;Principado de Asturias;Morcín;Argamé
-371310;Islas Canarias;Lanzarote;Arrecife;Argana
-371312;Comunidad de Madrid;Comunidad de Madrid;Arganda del Rey;Arganda del Rey
-371313;Principado de Asturias;Principado de Asturias;Piloña;Argandenes
-371317;Principado de Asturias;Principado de Asturias;Illas;Argañosa
-371322;Castilla y León;León;Arganza;Arganza
-371333;Cataluña;Gerona;Argelaguer;Argelaguer
-371335;Galicia;La Coruña;Lousame;Argellas
-371340;Cataluña;Tarragona;Argentera, L';Argentera
-371342;Cataluña;Barcelona;Argentona;Argentona
-371343;Castilla-La Mancha;Toledo;Cobisa;Argés
-371345;Cataluña;Lérida;Montferrer i Castellbò;Argestues
-371352;País Vasco;Álava;Elburgo / Burgelu;Argómaniz
-371355;Cantabria;Cantabria;Santa María de Cayón;Argomilla
-371358;Cantabria;Cantabria;Argoños;Argoños
-371361;Castilla y León;León;Crémenes;Argovejo
-371362;Galicia;Lugo;Chantada;Argozón
-371363;Islas Canarias;La Palma;Llanos de Aridane, Los;Argual
-371365;Islas Canarias;Tenerife;Santiago del Teide;Arguayo
-371366;Cantabria;Cantabria;Camaleño;Arguebanes
-371367;Comunidad Foral de Navarra;Comunidad Foral de Navarra;Arguedas;Arguedas
-371368;Cantabria;Cantabria;Valdáliga;Arguedes
-371370;Castilla-La Mancha;Albacete;Yeste;Arguellite
-371371;Principado de Asturias;Principado de Asturias;Villaviciosa;Argüero
-371372;Cantabria;Cantabria;Hermandad de Campoo de Suso;Argüeso
-371373;Castilla y León;Soria;Póveda de Soria, La;Arguijo
-371378;Aragón;Huesca;Arguis;Arguis
-371380;Aragón;Huesca;Biescas;Arguisal
-371386;Comunidad Foral de Navarra;Comunidad Foral de Navarra;Aria;Aria
-371387;Islas Baleares;Mallorca;Ariany;Ariany
-371388;Castilla-La Mancha;Guadalajara;Tierzo;Arias
-371390;Islas Canarias;Tenerife;Arico;Arico el Nuevo
-371391;Islas Canarias;Tenerife;Arico;Arico Viejo
-371393;Castilla y León;León;Riello;Pandorado
-371396;Castilla y León;Burgos;Arija;Arija
-371399;Islas Canarias;Gran Canaria;Agüimes;Arinaga
-371411;Galicia;Pontevedra;Poio;Arís
-371413;Castilla-La Mancha;Toledo;Orgaz;Arisgotas
-371416;Cataluña;Lérida;Pont de Bar, El;Aristot
-371417;Comunidad Foral de Navarra;Comunidad Foral de Navarra;Juslapeña;Arístregui
-371419;Comunidad Foral de Navarra;Comunidad Foral de Navarra;Aribe;Aribe
-371420;Aragón;Zaragoza;Ariza;Ariza
-371424;Comunidad Foral de Navarra;Comunidad Foral de Navarra;Baztan;Arizcun
-371425;País Vasco;Vizcaya;Basauri;Basauri
-371428;Andalucía;Jaén;Arjona;Arjona
-371429;Andalucía;Jaén;Arjonilla;Arjonilla
-371430;Castilla y León;León;Bembibre;Arlanza
-371432;Castilla y León;Burgos;Arlanzón;Arlanzón
-371447;Cataluña;Gerona;Palafrugell;Armadás
-371448;Principado de Asturias;Principado de Asturias;Boal;Armal
-371449;Castilla-La Mancha;Guadalajara;Armallones;Armallones
-371451;Comunidad Foral de Navarra;Comunidad Foral de Navarra;Armañanzas;Armañanzas
-371453;Cantabria;Cantabria;Cillorigo de Liébana;Armaño
-371455;Galicia;Orense;Xunqueira de Ambía;Armariz
-371456;Galicia;Orense;Nogueira de Ramuín;Armariz
-371457;Principado de Asturias;Principado de Asturias;Cudillero;Armayor
-371469;Cataluña;Gerona;Armentera, L';Armentera
-371470;Galicia;Pontevedra;Meis;Armentera
-371474;País Vasco;Álava;Vitoria-Gasteiz;Armentia
-371477;Galicia;Orense;Maside;Armeses
-371480;Principado de Asturias;Principado de Asturias;Mieres;Armiello
-371484;Andalucía;Granada;Armilla;Armilla
-371486;País Vasco;Álava;Armiñón;Armiñón
-371487;País Vasco;Vizcaya;Lemoiz;Arminza
-371490;Castilla y León;Segovia;Armuña;Armuña
-371492;Castilla-La Mancha;Guadalajara;Armuña de Tajuña;Armuña de Tajuña
-371494;Castilla y León;León;León;Armunia
-371496;Galicia;Orense;Barco de Valdeorras, O;Arnado
-371497;Castilla y León;León;Oencia;Arnado
-371499;Principado de Asturias;Principado de Asturias;Castrillón;Arnao
-371503;La Rioja;La Rioja;Arnedillo;Arnedillo
-371504;La Rioja;La Rioja;Arnedo;Arnedo
-371507;Galicia;Pontevedra;Vila de Cruces;Arnego
-371511;Cataluña;Tarragona;Arnes;Arnes
-371512;Comunidad Valenciana;Alicante;Orihuela;Arneva
-371516;Galicia;Pontevedra;Ponteareas;Arnoso
-371519;Galicia;Orense;Arnoia, A;Arnoia
-371521;Cantabria;Cantabria;Arnuero;Arnuero
-371522;Galicia;Orense;Vilar de Barrio;Arnuid
-371526;Principado de Asturias;Principado de Asturias;Parres;Arobes
-371527;Andalucía;Huelva;Aroche;Aroche
-371531;Islas Canarias;Tenerife;Arona;Arona
-371532;Galicia;Pontevedra;Illa de Arousa, A;Isla de Arosa
-371534;Comunidad Foral de Navarra;Comunidad Foral de Navarra;Atez / Atetz;Aróstegui
-371535;País Vasco;Vizcaya;Dima;Arosteguieta
-371536;Galicia;La Coruña;Camariñas;Arou
-371544;Andalucía;Jaén;Arquillos;Arquillos
-371546;Galicia;Pontevedra;Sanxenxo;Arra
-371550;Cataluña;Tarragona;Tortosa;Arrabal de Jesús
-371551;Cataluña;Tarragona;Tortosa;Arrabal de la Leche
-371552;Castilla y León;Salamanca;Ciudad Rodrigo;Arrabal del Puente
-371553;Castilla y León;Valladolid;Portillo;Arrabal de Portillo
-371555;Galicia;Orense;Punxín;Arrabaldo
-371558;País Vasco;Vizcaya;Lemoa;Arraibi
-371560;Comunidad Foral de Navarra;Comunidad Foral de Navarra;Ultzama;Arraiz-Orquín
-371569;Comunidad Foral de Navarra;Comunidad Foral de Navarra;Baztan;Arráyoz
-371571;País Vasco;Vizcaya;Atxondo;Arrázola
-371574;Islas Canarias;Lanzarote;Arrecife;Arrecife
-371579;Cantabria;Cantabria;Arredondo;Arredondo
-371581;Cataluña;Lérida;Vilamòs;Arrés
-371584;País Vasco;Álava;Vitoria-Gasteiz;Arriaga
-371587;Andalucía;Málaga;Arriate;Arriate
-371588;Galicia;Lugo;Saviñao, O;Arriba
-371590;Principado de Asturias;Principado de Asturias;Villaviciosa;Arriba
-371595;Islas Canarias;Lanzarote;Haría;Arrieta
-371601;País Vasco;Guipúzcoa;Zegama;Arrietas
-371602;País Vasco;Vizcaya;Arrigorriaga;Arrigorriaga
-371608;Principado de Asturias;Principado de Asturias;Parres;Arriondas
-371612;Aragón;Huesca;Aínsa-Sobrarbe;Arro
-371613;Cataluña;Lérida;Vilamòs;Arró
-371617;Principado de Asturias;Principado de Asturias;Villaviciosa;Arroes
-371622;Principado de Asturias;Principado de Asturias;Quirós;Arrojo
-371623;Principado de Asturias;Principado de Asturias;Taramundi;Arrojo
-371625;Galicia;Lugo;Mondoñedo;Arrojo
-371630;Comunidad Foral de Navarra;Comunidad Foral de Navarra;Arróniz;Arróniz
-371632;Cantabria;Cantabria;Riotuerto;Arronte
-371634;Cataluña;Lérida;Vielha e Mijaran;Arrós
-371636;Andalucía;Jaén;Villacarrillo;Arroturas
-371640;Andalucía;Huelva;Almonaster la Real;Arroyo
-371641;Castilla y León;Valladolid;Arroyo de la Encomienda;Arroyo de la Encomienda
-371644;Cantabria;Cantabria;Santillana del Mar;Arroyo
-371650;Castilla y León;Segovia;Cuéllar;Arroyo de Cuéllar
-371652;Extremadura;Cáceres;Arroyo de la Luz;Arroyo de la Luz
-371653;Andalucía;Málaga;Benalmádena;Arroyo de la Miel
-371654;Andalucía;Sevilla;Castillo de las Guardas, El;Arroyo de la Plata
-371655;Castilla-La Mancha;Guadalajara;Arroyo de las Fraguas;Arroyo de las Fraguas
-371658;Andalucía;Jaén;Arroyo del Ojanco;Arroyo del Ojanco
-371664;Castilla-La Mancha;Albacete;Riópar;Arroyofrío
-371668;Comunidad de Madrid;Comunidad de Madrid;Arroyomolinos;Arroyomolinos
-371669;Extremadura;Cáceres;Arroyomolinos de la Vera;Arroyomolinos de la Vera
-371670;Andalucía;Huelva;Arroyomolinos de León;Arroyomolinos de León
-371671;Extremadura;Cáceres;Arroyomolinos;Arroyomolinos de Montánchez
-371672;Castilla y León;Salamanca;San Miguel del Robledo;San Miguel del Robledo
-371673;Andalucía;Granada;Montefrío;Arroyo-Pinares
-371684;Comunidad Foral de Navarra;Comunidad Foral de Navarra;Arruazu;Arruazu
-371685;La Rioja;La Rioja;Arrúbal;Arrúbal
-371689;Islas Baleares;Mallorca;Artà;Artà
-371696;Comunidad Foral de Navarra;Comunidad Foral de Navarra;Lónguida / Longida;Artajo
-371697;Comunidad Foral de Navarra;Comunidad Foral de Navarra;Artajona;Artajona
-371699;Comunidad Valenciana;Castellón;Artana;Artana
-371701;Comunidad Foral de Navarra;Comunidad Foral de Navarra;Leoz / Leotz;Artariáin
-371706;Comunidad Foral de Navarra;Comunidad Foral de Navarra;Améscoa Baja;Artaza
-371708;Comunidad Foral de Navarra;Comunidad Foral de Navarra;Cendea de Olza / Oltza Zendea;Artázcoz
-371709;Comunidad Foral de Navarra;Comunidad Foral de Navarra;Artazu;Artazu
-371716;Islas Canarias;Gran Canaria;San Bartolomé de Tirajana;Artedara
-371717;Principado de Asturias;Principado de Asturias;Cudillero;Artedo
-371719;Galicia;La Coruña;Arteixo;Arteixo
-371721;Islas Canarias;Gran Canaria;Artenara;Artenara
-371723;Cataluña;Barcelona;Artés;Artés
-371724;Galicia;La Coruña;Ribeira;Artes
-371725;Galicia;La Coruña;Carballo;Artes
-371726;Comunidad Valenciana;Castellón;Oropesa del Mar / Orpesa;Artesa
-371727;Cataluña;Lérida;Lleida;Artesa de Lérida
-371728;Cataluña;Lérida;Artesa de Segre;Artesa de Segre
-371734;Comunidad Foral de Navarra;Comunidad Foral de Navarra;Iza / Itza;Artica
-371737;Aragón;Zaragoza;Sigüés;Artieda
-371738;Comunidad Foral de Navarra;Comunidad Foral de Navarra;Urraul Bajo;Artieda
-371739;Cataluña;Lérida;Naut Aran;Arties
-371745;Aragón;Huesca;Jaca;Artó
-371747;País Vasco;Álava;Amurrio;Artómaña
-371749;Galicia;Pontevedra;Agolada;Artoño
-371750;Principado de Asturias;Principado de Asturias;Valdés;La Artosa
-371751;Islas Canarias;Gran Canaria;Arucas;Arucas
-371753;Islas Canarias;La Gomera;Valle Gran Rey;Arure
-371761;Galicia;La Coruña;Arzúa;Arzúa
-371762;Galicia;La Coruña;Arzúa;Santa María de Arzúa
-371766;Galicia;La Coruña;Rianxo;Asados
-371769;Galicia;La Coruña;Malpica de Bergantiños;Asalo
-371772;Aragón;Huesca;Jaca;Ascara
-371776;Aragón;Huesca;Boltaña;Ascaso
-371777;Cataluña;Tarragona;Ascó;Ascó
-371784;Comunidad Foral de Navarra;Comunidad Foral de Navarra;Cendea de Olza / Oltza Zendea;Asiáin
-371785;Principado de Asturias;Principado de Asturias;Cabrales;Asiego
-371788;Aragón;Huesca;Broto;Asín de Broto
-371792;Galicia;Lugo;Chantada;Asma
-371798;Cataluña;Lérida;Valls de Valira, Les;Asnurri
-371799;Aragón;Huesca;Biescas;Aso de Sobremonte
-371808;Comunidad Valenciana;Alicante;Aspe;Aspe
-371812;Comunidad Valenciana;Alicante;Elche / Elx;Asprillas
-371815;Aragón;Huesca;Colungo;Asque
-371820;País Vasco;Guipúzcoa;Asteasu;Asteasu
-371825;País Vasco;Guipúzcoa;Astigarraga;Astigarraga
-371834;Castilla y León;León;Astorga;Astorga
-371840;Castilla y León;Palencia;Astudillo;Astudillo
-371841;País Vasco;Álava;Valdegovía / Gaubea;Astúlez
-371843;Castilla y León;Zamora;Rosinos de la Requejada;Asturianos
-371849;Andalucía;Málaga;Atajate;Atajate
-371869;Andalucía;Málaga;Viñuela;Atalayas
-371874;Andalucía;Granada;Busquístar;Atalbéitar
-371876;Región de Murcia;Región de Murcia;Cartagena;Atamaría
-371879;Castilla y León;Burgos;Atapuerca;Atapuerca
-371880;Castilla y León;Valladolid;Ataquines;Ataquines
-371882;Andalucía;Granada;Atarfe;Atarfe
-371887;Castilla y León;Soria;San Esteban de Gormaz;Atauta
-371889;Aragón;Zaragoza;Ateca;Ateca
-371891;Castilla-La Mancha;Guadalajara;Atienza;Atienza
-371895;Islas Canarias;Tenerife;Granadilla de Abona;Atogo
-371896;Comunidad Foral de Navarra;Comunidad Foral de Navarra;Iza / Itza;Atondo
-371903;Cataluña;Lérida;Vielha e Mijaran;Aubert
-371910;Andalucía;Jaén;Bélmez de la Moraleda;Aulabar
-371915;País Vasco;Vizcaya;Aulesti;Aulestia
-371918;Castilla-La Mancha;Guadalajara;Auñón;Auñón
-371933;La Rioja;La Rioja;Autol;Autol
-371943;Castilla y León;Zamora;Cobreros;Avedillo de Sanabria
-371950;Castilla y León;Ávila;Avellaneda;Avellaneda
-371952;País Vasco;Vizcaya;Sopuerta;Avellaneda
-371955;Cataluña;Lérida;Avellanes i Santa Linya, Les;Avellanes
-371964;Cataluña;Barcelona;Avià;Aviá
-371972;Castilla y León;Ávila;Ávila;Ávila
-371974;Principado de Asturias;Principado de Asturias;Avilés;Avilés
-371978;Región de Murcia;Región de Murcia;Murcia;Avileses
-371980;Principado de Asturias;Principado de Asturias;Onís;Avín
-371982;Cataluña;Gerona;Avinyonet de Puigventós;Avinyonet de Puigventós
-371983;Cataluña;Barcelona;Avinyó;Avinyó
-371984;Cataluña;Barcelona;Avinyonet del Penedès;Avinyonet
-371991;País Vasco;Vizcaya;Atxondo;Atxondo
-371992;País Vasco;Vizcaya;Busturia;Axpe de Busturia
-371997;Andalucía;Huelva;Ayamonte;Ayamonte
-371998;País Vasco;Vizcaya;Berriz;Ayarza
-372002;Cataluña;Lérida;Llavorsí;Aidi
-372003;Comunidad Foral de Navarra;Comunidad Foral de Navarra;Ayegui / Aiegi;Ayegui
-372004;Comunidad Valenciana;Valencia;Aielo de Malferit;Ayelo de Malferit
-372005;Comunidad Valenciana;Valencia;Aielo de Rugat;Ayelo de Rugat
-372007;Aragón;Huesca;Ayerbe;Ayerbe
-372009;Comunidad Foral de Navarra;Comunidad Foral de Navarra;Ezprogui;Ayesa
-372010;Cataluña;Barcelona;Aiguafreda;Aiguafreda
-372012;Castilla y León;Segovia;Ayllón;Ayllón
-372014;Castilla-La Mancha;Albacete;Ayna;Ayna
-372015;Comunidad Valenciana;Castellón;Ayódar;Ayódar
-372020;Comunidad Valenciana;Valencia;Ayora;Ayora
-372022;Cataluña;Lérida;Aitona;Aitona
-372025;Cantabria;Cantabria;Udías;Ayuela
-372027;Castilla y León;Burgos;Miranda de Ebro;Ayuelas
-372031;Extremadura;Cáceres;Casar de Palomero;Azabal
-372032;País Vasco;Álava;Arraia-Maeztu;Azáceta
-372037;Comunidad Valenciana;Alicante;Crevillent;Azafá
-372041;Comunidad Foral de Navarra;Comunidad Foral de Navarra;Azagra;Azagra
-372045;Islas Canarias;Tenerife;Santa Cruz de Tenerife;Azano
-372047;Aragón;Huesca;Azanuy-Alins;Azanúy
-372048;Comunidad Foral de Navarra;Comunidad Foral de Navarra;Goñi;Azanza
-372053;La Rioja;La Rioja;Ezcaray;Azarrulla
-372055;Comunidad Foral de Navarra;Comunidad Foral de Navarra;Araitz;Azcárate
-372060;País Vasco;Guipúzcoa;Azkoitia;Azcoitia
-372061;Comunidad Foral de Navarra;Comunidad Foral de Navarra;Valle de Yerri / Deierri;Azcona
-372066;Andalucía;Sevilla;Aznalcázar;Aznalcázar
-372067;Andalucía;Sevilla;Castillo de las Guardas, El;Aznalcóllar
-372068;La Rioja;La Rioja;Azofra;Azofra
-372069;Cantabria;Cantabria;Santa Cruz de Bezana;Azoños
-372075;Comunidad Foral de Navarra;Comunidad Foral de Navarra;Arce / Artzi;Azparren
-372076;País Vasco;Guipúzcoa;Azpeitia;Azpeitia
-372080;Comunidad Foral de Navarra;Comunidad Foral de Navarra;Igúzquiza;Azqueta
-372081;País Vasco;Guipúzcoa;Getaria;Azquizu
-372084;Extremadura;Badajoz;Azuaga;Azuaga
-372085;Aragón;Zaragoza;Azuara;Azuara
-372086;Castilla-La Mancha;Toledo;Toledo;Azucaica
-372088;Comunidad Valenciana;Castellón;Azuébar;Azuébar
-372089;Andalucía;Córdoba;Cardeña;Azuel
-372090;Comunidad Foral de Navarra;Comunidad Foral de Navarra;Azuelo;Azuelo
-372096;Castilla-La Mancha;Guadalajara;Azuqueca de Henares;Azuqueca de Henares
-372101;Galicia;Lugo;Begonte;Baamonde
-372106;Castilla y León;Salamanca;Babilafuente;Babilafuente
-372108;Comunidad Foral de Navarra;Comunidad Foral de Navarra;Bakaiku;Bacáicoa
-372112;Andalucía;Almería;Bacares;Bacarés
-372114;Comunidad Valenciana;Alicante;Alicante / Alacant;Bacarot
-372117;Andalucía;Granada;Guadix;Bácor
-372118;Galicia;Lugo;Alfoz;Bacoy
-372121;Principado de Asturias;Principado de Asturias;Parres;Bada
-372122;Aragón;Huesca;Jaca;Badaguás
-372123;Aragón;Huesca;Tella-Sin;Badaín
-372124;Extremadura;Badajoz;Badajoz;Badajoz
-372126;Cataluña;Barcelona;Badalona;Badalona
-372128;Cantabria;Cantabria;Voto;Bádames
-372129;La Rioja;La Rioja;Badarán;Badarán
-372131;Aragón;Teruel;Bádenas;Bádenas
-372132;Galicia;La Coruña;Muros;Badernado
-372134;Andalucía;Sevilla;Badolatosa;Badolatosa
-372139;Andalucía;Córdoba;Baena;Baena
-372141;Andalucía;Jaén;Baeza;Baeza
-372143;Comunidad de Madrid;Comunidad de Madrid;Torrejón de Ardoz;Baezuela
-372144;Cataluña;Barcelona;Bagà;Bagá
-372145;Cataluña;Lérida;Naut Aran;Bagergue
-372151;Aragón;Teruel;Báguena;Báguena
-372154;Cataluña;Gerona;Begur;Begur
-372160;Principado de Asturias;Principado de Asturias;Valdés;Bahinas
-372164;Castilla-La Mancha;Guadalajara;Baides;Baides
-372167;Andalucía;Jaén;Bailén;Bailén
-372170;Aragón;Huesca;Bailo;Bailo
-372174;Galicia;La Coruña;Vimianzo;Baíñas
-372176;Galicia;Orense;Beariz;Baiste
-372182;Islas Canarias;Tenerife;Tegueste;Bajamar
-372185;Castilla y León;Burgos;Condado de Treviño;Bajauri
-372204;Cataluña;Lérida;Balaguer;Balaguer
-372211;Castilla-La Mancha;Albacete;Balazote;Balazote
-372217;Castilla y León;León;Balboa;Balboa
-372218;Galicia;Lugo;Monterroso;Balboa
-372220;Galicia;Lugo;Trabada;Balboa
-372222;Andalucía;Granada;Puebla de Don Fadrique;Balcones
-372227;Aragón;Huesca;Baldellou;Baldellou
-372231;Comunidad Valenciana;Valencia;Alpuente;Baldovar
-372232;Galicia;Pontevedra;Tui;Baldranes
-372236;Islas Baleares;Mallorca;Palma de Mallorca;Islas Baleares
-372239;Andalucía;Almería;Ejido, El;Balerma
-372246;Comunidad Valenciana;Castellón;Pobla de Benifassà, la;Ballestar
-372255;Aragón;Huesca;Ballobar;Ballobar
-372256;Principado de Asturias;Principado de Asturias;Cudillero;Ballota
-372283;Cataluña;Barcelona;Balsareny;Balsareny
-372284;Comunidad Valenciana;Alicante;Elche / Elx;Balsares
-372285;Galicia;Pontevedra;Vilaboa;Balseiro
-372287;Región de Murcia;Región de Murcia;Torre-Pacheco;Balsicas
-372290;Castilla y León;Palencia;Baltanás;Baltanás
-372293;Galicia;Lugo;Pastoriza, A;Baltar
-372297;Andalucía;Granada;Zubia, La;Balzáin
-372298;Galicia;La Coruña;Touro;Bama
-372301;Galicia;Pontevedra;Vilagarcía de Arousa;Bamio
-372302;Galicia;La Coruña;Vimianzo;Bamiro
-372305;Aragón;Huesca;Jaca;Banaguás
-372306;Islas Baleares;Mallorca;Banyalbufar;Banyalbufar
-372308;La Rioja;La Rioja;Bañares;Bañares
-372314;Islas Canarias;La Gomera;Agulo;Banda de las Rosas
-372317;Galicia;Orense;Bande;Bande
-372319;Galicia;Pontevedra;Silleda;Bandeira
-372324;Cataluña;Tarragona;Banyeres del Penedès;Banyeres del Penedés
-372326;Comunidad Valenciana;Alicante;Banyeres de Mariola;Banyeres de Mariola
-372333;Galicia;Pontevedra;Valga;Baño
-372336;Castilla y León;Salamanca;Bañobárez;Bañobárez
-372337;Cataluña;Gerona;Banyoles;Banyoles
-372349;País Vasco;Álava;Villabuena de Álava / Eskuernaga;Baños de Ebro
-372350;Andalucía;Jaén;Baños de la Encina;Baños de la Encina
-372353;Galicia;Orense;Baños de Molgas;Baños de Molgas
-372354;Extremadura;Cáceres;Baños de Montemayor;Baños de Montemayor
-372357;La Rioja;La Rioja;Baños de Rioja;Baños de Rioja
-372358;La Rioja;La Rioja;Baños de Río Tobía;Baños de Río Tobía
-372361;Castilla y León;Burgos;Baños de Valdearados;Baños de Valdearados
-372362;Andalucía;Málaga;Periana;Baños de Vilo
-372375;Principado de Asturias;Principado de Asturias;Gozón;Bañugues
-372382;Principado de Asturias;Principado de Asturias;Gijón;Baones
-372388;Comunidad Foral de Navarra;Comunidad Foral de Navarra;Améscoa Baja;Baquedano
-372397;Castilla y León;Soria;Baraona;Barahona
-372399;Comunidad Foral de Navarra;Comunidad Foral de Navarra;Larraun;Baráibar
-372400;País Vasco;Vizcaya;Nabarniz;Barainca
-372401;Castilla y León;Ávila;Navarredonda de Gredos;Barajas de Gredos
-372403;Castilla-La Mancha;Cuenca;Barajas de Melo;Barajas de Melo
-372406;Galicia;Lugo;Baralla;Baralla
-372410;Comunidad Foral de Navarra;Comunidad Foral de Navarra;Pamplona / Iruña;Barañáin
-372411;Castilla y León;Burgos;Merindad de Montija;Baranda
-372414;Galicia;Lugo;Sober;Barantes
-372415;Comunidad Foral de Navarra;Comunidad Foral de Navarra;Barásoain;Barásoain
-372423;Castilla y León;Burgos;Barbadillo de Herreros;Barbadillo de Herreros
-372424;Castilla y León;Burgos;Barbadillo del Mercado;Barbadillo del Mercado
-372425;Castilla y León;Burgos;Barbadillo del Pez;Barbadillo del Pez
-372432;Galicia;Orense;Cenlle;Barbantes
-372438;Cataluña;Tarragona;Barberà de la Conca;Barbará
-372440;Comunidad Foral de Navarra;Comunidad Foral de Navarra;Barbarin;Barbarin
-372442;Comunidad Valenciana;Alicante;Orihuela;Barbarroja
-372446;Aragón;Huesca;Barbastro;Barbastro
-372449;Andalucía;Cádiz;Barbate;Barbate
-372450;Castilla-La Mancha;Guadalajara;Sigüenza;Barbatona
-372457;Cataluña;Lérida;Barbens;Barbens
-372465;Galicia;Pontevedra;Ponte Caldelas;Barbudo
-372485;Galicia;Pontevedra;Arbo;Barcela
-372490;Cataluña;Barcelona;Barcelona;Barcelona
-372495;Cantabria;Cantabria;Alfoz de Lloredo;Bárcena
-372502;Cantabria;Cantabria;Reocín;Barcenaciones
-372506;Cantabria;Cantabria;Bárcena de Cicero;Bárcena de Cicero
-372507;Cantabria;Cantabria;Miengo;Bárcena de Cudón
-372508;Cantabria;Cantabria;Valderredible;Bárcena de Ebro
-372512;Cantabria;Cantabria;Bárcena de Pie de Concha;Bárcena de Pie de Concha
-372515;Cantabria;Cantabria;Tojos, Los;Bárcena Mayor
-372516;Castilla y León;Burgos;Espinosa de los Monteros;Bárcenas
-372518;Cantabria;Cantabria;Piélagos;Barcenilla
-372521;Castilla y León;Burgos;Merindad de Montija;Barcenillas del Ribeiro
-372526;Comunidad Valenciana;Valencia;Barxeta;Barxeta
-372530;Galicia;Orense;Melón;Barcia
-372532;Galicia;Lugo;Navia de Suarna;Barcia
-372533;Principado de Asturias;Principado de Asturias;Valdés;Barcia
-372535;Galicia;Pontevedra;Covelo;Barciademera
-372537;Castilla y León;Zamora;Barcial del Barco;Barcial del Barco
-372543;Castilla y León;Burgos;Valle de Tobalina;Barcina del Barco
-372545;Andalucía;Granada;Iznalloz;Barcinas
-372556;Galicia;La Coruña;Moeche;Bardaos
-372562;Galicia;Pontevedra;Baiona;Baredo
-372564;País Vasco;Vizcaya;Sopela;Bareño
-372565;Galicia;La Coruña;Mañón;Bares
-372567;Cantabria;Cantabria;Bareyo;Bareyo
-372570;Castilla-La Mancha;Toledo;Bargas;Bargas
-372577;Comunidad Foral de Navarra;Comunidad Foral de Navarra;Bargota;Bargota
-372578;Comunidad Valenciana;Valencia;Barx;Barx
-372581;Región de Murcia;Región de Murcia;Abanilla;Barinas
-372582;Comunidad Foral de Navarra;Comunidad Foral de Navarra;Améscoa Baja;Baríndano
-372584;Galicia;La Coruña;Malpica de Bergantiños;Barizo
-372595;Castilla y León;León;Barjas;Barjas
-372598;Islas Canarias;La Palma;Barlovento;Barlovento
-372602;Castilla y León;León;Boca de Huérgano;Barniedo de la Reina
-372604;Cantabria;Cantabria;Camaleño;Baró
-372609;Aragón;Huesca;Jaca;Barós
-372622;Comunidad Valenciana;Valencia;Alzira;Barraca de Aguas Vivas
-372623;Comunidad Valenciana;Castellón;Barracas;Barracas
-372626;Castilla y León;Ávila;Barraco, El;El Barraco
-372629;Extremadura;Cáceres;Barrado;Barrado
-372632;Galicia;Lugo;Barreiros;Barral
-372646;Región de Murcia;Región de Murcia;Águilas;Barranco de los Lobos
-372649;Islas Canarias;Tenerife;Santa Cruz de Tenerife;Barranco Grande
-372650;Islas Canarias;Tenerife;Rosario, El;Barranco Hondo
-372659;Región de Murcia;Región de Murcia;Caravaca de la Cruz;Barranda
-372663;Galicia;Pontevedra;Tomiño;Barrantes
-372664;Galicia;Pontevedra;Meis;Barrantes
-372670;Cantabria;Cantabria;Pesaguero;Barreda
-372671;Cantabria;Cantabria;Torrelavega;Barreda
-372676;Principado de Asturias;Principado de Asturias;Ribadesella;Barredo
-372677;Principado de Asturias;Principado de Asturias;Llanera;Barredo
-372682;Galicia;Lugo;Castroverde;Barreiros
-372684;Galicia;Lugo;Barreiros;Barreiros
-372691;Principado de Asturias;Principado de Asturias;Castropol;Barres
-372692;Cataluña;Barcelona;Badalona;Barriada Artigas
-372693;Islas Canarias;Tenerife;Santa Cruz de Tenerife;Barriada de San Pio X
-372695;Islas Canarias;La Palma;Paso, El;Barrial
-372703;País Vasco;Álava;Valdegovía / Gaubea;Barrio
-372704;Cantabria;Cantabria;Hermandad de Campoo de Suso;Barrio
-372708;Comunidad Valenciana;Valencia;Requena;Barrio Arroyo
-372718;Cantabria;Cantabria;Valdeprado del Río;Barrio de Arriba
-372722;Castilla y León;Burgos;Barrios de Bureba, Los;Barrios de Bureba, Los
-372725;Andalucía;Cádiz;Puerto Real;Barrio de Jarana
-372727;Región de Murcia;Región de Murcia;Cartagena;Barrio de la Concepción
-372730;Cantabria;Cantabria;Ruiloba;Ruiloba
-372733;Comunidad Valenciana;Alicante;Redován;Barrio de las Cuevas
-372737;Andalucía;Granada;Monachil;Barrio de la Vega
-372742;Castilla y León;Zamora;Cobreros;Barrio de Lomba
-372745;Región de Murcia;Región de Murcia;Cartagena;Barrio de Peral
-372746;Andalucía;Almería;Carboneras;Barrio de Pescadores
-372753;Región de Murcia;Región de Murcia;Murcia;Barrio Los Jerónimos
-372754;Comunidad Valenciana;Castellón;Chilches / Xilxes;Barrio-Mar
-372757;Islas Canarias;Tenerife;Santa Cruz de Tenerife;Barrio Nuevo
-372758;Cantabria;Cantabria;Polanco;Barrio Obrero
-372762;Castilla-La Mancha;Guadalajara;Barriopedro;Barriopedro
-372763;Comunidad Valenciana;Alicante;Mutxamel;Barrio Peñacerrada
-372767;Castilla y León;Palencia;Villaluenga de la Vega;Barrios de la Vega
-372769;Castilla y León;Burgos;Santibáñez del Val;Barriosuso Del Val
-372773;Galicia;Pontevedra;Barro;Barro
-372774;Galicia;La Coruña;Noia;Barro
-372776;Principado de Asturias;Principado de Asturias;Llanes;Barro
-372780;País Vasco;Álava;Erriberagoitia / Ribera Alta;Barrón
-372781;Cantabria;Cantabria;San Felices de Buelna;Barros
-372785;Galicia;Lugo;Foz;Barrosa
-372796;Castilla y León;Palencia;Barruelo de Santullán;Barruelo de Santullán
-372797;Cataluña;Lérida;Vall de Boí, La;Barruera
-372801;Principado de Asturias;Principado de Asturias;Quirós;Bárzana
-372804;Principado de Asturias;Principado de Asturias;Belmonte de Miranda;Bárzana
-372809;Cataluña;Gerona;Vall d'en Bas, La;Bas
-372816;Castilla y León;Segovia;Basardilla;Basardilla
-372819;Cataluña;Gerona;Pontós;Báscara
-372832;Galicia;Pontevedra;Vila de Cruces;Bascuas
-372841;Cataluña;Lérida;Bassella;Basella
-372844;Galicia;Lugo;Baralla;Basille
-372845;Galicia;La Coruña;Porto do Son;Basoñas
-372848;País Vasco;Vizcaya;Mungia;Basozábal
-372850;Galicia;La Coruña;Brión;Bastavales
-372858;Galicia;Pontevedra;Neves, As;Batallanes
-372870;Castilla-La Mancha;Albacete;Paterna del Madera;Batán del Puerto
-372873;Cataluña;Tarragona;Batea;Batea
-372876;Castilla y León;Ávila;Solosancho;Baterna
-372881;Comunidad de Madrid;Comunidad de Madrid;Batres;Batres
-372885;Andalucía;Granada;Baza;Baúl
-372890;Andalucía;Granada;Órgiva;Bayacas
-372893;Andalucía;Almería;Bayarque;Bayarque
-372900;Cataluña;Lérida;Llavorsí;Bayasca
-372901;Galicia;La Coruña;Zas;Baio
-372903;Galicia;La Coruña;Zas;Bayo Grande
-372904;Galicia;Pontevedra;Vilanova de Arousa;Bayón
-372905;Galicia;Pontevedra;Baiona;Baiona
-372911;Castilla y León;Soria;Bayubas de Abajo;Bayubas de Abajo
-372914;Andalucía;Granada;Baza;Baza
-372925;Galicia;Orense;Beade;Beade
-372927;Galicia;La Coruña;Boiro;Bealo
-372928;Castilla-La Mancha;Cuenca;Beamud;Beamud
-372931;Comunidad Foral de Navarra;Comunidad Foral de Navarra;Valle de Yerri / Deierri;Bearín
-372933;Galicia;Orense;Beariz;Beariz
-372935;Andalucía;Huelva;Beas;Beas
-372938;País Vasco;Guipúzcoa;Beasain;Beasain
-372941;Andalucía;Granada;Beas de Guadix;Beas de Guadix
-372942;Andalucía;Jaén;Beas de Segura;Beas de Segura
-372946;Galicia;La Coruña;Brión;Beba
-372955;Castilla y León;Ávila;Becedas;Becedas
-372960;Aragón;Teruel;Beceite;Beceite
-372961;Principado de Asturias;Principado de Asturias;Cangas de Onís;Beceña
-372964;Galicia;Lugo;Becerreá;Becerreá
-372966;Castilla y León;Segovia;Riaza;Becerril
-372967;Castilla y León;Palencia;Becerril de Campos;Becerril de Campos
-372968;Comunidad de Madrid;Comunidad de Madrid;Becerril de la Sierra;Becerril de la Sierra
-372973;Principado de Asturias;Principado de Asturias;Castropol;Becharro
-372975;Comunidad Valenciana;Castellón;Betxí;Bechí
-372976;País Vasco;Vizcaya;Sopuerta;Beci
-372979;Andalucía;Almería;Bédar;Bédar
-372984;Andalucía;Jaén;Bedmar y Garcíez;Bedmar
-372989;Principado de Asturias;Principado de Asturias;Villaviciosa;Bedriñana
-372993;Cataluña;Barcelona;Begues;Begues
-372996;Andalucía;Jaén;Begíjar;Begíjar
-373003;Galicia;La Coruña;Santiso;Beigondo
-373004;Comunidad Foral de Navarra;Comunidad Foral de Navarra;Beintza-Labaien;Beinza-Labayen
-373005;Comunidad Foral de Navarra;Comunidad Foral de Navarra;Beire;Beire
-373006;Andalucía;Almería;Beires;Beires
-373007;Galicia;Orense;Leiro;Beiro
-373010;País Vasco;Guipúzcoa;Beizama;Beizama
-373012;Castilla y León;Salamanca;Béjar;Béjar
-373018;Andalucía;Granada;Purullena;Bejarín
-373022;Cantabria;Cantabria;Cillorigo de Liébana;Bejes
-373023;Comunidad Valenciana;Castellón;Rossell;Bel
-373029;Principado de Asturias;Principado de Asturias;Grado;Belandres
-373030;Galicia;Lugo;Sarria;Belante
-373039;Aragón;Zaragoza;Belchite;Belchite
-373047;Principado de Asturias;Principado de Asturias;Ponga;Beleño
-373049;Andalucía;Jaén;Quesada;Belerdas
-373051;Galicia;Lugo;Saviñao, O;Belesar
-373057;Cataluña;Lérida;Belianes;Belianes
-373058;Andalucía;Granada;Vegas del Genil;Belicena
-373060;Islas Baleares;Mallorca;Llucmajor;Bellavista
-373061;Cataluña;Gerona;Bellcaire d'Empordà;Bellcaire d?Empordà
-373062;Cataluña;Lérida;Bellcaire d'Urgell;Bellcaire de Urgel
-373066;Cataluña;Gerona;Santa Cristina d'Aro;Bell-Lloch
-373067;Cataluña;Tarragona;Santa Coloma de Queralt;Bellmunt
-373068;Cataluña;Tarragona;Bellmunt del Priorat;Bellmunt de Ciurana
-373069;Aragón;Teruel;Bello;Bello
-373070;Principado de Asturias;Principado de Asturias;Aller;Bello
-373075;Cataluña;Lérida;Bellpuig;Bellpuig
-373076;Comunidad Valenciana;Valencia;Bellreguard;Bellreguart
-373078;Cataluña;Tarragona;Passanant i Belltall;Belltal
-373081;Cataluña;Lérida;Bellver de Cerdanya;Bellver de Cerdanya
-373083;Cataluña;Tarragona;Bellvei;Bellvei del Penedes
-373087;Andalucía;Jaén;Bélmez de la Moraleda;Bélmez de la Moraleda
-373089;Castilla-La Mancha;Cuenca;Belmonte;Belmonte
-373091;Principado de Asturias;Principado de Asturias;Belmonte de Miranda;Belmonte de Miranda
-373092;Principado de Asturias;Principado de Asturias;Llanes;Belmonte
-373094;Aragón;Zaragoza;Belmonte de Gracián;Belmonte de Gracián
-373096;Aragón;Teruel;Belmonte de San José;Belmonte de Mezquín
-373097;Comunidad de Madrid;Comunidad de Madrid;Belmonte de Tajo;Belmonte de Tajo
-373099;Principado de Asturias;Principado de Asturias;Piloña;Beloncio
-373100;Principado de Asturias;Principado de Asturias;Gijón;Beloño
-373101;Castilla y León;Burgos;Belorado;Belorado
-373102;Galicia;Pontevedra;Bueu;Beloso
-373104;Aragón;Huesca;Puértolas;Belsierre
-373105;Aragón;Huesca;Nueno;Belsué
-373109;Aragón;Huesca;Belver de Cinca;Belver de Cinca
-373115;Extremadura;Cáceres;Belvís de Monroy;Belvís de Monroy
-373116;Galicia;La Coruña;Paderne;Bemantes
-373119;Castilla y León;León;Bembibre;Bembibre
-373122;Galicia;Pontevedra;Vigo;Bembribe
-373123;Aragón;Huesca;Benabarre;Benabarre
-373124;Región de Murcia;Región de Murcia;Caravaca de la Cruz;Benablón
-373126;Andalucía;Sevilla;Benacazón;Benacazón
-373127;Andalucía;Málaga;Benadalid;Benadalid
-373130;Comunidad Valenciana;Castellón;Benafer;Benafer
-373132;Andalucía;Málaga;Rincón de la Victoria;Torre de Benagalbón
-373135;Comunidad Valenciana;Valencia;Benaguasil;Benaguacil
-373136;Andalucía;Almería;Rioja;Benahadux
-373137;Andalucía;Málaga;Benahavís;Benahavís
-373138;Andalucía;Málaga;Vélez-Málaga;Estación de Benajarafe
-373141;Andalucía;Málaga;Benalauría;Benalauría
-373142;Comunidad Valenciana;Valencia;Enguera;Benali
-373144;Andalucía;Málaga;Benalmádena;Benalmádena
-373146;Andalucía;Granada;Benalúa;Benalúa de Guadix
-373147;Andalucía;Granada;Benalúa de las Villas;Benalúa de las Villas
-373149;Andalucía;Cádiz;Benalup-Casas Viejas;Benalup-Casas Viejas
-373150;Andalucía;Cádiz;Grazalema;Benamahoma
-373151;Andalucía;Málaga;Vélez-Málaga;Benamargosa
-373154;Andalucía;Granada;Benamaurel;Benamaurel
-373155;Andalucía;Córdoba;Benamejí;Benamejí
-373158;Andalucía;Málaga;Benamocarra;Benamocarra
-373162;Andalucía;Cádiz;Benaocaz;Benaocaz
-373163;Andalucía;Málaga;Benaoján;Benaoján
-373165;Andalucía;Málaga;Benarrabá;Benarrabá
-373166;Comunidad Valenciana;Castellón;Benassal;Benasal
-373168;Aragón;Huesca;Benasque;Benasque
-373175;Andalucía;Jaén;Benatae;Benatae
-373178;Castilla y León;Zamora;Benavente;Benavente
-373180;Castilla y León;León;Benavides;Benavides
-373182;Comunidad Valenciana;Valencia;Benavites;Benavites
-373186;Islas Canarias;Tenerife;Candelaria;Bence
-373187;Islas Canarias;La Gomera;San Sebastián de la Gomera; 
-373190;Galicia;La Coruña;Outes;Bendimón
-373191;Galicia;Pontevedra;Lalín;Bendoiro
-373195;Comunidad Valenciana;Valencia;Xàtiva;Benegida
-373197;Comunidad Valenciana;Alicante;Beneixama;Benejama
-373199;Comunidad Valenciana;Alicante;Algorfa;Benejúzar
-373203;Comunidad Valenciana;Valencia;Alfafar;Benetúser
-373204;Comunidad Valenciana;Alicante;Benferri;Benferri
-373208;Principado de Asturias;Principado de Asturias;Onís;Benia
-373209;Región de Murcia;Región de Murcia;Murcia;Beniaján
-373210;Comunidad Valenciana;Alicante;Planes;Benialfaquí
-373211;Comunidad Valenciana;Alicante;Vall de Gallinera;Beniali
-373212;Comunidad Valenciana;Alicante;Beniarbeig;Beniarbeig
-373213;Comunidad Valenciana;Alicante;Beniardá;Beniardá
-373215;Comunidad Valenciana;Valencia;Beniarjó;Beniarjó
-373216;Comunidad Valenciana;Alicante;Beniarrés;Beniarrés
-373217;Comunidad Valenciana;Valencia;Beniatjar;Beniatjar
-373220;Comunidad Valenciana;Castellón;Benicarló;Benicarló
-373221;Comunidad Valenciana;Castellón;Benicasim / Benicàssim;Benicàssim
-373222;Comunidad Valenciana;Alicante;Benigembla;Benichembla
-373223;Comunidad Valenciana;Valencia;Benicolet;Benicolet
-373224;Comunidad Valenciana;Valencia;Benicull de Xúquer;Benicull
-373225;Comunidad Valenciana;Alicante;Benidoleig;Benidoleig
-373226;Comunidad Valenciana;Alicante;Benidorm;Benidorm
-373229;Comunidad Valenciana;Valencia;Benifairó de les Valls;Benifairó de Les Valls
-373231;Cataluña;Tarragona;Benifallet;Benifallet
-373234;Comunidad Valenciana;Alicante;Benimantell;Benifató
-373235;Comunidad Valenciana;Valencia;Benifaió;Benifayó
-373236;Comunidad Valenciana;Castellón;Oropesa del Mar / Orpesa;Beniferri
-373240;Comunidad Valenciana;Valencia;Benigànim;Benigànim
-373243;Comunidad Valenciana;Alicante;Benijófar;Benijófar
-373244;Comunidad Valenciana;Alicante;Benilloba;Benilloba
-373247;Comunidad Valenciana;Alicante;Alicante / Alacant;Benimagrell
-373248;Comunidad Valenciana;Alicante;Benissa;Benimallunt
-373249;Comunidad Valenciana;Valencia;Valencia;Benimámet
-373250;Comunidad Valenciana;Alicante;Benimantell;Benimantell
-373253;Comunidad Valenciana;Alicante;Vall de Laguar, la;Benimaurell
-373254;Comunidad Valenciana;Alicante;Benimeli;Benimeli
-373258;Comunidad Valenciana;Valencia;Gandia;Beniopa
-373260;Comunidad Valenciana;Valencia;Beniparrell;Beniparrell
-373262;Comunidad Valenciana;Alicante;Vall de Gallinera;Benirrama
-373265;Comunidad Valenciana;Alicante;Benissa;Benissa
-373266;Cataluña;Tarragona;Ginestar;Benissanet
-373267;Comunidad Valenciana;Valencia;Benissanó;Benisanó
-373268;Comunidad Valenciana;Alicante;Vall de Gallinera;Benisili
-373269;Comunidad Valenciana;Alicante;Vall de Gallinera;Benissiva
-373270;Comunidad Valenciana;Valencia;Albaida;Benisoda
-373271;Comunidad Valenciana;Valencia;Benissuera;Benissuera
-373272;Comunidad Valenciana;Alicante;Benitachell / Poble Nou de Benitatxell, el;Benitachell
-373284;Castilla y León;León;Carrocera;Benllera
-373285;Comunidad Valenciana;Castellón;Benlloch;Benlloch
-373286;Cataluña;Lérida;Bòrdes, Es;Benos
-373287;Extremadura;Cáceres;Benquerencia;Benquerencia
-373288;Galicia;Lugo;Barreiros;San Pedro de Benquerencia
-373292;Andalucía;Almería;Bentarique;Bentarique
-373302;Comunidad Foral de Navarra;Comunidad Foral de Navarra;Juslapeña;Beorburu
-373309;Cantabria;Cantabria;Hazas de Cesto;Beranga
-373310;País Vasco;Vizcaya;Berango;Berango
-373313;País Vasco;Guipúzcoa;Berastegi;Berástegui (Berastegi)
-373324;Principado de Asturias;Principado de Asturias;Ribadesella;Berbes
-373331;La Rioja;La Rioja;Estollo;Berceo
-373335;Andalucía;Granada;Bérchules;Bérchules
-373341;Castilla y León;León;Bercianos del Real Camino;Bercianos del Real Camino
-373344;Castilla y León;Segovia;Bercimuel;Bercimuel
-373356;Galicia;La Coruña;Carballo;Berdillo
-373358;Principado de Asturias;Principado de Asturias;Allande;Berducedo
-373361;Aragón;Huesca;Canal de Berdún;Berdún
-373363;Comunidad Valenciana;Alicante;Dolores;Berengueres
-373364;Galicia;La Coruña;Cabana de Bergantiños;Beres
-373367;Cataluña;Barcelona;Berga;Berga
-373374;País Vasco;Álava;Zambrana;Berganzo
-373378;Aragón;Teruel;Berge;Berge
-373379;Galicia;La Coruña;Bergondo;Bergondo
-373384;Principado de Asturias;Principado de Asturias;Cangas del Narcea;Berguño
-373385;Comunidad Foral de Navarra;Comunidad Foral de Navarra;Beriáin;Beriáin
-373387;Andalucía;Almería;Berja;Berja
-373390;Extremadura;Badajoz;Berlanga;Berlanga
-373391;Castilla y León;Soria;Berlanga de Duero;Berlanga de Duero
-373417;Castilla y León;Salamanca;Bermellar;Bermellar
-373419;País Vasco;Vizcaya;Bermeo;Bermeo
-373420;Galicia;Pontevedra;Lalín;Bermés
-373421;Principado de Asturias;Principado de Asturias;Quirós;Bermiego
-373423;Castilla y León;Zamora;Bermillo de Sayago;Bermillo de Sayago
-373436;Castilla y León;Segovia;Bernardos;Bernardos
-373438;País Vasco;Álava;Bernedo;Bernedo
-373441;Comunidad Valenciana;Alicante;Altea;Bernia
-373448;Principado de Asturias;Principado de Asturias;Gijón;Bernueces
-373450;Castilla-La Mancha;Toledo;Malpica de Tajo;Bernúy
-373451;Cataluña;Lérida;Sort;Bernúy
-373452;Castilla y León;Segovia;Santiuste de San Juan Bautista;Bernúy de Coca
-373453;Castilla y León;Segovia;Bernuy de Porreros;Bernúy de Porreros
-373454;Castilla y León;Ávila;Ávila;Bernúy-Salinero
-373457;Principado de Asturias;Principado de Asturias;Cabrales;Berodia
-373463;Galicia;Orense;Bola, A;Berredo
-373466;País Vasco;Vizcaya;Munitibar-Arbatzegi Gerrikaitz;Berreño
-373470;País Vasco;Vizcaya;Berriatua;Berriatua
-373471;Galicia;La Coruña;Lousame;Berrimes
-373473;Comunidad Foral de Navarra;Comunidad Foral de Navarra;Berrioplano / Berriobeiti;Berrioplano
-373476;Comunidad Foral de Navarra;Comunidad Foral de Navarra;Berriozar;Berriozar
-373477;País Vasco;Vizcaya;Berriz;Bérriz
-373481;País Vasco;Guipúzcoa;Berastegi;Berrobi
-373483;Andalucía;Huelva;Berrocal;Berrocal
-373484;Castilla y León;Segovia;Turégano;Berrocal
-373489;Extremadura;Cáceres;Gordo, El;Berrocalejo
-373493;Comunidad Foral de Navarra;Comunidad Foral de Navarra;Baztan;Berroeta
-373496;Principado de Asturias;Principado de Asturias;Siero;Berrón
-373497;Cataluña;Lérida;Guingueta d'Àneu, La;Berros-Josá
-373512;Extremadura;Cáceres;Berzocana;Berzocana
-373516;Comunidad de Madrid;Comunidad de Madrid;Berzosa del Lozoya;Berzosa del Lozoya
-373519;Cataluña;Gerona;Besalú;Besalú
-373520;Castilla y León;León;Boca de Huérgano;Besande
-373525;Cataluña;Gerona;Bescanó;Bescanó
-373530;Aragón;Huesca;Perarrúa;Besiáns
-373532;Galicia;Pontevedra;Ribadumia;Besomaño
-373541;Aragón;Huesca;Puértolas;Bestué
-373543;Principado de Asturias;Principado de Asturias;Cangas del Narcea;Besullo
-373544;Galicia;Lugo;Saviñao, O;Betán
-373545;Islas Canarias;Fuerteventura;Betancuria;Betancuria
-373546;Galicia;La Coruña;Betanzos;Betanzos
-373550;Comunidad Foral de Navarra;Comunidad Foral de Navarra;Betelu;Betelu
-373551;Islas Canarias;El Hierro;Valverde;Betenama
-373552;Comunidad Valenciana;Valencia;Bétera;Bétera
-373553;Aragón;Huesca;Biescas;Betes de Sobremonte
-373554;Castilla-La Mancha;Cuenca;Beteta;Beteta
-373557;Cataluña;Lérida;Vielha e Mijaran;Betlán
-373559;País Vasco;Álava;Vitoria-Gasteiz;Betoño
-373562;Cataluña;Lérida;Vielha e Mijaran;Betrén
-373563;Cataluña;Gerona;Beuda;Beuda
-373567;Castilla y León;Burgos;Valle de Valdebezana;Bezana
-373568;Principado de Asturias;Principado de Asturias;Caso;Bezanes
-373571;Aragón;Teruel;Bezas;Bezas
-373572;Andalucía;Granada;Lecrín;Béznar
-373574;País Vasco;Vizcaya;Karrantza Harana / Valle de Carranza;Biáñez
-373575;Comunidad Valenciana;Alicante;Biar;Biar
-373586;Principado de Asturias;Principado de Asturias;Regueras, Las;Biedes
-373587;Aragón;Zaragoza;Biel;Biel
-373589;Aragón;Huesca;Bielsa;Bielsa
-373591;Castilla-La Mancha;Albacete;Bienservida;Bienservida
-373595;Principado de Asturias;Principado de Asturias;Piloña;Bierces
-373596;Aragón;Huesca;Bierge;Bierge
-373597;Cataluña;Gerona;Canet d'Adri;Biert
-373599;Aragón;Huesca;Biescas;Biescas
-373601;Principado de Asturias;Principado de Asturias;Valdés;Biescas
-373603;Cataluña;Barcelona;Bigues i Riells;Bigues i Riells
-373604;Comunidad Valenciana;Alicante;Bigastro;Bigastro
-373607;Aragón;Zaragoza;Bijuesca;Bijuesca
-373608;País Vasco;Vizcaya;Bilbao;Bilbao
-373616;Principado de Asturias;Principado de Asturias;Bimenes;Bimenes
-373620;Aragón;Huesca;Binéfar;Binéfar
-373621;Islas Baleares;Mallorca;Santa Eugènia;Biniali
-373622;Islas Baleares;Menorca;Sant Lluís;Biniali
-373623;Islas Baleares;Menorca;Sant Lluís;Biniancolla
-373625;Islas Baleares;Mallorca;Sóller;Biniaraix
-373626;Islas Baleares;Menorca;Castell, Es;Biniatap de Dalt
-373628;Islas Baleares;Mallorca;Selva;Binibona
-373629;Aragón;Huesca;Canal de Berdún;Biniés
-373632;Islas Baleares;Menorca;Sant Lluís;Biniparrell
-373633;Islas Baleares;Mallorca;Binissalem;Binisalem
-373636;Cataluña;Lérida;Biosca;Biosca
-373638;Aragón;Huesca;Bisaurri;Bisaurri
-373640;Cataluña;Tarragona;Bisbal de Falset, La;Bisbal de Falset
-373641;Cataluña;Tarragona;Bisbal del Penedès, La;Bisbal del Penedès
-373642;Cataluña;Lérida;Isona i Conca Dellà;Biscarri
-373643;Aragón;Huesca;Biscarrués;Biscarrués
-373646;Aragón;Zaragoza;Bisimbre;Bisimbre
-373647;Castilla y León;Burgos;Villarcayo de Merindad de Castilla la Vieja;Bisjueces
-373649;Cataluña;Tarragona;Tortosa;Bitem
-373652;Comunidad Foral de Navarra;Comunidad Foral de Navarra;Biurrun-Olcoz;Biurrun
-373656;Castilla y León;Ávila;Torre, La;Blacha
-373660;Región de Murcia;Región de Murcia;Blanca;Blanca
-373696;Cataluña;Gerona;Blanes;Blanes
-373708;Castilla y León;Ávila;Blascosancho;Blascosancho
-373714;Aragón;Teruel;Blesa;Blesa
-373718;Galicia;La Coruña;Lousame;Boa
-373724;Castilla y León;Palencia;Boadilla del Camino;Boadilla del Camino
-373725;Comunidad de Madrid;Comunidad de Madrid;Boadilla del Monte;Boadilla del Monte
-373729;Principado de Asturias;Principado de Asturias;Boal;Boal
-373731;Comunidad de Madrid;Comunidad de Madrid;Boalo, El;Boalo, El
-373736;Galicia;Lugo;Taboada;Bobadela
-373737;Andalucía;Málaga;Antequera;Bobadilla
-373742;Cataluña;Lérida;Bovera;Bobera
-373746;Principado de Asturias;Principado de Asturias;Gijón;Bobia
-373748;Principado de Asturias;Principado de Asturias;Onís;Bobia de Abajo
-373749;Principado de Asturias;Principado de Asturias;Onís;Bobia de Arriba
-373751;Galicia;Orense;Boborás;Boborás
-373755;Castilla y León;León;Boca de Huérgano;Boca de Huérgano
-373759;Comunidad Valenciana;Valencia;Bocairent;Bocairent
-373763;Castilla y León;Segovia;Boceguillas;Boceguillas
-373769;Castilla y León;Valladolid;Bocigas;Bocigas
-373772;Principado de Asturias;Principado de Asturias;Gozón;Bocines
-373773;Castilla y León;Burgos;Villarcayo de Merindad de Castilla la Vieja;Bocos
-373776;Principado de Asturias;Principado de Asturias;Parres;Bode
-373782;Principado de Asturias;Principado de Asturias;Parres;Bodes
-373787;Extremadura;Badajoz;Bodonal de la Sierra;Bodonal de la Sierra
-373789;Galicia;La Coruña;Pontedeume;Boebre
-373790;Castilla y León;Valladolid;Boecillo;Boecillo
-373797;Galicia;La Coruña;Arzúa;Boente
-373803;Cantabria;Cantabria;Villaescusa;Bofetán
-373806;Castilla-La Mancha;Albacete;Bogarra;Bogarra
-373810;Andalucía;Cádiz;Jerez de la Frontera;Bogás
-373811;Cataluña;Lérida;Vall de Boí, La;Bohí
-373822;Galicia;Orense;Vilamarín;Boimorto
-373823;Galicia;La Coruña;Boimorto;Boimorto
-373825;Galicia;La Coruña;Boiro;Boiro
-373830;Cataluña;Lérida;Coll de Nargó;Boixols
-373832;Comunidad Valenciana;Castellón;Pobla de Benifassà, la;Bojar
-373834;Principado de Asturias;Principado de Asturias;Ribadedeva;Bojes
-373838;Castilla-La Mancha;Ciudad Real;Bolaños de Calatrava;Bolaños de Calatrava
-373839;Castilla y León;Valladolid;Bolaños de Campos;Bolaños de Campos
-373843;Comunidad Valenciana;Valencia;Chella;Bolbaite
-373846;Cataluña;Lérida;Fuliola, La;Boldú
-373847;Aragón;Huesca;Sotonera, La;Bolea
-373849;Principado de Asturias;Principado de Asturias;Regueras, Las;Bolgues
-373859;Andalucía;Sevilla;Bollullos de la Mitación;Bollullos de la Mitación
-373860;Andalucía;Huelva;Bollullos Par del Condado;Bollullos Par del Condado
-373861;Galicia;Lugo;Sober;Bolmente
-373863;Región de Murcia;Región de Murcia;Mazarrón;Bolnuevo
-373867;Aragón;Huesca;Boltaña;Boltaña
-373870;Comunidad Valenciana;Alicante;Bolulla;Bolulla
-373872;Cataluña;Gerona;Bolvir;Bolvir
-373883;Aragón;Huesca;Bonansa;Bonansa
-373884;Andalucía;Cádiz;Sanlúcar de Barrameda;Bonanza
-373889;Castilla y León;León;Boñar;Boñar
-373890;Andalucía;Huelva;Bonares;Bonares
-373891;Cataluña;Tarragona;Bonastre;Bonastre
-373892;Cataluña;Barcelona;Sagàs;Bonayre
-373894;Principado de Asturias;Principado de Asturias;Ribadesella;Bones
-373895;Cataluña;Lérida;Vall de Cardós;Bonestarre
-373906;Castilla y León;Ávila;Bonilla de la Sierra;Bonilla de la Sierra
-373908;Cataluña;Gerona;Sant Julià del Llor i Bonmatí;Bonmatí
-373910;Comunidad Valenciana;Valencia;Bonrepòs i Mirambell; 
-373912;Cantabria;Cantabria;Camargo;Boo
-373913;Cantabria;Cantabria;Piélagos;Boo de Piélagos
-373915;Galicia;La Coruña;Boqueixón;Boqueijón
-373916;Principado de Asturias;Principado de Asturias;Ribadedeva;Boquerizo
-373924;Comunidad Valenciana;Valencia;Mogente / Moixent;Boquilla
-373925;Aragón;Zaragoza;Boquiñeni;Boquiñeni
-373929;Aragón;Huesca;Borau;Borau
-373930;Galicia;Pontevedra;Pazos de Borbén;Borbén
-373940;Cataluña;Gerona;Bordils;Bordils
-373944;Galicia;Pontevedra;Sanxenxo;Bordons
-373946;Galicia;Pontevedra;Cerdedo-Cotobade;Borela
-373947;Cantabria;Cantabria;Vega de Liébana;Bores
-373949;Andalucía;Málaga;Borge, El;Borge
-373950;Cataluña;Gerona;Cornellà del Terri;Borgoñá
-373952;Principado de Asturias;Principado de Asturias;Piloña;Borines
-373955;Aragón;Zaragoza;Borja;Borja
-373957;Cataluña;Lérida;Borges Blanques, Les;Les Borges Blanques
-373958;Cataluña;Tarragona;Borges del Camp, Les;Les Borges del Camp
-373959;Cantabria;Cantabria;Corvera de Toranzo;Borleña
-373961;Andalucía;Sevilla;Bormujos;Bormujos
-373962;Galicia;La Coruña;Muros;Bornalle
-373966;Andalucía;Cádiz;Bornos;Bornos
-373974;Castilla-La Mancha;Toledo;Borox;Borox
-373979;Cataluña;Gerona;Borrassà;Borrassá
-373980;Aragón;Huesca;Fiscal;Borrastre
-373981;Cataluña;Barcelona;Borredà;Borredá
-373982;Castilla y León;León;Borrenes;Borrenes
-373987;Comunidad Valenciana;Castellón;Borriol;Borriol
-373994;Cataluña;Lérida;Bossòst;Bossòst
-373998;Cantabria;Cantabria;Ampuero;Bosquemado
-374002;Cantabria;Cantabria;Arenas de Iguña;Bostronizo
-374003;Cataluña;Tarragona;Bot;Bot
-374006;Cataluña;Tarragona;Botarell;Botarell
-374008;Islas Canarias;La Palma;Breña Alta;Botazo
-374010;Comunidad Valenciana;Alicante;Gata de Gorgos;Boterías
-374011;Extremadura;Cáceres;Botija;Botija
-374018;Galicia;La Coruña;Ribeira;Bouciñas
-374029;Galicia;Pontevedra;Cambados;Bouza
-374037;Galicia;Orense;Amoeiro;Bóveda
-374038;Galicia;Lugo;Bóveda;Bóveda
-374039;País Vasco;Álava;Valdegovía / Gaubea;Bóveda
-374044;Castilla y León;Salamanca;Bóveda del Río Almar;Bóveda del Río Almar
-374045;Principado de Asturias;Principado de Asturias;Oviedo;Box
-374046;Castilla y León;Zamora;Mahide;Boya
-374050;Castilla y León;Burgos;Bozoó;Bozoó
-374055;Andalucía;Córdoba;Almedinilla;Brácana
-374065;Galicia;Lugo;Fonsagrada, A;Braña
-374077;Principado de Asturias;Principado de Asturias;Mieres;Brañanoveles
-374081;Galicia;La Coruña;Toques;Brañas
-374098;Galicia;La Coruña;Zas;Brandomil
-374099;Galicia;La Coruña;Zas;Brandoñas
-374101;Principado de Asturias;Principado de Asturias;San Martín del Rey Aurelio;Brañella
-374103;Galicia;La Coruña;Vimianzo;Braño
-374104;Castilla y León;Palencia;Brañosera;Brañosera
-374108;Castilla y León;León;Villagatón;Brañuelas
-374110;Comunidad de Madrid;Comunidad de Madrid;Braojos;Braojos de la Sierra
-374120;Castilla-La Mancha;Ciudad Real;Brazatortas;Brazatortas
-374122;Cantabria;Cantabria;Castro-Urdiales;Brazomar
-374130;Principado de Asturias;Principado de Asturias;Villaviciosa;Breceña
-374132;Cataluña;Gerona;Breda;Breda
-374133;Galicia;Pontevedra;Silleda;Breijas
-374136;Islas Canarias;La Palma;Breña Baja;Breña
-374138;Islas Canarias;La Palma;Breña Alta;Breña Alta
-374139;Islas Canarias;La Palma;Breña Baja;Breña Baja
-374141;Andalucía;Sevilla;Brenes;Brenes
-374143;Galicia;La Coruña;Cee;Brens
-374144;Principado de Asturias;Principado de Asturias;Taramundi;Bres
-374146;Galicia;La Coruña;Ribeira;Bretal
-374151;Castilla y León;Soria;Villar del Río;Bretún
-374152;Cantabria;Cantabria;Camaleño;Brez
-374158;Galicia;La Coruña;Cambre;Bribes
-374161;Principado de Asturias;Principado de Asturias;Llanes;Bricia
-374164;Castilla y León;Segovia;Brieva;Brieva
-374168;Principado de Asturias;Principado de Asturias;Valdés;Brieves
-374169;Castilla-La Mancha;Guadalajara;Brihuega;Brihuega
-374175;La Rioja;La Rioja;Briñas;Briñas
-374178;Galicia;La Coruña;Cabana de Bergantiños;Briño
-374179;Galicia;La Coruña;Rianxo;Brion
-374180;Galicia;La Coruña;Brión;Brión
-374182;Galicia;La Coruña;Outes;Brion de Abajo
-374183;Galicia;La Coruña;Outes;Brion de Arriba
-374184;La Rioja;La Rioja;Briones;Briones
-374187;Castilla y León;Burgos;Briviesca;Briviesca
-374188;Castilla y León;Burgos;Merindad de Valdeporres;Brizuela
-374189;Galicia;Pontevedra;Agolada;Brocos
-374191;Aragón;Teruel;Bronchales;Bronchales
-374194;Aragón;Huesca;Broto;Broto
-374199;Extremadura;Cáceres;Brozas;Brozas
-374202;Cataluña;Gerona;Palafrugell;Brugarol
-374205;Castilla y León;León;Robla, La;Brugos de Fenar
-374206;Cataluña;Gerona;Ribes de Freser;Bruguera
-374221;Comunidad de Madrid;Comunidad de Madrid;Brunete;Brunete
-374222;Cataluña;Gerona;Brunyola;Brunyola
-374227;Cataluña;Gerona;Boadella i les Escaules;Buadella
-374231;Aragón;Huesca;Biescas;Búbal
-374237;Andalucía;Granada;Bubión;Bubión
-374243;Principado de Asturias;Principado de Asturias;Quirós;Bucida
-374254;Galicia;Pontevedra;Salceda de Caselas;Budiño
-374257;Principado de Asturias;Principado de Asturias;Lena;Buellas
-374258;Principado de Asturias;Principado de Asturias;Peñamellera Baja;Buelles
-374259;Principado de Asturias;Principado de Asturias;Llanes;Buelna
-374261;Castilla-La Mancha;Cuenca;Buenache de Alarcón;Buenache de Alarcón
-374262;Castilla-La Mancha;Cuenca;Buenache de la Sierra;Buenache de la Sierra
-374267;Castilla-La Mancha;Toledo;Buenaventura;Buenaventura
-374271;Andalucía;Granada;Moclín;Buenavista
-374274;Castilla y León;Salamanca;Buenavista;Buenavista
-374279;Islas Canarias;La Palma;Breña Alta;Buenavista de Abajo
-374280;Islas Canarias;La Palma;Santa Cruz de la Palma;Buenavista de Arriba
-374281;Islas Canarias;Tenerife;Buenavista del Norte;Buenavista del Norte
-374284;Castilla-La Mancha;Cuenca;Buendía;Buendía
-374287;Principado de Asturias;Principado de Asturias;Ribera de Arriba;Bueño
-374291;Aragón;Huesca;Santa María de Dulcis;Buera
-374293;Aragón;Huesca;Fanlo;Buerba
-374295;Aragón;Huesca;Broto;Buesa
-374297;Galicia;Pontevedra;Bueu;Bueu
-374305;Cataluña;Gerona;Castell-Platja d'Aro;Bufagañas
-374311;Galicia;La Coruña;Negreira;Bugallido
-374312;Galicia;Pontevedra;Ponteareas;Bugarín
-374313;Comunidad Valenciana;Valencia;Bugarra;Bugarra
-374317;Islas Baleares;Mallorca;Búger;Búger
-374329;Castilla y León;Soria;Buitrago;Buitrago
-374330;Comunidad de Madrid;Comunidad de Madrid;Buitrago del Lozoya;Buitrago del Lozoya
-374338;Castilla y León;León;Pola de Gordón, La;Buiza
-374339;Andalucía;Córdoba;Bujalance;Bujalance
-374341;Castilla-La Mancha;Guadalajara;Bujalaro;Bujalaro
-374348;País Vasco;Álava;Campezo / Kanpezu;Bujanda
-374351;Aragón;Zaragoza;Bujaraloz;Bujaraloz
-374357;Aragón;Zaragoza;Bulbuente;Bulbuente
-374365;Región de Murcia;Región de Murcia;Bullas;Bullas
-374370;Principado de Asturias;Principado de Asturias;Cabrales;Bulnes
-374374;Castilla y León;Burgos;Buniel;Buniel
-374375;Galicia;La Coruña;Malpica de Bergantiños;Buño
-374376;Comunidad Valenciana;Valencia;Buñol;Buñol
-374381;Aragón;Teruel;Burbáguena;Burbáguena
-374388;Cataluña;Lérida;Farrera;Burg
-374395;Galicia;Lugo;Cervo;Burela
-374398;Aragón;Zaragoza;Bureta;Bureta
-374408;Andalucía;Málaga;Burgo, El;El Burgo
-374413;Castilla y León;Ávila;Burgohondo;Burgohondo
-374414;Castilla y León;Segovia;Carrascal del Río;Burgomillodo
-374415;Castilla y León;Burgos;Burgos;Burgos
-374417;Galicia;Pontevedra;Oia;Burgueira
-374419;Comunidad Foral de Navarra;Comunidad Foral de Navarra;Auritz / Burguete;Burguete
-374420;Comunidad Foral de Navarra;Comunidad Foral de Navarra;Burgui / Burgi;Burgui
-374423;Extremadura;Badajoz;Burguillos del Cerro;Burguillos del Cerro
-374425;Castilla-La Mancha;Toledo;Burguillos de Toledo;Burguillos de Toledo
-374426;Galicia;La Coruña;Camariñas;Buria y Camariñas
-374428;Comunidad Valenciana;Valencia;Burjassot;Burjassot
-374429;Andalucía;Almería;Cuevas del Almanzora;Burjulú
-374430;Comunidad Foral de Navarra;Comunidad Foral de Navarra;Valle de Egüés / Eguesibar;Burlada
-374431;Castilla y León;León;Burón;Burón
-374433;Galicia;La Coruña;Arzúa;Burres
-374434;Comunidad Valenciana;Castellón;Borriana / Burriana;Burriana
-374444;Castilla-La Mancha;Toledo;Burujón;Burujón
-374445;Andalucía;Jaén;Iruela, La;Burunchel
-374451;Galicia;La Coruña;Ordes;Buscás
-374453;Castilla y León;León;Villamanín;Busdongo
-374458;Principado de Asturias;Principado de Asturias;Valdés;Busindre
-374472;Comunidad Valenciana;Alicante;Busot;Busot
-374476;Andalucía;Granada;Busquístar;Busquístar
-374478;Cantabria;Cantabria;Cabezón de la Sal;Bustablado
-374482;Cantabria;Cantabria;Selaya;Bustantegua
-374485;Castilla-La Mancha;Guadalajara;Bustares;Bustares
-374488;Comunidad de Madrid;Comunidad de Madrid;Bustarviejo;Bustarviejo
-374499;Galicia;Lugo;Quiroga;Bustelo de Fistéus
-374503;Principado de Asturias;Principado de Asturias;Mieres;Bustiello
-374508;Principado de Asturias;Principado de Asturias;Valdés;Bustiello de Paredes
-374510;Cantabria;Cantabria;Villafufre;Bustillo
-374530;Principado de Asturias;Principado de Asturias;Valdés;Busto
-374534;Castilla y León;Burgos;Quintanaélez;Busto de Bureba
-374540;Cantabria;Cantabria;Valdáliga;Bustriguado
-374544;Castilla y León;Burgos;Villarcayo de Merindad de Castilla la Vieja;Butrera
-374545;País Vasco;Vizcaya;Gatika;Butrón
-374552;Islas Canarias;Tenerife;Arona;Buzanada
-374560;Cataluña;Tarragona;Cabacés;Cabacés
-374569;Castilla y León;Segovia;Caballar;Caballar
-374600;Galicia;La Coruña;Cabana de Bergantiños;Cabana de Bergantiños
-374610;Principado de Asturias;Principado de Asturias;Aller;Aller
-374619;Galicia;La Coruña;Cabanas;Cabañas
-374626;Aragón;Zaragoza;Pedrola;Cabañas de Ebro
-374628;Castilla-La Mancha;Toledo;Cabañas de la Sagra;Cabañas de la Sagra
-374630;Extremadura;Cáceres;Cabañas del Castillo;Cabañas del Castillo
-374631;Castilla y León;Segovia;Cabañas de Polendos;Cabañas de Polendos
-374632;Castilla y León;Zamora;Cabañas de Sayago;Cabañas de Sayago
-374639;Cataluña;Gerona;Cabanelles;Cabanellas
-374642;Comunidad Valenciana;Castellón;Cabanes;Cabanes
-374643;Cantabria;Cantabria;Cillorigo de Liébana;Cabañes
-374647;Comunidad Foral de Navarra;Comunidad Foral de Navarra;Cabanillas;Cabanillas
-374651;Comunidad de Madrid;Comunidad de Madrid;Cabanillas de la Sierra;Cabanillas de la Sierra
-374653;Castilla y León;Segovia;Torrecaballeros;Cabanillas del Monte
-374658;Cantabria;Cantabria;Noja;Cabanzo
-374659;Cantabria;Cantabria;Herrerías;Cabanzón
-374660;Cantabria;Cantabria;Penagos;Cabárceno
-374665;Galicia;Pontevedra;Arbo;Cabeiras
-374674;Extremadura;Cáceres;Cabezabellosa;Cabezabellosa
-374679;Extremadura;Badajoz;Cabeza del Buey;Cabeza del Buey
-374680;Castilla y León;Salamanca;Cabeza del Caballo;Cabeza del Caballo
-374683;Andalucía;Jaén;Santiago-Pontones;Cabeza Gorda
-374686;Extremadura;Badajoz;Cabeza la Vaca;Cabeza la Vaca
-374698;Castilla y León;Ávila;Navatejares;Cabezas Altas
-374699;Castilla y León;Ávila;Navatejares; 
-374707;Extremadura;Cáceres;Ladrillar;Cabezo
-374712;Región de Murcia;Región de Murcia;Murcia;Cabezo de la Plata
-374714;Región de Murcia;Región de Murcia;Murcia;Cabezo de Torres
-374715;Castilla y León;Valladolid;Cabezón de Pisuerga;Cabezón de Pisuerga
-374718;Cantabria;Cantabria;Cabezón de la Sal;Cabezón de la Sal
-374720;Cantabria;Cantabria;Cabezón de Liébana;Cabezón de Liébana
-374723;Castilla y León;Segovia;Cabezuela;Cabezuela
-374725;Extremadura;Cáceres;Cabezuela del Valle;Cabezuela del Valle
-374728;Castilla y León;Burgos;Cavia;Cabia
-374737;Castilla y León;León;Villablino;Caboalles de Abajo
-374739;Islas Canarias;Tenerife;Arona;Cabo Blanco
-374740;Región de Murcia;Región de Murcia;Cartagena;Cabo de Palos
-374744;Principado de Asturias;Principado de Asturias;Aller;Caborana
-374745;Principado de Asturias;Principado de Asturias;Valdés;Cabornas
-374746;Castilla y León;León;Pola de Gordón, La;Cabornera
-374752;Islas Canarias;Gran Canaria;Santa María de Guía de Gran Canaria;Cabo Verde
-374755;Andalucía;Córdoba;Cabra;Cabra
-374759;Cataluña;Tarragona;Cabra del Camp;Cabra del Camp
-374760;Andalucía;Jaén;Cabra del Santo Cristo;Cabra del Santo Cristo
-374761;Aragón;Teruel;Cabra de Mora;Cabra de Mora
-374762;Principado de Asturias;Principado de Asturias;Navia;Cabrafigal
-374781;Galicia;Lugo;Xermade;Cabreiros
-374787;Castilla y León;Soria;Cabrejas del Pinar;Cabrejas del Pinar
-374808;Castilla y León;Salamanca;Cabrerizos;Cabrerizos
-374809;Extremadura;Cáceres;Cabrero;Cabrero
-374815;Cataluña;Barcelona;Sallent;Cabrianas
-374820;Castilla y León;León;Cabrillanes;Cabrillanes
-374821;Andalucía;Málaga;Vélez-Málaga;Cabrillas
-374826;Cataluña;Barcelona;Cabrils;Cabrils
-374829;Andalucía;Jaén;Huelma;Cabrita
-374838;Cantabria;Cantabria;Cabezón de la Sal;Cabrojo
-374843;Principado de Asturias;Principado de Asturias;Gijón;Cabueñes
-374845;Galicia;Pontevedra;Cambados;Cacabelos
-374846;Castilla y León;León;Cacabelos;Cacabelos
-374847;Extremadura;Cáceres;Cáceres;Cáceres
-374850;Principado de Asturias;Principado de Asturias;Oviedo;Caces
-374851;Galicia;Pontevedra;Forcarei;Cachafeiro
-374853;Galicia;La Coruña;Teo;Cacheiras
-374859;Cantabria;Cantabria;Camargo;Cacicedo
-374868;Extremadura;Cáceres;Cadalso;Cadalso
-374869;Comunidad de Madrid;Comunidad de Madrid;Cadalso de los Vidrios;Cadalso de los Vidrios
-374870;Principado de Asturias;Principado de Asturias;Villaviciosa;Cadamancio
-374871;Principado de Asturias;Principado de Asturias;Piloña;Cadanes
-374873;Cataluña;Gerona;Cadaqués;Cadaqués
-374875;Principado de Asturias;Principado de Asturias;Valdés;Cadavedo
-374882;Andalucía;Granada;Cádiar;Cádiar
-374883;Castilla y León;Burgos;Trespaderne;Cadiñanos
-374884;Andalucía;Cádiz;Cádiz;Cádiz
-374892;Galicia;Orense;Muíños;Cadós
-374896;Comunidad Foral de Navarra;Comunidad Foral de Navarra;Cadreita;Cadreita
-374897;Aragón;Zaragoza;Cadrete;Cadrete
-374905;Cantabria;Cantabria;Cabezón de Liébana;Cahecho
-374906;País Vasco;Álava;Lantarón;Caicedo Yuso
-374908;Islas Baleares;Mallorca;Selva;Caimari
-374909;Castilla y León;León;Posada de Valdeón;Caín
-374912;Cataluña;Gerona;Cabanelles;Caixáns
-374913;Cataluña;Gerona;Fontanals de Cerdanya;Caixáns
-374914;Andalucía;Granada;Cájar;Cájar
-374917;Andalucía;Málaga;Vélez-Málaga;Cajís
-374919;Andalucía;Huelva;Cala;Cala
-374926;Región de Murcia;Región de Murcia;Águilas;Calabardina
-374927;Principado de Asturias;Principado de Asturias;Siero;Calabaza
-374933;Castilla y León;Segovia;Calabazas de Fuentidueña;Calabazas de Fuentidueña
-374941;Galicia;Lugo;Negueira de Muñiz;Calabreo
-374943;Cataluña;Gerona;Bàscara;Calabuig
-374945;Aragón;Teruel;Calaceite;Calaceite
-374947;Andalucía;Málaga;Rincón de la Victoria;La Cala del Moral
-374950;Cataluña;Barcelona;Calaf;Calaf
-374952;Cataluña;Tarragona;Calafell;Calafell
-374953;Islas Baleares;Mallorca;Santanyí;Cala Figuera
-374955;Andalucía;Granada;Motril;Calahonda
-374956;La Rioja;La Rioja;Calahorra;Calahorra
-374963;Principado de Asturias;Principado de Asturias;Tapia de Casariego;Calambre
-374964;Islas Baleares;Mallorca;Son Servera;Cala Millor
-374965;Aragón;Teruel;Calamocha;Calamocha
-374968;Extremadura;Badajoz;Calamonte;Calamonte
-374974;Andalucía;Huelva;Calañas;Calañas
-374976;Aragón;Teruel;Calanda;Calanda
-374977;Comunidad Valenciana;Alicante;Alicante / Alacant;Calandari
-374978;Islas Baleares;Mallorca;Capdepera;Cala Ratjada
-374979;Región de Murcia;Región de Murcia;Moratalla;Calar de la Santa
-374981;Región de Murcia;Región de Murcia;Cartagena;Cala Reona
-374986;Aragón;Huesca;Peralta de Calasanz;Calasanz
-374987;Región de Murcia;Región de Murcia;Calasparra;Calasparra
-374988;Castilla y León;Soria;Calatañazor;Calatañazor
-374989;Aragón;Zaragoza;Calatayud;Calatayud
-374990;Aragón;Zaragoza;Calatorao;Calatorao
-375000;Aragón;Zaragoza;Calcena;Calcena
-375006;Cataluña;Barcelona;Caldes d'Estrac;Caldes d'Estrac
-375007;Castilla y León;León;Sena de Luna;Caldas de Luna
-375008;Cataluña;Gerona;Caldes de Malavella;Caldes de Malavella
-375009;Cataluña;Barcelona;Caldes de Montbui;Caldes de Montbui
-375010;Galicia;Pontevedra;Caldas de Reis;Caldas de Reis
-375013;Galicia;La Coruña;Carnota;Caldebarcos
-375015;Galicia;Pontevedra;Tui;Caldelas
-375021;Islas Canarias;Fuerteventura;Oliva, La;Caldereta
-375024;Comunidad Valenciana;Valencia;Requena;Calderón
-375034;Cataluña;Barcelona;Calders;Calders
-375041;Principado de Asturias;Principado de Asturias;Parres;Caldevilla
-375044;Principado de Asturias;Principado de Asturias;Cangas del Narcea;Caldevilla de Rengos
-375048;Principado de Asturias;Principado de Asturias;Llanes;Caldueño
-375049;Principado de Asturias;Principado de Asturias;Caso;Caleao
-375050;Galicia;Pontevedra;Vilanova de Arousa;Caleiro
-375052;Cataluña;Gerona;Palafrugell;Calella de Palafrugell
-375055;Islas Canarias;La Gomera;Valle Gran Rey;Calera
-375056;Principado de Asturias;Principado de Asturias;Carreño;Calera
-375062;Extremadura;Badajoz;Calera de León;Calera de León
-375063;Castilla-La Mancha;Toledo;Calera y Chozas;Calera y Chozas
-375065;Castilla y León;Burgos;Caleruega;Caleruega
-375066;Castilla-La Mancha;Toledo;Caleruela;Caleruela
-375072;Islas Canarias;Tenerife;Garachico;Caleta de Interián
-375073;Islas Canarias;Lanzarote;Teguise;Caleta de Sebo
-375082;Cantabria;Cantabria;Liérganes;Calgar
-375086;Comunidad Valenciana;Castellón;Càlig;Cálig
-375091;Galicia;La Coruña;Rois;Calle
-375095;Castilla y León;León;Santa María de Ordás;Callejo de Ordás
-375099;Comunidad Valenciana;Valencia;Calles;Calles
-375105;Comunidad Valenciana;Alicante;Callosa d'en Sarrià;Callosa de Ensarriá
-375106;Comunidad Valenciana;Alicante;Callosa de Segura;Callosa de Segura
-375108;Aragón;Zaragoza;Calmarza;Calmarza
-375110;Región de Murcia;Región de Murcia;Lorca;Calnegre
-375113;Galicia;La Coruña;Teo;Calo
-375115;Galicia;La Coruña;Vimianzo;Calo
-375119;Cantabria;Cantabria;Pesaguero;Caloca
-375121;Aragón;Teruel;Calomarde;Calomarde
-375122;Islas Baleares;Mallorca;Santanyí;Calonge
-375123;Cataluña;Gerona;Calonge;Calonge
-375124;Comunidad Valenciana;Alicante;Calp;Calpe
-375132;Castilla y León;Salamanca;Calvarrasa de Abajo;Calvarrasa de Abajo
-375138;Aragón;Huesca;Beranuy;Calvera
-375139;Islas Baleares;Mallorca;Calvià;Santa Ponsa
-375140;Cataluña;Lérida;Valls de Valira, Les;Calvinyá
-375149;Galicia;La Coruña;Arzúa;Calvos de Socamino
-375156;Castilla y León;Palencia;Calzada de los Molinos;Calzada de los Molinos
-375158;Castilla y León;Salamanca;Calzada de Valdunciel;Calzada de Valdunciel
-375164;Castilla y León;Palencia;Cervatos de la Cueza;Calzadilla de la Cueza
-375167;Extremadura;Badajoz;Fuente de Cantos;Calzadilla de Los Barros
-375169;Castilla y León;Zamora;Calzadilla de Tera;Calzadilla de Tera
-375177;Cantabria;Cantabria;Camaleño;Camaleño
-375179;Cataluña;Gerona;Saus, Camallera i Llampaies;Camallera
-375180;Aragón;Teruel;Camañas;Camañas
-375181;Principado de Asturias;Principado de Asturias;Ribadesella;Camango
-375182;Galicia;Pontevedra;Vila de Cruces;Camanzo
-375187;Cataluña;Lérida;Camarasa;Camarasa
-375192;Aragón;Teruel;Camarena de la Sierra;Camarena de la Sierra
-375193;Castilla-La Mancha;Toledo;Camarenilla;Camarenilla
-375195;Cantabria;Cantabria;Camargo;Camargo
-375199;Galicia;La Coruña;Camariñas;Camariñas
-375202;Comunidad de Madrid;Comunidad de Madrid;Camarma de Esteruelas;Camarma de Esteruelas
-375203;Principado de Asturias;Principado de Asturias;Cabrales;Camarmeña
-375207;Castilla y León;Zamora;Camarzana de Tera;Camarzana de Tera
-375208;Andalucía;Sevilla;Camas;Camas
-375210;Castilla y León;Palencia;Pernía, La;Camasobres
-375218;Galicia;Pontevedra;Cambados;Cambados
-375220;Cantabria;Cantabria;Cabezón de Liébana;Cambarco
-375222;Galicia;La Coruña;Vimianzo;Cambeda
-375225;Galicia;Orense;Coles;Cambeo
-375226;Andalucía;Jaén;Cambil;Cambil
-375229;Galicia;La Coruña;Cambre;Cambre
-375230;Galicia;La Coruña;Malpica de Bergantiños;Cambre
-375231;Cataluña;Tarragona;Cambrils;Cambrils
-375232;Extremadura;Cáceres;Caminomorisco;Cambrón
-375243;Galicia;La Coruña;Camariñas;Camelle
-375254;Cantabria;Cantabria;Herrerías;Camijanes
-375258;Galicia;Lugo;Palas de Rei;Camino
-375261;Principado de Asturias;Principado de Asturias;Siero;Camino
-375265;Extremadura;Cáceres;Caminomorisco;Caminomorisco
-375268;Principado de Asturias;Principado de Asturias;Villaviciosa;Camoca de Abajo
-375275;Cataluña;Gerona;Camós;Camós
-375276;Galicia;Pontevedra;Nigrán;Camos
-375279;País Vasco;Vizcaya;Urduliz;Urduliz
-375294;País Vasco;Vizcaya;Ajangiz;Campanchu
-375296;Islas Baleares;Mallorca;Campanet;Campanet
-375299;Andalucía;Cádiz;Chiclana de la Frontera;Campano
-375300;Galicia;Pontevedra;Pontevedra;Campañó
-375305;Principado de Asturias;Principado de Asturias;Castropol;Campas
-375310;Cataluña;Gerona;Ripoll;Campdevánol
-375314;Comunidad Valenciana;Alicante;Murla;Campell
-375315;Cataluña;Gerona;Campelles;Campelles
-375316;Comunidad Valenciana;Alicante;Campello, el;El Campello
-375320;Castilla y León;León;Arganza;Campelo
-375322;Galicia;La Coruña;Dumbría;Campelo
-375327;Principado de Asturias;Principado de Asturias;Teverga;Campiello
-375330;Principado de Asturias;Principado de Asturias;Sobrescobio;Campiellos
-375333;Castilla-La Mancha;Guadalajara;Campillo de Ranas;Campillo de Ranas
-375336;Aragón;Teruel;Teruel;Campillo
-375345;Región de Murcia;Región de Murcia;Cartagena;Campillo de Adentro
-375346;Castilla-La Mancha;Cuenca;Campillo de Altobuey;Campillo de Altobuey
-375348;Castilla y León;Burgos;Campillo de Aranda;Campillo de Aranda
-375349;Andalucía;Jaén;Campillo de Arenas;Campillo de Arenas
-375350;Región de Murcia;Región de Murcia;Fuente Álamo de Murcia;Campillo de Arriba
-375351;Castilla y León;Salamanca;Campillo de Azaba;Campillo de Azaba
-375353;Castilla-La Mancha;Guadalajara;Campillo de Dueñas;Campillo de Dueñas
-375360;Castilla-La Mancha;Guadalajara;Campillo de Ranas;Campillo de Ranas
-375362;Andalucía;Málaga;Campillos;Campillos
-375364;Castilla-La Mancha;Cuenca;Campillos-Paravientos;Campillos-Paravientos
-375369;Cataluña;Barcelona;Campins;Campins
-375370;Castilla-La Mancha;Guadalajara;Campisábalos;Campisábalos
-375372;Cantabria;Cantabria;Suances;Camplengo
-375374;Castilla y León;León;Villamanín;Camplongo
-375375;Galicia;Pontevedra;Covelo;Campo
-375377;Galicia;Orense;Nogueira de Ramuín;Campo
-375378;Aragón;Huesca;Campo;Campo
-375383;Galicia;La Coruña;Arzúa;Campo
-375394;Comunidad Valenciana;Valencia;Requena;Campo Arcís
-375400;Aragón;Huesca;Boltaña;Campodarbe
-375403;Principado de Asturias;Principado de Asturias;Caso;Caso
-375404;Castilla-La Mancha;Ciudad Real;Campo de Criptana;Campo de Criptana
-375405;Castilla y León;Segovia;Cuéllar;Campo de Cuéllar
-375415;Castilla y León;Segovia;Campo de San Pedro;Campo de San Pedro
-375416;Castilla y León;León;Campo de Villavidel;Campo de Villavidel
-375428;Principado de Asturias;Principado de Asturias;Lena;Campomanes
-375429;País Vasco;Vizcaya;Zierbena;Campomar
-375431;Castilla y León;León;Camponaraya;Camponaraya
-375433;Andalucía;Córdoba;Priego de Córdoba;Campo-Nubes
-375436;Comunidad de Madrid;Comunidad de Madrid;Campo Real;Campo Real
-375445;Castilla y León;Palencia;Velilla del Río Carrión;Camporredondo de Alba
-375446;Aragón;Huesca;Camporrélls;Camporrells
-375450;Galicia;Lugo;Carballedo;Campos
-375451;Galicia;La Coruña;Muxía;Campos
-375456;Galicia;Pontevedra;Guarda, A;Camposancos
-375462;Islas Baleares;Mallorca;Campos;Campos
-375463;Región de Murcia;Región de Murcia;Campos del Río;Campos del Río
-375464;Galicia;Lugo;Quiroga;Campos de Vila
-375468;Andalucía;Granada;Campotéjar;Campotéjar
-375470;Cataluña;Tarragona;Masdenverge;Campredó
-375471;Cataluña;Gerona;Camprodon;Camprodon
-375472;La Rioja;La Rioja;Camprovín;Camprovín
-375476;Castilla-La Mancha;Toledo;Camuñas;Camuñas
-375497;Andalucía;Jaén;Beas de Segura;Cañada Catena
-375504;Región de Murcia;Región de Murcia;Mazarrón;Cañada de Gallego
-375518;Andalucía;Córdoba;Fuente Obejuna;Cañada del Gamo
-375519;Castilla-La Mancha;Cuenca;Cañada del Hoyo;Cañada del Hoyo
-375523;Castilla-La Mancha;Albacete;Molinicos;Cañada del Provencio
-375524;Andalucía;Sevilla;Écija;Cañada del Rabadán
-375530;Región de Murcia;Región de Murcia;Abanilla;Cañada del Trigo
-375556;Aragón;Teruel;Cañada Vellida;Cañada Vellida
-375562;País Vasco;Vizcaya;Ibarrangelu;Canala
-375564;Andalucía;Huelva;Almonaster la Real;Canaleja
-375565;Castilla-La Mancha;Albacete;Alcaraz;Canaleja
-375576;Castilla y León;Valladolid;Canalejas de Peñafiel;Canalejas de Peñafiel
-375581;Cantabria;Cantabria;Udías;Canales
-375603;Castilla-La Mancha;Cuenca;Cañamares;Cañamares
-375611;Extremadura;Cáceres;Cañamero;Cañamero
-375613;Andalucía;Granada;Cáñar;Cáñar
-375614;Región de Murcia;Región de Murcia;Cehegín;Canara
-375618;Islas Canarias;Gran Canaria;Valsequillo de Gran Canaria;Valsequillo de Gran Canaria
-375621;La Rioja;La Rioja;Cañas;Cañas
-375622;Galicia;La Coruña;Carral;Cañás
-375635;Extremadura;Cáceres;Cañaveral;Cañaveral
-375639;Castilla-La Mancha;Cuenca;Cañaveras;Cañaveras
-375669;Principado de Asturias;Principado de Asturias;Gijón;Candanal
-375678;Principado de Asturias;Principado de Asturias;Carreño;Candás
-375680;Aragón;Huesca;Candasnos;Candasnos
-375686;Islas Canarias;Tenerife;Candelaria;Candelaria
-375690;Castilla y León;Salamanca;Candelario;Candelario
-375692;Castilla y León;Ávila;Candeleda;Candeleda
-375699;Castilla y León;León;Candín;Candín
-375712;Galicia;La Coruña;Cabana de Bergantiños;Canduas
-375713;Castilla y León;Palencia;Aguilar de Campoo;Canduela
-375719;Castilla y León;León;Arganza;Canedo
-375720;Galicia;La Coruña;Carnota;Canedó
-375721;Cantabria;Cantabria;Soba;Cañedo
-375723;Principado de Asturias;Principado de Asturias;Pravia;Cañedo
-375724;Principado de Asturias;Principado de Asturias;Valdés;Canedo
-375726;Región de Murcia;Región de Murcia;Caravaca de la Cruz;Caneja
-375728;Cataluña;Lérida;Canejan;Canejan
-375731;Cataluña;Gerona;Navata;Cañellas
-375733;Andalucía;Jaén;Canena;Canena
-375734;Comunidad de Madrid;Comunidad de Madrid;Canencia;Canencia
-375736;Principado de Asturias;Principado de Asturias;Valdés;Canero
-375738;Cataluña;Gerona;Canet d'Adri;Canet d'Adri
-375739;Comunidad Valenciana;Valencia;Canet d'En Berenguer;Canet d'en Berenguer
-375740;Cataluña;Barcelona;Canet de Mar;Canet de Mar
-375741;Cataluña;Gerona;Sant Feliu de Guíxols;Canyet de Mar
-375742;Castilla-La Mancha;Cuenca;Cañete;Cañete
-375745;Andalucía;Córdoba;Cañete de las Torres;Cañete de las Torres
-375747;Andalucía;Málaga;Cañete la Real;Cañete la Real
-375748;Comunidad Valenciana;Castellón;Canet lo Roig;Canet lo Roig
-375750;Aragón;Huesca;Canfranc;Estación de Canfranc
-375753;Galicia;Pontevedra;Cangas;Cangas de Morrazo
-375758;Principado de Asturias;Principado de Asturias;Cangas del Narcea;Cangas del Narcea
-375759;Principado de Asturias;Principado de Asturias;Cangas de Onís;Cangas de Onís
-375762;Galicia;Orense;Irixo, O;Cangues
-375765;Castilla y León;Segovia;Matabuena;Cañícosa
-375766;Castilla y León;Burgos;Canicosa de la Sierra;Canicosa de la Sierra
-375770;Andalucía;Granada;Caniles;Caniles
-375779;Andalucía;Málaga;Canillas de Aceituno;Canillas de Aceituno
-375780;Andalucía;Málaga;Canillas de Albaida;Canillas de Albaida
-375786;Principado de Asturias;Principado de Asturias;Ponga;Canisquezo
-375795;Castilla-La Mancha;Cuenca;Cañizares;Cañizares
-375798;Andalucía;Almería;Canjáyar;Canjáyar
-375800;Principado de Asturias;Principado de Asturias;Cangas de Onís;Caño
-375820;Comunidad Valenciana;Alicante;Benissa;Canor
-375821;Castilla y León;Soria;Aldehuela de Periáñez;Canos
-375829;Región de Murcia;Región de Murcia;Fuente Álamo de Murcia;Cánovas
-375831;Cataluña;Barcelona;Canovelles;Canovelles
-375832;Cataluña;Barcelona;Cànoves i Samalús;Cánoves
-375835;Islas Baleares;Mallorca;Santa Margalida;Can Picafort
-375840;Galicia;Pontevedra;Porriño, O;Cans
-375851;Castilla y León;Salamanca;Cantagallo;Cantagallo
-375856;Castilla y León;Segovia;Cantalejo;Cantalejo
-375858;Cataluña;Gerona;Cantallops;Cantallops
-375860;Castilla-La Mancha;Guadalajara;Cantalojas;Cantalojas
-375870;Aragón;Teruel;Cantavieja;Cantavieja
-375881;Andalucía;Sevilla;Cantillana;Cantillana
-375897;Castilla y León;Palencia;Castrejón de la Peña;Cantoral
-375898;Andalucía;Almería;Cantoria;Cantoria
-375905;Cataluña;Barcelona;Dosrius;Canyamars
-375906;Cataluña;Barcelona;Canyelles;Canyelles
-375912;Cataluña;Tarragona;Capafonts;Capafons
-375914;Andalucía;Granada;Atarfe;Caparacena
-375917;Comunidad Foral de Navarra;Comunidad Foral de Navarra;Caparroso;Caparroso
-375919;Islas Baleares;Mallorca;Calvià;Es Capdellà
-375920;Cataluña;Lérida;Torre de Cabdella, La;Capdella
-375921;Islas Baleares;Mallorca;Capdepera;Capdepera
-375922;Aragón;Huesca;Capdesaso;Capdesaso
-375926;Galicia;La Coruña;Capela, A;Capela, A
-375930;Cataluña;Barcelona;Capellades;Capellades
-375938;Andalucía;Granada;Capileira;Capileira
-375943;Cataluña;Gerona;Capmany;Capmany
-375944;Comunidad Valenciana;Alicante;Altea;Capnegret
-375951;Cataluña;Tarragona;Capçanes;Capçanes
-375958;Comunidad de Madrid;Comunidad de Madrid;Carabaña;Carabaña
-375959;Comunidad de Madrid;Comunidad de Madrid;Leganés;Carabanchel
-375963;Principado de Asturias;Principado de Asturias;Lena;Cárabanzo
-375964;Castilla-La Mancha;Guadalajara;Sigüenza;Carabias
-375965;Castilla y León;Segovia;Carabias;Carabias
-375973;Castilla-La Mancha;Cuenca;Huete;Caracenilla
-375989;Cantabria;Cantabria;Reocín;Caranceja
-375991;Cantabria;Cantabria;Piélagos;Carandía
-375992;Principado de Asturias;Principado de Asturias;Proaza;Caranga
-375997;Galicia;La Coruña;Ferrol;Caranza
-376000;Cantabria;Cantabria;Voto;Carasa
-376001;Andalucía;Granada;Cáñar;Carataunas
-376002;Región de Murcia;Región de Murcia;Caravaca de la Cruz;Caravaca de la Cruz
-376004;Principado de Asturias;Principado de Asturias;Gijón;Caravedo
-376006;Principado de Asturias;Principado de Asturias;Caravia;Caravia
-376008;Principado de Asturias;Principado de Asturias;Llanera;Caraviés
-376015;Principado de Asturias;Principado de Asturias;Laviana;Carbajal
-376016;Principado de Asturias;Principado de Asturias;Nava;Carbajal
-376032;Castilla y León;Salamanca;Santa Marta de Tormes;Carbajosa de la sagrada
-376036;Galicia;La Coruña;Ribeira;Carballal
-376038;Galicia;Lugo;Palas de Rei;Carballal
-376045;Galicia;Orense;Carballeda de Avia;Carballeda de Avia
-376046;Galicia;Pontevedra;Cerdedo-Cotobade;Carballedo
-376047;Galicia;Lugo;Carballedo;Carballedo
-376049;Galicia;Orense;Nogueira de Ramuín;Carballeira
-376055;Galicia;Lugo;Alfoz;Carballido
-376056;Galicia;Orense;Carballiño, O;O Carballiño
-376057;Galicia;Lugo;Pantón;O Carballo
-376060;Galicia;La Coruña;Carballo;Carballo
-376068;Principado de Asturias;Principado de Asturias;Corvera de Asturias; 
-376069;Principado de Asturias;Principado de Asturias;Siero;Carbayín
-376070;Castilla y León;Zamora;Carbellino;Carbellino
-376078;Comunidad Valenciana;Alicante;Alfàs del Pi, l';Carbonera
-376087;Andalucía;Almería;Carboneras;Carboneras
-376094;Castilla-La Mancha;Cuenca;Carboneras de Guadazaón;Carboneras de Guadazaón
-376096;Castilla y León;Segovia;Armuña;Carbonero de Ahusín
-376097;Castilla y León;Segovia;Carbonero el Mayor;Carbonero el Mayor
-376106;Cantabria;Cantabria;San Roque de Riomiera;Carcaval
-376110;Extremadura;Cáceres;Carcaboso;Carcaboso
-376111;Andalucía;Córdoba;Carcabuey;Carcabuey
-376113;Comunidad Valenciana;Valencia;Carcaixent;Carcagente
-376114;País Vasco;Álava;Valdegovía / Gaubea;Cárcamo
-376115;Comunidad Foral de Navarra;Comunidad Foral de Navarra;Cárcar;Cárcar
-376116;Comunidad Foral de Navarra;Comunidad Foral de Navarra;Carcastillo;Carcastillo
-376126;Principado de Asturias;Principado de Asturias;Valdés;Carcedo
-376128;Castilla y León;Burgos;Carcedo de Burgos;Carcedo de Burgos
-376129;Castilla-La Mancha;Albacete;Carcelén;Carcelén
-376132;Región de Murcia;Región de Murcia;Yecla;Carche
-376134;Andalucía;Jaén;Cárcheles;Carchel
-376135;Andalucía;Jaén;Cárcheles;Carchelejo
-376139;Principado de Asturias;Principado de Asturias;Villaviciosa;Carda
-376143;Castilla y León;Palencia;Velilla del Río Carrión;Cardaño de Abajo
-376146;Cataluña;Barcelona;Cardedeu;Cardedeu
-376148;Castilla y León;Soria;Almenar de Soria;Cardejón
-376151;Andalucía;Córdoba;Cardeña;Cardeña
-376154;Castilla y León;Burgos;Cardeñadijo;Cardeñadijo
-376156;Castilla y León;Burgos;Cardeñajimeno;Cardeñajimeno
-376159;La Rioja;La Rioja;Cárdenas;Cárdenas
-376162;Castilla-La Mancha;Cuenca;Cardenete;Cardenete
-376164;Castilla y León;Ávila;Cardeñosa;Cardeñosa
-376167;Castilla y León;Burgos;Cardeñuela Riopico;Cardeñuela-Ríopico
-376169;Principado de Asturias;Principado de Asturias;Piloña;Cardes
-376170;Principado de Asturias;Principado de Asturias;Cangas de Onís;Cardes
-376173;Castilla-La Mancha;Toledo;Cardiel de los Montes;Cardiel de los Montes
-376178;Islas Canarias;Fuerteventura;Tuineje;Cardón
-376181;Cataluña;Barcelona;Cardona;Cardona
-376183;Principado de Asturias;Principado de Asturias;Llanes;Cardoso
-376185;Cataluña;Lérida;Rialp;Caregue
-376189;Aragón;Zaragoza;Carenas;Carenas
-376193;Principado de Asturias;Principado de Asturias;Siero;Careses
-376198;Aragón;Zaragoza;Cariñena;Cariñena
-376200;Galicia;La Coruña;Cariño;Cariño
-376204;Galicia;Pontevedra;Ponte Caldelas;Caritel
-376208;Comunidad Valenciana;Valencia;Carlet;Carlet
-376211;Cataluña;Barcelona;Carme;Carme
-376215;Castilla-La Mancha;Toledo;Carmena;Carmena
-376218;Andalucía;Sevilla;Carmona;Carmona
-376219;Región de Murcia;Región de Murcia;Alhama de Murcia;Carmona
-376220;Cantabria;Cantabria;Cabuérniga;Carmona
-376224;Extremadura;Cáceres;Montánchez;Carmonita
-376232;Galicia;La Coruña;Vimianzo;Carnés
-376234;Galicia;La Coruña;Sada;San Andrés de Carnoedo
-376235;Galicia;La Coruña;Carnota;Carnota
-376236;Galicia;La Coruña;Carnota;Carnota
-376242;Galicia;Pontevedra;Cerdedo-Cotobade;Caroy
-376252;Castilla y León;Salamanca;Carpio de Azaba;Carpio de Azaba
-376257;Andalucía;Sevilla;Huévar del Aljarafe;Carraca
-376259;Castilla y León;León;Carracedelo;Carracedelo
-376262;Galicia;Orense;Peroxa, A;Carracedo
-376263;Galicia;Pontevedra;Caldas de Reis;Carracedo
-376268;Castilla y León;León;Carracedelo;Carracedelo
-376275;Galicia;La Coruña;Carral;Carral
-376284;Principado de Asturias;Principado de Asturias;Colunga;Carrandi
-376285;Castilla-La Mancha;Toledo;Carranque;Carranque
-376287;Principado de Asturias;Principado de Asturias;Llanes;Carranzo
-376295;Castilla y León;Salamanca;Carrascal de Barregas;Carrascal de Barregas
-376298;Castilla y León;Segovia;Turégano;Carrascal
-376299;Castilla y León;Segovia;Carrascal del Río;Carrascal del Río
-376302;Cantabria;Cantabria;Luena;Carrascal de San Miguel
-376304;Región de Murcia;Región de Murcia;Yecla;Carrascalejo
-376305;Extremadura;Cáceres;Carrascalejo;Carrascalejo
-376313;Castilla-La Mancha;Cuenca;Carrascosa;Carrascosa
-376318;Castilla-La Mancha;Guadalajara;Espinosa de Henares;Carrascosa de Henaves
-376320;Castilla-La Mancha;Cuenca;Campos del Paraíso;Carrascosa del Campo
-376324;Andalucía;Málaga;Sayalonga;Carraspite
-376327;Andalucía;Málaga;Carratraca;Carratraca
-376330;Galicia;La Coruña;Ribeira;Carreira
-376335;Cantabria;Cantabria;Cabezón de la Sal;Carrejo
-376337;Principado de Asturias;Principado de Asturias;Cabrales;Carreña
-376339;Comunidad Valenciana;Alicante;Campello, el;Carrer del Mar
-376348;Cantabria;Cantabria;Ribamontán al Mar;Carriazo
-376351;Comunidad Valenciana;Valencia;Carrícola;Carrícola
-376352;Galicia;Pontevedra;Rianxo;Carril
-376361;Principado de Asturias;Principado de Asturias;Carreño;Carreño
-376366;Castilla y León;Palencia;Carrión de los Condes;Carrión de los Condes
-376370;Islas Canarias;Gran Canaria;Agüimes;Carrizal
-376378;Castilla y León;León;Carrizo;Carrizo de la Ribera
-376379;Castilla-La Mancha;Ciudad Real;Carrizosa;Carrizosa
-376385;Castilla y León;León;Carrocera;Carrocera
-376386;Principado de Asturias;Principado de Asturias;Aller;Carrocera
-376389;Comunidad Valenciana;Alicante;Vall de Gallinera;Carroja
-376394;Región de Murcia;Región de Murcia;Cartagena;Cartagena
-376396;Andalucía;Málaga;Cartajima;Cartajima
-376397;Andalucía;Málaga;Cártama;Cártama
-376399;Andalucía;Málaga;Cártama;Cártama
-376400;Principado de Asturias;Principado de Asturias;Coaña;Cartavio
-376401;Andalucía;Huelva;Cartaya;Cartaya
-376404;Cataluña;Gerona;Sant Gregori;Cartellá
-376408;Cantabria;Cantabria;Cartes;Cartes
-376413;Castilla y León;León;Carucedo;Carucedo
-376423;Andalucía;Málaga;Casabermeja;Casabermeja
-376424;Islas Canarias;Gran Canaria;Firgas;Casablanca
-376425;Islas Canarias;Tenerife;Arico;Casablanca
-376442;Andalucía;Sevilla;Rinconada, La;Casablanquilla
-376460;Comunidad Valenciana;Alicante;Beniarbeig;Casa de la Maestra
-376473;Castilla-La Mancha;Guadalajara;Casa de Uceda;Casa de Uceda
-376477;Castilla y León;Salamanca;Casafranca;Casafranca
-376487;La Rioja;La Rioja;Casalarreina;Casalarreina
-376494;Cantabria;Cantabria;Herrerías;Casamaría
-376500;Islas Canarias;La Palma;Llanos de Aridane, Los;Casa Nueva
-376508;Islas Canarias;La Palma;Tijarafe;Casaquemada
-376512;Andalucía;Málaga;Casarabonela;Casarabonela
-376515;Extremadura;Cáceres;Casar de Cáceres;Casar de Cáceres
-376516;Galicia;Orense;Ramirás;Casardeita
-376517;Extremadura;Cáceres;Casar de Palomero;Casar de Palomero
-376521;Castilla y León;Soria;Casarejos;Casarejos
-376523;Andalucía;Málaga;Casares;Casares
-376530;Galicia;La Coruña;Somozas, As;Casares
-376532;Castilla y León;León;Villamanín;Casares de Arbas
-376533;Extremadura;Cáceres;Casares de las Hurdes;Casares de las Hurdes
-376534;Andalucía;Sevilla;Casariche;Casariche
-376538;Castilla-La Mancha;Toledo;Casarrubios del Monte;Casarrubios del Monte
-376546;Comunidad Valenciana;Alicante;Benitachell / Poble Nou de Benitatxell, el;Casas Abiar
-376547;Comunidad Valenciana;Alicante;Pedreguer;Casas Albardanera
-376550;Comunidad Valenciana;Valencia;Casas Altas;Casas Altas
-376553;Comunidad Valenciana;Valencia;Casas Bajas;Casas Bajas
-376555;Castilla-La Mancha;Toledo;Casasbuenas;Casasbuenas
-376557;Andalucía;Jaén;Santiago-Pontones;Casas Carrasco
-376561;Islas Canarias;Tenerife;Santa Cruz de Tenerife;Casas de Abajo
-376562;Región de Murcia;Región de Murcia;Mula;Casas de Abajo
-376568;Castilla-La Mancha;Cuenca;Sisante;Casas de Benítez
-376570;Extremadura;Cáceres;Casas de Don Antonio;Casas de Don Antonio
-376571;Extremadura;Cáceres;Casas de Don Gómez;Casas de Don Gómez
-376574;Extremadura;Badajoz;Casas de Don Pedro;Casas de Don Pedro
-376577;Aragón;Zaragoza;Ardisa;Casas de Esper
-376579;Castilla-La Mancha;Cuenca;Casas de Fernando Alonso;Casas de Fernando Alonso
-376583;Castilla-La Mancha;Cuenca;Casas de Haro;Casas de Haro
-376590;Castilla y León;Ávila;Umbrías;Casas del Abad
-376592;Región de Murcia;Región de Murcia;Alhama de Murcia;Casas del Aljibe
-376602;Castilla-La Mancha;Albacete;Casas de Lázaro;Casas de Lázaro
-376604;Extremadura;Cáceres;Casas del Castañar;Casas del Castañar
-376605;Castilla-La Mancha;Albacete;Alcalá del Júcar;Casas del Cerro
-376607;Región de Murcia;Región de Murcia;Torre-Pacheco;Casas del Cura
-376615;Islas Canarias;El Hierro;Valverde;Casas del Monte
-376616;Extremadura;Cáceres;Casas del Monte;Casas del Monte
-376622;Región de Murcia;Región de Murcia;Murcia;Casas de los Garcías
-376624;Castilla-La Mancha;Cuenca;Casas de los Pinos;Casas de los Pinos
-376625;Castilla y León;Ávila;Casas del Puerto;Casas del Puerto
-376626;Comunidad Valenciana;Valencia;Venta del Moro;Casas del Rey
-376630;Comunidad Valenciana;Alicante;Monóvar / Monòver;Casas del Señor
-376635;Extremadura;Cáceres;Casas de Millán;Casas de Millán
-376640;Comunidad Valenciana;Valencia;Venta del Moro;Casas de Moya
-376645;Comunidad Valenciana;Valencia;Venta del Moro;Casa de Pradas
-376646;Islas Canarias;Tenerife;Puerto de la Cruz;Casas de Quilis
-376647;Extremadura;Badajoz;Casas de Reina;Casas de Reina
-376648;Castilla-La Mancha;Cuenca;Casas de los Pinos;Casas de los Pinos
-376650;Castilla-La Mancha;Cuenca;Villanueva de la Jara;Casas de Santa Cruz
-376653;Región de Murcia;Región de Murcia;Cartagena;Casas de Tallante
-376655;Comunidad Valenciana;Alicante;Calp;Casas de Torrat
-376656;Castilla-La Mancha;Albacete;Casas de Ves;Casas de Ves
-376657;Comunidad Valenciana;Alicante;Dénia;Casas Devesa
-376661;Castilla-La Mancha;Albacete;Casas-Ibáñez;Casas Ibáñez
-376663;Comunidad Valenciana;Alicante;Pedreguer;Casas Jara
-376664;Comunidad Valenciana;Valencia;Xeraco;Casas Las Basas
-376673;Región de Murcia;Región de Murcia;Murcia;Casas Nuevas
-376680;Cantabria;Cantabria;Ruiloba;Casasola
-376685;Comunidad Valenciana;Alicante;Teulada;Casas Playas
-376686;Comunidad Valenciana;Alicante;Pedreguer;Casas Pontet
-376694;Extremadura;Cáceres;Casatejada;Casatejada
-376697;Cataluña;Gerona;Corçà;Casavells
-376698;Castilla y León;Ávila;Casavieja;Casavieja
-376699;Galicia;Orense;Carballeda de Valdeorras;Casayo
-376701;Aragón;Huesca;Casbas de Huesca;Casbas de Huesca
-376706;Castilla y León;Burgos;Cascajares de la Sierra;Cascajares de la Sierra
-376713;Comunidad Foral de Navarra;Comunidad Foral de Navarra;Cascante;Cascante
-376714;Aragón;Teruel;Cascante del Río;Cascante del Río
-376716;Islas Baleares;Mallorca;Felanitx;Cas Concos
-376719;Comunidad Foral de Navarra;Comunidad Foral de Navarra;Cáseda;Cáseda
-376720;Galicia;Lugo;Samos;Casela
-376723;Cataluña;Tarragona;Caseres;Caseras
-376728;Comunidad Valenciana;Alicante;Campello, el;Caserío Cañada
-376736;Cataluña;Barcelona;Sant Sadurní d'Anoia;Caserío de Ca'l Batista
-376738;Cataluña;Barcelona;Subirats;Caserío de Ca'n Rosell
-376742;Comunidad Valenciana;Alicante;Castalla;Caserío El Campello
-376756;Comunidad Valenciana;Valencia;Xeresa;Caserío La Estación
-376763;Región de Murcia;Región de Murcia;Cartagena;Caserío Los Fuentes de los Solanos
-376767;Región de Murcia;Región de Murcia;Murcia;Caserío los Tarquinos
-376779;Cataluña;Barcelona;Casserres;Caserras
-376781;Aragón;Zaragoza;Zaragoza;Casetas
-376786;Región de Murcia;Región de Murcia;Caravaca de la Cruz;Casicas
-376787;Comunidad Valenciana;Alicante;Crevillent;Casicas
-376789;Principado de Asturias;Principado de Asturias;Valdés;Casiellas
-376792;Castilla y León;Ávila;Casillas;Casillas
-376800;Castilla y León;Soria;Caltojar;Casillas de Berlanga
-376804;Islas Canarias;Fuerteventura;Puerto del Rosario;Casillas del Ángel
-376808;Islas Canarias;Fuerteventura;Antigua;Casillas de Morales
-376811;Extremadura;Cáceres;Valencia de Alcántara;Casiñas Altas
-376812;Extremadura;Cáceres;Valencia de Alcántara;Casiñas Bajas
-376813;Comunidad Valenciana;Valencia;Casinos;Casinos
-376814;Castilla y León;Segovia;Casla;Casla
-376820;Aragón;Zaragoza;Caspe;Caspe
-376822;Castilla-La Mancha;Guadalajara;Caspueñas;Caspueñas
-376824;Cataluña;Gerona;Cassà de la Selva;Cassá de la Selva
-376826;Comunidad Valenciana;Alicante;Castalla;Castalla
-376832;Extremadura;Cáceres;Castañar de Ibor;Castañar de Ibor
-376833;Castilla y León;Burgos;Burgos;Castañares
-376834;La Rioja;La Rioja;Viguera;Castañares de las Cuevas
-376835;La Rioja;La Rioja;Castañares de Rioja;Castañares de Rioja
-376838;Principado de Asturias;Principado de Asturias;Morcín;Castandiello
-376839;Galicia;La Coruña;Arzúa;Castañeda
-376841;Principado de Asturias;Principado de Asturias;Cangas del Narcea;Castañedo
-376847;Cantabria;Cantabria;Ribamontán al Mar;Castanedo
-376848;Principado de Asturias;Principado de Asturias;Valdés;Castañedo
-376855;Principado de Asturias;Principado de Asturias;Bimenes;Castañera
-376860;Principado de Asturias;Principado de Asturias;Cudillero;Castañeras
-376861;Aragón;Huesca;Montanuy;Castanesa
-376867;Andalucía;Huelva;Castaño del Robledo;Castaño de Robledo
-376875;Andalucía;Huelva;Aracena;Castañuelo
-376877;Andalucía;Granada;Cástaras;Cástaras
-376879;Comunidad Foral de Navarra;Comunidad Foral de Navarra;Castejón;Castejón
-376886;Aragón;Zaragoza;Castejón de las Armas;Castejón de las Armas
-376888;Aragón;Huesca;Castejón del Puente;Castejón del Puente
-376889;Aragón;Huesca;Castejón de Monegros;Carvoeiro
-376891;Aragón;Huesca;Castejón de Sos;Castejón de Sos
-376905;Cataluña;Barcelona;Navàs;Castelladral
-376909;Castilla y León;Zamora;Puebla de Sanabria;Castellanos
-376912;Castilla y León;Burgos;Castellanos de Castro;Castellanos de Castro
-376913;Castilla y León;Salamanca;Castellanos de Moriscos;Castellanos de Moriscos
-376914;Castilla y León;Salamanca;Castellanos de Villiquera;Castellanos de Villiquera
-376916;Cataluña;Barcelona;Castellar del Vallès;Castellar
-376925;Andalucía;Cádiz;Castellar de la Frontera;Castellar de la Frontera
-376926;Cataluña;Gerona;Vall de Bianya, La;Castellar de la Montaña
-376928;Cataluña;Gerona;Quart;Castellar de la Selva
-376930;Cataluña;Barcelona;Castellar de n'Hug;Castellar de n'Hug
-376931;Castilla-La Mancha;Ciudad Real;Castellar de Santiago;Castellar de Santiago
-376936;Cataluña;Barcelona;Castellbell i el Vilar;Castellbell i Vilar
-376937;Cataluña;Barcelona;Castellbisbal;Castellbisbal
-376938;Cataluña;Lérida;Montferrer i Castellbò;Vall de Castellbò
-376940;Cataluña;Barcelona;Castellcir;Castellcir
-376941;Cataluña;Lérida;Seu d'Urgell, La;Castellciutat
-376942;Cataluña;Lérida;Castelldans;Castelldáns
-376944;Comunidad Valenciana;Alicante;Castell de Castells;Castell de Castells
-376945;Cataluña;Barcelona;Castelldefels;Castelldefels
-376946;Andalucía;Granada;Lújar;Castell de Ferro
-376947;Cataluña;Barcelona;Castell de l'Areny;Castell del Areny
-376948;Cataluña;Barcelona;Castellet i la Gornal;Castellet
-376951;Comunidad Valenciana;Castellón;Castellfort;Castellfort
-376952;Cataluña;Gerona;Castellfollit de la Roca;Castellfollit de la Roca
-376953;Cataluña;Barcelona;Castellfollit del Boix;Castellfullit del Boix
-376954;Cataluña;Barcelona;Castellfollit de Riubregós;Castellfullit de Riubregós
-376955;Islas Baleares;Mallorca;Algaida;Castellitx
-376959;Cataluña;Lérida;Castellnou de Seana;Castellnou de Seana
-376960;Comunidad Valenciana;Castellón;Castellnovo;Castellnovo
-376963;Cataluña;Gerona;Castelló d'Empúries;Castelló d'Empúries
-376964;Cataluña;Lérida;Castelló de Farfanya;Castelló de Farfaña
-376965;Cataluña;Barcelona;Castellolí;Castellolí
-376967;Comunidad Valenciana;Castellón;Castellón de la Plana / Castelló de la Plana;Castellón de la Plana
-376968;Comunidad Valenciana;Valencia;Castelló de Rugat;Castellón de Rugat
-376970;Comunidad Valenciana;Valencia;Castellonet de la Conquesta;Castellonet
-376971;Aragón;Teruel;Castellote;Castellote
-376973;Cataluña;Lérida;Castellserà;Castellserá
-376974;Cataluña;Barcelona;Castellterçol;Castelltersol
-376975;Cataluña;Tarragona;Castellvell del Camp;Castellvell
-376976;Cataluña;Barcelona;Castellví de Rosanes;Castellví de Rosanés
-376979;Galicia;Lugo;Incio, O;Castelo
-376984;Galicia;Lugo;Cervantes;Castelo
-376988;Galicia;La Coruña;Muxía;Castelo
-376999;Aragón;Teruel;Alcañiz;Castelserás
-377001;Comunidad Valenciana;Valencia;Castielfabib;Castielfabib
-377004;Principado de Asturias;Principado de Asturias;Parres;Castiello
-377006;Principado de Asturias;Principado de Asturias;Colunga;Castiello
-377010;Principado de Asturias;Principado de Asturias;Colunga;Castiello de Abajo
-377011;Aragón;Huesca;Castiello de Jaca;Castiello de Jaca
-377013;Aragón;Huesca;Castigaleu;Castigaleu
-377014;Extremadura;Badajoz;Castilblanco;Castilblanco
-377017;Andalucía;Sevilla;Castilblanco de los Arroyos;Castilblanco de los Arroyos
-377019;Andalucía;Córdoba;Priego de Córdoba;Castil de Campos
-377022;Castilla y León;Burgos;Castildelgado;Castildelgado
-377035;Aragón;Huesca;Castillazuelo;Castillazuelo
-377038;Andalucía;Sevilla;Castilleja de la Cuesta;Castilleja de la Cuesta
-377040;Andalucía;Granada;Castilléjar;Castilléjar
-377051;Castilla-La Mancha;Cuenca;Huete;Castillejo del Romeral
-377053;Castilla y León;Segovia;Castillejo de Mesleón;Castillejo de Mesleón
-377054;Castilla y León;Soria;Castillejo de Robledo;Castillejo de Robledo
-377062;Andalucía;Jaén;Chilluévar;Castillo
-377063;Extremadura;Cáceres;Pinofranqueado;Castillo
-377066;Cantabria;Cantabria;Arnuero;Castillo
-377082;Andalucía;Málaga;Torrox;Castillo Bajo
-377085;Cataluña;Gerona;Castell-Platja d'Aro;Castillo de Aro
-377086;Andalucía;Granada;Polopos;Castillo de Baños
-377087;Castilla-La Mancha;Toledo;Castillo de Bayuela;Castillo de Bayuela
-377088;Castilla-La Mancha;Cuenca;Castillo de Garcimuñoz;Castillo de Garcimuñoz
-377091;Andalucía;Jaén;Castillo de Locubín;Castillo de Locubín
-377093;Comunidad Valenciana;Valencia;Font d'En Carròs, la;Castillo del Reboller
-377094;Islas Canarias;Gran Canaria;San Bartolomé de Tirajana;Castillo del Romeral
-377095;Andalucía;Jaén;Mancha Real;Castillo de Recena
-377096;Andalucía;Málaga;Manilva;Castillo de Sabinillas
-377098;Comunidad Valenciana;Castellón;Castillo de Villamalefa;Castillo de Villamalefa
-377100;Galicia;Lugo;Pantón;Castillón
-377102;Aragón;Huesca;Castillonroy;Castillonroy
-377104;Cantabria;Cantabria;Corvera de Toranzo;Castillo-Pedroso
-377107;Castilla-La Mancha;Guadalajara;Castilnuevo;Castilnuevo
-377109;Aragón;Huesca;Loporzano;Castilsabás
-377110;La Rioja;La Rioja;Galbárruli;Castilseco
-377111;Castilla y León;Segovia;Fresno de Cantespino;Castiltierra
-377113;Galicia;Orense;Vilariño de Conso;Castiñeira
-377114;Galicia;La Coruña;Ribeira;Castiñeiras
-377120;Aragón;Teruel;Teruel;Castralvo
-377126;Castilla y León;Palencia;Castrejón de la Peña;Castrejón de la Peña
-377128;Galicia;Orense;San Xoán de Río;Castrelo
-377130;Galicia;Pontevedra;Cambados;Castrelo
-377139;Galicia;Orense;Castrelo de Miño;Castrelo de Miño
-377144;Andalucía;Granada;Castril;Castril
-377152;Castilla y León;León;Villamejil;Castrillo de Cepeda
-377156;Castilla y León;Zamora;Castrillo de la Guareña;Castrillo de la Guareña
-377160;Castilla y León;Burgos;Castrillo de la Vega;Castrillo de la Vega
-377162;Castilla y León;León;Astorga;Castrillo de los Polvazares
-377163;Castilla y León;Burgos;Castrillo del Val;Castrillo del Val
-377169;Castilla y León;León;Villazala;Castrillo de San Pelayo
-377170;Castilla y León;Segovia;Sepúlveda;Castrillo de Sepúlveda
-377177;Principado de Asturias;Principado de Asturias;Castrillón;Castrillón
-377184;Galicia;Lugo;Carballedo;Castro
-377187;Galicia;La Coruña;Boiro;Castro
-377192;Galicia;La Coruña;Melide;Castro
-377202;Cantabria;Cantabria;Cillorigo de Liébana;Castro
-377204;Galicia;La Coruña;Sada;Castro
-377209;Galicia;La Coruña;Valdoviño;Castro
-377221;Galicia;Orense;Castro Caldelas;Castro Caldelas
-377223;Castilla y León;León;Castrocontrigo;Castrocontrigo
-377231;Castilla y León;Segovia;Castro de Fuentidueña;Castro de Fuentidueña
-377234;Andalucía;Córdoba;Castro del Río;Castro del Río
-377235;Galicia;Lugo;Alfoz;Castro de Oro
-377238;Castilla y León;Zamora;Cobreros;Castro de Sanabria
-377242;Galicia;La Coruña;Pino, O;Castrofeito
-377245;Castilla y León;Burgos;Castrojeriz;Castrojeriz
-377248;Castilla y León;Segovia;Castrojimeno;Castrojimeno
-377252;Galicia;Lugo;Portomarín;Castromayor
-377265;Galicia;Lugo;Pobra do Brollón, A;Castroncelos
-377268;Castilla y León;Valladolid;Castronuño;Castronuño
-377271;Castilla y León;León;Castropodame;Castropodame
-377272;Principado de Asturias;Principado de Asturias;Castropol;Castropol
-377275;Castilla y León;León;Puente de Domingo Flórez;Castroquilame
-377277;Castilla y León;Segovia;Castroserna de Abajo;Castroserna de Abajo
-377278;Castilla y León;Segovia;Prádena;Castroserna de Arriba
-377283;Cantabria;Cantabria;Castro-Urdiales;Castro Urdiales
-377285;Principado de Asturias;Principado de Asturias;Tapia de Casariego;Castrovaselle
-377288;Galicia;Lugo;Castroverde;Castroverde
-377290;Castilla y León;Valladolid;Castroverde de Cerrato;Castroverde de Cerrato
-377294;Extremadura;Badajoz;Castuera;Castuera
-377296;Comunidad Valenciana;Valencia;Catadau;Catadau
-377302;Comunidad Valenciana;Valencia;Catarroja;Catarroja
-377305;Galicia;La Coruña;Outes;Catasueiro
-377307;Comunidad Valenciana;Castellón;Catí;Catí
-377308;Cataluña;Tarragona;Catllar, El;Catllar
-377310;Galicia;Pontevedra;Catoira;Catoira
-377311;Comunidad Valenciana;Alicante;Catral;Catral
-377312;Comunidad Valenciana;Alicante;Catral;Catral
-377317;Aragón;Teruel;Teruel;Caudé
-377319;Castilla-La Mancha;Albacete;Caudete;Caudete
-377321;Comunidad Valenciana;Valencia;Caudete de las Fuentes;Caudete de las Fuentes
-377322;Comunidad Valenciana;Castellón;Caudiel;Caudiel
-377323;Castilla-La Mancha;Toledo;Novés;Caudilla
-377324;Cataluña;Gerona;Vidreres;Caulés
-377327;Principado de Asturias;Principado de Asturias;Somiedo;Caunedo
-377330;Comunidad Valenciana;Alicante;Alfàs del Pi, l';Cautivador
-377336;Cantabria;Cantabria;Valdáliga;Caviedes
-377342;Principado de Asturias;Principado de Asturias;Llanera;Cayés
-377343;Galicia;La Coruña;Laracha, A;Cayón (Caión)
-377346;Castilla-La Mancha;Toledo;Cazalegas;Cazalegas
-377349;Andalucía;Sevilla;Cazalla de la Sierra;Cazalla de la Sierra
-377350;Principado de Asturias;Principado de Asturias;Villaviciosa;Cazamular
-377351;Principado de Asturias;Principado de Asturias;Villaviciosa;Cazanes
-377356;Principado de Asturias;Principado de Asturias;Amieva;Cazo
-377359;Andalucía;Jaén;Cazorla;Cazorla
-377363;Castilla y León;Zamora;Cazurra;Cazurra
-377365;Galicia;Orense;San Cristovo de Cea;Cea
-377371;Castilla y León;Zamora;Fonfría;Ceadea
-377373;Andalucía;Jaén;Huesa;Ceal
-377387;Galicia;Orense;Ourense;Cebollino
-377394;Galicia;Lugo;Pedrafita do Cebreiro;O Cebreiro
-377395;Castilla y León;Ávila;Cebreros;Cebreros
-377397;Castilla y León;León;Cebrones del Río;Cebrones del Río
-377398;Galicia;La Coruña;Cambre;Lugar Nebrixe
-377399;Principado de Asturias;Principado de Asturias;Nava;Ceceda de Abajo
-377401;Cantabria;Cantabria;Riotuerto;Ceceñas
-377402;Cantabria;Cantabria;Valdáliga;Ceceño
-377404;Extremadura;Cáceres;Ceclavín;Cedavín
-377405;Principado de Asturias;Principado de Asturias;Ibias;Cecos
-377409;Galicia;La Coruña;Cedeira;Cedeira
-377414;Castilla y León;Segovia;Cedillo de la Torre;Cedillo de la Torre
-377415;Castilla-La Mancha;Toledo;Cedillo del Condado;Cedillo del Condado
-377416;Cataluña;Lérida;Torrefeta i Florejacs;Sedo
-377426;Galicia;La Coruña;Cee;Cee
-377427;Principado de Asturias;Principado de Asturias;Gijón;Cefontes
-377431;Castilla y León;Segovia;Aldealengua de Pedraza;Ceguilla
-377432;Región de Murcia;Región de Murcia;Cehegín;Cehegín
-377435;Galicia;La Coruña;Baña, A;Ceilán
-377448;Galicia;Pontevedra;Vigo;Cela
-377455;Principado de Asturias;Principado de Asturias;Pesoz;Cela
-377457;Castilla y León;León;San Justo de la Vega;Celada
-377458;Principado de Asturias;Principado de Asturias;Villaviciosa;Celada
-377464;Cantabria;Cantabria;Hermandad de Campoo de Suso;Celada de los Calderones
-377476;Galicia;Orense;Celanova;Celanova
-377480;País Vasco;Vizcaya;Gautegiz Arteaga;Celayeta
-377482;Galicia;Orense;Teixeira, A;Celeiros
-377485;Cantabria;Cantabria;Rionansa;Celis
-377486;Aragón;Teruel;Cella;Cella
-377489;Principado de Asturias;Principado de Asturias;Laviana;Celleruelo
-377490;Principado de Asturias;Principado de Asturias;Siero;Celles
-377495;Principado de Asturias;Principado de Asturias;Cangas de Onís;Celorio
-377496;Principado de Asturias;Principado de Asturias;Llanes;Celorio
-377497;Cataluña;Gerona;Celrà;Celrá
-377500;Galicia;La Coruña;Ortigueira;Céltigos
-377501;Cantabria;Cantabria;Rionansa;Celucos
-377504;Castilla y León;León;Chozas de Abajo;Cembranos
-377517;Principado de Asturias;Principado de Asturias;Mieres;Cenera
-377520;Andalucía;Granada;Cenes de la Vega;Cenes de la Vega
-377522;La Rioja;La Rioja;Cenicero;Cenicero
-377524;Comunidad de Madrid;Comunidad de Madrid;Cenicientos;Cenicientos
-377527;Castilla-La Mancha;Albacete;Cenizate;Cenizate
-377528;Galicia;Orense;Cenlle;Cenlle
-377531;Cataluña;Barcelona;Centelles;Centelles
-377538;Aragón;Huesca;Peñas de Riglos, Las;Centenero
-377544;Cataluña;Lérida;Torre de Cabdella, La;Central
-377548;Galicia;La Coruña;Ares;Centroña
-377551;Castilla y León;Salamanca;Cepeda;Cepeda
-377552;Galicia;Pontevedra;Pazos de Borbén;Cepeda
-377561;País Vasco;Guipúzcoa;Mutiloa;Cerain
-377565;Galicia;La Coruña;Cedeira;Cerbo
-377569;Comunidad de Madrid;Comunidad de Madrid;Boalo, El;Cerceda
-377572;Galicia;La Coruña;Boiro;Cerceda
-377574;Comunidad de Madrid;Comunidad de Madrid;Cercedilla;Cercedilla
-377583;Galicia;Orense;San Xoán de Río;Cerdeira
-377586;Galicia;La Coruña;Cerdido;Cerdido
-377588;Castilla y León;Zamora;Trefacio;Cerdillo
-377594;Principado de Asturias;Principado de Asturias;Allande;Cereceda
-377595;Cantabria;Cantabria;Rasines;Cereceda
-377596;Principado de Asturias;Principado de Asturias;Piloña;Cereceda
-377613;Aragón;Huesca;Laspuña;Ceresa
-377622;Castilla y León;Salamanca;Cerezal de Peñahorcada;Cerezal de Peñahorcada
-377626;Castilla y León;León;Vegas del Condado;Cerezales del Condado
-377628;Extremadura;Cáceres;Cerezo;Cerezo
-377638;Castilla y León;Segovia;Cerezo de Abajo;Cerezo de Abajo
-377639;Castilla y León;Segovia;Cerezo de Arriba;Cerezo de Arriba
-377640;Castilla-La Mancha;Guadalajara;Humanes;Cerezo de Mohernando
-377655;Castilla y León;Burgos;Merindad de Río Ubierna;Cernégula
-377659;Aragón;Teruel;Cerollera, La;Cerollera
-377675;Cantabria;Cantabria;Reocín;Cerrazo
-377676;Galicia;Orense;Nogueira de Ramuín;Cerreda
-377678;Principado de Asturias;Principado de Asturias;Degaña;Cerredo
-377682;Andalucía;Granada;Maracena;Cerrillo de Maracena
-377691;Islas Canarias;Tenerife;Icod de los Vinos; 
-377698;Andalucía;Córdoba;Córdoba;Cerro Muriano
-377711;Cataluña;Barcelona;Cervelló;Cervelló
-377712;Cataluña;Lérida;Cervera;Cervera
-377713;Principado de Asturias;Principado de Asturias;Cabranes;Cervera
-377719;Comunidad de Madrid;Comunidad de Madrid;Cervera de Buitrago;Cervera de Buitrago
-377721;Castilla-La Mancha;Cuenca;Cervera del Llano;Cervera del Llano
-377722;Comunidad Valenciana;Castellón;Cervera del Maestre;Cervera del Maestre
-377723;Castilla-La Mancha;Toledo;Cervera de los Montes;Cervera de los Montes
-377725;La Rioja;La Rioja;Cervera del Río Alhama;Cervera del Río Alhama
-377726;Castilla y León;Palencia;Cervera de Pisuerga;Cervera de Pisuerga
-377729;Cataluña;Lérida;Pobla de Cérvoles, La;Cerviá
-377730;Cataluña;Gerona;Cervià de Ter;Cerviá de Ter
-377735;Galicia;Lugo;Cervo;Cervo
-377740;Galicia;Pontevedra;Caldas de Reis;César
-377742;Galicia;Pontevedra;Cuntis;César
-377751;Galicia;La Coruña;Cabana de Bergantiños;Cesullas
-377752;Galicia;La Coruña;Oza-Cesuras;Cesuras
-377755;Ceuta;Ceuta;Ceuta;Ceuta
-377758;Región de Murcia;Región de Murcia;Ceutí;Ceutí
-377769;Islas Canarias;Tenerife;Güímar;Chabaica
-377771;Galicia;Pontevedra;Campo Lameiro;Chacente
-377791;Islas Canarias;Tenerife;Candelaria;Chacajo
-377804;Galicia;Lugo;Corgo, O;Chamoso
-377812;Galicia;Pontevedra;Nigrán;Chandebrito
-377817;Galicia;Lugo;Nogais, As;Chan de Vilar
-377821;Galicia;Orense;Parada de Sil;Chandreja
-377822;Castilla y León;Segovia;Chañe;Chañe
-377825;Castilla y León;Zamora;Lubián;Chanos
-377826;Galicia;Lugo;Chantada;Chantada
-377838;Galicia;Pontevedra;Silleda;Chapa
-377847;Galicia;Pontevedra;Redondela;Chapela
-377859;Islas Canarias;Tenerife;Granadilla de Abona;Charco del Pino
-377872;Andalucía;Jaén;Alcalá la Real;Charilla
-377873;Aragón;Huesca;Fueva, La;Charo
-377884;Castilla y León;Segovia;Cuéllar;Chatún
-377885;Andalucía;Granada;Chauchina;Chauchina
-377889;País Vasco;Vizcaya;Sopuerta;Chávarri
-377896;Castilla y León;Segovia;Santiuste de Pedraza;Chavida
-377902;Castilla-La Mancha;Guadalajara;Checa;Checa
-377904;Extremadura;Badajoz;Cheles;Cheles
-377905;Comunidad Valenciana;Valencia;Chella;Chella
-377907;Comunidad Valenciana;Valencia;Chelva;Chelva
-377913;Comunidad Valenciana;Valencia;Chera;Chera
-377921;Comunidad Valenciana;Castellón;Xert;Chert
-377923;Comunidad Valenciana;Valencia;Cheste;Cheste
-377924;Aragón;Huesca;Chía;Chía
-377926;Aragón;Huesca;Loporzano;Chibluco
-377937;Andalucía;Cádiz;Chiclana de la Frontera;Chiclana de la Frontera
-377948;Islas Canarias;Tenerife;Guía de Isora;Chiguergue
-377949;Andalucía;Málaga;Vélez-Málaga;Chilches
-377950;Comunidad Valenciana;Castellón;Chilches / Xilxes;Chilches
-377952;Islas Canarias;Fuerteventura;Pájara;Chilegua
-377958;Castilla-La Mancha;Cuenca;Chillarón de Cuenca;Chillarón de Cuenca
-377959;Castilla-La Mancha;Guadalajara;Chillarón del Rey;Chillarón del Rey
-377960;Castilla-La Mancha;Ciudad Real;Chillón;Chillón
-377964;Castilla-La Mancha;Guadalajara;Chiloeches;Chiloeches
-377965;Galicia;Pontevedra;Marín;Islote de Chilreu
-377968;Andalucía;Granada;Chimeneas;Chimeneas
-377969;Islas Canarias;Tenerife;Granadilla de Abona;Chimiche
-377972;Islas Canarias;Tenerife;Santa Cruz de Tenerife;Chinamada
-377979;Castilla-La Mancha;Albacete;Chinchilla de Monte-Aragón;Chinchilla de Montearagón
-377980;Comunidad de Madrid;Comunidad de Madrid;Chinchón;Chinchón
-377981;Andalucía;Jaén;Villanueva del Arzobispo;Chincolla
-377986;Comunidad Valenciana;Alicante;Monóvar / Monòver;Chinorlet
-377987;Islas Canarias;Tenerife;Guía de Isora;Chío
-377988;Andalucía;Cádiz;Chipiona;Chipiona
-377989;Aragón;Zaragoza;Caspe;Chiprana
-377990;Islas Canarias;Tenerife;Arafo;Chiquenge
-377996;Islas Canarias;Tenerife;Guía de Isora;Chirche
-378000;Andalucía;Almería;Chirivel;Chirivel
-378002;Comunidad Valenciana;Valencia;Xirivella;Chirivella
-378005;Andalucía;Granada;Lecrín;Chite
-378006;Comunidad Valenciana;Valencia;Chiva;Chiva
-378009;Comunidad Valenciana;Castellón;Morella;Chiva de Morella
-378015;Comunidad Valenciana;Castellón;Chodos / Xodos;Chodos
-378046;Comunidad Valenciana;Castellón;Chóvar;Chóvar
-378052;Castilla y León;León;Chozas de Abajo;Chozas de Abajo
-378054;Castilla-La Mancha;Toledo;Chozas de Canales;Chozas de Canales
-378057;Andalucía;Huelva;Chucena;Chucena
-378060;Castilla-La Mancha;Toledo;Nambroca;Chueca
-378061;Comunidad Valenciana;Valencia;Chulilla;Chulilla
-378070;Región de Murcia;Región de Murcia;Murcia;Churra
-378072;Andalucía;Málaga;Málaga;Churriana
-378073;Andalucía;Granada;Churriana de la Vega;Churriana de la Vega
-378078;Principado de Asturias;Principado de Asturias;Langreo;Ciaño
-378080;Comunidad Foral de Navarra;Comunidad Foral de Navarra;Odieta;Ciáurriz
-378084;Principado de Asturias;Principado de Asturias;Cangas del Narcea;Cibuyo
-378085;Cantabria;Cantabria;Peñarrubia;Cicera
-378086;Galicia;La Coruña;Santa Comba;Cícere
-378087;Cantabria;Cantabria;Bárcena de Cicero;Cicero
-378096;Castilla y León;Soria;Cidones;Cidones
-378097;Comunidad de Madrid;Comunidad de Madrid;Ciempozuelos;Ciempozuelos
-378098;Principado de Asturias;Principado de Asturias;Amieva;Cien
-378099;Principado de Asturias;Principado de Asturias;Quirós;Cienfuegos
-378104;País Vasco;Vizcaya;Zierbena;Ciérvana
-378108;Región de Murcia;Región de Murcia;Cartagena;Isla Ciervo
-378111;Región de Murcia;Región de Murcia;Cieza;Cieza
-378113;Castilla-La Mancha;Guadalajara;Cifuentes;Cifuentes
-378117;Castilla y León;Valladolid;Cigales;Cigales
-378123;Castilla y León;Burgos;Villarcayo de Merindad de Castilla la Vieja;Cigüenza
-378124;Cantabria;Cantabria;Alfoz de Lloredo;Cigüenza
-378127;Castilla y León;Valladolid;Ciguñuela;Ciguñuela
-378129;La Rioja;La Rioja;Cihuri;Cihuri
-378131;Andalucía;Granada;Cijuela;Cijuela
-378132;Castilla-La Mancha;Albacete;Villatoya;Cilanco
-378133;Comunidad Foral de Navarra;Comunidad Foral de Navarra;Ezcabarte;Cildoz
-378135;Castilla y León;Palencia;Barruelo de Santullán;Cillamayor
-378136;Castilla y León;Ávila;Cillán;Cillán
-378142;Galicia;Lugo;Viveiro;Cillero
-378143;Extremadura;Cáceres;Cilleros;Cilleros
-378147;Castilla-La Mancha;Albacete;Masegoso;Cilleruelo
-378151;Castilla y León;Burgos;Valle de Valdebezana;Cilleruelo de Bezana
-378156;Comunidad Foral de Navarra;Comunidad Foral de Navarra;Erro;Zilbeti
-378162;Principado de Asturias;Principado de Asturias;Illano;Cimadevilla
-378163;Principado de Asturias;Principado de Asturias;Villaviciosa;Cimadevilla
-378167;Castilla y León;León;Cimanes del Tejar;Cimanes del Tejar
-378174;Castilla-La Mancha;Ciudad Real;Alcázar de San Juan;Cinco Casas
-378180;Comunidad Valenciana;Castellón;Cinctorres;Cinctorres
-378181;Castilla y León;León;Pola de Gordón, La;Ciñera
-378182;Galicia;La Coruña;Oza-Cesuras;Cines
-378191;Comunidad Foral de Navarra;Comunidad Foral de Navarra;Cintruénigo;Cintruénigo
-378193;Comunidad Foral de Navarra;Comunidad Foral de Navarra;Ziordia;Ziordia
-378196;Galicia;Pontevedra;Cuntis;Ciquiril
-378198;Comunidad Valenciana;Castellón;Cirat;Cirat
-378199;Comunidad Foral de Navarra;Comunidad Foral de Navarra;Cirauqui / Zirauki;Cirauqui
-378205;Principado de Asturias;Principado de Asturias;Amieva;Cirieño
-378212;Castilla-La Mancha;Guadalajara;Ciruelas;Ciruelas
-378214;Castilla-La Mancha;Toledo;Ciruelos;Ciruelos
-378222;La Rioja;La Rioja;Cirueña;Cirueña
-378230;Cataluña;Gerona;Cistella;Cistella
-378231;Castilla y León;Valladolid;Cistérniga;La Cistérniga
-378232;Castilla y León;León;Cistierna;Cistierna
-378237;Islas Baleares;Menorca;Ciutadella de Menorca;Ciutadella
-378241;Islas Canarias;Gran Canaria;Palmas de Gran Canaria, Las;Ciudad Jardín
-378244;Castilla-La Mancha;Ciudad Real;Ciudad Real;Ciudad Real
-378246;Castilla y León;Salamanca;Ciudad Rodrigo;Ciudad Rodrigo
-378247;Cataluña;Gerona;Siurana;Siurana
-378249;Cataluña;Tarragona;Cornudella de Montsant;Siurana
-378254;Comunidad Foral de Navarra;Comunidad Foral de Navarra;Cizur;Zizur Mayor
-378266;Cataluña;Tarragona;Torredembarra;Clará
-378269;Cataluña;Lérida;Tàrrega;Claravalls
-378280;La Rioja;La Rioja;Clavijo;Clavijo
-378284;Cataluña;Gerona;Vall de Bianya, La;Clocalou
-378288;Cataluña;Barcelona;Castellar de n'Hug;Clot del Moro
-378292;Principado de Asturias;Principado de Asturias;Coaña;Coaña
-378298;Principado de Asturias;Principado de Asturias;Caso;Coballes
-378302;Región de Murcia;Región de Murcia;Cartagena;Cobaticas
-378304;Región de Murcia;Región de Murcia;Murcia;Cobatillas
-378309;Andalucía;Almería;Cóbdar;Cóbdar
-378311;Cantabria;Cantabria;Molledo;Cobejo
-378313;Comunidad de Madrid;Comunidad de Madrid;Cobeña;Cobeña
-378314;Cantabria;Cantabria;Cillorigo de Liébana;Cobeña
-378316;Castilla-La Mancha;Guadalajara;Cobeta;Cobeta
-378318;Cantabria;Cantabria;Udías;Cobijón
-378319;Castilla-La Mancha;Toledo;Cobisa;Cobisa
-378327;Principado de Asturias;Principado de Asturias;Vegadeo;Cobre
-378328;Cantabria;Cantabria;Alfoz de Lloredo;Cóbreces
-378329;Castilla y León;Zamora;Cobreros;Cobreros
-378330;Galicia;Pontevedra;Moaña;San Adrián de Cobres
-378331;Galicia;Pontevedra;Pontevedra;Santa Cristina de Cobres
-378332;Castilla y León;Segovia;Coca;Coca
-378337;Principado de Asturias;Principado de Asturias;Colunga;Coceña
-378338;Comunidad Valenciana;Alicante;Cocentaina;Cocentaina
-378349;Galicia;Pontevedra;Estrada, A;Codeseda
-378352;Galicia;La Coruña;Cee;Codesos
-378355;Aragón;Zaragoza;Codo;Codo
-378363;Galicia;Lugo;Navia de Suarna;Coea
-378370;Galicia;La Coruña;Laxe;Coens
-378373;Islas Canarias;Fuerteventura;Pájara;Cofete
-378375;Castilla y León;León;Puebla de Lillo;Cofiñal
-378376;Principado de Asturias;Principado de Asturias;Parres;Cofiño
-378379;Comunidad Valenciana;Valencia;Cofrentes;Cofrentes
-378380;Castilla y León;Valladolid;Cogeces de Íscar;Cogeces de Iscar
-378387;Castilla y León;Burgos;Cogollos;Cogollos
-378390;Andalucía;Granada;Cogollos de Guadix;Cogollos de Guadix
-378391;Andalucía;Granada;Cogollos de la Vega;Cogollos de la Vega
-378393;Castilla-La Mancha;Guadalajara;Cogolludo;Cogolludo
-378394;Castilla y León;León;Villamejil;Cogorderos
-378397;Castilla y León;Burgos;Merindad de Sotoscueva;Cogullos
-378400;Cantabria;Cantabria;Puente Viesgo;Cohiño
-378401;Andalucía;Málaga;Coín;Coín
-378404;Galicia;La Coruña;Mazaricos;Coiro
-378407;Galicia;La Coruña;Coirós;Coirós
-378409;Andalucía;Granada;Murtas;Cojáyar
-378421;Cataluña;Gerona;Colera;Colera
-378422;Galicia;Orense;Coles;Coles
-378425;Castilla y León;Burgos;Junta de Traslaloma;Colina
-378429;Castilla y León;León;Igüeña;Colinas del Campo de Martín Moro
-378431;Cantabria;Cantabria;Colindres;Colindres
-378432;Cantabria;Cantabria;Cillorigo de Liébana;Colio
-378433;Cataluña;Lérida;Vall de Boí, La;Coll
-378438;Principado de Asturias;Principado de Asturias;Bimenes;Colladas
-378440;Castilla y León;Segovia;Arcones;Colladillo
-378442;Comunidad Valenciana;Alicante;Romana, la;Collado
-378443;Extremadura;Cáceres;Collado de la Vera;Collado
-378446;Cantabria;Cantabria;Cieza;Collado
-378448;Principado de Asturias;Principado de Asturias;Siero;Collado
-378453;Región de Murcia;Región de Murcia;Ricote;Collado de Gil
-378457;Castilla y León;Segovia;Collado Hermoso;Collado Hermoso
-378458;Comunidad de Madrid;Comunidad de Madrid;Collado Mediano;Collado Mediano
-378463;Comunidad de Madrid;Comunidad de Madrid;Collado Villalba;Collado-Villalba
-378465;Galicia;La Coruña;Coirós;Collantres
-378466;Principado de Asturias;Principado de Asturias;Aller;Collanzo
-378470;Castilla y León;Palencia;Collazos de Boedo;Collazos de Boedo
-378471;Cataluña;Barcelona;Collbató;Collbató
-378473;Cataluña;Tarragona;Colldejou;Colldejou
-378474;Cataluña;Lérida;Coll de Nargó;Coll de Nargó
-378477;Castilla y León;León;Boñar;Colle
-378478;Principado de Asturias;Principado de Asturias;Ribadesella;Collera
-378479;Principado de Asturias;Principado de Asturias;Parres;Collía
-378481;Castilla-La Mancha;Cuenca;Cuenca;Colliguilla
-378482;Principado de Asturias;Principado de Asturias;Oviedo;Colloto
-378483;Cataluña;Barcelona;Collsuspina;Collsuspina
-378486;Andalucía;Málaga;Colmenar;Colmenar
-378490;Comunidad de Madrid;Comunidad de Madrid;Colmenar del Arroyo;Colmenar del Arroyo
-378492;Castilla y León;Salamanca;Colmenar de Montemayor;Colmenar de Montemayor
-378493;Comunidad de Madrid;Comunidad de Madrid;Colmenar de Oreja;Colmenar de Oreja
-378494;Comunidad de Madrid;Comunidad de Madrid;Galapagar;Colmenarejo
-378497;Comunidad de Madrid;Comunidad de Madrid;Colmenar Viejo;Colmenar Viejo
-378506;Principado de Asturias;Principado de Asturias;Ribadedeva;Colombres
-378509;Andalucía;Granada;Colomera;Colomera
-378511;Cataluña;Gerona;Colomers;Colomés
-378515;Islas Baleares;Mallorca;Salines, Ses;Colonia de Campos
-378518;Islas Baleares;Mallorca;Artà;Colonia de San Pedro
-378529;Cantabria;Cantabria;Tojos, Los;Colsa
-378531;Principado de Asturias;Principado de Asturias;Lena;Columbiello
-378534;Castilla y León;León;Ponferrada;Columbrianos
-378535;Principado de Asturias;Principado de Asturias;Colunga;Colunga
-378537;Aragón;Huesca;Colungo;Colungo
-378547;Andalucía;Málaga;Comares;Comares
-378552;Principado de Asturias;Principado de Asturias;Bimenes;Comba
-378554;Galicia;Pontevedra;Poio;Combarro
-378555;Castilla y León;León;Brazuelo;Combarros
-378567;Cantabria;Cantabria;Comillas;Comillas
-378570;Andalucía;Málaga;Cómpeta;Cómpeta
-378572;Galicia;Orense;Lobios;Compostela
-378576;Principado de Asturias;Principado de Asturias;Cangas de Onís;Mestas del Con
-378582;Cataluña;Lérida;Plans de Sió, Els;Concabella
-378586;Castilla y León;Burgos;Valle de Mena;Concejero
-378596;País Vasco;Vizcaya;Karrantza Harana / Valle de Carranza;Concha
-378601;Andalucía;Granada;Villamena;Cónchar
-378604;Aragón;Zaragoza;Murillo de Gállego;Concilio
-378606;Aragón;Teruel;Teruel;Concud
-378613;Castilla-La Mancha;Guadalajara;Condemios de Abajo;Condemios de Abajo
-378614;Castilla-La Mancha;Guadalajara;Condemios de Arriba;Condemios de Arriba
-378630;Cataluña;Tarragona;Conesa;Conesa
-378641;Comunidad Valenciana;Alicante;Confrides;Confrides
-378642;Cantabria;Cantabria;Camaleño;Congama
-378646;Castilla y León;Zamora;Ayoó de Vidriales;Congosta
-378648;Castilla y León;León;Congosto;Congosto
-378649;Andalucía;Málaga;Benalmádena;Congosto
-378653;Galicia;Orense;Rairiz de Veiga;Congostro
-378656;Islas Canarias;Lanzarote;Tías;Conil
-378657;Andalucía;Cádiz;Conil de la Frontera;Conil de la Frontera
-378660;Galicia;La Coruña;Santiago de Compostela;Conjo
-378662;Cataluña;Lérida;Isona i Conca Dellà;Conques
-378664;Castilla y León;Soria;Miño de Medinaceli;Conquezuela
-378667;Extremadura;Cáceres;Conquista de la Sierra;Conquista de la Sierra
-378668;Islas Baleares;Mallorca;Consell;Consell
-378672;Andalucía;Sevilla;Utrera;Consolación
-378676;Cataluña;Tarragona;Constantí;Constantí
-378678;Andalucía;Sevilla;Constantina;Constantina
-378680;Castilla-La Mancha;Toledo;Consuegra;Consuegra
-378681;Castilla y León;Segovia;Aldealcorvo;Consuegra de Murera
-378691;País Vasco;Álava;Harana / Valle de Arana;Contrasta
-378693;Comunidad Valenciana;Valencia;Villargordo del Cabriel;Contreras
-378696;Principado de Asturias;Principado de Asturias;Gijón;Contrueces
-378699;Cantabria;Cantabria;Corrales de Buelna, Los;Coó
-378704;Cataluña;Barcelona;Copons;Copons
-378707;Comunidad Valenciana;Castellón;Pobla de Benifassà, la;Corachar
-378710;Principado de Asturias;Principado de Asturias;Cangas de Onís;Corao
-378721;Cataluña;Tarragona;Corbera d'Ebre;Corbera
-378723;Comunidad Valenciana;Valencia;Corbera;Corbera
-378724;Cataluña;Barcelona;Corbera de Llobregat;Corbera de Llobregat
-378729;Cataluña;Lérida;Corbins;Corbíns
-378745;Galicia;La Coruña;Cabana de Bergantiños;Corcoesto
-378750;Comunidad Valenciana;Valencia;Alpuente;Corcolilla
-378758;Andalucía;Sevilla;Badolatosa;Corcoya
-378759;Galicia;La Coruña;Corcubión;Corcubión
-378762;Galicia;Lugo;Foz;Cordido
-378764;Castilla y León;León;Posada de Valdeón;Cordiñanes
-378765;Andalucía;Córdoba;Córdoba;Córdoba
-378769;Extremadura;Badajoz;Cordobilla de Lácara;Cordobilla de Lácara
-378775;Castilla y León;Palencia;Aguilar de Campoo;Cordovilla de Aguilar
-378780;Castilla-La Mancha;Guadalajara;Corduente;Corduente
-378782;Comunidad Foral de Navarra;Comunidad Foral de Navarra;Corella;Corella
-378783;La Rioja;La Rioja;Corera;Corera
-378787;Castilla y León;Zamora;Coreses;Coreses
-378790;Extremadura;Cáceres;Coria;Coria
-378791;Andalucía;Sevilla;Coria del Río;Coria del Río
-378793;Principado de Asturias;Principado de Asturias;Pravia;Corias
-378794;Andalucía;Sevilla;Coripe;Coripe
-378796;Galicia;La Coruña;Coristanco;Coristanco
-378797;Galicia;La Coruña;Ponteceso;Corme-Aldea
-378798;Castilla y León;Burgos;Valle de Tobalina; 
-378799;Galicia;La Coruña;Ponteceso;Corme - Puerto
-378805;Galicia;La Coruña;Brión;Cornanda
-378808;Galicia;Pontevedra;Vilagarcía de Arousa;Cornazo
-378812;Galicia;Orense;Irixo, O;Corneda
-378818;Cataluña;Barcelona;Cornellà de Llobregat;Cornellà de Llobregat
-378819;Cataluña;Gerona;Cornellà del Terri;Cornellá de Terri
-378820;Principado de Asturias;Principado de Asturias;Salas;Cornellana
-378838;Cataluña;Tarragona;Cornudella de Montsant;Cornudella
-378839;Cataluña;Barcelona;Castellet i la Gornal;Cornudella
-378844;Principado de Asturias;Principado de Asturias;Cudillero;Corollos
-378866;Castilla y León;Salamanca;Aldeadávila de la Ribera;Corporario
-378868;Cantabria;Cantabria;Cartes;Cartes
-378871;Castilla-La Mancha;Toledo;Corral de Almaguer;Corral de Almaguer
-378872;Castilla y León;Segovia;Corral de Ayllón;Corral de Ayllón
-378874;Castilla-La Mancha;Ciudad Real;Corral de Calatrava;Corral de Calatrava
-378878;Islas Canarias;Fuerteventura;Oliva, La;Corralejo
-378884;Castilla y León;Zamora;Corrales del Vino;Corrales del Vino
-378894;Andalucía;Jaén;Vilches;Corral Rubio
-378897;Principado de Asturias;Principado de Asturias;Morcín;Corras de la Puente
-378906;Galicia;Lugo;Saviñao, O;Currelos
-378907;Cantabria;Cantabria;Tojos, Los;Correpoco
-378911;Cataluña;Barcelona;Franqueses del Vallès, Les;Corró de Vall
-378916;Galicia;La Coruña;Ribeira;Corrubedo
-378920;Cataluña;Gerona;Porqueres;Corts
-378921;Cataluña;Gerona;Corçà;Corsá
-378928;Andalucía;Huelva;Corteconcepción;Corteconcepción
-378931;Galicia;Orense;Cortegada;Cortegada
-378933;Galicia;Pontevedra;Vilagarcía de Arousa;Isla de Cortegada
-378934;Andalucía;Huelva;Cortegana;Cortegana
-378939;Andalucía;Huelva;Cortelazor;Cortelazor
-378942;Andalucía;Huelva;Aracena;Corterrangel
-378943;Andalucía;Granada;Cortes y Graena;Cortes y Graena
-378947;Galicia;Lugo;Paradela;Cortes
-378948;Principado de Asturias;Principado de Asturias;Quirós;Cortes
-378953;Comunidad Valenciana;Castellón;Cortes de Arenoso;Cortes de Arenoso
-378955;Andalucía;Granada;Cortes de Baza;Cortes de Baza
-378956;Andalucía;Málaga;Cortes de la Frontera;Cortes de la Frontera
-378957;Comunidad Valenciana;Valencia;Cortes de Pallás;Cortes de Pallás
-378960;País Vasco;Vizcaya;Kortezubi;Cortezubi
-378964;Cantabria;Cantabria;Suances;Cortiguera
-378965;Andalucía;Granada;Almuñécar;Cortijada Cantarriján
-378970;Andalucía;Granada;Loja;Cortijada Los Chorreros
-378974;Andalucía;Granada;Cortes de Baza;Cortijillos de Campocámara
-378977;Castilla-La Mancha;Ciudad Real;Cortijos, Los;Cortijo de Arriba
-378982;Andalucía;Granada;Montefrío;Cortijo de la Orozca
-378987;Andalucía;Granada;Montefrío;Cortijo de los Gitanos
-379000;Castilla-La Mancha;Albacete;Yeste;Cortijo Prados
-379005;Andalucía;Jaén;Segura de la Sierra;Cortijos Nuevos
-379006;Andalucía;Granada;Huéscar;Cortijos Nuevos de la Sierra
-379010;Principado de Asturias;Principado de Asturias;Valdés;Cortina
-379015;Castilla y León;Ávila;Tolbaños;Cortos
-379025;Castilla y León;León;Corullón;Corullón
-379028;Andalucía;Málaga;Sayalonga;Corumbela
-379031;Principado de Asturias;Principado de Asturias;Llanera;Coruño
-379036;Región de Murcia;Región de Murcia;Murcia;Corvera
-379037;Cantabria;Cantabria;Corvera de Toranzo;Corvera
-379040;Región de Murcia;Región de Murcia;Fuente Álamo de Murcia;Corverica
-379054;Cantabria;Cantabria;Mazcuerras;Cos
-379060;Aragón;Huesca;Aínsa-Sobrarbe;Coscojuela de Sobrarbe
-379067;Comunidad de Madrid;Comunidad de Madrid;Coslada;Coslada
-379068;Castilla y León;Zamora;San Justo;Coso
-379073;Galicia;Lugo;Cospeito;Cospeito
-379076;Galicia;La Coruña;Ponteceso;Cospindo
-379081;Andalucía;Cádiz;Chipiona;Costa Ballena
-379082;Andalucía;Cádiz;Chipiona;Costa de Sanlúcar
-379085;Aragón;Huesca;Hoz y Costean;Costeán
-379087;Islas Baleares;Mallorca;Costitx;Costitx
-379109;Andalucía;Granada;Domingo Pérez de Granada;Cotilfa Alta
-379110;Castilla-La Mancha;Albacete;Cotillas;Cotillas
-379111;Cantabria;Cantabria;Anievas;Cotillo
-379118;Galicia;Lugo;Ribadeo;Coto
-379124;Principado de Asturias;Principado de Asturias;Somiedo;Coto de Buenamadre
-379134;País Vasco;Vizcaya;Abanto y Ciérvana-Abanto Zierbena;Cotorrio
-379149;Galicia;Pontevedra;Rodeiro;Couso
-379150;Galicia;La Coruña;Ribeira;Couso
-379163;Galicia;Lugo;Samos;Couto
-379167;Galicia;Pontevedra;Cambados;Couto de Abajo
-379171;Galicia;La Coruña;Ortigueira;Couzadoiro
-379172;Galicia;Lugo;Pantón;Cova
-379178;Principado de Asturias;Principado de Asturias;Cangas de Onís;Covadonga
-379181;Castilla y León;Soria;Covaleda;Covaleda
-379183;Castilla y León;Burgos;Tubilla del Agua;Covanera
-379185;Castilla y León;Burgos;Covarrubias;Covarrubias
-379187;Galicia;Orense;Pereiro de Aguiar, O;Covas
-379188;Galicia;Orense;Rubiá;Covas
-379189;Galicia;Pontevedra;Ribadumia;Covas
-379193;Galicia;La Coruña;Negreira;Covas
-379196;Galicia;Lugo;Viveiro;Covas
-379202;Galicia;Pontevedra;Covelo;Covelo
-379203;Galicia;Pontevedra;Lama, A;Covelo
-379205;Principado de Asturias;Principado de Asturias;Cangas de Onís;Coviella
-379206;Principado de Asturias;Principado de Asturias;Llanes;Covielles
-379207;Comunidad Valenciana;Alicante;San Isidro;Cox
-379210;Castilla-La Mancha;Ciudad Real;Cózar;Cózar
-379213;Castilla y León;Segovia;Cozuelos de Fuentidueña;Cozuelos de Fuentidueña
-379214;Castilla y León;Palencia;Aguilar de Campoo;Cozuelos de Ojeda
-379215;Andalucía;Granada;Villamena;Cozvíjar
-379218;Galicia;Pontevedra;Crecente;Crecíente
-379219;Cataluña;Tarragona;Creixell;Creixell
-379221;Castilla y León;León;Crémenes;Crémenes
-379223;Galicia;La Coruña;Muros;Creo
-379224;Cataluña;Gerona;Crespià;Crespiá
-379230;Aragón;Teruel;Cretas;Cretas
-379237;Islas Baleares;Mallorca;Palma de Mallorca;Creu Vermella
-379238;Comunidad Valenciana;Alicante;Crevillent;Crevillente
-379242;País Vasco;Álava;Kripan;Cripán
-379252;Galicia;Pontevedra;Ponteareas;Cristiñade
-379258;Castilla-La Mancha;Ciudad Real;Malagón;Cristo del Espíritu Santo
-379259;Galicia;Orense;Teixeira, A;Cristosende
-379260;Aragón;Teruel;Crivillén;Crivillén
-379262;Galicia;La Coruña;Camariñas;Crucero
-379266;Galicia;La Coruña;Padrón;A Escravitude
-379267;Galicia;Pontevedra;Vila de Cruces;Cruces
-379282;Cataluña;Gerona;Cruïlles, Monells i Sant Sadurní de l'Heura;Cruïlles
-379305;Galicia;Lugo;Incio, O;Cruz de Inicio
-379313;Islas Canarias;Tenerife;Orotava, La;Cruz Santa
-379330;Principado de Asturias;Principado de Asturias;Parres;Cuadroveña
-379336;Comunidad Valenciana;Valencia;Quart de les Valls;Cuart de les Valls
-379337;Comunidad Valenciana;Valencia;Quart de Poblet;Cuart de Poblet
-379339;Aragón;Zaragoza;Cuarte de Huerva;Cuarte de Huerva
-379341;Comunidad Valenciana;Valencia;Quartell;Cuartell
-379348;Comunidad Valenciana;Valencia;Quatretonda;Cuatretonda
-379349;Comunidad Valenciana;Alicante;Quatretondeta;Cuatretondeta
-379352;Comunidad de Madrid;Comunidad de Madrid;Leganés;Cuatro Vientos
-379354;Islas Canarias;La Gomera;Vallehermoso;Cubaba
-379356;Castilla-La Mancha;Albacete;Jorquera;Cubas
-379358;Cantabria;Cantabria;Ribamontán al Mar;Cubas
-379365;Cataluña;Barcelona;Cubelles;Cubelles
-379366;Cataluña;Lérida;Cubells;Cubells
-379375;Castilla y León;Soria;Cubilla;Cubilla
-379383;Castilla y León;León;Villamanín;Cubillas de Arbas
-379388;Castilla y León;Valladolid;Cubillas de Santa Marta;Cubillas de Santa Marta
-379394;Castilla y León;Segovia;Cubillo;Cubillo
-379405;Castilla y León;Burgos;Valle de Sedano;Cubillo del Butrón
-379407;Castilla y León;Burgos;Ausines, Los;Cubillo del César
-379413;Castilla y León;León;Cubillos del Sil;Cubillos del Sil
-379414;Aragón;Teruel;Cubla;Cubla
-379431;Cantabria;Cantabria;Vega de Liébana;Cucayo
-379436;Cantabria;Cantabria;Miengo;Cuchía
-379440;Principado de Asturias;Principado de Asturias;Siero;Siero
-379444;Principado de Asturias;Principado de Asturias;Cudillero;Cudillero
-379445;Cantabria;Cantabria;Miengo;Cudón
-379446;Principado de Asturias;Principado de Asturias;Llanes;Cue
-379450;Castilla y León;Segovia;Cuéllar;Cuéllar
-379452;Cantabria;Cantabria;Valdeolea;Cuena
-379454;Andalucía;Jaén;Hinojares;Cuenca
-379455;Castilla-La Mancha;Cuenca;Cuenca;Cuenca
-379463;Principado de Asturias;Principado de Asturias;Cangas de Onís;Cuenco
-379467;Principado de Asturias;Principado de Asturias;Aller;Cuérigo
-379479;Principado de Asturias;Principado de Asturias;Ribadesella;Cuerres
-379480;Principado de Asturias;Principado de Asturias;Piloña;Cuerrías
-379482;Castilla-La Mancha;Toledo;Cuerva;Cuerva
-379495;Región de Murcia;Región de Murcia;Abarán;Cuesta Alta
-379511;Castilla y León;Burgos;Merindad de Sotoscueva;Cueva
-379514;Principado de Asturias;Principado de Asturias;Valdés;Cueva
-379537;Islas Canarias;Gran Canaria;Vega de San Mateo;Cueva Grande
-379542;Principado de Asturias;Principado de Asturias;Aller;Cuevas
-379544;Principado de Asturias;Principado de Asturias;Ribadesella;Cuevas
-379545;Principado de Asturias;Principado de Asturias;Llanes;Cuevas
-379554;Andalucía;Málaga;Cuevas Bajas;Cuevas Bajas
-379558;Andalucía;Jaén;Beas de Segura;Cuevas de Ambrosio
-379559;Castilla y León;Soria;Montejo de Tiermes;Cuevas de Ayllón
-379562;Andalucía;Almería;Cuevas del Almanzora;Cuevas del Almanzora
-379568;Andalucía;Málaga;Cuevas del Becerro;Cuevas del Becerro
-379569;Andalucía;Granada;Cuevas del Campo;Cuevas del Campo
-379575;Islas Canarias;Tenerife;Tanque, El;Cuevas del Palmar
-379578;Castilla y León;Ávila;Cuevas del Valle;Cuevas del Valle
-379582;Región de Murcia;Región de Murcia;Fuente Álamo de Murcia;Cuevas de Reyllo
-379586;Andalucía;Córdoba;Iznájar;Cuevas de San Marcos
-379589;Castilla y León;León;Carrocera;Cuevas de Viñayo
-379592;Aragón;Teruel;Cuevas Labradas;Cuevas Labradas
-379609;Galicia;La Coruña;Ortigueira;Cuiña
-379629;Comunidad Valenciana;Castellón;Culla;Culla
-379631;Andalucía;Granada;Cúllar;Cúllar de Baza
-379632;Andalucía;Granada;Cúllar Vega;Cúllar-Vega
-379633;Comunidad Valenciana;Valencia;Cullera;Cullera
-379635;Galicia;La Coruña;Culleredo;Culleredo
-379646;Andalucía;Huelva;Cumbres Mayores;Cumbres Mayores
-379647;Andalucía;Huelva;Cumbres de San Bartolomé;Cumbres de San Bartolomé
-379648;Andalucía;Huelva;Cumbres Mayores;Cumbres Mayores
-379654;Principado de Asturias;Principado de Asturias;Peñamellera Baja;Cuñaba
-379659;Galicia;La Coruña;Cabana de Bergantiños;Cundins
-379660;Cataluña;Tarragona;Cunit;Cunit
-379665;Galicia;Pontevedra;Cuntis;Cuntis
-379672;Galicia;Pontevedra;Estrada, A;Curantes
-379678;Castilla y León;Valladolid;Curiel de Duero;Curiel de Duero
-379681;Galicia;La Coruña;Carnota;Curra
-379685;Galicia;Pontevedra;Tui;Currás
-379686;Galicia;La Coruña;Vilasantar;Currás
-379690;Galicia;La Coruña;Vilasantar;Curtis
-379693;Castilla y León;León;Riello;Curueña
-379697;Galicia;Orense;Irixo, O;Cusanca
-379701;Andalucía;Málaga;Cútar;Cútar
-379705;Galicia;La Coruña;Abegondo;Cutián
-379706;Principado de Asturias;Principado de Asturias;Belmonte de Miranda;Cutiellos
-379708;Galicia;La Coruña;Rianxo;Cuvide
-379711;Castilla y León;Burgos;Ibeas de Juarros;Cuzcurrita de Juarros
-379712;La Rioja;La Rioja;Cuzcurrita de Río Tirón;Cuzcurrita de Río Tirón
-379715;Galicia;Pontevedra;Sanxenxo;Dadín
-379717;Comunidad de Madrid;Comunidad de Madrid;Daganzo de Arriba;Daganzo de Arriba
-379719;Andalucía;Málaga;Arenas;Daimalos
-379720;Comunidad Valenciana;Alicante;Elche / Elx;Daimés
-379721;Castilla-La Mancha;Ciudad Real;Daimiel;Daimiel
-379722;Comunidad Valenciana;Valencia;Daimús;Daimuz
-379723;Andalucía;Granada;Láchar;Daimuz Bajo
-379724;Andalucía;Almería;Dalías;Dalías
-379733;Galicia;Pontevedra;Cangas;Darbo
-379734;Cataluña;Tarragona;Tivissa;Darmós
-379735;Cataluña;Gerona;Darnius;Darnius
-379737;Aragón;Zaragoza;Daroca;Daroca
-379741;Andalucía;Granada;Darro;Darro
-379745;Cataluña;Gerona;Das;Das
-379746;Comunidad Valenciana;Alicante;Dolores;Daya Nueva
-379747;Comunidad Valenciana;Alicante;Daya Vieja;Daya vieja
-379748;Galicia;Lugo;Pantón;Deade
-379749;Galicia;La Coruña;Ribeira;Deán Pequeño
-379751;Principado de Asturias;Principado de Asturias;Llanes;Debodes
-379754;Principado de Asturias;Principado de Asturias;Cangas de Onís;Dego
-379758;Castilla y León;Segovia;Cuéllar;Dehesa de Cuellar
-379803;Andalucía;Cádiz;Jerez de la Frontera;Dehesilla de Algar
-379805;Andalucía;Granada;Deifontes;Deifontes
-379807;Galicia;Pontevedra;Vilagarcía de Arousa;Deiro
-379810;Cataluña;Gerona;Garriguella;Delfiá
-379813;País Vasco;Álava;Amurrio;Délica
-379819;Galicia;Pontevedra;Meaño;Dena
-379820;Comunidad Valenciana;Alicante;Dénia;Denia
-379823;Aragón;Huesca;Laspaúles;Denúy
-379828;País Vasco;Vizcaya;Derio;Derio
-379833;Comunidad Valenciana;Alicante;Elche / Elx;Elche
-379836;Castilla y León;Soria;Royo, El;Derroñadas
-379839;Extremadura;Cáceres;Descargamaría;Descargamaría
-379851;Castilla y León;León;Destriana;Destriana
-379855;País Vasco;Guipúzcoa;Deba;Deba
-379856;Principado de Asturias;Principado de Asturias;Gijón;Deva
-379864;Galicia;Lugo;Ribadeo;Devesa
-379866;Galicia;La Coruña;Pontes de García Rodríguez, As;Deveso
-379868;Islas Baleares;Mallorca;Deià;Deià
-379870;Castilla y León;Soria;Deza;Deza
-379879;Comunidad Foral de Navarra;Comunidad Foral de Navarra;Dicastillo;Dicastillo
-379884;Andalucía;Granada;Diezma;Diezma
-379886;Andalucía;Granada;Dílar;Dílar
-379889;Galicia;Pontevedra;Caldas de Reis;Dimo
-379893;Galicia;Lugo;Saviñao, O;Diomondi
-379897;Galicia;Lugo;Monforte de Lemos;Distriz
-379900;Galicia;Lugo;Sober;Doade
-379905;Cantabria;Cantabria;Vega de Liébana;Dobres
-379906;Castilla y León;Burgos;Altos, Los;Dobro
-379908;Galicia;La Coruña;Dodro;Dodro
-379913;Región de Murcia;Región de Murcia;Torre-Pacheco;Dolores
-379914;Comunidad Valenciana;Alicante;Dolores;Dolores
-379917;Galicia;Pontevedra;Redondela;Domayo
-379918;Galicia;La Coruña;Cabana de Bergantiños;Dombate
-379921;Galicia;La Coruña;Arzúa;Dombodán
-379924;Cataluña;Gerona;Sant Gregori;Domeny
-379930;Castilla y León;Segovia;Domingo García;Domingo García
-379931;Andalucía;Granada;Domingo Pérez de Granada;Domingo Pérez
-379947;Principado de Asturias;Principado de Asturias;Riosa;Doña Juandi
-379949;Extremadura;Badajoz;Don Álvaro;Don Álvaro
-379950;Comunidad Foral de Navarra;Comunidad Foral de Navarra;Donamaria;Donamaría
-379953;Andalucía;Córdoba;Doña Mencía;Doña Mencía
-379957;Andalucía;Córdoba;Belmez;Doña Rama
-379958;Galicia;Pontevedra;Gondomar;Donas
-379962;Extremadura;Badajoz;Don Benito;Don Benito
-379966;Galicia;Lugo;Nogais, As;Doncos
-379978;Galicia;La Coruña;Ferrol;Doniños
-379994;Galicia;Pontevedra;Lalín;Donsión
-379997;Galicia;La Coruña;Camariñas;Dor
-380007;Galicia;La Coruña;Boimorto;Dormeá
-380008;Principado de Asturias;Principado de Asturias;Carreño;Dormón
-380018;Cataluña;Gerona;Toses;Dorria
-380019;Galicia;Pontevedra;Poio;Dorrón
-380021;Cataluña;Tarragona;Duesaigües;Duesaigües
-380022;Principado de Asturias;Principado de Asturias;Santo Adriano;Dosango
-380025;Castilla-La Mancha;Toledo;Dosbarrios;Dosbarrios
-380027;Andalucía;Sevilla;Dos Hermanas;Dos Hermanas
-380033;Cataluña;Barcelona;Dosrius;Dosrius
-380038;Galicia;Pontevedra;Dozón;Dozón
-380041;Galicia;Orense;Chandrexa de Queixa;Drados
-380044;Islas Canarias;Gran Canaria;Palmas de Gran Canaria, Las;Dragonal
-380048;Castilla-La Mancha;Guadalajara;Driebes;Driebes
-380057;Andalucía;Granada;Dúdar;Dúdar
-380059;Castilla y León;Palencia;Dueñas;Dueñas
-380063;Principado de Asturias;Principado de Asturias;Caravia;Duesos
-380070;Galicia;La Coruña;Dumbría;Dumbría
-380078;País Vasco;Vizcaya;Durango;Durango
-380079;Castilla y León;Segovia;Sepúlveda;Duratón
-380082;Andalucía;Granada;Dúrcal;Dúrcal
-380084;Castilla-La Mancha;Guadalajara;Durón;Durón
-380086;Cataluña;Lérida;Vall de Boí, La;Durro
-380088;Castilla y León;Segovia;Duruelo;Duruelo
-380089;Castilla y León;Soria;Duruelo de la Sierra;Duruelo de la Sierra
-380093;Principado de Asturias;Principado de Asturias;Caravia;Duyos
-380095;País Vasco;Vizcaya;Ea;Ea
-380104;Comunidad Foral de Navarra;Comunidad Foral de Navarra;Eulate;Ecala
-380105;Comunidad Foral de Navarra;Comunidad Foral de Navarra;Aoiz / Agoitz;Ecay
-380111;Comunidad Foral de Navarra;Comunidad Foral de Navarra;Imotz;Echalecu
-380113;Comunidad Foral de Navarra;Comunidad Foral de Navarra;Arakil;Echarren
-380115;Comunidad Foral de Navarra;Comunidad Foral de Navarra;Echarri / Etxarri;Echarri
-380117;Comunidad Foral de Navarra;Comunidad Foral de Navarra;Etxarri Aranatz;Echarri-Aranaz
-380118;Comunidad Foral de Navarra;Comunidad Foral de Navarra;Etxauri;Etxauri
-380124;Islas Canarias;El Hierro;Valverde;Echedo
-380128;Andalucía;Sevilla;Écija;Écija
-380132;Galicia;Orense;Parada de Sil;Edrada
-380138;Comunidad Foral de Navarra;Comunidad Foral de Navarra;Atez / Atetz;Eguaras
-380139;País Vasco;Vizcaya;Mallabia;Eguia
-380145;Comunidad Foral de Navarra;Comunidad Foral de Navarra;Valle de Ollo / Ollaran;Eguíllor
-380148;País Vasco;Guipúzcoa;Eibar;Éibar
-380150;Galicia;Pontevedra;Agolada;Eidián
-380154;Galicia;Pontevedra;Rosal, O;Eiras
-380159;Galicia;Lugo;Incio, O;Eirejalba
-380169;Aragón;Zaragoza;Ejea de los Caballeros;Ejea de los Caballeros
-380173;Aragón;Teruel;Ejulve;Ejulve
-380176;Islas Canarias;Tenerife;Granadilla de Abona;Los Abrigos
-380177;Castilla-La Mancha;Cuenca;Acebrón, El;El Acebrón
-380181;Andalucía;Almería;Carboneras;El Agua del Medio
-380188;Región de Murcia;Región de Murcia;Mazarrón;El Alamillo
-380190;Comunidad de Madrid;Comunidad de Madrid;Álamo, El;El Álamo
-380194;Andalucía;Córdoba;Fuente Obejuna;El Alcornocal
-380195;Andalucía;Cádiz;Arcos de la Frontera;El Algarbejo
-380204;Andalucía;Granada;Baza;El Aljibete
-380205;Andalucía;Granada;Zafarraya;El Almendral
-380207;Andalucía;Granada;Castril;El Almicerán
-380210;Andalucía;Almería;Almería;El Alquián
-380211;Comunidad Valenciana;Alicante;Elche / Elx;El Altet
-380214;Islas Canarias;Tenerife;Icod de los Vinos;El Amparo
-380216;Cataluña;Barcelona;Corbera de Llobregat;El Amunt
-380217;País Vasco;Vizcaya;Elantxobe;Elanchove
-380219;Andalucía;Málaga;Marbella;El Angel
-380221;Andalucía;Sevilla;Arahal;El Arahal
-380222;Andalucía;Sevilla;Algaba, La;El Aral
-380228;Islas Baleares;Mallorca;Llucmajor;El Arenal
-380229;Castilla y León;Ávila;Arenal, El;El Arenal
-380230;Castilla y León;Segovia;Orejana;El Arenal
-380233;Cataluña;Barcelona;Esplugues de Llobregat;El Arrabal
-380234;Cataluña;Barcelona;Sant Salvador de Guardiola;El Arrabal de Coll d'Arbós
-380235;Cataluña;Barcelona;Torrelles de Llobregat;El Arrabal Mas
-380238;Andalucía;Almería;Arboleas;El Arroyo Aceituno
-380244;Cantabria;Cantabria;Astillero, El;El Astillero
-380247;Cantabria;Cantabria;Arredondo;El Avellanal
-380255;Cantabria;Cantabria;San Vicente de la Barquera;El Barcenal
-380256;Castilla y León;Ávila;Barco de Ávila, El;El Barco de Ávila
-380257;Galicia;Orense;Barco de Valdeorras, O;O Barco de Valdeorras
-380283;Andalucía;Granada;Castril;El Batán
-380284;Andalucía;Jaén;Segura de la Sierra;El Batán
-380291;Región de Murcia;Región de Murcia;Alhama de Murcia;El Berro
-380294;Comunidad de Madrid;Comunidad de Madrid;Berrueco, El;El Berrueco
-380302;Castilla y León;Ávila;Bohodón, El;El Bohodón
-380308;Castilla-La Mancha;Albacete;Bonillo, El;El Bonillo
-380310;Comunidad Valenciana;Castellón;Cabanes;El Borseral
-380311;Andalucía;Cádiz;Bosque, El;El Bosque
-380312;Cantabria;Cantabria;Entrambasaguas;El Bosque
-380317;Comunidad Valenciana;Valencia;Cullera;El Brosquil
-380318;Cataluña;Barcelona;Bruc, El;El Bruc
-380319;Cataluña;Barcelona;Brull, El;El Brull
-380320;Islas Canarias;Tenerife;Arico;El Bueno
-380324;Andalucía;Huelva;Zalamea la Real;El Buitrón
-380329;Galicia;La Coruña;Culleredo;El Burgo
-380330;Aragón;Zaragoza;Burgo de Ebro, El;El Burgo de Ebro
-380331;Castilla y León;Soria;Burgo de Osma-Ciudad de Osma;El Burgo de Osma
-380332;Castilla y León;León;Burgo Ranero, El;El Burgo Ranero
-380336;Principado de Asturias;Principado de Asturias;Ribadedeva;Bustio
-380338;Castilla y León;Salamanca;Cabaco, El;El Cabaco
-380344;Principado de Asturias;Principado de Asturias;Carreño;El Cabo
-380346;Andalucía;Almería;Almería;Cabo de Gata
-380353;Principado de Asturias;Principado de Asturias;Villaviciosa;El Cabritón
-380365;Andalucía;Cádiz;Línea de la Concepción, La;El Campamento
-380371;Andalucía;Almería;Almería;El Campillo
-380373;Andalucía;Almería;Purchena;El Campillo
-380381;Castilla y León;Valladolid;Campillo, El;El Campillo
-380384;Andalucía;Almería;Roquetas de Mar;El Campillo del Moro
-380385;Andalucía;Almería;Níjar;Rodalquilar
-380400;Castilla-La Mancha;Cuenca;Cañavate, El;El Cañavate
-380408;Comunidad Foral de Navarra;Comunidad Foral de Navarra;Valle de Egüés / Eguesibar;Elcano
-380415;Región de Murcia;Región de Murcia;Abanilla;El Cantón
-380417;Andalucía;Córdoba;Priego de Córdoba;El Cañuelo
-380418;Andalucía;Sevilla;Garrobo, El;El Cañuelo
-380421;Región de Murcia;Región de Murcia;Murcia;El Caracolero
-380425;Andalucía;Jaén;Benatae;El Cardete
-380426;Castilla y León;Valladolid;Pedraja de Portillo, La;El Cardiel
-380432;Región de Murcia;Región de Murcia;Cartagena;El Carmolí
-380435;Andalucía;Córdoba;Carpio, El;El Carpio
-380438;Andalucía;Cádiz;Jerez de la Frontera;El Carrascal
-380439;Extremadura;Badajoz;Carrascalejo, El;El Carrascalejo
-380443;Cataluña;Barcelona;Caldes de Montbui;El Carrer de Dalt
-380444;Cataluña;Barcelona;Masnou, El;El Carrer del Canonge
-380445;Islas Canarias;Tenerife;Candelaria;El Carretón
-380451;Castilla-La Mancha;Toledo;Casar de Escalona, El;El Casar de Escalona
-380452;Castilla-La Mancha;Guadalajara;Casar, El;El Casar de Talamanca
-380459;Región de Murcia;Región de Murcia;Murcia;El Castellar
-380460;Aragón;Teruel;Castellar, El;El Castellar
-380469;Andalucía;Sevilla;Castillo de las Guardas, El;El Castillo de las Guardas
-380475;Principado de Asturias;Principado de Asturias;Somiedo;El Castro
-380479;Islas Canarias;La Gomera;San Sebastián de la Gomera;El Cedro
-380487;Islas Canarias;La Gomera;Vallehermoso;El Cercado
-380488;País Vasco;Vizcaya;Sopuerta;El Cerco
-380492;Andalucía;Jaén;Santiago-Pontones;El Cerezo
-380497;Andalucía;Málaga;Alcaucín;El Cerro
-380500;Andalucía;Almería;Níjar;El Cerro Blanco
-380501;Andalucía;Huelva;Cerro de Andévalo, El;El Cerro de Andévalo
-380503;Andalucía;Sevilla;San Nicolás del Puerto;El Cerro del Hierro
-380504;Andalucía;Granada;Almuñécar;El Cerval
-380507;Andalucía;Granada;Moraleda de Zafayona;El Chaparral
-380509;Andalucía;Granada;Albolote;El Chaparral de Cartuja
-380512;Islas Canarias;Fuerteventura;Tuineje;El Charco
-380513;Islas Canarias;La Palma;Fuencaliente de la Palma;El Charco
-380516;Andalucía;Granada;Cúllar;El Charcón
-380518;Comunidad Valenciana;Alicante;Elche / Elx;Elche
-380522;Castilla-La Mancha;Albacete;Elche de la Sierra;Elche de la Sierra
-380523;Región de Murcia;Región de Murcia;Abanilla;El Chicamo
-380530;Islas Canarias;Gran Canaria;Tejeda;El Chorrillo
-380534;Andalucía;Huelva;Cortegana;El Chorrito
-380535;Andalucía;Málaga;Álora;El Chorro
-380536;Andalucía;Almería;Pechina;El Chuche
-380539;País Vasco;Álava;Elciego;Elciego
-380543;Región de Murcia;Región de Murcia;Moratalla;El Cobo
-380552;Andalucía;Huelva;Alájar;El Collado
-380553;Comunidad Valenciana;Valencia;Alpuente;El Collado
-380558;Cantabria;Cantabria;Herrerías;El Collado
-380559;Principado de Asturias;Principado de Asturias;Parres;El Collado de Llames
-380567;Andalucía;Almería;Chirivel;El Contador
-380574;Andalucía;Sevilla;Coronil, El;El Coronil
-380582;Islas Canarias;Fuerteventura;Tuineje;El Cortijo de Tetuí
-380592;Castilla-La Mancha;Guadalajara;Cubillo de Uceda, El;El Cubillo de Uceda
-380594;Castilla y León;Zamora;Cubo de Tierra del Vino, El;El Cubo de Tierra del Vino
-380596;Islas Canarias;Lanzarote;Tinajo;El Cuchillo
-380597;Andalucía;Sevilla;Cuervo de Sevilla, El;El Cuervo
-380598;Aragón;Teruel;Cuervo, El;El Cuervo
-380601;Principado de Asturias;Principado de Asturias;Llanes;El Cueto
-380605;Comunidad Valenciana;Alicante;Elda;Elda
-380606;Región de Murcia;Región de Murcia;Cartagena;El Descargador
-380611;Andalucía;Almería;Turre;El Dondo
-380613;Islas Canarias;Tenerife;Granadilla de Abona;El Draguito
-380617;Cantabria;Cantabria;Santoña;El Dueso
-380618;Islas Canarias;Tenerife;Puerto de la Cruz;El Durazno
-380619;Cantabria;Cantabria;Camargo;Elechas
-380621;Andalucía;Jaén;Villares, Los;Electra Industrial
-380623;País Vasco;Vizcaya;Forua;Elejalde
-380624;País Vasco;Vizcaya;Ereño;Ereño
-380625;País Vasco;Vizcaya;Plentzia;Elejalde
-380626;Andalucía;Almería;Ejido, El;El Ejido
-380633;Andalucía;Sevilla;Alanís;El Encinar
-380640;Islas Canarias;Tenerife;Güímar;El Escobonal
-380642;Comunidad de Madrid;Comunidad de Madrid;Escorial, El;El Escorial
-380644;Andalucía;Almería;Vera;El Esparragal
-380645;Andalucía;Córdoba;Priego de Córdoba;El Esparragal
-380648;Comunidad de Madrid;Comunidad de Madrid;Vellón, El;El Espartal
-380651;Principado de Asturias;Principado de Asturias;Coaña;El Espín
-380652;Región de Murcia;Región de Murcia;Fuente Álamo de Murcia;El Espinar
-380653;Castilla y León;Segovia;Espinar, El;El Espinar
-380655;Islas Canarias;Gran Canaria;Tejeda;El Espinillo
-380658;Castilla y León;León;Vega de Espinareda;El Espino
-380659;Islas Baleares;Mallorca;Llucmajor;S'Estanyol de Migjorn
-380667;Galicia;La Coruña;Ferrol;Ferrol
-380669;Cataluña;Barcelona;Figaró-Montmany;El Figaró
-380674;Aragón;Zaragoza;Frago, El;El Frago
-380676;Principado de Asturias;Principado de Asturias;Franco, El;El Franco
-380679;Castilla y León;Ávila;Fresno, El;El Fresno
-380688;Castilla y León;León;Brazuelo;El Ganso
-380691;Andalucía;Sevilla;Garrobo, El;El Garrobo
-380692;Extremadura;Cáceres;Nuñomoral;El Gasco
-380693;Andalucía;Cádiz;Gastor, El;El Gastor
-380694;Castilla y León;Salamanca;Villaseco de los Reyes;El Gejo de los Reyes
-380695;País Vasco;Guipúzcoa;Elgoibar;Elgóibar
-380700;Extremadura;Cáceres;Gordo, El;El Gordo
-380702;Comunidad Foral de Navarra;Comunidad Foral de Navarra;Elgorriaga;Elgorriaga
-380703;Aragón;Huesca;Grado, El;El Grado
-380709;Comunidad Valenciana;Valencia;Cullera;El Grau
-380710;Comunidad Valenciana;Castellón;Borriana / Burriana;Grao
-380711;Comunidad Valenciana;Castellón;Castellón de la Plana / Castelló de la Plana;Grao de Castellón
-380717;Principado de Asturias;Principado de Asturias;Cangas de Onís;Elgueras
-380718;País Vasco;Vizcaya;Valle de Trápaga-Trapagaran;Elguero
-380724;Andalucía;Cádiz;Arcos de la Frontera;El Guijo
-380726;Extremadura;Badajoz;Jerez de los Caballeros;El Guijo
-380728;Islas Canarias;Tenerife;Arona;El Guincho
-380729;Islas Canarias;Tenerife;Icod de los Vinos;El Guincho
-380734;Cataluña;Barcelona;Gurb;El Gurb
-380739;Castilla-La Mancha;Cuenca;Herrumblar, El;El Herrumblar
-380740;Andalucía;Córdoba;Iznájar;El Higueral
-380741;Andalucía;Córdoba;Córdoba;El Higuerón
-380750;Castilla-La Mancha;Albacete;Alcaraz;El Horcajo
-380756;Castilla y León;Ávila;Hornillo, El;El Hornillo
-380760;Andalucía;Córdoba;Belmez;El Hoyo
-380763;Cantabria;Cantabria;Ribamontán al Mar;El Hoyo
-380764;Castilla y León;Ávila;Hoyo de Pinares, El;El Hoyo de Pinares
-380767;Aragón;Huesca;Fueva, La;El Humo
-380772;Islas Canarias;Lanzarote;San Bartolomé;El Islote
-380775;Comunidad Foral de Navarra;Comunidad Foral de Navarra;Baztan;Elizondo
-380778;Islas Canarias;Tenerife;Guía de Isora;El Jaral
-380780;Castilla-La Mancha;Albacete;Alcaraz;El Jardín
-380782;Extremadura;Cáceres;Eljas;Eljas
-380784;Andalucía;Almería;Almería;El Jaúl
-380787;Islas Canarias;Gran Canaria;Tejeda;El Juncal
-380790;Región de Murcia;Región de Murcia;Águilas;El Labradorcico
-380795;Castilla-La Mancha;Albacete;Riópar;El Laminador
-380796;Cataluña;Lérida;Bellver de Cerdanya;Éller
-380800;Cantabria;Cantabria;Udías;El Llano
-380802;Principado de Asturias;Principado de Asturias;Parres;El Llano
-380804;Andalucía;Almería;Carboneras;El Llano de Don Antonio
-380806;Andalucía;Almería;Albox;El Llano del Espino
-380807;Andalucía;Almería;Albox;El Llano de los Olleres
-380832;Principado de Asturias;Principado de Asturias;Cudillero;El Manto
-380836;Andalucía;Almería;Lubrín;El Marchal
-380840;Región de Murcia;Región de Murcia;Mazarrón;El Margajón
-380841;Andalucía;Almería;Oria;El Margen
-380851;Islas Canarias;Fuerteventura;Puerto del Rosario;El Matorral
-380853;Galicia;Orense;Vilamartín de Valdeorras;El Mazo
-380855;Principado de Asturias;Principado de Asturias;Peñamellera Baja;El Mazo
-380858;Islas Canarias;Tenerife;Granadilla de Abona;El Médano
-380863;Islas Canarias;Tenerife;Santa Cruz de Tenerife;El Mesón
-380867;Andalucía;Córdoba;Villanueva de Córdoba;Estación el Minguillo
-380870;Islas Canarias;Lanzarote;Teguise;El Mojón
-380871;Región de Murcia;Región de Murcia;Mazarrón;El Mojón
-380872;Comunidad Valenciana;Alicante;Pilar de la Horadada;El Mojón
-380873;Andalucía;Jaén;Cazorla;El Molar
-380874;Comunidad de Madrid;Comunidad de Madrid;Molar, El;El Molar
-380881;Andalucía;Málaga;Nerja;El Molino
-380886;Islas Canarias;Tenerife;Santiago del Teide;El Molledo
-380888;Comunidad Valenciana;Alicante;Guardamar del Segura;El Moncayo
-380910;Islas Canarias;La Palma;Garafía;El Mudo
-380915;Castilla y León;Segovia;Riaza;Riaza
-380918;Región de Murcia;Región de Murcia;Mula;El Niño
-380923;Andalucía;Jaén;Segura de la Sierra;El Ojuelo
-380926;Castilla-La Mancha;Guadalajara;Olivar, El;El Olivar
-380927;Principado de Asturias;Principado de Asturias;Villaviciosa;El Olivar
-380933;País Vasco;Vizcaya;Elorrio;Elorrio
-380936;Castilla y León;Ávila;Oso, El;El Oso
-380937;País Vasco;Álava;Legutio;Elosu
-380939;Principado de Asturias;Principado de Asturias;Piloña;El Otero
-380943;Andalucía;Almería;Zurgena;El Palacés
-380949;Región de Murcia;Región de Murcia;Murcia;El Palmar
-380950;Comunidad Valenciana;Valencia;Sueca;El Palmar
-380955;Islas Canarias;Gran Canaria;Santa María de Guía de Gran Canaria;El Palmital
-380956;Andalucía;Málaga;Málaga;El Palo
-380959;Andalucía;Jaén;Iruela, La;El Palomar
-380963;Galicia;Orense;Gomesende;El Pao
-380965;Castilla-La Mancha;Albacete;Yeste;El Pardal
-380971;Comunidad Valenciana;Castellón;Sierra Engarcerán;El Parral
-380975;Región de Murcia;Región de Murcia;Abanilla;El Partidor
-380977;Islas Canarias;La Palma;Paso, El;El Paso
-380978;Cataluña;Gerona;Cellera de Ter, La;El Pasteral
-380982;Andalucía;Jaén;Santiago-Pontones;El Patronato
-380984;Castilla y León;Salamanca;Payo, El;El Payo
-380986;Castilla-La Mancha;Cuenca;Pedernoso, El;El Pedernoso
-380991;Andalucía;Sevilla;Pedroso, El;El Pedroso
-381000;Andalucía;Sevilla;Castillo de las Guardas, El;El Peralejo
-381002;Castilla y León;Zamora;Perdigón, El;El Perdigón
-381004;Comunidad Valenciana;Valencia;Valencia;El Perelló
-381006;Andalucía;Huelva;Zarza-Perrunal, La;El Perrunal
-381010;Castilla-La Mancha;Cuenca;Picazo, El;El Picazo
-381012;Islas Canarias;Gran Canaria;Aldea de San Nicolás, La;El Pie de la Cuesta
-381014;Andalucía;Almería;Lubrín;El Pilar y Provincias
-381018;Islas Canarias;La Palma;Tijarafe;El Pinar
-381020;Galicia;La Coruña;Carnota;O Pindo
-381022;Islas Canarias;La Palma;Tijarafe;El Pinillo
-381023;Galicia;La Coruña;Pino, O;O Pino
-381024;Principado de Asturias;Principado de Asturias;Aller;El Pino
-381025;Principado de Asturias;Principado de Asturias;Corvera de Asturias;El Pino
-381027;Principado de Asturias;Principado de Asturias;Cudillero;El Pito
-381029;Cataluña;Barcelona;Santa Maria de Besora;Santa Maria de Besora
-381032;Aragón;Huesca;Pueyo de Araguás, El;El Plano
-381037;Castilla-La Mancha;Guadalajara;Pobo de Dueñas, El;El Pobo de Dueñas
-381040;Cataluña;Barcelona;Pont de Vilomara i Rocafort, El;El Pont de Vilomara
-381043;Principado de Asturias;Principado de Asturias;Corvera de Asturias;El Pontón
-381048;Islas Baleares;Mallorca;Sóller;Puerto de Sóller
-381049;Islas Baleares;Mallorca;Pollença;Port de Pollença (Puerto Pollensa)
-381050;Islas Baleares;Mallorca;Pollença;Puerto Pollensa
-381052;Islas Canarias;Tenerife;Tegueste;El Portezuelo
-381060;Aragón;Teruel;Calamocha;El Poyo
-381062;Andalucía;Almería;Almería;El Pozo del Cabo
-381064;Andalucía;Almería;Cuevas del Almanzora;El Pozo del Esparto
-381065;Andalucía;Almería;Níjar;El Pozo de los Frailes
-381066;Andalucía;Granada;Albuñol;El Pozuelo
-381074;Cataluña;Barcelona;Prat de Llobregat, El;El Prat de Llobregat
-381078;Castilla-La Mancha;Cuenca;Provencio, El;El Provencio
-381080;Islas Canarias;La Palma;Puntagorda;El Pueblo
-381087;Cantabria;Cantabria;Guriezo;El Puente
-381088;Castilla-La Mancha;Toledo;Puente del Arzobispo, El;El Puente del Arzobispo
-381090;Andalucía;Almería;Huércal-Overa;El Puertecico
-381091;Islas Canarias;Tenerife;San Cristóbal de La Laguna;El Puertito
-381093;Islas Canarias;Tenerife;Rosario, El;El Puerto
-381094;Andalucía;Almería;Roquetas de Mar;El Puerto
-381096;Región de Murcia;Región de Murcia;Mazarrón;Puerto de Mazarrón
-381099;Comunidad Valenciana;Valencia;Canet d'En Berenguer;Puerto Sagunto
-381100;Islas Baleares;Mallorca;Alcúdia;Puerto de Alcudia
-381101;Cataluña;Barcelona;Vilanova i la Geltrú;El Puerto
-381102;Cataluña;Gerona;Colera;El Puerto
-381103;Castilla y León;León;Villablino;El Puerto
-381105;Andalucía;Cádiz;Puerto de Santa María, El;El Puerto de Santa María
-381106;Principado de Asturias;Principado de Asturias;Somiedo;El Puerto de Somiedo
-381108;Aragón;Huesca;Pueyo de Araguás, El;El Pueyo de Araguás
-381109;Aragón;Huesca;Panticosa;El Pueyo de Jaca
-381110;Cataluña;Barcelona;Gelida;El Puig
-381123;Castilla-La Mancha;Albacete;Molinicos;El Quejigal
-381126;Andalucía;Huelva;Jabugo;El Quejigo
-381136;La Rioja;La Rioja;Rasillo de Cameros, El;El Rasillo
-381137;Castilla y León;Ávila;Candeleda;El Raso
-381139;Andalucía;Sevilla;Real de la Jara, El;El Real de la Jara
-381140;Castilla-La Mancha;Toledo;Real de San Vicente, El;El Real de San Vicente
-381141;Región de Murcia;Región de Murcia;Cartagena;El Realenco
-381149;La Rioja;La Rioja;Redal, El;El Redal
-381158;Andalucía;Granada;Almuñécar;El Rescate
-381159;Islas Canarias;Tenerife;Santiago del Teide;El Retamar
-381161;Andalucía;Almería;Laroya;El Reul Alto
-381162;Islas Canarias;Gran Canaria;Valsequillo de Gran Canaria;El Rincón
-381163;Islas Canarias;Tenerife;Orotava, La;El Rincón
-381168;Andalucía;Córdoba;Carlota, La;El Rinconcillo
-381171;Islas Canarias;Tenerife;Arico;El Río
-381179;Andalucía;Almería;Berja;El Río Chico
-381182;Islas Canarias;Gran Canaria;Agaete;El Risco
-381184;Castilla-La Mancha;Ciudad Real;Robledo, El;El Robledo
-381185;Andalucía;Huelva;Almonte;El Rocío
-381188;Andalucía;Almería;Níjar;El Rodón
-381189;Comunidad Valenciana;Alicante;Pinós, el / Pinoso;El Pinós (Pinoso)
-381198;Región de Murcia;Región de Murcia;Mazarrón;El Romero
-381200;Andalucía;Huelva;Cartaya;El Rompido
-381201;Andalucía;Sevilla;Ronquillo, El;El Ronquillo
-381203;Islas Canarias;Tenerife;Santa Cruz de Tenerife;El Roque
-381217;Castilla y León;Soria;Royo, El;El Royo
-381218;Extremadura;Cáceres;Nuñomoral;El Rubiaco
-381221;Aragón;Huesca;Castejón de Sos;El Run
-381223;Región de Murcia;Región de Murcia;Moratalla;El Sabinar
-381224;Andalucía;Granada;Cúllar;El Sauco
-381228;Región de Murcia;Región de Murcia;Abanilla;El Salado
-381230;Comunidad Valenciana;Valencia;Valencia;El Saler
-381232;Comunidad Valenciana;Alicante;Beneixama;El Salse
-381234;Andalucía;Almería;Carboneras;El Saltador Bajo
-381240;Andalucía;Sevilla;Saucejo, El;El Saucejo
-381244;Comunidad Valenciana;Castellón;Vall d'Alba;Els Corrals
-381250;Andalucía;Sevilla;Guillena;El Serrano
-381253;Cataluña;Gerona;Ribes de Freser;El Serrat
-381255;Castilla y León;Palencia;Grijota;El Serrón
-381258;Cataluña;Barcelona;Hostalets de Pierola, Els;Els Hostalets
-381259;Cataluña;Barcelona;Balenyà;Els Hostalets
-381261;Comunidad Valenciana;Castellón;Sierra Engarcerán;Els Ibarsos
-381262;Castilla-La Mancha;Cuenca;Vara de Rey;El Simarro
-381265;Cataluña;Barcelona;Olèrdola;Els Monjos
-381268;Islas Canarias;Tenerife;Güímar;El Socorro
-381282;Cantabria;Cantabria;Arredondo;El Tabladillo
-381283;Islas Canarias;La Palma;Garafía;El Tablado
-381284;Islas Canarias;Tenerife;Rosario, El;El Tablero
-381288;Andalucía;Almería;Cuevas del Almanzora;El Tarahal
-381294;Andalucía;Córdoba;Benamejí;El Tejar
-381296;Cantabria;Cantabria;Comillas;El Tejo
-381301;Castilla y León;León;Cabañas Raras;El Teso
-381304;Castilla y León;Ávila;Tiemblo, El;El Tiemblo
-381307;Castilla-La Mancha;Cuenca;Beteta;El Tobar
-381308;Castilla-La Mancha;Toledo;Toboso, El;El Toboso
-381311;Región de Murcia;Región de Murcia;Abanilla;El Tollé
-381318;Comunidad Valenciana;Castellón;Cirat;El Tormo
-381320;Castilla y León;Salamanca;Tornadizo, El;El Tornadizo
-381323;Extremadura;Cáceres;Torno, El;El Torno
-381325;Comunidad Valenciana;Castellón;Toro, El;El Toro
-381332;Andalucía;Jaén;Santiago-Pontones;El Tranco
-381336;Andalucía;Cádiz;Puerto Real;El Trocadero
-381338;Andalucía;Granada;Cacín;El Turro
-381346;Andalucía;Jaén;Cazorla;El Valle
-381347;Castilla y León;León;Folgoso de la Ribera;El Valle
-381348;Principado de Asturias;Principado de Asturias;Lena;El Valle
-381350;País Vasco;Vizcaya;Zierbena;El Valle
-381353;Aragón;Teruel;Vallecillo, El;El Vallecillo
-381358;Andalucía;Granada;Motril;El Varadero
-381360;Comunidad de Madrid;Comunidad de Madrid;Vellón, El;El Vellón
-381372;País Vasco;Álava;Elvillar / Bilar;Elvillar
-381374;Principado de Asturias;Principado de Asturias;Villaviciosa;El Villar
-381383;Andalucía;Sevilla;Viso del Alcor, El;El Viso del Alcor
-381384;Castilla-La Mancha;Toledo;Viso de San Juan, El;El Viso de San Juan
-381389;Comunidad Foral de Navarra;Comunidad Foral de Navarra;Ultzama;Elzaburu
-381391;País Vasco;Vizcaya;Dima;Emaldia
-381396;Aragón;Zaragoza;Calatayud;Embid de la Ribera
-381398;Aragón;Huesca;Valle de Hecho;Embún
-381403;Andalucía;Sevilla;Arahal;Estación de Empalme de Morón
-381410;Aragón;Huesca;Grado, El;Enate
-381436;Castilla y León;Valladolid;Encinas de Esgueva;Encinas de Esgueva
-381437;Andalucía;Huelva;Encinasola;Encinasola
-381439;Andalucía;Córdoba;Encinas Reales;Encinas Reales
-381445;La Rioja;La Rioja;Enciso;Enciso
-381455;Principado de Asturias;Principado de Asturias;Somiedo;Éndriga
-381456;Castilla y León;Salamanca;Endrinal;Endrinal
-381463;Comunidad Foral de Navarra;Comunidad Foral de Navarra;Añorbe;Enériz
-381468;Comunidad Valenciana;Valencia;Enguera;Enguera
-381470;Castilla-La Mancha;Cuenca;Enguídanos;Enguídanos
-381471;Andalucía;Almería;Enix;Enix
-381495;Comunidad Valenciana;Valencia;Ènova, l';Énova
-381500;Cantabria;Cantabria;Vega de Liébana;Enterrías
-381501;Galicia;Pontevedra;Salceda de Caselas;Entienza
-381514;Castilla y León;Zamora;Entrala;Entrala
-381517;Cantabria;Cantabria;Hermandad de Campoo de Suso;Entrambasaguas
-381519;Cantabria;Cantabria;Entrambasaguas;Entrambasaguas
-381521;Galicia;Orense;Merca, A;Entrambosríos
-381522;Castilla y León;Burgos;Merindad de Sotoscueva;Entrambosríos
-381523;Galicia;Orense;Vilariño de Conso;Entrecinsa
-381524;Galicia;La Coruña;Carballo;Entrecruces
-381526;La Rioja;La Rioja;Entrena;Entrena
-381537;Galicia;Orense;Entrimo;Entrimo
-381546;Cataluña;Lérida;Sort;Enviny
-381548;Comunidad Foral de Navarra;Comunidad Foral de Navarra;Urraul Alto;Epároz
-381550;Aragón;Zaragoza;Épila;Épila
-381553;Comunidad Valenciana;Alicante;Villajoyosa / Vila Joiosa, la;Era de Soler
-381554;País Vasco;Vizcaya;Erandio;Erandio
-381560;Comunidad Foral de Navarra;Comunidad Foral de Navarra;Valle de Yerri / Deierri;Eraul
-381562;Galicia;La Coruña;Carballo;Erbecero
-381563;Galicia;Pontevedra;Soutomaior;Islotes Erbedosas
-381571;País Vasco;Álava;Iruraiz-Gauna;Erenchun
-381573;Islas Canarias;El Hierro;Valverde;Erese
-381575;Aragón;Huesca;Sahún;Eresué
-381577;País Vasco;Guipúzcoa;Oiartzun;Ergoyen
-381578;País Vasco;Vizcaya;Gamiz-Fika;Gamiz-Fika
-381581;Extremadura;Cáceres;Pinofranqueado;Erías
-381582;País Vasco;Álava;Zigoitia;Eribe
-381583;Comunidad Foral de Navarra;Comunidad Foral de Navarra;Atez / Atetz;Erice
-381585;Cataluña;Lérida;Vall de Boí, La;Erill la Vall
-381590;Aragón;Huesca;Sahún;Eriste
-381593;Islas Canarias;Tenerife;Silos, Los;Erjos
-381599;Comunidad Valenciana;Alicante;Benidorm;Ermita de Sanz
-381601;Andalucía;Jaén;Bedmar y Garcíez;Ermita y Torreón de Cuadros
-381603;País Vasco;Vizcaya;Ermua;Ermua
-381609;Comunidad Foral de Navarra;Comunidad Foral de Navarra;Larraun;Errazquin
-381610;Comunidad Foral de Navarra;Comunidad Foral de Navarra;Baztan;Errazu
-381614;Comunidad Foral de Navarra;Comunidad Foral de Navarra;Erro;Erro
-381619;Castilla-La Mancha;Toledo;Erustes;Erustes
-381624;Cantabria;Cantabria;Cillorigo de Liébana;Esanos
-381631;Andalucía;Huelva;Escacena del Campo;Escacena del Campo
-381635;Castilla y León;Burgos;Valle de Sedano;Escalada
-381638;Cantabria;Cantabria;Escalante;Escalante
-381641;Cataluña;Lérida;Guingueta d'Àneu, La;Escalarre
-381643;Castilla-La Mancha;Guadalajara;Valhermoso;Escalera
-381651;Cataluña;Lérida;Guingueta d'Àneu, La;Escaló
-381652;Islas Canarias;Tenerife;Vilaflor de Chasna;Escalona
-381653;Castilla-La Mancha;Toledo;Escalona;Escalona
-381654;Aragón;Huesca;Laspuña;Escalona
-381658;Castilla y León;Segovia;Escalona del Prado;Escalona del Prado
-381659;Castilla-La Mancha;Toledo;Escalonilla;Escalonilla
-381660;Castilla y León;Ávila;Riofrío;Escalonilla
-381665;Principado de Asturias;Principado de Asturias;Regueras, Las;Regueras, Las
-381680;Galicia;La Coruña;Pobra do Caramiñal, A;Escarabote
-381687;Comunidad Foral de Navarra;Comunidad Foral de Navarra;Ezcároz / Ezkaroze;Ezcároz
-381688;Aragón;Huesca;Sallent de Gállego;Escarrilla
-381692;Cataluña;Gerona;Begur;Esclaña
-381698;Principado de Asturias;Principado de Asturias;Cabrales;El Escobal
-381700;Región de Murcia;Región de Murcia;Fuente Álamo de Murcia;Escobar
-381701;Región de Murcia;Región de Murcia;Cehegín;Escobar
-381706;Cantabria;Cantabria;Villafufre;Escobedo
-381707;Cantabria;Cantabria;Camargo;Escobedo
-381725;Islas Baleares;Mallorca;Escorca;Escorca
-381732;País Vasco;Guipúzcoa;Eskoriatza;Escoriaza
-381738;Andalucía;Granada;Íllora;Escóznar
-381754;Aragón;Huesca;Biescas;Escuer
-381756;Andalucía;Almería;Tres Villas, Las;Escúllar
-381760;Cataluña;Lérida;Vielha e Mijaran;Escuñau
-381763;Extremadura;Cáceres;Escurial;Escurial
-381773;Galicia;La Coruña;Coristanco;Esfarrapa
-381776;Galicia;Orense;Esgos;Esgos
-381784;Cantabria;Cantabria;Santa María de Cayón;Esles
-381785;Comunidad Valenciana;Castellón;Eslida;Eslida
-381791;Comunidad Foral de Navarra;Comunidad Foral de Navarra;Erro;Esnoz
-381810;Extremadura;Badajoz;Esparragalejo;Esparragalejo
-381811;Región de Murcia;Región de Murcia;Puerto Lumbreras;Esparragalico
-381816;Cataluña;Barcelona;Esparreguera;Esparreguera
-381824;Andalucía;Sevilla;Espartinas;Espartinas
-381828;Comunidad Foral de Navarra;Comunidad Foral de Navarra;Esparza de Salazar / Espartza Zaraitzu;Esparza de Salazar
-381834;Galicia;La Coruña;Ortigueira;Porto de Espasante
-381838;Castilla y León;Salamanca;Espeja;Espeja
-381840;Castilla y León;Soria;Espeja de San Marcelino;Espeja de San Marcelino
-381841;Andalucía;Córdoba;Espejo;Espejo
-381842;País Vasco;Álava;Valdegovía / Gaubea;Espejo
-381844;Castilla y León;Soria;Almarza;Espejo de Tera
-381845;Castilla y León;Soria;Espejón;Espejón
-381849;Andalucía;Cádiz;Espera;Espera
-381850;Galicia;Lugo;Folgoso do Courel;Esperante
-381858;Aragón;Huesca;Laspaúles;Espés Alto
-381861;Aragón;Huesca;Bielsa;Espierba
-381869;Principado de Asturias;Principado de Asturias;Villaviciosa;Espina
-381871;Comunidad Foral de Navarra;Comunidad Foral de Navarra;Erro;Espinal-Auzperri
-381872;Cantabria;Cantabria;Camaleño;Espinama
-381877;Región de Murcia;Región de Murcia;Murcia;Espinardo
-381879;Castilla y León;León;Vega de Espinareda;Espinareda de Vega
-381881;Principado de Asturias;Principado de Asturias;Piloña;Espinaredo
-381884;Cataluña;Gerona;Molló;Espinavell
-381885;Cataluña;Gerona;Cabanelles;Espinavesa
-381895;Cataluña;Gerona;Espinelves;Espinelvas
-381896;Principado de Asturias;Principado de Asturias;Siero;Espiniella
-381898;Cantabria;Cantabria;Hermandad de Campoo de Suso;Espinilla
-381899;Andalucía;Málaga;Alcaucín;Espino
-381905;Cantabria;Cantabria;Valderredible;Espinosa de Bricia
-381907;Castilla y León;Burgos;Espinosa de Cervera;Espinosa de Cervera
-381908;Castilla-La Mancha;Guadalajara;Espinosa de Henares;Espinosa de Henares
-381911;Castilla y León;Burgos;Espinosa del Camino;Espinosa del Camino
-381914;Castilla y León;Burgos;Espinosa de los Monteros;Espinosa de los Monteros
-381915;Castilla y León;Palencia;Espinosa de Villagonzalo;Espinosa de Villagonzalo
-381919;Castilla y León;León;Ponferrada;Espinoso de Compludo
-381920;Castilla-La Mancha;Toledo;Espinoso del Rey;Espinoso del Rey
-381921;Castilla y León;Segovia;Espirdo;Espirdo
-381925;Aragón;Huesca;Valle de Lierp;Espluga
-381926;Cataluña;Lérida;Espluga Calba, L';Espluga Calva
-381927;Cataluña;Tarragona;Espluga de Francolí, L';Espluga de Francolí
-381928;Cataluña;Barcelona;Esplugues de Llobregat;Esplugues de Llobregat
-381931;Cataluña;Gerona;Espolla;Espolla
-381932;Cataluña;Gerona;Esponellà;Esponellá
-381936;Islas Baleares;Mallorca;Esporles;Esporlas
-381938;Galicia;Orense;Ribadavia;Esposende
-381940;Cataluña;Lérida;Espot;Espot
-381941;Comunidad Foral de Navarra;Comunidad Foral de Navarra;Espronceda;Espronceda
-381942;Aragón;Huesca;Jaca;Espuéndolas
-381946;Cataluña;Lérida;Torre de Cabdella, La;Espúy
-381948;País Vasco;Vizcaya;Morga;Esquerica
-381956;Castilla-La Mancha;Toledo;Esquivias;Esquivias
-381957;Castilla-La Mancha;Guadalajara;Establés;Establés
-381959;Islas Baleares;Mallorca;Palma de Mallorca;Establiments
-381977;Castilla-La Mancha;Albacete;Chinchilla de Monte-Aragón;Estación de Chinchilla
-381978;Castilla y León;Segovia;Espinar, El;Estación de El Espinar
-381982;Andalucía;Granada;Caniles;El Hijate
-381993;Comunidad Valenciana;Valencia;Quartell;Estación de los Valles
-381994;Andalucía;Córdoba;Villanueva del Duque;Estación del Soldado
-381997;Andalucía;Almería;Purchena;Estación de Purchena
-381998;Comunidad Valenciana;Alicante;Santa Pola;Estación de Río Záncara
-382006;Aragón;Huesca;Estada;Estada
-382007;Aragón;Huesca;Estadilla;Estadilla
-382019;Cataluña;Gerona;Aiguaviva;Estanyol
-382021;Cataluña;Barcelona;Estany, L';Estany
-382031;Cataluña;Gerona;Torroella de Montgrí;L'Estartit
-382032;Galicia;Pontevedra;Tomiño;Estás
-382036;Castilla y León;Burgos;Condado de Treviño;Estavillo
-382043;Galicia;La Coruña;Boiro;Esteiro
-382044;Galicia;La Coruña;Outes;Esteiro
-382049;Comunidad Foral de Navarra;Comunidad Foral de Navarra;Estella-Lizarra;Estella
-382050;Islas Baleares;Mallorca;Estellencs;Estellencs
-382059;Andalucía;Sevilla;Estepa;Estepa
-382062;Castilla y León;Burgos;Estépar;Estépar
-382067;Andalucía;Málaga;Estepona;Estepona
-382071;Castilla y León;Soria;Medinaceli;Esteras de Medina
-382072;Aragón;Teruel;Estercuel;Estercuel
-382074;Cataluña;Lérida;Esterri d'Àneu;Esterri d'Àneu
-382075;Cataluña;Lérida;Esterri de Cardós;Esterri de Cardós
-382085;Comunidad Valenciana;Valencia;Estivella;Estivella
-382087;Galicia;La Coruña;Cabana de Bergantiños;Esto
-382088;La Rioja;La Rioja;Estollo;Estollo
-382090;Aragón;Huesca;Estopiñán del Castillo;Estopiñán
-382091;Galicia;La Coruña;Fisterra;Estorde
-382095;Cantabria;Cantabria;Val de San Vicente;Estrada
-382105;Comunidad de Madrid;Comunidad de Madrid;Estremera;Estremera
-382111;Comunidad Valenciana;Valencia;Estubeny;Estubeny
-382114;Comunidad Foral de Navarra;Comunidad Foral de Navarra;Etayo;Etayo
-382117;Comunidad Foral de Navarra;Comunidad Foral de Navarra;Anue;Etuláin
-382122;Comunidad Foral de Navarra;Comunidad Foral de Navarra;Eulate;Eulate
-382123;Comunidad Foral de Navarra;Comunidad Foral de Navarra;Allín / Allin;Eulz
-382136;Galicia;La Coruña;Dumbría;Ézaro
-382137;La Rioja;La Rioja;Ezcaray;Ezcaray
-382143;Castilla y León;Burgos;Villagalijo;Ezquerra
-382149;Aragón;Zaragoza;Fabara;Fabara
-382151;Castilla y León;León;Fabero;Fabero
-382154;Andalucía;Granada;Caniles;Fábrica Azucarera
-382159;Comunidad Valenciana;Alicante;Facheca;Facheca
-382161;Andalucía;Cádiz;Tarifa;Facinas
-382166;Principado de Asturias;Principado de Asturias;Valdés;Faedal
-382169;Principado de Asturias;Principado de Asturias;Valdés;Faedo
-382172;Principado de Asturias;Principado de Asturias;Cudillero;Faedo
-382180;Aragón;Huesca;Fago;Fago
-382190;Comunidad Foral de Navarra;Comunidad Foral de Navarra;Falces;Falces
-382205;Cataluña;Gerona;Viladasens;Fallinas
-382207;Cataluña;Tarragona;Falset;Falset
-382214;Comunidad Valenciana;Alicante;Benissa;Fanadix
-382216;Cataluña;Gerona;Castell-Platja d'Aro;Fanals d'Aro
-382219;Cataluña;Lérida;Torà;Fanes
-382223;Aragón;Huesca;Fanlo;Fanlo del Valle de Vío
-382224;Principado de Asturias;Principado de Asturias;Colunga;Fano
-382225;Principado de Asturias;Principado de Asturias;Gijón;Fano
-382230;Comunidad Valenciana;Castellón;Fanzara;Fanzara
-382233;Andalucía;Málaga;Faraján;Faraján
-382234;Galicia;Orense;Nogueira de Ramuín;Faramentaos
-382236;Castilla y León;Zamora;Faramontanos de Tábara;Faramontanos de Tábara
-382238;Galicia;Orense;Merca, A;Faramontaos
-382241;Cataluña;Gerona;Serinyà;Faras
-382249;Cataluña;Tarragona;Mont-ral;Farena
-382251;Cataluña;Lérida;Valls de Valira, Les;Farga de Moles
-382255;Castilla y León;Zamora;Fariza;Fariza
-382261;Galicia;Lugo;Xove;Faro
-382268;Principado de Asturias;Principado de Asturias;Gozón;Faro de Peñas
-382272;Cataluña;Lérida;Farrera;Farrera
-382277;Castilla y León;León;Murias de Paredes;Fasgar
-382279;Islas Canarias;Tenerife;Fasnia;Fasnia
-382281;Islas Canarias;Gran Canaria;San Bartolomé de Tirajana;Fataga
-382289;Cataluña;Tarragona;Vandellòs i l'Hospitalet de l'Infant;Fatgés
-382291;Comunidad Valenciana;Valencia;Faura;Faura
-382293;Comunidad Valenciana;Valencia;Favara;Favareta (Favara)
-382296;Principado de Asturias;Principado de Asturias;Siero;Faya
-382297;Islas Canarias;Fuerteventura;Tuineje;Fayagua
-382298;Aragón;Zaragoza;Fayón;Fayón
-382299;Galicia;Lugo;Foz;Fazouro
-382304;Galicia;La Coruña;Ortigueira;Feás
-382305;Cataluña;Tarragona;Febró, La;Febró
-382311;Galicia;Orense;Celanova;Fechas
-382315;Islas Baleares;Mallorca;Felanitx;Felanitx
-382317;Castilla y León;León;Boñar;Felechas
-382320;Principado de Asturias;Principado de Asturias;Aller;Felechosa
-382325;Andalucía;Almería;Felix;Felix
-382327;Castilla y León;León;Cármenes;Felmín
-382331;Islas Canarias;Lanzarote;Yaiza;Femés
-382333;Galicia;La Coruña;Fene;Fene
-382340;Castilla-La Mancha;Albacete;Férez;Férez
-382342;Castilla y León;Zamora;Fermoselle;Fermoselle
-382343;Castilla-La Mancha;Ciudad Real;Fernán Caballero;Fernancaballero
-382349;Andalucía;Almería;Níjar;Fernán Pérez
-382353;Cataluña;Tarragona;Tarragona;Ferrán
-382357;Andalucía;Granada;Ferreira;Ferreira
-382359;Galicia;Lugo;Pantón;Ferreira de Panton
-382360;Galicia;Lugo;Palas de Rei;Ferreira
-382362;Principado de Asturias;Principado de Asturias;Santa Eulalia de Oscos;Ferreira
-382366;Galicia;Lugo;Valadouro, O;O Valadouro
-382373;Galicia;Lugo;Cervantes;Ferreiravedés
-382375;Galicia;Lugo;Foz;Ferreiravella
-382378;Andalucía;Granada;Taha, La;Ferreirola
-382381;Galicia;La Coruña;Boiro;Ferreiros
-382383;Galicia;Lugo;Paradela;Ferreiros
-382385;Galicia;Pontevedra;Vila de Cruces;Ferreirós
-382397;Galicia;Lugo;Pobra do Brollón, A;Ferreirúa
-382399;Principado de Asturias;Principado de Asturias;Siero;Ferrera
-382402;Principado de Asturias;Principado de Asturias;Valdés;Ferrera de los Gabitos
-382406;Castilla y León;Zamora;Ferreras de Abajo;Ferreras de Abajo
-382407;Castilla y León;Zamora;Ferreras de Arriba;Ferreras de Arriba
-382411;Principado de Asturias;Principado de Asturias;Gozón;Ferrero
-382416;Aragón;Teruel;Ferreruela de Huerva;Ferreruela de Huerva
-382419;Principado de Asturias;Principado de Asturias;Llanera;Ferroñes
-382431;País Vasco;Vizcaya;Fruiz;Fica
-382436;Principado de Asturias;Principado de Asturias;Mieres;Figaredo
-382438;Principado de Asturias;Principado de Asturias;Sariego;Figares
-382443;Galicia;La Coruña;Santiago de Compostela;Figueiras
-382450;Galicia;Pontevedra;Tomiño;Figueiró
-382463;Cataluña;Gerona;Figueres;Figueres
-382469;Galicia;La Coruña;Abegondo;Figueroa
-382470;Cataluña;Tarragona;Figuerola del Camp;Figuerola
-382472;Cataluña;Lérida;Isona i Conca Dellà;Figuerola de Orcau
-382473;Comunidad Valenciana;Castellón;Figueroles;Figueroles
-382474;Cataluña;Lérida;Tàrrega;Figuerosa
-382486;Galicia;Lugo;Palas de Rei;Filgueira
-382487;Galicia;La Coruña;Dumbría;Filgueira
-382493;Castilla y León;León;Lucillo;Filiel
-382497;Andalucía;Almería;Fines;Fines
-382498;Comunidad Valenciana;Alicante;Finestrat;Finestrat
-382499;Galicia;La Coruña;Fisterra;Finisterre
-382510;Islas Canarias;Gran Canaria;Firgas;Firgas
-382511;Aragón;Huesca;Fiscal;Fiscal
-382514;Comunidad Foral de Navarra;Comunidad Foral de Navarra;Fitero;Fitero
-382521;Cataluña;Gerona;Sant Jordi Desvalls;Flassá
-382523;Comunidad Valenciana;Alicante;Vall de Laguar, la;Fleix
-382524;Cataluña;Tarragona;Flix;Flix
-382529;País Vasco;Vizcaya;Morga;Flores
-382539;Galicia;Pontevedra;Covelo;Fofe
-382540;Cataluña;Barcelona;Fogars de Montclús;Fogars de Montclús
-382541;Cataluña;Barcelona;Fogars de la Selva;Fogars de la Selva
-382544;Cataluña;Gerona;Foixà;Foixá
-382560;Galicia;Lugo;Folgoso do Courel;Folgoso
-382566;Castilla y León;León;Folgoso de la Ribera;Folgoso de la Ribera
-382580;Principado de Asturias;Principado de Asturias;Coaña;Folgueras
-382581;Principado de Asturias;Principado de Asturias;Tineo;Folgueras de Cornás
-382595;Castilla y León;Valladolid;Fompedraza;Fompedraza
-382596;Cataluña;Gerona;Parlavà;Fonalleras
-382598;Castilla y León;Valladolid;Rueda;Foncastín
-382600;Castilla y León;León;Santa Colomba de Somoza;Foncebadón
-382602;Principado de Asturias;Principado de Asturias;Soto del Barco;Foncubierta
-382605;Cataluña;Lérida;Fondarella;Fondarella
-382607;Galicia;La Coruña;Muros;Fondo
-382608;Galicia;Orense;Piñor;Fondo de Cea
-382610;Andalucía;Almería;Fondón;Fondón
-382613;Principado de Asturias;Principado de Asturias;Villaviciosa;Fondujo
-382623;Cataluña;Barcelona;Fonollosa;Fonollosa
-382625;Galicia;Lugo;Fonsagrada, A;Fonsagrada
-382636;Andalucía;Jaén;Pozo Alcón;Fontanar
-382642;Comunidad Valenciana;Valencia;Fontanars dels Alforins;Fontanares
-382651;Cataluña;Gerona;Fontanilles;Fontanilles
-382653;Principado de Asturias;Principado de Asturias;Bimenes;Fontanina
-382663;Cataluña;Gerona;Palau-sator;Fontclara
-382664;Cataluña;Gerona;Fontcoberta;Fontcuberta
-382677;Galicia;Orense;Chandrexa de Queixa;Fonteita
-382681;Comunidad Foral de Navarra;Comunidad Foral de Navarra;Fontellas;Fontellas
-382685;Cataluña;Gerona;Forallac;Fonteta
-382689;Cantabria;Cantabria;Hermandad de Campoo de Suso;Fontibre
-382692;Comunidad Valenciana;Alicante;Orba;Fontilles
-382695;Castilla y León;Ávila;Cantiveros;Fontiveros
-382697;Principado de Asturias;Principado de Asturias;Valdés;Fontoria
-382699;Cataluña;Gerona;Calonge;Fonts
-382701;Aragón;Huesca;Fonz;Fonz
-382705;Aragón;Huesca;Foradada del Toscar;Foradada del Toscar
-382713;Galicia;Pontevedra;Tomiño;Forcadela
-382719;Comunidad Valenciana;Castellón;Forcall;Forcall
-382723;Galicia;Orense;Parada de Sil;Forcas
-382727;Cataluña;Tarragona;Forès;Forés
-382729;Castilla y León;Salamanca;Forfoleda;Forfoleda
-382732;Galicia;Lugo;Foz;Forján
-382733;Islas Baleares;Menorca;Maó-Mahón;Forma
-382735;Castilla y León;Zamora;Villar del Buey;Formariz
-382737;Comunidad Valenciana;Alicante;Benijófar;Formentera del Segura
-382741;Aragón;Teruel;Formiche Alto;Formiche Alto
-382753;Islas Baleares;Mallorca;Fornalutx;Fornalutx
-382758;Islas Baleares;Menorca;Mercadal, Es;Fornells
-382760;Cataluña;Gerona;Toses;Fornells de la Muntanya
-382761;Cataluña;Gerona;Fornells de la Selva;Fornells de la Selva
-382768;Galicia;Pontevedra;Fornelos de Montes;Fornelos de Montes
-382769;Andalucía;Granada;Fornes;Fornes
-382774;Castilla y León;Zamora;Fonfría;Fornillos de Aliste
-382775;Castilla y León;Zamora;Villar del Buey;Fornillos de Fermoselle
-382780;Galicia;La Coruña;Outes;Fornos
-382786;Aragón;Teruel;Fortanete;Fortanete
-382788;Cataluña;Gerona;Riumors;Fortià
-382790;Región de Murcia;Región de Murcia;Fortuna;Fortuna
-382791;País Vasco;Vizcaya;Kortezubi;Forua
-382792;Galicia;Pontevedra;Ponte Caldelas;Forzanes
-382794;Aragón;Huesca;Fueva, La;Fosado
-382800;Comunidad Valenciana;Alicante;Alfàs del Pi, l';Foyes Blanques
-382801;Comunidad Valenciana;Valencia;Foios;Foyos
-382803;Galicia;Lugo;Foz;Foz
-382808;Aragón;Teruel;Foz-Calanda;Foz-Calanda
-382815;Galicia;La Coruña;Frades;Frades
-382818;Aragón;Huesca;Fraga;Fraga
-382824;Aragón;Huesca;Jaca;Fraginal
-382837;Región de Murcia;Región de Murcia;Águilas;Isla del Fraile
-382848;Andalucía;Jaén;Frailes;Frailes
-382859;Aragón;Huesca;Torla-Ordesa;Frajén
-382860;Cantabria;Cantabria;Cabezón de Liébana;Frama
-382868;Cataluña;Gerona;Caldes de Malavella;Franciach
-382874;Castilla y León;Segovia;Ayllón;Francos
-382894;Galicia;Lugo;Saviñao, O;Freán
-382902;Extremadura;Badajoz;Fregenal de la Sierra;Fregenal de la Sierra
-382903;Andalucía;Granada;Órgiva;Fregenite
-382904;Cataluña;Tarragona;Freginals;Freginals
-382905;Galicia;Orense;Petín;Freigido
-382908;Galicia;Pontevedra;Vigo;Freijeiro
-382913;Galicia;Pontevedra;Crecente;Crecente
-382920;Andalucía;Granada;Freila;Freila
-382928;Cataluña;Gerona;Camprodon;Veinat de Freixenet
-382929;Cataluña;Lérida;Riner;Freixinet
-382932;Principado de Asturias;Principado de Asturias;Navia;Frejulfe
-382942;Cantabria;Cantabria;Cabuérniga;Fresneda
-382943;Principado de Asturias;Principado de Asturias;Siero;Fresneda
-382949;Castilla y León;Segovia;Chañe;Fresneda de Cuéllar
-382950;Castilla-La Mancha;Cuenca;Fresneda de la Sierra;Fresneda de la Sierra
-382951;Castilla y León;Burgos;Fresneda de la Sierra Tirón;Fresneda de la Sierra Tirón
-382956;Castilla y León;Ávila;Fresnedilla;Fresnedilla
-382957;Comunidad de Madrid;Comunidad de Madrid;Fresnedillas de la Oliva;Fresnedillas de la Oliva
-382961;Principado de Asturias;Principado de Asturias;Teverga;Fresnedo
-382962;Principado de Asturias;Principado de Asturias;Quirós;Fresnedo
-382965;Cantabria;Cantabria;Solórzano;Fresnedo
-382975;Extremadura;Cáceres;Fresnedoso de Ibor;Fresnedoso de Ibor
-382980;Principado de Asturias;Principado de Asturias;Piloña;Fresnidiello
-382981;Castilla y León;Burgos;Aranda de Duero;Fresnillo de las Dueñas
-382984;Principado de Asturias;Principado de Asturias;Ribadesella;Fresno
-382991;Castilla y León;Segovia;Fresno de Cantespino;Fresno de Cantespino
-382994;Castilla y León;Segovia;Fresno de la Fuente;Fresno de la Fuente
-382998;Castilla y León;León;Fresno de la Vega;Fresno de la Vega
-383004;Castilla y León;Burgos;Fresno de Rodilla;Fresno de Rodilla
-383016;Castilla y León;Burgos;Frías;Frías
-383017;Aragón;Teruel;Frías de Albarracín;Frías de Albarracín
-383025;Andalucía;Málaga;Frigiliana;Frigiliana
-383026;Galicia;La Coruña;Muxía;Frije
-383036;Galicia;Lugo;Friol;Friol
-383043;Castilla y León;Palencia;Frómista;Frómista
-383046;Islas Canarias;El Hierro;Frontera;La Frontera
-383062;Castilla y León;Segovia;Frumales;Frumales
-383068;Principado de Asturias;Principado de Asturias;Grado;Fuejo
-383073;Castilla-La Mancha;Ciudad Real;Fuencaliente;Fuencaliente
-383079;Islas Canarias;La Palma;Fuencaliente de la Palma;Fuencaliente de La Palma
-383081;Castilla y León;Burgos;Valle de Valdelucio;Fuencaliente de Lucio
-383088;Aragón;Huesca;Fueva, La;Fuendecampo
-383090;Aragón;Zaragoza;Fuendetodos;Fuendetodos
-383095;Andalucía;Málaga;Fuengirola;Fuengirola
-383098;Comunidad de Madrid;Comunidad de Madrid;Fuenlabrada;Fuenlabrada
-383100;Extremadura;Badajoz;Fuenlabrada de los Montes;Fuenlabrada de los Montes
-383103;La Rioja;La Rioja;Fuenmayor;Fuenmayor
-383106;Castilla y León;Valladolid;Fuensaldaña;Fuensaldaña
-383107;Castilla-La Mancha;Toledo;Fuensalida;Fuensalida
-383108;Región de Murcia;Región de Murcia;Lorca;Parroquia de la Fuensanta
-383110;Castilla-La Mancha;Albacete;Fuensanta;Fuensanta
-383115;Andalucía;Jaén;Fuensanta de Martos;Fuensanta de Martos
-383120;Andalucía;Jaén;Alcalá la Real;Fuente-Álamo
-383121;Castilla-La Mancha;Albacete;Fuente-Álamo;Fuente Álamo
-383123;Región de Murcia;Región de Murcia;Cartagena;Fuente-Álamo de Murcia
-383124;Castilla-La Mancha;Albacete;Fuentealbilla;Fuentealbilla
-383142;Castilla y León;Soria;Fuentecantos;Fuentecantos
-383152;Extremadura;Badajoz;Fuente de Cantos;Fuente de Cantos
-383158;Extremadura;Badajoz;Reina;Fuente del Arco
-383170;Andalucía;Huelva;Santa Ana la Real;Fuente del Oro
-383179;Castilla-La Mancha;Albacete;Elche de la Sierra;Fuente del Taif
-383183;Castilla-La Mancha;Cuenca;Fuente de Pedro Naharro;Fuente de Pedro Naharro
-383184;Andalucía;Málaga;Fuente de Piedra;Fuente de Piedra
-383191;Castilla-La Mancha;Ciudad Real;Fuente el Fresno;Fuente el Fresno
-383195;Castilla y León;Ávila;Fuente el Saúz;Fuente el Sauz
-383196;Comunidad de Madrid;Comunidad de Madrid;Algete;Fuente el Saz
-383198;Castilla y León;Zamora;Fuente Encalada;Fuente Encalada
-383203;Andalucía;Huelva;Fuenteheridos;Fuenteheridos
-383204;Castilla-La Mancha;Albacete;Molinicos;Fuente-Higuera
-383216;Comunidad Valenciana;Castellón;Fuente la Reina;Fuente la Reina
-383218;Castilla y León;Soria;Almazán;Fuentelcarro
-383219;Castilla y León;Burgos;Fuentelcésped;Fuentelcésped
-383224;Castilla-La Mancha;Cuenca;Fuentelespino de Haro;Fuentelespino de Haro
-383229;Castilla y León;Burgos;Fuentelisendo;Fuentelisendo
-383235;Castilla-La Mancha;Guadalajara;Fuentelviejo;Fuentelviejo
-383237;Castilla y León;Segovia;Segovia;Fuentemilanos
-383238;Castilla y León;Segovia;Campo de San Pedro;Fuentemizarra
-383241;Castilla y León;Burgos;Fuentenebro;Fuentenebro
-383242;Castilla-La Mancha;Guadalajara;Fuentenovilla;Fuentenovilla
-383243;Andalucía;Granada;Orce;Fuente Nueva
-383244;Andalucía;Córdoba;Fuente Obejuna;Fuente Obejuna
-383245;Extremadura;Cáceres;Valencia de Alcántara;La Fontañera
-383246;Castilla y León;Burgos;Humada;Fuenteodra
-383250;Andalucía;Córdoba;Fuente Palmera;Fuente Palmera
-383252;Castilla y León;Segovia;Fuentepelayo;Fuentepelayo
-383260;País Vasco;Guipúzcoa;Hondarribia;Hondarribia
-383261;Castilla y León;Segovia;Fuenterrebollo;Fuenterrebollo
-383264;Castilla y León;Salamanca;Fuenterroble de Salvatierra;Fuenterroble de Salvatierra
-383269;Castilla-La Mancha;Cuenca;Fuentes;Fuentes
-383271;Principado de Asturias;Principado de Asturias;Cangas de Onís;Fuentes
-383273;Principado de Asturias;Principado de Asturias;Villaviciosa;Fuentes
-383283;Castilla y León;Zamora;Fuentesaúco;Fuentesaúco
-383285;Castilla y León;Segovia;Fuentesaúco de Fuentidueña;Fuentesaúco de Fuentidueña
-383290;Aragón;Teruel;Fuentes Claras;Fuentes Claras
-383294;Andalucía;Sevilla;Fuentes de Andalucía;Fuentes de Andalucía
-383297;Castilla y León;Salamanca;Fuentes de Béjar;Fuentes de Béjar
-383298;Castilla y León;León;Valdemora;Fuentes de Carbajal
-383299;Andalucía;Granada;Algarinejo;Fuentes de Cesna
-383301;Castilla y León;Segovia;Cuéllar;Fuentes de Cuéllar
-383303;Aragón;Zaragoza;Fuentes de Ebro;Fuentes de Ebro
-383306;Castilla-La Mancha;Guadalajara;Brihuega;Fuentes de la Alcarria
-383308;Extremadura;Badajoz;Fuentes de León;Fuentes de León
-383310;Castilla y León;Soria;Fuentes de Magaña;Fuentes de Magaña
-383311;Castilla y León;Salamanca;Cabeza del Caballo;Fuentes de Masueco
-383313;Castilla y León;Salamanca;Fuentes de Oñoro;Fuentes de Oñoro
-383314;Castilla y León;León;Cistierna;Fuentes de Peñacorada
-383316;Aragón;Teruel;Fuentes de Rubielos;Fuentes de Rubielos
-383323;Andalucía;Granada;Cortes de Baza;Fuentes Nuevas
-383324;Castilla y León;León;Ponferrada;Fuentesnuevas
-383326;Aragón;Teruel;Fuentespalda;Fuentespalda
-383327;Castilla y León;Burgos;Fuentespina;Fuentespina
-383332;Castilla y León;Soria;Golmayo;Fuentetoba
-383333;Andalucía;Córdoba;Fuente-Tójar;Fuente-Tójar
-383335;Andalucía;Granada;Fuente Vaqueros;Fuente Vaqueros
-383338;Andalucía;Almería;Fondón;Fuente Victoria
-383342;Castilla y León;Segovia;Fuentidueña;Fuentidueña
-383345;Comunidad de Madrid;Comunidad de Madrid;Fuentidueña de Tajo;Fuentidueña de Tajo
-383351;Castilla-La Mancha;Cuenca;Fuertescusa;Fuertescusa
-383358;Cataluña;Lérida;Fulleda;Fulleda
-383365;Comunidad Foral de Navarra;Comunidad Foral de Navarra;Funes;Funes
-383368;Galicia;La Coruña;Melide;Furelos
-383389;Cataluña;Lérida;Guingueta d'Àneu, La;Gavas
-383394;Cataluña;Lérida;Gavet de la Conca;Gabet
-383395;Andalucía;Granada;Gabias, Las;Gabia la Chica
-383405;Andalucía;Almería;Huércal-Overa;Gacia
-383410;Andalucía;Almería;Gádor;Gádor
-383418;Comunidad Valenciana;Castellón;Gaibiel;Gaibiel
-383423;Comunidad Foral de Navarra;Comunidad Foral de Navarra;Luzaide / Valcarlos;Gaindola
-383428;Cantabria;Cantabria;Medio Cudeyo;Gajano
-383437;Comunidad de Madrid;Comunidad de Madrid;Galapagar;Galapagar
-383446;Castilla-La Mancha;Guadalajara;Galápagos;Galápagos
-383449;Castilla y León;Burgos;Arlanzón;Galarde
-383452;Andalucía;Huelva;Galaroza;Galaroza
-383454;País Vasco;Álava;Zalduondo;Galarreta
-383460;Comunidad Foral de Navarra;Comunidad Foral de Navarra;Lana;Galbarra
-383464;Islas Canarias;Gran Canaria;Gáldar;Gáldar
-383467;Comunidad Foral de Navarra;Comunidad Foral de Navarra;Allín / Allin;Galdeano
-383468;Galicia;La Coruña;Valdoviño;Galdo
-383471;Galicia;Lugo;Pantón;Galegos
-383473;Castilla y León;Zamora;Galende;Galende
-383475;Andalucía;Granada;Galera;Galera
-383494;Galicia;Orense;Entrimo;Gález
-383503;Islas Baleares;Mallorca;Puigpunyent;Galilea
-383504;La Rioja;La Rioja;Galilea;Galilea
-383509;Castilla y León;Salamanca;Galindo y Perahuy;Galindo y Perahuy
-383514;Extremadura;Cáceres;Galisteo;Galisteo
-383515;Cantabria;Cantabria;Ribamontán al Mar;Galizano
-383522;Galicia;La Coruña;Outes;Gallardo
-383523;País Vasco;Vizcaya;Abanto y Ciérvana-Abanto Zierbena; 
-383528;Castilla-La Mancha;Albacete;Elche de la Sierra;Gallego
-383541;Castilla y León;Segovia;Gallegos;Gallegos
-383554;Castilla y León;Ávila;Tolbaños;Gallegos de San Vicente
-383555;Castilla y León;Ávila;Gallegos de Sobrinos;Gallegos de Sobrinos
-383560;Castilla y León;Burgos;Valle de Zamanzas;Gallejones
-383575;Comunidad Foral de Navarra;Comunidad Foral de Navarra;Gallipienzo / Galipentzu;Gallipienzo
-383583;Aragón;Zaragoza;Gallocanta;Gallocanta
-383587;Aragón;Zaragoza;Gallur;Gallur
-383588;Aragón;Teruel;Galve;Galve
-383589;Castilla-La Mancha;Guadalajara;Galve de Sorbe;Galve de Sorbe
-383591;Castilla-La Mancha;Toledo;Gálvez;Gálvez
-383592;País Vasco;Guipúzcoa;Errenteria;Galzaur
-383593;Cantabria;Cantabria;Bárcena de Cicero;Gama
-383595;País Vasco;Álava;Vitoria-Gasteiz;Gamarra Mayor
-383606;Castilla-La Mancha;Toledo;Talavera de la Reina;Gamonal
-383616;Principado de Asturias;Principado de Asturias;Onís;Gamonedo
-383619;Principado de Asturias;Principado de Asturias;Valdés;Gamones
-383632;Principado de Asturias;Principado de Asturias;Villaviciosa;Gancedo
-383634;Galicia;La Coruña;Pobra do Caramiñal, A;Gándara
-383635;Galicia;La Coruña;Muros;Gándara
-383643;Cataluña;Tarragona;Gandesa;Gandesa
-383645;Comunidad Valenciana;Valencia;Gandia;Gandía
-383647;Islas Canarias;Gran Canaria;Telde; 
-383652;Comunidad de Madrid;Comunidad de Madrid;Piñuécar-Gandullas;Gandullas
-383664;Castilla-La Mancha;Cuenca;Garaballa;Garaballa
-383667;Galicia;Pontevedra;Cañiza, A;Garabanja
-383674;Islas Canarias;Tenerife;Garachico;Garachico
-383679;Islas Canarias;La Palma;Garafía;Garafía
-383680;País Vasco;Guipúzcoa;Arrasate / Mondragón;Garagarza
-383683;Principado de Asturias;Principado de Asturias;Llanes;Garaña
-383691;País Vasco;Vizcaya;Gatika;Garay
-383693;Comunidad Foral de Navarra;Comunidad Foral de Navarra;Garaioa;Garayoa
-383702;Cataluña;Tarragona;Garcia;García
-383707;Castilla y León;Salamanca;Garcibuey;Garcibuey
-383712;Castilla y León;Segovia;Garcillán;Garcillán
-383714;Castilla-La Mancha;Toledo;Garciotum;Garciotum
-383724;Aragón;Teruel;Mata de los Olmos, La;Gargallo
-383726;Castilla y León;Burgos;Pradoluengo;Garganchón
-383734;Comunidad de Madrid;Comunidad de Madrid;Garganta de los Montes;Garganta de los Montes
-383740;Extremadura;Cáceres;Garganta la Olla;Garganta la Olla
-383746;Extremadura;Cáceres;Gargantilla;Gargantilla
-383750;Comunidad de Madrid;Comunidad de Madrid;Gargantilla del Lozoya y Pinilla de Buitrago;Gargantilla del Lozoya
-383753;Castilla-La Mancha;Guadalajara;Cifuentes;Gárgoles de Arriba
-383754;Extremadura;Cáceres;Gargüera;Gargüera
-383759;Cataluña;Tarragona;Perafort;Garidells
-383761;País Vasco;Guipúzcoa;Beasain;Garin
-383762;Comunidad Foral de Navarra;Comunidad Foral de Navarra;Garínoain;Garínoain
-383764;Comunidad Foral de Navarra;Comunidad Foral de Navarra;Guesálaz / Gesalatz;Garísoain
-383775;Cataluña;Lérida;Naut Aran;Garós
-383777;Cataluña;Barcelona;Sitges;Garraf
-383779;Castilla y León;León;Garrafe de Torío;Garrafe de Torío
-383780;Comunidad Foral de Navarra;Comunidad Foral de Navarra;Garralda;Garralda
-383785;Aragón;Zaragoza;Zaragoza;Garrapinillos
-383787;Castilla y León;Soria;Garray;Garray
-383790;Cataluña;Gerona;Garrigàs;Garrigàs
-383792;Cataluña;Gerona;Garrigoles;Garrigolas
-383793;Cataluña;Gerona;Garriguella;Garriguella
-383794;Región de Murcia;Región de Murcia;Águilas;Garrobillo
-383799;Extremadura;Cáceres;Garrovillas de Alconétar;Garrovillas
-383800;Andalucía;Almería;Garrucha;Garrucha
-383809;Comunidad Foral de Navarra;Comunidad Foral de Navarra;Baztan;Garzáin
-383815;Castilla-La Mancha;Guadalajara;Gascueña de Bornova;Gascueña de Bornova
-383822;Extremadura;Cáceres;Gata;Gata
-383828;Comunidad Valenciana;Alicante;Gata de Gorgos;Gata de Gorgos
-383830;País Vasco;Vizcaya;Gatika;Gatika
-383848;Comunidad Valenciana;Valencia;Gátova;Gátova
-383849;Andalucía;Málaga;Gaucín;Gaucín
-383851;Cataluña;Lérida;Vielha e Mijaran;Gausach
-383852;Cataluña;Barcelona;Gavà;Gavà
-383860;Castilla y León;Ávila;Gavilanes;Gavilanes
-383866;Aragón;Huesca;Biescas;Gavín
-383880;Comunidad Valenciana;Alicante;Gaianes;Gayanes
-383887;País Vasco;Guipúzcoa;Gaztelu;Gaztelu
-383890;Aragón;Teruel;Gea de Albarracín;Gea de Albarracín
-383894;Región de Murcia;Región de Murcia;Alhama de Murcia;Gebas
-383896;Principado de Asturias;Principado de Asturias;Cangas del Narcea;Gédrez
-383903;Comunidad Valenciana;Castellón;Segorbe;Geldo
-383904;Cataluña;Barcelona;Gelida;Gélida
-383908;Andalucía;Sevilla;Gelves;Gelves
-383914;Andalucía;Málaga;Genalguacil;Genalguacil
-383915;Andalucía;Jaén;Génave;Génave
-383927;Principado de Asturias;Principado de Asturias;Cangas del Narcea;Genestoso
-383928;Comunidad Foral de Navarra;Comunidad Foral de Navarra;Genevilla;Genevilla
-383933;Islas Canarias;Tenerife;Icod de los Vinos;Genovés
-383937;Cataluña;Gerona;Ger;Ger
-383940;Castilla y León;León;Pola de Gordón, La;Geras
-383943;Andalucía;Sevilla;Gerena;Gerena
-383945;Andalucía;Almería;Gérgal;Gérgal
-383950;Castilla y León;Valladolid;Geria;Geria
-383951;Castilla-La Mancha;Toledo;Gerindote;Gerindote
-383952;Galicia;Lugo;Xermade;Germade
-383956;Cataluña;Gerona;Girona;Girona
-383958;Cataluña;Lérida;Os de Balaguer;Gerp, La Noguera
-383959;Cataluña;Lérida;Baix Pallars;Gerri
-383962;Cataluña;Lérida;Naut Aran;Gessa
-383964;Comunidad Valenciana;Valencia;Gestalgar;Gestalgar
-383976;Comunidad de Madrid;Comunidad de Madrid;Getafe;Getafe
-383980;Castilla y León;León;Cármenes;Getino
-383988;Cantabria;Cantabria;Ramales de la Victoria;Gibaja
-383991;Andalucía;Huelva;Gibraleón;Gibraleón
-384004;Principado de Asturias;Principado de Asturias;Gijón;Gijón
-384008;Galicia;Pontevedra;Meis;Gil
-384011;Andalucía;Sevilla;Gilena;Gilena
-384013;Comunidad Valenciana;Valencia;Gilet;Gilet
-384014;Castilla y León;Ávila;Gil García;Gilgarcía
-384023;La Rioja;La Rioja;Gimileo;Gimileo
-384026;Andalucía;Sevilla;Gines;Gines
-384030;Cataluña;Tarragona;Ginestar;Ginestar
-384034;Islas Canarias;Fuerteventura;Tuineje;Giniginámar
-384044;Principado de Asturias;Principado de Asturias;Cabranes;Giranes
-384051;Cataluña;Barcelona;Gironella;Gironella
-384054;Aragón;Huesca;Gistaín;Gistaín
-384078;Principado de Asturias;Principado de Asturias;Colunga;Gobiendes
-384080;Cataluña;Tarragona;Godall;Godall
-384084;Comunidad Valenciana;Valencia;Godella;Godella
-384086;Comunidad Valenciana;Valencia;Godelleta;Godelleta
-384088;Aragón;Zaragoza;Godojos;Godojos
-384091;Galicia;La Coruña;Mazaricos;Godón
-384093;Galicia;Pontevedra;Covelo;Godones
-384095;Galicia;Pontevedra;Caldas de Reis;Godos
-384099;Galicia;Lugo;Vilalba;Goiriz
-384103;Comunidad Foral de Navarra;Comunidad Foral de Navarra;Goizueta;Goizueta
-384104;Andalucía;Granada;Gójar;Gójar
-384106;Principado de Asturias;Principado de Asturias;San Tirso de Abres;Goje
-384111;Cantabria;Cantabria;Reocín;Golbardo
-384112;Andalucía;Granada;Alpujarra de la Sierra;Goico
-384113;Comunidad Foral de Navarra;Comunidad Foral de Navarra;Imotz;Goldáraz
-384115;Principado de Asturias;Principado de Asturias;Piloña;La Goleta
-384121;Castilla y León;Soria;Golmayo;Golmayo
-384130;Castilla y León;León;Villamanín;Golpejar de la Tercia
-384137;Galicia;La Coruña;Porto do Son;Goltar
-384139;Galicia;Orense;Leiro;Gomariz
-384140;Cataluña;Gerona;Gombrèn;Gombreny
-384154;Castilla y León;Segovia;Gomezserracín;Gomezserracín
-384162;Galicia;Pontevedra;Gondomar;Gondomar
-384173;Castilla-La Mancha;Albacete;Yeste;Gontar
-384179;Galicia;Lugo;Portomarín;Gonzar
-384182;País Vasco;Álava;Zigoitia;Gopegi
-384183;Andalucía;Granada;Gor;Gor
-384185;Andalucía;Granada;Gorafe;Gorafe
-384229;Comunidad Valenciana;Alicante;Gorga;Gorga
-384234;País Vasco;Vizcaya;Gorliz;Górliz-Elexalde
-384235;Comunidad Valenciana;Alicante;Cocentaina;Gormach
-384237;Cantabria;Cantabria;Miengo;Gormazo
-384238;Cataluña;Barcelona;Castellet i la Gornal;Gornal
-384249;Comunidad Foral de Navarra;Comunidad Foral de Navarra;Larraun;Gorriti
-384256;Cataluña;Lérida;Gósol;Gósol
-384265;Aragón;Zaragoza;Gotor;Gotor
-384269;Galicia;Pontevedra;Vigo;Goya
-384270;Galicia;Pontevedra;Tomiño;Goyán
-384272;Galicia;La Coruña;Porto do Son;Goyanes
-384280;País Vasco;Vizcaya;Forua;Goyerria
-384293;Islas Canarias;Lanzarote;Teguise;Isla Graciosa
-384294;Principado de Asturias;Principado de Asturias;Nava;Gradátila
-384298;Principado de Asturias;Principado de Asturias;Grado;Grado
-384300;Castilla y León;Segovia;Ayllón;Grado del Pico
-384302;Andalucía;Granada;Cortes y Graena;Graena
-384305;Castilla-La Mancha;Cuenca;Graja de Campalbo;Graja de Campalbo
-384306;Castilla-La Mancha;Cuenca;Graja de Iniesta;Graja de Iniesta
-384307;Castilla y León;León;Grajal de Campos;Grajal de Campos
-384310;Castilla y León;Segovia;Grajera;Grajera
-384313;Castilla y León;Ávila;San Juan del Olmo;Grajos
-384319;Principado de Asturias;Principado de Asturias;Mieres;Gramedo
-384323;Galicia;La Coruña;Ponteceso;Graña
-384328;Andalucía;Granada;Granada;Granada
-384334;Cataluña;Lérida;Granadella, La;Granadella
-384336;Extremadura;Cáceres;Zarza de Granadilla;Granadilla
-384338;Islas Canarias;Tenerife;Granadilla de Abona;Granadilla de Abona
-384343;Galicia;La Coruña;Mañón;Grañas
-384344;Castilla-La Mancha;Ciudad Real;Granátula de Calatrava;Granátula de Calatrava
-384346;Principado de Asturias;Principado de Asturias;Parres;Granda
-384347;Principado de Asturias;Principado de Asturias;Siero;Granda
-384348;Principado de Asturias;Principado de Asturias;Llanera;Granda
-384352;Principado de Asturias;Principado de Asturias;Gozón;Granda
-384359;Principado de Asturias;Principado de Asturias;Grandas de Salime;Grandas de Salime
-384439;Cataluña;Lérida;Granyena de Segarra;Grañena de Cervera
-384440;Cataluña;Lérida;Granyena de les Garrigues;Grañena de las Garrigas
-384441;Cataluña;Barcelona;Granera;Granera
-384451;Castilla-La Mancha;Cuenca;Barajas de Melo;Granja Arenales
-384452;Cataluña;Lérida;Granja d'Escarp, La;Granja de Escarpe
-384453;Castilla y León;Zamora;Granja de Moreruela;Granja de Moreruela
-384454;Comunidad Valenciana;Alicante;Granja de Rocamora;Granja de Rocamora
-384456;Extremadura;Badajoz;Granja de Torrehermosa;Granja de Torrehermosa
-384460;Cataluña;Barcelona;Granollers;Granollers
-384462;La Rioja;La Rioja;Grañón;Grañón
-384464;Islas Canarias;Fuerteventura;Tuineje;Gran Tarajal
-384474;Cataluña;Tarragona;Gratallops;Gratallops
-384476;Cataluña;Barcelona;Berga;Graugés
-384477;Aragón;Huesca;Graus;Graus
-384478;La Rioja;La Rioja;Grávalos;Grávalos
-384480;Andalucía;Cádiz;Grazalema;Grazalema
-384481;Principado de Asturias;Principado de Asturias;Cangas de Onís;Grazanes
-384494;Galicia;Pontevedra;Vila de Cruces;Gres
-384498;Aragón;Teruel;Griegos;Griegos
-384511;Galicia;La Coruña;Santa Comba;Grijoa
-384518;Andalucía;Almería;Cuevas del Almanzora;Grima
-384519;Extremadura;Cáceres;Cañaveral;Grimaldo
-384520;Comunidad de Madrid;Comunidad de Madrid;Griñón;Griñón
-384523;Aragón;Zaragoza;Grisel;Grisel
-384525;Castilla y León;Zamora;Rabanales;Grisuela
-384540;Región de Murcia;Región de Murcia;San Javier;Isla Grosa
-384551;Galicia;Orense;Lobeira;Grou
-384554;Galicia;Pontevedra;Grove, O;O Grove
-384564;Principado de Asturias;Principado de Asturias;Somiedo;Gúa
-384580;Castilla-La Mancha;Guadalajara;Guadalajara;Guadalajara
-384582;Aragón;Teruel;Guadalaviar;Guadalaviar
-384590;Andalucía;Sevilla;Guadalcanal;Guadalcanal
-384592;Andalucía;Córdoba;Guadalcázar;Guadalcázar
-384601;Comunidad Valenciana;Alicante;Castell de Guadalest, el;Guadalest
-384609;Comunidad de Madrid;Comunidad de Madrid;Guadalix de la Sierra;Guadalix de la Sierra
-384628;Región de Murcia;Región de Murcia;Murcia;Guadalupe
-384630;Extremadura;Cáceres;Guadalupe;Guadalupe
-384645;Castilla-La Mancha;Toledo;Guadamur;Guadamur
-384652;Comunidad de Madrid;Comunidad de Madrid;Guadarrama;Guadarrama
-384677;Andalucía;Cádiz;San Roque;Pueblo Nuevo de Guadiaro
-384686;Andalucía;Granada;Guadix;Guadix
-384692;Andalucía;Almería;Adra;Guainos Altos
-384694;Andalucía;Granada;Guájares, Los;Guájar Alto
-384697;Andalucía;Granada;Guájares, Los;Guájar-Faragüit
-384698;Andalucía;Granada;Guájares, Los;Guájar Fondón
-384701;Cataluña;Barcelona;Gualba;Gualba de Dalt
-384702;Andalucía;Granada;Gualchos;Gualchos
-384707;Cataluña;Gerona;Gualta;Gualta
-384710;Cataluña;Lérida;Baronia de Rialb, La;Gualter
-384711;Islas Canarias;Tenerife;San Cristóbal de La Laguna;Guamasa
-384713;Islas Canarias;Gran Canaria;Palmas de Gran Canaria, Las; 
-384716;Islas Canarias;Tenerife;Guancha, La;Guancha de Abajo
-384718;Islas Canarias;El Hierro;Valverde;Guarazoca
-384724;Comunidad Valenciana;Alicante;Guardamar del Segura;Guardamar del Segura
-384725;Cantabria;Cantabria;Ramales de la Victoria;Guardamino
-384731;Cataluña;Tarragona;Montblanc;Guardia dels Prats
-384732;Cataluña;Lérida;Castell de Mur;Guardia de Tremp
-384733;Andalucía;Almería;Ejido, El;Guardias Viejas
-384736;Cataluña;Barcelona;Sant Salvador de Guardiola;Guardiola
-384738;Cataluña;Barcelona;Guardiola de Berguedà;Guardiola de Berga
-384739;Castilla y León;Palencia;Guardo;Guardo
-384747;Cantabria;Cantabria;Astillero, El;Guarnizo
-384749;Andalucía;Málaga;Guaro;Guaro
-384755;Andalucía;Jaén;Guarromán;Guarromán
-384756;Andalucía;Almería;Paterna del Río;Guarros
-384759;Aragón;Huesca;Jaca;Guasillo
-384760;Aragón;Huesca;Aínsa-Sobrarbe;Guaso
-384765;Islas Canarias;Lanzarote;Teguise;Guatiza
-384768;Islas Canarias;Gran Canaria;Agaete;Guayedra
-384776;Aragón;Teruel;Gúdar;Gúdar
-384787;Andalucía;Granada;Güéjar Sierra;Güéjar Sierra
-384791;Cantabria;Cantabria;Bareyo;Güemes
-384794;País Vasco;Vizcaya;Güeñes;Güeñes
-384803;País Vasco;Vizcaya;Gernika-Lumo;Guernica y Luno
-384812;País Vasco;Vizcaya;Munitibar-Arbatzegi Gerrikaitz;Guerricaiz
-384814;País Vasco;Guipúzcoa;Getaria;Getaria
-384816;Andalucía;Granada;Güevéjar;Güevéjar
-384819;Islas Canarias;Tenerife;Victoria de Acentejo, La;Guía
-384822;Islas Canarias;Gran Canaria;Santa María de Guía de Gran Canaria;Santa María de Guía de Gran Canaria
-384823;Islas Canarias;Tenerife;Guía de Isora;Guía de Isora
-384825;Cataluña;Tarragona;Piles, Les;Guialmons
-384826;Cataluña;Tarragona;Guiamets, Els;Guiamets
-384839;Castilla y León;Salamanca;Guijo de Ávila;Guijo de Ávila
-384842;Extremadura;Cáceres;Guijo de Granadilla;Guijo de Granadilla
-384843;Extremadura;Cáceres;Guijo de Santa Bárbara;Guijo de Santa Bárbara
-384845;Castilla y León;Soria;Espeja de San Marcelino;Guijosa
-384846;Castilla y León;Salamanca;Guijuelo;Guijuelo
-384848;Galicia;Pontevedra;Ponteareas;Guillade
-384856;Andalucía;Sevilla;Guillena;Guillena
-384860;Cataluña;Gerona;Guils de Cerdanya;Guils de Cerdaña
-384862;Islas Canarias;Tenerife;Güímar;Güímar
-384868;Principado de Asturias;Principado de Asturias;Carreño;Guimarán
-384872;Islas Canarias;Lanzarote;San Bartolomé;Güime
-384873;Cataluña;Lérida;Guimerà;Guimerá
-384875;Galicia;La Coruña;Miño;Güimil
-384877;Islas Canarias;Lanzarote;Haría;Guinate
-384882;Islas Canarias;El Hierro;Frontera;Guinea
-384885;Cataluña;Lérida;Guingueta d'Àneu, La;La Guingueta
-384886;Castilla y León;Burgos;Miranda de Ebro;Guinicio
-384893;Galicia;La Coruña;Bergondo;Guísamo
-384895;Castilla y León;Ávila;Guisando;Guisando
-384897;Islas Canarias;Fuerteventura;Puerto del Rosario;Guisguey
-384898;Cataluña;Lérida;Guissona;Guisona
-384900;Galicia;Lugo;Guitiriz;Guitiriz
-384904;País Vasco;Vizcaya;Gizaburuaga;Guizaburuaga
-384914;Castilla y León;Burgos;Vid y Barrios, La;Guma
-384916;Castilla y León;Burgos;Gumiel de Izán;Gumiel de Hizán
-384927;Galicia;Lugo;Guntín;Guntín
-384938;Galicia;Orense;Coles;Gustey
-384944;País Vasco;Vizcaya;Iurreta;Guyuria
-384946;Castilla y León;Burgos;Pedrosa de Duero;Guzmán
-384959;Andalucía;Sevilla;Rinconada, La;Hacienda de Tarazona
-384962;Castilla y León;Burgos;Hacinas;Hacinas
-384977;Islas Canarias;Lanzarote;Haría;Haría
-384980;La Rioja;La Rioja;Haro;Haro
-384988;Castilla y León;Burgos;Haza;Haza
-384991;Andalucía;Granada;Polopos;Haza del Trigo
-384995;Cantabria;Cantabria;Hazas de Cesto;Hazas de Cesto
-384996;Aragón;Huesca;Valle de Hecho;Hecho
-384998;Castilla y León;Burgos;Merindad de Cuesta-Urria;Hedeso
-385008;Cantabria;Cantabria;Reocín;Helguera
-385009;Cantabria;Cantabria;Val de San Vicente;Helgueras
-385012;Castilla-La Mancha;Albacete;Hellín;Hellín
-385022;Castilla-La Mancha;Guadalajara;Henche;Henche
-385023;Cantabria;Cantabria;Valdeolea;Henestrosa de las Quintanillas
-385024;Cantabria;Cantabria;Soba;Herada
-385026;Cantabria;Cantabria;Medio Cudeyo;Heras
-385029;Comunidad Valenciana;Castellón;Herbés;Herbés
-385030;Comunidad Valenciana;Castellón;Morella;Herbeset
-385036;La Rioja;La Rioja;Herce;Herce
-385040;Castilla-La Mancha;Ciudad Real;Herencia;Herencia
-385041;Principado de Asturias;Principado de Asturias;Gozón;Heres
-385042;Extremadura;Cáceres;Herguijuela;Herguijuela
-385044;Castilla y León;Salamanca;Herguijuela de la Sierra;Herguijuela de la Sierra
-385056;Galicia;Pontevedra;Pazos de Borbén;Hermida
-385061;Islas Canarias;La Gomera;Hermigua;Hermigua
-385065;Cantabria;Cantabria;Medio Cudeyo;Hermosa
-385074;País Vasco;Guipúzcoa;Hernani;Hernani
-385077;Castilla y León;Ávila;Hernansancho;Hernansancho
-385079;País Vasco;Guipúzcoa;Hernialde;Hernialde
-385080;Principado de Asturias;Principado de Asturias;Avilés;Heros
-385082;Galicia;Orense;Gudiña, A;Herosa
-385088;La Rioja;La Rioja;Herramélluri;Herramélluri
-385089;Castilla y León;Burgos;Valle de Tobalina;Herrán
-385090;Cantabria;Cantabria;Santillana del Mar;Herrán
-385100;Extremadura;Cáceres;Herrera de Alcántara;Herrera de Alcántara
-385102;Cantabria;Cantabria;Mazcuerras;Herrera de Ibio
-385103;Extremadura;Badajoz;Herrera del Duque;Herrera del Duque
-385105;Castilla y León;Palencia;Herrera de Pisuerga;Herrera de Pisuerga
-385107;Castilla y León;Palencia;Herrera de Valdecañas;Herrera de Valdecañas
-385123;Castilla y León;Soria;Cidones;Herreros
-385132;Castilla-La Mancha;Toledo;Herreruela de Oropesa;Herreruela de Oropesa
-385136;Extremadura;Cáceres;Hervás;Hervás
-385140;Principado de Asturias;Principado de Asturias;Siero;Hevia
-385147;Castilla-La Mancha;Guadalajara;Hiendelaencina;Hiendelaencina
-385169;Andalucía;Jaén;Lahiguera;Higuera de Arjona
-385171;Castilla y León;Ávila;Higuera de las Dueñas;Higuera de las Dueñas
-385173;Andalucía;Huelva;Higuera de la Sierra;Higuera de la Sierra
-385174;Extremadura;Badajoz;Higuera de Llerena;Higuera de Llerena
-385180;Extremadura;Badajoz;Higuera la Real;Higuera la Real
-385190;Castilla-La Mancha;Albacete;Higueruela;Higueruela
-385195;Andalucía;Granada;Gabias, Las;Híjar
-385197;Aragón;Teruel;Híjar;Híjar
-385208;Extremadura;Cáceres;Hinojal;Hinojal
-385210;Andalucía;Huelva;Hinojales;Hinojales
-385216;Andalucía;Jaén;Hinojares;Hinojares
-385217;Cantabria;Cantabria;Suances;Hinojedo
-385220;Andalucía;Huelva;Hinojos;Hinojos
-385223;Castilla y León;Salamanca;Hinojosa de Duero;Hinojosa de Duero
-385224;Aragón;Teruel;Hinojosa de Jarque;Hinojosa de Jarque
-385225;Castilla y León;Soria;Royo, El;Hinojosa de la Sierra
-385227;Andalucía;Córdoba;Hinojosa del Duque;Hinojosa del Duque
-385228;Extremadura;Badajoz;Hinojosa del Valle;Hinojosa del Valle
-385229;Castilla-La Mancha;Toledo;Hinojosa de San Vicente;Hinojosa de San Vicente
-385230;Castilla-La Mancha;Ciudad Real;Hinojosas de Calatrava;Hinojosas de Calatrava
-385231;Castilla y León;Segovia;Sepúlveda;Hinojosas del Cerro
-385232;Galicia;Pontevedra;Cangas;Hío
-385234;Castilla-La Mancha;Guadalajara;Hita;Hita
-385248;Galicia;La Coruña;Pobra do Caramiñal, A;Hogo
-385296;Comunidad Valenciana;Alicante;Fondó de les Neus, el / Hondón de las Nieves;Hondón de las Nieves
-385297;Comunidad Valenciana;Alicante;Hondón de los Frailes;Hondón de los Frailes
-385303;Castilla-La Mancha;Cuenca;Honrubia;Honrubia
-385308;Principado de Asturias;Principado de Asturias;Peñamellera Baja;Hontamió
-385309;Castilla-La Mancha;Toledo;Hontanar;Hontanar
-385312;Castilla-La Mancha;Guadalajara;Brihuega;Hontanares
-385313;Castilla y León;Segovia;Hontanares de Eresma;Hontanares de Eresma
-385314;Castilla y León;Burgos;Hontanas;Hontanas
-385319;Castilla-La Mancha;Cuenca;Hontecillas;Hontecillas
-385321;Castilla-La Mancha;Guadalajara;Hontoba;Hontoba
-385324;Principado de Asturias;Principado de Asturias;Llanes;Hontoria
-385327;Castilla y León;Burgos;Hontoria del Pinar;Hontoria del Pinar
-385328;Castilla y León;Burgos;Hontoria de Valdearados;Hontoria de Valdearados
-385334;Castilla-La Mancha;Cuenca;Torrejoncillo del Rey;Horcajada de la Torre
-385335;Extremadura;Cáceres;Pinofranqueado;Horcajo
-385343;Castilla y León;Ávila;Santiago del Tormes;Horcajo de la Ribera
-385344;Comunidad de Madrid;Comunidad de Madrid;Horcajo de la Sierra-Aoslos;Horcajo de la Sierra
-385345;Castilla y León;Ávila;Horcajo de las Torres;Horcajo de las Torres
-385347;Castilla y León;Salamanca;Horcajo de Montemayor;Horcajo de Montemayor
-385348;Castilla-La Mancha;Cuenca;Horcajo de Santiago;Horcajo de Santiago
-385354;Comunidad de Madrid;Comunidad de Madrid;Horcajuelo de la Sierra;Horcajuelo de la Sierra
-385356;Castilla-La Mancha;Guadalajara;Horche;Horche
-385365;Castilla-La Mancha;Toledo;Hormigos;Hormigos
-385368;La Rioja;La Rioja;Hormilla;Hormilla
-385369;La Rioja;La Rioja;Hormilleja;Hormilleja
-385370;Comunidad Valenciana;Alicante;Aspe;Horna
-385373;Castilla y León;Burgos;Villarcayo de Merindad de Castilla la Vieja;Horna
-385377;Extremadura;Badajoz;Hornachos;Hornachos
-385379;Andalucía;Córdoba;Hornachuelos;Hornachuelos
-385381;Cantabria;Cantabria;Entrambasaguas;Hornedo
-385396;Castilla y León;Valladolid;Hornillos de Eresma;Hornillos de Eresma
-385400;Castilla y León;Burgos;Hornillos del Camino;Hornillos del Camino
-385408;Andalucía;Jaén;Hornos;Hornos
-385412;Andalucía;Jaén;Hornos;Hornos el Viejo
-385414;Castilla y León;León;Corullón;Horta
-385418;Cataluña;Tarragona;Horta de Sant Joan;Horta de Sant Joan
-385425;Andalucía;Jaén;Alcalá la Real;Hortichuela
-385429;Castilla y León;Burgos;Hortigüela;Hortigüela
-385434;Islas Canarias;Fuerteventura;Antigua;Hospinal
-385436;Aragón;Huesca;Tella-Sin;Hospital
-385437;Galicia;Lugo;Incio, O;Hospital
-385441;Castilla y León;León;Hospital de Órbigo;Hospital de Órbigo
-385442;Cataluña;Tarragona;Vandellòs i l'Hospitalet de l'Infant;Hospitalet de l'Infant
-385443;Cataluña;Barcelona;Barcelona;L'Hospitalet de Llobregat
-385444;Cataluña;Lérida;Torrefeta i Florejacs;Hostafranchs
-385445;Cataluña;Gerona;Vall d'en Bas, La;Els Hostalets d'en Bas
-385446;Cataluña;Gerona;Hostalric;Hostalric
-385449;Región de Murcia;Región de Murcia;Totana;Estación de la Hoya
-385456;Región de Murcia;Región de Murcia;Abarán;Hoya del Campo
-385467;Islas Canarias;Gran Canaria;Gáldar;Hoya de Pineda
-385470;Castilla-La Mancha;Albacete;Hoya-Gonzalo;Hoya-Gonzalo
-385472;Islas Canarias;Tenerife;Adeje;Hoya Grande
-385473;Islas Canarias;La Palma;Garafía;Hoyagrande
-385490;Castilla y León;Ávila;Hoyocasero;Hoyocasero
-385492;Castilla y León;Ávila;Peguerinos;Hoyo de la Guija
-385493;Islas Canarias;El Hierro;Valverde;Hoyo del Barrio
-385495;Comunidad de Madrid;Comunidad de Madrid;Hoyo de Manzanares;Hoyo de Manzanares
-385496;Castilla y León;Ávila;Hoyorredondo;Hoyorredondo
-385497;Extremadura;Cáceres;Hoyos;Hoyos
-385501;Castilla y León;Ávila;Hoyos del Collado;Hoyos del Collado
-385502;Castilla y León;Ávila;Hoyos del Espino;Hoyos del Espino
-385504;Castilla y León;Ávila;Hoyos de Miguel Muñoz;Hoyos de Miguel Muñoz
-385508;Castilla y León;Segovia;Santa María la Real de Nieva;Hoyuelos
-385532;Cantabria;Cantabria;Ribamontán al Monte;Hoz de Anero
-385535;Aragón;Huesca;Hoz y Costean;Hoz de Barbastro
-385536;Aragón;Huesca;Hoz de Jaca;Hoz de Jaca
-385539;Castilla y León;Burgos;Valle de Mena;Hoz de Mena
-385544;Comunidad Foral de Navarra;Comunidad Foral de Navarra;Huarte / Uharte;Huarte
-385545;Comunidad Foral de Navarra;Comunidad Foral de Navarra;Uharte Arakil;Huarte-Araquil
-385549;Castilla-La Mancha;Toledo;Huecas;Huecas
-385555;Principado de Asturias;Principado de Asturias;Parres;Hueges
-385559;Castilla-La Mancha;Cuenca;Huélamo;Huélamo
-385561;Andalucía;Jaén;Huelma;Huelma
-385563;Andalucía;Huelva;Huelva;Huelva
-385566;Castilla-La Mancha;Cuenca;Huelves;Huelves
-385567;Andalucía;Granada;Huéneja;Huéneja
-385570;Andalucía;Almería;Almería;Huércal de Almería
-385571;Andalucía;Almería;Huércal-Overa;Huércal-Overa
-385573;La Rioja;La Rioja;Huércanos;Huércanos
-385581;Castilla y León;León;San Emiliano;Huergas
-385582;Castilla y León;León;Pola de Gordón, La;Huergas de Gordón
-385585;Castilla y León;Burgos;Huérmeces;Huérmeces
-385592;Castilla y León;Salamanca;Huerta;Huerta
-385593;Castilla y León;Segovia;Arcones;Huerta
-385602;Castilla-La Mancha;Cuenca;Huerta del Marquesado;Huerta del Marquesado
-385605;Castilla y León;Burgos;Huerta de Rey;Huerta del Rey
-385608;Aragón;Huesca;Santa María de Dulcis;Huerta de Vero
-385612;Comunidad Valenciana;Alicante;Alcoy / Alcoi;Huerta Mayor
-385618;Comunidad Valenciana;Valencia;Oliva;Huertas
-385626;Andalucía;Málaga;Vélez-Málaga;Huertas Bajas
-385629;Islas Canarias;Gran Canaria;Teror;Huertas del Palmar
-385633;Castilla y León;Salamanca;Ciudad Rodrigo;Huertas de Pedrotello
-385637;Islas Canarias;Gran Canaria;Valleseco;Huertecillas
-385643;Andalucía;Jaén;Huesa;Huesa
-385645;Aragón;Huesca;Huesca;Huesca
-385647;Andalucía;Granada;Huéscar;Huéscar
-385654;Castilla-La Mancha;Cuenca;Huete;Huete
-385657;País Vasco;Álava;Vitoria-Gasteiz;Hueto Arriba
-385658;Andalucía;Granada;Huétor de Santillán;Huétor Santillán
-385659;Andalucía;Granada;Huétor Tájar;Huétor-Tájar
-385660;Andalucía;Granada;Huétor Vega;Huétor Vega
-385663;Castilla-La Mancha;Guadalajara;Hueva;Hueva
-385664;Andalucía;Sevilla;Huévar del Aljarafe;Huévar
-385670;Andalucía;Málaga;Torrox;Huit
-385673;Castilla-La Mancha;Guadalajara;Humanes;Humanes
-385674;Comunidad de Madrid;Comunidad de Madrid;Humanes de Madrid;Humanes de Madrid
-385676;Comunidad de Madrid;Comunidad de Madrid;Húmera;Húmera
-385677;Castilla y León;Burgos;Revillarruz;Humienta
-385679;Andalucía;Málaga;Humilladero;Humilladero
-385685;Comunidad Valenciana;Alicante;Orihuela;Hurchillo
-385691;Castilla y León;Palencia;Husillos;Husillos
-385692;Castilla y León;Ávila;Umbrías;Hustias
-385694;Andalucía;Jaén;Albanchez de Mágina;Hútar
-385697;Andalucía;Almería;Lucainena de las Torres;Ibáñez
-385699;País Vasco;Álava;Asparrena;Ibarguren
-385705;País Vasco;Vizcaya;Ibarrangelu;Ibarrangelu
-385707;País Vasco;Vizcaya;Muxika;Ibárruri
-385708;Cataluña;Lérida;Ivars de Noguera;Ibars de Noguera
-385709;Cataluña;Lérida;Ivars d'Urgell;Ibars de Urgel
-385710;Aragón;Zaragoza;Ibdes;Ibdes
-385711;Castilla y León;Burgos;Ibeas de Juarros;Ibeas de Juarros
-385714;Comunidad Foral de Navarra;Comunidad Foral de Navarra;Cendea de Olza / Oltza Zendea;Íbero
-385715;Comunidad Valenciana;Alicante;Ibi;Ibi
-385717;Aragón;Huesca;Ibieca;Ibieca
-385718;Comunidad Foral de Navarra;Comunidad Foral de Navarra;Sarriés / Sartze;Ibilcieta
-385719;Cantabria;Cantabria;Mazcuerras;Ibio
-385720;Comunidad Foral de Navarra;Comunidad Foral de Navarra;Valle de Yerri / Deierri;Ibiricu
-385722;Islas Baleares;Ibiza y Formentera;Eivissa;Ibiza
-385727;Cataluña;Barcelona;Castellfollit de Riubregós;Iborra
-385729;Principado de Asturias;Principado de Asturias;Gozón;Iboya
-385732;Andalucía;Jaén;Ibros;Ibros
-385733;País Vasco;Guipúzcoa;Ikaztegieta;Icazteguieta
-385739;Islas Canarias;Tenerife;Icod de los Vinos;Icod de los Vinos
-385740;Islas Canarias;Tenerife;Realejos, Los;Icod el Alto
-385741;Islas Canarias;Tenerife;Fasnia;Icor
-385742;Islas Canarias;Tenerife;Candelaria;Icoro
-385750;Comunidad Valenciana;Alicante;Calp;Ifach
-385753;Islas Canarias;Tenerife;Adeje;Ifonche
-385756;País Vasco;Vizcaya;Gatika;Igartua
-385757;La Rioja;La Rioja;Igea;Igea
-385770;Cantabria;Cantabria;Camargo;Igollo
-385771;Aragón;Huesca;Igriés;Igriés
-385774;Cataluña;Barcelona;Igualada;Igualada
-385775;Andalucía;Málaga;Igualeja;Igualeja
-385777;País Vasco;Guipúzcoa;Donostia / San Sebastián;Igueldo
-385780;Castilla y León;León;Igüeña;Igüeña
-385781;Islas Canarias;Tenerife;Candelaria;Igueste
-385782;Islas Canarias;Tenerife;Santa Cruz de Tenerife;Igueste
-385790;Comunidad Foral de Navarra;Comunidad Foral de Navarra;Esteribar;Ilárraz
-385797;Castilla-La Mancha;Guadalajara;Illana;Illana
-385799;Principado de Asturias;Principado de Asturias;Illano;Illano
-385800;Andalucía;Almería;Íllar;Illar
-385801;Principado de Asturias;Principado de Asturias;Illas;Illas
-385803;Castilla-La Mancha;Toledo;Illescas;Illescas
-385806;Andalucía;Granada;Íllora;Illora
-385807;Aragón;Zaragoza;Illueca;Illueca
-385809;Comunidad Foral de Navarra;Comunidad Foral de Navarra;Valle de Ollo / Ollaran;Ilzarbe
-385811;Comunidad Foral de Navarra;Comunidad Foral de Navarra;Noáin (Valle de Elorz) / Noain (Elortzibar);Imárcoain
-385813;Castilla-La Mancha;Guadalajara;Sigüenza;Imón
-385820;Región de Murcia;Región de Murcia;Moratalla;Inazares
-385821;Islas Baleares;Mallorca;Inca;Inca
-385823;País Vasco;Vizcaya;Nabarniz;Inchaurragas
-385825;Castilla y León;Burgos;Villarcayo de Merindad de Castilla la Vieja;Incinillas
-385832;Comunidad Foral de Navarra;Comunidad Foral de Navarra;Izagaondoa;Induráin
-385837;La Rioja;La Rioja;Aguilar del Río Alhama;Inestrillas
-385838;Castilla-La Mancha;Ciudad Real;Villanueva de los Infantes;Villanueva de los Infantes
-385849;Principado de Asturias;Principado de Asturias;Piloña;Infiesto
-385851;Islas Canarias;Gran Canaria;Ingenio;Ingenio
-385855;Principado de Asturias;Principado de Asturias;Cabrales;Inguanzo
-385871;Galicia;La Coruña;Fisterra;Insúa
-385883;Principado de Asturias;Principado de Asturias;Cangas de Onís;Intriago
-385886;Comunidad Foral de Navarra;Comunidad Foral de Navarra;Araitz;Inza
-385891;País Vasco;Vizcaya;Zeanuri;Ipiñaburu
-385893;Comunidad Foral de Navarra;Comunidad Foral de Navarra;Leoz / Leotz;Iracheta
-385894;País Vasco;Guipúzcoa;Zestoa;Iraeta
-385896;Comunidad Foral de Navarra;Comunidad Foral de Navarra;Ultzama;Iráizoz
-385898;Comunidad Foral de Navarra;Comunidad Foral de Navarra;Arakil;Irañeta
-385908;Galicia;La Coruña;Padrón;Iria
-385912;Galicia;La Coruña;Irixoa;Irixoa
-385915;Comunidad Foral de Navarra;Comunidad Foral de Navarra;Esteribar;Iroz
-385922;Castilla y León;Soria;Arcos de Jalón;Iruecha
-385928;Castilla-La Mancha;Guadalajara;Irueste;Irueste
-385931;País Vasco;Guipúzcoa;Irun;Irún
-385934;Comunidad Foral de Navarra;Comunidad Foral de Navarra;Baztan;Irurita
-385935;Comunidad Foral de Navarra;Comunidad Foral de Navarra;Urraul Alto;Irurozqui
-385936;Comunidad Foral de Navarra;Comunidad Foral de Navarra;Guesálaz / Gesalatz;Irurre
-385937;Comunidad Foral de Navarra;Comunidad Foral de Navarra;Irurtzun;Irurzun
-385939;Cantabria;Cantabria;Santiurde de Toranzo;Iruz
-385940;Comunidad Foral de Navarra;Comunidad Foral de Navarra;Isaba / Izaba;Isaba
-385945;Castilla y León;Burgos;Isar;Isar
-385950;Castilla y León;Valladolid;Íscar;Íscar
-385952;Cantabria;Cantabria;Liendo;Iseca Vieja
-385953;Cataluña;Lérida;Alt Àneu;Isil
-385954;Aragón;Huesca;Sabiñánigo;Isín
-385955;Cantabria;Cantabria;Arnuero;Isla
-385959;País Vasco;Vizcaya;Gautegiz Arteaga;Isla Becoa
-385960;Andalucía;Huelva;Isla Cristina;Isla Cristina
-385962;Galicia;Pontevedra;Illa de Arousa, A;A Illa de Arousa
-385963;Andalucía;Huelva;Ayamonte;Isla Canela
-385964;Galicia;Pontevedra;Grove, O;Isla de La Toja
-385965;Andalucía;Huelva;Ayamonte;Isla del Moral
-385967;La Rioja;La Rioja;Sorzano;Islallana
-385968;Región de Murcia;Región de Murcia;Cartagena;Isla Plana
-385969;Cantabria;Cantabria;Castro-Urdiales;Islares
-385974;Castilla y León;León;Puebla de Lillo;Isoba
-385975;Cataluña;Gerona;Isòvol;Isóbol
-385977;Cataluña;Lérida;Isona i Conca Dellà;Isona
-385978;Principado de Asturias;Principado de Asturias;Cangas de Onís;Isongo
-385979;Islas Canarias;El Hierro;Valverde;Isora
-385980;Galicia;La Coruña;Rianxo;Isorna
-385981;País Vasco;Vizcaya;Gizaburuaga;Ispáster
-385983;Andalucía;Málaga;Istán;Istán
-385987;Aragón;Zaragoza;Isuerre;Isuerre
-385992;Castilla y León;Palencia;Itero de la Vega;Itero de la Vega
-385995;Andalucía;Granada;Ítrabo;Ítrabo
-386001;Castilla y León;Segovia;Ituero y Lama;Ituero y Lama
-386002;Comunidad Foral de Navarra;Comunidad Foral de Navarra;Ituren;Ituren
-386005;Comunidad Foral de Navarra;Comunidad Foral de Navarra;Iturmendi;Iturmendi
-386010;País Vasco;Guipúzcoa;Errenteria;Iturriotz
-386015;Comunidad Foral de Navarra;Comunidad Foral de Navarra;Izalzu / Itzaltzu;Izalzu
-386020;País Vasco;Álava;Urkabustaiz;Izarra
-386030;Andalucía;Córdoba;Iznájar;Iznájar
-386031;Andalucía;Granada;Iznalloz;Iznalloz
-386032;Andalucía;Málaga;Iznate;Iznate
-386033;Andalucía;Jaén;Iznatoraf;Iznatoraf
-386037;Comunidad Foral de Navarra;Comunidad Foral de Navarra;Cendea de Olza / Oltza Zendea;Izu
-386043;Castilla-La Mancha;Cuenca;Fuentenava de Jábaga;Jábaga
-386052;Aragón;Teruel;Jabaloyas;Jabaloyas
-386057;Aragón;Huesca;Aínsa-Sobrarbe;Jabierre
-386059;Andalucía;Huelva;Jabugo;Jabugo
-386060;Andalucía;Huelva;Aracena;Jabuguillo
-386061;Aragón;Huesca;Jaca;Jaca
-386062;Comunidad Valenciana;Alicante;Jacarilla;Jacarilla
-386063;Galicia;Orense;Quintela de Leirado;Jacébanes
-386066;Castilla-La Mancha;Guadalajara;Jadraque;Jadraque
-386067;Ceuta;Ceuta;Ceuta;Jadú
-386068;Andalucía;Jaén;Jaén;Jaén
-386071;Cataluña;Barcelona;Sant Pere de Ribes;Jafra
-386073;Cataluña;Gerona;Jafre;Jafre
-386077;Cantabria;Cantabria;San Felices de Buelna;Jaín
-386081;Comunidad Valenciana;Valencia;Jalance;Jalance
-386083;Galicia;La Coruña;Negreira;Jallas de Abajo
-386084;Comunidad Valenciana;Alicante;Xaló;Jalón
-386085;Principado de Asturias;Principado de Asturias;Cangas del Narcea;Jalón
-386087;La Rioja;La Rioja;San Román de Cameros;Jalón de Cameros
-386088;Islas Canarias;Tenerife;San Miguel de Abona;Jama
-386111;Aragón;Zaragoza;Jaraba;Jaraba
-386115;Comunidad Valenciana;Valencia;Jarafuel;Jarafuel
-386117;Extremadura;Cáceres;Jaraicejo;Jaraicejo
-386119;Extremadura;Cáceres;Jaraíz de la Vera;Jaraíz de la Vera
-386121;Islas Canarias;El Hierro;Valverde;Jarales
-386127;Castilla y León;Burgos;Jaramillo Quemado;Jaramillo Quemado
-386130;Extremadura;Cáceres;Jarandilla de la Vera;Jarandilla de la Vera
-386131;Andalucía;Córdoba;Montilla;Jarata
-386144;Extremadura;Cáceres;Jarilla;Jarilla
-386151;Aragón;Teruel;Jarque de la Val;Jarque de la Val
-386157;Principado de Asturias;Principado de Asturias;Coaña;Jarrio
-386162;Aragón;Huesca;Aragüés del Puerto;Jasa
-386164;Andalucía;Granada;Játar;Játar
-386166;Comunidad Valenciana;Valencia;Xàtiva;Xàtiva
-386170;Comunidad Foral de Navarra;Comunidad Foral de Navarra;Basaburua;Jaunsaras
-386173;Comunidad Foral de Navarra;Comunidad Foral de Navarra;Jaurrieta;Jaurrieta
-386176;Región de Murcia;Región de Murcia;Murcia;Javalí Viejo
-386181;Comunidad Valenciana;Alicante;Jávea / Xàbia;Jávea
-386183;Comunidad Foral de Navarra;Comunidad Foral de Navarra;Javier;Javier
-386185;Aragón;Huesca;Bielsa;Javierre
-386187;Aragón;Huesca;Biescas;Javierre del Obispo
-386188;Aragón;Huesca;Puente la Reina de Jaca;Javierregay
-386193;Islas Canarias;La Palma;Llanos de Aridane, Los;Jedey
-386195;País Vasco;Vizcaya;Markina-Xemein;Jemein
-386196;Castilla y León;Segovia;Santa María la Real de Nieva;Jemenuño
-386200;Comunidad Valenciana;Valencia;Xeresa;Jeresa
-386203;Andalucía;Granada;Jerez del Marquesado;Jerez del Marquesado
-386204;Andalucía;Cádiz;Jerez de la Frontera;Jerez de la Frontera
-386205;Extremadura;Badajoz;Jerez de los Caballeros;Jerez de los Caballeros
-386207;Comunidad Valenciana;Castellón;Jérica;Jérica
-386208;Extremadura;Cáceres;Jerte;Jerte
-386219;Comunidad Valenciana;Alicante;Jijona / Xixona;Jijona
-386221;Andalucía;Jaén;Jimena;Jimena
-386223;Andalucía;Cádiz;Jimena de la Frontera;Jimena de la Frontera
-386225;Castilla y León;León;Santa Elena de Jamuz;Jiménez de Jamuz
-386226;Andalucía;Málaga;Jimera de Líbar;Jimera de Líbar
-386228;Islas Canarias;Gran Canaria;Palmas de Gran Canaria, Las;Jinámar
-386232;Castilla-La Mancha;Guadalajara;Jirueque;Jirueque
-386234;Cataluña;Gerona;Arbúcies;Joanet
-386243;Andalucía;Jaén;Jódar;Jódar
-386252;Cataluña;Barcelona;Jorba;Jorba
-386259;Galicia;La Coruña;Ponteceso;Jornes
-386260;Castilla-La Mancha;Albacete;Jorquera;Jorquera
-386265;Galicia;Lugo;Xove;Jove (Xove)
-386281;Galicia;Lugo;Xove;Juances
-386285;Cataluña;Gerona;Vall d'en Bas, La;Joanetes
-386287;Andalucía;Sevilla;Madroño, El;Juan Gallegos
-386292;Islas Canarias;Gran Canaria;San Bartolomé de Tirajana;Juan Grande
-386301;Castilla y León;Segovia;Juarros de Voltoya;Juarros de Voltoya
-386309;Andalucía;Málaga;Jubrique;Jubrique
-386326;Principado de Asturias;Principado de Asturias;Regueras, Las;Jugal
-386331;Región de Murcia;Región de Murcia;Jumilla;Jumilla
-386332;Andalucía;Granada;Jun;Jun
-386336;Islas Canarias;Gran Canaria;Gáldar;Juncalillo
-386339;Principado de Asturias;Principado de Asturias;Illas;Juncedo-Campo
-386342;Principado de Asturias;Principado de Asturias;Ribadesella;Junco
-386348;Cataluña;Tarragona;Montmell, El;Juncosa
-386349;Cataluña;Lérida;Juncosa;Juncosa
-386353;Cataluña;Lérida;Juneda;Juneda
-386360;Galicia;Orense;Xunqueira de Ambía;Junquera de Ambía
-386361;Galicia;Orense;Xunqueira de Espadanedo;Junquera de Espadañedo
-386366;Aragón;Huesca;Casbas de Huesca;Junzano
-386375;Aragón;Huesca;Benabarre;Juseu
-386385;Cataluña;Gerona;Juià;Juià
-386387;Andalucía;Málaga;Júzcar;Júzcar
-386388;Cantabria;Cantabria;Santa María de Cayón;La Abadilla
-386390;Principado de Asturias;Principado de Asturias;San Martín del Rey Aurelio;La Acebal
-386391;Comunidad de Madrid;Comunidad de Madrid;Acebeda, La;La Acebeda
-386393;Cantabria;Cantabria;San Vicente de la Barquera;La Acebosa
-386401;Castilla y León;Ávila;Adrada, La;La Adrada
-386408;Castilla y León;Segovia;Orejana;La Alameda
-386415;Región de Murcia;Región de Murcia;Murcia;La Alberca
-386416;Castilla y León;Salamanca;Alberca, La;La Alberca
-386429;Andalucía;Almería;Adra;La Alcazaba
-386431;Castilla y León;Burgos;Villarcayo de Merindad de Castilla la Vieja;La Aldea
-386432;Castilla y León;Burgos;Oña;La Aldea del Portillo de Busto
-386435;Castilla y León;Ávila;Aldehuela, La;La Aldehuela
-386439;Andalucía;Sevilla;Algaba, La;La Algaba
-386445;Castilla y León;Ávila;Santiago del Tormes;La Aliseda de Tormes
-386446;Región de Murcia;Región de Murcia;Cartagena;La Aljorra
-386448;Castilla-La Mancha;Cuenca;Almarcha, La;La Almarcha
-386450;Comunidad Valenciana;Valencia;Alpuente;La Almeza
-386451;Castilla y León;Ávila;Piedrahíta;La Almohalla
-386453;Cataluña;Barcelona;Castellví de la Marca;La Múnia
-386454;Aragón;Zaragoza;Almunia de Doña Godina, La;La Almunia de Doña Godina
-386456;Aragón;Huesca;Almunia de San Juan;La Almunia de San Juan
-386460;Comunidad Valenciana;Castellón;Montanejos;La Alquería
-386464;Galicia;La Coruña;Cee;Ameixenda
-386465;Cataluña;Barcelona;Ametlla del Vallès, L';L'Ametlla
-386466;Cataluña;Barcelona;Olvan;La Ametlla
-386467;Cataluña;Tarragona;Ametlla de Mar, L';L'Ametlla de Mar
-386468;Cataluña;Tarragona;Ampolla, L';L'Ampolla
-386469;Islas Canarias;Fuerteventura;Antigua;La Ampuyenta
-386473;Andalucía;Huelva;Lepe;La Antilla
-386476;Islas Baleares;Mallorca;Palma de Mallorca;La Aranjasa
-386477;País Vasco;Vizcaya;Valle de Trápaga-Trapagaran;La Arboleda
-386478;País Vasco;Vizcaya;Zierbena;La Arena
-386479;Principado de Asturias;Principado de Asturias;Soto del Barco;La Arena
-386484;Principado de Asturias;Principado de Asturias;Salas;Arquera de Salas
-386486;Islas Canarias;Lanzarote;Tías;La Asomada
-386501;Andalucía;Sevilla;Castillo de las Guardas, El;La Aulaga
-386502;Región de Murcia;Región de Murcia;Cartagena;La Azohía
-386508;Cataluña;Gerona;Darnius;La Vajol
-386509;Castilla y León;Segovia;Labajos;Labajos
-386522;Castilla y León;León;Bañeza, La;La Bañeza
-386523;Castilla y León;León;Bembibre;Labaniego
-386528;Cantabria;Cantabria;Valdáliga;Labarces
-386540;Castilla y León;Salamanca;Bastida, La;La Bastida
-386541;País Vasco;Álava;Labastida / Bastida;Labastida
-386543;Cataluña;Barcelona;Sant Celoni;La Batlloria
-386548;Cataluña;Barcelona;Hostalets de Pierola, Els;La Beguda Alta
-386551;Región de Murcia;Región de Murcia;Ricote;La Bermeja
-386557;Cataluña;Gerona;Forallac;La Bisbal
-386560;Andalucía;Jaén;Alcaudete;La Bobadilla
-386565;Galicia;Orense;Bola, A;La Bola
-386571;Principado de Asturias;Principado de Asturias;Llanes;La Borbolla
-386576;Extremadura;Cáceres;Valencia de Alcántara;La Borrega
-386581;Principado de Asturias;Principado de Asturias;Cangas de Onís;Labra
-386592;Principado de Asturias;Principado de Asturias;Castrillón;La Braña
-386596;Aragón;Huesca;Labuerda;Labuerda
-386599;Cantabria;Cantabria;Alfoz de Lloredo;La Busta
-386600;Principado de Asturias;Principado de Asturias;Piloña;La Busta
-386603;Islas Baleares;Mallorca;Marratxí;La Cabaneta
-386609;Comunidad Valenciana;Valencia;Cortes de Pallás;La Cabezuela
-386612;Comunidad de Madrid;Comunidad de Madrid;Cabrera, La;La Cabrera
-386622;Andalucía;Granada;Calahorra, La;La Calahorra
-386629;Extremadura;Cáceres;Alía;La Calera
-386635;Islas Canarias;El Hierro;Valverde;La Caleta
-386636;Islas Canarias;Lanzarote;Teguise;Famara
-386637;Andalucía;Málaga;Vélez-Málaga;La Caleta
-386638;Andalucía;Granada;Salobreña;La Caleta-Guardia
-386642;Castilla y León;Salamanca;Calzada de Béjar, La;La Calzada de Béjar
-386643;Castilla-La Mancha;Ciudad Real;Calzada de Calatrava;La Calzada de Calatrava
-386650;Castilla y León;León;Carucedo;La Campañana
-386656;Islas Canarias;Fuerteventura;Tuineje;La Cañada
-386658;Comunidad Valenciana;Valencia;Paterna;La Cañada
-386661;Comunidad de Madrid;Comunidad de Madrid;San Fernando de Henares;La Cañada
-386669;Andalucía;Almería;Almería;La Cañada de San Urbano
-386670;Aragón;Teruel;Cañada de Verich, La;La Cañada de Verich
-386674;Comunidad Valenciana;Alicante;Ibi;La Canal
-386676;Cantabria;Cantabria;Villafufre;La Canal
-386677;Principado de Asturias;Principado de Asturias;Piloña;La Canal
-386684;Castilla y León;León;Vecilla, La;La Cándana de Curueño
-386686;Galicia;Pontevedra;Cañiza, A;La Cañiza
-386687;Cataluña;Tarragona;Canonja, La;La Canonja
-386688;Islas Canarias;Tenerife;Santa Cruz de Tenerife;La Cantera
-386690;Comunidad Valenciana;Alicante;Calp;La Canuta
-386691;Comunidad Foral de Navarra;Comunidad Foral de Navarra;Valle de Yerri / Deierri;Lácar
-386694;Cantabria;Cantabria;Miera;La Cárcoba
-386698;Islas Canarias;Tenerife;San Cristóbal de La Laguna;La Caridad
-386699;Principado de Asturias;Principado de Asturias;Franco, El;La Caridad
-386700;Andalucía;Córdoba;Carlota, La;La Carlota
-386701;Andalucía;Jaén;Carolina, La;La Carolina
-386706;Andalucía;Jaén;Martos;La Carrasca
-386708;Castilla y León;Ávila;Carrera, La;La Carrera
-386712;Andalucía;Granada;Algarinejo;La Carrera de la Viña
-386714;Principado de Asturias;Principado de Asturias;Avilés;La Carriona
-386716;Cataluña;Tarragona;Montmell, El;La Carroña
-386720;Castilla-La Mancha;Albacete;Riópar;La Casa de la Noguera
-386723;Principado de Asturias;Principado de Asturias;Mieres;La Casería
-386724;Cataluña;Tarragona;Deltebre;La Cava
-386725;Cantabria;Cantabria;Riotuerto;La Cavada
-386742;Castilla y León;León;Borrenes;La Chana
-386743;Andalucía;Granada;Pinos Puente;Láchar
-386751;Islas Canarias;Tenerife;Arico;La Cisnera
-386754;Aragón;Teruel;Codoñera, La;La Codoñera
-386755;Extremadura;Badajoz;Codosera, La;La Codosera
-386756;Castilla y León;Ávila;Colilla, La;La Colilla
-386757;Cantabria;Cantabria;Solórzano;La Collada
-386761;Islas Canarias;Tenerife;Adeje;La Concepción
-386764;Cantabria;Cantabria;San Roque de Riomiera;La Concha
-386765;Cantabria;Cantabria;Villaescusa;La Concha
-386768;Comunidad Valenciana;Alicante;Alicante / Alacant;La Condomina
-386777;Cataluña;Barcelona;Cardona;La Coromina
-386779;Andalucía;Córdoba;Fuente Obejuna;La Coronada
-386782;Principado de Asturias;Principado de Asturias;Siero;La Corredoría
-386785;Andalucía;Huelva;Santa Ana la Real;La Corte
-386786;Andalucía;Huelva;Cortegana;La Corte
-386790;Islas Canarias;Tenerife;Santa Úrsula;La Corujera
-386791;Islas Canarias;Gran Canaria;Gáldar;La Coruña
-386792;Galicia;La Coruña;Coruña, A;A Coruña
-386798;Islas Canarias;Lanzarote;Tinajo;La Costa
-386800;Cantabria;Cantabria;Campoo de Yuso;La Costana
-386802;Cantabria;Cantabria;San Vicente de la Barquera;La Cotera
-386804;Cataluña;Barcelona;Arenys de Munt;La Crehueta
-386809;País Vasco;Vizcaya;Galdakao;La Cruz
-386814;Aragón;Teruel;Cuba, La;La Cuba
-386816;Castilla y León;Soria;Golmayo;La Cuenca
-386818;Islas Canarias;Tenerife;San Cristóbal de La Laguna;La Cuesta
-386820;Castilla y León;Segovia;Turégano;La Cuesta
-386825;Principado de Asturias;Principado de Asturias;Carreño;La Cuesta
-386826;Principado de Asturias;Principado de Asturias;Gozón;La Cuesta
-386828;Castilla y León;León;Cabrillanes;La Cueta
-386831;Castilla-La Mancha;Cuenca;Vega del Codorno;La Cueva
-386832;Cantabria;Cantabria;Castañeda;La Cueva
-386834;Andalucía;Almería;Carboneras;La Cueva del Pájaro
-386836;Comunidad Valenciana;Valencia;Alpuente;La Cuevarruz
-386837;Islas Canarias;Gran Canaria;Tejeda;La Culata
-386841;Extremadura;Cáceres;Cumbre, La;La Cumbre
-386844;Comunidad Foral de Navarra;Comunidad Foral de Navarra;Lakuntza;Lacunza
-386846;Principado de Asturias;Principado de Asturias;Langreo;Lada
-386847;Islas Canarias;Tenerife;Arico;La Degollada
-386864;Principado de Asturias;Principado de Asturias;Sobrescobio;Ladines
-386872;Galicia;La Coruña;Ortigueira;Ladrido
-386873;Extremadura;Cáceres;Ladrillar;Ladrillar
-386877;Comunidad Valenciana;Valencia;Barx;La Drova
-386883;Comunidad Valenciana;Valencia;Eliana, l';La Eliana
-386890;Cantabria;Cantabria;Santa María de Cayón;La Encina
-386900;Comunidad Valenciana;Valencia;Chulilla;La Ermita
-386901;Región de Murcia;Región de Murcia;Lorca;La Ermita del Piar
-386902;Cataluña;Gerona;Escala, L';L'Escala
-386908;Islas Baleares;Mallorca;Esporles;S'Esglaieta (La Esglayeta)
-386909;Cataluña;Gerona;Riudarenes;La Esparra
-386911;Islas Canarias;Tenerife;Rosario, El;La Esperanza
-386914;Principado de Asturias;Principado de Asturias;Salas;La Espina
-386916;Islas Canarias;La Palma;Llanos de Aridane, Los;La Esquinita
-386926;Andalucía;Huelva;Cumbres Mayores;La Estacion
-386927;Comunidad Valenciana;Alicante;San Isidro;La Estación
-386934;Comunidad Valenciana;Castellón;Cabanes;La Estación
-386942;Castilla y León;Ávila;Navas del Marqués, Las;La Estación
-386944;Comunidad de Madrid;Comunidad de Madrid;Collado Villalba;La Estación
-386956;Andalucía;Sevilla;Sanlúcar la Mayor;La Estación de Benacazón
-386959;Cataluña;Gerona;Cabanelles; 
-386961;Galicia;Pontevedra;Estrada, A;La Estrada
-386963;Castilla-La Mancha;Toledo;Estrella, La;La Estrella
-386972;Principado de Asturias;Principado de Asturias;Caso;La Felguerina
-386973;Castilla-La Mancha;Albacete;Albacete;La Felipa
-386980;Islas Baleares;Mallorca;Fornalutx;La Figuera
-386981;Cataluña;Tarragona;Figuera, La;La Figuera
-386987;Cataluña;Barcelona;Sant Cugat del Vallès;La Floresta Pearson
-386988;Islas Canarias;Fuerteventura;Tuineje;Juan Gopar
-386989;Islas Canarias;Tenerife;Orotava, La;La Florida
-386990;Comunidad Valenciana;Alicante;Orihuela;La Florida
-386999;Aragón;Huesca;Tella-Sin;Lafortunada (L'enfortunada)
-387002;Principado de Asturias;Principado de Asturias;Ribadedeva;La Franca
-387004;Cantabria;Cantabria;Camaleño;La Frecha
-387005;Principado de Asturias;Principado de Asturias;Piloña;La Frecha
-387006;Castilla y León;Salamanca;Fregeneda, La;La Fregeneda
-387008;Aragón;Teruel;Fresneda, La;La Fresneda
-387026;Andalucía;Córdoba;Almedinilla;La Fuente Grande
-387031;Cataluña;Barcelona;Cornellà de Llobregat;La Gabarra
-387032;Región de Murcia;Región de Murcia;Lorca;La Escucha
-387033;Cataluña;Tarragona;Godall;La Galera
-387035;Región de Murcia;Región de Murcia;San Javier;Islote La Galera
-387037;Islas Canarias;La Palma;Puntallana;La Galga
-387038;Principado de Asturias;Principado de Asturias;Llanes;La Galguera
-387041;Región de Murcia;Región de Murcia;Fortuna;La Garapacha
-387045;Extremadura;Cáceres;Garganta, La;La Garganta
-387049;Andalucía;Granada;Motril;La Garnatilla
-387050;Cataluña;Barcelona;Garriga, La;La Garriga
-387051;Andalucía;Almería;Almería;La Garrofa
-387054;Extremadura;Badajoz;Garrovilla, La;La Garrovilla
-387055;Galicia;La Coruña;Cee;Lagarteira
-387056;Castilla-La Mancha;Toledo;Lagartera;Lagartera
-387061;Aragón;Zaragoza;Lagata;Lagata
-387062;Galicia;La Coruña;Laxe;Laxe
-387067;Castilla-La Mancha;Albacete;Alcalá del Júcar;La Gila
-387069;Aragón;Teruel;Ginebrosa, La;La Ginebrosa
-387074;Cataluña;Tarragona;Passanant i Belltall;La Glorieta
-387075;Galicia;Lugo;Pantón;Lago
-387080;Principado de Asturias;Principado de Asturias;Parres;Lago
-387083;Galicia;Lugo;Xove;Lago
-387089;Galicia;Lugo;Alfoz;Lagoa
-387091;Castilla y León;León;Carucedo;Lago de Carucedo
-387100;País Vasco;Álava;Lagrán;Lagrán
-387105;Cataluña;Barcelona;Granada, La;La Granada
-387106;Andalucía;Huelva;Granada de Río-Tinto, La;La Granada de Río-Tinto
-387115;Islas Canarias;Tenerife;Guancha, La;La Guancha
-387118;Castilla-La Mancha;Toledo;Guardia, La;La Guardia
-387119;Cataluña;Lérida;Puigverd d'Agramunt;La Guardia
-387120;Galicia;Pontevedra;Guarda, A;A Guarda
-387121;País Vasco;Álava;Laguardia;Laguardia
-387122;Andalucía;Jaén;Guardia de Jaén, La;La Guardia de Jaén
-387123;Cataluña;Barcelona;Font-rubí;La Guardiola
-387125;Aragón;Huesca;Sabiñánigo;Laguarta
-387126;Galicia;Orense;Gudiña, A;La Gudiña
-387131;Islas Canarias;Fuerteventura;Antigua;La Guirra
-387136;Castilla y León;León;Laguna Dalga;Laguna Dalga
-387137;La Rioja;La Rioja;Laguna de Cameros;Laguna de Cameros
-387138;Castilla y León;Segovia;Laguna de Contreras;Laguna de Contreras
-387139;Castilla y León;Valladolid;Laguna de Duero;Laguna de Duero
-387140;Castilla-La Mancha;Cuenca;Laguna del Marquesado;Laguna del Marquesado
-387150;Castilla y León;Salamanca;Lagunilla;Lagunilla
-387161;Andalucía;Granada;Albuñol;La Haza Mora
-387163;Cantabria;Cantabria;Peñarrubia;La Hermida
-387165;Andalucía;Granada;Almuñécar;La Herradura
-387172;Andalucía;Córdoba;Fuente Palmera;La Herreria
-387175;Cantabria;Cantabria;Rionansa;Herrerías
-387177;Islas Canarias;Tenerife;Arafo;La Hidalga
-387181;Castilla y León;Segovia;Espirdo;La Higuera
-387188;Comunidad de Madrid;Comunidad de Madrid;Hiruela, La;La Hiruela
-387194;Castilla y León;Ávila;Horcajada, La;La Horcajada
-387196;Castilla y León;Burgos;Horra, La;La Horra
-387198;Castilla-La Mancha;Guadalajara;Hortezuela de Océn;La Hortezuela de Océn
-387200;Islas Canarias;Tenerife;Granadilla de Abona;La Hoya
-387203;Castilla y León;Salamanca;Hoya, La;La Hoya
-387204;Comunidad de Madrid;Comunidad de Madrid;Santa María de la Alameda;La Hoya
-387206;Andalucía;Almería;Cuevas del Almanzora;La Hoya del Camaíno
-387213;Andalucía;Almería;Sorbas;La Huelga
-387215;Castilla-La Mancha;Guadalajara;Huerce, La;La Huerce
-387225;Castilla-La Mancha;Toledo;Iglesuela, La;La Iglesuela
-387226;Aragón;Teruel;Iglesuela del Cid, La;La Iglesuela del Cid
-387227;Principado de Asturias;Principado de Asturias;Piloña;La Infiesta
-387229;Galicia;La Coruña;Dodro;Laiño
-387230;Andalucía;Jaén;Iruela, La;La Iruela
-387233;País Vasco;Vizcaya;Artzentales;Laiseca
-387235;Principado de Asturias;Principado de Asturias;Colunga;La Isla
-387249;Andalucía;Cádiz;Sanlúcar de Barrameda;La Jara
-387251;Comunidad Valenciana;Alicante;Dénia;La Jara
-387254;Islas Canarias;Fuerteventura;Oliva, La;Lajares
-387266;Galicia;Lugo;Paradela;Laje
-387269;Islas Canarias;Fuerteventura;Pájara;La Lajita
-387278;Islas Canarias;Tenerife;Tanque, El;La Juncia
-387304;Castilla y León;León;Vega de Valcarce;La Laguna
-387308;Islas Canarias;La Gomera;San Sebastián de la Gomera;La Laja
-387314;Andalucía;Sevilla;Lantejuela;La Lantejuela
-387317;País Vasco;Álava;Valdegovía / Gaubea;Lalastra
-387318;Castilla y León;Palencia;Triollo;La Lastra
-387319;Cantabria;Cantabria;Tudanca;La Lastra
-387321;Castilla y León;Segovia;Lastrilla, La;La Lastrilla
-387326;Galicia;Pontevedra;Lalín;Lalín
-387329;Andalucía;Cádiz;Línea de la Concepción, La;La Línea de la Concepción
-387331;Cataluña;Barcelona;Llacuna, La;La Llacuna
-387332;Cataluña;Barcelona;Llagosta, La;La Llagosta
-387340;Comunidad Valenciana;Castellón;Llosa, la;La Llosa
-387348;Cantabria;Cantabria;Hermandad de Campoo de Suso;La Lomba
-387354;Castilla y León;Segovia;Losa, La;La Losa
-387360;Aragón;Huesca;Laluenga;Laluenga
-387363;Andalucía;Sevilla;Luisiana, La;La Luisiana
-387365;Islas Canarias;Tenerife;Orotava, La;La Luz
-387366;Galicia;Pontevedra;Lama, A;A Lama
-387370;Galicia;Lugo;Nogais, As;Lama da Vila
-387372;Cantabria;Cantabria;Valdáliga;Lamadrid
-387373;Región de Murcia;Región de Murcia;Cartagena;La Magdalena
-387388;Comunidad Valenciana;Valencia;Olocau;Masias Mallá
-387393;Galicia;Orense;Baños de Molgas;Lamamá
-387395;Andalucía;Granada;Polopos;La Mamola
-387408;Comunidad Valenciana;Alicante;Elche / Elx;La Marina
-387412;Andalucía;Almería;Mojácar;La Marina de la Torre
-387415;Comunidad Valenciana;Alicante;San Miguel de Salinas;La Marquesa
-387418;Galicia;Pontevedra;Moraña;Lamas
-387419;Galicia;Pontevedra;Estrada, A;Lamas
-387420;Galicia;Lugo;Triacastela;Lamas
-387422;Galicia;La Coruña;Teo;Lamas
-387425;Galicia;La Coruña;Zas;Zas
-387441;Comunidad Valenciana;Alicante;Onil;La Mata
-387442;Castilla-La Mancha;Toledo;Mata, La;La Mata
-387445;Aragón;Huesca;Abizanda;Lamata
-387449;Andalucía;Almería;Vélez-Rubio;La Mata de Bolaimí
-387454;Aragón;Teruel;Mata de los Olmos, La;La Mata de los Olmos
-387457;Comunidad Valenciana;Castellón;Mata de Morella, la;La Mata de Morella
-387462;Islas Canarias;Tenerife;Matanza de Acentejo, La;La Matanza de Acentejo
-387463;Andalucía;Jaén;Santiago-Pontones;La Matea
-387465;Castilla y León;Segovia;Matilla, La;La Matilla
-387466;Principado de Asturias;Principado de Asturias;Piloña;La Matosa
-387474;Islas Canarias;Tenerife;Güímar;La Medida
-387478;Andalucía;Almería;Sorbas;La Mela
-387482;Galicia;Orense;Merca, A;La Merca
-387485;Principado de Asturias;Principado de Asturias;Grandas de Salime;La Mesa
-387489;Cataluña;Barcelona;Sallent;L?Ametlla de Merola
-387490;Galicia;Orense;Mezquita, A;La Mezquita
-387493;Aragón;Huesca;Tella-Sin;Lamiana
-387500;Cantabria;Cantabria;Hermandad de Campoo de Suso;La Miña
-387501;Cantabria;Cantabria;Ruente;Lamiña
-387503;Castilla-La Mancha;Guadalajara;Miñosa, La;La Miñosa
-387512;Región de Murcia;Región de Murcia;Alhama de Murcia;La Molata
-387515;Principado de Asturias;Principado de Asturias;Cabrales;La Molina
-387519;Islas Canarias;Tenerife;Santa Cruz de Tenerife;La Monja
-387525;Islas Canarias;Tenerife;Garachico;La Montañeta
-387526;Islas Canarias;Tenerife;Santa Cruz de Tenerife;La Montañita
-387539;Principado de Asturias;Principado de Asturias;Langreo;La Mosquitera
-387541;Cataluña;Gerona;Escala, L';La Mota
-387542;Galicia;La Coruña;Teo;Lampay
-387547;Castilla y León;Valladolid;Mudarra, La;La Mudarra
-387557;Andalucía;Cádiz;Algodonales;La Muela
-387564;Andalucía;Almería;Cuevas del Almanzora;La Mulería
-387569;Principado de Asturias;Principado de Asturias;Cudillero;Lamuño
-387570;Comunidad Valenciana;Alicante;Orihuela;La Murada
-387573;Región de Murcia;Región de Murcia;Murcia;La Murta
-387574;Principado de Asturias;Principado de Asturias;Valdés;Lañada
-387575;Aragón;Huesca;Lanaja;Lanaja
-387585;Andalucía;Huelva;Nava, La;La Nava
-387595;Extremadura;Badajoz;Nava de Santiago, La;La Nava de Santiago
-387600;Galicia;Lugo;Láncara;Láncara
-387605;Castilla y León;Ávila;Carrera, La;Lancharejo
-387606;Cantabria;Cantabria;Campoo de Yuso;Lanchares
-387611;País Vasco;Álava;Lanciego / Lantziego;Lanciego
-387617;Castilla-La Mancha;Cuenca;Landete;Landete
-387620;Galicia;La Coruña;Cariño;Landoy
-387623;Galicia;Lugo;Viveiro;Landrove
-387626;País Vasco;Vizcaya;Lanestosa;Lanestosa
-387628;Castilla y León;Soria;Langa de Duero;Langa de Duero
-387636;Cantabria;Cantabria;Ribamontán al Mar;Langre
-387645;Andalucía;Granada;Lanjarón;Lanjarón
-387651;Región de Murcia;Región de Murcia;Murcia;La Ñora
-387654;Cataluña;Barcelona;Nou de Berguedà, La;La Nou
-387655;Cataluña;Tarragona;Pobla de Montornès, La;La Nou de Gayá
-387658;Galicia;Pontevedra;Portas;Lantaño
-387660;Andalucía;Granada;Lanteira;Lanteira
-387662;Principado de Asturias;Principado de Asturias;Illano;Lantero
-387667;Comunidad Valenciana;Alicante;Nucia, la;La Nucía
-387671;Aragón;Huesca;Sallent de Gállego;Lanuza
-387676;Castilla y León;Ávila;Lanzahíta;Lanzahita
-387678;Islas Canarias;Lanzarote;Tías;Isla de Lanzarote
-387686;Islas Canarias;Fuerteventura;Oliva, La;La Oliva
-387697;Comunidad de Madrid;Comunidad de Madrid;Olmeda de las Fuentes;Olmeda de las Fuentes
-387699;Castilla y León;León;Riello;La Omañuela
-387703;Islas Canarias;Tenerife;Orotava, La;La Orotava
-387717;Región de Murcia;Región de Murcia;Cartagena;La Palma
-387721;Andalucía;Huelva;Palma del Condado, La;La Palma del Condado
-387725;Andalucía;Almería;Mojácar;La Parata
-387728;Aragón;Huesca;Aínsa-Sobrarbe;La Pardina
-387729;Castilla-La Mancha;Albacete;Balsa de Ves;La Pared
-387733;Andalucía;Almería;Berja;La Parra
-387734;Extremadura;Badajoz;Parra, La;La Parra
-387735;Castilla y León;Ávila;Arenas de San Pedro;La Parra
-387738;Andalucía;Sevilla;Castilblanco de los Arroyos;La Parrilla
-387740;Castilla y León;Valladolid;Parrilla, La;La Parrilla
-387747;Castilla y León;Burgos;Oña;La Parte de Bureba
-387748;Castilla y León;Burgos;Merindad de Sotoscueva;La Parte de Sotoscueva
-387753;Islas Canarias;Tenerife;Puerto de la Cruz;La Paz
-387754;Andalucía;Granada;Fuente Vaqueros;La Paz
-387761;Principado de Asturias;Principado de Asturias;Gijón;La Pedrera
-387763;Comunidad Valenciana;Castellón;Useras / Useres, les;La Pelechaneta
-387773;Cantabria;Cantabria;Santiurde de Toranzo;La Penilla
-387774;Cantabria;Cantabria;Santa María de Cayón;La Penilla
-387776;Andalucía;Huelva;Niebla;La Peñuela
-387778;Cataluña;Gerona;Pera, La;La Pera
-387779;Principado de Asturias;Principado de Asturias;Somiedo;La Peral
-387780;Principado de Asturias;Principado de Asturias;Salas;La Peral
-387785;Islas Canarias;Tenerife;Orotava, La;La Perdoma
-387787;Principado de Asturias;Principado de Asturias;Llanes;La Pereda de Llanes
-387788;Castilla y León;Soria;Recuerda;La Perera
-387790;Galicia;Orense;Peroxa, A;La Peroja
-387792;Principado de Asturias;Principado de Asturias;Cangas del Narcea;La Pescal
-387793;Extremadura;Cáceres;Pesga, La;La Pesga
-387794;Castilla-La Mancha;Cuenca;Pesquera, La;La Pesquera
-387796;Andalucía;Granada;Peza, La;Lapeza
-387801;Andalucía;Sevilla;Carmona;La Piedra de la Sal
-387803;Cataluña;Gerona;Vall d'en Bas, La;La Pinya
-387805;Cataluña;Tarragona;Vila-seca;La Pineda
-387806;Principado de Asturias;Principado de Asturias;Piloña;La Piñera
-387807;Principado de Asturias;Principado de Asturias;Villaviciosa;La Piñera
-387808;Región de Murcia;Región de Murcia;Fuente Álamo de Murcia;La Pinilla
-387816;Cataluña;Tarragona;Calafell;La Playa
-387818;Islas Canarias;Gran Canaria;San Bartolomé de Tirajana;Playa de Arguineguín
-387819;Comunidad Valenciana;Valencia;Piles;La Playa de la Torre de Piles
-387820;Islas Canarias;Gran Canaria;Mogán;Puerto de Mogán
-387821;Islas Canarias;Gran Canaria;Mogán;La Playa de Tauro
-387823;Principado de Asturias;Principado de Asturias;Teverga;La Plaza
-387824;Comunidad Foral de Navarra;Comunidad Foral de Navarra;Lapoblación;Lapoblación
-387825;Cantabria;Cantabria;Campoo de Yuso;La Población
-387827;Cataluña;Barcelona;Pobla de Claramunt, La;La Pobla de Claramunt
-387828;Cataluña;Barcelona;Pobla de Lillet, La;La Pobla de Lillet
-387833;Castilla y León;León;Pola de Gordón, La;La Pola de Gordón
-387836;Castilla y León;León;Vega de Valcarce;La Portela de Valcarce
-387837;Aragón;Teruel;Portellada, La;La Portellada
-387838;Comunidad Valenciana;Valencia;Requena;La Portera
-387840;Principado de Asturias;Principado de Asturias;Llanes;La Portilla
-387842;Comunidad de Madrid;Comunidad de Madrid;Arganda del Rey;La Poveda
-387844;Castilla y León;Soria;Póveda de Soria, La;La Poveda de Soria
-387848;Andalucía;Huelva;Santa Ana la Real;La Presa
-387849;Comunidad Valenciana;Valencia;Manises;La Presa
-387854;Región de Murcia;Región de Murcia;Cartagena;La Puebla
-387855;Islas Baleares;Mallorca;Pobla, Sa;Sa Pobla (La Puebla)
-387856;Galicia;Orense;Barco de Valdeorras, O;La Puebla
-387857;Castilla-La Mancha;Toledo;Puebla de Almoradiel, La;La Puebla de Almoradiel
-387858;Castilla y León;Burgos;Puebla de Arganzón, La;La Puebla de Arganzón
-387859;Aragón;Huesca;Puebla de Castro, La;La Puebla de Castro
-387860;Andalucía;Sevilla;Marchena;La Puebla de Cazalla
-387862;Aragón;Teruel;Puebla de Híjar, La;La Puebla de Híjar
-387863;País Vasco;Álava;Lapuebla de Labarca;Lapuebla de Labarca
-387864;Comunidad de Madrid;Comunidad de Madrid;Puebla de la Sierra;La Puebla de la Sierra
-387865;Andalucía;Sevilla;Puebla de los Infantes, La;La Puebla de los Infantes
-387866;Andalucía;Sevilla;Puebla del Río, La;La Puebla del Río
-387867;Castilla-La Mancha;Toledo;Puebla de Montalbán, La;La Puebla de Montalbán
-387868;Aragón;Huesca;Isábena;La Puebla de Roda
-387870;Aragón;Teruel;Puebla de Valverde, La;La Puebla de Valverde
-387871;Castilla-La Mancha;Toledo;Pueblanueva, La;La Pueblanueva
-387872;Castilla-La Mancha;Guadalajara;Trillo;La Puerta
-387875;Andalucía;Jaén;Puerta de Segura, La;La Puerta de Segura
-387900;Andalucía;Granada;Albuñol;La Rábita
-387901;Andalucía;Jaén;Alcalá la Real;La Rábita
-387902;Galicia;La Coruña;Laracha, A;Laracha
-387904;Castilla y León;Burgos;Basconcillos del Tozo;La Rad
-387911;Cataluña;Gerona;Camprodon;La Ral
-387912;Islas Canarias;Tenerife;Realejos, Los;La Rambla
-387914;Andalucía;Córdoba;Rambla, La;La Rambla
-387915;Región de Murcia;Región de Murcia;Cartagena;La Rambla
-387928;Principado de Asturias;Principado de Asturias;Castrillón;La Ramera
-387929;Galicia;La Coruña;Santiago de Compostela;Laraño
-387932;Cataluña;Barcelona;Castellet i la Gornal;La Rápita
-387934;Castilla y León;Soria;Burgo de Osma-Ciudad de Osma;La Rasa
-387939;La Rioja;La Rioja;Lardero;Lardero
-387940;Aragón;Huesca;Fiscal;Lardiés
-387942;Principado de Asturias;Principado de Asturias;San Martín del Rey Aurelio;La Rebollada
-387946;Castilla-La Mancha;Albacete;Recueja, La;La Recueja
-387948;Cantabria;Cantabria;Laredo;Laredo
-387952;Andalucía;Huelva;Isla Cristina;La Redondela
-387954;Islas Canarias;Tenerife;Matanza de Acentejo, La;La Resbala
-387958;Castilla y León;Burgos;Revilla y Ahedo, La;La Revilla
-387959;Cantabria;Cantabria;Soba;La Revilla
-387961;Cantabria;Cantabria;San Vicente de la Barquera;La Revilla
-387963;Castilla y León;Burgos;Valle de Tobalina;La Revilla de Herrán
-387964;Islas Baleares;Ibiza y Formentera;Sant Josep de sa Talaia;Las Salinas
-387978;Cataluña;Tarragona;Riba, La;La Riba
-387990;Cataluña;Barcelona;Folgueroles;La Ricardera
-387991;Cataluña;Tarragona;Riera de Gaià, La;La Riera
-387993;Principado de Asturias;Principado de Asturias;Somiedo;La Riera
-387994;Principado de Asturias;Principado de Asturias;Cangas de Onís;La Riera
-387995;Principado de Asturias;Principado de Asturias;Colunga;La Riera
-387997;Andalucía;Sevilla;Castilblanco de los Arroyos;Estación de La Rigüela
-387998;Principado de Asturias;Principado de Asturias;Sariego;La Rimada
-388003;Andalucía;Sevilla;Rinconada, La;La Rinconada
-388004;Castilla y León;Salamanca;Rinconada de la Sierra, La;La Rinconada de la Sierra
-388005;Galicia;La Coruña;Carnota;Lariño
-388006;Castilla y León;León;Acebedo;Lario
-388013;Principado de Asturias;Principado de Asturias;Villaviciosa;La Rivera
-388019;Castilla y León;León;Robla, La;La Robla
-388020;Cataluña;Barcelona;Roca del Vallès, La;La Roca
-388021;Cataluña;Gerona;Vilallonga de Ter;La Roca
-388022;Extremadura;Badajoz;Roca de la Sierra, La;La Roca de la Sierra
-388026;Galicia;Orense;Larouco;Laroco
-388027;Castilla-La Mancha;Albacete;Roda, La;La Roda
-388028;Principado de Asturias;Principado de Asturias;Tapia de Casariego;La Roda
-388029;Andalucía;Sevilla;Roda de Andalucía, La;La Roda de Andalucía
-388030;Andalucía;Granada;Nevada;Laroles
-388032;Comunidad Valenciana;Alicante;Romana, la;La Romana
-388040;Islas Canarias;La Palma;Paso, El;La Rosa
-388042;Cantabria;Cantabria;Noja;LaRota -  Fonegra
-388045;Andalucía;Almería;Laroya;Laroya
-388047;Cantabria;Cantabria;Arredondo;La Roza
-388048;Principado de Asturias;Principado de Asturias;Morcín;La Roza
-388052;Comunidad Foral de Navarra;Comunidad Foral de Navarra;Larraga;Larraga
-388055;Comunidad Foral de Navarra;Comunidad Foral de Navarra;Larraona;Larraona
-388056;Comunidad Foral de Navarra;Comunidad Foral de Navarra;Esteribar;Larrasoaña
-388058;País Vasco;Guipúzcoa;Larraul;Larraul
-388059;País Vasco;Vizcaya;Mungia;Larrauri
-388064;Aragón;Huesca;Sabiñánigo;Lárrede
-388065;Aragón;Huesca;Sabiñánigo;Larrés
-388071;Comunidad Foral de Navarra;Comunidad Foral de Navarra;Allín / Allin;Larrión
-388078;Cantabria;Cantabria;Valdáliga;Larteme
-388080;Galicia;Orense;Rúa, A;La Rúa
-388085;Comunidad Foral de Navarra;Comunidad Foral de Navarra;Iza / Itza;Larumbe
-388088;Andalucía;Cádiz;Jerez de la Frontera;Las Abiertas
-388089;Islas Baleares;Ibiza y Formentera;Formentera;La Savina
-388090;Islas Canarias;Tenerife;Arico;La Sabinita
-388099;Islas Canarias;Tenerife;Guancha, La;Las Aguas
-388104;Andalucía;Sevilla;Estepa;La Salada
-388106;Aragón;Teruel;Mirambel;Las Alboredas
-388116;Andalucía;Granada;Castril;Las Almontarás
-388117;Aragón;Huesca;Bierge;Las Almunias
-388119;Andalucía;Sevilla;Sevilla;La Salud
-388120;Cataluña;Barcelona;Polinyà;La Salud
-388126;Cataluña;Gerona;Planes d'Hostoles, Les;Las Ansías
-388127;Islas Canarias;Lanzarote;Tinajo;La Santa
-388129;Aragón;Huesca;Sabiñánigo;Lasaosa
-388132;Principado de Asturias;Principado de Asturias;Cabrales;Arenas de Cabrales
-388133;País Vasco;Vizcaya;Leioa;Las Arenas
-388135;Región de Murcia;Región de Murcia;Torre-Pacheco;Las Armeras
-388137;País Vasco;Guipúzcoa;Lasarte-Oria;Lasarte
-388144;Región de Murcia;Región de Murcia;Cartagena;Las Barracas
-388159;Andalucía;Almería;Cuevas del Almanzora;Las Bombardas
-388160;Cataluña;Lérida;Tremp;Las Bordas
-388161;Cataluña;Lérida;Bòrdes, Es;Les Bordes
-388166;Islas Canarias;Lanzarote;Yaiza;Las Breñas
-388173;Cataluña;Barcelona;Cabanyes, Les;Les Cabanyes
-388174;Islas Canarias;Tenerife;San Cristóbal de La Laguna;Las Cabezadas
-388175;Islas Canarias;La Palma;Tijarafe;Las Cabezadas
-388178;Andalucía;Sevilla;Cabezas de San Juan, Las;Las Cabezas de San Juan
-388182;Cantabria;Cantabria;Corrales de Buelna, Los;Las Caldas de Besaya
-388202;Andalucía;Sevilla;Castillo de las Guardas, El;Las Cañadillas
-388210;Islas Canarias;Tenerife;Silos, Los;Las Canteras
-388213;Comunidad Valenciana;Valencia;Pobla de Farnals, la;Las Canteras
-388214;Cataluña;Barcelona;Bigues i Riells del Fai;Las Canteras
-388224;Islas Canarias;El Hierro;Valverde;Las Casas
-388226;Castilla-La Mancha;Ciudad Real;Ciudad Real;Las Casas
-388228;Castilla y León;Soria;Soria;Las Casas
-388230;Castilla y León;Segovia;Ventosilla y Tejadilla;Las Casas Altas
-388231;Islas Canarias;Tenerife;Santa Cruz de Tenerife;Las Casas de Afur
-388232;Cataluña;Tarragona;Alcanar;Les Cases d'Alcanar
-388233;Castilla-La Mancha;Albacete;Bogarra;Las Casas de Haches
-388239;Andalucía;Jaén;Alcalá la Real;Las Caserías
-388246;Región de Murcia;Región de Murcia;Torre-Pacheco;Las Casicas
-388247;Región de Murcia;Región de Murcia;Fortuna;Las Casicas
-388249;Islas Canarias;Gran Canaria;Mogán;Las Casillas
-388250;Islas Canarias;Gran Canaria;Valsequillo de Gran Canaria;Las Casillas
-388252;Andalucía;Málaga;Arenas;Las Casillas
-388254;Andalucía;Jaén;Martos;Las Casillas
-388257;Andalucía;Huelva;Aroche;Las Cefiñas
-388265;Islas Canarias;Tenerife;San Cristóbal de La Laguna;Las Chumberas
-388274;Principado de Asturias;Principado de Asturias;Ribadedeva;Las Conchas
-388278;Cataluña;Barcelona;Hospitalet de Llobregat, L'; 
-388281;Islas Canarias;Tenerife;Garachico;Las Cruces
-388290;Aragón;Huesca;Lascuarre;Lascuarre
-388291;Aragón;Zaragoza;Cuerlas, Las;Las Cuerlas
-388293;Andalucía;Granada;Huéneja;Las Cuevas
-388301;Aragón;Teruel;Castellote;Las Cuevas de Cañart
-388308;Islas Canarias;Tenerife;Candelaria;Las Cuevecitas
-388311;Andalucía;Huelva;Zalamea la Real;Las Delgadas
-388314;Castilla y León;Valladolid;Seca, La;La Seca
-388317;Cataluña;Tarragona;Secuita, La;La Secuita
-388321;Cataluña;Gerona;Cellera de Ter, La;La Cellera de Ter
-388323;Cataluña;Tarragona;Selva del Camp, La;La Selva del Camp
-388325;Comunidad Valenciana;Alicante;Pinós, el / Pinoso;Las Encebras
-388330;Castilla-La Mancha;Albacete;Alcalá del Júcar;Las Eras
-388335;Andalucía;Córdoba;Córdoba;Las Ermitas
-388341;Cantabria;Cantabria;Molledo;La Serna
-388342;Comunidad de Madrid;Comunidad de Madrid;Serna del Monte, La;La Serna del Monte
-388343;Castilla y León;Ávila;Serrada, La;La Serrada
-388348;Principado de Asturias;Principado de Asturias;Llanes;La Sertal
-388350;Cataluña;Gerona;Boadella i les Escaules;Las Escaulas
-388356;Cataluña;Barcelona;Borredà;Las Euras
-388358;Región de Murcia;Región de Murcia;Alhama de Murcia;Las Flotas de Butrón
-388360;Cantabria;Cantabria;Arenas de Iguña;Las Fraguas
-388370;Islas Canarias;Tenerife;Arona;Las Galletas
-388380;Castilla-La Mancha;Toledo;Herencias, Las;Las Herencias
-388387;Castilla y León;León;Vega de Valcarce;Las Herrerías
-388388;Andalucía;Córdoba;Priego de Córdoba;Las Higueras
-388391;Andalucía;Almería;Roquetas de Mar;Las Hortichuelas
-388392;Andalucía;Almería;Níjar;Las Hortichuelas Bajas
-388394;Castilla-La Mancha;Albacete;Ayna; 
-388395;Andalucía;Almería;Adra;Las Hoyas del Barranco
-388404;Andalucía;Córdoba;Montilla;La Sierra
-388412;Islas Canarias;La Palma;Fuencaliente de la Palma;Las Indias
-388413;Andalucía;Jaén;Jaén;Las Infantas
-388418;Islas Baleares;Mallorca;Calvià;Las Isletas
-388425;Islas Canarias;Lanzarote;Teguise;Las Laderas
-388427;Islas Canarias;Gran Canaria;Vega de San Mateo;Las Lagunetas
-388433;Islas Canarias;La Palma;San Andrés y Sauces;Las Ledas
-388437;Cataluña;Gerona;Llosses, Les;Les Llosses
-388441;Región de Murcia;Región de Murcia;Lorca;Las Lomas de Lastón
-388443;Castilla-La Mancha;Cuenca;Majadas, Las;Las Majadas
-388446;Islas Canarias;Tenerife;Santiago del Teide;Las Manchas
-388447;Islas Canarias;La Palma;Llanos de Aridane, Los;Las Manchas
-388450;Región de Murcia;Región de Murcia;Cehegín;Las Maravillas
-388451;Islas Canarias;Gran Canaria;Aldea de San Nicolás, La;Las Marciegas
-388455;Cataluña;Barcelona;Castellet i la Gornal;Las Masucas
-388458;Castilla y León;León;Puente de Domingo Flórez;Las Médulas
-388459;Islas Canarias;Tenerife;Santa Cruz de Tenerife;Las Mercedes
-388461;Castilla-La Mancha;Cuenca;Mesas, Las;Las Mesas
-388462;Extremadura;Cáceres;Ladrillar;Las Mestas
-388467;Andalucía;Granada;Caniles;Las Molineras
-388468;Principado de Asturias;Principado de Asturias;Lena;Las Monas
-388470;Andalucía;Cádiz;Villamartín;Las Montañas
-388471;Islas Canarias;El Hierro;Valverde;Las Montañetas
-388473;Región de Murcia;Región de Murcia;Mazarrón;Las Moreras
-388475;Principado de Asturias;Principado de Asturias;Somiedo;Las Morteras
-388483;Comunidad de Madrid;Comunidad de Madrid;Lozoyuela-Navas-Sieteiglesias;Las Navas de Buitrago
-388484;Andalucía;Sevilla;Navas de la Concepción, Las;Las Navas de la Concepción
-388485;Castilla y León;Ávila;Navas del Marqués, Las;Las Navas del Marqués
-388486;Castilla-La Mancha;Toledo;Menasalbas;Las Navillas
-388487;Andalucía;Almería;Níjar;Las Negras
-388488;Islas Canarias;La Palma;Santa Cruz de la Palma;Las Nieves
-388492;Andalucía;Jaén;Santiago-Pontones;Las Nogueras
-388494;Andalucía;Almería;Turre;Las Norias
-388506;Castilla-La Mancha;Ciudad Real;Solana, La;La Solana
-388509;Cataluña;Gerona;Garrigoles;Las Olivas
-388511;Islas Baleares;Mallorca;Algaida;Las Ollerías
-388514;Islas Baleares;Mallorca;Campos;La Sorda
-388528;Islas Canarias;Gran Canaria;Palmas de Gran Canaria, Las;Las Palmas de Gran Canaria
-388536;Aragón;Huesca;Laspaúles;Laspaúles
-388538;Región de Murcia;Región de Murcia;Torre-Pacheco;Las Pedreñas
-388541;Castilla-La Mancha;Cuenca;Pedroñeras, Las;Las Pedroñeras
-388546;Cataluña;Tarragona;Albinyana;Las Pesas
-388547;Cataluña;Tarragona;Piles, Les;Les Piles
-388552;Andalucía;Córdoba;Carlota, La;Las Pinedas
-388557;Cataluña;Gerona;Planes d'Hostoles, Les;Les Planes d'Hostoles
-388559;Islas Canarias;Fuerteventura;Tuineje;Las Playitas
-388565;Principado de Asturias;Principado de Asturias;Castrillón;Laspra
-388566;Cataluña;Gerona;Preses, Les;Les Preses
-388567;Cantabria;Cantabria;Puente Viesgo;Las Presillas
-388568;Principado de Asturias;Principado de Asturias;Lena;Las Puentes
-388571;Aragón;Huesca;Laspuña;Laspuña
-388578;Castilla y León;Burgos;Quintanillas, Las;Las Quintanillas
-388584;Islas Canarias;Gran Canaria;Palmas de Gran Canaria, Las;Las Rehoyas
-388585;Castilla-La Mancha;Cuenca;Santa Cruz de Moya;Las Rinconadas
-388589;Islas Canarias;El Hierro;Valverde;Las Rosas
-388590;Islas Canarias;Tenerife;San Juan de la Rambla;Las Rosas
-388591;Islas Canarias;Tenerife;Rosario, El;Las Rosas
-388593;Cantabria;Cantabria;Rozas de Valdearroyo, Las;Las Rozas de Valdearroyo
-388594;Principado de Asturias;Principado de Asturias;Cangas de Onís;Las Rozas
-388595;Comunidad de Madrid;Comunidad de Madrid;Rozas de Madrid, Las;Las Rozas de Madrid
-388596;Principado de Asturias;Principado de Asturias;Salas;Las Rubias
-388599;Castilla y León;León;Crémenes;Las Salas
-388600;Islas Canarias;Fuerteventura;Antigua;Las Salinas
-388601;Andalucía;Almería;Roquetas de Mar;Las Salinas
-388603;Islas Baleares;Ibiza y Formentera;Formentera;Las Salinas
-388608;Cataluña;Gerona;Sant Martí de Llémena;Las Serras
-388616;Aragón;Huesca;Sariñena;Lastanosa
-388630;Región de Murcia;Región de Murcia;Torres de Cotillas, Las;Las Torres de Cotillas
-388631;Islas Canarias;El Hierro;Frontera;Las Toscas
-388632;Islas Canarias;Tenerife;San Cristóbal de La Laguna;Las Toscas
-388637;Cantabria;Cantabria;Ruesga;Lastras
-388638;Castilla y León;Segovia;Lastras de Cuéllar;Lastras de Cuéllar
-388642;Principado de Asturias;Principado de Asturias;Colunga;Lastres
-388644;Islas Canarias;Gran Canaria;Santa María de Guía de Gran Canaria;Las Tres Palmas
-388655;Islas Canarias;Tenerife;Granadilla de Abona;Las Vegas
-388657;Región de Murcia;Región de Murcia;Ricote;Las Ventanas
-388662;Andalucía;Granada;Cúllar;Las Vertientes
-388666;Comunidad Valenciana;Castellón;Benicasim / Benicàssim;Las Villas
-388672;Principado de Asturias;Principado de Asturias;Somiedo;Las Viñas
-388674;Comunidad Valenciana;Alicante;Villena;Las Virtudes
-388679;Islas Canarias;Tenerife;Granadilla de Abona;Las Zocas
-388683;Andalucía;Málaga;Vélez-Málaga;Las Zorrillas
-388685;Principado de Asturias;Principado de Asturias;Cudillero;La Tabla
-388690;Cataluña;Gerona;Tallada d'Empordà, La;La Tallada
-388691;Aragón;Huesca;Sabiñánigo;Latas
-388694;Comunidad Foral de Navarra;Comunidad Foral de Navarra;Imotz;Latasa
-388696;Galicia;Orense;Teixeira, A;La Teijeira
-388698;Región de Murcia;Región de Murcia;San Javier;La Tejera
-388703;Región de Murcia;Región de Murcia;Moratalla;La Tercia
-388707;Islas Canarias;Tenerife;Silos, Los;La Tierra del Trigo
-388711;Andalucía;Jaén;Santiago-Pontones;La Toba
-388714;Cantabria;Cantabria;San Roque de Riomiera;La Toba
-388718;Galicia;La Coruña;Vimianzo;La Toja
-388721;Principado de Asturias;Principado de Asturias;Oviedo;Latores
-388723;Islas Canarias;El Hierro;Valverde;La Torre
-388724;Región de Murcia;Región de Murcia;Cieza;La Torre
-388728;Comunidad Valenciana;Valencia;Puig de Santa Maria, el;La Torre
-388737;Principado de Asturias;Principado de Asturias;Castrillón;La Torre
-388745;Castilla y León;Zamora;Torre del Valle, La;La Torre del Valle
-388760;Castilla y León;Zamora;Pereruela;La Tuda
-388761;Andalucía;Almería;Láujar de Andarax;Laujar de Andarax
-388764;Andalucía;Huelva;Zufre;La Umbría
-388766;Región de Murcia;Región de Murcia;Abanilla;La Umbría
-388769;Región de Murcia;Región de Murcia;Unión, La;La Unión
-388777;Castilla y León;León;Valdesamario;La Utrera
-388784;Cataluña;Barcelona;Gelida;La Valenciana
-388786;Cataluña;Gerona;Llers;La Vall
-388788;Cataluña;Gerona;Vall de Bianya, La;La Vall de Bianya
-388789;Cataluña;Gerona;Port de la Selva, El;La Vall de Santa Creu
-388803;Principado de Asturias;Principado de Asturias;Riosa;La Vara
-388809;Castilla y León;León;Valdepiélago;La Vecilla de Curueño
-388819;Cantabria;Cantabria;Vega de Liébana;La Vega
-388820;Principado de Asturias;Principado de Asturias;Riosa;La Vega de Riosa
-388822;Principado de Asturias;Principado de Asturias;San Martín del Rey Aurelio;La Vega
-388825;Cantabria;Cantabria;Liérganes;La Vega
-388826;Principado de Asturias;Principado de Asturias;Cangas de Onís;Vega de los Caseros
-388829;Principado de Asturias;Principado de Asturias;Ribadesella;La Vega
-388831;Principado de Asturias;Principado de Asturias;Ribadesella;Vega
-388843;Islas Canarias;Lanzarote;Tinajo;La Vegueta
-388850;Castilla y León;Segovia;Pedraza;La Velilla
-388852;Castilla y León;León;Riello;La Velilla
-388854;Castilla y León;Salamanca;Vellés, La;La Vellés
-388855;Comunidad Valenciana;Alicante;Alicante / Alacant;La Venteta
-388860;Islas Canarias;Tenerife;Orotava, La;La Vera
-388862;Islas Canarias;La Palma;Garafía;El Castillo
-388870;Cataluña;Barcelona;Subirats;Lavern
-388876;Andalucía;Córdoba;Victoria, La;La Victoria
-388877;Islas Canarias;Tenerife;Victoria de Acentejo, La;La Victoria de Acentejo
-388878;Cataluña;Barcelona;Torrelavit;Lavid
-388879;Castilla y León;Burgos;Vid y Barrios, La;La Vid y Barrios
-388885;Principado de Asturias;Principado de Asturias;Cangas del Narcea;La Viliella
-388887;Principado de Asturias;Principado de Asturias;Piloña;La Villa
-388889;Aragón;Zaragoza;Vilueña, La;La Vilueña
-388890;Cantabria;Cantabria;Soba;Lavín
-388897;Cantabria;Cantabria;Udías;La Virgen
-388898;Castilla y León;León;Valverde de la Virgen;La Virgen del Camino
-388900;Islas Baleares;Ibiza y Formentera;Formentera;La Mola
-388906;Galicia;Orense;Cenlle;Laias
-388909;Andalucía;Jaén;Baeza;La Yedra
-388915;Castilla-La Mancha;Toledo;Layos;Layos
-388917;Galicia;Lugo;Incio, O;Layosa
-388918;Castilla-La Mancha;Guadalajara;Yunta, La;La Yunta
-388920;Galicia;Orense;Laza;Laza
-388924;Comunidad Foral de Navarra;Comunidad Foral de Navarra;Lazagurría;Lazagurría
-388930;Región de Murcia;Región de Murcia;Abanilla;La Zarza
-388931;Extremadura;Badajoz;Zarza, La;La Zarza
-388933;Castilla y León;Valladolid;Zarza, La;La Zarza
-388934;Castilla y León;Salamanca;Zarza de Pumareda, La;La Zarza de Pumadera
-388935;País Vasco;Guipúzcoa;Lazkao;Lazcano
-388948;Castilla y León;Palencia;Pernía, La;Lebanza
-388951;Cantabria;Cantabria;Cillorigo de Liébana;Lebeña
-388953;Galicia;Lugo;Monterroso;Leborey
-388959;Andalucía;Sevilla;Lebrija;Lebrija
-388962;Comunidad Foral de Navarra;Comunidad Foral de Navarra;Baztan;Lecároz
-388963;Principado de Asturias;Principado de Asturias;Siero;Leceñes
-388964;Aragón;Zaragoza;Lécera;Lécera
-388966;Aragón;Teruel;Calamocha;Lechago
-388970;Aragón;Huesca;Bárcabo;Lecina
-388975;Aragón;Zaragoza;Leciñena;Leciñena
-388977;Comunidad Foral de Navarra;Comunidad Foral de Navarra;Lekunberri;Lecumberri
-388983;Castilla y León;Salamanca;Ledesma;Ledesma
-388986;La Rioja;La Rioja;Ledesma de la Cogolla;Ledesma de la Cogolla
-388988;Castilla y León;Palencia;Ledigos;Ledigos
-388992;Castilla y León;Salamanca;Ledrada;Ledrada
-388994;Comunidad de Madrid;Comunidad de Madrid;Leganés;Leganés
-388998;Comunidad Foral de Navarra;Comunidad Foral de Navarra;Legaria;Legaria
-388999;Comunidad Foral de Navarra;Comunidad Foral de Navarra;Bertizarana;Legasa
-389001;País Vasco;Guipúzcoa;Legazpi;Legazpia
-389004;Principado de Asturias;Principado de Asturias;Belmonte de Miranda;Leiguarda
-389005;Galicia;La Coruña;Narón;Leija
-389010;Galicia;La Coruña;Ordes;Leira
-389018;Galicia;Pontevedra;Ribadumia;Leiro
-389022;Galicia;Orense;Leiro;Leiro
-389025;Galicia;La Coruña;Muxía;Leis
-389029;La Rioja;La Rioja;Leiva;Leiva
-389031;Comunidad Foral de Navarra;Comunidad Foral de Navarra;Leitza;Leitza
-389039;Galicia;La Coruña;Carballo;Lema
-389060;Andalucía;Granada;Lentegí;Lentegí
-389067;Galicia;Orense;Peroxa, A;León
-389068;Castilla y León;León;León;León
-389069;Castilla y León;León;Vega de Valcarce;Vega de Valcarce
-389081;Principado de Asturias;Principado de Asturias;Gijón;Leorio
-389084;Andalucía;Huelva;Lepe;Lepe
-389086;País Vasco;Vizcaya;Lekeitio;Lekeitio
-389090;Comunidad Foral de Navarra;Comunidad Foral de Navarra;Guesálaz / Gesalatz;Lerate
-389092;Galicia;Pontevedra;Pontevedra;Lérez
-389094;Comunidad Foral de Navarra;Comunidad Foral de Navarra;Lerga;Lerga
-389098;Comunidad Foral de Navarra;Comunidad Foral de Navarra;Lerín;Lerín
-389099;Castilla y León;Burgos;Lerma;Lerma
-389102;Cantabria;Cantabria;Pesaguero;Lerones
-389104;Comunidad Foral de Navarra;Comunidad Foral de Navarra;Lizoáin-Arriasgoiti;Lérruz
-389105;Cataluña;Lérida;Les;Les
-389122;Galicia;La Coruña;Boqueixón;Lestedo
-389132;Castilla-La Mancha;Albacete;Letur;Letur
-389134;Aragón;Zaragoza;Letux;Letux
-389141;Principado de Asturias;Principado de Asturias;Aller;Levinco
-389142;País Vasco;Álava;Leza;Leza
-389145;País Vasco;Álava;Amurrio;Lezama
-389146;Castilla y León;Burgos;Valle de Mena;Lezana de Mena
-389147;Comunidad Foral de Navarra;Comunidad Foral de Navarra;Lezáun;Lezáun
-389148;País Vasco;Guipúzcoa;Lezo;Lezo
-389151;Cantabria;Cantabria;Ruiloba;Liandres
-389152;Cantabria;Cantabria;Villaescusa;Liaño
-389158;Principado de Asturias;Principado de Asturias;Colunga;Libardón
-389163;Región de Murcia;Región de Murcia;Librilla;Librilla
-389164;Aragón;Teruel;Libros;Libros
-389166;Galicia;Lugo;Pantón;Licín
-389171;Comunidad Foral de Navarra;Comunidad Foral de Navarra;Liédena;Liédena
-389172;Castilla y León;León;Acebedo;Liegos
-389176;Cantabria;Cantabria;Piélagos;Liencres
-389181;Cantabria;Cantabria;Ribamontán al Monte;Liermo
-389183;Aragón;Huesca;Sotonera, La;Lierta
-389184;Castilla-La Mancha;Albacete;Liétor;Liétor
-389185;Galicia;Lugo;Monterroso;Ligonde
-389186;Castilla y León;Soria;Montejo de Tiermes;Ligos
-389188;Aragón;Huesca;Fiscal;Ligüerre de Ara
-389189;Aragón;Huesca;Abizanda;Ligüerre de Cinca
-389191;Andalucía;Almería;Líjar;Líjar
-389196;Cataluña;Tarragona;Montblanc;Lilla
-389198;Castilla-La Mancha;Toledo;Lillo;Lillo
-389204;Principado de Asturias;Principado de Asturias;Siero;Limanes
-389220;Cantabria;Cantabria;Limpias;Limpias
-389221;Galicia;Lugo;Sober;Liñarán
-389222;Andalucía;Jaén;Segura de la Sierra;Linarejos
-389223;Castilla y León;Zamora;Manzanal de Arriba;Linarejos
-389225;Andalucía;Jaén;Linares;Linares
-389226;Galicia;Pontevedra;Neves, As;Liñares
-389228;Galicia;Lugo;Pedrafita do Cebreiro;Linares
-389235;Cantabria;Cantabria;Peñarrubia;Linares
-389237;Principado de Asturias;Principado de Asturias;Ribadesella;Linares
-389240;Principado de Asturias;Principado de Asturias;Gijón;La Rimada
-389251;Andalucía;Huelva;Linares de la Sierra;Linares de la Sierra
-389253;Aragón;Teruel;Linares de Mora;Linares de Mora
-389254;Castilla y León;Salamanca;Linares de Riofrío;Linares de Riofrío
-389256;Aragón;Huesca;Torla-Ordesa;Linás de Broto
-389276;Cataluña;Lérida;Linyola;Linyola
-389277;Galicia;La Coruña;Porto do Son;Linteiros
-389279;Comunidad Foral de Navarra;Comunidad Foral de Navarra;Erro;Linzoáin
-389281;Galicia;La Coruña;Carnota;Lira
-389282;Galicia;La Coruña;Cee;Lires
-389283;Aragón;Huesca;Castejón de Sos;Lirí
-389284;Comunidad Valenciana;Valencia;Llíria;Liria
-389295;Aragón;Zaragoza;Lituénigo;Lituénigo
-389298;Comunidad Foral de Navarra;Comunidad Foral de Navarra;Ergoiena;Lizarraga
-389301;Comunidad Foral de Navarra;Comunidad Foral de Navarra;Ultzama;Lizaso
-389309;Cataluña;Gerona;Lladó;Llado
-389310;Cataluña;Lérida;Lladorre;Lladorre
-389314;Cataluña;Lérida;Vall de Cardós;Lladrós
-389315;Cataluña;Gerona;Palafrugell;Llafranc
-389317;Cataluña;Gerona;Llagostera;Llagostera
-389325;Castilla y León;León;Cimanes del Tejar;Llamas de la Ribera
-389329;Cataluña;Gerona;Llambilles;Llambillas
-389333;Principado de Asturias;Principado de Asturias;Llanes;Llames de Pría
-389334;Principado de Asturias;Principado de Asturias;Nava;Llames Bajo
-389335;Principado de Asturias;Principado de Asturias;Llanes;Llamigo
-389337;Principado de Asturias;Principado de Asturias;Belmonte de Miranda;Llamoso
-389339;Cataluña;Gerona;Saus, Camallera i Llampaies;Llampaies
-389349;Castilla y León;León;Boca de Huérgano;Llánaves de la Reina
-389354;Cataluña;Lérida;Torà;Llanera
-389355;Principado de Asturias;Principado de Asturias;Llanera;Llanera
-389360;Principado de Asturias;Principado de Asturias;Llanes;Llanes
-389364;Cantabria;Cantabria;Rozas de Valdearroyo, Las;Llano
-389367;Cantabria;Cantabria;San Felices de Buelna;Llano
-389373;Principado de Asturias;Principado de Asturias;Cangas de Onís;Llano-Con
-389376;Comunidad Valenciana;Valencia;Favara;Llano de Gorra
-389377;Andalucía;Granada;Cúllar;Llano del Abad
-389379;Región de Murcia;Región de Murcia;Cartagena;Llano del Beal
-389380;Comunidad Valenciana;Alicante;Altea;Llano del Castillo
-389381;Islas Canarias;Tenerife;Santa Cruz de Tenerife;Llano del Moro
-389384;Principado de Asturias;Principado de Asturias;Aller;Llanos
-389388;Islas Canarias;Fuerteventura;Puerto del Rosario;Llanos de la Concepción
-389392;Principado de Asturias;Principado de Asturias;Lena;Llanos de Somerón
-389393;Cataluña;Gerona;Llançà;Llançà
-389396;País Vasco;Vizcaya;Zalla;Llantada
-389397;País Vasco;Álava;Ayala / Aiara;Llanteno
-389400;Principado de Asturias;Principado de Asturias;Quirós;Llanuces
-389402;Cataluña;Lérida;Llardecans;Llardecáns
-389403;Principado de Asturias;Principado de Asturias;Piloña;Llares
-389409;Comunidad Valenciana;Valencia;Llaurí;Llaurí
-389412;Cataluña;Gerona;Gualta;Llaviá
-389413;Cataluña;Lérida;Llavorsí;Llavorsí
-389416;Principado de Asturias;Principado de Asturias;Llanes;Lledías
-389417;Aragón;Teruel;Lledó;Lledó
-389419;Principado de Asturias;Principado de Asturias;Boal;Lleiras
-389425;Principado de Asturias;Principado de Asturias;Cangas de Onís;Llenín
-389429;Principado de Asturias;Principado de Asturias;Parres;Llerandi
-389430;Extremadura;Badajoz;Llerena;Llerena
-389433;Principado de Asturias;Principado de Asturias;Cangas de Onís;Llerices
-389436;Cataluña;Gerona;Llers;Llers
-389438;Cataluña;Lérida;Lles de Cerdanya;Lles
-389439;Cataluña;Lérida;Pont de Suert, El;Llesp
-389440;Cataluña;Lérida;Sort;Llesúy
-389441;Cataluña;Tarragona;Sant Jaume dels Domenys;Lletger
-389442;Comunidad Valenciana;Alicante;Jávea / Xàbia;Lleus
-389445;Comunidad Valenciana;Alicante;Llíber;Lliber
-389449;Cataluña;Lérida;Llimiana;Llimiana
-389450;Cataluña;Barcelona;Llinars del Vallès;Llinars del Vallès
-389452;Cataluña;Barcelona;Lliçà d'Amunt;Lliçà d'Amunt
-389454;Cataluña;Gerona;Llívia;Llivia
-389455;Cataluña;Tarragona;Lloar, El;Lloá
-389457;Comunidad Valenciana;Alicante;San Fulgencio;Llobregales
-389465;País Vasco;Álava;Laudio / Llodio;Llodio
-389466;Cataluña;Gerona;Forallac;Llofríu
-389467;Islas Baleares;Mallorca;Santanyí;Es Llombards
-389469;Comunidad Valenciana;Valencia;Llombai;Llombay
-389470;Castilla y León;León;Pola de Gordón, La;Llombera
-389473;Principado de Asturias;Principado de Asturias;Peñamellera Alta;Llonín
-389478;Cataluña;Gerona;Sant Martí de Llémena;Llorá
-389480;Cantabria;Cantabria;Santa María de Cayón;Lloreda
-389485;Cataluña;Tarragona;Banyeres del Penedès;Llorenç del Penedes
-389487;Cataluña;Gerona;Lloret de Mar;Lloret de Mar
-389488;Islas Baleares;Mallorca;Lloret de Vistalegre;Lloret de Vistalegre
-389491;Comunidad Valenciana;Alicante;Alcalalí;Llosa de Camacho
-389492;Comunidad Valenciana;Valencia;Llosa de Ranes, la;Llosa de Ranes
-389496;Islas Baleares;Mallorca;Lloseta;Lloseta
-389498;Principado de Asturias;Principado de Asturias;Siero;Llovera
-389502;Principado de Asturias;Principado de Asturias;Ribadesella;Llovio
-389503;Islas Baleares;Mallorca;Llubí;Llubí
-389506;Islas Baleares;Mallorca;Llucmajor;Llucmajor
-389507;Cantabria;Cantabria;Voto;Llueva
-389508;Principado de Asturias;Principado de Asturias;Cangas de Onís;Llueves
-389509;Islas Baleares;Menorca;Maó-Mahón;Llumesanas
-389515;Aragón;Huesca;Loarre;Loarre
-389530;Galicia;La Coruña;Cee;Lobelos
-389532;Galicia;Orense;Lobeira;Lobeira
-389536;Aragón;Zaragoza;Lobera de Onsella;Lobera de Onsella
-389541;Comunidad Valenciana;Alicante;Montesinos, Los;Lo Bigo
-389542;Galicia;Lugo;Sober;Lobios
-389553;Extremadura;Badajoz;Lobón;Lobón
-389562;Andalucía;Granada;Lobras;Lobras
-389564;Andalucía;Granada;Puebla de Don Fadrique;Lóbrega
-389568;Andalucía;Granada;Salobreña;Lobres
-389572;Castilla y León;Soria;Burgo de Osma-Ciudad de Osma;Lodares de Osma
-389577;Islas Canarias;La Gomera;San Sebastián de la Gomera;Lo del Gato
-389579;Islas Canarias;La Palma;Villa de Mazo;Lodero
-389580;Comunidad Foral de Navarra;Comunidad Foral de Navarra;Lodosa;Lodosa
-389585;Galicia;Lugo;Monterroso;Lodoso
-389586;Comunidad de Madrid;Comunidad de Madrid;Loeches;Loeches
-389591;Región de Murcia;Región de Murcia;Murcia;Lo Gea
-389592;Principado de Asturias;Principado de Asturias;Carreño;Logrezana
-389593;La Rioja;La Rioja;Logroño;Logroño
-389596;Extremadura;Cáceres;Logrosán;Logrosán
-389597;Galicia;La Coruña;Ortigueira;Loiba
-389599;Galicia;La Coruña;Valdoviño;Loira
-389602;Galicia;Pontevedra;Ribadumia;Lois
-389603;Castilla y León;León;Crémenes;Lois
-389604;Andalucía;Granada;Loja;Loja
-389606;Región de Murcia;Región de Murcia;Murcia;Lo Jerónimo
-389607;Andalucía;Granada;Montefrío;Lojilla
-389611;Región de Murcia;Región de Murcia;Murcia;Lo León
-389623;Castilla y León;Burgos;Merindad de Montija;Loma de Montija
-389636;Cantabria;Cantabria;Valderredible;Loma Somera
-389639;Galicia;La Coruña;Ribeira;Lomba
-389640;Principado de Asturias;Principado de Asturias;Tapia de Casariego;Lomba
-389645;Cantabria;Cantabria;Polaciones;Lombraña
-389648;Cantabria;Cantabria;Pesaguero;Lomeña
-389649;Región de Murcia;Región de Murcia;Murcia;Lo Mendigo
-389656;Islas Canarias;La Gomera;San Sebastián de la Gomera;Lomito Fragoso y Honduras
-389658;Islas Canarias;Tenerife;Santa Cruz de Tenerife;Lomo Bermejo
-389660;Islas Canarias;Tenerife;Arico;Lomo de Arico
-389667;Islas Canarias;Tenerife;Güímar;Lomo de Mena
-389669;Islas Canarias;La Palma;Barlovento;Lomo Machín
-389670;Islas Canarias;La Palma;Villa de Mazo;Lomo Oscuro
-389672;Islas Canarias;Tenerife;Rosario, El;Lomo Pelado
-389674;Cantabria;Cantabria;Camaleño;Lon
-389676;Galicia;Orense;Nogueira de Ramuín;Loña del Monte
-389682;Principado de Asturias;Principado de Asturias;Coaña;Lóngara
-389684;Aragón;Zaragoza;Longás;Longás
-389691;Región de Murcia;Región de Murcia;San Javier;Lo Pagán
-389694;País Vasco;Álava;Vitoria-Gasteiz;Lopidana
-389697;Aragón;Huesca;Loporzano;Loporzano
-389700;Andalucía;Sevilla;Lora de Estepa;Lora de Estepa
-389701;Andalucía;Sevilla;Lora del Río;Lora del Río
-389708;Región de Murcia;Región de Murcia;Lorca;Lorca
-389709;Comunidad Foral de Navarra;Comunidad Foral de Navarra;Valle de Yerri / Deierri;Lorca
-389710;Comunidad Valenciana;Alicante;Lorcha / Orxa, l';Lorcha
-389714;Cantabria;Cantabria;Ribamontán al Mar;Loredo
-389718;Galicia;Lugo;Lourenzá;Lorenzana
-389719;Galicia;Lugo;Lourenzá;Lorenzana
-389721;Galicia;Pontevedra;Meaño;Lores
-389727;Comunidad Valenciana;Valencia;Riba-roja de Túria;Loriguilla
-389734;Principado de Asturias;Principado de Asturias;Colunga;Loroñe
-389737;Región de Murcia;Región de Murcia;Lorquí;Lorquí
-389749;Comunidad Valenciana;Valencia;Losa del Obispo;Losa del Obispo
-389755;Aragón;Teruel;Castellote;Los Alagones
-389760;Región de Murcia;Región de Murcia;San Pedro del Pinatar;Los Albadalejos
-389761;Región de Murcia;Región de Murcia;Alcázares, Los;Los Alcázares
-389763;Castilla-La Mancha;Albacete;Molinicos;Los Alejos
-389764;Andalucía;Córdoba;Carlota, La;Los Algarbes
-389765;Andalucía;Almería;Sorbas;Los Alias
-389770;Andalucía;Almería;Vera;Los Amarguillos
-389772;Castilla y León;Segovia;Torreiglesias;Losana de Pirón
-389773;Andalucía;Jaén;Santiago-Pontones;Los Anchos
-389783;Región de Murcia;Región de Murcia;Murcia;Los Arcos
-389784;Comunidad Foral de Navarra;Comunidad Foral de Navarra;Arcos, Los;Los Arcos
-389785;Extremadura;Cáceres;Losar de la Vera;Losar de la Vera
-389786;Región de Murcia;Región de Murcia;Águilas;Los Arejos
-389787;Andalucía;Granada;Loja;Los Arenales
-389792;Andalucía;Jaén;Siles;Los Arroyos
-389799;Andalucía;Granada;Gor;Los Balcones
-389800;Islas Canarias;Tenerife;San Cristóbal de La Laguna;Los Baldíos
-389803;Andalucía;Granada;Cortes y Graena;Los Baños
-389804;Región de Murcia;Región de Murcia;Murcia;Baños y Mendigo
-389805;Región de Murcia;Región de Murcia;Mula;Los Baños
-389807;Región de Murcia;Región de Murcia;Abanilla;Los Baños
-389819;Andalucía;Cádiz;Barrios, Los;Los Barrios
-389825;Islas Canarias;La Palma;Paso, El;Los Barros
-389830;Región de Murcia;Región de Murcia;Cartagena;Los Belones
-389833;Andalucía;Almería;Albox;Los Blases
-389836;Andalucía;Huelva;Aroche;Los Bravos
-389840;Región de Murcia;Región de Murcia;San Javier;Los Buenos
-389842;Principado de Asturias;Principado de Asturias;Pravia;Los Cabos
-389843;Andalucía;Almería;Vélez-Rubio;Los Cabreras
-389847;Principado de Asturias;Principado de Asturias;Llanes;Los Callejos
-389849;Andalucía;Almería;Huércal-Overa;Los Camachos
-389856;Islas Canarias;Tenerife;Santa Cruz de Tenerife;Los Campitos
-389860;Principado de Asturias;Principado de Asturias;Corvera de Asturias;Los Campos
-389861;Principado de Asturias;Principado de Asturias;Llanes;Los Cándanos
-389863;Andalucía;Cádiz;Barbate;Los Caños de Meca
-389867;Región de Murcia;Región de Murcia;Alhama de Murcia;Los Cantareros
-389870;Andalucía;Almería;Pulpí;Los Caparroses
-389873;Andalucía;Granada;Gualchos;Los Carlos
-389878;Principado de Asturias;Principado de Asturias;Llanes;Los Carriles
-389881;Andalucía;Granada;Castilléjar;Los Carriones
-389882;Islas Canarias;Tenerife;Buenavista del Norte;Los Carrizales
-389892;Región de Murcia;Región de Murcia;Cartagena;Los Celdranes
-389895;Aragón;Teruel;Manzanera;Los Cerezos
-389896;Castilla-La Mancha;Toledo;Cerralbos, Los;Los Cerralbos
-389898;Andalucía;Almería;Níjar;Los Cerrillos
-389908;Castilla-La Mancha;Albacete;Robledo;Los Chospes
-389912;Comunidad Valenciana;Valencia;Venta del Moro;Los Cojos
-389919;Andalucía;Sevilla;Corrales, Los;Los Corrales
-389920;Comunidad Valenciana;Valencia;Utiel;Los Corrales
-389922;Cantabria;Cantabria;Corrales de Buelna, Los;Los Corrales de Buelna
-389923;Región de Murcia;Región de Murcia;San Javier;Los Cortados
-389925;Andalucía;Málaga;Alcaucín;Los Cortijillos
-389927;Castilla y León;Segovia;Duruelo;Los Cortos
-389931;Islas Canarias;Tenerife;Arona;Los Cristianos
-389932;Castilla y León;Ávila;Santa María de los Caballeros;Los Cuartos
-389933;Región de Murcia;Región de Murcia;Lorca;Los Curas
-389939;Andalucía;Granada;Rubite;Los Díaz
-389940;Región de Murcia;Región de Murcia;Cartagena;Los Díaz
-389946;Galicia;Lugo;Sarria;Loseiro
-389953;Andalucía;Almería;Níjar;Los Escullos
-389954;Castilla y León;León;Boca de Huérgano;Los Espejos de la Reina
-389959;Aragón;Zaragoza;Fayos, Los;Los Fayos
-389965;Andalucía;Almería;Gallardos, Los;Los Gallardos
-389974;Islas Canarias;Tenerife;Arico;Los Gavilanes
-389980;Región de Murcia;Región de Murcia;San Pedro del Pinatar;Los Gómez
-389982;Región de Murcia;Región de Murcia;Moratalla;Los Granadicos
-389985;Región de Murcia;Región de Murcia;Fuente Álamo de Murcia;Los Guerreros
-389991;Islas Canarias;Tenerife;Güímar;Los Guirres
-389997;Andalucía;Almería;Arboleas;Los Higuerales
-389998;Castilla-La Mancha;Cuenca;Hinojosos, Los;Los Hinojosos
-390003;Castilla-La Mancha;Cuenca;Moya;Los Huertos
-390011;Región de Murcia;Región de Murcia;Torre-Pacheco;Los Infiernos
-390028;Islas Canarias;El Hierro;Frontera;Los Llanillos
-390034;Islas Canarias;Tenerife;Tanque, El;Los Llanos
-390036;Andalucía;Granada;Salar;Los Llanos
-390037;Andalucía;Almería;Zurgena;Los Llanos
-390045;Islas Canarias;La Palma;Llanos de Aridane, Los;Los Llanos de Aridane
-390047;Andalucía;Córdoba;Priego de Córdoba;Los Llanos de Rueda
-390048;Castilla y León;Ávila;Llanos de Tormes, Los;Los Llanos de Tormes
-390049;Cantabria;Cantabria;San Vicente de la Barquera;Los Llaós
-390058;Región de Murcia;Región de Murcia;Murcia;Los López
-390059;Comunidad Valenciana;Alicante;Orihuela;Los López
-390060;Región de Murcia;Región de Murcia;San Pedro del Pinatar;Los Lorcas
-390063;Castilla y León;Ávila;Solana de Ávila;Los Loros
-390066;Región de Murcia;Región de Murcia;Cartagena;Los Madriles
-390068;Andalucía;Huelva;Alájar;Los Madroñeros
-390079;Andalucía;Jaén;Torres de Albánchez;Los Maridos
-390080;Andalucía;Huelva;Marines, Los;Los Marines
-390084;Región de Murcia;Región de Murcia;Torre-Pacheco;Los Martínez
-390088;Comunidad Valenciana;Valencia;Gandia;Los Mártires
-390093;Andalucía;Granada;Almuñécar;Los Mateos
-390097;Galicia;Lugo;Baralla;Los Mazos
-390101;Andalucía;Almería;Serón;Los Menas
-390102;Andalucía;Almería;Huércal-Overa;Los Menas
-390107;Islas Canarias;El Hierro;Frontera;Los Mocanes
-390113;Comunidad de Madrid;Comunidad de Madrid;Molinos, Los;Los Molinos
-390114;Cataluña;Lérida;Torre de Cabdella, La;Los Molinos
-390115;Aragón;Huesca;Pueyo de Araguás, El;Los Molinos
-390118;La Rioja;La Rioja;Ocón;Los Molinos de Ocón
-390123;Comunidad Valenciana;Alicante;Montesinos, Los;Los Montesinos
-390129;Andalucía;Granada;Arenas del Rey;Los Morales
-390142;Región de Murcia;Región de Murcia;San Javier;Los Narejos
-390143;Castilla y León;Ávila;Umbrías;Los Narros
-390144;Castilla-La Mancha;Toledo;Navalmorales, Los;Los Navalmorales
-390145;Castilla-La Mancha;Toledo;Navalucillos, Los;Los Navalucillos
-390149;Región de Murcia;Región de Murcia;Cartagena;Los Nietos
-390163;Castilla-La Mancha;Albacete;Socovos;Los Olmos
-390173;Comunidad Valenciana;Alicante;Formentera del Segura;Los Palacios
-390174;Andalucía;Sevilla;Palacios y Villafranca, Los;Los Palacios y Villafranca
-390178;Andalucía;Córdoba;Fuente Obejuna;Los Pánchez
-390179;Cantabria;Cantabria;Luena;Los Pandos
-390186;Aragón;Teruel;San Agustín;Los Pastores
-390210;Cataluña;Barcelona;Castelldefels;Los Pinares
-390211;Islas Canarias;Tenerife;San Cristóbal de La Laguna;Los Pinos
-390215;Región de Murcia;Región de Murcia;Cartagena;Los Piñuelas
-390221;Principado de Asturias;Principado de Asturias;Valdés;Los Pontones
-390234;Región de Murcia;Región de Murcia;Torres de Cotillas, Las;Los Pulpites
-390237;Islas Canarias;La Palma;Fuencaliente de la Palma;Los Quemados
-390238;Castilla-La Mancha;Ciudad Real;Malagón;Los Quiles
-390241;Principado de Asturias;Principado de Asturias;Mieres;Los Quintanales
-390243;Castilla y León;Soria;Rábanos, Los;Los Rábanos
-390254;Islas Canarias;La Palma;Tijarafe;Los Riveroles
-390256;Región de Murcia;Región de Murcia;Torre-Pacheco;Los Rocas
-390264;Andalucía;Huelva;Jabugo;Los Romeros
-390267;Andalucía;Sevilla;Mairena del Aljarafe;Los Rosales
-390268;Andalucía;Sevilla;Villanueva del Río y Minas;Los Rosales
-390269;Andalucía;Jaén;Quesada;Los Rosales
-390284;Comunidad Valenciana;Valencia;Castielfabib;Los Santos
-390285;Castilla y León;Salamanca;Santos, Los;Los Santos
-390286;Comunidad de Madrid;Comunidad de Madrid;Santos de la Humosa, Los;Los Santos de la Humosa
-390287;Extremadura;Badajoz;Santos de Maimona, Los;Los Santos de Maimona
-390290;Islas Canarias;La Palma;San Andrés y Sauces;Los Sauces
-390296;Islas Canarias;Tenerife;Silos, Los;Los Silos
-390302;Andalucía;Granada;Motril;Los Tablones
-390303;Andalucía;Granada;Órgiva;Los Tablones
-390305;Andalucía;Jaén;Santiago-Pontones;Los Teatinos
-390311;Cantabria;Cantabria;Tojos, Los;Los Tojos
-390312;Región de Murcia;Región de Murcia;Torre-Pacheco;Los Tomases
-390317;Andalucía;Almería;Vélez-Rubio;Los Torrentes
-390323;Andalucía;Almería;Níjar;Los Tristanes
-390327;Región de Murcia;Región de Murcia;Cartagena;Los Urrutias
-390329;Andalucía;Málaga;Viñuela;Los Vados
-390334;Islas Canarias;Lanzarote;Teguise;Los Valles
-390337;Andalucía;Málaga;Sedella;Los Valverde
-390350;Andalucía;Granada;Peza, La;Los Villares
-390351;Andalucía;Jaén;Villares, Los;Los Villares
-390352;Andalucía;Jaén;Andújar;Los Villares
-390353;Castilla y León;Soria;Villares de Soria, Los;Los Villares de Soria
-390357;Castilla-La Mancha;Toledo;Yébenes, Los;Los Yébenes
-390360;Andalucía;Almería;Tabernas;Los Yesos
-390364;Galicia;Pontevedra;Mondariz;Lougares
-390394;Galicia;La Coruña;Muros;Louro
-390405;Galicia;La Coruña;Lousame;Lousame
-390409;Galicia;Orense;Lobios;Lobios
-390414;País Vasco;Guipúzcoa;Donostia / San Sebastián;Loyola
-390421;Castilla y León;Burgos;Valle de Tobalina;Lozares de Tobalina
-390423;Comunidad de Madrid;Comunidad de Madrid;Lozoya;Lozoya
-390426;Comunidad de Madrid;Comunidad de Madrid;Lozoyuela-Navas-Sieteiglesias;Lozoyuela
-390428;Galicia;Lugo;Pol;Luaces
-390431;Principado de Asturias;Principado de Asturias;Gozón;Luanco
-390433;Principado de Asturias;Principado de Asturias;Valdés;Luarca
-390434;Cantabria;Cantabria;Cillorigo de Liébana;Lubayo
-390437;Castilla y León;Zamora;Lubián;Lubián
-390438;País Vasco;Álava;Vitoria-Gasteiz;Lubiano
-390440;Andalucía;Almería;Lubrín;Lubrín
-390444;Andalucía;Almería;Lucainena de las Torres;Lucainena de las Torres
-390448;Andalucía;Córdoba;Lucena;Lucena
-390453;Comunidad Valenciana;Castellón;Llucena / Lucena del Cid;Lucena del Cid
-390454;Andalucía;Huelva;Lucena del Puerto;Lucena del Puerto
-390458;Principado de Asturias;Principado de Asturias;Colunga;Luces
-390459;País Vasco;Vizcaya;Barakaldo;Luchana
-390462;Comunidad Valenciana;Valencia;Llutxent;Luchente
-390470;Castilla-La Mancha;Toledo;Lucillos;Lucillos
-390473;País Vasco;Álava;Arratzua-Ubarrundia;Luco
-390474;Aragón;Teruel;Castellote;Luco de Bordón
-390479;Principado de Asturias;Principado de Asturias;Colunga;Lué
-390481;Castilla y León;Zamora;Luelmo;Luelmo
-390485;Aragón;Zaragoza;Luesia;Luesia
-390489;Cantabria;Cantabria;Val de San Vicente;Luey
-390496;Principado de Asturias;Principado de Asturias;Morcín;Lugar de Arriba
-390498;Principado de Asturias;Principado de Asturias;Siero;Lugarín
-390501;Comunidad Valenciana;Valencia;Llocnou de la Corona;Lugar Nuevo de la Corona
-390503;Principado de Asturias;Principado de Asturias;Villaviciosa;Lugás
-390505;Galicia;Lugo;Lugo;Lugo
-390508;Principado de Asturias;Principado de Asturias;Siero;Lugones
-390510;Castilla y León;León;Valdelugueros;Lugueros
-390515;Andalucía;Granada;Lújar;Lújar
-390518;Comunidad Foral de Navarra;Comunidad Foral de Navarra;Lumbier;Lumbier
-390519;Castilla y León;Salamanca;Lumbrales;Lumbrales
-390520;Región de Murcia;Región de Murcia;Puerto Lumbreras;Puerto Lumbreras
-390521;La Rioja;La Rioja;Lumbreras;Lumbreras
-390525;Aragón;Zaragoza;Lumpiaque;Lumpiaque
-390526;Aragón;Zaragoza;Luna;Luna
-390530;Galicia;La Coruña;Teo;Luou
-390532;Castilla-La Mancha;Guadalajara;Lupiana;Lupiana
-390533;Aragón;Huesca;Lupiñén-Ortilla;Lupiñén
-390536;Andalucía;Córdoba;Luque;Luque
-390537;País Vasco;Álava;Zuia;Luquiano
-390540;Cantabria;Cantabria;Cabezón de Liébana;Luriezo
-390542;Cantabria;Cantabria;Villaescusa;Lusa
-390545;País Vasco;Álava;Ayala / Aiara;Luyando
-390546;Castilla y León;León;Luyego;Luyego de Somoza
-390552;Castilla-La Mancha;Guadalajara;Luzaga;Luzaga
-390554;Cantabria;Cantabria;Mazcuerras;Luzmela
-390556;País Vasco;Álava;San Millán / Donemiliaga;Luzuriaga
-390561;Andalucía;Almería;Macael;Macael
-390562;Comunidad Valenciana;Valencia;Macastre;Macastre
-390563;Galicia;Orense;Maceda;Maceda
-390571;Galicia;La Coruña;Carnota;Maceiras
-390575;Castilla y León;Salamanca;Machacón;Machacón
-390578;Andalucía;Málaga;Macharaviaya;Macharaviaya
-390579;Andalucía;Cádiz;Jerez de la Frontera;Macharnudo Alto
-390581;Islas Canarias;Lanzarote;Tías;Mácher
-390588;Región de Murcia;Región de Murcia;Abanilla;Macisvenda
-390606;Castilla y León;Segovia;Maderuelo;Maderuelo
-390608;Comunidad Foral de Navarra;Comunidad Foral de Navarra;Larraun;Madoz
-390623;Cataluña;Gerona;Madremanya;Madremanya
-390625;Comunidad de Madrid;Comunidad de Madrid;Madrid;Madrid
-390631;Castilla-La Mancha;Toledo;Madridejos;Madridejos
-390633;Castilla y León;Ávila;Madrigal de las Altas Torres;Madrigal de las Altas Torres
-390634;Extremadura;Cáceres;Madrigal de la Vera;Madrigal de la Vera
-390636;Extremadura;Cáceres;Madrigalejo;Madrigalejo
-390639;Castilla y León;Segovia;Riaza;Madriguera
-390640;Andalucía;Cádiz;Algodonales;Madrigueras
-390644;Castilla y León;Segovia;Segovia;Madrona
-390648;Castilla y León;Salamanca;Madroñal;Madroñal
-390653;Extremadura;Cáceres;Madroñera;Madroñera
-390661;Aragón;Zaragoza;Maella;Maella
-390662;Castilla y León;Ávila;Maello;Maello
-390665;País Vasco;Álava;Arraia-Maeztu;Maestu
-390669;Extremadura;Badajoz;Magacela;Magacela
-390671;Aragón;Zaragoza;Magallón;Magallón
-390674;Castilla-La Mancha;Toledo;Magán;Magán
-390675;Castilla y León;Soria;Magaña;Magaña
-390680;Castilla y León;Palencia;Magaz de Pisuerga;Magaz De Pisuerga
-390687;Galicia;Pontevedra;Forcarei;Magdalena
-390688;Galicia;La Coruña;Pobra do Caramiñal, A;Magdalena
-390707;Islas Canarias;Lanzarote;Haría;Máguez
-390716;Islas Baleares;Menorca;Maó-Mahón;Mahón
-390720;Cantabria;Cantabria;Camargo;Maoño
-390721;Castilla-La Mancha;Albacete;Mahora;Mahora
-390722;Comunidad Valenciana;Valencia;Albalat dels Sorells;Mahuella
-390736;Andalucía;Granada;Nevada;Mairena
-390738;Andalucía;Sevilla;Mairena del Alcor;Mairena del Alcor
-390739;Andalucía;Sevilla;Mairena del Aljarafe;Mairena del Aljarafe
-390747;Comunidad de Madrid;Comunidad de Madrid;Majadahonda;Majadahonda
-390753;Castilla-La Mancha;Guadalajara;Majaelrayo;Majaelrayo
-390758;Andalucía;Córdoba;Córdoba;Majaneque
-390774;Islas Canarias;Lanzarote;Haría;Mala
-390787;Andalucía;Málaga;Málaga;Málaga
-390792;Castilla-La Mancha;Ciudad Real;Malagón;Malagón
-390801;Aragón;Zaragoza;Malanquilla;Malanquilla
-390807;Principado de Asturias;Principado de Asturias;Llanes;Malatería
-390813;Cataluña;Lérida;Maldà;Maldà
-390819;Cantabria;Cantabria;Camargo;Maliaño
-390822;Castilla y León;Zamora;Pereruela;Malillos
-390824;Cataluña;Barcelona;Malla;Malla
-390828;País Vasco;Vizcaya;Mallabia;Mallavia
-390831;Principado de Asturias;Principado de Asturias;Salas;Mallecina
-390833;Principado de Asturias;Principado de Asturias;Pravia;Malleza
-390835;Cataluña;Gerona;Vall d'en Bas, La;El Mallol
-390841;Galicia;La Coruña;Carnota;Mallou
-390848;Aragón;Zaragoza;Malón;Malón
-390854;Islas Canarias;La Palma;Villa de Mazo;Malpaíses
-390856;Extremadura;Cáceres;Malpartida de Cáceres;Malpartida de Cáceres
-390858;Extremadura;Badajoz;Castuera;Malpartida de la Serena
-390859;Extremadura;Cáceres;Malpartida de Plasencia;Malpartida de Plasencia
-390869;Castilla-La Mancha;Toledo;Malpica de Tajo;Malpica
-390870;Galicia;La Coruña;Malpica de Bergantiños;Malpica de Bergantiños
-390876;Aragón;Zaragoza;Maluenda;Maluenda
-390879;Galicia;Pontevedra;Tui;Malvas
-390894;Castilla y León;Zamora;Fariza;Mámoles
-390898;Islas Baleares;Mallorca;Manacor;Manacor
-390905;País Vasco;Vizcaya;Mañaria;Mañaria
-390911;Andalucía;Jaén;Mancha Real;Mancha Real
-390923;Islas Baleares;Mallorca;Mancor de la Vall;Mancor del Valle
-390925;País Vasco;Vizcaya;Meñaka;Mandaluniz
-390927;Castilla-La Mancha;Guadalajara;Mandayona;Mandayona
-390941;Castilla y León;Zamora;Manganeses de la Lampreana;Manganeses de la Lampreana
-390942;Castilla y León;Zamora;Santa Cristina de la Polvorosa;Manganeses de la Polvorosa
-390948;Andalucía;Málaga;Manilva;Manilva
-390953;Comunidad Valenciana;Valencia;Manises;Manises
-390954;Castilla y León;Ávila;Manjabálago y Ortigosa de Rioalmar;Manjabálago
-390958;Comunidad de Madrid;Comunidad de Madrid;Puentes Viejas;Manjirón
-390959;Principado de Asturias;Principado de Asturias;Oviedo;Manjoya
-390961;Cataluña;Barcelona;Manlleu;Manlleu
-390964;Galicia;La Coruña;Mañón;Mañón
-390967;Cataluña;Barcelona;Manresa;Manresa
-390974;Castilla y León;León;Mansilla de las Mulas;Mansilla de las Mulas
-390976;Castilla y León;León;Mansilla Mayor;Mansilla Mayor
-390979;Galicia;La Coruña;Irixoa;Mántaras
-390981;Castilla-La Mancha;Guadalajara;Mantiel;Mantiel
-390983;Galicia;La Coruña;Porto do Son;Mantoño
-390986;Comunidad Valenciana;Valencia;Manuel;Manuel
-390987;Galicia;Pontevedra;Gondomar;Mañufe
-390988;País Vasco;Álava;Zigoitia;Manurga
-390994;Castilla y León;Zamora;Manzanal de Arriba;Manzanal de Arriba
-390996;Castilla y León;Zamora;Manzanal de los Infantes;Manzanal de los Infantes
-390997;Castilla y León;León;Villagatón;Manzanal del Puerto
-390998;Castilla-La Mancha;Ciudad Real;Manzanares;Manzanares
-391004;Comunidad de Madrid;Comunidad de Madrid;Manzanares el Real;Manzanares el Real
-391007;Galicia;Orense;Manzaneda;Manzaneda
-391010;Principado de Asturias;Principado de Asturias;Gozón;Manzaneda
-391017;Castilla y León;León;Ponferrada;Manzanedo de Valdueza
-391018;Castilla-La Mancha;Toledo;Manzaneque;Manzaneque
-391020;Aragón;Teruel;Manzanera;Manzanera
-391023;Andalucía;Huelva;Manzanilla;Manzanilla
-391036;País Vasco;Álava;Ribera Baja / Erribera Beitia;Manzanos
-391047;Comunidad Foral de Navarra;Comunidad Foral de Navarra;Ezcabarte;Maquirriain
-391048;Cantabria;Cantabria;Polanco;Mar
-391049;Principado de Asturias;Principado de Asturias;Villaviciosa;Mar
-391057;Andalucía;Granada;Maracena;Maracena
-391060;Castilla y León;León;Maraña;Maraña
-391075;Castilla y León;Segovia;Marazuela;Marazuela
-391076;Andalucía;Málaga;Marbella;Marbella
-391080;País Vasco;Vizcaya;Mungia;Marcaida
-391086;Galicia;Lugo;Monforte de Lemos;Marcelle
-391089;Aragón;Teruel;Foz-Calanda;Marcén
-391091;Extremadura;Cáceres;Marchagaz;Marchagaz
-391092;Andalucía;Granada;Marchal;Marchal
-391098;Andalucía;Sevilla;Marchena;Marchena
-391099;Andalucía;Jaén;Santiago-Pontones;Marchena
-391100;Andalucía;Cádiz;Jimena de la Frontera;Marchenilla
-391104;Comunidad Valenciana;Valencia;Gandia;Marxuquera
-391106;Comunidad Foral de Navarra;Comunidad Foral de Navarra;Marcilla;Marcilla
-391110;Galicia;Pontevedra;Pontevedra;Marcón
-391111;Principado de Asturias;Principado de Asturias;Laviana;Mardana
-391114;Cataluña;Gerona;Tallada d'Empordà, La;Mareñá
-391116;Comunidad Valenciana;Valencia;Sueca;Mareny de Barraquetes (Mareny de Barraquetas)
-391117;Comunidad Valenciana;Valencia;Cullera;Mareny de San Lorenzo
-391118;Principado de Asturias;Principado de Asturias;Gijón;Mareo de Abajo
-391119;Principado de Asturias;Principado de Asturias;Gijón;Mareo de Arriba
-391127;Cataluña;Tarragona;Margalef;Margalef
-391131;Comunidad Valenciana;Alicante;Planes;Margarida
-391134;Andalucía;Granada;Cúllar;Margen de Abajo
-391135;Andalucía;Granada;Cúllar;Margen de Arriba
-391136;Principado de Asturias;Principado de Asturias;Cangas de Onís;Margolles
-391137;Aragón;Huesca;Boltaña;Margudgued
-391138;Andalucía;Almería;María;María
-391144;Aragón;Zaragoza;María de Huerva;María de Huerva
-391145;Islas Baleares;Mallorca;Maria de la Salut;Maria de la Salut
-391147;Islas Canarias;Tenerife;Santa Cruz de Tenerife;María Jiménez
-391151;Principado de Asturias;Principado de Asturias;Villaviciosa;Marianes
-391168;Galicia;Pontevedra;Marín;Marín
-391169;Galicia;Pontevedra;Marín;Marín
-391171;Cataluña;Tarragona;Cambrils;Marina
-391176;Comunidad Valenciana;Valencia;Marines;Marines
-391188;Castilla-La Mancha;Toledo;Marjaliza;Marjaliza
-391199;Andalucía;Jaén;Marmolejo;Marmolejo
-391203;Andalucía;Málaga;Nerja;Maro
-391208;Andalucía;Jaén;Andújar;Maroteras
-391216;País Vasco;Vizcaya;Markina-Xemein;Marquina
-391217;País Vasco;Vizcaya;Markina-Xemein;Markina-Jemein
-391219;Galicia;La Coruña;Pino, O;Marquiño
-391228;Islas Baleares;Mallorca;Santa María del Camí;Marratxi
-391231;Cantabria;Cantabria;Ampuero;Marrón
-391241;Cataluña;Tarragona;Marçà;Marçà
-391242;Cataluña;Gerona;Pedret i Marzà;Marsá
-391251;Castilla y León;Ávila;Martiherrero;Martiherrero
-391252;Galicia;Pontevedra;Silleda;Martije
-391253;Extremadura;Cáceres;Nuñomoral;Martilandrán
-391258;Galicia;La Coruña;Ribeira;Martín
-391265;Castilla y León;Salamanca;Martinamor;Martinamor
-391267;Andalucía;Sevilla;Martín de la Jara;Martín de la Jara
-391268;Aragón;Teruel;Martín del Río;Martín del Río
-391274;Cataluña;Lérida;Montellà i Martinet;Martinet
-391281;Castilla y León;Segovia;Martín Miguel;Martín Miguel
-391285;Castilla y León;Segovia;Martín Muñoz de las Posadas;Martín Muñoz de las Posadas
-391294;Cataluña;Barcelona;Martorell;Martorell
-391295;Cataluña;Barcelona;Sant Fost de Campsentelles;Martorellas
-391296;Andalucía;Jaén;Martos;Martos
-391306;Islas Canarias;Gran Canaria;Palmas de Gran Canaria, Las;Marzagán
-391324;Comunidad Valenciana;Valencia;Massamagrell;Masalfasar
-391325;Comunidad Valenciana;Valencia;Massamagrell;Massamagrell
-391326;Comunidad Valenciana;Valencia;Massanassa;Massanassa
-391327;Cataluña;Gerona;Masarac;Masarac
-391333;Cataluña;Tarragona;Vandellòs i l'Hospitalet de l'Infant;Mas Boquera
-391334;Islas Canarias;Tenerife;Buenavista del Norte;Masca
-391336;Castilla-La Mancha;Toledo;Mascaraque;Mascaraque
-391339;Comunidad Valenciana;Castellón;Nules;Mascarell
-391341;Islas Canarias;Lanzarote;San Bartolomé;Masdache
-391347;Cataluña;Tarragona;Mas de Barberans;Mas de Barberans
-391349;Comunidad Valenciana;Castellón;Vall d'Alba;Mas de Catalá
-391352;Comunidad Valenciana;Valencia;Castielfabib;Mas de Jacinto
-391355;Aragón;Teruel;Mas de las Matas;Mas de las Matas
-391359;Comunidad Valenciana;Castellón;Vall d'Alba;Mas del Ventero
-391361;Comunidad Valenciana;Castellón;Salzadella, la;Mas d?en Rieres
-391363;Cataluña;Tarragona;Masdenverge;Masdenverge
-391368;Castilla-La Mancha;Albacete;Masegoso;Masegoso
-391378;Comunidad Valenciana;Alicante;Torremanzanas / Torre de les Maçanes, la;Masets
-391380;Comunidad Valenciana;Valencia;Chiva;Masía Aldamar
-391399;Comunidad Valenciana;Valencia;Quart de Poblet;Masía del Juez
-391405;Comunidad Valenciana;Castellón;Vilafamés;Masía de Mollet
-391416;Comunidad Valenciana;Castellón;Castelló de la Plana;Masía Vilarrelo
-391418;Galicia;Orense;Maside;Maside
-391421;Cataluña;Tarragona;Masllorenç;Masllorens
-391424;Cataluña;Barcelona;Masnou, El;El Masnou
-391427;Cataluña;Lérida;Massoteres;Massoteres
-391429;Islas Canarias;Gran Canaria;San Bartolomé de Tirajana;Maspalomas
-391431;Cataluña;Tarragona;Maspujols;Maspujols
-391433;Cataluña;Barcelona;Masquefa;Masquefa
-391434;Cataluña;Tarragona;Vandellòs i l'Hospitalet de l'Infant;Masriudoms
-391435;Cataluña;Tarragona;Masroig, El;Masroig
-391437;Cataluña;Gerona;Massanes;Massanes
-391438;Cataluña;Barcelona;Saldes;Macaners
-391440;Cataluña;Gerona;Maçanet de la Selva;Maçanet de la Selva
-391444;Castilla y León;Salamanca;Masueco;Masueco
-391454;Andalucía;Jaén;Huelma;Mata Bejid
-391457;Castilla y León;Segovia;Matabuena;Matabuena
-391462;Extremadura;Cáceres;Mata de Alcántara;Mata de Alcántara
-391463;Castilla y León;Segovia;Mata de Cuéllar;Mata de Cuéllar
-391470;Cataluña;Barcelona;Matadepera;Matadepera
-391471;Castilla y León;Segovia;Cabañas de Polendos;Mata de Quintanar
-391474;Comunidad de Madrid;Comunidad de Madrid;Boalo, El;Mataelpino
-391485;Castilla y León;Soria;Matalebreras;Matalebreras
-391487;Región de Murcia;Región de Murcia;Águilas;Matalentisco
-391499;Galicia;Orense;Laza;Matamá
-391506;Cantabria;Cantabria;Campoo de Enmedio;Matamorosa
-391508;Extremadura;Badajoz;Puebla de Sancho Pérez;Matanegra
-391522;Castilla y León;Valladolid;Matapozuelos;Matapozuelos
-391524;Cataluña;Barcelona;Mataró;Mataró
-391529;Castilla-La Mancha;Guadalajara;Matarrubia;Matarrubia
-391551;Comunidad Valenciana;Castellón;Matet;Matet
-391557;Cantabria;Cantabria;Ruesga;Matienzo
-391566;Castilla-La Mancha;Guadalajara;Matillas;Matillas
-391575;Comunidad Valenciana;Alicante;Elche / Elx;Matola
-391581;Castilla y León;León;Garrafe de Torío;Matueca de Torío
-391582;País Vasco;Álava;Barrundia;Maturana
-391585;Castilla y León;Soria;Almarza;Matute de la Sierra
-391591;Galicia;Orense;Muíños;Maus de Salas
-391592;Castilla y León;Palencia;Aguilar de Campoo;Mave
-391594;Comunidad Foral de Navarra;Comunidad Foral de Navarra;Baztan;Maya del Baztán
-391596;Cataluña;Lérida;Maials;Mayals
-391629;Andalucía;Huelva;Moguer;Mazagón
-391637;Castilla-La Mancha;Toledo;Mazarambroz;Mazarambroz
-391640;Galicia;La Coruña;Mazaricos;Mazaricos
-391644;Región de Murcia;Región de Murcia;Mazarrón;Mazarrón
-391652;Islas Canarias;La Palma;Villa de Mazo;Mazo
-391663;Castilla-La Mancha;Guadalajara;Mazuecos;Mazuecos
-391676;Galicia;Pontevedra;Meaño;Meaño
-391681;Castilla y León;Burgos;Mecerreyes;Mecerreyes
-391683;País Vasco;Vizcaya;Errigoiti;Mechicas
-391685;Andalucía;Granada;Válor;Mecina Alfahar
-391686;Andalucía;Granada;Alpujarra de la Sierra;Mecina Bombarón
-391687;Andalucía;Granada;Taha, La;Mecina Fondales
-391689;Comunidad de Madrid;Comunidad de Madrid;Meco;Meco
-391701;Extremadura;Badajoz;Medellín;Medellín
-391702;Galicia;Pontevedra;Salvaterra de Miño;Meder
-391705;Andalucía;Almería;Vera;Media Legua
-391711;Castilla y León;Ávila;Mediana de Voltoya;Mediana de Voltoya
-391715;Aragón;Huesca;La Fueva;Mediano
-391721;Principado de Asturias;Principado de Asturias;Llanes;Mediavilla
-391727;Castilla y León;Soria;Medinaceli;Medinaceli
-391728;Extremadura;Badajoz;Medina de las Torres;Medina de las Torres
-391729;Castilla y León;Valladolid;Medina del Campo;Medina del Campo
-391730;Castilla y León;Burgos;Medina de Pomar;Medina de Pomar
-391731;Castilla y León;Valladolid;Medina de Rioseco;Medina de Ríoseco
-391732;Andalucía;Cádiz;Medina-Sidonia;Medina Sidonia
-391733;Castilla y León;Ávila;Medinilla;Medinilla
-391743;Cataluña;Barcelona;Mediona;Mediona
-391745;Galicia;Lugo;Nogais, As;Medo
-391748;Castilla-La Mancha;Guadalajara;Medranda;Medranda
-391749;La Rioja;La Rioja;Medrano;Medrano
-391752;Castilla-La Mancha;Guadalajara;Megina;Megina
-391757;Galicia;Lugo;Palas de Rei;Meijide
-391762;Galicia;Pontevedra;Moaña;Meira
-391763;Galicia;Lugo;Meira;Meira
-391769;Galicia;La Coruña;Valdoviño;Meirás
-391772;Principado de Asturias;Principado de Asturias;Coaña;Meiro
-391775;Galicia;Pontevedra;Meis;Meis
-391776;Galicia;Pontevedra;Meis;Meis
-391783;Castilla-La Mancha;Toledo;Mejorada;Mejorada
-391785;Comunidad de Madrid;Comunidad de Madrid;Mejorada del Campo;Mejorada del Campo
-391786;Principado de Asturias;Principado de Asturias;Piloña;Melarde
-391787;Andalucía;Granada;Valle, El;Melegís
-391788;Islas Canarias;Gran Canaria;Telde;Melenara
-391791;Principado de Asturias;Principado de Asturias;Nava;Melendreros
-391796;Castilla y León;Burgos;Melgar de Fernamental;Melgar de Fernamental
-391803;Comunidad Valenciana;Valencia;Meliana;Meliana
-391804;Galicia;Orense;Pereiro de Aguiar, O;Melias
-391806;Andalucía;Granada;Sorvilán;Melicena
-391807;Castilla y León;Valladolid;Peñafiel;Mélida
-391808;Comunidad Foral de Navarra;Comunidad Foral de Navarra;Mélida;Mélida
-391809;Melilla;Melilla;Melilla;Melilla
-391813;Galicia;La Coruña;Melide;Mellid
-391816;Galicia;Orense;Melón;Melón
-391820;Castilla y León;Segovia;Melque de Cercos;Melque
-391821;Principado de Asturias;Principado de Asturias;Ribadesella;Meluerda
-391825;Castilla-La Mancha;Ciudad Real;Membrilla;Membrilla
-391832;Extremadura;Cáceres;Membrío;Membrío
-391836;País Vasco;Álava;Ayala / Aiara;Menagaray
-391840;Castilla-La Mancha;Toledo;Menasalbas;Menasalbas
-391841;Castilla y León;Palencia;Aguilar de Campoo;Menaza
-391845;País Vasco;Guipúzcoa;Mendaro;Mendaro
-391848;Comunidad Foral de Navarra;Comunidad Foral de Navarra;Mendavia;Mendavia
-391849;Comunidad Foral de Navarra;Comunidad Foral de Navarra;Mendaza;Mendaza
-391850;País Vasco;Vizcaya;Urduña / Orduña;Mendeica
-391855;Comunidad Foral de Navarra;Comunidad Foral de Navarra;Mendigorría;Mendigorría
-391857;País Vasco;Álava;Barrundia;Mendijur
-391864;País Vasco;Vizcaya;Plentzia;Mendiondo
-391866;Comunidad Foral de Navarra;Comunidad Foral de Navarra;Olóriz / Oloritz;Mendívil
-391880;Castilla y León;Ávila;Mengamuñoz;Mengamuñoz
-391881;Andalucía;Jaén;Mengíbar;Mengíbar
-391893;Galicia;La Coruña;Malpica de Bergantiños;Malpica de Bergantiños
-391896;Cantabria;Cantabria;Ruesga;Mentera-Barruelo
-391898;Castilla-La Mancha;Toledo;Méntrida;Méntrida
-391900;Comunidad Foral de Navarra;Comunidad Foral de Navarra;Lónguida / Longida;Meoz
-391901;Aragón;Zaragoza;Mequinenza;Mequinenza
-391906;Galicia;La Coruña;Ortigueira;Mera de arriba
-391910;Principado de Asturias;Principado de Asturias;Valdés;Merás
-391911;Islas Baleares;Menorca;Mercadal, Es;Es Mercadal
-391925;Principado de Asturias;Principado de Asturias;Llanes;Meré
-391927;Galicia;La Coruña;Muxía;Merejo
-391928;Galicia;La Coruña;Noia;A Igrexa
-391934;Extremadura;Badajoz;Mérida;Mérida
-391935;Cantabria;Cantabria;San Roque de Riomiera;Merilla
-391936;Galicia;Lugo;Ourol;Merille
-391946;Principado de Asturias;Principado de Asturias;Peñamellera Baja;Merodio
-391948;Principado de Asturias;Principado de Asturias;Boal;Merou
-391952;Galicia;Pontevedra;Vila de Cruces;Merza
-391963;Extremadura;Cáceres;Pinofranqueado;Mesegal
-391964;Castilla-La Mancha;Toledo;Mesegar de Tajo;Mesegar
-391967;Castilla y León;Ávila;Bonilla de la Sierra;Mesegar de Corneja
-391972;Galicia;Orense;Carballiño, O;Mesiego
-391973;Castilla-La Mancha;Albacete;Molinicos;Mesones
-391974;Castilla-La Mancha;Guadalajara;Casar, El;Mesones
-391979;Islas Canarias;Fuerteventura;Pájara;Mesquer
-391982;Castilla-La Mancha;Ciudad Real;Mestanza;Mestanza
-391985;Principado de Asturias;Principado de Asturias;Llanes;Mestas de Con
-392000;Galicia;La Coruña;Boimorto;Mezonzo
-392008;Andalucía;Málaga;Algarrobo;Mezquitilla
-392009;Extremadura;Cáceres;Miajadas;Miajadas
-392010;Cataluña;Gerona;Porqueres;Miánegas
-392024;Cantabria;Cantabria;Miengo;Miengo
-392025;Principado de Asturias;Principado de Asturias;Peñamellera Alta;Mier
-392027;Cataluña;Gerona;Mieres;Mieres
-392029;Principado de Asturias;Principado de Asturias;Mieres;Mieres
-392031;Cantabria;Cantabria;Potes;Mieses
-392034;Castilla y León;Segovia;Migueláñez;Migueláñez
-392036;Castilla-La Mancha;Toledo;Miguel Esteban;Miguel Esteban
-392037;Castilla y León;Segovia;Santa María la Real de Nieva;Miguel-Ibáñez
-392039;Castilla-La Mancha;Ciudad Real;Miguelturra;Miguelturra
-392044;Castilla y León;Ávila;Mijares;Mijares
-392045;Cantabria;Cantabria;Santillana del Mar;Mijares
-392051;Cantabria;Cantabria;Cartes;Mijarojos
-392052;Andalucía;Málaga;Mijas;Mijas
-392055;Comunidad Foral de Navarra;Comunidad Foral de Navarra;Milagro;Milagro
-392057;Castilla y León;Burgos;Milagros;Milagros
-392070;Extremadura;Cáceres;Millanes;Millanes
-392071;Principado de Asturias;Principado de Asturias;Salas;Míllara
-392079;Andalucía;Jaén;Santiago-Pontones;Miller
-392080;Galicia;Pontevedra;Forcarei;Millerada
-392083;Galicia;Orense;Celanova;Milmanda
-392093;Región de Murcia;Región de Murcia;Cartagena;Mina Blanca
-392096;Principado de Asturias;Principado de Asturias;Boal;Miñagón
-392103;Galicia;La Coruña;Carnota;Miñarzo
-392107;Andalucía;Huelva;Cala;Minas de Cala
-392108;Andalucía;Sevilla;Castillo de las Guardas, El;Minas del Castillo de las Guardas
-392110;Andalucía;Huelva;Minas de Riotinto;Minas de Riotinto
-392112;Castilla-La Mancha;Albacete;Hellín;Minateda
-392114;Castilla-La Mancha;Cuenca;Casas de Haro;Minaya
-392116;Castilla y León;León;Barrios de Luna, Los;Miñera de Luna
-392118;Castilla-La Mancha;Cuenca;Minglanilla;Minglanilla
-392121;Castilla y León;Ávila;Mingorría;Mingorría
-392133;Galicia;La Coruña;Miño;Miño
-392136;Castilla y León;Soria;Miño de Medinaceli;Mino de Medinaceli
-392141;Galicia;La Coruña;Porto do Son;Miñortos
-392144;Cantabria;Cantabria;Castro-Urdiales;Mioño
-392158;Castilla-La Mancha;Guadalajara;Mirabueno;Mirabueno
-392162;Comunidad Valenciana;Alicante;Torrevieja;Mirador
-392165;Comunidad Valenciana;Alicante;Poblets, els;Miraflor
-392169;Comunidad de Madrid;Comunidad de Madrid;Miraflores de la Sierra;Miraflores de la Sierra
-392171;Cataluña;Lérida;Miralcamp;Miralcamp
-392178;Aragón;Huesca;Fraga;Miralsot de Abajo
-392180;Comunidad Valenciana;Valencia;Miramar;Miramar
-392181;Aragón;Teruel;Mirambel;Mirambel
-392183;Región de Murcia;Región de Murcia;Cartagena;Miranda
-392192;Comunidad Foral de Navarra;Comunidad Foral de Navarra;Miranda de Arga;Miranda de Arga
-392193;Castilla y León;Salamanca;Miranda de Azán;Miranda de Azán
-392195;Castilla y León;Burgos;Miranda de Ebro;Miranda de Ebro
-392196;Castilla y León;Salamanca;Miranda del Castañar;Miranda del Castañar
-392200;Extremadura;Badajoz;Mirandilla;Mirandilla
-392207;País Vasco;Vizcaya;Ugao-Miraballes;Miravalles
-392208;Principado de Asturias;Principado de Asturias;Villaviciosa;Miravalles
-392210;Cataluña;Tarragona;Miravet;Miravet
-392211;Aragón;Teruel;Miravete de la Sierra;Miravete de la Sierra
-392216;Galicia;Lugo;Friol;Miraz
-392217;Galicia;Lugo;Xermade;Miraz
-392223;Castilla y León;Ávila;Mironcillo;Mironcillo
-392225;Cantabria;Cantabria;Miera;Mirones
-392228;Comunidad Valenciana;Valencia;Mislata;Mislata
-392240;Principado de Asturias;Principado de Asturias;Piloña;Miyares
-392243;Andalucía;Almería;Sorbas;Mizala
-392246;Principado de Asturias;Principado de Asturias;Cangas del Narcea;Moal
-392248;Galicia;Pontevedra;Moaña;Moaña
-392253;Islas Canarias;El Hierro;Valverde;Mocanal
-392254;Castilla-La Mancha;Toledo;Mocejón;Mocejón
-392259;Andalucía;Granada;Moclín;Moclín
-392260;Andalucía;Málaga;Moclinejo;Moclinejo
-392268;Castilla y León;Burgos;Ibeas de Juarros;Modúbar de San Cibrián
-392270;Galicia;La Coruña;Moeche;Moeche
-392271;Galicia;La Coruña;Moeche;Moeche
-392272;Islas Canarias;Gran Canaria;Mogán;Mogán
-392275;Castilla y León;Salamanca;Mogarraz;Mogarraz
-392278;Comunidad Valenciana;Valencia;Mogente / Moixent;Moixent (Mogente)
-392282;Andalucía;Jaén;Villacarrillo;Mogón
-392283;Galicia;Pontevedra;Marín;Mogor
-392285;Cantabria;Cantabria;Miengo;Mogro
-392286;Cantabria;Cantabria;Camaleño;Mogrovejo
-392287;Andalucía;Huelva;Moguer;Moguer
-392291;Castilla-La Mancha;Toledo;Mohedas de la Jara;Mohedas de la Jara
-392301;Andalucía;Almería;Mojácar;Mojácar
-392302;Castilla y León;Valladolid;Mojados;Mojados
-392306;Castilla-La Mancha;Guadalajara;Sigüenza;Mojares
-392321;Comunidad Valenciana;Alicante;Novelda;Mola
-392339;Galicia;La Coruña;Melide;Moldes
-392340;Principado de Asturias;Principado de Asturias;Castropol;Moldes
-392342;Principado de Asturias;Principado de Asturias;Vegadeo;Molejón
-392352;Castilla-La Mancha;Guadalajara;Molina de Aragón;Molina de Aragón
-392353;Región de Murcia;Región de Murcia;Molina de Segura;Molina de Segura
-392358;Islas Baleares;Mallorca;Palma de Mallorca;Molinar de Levante
-392360;Castilla y León;León;Molinaseca;Molinaseca
-392361;Comunidad Valenciana;Alicante;Verger, el;Molinell
-392367;Castilla-La Mancha;Albacete;Molinicos;Molinicos
-392369;Castilla y León;Salamanca;Molinillo;Moilinillo
-392390;Región de Murcia;Región de Murcia;Torre-Pacheco;Molino de las Ánimas
-392394;Aragón;Teruel;Molinos;Molinos
-392421;Castilla y León;Soria;Molinos de Duero;Molinos de Duero
-392422;Castilla-La Mancha;Cuenca;Palomera;Molinos de Papel
-392423;Castilla y León;Soria;Sotillo del Rincón;Molinos de Razón
-392427;Cataluña;Barcelona;Molins de Rei;Molins de Rei
-392431;Cantabria;Cantabria;Val de San Vicente;Molleda
-392433;Cantabria;Cantabria;Molledo;Molledo
-392435;Cataluña;Lérida;Mollerussa;Mollerusa
-392436;Cataluña;Barcelona;Mollet del Vallès;Mollet del Vallès
-392437;Cataluña;Gerona;Peralada;Mollet de Perelada
-392438;Andalucía;Málaga;Mollina;Mollina
-392440;Cataluña;Gerona;Molló;Molló
-392442;Cataluña;Tarragona;Tarragona;Molnás
-392446;Andalucía;Granada;Molvízar;Molvízar
-392449;Galicia;Lugo;Xermade;Momán
-392450;Castilla y León;Ávila;Mombeltrán;Mombeltrán
-392457;Cantabria;Cantabria;Santa Cruz de Bezana;Mompía
-392462;Andalucía;Granada;Monachil;Monachil
-392464;Islas Canarias;Gran Canaria;Valleseco;Monagas
-392466;Castilla-La Mancha;Guadalajara;Monasterio;Monasterio
-392472;Castilla y León;Burgos;Monasterio de Rodilla;Monasterio de Rodilla
-392476;Comunidad Valenciana;Valencia;Moncada;Moncada
-392490;Principado de Asturias;Principado de Asturias;Cangas del Narcea;Moncó
-392491;Comunidad Valenciana;Castellón;Moncofa;Moncófar
-392492;Andalucía;Málaga;Monda;Monda
-392495;Galicia;Pontevedra;Mondariz;Mondariz
-392496;Galicia;Pontevedra;Mondariz;Mondariz-Balneario
-392499;Castilla-La Mancha;Guadalajara;Mondéjar;Mondéjar
-392503;Galicia;Lugo;Mondoñedo;Mondoñedo
-392511;Andalucía;Málaga;Periana;Mondrón
-392512;Andalucía;Granada;Lecrín;Mondújar
-392516;Aragón;Zaragoza;Monegrillo;Monegrillo
-392518;Cantabria;Cantabria;Campoo de Yuso;Monegro
-392522;Cataluña;Gerona;Cruïlles, Monells i Sant Sadurní de l'Heura;Monells
-392528;Extremadura;Badajoz;Monesterio;Monesterio
-392531;Castilla y León;Zamora;Monfarracinos;Monfarracinos
-392532;Galicia;La Coruña;Monfero;Monfero
-392533;Galicia;La Coruña;Monfero;Monfero
-392536;Castilla y León;Salamanca;Monforte de la Sierra;Monforte de la Sierra
-392537;Comunidad Valenciana;Alicante;Monforte del Cid;Monforte del Cid
-392538;Galicia;Lugo;Monforte de Lemos;Monforte de Lemos
-392542;Cataluña;Barcelona;Montgat;Montgat
-392551;Cataluña;Barcelona;Monistrol de Montserrat;Monistrol
-392552;Cataluña;Barcelona;Monistrol de Calders;Monistrol de Calders
-392563;Castilla y León;Salamanca;Monleón;Monleón
-392565;Castilla y León;Salamanca;Monleras;Monleras
-392567;Comunidad Valenciana;Alicante;Alicante / Alacant;Monnegre
-392569;Principado de Asturias;Principado de Asturias;Allande;Monón
-392570;Comunidad Valenciana;Alicante;Monóvar / Monòver;Monòver (Monóvar)
-392571;Comunidad Foral de Navarra;Comunidad Foral de Navarra;Monreal / Elo;Monreal
-392573;Aragón;Zaragoza;Monreal de Ariza;Monreal de Ariza
-392574;Aragón;Teruel;Monreal del Campo;Monreal del Campo
-392575;Castilla-La Mancha;Cuenca;Monreal del Llano;Monreal del Llano
-392576;Cataluña;Lérida;Torre de Cabdella, La;Monrós
-392579;Aragón;Teruel;Monroyo;Monroyo
-392581;Castilla y León;Salamanca;Monsagro;Monsagro
-392586;Comunidad Valenciana;Valencia;Montserrat;Monserrat
-392587;Cataluña;Lérida;Vielha e Mijaran;Mont
-392591;Cataluña;Gerona;Montagut i Oix;Montagut
-392595;Andalucía;Córdoba;Montalbán de Córdoba;Montalbán de Córdoba
-392606;Castilla y León;Zamora;Montamarta;Montamarta
-392607;Comunidad Valenciana;Castellón;Montán;Montán
-392613;Islas Canarias;Gran Canaria;Santa María de Guía de Gran Canaria;Montaña Alta
-392615;Islas Canarias;Lanzarote;San Bartolomé;Montaña Blanca
-392623;Extremadura;Cáceres;Montánchez;Montánchez
-392625;Comunidad Valenciana;Castellón;Montanejos;Montanejos
-392627;Islas Canarias;Tenerife;Sauzal, El;Montañeta
-392630;Cataluña;Lérida;Ribera d'Urgellet;Montant
-392631;Aragón;Huesca;Montanuy;Montanuy
-392632;Cataluña;Barcelona;Muntanyola;Muntanyola
-392633;Galicia;La Coruña;Ordes;Montaos
-392635;Cataluña;Lérida;Sort;Montardit
-392638;Castilla-La Mancha;Guadalajara;Montarrón;Montarrón
-392642;Cataluña;Tarragona;Montblanc;Montblanc
-392643;Cataluña;Lérida;Vallbona de les Monges;Montblanquet
-392645;Cataluña;Tarragona;Montbrió del Camp;Montbrió del Camp
-392646;Cataluña;Barcelona;Montclar;Montclar
-392655;Cantabria;Cantabria;Riotuerto;Monte
-392657;Cantabria;Cantabria;Santander;Monte
-392658;Principado de Asturias;Principado de Asturias;Castrillón;Santiago del Monte
-392673;Región de Murcia;Región de Murcia;Murcia;Monteagudo
-392674;Comunidad Foral de Navarra;Comunidad Foral de Navarra;Monteagudo;Monteagudo
-392675;Galicia;La Coruña;Arteixo;Monteagudo
-392679;Castilla-La Mancha;Cuenca;Monteagudo de las Salinas;Monteagudo de las Salinas
-392681;Aragón;Teruel;Monteagudo del Castillo;Monteagudo del Castillo
-392683;Castilla y León;León;Villagatón;Montealegre
-392685;Castilla-La Mancha;Albacete;Montealegre del Castillo;Montealegre del Castillo
-392689;Castilla-La Mancha;Toledo;Montearagón;Montearagón
-392697;Andalucía;Málaga;Montecorto;Montecorto
-392700;Islas Canarias;La Palma;Villa de Mazo;Monte de Breña
-392701;Principado de Asturias;Principado de Asturias;Gijón;Monte de Huerces
-392709;Galicia;Orense;Montederramo;Montederramo
-392712;Andalucía;Granada;Montefrío;Montefrío
-392720;Andalucía;Málaga;Montejaque;Montejaque
-392721;Andalucía;Granada;Montejícar;Montejícar
-392723;Castilla y León;Segovia;Montejo de Arévalo;Montejo de Arévalo
-392726;Comunidad de Madrid;Comunidad de Madrid;Montejo de la Sierra;Montejo de la Sierra
-392727;Castilla y León;Segovia;Montejo de la Vega de la Serrezuela;Montejo de la Vega de la Serrezuela
-392729;Castilla y León;Soria;Montejo de Tiermes;Montejo de Tiermes
-392732;Castilla y León;Zamora;Toro;Monte la Reina
-392733;Cataluña;Lérida;Montellà i Martinet;Montellà
-392734;Andalucía;Sevilla;Montellano;Montellano
-392740;Andalucía;Córdoba;Montemayor;Montemayor
-392745;Castilla y León;Salamanca;Montemayor del Río;Montemayor del Río
-392746;Castilla y León;Valladolid;Montemayor de Pililla;Montemayor de Pililla
-392748;Cantabria;Cantabria;Arnuero;Monte Miravalles
-392749;Extremadura;Badajoz;Montemolín;Montemolín
-392750;Cataluña;Lérida;Llavorsí;Montenartró
-392752;Castilla y León;Soria;Montenegro de Cameros;Montenegro de Cameros
-392753;Andalucía;Cádiz;Sanlúcar de Barrameda;Monte Olivete
-392759;Aragón;Teruel;Monterde de Albarracín;Monterde de Albarracín
-392760;Principado de Asturias;Principado de Asturias;Gozón;Monteril
-392768;Galicia;Orense;Monterrei;Monterrey
-392771;Galicia;Lugo;Monterroso;Monterroso
-392775;Castilla y León;Salamanca;San Cristóbal de la Cuesta;Monterrubio de Armuña
-392776;Castilla y León;Burgos;Monterrubio de la Demanda;Monterrubio de la Demanda
-392785;Comunidad Valenciana;Valencia;Montesa;Montesa
-392787;Comunidad Valenciana;Valencia;Corbera;Monte San Miguel
-392788;Cataluña;Lérida;Farrera;Montescladó
-392789;Castilla-La Mancha;Toledo;Montesclaros;Montesclaros
-392798;Galicia;La Coruña;Muxía;Montesiños
-392801;Cataluña;Barcelona;Montesquiu;Montesquiu
-392804;Galicia;La Coruña;Ribeira;Monteviján
-392807;Cataluña;Lérida;Montferrer i Castellbò;Montferrer
-392808;Cataluña;Tarragona;Montferri;Montferri
-392812;Comunidad Valenciana;Valencia;Montitxelvo / Montichelvo;Montichelvo
-392813;Castilla-La Mancha;Ciudad Real;Montiel;Montiel
-392815;Extremadura;Badajoz;Montijo;Montijo
-392817;Islas Canarias;Tenerife;Orotava, La;Montijos
-392818;Andalucía;Córdoba;Montilla;Montilla
-392820;Andalucía;Granada;Montillana;Montillana
-392825;Cataluña;Gerona;Ventalló;Montiró
-392828;Cataluña;Gerona;Roses;Montjoi
-392833;Cataluña;Lérida;Artesa de Segre;Montmagastre
-392834;Cataluña;Barcelona;Montmajor;Montmajor
-392837;Cataluña;Barcelona;Montmeló;Montmeló
-392838;Aragón;Huesca;Lupiñén-Ortilla;Montmesa
-392839;Cataluña;Gerona;Quart;Montnegre
-392842;Galicia;La Coruña;Cedeira;Montojo
-392849;Castilla y León;Burgos;Montorio;Montorio
-392851;Cataluña;Barcelona;Montornès del Vallès;Montornès del Vallès
-392852;Andalucía;Córdoba;Montoro;Montoro
-392854;Aragón;Teruel;Villarluengo;Montoro de Mezquita
-392866;Principado de Asturias;Principado de Asturias;Belmonte de Miranda;Montovo
-392868;Cataluña;Gerona;Mont-ras;Mont-ras
-392869;Cataluña;Tarragona;Mont-ral;Mont-ral
-392870;Cataluña;Tarragona;Mont-roig del Camp;Mont-roig
-392873;Comunidad Valenciana;Valencia;Montroi / Montroy;Montroi (Montroy)
-392880;Cataluña;Barcelona;Montseny;Montseny
-392890;Islas Baleares;Mallorca;Montuïri;Montuiri
-392891;Andalucía;Córdoba;Monturque;Monturque
-392896;Aragón;Huesca;Monzón;Monzón
-392897;Castilla y León;Palencia;Monzón de Campos;Monzón de Campos
-392898;Galicia;Lugo;Alfoz;Mor
-392899;Castilla-La Mancha;Toledo;Mora;Mora
-392906;Cataluña;Tarragona;Móra d'Ebre;Móra d'Ebre
-392907;Aragón;Teruel;Mora de Rubielos;Mora de Rubielos
-392913;Galicia;La Coruña;Muxía;Moraime
-392915;Castilla y León;Segovia;Moral de Hornuez;Moral de Hornuez
-392923;Cataluña;Tarragona;Móra la Nova;Mora la Nueva
-392924;Castilla-La Mancha;Ciudad Real;Moral de Calatrava;Moral de Calatrava
-392931;Andalucía;Granada;Moraleda de Zafayona;Moraleda de Zafayona
-392932;Extremadura;Cáceres;Moraleja;Moraleja
-392944;Castilla y León;Zamora;Moraleja del Vino;Moraleja del Vino
-392959;Castilla y León;Zamora;Morales de Rey;Morales del Rey
-392960;Castilla y León;Zamora;Morales del Vino;Morales del Vino
-392963;Comunidad Valenciana;Alicante;Alicante / Alacant;Moralet
-392964;Castilla y León;Zamora;Moralina;Moralina
-392965;Comunidad de Madrid;Comunidad de Madrid;Moralzarzal;Moralzarzal
-392966;Galicia;Pontevedra;Rosal, O;Morán
-392968;Galicia;Pontevedra;Moraña;Moraña
-392969;Galicia;Pontevedra;Moraña;Moraña
-392980;Galicia;Lugo;Xove;Morás
-392988;Comunidad de Madrid;Comunidad de Madrid;Morata de Tajuña;Morata de Tajuña
-392991;Región de Murcia;Región de Murcia;Moratalla;Moratalla
-392994;Castilla-La Mancha;Guadalajara;Moratilla de los Meleros;Moratilla de los Meleros
-392996;Castilla y León;Palencia;Moratinos;Moratinos
-393001;Comunidad Valenciana;Alicante;Teulada;Moraira
-393005;Andalucía;Málaga;Torrox;El Morche
-393015;Principado de Asturias;Principado de Asturias;Aller;Moreda
-393017;País Vasco;Álava;Moreda de Álava / Moreda Araba;Moreda de Álava
-393018;Galicia;Lugo;Palas de Rei;Moredo
-393028;Galicia;Orense;Pereiro de Aguiar, O;Moreiras
-393031;Cataluña;Tarragona;Morell, El;El Morell
-393032;Comunidad Valenciana;Castellón;Morella;Morella
-393046;Comunidad Foral de Navarra;Comunidad Foral de Navarra;Morentin;Morentin
-393053;Castilla y León;Zamora;Moreruela de los Infanzones;Moreruela de los Infanzones
-393059;Galicia;Pontevedra;Gondomar;Morgadanes
-393063;País Vasco;Vizcaya;Morga;Morga
-393064;Castilla y León;León;Valderrueda;Morgovejo
-393066;Castilla y León;Burgos;Santa Gadea del Cid;Moriana
-393071;País Vasco;Álava;Erriberagoitia / Ribera Alta;Morillas
-393073;Castilla y León;Salamanca;Morille;Morille
-393075;Aragón;Huesca;Fueva, La;Morillo de Monclús
-393077;Aragón;Huesca;Aínsa-Sobrarbe;Morillo de Tou
-393080;Galicia;Orense;Viana do Bolo;Morisca
-393084;Castilla y León;Salamanca;Moriscos;Moriscos
-393089;Galicia;La Coruña;Trazo;Morlán
-393123;Andalucía;Sevilla;Morón de la Frontera;Morón de la Frontera
-393124;Castilla y León;Salamanca;Moronta;Moronta
-393133;Castilla-La Mancha;Albacete;Yeste;Morote
-393134;Galicia;La Coruña;Muxía;Morpeguite
-393147;Islas Canarias;Fuerteventura;Pájara;Morro del Jable
-393153;Cantabria;Cantabria;Piélagos;Mortera
-393163;Galicia;Pontevedra;Mos;Mos
-393165;Galicia;Lugo;Láncara;Moscán
-393166;Aragón;Teruel;Moscardón;Moscardón
-393167;Islas Baleares;Mallorca;Selva;Moscari
-393172;Galicia;Pontevedra;Pazos de Borbén;Moscoso
-393181;Aragón;Teruel;Mosqueruela;Mosqueruela
-393195;Galicia;La Coruña;Muros;Mosteiro
-393196;Galicia;Lugo;Guntín;Mosteiro
-393199;Galicia;Lugo;Pol;Mosteiro
-393203;Comunidad de Madrid;Comunidad de Madrid;Móstoles;Móstoles
-393208;Castilla-La Mancha;Cuenca;Mota del Cuervo;Mota del Cuervo
-393209;Castilla y León;Valladolid;Mota del Marqués;Mota del Marqués
-393210;Castilla-La Mancha;Cuenca;Motilla del Palancar;Motilla del Palancar
-393211;Castilla-La Mancha;Albacete;Motilleja;Motilleja
-393215;País Vasco;Guipúzcoa;Mutriku;Mutriku
-393216;Andalucía;Granada;Motril;Motril
-393218;Galicia;Lugo;Valadouro, O;Moucide
-393221;Galicia;Pontevedra;Oia;Mougás
-393237;Galicia;Orense;Celanova;Mourillones
-393238;Galicia;La Coruña;Camariñas;Mourín
-393249;Islas Canarias;Gran Canaria;Moya;Moya
-393250;Castilla-La Mancha;Cuenca;Moya;Moya
-393251;Cataluña;Barcelona;Moià;Moià
-393256;Islas Canarias;Lanzarote;San Bartolomé;Mozaga
-393260;Castilla y León;Salamanca;Mozárbez;Mozárbez
-393266;Castilla y León;Segovia;Mozoncillo;Mozoncillo
-393267;Castilla y León;Burgos;Ibeas de Juarros;Montoro de Mezquita
-393279;Comunidad Valenciana;Alicante;Mutxamel;Muchamiel
-393281;Castilla y León;Valladolid;Mucientes;Mucientes
-393282;Castilla y León;Palencia;Mudá;Mudá
-393288;Castilla y León;Segovia;San Martín y Mudrián;Mudrián
-393301;Castilla y León;Zamora;Muelas de los Caballeros;Muelas de los Caballeros
-393302;Castilla y León;Zamora;Muelas del Pan;Muelas del Pan
-393317;Comunidad Foral de Navarra;Comunidad Foral de Navarra;Mues;Mues
-393318;Comunidad Foral de Navarra;Comunidad Foral de Navarra;Guesálaz / Gesalatz;Muez
-393321;Castilla y León;Zamora;Losacino;Muga de Alba
-393323;Comunidad Foral de Navarra;Comunidad Foral de Navarra;Baztan;Oronoz-Mugaire
-393324;Galicia;La Coruña;Ares;Mugardos
-393326;Galicia;La Coruña;Muxía;Mugia
-393332;Galicia;Lugo;Cospeito;Muimenta
-393335;Galicia;Orense;Muíños;Muiños
-393346;Región de Murcia;Región de Murcia;Mula;Mula
-393366;País Vasco;Álava;San Millán / Donemiliaga;Munaín
-393367;Principado de Asturias;Principado de Asturias;Tineo;Muñalén
-393368;Castilla y León;Ávila;Muñana;Muñana
-393369;Comunidad Foral de Navarra;Comunidad Foral de Navarra;Goñi;Munárriz
-393370;Principado de Asturias;Principado de Asturias;Valdés;Muñás
-393373;País Vasco;Vizcaya;Mundaka;Mundaka
-393377;Aragón;Zaragoza;Munébrega;Munébrega
-393378;Castilla y León;Palencia;Guardo;Muñeca
-393380;Castilla-La Mancha;Albacete;Munera;Munera
-393381;Principado de Asturias;Principado de Asturias;Laviana;Muñera
-393382;Comunidad Foral de Navarra;Comunidad Foral de Navarra;Allín / Allin;Muneta
-393386;Comunidad Foral de Navarra;Comunidad Foral de Navarra;Morentin;Muniáin de la Solana
-393387;Castilla y León;Ávila;Muñico;Muñico
-393391;La Rioja;La Rioja;Munilla;Munilla
-393392;Islas Canarias;Lanzarote;Teguise;Muñique
-393396;Castilla y León;Ávila;Muñogalindo;Muñogalindo
-393400;Principado de Asturias;Principado de Asturias;Lena;Muñón Fondero
-393401;Castilla y León;Segovia;Muñopedro;Muñopedro
-393402;Castilla y León;Ávila;Muñopepe;Muñopepe
-393403;Cantabria;Cantabria;Val de San Vicente;Muñorrodero
-393405;Castilla y León;Ávila;Muñotello;Muñotello
-393406;Castilla y León;Segovia;Muñoveros;Muñoveros
-393412;Cataluña;Barcelona;Mura;Mura
-393415;Galicia;Lugo;Muras;Muras
-393416;Comunidad Foral de Navarra;Comunidad Foral de Navarra;Murchante;Murchante
-393417;Andalucía;Granada;Lecrín;Murchas
-393418;Región de Murcia;Región de Murcia;Murcia;Murcia
-393425;Andalucía;Jaén;Alcalá la Real;Mures
-393426;Andalucía;Granada;Cúllar;Mures
-393429;País Vasco;Álava;Zuia;Murguía
-393439;Principado de Asturias;Principado de Asturias;Santa Eulalia de Oscos;Murias
-393441;Principado de Asturias;Principado de Asturias;Candamo;Murias
-393443;Castilla y León;León;Murias de Paredes;Murias de Paredes
-393444;Castilla y León;León;Santa Colomba de Somoza;Murias de Pedredo
-393446;Castilla y León;León;Astorga;Murias de Rechivaldo
-393448;Cantabria;Cantabria;Camargo;Muriedas
-393450;Castilla y León;Soria;Muriel de la Fuente;Muriel de la Fuente
-393452;Principado de Asturias;Principado de Asturias;Quirós;Muriellos
-393456;Castilla y León;Soria;Muriel Viejo;Muriel Viejo
-393458;Comunidad Foral de Navarra;Comunidad Foral de Navarra;Murieta;Murieta
-393462;Aragón;Zaragoza;Murillo de Gállego;Murillo de Gállego
-393464;Aragón;Huesca;Foradada del Toscar;Murillo de Liena
-393465;Comunidad Foral de Navarra;Comunidad Foral de Navarra;Lónguida / Longida;Murillo de Lónguida
-393466;La Rioja;La Rioja;Murillo de Río Leza;Murillo de Río Leza
-393467;Comunidad Foral de Navarra;Comunidad Foral de Navarra;Murillo el Cuende;Murillo el Cuende
-393468;Comunidad Foral de Navarra;Comunidad Foral de Navarra;Murillo el Fruto;Murillo el Fruto
-393470;Comunidad Valenciana;Alicante;Murla;Murla
-393472;Islas Baleares;Mallorca;Muro;Muro
-393473;Galicia;Lugo;Sober;Muro
-393478;Castilla y León;Soria;Ólvega;Muro de Ágreda
-393479;La Rioja;La Rioja;Muro de Aguas;Muro de Aguas
-393481;Comunidad Valenciana;Alicante;Muro de Alcoy;Muro de Alcoy
-393485;Galicia;La Coruña;Muros;Muros
-393486;Principado de Asturias;Principado de Asturias;Muros de Nalón;Muros de Nalón
-393491;Andalucía;Granada;Murtas;Murtas
-393498;País Vasco;Álava;Zigoitia;Múrua
-393501;País Vasco;Vizcaya;Orozko;Orozko
-393502;País Vasco;Vizcaya;Murueta;Murueta
-393503;Comunidad Foral de Navarra;Comunidad Foral de Navarra;Valle de Yerri / Deierri;Murugarren
-393504;Comunidad Foral de Navarra;Comunidad Foral de Navarra;Muruzábal;Muruzábal
-393507;País Vasco;Guipúzcoa;Arrasate / Mondragón;Musácola
-393510;Cataluña;Barcelona;Fogars de Montclús;Muscarolas
-393513;Principado de Asturias;Principado de Asturias;Gijón;Musel-Arnao
-393514;Comunidad Valenciana;Valencia;Museros;Museros
-393522;País Vasco;Guipúzcoa;Zerain;Mutiloa
-393523;Comunidad Foral de Navarra;Comunidad Foral de Navarra;Aranguren;Mutilva Alta
-393524;Comunidad Foral de Navarra;Comunidad Foral de Navarra;Aranguren;Mutilva Baja
-393530;País Vasco;Vizcaya;Ea;Nachitua
-393548;La Rioja;La Rioja;Nájera;Nájera
-393552;La Rioja;La Rioja;Nalda;Nalda
-393553;Cataluña;Lérida;Nalec;Nalech
-393556;Castilla-La Mancha;Toledo;Nambroca;Nambroca
-393565;Galicia;Pontevedra;Sanxenxo;Nantes
-393576;Comunidad Valenciana;Valencia;Náquera;Nàquera
-393585;Principado de Asturias;Principado de Asturias;Tineo;Naraval
-393589;Principado de Asturias;Principado de Asturias;Cangas de Onís;Narciandi
-393590;Comunidad Foral de Navarra;Comunidad Foral de Navarra;Lana;Narcué
-393594;Castilla y León;León;Matallana de Torío;Naredo de Fenar
-393595;Principado de Asturias;Principado de Asturias;Peñamellera Baja;Narganes
-393603;Galicia;La Coruña;San Sadurniño; 
-393604;Galicia;La Coruña;Narón;Narón
-393607;Castilla y León;Ávila;Ávila;Narrillos de San Leonardo
-393609;Castilla y León;Segovia;Samboal;Narros de Cuéllar
-393611;Castilla y León;Ávila;Narros del Puerto;Narros del Puerto
-393615;Comunidad Foral de Navarra;Comunidad Foral de Navarra;Bertizarana;Narvarte
-393623;Cataluña;Gerona;Toses;Nevà
-393624;Principado de Asturias;Principado de Asturias;Nava;Nava
-393625;Principado de Asturias;Principado de Asturias;Salas;Nava
-393649;Castilla y León;Salamanca;Hoya, La;Navacarros
-393650;Castilla y León;Ávila;San Juan de Gredos;Navacepeda de Tormes
-393651;Castilla y León;Ávila;Navacepedilla de Corneja;Navacepedilla de Corneja
-393653;Comunidad de Madrid;Comunidad de Madrid;Navacerrada;Navacerrada
-393659;Extremadura;Cáceres;Navaconcejo;Navaconcejo
-393663;Castilla y León;Salamanca;Nava de Béjar;Nava de Béjar
-393664;Castilla y León;Salamanca;Nava de Francia;Nava de Francia
-393665;Castilla y León;Segovia;Nava de la Asunción;Nava de la Asunción
-393666;Castilla y León;Ávila;Nava del Barco;Nava del Barco
-393670;Castilla y León;Valladolid;Nava del Rey;Nava del Rey
-393672;Castilla y León;Burgos;Valle de Mena;Nava de Ordunte
-393675;Andalucía;Jaén;Cazorla;Nava de San Pedro
-393676;Castilla y León;Palencia;Barruelo de Santullán;Nava de Santullán
-393678;Castilla y León;Ávila;Navadijos;Navadijos
-393680;Castilla y León;Segovia;Navafría;Navafría
-393688;Andalucía;Huelva;Galaroza;Navahermosa
-393689;Castilla-La Mancha;Toledo;Navahermosa;Navahermosa
-393690;Castilla y León;Ávila;Santa María del Berrocal;Navahermosa de Corneja
-393695;Comunidad de Madrid;Comunidad de Madrid;Rozas de Puerto Real;Navahondilla
-393698;Comunidad Valenciana;Castellón;Navajas;Navajas
-393699;Cantabria;Cantabria;Entrambasaguas;Navajeda
-393705;Aragón;Huesca;Naval;Naval
-393706;Castilla y León;Ávila;Navalacruz;Navalacruz
-393708;Comunidad de Madrid;Comunidad de Madrid;Navalafuente;Navalafuente
-393710;Comunidad de Madrid;Comunidad de Madrid;Navalagamella;Navalagamella
-393721;Castilla-La Mancha;Toledo;Navalcán;Navalcán
-393722;Comunidad de Madrid;Comunidad de Madrid;Navalcarnero;Navalcarnero
-393728;Castilla y León;Soria;Navaleno;Navaleno
-393730;Comunidad de Madrid;Comunidad de Madrid;Santa María de la Alameda;Navalespino
-393734;Castilla y León;Ávila;Navalonguilla;Navalguijo
-393744;Castilla y León;Segovia;Navalmanzano;Navalmanzano
-393747;Castilla y León;Ávila;Navalmoral;Navalmoral
-393748;Castilla y León;Salamanca;Navalmoral de Béjar;Navalmoral de Béjar
-393749;Extremadura;Cáceres;Millanes;Navalmoral de la Mata
-393751;Castilla y León;Ávila;Carrera, La;Navalmoro
-393755;Comunidad Valenciana;Valencia;Enguera;Navalón de Arriba
-393756;Castilla y León;Ávila;Navalonguilla;Navalonguilla
-393757;Castilla y León;Ávila;Navalosa;Navalosa
-393758;Castilla y León;Ávila;Navalperal de Pinares;Navalperal de Pinares
-393759;Castilla y León;Ávila;Navalperal de Tormes;Navalperal de Tormes
-393762;Comunidad de Madrid;Comunidad de Madrid;Galapagar;Navalquejigo
-393764;La Rioja;La Rioja;Enciso;Navalsaz
-393768;Castilla y León;Ávila;Navaluenga;Navaluenga
-393771;Extremadura;Badajoz;Navalvillar de Pela;Navalvillar de Pela
-393775;Castilla y León;Salamanca;Navamorales;Navamorales
-393776;Castilla-La Mancha;Toledo;Navamorcuende;Navamorcuende
-393777;Castilla y León;Ávila;San Lorenzo de Tormes;Navamorisca
-393778;Cantabria;Cantabria;Valderredible;Navamuel
-393784;Cataluña;Barcelona;Navarcles;Navarcles
-393786;Región de Murcia;Región de Murcia;Caravaca de la Cruz;Navares
-393790;País Vasco;Álava;Navaridas;Navaridas
-393797;Comunidad de Madrid;Comunidad de Madrid;Navarredonda y San Mamés;Navarredonda y San Mamés
-393801;Castilla y León;Ávila;Navarredonda de Gredos;Navarredonda de Gredos
-393803;Castilla y León;Ávila;Navarredondilla;Navarredondilla
-393805;Comunidad Valenciana;Valencia;Navarrés;Navarrés
-393807;La Rioja;La Rioja;Navarrete;Navarrete
-393810;Aragón;Teruel;Calamocha;Navarrete del Río
-393811;Castilla y León;Ávila;Navarrevisca;Navarrevisca
-393817;Cataluña;Barcelona;Balsareny;Navàs
-393823;Aragón;Huesca;Jaca;Navasa
-393825;Castilla y León;Burgos;Navas de Bureba;Navas de Bureba
-393826;Castilla-La Mancha;Ciudad Real;Navas de Estena;Navas de Estena
-393829;Extremadura;Cáceres;Navas del Madroño;Navas del Madroño
-393830;Castilla y León;Burgos;Hontoria del Pinar;Navas del Pinar
-393831;Comunidad de Madrid;Comunidad de Madrid;Navas del Rey;Navas del Rey
-393832;Andalucía;Córdoba;Lucena;Navas del Selpillar
-393833;Castilla y León;Segovia;Navas de Oro;Navas de Oro
-393835;Castilla y León;Segovia;Navas de Riofrío;Navas de Riofrío
-393836;Castilla y León;Segovia;Navas de San Antonio;Navas de San Antonio
-393840;Castilla y León;Salamanca;Navasfrías;Navasfrías
-393843;Cataluña;Gerona;Navata;Navata
-393844;Castilla y León;Ávila;Navatalgordo;Navatalgordo
-393845;Castilla y León;Ávila;Navatejares;Navatejares
-393847;Extremadura;Cáceres;Villar del Pedroso;Navatrasierra
-393856;Principado de Asturias;Principado de Asturias;Castrillón;Naveces
-393857;Cantabria;Cantabria;Hermandad de Campoo de Suso;Naveda
-393858;Principado de Asturias;Principado de Asturias;Cabranes;Naveda
-393860;Cantabria;Cantabria;Peñarrubia;Navedo
-393862;Principado de Asturias;Principado de Asturias;Tineo;Navelgas
-393867;Cataluña;Lérida;Navès;Navès
-393869;Principado de Asturias;Principado de Asturias;Llanes;Naves
-393871;Extremadura;Cáceres;Navezuelas;Navezuelas
-393873;Principado de Asturias;Principado de Asturias;Navia;Navia
-393876;Galicia;Lugo;Navia de Suarna;Navia de Suarna
-393885;Comunidad Foral de Navarra;Comunidad Foral de Navarra;Nazar;Nazar
-393886;Islas Canarias;Lanzarote;Teguise;Nazaret
-393890;Galicia;La Coruña;Cabana de Bergantiños;Neaño
-393892;Castilla y León;Burgos;Nebreda;Nebreda
-393893;Andalucía;Almería;Dalías;Ñeca
-393894;Andalucía;Granada;Válor;Nechite
-393897;Galicia;La Coruña;Neda;Neda
-393907;Cataluña;Gerona;Begur;Isla Negra
-393937;Galicia;La Coruña;Negreira;Negreira
-393966;Castilla y León;Burgos;Neila;Neila
-393969;Castilla y León;Ávila;Neila de San Miguel;Neila de San Miguel
-393970;Galicia;Lugo;Pontenova, A; 
-393971;Galicia;Lugo;Corgo, O;Neira
-393975;Castilla y León;Burgos;Merindad de Sotoscueva;Nela
-393981;Galicia;La Coruña;Muxía;Nemiña
-393982;Principado de Asturias;Principado de Asturias;Franco, El;Nenín
-393984;Aragón;Huesca;Fanlo;Nerín
-393985;Andalucía;Málaga;Nerja;Nerja
-393987;Castilla-La Mancha;Albacete;Nerpio;Nerpio
-393988;Andalucía;Huelva;Nerva;Nerva
-393993;Castilla y León;Palencia;Aguilar de Campoo;Nestar
-393994;La Rioja;La Rioja;Nestares;Nestares
-393995;Cantabria;Cantabria;Campoo de Enmedio;Nestares
-394000;Principado de Asturias;Principado de Asturias;Parres;Nevares
-394010;Andalucía;Huelva;Niebla;Niebla
-394011;Principado de Asturias;Principado de Asturias;Cangas de Onís;Nieda
-394013;Andalucía;Granada;Cástaras;Nieles
-394014;Principado de Asturias;Principado de Asturias;Llanes;Niembro
-394017;Castilla y León;Segovia;Nieva;Nieva
-394019;Principado de Asturias;Principado de Asturias;Gozón;Nieva
-394021;La Rioja;La Rioja;Nieva de Cameros;Nieva de Cameros
-394023;Galicia;Pontevedra;Neves, As;Nieves
-394025;Galicia;La Coruña;Ortigueira;Nieves
-394030;Galicia;Pontevedra;Nigrán;Nigrán
-394032;Andalucía;Granada;Nigüelas;Nigüelas
-394036;Andalucía;Almería;Níjar;Níjar
-394046;Comunidad Valenciana;Castellón;Borriana / Burriana;Niño Perdido
-394050;Andalucía;Granada;Güevéjar;Nívar
-394054;Comunidad Foral de Navarra;Comunidad Foral de Navarra;Noáin (Valle de Elorz) / Noain (Elortzibar);Noáin
-394056;Andalucía;Jaén;Noalejo;Noalejo
-394059;Galicia;Pontevedra;Sanxenxo;Noalla
-394062;Castilla y León;Burgos;Merindad de Montija;Noceco
-394067;Castilla y León;León;Noceda del Bierzo;Noceda del Bierzo
-394069;Galicia;Lugo;Nogais, As;Noceda
-394078;Galicia;Lugo;Monforte de Lemos;Nocedas
-394083;Castilla y León;León;Valdepiélago;Nocedo de Curueño
-394087;Cantabria;Cantabria;Guriezo;Nocina
-394092;Castilla y León;Burgos;Merindad de Cuesta-Urria;Nofuentes
-394106;Galicia;Pontevedra;Salvaterra de Miño;Nogueira
-394109;Galicia;Pontevedra;Meis;Nogueira
-394110;Galicia;Pontevedra;Meis;Nogueira
-394112;Galicia;Lugo;Chantada;Nogueira
-394114;Galicia;Orense;Nogueira de Ramuín;Nogueira de Ramuín
-394116;Principado de Asturias;Principado de Asturias;Grandas de Salime;Nogueirón
-394117;Aragón;Teruel;Noguera de Albarracín;Noguera de Albarracin
-394124;Galicia;La Coruña;Pontedeume;Noguerosa
-394126;Aragón;Teruel;Nogueruelas;Nogueruelas
-394128;Castilla-La Mancha;Cuenca;Cuenca;Nohales
-394132;Galicia;Lugo;Foz;Nois
-394133;Cantabria;Cantabria;Noja;Noja
-394136;Castilla-La Mancha;Toledo;Nombela;Nombela
-394139;Aragón;Zaragoza;Nonaspe;Nonaspe
-394150;Principado de Asturias;Principado de Asturias;Noreña;Noreña
-394155;Principado de Asturias;Principado de Asturias;Ribadedeva;Noriega
-394173;Cantabria;Cantabria;Alfoz de Lloredo;Novales
-394176;Aragón;Zaragoza;Novallas;Novallas
-394180;Comunidad Valenciana;Alicante;Novelda;Novelda
-394183;Principado de Asturias;Principado de Asturias;Cudillero;Novellana
-394185;Aragón;Huesca;Jaca;Novés
-394187;Cataluña;Lérida;Valls d'Aguilar, Les;Novés de Segre
-394189;Castilla y León;Soria;Noviercas;Noviercas
-394192;Galicia;Orense;Carballeda de Avia;Novoa
-394193;Galicia;La Coruña;Noia;Noia
-394196;Principado de Asturias;Principado de Asturias;Corvera de Asturias;Nubledo
-394200;Aragón;Huesca;Nueno;Nueno
-394205;Islas Canarias;Tenerife;Rosario, El;El Rosario
-394209;Principado de Asturias;Principado de Asturias;Llanes;Nueva de Llanes
-394215;Aragón;Zaragoza;Nuévalos;Nuévalos
-394223;Comunidad de Madrid;Comunidad de Madrid;Nuevo Baztán;Nuevo Baztán
-394225;Castilla y León;Zamora;Trabazos;Nuez
-394228;Comunidad Valenciana;Castellón;Nules;Nules
-394230;Cataluña;Tarragona;Nulles;Nulles
-394231;Castilla-La Mancha;Toledo;Numancia de la Sagra;Numancia de la Sagra
-394234;Castilla-La Mancha;Toledo;Nuño Gómez;Nuño Gómez
-394235;Extremadura;Cáceres;Nuñomoral;Nuñomoral
-394238;Principado de Asturias;Principado de Asturias;Cangas del Narcea;Oballo
-394239;Comunidad Foral de Navarra;Comunidad Foral de Navarra;Obanos;Obanos
-394242;Principado de Asturias;Principado de Asturias;Villaviciosa;Obaya
-394246;Andalucía;Córdoba;Obejo;Obejo
-394251;Comunidad Valenciana;Valencia;Alpuente;Obispo Hernández
-394256;Galicia;Pontevedra;Vila de Cruces;Obra
-394257;Galicia;La Coruña;Noia;Obre
-394259;Cantabria;Cantabria;Villaescusa;Obregon
-394261;Galicia;Pontevedra;Estrada, A;Oca
-394266;Castilla-La Mancha;Toledo;Ocaña;Ocaña
-394271;Castilla y León;León;Ercina, La;Oceja de Valdellorma
-394275;Principado de Asturias;Principado de Asturias;Peñamellera Alta;Oceño
-394277;Castilla y León;León;Sancedo;Ocero
-394278;Comunidad Foral de Navarra;Comunidad Foral de Navarra;Ochagavía / Otsagabia;Ochagavía
-394279;País Vasco;Vizcaya;Otxandio;Ochandiano
-394280;Castilla y León;Segovia;Santa María la Real de Nieva;Ochando
-394282;Andalucía;Córdoba;Fuente Palmera;Ochavillo del Río
-394296;Cataluña;Barcelona;Òdena;Òdena
-394297;Comunidad Foral de Navarra;Comunidad Foral de Navarra;Larraun;Odériz
-394300;Castilla y León;León;Castrillo de Cabrera;Odollo
-394301;Aragón;Teruel;Odón;Odón
-394310;Cantabria;Cantabria;Ruesga;Ogarrio
-394312;Cataluña;Gerona;Ogassa;Ogassa
-394313;Cataluña;Lérida;Bassella;Ogern
-394314;Andalucía;Granada;Ogíjares;Ogíjares
-394318;Andalucía;Almería;Ohanes;Ohanes
-394324;Galicia;Lugo;Foz;Oirán
-394332;Cataluña;Gerona;Montagut i Oix;Oix
-394334;Comunidad Foral de Navarra;Comunidad Foral de Navarra;Oiz;Oiz
-394336;La Rioja;La Rioja;Ojacastro;Ojacastro
-394341;Andalucía;Málaga;Ojén;Ojén
-394344;Región de Murcia;Región de Murcia;Ojós;Ojós
-394355;Andalucía;Córdoba;Fuente Obejuna;Ojuelos Altos
-394361;País Vasco;Guipúzcoa;Olaberria;Olaberría
-394364;País Vasco;Álava;Aramaio;Olaeta
-394373;Galicia;Orense;Merca, A;Olás de Villariño
-394374;Comunidad Foral de Navarra;Comunidad Foral de Navarra;Olaibar;Olave
-394379;Comunidad Foral de Navarra;Comunidad Foral de Navarra;Olazti / Olazagutía;Olazagutía
-394381;Aragón;Teruel;Olba;Olba
-394383;Comunidad Foral de Navarra;Comunidad Foral de Navarra;Biurrun-Olcoz;Olcoz
-394384;Cantabria;Cantabria;Valdeolea;Olea
-394387;Galicia;La Coruña;Ribeira;Oleiros
-394390;Galicia;La Coruña;Toques;Oleiros
-394392;Galicia;La Coruña;Oleiros;Oleiros
-394396;Principado de Asturias;Principado de Asturias;Villaviciosa;Oles
-394397;Cataluña;Barcelona;Olesa de Bonesvalls;Olesa de Bonesvalls
-394398;Cataluña;Barcelona;Olesa de Montserrat;Olesa de Montserrat
-394399;Cataluña;Lérida;Oliana;Oliana
-394402;Andalucía;Málaga;Málaga;Olías
-394405;Castilla-La Mancha;Toledo;Olías del Rey;Olías del Rey
-394408;Aragón;Teruel;Oliete;Oliete
-394410;Cataluña;Lérida;Oliola;Oliola
-394411;Comunidad Foral de Navarra;Comunidad Foral de Navarra;Olite / Erriberri;Olite
-394412;Cataluña;Lérida;Olius;Olíus
-394413;Comunidad Valenciana;Valencia;Oliva;Oliva
-394418;Extremadura;Cáceres;Oliva de Plasencia;Oliva de Plasencia
-394420;Aragón;Huesca;Biescas;Oliván
-394423;Andalucía;Sevilla;Olivares;Olivares
-394424;Andalucía;Granada;Moclín;Olivares
-394426;Castilla y León;Valladolid;Olivares de Duero;Olivares de Duero
-394432;Galicia;La Coruña;Corcubión;Oliveira
-394433;Cataluña;Barcelona;Olivella;Olivella
-394434;Extremadura;Badajoz;Olivenza;Olivenza
-394444;La Rioja;La Rioja;Rodezno;Ollauri
-394447;Comunidad Valenciana;Valencia;Olleria, l';L'Olleria
-394452;Castilla y León;Palencia;Aguilar de Campoo;Olleros de Pisuerga
-394453;Castilla y León;León;Sabero;Olleros de Sabero
-394454;Castilla y León;Zamora;Calzadilla de Tera;Olleros de Tera
-394456;Cataluña;Gerona;Vilademuls;Ollers
-394459;Comunidad Foral de Navarra;Comunidad Foral de Navarra;Valle de Ollo / Ollaran;Ollo
-394464;Castilla-La Mancha;Guadalajara;Olmeda de Cobeta;Olmeda de Cobeta
-394470;Castilla-La Mancha;Cuenca;Olmedilla de Alarcón;Olmedilla de Alarcón
-394473;Castilla-La Mancha;Cuenca;Campos del Paraíso;Olmedilla del Campo
-394476;Castilla y León;Valladolid;Olmedo;Olmedo
-394482;Castilla y León;Burgos;Sasamón;Olmillos de Sasamón
-394490;Castilla y León;Burgos;Atapuerca;Olmos de Atapuerca
-394493;Castilla y León;Palencia;Olmos de Ojeda;Olmos de Ojeda
-394496;Comunidad Valenciana;Valencia;Olocau;Olocau
-394497;Comunidad Valenciana;Castellón;Olocau del Rey;Olocau del Rey
-394498;Castilla y León;Segovia;Olombrada;Olombrada
-394499;Cataluña;Gerona;Isòvol;Olopte
-394501;Cataluña;Barcelona;Olost;Olost
-394502;Cataluña;Gerona;Olot;Olot
-394503;Cataluña;Lérida;Sort;Olp
-394504;Aragón;Huesca;Aínsa-Sobrarbe;Olsón
-394508;Andalucía;Almería;Olula del Río;Olula del Río
-394510;Castilla y León;Soria;Ólvega;Ólvega
-394511;Galicia;La Coruña;Ribeira;Olveira
-394515;Andalucía;Cádiz;Olvera;Olvera
-394516;Aragón;Zaragoza;Olvés;Olvés
-394517;Comunidad Foral de Navarra;Comunidad Foral de Navarra;Iza / Itza;Olza
-394523;Principado de Asturias;Principado de Asturias;Pravia;Omedas
-394526;Cataluña;Lérida;Omells de na Gaia, Els;Omells de Nagaya
-394529;Cantabria;Cantabria;Ribamontán al Monte;Omoño
-394531;Castilla y León;Burgos;Oña;Oña
-394536;País Vasco;Guipúzcoa;Oñati;Oñate
-394539;Castilla y León;Soria;Oncala;Oncala
-394544;Castilla y León;León;Valverde de la Virgen;Oncina de la Valdoncina
-394546;Comunidad Valenciana;Castellón;Onda;Onda
-394547;Comunidad Valenciana;Alicante;Ondara;Ondara
-394549;País Vasco;Guipúzcoa;Mutriku;Ondárroa
-394553;Principado de Asturias;Principado de Asturias;Villayón;Oneta
-394554;Cantabria;Cantabria;Suances;Ongayo
-394556;Comunidad Valenciana;Alicante;Onil;Onil
-394558;Principado de Asturias;Principado de Asturias;Onís;Onís
-394560;Principado de Asturias;Principado de Asturias;Villaviciosa;Onón
-394572;Cantabria;Cantabria;Santiurde de Toranzo;Ontaneda
-394573;Comunidad Valenciana;Valencia;Ontinyent;Onteniente
-394575;Castilla-La Mancha;Toledo;Ontígola;Ontígola
-394578;Aragón;Huesca;Ontiñena;Ontiñena
-394581;Cantabria;Cantabria;Castro-Urdiales;Ontón
-394583;Cantabria;Cantabria;Cabezón de la Sal;Ontoria
-394584;Castilla-La Mancha;Albacete;Ontur;Ontur
-394589;Castilla y León;León;Onzonilla;Onzonilla
-394599;Castilla y León;León;Villablino;Orallo
-394604;Galicia;Pontevedra;Estrada, A;Orazo
-394605;Comunidad Valenciana;Alicante;Orba;Orba
-394608;Comunidad Foral de Navarra;Comunidad Foral de Navarra;Orbaizeta;Orbaiceta
-394613;Castilla y León;Burgos;Valle de Sedano;Orbaneja del Castillo
-394614;Castilla y León;Burgos;Orbaneja Riopico;Orbaneja Riopico
-394620;Castilla y León;Ávila;Orbita;Orbita
-394621;Castilla y León;Palencia;Brañosera;Orbó
-394624;Andalucía;Granada;Orce;Orce
-394627;Andalucía;Jaén;Orcera;Orcera
-394629;Comunidad Valenciana;Alicante;Orxeta;Orcheta
-394632;Comunidad Foral de Navarra;Comunidad Foral de Navarra;Orkoien;Orcoyen
-394638;Galicia;La Coruña;Ordes;Ordes
-394640;Galicia;La Coruña;Ordes;Ordes
-394645;Cataluña;Gerona;Borrassà;Ordis
-394650;País Vasco;Vizcaya;Urduña / Orduña;Orduña
-394654;Castilla-La Mancha;Guadalajara;Orea;Orea
-394660;País Vasco;Guipúzcoa;Orexa;Oreja
-394662;Cantabria;Cantabria;Marina de Cudeyo;Orejo
-394663;Castilla y León;León;Borrenes;Orellán
-394665;Extremadura;Badajoz;Orellana de la Sierra;Orellana la Sierra
-394666;Extremadura;Badajoz;Orellana la Vieja;Orellana la Vieja
-394667;Cantabria;Cantabria;Santillana del Mar;Oreña
-394670;Galicia;Orense;Ourense;Ourense
-394674;Aragón;Zaragoza;Orés;Orés
-394677;Cataluña;Lérida;Organyà;Organyà
-394680;Castilla-La Mancha;Toledo;Orgaz;Orgaz
-394682;Andalucía;Almería;Oria;Oria
-394688;Comunidad Foral de Navarra;Comunidad Foral de Navarra;Ezcabarte;Oricáin
-394690;Comunidad Foral de Navarra;Comunidad Foral de Navarra;Olóriz / Oloritz;Oricin
-394692;Comunidad Valenciana;Alicante;Orihuela;Orihuela
-394694;Aragón;Teruel;Orihuela del Tremedal;Orihuela del Tremedal
-394697;Galicia;Orense;Verea;Orille
-394700;Cantabria;Cantabria;Castro-Urdiales;Oriñón
-394702;País Vasco;Guipúzcoa;Orio;Orio
-394707;Comunidad Foral de Navarra;Comunidad Foral de Navarra;Orísoain;Orísoain
-394708;Cataluña;Barcelona;Oristà;Oristà
-394714;Andalucía;Granada;Órgiva;Órgiva
-394716;Principado de Asturias;Principado de Asturias;Caso;Orlé
-394717;País Vasco;Guipúzcoa;Ormaiztegi;Ormáiztegui
-394718;Cantabria;Cantabria;Hermandad de Campoo de Suso;Ormas
-394732;Galicia;Lugo;Ourol;Orol
-394737;Comunidad Foral de Navarra;Comunidad Foral de Navarra;Oronz / Orontze;Oronz
-394738;Castilla-La Mancha;Toledo;Oropesa;Oropesa
-394739;Comunidad Valenciana;Castellón;Oropesa del Mar / Orpesa;Oropesa del Mar
-394742;Comunidad Foral de Navarra;Comunidad Foral de Navarra;Cendea de Olza / Oltza Zendea;Ororbia
-394744;Aragón;Huesca;Biescas;Orós Alto
-394745;Aragón;Huesca;Biescas;Orós Bajo
-394746;Galicia;Pontevedra;Cañiza, A;Oroso
-394747;Galicia;La Coruña;Oroso;Oroso
-394749;Comunidad Foral de Navarra;Comunidad Foral de Navarra;Oroz-Betelu / Orotz-Betelu;Oroz-Betelu
-394751;País Vasco;Vizcaya;Iurreta;Orózqueta
-394752;Cataluña;Barcelona;Orpí;Orpí
-394763;Cataluña;Gerona;Bàscara;Orriols
-394767;Cataluña;Barcelona;Òrrius;Òrrius
-394769;Galicia;La Coruña;Arteixo;Orro
-394773;Comunidad Valenciana;Castellón;Morella;Ortells
-394777;La Rioja;La Rioja;Ortigosa de Cameros;Ortigosa
-394780;Castilla y León;Segovia;Ortigosa del Monte;Ortigosa del Monte
-394781;Castilla y León;Ávila;Manjabálago y Ortigosa de Rioalmar;Ortigosa del Ríoalmar
-394783;Castilla y León;Ávila;Navalperal de Tormes;Ortigosa de Tormes
-394784;Principado de Asturias;Principado de Asturias;Coaña;Ortigueira
-394785;Principado de Asturias;Principado de Asturias;Cabrales;Ortiguero
-394792;Galicia;La Coruña;Ames;Ortoño
-394793;País Vasco;Vizcaya;Ortuella;Ortuella
-394794;País Vasco;Vizcaya;Izurtza;Ortúzar
-394796;Cantabria;Cantabria;Piélagos;Oruña
-394801;Cantabria;Cantabria;Campoo de Yuso;Orzales
-394805;Islas Canarias;Lanzarote;Haría;Órzola
-394813;Castilla-La Mancha;Cuenca;Osa de la Vega;Osa de la Vega
-394817;Cataluña;Lérida;Os de Balaguer;Os de Balaguer
-394820;Galicia;La Coruña;Sada;Osedo
-394823;Castilla y León;León;Oseja de Sajambre;Oseja de Sajambre
-394826;Galicia;Orense;San Cristovo de Cea;Osera
-394829;Aragón;Huesca;Jaca;Osia
-394832;Castilla y León;Soria;Burgo de Osma-Ciudad de Osma;Osma
-394833;País Vasco;Álava;Valdegovía / Gaubea;Osma
-394841;Cataluña;Gerona;Osor;Osor
-394843;Castilla y León;Palencia;Osorno la Mayor;Osorno
-394844;Castilla-La Mancha;Albacete;Ossa de Montiel;Ossa de Montiel
-394846;Cataluña;Lérida;Ossó de Sió;Ossó de Sió
-394848;Andalucía;Sevilla;Osuna;Osuna
-394850;Cantabria;Cantabria;Castro-Urdiales;Otañes
-394859;Comunidad Foral de Navarra;Comunidad Foral de Navarra;Berrioplano / Berriobeiti;Oteiza
-394861;Castilla y León;Burgos;Medina de Pomar;Oteo
-394862;Castilla-La Mancha;Guadalajara;Cifuentes;Oter
-394864;Castilla-La Mancha;Toledo;Otero;Otero
-394881;Principado de Asturias;Principado de Asturias;Cudillero;Otero
-394886;Castilla y León;León;Villaobispo de Otero;Otero de Escarpizo
-394888;Castilla y León;Segovia;Otero de Herreros;Otero de Herreros
-394889;Castilla y León;León;Carrocera;Otero de las Dueñas
-394893;Castilla y León;Zamora;Palacios de Sanabria;Otero de Sanabria
-394909;Andalucía;Granada;Otívar;Otívar
-394910;Aragón;Huesca;Broto;Oto
-394914;Comunidad Valenciana;Valencia;Beniatjar;Otos
-394917;Principado de Asturias;Principado de Asturias;Valdés;Otur
-394918;Andalucía;Granada;Villa de Otura;Otura
-394923;Galicia;Pontevedra;Vilanova de Arousa;Oubiña
-394924;Galicia;La Coruña;Bergondo;Ouces
-394952;Galicia;La Coruña;Outes;Outes
-394957;Galicia;Lugo;Ribeira de Piquín;Ouviaña
-394960;Galicia;Orense;Rubiá;Oval
-394964;Extremadura;Cáceres;Pinofranqueado;Ovejuela
-394970;Principado de Asturias;Principado de Asturias;Oviedo;Oviedo
-394975;Castilla y León;Burgos;Valle de Mena;Ovilla
-394977;Principado de Asturias;Principado de Asturias;Belmonte de Miranda;Oviñana
-394978;Principado de Asturias;Principado de Asturias;Llanes;Ovío
-394979;Galicia;Pontevedra;Oia;Oia
-394980;Galicia;Pontevedra;Vigo;Oya
-394984;Comunidad Foral de Navarra;Comunidad Foral de Navarra;Bertizarana;Oyeregui
-394985;País Vasco;Álava;Oyón-Oion;Oyón
-394991;Galicia;La Coruña;Oza-Cesuras;Oza dos Ríos
-394994;Principado de Asturias;Principado de Asturias;Parres;Ozanes
-394997;Castilla y León;León;Ponferrada;Ozuela
-395001;Galicia;Lugo;Friol;Pacio
-395002;Galicia;Orense;Barco de Valdeorras, O;Pacios
-395008;Galicia;Lugo;Begonte;Pacios
-395017;Galicia;La Coruña;Paderne;Paderne
-395018;Principado de Asturias;Principado de Asturias;Navia;Paderne
-395020;Castilla y León;Ávila;Padiernos;Padiernos
-395025;Castilla-La Mancha;Guadalajara;Hita;Padilla de Hita
-395027;Castilla y León;Zamora;Lubián;Padornelo
-395028;Galicia;Lugo;Pedrafita do Cebreiro;Padornelo
-395035;Galicia;Orense;Padrenda;Padrenda
-395038;Galicia;Pontevedra;Sanxenxo;Padriñán
-395042;Galicia;La Coruña;Padrón;Padrón
-395049;Andalucía;Granada;Padul;El Padul
-395050;Andalucía;Almería;Padules;Padules
-395052;País Vasco;Álava;Laguardia;Páganos
-395053;Andalucía;Almería;Tabernas;Pago Aguilar Bajo
-395060;Comunidad Valenciana;Valencia;Paiporta;Paiporta
-395065;Islas Canarias;Tenerife;Güímar;Pájara
-395066;Islas Canarias;Fuerteventura;Pájara;Pájara
-395073;Castilla-La Mancha;Guadalajara;Brihuega;Pajares
-395075;Castilla y León;Burgos;Valle de Tobalina;Pajares
-395076;Principado de Asturias;Principado de Asturias;Lena;Pajares
-395087;Castilla y León;Zamora;Pajares de la Lampreana;Pajares de la Lampreana
-395088;Castilla y León;León;Pajares de los Oteros;Pajares de los Oteros
-395095;Castilla-La Mancha;Cuenca;Pajaroncillo;Pajaroncillo
-395100;Galicia;Pontevedra;Nigrán;Pajón
-395106;Castilla y León;Ávila;Sotalbo;Palacio
-395107;Cantabria;Cantabria;Valle de Villaverde;Palacio
-395115;Principado de Asturias;Principado de Asturias;Pravia;Palación
-395132;Castilla y León;León;Palacios de la Valduerna;Palacios de la Valduerna
-395135;Castilla y León;Burgos;Palacios de Riopisuerga;Palacios de Riopisuerga
-395138;Castilla y León;Zamora;Palacios de Sanabria;Palacios de Sanabria
-395148;Cataluña;Gerona;Palafrugell;Palafrugell
-395149;Cataluña;Gerona;Palamós;Palamós
-395165;Comunidad Valenciana;Castellón;Zorita del Maestrazgo;Palanques
-395169;Galicia;Lugo;Palas de Rei;Palas de Rei
-395171;Cataluña;Lérida;Palau d'Anglesola, El;Palau d'Anglesola
-395172;Cataluña;Lérida;Tremp;Palau de Noguera
-395173;Cataluña;Gerona;Palau de Santa Eulàlia;Palau de Santa Eulàlia
-395174;Cataluña;Gerona;Palau-saverdera;Palau-saverdera
-395176;Cataluña;Gerona;Palau-sator;Palau-sator
-395186;Castilla y León;Valladolid;Palazuelo de Vedija;Palazuelo de Vedija
-395188;Región de Murcia;Región de Murcia;Mazarrón;Palazuelos
-395189;Castilla-La Mancha;Guadalajara;Sigüenza;Palazuelos
-395191;Castilla y León;Segovia;Palazuelos de Eresma;Palazuelos de Eresma
-395195;Castilla y León;Palencia;Palencia;Palencia
-395198;Andalucía;Córdoba;Palenciana;Palenciana
-395200;Galicia;La Coruña;Carral;Paleo
-395208;Cataluña;Tarragona;Pallaresos, Els;Pallaresos
-395216;Cataluña;Barcelona;Pallejà;Pallejà
-395218;Castilla y León;León;Reyero;Pallide
-395221;Castilla-La Mancha;Guadalajara;Pálmaces de Jadraque;Pálmaces de Jadraque
-395222;Comunidad Valenciana;Valencia;Palma de Gandía;Palma de Gandía
-395223;Andalucía;Córdoba;Palma del Río;Palma del Río
-395224;Islas Baleares;Mallorca;Palma de Mallorca;Palma de Mallorca
-395229;Galicia;La Coruña;Pobra do Caramiñal, A;Palmeira
-395231;Comunidad Valenciana;Valencia;Palmera;Palmera
-395233;Cataluña;Barcelona;Borredà;Palmerola
-395234;Galicia;Orense;Ourense;Palmés
-395238;Andalucía;Cádiz;Barrios, Los;Palmones
-395240;Aragón;Huesca;Palo;Palo
-395250;Cataluña;Gerona;Quart;Palol de Oñar
-395251;Cataluña;Gerona;Palol de Revardit;Palol de Revardit
-395256;Andalucía;Córdoba;Puente Genil;Palomar
-395263;Andalucía;Almería;Cuevas del Almanzora;Palomares
-395264;Castilla y León;Salamanca;Béjar;Palomares
-395270;Andalucía;Sevilla;Palomares del Río;Palomares del Río
-395282;Castilla-La Mancha;Cuenca;Palomera;Palomera
-395286;Extremadura;Cáceres;Palomero;Palomero
-395295;Andalucía;Huelva;Palos de la Frontera;Palos de la Frontera
-395298;Cataluña;Gerona;Pals;Pals
-395305;Andalucía;Granada;Pampaneira;Pampaneira
-395307;Castilla y León;Burgos;Pampliega;Pampliega
-395308;Comunidad Foral de Navarra;Comunidad Foral de Navarra;Pamplona / Iruña;Pamplona
-395313;Principado de Asturias;Principado de Asturias;Llanes;Pancar
-395315;Galicia;La Coruña;Carnota;Panchés
-395317;Castilla y León;Burgos;Pancorbo;Pancorbo
-395321;Principado de Asturias;Principado de Asturias;Piloña;Pandavenes
-395328;Principado de Asturias;Principado de Asturias;Cabrales;Pandiello
-395339;Cantabria;Cantabria;Santiurde de Toranzo;Pando
-395341;Principado de Asturias;Principado de Asturias;Oviedo;Pando
-395345;Cantabria;Cantabria;Ruiloba;Pando
-395347;Principado de Asturias;Principado de Asturias;Ribadesella;Pando
-395354;Principado de Asturias;Principado de Asturias;Peñamellera Baja;Panes
-395362;Aragón;Huesca;Graus;Panillo
-395367;Galicia;Pontevedra;Nigrán;Panjón
-395371;Extremadura;Cáceres;Alía;Pantano de Cijara
-395375;Aragón;Huesca;Panticosa;Panticosa
-395376;Galicia;La Coruña;Valdoviño;Pantín
-395381;Galicia;Lugo;Pantón;Pantón
-395383;Aragón;Huesca;Casbas de Huesca;Panzano
-395384;La Rioja;La Rioja;Viguera;Panzares
-395387;Castilla y León;Ávila;Papatrigo;Papatrigo
-395389;Cataluña;Barcelona;Papiol, El;Papiol
-395390;Cataluña;Tarragona;Llorenç del Penedès;Papiolet
-395394;Principado de Asturias;Principado de Asturias;Peñamellera Baja;Para
-395397;Comunidad de Madrid;Comunidad de Madrid;Paracuellos de Jarama;Paracuellos de Jarama
-395400;Galicia;Pontevedra;Nigrán;Parada
-395402;Galicia;Pontevedra;Ponte Caldelas;Parada
-395403;Galicia;Orense;Pereiro de Aguiar, O;Parada
-395408;Galicia;Pontevedra;Estrada, A;Parada
-395416;Galicia;Pontevedra;Cañiza, A;Parada de Achas
-395421;Galicia;Orense;Parada de Sil;Parada del Sil
-395427;Galicia;Lugo;Pobra do Brollón, A;Parada dos Montes
-395432;Andalucía;Sevilla;Paradas;Paradas
-395442;Galicia;Orense;Nogueira de Ramuín;Paradela
-395443;Galicia;Pontevedra;Meis;Paradela
-395447;Galicia;Lugo;Paradela;Paradela
-395457;Castilla y León;León;Toral de los Vados;Paradela del Río
-395475;Castilla y León;Burgos;Merindad de Cuesta-Urria;Paralacuesta
-395478;Castilla y León;Zamora;Robleda-Cervantes;Paramio
-395482;Principado de Asturias;Principado de Asturias;Teverga;Páramo
-395494;Comunidad Valenciana;Alicante;Teulada;Paratella
-395495;Andalucía;Málaga;Parauta;Parauta
-395498;Cantabria;Cantabria;Piélagos;Parbayón
-395499;Comunidad Valenciana;Alicante;Parcent;Parcent
-395511;Galicia;Orense;Rubiá;Pardellán
-395513;Galicia;Pontevedra;Salceda de Caselas;Parderrubias
-395519;Castilla y León;Burgos;Pardilla;Pardilla
-395523;Cataluña;Gerona;Pardines;Pardines
-395525;Aragón;Huesca;Sabiñánigo;Pardinilla
-395539;Comunidad de Madrid;Comunidad de Madrid;Puentes Viejas;Paredes de Buitrago
-395542;Castilla y León;Palencia;Paredes de Nava;Paredes de Nava
-395547;Castilla-La Mancha;Guadalajara;Pareja;Pareja
-395550;Cataluña;Barcelona;Parets del Vallès;Parets del Vallès
-395551;Cataluña;Gerona;Pontós;Parets d'Empordà
-395552;Cataluña;Gerona;Vilademuls;Parets de Dalt
-395554;Galicia;Lugo;Guitiriz;Parga
-395562;Comunidad de Madrid;Comunidad de Madrid;Parla;Parla
-395563;Cataluña;Gerona;Parlavà;Parlavà
-395579;Principado de Asturias;Principado de Asturias;Parres;San Juan de Parres
-395580;Principado de Asturias;Principado de Asturias;Llanes;Parres de Llanes
-395590;Castilla-La Mancha;Toledo;Parrillas;Parrillas
-395596;Andalucía;Almería;Partaloa;Partaloa
-395604;Andalucía;Sevilla;Aznalcázar;Partido de Resina
-395605;Comunidad Valenciana;Alicante;Altea;Partidor
-395606;Galicia;Orense;Carballiño, O;Partovia
-395607;Aragón;Huesca;Bielsa;Parzán
-395618;Galicia;Pontevedra;Guarda, A;Pasaje
-395621;País Vasco;Guipúzcoa;Donostia / San Sebastián;Pasajes Ancho
-395622;País Vasco;Guipúzcoa;Pasaia;Pasaia
-395623;País Vasco;Guipúzcoa;Donostia / San Sebastián;Pasai San Pedro
-395626;Galicia;Lugo;Triacastela;Pasantes
-395633;Extremadura;Cáceres;Pasarón de la Vera;Pasarón
-395636;Galicia;Lugo;Samos;Pascáis
-395651;Castilla y León;Salamanca;Pastores;Pastores
-395654;Galicia;Lugo;Pastoriza, A;Pastoriza
-395659;Castilla-La Mancha;Guadalajara;Pastrana;Pastrana
-395665;Comunidad Valenciana;Valencia;Paterna;Paterna
-395667;Andalucía;Huelva;Paterna del Campo;Paterna del Campo
-395668;Castilla-La Mancha;Albacete;Paterna del Madera;Paterna del Madera
-395669;Andalucía;Almería;Paterna del Río;Paterna del Río
-395670;Andalucía;Cádiz;Paterna de Rivera;Paterna de Rivera
-395673;Comunidad de Madrid;Comunidad de Madrid;Patones;Patones
-395674;Andalucía;Huelva;Almonaster la Real;Patrás
-395676;Comunidad Valenciana;Alicante;Vall de Gallinera;Patró
-395678;Cataluña;Gerona;Pau;Pau
-395684;Andalucía;Granada;Guadix;Paulenca
-395687;Aragón;Huesca;Aínsa-Sobrarbe;Paúles
-395692;Cataluña;Tarragona;Paüls;Paüls
-395693;Cataluña;Lérida;Torre de Cabdella, La;Pauls de Flamisells
-395696;Comunidad Valenciana;Castellón;Pavías;Pavías
-395711;Galicia;Orense;Esgos;Pazos
-395727;Andalucía;Jaén;Peal de Becerro;Peal de Becerro
-395728;Galicia;Orense;Peroxa, A;Peares
-395734;Andalucía;Almería;Pechina;Pechina
-395737;Cantabria;Cantabria;Val de San Vicente;Pechón
-395744;País Vasco;Vizcaya;Sukarrieta;Pedernales
-395745;Galicia;Pontevedra;Oia;Pedornes
-395748;Galicia;La Coruña;Carnota;Pedrafigueira
-395751;Castilla y León;Soria;Soria;Pedrajas
-395754;Comunidad Valenciana;Valencia;Pedralba;Pedralba
-395758;Comunidad Valenciana;Alicante;Benissa;Pedramala
-395760;Castilla y León;Segovia;Pedraza;Pedraza
-395767;Castilla y León;Zamora;Galende;Pedrazales
-395770;Galicia;Pontevedra;Cerdedo-Cotobade;Pedre
-395783;Comunidad Valenciana;Alicante;Pedreguer;Pedreguer
-395786;Cantabria;Cantabria;Marina de Cudeyo;Pedreña
-395788;Cantabria;Cantabria;Rionansa;Pedreo
-395789;Andalucía;Sevilla;Pedrera;Pedrera
-395790;Principado de Asturias;Principado de Asturias;Siero;Pedrera
-395798;Comunidad de Madrid;Comunidad de Madrid;Pedrezuela;Pedrezuela
-395814;Andalucía;Córdoba;Pedro Abad;Pedro Abad
-395815;Islas Canarias;Tenerife;San Cristóbal de La Laguna;Pedro Álvarez
-395817;Castilla-La Mancha;Albacete;Nerpio; 
-395819;Islas Canarias;Lanzarote;Teguise;Pedro Barba
-395821;Castilla y León;Ávila;Pedro Bernardo;Pedro Bernardo
-395824;Andalucía;Córdoba;Pedroche;Pedroche
-395833;Aragón;Zaragoza;Pedrola;Pedrola
-395838;Andalucía;Granada;Pedro Martínez;Pedro Martínez
-395842;Castilla-La Mancha;Ciudad Real;Pedro Muñoz;Pedro Muñoz
-395849;Castilla y León;Ávila;Pedro-Rodríguez;Pedro-Rodríguez
-395855;Castilla y León;Burgos;Merindad de Valdeporres;Pedrosa
-395856;Principado de Asturias;Principado de Asturias;Sariego;Pedrosa
-395862;Castilla y León;Valladolid;Pedrosa del Rey;Pedrosa del Rey
-395866;Castilla y León;Burgos;Valle de Tobalina;Pedrosa de Tobalina
-395871;Castilla y León;Salamanca;Pedrosillo el Ralo;Pedrosillo el Ralo
-395874;Cantabria;Cantabria;Villacarriedo;Pedroso
-395875;Principado de Asturias;Principado de Asturias;Onís;Pedroso
-395883;Extremadura;Cáceres;Pedroso de Acim;Pedroso de Acim
-395887;Galicia;La Coruña;Pino, O;O Pedrouzo
-395892;Principado de Asturias;Principado de Asturias;Santo Adriano;Pedroveya
-395895;Aragón;Huesca;Bierge;Pedruel
-395897;Principado de Asturias;Principado de Asturias;Oviedo;Pedruño
-395901;Andalucía;Jaén;Pegalajar;Pegalajar
-395908;Castilla y León;Ávila;Peguerinos;Peguerinos
-395919;Castilla y León;Salamanca;Pelabravo;Pelabravo
-395920;Cataluña;Gerona;Ventalló;Pelacalç
-395934;Castilla-La Mancha;Toledo;Pelahustán;Pelahustán
-395941;Comunidad de Madrid;Comunidad de Madrid;Pelayos de la Presa;Pelayos de la Presa
-395942;Castilla y León;Segovia;Pelayos del Arroyo;Pelayos del Arroyo
-395946;Castilla-La Mancha;Guadalajara;Sigüenza;Pelegrina
-395951;Andalucía;Granada;Peligros;Peligros
-395956;Extremadura;Badajoz;Herrera del Duque;Peloche
-395965;Cantabria;Cantabria;Camaleño;Pembes
-395966;Principado de Asturias;Principado de Asturias;Amieva;Pen
-395983;Galicia;Lugo;Barreiros;Pena
-396001;Castilla y León;Salamanca;Peñacaballera;Peñacaballera
-396006;Castilla y León;Burgos;Santo Domingo de Silos;Peñacoba
-396013;Galicia;Orense;Pobra de Trives, A;Peña de Folenche
-396017;Región de Murcia;Región de Murcia;Jumilla;Peña de la Zafra de Abajo
-396027;Castilla y León;Valladolid;Peñafiel;Peñafiel
-396028;Andalucía;Sevilla;Peñaflor;Peñaflor
-396041;Cantabria;Cantabria;Penagos;Penagos
-396043;Comunidad Valenciana;Alicante;Penàguila;Penàguila
-396051;Comunidad Valenciana;Castellón;Segorbe;Peñalba
-396052;Comunidad Valenciana;Castellón;Segorbe;Peñalba
-396053;Castilla y León;Ávila;Peñalba de Ávila;Peñalba de Ávila
-396059;Castilla y León;Soria;San Esteban de Gormaz;Peñalba de San Esteban
-396060;Castilla y León;León;Ponferrada;Peñalba de Santiago
-396063;Castilla-La Mancha;Guadalajara;Peñalén;Peñalén
-396087;Castilla y León;Salamanca;Peñaranda de Bracamonte;Peñaranda de Bracamonte
-396088;Castilla y León;Burgos;Peñaranda de Duero;Peñaranda de Duero
-396095;Aragón;Teruel;Peñarroya de Tastavins;Peñarroya de Tastavins
-396096;Andalucía;Córdoba;Peñarroya-Pueblonuevo;Peñarroya-Pueblonuevo
-396099;Castilla-La Mancha;Albacete;Elche de la Sierra;Peñarrubia
-396104;Andalucía;Jaén;Segura de la Sierra;Peña Rubia
-396122;Castilla-La Mancha;Albacete;Peñascosa;Peñascosa
-396125;Galicia;Lugo;Chantada;Penasillás
-396130;Castilla y León;Segovia;Escobar de Polendos;Peñasrubias de Pirón
-396132;Castilla y León;Zamora;Peñausende;Peñausende
-396140;Castilla y León;León;Villamanín;Pendilla
-396144;Principado de Asturias;Principado de Asturias;Llanes;Pendueles
-396148;Galicia;La Coruña;Zas;Penedo
-396156;Cataluña;Lérida;Penelles;Penellas
-396158;Principado de Asturias;Principado de Asturias;Morcín;Peñerudes
-396163;Comunidad Valenciana;Castellón;Peníscola / Peñíscola;Peñíscola
-396164;Andalucía;Jaén;Puente de Génave;Peñolite
-396178;Galicia;Orense;Esgos;Pensos
-396180;Principado de Asturias;Principado de Asturias;Piloña;Peñueco
-396184;Principado de Asturias;Principado de Asturias;Villaviciosa;Peón
-396188;Galicia;Orense;Castrelo do Val;Pepín
-396211;Cataluña;Lérida;Llobera;Peracamps
-396213;Cataluña;Barcelona;Perafita;Perafita
-396221;Castilla y León;Burgos;Peral de Arlanza;Peral de Arlanza
-396223;Extremadura;Cáceres;Peraleda de la Mata;Peraleda de la Mata
-396227;Comunidad de Madrid;Comunidad de Madrid;Valdemorillo;Peralejo
-396229;Aragón;Teruel;Peralejos;Peralejos
-396230;Castilla y León;Salamanca;Peralejos de Abajo;Peralejos de Abajo
-396232;Castilla-La Mancha;Guadalajara;Peralejos de las Truchas;Peralejos de las Truchas
-396240;Extremadura;Cáceres;Perales del Puerto;Perales del Puerto
-396243;Comunidad de Madrid;Comunidad de Madrid;Perales de Tajuña;Perales de Tajuña
-396247;Cataluña;Tarragona;Renau;Peralta
-396252;Aragón;Huesca;Peralta de Calasanz;Peralta de la Sal
-396253;Aragón;Huesca;Peraltilla;Peraltilla
-396257;Cataluña;Lérida;Peramola;Peramola
-396262;Castilla y León;León;Peranzanes;Peranzanes
-396265;Cataluña;Gerona;Forallac;Peratallada
-396266;Castilla y León;Palencia;Cervera de Pisuerga;Perazancas
-396268;Galicia;La Coruña;Pontedeume;Perbes
-396298;Castilla y León;León;Candín;Pereda de Ancares
-396300;Castilla y León;León;Pola de Gordón, La;Peredilla
-396304;Galicia;Orense;Entrimo;Pereira
-396321;Galicia;Orense;Mezquita, A;Pereiro
-396323;Galicia;Lugo;Alfoz;Pereiro
-396325;Galicia;Orense;Pereiro de Aguiar, O;Pereiro de Aguiar
-396327;Castilla y León;León;Villafranca del Bierzo;Pereje
-396331;Cataluña;Tarragona;Perelló, El;El Perelló
-396332;Castilla y León;Salamanca;Pereña de la Ribera;Pereña
-396336;Castilla y León;Zamora;Pereruela;Pereruela
-396342;Andalucía;Málaga;Periana;Periana
-396346;Cantabria;Cantabria;Cabezón de la Sal;Periedo
-396350;Galicia;La Coruña;Oleiros;Perillo
-396352;Región de Murcia;Región de Murcia;Cartagena;Perín
-396357;Principado de Asturias;Principado de Asturias;Cangas de Onís;Perlleces
-396358;Principado de Asturias;Principado de Asturias;Carreño;Perlora
-396360;Principado de Asturias;Principado de Asturias;Somiedo;Perlunes
-396371;Castilla y León;Segovia;Sepúlveda;Perorrubio
-396383;Cantabria;Cantabria;Cabezón de Liébana;Perrozo
-396390;Principado de Asturias;Principado de Asturias;Cangas de Onís;Peruyes
-396395;Cantabria;Cantabria;Pesaguero;Pesaguero-La Parte
-396403;Extremadura;Cáceres;Pescueza;Pescueza
-396416;Cantabria;Cantabria;Pesquera;Pesquera
-396418;Castilla y León;Valladolid;Pesquera de Duero;Pesquera de Duero
-396419;Castilla y León;Burgos;Valle de Sedano;Pesquera de Ebro
-396422;Castilla y León;Valladolid;Simancas;Pesqueruela
-396424;Cantabria;Cantabria;Val de San Vicente;Pesués
-396426;Galicia;Pontevedra;Mos;Petelos
-396428;Comunidad Foral de Navarra;Comunidad Foral de Navarra;Petilla de Aragón;Petilla de Aragón
-396429;Galicia;Orense;Petín;Petín
-396432;Islas Baleares;Mallorca;Petra;Petra
-396436;Comunidad Valenciana;Alicante;Petrer;Petrer
-396437;Comunidad Valenciana;Valencia;Petrés;Petrés
-396439;Castilla-La Mancha;Albacete;Pétrola;Pétrola
-396447;Castilla-La Mancha;Guadalajara;Pioz;Pezuela de las Torres
-396453;Principado de Asturias;Principado de Asturias;Franco, El;Piantes
-396456;Galicia;Pontevedra;Ponteareas;Pías
-396459;Cantabria;Cantabria;Cabezón de Liébana;Piasca
-396471;Comunidad Valenciana;Valencia;Picanya;Picaña
-396475;Comunidad Valenciana;Valencia;Picassent;Picasent
-396481;Andalucía;Granada;Nevada;Picena
-396486;Islas Canarias;Gran Canaria;Santa María de Guía de Gran Canaria;Pico de Viento
-396487;Castilla-La Mancha;Ciudad Real;Picón;Picón
-396489;Galicia;Pontevedra;Salceda de Caselas;Picoña
-396492;Principado de Asturias;Principado de Asturias;Llanes;Picones
-396493;Principado de Asturias;Principado de Asturias;Llanes;Picones
-396501;Cantabria;Cantabria;Camaleño;Pido
-396502;Galicia;Lugo;Palas de Rei;Pidre
-396505;Cantabria;Cantabria;Bárcena de Pie de Concha;Pie de Concha
-396506;Principado de Asturias;Principado de Asturias;Carreño;Piedeloro
-396512;Castilla-La Mancha;Ciudad Real;Piedrabuena;Piedrabuena
-396520;Galicia;Lugo;Pedrafita do Cebreiro;Piedrafita
-396530;Aragón;Huesca;Biescas;Piedrafita de Jaca
-396532;Castilla y León;Ávila;Piedrahíta;Piedrahíta
-396534;Cantabria;Cantabria;Noja;Piedrahita
-396535;Castilla y León;Zamora;Piedrahita de Castro;Piedrahita de Castro
-396539;Castilla y León;Ávila;Piedralaves;Piedralaves
-396540;Castilla y León;León;Santiago Millas;Piedralba
-396555;Principado de Asturias;Principado de Asturias;Castrillón;Piedras Blancas
-396560;Castilla y León;León;Carrocera;Piedrasecha
-396565;Cataluña;Barcelona;Piera;Piera
-396585;Andalucía;Almería;Pulpí;Pilar de Jaravía
-396586;Comunidad Valenciana;Alicante;Pilar de la Horadada;Pilar de la Horadada
-396589;Andalucía;Sevilla;Pilas;Pilas
-396603;Comunidad Valenciana;Valencia;Piles;Piles
-396609;Principado de Asturias;Principado de Asturias;Piloña;Piloña
-396617;Principado de Asturias;Principado de Asturias;Ribadedeva;Pimiango
-396621;Islas Baleares;Mallorca;Algaida;Pina
-396622;Castilla y León;Palencia;Piña de Campos;Piña de Campos
-396625;Comunidad Valenciana;Castellón;Pina de Montalgrao;Pina de Montalgrao
-396669;Castilla y León;Burgos;Pineda de la Sierra;Pineda de la Sierra
-396670;Castilla y León;Salamanca;Pinedas;Pinedas
-396675;Comunidad Valenciana;Valencia;Valencia;Pinedo
-396685;Galicia;Lugo;Ribadeo;Piñeira
-396694;Galicia;Pontevedra;Covelo;Piñeiro
-396695;Galicia;Pontevedra;Marín;Piñeiro
-396696;Galicia;Orense;Maside;Piñeiro
-396721;Cataluña;Tarragona;Pinell de Brai, El;Pinell de Bray
-396730;Principado de Asturias;Principado de Asturias;Navia;Piñera
-396733;Principado de Asturias;Principado de Asturias;Aller;Piñeres
-396735;Principado de Asturias;Principado de Asturias;Llanes;Piñeres
-396755;Castilla y León;Segovia;Santa María la Real de Nieva;Pinilla Ambroz
-396762;Castilla y León;Burgos;Pinilla de los Barruecos;Pinilla de los Barruecos
-396764;Comunidad de Madrid;Comunidad de Madrid;Pinilla del Valle;Pinilla del Valle
-396773;Castilla y León;Zamora;Pino del Oro;Pino
-396784;Extremadura;Cáceres;Pinofranqueado;Pinofranqueado
-396788;Galicia;Orense;Barbadás;Piñor
-396789;Galicia;Orense;Piñor;Piñor
-396792;Comunidad Valenciana;Alicante;Benissa;Piños
-396801;Andalucía;Granada;Pinar, El;Pinos del Valle
-396802;Andalucía;Granada;Pinos Genil;Pinos Genil
-396803;Comunidad Valenciana;Alicante;Pinós, el / Pinoso;El Pinós (Pinoso)
-396804;Andalucía;Granada;Pinos Puente;Pinos Puente
-396805;Aragón;Zaragoza;Pinseque;Pinseque
-396810;Aragón;Zaragoza;Pintanos, Los;Pintano
-396814;Comunidad de Madrid;Comunidad de Madrid;Pinto;Pinto
-396819;Principado de Asturias;Principado de Asturias;Piloña;Pintueles
-396820;Comunidad de Madrid;Comunidad de Madrid;Piñuécar-Gandullas;Piñuécar
-396827;Galicia;Pontevedra;Tomiño;Pinzás
-396832;Extremadura;Cáceres;Piornal;Piornal
-396837;Castilla y León;León;Candín;Piornedo
-396842;La Rioja;La Rioja;Ocón;Pipaona
-396853;Galicia;Lugo;Ribeira de Piquín;Ribeira de Piquin
-396854;Cataluña;Tarragona;Pira;Pira
-396866;Principado de Asturias;Principado de Asturias;Villaviciosa;Pisones
-396870;Cantabria;Cantabria;Selaya;Pisueña
-396882;Comunidad Foral de Navarra;Comunidad Foral de Navarra;Pitillas;Pitillas
-396886;Andalucía;Granada;Taha, La;Pitres
-396891;Andalucía;Málaga;Pizarra;Pizarra
-396904;Cataluña;Tarragona;Pla de Santa Maria, El;Pla de Cabra
-396905;Cataluña;Barcelona;Pla del Penedès, El;Pla del Penedès
-396907;Comunidad Valenciana;Valencia;Paterna;Pla del Pou
-396908;Islas Baleares;Mallorca;Marratxí;Pla de Na Tesa
-396909;Cataluña;Lérida;Ribera d'Urgellet;Pla de Sant Tirs
-396912;Aragón;Huesca;Plan;Plan
-396915;Región de Murcia;Región de Murcia;Cartagena;Plana
-396927;Comunidad Valenciana;Alicante;Planes;Planes
-396929;Aragón;Huesca;Fiscal;Planillo
-396932;Cataluña;Gerona;Planoles;Planoles
-396935;Extremadura;Cáceres;Plasencia;Plasencia
-396938;Aragón;Huesca;Sotonera, La;Plasencia del Monte
-396940;Extremadura;Cáceres;Plasenzuela;Plasenzuela
-396945;Comunidad Valenciana;Valencia;Oliva;Playa Oliva Nova
-396946;Islas Canarias;Lanzarote;Yaiza;Playa Blanca
-396947;Cataluña;Gerona;Castell-Platja d'Aro;Playa de Aro
-396949;Región de Murcia;Región de Murcia;Cartagena;Playa de los Nietos
-396950;Comunidad Valenciana;Valencia;Puçol;Playa de Mar
-396951;Islas Canarias;La Gomera;Alajeró;Playa de Santiago
-396957;Cataluña;Barcelona;Palau-solità i Plegamans;Palau-Solità i Plegamans
-396959;Aragón;Teruel;Blesa;Plenas
-396960;País Vasco;Vizcaya;Plentzia;Plentzia
-396963;Región de Murcia;Región de Murcia;Pliego;Pliego
-396975;País Vasco;Álava;Erriberagoitia / Ribera Alta;Pobes
-396976;Cantabria;Cantabria;Valderredible;Población de Abajo
-396980;Castilla y León;Palencia;Población de Campos;Población de Campos
-396984;Cataluña;Lérida;Pobla de Cérvoles, La;La Pobla de Cérvoles
-396986;Cataluña;Tarragona;Pobla de Massaluca, La;Pobla de Masaluca
-396987;Cataluña;Tarragona;Pobla de Montornès, La;La Pobla de Montornès
-396988;Cataluña;Lérida;Pobla de Segur, La;La Pobla de Segur
-396990;Castilla y León;Zamora;Mahide;Pobladura de Aliste
-396994;Castilla y León;León;Igüeña;Pobladura de las Regueras
-397002;Cataluña;Lérida;Torre de Cabdella, La;La Pobleta de Bellvei
-397007;Cataluña;Tarragona;Poboleda;Poboleda
-397021;Galicia;Orense;Bola, A;Podentes
-397030;Principado de Asturias;Principado de Asturias;Allande;Pola de Allande
-397031;Principado de Asturias;Principado de Asturias;Laviana;Pola de Laviana
-397032;Principado de Asturias;Principado de Asturias;Lena;Pola de Lena
-397033;Principado de Asturias;Principado de Asturias;Aller;Pola de pino
-397034;Principado de Asturias;Principado de Asturias;Siero;Siero
-397035;Principado de Asturias;Principado de Asturias;Somiedo;Pola de Somiedo
-397039;Castilla-La Mancha;Toledo;Polán;Polán
-397046;Castilla y León;Palencia;Cervera de Pisuerga;Polentinos
-397049;Andalucía;Granada;Polícar;Polícar
-397051;Cantabria;Cantabria;Valderredible;Polientes
-397052;Comunidad Valenciana;Valencia;Polinyà de Xúquer;Poliñá de Júcar
-397056;Islas Baleares;Mallorca;Pollença;Pollensa
-397059;Castilla y León;Valladolid;Pollos;Pollos
-397063;Comunidad Valenciana;Alicante;Polop;Polop de la Marina
-397067;Andalucía;Granada;Polopos;Polopos
-397069;Andalucía;Jaén;Hornos;Polvillar
-397071;Castilla y León;León;Burón;Polvoredo
-397073;Cantabria;Cantabria;Castañeda;Pomaluengo
-397076;Cantabria;Cantabria;Guriezo;Pomar
-397077;Castilla y León;Palencia;Pomar de Valdivia;Pomar de Valdivia
-397079;Galicia;La Coruña;Zas;Pombal
-397086;Principado de Asturias;Principado de Asturias;Llanera;Pondal
-397088;Castilla y León;León;Ponferrada;Ponferrada
-397094;Cataluña;Lérida;Ponts;Ponts
-397097;Cataluña;Tarragona;Pont d'Armentera, El;El Pont d'Armentera
-397099;Cataluña;Gerona;Pont de Molins;Pont de Molins
-397100;Cataluña;Lérida;Pont de Suert, El;Pont de Suert
-397101;Islas Baleares;Mallorca;Marratxí;Pont d'Inca
-397110;Cantabria;Cantabria;Marina de Cudeyo;Pontejos
-397117;Galicia;Pontevedra;Pontevedra;Pontevedra
-397125;Cataluña;Tarragona;Pontils;Pontils
-397133;Andalucía;Jaén;Santiago-Pontones;Pontón Alto
-397134;Andalucía;Jaén;Santiago-Pontones;Pontones
-397135;Cantabria;Cantabria;Ribamontán al Monte;Pontones
-397137;Cataluña;Barcelona;Pontons;Pontons
-397139;Cataluña;Gerona;Pontós;Pontós
-397141;Principado de Asturias;Principado de Asturias;Cabrales;Poo de Cabrales
-397142;Principado de Asturias;Principado de Asturias;Llanes;Póo
-397151;Principado de Asturias;Principado de Asturias;Salas;Porciles
-397154;Andalucía;Jaén;Porcuna;Porcuna
-397157;Islas Canarias;Tenerife;Arico;Porís de Abona
-397163;Galicia;Orense;Muíños;Porqueirós
-397165;Galicia;Orense;Porqueira;Porqueira
-397169;Castilla y León;Palencia;Barruelo de Santullán;Porquera de Santullán
-397170;Cataluña;Gerona;Porqueres;Porqueres
-397180;Cataluña;Tarragona;Porrera;Porrera
-397181;Islas Baleares;Mallorca;Porreres;Porreras
-397183;Principado de Asturias;Principado de Asturias;Morcín;Porrimán
-397185;Galicia;Pontevedra;Porriño, O;Porriño
-397191;Principado de Asturias;Principado de Asturias;Llanes;Porrúa
-397192;Galicia;La Coruña;Sobrado;Porta
-397201;Galicia;Pontevedra;Portas;Portas
-397205;Cataluña;Gerona;Portbou;Portbou
-397210;Castilla y León;León;Sobrado;Portela
-397211;Galicia;Pontevedra;Meis;Portela
-397219;Galicia;Orense;Petín;Portela de Portomourisco
-397222;Cataluña;Lérida;Sant Ramon;Portell
-397225;Comunidad Valenciana;Castellón;Portell de Morella;Portell de Morella
-397241;Castilla y León;León;Boca de Huérgano;Portilla de la Reina
-397247;Castilla y León;Valladolid;Portillo;Portillo
-397248;Cantabria;Cantabria;Val de San Vicente;Portillo
-397252;Castilla-La Mancha;Toledo;Portillo de Toledo;Portillo de Toledo
-397256;Región de Murcia;Región de Murcia;Unión, La;Portman
-397269;Galicia;Lugo;Xove;Portocelo
-397270;Islas Baleares;Mallorca;Felanitx;Portocolom
-397271;Islas Baleares;Mallorca;Manacor;Porto Cristo
-397276;Galicia;Orense;Petín;Portomourisco
-397279;Galicia;Pontevedra;Sanxenxo;Portonovo
-397280;Islas Baleares;Mallorca;Santanyí;Portopetro
-397283;Galicia;La Coruña;Porto do Son;Portosín
-397288;País Vasco;Vizcaya;Portugalete;Portugalete
-397289;Andalucía;Granada;Pórtugos;Pórtugos
-397290;Región de Murcia;Región de Murcia;Cartagena;Portús
-397295;Castilla-La Mancha;Ciudad Real;Porzuna;Porzuna
-397298;Principado de Asturias;Principado de Asturias;Llanes;Posada
-397299;Principado de Asturias;Principado de Asturias;Llanera;Posada
-397302;Principado de Asturias;Principado de Asturias;Cangas del Narcea;Posada de Rengos
-397303;Castilla y León;León;Posada de Valdeón;Posada de Valdeón
-397304;Andalucía;Córdoba;Posadas;Posadas
-397309;Andalucía;Córdoba;Fuente Obejuna;Posadilla
-397321;Cantabria;Cantabria;Potes;Potes
-397325;Comunidad Valenciana;Valencia;Potries;Potríes
-397334;Galicia;La Coruña;Boqueixón;Pousada
-397347;Castilla-La Mancha;Guadalajara;Poveda de la Sierra;Poveda de la Sierra
-397348;Castilla-La Mancha;Albacete;Povedilla;Povedilla
-397350;País Vasco;Vizcaya;Zierbena;Poveña
-397351;Castilla y León;Ávila;Poyales del Hoyo;Poyales del Hoyo
-397354;Castilla-La Mancha;Cuenca;Poyatos;Poyatos
-397363;Castilla y León;Burgos;Poza de la Sal;Poza de la Sal
-397365;Castilla y León;Valladolid;Pozal de Gallinas;Pozal de Gallinas
-397366;Castilla y León;Valladolid;Pozaldez;Pozaldez
-397369;Castilla y León;Ávila;Pozanco;Pozanco
-397371;Castilla-La Mancha;Guadalajara;Sigüenza;Pozancos
-397373;Aragón;Huesca;Pozán de Vero;Pozán de Vero
-397387;Andalucía;Jaén;Pozo Alcón;Pozo Alcón
-397389;Castilla-La Mancha;Cuenca;Pozoamargo;Pozoamargo
-397393;Andalucía;Córdoba;Pozoblanco;Pozoblanco
-397394;Comunidad Valenciana;Alicante;Monforte del Cid;Pozoblanco
-397412;Región de Murcia;Región de Murcia;Cartagena;Pozo de los Palos
-397416;Región de Murcia;Región de Murcia;Cartagena;Pozo-Estrecho
-397424;Aragón;Teruel;Pozondón;Pozondón
-397425;Islas Canarias;Fuerteventura;Antigua;Pozo Negro
-397451;Comunidad de Madrid;Comunidad de Madrid;Pozuelo de Alarcón;Pozuelo de Alarcón
-397456;Comunidad de Madrid;Comunidad de Madrid;Pozuelo del Rey;Pozuelo del Rey
-397462;Galicia;Orense;Pobra de Trives, A;Prada
-397464;Castilla y León;León;Posada de Valdeón;Prada
-397474;Castilla y León;Palencia;Prádanos de Ojeda;Prádanos de Ojeda
-397481;Cataluña;Tarragona;Pradell de la Teixeta;Pradell de la Teixeta
-397483;Castilla y León;Segovia;Prádena;Prádena
-397485;Castilla-La Mancha;Guadalajara;Prádena de Atienza;Prádena de Atienza
-397486;Comunidad de Madrid;Comunidad de Madrid;Madarcos;Madarcos
-397489;Cataluña;Tarragona;Prades;Prades
-397497;La Rioja;La Rioja;Pradillo;Pradillo
-397502;Galicia;Orense;Muíños;Prado
-397504;Galicia;Pontevedra;Ponteareas;Prado
-397507;Galicia;Orense;Castrelo de Miño;Prado
-397508;Galicia;Pontevedra;Lalín;Pradp
-397512;Principado de Asturias;Principado de Asturias;Villaviciosa;Prado
-397513;Principado de Asturias;Principado de Asturias;San Tirso de Abres;Prado
-397514;Principado de Asturias;Principado de Asturias;Caravia;Prado
-397539;Andalucía;Cádiz;Prado del Rey;Prado del Rey
-397546;Castilla y León;Burgos;Pradoluengo;Pradoluengo
-397547;Galicia;Orense;Parada de Sil;Pradomao
-397552;Castilla y León;León;Brazuelo;Pradorrey
-397553;Región de Murcia;Región de Murcia;Caravaca de la Cruz;Prados
-397565;Andalucía;Jaén;Beas de Segura;Prados de Armijo
-397566;Castilla y León;Ávila;Pradosegar;Pradosegar
-397578;Cantabria;Cantabria;Corvera de Toranzo;Prases
-397579;Cataluña;Tarragona;Prat de Comte;Prat de Comte
-397581;Cataluña;Tarragona;Pratdip;Pratdip
-397583;Cataluña;Barcelona;Prats de Lluçanès;Prats de Lluçanès
-397584;Cataluña;Barcelona;Prats de Rei, Els;Els Prats de Rei
-397585;Cantabria;Cantabria;Hazas de Cesto;Praves
-397586;Principado de Asturias;Principado de Asturias;Pravia;Pravia
-397590;Cataluña;Lérida;Preixana;Preixana
-397591;Cataluña;Lérida;Preixens;Preixens
-397592;La Rioja;La Rioja;Préjano;Préjano
-397593;Cantabria;Cantabria;Val de San Vicente;Prellezo
-397594;Principado de Asturias;Principado de Asturias;Boal;Prelo
-397595;Cataluña;Barcelona;Premià de Mar;Premiá de Mar
-397596;Principado de Asturias;Principado de Asturias;Llanera;Premió
-397605;Castilla y León;Burgos;Presencio;Presencio
-397610;Galicia;Pontevedra;Forcarei;Presqueira
-397614;Cantabria;Cantabria;Santa Cruz de Bezana;Prezanes
-397619;Castilla y León;León;Priaranza del Bierzo;Priaranza del Bierzo
-397620;Principado de Asturias;Principado de Asturias;Piloña;Priede
-397621;Castilla-La Mancha;Cuenca;Priego;Priego
-397624;Andalucía;Córdoba;Priego de Córdoba;Priego de Córdoba
-397625;Galicia;Pontevedra;Vigo;Priegue
-397628;Principado de Asturias;Principado de Asturias;Villaviciosa;Priesca
-397644;Cantabria;Cantabria;Val de San Vicente;Prío
-397652;Castilla y León;León;Prioro;Prioro
-397653;Principado de Asturias;Principado de Asturias;Proaza;Proaza
-397654;Cantabria;Cantabria;Hermandad de Campoo de Suso;Proaño
-397655;Principado de Asturias;Principado de Asturias;Proaza;Proaza
-397668;Cataluña;Lérida;Prullans;Prulláns
-397669;Andalucía;Sevilla;Pruna;Pruna
-397671;Principado de Asturias;Principado de Asturias;Nava;Pruneda
-397673;Principado de Asturias;Principado de Asturias;Llanera;Pruvia
-397675;Cataluña;Gerona;Pera, La;Púbol
-397683;Extremadura;Badajoz;Puebla de Alcocer;Puebla de Alcocer
-397684;Aragón;Zaragoza;Puebla de Alfindén, La;La Puebla de Alfindén
-397685;Castilla-La Mancha;Cuenca;Puebla de Almenara;Puebla de Almenara
-397686;Comunidad Valenciana;Castellón;Puebla de Arenoso;Puebla de Arenoso
-397689;Comunidad Valenciana;Castellón;Pobla de Benifassà, la;La Pobla de Benifassà (Puebla de Benifasar)
-397691;Andalucía;Granada;Puebla de Don Fadrique;Puebla de Don Fadrique
-397692;Castilla-La Mancha;Ciudad Real;Puebla de Don Rodrigo;Puebla de Don Rodrigo
-397694;Comunidad Valenciana;Valencia;Puig de Santa Maria, el;La Pobla de Farnals
-397696;Extremadura;Badajoz;Puebla de la Calzada;Puebla de la Calzada
-397697;Extremadura;Badajoz;Puebla de la Reina;Puebla de la Reina
-397698;Galicia;Lugo;Pobra do Brollón, A;Pobra do Brollón
-397699;Galicia;La Coruña;Pobra do Caramiñal, A;Pobra do Caramiñal
-397701;Castilla y León;León;Puebla de Lillo;Puebla de Lillo
-397705;Castilla-La Mancha;Cuenca;Puebla del Salvador;Puebla del Salvador
-397710;Castilla y León;Zamora;Puebla de Sanabria;Puebla de Sanabria
-397711;Extremadura;Badajoz;Puebla de Sancho Pérez;Puebla de Sancho Pérez
-397713;Castilla y León;Salamanca;Puebla de San Medel;Puebla de San Medel
-397714;Comunidad Valenciana;Valencia;Puebla de San Miguel;La Pobla de Sant Miquel (Puebla de San Miguel)
-397717;Galicia;Orense;Pobra de Trives, A;Puebla de Trives
-397718;Comunidad Valenciana;Valencia;Pobla de Vallbona, la;Puebla de Vallbona
-397721;Comunidad Valenciana;Valencia;Pobla Llarga, la;Puebla Larga
-397722;Comunidad Valenciana;Castellón;Pobla Tornesa, la;La Pobla Tornesa (Puebla-Tornesa)
-397730;Comunidad Valenciana;Valencia;Llombai;Pueblo Nuevo
-397734;Principado de Asturias;Principado de Asturias;Villaviciosa;Puelles
-397743;Cantabria;Cantabria;Entrambasaguas;Puente Agüero
-397744;Castilla y León;León;Valderrueda;Puente-Almuhey
-397745;Galicia;Pontevedra;Ponteareas;Puenteareas
-397747;Cantabria;Cantabria;Suances;Puente-Avios
-397748;Galicia;Pontevedra;Ponte Caldelas;Puente Caldelas
-397750;Andalucía;Huelva;Isla Cristina;Puente Carrera
-397751;Galicia;Orense;Castrelo de Miño;Puente-Castrelo
-397753;Galicia;La Coruña;Ponteceso;Ponteceso
-397754;Galicia;Pontevedra;Pontecesures;Puentecesures
-397755;Principado de Asturias;Principado de Asturias;Cangas del Narcea;Puenteciella
-397758;Castilla y León;León;Puente de Domingo Flórez;Puente de Domingo Flórez
-397761;Andalucía;Jaén;Puente de Génave;Puente de Génave
-397767;Castilla y León;Salamanca;Puente del Congosto;Puente del Congosto
-397769;Principado de Asturias;Principado de Asturias;Lena;Puente de los Fierros
-397772;Galicia;Pontevedra;Sanxenxo;Puente - Dena
-397774;Aragón;Huesca;Sabiñánigo;Puente de Sabiñánigo
-397775;Galicia;La Coruña;Pontedeume;Puentedeume
-397778;Castilla y León;Burgos;Merindad de Valdeporres;Puentedey
-397781;Castilla y León;Burgos;Puentedura;Puentedura
-397782;Andalucía;Córdoba;Puente Genil;Puente Genil
-397784;Andalucía;Jaén;Benatae;Puente Honda
-397785;Comunidad Foral de Navarra;Comunidad Foral de Navarra;Puente la Reina / Gares;Puente la Reina
-397787;Andalucía;Cádiz;San Roque;Puente Mayorga
-397788;Cantabria;Cantabria;Rionansa;Puentenansa
-397794;Cantabria;Cantabria;Polaciones;Puente Pumar
-397796;Galicia;Pontevedra;Pontevedra;Puentesampayo
-397797;Cantabria;Cantabria;Reocín;Puente San Miguel
-397799;Galicia;La Coruña;Pontes de García Rodríguez, As;Puentes de García Rodríguez
-397803;Galicia;Pontevedra;Estrada, A;Puentevea
-397804;Cantabria;Cantabria;Puente Viesgo;Puente Viesgo
-397820;Principado de Asturias;Principado de Asturias;Cabrales;Puertas
-397821;Principado de Asturias;Principado de Asturias;Llanes;Puertas
-397822;Islas Canarias;La Palma;Tazacorte;Puerto
-397824;Principado de Asturias;Principado de Asturias;Ribera de Arriba;Puerto
-397841;Andalucía;Jaén;Pegalajar;Puerto Alto
-397844;Castilla y León;Ávila;Puerto Castilla;Puerto Castilla
-397845;Islas Baleares;Mallorca;Andratx;Puerto de Andratx
-397846;Castilla y León;Salamanca;Puerto de Béjar;Puerto de Béjar
-397847;Comunidad Valenciana;Valencia;Gandia;Puerto de Gandía
-397848;Islas Canarias;Tenerife;Güímar;Puertito de Güímar
-397851;Islas Canarias;Tenerife;Puerto de la Cruz;Puerto de la Cruz
-397852;Islas Canarias;El Hierro;Valverde;Puerto de la Estaca
-397853;Andalucía;Huelva;Granado, El;Puerto de la Laja
-397854;Islas Canarias;Tenerife;Tacoronte;Puerto de la Madera
-397856;Cataluña;Gerona;Port de la Selva, El;Port de la Selva
-397857;Islas Canarias;Fuerteventura;Puerto del Rosario;Puerto de las Lajas
-397858;Islas Canarias;Gran Canaria;Agaete;Puerto de las Nieves
-397859;Galicia;La Coruña;Mañón;O Barqueiro
-397862;Castilla-La Mancha;Albacete;Elche de la Sierra;Puerto del Pino
-397863;Islas Canarias;Fuerteventura;Puerto del Rosario;Puerto del Rosario
-397868;Extremadura;Cáceres;Puerto de Santa Cruz;Puerto de Santa Cruz
-397870;Castilla-La Mancha;Toledo;Puerto de San Vicente;Puerto de San Vicente
-397871;Principado de Asturias;Principado de Asturias;Navia;Puerto de Vega
-397873;Andalucía;Huelva;Corteconcepción;Puerto-Gil
-397877;Castilla-La Mancha;Ciudad Real;Puerto Lápice;Puerto Lápice
-397879;Castilla-La Mancha;Ciudad Real;Puertollano;Puertollano
-397882;Andalucía;Granada;Moclín;Puerto-López
-397886;Aragón;Teruel;Puertomingalvo;Puertomingalvo
-397887;Andalucía;Huelva;Puerto Moral;Puerto Moral
-397888;Islas Canarias;La Palma;Llanos de Aridane, Los;Puerto Naos
-397890;Andalucía;Cádiz;Puerto Real;Puerto Real
-397897;Andalucía;Sevilla;Montellano;Puerto Serrano
-397907;Comunidad Valenciana;Valencia;Puig de Santa Maria, el;El Puig
-397909;Cataluña;Gerona;Puigcerdà;Puigcerdà
-397910;Cataluña;Lérida;Senterada;Puigcerver
-397911;Cataluña;Barcelona;Pla del Penedès, El;Puigdàlber
-397916;Cataluña;Lérida;Arbeca;Puiggròs
-397918;Cataluña;Barcelona;Sant Pere de Ribes;Puigmoltó
-397919;Cataluña;Tarragona;Puigpelat;Puigpelat
-397920;Islas Baleares;Mallorca;Puigpunyent;Puigpunyent
-397921;Cataluña;Barcelona;Puig-reig;Puig-reig
-397922;Cataluña;Lérida;Puigverd d'Agramunt;Puigverd d'Agramunt
-397923;Cataluña;Lérida;Puigverd de Lleida;Puigvert de Lérida
-397928;Cataluña;Gerona;Cornellà del Terri;Pujals dels Cavallers
-397929;Cataluña;Gerona;Cornellà del Terri;Pujals del Pagesos
-397930;Cataluña;Barcelona;Pujalt;Pujalt
-397933;Cataluña;Gerona;Porqueres;Pujarnol
-397934;Cantabria;Cantabria;Bárcena de Pie de Concha;Pujayo
-397936;Andalucía;Málaga;Pujerra;Pujerra
-397938;Castilla-La Mancha;Toledo;Mazarambroz;Pulgar
-397939;Andalucía;Granada;Pulianas;Pulianas
-397942;Andalucía;Almería;Pulpí;Pulpí
-397943;Andalucía;Granada;Cúllar;Pulpite
-397950;Cantabria;Cantabria;Cillorigo de Liébana;Pumareña
-397951;Galicia;Orense;Carballeda de Valdeorras;Pumares
-397955;Principado de Asturias;Principado de Asturias;Gijón;Pumarín
-397956;Galicia;Lugo;Barreiros;Pumarín
-397962;Galicia;Orense;Punxín;Punxín
-397966;Islas Canarias;Tenerife;Puerto de la Cruz;Punta Brava
-397969;Andalucía;Huelva;Ayamonte;Punta del Caimán
-397971;Islas Canarias;Tenerife;San Cristóbal de La Laguna;Punta del Hidalgo
-397972;Islas Canarias;Lanzarote;Haría;Punta Mujeres
-397973;Islas Canarias;La Palma;Puntagorda;Puntagorda
-397977;Islas Canarias;Tenerife;Candelaria;Punta Larga
-397980;Islas Canarias;La Palma;Puntallana;Puntallana
-397988;Andalucía;Almería;Armuña de Almanzora;Purchena
-397989;Andalucía;Granada;Vegas del Genil;Purchil
-397997;Aragón;Zaragoza;Purujosa;Purujosa
-397998;Andalucía;Granada;Purullena;Purullena
-398003;Aragón;Huesca;Puértolas;Puyarruego
-398006;Comunidad Valenciana;Valencia;Puçol;Puzol
-398009;Cataluña;Gerona;Quart;Quart d?Onyar
-398018;Galicia;Lugo;Triacastela;Queijadoiro
-398026;Galicia;La Coruña;Muxía;Queiroso
-398031;País Vasco;Álava;Ayala / Aiara;Quejana
-398043;Cantabria;Cantabria;Arnuero;Quejo
-398046;La Rioja;La Rioja;Quel;Quel
-398048;Castilla y León;Burgos;Quemada;Quemada
-398055;Andalucía;Granada;Quéntar;Quéntar
-398061;Cataluña;Tarragona;Querol;Querol
-398062;Principado de Asturias;Principado de Asturias;Valdés;Querúas
-398064;Comunidad Valenciana;Valencia;Navarrés;Quesa
-398065;Andalucía;Jaén;Quesada;Quesada
-398067;Cantabria;Cantabria;Santillana del Mar;Queveda
-398070;Aragón;Huesca;Quicena;Quicena
-398072;Cantabria;Cantabria;Piélagos;Quijano
-398073;Cantabria;Cantabria;Reocín;Quijas
-398074;Comunidad de Madrid;Comunidad de Madrid;Quijorna;Quijorna
-398076;Galicia;La Coruña;Carnota;Quilmas
-398078;Castilla y León;León;Cacabelos;Quilós
-398079;Castilla y León;Burgos;Valle de Losa;Quincoces de Yuso
-398082;Galicia;Orense;Melón;Quinés
-398093;Andalucía;Córdoba;Victoria, La;Aldea Quintana
-398094;Comunidad de Madrid;Comunidad de Madrid;Paracuellos de Jarama;Quintana
-398095;La Rioja;La Rioja;Villarta-Quintana;Quintana
-398099;Cantabria;Cantabria;Corvera de Toranzo;Quintana
-398101;Principado de Asturias;Principado de Asturias;Llanes;Quintana de Llanes
-398116;Castilla y León;Burgos;Merindad de Montija;Quintana de los Prados
-398117;Castilla y León;Burgos;Quintana del Pidio;Quintana del Pidio
-398118;Castilla y León;Palencia;Quintana del Puente;Quintana del Puente
-398119;Castilla y León;León;Santovenia de la Valdoncina;Quintana de Raneros
-398122;Castilla y León;Burgos;Merindad de Valdivielso;Quintana de Valdivielso
-398124;Castilla y León;Burgos;Alfoz de Quintanadueñas;Quintanadueñas
-398125;Castilla y León;Burgos;Merindad de Montija;Quintanaedo
-398126;Castilla y León;Burgos;Quintanaélez;Quintanaélez
-398127;Castilla y León;Burgos;Valle de Valdebezana;Quintanaentello
-398133;Castilla y León;Burgos;Revilla del Campo;Quintanalara
-398135;Castilla y León;Palencia;Cervera de Pisuerga;Quintanaluengos
-398138;Castilla y León;Burgos;Valle de Tobalina;Quintana-María
-398139;Castilla y León;Burgos;Valle de Tobalina;Quintana-Martín Galíndez
-398142;Castilla y León;Burgos;Quintanapalla;Quintanapalla
-398146;Castilla-La Mancha;Toledo;Quintanar de la Orden;Quintanar de la Orden
-398147;Castilla y León;Burgos;Quintanar de la Sierra;Quintanar de la Sierra
-398150;Castilla y León;Soria;Quintana Redonda;Quintana Redonda
-398155;Castilla y León;Soria;Quintanas de Gormaz;Quintanas de Gormaz
-398170;Cantabria;Cantabria;Lamasón;Quintanilla
-398176;Castilla y León;Burgos;Altos, Los; 
-398179;Castilla y León;Valladolid;Quintanilla de Arriba;Quintanilla de Arriba
-398184;Castilla y León;Burgos;Quintanilla del Agua y Tordueles;Quintanilla del Agua
-398188;Castilla y León;Palencia;Pomar de Valdivia;Quintanilla de las Torres
-398193;Castilla y León;Burgos;Redecilla del Campo;Quintanilla del Monte
-398200;Castilla y León;Burgos;Merindad de Sotoscueva;Quintanilla del Rebollar
-398203;Castilla y León;Valladolid;Quintanilla de Onésimo;Quintanilla de Onésimo
-398212;Castilla y León;León;Luyego;Quintanilla de Somoza
-398214;Castilla y León;Valladolid;Quintanilla de Trigueros;Quintanilla de Trigueros
-398223;Castilla y León;Burgos;Orbaneja Riopico;Quintanilla Riopico
-398225;Castilla y León;Burgos;Quintanilla San García;Quintanilla San García
-398232;Castilla y León;Burgos;Quintanilla Vivar;Quintanilla-Vivar
-398237;Galicia;La Coruña;Muxía;Quintáns
-398242;Galicia;Pontevedra;Grove, O;Quinteiros
-398253;Principado de Asturias;Principado de Asturias;Villaviciosa;Quintes
-398256;Aragón;Zaragoza;Quinto;Quinto
-398260;Principado de Asturias;Principado de Asturias;Pravia;Quinzanas
-398262;Galicia;La Coruña;Pino, O;Quion
-398266;Galicia;Pontevedra;Cerdedo-Cotobade;Quireza
-398267;Galicia;Lugo;Quiroga;Quiroga
-398272;Castilla-La Mancha;Toledo;Quismondo;Quismondo
-398277;Galicia;Lugo;Rábade;Rábade
-398285;Castilla y León;León;Villablino;Rabanal
-398289;Castilla y León;León;Santa Colomba de Somoza;Rabanal del Camino
-398290;Castilla y León;Palencia;Cervera de Pisuerga;Rabanal de los Caballeros
-398304;Galicia;Orense;San Cibrao das Viñas;Rábeda
-398305;Castilla y León;Burgos;Rabé de las Calzadas;Rabé de las Calzadas
-398307;Galicia;Lugo;Trabada;Rabeja
-398310;Galicia;Orense;Cortegada;Rabiño
-398316;Cataluña;Gerona;Rabós;Rabós
-398317;Cataluña;Gerona;Cornellà del Terri;Sant Andreu del Terri
-398325;Cantabria;Cantabria;Voto;Rada
-398326;Castilla-La Mancha;Cuenca;Rada de Haro;Rada de Haro
-398327;Comunidad Valenciana;Alicante;Teulada;Rada de Moraira
-398330;Castilla y León;Segovia;Pedraza;Rades de Abajo
-398331;Aragón;Huesca;Alquézar;Radiquero
-398334;Comunidad Valenciana;Alicante;Orihuela;Rafal
-398335;Aragón;Teruel;Ráfales;Ráfales
-398337;Comunidad Valenciana;Valencia;Rafelbunyol;Rafelbunyol
-398338;Comunidad Valenciana;Valencia;Rafelcofer;Rafelcofer
-398339;Comunidad Valenciana;Valencia;Rafelguaraf;Rafelguaraf
-398340;Comunidad Valenciana;Alicante;Ràfol d'Almúnia, el;Ràfol d'Almúnia (Ráfol de Almunia)
-398341;Comunidad Valenciana;Valencia;Ráfol de Salem;Ráfol de Salem
-398350;Galicia;Orense;Rairiz de Veiga;Rairiz de Veiga
-398358;Cataluña;Barcelona;Rajadell;Rajadell
-398362;Galicia;Pontevedra;Poio;Raxó
-398366;Principado de Asturias;Principado de Asturias;Llanes;Rales
-398367;Principado de Asturias;Principado de Asturias;Villaviciosa;Rales
-398368;Principado de Asturias;Principado de Asturias;Villaviciosa;Ralí
-398371;Castilla y León;Ávila;Arenas de San Pedro;Ramacastañas
-398374;Cantabria;Cantabria;Ramales de la Victoria;Ramales de la Victoria
-398376;Galicia;Pontevedra;Baiona;Ramallosa
-398377;Galicia;La Coruña;Teo;Ramallosa
-398397;Galicia;Orense;Xunqueira de Espadanedo;Ramil
-398415;Islas Baleares;Mallorca;Algaida;Randa
-398420;Galicia;Pontevedra;Tui;Randufe
-398423;Principado de Asturias;Principado de Asturias;Regueras, Las;Rañeces
-398427;Castilla y León;León;Valdepiélago;Ranedo de Curueño
-398429;Castilla y León;Burgos;Frías;Ranera
-398435;Aragón;Huesca;Fueva, La;Rañín
-398437;Principado de Asturias;Principado de Asturias;Valdés;Ranón
-398438;Principado de Asturias;Principado de Asturias;Soto del Barco;Ranón
-398439;Galicia;Orense;San Cibrao das Viñas;Rante
-398443;Castilla y León;Segovia;Rapariegos;Rapariegos
-398450;Aragón;Huesca;Peñas de Riglos, Las;Rasal
-398453;Comunidad de Madrid;Comunidad de Madrid;Rascafría;Rascafría
-398463;Cantabria;Cantabria;Rasines;Rasines
-398465;Galicia;La Coruña;Cee;Raso
-398468;Región de Murcia;Región de Murcia;Yecla;Raspay
-398470;Cataluña;Tarragona;Rasquera;Rasquera
-398475;Islas Baleares;Ibiza y Formentera;Eivissa;Isla Ratas
-398494;Galicia;La Coruña;Carballo;Razo
-398496;Galicia;La Coruña;Carballo;Razo da Costa
-398499;Galicia;Orense;Peroxa, A;Reádegos
-398512;Comunidad Valenciana;Valencia;Real de Gandia, el;Real de Gandia, el
-398516;Islas Canarias;Tenerife;Realejos, Los;Realejo Alto
-398517;Islas Canarias;Tenerife;Realejos, Los;Realejo Bajo
-398532;Extremadura;Cáceres;Rebollar;Rebollar
-398534;Castilla y León;Soria;Rebollar;Rebollar
-398537;Principado de Asturias;Principado de Asturias;Siero;Rebollar
-398542;Comunidad Valenciana;Alicante;Alicante / Alacant;Rebolledo
-398552;Castilla-La Mancha;Guadalajara;Torija;Rebollosa de Hita
-398559;Galicia;Lugo;Saviñao, O;Rebordaos
-398561;Galicia;Pontevedra;Crecente;Rebordechán
-398569;Galicia;Pontevedra;Grove, O;Reboredo
-398581;Castilla-La Mancha;Toledo;Recas;Recas
-398586;Galicia;La Coruña;Teo;Recesende
-398605;Principado de Asturias;Principado de Asturias;Pravia;Recuevo
-398607;Castilla y León;Burgos;Redecilla del Camino;Redecilla del Camino
-398614;Cantabria;Cantabria;Camaleño;Redo
-398617;Comunidad Valenciana;Alicante;Calp;Calpe
-398627;Galicia;Pontevedra;Redondela;Redondela
-398631;Castilla y León;Palencia;Pernía, La;Redondo
-398637;Comunidad Valenciana;Alicante;Redován;Redován
-398640;Comunidad de Madrid;Comunidad de Madrid;Redueña;Redueña
-398644;Galicia;Orense;Cortegada;Refojos
-398669;Cataluña;Gerona;Regencós;Regencós
-398670;País Vasco;Guipúzcoa;Errezil;Errezil
-398681;Cantabria;Cantabria;Solórzano;Regolfo
-398699;Principado de Asturias;Principado de Asturias;Carreño;Regueral
-398710;Cataluña;Tarragona;Roquetes;Regués
-398711;Cantabria;Cantabria;Soba;Regules
-398712;Castilla y León;Burgos;Regumiel de la Sierra;Regumiel de la Sierra
-398718;Comunidad Valenciana;Valencia;Algemesí;Reig
-398719;Galicia;Lugo;Monforte de Lemos;Turégano
-398721;Galicia;Pontevedra;Ponte Caldelas;Reigosa
-398726;Castilla-La Mancha;Cuenca;Reíllo;Reíllo
-398731;Galicia;Lugo;Ribadeo;Reinante
-398733;Comunidad Valenciana;Valencia;Bocairent;Reiner
-398734;Cantabria;Cantabria;Reinosa;Reinosa
-398735;Cantabria;Cantabria;Valdeolea;Reinosilla
-398741;Principado de Asturias;Principado de Asturias;Tapia de Casariego;Reiriz
-398743;Cataluña;Barcelona;Montcada i Reixac;Reixach
-398750;Castilla y León;León;Santas Martas;Reliegos
-398756;Comunidad Valenciana;Alicante;Relleu;Relleu
-398757;Cataluña;Barcelona;Rellinars;Rellinars
-398764;Andalucía;Málaga;Alhaurín de la Torre;Estación de los Remedios
-398767;Castilla y León;Zamora;Palacios de Sanabria;Remesal
-398775;Aragón;Zaragoza;Remolinos;Remolinos
-398787;Cataluña;Tarragona;Renau;Renau
-398789;Galicia;Lugo;Samos;Renche
-398795;Cantabria;Cantabria;Cabuérniga;Renedo
-398807;Castilla-La Mancha;Guadalajara;Renera;Renera
-398810;País Vasco;Guipúzcoa;Errenteria;Rentería
-398813;Cantabria;Cantabria;Reocín;Reocín
-398814;Cantabria;Cantabria;Valdeprado del Río;Reocín de los Molinos
-398815;Castilla-La Mancha;Albacete;Salobre;Reolid
-398819;Galicia;La Coruña;Vimianzo;Reparada
-398831;Cantabria;Cantabria;Polanco;Requejada
-398834;Castilla y León;Zamora;Requejo;Requejo
-398845;Galicia;Orense;Allariz;Requejo de Valverde
-398847;Comunidad Valenciana;Valencia;Requena;Requena
-398853;Galicia;Orense;Muíños;Requiás
-398854;Castilla y León;Segovia;Santiuste de Pedraza;Requijada
-398857;Cantabria;Cantabria;Luena;Resconorio
-398859;País Vasco;Álava;Ayala / Aiara;Respaldiza
-398865;Andalucía;Granada;Valle, El;Restábal
-398897;Galicia;Lugo;Guntín;Retorta
-398900;Cantabria;Cantabria;Campoo de Enmedio;Retortillo
-398904;Castilla y León;Soria;Retortillo de Soria;Retortillo de Soria
-398908;Castilla y León;Burgos;Retuerta;Retuerta
-398913;Castilla-La Mancha;Ciudad Real;Retuerta del Bullaque;Retuerta de Bullaque
-398916;País Vasco;Vizcaya;Barakaldo;Retuerto
-398917;Cataluña;Tarragona;Reus;Reus
-398921;Cantabria;Cantabria;Valderredible;Revelillas
-398923;Castilla y León;Segovia;Segovia;Revenga
-398934;Cantabria;Cantabria;Camargo;Revilla de Camargo
-398951;Galicia;Pontevedra;Sanxenxo;A Revolta
-398988;Cataluña;Lérida;Rialp;Rialp
-398993;Galicia;La Coruña;Rianxo;Rianjo
-398994;Castilla y León;León;Riaño;Riaño
-398997;Cantabria;Cantabria;Solórzano;Riaño
-398999;Cantabria;Cantabria;Mazcuerras;Riaño de Ibio
-399007;Castilla y León;Segovia;Riaza;Riaza
-399010;País Vasco;Álava;Erriberabeitia;Rivabellosa
-399011;Galicia;Orense;Ribadavia;Ribadavia
-399012;Castilla y León;Zamora;Galende;Ribadelago
-399015;Galicia;Lugo;Ribadeo;Ribadeo
-399018;Castilla-La Mancha;Guadalajara;Sigüenza;Riba de Santiuste
-399019;Principado de Asturias;Principado de Asturias;Ribadesella;Ribadesella
-399021;Galicia;Pontevedra;Ponteareas;Ribadetea
-399027;Galicia;Pontevedra;Ribadumia;Ribadumia
-399037;Comunidad Valenciana;Valencia;Riba-roja de Túria;Ribarroja del Turia
-399038;Cataluña;Tarragona;Riba-roja d'Ebre;Riba-roja d'Ebre
-399042;Galicia;Pontevedra;Neves, As;Ribarteme
-399045;Cantabria;Cantabria;Voto;Ribas
-399051;Cataluña;Gerona;Ribes de Freser;Ribes de Freser
-399054;Galicia;Lugo;Ribas de Sil;Ribas de Sil
-399055;Galicia;Lugo;Ribas de Sil;Ribas de Sil
-399061;La Rioja;La Rioja;San Vicente de la Sonsierra;Rivas de Tereso
-399062;Castilla y León;León;Santovenia de la Valdoncina;Ribaseca
-399065;Castilla-La Mancha;Cuenca;Sotorribas;Ribatajada
-399066;Castilla-La Mancha;Cuenca;Sotorribas;Ribatajadilla
-399067;Comunidad de Madrid;Comunidad de Madrid;Ribatejada;Ribatejada
-399078;Galicia;Orense;Padrenda;Ribera
-399079;Galicia;La Coruña;Outes;O Freixo
-399086;Andalucía;Jaén;Alcalá la Real;Ribera Alta
-399089;Andalucía;Jaén;Alcalá la Real;Ribera Baja
-399091;Cataluña;Lérida;Vall de Cardós;Ribera de Cardós
-399093;Extremadura;Badajoz;Ribera del Fresno;Ribera del Fresno
-399097;Principado de Asturias;Principado de Asturias;Soto del Barco;Riberas
-399099;Galicia;Lugo;Vicedo, O;Riberas del Sor
-399105;Comunidad Valenciana;Castellón;Ribesalbes;Ribesalbes
-399112;Principado de Asturias;Principado de Asturias;Laviana;Ribota
-399116;Principado de Asturias;Principado de Asturias;Quirós;Ricabo
-399118;Castilla y León;Zamora;Muelas del Pan;Ricobayo
-399120;Región de Murcia;Región de Murcia;Ricote;Ricote
-399131;Castilla y León;León;Molinaseca;Riego de Ambrós
-399132;Castilla y León;León;San Cristóbal de la Polantera;Riego de la Vega
-399135;Castilla y León;Zamora;Cobreros;Riego de Lomba
-399139;Castilla y León;León;Riello;Riello
-399141;Cataluña;Barcelona;Bigues i Riells;Riells del Fai
-399146;Principado de Asturias;Principado de Asturias;Llanes;Riensena
-399150;Comunidad Foral de Navarra;Comunidad Foral de Navarra;Valle de Yerri / Deierri;Riezu
-399153;Galicia;Pontevedra;Lama, A;Rifrío
-399156;Aragón;Huesca;Peñas de Riglos, Las;Riglos
-399157;País Vasco;Vizcaya;Errigoiti;Rigoitia
-399159;Galicia;Lugo;Xove;Rigueira
-399168;Castilla-La Mancha;Guadalajara;Rillo de Gallo;Rillo de Gallo
-399174;Andalucía;Málaga;Rincón de la Victoria;Rincón de la Victoria
-399185;Andalucía;Málaga;Rincón de la Victoria;Rincón de la Victoria
-399194;La Rioja;La Rioja;Rincón de Soto;Rincón de Soto
-399200;Galicia;Lugo;Ribadeo;Rinlo
-399202;Andalucía;Málaga;Torrox;Río
-399229;Principado de Asturias;Principado de Asturias;Llanes;Ríocaliente
-399239;Cantabria;Cantabria;Torrelavega;Ríocorvo
-399244;Principado de Asturias;Principado de Asturias;Ibias;Ríodeporcos
-399252;Principado de Asturias;Principado de Asturias;Piloña;Ríofabar
-399256;Andalucía;Córdoba;Montilla;Ríofrío
-399257;Castilla y León;Ávila;Riofrío;Ríofrío
-399258;Castilla y León;León;Quintana del Castillo;Ríofrío
-399267;Castilla y León;Segovia;Cerezo de Arriba;Ríofrío de Riaza
-399268;Andalucía;Málaga;Colmenar;Ríogordo
-399269;Andalucía;Almería;Rioja;Rioja
-399272;Comunidad Valenciana;Valencia;Riola;Riola
-399273;Castilla y León;León;San Emiliano;Riolago
-399274;Cantabria;Cantabria;Voto;Riolastras
-399275;Extremadura;Cáceres;Riolobos;Riolobos
-399277;Castilla-La Mancha;Albacete;Paterna del Madera;Ríomadera
-399289;Castilla y León;Zamora;Rosinos de la Requejada;Rosinos de la Requejada
-399293;Castilla-La Mancha;Albacete;Riópar;Riópar
-399305;Castilla y León;Soria;Rioseco de Soria;Ríoseco de Soria
-399309;Principado de Asturias;Principado de Asturias;Sobrescobio;Ríoseco
-399312;Cantabria;Cantabria;Guriezo;Ríoseco
-399313;Principado de Asturias;Principado de Asturias;Gijón;Ríoseco
-399328;Principado de Asturias;Principado de Asturias;Lena;Ríospaso
-399334;Galicia;Lugo;Pontenova, A;Ríotorto
-399335;Cantabria;Cantabria;Comillas;Rioturbo
-399341;Cataluña;Gerona;Ripoll;Ripoll
-399343;Cataluña;Barcelona;Ripollet;Ripollet
-399351;Islas Canarias;Gran Canaria;San Bartolomé de Tirajana;Risco Blanco
-399361;Cataluña;Gerona;Riudarenes;Riudarenes
-399362;Cataluña;Gerona;Riudaura;Riudaura
-399365;Cataluña;Tarragona;Riudecanyes;Riudecanyes
-399367;Cataluña;Tarragona;Riudecols;Riudecols
-399370;Cataluña;Gerona;Palol de Revardit;Riudellots de la Creu
-399371;Cataluña;Gerona;Riudellots de la Selva;Riudellots de la Selva
-399373;Cataluña;Tarragona;Riudoms;Riudoms
-399374;Cataluña;Gerona;Riumors;Riumors
-399395;Cantabria;Cantabria;San Felices de Buelna;Rivero
-399401;Cantabria;Cantabria;Noja;Riz
-399402;Castilla y León;Burgos;Roa;Roa
-399408;Principado de Asturias;Principado de Asturias;Onís;La Robellada de Onis
-399418;Castilla y León;Ávila;Solosancho;Robledillo
-399424;Extremadura;Cáceres;Robledillo de Gata;Robledillo de Gata
-399425;Comunidad de Madrid;Comunidad de Madrid;Robledillo de la Jara;Robledillo de la Jara
-399426;Extremadura;Cáceres;Robledillo de la Vera;Robledillo de la Vera
-399431;Castilla-La Mancha;Albacete;Robledo;Robledo
-399446;Principado de Asturias;Principado de Asturias;Nava;Robledo
-399447;Principado de Asturias;Principado de Asturias;Piloña;Robledo
-399455;Comunidad de Madrid;Comunidad de Madrid;Robledo de Chavela;Robledo de Chavela
-399459;Castilla y León;León;Noceda del Bierzo;Robledo de las Traviesas
-399460;Castilla y León;León;Valverde de la Virgen;Robledo de la Valdoncina
-399462;Castilla-La Mancha;Toledo;Navalucillos, Los;Robledo del Buey
-399473;Comunidad de Madrid;Comunidad de Madrid;Santa María de la Alameda;Robledondo
-399480;Castilla y León;León;Villablino;Robles de Laciana
-399481;Castilla y León;León;Matallana de Torío;Robles de la Valcueva
-399482;Galicia;Orense;Rúa, A;Roblido
-399491;Comunidad de Madrid;Comunidad de Madrid;Robregordo;Robregordo
-399494;Principado de Asturias;Principado de Asturias;Peñamellera Baja;Robriguero
-399497;Cataluña;Gerona;Camprodon;Rocabruna
-399499;Cataluña;Barcelona;Pont de Vilomara i Rocafort, El;Rocafort
-399500;Cataluña;Tarragona;Sarral;Rocafort de Queralt
-399501;Cataluña;Lérida;Sant Martí de Riucorb;Rocafort de Vallbona
-399507;Galicia;Orense;Esgos;Rocas
-399515;Andalucía;Huelva;Rociana del Condado;Rociana
-399522;Región de Murcia;Región de Murcia;San Javier;Roda
-399526;Cataluña;Tarragona;Roda de Berà;Roda de Bará
-399527;Castilla y León;Segovia;Roda de Eresma;Roda de Eresma
-399528;Aragón;Huesca;Isábena;Roda de Isábena
-399529;Cataluña;Barcelona;Roda de Ter;Roda de Ter
-399537;Galicia;Pontevedra;Rodeiro;Rodeiro
-399538;Galicia;La Coruña;Oza-Cesuras;Rodeiro
-399540;Aragón;Huesca;Bierge;Rodellar
-399548;La Rioja;La Rioja;Rodezno;Rodezno
-399553;Castilla y León;León;Villamanín;Rodiezmo
-399555;Castilla y León;Valladolid;Medina del Campo;Rodilana
-399556;Principado de Asturias;Principado de Asturias;Quirós;Rodiles
-399565;Cataluña;Tarragona;Rodonyà;Rodonyà
-399573;Galicia;La Coruña;Capela, A;Rogüela
-399580;Galicia;La Coruña;Rois;Rois
-399585;Cataluña;Gerona;Pals;Isla Roja
-399590;Comunidad Valenciana;Alicante;Rojales;Rojales
-399591;Cataluña;Tarragona;Montblanc;Rojals
-399599;Región de Murcia;Región de Murcia;Torre-Pacheco;Roldán
-399602;Castilla y León;Soria;Rollamienta;Rollamienta
-399615;Cataluña;Gerona;Pontós;Romañá
-399618;Castilla-La Mancha;Guadalajara;Brihuega;Romancos
-399624;Castilla y León;Soria;Baraona;Romanillos de Medinaceli
-399626;Castilla-La Mancha;Guadalajara;Romanones;Romanones
-399628;Cataluña;Gerona;Santa Cristina d'Aro;Romanyà de la Selva
-399648;Andalucía;Granada;Chauchina;Romilla
-399649;Principado de Asturias;Principado de Asturias;Parres;Romillo
-399653;Principado de Asturias;Principado de Asturias;San Martín de Oscos;Ron
-399656;Comunidad Foral de Navarra;Comunidad Foral de Navarra;Roncal / Erronkari;Roncal
-399657;Comunidad Foral de Navarra;Comunidad Foral de Navarra;Orreaga / Roncesvalles;Roncesvalles
-399659;Andalucía;Málaga;Ronda;Ronda
-399673;Islas Canarias;Fuerteventura;Oliva, La;El Roque
-399680;Islas Canarias;Tenerife;Santa Cruz de Tenerife;Roque Negro
-399684;Cataluña;Tarragona;Roquetes;Roquetes
-399685;Andalucía;Almería;Roquetas de Mar;Roquetas de Mar
-399698;Galicia;Pontevedra;Rosal, O;Rosal
-399701;Andalucía;Huelva;Rosal de la Frontera;Rosal de la Frontera
-399710;Cataluña;Gerona;Roses;Roses
-399714;Comunidad Valenciana;Castellón;Rossell;Rossell (Rosell)
-399718;Galicia;Lugo;Saviñao, O;Rosende
-399720;Castilla y León;Zamora;Rosinos de la Requejada;Rosinos de la Requejada
-399726;Andalucía;Cádiz;Rota;Rota
-399729;Principado de Asturias;Principado de Asturias;Llanes;Rotella
-399733;Comunidad Valenciana;Valencia;Rótova;Ròtova
-399735;Castilla y León;Valladolid;Roturas;Roturas
-399739;Galicia;Lugo;Xermade;Roupar
-399741;Cataluña;Tarragona;Vilallonga del Camp;Rourell
-399754;Aragón;Teruel;Royuela;Royuela
-399760;Galicia;Lugo;Fonsagrada, A;Rozabragada
-399762;Principado de Asturias;Principado de Asturias;San Martín del Rey Aurelio;Rozada
-399766;Principado de Asturias;Principado de Asturias;Peñamellera Alta;Rozagás
-399768;Castilla-La Mancha;Cuenca;Rozalén del Monte;Rozalén del Monte
-399769;Principado de Asturias;Principado de Asturias;Piloña;Rozapanera
-399770;Castilla y León;Zamora;San Justo;Rozas
-399774;Comunidad de Madrid;Comunidad de Madrid;Rozas de Puerto Real;Rozas de Puerto Real
-399781;Extremadura;Cáceres;Ruanes;Ruanes
-399783;Cantabria;Cantabria;Liérganes;Rubalcaba
-399784;Cantabria;Cantabria;Marina de Cudeyo;Rubayo
-399785;Castilla y León;Burgos;Rubena;Rubena
-399786;Cataluña;Barcelona;Rubí;Rubí
-399791;Galicia;Orense;Nogueira de Ramuín;Rubiacós
-399796;Extremadura;Badajoz;Higuera de Llerena;Rubiales
-399797;Aragón;Teruel;Rubiales;Rubiales
-399807;Galicia;Orense;Baltar;Rubiás
-399816;Aragón;Teruel;Rubielos de Mora;Rubielos de Mora
-399829;Andalucía;Granada;Rubite;Rubite
-399830;Andalucía;Málaga;Canillas de Aceituno;Rubite
-399836;Cantabria;Cantabria;Riotuerto;Rucandio
-399842;Cantabria;Cantabria;Alfoz de Lloredo;Rudaguera
-399846;Castilla y León;Valladolid;Rueda;Rueda
-399853;Principado de Asturias;Principado de Asturias;Peñamellera Alta;Ruenes
-399854;Cantabria;Cantabria;Ruente;Ruente
-399855;Cantabria;Cantabria;Valderredible;Rúerrero
-399861;Comunidad Valenciana;Valencia;Rugat;Rugat
-399862;Castilla-La Mancha;Guadalajara;Cifuentes;Ruguilla
-399866;Castilla-La Mancha;Ciudad Real;Ruidera;Ruidera
-399868;Islas Canarias;Tenerife;Tanque, El;Ruigómez
-399870;Cantabria;Cantabria;Ruiloba;Ruiloba
-399873;Cantabria;Cantabria;Comillas;Ruiseñada
-399885;Cantabria;Cantabria;Polanco;Rumoroso
-399891;Cataluña;Gerona;Rupià;Rupià
-399892;Cataluña;Barcelona;Rupit i Pruit;Rupit
-399893;Andalucía;Jaén;Rus;Rus
-399894;Galicia;La Coruña;Carballo;Rus
-399898;Andalucía;Córdoba;Rute;Rute
-399910;Galicia;Lugo;Lugo;Saá
-399916;Cataluña;Barcelona;Sabadell;Sabadell
-399923;País Vasco;Álava;Arraia-Maeztu;Sabando
-399925;Galicia;La Coruña;Outes;Sabardes
-399927;Andalucía;Jaén;Alcaudete;Sabariego
-399928;Galicia;Orense;Rairiz de Veiga;Sabariz
-399929;Aragón;Huesca;Nueno;Sabayés
-399930;Castilla y León;León;Sabero;Sabero
-399936;Islas Canarias;Tenerife;Fasnia;Sabina Alta
-399940;Aragón;Huesca;Sabiñánigo;Sabiñánigo
-399946;Islas Canarias;El Hierro;Frontera;Sabinosa
-399947;Andalucía;Jaén;Sabiote;Sabiote
-399956;Principado de Asturias;Principado de Asturias;Valdés;Sabugo
-399973;Castilla-La Mancha;Guadalajara;Sacedón;Sacedón
-399976;Castilla-La Mancha;Ciudad Real;Saceruela;Saceruela
-399977;Galicia;Pontevedra;Cerdedo-Cotobade;Sacos
-399978;Galicia;Pontevedra;Campo Lameiro;Sacos
-399983;Galicia;La Coruña;Sada;Sada
-399984;Aragón;Zaragoza;Sádaba;Sádaba
-399985;Comunidad Foral de Navarra;Comunidad Foral de Navarra;Sada;Sada de Sangüesa
-399990;Castilla-La Mancha;Cuenca;Saelices;Saelices
-400000;Cataluña;Barcelona;Sagàs;Sagás
-400004;Comunidad Valenciana;Alicante;Sagra;Sagra
-400013;Comunidad Valenciana;Valencia;Sagunto / Sagunt;Sagunto
-400015;Castilla y León;León;Sahagún;Sahagún
-400021;Cataluña;Tarragona;Banyeres del Penedès;Saiforas
-400024;Cantabria;Cantabria;Tojos, Los;Saja
-400027;La Rioja;La Rioja;Sajazarra;Sajazarra
-400105;Castilla y León;Salamanca;Salamanca;Salamanca
-400107;Principado de Asturias;Principado de Asturias;Cudillero;Salamir
-400108;Castilla y León;León;Crémenes;Salamón
-400109;Galicia;Orense;San Amaro;Salamonde
-400110;Andalucía;Granada;Salar;Salar
-400114;Cataluña;Lérida;Naut Aran;Salardú
-400115;Andalucía;Málaga;Salares;Salares
-400118;Principado de Asturias;Principado de Asturias;Salas;Salas
-400122;Aragón;Huesca;Salas Altas;Salas Altas
-400123;Aragón;Huesca;Salas Bajas;Salas Bajas
-400126;Cataluña;Gerona;Sales de Llierca;Sales del Llierca
-400127;Castilla y León;León;Ponferrada;Salas de los Barrios
-400128;Castilla y León;Burgos;Salas de los Infantes;Salas de los Infantes
-400129;Cataluña;Lérida;Salàs de Pallars;Salàs de Pallars
-400131;Cataluña;Barcelona;Sant Pere Sallavinera;Sant Pere Sallavinera
-400133;Castilla y León;Burgos;Villarcayo de Merindad de Castilla la Vieja;Salazar
-400137;Castilla y León;Zamora;Salce;Salce
-400140;Galicia;Pontevedra;Salceda de Caselas;Salceda
-400149;Galicia;Lugo;Pobra do Brollón, A;Salcedo
-400154;Cantabria;Cantabria;Hermandad de Campoo de Suso;Salces
-400155;Principado de Asturias;Principado de Asturias;San Tirso de Abres;Salcido
-400156;Galicia;Pontevedra;Guarda, A;Salcidos
-400157;Castilla y León;Palencia;Saldaña;Saldaña
-400158;Castilla y León;Segovia;Ayllón;Saldaña de Ayllón
-400162;Cataluña;Barcelona;Saldes;Saldes
-400164;Cataluña;Gerona;Ventalló;Saldet
-400165;Comunidad Foral de Navarra;Comunidad Foral de Navarra;Saldías;Saldías
-400168;Castilla y León;Soria;Salduero;Salduero
-400169;Comunidad Valenciana;Valencia;Castelló de Rugat;Salem
-400173;Andalucía;Granada;Valle, El;Saleres
-400175;Galicia;La Coruña;Vedra;Sales
-400176;Galicia;La Coruña;Vedra;San Xulián de Sales
-400177;Principado de Asturias;Principado de Asturias;Colunga;Sales
-400185;Galicia;Lugo;Portomarín;Salgueiros
-400188;Castilla y León;Burgos;Ibeas de Juarros;Salgüero de Juarros
-400191;Principado de Asturias;Principado de Asturias;Somiedo;Saliencia
-400196;Castilla y León;León;Palacios del Sil;Salientes
-400199;Aragón;Huesca;Salillas;Salillas
-400204;Comunidad Valenciana;Alicante;Salinas;Salinas
-400205;Principado de Asturias;Principado de Asturias;Castrillón;Salinas
-400222;País Vasco;Álava;Añana;Salinas de Añana
-400223;Aragón;Huesca;Tella-Sin;Salinas de Bielsa
-400224;Aragón;Huesca;Hoz y Costean;Salinas de Hoz
-400225;Comunidad Foral de Navarra;Comunidad Foral de Navarra;Monreal / Elo;Salinas de Ibargoiti
-400226;Aragón;Huesca;Peñas de Riglos, Las;Salinas de Jaca
-400231;Comunidad Foral de Navarra;Comunidad Foral de Navarra;Galar;Salinas de Pamplona
-400233;Castilla y León;Palencia;Salinas de Pisuerga;Salinas de Pisuerga
-400240;País Vasco;Álava;Labastida / Bastida;Salinillas de Buradón
-400245;Cataluña;Gerona;Vilobí d'Onyar;Salitja
-400247;Cataluña;Barcelona;Sallent;Sallent del Llobregat
-400249;Aragón;Huesca;Sallent de Gállego;Sallent de Gállego
-400250;País Vasco;Álava;Ayala / Aiara;Salmantón
-400264;Castilla y León;Ávila;Salobral;Salobral
-400269;Castilla y León;Ávila;Muñogalindo;Salobralejo
-400270;Castilla-La Mancha;Albacete;Salobre;Salobre
-400275;Andalucía;Granada;Salobreña;Salobreña
-400278;Cataluña;Tarragona;Salomó;Salomó
-400284;Cataluña;Tarragona;Salou;Salou
-400286;Comunidad Valenciana;Castellón;Salzadella, la;Salsadella
-400287;Cataluña;Gerona;Salt;Salt
-400291;Andalucía;Sevilla;Salteras;Salteras
-400307;Comunidad Valenciana;Alicante;Benidorm;Salt de l'Aigua
-400314;Castilla-La Mancha;Cuenca;Salvacañete;Salvacañete
-400324;País Vasco;Álava;Agurain / Salvatierra;Salvatierra
-400326;Aragón;Zaragoza;Salvatierra de Esca;Salvatierra de Esca
-400328;Galicia;Pontevedra;Salvaterra de Miño;Salvaterra de Miño
-400329;Extremadura;Cáceres;Salvatierra de Santiago;Salvatierra de Santiago
-400330;Castilla y León;Salamanca;Salvatierra de Tormes;Salvatierra de Tormes
-400332;Principado de Asturias;Principado de Asturias;Langreo;Langreo
-400333;Principado de Asturias;Principado de Asturias;Grado;Sama
-400336;Principado de Asturias;Principado de Asturias;Piloña;Samaleo
-400339;País Vasco;Álava;Samaniego;Samaniego
-400340;Cantabria;Cantabria;Castro-Urdiales;Sámano
-400350;Castilla y León;Segovia;Samboal;Samboal
-400354;Principado de Asturias;Principado de Asturias;Amieva;Sames
-400356;Galicia;Pontevedra;Poio;Samieira
-400362;Galicia;Lugo;Samos;Samos
-400367;Aragón;Huesca;Fueva, La;Samper
-400369;Aragón;Zaragoza;Samper del Salz;Samper del Salz
-400370;Castilla y León;Zamora;Robleda-Cervantes;Sampil
-400373;Cataluña;Gerona;Das;Sanabastre
-400375;Cataluña;Barcelona;Sant Iscle de Vallalta;Sant Iscle de Vallalta
-400376;Comunidad Foral de Navarra;Comunidad Foral de Navarra;San Adrián;San Adrián
-400379;Cataluña;Barcelona;Badalona;Sant Adrià de Besòs
-400385;Aragón;Teruel;San Agustín;San Agustín
-400389;Comunidad de Madrid;Comunidad de Madrid;San Agustín del Guadalix;San Agustín del Guadalix
-400390;Cataluña;Barcelona;Sant Agustí de Lluçanès;San Agustín de Llusanés
-400392;Cataluña;Lérida;Sanaüja;Sanahuja
-400395;Galicia;Orense;San Amaro;San Amaro
-400397;Islas Canarias;El Hierro;Valverde;San Andrés
-400398;Islas Canarias;Tenerife;Santa Cruz de Tenerife;San Andrés
-400399;Islas Canarias;Tenerife;Santa Cruz de Tenerife;San Andrés
-400400;Islas Canarias;La Palma;Puntallana;San Andrés
-400403;La Rioja;La Rioja;Lumbreras;San Andrés
-400415;País Vasco;Vizcaya;Bermeo;San Andrés
-400423;Cataluña;Barcelona;Sant Andreu de la Barca;San Andrés de la Barca
-400427;Cataluña;Barcelona;Sant Andreu de Llavaneres;Sant Andreu de Llavaneres
-400428;Castilla y León;León;León;San Andrés del Rabanedo
-400431;Castilla y León;León;Ponferrada;San Andrés de Montejos
-400434;Castilla y León;Soria;Almarza;San Andrés de Soria
-400436;Cataluña;Gerona;Cassà de la Selva;Sant Andreu Salou
-400438;Principado de Asturias;Principado de Asturias;Ibias;San Antolín
-400447;Islas Canarias;La Palma;Breña Baja;San Antonio
-400451;Comunidad Valenciana;Alicante;Benissa;San Antonio
-400452;Comunidad Valenciana;Valencia;Requena;San Antonio de Requena
-400453;Comunidad Valenciana;Castellón;Almazora;San Antonio
-400465;Islas Baleares;Ibiza y Formentera;Sant Antoni de Portmany;San Antonio
-400466;Cataluña;Gerona;Calonge;Sant Antoni de Calonge
-400468;Cataluña;Barcelona;Sant Antoni de Vilamajor;Sant Antoni de Vilamajor
-400470;La Rioja;La Rioja;San Asensio;San Asensio
-400473;Islas Canarias;Lanzarote;San Bartolomé;San Bartolomé
-400476;Comunidad Valenciana;Alicante;Rafal;San Bartolomé
-400481;Castilla y León;Ávila;San Bartolomé de Béjar;San Bartolomé de Béjar
-400482;Castilla y León;Ávila;San Bartolomé de Corneja;San Bartolomé de Corneja
-400485;Castilla-La Mancha;Toledo;San Bartolomé de las Abiertas;San Bartolomé de las Abiertas
-400486;Andalucía;Huelva;San Bartolomé de la Torre;San Bartolomé de la Torre
-400487;Cataluña;Barcelona;Sant Bartomeu del Grau;Sant Bartomeu de Grau
-400488;Cantabria;Cantabria;Voto;San Bartolomé de los Montes
-400489;Cantabria;Cantabria;Meruelo;San Bartolomé de Meruelo
-400490;Castilla y León;Ávila;San Bartolomé de Pinares;San Bartolomé de Pinares
-400492;Islas Canarias;Gran Canaria;San Bartolomé de Tirajana;San Bartolomé
-400493;Castilla y León;Ávila;San Juan de Gredos;San Bartolomé de Tormes
-400494;Cataluña;Barcelona;Sant Boi de Llobregat;Sant Boi de Llobregat
-400495;Cataluña;Barcelona;Sant Boi de Lluçanès;Sant Boi de Lluçanès
-400502;Extremadura;Badajoz;Olivenza;San Benito de la Contienda
-400508;Castilla y León;Valladolid;Valbuena de Duero;San Bernardo
-400509;Región de Murcia;Región de Murcia;San Javier;San Blas
-400515;Islas Canarias;La Palma;Tazacorte;San Borondón
-400518;Islas Baleares;Ibiza y Formentera;Santa Eulària des Riu;Sant Carles de Peralta
-400523;Cataluña;Tarragona;Sant Carles de la Ràpita;Sant Carles de la Ràpita
-400524;Castilla-La Mancha;Ciudad Real;San Carlos del Valle;San Carlos del Valle
-400525;Región de Murcia;Región de Murcia;Torre-Pacheco;San Cayetano
-400529;Castilla y León;Zamora;San Cebrián de Castro;San Cebrián de Castro
-400534;Islas Baleares;Mallorca;Sencelles;Sencelles
-400535;Cataluña;Barcelona;Sant Celoni;Sant Celoni
-400543;Castilla y León;Ávila;Sanchidrián;Sanchidrián
-400555;Castilla y León;Segovia;Sanchonuño;Sanchonuño
-400563;Cantabria;Cantabria;Santa Cruz de Bezana;Sancibrián
-400568;Castilla y León;Zamora;San Justo;San Ciprián
-400569;Galicia;Lugo;Cervo;San Ciprián
-400571;Cataluña;Gerona;Cruïlles, Monells i Sant Sadurní de l'Heura;San Ciprián de Lladó
-400572;Cataluña;Gerona;Cruïlles, Monells i Sant Sadurní de l'Heura;Sant Cebrià dels Alls
-400573;Galicia;Orense;San Cibrao das Viñas;San Ciprián de Viñas
-400579;Galicia;La Coruña;Ortigueira;San Claudio
-400580;Andalucía;Granada;Huéscar;San Clemente
-400581;Castilla-La Mancha;Cuenca;San Clemente;San Clemente
-400582;Islas Baleares;Menorca;Maó-Mahón;Sant Climent
-400586;Galicia;Pontevedra;Marín;Isla de San Clemente
-400590;Cataluña;Gerona;Forallac;Sant Climent de Peralta
-400591;Castilla y León;León;Ponferrada;San Clemente de Valdueza
-400592;Cataluña;Gerona;Sant Climent Sescebes;Sant Climent Sescebes
-400593;Galicia;Orense;Leiro;San Clodio
-400598;Principado de Asturias;Principado de Asturias;Cudillero;San Cosme
-400601;Galicia;Lugo;Barreiros;San Cosme de Barreiros
-400632;Castilla y León;Zamora;San Vitero;San Cristóbal de Aliste
-400634;Castilla y León;Palencia;San Cristóbal de Boedo;San Cristóbal de Boedo
-400636;Castilla y León;Segovia;San Cristóbal de Cuéllar;San Cristóbal de Cuéllar
-400637;Castilla y León;Zamora;San Cristóbal de Entreviñas;San Cristóbal de Entreviñas
-400638;Castilla y León;Salamanca;San Cristóbal de la Cuesta;San Cristóbal de la Cuesta
-400639;Islas Canarias;Tenerife;San Cristóbal de La Laguna;La Laguna
-400644;Castilla y León;Segovia;San Cristóbal de Segovia;San Cristóbal de Segovia
-400645;Castilla y León;León;Ponferrada;San Cristobal de Valdueza
-400647;Andalucía;Cádiz;Chiclana de la Frontera;Novo Sancti Petri
-400652;Castilla y León;Salamanca;Sancti-Spíritus;Sancti-Spíritus
-400654;Cataluña;Barcelona;Sant Cugat del Vallès;Sant Cugat del Vallès
-400655;Cataluña;Barcelona;Sant Cugat Sesgarrigues;Sant Cugat Sesgarrigues
-400657;Cataluña;Gerona;Vilobí d'Onyar;San Dalmay
-400659;Principado de Asturias;Principado de Asturias;Pravia;Sandamías
-400660;Cataluña;Gerona;Calonge;Sant Daniel
-400665;Galicia;Orense;Sandiás;Sandianes
-400670;Aragón;Huesca;Sallent de Gállego;Sandiniés
-400672;Cantabria;Cantabria;Villafufre;Sandoñana
-400677;Castilla y León;León;San Emiliano;San Emiliano
-400680;Galicia;Orense;Nogueira de Ramuín;Santo Estevo de Rivas de Sil
-400685;Principado de Asturias;Principado de Asturias;Peñamellera Baja;San Esteban
-400687;Principado de Asturias;Principado de Asturias;Illano;San Esteban
-400688;Cantabria;Cantabria;Alfoz de Lloredo;San Esteban
-400694;País Vasco;Vizcaya;Galdames;San Esteban de Galdames
-400695;Castilla y León;Soria;San Esteban de Gormaz;San Esteban de Gormaz
-400696;Cataluña;Gerona;Vilademuls;San Esteban de Guialbes
-400697;Castilla y León;Salamanca;San Esteban de la Sierra;San Esteban de la Sierra
-400699;Cataluña;Gerona;Sant Aniol de Finestres;Sant Esteve de Llémena
-400701;Castilla y León;Ávila;San Esteban de los Patos;San Esteban de los Patos
-400702;Castilla y León;León;Bembibre;San Esteban del Toral
-400703;Castilla y León;Ávila;San Esteban del Valle;San Esteban del Valle
-400705;Cataluña;Barcelona;Sant Esteve de Palautordera;Sant Esteve de Palautordera
-400706;Principado de Asturias;Principado de Asturias;Muros de Nalón;San Esteban de Pravia
-400708;Castilla y León;León;Ponferrada;San Esteban de Valdueza
-400714;Comunidad Valenciana;Alicante;Sanet y Negrals;Sanet i els Negrals (Sanet y Negrals)
-400717;Cataluña;Barcelona;Sant Fost de Campsentelles;Sant Fost de Campsentelles
-400718;Castilla y León;Soria;San Felices;San Felices
-400723;Castilla y León;Palencia;Cervera de Pisuerga;San Felices de Castillería
-400724;Castilla y León;Salamanca;San Felices de los Gallegos;San Felices de los Gallegos
-400725;Canarias;Gran Canaria;Santa María de Guía de Gran Canaria;San Felipe
-400732;Cataluña;Gerona;Palau-sator;Sant Feliu de Boada
-400733;Cataluña;Gerona;Sant Feliu de Buixalleu;Sant Feliu de Buixalleu
-400734;Cataluña;Barcelona;Sant Feliu de Codines;Sant Feliu de Codines
-400735;Cataluña;Gerona;Sant Feliu de Guíxols;Sant Feliu de Guíxols
-400736;Cataluña;Barcelona;Sant Feliu de Llobregat;Sant Feliu de Llobregat
-400738;Cataluña;Barcelona;Castellar del Vallès;Sant Feliu del Racó
-400739;Cataluña;Gerona;Sant Feliu de Pallerols;Sant Feliu de Pallerols
-400740;Cataluña;Barcelona;Sant Feliu Sasserra;Sant Feliu Sasserra
-400744;Principado de Asturias;Principado de Asturias;Villaviciosa;San Feliz
-400745;Principado de Asturias;Principado de Asturias;Villaviciosa;San Feliz
-400751;Islas Canarias;Gran Canaria;San Bartolomé de Tirajana;San Fernando
-400752;Andalucía;Cádiz;San Fernando;San Fernando
-400753;Comunidad de Madrid;Comunidad de Madrid;Coslada;San Fernando de Henares
-400755;Cataluña;Gerona;Sant Ferriol;Sant Ferriol
-400760;Galicia;La Coruña;Mazaricos;Sanfoga
-400763;Islas Baleares;Mallorca;Palma de Mallorca;Sant Francesc
-400764;Andalucía;Málaga;Fuengirola;San Francisco
-400771;Islas Canarias;Gran Canaria;Palmas de Gran Canaria, Las;San Francisco de Paula
-400772;Islas Baleares;Ibiza y Formentera;Formentera;Sant Francesc Xavier
-400774;Cataluña;Barcelona;Sant Fruitós de Bages;Sant Fruitós de Bages
-400780;Galicia;Pontevedra;Sanxenxo;Sanxenxo
-400787;Cataluña;Gerona;Lloret de Mar;San Genís de Palafolls
-400796;Región de Murcia;Región de Murcia;Murcia;Sangonera la Verde
-400797;Cataluña;Gerona;Sant Gregori;Sant Gregori
-400808;Comunidad Foral de Navarra;Comunidad Foral de Navarra;Sangüesa / Zangoza;Sangüesa
-400815;Cataluña;Barcelona;Sant Hipòlit de Voltregà;San Hipólito de Voltregá
-400817;Castilla y León;Segovia;Real Sitio de San Ildefonso;La Granja de San Ildefonso
-400820;Islas Canarias;Tenerife;Granadilla de Abona;San Isidro
-400821;Islas Canarias;Gran Canaria;Gáldar;San Isidro
-400828;Cataluña;Barcelona;Sant Jaume de Frontanyà;San Jaime de Frontanya
-400829;Cataluña;Gerona;Sant Jaume de Llierca;Sant Jaume de Llierca
-400830;Cataluña;Tarragona;Sant Jaume dels Domenys;Sant Jaume dels Domenys
-400832;Región de Murcia;Región de Murcia;San Javier;San Javier
-400838;Cataluña;Gerona;Sant Jordi Desvalls;Sant Jordi Desvalls
-400839;Comunidad Valenciana;Alicante;Villajoyosa / Vila Joiosa, la;San Jorge
-400841;Comunidad Valenciana;Castellón;Sant Jordi / San Jorge;Sant Jordi (San Jorge)
-400849;Andalucía;Almería;Níjar;San José
-400851;Andalucía;Sevilla;Rinconada, La;San José de La Rinconada
-400852;Andalucía;Almería;Níjar;San José
-400854;Islas Baleares;Ibiza y Formentera;Sant Josep de sa Talaia;Sant Josep de sa Talaia
-400857;Islas Canarias;Tenerife;Guía de Isora;Playa de San Juan
-400858;Comunidad Valenciana;Alicante;Sant Joan d'Alacant;San Juan
-400860;Islas Baleares;Mallorca;Sant Joan;Sant Joan
-400864;Aragón;Huesca;Fueva, La;San Juan
-400867;País Vasco;Vizcaya;Muskiz;San Juan
-400869;Principado de Asturias;Principado de Asturias;Colunga;San Juan
-400870;Principado de Asturias;Principado de Asturias;Cudillero;San Juan de Piñera
-400895;Islas Baleares;Ibiza y Formentera;Sant Joan de Labritja;San Juan Bautista
-400897;Comunidad Valenciana;Alicante;Sant Joan d'Alacant;San Juan de Alicante
-400898;Andalucía;Sevilla;San Juan de Aznalfarache;San Juan de Aznalfarache
-400901;Principado de Asturias;Principado de Asturias;Villaviciosa;San Juan de Castiello
-400905;Castilla y León;Zamora;Robleda-Cervantes;San Juan de la Cuesta
-400908;Castilla y León;León;Arganza;San Juan de la Mata
-400911;Islas Canarias;Tenerife;San Juan de la Rambla;San Juan de la Rambla
-400912;Cataluña;Gerona;Sant Joan de les Abadesses;Sant Joan de les Abadesses
-400914;Castilla y León;Burgos;San Juan del Monte;San Juan del Monte
-400915;Andalucía;Huelva;San Juan del Puerto;San Juan del Puerto
-400917;Islas Canarias;Tenerife;Garachico;San Juan del Reparo
-400918;Cataluña;Gerona;Sant Joan de Mollet;San Juan de Mollet
-400919;Comunidad Valenciana;Castellón;Sant Joan de Moró;Sant Joan de Moró
-400921;Principado de Asturias;Principado de Asturias;Castrillón;San Juan de Nieva
-400922;Castilla y León;Burgos;Barrios de Colina;San Juan de Ortega
-400923;Cataluña;Gerona;Palamós;Sant Joan de Palamós
-400925;Aragón;Huesca;San Juan de Plan;San Juan de Plan
-400928;Cataluña;Barcelona;Sant Joan Despí;Sant Joan Despí
-400931;Cataluña;Barcelona;Vilassar de Mar;Vilassar de Mar
-400941;Principado de Asturias;Principado de Asturias;Franco, El;San Julián
-400954;Cataluña;Gerona;Sant Julià del Llor i Bonmatí;Sant Julià del Llor
-400955;País Vasco;Vizcaya;Muskiz;Muskiz
-400960;Aragón;Huesca;Fiscal;San Juste
-400961;Castilla y León;Zamora;San Justo;San Justo
-400969;Castilla y León;León;Noceda del Bierzo;San Justo de Cabanillas
-400971;Castilla y León;León;San Justo de la Vega;San Justo de la Vega
-400973;Cataluña;Barcelona;Esplugues de Llobregat;Sant Just Desvern
-400979;Castilla y León;Soria;San Leonardo de Yagüe;San Leonardo de Yagüe
-401004;Galicia;Orense;Parada de Sil;San Lorenzo de Barjacoba
-401006;Islas Baleares;Mallorca;Sant Llorenç des Cardassar;Sant Llorenç des Cardassar
-401007;Comunidad de Madrid;Comunidad de Madrid;San Lorenzo de El Escorial;San Lorenzo de El Escorial
-401008;Cataluña;Barcelona;Sant Llorenç d'Hortons;Sant Llorenç d'Hortons
-401013;País Vasco;Vizcaya;Maruri-Jatabe;San Lorenzo de Maruri
-401014;País Vasco;Vizcaya;Meñaka;Menaka
-401015;Cataluña;Lérida;Sant Llorenç de Morunys;Sant Llorenç de Morunys
-401017;Cataluña;Barcelona;Sant Llorenç Savall;Sant Llorenç Savall
-401019;Andalucía;Cádiz;Sanlúcar de Barrameda;Sanlúcar de Barrameda
-401020;Andalucía;Huelva;Sanlúcar de Guadiana;Sanlúcar de Guadiana
-401021;Andalucía;Sevilla;Sanlúcar la Mayor;Sanlúcar la Mayor
-401022;Islas Canarias;Tenerife;Tegueste;San Luis
-401023;Islas Baleares;Menorca;Sant Lluís;Sant Lluis
-401024;Andalucía;Málaga;Manilva;San Luis de Sabinillas
-401037;Comunidad de Madrid;Comunidad de Madrid;Navarredonda y San Mamés;San Mamés
-401039;Cantabria;Cantabria;Polaciones;San Mamés
-401042;Cantabria;Cantabria;Voto;San Mamés de Aras
-401043;Castilla y León;Burgos;San Mamés de Burgos;San Mamés de Burgos
-401045;Cantabria;Cantabria;Meruelo;San Mamés de Meruelo
-401052;País Vasco;Vizcaya;Iurreta;San Marcos
-401059;Andalucía;Cádiz;San Martín del Tesorillo;San Martín del Tesorillo
-401070;Comunidad Foral de Navarra;Comunidad Foral de Navarra;Améscoa Baja;San Martín
-401073;País Vasco;Guipúzcoa;Amezketa;San Martín
-401076;Principado de Asturias;Principado de Asturias;Teverga;San Martín
-401077;Cantabria;Cantabria;Soba;San Martín
-401087;Principado de Asturias;Principado de Asturias;Villaviciosa;San Martín
-401101;Galicia;La Coruña;Fisterra;San Martín de Arriba
-401104;Castilla y León;Zamora;Galende;San Martín de Castañeda
-401105;Cataluña;Barcelona;Sant Martí de Centelles;Sant Martí de Centelles
-401108;Cantabria;Cantabria;Valderredible;San Martín de Elines
-401116;Galicia;Orense;Larouco;San Martín del Albaredos
-401123;Comunidad de Madrid;Comunidad de Madrid;San Martín de la Vega;San Martín de la Vega
-401124;Castilla y León;Ávila;San Martín de la Vega del Alberche;San Martín de la Vega del Alberche
-401126;Castilla y León;León;Santa Marina del Rey;San Martín del Camino
-401127;Castilla y León;Salamanca;San Martín del Castañar;San Martín del Castañar
-401131;Principado de Asturias;Principado de Asturias;Belmonte de Miranda;San Martín de Lodón
-401133;Castilla y León;Palencia;Cervera de Pisuerga;San Martín de los Herreros
-401135;Castilla y León;Ávila;San Martín del Pimpollar;San Martín del Pimpollar
-401141;Aragón;Zaragoza;Lituénigo;San Martín de Moncayo
-401144;Principado de Asturias;Principado de Asturias;San Martín de Oscos;San Martín de Oscos
-401145;Castilla y León;Palencia;San Cebrián de Mudá;San Martín de Perapertú
-401155;Cataluña;Barcelona;Sant Martí de Tous;Sant Martí de Tous
-401156;Extremadura;Cáceres;San Martín de Trevejo;San Martín de Trevejo
-401158;Comunidad Foral de Navarra;Comunidad Foral de Navarra;San Martín de Unx;San Martín de Unx
-401159;Comunidad de Madrid;Comunidad de Madrid;San Martín de Valdeiglesias;San Martín de Valdeiglesias
-401163;Principado de Asturias;Principado de Asturias;Allande;San Martín de Valledor
-401168;Cataluña;Gerona;Susqueda;San Martín Sacalm
-401170;Cataluña;Barcelona;Sant Martí Sarroca;Sant Martí Sarroca
-401172;Cataluña;Barcelona;Sant Martí Sesgueioles;San Martín Sasgayolas
-401174;Cataluña;Gerona;Sant Martí Vell;Sant Martí Vell
-401175;Comunidad Valenciana;Castellón;Sant Mateu;Sant Mateu
-401176;Cantabria;Cantabria;Corrales de Buelna, Los;San Mateo
-401180;Cataluña;Barcelona;Sant Mateu de Bages;San Mateo de Bages
-401181;Aragón;Zaragoza;San Mateo de Gállego;San Mateo de Gállego
-401182;Cataluña;Barcelona;Quar, La;San Mauricio
-401186;Castilla y León;Burgos;Cardeñajimeno;San Medel
-401188;Islas Canarias;Tenerife;San Miguel de Abona;San Miguel de Abona
-401189;Islas Canarias;Tenerife;Orotava, La;San Miguel
-401191;Islas Baleares;Ibiza y Formentera;Sant Joan de Labritja;Port de Sant Miquel
-401196;Principado de Asturias;Principado de Asturias;Aller;San Miguel
-401198;Principado de Asturias;Principado de Asturias;Langreo;San Miguel
-401201;Principado de Asturias;Principado de Asturias;Villaviciosa;San Miguel
-401215;Cantabria;Cantabria;San Miguel de Aguayo;San Miguel de Aguayo
-401216;Cantabria;Cantabria;Voto;San Miguel de Aras
-401217;Castilla y León;León;Arganza;San Miguel de Arganza
-401219;Castilla y León;Segovia;San Miguel de Bernuy;San Miguel de Bernúy
-401220;Cataluña;Gerona;Sant Miquel de Campmajor;Sant Miquel de Campmajor
-401221;Castilla y León;Ávila;San Miguel de Corneja;San Miguel de Corneja
-401223;Cataluña;Gerona;Cruïlles, Monells i Sant Sadurní de l'Heura;San Miguel de Cruilles
-401225;Cataluña;Gerona;Ventalló;Sant Miquel de Fluvià
-401226;Islas Canarias;Tenerife;San Cristóbal de La Laguna;San Miguel de Geneto
-401228;Castilla y León;León;Berlanga del Bierzo;San Miguel de Langre
-401229;Cataluña;Gerona;Sant Feliu de Pallerols;Sant Miquel de la Pineda
-401231;Castilla y León;Valladolid;San Miguel del Arroyo;San Miguel del Arroyo
-401232;Castilla y León;León;Congosto;San Miguel de las Dueñas
-401234;Cataluña;Gerona;Olot;San Miguel del Corp
-401237;Castilla y León;Zamora;Cobreros;San Miguel de Lomba
-401238;Castilla y León;Valladolid;San Miguel del Pino;San Miguel del Pino
-401240;Cantabria;Cantabria;Luena;San Miguel de Luena
-401242;Cantabria;Cantabria;Meruelo;San Miguel de Meruelo
-401251;Comunidad Valenciana;Alicante;San Miguel de Salinas;San Miguel de Salinas
-401253;Castilla y León;Salamanca;San Miguel de Valero;San Miguel de Valero
-401259;Castilla y León;Burgos;Ibeas de Juarros;San Millán de Juarros
-401260;La Rioja;La Rioja;San Millán de la Cogolla;San Millán de la Cogolla
-401267;Cataluña;Gerona;Sant Mori;Sant Mori
-401270;Islas Canarias;Gran Canaria;Aldea de San Nicolás, La;La Aldea de San Nicolas
-401274;Andalucía;Sevilla;San Nicolás del Puerto;San Nicolás del Puerto
-401275;Castilla y León;Palencia;Moratinos;San Nicolás del Real Camino
-401276;Andalucía;Cádiz;Jimena de la Frontera;San Pablo
-401277;Andalucía;Sevilla;Sevilla;San Pablo
-401278;Castilla-La Mancha;Toledo;San Pablo de los Montes;San Pablo de los Montes
-401283;Cantabria;Cantabria;Voto;San Pantaleón de Aras
-401294;Islas Canarias;Gran Canaria;Agaete;San Pedro
-401295;Islas Canarias;La Palma;Breña Alta;San Pedro
-401299;Extremadura;Cáceres;Valencia de Alcántara;San Pedro
-401302;Galicia;Lugo;Nogais, As;San Pedro
-401309;Cantabria;Cantabria;Cillorigo de Liébana;San Pedro
-401315;Principado de Asturias;Principado de Asturias;Siero;San Pedro
-401317;Principado de Asturias;Principado de Asturias;Ribadesella;San Pedro
-401346;Andalucía;Málaga;Marbella;San Pedro de Alcántara
-401349;Castilla y León;Zamora;San Pedro de Ceque;San Pedro de Ceque
-401352;Islas Canarias;Tenerife;Garachico;San Pedro de Daute
-401354;Castilla y León;Segovia;San Pedro de Gaíllos;San Pedro de Gaíllos
-401355;País Vasco;Vizcaya;Galdames;San Pedro de Galdames
-401361;Castilla y León;Ávila;San Pedro del Arroyo;San Pedro del Arroyo
-401366;Castilla y León;Zamora;Mahide;San Pedro de las Herrerías
-401374;Región de Murcia;Región de Murcia;San Pedro del Pinatar;San Pedro del Pinatar
-401377;Castilla y León;Salamanca;San Pedro del Valle;San Pedro del Valle
-401378;Extremadura;Badajoz;San Pedro de Mérida;San Pedro de Mérida
-401384;Cataluña;Barcelona;Premià de Dalt;Sant Pere de Premià
-401385;Cataluña;Barcelona;Sant Pere de Ribes;Sant Pere de Ribes
-401386;Cataluña;Barcelona;Sant Pere de Riudebitlles;Sant Pere de Riudebitlles
-401387;Castilla y León;Salamanca;San Pedro de Rozados;San Pedro de Rozados
-401389;Cataluña;Barcelona;Sant Pere de Torelló;Sant Pere de Torelló
-401392;Cataluña;Barcelona;Sant Pere de Vilamajor;Sant Pere de Vilamajor
-401395;Castilla y León;León;Toreno;San Pedro Mallo
-401398;Castilla-La Mancha;Cuenca;San Pedro Palmiches;San Pedro Palmiches
-401399;Cataluña;Gerona;Sant Pere Pescador;San Pedro Pescador
-401402;Castilla y León;Valladolid;San Pelayo;San Pelayo
-401404;Castilla y León;Burgos;Merindad de Montija;San Pelayo
-401411;Castilla y León;Salamanca;San Pelayo de Guareña;San Pelayo de Guareña
-401412;Principado de Asturias;Principado de Asturias;Valdés;San Pelayo de Tehona
-401417;Cataluña;Gerona;Cruïlles, Monells i Sant Sadurní de l'Heura;San Pol
-401420;Cataluña;Barcelona;Tordera;Sant Ponç
-401421;Cataluña;Gerona;Vall d'en Bas, La;Sant Privat de Bas
-401425;Cataluña;Barcelona;Sant Quintí de Mediona;Sant Quintí de Mediona
-401428;Castilla y León;Palencia;Alar del Rey;San Quirce de Ríopisuerga
-401429;Cataluña;Barcelona;Sant Quirze de Besora;Sant Quirze de Besora
-401431;Cataluña;Barcelona;Sant Quirze Safaja;Sant Quirze Safaja
-401433;Castilla y León;Segovia;Espinar, El;San Rafael
-401435;Comunidad Valenciana;Castellón;San Rafael del Río;Sant Rafel del Riu
-401437;Castilla-La Mancha;Toledo;San Román de los Montes;San Román de los Montes
-401440;País Vasco;Álava;San Millán / Donemiliaga;San Román
-401441;Galicia;Lugo;Cervantes;San Román
-401443;Galicia;La Coruña;Santiso;San Román
-401444;Galicia;La Coruña;Val do Dubra;San Román
-401447;Cantabria;Cantabria;Castañeda;San Román
-401448;Principado de Asturias;Principado de Asturias;Piloña;San Román
-401449;Principado de Asturias;Principado de Asturias;Sariego;San Román
-401450;Principado de Asturias;Principado de Asturias;Candamo;San Román
-401451;Cantabria;Cantabria;Santander;San Román
-401454;La Rioja;La Rioja;San Román de Cameros;San Román de Cameros
-401462;Castilla y León;Zamora;Villabrázaro;San Román del Valle
-401463;Castilla y León;Zamora;Cobreros;San Román de Sanabria
-401465;Islas Canarias;Gran Canaria;Telde;San Roque
-401466;Andalucía;Cádiz;San Roque;San Roque
-401467;Andalucía;Almería;Berja;San Roque
-401473;Cantabria;Cantabria;San Roque de Riomiera;San Roque de Ríomiera
-401474;Cataluña;Gerona;Cruïlles, Monells i Sant Sadurní de l'Heura;Sant Sadurní
-401480;Principado de Asturias;Principado de Asturias;Teverga;San Salvador
-401488;Castilla y León;Palencia;Pernía, La;San Salvador de Cantamuda
-401493;Galicia;La Coruña;San Sadurniño;San Saturnino
-401494;Cataluña;Barcelona;Sant Sadurní d'Osormort;Sant Sadurní d'Osormort
-401496;Cantabria;Cantabria;Rionansa;San Sebastián de Garabandal
-401497;País Vasco;Guipúzcoa;Donostia / San Sebastián;San Sebastián
-401503;Islas Canarias;La Gomera;San Sebastián de la Gomera;San Sebastián de la Gomera
-401504;Andalucía;Córdoba;San Sebastián de los Ballesteros;San Sebastián de los Ballesteros
-401505;Comunidad de Madrid;Comunidad de Madrid;San Sebastián de los Reyes;San Sebastián de los Reyes
-401506;Cataluña;Barcelona;Montmajor;Sant Sebastián de Mont Major
-401513;Comunidad Foral de Navarra;Comunidad Foral de Navarra;Leoz / Leotz;Sansoáin
-401514;Comunidad Foral de Navarra;Comunidad Foral de Navarra;Urraul Bajo;Sansoáin
-401517;Comunidad Foral de Navarra;Comunidad Foral de Navarra;Sansol;Sansol
-401523;Extremadura;Badajoz;Santa Amalia;Santa Amalia
-401524;Andalucía;Jaén;Alcalá la Real;Santa Ana
-401528;Castilla-La Mancha;Albacete;Alcadozo;Santa Ana
-401535;Principado de Asturias;Principado de Asturias;San Martín del Rey Aurelio;San Martín del Rey Aurelio
-401536;País Vasco;Vizcaya;Berango;Santa Ana
-401547;Andalucía;Huelva;Santa Ana la Real;Santa Ana la Real
-401549;Galicia;Lugo;Vilalba;Santaballa
-401553;Cataluña;Tarragona;Santa Bàrbara;Santa Bárbara
-401562;Islas Canarias;Gran Canaria;Santa Brígida;Santa Brígida
-401563;Comunidad Foral de Navarra;Comunidad Foral de Navarra;Santacara;Santacara
-401565;Islas Canarias;Tenerife;Guancha, La;Santa Catalina
-401580;Castilla y León;León;Val de San Lorenzo;Santa Catalina de Somoza
-401586;Cataluña;Barcelona;Santa Cecília de Voltregà;Santa Cecilia de Voltregá
-401587;Cataluña;Gerona;Caldes de Malavella;Santa Ceclina
-401588;Aragón;Huesca;Santa Cilia;Santa Cilia
-401589;Aragón;Huesca;Santa Cilia;Santa Cilia de Jaca
-401590;Andalucía;Huelva;Ayamonte;Santa Clara
-401595;País Vasco;Guipúzcoa;Donostia / San Sebastián;San Sebastián
-401599;La Rioja;La Rioja;Santa Coloma;Santa Coloma
-401601;País Vasco;Álava;Artziniega;Santa Coloma
-401604;Cataluña;Barcelona;Santa Coloma de Cervelló;Santa Coloma de Cervelló
-401605;Cataluña;Gerona;Santa Coloma de Farners;Santa Coloma de Farners
-401606;Cataluña;Barcelona;Santa Coloma de Gramenet;Santa Coloma de Gramenet
-401608;Cataluña;Tarragona;Santa Coloma de Queralt;Santa Coloma de Queralt
-401611;Castilla y León;León;Ercina, La;Santa Colomba de las Arrimadas
-401616;Castilla y León;León;Santa Colomba de Somoza;Santa Colomba de Somoza
-401621;Galicia;La Coruña;Santa Comba;Santa Comba
-401623;Cataluña;Barcelona;Olost;Santa Creu del Jutglar
-401630;Cataluña;Gerona;Santa Cristina d'Aro;Santa Cristina d'Aro
-401637;Andalucía;Córdoba;Córdoba;Santa Cruz
-401638;Castilla y León;Segovia;Sepúlveda;Santa Cruz
-401646;Cantabria;Cantabria;Rasines;Santa Cruz
-401657;Andalucía;Granada;Santa Cruz del Comercio;Santa Cruz de Alhama
-401659;Cantabria;Cantabria;Santa Cruz de Bezana;Santa Cruz de Bezana
-401661;País Vasco;Álava;Campezo / Kanpezu;Santa Cruz de Campezo
-401664;Islas Canarias;La Palma;Santa Cruz de la Palma;Santa Cruz de la Palma
-401665;Castilla y León;Burgos;Santa Cruz de la Salceda;Santa Cruz de la Salceda
-401666;Aragón;Huesca;Santa Cruz de la Serós;Santa Cruz de la Serós
-401667;Extremadura;Cáceres;Santa Cruz de la Sierra;Santa Cruz de la Sierra
-401668;Castilla-La Mancha;Toledo;Santa Cruz de la Zarza;Santa Cruz de la Zarza
-401672;Castilla y León;Zamora;Manzanal de Arriba;Santa Cruz de los Cuérragos
-401676;Castilla y León;Ávila;Santa Cruz del Valle;Santa Cruz del Valle
-401679;Aragón;Zaragoza;Santa Cruz de Moncayo;Santa Cruz de Moncayo
-401681;Castilla-La Mancha;Cuenca;Santa Cruz de Moya;Santa Cruz de Moya
-401682;Castilla-La Mancha;Ciudad Real;Santa Cruz de Mudela;Santa Cruz de Mudela
-401683;Aragón;Teruel;Santa Cruz de Nogueras;Santa Cruz de Nogueras
-401685;Castilla y León;Ávila;Santa Cruz de Pinares;Santa Cruz de Pinares
-401686;Islas Canarias;Tenerife;Santa Cruz de Tenerife;Santa Cruz de Tenerife
-401692;Andalucía;Jaén;Santa Elena;Santa Elena
-401694;Andalucía;Córdoba;Santaella;Santaella
-401697;La Rioja;La Rioja;Santa Engracia del Jubera;Santa Engracia
-401698;Aragón;Huesca;Puente la Reina de Jaca;Santa Engracia
-401708;Castilla y León;Valladolid;Santa Eufemia del Arroyo;Santa Eufemia del Arroyo
-401711;Islas Baleares;Mallorca;Santa Eugènia;Santa Eugènia
-401712;Galicia;La Coruña;Ribeira;Ribeira
-401719;Aragón;Teruel;Santa Eulalia;Santa Eulalia
-401722;Principado de Asturias;Principado de Asturias;Morcín;Santa Eulalia
-401723;Principado de Asturias;Principado de Asturias;Cabranes;Santa Eulalia
-401731;La Rioja;La Rioja;Santa Eulalia Bajera;Santa Eulalia Bajera
-401733;Principado de Asturias;Principado de Asturias;Cangas del Narcea;Santa Eulalia de Cueras
-401734;Aragón;Zaragoza;Santa Eulalia de Gállego;Santa Eulalia de Gállego
-401736;Castilla y León;León;Sena de Luna;Santa Eulalia de las Manzanas
-401737;Islas Baleares;Ibiza y Formentera;Santa Eulària des Riu;Santa Eulària des Riu
-401738;Principado de Asturias;Principado de Asturias;Santa Eulalia de Oscos;Santa Eulalia de Oscos
-401741;Cataluña;Barcelona;Santa Eulàlia de Riuprimer;Santa Eulàlia de Riuprimer
-401742;Cataluña;Barcelona;Santa Eulàlia de Ronçana;Santa Eulalia de Ronçana
-401745;Aragón;Huesca;Loporzano;Santa Eulalia la Mayor
-401746;Comunidad Valenciana;Alicante;Alicante / Alacant;Santa Faç
-401747;Andalucía;Granada;Santa Fe;Santa Fe
-401748;Cataluña;Barcelona;Fogars de Montclús;Santa Fe de Montseny
-401749;Andalucía;Málaga;Fuengirola;Santa Fe de los Boliches
-401750;Cataluña;Barcelona;Granada, La;Santa Fe del Panadés
-401751;Andalucía;Almería;Santa Fe de Mondújar;Santa Fe de Mondújar
-401753;Castilla y León;Burgos;Alfoz de Santa Gadea;Santa Gadea
-401754;Principado de Asturias;Principado de Asturias;Tapia de Casariego;Santagadea
-401755;Castilla y León;Burgos;Santa Gadea del Cid;Santa Gadea del Cid
-401756;Principado de Asturias;Principado de Asturias;Bimenes;Santa Gadía
-401759;Islas Baleares;Ibiza y Formentera;Santa Eulària des Riu;Santa Gertrudis
-401761;Islas Baleares;Ibiza y Formentera;Sant Antoni de Portmany;Santa Inés
-401762;Castilla y León;Burgos;Santa Inés;Santa Inés
-401772;Aragón;Huesca;San Miguel del Cinca;Santa Lecina
-401776;Cataluña;Gerona;Cornellà del Terri;Santa Llogaia del Terri
-401777;Aragón;Huesca;Santaliestra y San Quílez;Santaliestra y San Quílez
-401778;Cataluña;Lérida;Avellanes i Santa Linya, Les;Santa Liña
-401788;Galicia;Lugo;Ribadeo;Santalla de Vilaosende
-401789;Islas Canarias;Gran Canaria;Santa Lucía de Tirajana;Santa Lucía
-401790;Islas Canarias;La Palma;Santa Cruz de la Palma;Santa Lucía
-401792;Comunidad Valenciana;Alicante;Jávea / Xàbia;Santa Lucía
-401797;Castilla y León;León;Pola de Gordón, La;Santa Lucia
-401805;Cataluña;Gerona;Santa Pau;San Martín
-401807;Comunidad Valenciana;Castellón;Santa Magdalena de Pulpis;Santa Magdalena de Polpís
-401808;Islas Baleares;Mallorca;Santa Margalida;Santa Margarita
-401809;Cataluña;Gerona;Palafrugell;Santa Margarida
-401812;Cataluña;Barcelona;Vilanova del Camí;Santa Maragarida de Montbui
-401816;Castilla-La Mancha;Ciudad Real;Villahermosa;Santa María
-401817;Islas Baleares;Mallorca;Santa María del Camí;Santa Maria del Camí
-401818;Aragón;Huesca;Peñas de Riglos, Las;Santa María
-401821;Principado de Asturias;Principado de Asturias;Grandas de Salime;Santa María
-401845;Cataluña;Barcelona;Barberà del Vallès;Santa Maria de Barberà
-401848;Cataluña;Gerona;Camós;Santa María de Camós
-401849;Cantabria;Cantabria;Santa María de Cayón;Santa María de Cayón
-401850;Cataluña;Barcelona;Esquirol, L';L’Esquirol
-401853;Islas Canarias;Tenerife;Santa Cruz de Tenerife;Santa María de Gracia
-401854;Cataluña;Barcelona;Avinyó;Santa Maria d'Horta
-401855;Castilla y León;Soria;Santa María de Huerta;Santa María de Huerta
-401856;Comunidad de Madrid;Comunidad de Madrid;Santa María de la Alameda;Santa María de la Alameda
-401861;Cataluña;Barcelona;Argençola;Santa María del Camí
-401864;Castilla-La Mancha;Cuenca;Santa María del Campo Rus;Santa María del Campo Rus
-401865;País Vasco;Vizcaya;Lezama;Lezama
-401868;Islas Canarias;Tenerife;Santa Cruz de Tenerife;Santa María del Mar
-401877;Castilla y León;León;Santa María del Páramo;Santa María del Páramo
-401881;Cataluña;Barcelona;Santa Maria de Merlès;Santa María de Marlés
-401882;Cataluña;Barcelona;Sant Fost de Campsentelles;Sant Fost de Campsentelles
-401883;Castilla y León;Palencia;Aguilar de Campoo;Santa María de Mave
-401884;Castilla y León;Burgos;Santa María del Mercadillo;Santa María del Mercadillo
-401885;Cataluña;Lérida;Vilanova de Meià;Santa Maria de Meià
-401886;Cataluña;Barcelona;Cerdanyola del Vallès;Santa Maria de Moncada
-401889;Andalucía;Almería;Huércal-Overa;Santa María de Nieva
-401890;Cataluña;Barcelona;Santa Maria d'Oló;Santa María de Oló
-401891;Castilla y León;León;Santa María de Ordás;Santa María de Ordás
-401893;Cataluña;Barcelona;Santa Maria de Palautordera;Santa María de Palautordera
-401894;Castilla y León;Palencia;Pernía, La;Santa María de Redondo
-401895;Castilla y León;Segovia;Ayllón;Santa María de Riaza
-401897;Andalucía;Córdoba;Córdoba;Santa María de Trassierra
-401901;Aragón;Huesca;Aínsa-Sobrarbe;Santa María Lanuez
-401902;Castilla y León;Segovia;Santa María la Real de Nieva;Santa María la Real de Nieva
-401911;Galicia;La Coruña;Muxía;Rego de Santa Marina
-401918;Principado de Asturias;Principado de Asturias;Cudillero;Santa Marina
-401921;Cantabria;Cantabria;Ribamontán al Mar;Isla de Santa Marina
-401926;Castilla y León;León;Santa Marina del Rey;Santa Marina del Rey
-401927;Castilla y León;León;Toreno;Santa Marina del Sil
-401929;Castilla y León;León;Santa Colomba de Somoza;Santa Marina de Somoza
-401931;Castilla y León;León;Posada de Valdeón;Santa Maria de Valdeón
-401933;Extremadura;Badajoz;Santa Marta;Santa Marta
-401941;Extremadura;Cáceres;Santa Marta de Magasca;Santa Marta de Magasca
-401942;Galicia;La Coruña;Ortigueira;Santa Marta de Ortigueira
-401945;Castilla y León;Salamanca;Santa Marta de Tormes;Santa Marta de Tormes
-401949;Cantabria;Cantabria;Santander;Santander
-401954;Cataluña;Gerona;Sant Aniol de Finestres;Sant Aniol de Finestres
-401955;Cataluña;Lérida;Ribera d'Ondara;Sant Antolí i Vilanova
-401956;Islas Baleares;Mallorca;Santanyí;Santanyí
-401962;Castilla y León;Palencia;Villaluenga de la Vega;Santa Olaja de la Vega
-401964;Castilla-La Mancha;Toledo;Santa Olalla;Santa Olalla
-401967;Cantabria;Cantabria;Molledo;Santa Olalla
-401973;Andalucía;Huelva;Santa Olalla del Cala;Santa Olalla del Cala
-401979;Cataluña;Tarragona;Santa Oliva;Santa Oliva
-401980;Cataluña;Gerona;Santa Pau;Santa Pau
-401981;Cataluña;Gerona;Cruïlles, Monells i Sant Sadurní de l'Heura;Santa Pellaia
-401983;Cataluña;Barcelona;Santa Perpètua de Mogoda;Santa Perpetua de Moguda
-401984;Comunidad Valenciana;Alicante;Santa Pola;Santa Pola
-401997;Principado de Asturias;Principado de Asturias;Mieres;Santa Rosa
-401999;Cataluña;Tarragona;Aiguamúrcia;Santes Creus
-402011;Islas Canarias;Tenerife;Santa Úrsula;Santa Úrsula
-402013;Cataluña;Lérida;Gavet de la Conca;Sant Cerni
-402014;Cataluña;Lérida;Pinell de Solsonès;Sant Climéns
-402020;País Vasco;Vizcaya;Karrantza Harana / Valle de Carranza;Santecilla
-402023;Castilla y León;Burgos;Merindad de Valdeporres;Santelices
-402029;Cataluña;Gerona;Esponellà;Santenys
-402031;Castilla y León;Soria;Garray;Santervás de la Sierra
-402036;Cataluña;Barcelona;Muntanyola;Sant Genís
-402037;Cataluña;Lérida;Sant Guim de la Plana;Sant Guim de la Plana
-402041;Cantabria;Cantabria;Medio Cudeyo;Santiago
-402057;Cantabria;Cantabria;Cartes;Santiago de Cartes
-402059;Galicia;La Coruña;Santiago de Compostela;Santiago de Compostela
-402060;Andalucía;Jaén;Santiago-Pontones;Santiago de la Espada
-402063;Región de Murcia;Región de Murcia;San Javier;Santiago de la Ribera
-402066;Extremadura;Cáceres;Santiago del Campo;Santiago del Campo
-402067;Castilla y León;Ávila;Santiago del Collado;Santiago del Collado
-402068;Principado de Asturias;Principado de Asturias;Somiedo;Santiago del Hermo
-402071;Islas Canarias;Tenerife;Santiago del Teide;Santiago del Teide
-402077;Castilla y León;León;Santiago Millas;Santiago Millas
-402083;Principado de Asturias;Principado de Asturias;Piloña;Santianes
-402085;Principado de Asturias;Principado de Asturias;Ribadesella;Santianes
-402086;Principado de Asturias;Principado de Asturias;Pravia;Santianes
-402091;Cantabria;Cantabria;Villacarriedo;Santibáñez de Villacarriedo
-402096;Castilla y León;Salamanca;Santibáñez de Béjar;Santibáñez de Béjar
-402098;Principado de Asturias;Principado de Asturias;Aller;Santibáñez de la Fuente
-402099;Castilla y León;León;Santa María de la Isla;Santibáñez de la Isla
-402101;Castilla y León;Palencia;Santibáñez de la Peña;Santibáñez de la Peña
-402102;Castilla y León;Salamanca;Santibáñez de la Sierra;Santibáñez de la Sierra
-402104;Castilla y León;León;Bembibre;Santibáñez del Toral
-402105;Castilla y León;Burgos;Santibáñez del Val;Santibáñez del Val
-402107;Principado de Asturias;Principado de Asturias;Aller;Santibáñez de Murias
-402113;Castilla y León;Valladolid;Santibáñez de Valcorba;Santibáñez de Valcorba
-402114;Castilla y León;León;Villares de Órbigo;Santibáñez de Valdeiglesias
-402116;Extremadura;Cáceres;Santibáñez el Alto;Santibáñez el Alto
-402120;Islas Canarias;Gran Canaria;Palmas de Gran Canaria, Las;Santidad
-402124;Principado de Asturias;Principado de Asturias;Amieva;Santillán
-402127;Cantabria;Cantabria;Santillana del Mar;Santillana del Mar
-402136;Andalucía;Sevilla;Santiponce;Santiponce
-402147;Galicia;La Coruña;Santiso;Santiso
-402149;Andalucía;Jaén;Santisteban del Puerto;Santisteban del Puerto
-402150;Cantabria;Cantabria;Santiurde de Reinosa;Santiurde de Reinosa
-402151;Cantabria;Cantabria;Santiurde de Toranzo;Santiurde de Toranzo
-402156;Cantabria;Cantabria;Argoños;Santiuste
-402158;Castilla y León;Segovia;Santiuste de San Juan Bautista;Santiuste de San Juan Bautista
-402160;Cataluña;Barcelona;Piera;Sant Jaume Sas Oliveras
-402161;Cataluña;Barcelona;Sant Joan de Vilatorrada;Sant Joan de Vilatorrada
-402162;Cataluña;Gerona;Sant Joan les Fonts;San Juan les Fonts
-402163;Islas Baleares;Mallorca;Palma de Mallorca;Sant Jordi
-402164;Cataluña;Barcelona;Sant Julià de Vilatorta;Sant Juliá de Vilatorta
-402167;Cataluña;Barcelona;Sant Just Desvern;Sant Just Desvern
-402169;Cataluña;Lérida;Sant Martí de Riucorb;Sant Martí de Maldá
-402188;La Rioja;La Rioja;Santo Domingo de la Calzada;Santo Domingo de la Calzada
-402190;Castilla-La Mancha;Cuenca;Moya;Santo Domingo de Moya
-402191;Castilla y León;Segovia;Santo Domingo de Pirón;Santo Domingo de Pirón
-402192;Castilla y León;Burgos;Santo Domingo de Silos;Santo Domingo de Silos
-402197;Región de Murcia;Región de Murcia;Santomera;Santomera
-402198;Cantabria;Cantabria;Santoña;Santoña
-402206;Galicia;Orense;Allariz;San Torcuato
-402207;La Rioja;La Rioja;San Torcuato;San Torcuato
-402208;Aragón;Huesca;Sopeira;Santoréns
-402223;Cataluña;Gerona;Torroella de Fluvià;Santo Tomás de Fluviá
-402225;Andalucía;Jaén;Santo Tomé;Santo Tomé
-402229;Castilla y León;Ávila;Santo Tomé de Zabarcos;Santo Tomé de Zabarcos
-402235;Castilla y León;Burgos;Arlanzón;Santovenia de Oca
-402239;Cataluña;Barcelona;Subirats;Sant Pau d?Ordal
-402241;Cataluña;Lérida;Isona i Conca Dellà;Sant Romá de Abella
-402245;Cataluña;Barcelona;Sant Sadurní d'Anoia;Sant Sadurní d'Anoia
-402246;Cataluña;Barcelona;Gelida;Sant Salvador
-402248;Cantabria;Cantabria;Castro-Urdiales;Santullán
-402250;Principado de Asturias;Principado de Asturias;Mieres;Santullano
-402254;Principado de Asturias;Principado de Asturias;Regueras, Las;Santullano
-402256;País Vasco;Vizcaya;Santurtzi;Santurce
-402257;La Rioja;La Rioja;Santurde de Rioja;Santurde
-402260;La Rioja;La Rioja;Santurdejo;Santurdejo
-402267;Comunidad Valenciana;Castellón;Cortes de Arenoso;San Vicente
-402270;La Rioja;La Rioja;Robres del Castillo;San Vicente
-402286;Extremadura;Badajoz;San Vicente de Alcántara;San Vicente de Alcántara
-402288;Castilla y León;Ávila;San Vicente de Arévalo;San Vicente de Arévalo
-402289;País Vasco;Vizcaya;Barakaldo;Barakaldo
-402290;Cataluña;Tarragona;Vendrell, El;Sant Vicenç de Calders
-402291;Cataluña;Barcelona;Sant Vicenç de Castellet;Sant Vicenç de Castellet
-402292;Cantabria;Cantabria;San Vicente de la Barquera;San Vicente de la Barquera
-402295;La Rioja;La Rioja;San Vicente de la Sonsierra;San Vicente de la Sonsierra
-402298;Cantabria;Cantabria;Valdáliga;San Vicente del Monte
-402300;Comunidad Valenciana;Alicante;San Vicente del Raspeig / Sant Vicent del Raspeig;San Vicente del Raspeig
-402301;Cataluña;Barcelona;Sant Vicenç dels Horts;San Vicente dels Horts
-402302;Castilla y León;Burgos;San Vicente del Valle;San Vicente del Valle
-402303;Cataluña;Barcelona;Sant Vicenç de Montalt;Sant Vicenç de Montalt
-402304;Cantabria;Cantabria;Santiurde de Toranzo;San Vicente de Toranzo
-402305;Cataluña;Barcelona;Sant Vicenç de Torelló;San Vicente de Torelló
-402310;Castilla y León;Zamora;San Vitero;San Vitero
-402320;Cataluña;Lérida;Tremp;Sapeira
-402330;País Vasco;Álava;Amurrio;Saracho
-402331;Comunidad Foral de Navarra;Comunidad Foral de Navarra;Arce / Artzi;Saragüeta
-402339;Aragón;Huesca;Plan;Saravillo
-402342;Cantabria;Cantabria;Tudanca;Sarceda
-402344;Principado de Asturias;Principado de Asturias;Ribadesella;Sardalla
-402347;Aragón;Huesca;Sabiñánigo;Sardas
-402348;Principado de Asturias;Principado de Asturias;Piloña;Sardeda
-402349;Principado de Asturias;Principado de Asturias;Ribadesella;Sardedo
-402352;Islas Canarias;Gran Canaria;Santa Lucía de Tirajana;Sardina
-402353;Islas Canarias;Gran Canaria;Gáldar;Sardina
-402358;Galicia;La Coruña;Fisterra;Sardiñeiro
-402359;Galicia;La Coruña;Fisterra;Sardiñeiro de Abaixo
-402364;Castilla y León;Valladolid;Sardón de Duero;Sardoncillo
-402365;Castilla y León;Valladolid;Sardón de Duero;Sardón de Duero
-402370;Castilla y León;Burgos;Sargentes de la Lora;Sargentes de la Lora
-402371;Principado de Asturias;Principado de Asturias;Sariego;Sariego
-402374;Aragón;Huesca;Sariñena;Sariñena
-402376;Cantabria;Cantabria;Saro;Saro
-402377;Cantabria;Cantabria;Penagos;Sarón
-402380;Islas Baleares;Mallorca;Andratx;S?Arracó
-402381;Comunidad Valenciana;Castellón;Serratella, la;Serratella
-402384;Cataluña;Tarragona;Sarral;Sarral
-402385;Galicia;Orense;Sarreaus;Sarreaus
-402386;Galicia;Lugo;Sarria;Sarria
-402387;País Vasco;Álava;Zuia;Sarría
-402395;Aragón;Teruel;Sarrión;Sarrión
-402398;Cataluña;Lérida;Sarroca de Lleida;Sarroca de Lérida
-402399;Cataluña;Lérida;Pont de Suert, El;Sarroqueta
-402400;País Vasco;Guipúzcoa;Donostia / San Sebastián;Sarrueta
-402402;Aragón;Huesca;Loarre;Sarsamarcuello
-402404;Castilla-La Mancha;Toledo;Sartajada;Sartajada
-402408;Aragón;Huesca;Broto;Sarvisé
-402413;Castilla y León;Burgos;Sasamón;Sasamón
-402416;Galicia;Orense;San Xoán de Río;Sas de Penelas
-402417;Galicia;Orense;Montederramo;Sas do Monte
-402423;Aragón;Zaragoza;Sástago;Sástago
-402424;Comunidad Foral de Navarra;Comunidad Foral de Navarra;Arakil;Satrústegui
-402432;Castilla-La Mancha;Guadalajara;Saúca;Saúca
-402434;Extremadura;Cáceres;Pinofranqueado;Sauceda
-402438;Castilla y León;Salamanca;Saucelle;Saucelle
-402440;Principado de Asturias;Principado de Asturias;Villaviciosa;Saudín
-402447;Cataluña;Lérida;Sort;Saurí
-402448;Cataluña;Gerona;Saus, Camallera i Llampaies;Saus
-402450;Islas Canarias;Tenerife;Sauzal, El;El Sauzal
-402452;Cataluña;Tarragona;Savallà del Comtat;Savallá del Condado
-402454;Aragón;Zaragoza;Sabiñán;Saviñán
-402456;Comunidad Valenciana;Alicante;Sax;Sax
-402457;Andalucía;Málaga;Sayalonga;Sayalonga
-402461;Galicia;Pontevedra;Caldas de Reis;Sayar
-402462;Castilla-La Mancha;Guadalajara;Sayatón;Sayatón
-402467;Galicia;Orense;Larouco;Seadur
-402472;Principado de Asturias;Principado de Asturias;Castropol;Seares
-402480;Principado de Asturias;Principado de Asturias;Ribadesella;Sebreño
-402481;Castilla y León;Segovia;Sebúlcor;Sebúlcor
-402498;Cantabria;Cantabria;Voto;Secadura
-402501;Castilla y León;León;Cimanes del Tejar;Secarejo
-402502;Islas Baleares;Mallorca;Palma de Mallorca;Sa Casa Blanca
-402503;Aragón;Huesca;Secastilla;Secastilla
-402504;Galicia;Lugo;Folgoso do Courel;Seceda
-402528;Andalucía;Granada;Santa Cruz del Comercio;Seco de Lucena
-402536;Castilla y León;Burgos;Valle de Sedano;Sedano
-402538;Comunidad Valenciana;Valencia;Valencia;Sedaví
-402540;Aragón;Zaragoza;Sediles;Sediles
-402547;Comunidad Valenciana;Castellón;Segorbe;Segorbe
-402548;Castilla y León;Segovia;Segovia;Segovia
-402555;Principado de Asturias;Principado de Asturias;Cangas de Onís;Següenco
-402563;Cataluña;Tarragona;Llorac;Segura
-402564;País Vasco;Guipúzcoa;Segura;Segura
-402568;Andalucía;Jaén;Segura de la Sierra;Segura de la Sierra
-402569;Extremadura;Badajoz;Segura de León;Segura de León
-402571;Extremadura;Cáceres;Segura de Toro;Segura de Toro
-402572;Castilla-La Mancha;Toledo;Talavera de la Reina;Segurilla
-402585;Aragón;Huesca;Seira;Seira
-402589;Castilla y León;León;San Cristóbal de la Polantera;Seisón de la Vega
-402590;Galicia;Orense;Ourense;Sejalvo
-402592;Castilla y León;Zamora;Manzanal de los Infantes; 
-402596;Galicia;Pontevedra;Arbo;Sela
-402598;Castilla-La Mancha;Guadalajara;Selas;Selas
-402600;Cantabria;Cantabria;Selaya;Selaya
-402601;Cantabria;Cantabria;Luena;Sel de la Carrera
-402607;Comunidad Valenciana;Alicante;Sella;Sella
-402610;Principado de Asturias;Principado de Asturias;Ponga;Sellaño
-402611;Comunidad Valenciana;Valencia;Sellent;Sellent (Valencia)
-402612;Cataluña;Gerona;Santa Pau;Sellent
-402616;Cataluña;Lérida;Llimiana;Cellers
-402619;Cantabria;Cantabria;Cabuérniga;Selores
-402620;Principado de Asturias;Principado de Asturias;Villaviciosa;Selorio
-402621;Islas Baleares;Mallorca;Selva;Selva
-402623;Cataluña;Gerona;Selva de Mar, La;Selva de Mar
-402626;Principado de Asturias;Principado de Asturias;Belmonte de Miranda;Selviella
-402634;Cantabria;Cantabria;Limpias;Seña
-402635;Castilla y León;León;Sena de Luna;Sena de Luna
-402638;Cataluña;Tarragona;Senan;Senant
-402647;Aragón;Huesca;Sabiñánigo;Senegüé
-402648;Comunidad Valenciana;Valencia;Senyera;Señera
-402651;Cataluña;Lérida;Vilaller;Senet
-402653;Cataluña;Barcelona;Gurb;Sénforas
-402654;Comunidad Valenciana;Alicante;Senija;Senija
-402656;Cataluña;Barcelona;Sentmenat;Senmenat
-402675;Galicia;Lugo;Folgoso do Courel;Seoane
-402686;Castilla y León;Segovia;Sepúlveda;Sepúlveda
-402689;Galicia;Lugo;Trabada;Sequeiro
-402693;Castilla y León;Segovia;Sequera de Fresno;Sequera de Fresno
-402695;Castilla y León;Salamanca;Sequeros;Sequeros
-402705;Principado de Asturias;Principado de Asturias;Boal;Serandinas
-402708;Galicia;La Coruña;Outes;Serantes
-402710;Galicia;La Coruña;Muxía;Serantes
-402714;Principado de Asturias;Principado de Asturias;Tapia de Casariego;Serantes
-402715;Cataluña;Lérida;Alàs i Cerc;Cerc
-402717;Cantabria;Cantabria;Val de San Vicente;Serdio
-402726;Cataluña;Gerona;Cassà de la Selva;Seriñá
-402727;Cataluña;Gerona;Serinyà;Serinyà
-402730;Galicia;Lugo;Pantón;Serode
-402732;Andalucía;Almería;Serón;Serón
-402734;Castilla y León;Soria;Serón de Nágima;Serón de Nájima
-402735;Cataluña;Lérida;Seròs;Serós
-402737;Principado de Asturias;Principado de Asturias;Piloña;Serpiedo
-402740;Comunidad Valenciana;Valencia;Serra;Serra
-402750;Comunidad de Madrid;Comunidad de Madrid;Berzosa del Lozoya;Serrada de la Fuente
-402751;Cataluña;Tarragona;Tivissa;Serra de Almós
-402752;Cataluña;Gerona;Serra de Daró;Serra de Daró
-402754;Extremadura;Cáceres;Serradilla;Serradilla
-402756;Castilla y León;Salamanca;Serradilla del Llano;Serradilla del Llano
-402762;Comunidad Valenciana;Alicante;Benissa;Serrallonga
-402770;Castilla y León;Ávila;Serranillos;Serranillos
-402777;Principado de Asturias;Principado de Asturias;Aller;Serrapio
-402779;Aragón;Huesca;Valle de Lierp;Serrate
-402780;Cataluña;Barcelona;Viver i Serrateix;Serrateix
-402782;Comunidad Valenciana;Valencia;Carcaixent;Serratella
-402783;Andalucía;Málaga;Serrato;Serrato
-402785;Extremadura;Cáceres;Serrejón;Serrejón
-402788;Galicia;La Coruña;Muros;Serres
-402790;Castilla y León;León;Matallana de Torío;Serrilla
-402795;Andalucía;Granada;Montefrío;Serval
-402799;Cantabria;Cantabria;Campoo de Yuso;Servillas
-402808;Castilla-La Mancha;Toledo;Seseña;Seseña
-402810;Castilla-La Mancha;Toledo;Seseña;Seseña Nuevo
-402812;Principado de Asturias;Principado de Asturias;Gijón;Sesiello
-402813;Comunidad Foral de Navarra;Comunidad Foral de Navarra;Sesma;Sesma
-402817;Islas Baleares;Mallorca;Salines, Ses;Ses Salines
-402818;País Vasco;Vizcaya;Sestao;Sestao
-402829;Aragón;Huesca;Sesué;Sesué
-402832;Cataluña;Gerona;Setcases;Setcases
-402834;Andalucía;Cádiz;Setenil de las Bodegas;Setenil de las Bodegas
-402838;Cantabria;Cantabria;Marina de Cudeyo;Setién
-402839;Principado de Asturias;Principado de Asturias;Valdés;Setienes
-402841;Comunidad Valenciana;Alicante;Poblets, els;Setla
-402842;Cataluña;Barcelona;Seva;Seva
-402845;Principado de Asturias;Principado de Asturias;Piloña;Sevares
-402849;Andalucía;Sevilla;Sevilla;Sevilla
-402852;Comunidad de Madrid;Comunidad de Madrid;Sevilla la Nueva;Sevilla la Nueva
-402859;Galicia;La Coruña;Outes;Siavo
-402864;Galicia;Lugo;Barreiros;Sieiro
-402865;Principado de Asturias;Principado de Asturias;Peñamellera Baja;Siejo
-402867;Principado de Asturias;Principado de Asturias;Nava;Sienra
-402881;Cantabria;Cantabria;Ruiloba;Sierra
-402891;Extremadura;Cáceres;Sierra de Fuentes;Sierra de Fuentes
-402892;Cantabria;Cantabria;Mazcuerras;Sierra de Ibio
-402894;Aragón;Zaragoza;Sierra de Luna;Sierra de Luna
-402895;Galicia;La Coruña;Outes;Sierra de Outes
-402896;Andalucía;Málaga;Sierra de Yeguas;Sierra de Yeguas
-402897;Comunidad Valenciana;Castellón;Sierra Engarcerán;Serra d'en Galceran (Sierra Engarcerán)
-402900;Cantabria;Cantabria;Torrelavega;Sierrapando
-402903;Andalucía;Almería;Sierro;Sierro
-402906;Aragón;Huesca;Casbas de Huesca;Sieso de Huesca
-402908;Aragón;Huesca;Boltaña;Sieste
-402909;Aragón;Huesca;Siétamo;Siétamo
-402910;Comunidad Valenciana;Valencia;Siete Aguas;Siete Aguas
-402915;Comunidad de Madrid;Comunidad de Madrid;Berrueco, El;Sieteiglesias
-402918;Castilla y León;Valladolid;Siete Iglesias de Trabancos;Siete Iglesias de Trabancos
-402931;Galicia;La Coruña;Oroso;Sigüeiro
-402932;Castilla-La Mancha;Guadalajara;Sigüenza;Sigüenza
-402935;Castilla y León;Segovia;Santo Tomé del Puerto;Sigueruelo
-402936;Aragón;Zaragoza;Sigüés;Sigüés
-402943;Andalucía;Jaén;Siles;Siles
-402946;Cantabria;Cantabria;Molledo;Silió
-402947;Comunidad Valenciana;Valencia;Silla;Silla
-402953;Galicia;Pontevedra;Silleda;Silleda
-402960;Cataluña;Gerona;Sils;Sils
-402974;Principado de Asturias;Principado de Asturias;Valdés;Silvamayor
-402978;Galicia;La Coruña;Cabana de Bergantiños;Silvarredonda
-402984;Principado de Asturias;Principado de Asturias;Boal;Silvón
-402991;Castilla y León;Valladolid;Simancas;Simancas
-402992;Comunidad Valenciana;Valencia;Simat de la Valldigna;Simat de la Valldigna
-402995;Aragón;Huesca;Tella-Sin;Sin
-402997;Comunidad Valenciana;Valencia;Sinarcas;Sinarcas
-402998;Principado de Asturias;Principado de Asturias;Parres;Sinariega
-402999;Galicia;La Coruña;Cabana de Bergantiños;Sinde
-403002;Islas Baleares;Mallorca;Sineu;Sineu
-403006;Aragón;Teruel;Singra;Singra
-403016;Aragón;Huesca;Valle de Hecho;Siresa
-403020;Extremadura;Badajoz;Siruela;Siruela
-403024;Principado de Asturias;Principado de Asturias;Onís;Sirviella
-403027;Castilla-La Mancha;Cuenca;Sisante;Sisante
-403035;Galicia;La Coruña;Cariño;Sismundi
-403038;Galicia;Lugo;Cospeito;Sistallo
-403040;Galicia;Orense;Montederramo;Sistín
-403043;Cataluña;Barcelona;Sitges;Sitges
-403051;Cantabria;Cantabria;Noja;Soano
-403055;Cantabria;Cantabria;Penagos;Sobarzo
-403058;Galicia;Lugo;Sober;Sober
-403059;Principado de Asturias;Principado de Asturias;Llanes;Soberrón
-403061;Galicia;Lugo;Outeiro de Rei;Sobrada
-403063;Galicia;Orense;Carballeda de Valdeorras;Sobradelo
-403064;Galicia;Pontevedra;Vilagarcía de Arousa;Sobradelo
-403065;Aragón;Zaragoza;Sobradiel;Sobradiel
-403067;Castilla y León;Salamanca;Sobradillo;Sobradillo
-403072;Castilla y León;León;Sobrado;Sobrado
-403076;Galicia;Orense;Barbadás;Sobrado del Obispo
-403077;Galicia;Pontevedra;Vilagarcía de Arousa;Sobrán
-403085;Principado de Asturias;Principado de Asturias;Ponga;Sobrefoz
-403087;Galicia;Orense;Vilamarín;Sobreira
-403090;Cantabria;Cantabria;Medio Cudeyo;Sobremazas
-403091;Cataluña;Barcelona;Sant Boi de Lluçanès;Sobremunt
-403096;Cantabria;Cantabria;Valderredible;Sobrepenilla
-403097;Principado de Asturias;Principado de Asturias;Cangas de Onís;Sobrepiedra
-403101;Cataluña;Gerona;Bellcaire d'Empordà;Sobrestany
-403104;País Vasco;Álava;Lantarón;Sobrón
-403108;Cantabria;Cantabria;Castañeda;Socobio
-403113;Castilla-La Mancha;Ciudad Real;Socuéllamos;Socuéllamos
-403119;Galicia;La Coruña;Carballo;Sofán
-403129;La Rioja;La Rioja;Sojuela;Sojuela
-403139;Cantabria;Cantabria;San Roque de Riomiera;Solana
-403148;Comunidad Valenciana;Alicante;Romana, la;Solana Alta
-403151;Castilla y León;Ávila;Solana de Ávila;Solana de Ávila
-403161;Castilla-La Mancha;Albacete;Alcaraz;Solanilla
-403164;Castilla-La Mancha;Guadalajara;Solanillos del Extremo;Solanillos del Extremo
-403168;Castilla y León;Burgos;Solarana;Solarana
-403170;Cantabria;Cantabria;Medio Cudeyo;Solares
-403187;Andalucía;Jaén;Huelma;Solera
-403193;Aragón;Huesca;Fueva, La;Solipueyo
-403195;Cataluña;Gerona;Santa Cristina d'Aro;Solíus
-403196;Cataluña;Tarragona;Solivella;Solivella
-403197;Comunidad Valenciana;Valencia;Sollana;Sollana
-403201;Castilla y León;León;Puebla de Lillo;Solle
-403202;Galicia;La Coruña;Muros;Solleiros
-403203;Islas Baleares;Mallorca;Sóller;Sóller
-403210;Cantabria;Cantabria;Solórzano;Solórzano
-403211;Castilla y León;Ávila;Solosancho;Solosancho
-403213;Cataluña;Lérida;Solsona;Solsona
-403219;Principado de Asturias;Principado de Asturias;Pravia;Somado
-403220;Castilla y León;Soria;Arcos de Jalón;Somaén
-403221;Cantabria;Cantabria;Corrales de Buelna, Los;Somahoz
-403232;Cantabria;Cantabria;Ribamontán al Mar;Somo
-403239;Comunidad de Madrid;Comunidad de Madrid;Pozuelo de Alarcón;Somosaguas
-403246;Galicia;La Coruña;Somozas, As;Somozas
-403249;Galicia;La Coruña;Porto do Son;Porto do Son
-403252;Cantabria;Cantabria;Polanco;Soña
-403254;Islas Baleares;Mallorca;Palma de Mallorca;Son Anglada
-403257;Islas Baleares;Mallorca;Sant Llorenç des Cardassar;Son Carrió
-403259;Castilla y León;Burgos;Valle de Valdebezana;Soncillo
-403266;Comunidad Valenciana;Castellón;Soneja;Soneja
-403268;Islas Baleares;Mallorca;Palma de Mallorca;Son Espanyol
-403269;Islas Baleares;Mallorca;Palma de Mallorca;Son Ferriol
-403271;Islas Baleares;Mallorca;Palma de Mallorca;Son Rapinya
-403272;Islas Baleares;Mallorca;Palma de Mallorca;Son Sardina
-403275;Castilla-La Mancha;Toledo;Sonseca;Sonseca
-403277;Islas Baleares;Mallorca;Son Servera;Son Servera
-403279;Castilla y León;Segovia;Trescasas;Trescasas
-403280;Islas Baleares;Mallorca;Llucmajor;Son Veri
-403281;Islas Canarias;Lanzarote;Teguise;Soo
-403282;Andalucía;Almería;Mojácar;Sopalmo
-403283;País Vasco;Vizcaya;Sopela;Sopelana
-403287;Cantabria;Cantabria;Cabuérniga;Sopeña
-403290;Castilla y León;León;Vecilla, La;Sopeña de Curueño
-403294;Andalucía;Granada;Soportújar;Soportújar
-403298;Cataluña;Barcelona;Sora;Sora
-403300;Andalucía;Almería;Sorbas;Sorbas
-403310;Castilla y León;Soria;Soria;Soria
-403313;Castilla y León;Salamanca;Sorihuela;Sorihuela
-403314;Andalucía;Jaén;Sorihuela del Guadalimar;Sorihuela del Guadalimar
-403316;Comunidad Foral de Navarra;Comunidad Foral de Navarra;Sorlada;Sorlada
-403318;Cataluña;Lérida;Alt Àneu;Sorpe
-403326;Principado de Asturias;Principado de Asturias;Piloña;Sorribas
-403328;Aragón;Huesca;Sabiñánigo;Sorripas
-403331;Cataluña;Lérida;Sort;Sort
-403332;Andalucía;Granada;Sorvilán;Sorvilán
-403333;La Rioja;La Rioja;Sorzano;Sorzano
-403334;Aragón;Huesca;Sesué;Sos
-403338;Castilla y León;León;Villablino;Sosas de Laciana
-403339;Aragón;Zaragoza;Sos del Rey Católico;Sos del Rey Católico
-403343;Castilla y León;Ávila;Sotalbo;Sotalbo
-403345;Comunidad Valenciana;Valencia;Sot de Chera;Sot de Chera
-403346;Comunidad Valenciana;Castellón;Sot de Ferrer;Sot de Ferrer
-403350;Andalucía;Huelva;Calañas;Sotiel Coronada
-403351;Principado de Asturias;Principado de Asturias;Lena;Sotiello
-403368;Castilla y León;León;Benuza;Sotillo de Cabrera
-403370;Castilla y León;Ávila;Sotillo de la Adrada;Sotillo de la Adrada
-403371;Castilla y León;Burgos;Sotillo de la Ribera;Sotillo de la Ribera
-403372;Castilla-La Mancha;Toledo;Sotillo de las Palomas;Sotillo de las Palomas
-403373;Castilla y León;Soria;Sotillo del Rincón;Sotillo del Rincón
-403375;Castilla y León;Zamora;Cobreros;Sotillo de Sanabria
-403376;Castilla y León;León;Sabero;Sotillos
-403378;Cantabria;Cantabria;Hermandad de Campoo de Suso;Soto
-403379;Castilla y León;León;Oseja de Sajambre;Soto
-403380;Principado de Asturias;Principado de Asturias;Caso;Soto
-403388;Castilla y León;Palencia;Sotobañado y Priorato;Sotobañado y Priorato
-403392;Principado de Asturias;Principado de Asturias;Cangas de Onís;Soto de Cangas
-403396;Principado de Asturias;Principado de Asturias;Cangas de Onís;Soto de la Ensertal
-403397;Cantabria;Cantabria;Santa Cruz de Bezana;Soto de la Marina
-403398;Principado de Asturias;Principado de Asturias;Parres;Soto de las Dueñas
-403400;Principado de Asturias;Principado de Asturias;Soto del Barco;Soto del Barco
-403403;Principado de Asturias;Principado de Asturias;Cudillero;Soto de Luiña
-403409;Castilla y León;León;Posada de Valdeón;Soto de Valdeón
-403412;La Rioja;La Rioja;Soto en Cameros;Soto en Cameros
-403417;Galicia;Pontevedra;Salvaterra de Miño;Sotolobre
-403420;Galicia;Pontevedra;Soutomaior;Sotomayor
-403424;Castilla y León;Burgos;Merindad de Río Ubierna;Sotopalacios
-403428;Castilla-La Mancha;Cuenca;Sotorribas;Sotorribas
-403429;Castilla y León;Segovia;Sotosalbos;Sotosalbos
-403431;Castilla y León;Segovia;Castillejo de Mesleón;Soto de Sepúlveda
-403432;Castilla y León;Salamanca;Sotoserrano;Sotoserrano
-403435;Castilla y León;León;Soto y Amío;Soto y Amío
-403437;Principado de Asturias;Principado de Asturias;Cabrales;Sotres
-403438;Castilla y León;Burgos;Sotresgudo;Sotresgudo
-403440;Principado de Asturias;Principado de Asturias;San Martín del Rey Aurelio;Sotrondio
-403461;Galicia;Pontevedra;Estrada, A;Souto
-403473;Galicia;Pontevedra;Sanxenxo;Soutullo
-403479;Cantabria;Cantabria;Suances;Suances
-403480;Cantabria;Cantabria;Hermandad de Campoo de Suso;Suano
-403482;Castilla y León;León;Candín;Suarbol
-403483;Principado de Asturias;Principado de Asturias;Bimenes;Suares
-403484;Principado de Asturias;Principado de Asturias;Peñamellera Baja;Suarias
-403489;País Vasco;Álava;Erriberagoitia / Ribera Alta;Subijana
-403492;Cataluña;Barcelona;Vallgorguina;Subiráns
-403493;Cataluña;Barcelona;Subirats;Subirats
-403494;Comunidad Foral de Navarra;Comunidad Foral de Navarra;Galar;Subiza
-403500;Región de Murcia;Región de Murcia;Murcia;Sucina
-403504;Comunidad Valenciana;Valencia;Sueca;Sueca
-403507;Galicia;Lugo;Vicedo, O;Suegos
-403509;Principado de Asturias;Principado de Asturias;Franco, El;Sueiro
-403515;Castilla y León;León;Candín;Suertes
-403516;Cantabria;Cantabria;Ribamontán al Mar;Suesa
-403520;Andalucía;Almería;Suflí;Suflí
-403527;Comunidad Foral de Navarra;Comunidad Foral de Navarra;Sunbilla;Sumbilla
-403531;Cataluña;Lérida;Sunyer;Sunyer
-403540;Cataluña;Barcelona;Súria;Súria
-403542;Cataluña;Lérida;Rialp;Surp
-403551;Cantabria;Cantabria;Valderredible;Susilla
-403554;Andalucía;Granada;Villa de Otura;Suspiro del Moro
-403555;Cataluña;Gerona;Susqueda;Susqueda
-403564;Galicia;Pontevedra;Rosal, O;Tabagón
-403569;Castilla y León;Palencia;Tabanera de Cerrato;Tabanera de Cerrato
-403570;Castilla y León;Segovia;Palazuelos de Eresma;Tabanera del Monte
-403576;Castilla y León;Zamora;Tábara;Tábara
-403577;Islas Canarias;Lanzarote;Haría;Tabayesco
-403582;Galicia;La Coruña;Carral;Tabeaio
-403585;Castilla y León;Salamanca;Tabera de Abajo;Tabera de Abajo
-403587;Andalucía;Almería;Tabernas;Tabernas
-403590;Comunidad Valenciana;Valencia;Tavernes Blanques;Tavernes Blanques
-403591;Comunidad Valenciana;Valencia;Tavernes de la Valldigna;Tavernes de la Valldigna
-403593;Cataluña;Barcelona;Tavèrnoles;Tavernoles
-403595;Cataluña;Lérida;Lladorre;Tavascán
-403610;Cantabria;Cantabria;Luena;Tablado
-403623;Galicia;Lugo;Taboada;Taboada
-403625;Galicia;Orense;Taboadela;Taboadela
-403627;Galicia;Pontevedra;Neves, As;Taboeja
-403633;Galicia;Lugo;Outeiro de Rei;Taboy
-403640;Islas Canarias;Tenerife;Buenavista del Norte;Buenavista del Norte
-403641;Islas Canarias;Tenerife;San Cristóbal de La Laguna;Taco
-403644;Islas Canarias;Tenerife;Tacoronte;Tacoronte
-403646;Comunidad Foral de Navarra;Comunidad Foral de Navarra;Tafalla;Tafalla
-403647;Islas Canarias;Gran Canaria;Palmas de Gran Canaria, Las;Tafira
-403648;Islas Canarias;Gran Canaria;Palmas de Gran Canaria, Las;Tafira Baja
-403649;Cataluña;Barcelona;Tagamanent;Tagamanent
-403650;Islas Canarias;Tenerife;Santa Cruz de Tenerife;Taganana
-403651;Castilla y León;Zamora;Toro;Tagarabuena
-403654;Cantabria;Cantabria;Suances;Tagle
-403660;Andalucía;Almería;Tahal;Tahal
-403661;Islas Canarias;Lanzarote;Teguise;Tahiche
-403664;Cataluña;Lérida;Vall de Boí, La;Taüll
-403665;Cataluña;Lérida;Valls d'Aguilar, Les;Taús
-403669;Islas Canarias;El Hierro;Pinar de El Hierro, El;Taibique
-403670;Islas Canarias;Gran Canaria;Santa Lucía de Tirajana;Santa Lucía de Tirajana
-403673;Islas Canarias;El Hierro;Valverde;Tajace de Abajo
-403675;Andalucía;Granada;Chimeneas;Tajarja
-403676;Galicia;La Coruña;Muros;Tajes
-403683;Castilla y León;Soria;Tajueco;Tajueco
-403686;Islas Canarias;La Palma;Paso, El;Tajuya
-403687;Galicia;La Coruña;Muros;Tal
-403692;Comunidad de Madrid;Comunidad de Madrid;Talamanca de Jarama;Talamanca de Jarama
-403693;Aragón;Zaragoza;Talamantes;Talamantes
-403697;Andalucía;Granada;Lecrín;Talara
-403698;Principado de Asturias;Principado de Asturias;Navia;Talarén
-403699;Cataluña;Lérida;Talarn;Talarn
-403700;Extremadura;Badajoz;Talarrubias;Talarrubias
-403701;Extremadura;Cáceres;Talaván;Talaván
-403707;Castilla-La Mancha;Toledo;Talavera de la Reina;Talavera de la Reina
-403708;Extremadura;Badajoz;Talavera la Real;Talavera la Real
-403712;Extremadura;Cáceres;Talaveruela de la Vera;Talaveruela
-403714;Extremadura;Cáceres;Talayuela;Talayuela
-403716;Castilla-La Mancha;Cuenca;Talayuelas;Talayuelas
-403718;Comunidad Valenciana;Castellón;Tales;Tales
-403719;Extremadura;Badajoz;Táliga;Táliga
-403734;Castilla y León;Soria;Talveila;Talveila
-403735;Cantabria;Cantabria;Cillorigo de Liébana;Tama
-403738;Islas Canarias;El Hierro;Valverde;Tamaduste
-403743;Islas Canarias;Tenerife;Granadilla de Abona;Tamaide
-403745;Islas Canarias;Tenerife;Santiago del Teide;Tamaimo
-403747;Castilla-La Mancha;Guadalajara;Tamajón;Tamajón
-403749;Galicia;Orense;Amoeiro;Tamallancos
-403753;Castilla y León;Palencia;Támara de Campos;Támara
-403754;Islas Canarias;Gran Canaria;Palmas de Gran Canaria, Las;Tamaraceite
-403761;Castilla y León;Valladolid;Tamariz de Campos;Tamariz de Campos
-403773;Galicia;Lugo;Cospeito;Támoga
-403777;Principado de Asturias;Principado de Asturias;Carreño;Tamón
-403816;Castilla y León;Segovia;Sepúlveda;Tanarro
-403821;Principado de Asturias;Principado de Asturias;Caso;Tanes
-403822;Comunidad Valenciana;Alicante;Mutxamel;Tángel
-403824;Cantabria;Cantabria;Torrelavega;Tanos
-403825;Islas Canarias;Tenerife;Tanque, El;Tanque
-403828;Islas Canarias;Lanzarote;Teguise;Tao
-403835;Principado de Asturias;Principado de Asturias;Tapia de Casariego;Tapia de Casariego
-403841;Cataluña;Gerona;Maçanet de Cabrenys;Tapis
-403842;Cataluña;Gerona;Vilanant;Tarabaus
-403845;Cataluña;Barcelona;Taradell;Taradell
-403847;Galicia;La Coruña;Boiro;Taragoña
-403849;Castilla-La Mancha;Guadalajara;Taragudo;Taragudo
-403853;Islas Canarias;Fuerteventura;Pájara;Tarajalejo
-403859;Andalucía;Granada;Ítrabo;Taramay
-403860;Principado de Asturias;Principado de Asturias;Taramundi;Taramundi
-403863;Castilla-La Mancha;Cuenca;Tarancón;Tarancón
-403864;Castilla y León;Soria;Retortillo de Soria;Tarancueña
-403865;Principado de Asturias;Principado de Asturias;Ponga;Taranes
-403866;Castilla y León;León;Valderrueda;Taranilla
-403867;Principado de Asturias;Principado de Asturias;Cangas de Onís;Tárano
-403869;Galicia;La Coruña;Outes;Tarás
-403871;Castilla-La Mancha;Guadalajara;Taravilla;Taravilla
-403875;Aragón;Zaragoza;Tarazona;Tarazona
-403878;Comunidad Valenciana;Alicante;Bolulla;Tàrbena
-403881;Castilla y León;Burgos;Tardajos;Tardajos
-403886;Aragón;Huesca;Tardienta;Tardienta
-403887;Castilla y León;Zamora;Perdigón, El;Tardobispo
-403889;Castilla y León;Palencia;Tariego de Cerrato;Tariego de Cerrato
-403890;Andalucía;Cádiz;Tarifa;Tarifa
-403892;Castilla y León;Palencia;Santibáñez de la Peña;Tarilonte
-403894;Andalucía;Huelva;Cartaya;Tariquejo
-403902;Cataluña;Tarragona;Tarragona;Tarragona
-403906;Cataluña;Barcelona;Terrassa;Terrassa
-403907;Cataluña;Lérida;Tàrrega;Tàrrega
-403908;Cataluña;Lérida;Tarrés;Tarrés
-403911;Galicia;La Coruña;Porto do Son;Tarrío
-403914;Cataluña;Lérida;Cervera;Tarroja
-403915;Cataluña;Lérida;Puigverd d'Agramunt;Tarrós
-403922;Cataluña;Lérida;Avellanes i Santa Linya, Les;Tartareu
-403923;Islas Canarias;Gran Canaria;Mogán;Tasarte
-403925;Islas Canarias;Gran Canaria;Aldea de San Nicolás, La;Tasartico
-403927;Islas Canarias;Tenerife;Adeje;Taucho
-403932;Aragón;Zaragoza;Tauste;Tauste
-403934;Principado de Asturias;Principado de Asturias;Bimenes;Tavalles
-403935;Cataluña;Barcelona;Tavertet;Tavertet
-403939;Islas Canarias;La Palma;Tazacorte;Tazacorte
-403940;Castilla-La Mancha;Albacete;Socovos;Tazona
-403941;Principado de Asturias;Principado de Asturias;Villaviciosa;Tazones
-403946;Andalucía;Málaga;Teba;Teba
-403949;Principado de Asturias;Principado de Asturias;Cangas del Narcea;Tebongo
-403950;Galicia;Pontevedra;Tomiño;Tebra
-403951;Galicia;Pontevedra;Tomiño;Tebra
-403953;Islas Canarias;Fuerteventura;Puerto del Rosario;Tefía
-403956;Islas Canarias;Tenerife;Tegueste;Tegueste
-403957;Islas Canarias;Lanzarote;Teguise;Costa Teguise
-403958;Islas Canarias;Fuerteventura;Tuineje;Teguitar
-403970;Galicia;Orense;Teixeira, A;Teixeira
-403973;Principado de Asturias;Principado de Asturias;Santa Eulalia de Oscos;Teijeira
-403975;Galicia;La Coruña;Curtis;Teijeiro
-403980;Principado de Asturias;Principado de Asturias;Taramundi;Teijois
-403982;Galicia;La Coruña;Ribeira;Teira
-403983;Galicia;Pontevedra;Redondela;Teis
-403989;Andalucía;Granada;Cortes de Baza;Teja
-403991;Castilla y León;Burgos;Tejada;Tejada
-403996;Castilla y León;Segovia;Valleruela de Pedraza;Tejadilla
-404001;Castilla-La Mancha;Cuenca;Tejadillos;Tejadillos
-404016;Islas Canarias;Gran Canaria;Tejeda;Tejeda
-404019;Extremadura;Cáceres;Tejeda de Tiétar;Tejeda de Tiétar
-404024;Castilla y León;León;Folgoso de la Ribera;Tedejo
-404026;Castilla y León;León;Candín;Tejedo de Ancares
-404027;Castilla y León;León;Palacios del Sil;Tejedo del Sil
-404038;Islas Canarias;Tenerife;Tegueste;Tejina
-404048;Islas Canarias;Gran Canaria;Telde;Telde
-404052;Aragón;Huesca;Tella-Sin;Tella
-404060;Castilla-La Mancha;Toledo;Tembleque;Tembleque
-404067;Islas Canarias;Gran Canaria;Agüimes;Temisas
-404071;Galicia;La Coruña;Oleiros;Temple
-404075;Islas Canarias;La Palma;Santa Cruz de la Palma;Tenagua
-404081;Castilla-La Mancha;Guadalajara;Tendilla;Tendilla
-404082;Principado de Asturias;Principado de Asturias;Quirós;Tene
-404087;Galicia;La Coruña;Boiro;Tenencia
-404091;Islas Canarias;Tenerife;Buenavista del Norte;Teno
-404093;Galicia;Pontevedra;Cerdedo-Cotobade;Tenorio
-404094;Islas Canarias;Gran Canaria;Palmas de Gran Canaria, Las;Tenoya
-404095;Islas Canarias;Gran Canaria;Valsequillo de Gran Canaria;Tenteniguada
-404097;Castilla y León;Segovia;Pelayos del Arroyo;Tenzuela
-404098;Galicia;La Coruña;Teo;Teo
-404100;Castilla y León;Soria;Almarza;Tera
-404103;Cantabria;Cantabria;Cabuérniga;Terán
-404107;Principado de Asturias;Principado de Asturias;Ribadesella;Tereñes
-404109;Comunidad Valenciana;Valencia;Teresa de Cofrentes;Teresa de Cofrentes
-404116;Cantabria;Cantabria;Entrambasaguas;Hoznayo
-404122;Castilla y León;Burgos;Oña;Terminón
-404129;Castilla-La Mancha;Guadalajara;Corduente;Teroleja
-404130;Islas Canarias;Gran Canaria;Teror;Teror
-404131;Andalucía;Almería;Terque;Terque
-404132;Cataluña;Gerona;Terrades;Terrades
-404135;Castilla y León;Salamanca;Alba de Tormes;Terradillos
-404137;Castilla y León;Burgos;Valle de Sedano;Terradillos de Sedano
-404141;Comunidad Valenciana;Valencia;Terrateig;Terrateig
-404144;Castilla y León;Burgos;Barrios de Bureba, Los;Terrazos
-404147;Aragón;Zaragoza;Terrer;Terrer
-404154;Aragón;Teruel;Terriente;Terriente
-404157;Castilla-La Mancha;Ciudad Real;Terrinches;Terrinches
-404164;Aragón;Teruel;Teruel;Teruel
-404167;Islas Canarias;El Hierro;Valverde;Tesbabo
-404168;Islas Canarias;Lanzarote;Teguise;Teseguite
-404169;Islas Canarias;Fuerteventura;Tuineje;Tesejerague
-404177;Islas Canarias;Fuerteventura;Puerto del Rosario;Tetir
-404180;Comunidad Valenciana;Alicante;Teulada;Teulada
-404182;Cataluña;Barcelona;Masnou, El;Teià
-404186;Cantabria;Cantabria;Villacarriedo;Tezanos
-404189;Islas Canarias;Lanzarote;Teguise;Tiagua
-404190;Cataluña;Barcelona;Tiana;Tiana
-404192;Islas Canarias;Lanzarote;Tías;Tías
-404193;Comunidad Valenciana;Alicante;Tibi;Tibi
-404195;Galicia;Orense;Pereiro de Aguiar, O;Tibianes
-404200;Castilla y León;Valladolid;Tiedra;Tiedra
-404202;Principado de Asturias;Principado de Asturias;Cabrales;Tielve
-404210;Aragón;Huesca;Fueva, La;Tierrantona
-404214;Castilla-La Mancha;Guadalajara;Tierzo;Tierzo
-404217;Islas Canarias;El Hierro;Frontera;Tigaday
-404219;Islas Canarias;La Palma;Fuencaliente de la Palma;Tigalate
-404223;Islas Canarias;La Palma;Tijarafe;Tijarafe
-404226;Islas Canarias;Tenerife;Adeje;Tijoco de Abajo
-404228;Andalucía;Almería;Tíjola;Tíjola
-404240;Islas Canarias;Lanzarote;Tinajo;Tinajo
-404244;Principado de Asturias;Principado de Asturias;Siero;Tiñana
-404246;Islas Canarias;Fuerteventura;Oliva, La;Tindaya
-404248;Principado de Asturias;Principado de Asturias;Tineo;Tineo
-404252;Islas Canarias;Lanzarote;Tinajo;Tinguatón
-404254;Islas Canarias;El Hierro;Valverde;Tiñor
-404256;Región de Murcia;Región de Murcia;Murcia;Tiñosa Alta
-404266;Galicia;Orense;Maceda;Tioira
-404268;Principado de Asturias;Principado de Asturias;Lena;Tíos
-404273;Galicia;Pontevedra;Moaña;Tirán
-404281;Comunidad Valenciana;Castellón;Tírig;Tirig
-404285;Principado de Asturias;Principado de Asturias;Siero;Tiroco de Abajo
-404291;Cataluña;Lérida;Tírvia;Tirvia
-404292;Islas Canarias;Fuerteventura;Tuineje;Tiscamanita
-404293;Andalucía;Jaén;Quesada;Tíscar
-404294;Comunidad Valenciana;Valencia;Titaguas;Titaguas
-404296;Comunidad de Madrid;Comunidad de Madrid;Titulcia;Titulcia
-404297;Cataluña;Lérida;Bassella;Tiurana
-404298;Cataluña;Tarragona;Tivenys;Tivenys
-404299;Cataluña;Tarragona;Tivissa;Tivissa
-404300;Castilla y León;Segovia;Espirdo;Tizneros
-404311;Castilla-La Mancha;Albacete;Tobarra;Tobarra
-404319;Castilla y León;Burgos;Frías;Tobera
-404322;Cantabria;Cantabria;Bareyo;Tobes
-404328;Andalucía;Sevilla;Tocina;Tocina
-404329;Andalucía;Granada;Íllora;Tocon
-404334;Comunidad Valenciana;Castellón;Todolella;Todolella (Tolella)
-404335;Islas Canarias;La Palma;Llanos de Aridane, Los;Todoque
-404337;Galicia;Orense;Toén;Toén
-404343;Galicia;La Coruña;Lousame;Tojos Outos
-404344;Principado de Asturias;Principado de Asturias;Castropol;Tol
-404346;Andalucía;Málaga;Málaga;Totalán
-404347;Castilla y León;Ávila;Tolbaños;Tolbaños
-404349;Castilla y León;Burgos;Valle de Valdelaguna;Tolbaños de Arriba
-404352;Galicia;Lugo;Pantón;Toldaos
-404356;Castilla y León;Soria;Soria;Toledillo
-404357;Castilla-La Mancha;Toledo;Toledo;Toledo
-404366;Cantabria;Cantabria;Vega de Liébana;Tollo
-404376;Cataluña;Lérida;Pont de Bar, El;Toloríu
-404377;Castilla-La Mancha;Albacete;Alcalá del Júcar;Tolosa
-404378;País Vasco;Guipúzcoa;Tolosa;Tolosa
-404380;Andalucía;Málaga;Tolox;Tolox
-404382;Aragón;Huesca;Tolva;Tolva
-404385;Andalucía;Sevilla;Tomares;Tomares
-404391;Castilla-La Mancha;Ciudad Real;Tomelloso;Tomelloso
-404396;Galicia;Pontevedra;Tomiño;Tomiño
-404397;Galicia;Pontevedra;Cerdedo-Cotobade;Tomonde
-404399;Cataluña;Barcelona;Tona;Tona
-404400;Cataluña;Gerona;Garrigàs;Tonya
-404402;Cantabria;Cantabria;Alfoz de Lloredo;Toñanes
-404403;Islas Canarias;Tenerife;Güímar;Tonaso
-404418;Cantabria;Cantabria;Udías;Toporías
-404424;Cataluña;Lérida;Torà;Torá de Riubregós
-404429;Castilla y León;León;Ponferrada;Toral de Merayo
-404433;Galicia;Orense;Taboadela;Torán
-404434;Cantabria;Cantabria;Vega de Liébana;Toranzo
-404436;Comunidad Valenciana;Castellón;Torás;Torás
-404440;Principado de Asturias;Principado de Asturias;Cabranes;Torazo
-404455;País Vasco;Vizcaya;Getxo;Tordellego
-404460;Cataluña;Barcelona;Tordera;Tordera
-404463;Castilla y León;Valladolid;Tordesillas;Tordesillas
-404474;Cataluña;Barcelona;Torelló;Torelló
-404475;Castilla y León;León;Toreno;Toreno
-404480;Cantabria;Cantabria;Cabezón de Liébana;Torices
-404481;Principado de Asturias;Principado de Asturias;Ribadesella;Torielló
-404482;Principado de Asturias;Principado de Asturias;Quirós;Toriezo
-404483;Castilla-La Mancha;Guadalajara;Torija;Torija
-404486;Andalucía;Málaga;Alcaucín;Toril
-404487;Extremadura;Cáceres;Malpartida de Plasencia;Toril
-404488;Aragón;Teruel;Toril y Masegoso;Toril
-404495;Principado de Asturias;Principado de Asturias;Piloña;Torín
-404498;Principado de Asturias;Principado de Asturias;Cangas de Onís;Torío
-404500;Aragón;Huesca;Torla-Ordesa;Torla-Ordesa
-404501;Castilla y León;Soria;Torlengua;Torlengua
-404506;Castilla y León;Burgos;Villarcayo de Merindad de Castilla la Vieja;Torme
-404507;Castilla y León;Ávila;Tormellas;Tormellas
-404511;Aragón;Teruel;Tormón;Tormón
-404512;Comunidad Valenciana;Alicante;Tormos;Tormos
-404519;Cataluña;Lérida;Tornabous;Tornabous
-404524;Castilla y León;Ávila;Tornadizos de Ávila;Tornadizos de Ávila
-404526;Extremadura;Cáceres;Tornavacas;Tornavacas
-404542;Principado de Asturias;Principado de Asturias;Cangas de Onís;Tornín
-404545;Aragón;Teruel;Tornos;Tornos
-404548;Castilla y León;Zamora;Toro;Toro
-404562;Castilla y León;Palencia;Torquemada;Torquemada
-404565;Castilla-La Mancha;Cuenca;Torralba;Torralba
-404567;Aragón;Huesca;Torralba de Aragón;Torralba de Aragón
-404573;Aragón;Teruel;Torralba de los Sisones;Torralba de los Sisones
-404574;Comunidad Valenciana;Castellón;Torralba del Pinar;Torralba del Pinar
-404575;Castilla-La Mancha;Toledo;Torralba de Oropesa;Torralba de Oropesa
-404579;Comunidad Foral de Navarra;Comunidad Foral de Navarra;Ergoiena;Torrano
-404593;Andalucía;Granada;Loja;Torre-Agicampe
-404596;Andalucía;Cádiz;Torre Alháquime;Torre Alháquime
-404599;Región de Murcia;Región de Murcia;Lorca;Torrealvilla
-404600;Castilla y León;Soria;Valderrodilla;Torreandaluz
-404603;Comunidad Valenciana;Valencia;Ademuz;Torre Baja
-404605;Castilla y León;León;San Emiliano;Torrebarrio
-404607;Cataluña;Lérida;Torrebesses;Torrebeses
-404610;Comunidad Valenciana;Castellón;Torreblanca;Torreblanca
-404613;Castilla y León;Segovia;Torrecaballeros;Torrecaballeros
-404614;Andalucía;Córdoba;Torrecampo;Torrecampo
-404627;Aragón;Teruel;Torrecilla de Alcañiz;Torrecilla de Alcañiz
-404630;Castilla y León;Valladolid;Torrecilla de la Orden;Torrecilla de la Orden
-404634;Extremadura;Cáceres;Torrecilla de los Ángeles;Torrecilla de los Ángeles
-404641;La Rioja;La Rioja;Torrecilla en Cameros;Torrecilla en Cameros
-404652;Comunidad Valenciana;Valencia;Pobla de Vallbona, la;Torre de Baba
-404653;Cataluña;Lérida;Torre de Cabdella, La;Torre de Cabdella
-404654;Extremadura;Cáceres;Torre de Don Miguel;Torre de Don Miguel
-404656;Comunidad Valenciana;Castellón;Torre d'en Doménec, la;Torre de Endoménech
-404659;Cataluña;Tarragona;Torre de Fontaubella, La;Torre de Fontaubella
-404661;Castilla-La Mancha;Ciudad Real;Torre de Juan Abad;Torre de Juan Abad
-404662;Comunidad Valenciana;Alicante;Orihuela;La Horadada
-404664;Comunidad Valenciana;Castellón;Cabanes;Torre de la Sal
-404665;Aragón;Teruel;Torre de las Arcas;Torre de las Arcas
-404666;Castilla y León;León;Torre del Bierzo;Torre del Bierzo
-404669;Andalucía;Jaén;Torredelcampo;Torredelcampo
-404670;Aragón;Teruel;Torre del Compte;Torre del Compte
-404671;Cataluña;Tarragona;Torre de l'Espanyol, La;Torre del Español
-404672;Andalucía;Málaga;Vélez-Málaga;Torre del Mar
-404674;Región de Murcia;Región de Murcia;Alcázares, Los;Torre del Rame
-404675;Región de Murcia;Región de Murcia;Jumilla;Torre del Rico
-404678;Cataluña;Tarragona;Torredembarra;Torredembarra
-404686;Extremadura;Cáceres;Torre de Santa María;Torre de Santa María
-404691;Andalucía;Jaén;Torredonjimeno;Torredonjimeno
-404695;Cataluña;Lérida;Torrefeta i Florejacs;Torrefeta
-404701;Cataluña;Tarragona;Bisbal del Penedès, La;Torregasa
-404703;Cataluña;Lérida;Torregrossa;Torregrossa
-404704;Región de Murcia;Región de Murcia;Murcia;Torre-Guil
-404706;Aragón;Zaragoza;Torrehermosa;Torrehermosa
-404707;Castilla y León;Segovia;Torreiglesias;Torreiglesias
-404712;Extremadura;Cáceres;Torrejoncillo;Torrejoncillo
-404714;Comunidad de Madrid;Comunidad de Madrid;Torrejón de Ardoz;Torrejón de Ardoz
-404716;Castilla-La Mancha;Guadalajara;Torrejón del Rey;Torrejón del Rey
-404717;Comunidad de Madrid;Comunidad de Madrid;Torrejón de Velasco;Torrejón de Velasco
-404718;Extremadura;Cáceres;Torrejón el Rubio;Torrejón el Rubio
-404720;Aragón;Teruel;Torrelacárcel;Torre la Cárcel
-404721;Comunidad de Madrid;Comunidad de Madrid;Torrelaguna;Torrelaguna
-404722;Comunidad Valenciana;Alicante;Torrevieja;La Mata
-404726;Cantabria;Cantabria;Torrelavega;Torrelavega
-404732;Aragón;Zaragoza;Torrellas;Torrellas
-404733;Cataluña;Barcelona;Torrelles de Foix;Torrelles de Foix
-404734;Cataluña;Barcelona;Torrelles de Llobregat;Torrelles de Llobregat
-404738;Comunidad de Madrid;Comunidad de Madrid;Torrelodones;Torrelodones
-404740;Comunidad Valenciana;Alicante;Torremanzanas / Torre de les Maçanes, la;La Torre de les Maçanes (Torremanzanas)
-404743;Extremadura;Badajoz;Torremejía;Torremegía
-404744;Comunidad Valenciana;Alicante;Orihuela;Torremendo
-404745;Extremadura;Cáceres;Torremenga;Torremenga
-404747;Extremadura;Cáceres;Torremocha;Torremocha
-404753;Comunidad de Madrid;Comunidad de Madrid;Torremocha de Jarama;Torremocha de Jarama
-404755;Castilla-La Mancha;Guadalajara;Torremocha del Campo;Torremocha del Campo
-404756;Castilla-La Mancha;Guadalajara;Torremocha del Pinar;Torremocha del Pinar
-404759;Andalucía;Málaga;Torremolinos;Torremolinos
-404765;Comunidad Valenciana;Castellón;Torreblanca;Torrenostra
-404766;Cataluña;Gerona;Torrent;Torrent
-404769;Comunidad Valenciana;Valencia;Torrent;Torrent
-404772;Aragón;Huesca;Torrente de Cinca;Torrente de Cinca
-404774;Andalucía;Granada;Torrenueva Costa;Torrenueva
-404775;Castilla-La Mancha;Ciudad Real;Torrenueva;Torrenueva
-404777;Extremadura;Cáceres;Torreorgaz;Torreorgaz
-404778;Región de Murcia;Región de Murcia;Torre-Pacheco;Torre-Pacheco
-404782;Andalucía;Jaén;Torreperogil;Torreperogil
-404784;Extremadura;Cáceres;Torrequemada;Torrequemada
-404788;Andalucía;Jaén;Torres;Torres
-404789;Andalucía;Jaén;Torres;Torres
-404792;Cantabria;Cantabria;Torrelavega;Torres
-404793;Galicia;La Coruña;Vilarmaior;Torres
-404804;Andalucía;Jaén;Torres de Albánchez;Torres de Albánchez
-404805;Aragón;Teruel;Torres de Albarracín;Torres de Albarracín
-404807;Aragón;Huesca;Torres de Barbués;Torres de Barbués
-404809;Comunidad de Madrid;Comunidad de Madrid;Torres de la Alameda;Torres de la Alameda
-404812;Aragón;Huesca;Graus;Torres del Obispo
-404813;Comunidad Foral de Navarra;Comunidad Foral de Navarra;Torres del Río;Torres del Río
-404820;Castilla y León;León;San Emiliano;Torrestío
-404821;Comunidad Valenciana;Valencia;Torres Torres;Torres Torres
-404825;Principado de Asturias;Principado de Asturias;Villaviciosa;Torretejera
-404827;Castilla y León;Segovia;Torre Val de San Pedro;Torre Val de San Pedro
-404829;Aragón;Teruel;Torrevelilla;Torrevelilla
-404832;Comunidad Valenciana;Alicante;Torrevieja;Torrevieja
-404835;Castilla-La Mancha;Toledo;Torrico;Torrico
-404839;Aragón;Zaragoza;Torrijo de la Cañada;Torrijo de la Cañada
-404840;Aragón;Teruel;Torrijo del Campo;Torrijo del Campo
-404841;Castilla-La Mancha;Toledo;Torrijos;Torrijos
-404844;Cataluña;Gerona;Ventalló;Torroella de Fluvià
-404845;Cataluña;Gerona;Torroella de Montgrí;Torroella de Montgrí
-404846;Cataluña;Tarragona;Torroja del Priorat;Torroja
-404852;Andalucía;Málaga;Torrox;Torrox
-404865;Cataluña;Gerona;Tortellà;Tortellà
-404874;Castilla y León;Ávila;Tórtoles;Tórtoles
-404878;Galicia;Pontevedra;Neves, As;Tortoreos
-404879;Cataluña;Tarragona;Tortosa;Tortosa
-404885;Andalucía;Granada;Torvizcón;Torviscón
-404895;Cataluña;Gerona;Toses;Toses
-404906;Cataluña;Gerona;Tossa de Mar;Tossa de Mar
-404910;Islas Canarias;Fuerteventura;Oliva, La;Cotillo
-404911;Región de Murcia;Región de Murcia;Totana;Totana
-404912;Castilla-La Mancha;Toledo;Totanés;Totanés
-404913;Cantabria;Cantabria;Santa María de Cayón;Totero
-404914;Islas Canarias;Fuerteventura;Pájara;Toto
-404918;Galicia;La Coruña;Muxía;Touriñán
-404920;Galicia;La Coruña;Touro;Touro
-404922;Galicia;Pontevedra;Ponte Caldelas;Tourón
-404923;Comunidad Valenciana;Valencia;Tous;Tous
-404931;Principado de Asturias;Principado de Asturias;Navia;Tox
-404937;Andalucía;Granada;Moclín;Tózar
-404944;Galicia;Lugo;Trabada;Trabada
-404946;Castilla y León;León;Trabadelo;Trabadelo
-404949;Castilla y León;Salamanca;Trabanca;Trabanca
-404955;Castilla y León;Zamora;Trabazos;Trabazos
-404965;Castilla-La Mancha;Cuenca;Tragacete;Tragacete
-404968;Castilla y León;Salamanca;Pozos de Hinojo;Traguntia
-404969;Cataluña;Gerona;Vilallonga de Ter;Tragurá de Baix
-404973;Comunidad Valenciana;Castellón;Traiguera;Traiguera
-404975;Aragón;Teruel;Tramacastiel;Tramacastiel
-404976;Aragón;Teruel;Tramacastilla;Tramacastilla
-404978;Aragón;Huesca;Sallent de Gállego;Tramacastilla de Tena
-404990;Islas Canarias;Gran Canaria;Arucas;Trapiche
-404991;Andalucía;Málaga;Vélez-Málaga;Trapiche
-405013;Cantabria;Cantabria;Ruiloba;Trasierra
-405024;Islas Canarias;Gran Canaria;Arucas;Trasmontaña
-405025;Galicia;La Coruña;Ames;Trasmonte
-405031;Aragón;Zaragoza;Trasmoz;Trasmoz
-405032;Andalucía;Granada;Pinos Puente;Trasmulas
-405035;Principado de Asturias;Principado de Asturias;Corvera de Asturias;Trasona
-405040;Castilla y León;Valladolid;Traspinedo;Traspinedo
-405043;Cantabria;Cantabria;Comillas;Trasvia
-405049;Cataluña;Lérida;Lles de Cerdanya;Traveseres
-405058;Galicia;La Coruña;Trazo;Trazo
-405060;Castilla y León;Soria;Trévago;Trébago
-405063;Islas Baleares;Menorca;Sant Lluís;Trebelúger
-405066;Cantabria;Cantabria;Guriezo;Trebuesto
-405070;Cantabria;Cantabria;Valdáliga;Treceño
-405071;Cataluña;Lérida;Naut Aran;Tredós
-405072;Castilla y León;Zamora;Trefacio;Trefacio
-405079;Principado de Asturias;Principado de Asturias;Allande;Tremado
-405083;Castilla y León;Palencia;Pernía, La;Tremaya
-405084;Castilla y León;Ávila;Solana de Ávila;Tremedal
-405091;Castilla y León;León;Igüeña;Tremor de Arriba
-405092;Cataluña;Lérida;Tremp;Tremp
-405095;Cantabria;Cantabria;Noja;Trengandín
-405099;Principado de Asturias;Principado de Asturias;Nava;Tresali
-405100;Islas Baleares;Menorca;Ciutadella de Menorca;Tres Alquerías
-405101;Principado de Asturias;Principado de Asturias;Cangas de Onís;Tresano
-405102;Principado de Asturias;Principado de Asturias;Peñamellera Alta;Trescares
-405103;Castilla y León;Segovia;Trescasas;Trescasas
-405106;Principado de Asturias;Principado de Asturias;Llanes;Tresgrandas
-405114;Castilla y León;Burgos;Trespaderne;Trespaderne
-405119;Cantabria;Cantabria;Tresviso;Tresviso
-405121;Cantabria;Cantabria;Bárcena de Cicero;Treto
-405123;Extremadura;Cáceres;Villamiel;Trevejo
-405125;Andalucía;Granada;Trevélez;Trevélez
-405127;La Rioja;La Rioja;Treviana;Treviana
-405128;Principado de Asturias;Principado de Asturias;Valdés;Trevías
-405133;Galicia;Orense;Laza;Trez
-405135;Galicia;Lugo;Triacastela;Triacastela
-405136;Islas Canarias;La Palma;Paso, El;Triana
-405137;Andalucía;Málaga;Vélez-Málaga;Triana
-405138;Cantabria;Cantabria;Santiurde de Toranzo; 
-405144;Castilla-La Mancha;Cuenca;Tribaldos;Tribaldos
-405148;La Rioja;La Rioja;Tricio;Tricio
-405156;Andalucía;Huelva;Trigueros;Trigueros
-405158;Castilla-La Mancha;Guadalajara;Trijueque;Trijueque
-405159;Castilla-La Mancha;Guadalajara;Trillo;Trillo
-405164;Galicia;La Coruña;Boiro;Triñanes
-405171;Castilla y León;Palencia;Triollo;Triollo
-405172;Principado de Asturias;Principado de Asturias;Cangas de Onís;Triongo
-405177;Islas Canarias;Fuerteventura;Antigua;Triquivijate
-405180;Castilla y León;Zamora;Robleda-Cervantes;Triufé
-405182;Galicia;Orense;Pobra de Trives, A;Trives
-405184;Galicia;Pontevedra;Cuntis;Troáns
-405185;Castilla y León;León;San Andrés del Rabanedo;Trobajo del Camino
-405186;Castilla y León;León;León;Trobajo del Cerecedo
-405187;Galicia;La Coruña;Teo;Trobe
-405188;País Vasco;Vizcaya;Mungia;Trobica
-405194;Galicia;La Coruña;Baña, A;Troitosende
-405198;Aragón;Huesca;Fueva, La;Troncedo
-405200;Aragón;Teruel;Tronchón;Tronchón
-405207;Principado de Asturias;Principado de Asturias;Oviedo;Trubia
-405227;Extremadura;Badajoz;Trujillanos;Trujillanos
-405229;Extremadura;Cáceres;Trujillo;Trujillo
-405234;Castilla y León;Burgos;Tubilla del Lago;Tubilla del Lago
-405241;Cantabria;Cantabria;Tudanca;Tudanca
-405242;Comunidad Foral de Navarra;Comunidad Foral de Navarra;Tudela;Tudela
-405245;Castilla y León;Valladolid;Tudela de Duero;Tudela de Duero
-405246;Cataluña;Lérida;Artesa de Segre;Tudela del Segre
-405247;La Rioja;La Rioja;Tudelilla;Tudelilla
-405248;Castilla y León;Zamora;Fariza;Tudera
-405249;Cantabria;Cantabria;Vega de Liébana;Tudes
-405252;Comunidad Valenciana;Valencia;Tuéjar;Tuéjar
-405259;Galicia;La Coruña;Vimianzo;Tufiones
-405260;Principado de Asturias;Principado de Asturias;Siero;Tuilla
-405262;Islas Canarias;Fuerteventura;Tuineje;Tuineje
-405265;Galicia;Pontevedra;Agolada;Tuiriz
-405266;Principado de Asturias;Principado de Asturias;Lena;Tuiza de Abajo
-405267;Principado de Asturias;Principado de Asturias;Lena;Tuiza de Arriba
-405273;Principado de Asturias;Principado de Asturias;Tineo;Tuña
-405277;Principado de Asturias;Principado de Asturias;Llanes;Turanzas
-405278;Comunidad Valenciana;Alicante;Gaianes;Turballos
-405285;Castilla y León;Segovia;Turégano;Turégano
-405289;Cantabria;Cantabria;Camaleño;Turieno
-405294;Comunidad Valenciana;Valencia;Turís;Turís
-405295;País Vasco;Álava;Erriberagoitia / Ribera Alta;Turiso
-405299;Andalucía;Granada;Turón;Turón
-405304;Andalucía;Almería;Turre;Turre
-405307;Castilla y León;Segovia;Boceguillas;Turrubuelo
-405316;La Rioja;La Rioja;Ezcaray;Turza
-405317;Castilla y León;Burgos;Valle de Sedano;Turzo
-405321;Cataluña;Lérida;Josa i Tuixén;Tuixén
-405322;Galicia;Pontevedra;Tui;Tui
-405323;País Vasco;Álava;Erriberagoitia / Ribera Alta;Tuyo
-405326;Andalucía;Jaén;Úbeda;Úbeda
-405327;Comunidad Valenciana;Alicante;Pinós, el / Pinoso;Úbeda
-405333;Cantabria;Cantabria;Santillana del Mar;Ubiarco
-405341;Andalucía;Cádiz;Ubrique;Ubrique
-405345;Castilla-La Mancha;Guadalajara;Uceda;Uceda
-405346;Castilla y León;León;Villagatón;Ucedo
-405348;Región de Murcia;Región de Murcia;Mula;Ucenda
-405349;Castilla y León;Soria;Ucero;Ucero
-405355;Cantabria;Cantabria;Ruente;Ucieda de Abajo
-405356;Cantabria;Cantabria;Ruente;Ucieda de Arriba
-405359;Castilla-La Mancha;Cuenca;Uclés;Uclés
-405363;Comunidad Foral de Navarra;Comunidad Foral de Navarra;Basaburua;Udave
-405368;Islas Canarias;Lanzarote;Yaiza;Uga
-405373;País Vasco;Vizcaya;Dima;Ugarana
-405379;Castilla-La Mancha;Toledo;Ugena;Ugena
-405380;Andalucía;Granada;Ugíjar;Ugíjar
-405381;Galicia;La Coruña;Muros;Uhía
-405383;Principado de Asturias;Principado de Asturias;Mieres;Ujo
-405384;Comunidad Foral de Navarra;Comunidad Foral de Navarra;Ujué / Uxue;Ujué
-405388;Andalucía;Almería;Uleila del Campo;Uleila del Campo
-405394;Cataluña;Gerona;Ullà;Ullà
-405398;Cataluña;Tarragona;Ulldecona;Ulldecona
-405400;Cataluña;Tarragona;Ulldemolins;Ulldemolins
-405401;Aragón;Huesca;Jaca;Ulle
-405402;Cataluña;Gerona;Ullastret;Ullastret
-405410;Cataluña;Gerona;Ultramort;Ultramort
-405412;Comunidad Foral de Navarra;Comunidad Foral de Navarra;Valle de Ollo / Ollaran;Ulzurrun
-405417;Andalucía;Sevilla;Umbrete;Umbrete
-405426;Comunidad Valenciana;Alicante;Romana, la;Umbría Baja
-405430;Región de Murcia;Región de Murcia;Lorca;Umbrías
-405431;Castilla y León;Ávila;Umbrías;Umbrías
-405435;Castilla-La Mancha;Cuenca;Uña;Uña
-405436;Cataluña;Lérida;Naut Aran;Unha
-405439;Comunidad Foral de Navarra;Comunidad Foral de Navarra;Ergoiena;Unanu
-405440;Cataluña;Lérida;Guingueta d'Àneu, La;Unarre
-405441;Aragón;Zaragoza;Uncastillo;Uncastillo
-405446;Comunidad Foral de Navarra;Comunidad Foral de Navarra;Cizur;Undiano
-405447;Aragón;Zaragoza;Undués de Lerda;Undués de Lerda
-405448;Aragón;Zaragoza;Pintanos, Los;Undués-Pintano
-405450;Castilla y León;Zamora;Puebla de Sanabria;Ungilde
-405454;Cantabria;Cantabria;Val de San Vicente;Unquera
-405455;Galicia;Orense;Ourense;Untes
-405456;País Vasco;Álava;Urkabustaiz;Unzá
-405457;Comunidad Foral de Navarra;Comunidad Foral de Navarra;Olóriz / Oloritz;Unzué
-405461;Cataluña;Barcelona;Castelldefels;Castelldefels
-405474;Andalucía;Almería;Huércal-Overa;Urcal
-405478;Castilla-La Mancha;Toledo;Urda;Urda
-405482;Comunidad Foral de Navarra;Comunidad Foral de Navarra;Esteribar;Urdániz
-405486;Comunidad Foral de Navarra;Comunidad Foral de Navarra;Baztan;Urdax
-405487;Comunidad Foral de Navarra;Comunidad Foral de Navarra;Urdiain;Urdiáin
-405496;Galicia;La Coruña;Rois;Rois
-405499;Galicia;La Coruña;Cabana de Bergantiños;Ures
-405507;País Vasco;Guipúzcoa;Arrasate / Mondragón;Uribarri
-405510;País Vasco;Vizcaya;Orozko;Urigoiti
-405513;Comunidad Foral de Navarra;Comunidad Foral de Navarra;Arce / Artzi;Uriz
-405517;País Vasco;Vizcaya;Lemoiz;Urízar de Lemóniz
-405520;País Vasco;Guipúzcoa;Urnieta;Urnieta
-405524;País Vasco;Vizcaya;Abadiño;Urquiola
-405530;Andalucía;Almería;Purchena;Urrácal
-405535;Aragón;Teruel;Urrea de Gaén;Urrea de Gaen
-405546;Aragón;Zaragoza;Urriés;Urriés
-405549;Galicia;Orense;Allariz;Urriós
-405553;Comunidad Foral de Navarra;Comunidad Foral de Navarra;Ultzama;Urritzola-Galáin
-405557;Comunidad Foral de Navarra;Comunidad Foral de Navarra;Urroz-Villa;Urroz
-405558;Comunidad Foral de Navarra;Comunidad Foral de Navarra;Urroz;Urrotz
-405560;País Vasco;Álava;Legutio;Urrúnaga
-405563;Comunidad Foral de Navarra;Comunidad Foral de Navarra;Esteribar;Urtasun
-405565;País Vasco;Álava;Bernedo;Urturi
-405566;Castilla y León;Valladolid;Urueña;Urueña
-405567;Castilla y León;Segovia;Urueñas;Urueñas
-405569;La Rioja;La Rioja;Uruñuela;Uruñuela
-405570;Comunidad Foral de Navarra;Comunidad Foral de Navarra;Urzainqui / Urzainki;Urzainqui
-405575;Cataluña;Gerona;Porqueres;Usall
-405576;Aragón;Huesca;Aínsa-Sobrarbe;Usana
-405582;Comunidad Valenciana;Castellón;Useras / Useres, les;Useras
-405589;País Vasco;Guipúzcoa;Usurbil;Usúrbil
-405590;Castilla-La Mancha;Guadalajara;Utande;Utande
-405591;Aragón;Zaragoza;Utebo;Utebo
-405592;Comunidad Foral de Navarra;Comunidad Foral de Navarra;Uterga;Uterga
-405593;Comunidad Valenciana;Valencia;Utiel;Utiel
-405596;Andalucía;Sevilla;Utrera;Utrera
-405601;Aragón;Teruel;Utrillas;Utrillas
-405614;Comunidad Foral de Navarra;Comunidad Foral de Navarra;Araitz;Uztegui
-405623;Cataluña;Barcelona;Vacarisses;Vacarisses
-405631;Comunidad de Madrid;Comunidad de Madrid;Rivas-Vaciamadrid;Rivas-Vaciamadrid
-405632;Cantabria;Cantabria;Vega de Liébana;Vada
-405634;Castilla y León;Soria;Vadillo;Vadillo
-405637;Castilla y León;Zamora;Vadillo de la Guareña;Vadillo de la Guareña
-405643;Castilla y León;Burgos;Zazuar;Vadocondes
-405653;Galicia;La Coruña;Narón;Val
-405661;Aragón;Teruel;Valacloche;Valacloche
-405664;Castilla y León;Palencia;Brañosera;Valberzoso
-405665;Aragón;Teruel;Valbona;Valbona
-405667;Principado de Asturias;Principado de Asturias;Allande;Valbona
-405672;Principado de Asturias;Principado de Asturias;Villaviciosa;Valbucar
-405675;Castilla y León;Valladolid;Valbuena de Duero;Valbuena de Duero
-405676;Castilla y León;León;Villagatón;Valbuena de la Encomienda
-405684;Cantabria;Cantabria;Soba;Valcaba
-405686;Castilla y León;Zamora;Valcabado;Valcabado
-405692;Comunidad Foral de Navarra;Comunidad Foral de Navarra;Luzaide / Valcarlos;Valcarlos
-405693;Galicia;Lugo;Viveiro;Valcarría
-405703;Castilla y León;Palencia;Velilla del Río Carrión;Valcovero
-405717;Extremadura;Cáceres;Valdastillas;Valdastillas
-405728;Castilla y León;León;Gradefes;Valdealcón
-405729;Aragón;Teruel;Valdealgorfa;Valdealgorfa
-405736;Castilla y León;Burgos;Valdeande;Valdeande
-405749;Castilla y León;Soria;Valdeavellano de Tera;Valdeavellano de Tera
-405750;Castilla y León;Soria;Valdemaluque;Valdemaluque
-405752;Castilla-La Mancha;Guadalajara;Valdeaveruelo;Valdeaveruelo
-405763;Extremadura;Badajoz;Valdecaballeros;Valdecaballeros
-405765;Castilla-La Mancha;Cuenca;Cuenca;Valdecabras
-405770;Castilla y León;León;Ponferrada;Valdecañada
-405773;Castilla-La Mancha;Cuenca;Villas de la Ventosa;Valdecañas
-405789;Castilla y León;Ávila;Valdecasa;Valdecasa
-405794;Aragón;Teruel;Teruel;Valdecebro
-405797;Cantabria;Cantabria;Medio Cudeyo;Valdecilla
-405799;Castilla-La Mancha;Cuenca;Valdecolmenas, Los;Valdecolmenas de Arriba
-405806;Aragón;Teruel;Valdecuenca;Valdecuenca
-405813;Galicia;Lugo;Pedrafita do Cebreiro;Val de Fariña
-405822;Extremadura;Cáceres;Valdefuentes;Valdefuentes
-405830;Castilla y León;Salamanca;Valdefuentes de Sangusín;Valdefuentes de Sangusín
-405832;Castilla y León;Palencia;Aguilar de Campoo;Valdegama
-405833;Castilla-La Mancha;Albacete;Valdeganga;Valdeganga
-405834;Castilla-La Mancha;Cuenca;Valdetórtola;Valdeganga de Cuenca
-405874;Extremadura;Cáceres;Valdelacasa de Tajo;Valdelacasa de Tajo
-405892;Castilla y León;León;Toreno;Valdelaloba
-405896;Castilla y León;Salamanca;Cerro, El;Valdelamatanza
-405899;Andalucía;Huelva;Valdelarco;Valdelarco
-405902;Castilla y León;Burgos;Valle de Sedano;Valdelateja
-405907;Aragón;Teruel;Valdelinares;Valdelinares
-405908;Castilla y León;Soria;Ucero;Valdelinares
-405920;Aragón;Teruel;Valdeltormo;Valdeltormo
-405924;Castilla y León;Soria;Valdemaluque;Valdemaluque
-405925;Comunidad de Madrid;Comunidad de Madrid;Valdemanco;Valdemanco
-405926;Andalucía;Jaén;Quesada;Valdemanco del Esteras
-405929;Comunidad de Madrid;Comunidad de Madrid;Valdemaqueda;Valdemaqueda
-405940;Castilla y León;Salamanca;Valdemierque;Valdemierque
-405943;Castilla y León;Ávila;Santa María del Berrocal;Valdemolinos
-405951;Comunidad de Madrid;Comunidad de Madrid;Valdemorillo;Valdemorillo
-405953;Comunidad de Madrid;Comunidad de Madrid;Valdemoro;Valdemoro
-405971;Castilla y León;Burgos;Merindad de Valdivielso;Valdenoceda
-405974;Castilla-La Mancha;Guadalajara;Valdenuño Fernández;Valdenuño Fernández
-405975;Extremadura;Cáceres;Valdeobispo;Valdeobispo
-405988;Castilla-La Mancha;Ciudad Real;Valdepeñas;Valdepeñas
-405990;Andalucía;Jaén;Valdepeñas de Jaén;Valdepeñas de Jaén
-405996;Castilla y León;León;Valdepiélago;Valdepiélago
-405997;Comunidad de Madrid;Comunidad de Madrid;Valdepiélagos;Valdepiélagos
-406009;Castilla y León;Segovia;Valdeprados;Valdeprados
-406017;Castilla y León;León;Valderas;Valderas
-406023;Castilla y León;Burgos;Partido de la Sierra en Tobalina;Valderrama
-406025;Castilla y León;León;Valderrey;Valderrey
-406027;Aragón;Teruel;Valderrobres;Valderrobres
-406033;Andalucía;Granada;Valderrubio;Valderrubio
-406035;Castilla y León;León;Valderrueda;Valderrueda
-406036;Andalucía;Málaga;Moclinejo;Valdés
-406046;Castilla y León;León;Val de San Lorenzo;Val de San Lorenzo
-406050;Castilla-La Mancha;Toledo;Santo Domingo-Caudilla;Val de Santo Domingo
-406054;Castilla y León;Segovia;Condado de Castilnovo;Valdesaz
-406062;Castilla y León;Segovia;San Pedro de Gaíllos;Valdesimonte
-406073;Castilla y León;Zamora;Robleda-Cervantes;Valdespino
-406077;Castilla y León;León;Santiago Millas;Valdespino de Somoza
-406081;Comunidad de Madrid;Comunidad de Madrid;Sevilla la Nueva;Valdetablas
-406084;Comunidad de Madrid;Comunidad de Madrid;Valdetorres de Jarama;Valdetorres de Jarama
-406094;Castilla-La Mancha;Toledo;Valdeverdeja;Valdeverdeja
-406104;Andalucía;Huelva;Aracena;Valdezufre
-406105;Cantabria;Cantabria;Soba;Valdició
-406107;Comunidad de Madrid;Comunidad de Madrid;Valdilecha;Valdilecha
-406115;Castilla y León;León;Crémenes;Valdoré
-406117;Castilla y León;León;Valdepiélago;Valdorria
-406120;Galicia;La Coruña;Valdoviño;Valdoviño
-406121;Principado de Asturias;Principado de Asturias;Cudillero;Valdredo
-406124;Castilla y León;Salamanca;Valdunciel;Valdunciel
-406125;Principado de Asturias;Principado de Asturias;Regueras, Las;Valduno
-406130;Galicia;Pontevedra;Crecente;Valeije
-406131;Comunidad Valenciana;Valencia;Valencia;Valencia
-406133;Galicia;La Coruña;Coristanco;Valenza
-406137;Extremadura;Cáceres;Valencia de Alcántara;Valencia de Alcántara
-406138;Cataluña;Lérida;Alt Àneu;València d'Àneu
-406139;Castilla y León;León;Valencia de Don Juan;Valencia de Don Juan
-406141;Extremadura;Badajoz;Valencia de las Torres;Valencia de las Torres
-406142;Extremadura;Badajoz;Valencia del Mombuey;Valencia del Mombuey
-406144;Andalucía;Sevilla;Valencina de la Concepción;Valencina de la Concepción
-406147;Región de Murcia;Región de Murcia;Cehegín;Valentín
-406148;Cataluña;Tarragona;Ulldecona;Valentíns
-406149;Galicia;Orense;Barbadás;Valenzana
-406150;Andalucía;Jaén;Valenzuela;Valenzuela
-406154;Castilla-La Mancha;Cuenca;Valeras, Las;Valera de Abajo
-406155;Castilla-La Mancha;Cuenca;Valeras, Las;Valera de Arriba
-406157;Castilla-La Mancha;Cuenca;Valeras, Las;Valeria
-406160;Galicia;Orense;San Cristovo de Cea;Vales
-406165;Castilla-La Mancha;Guadalajara;Valfermoso de Tajuña;Valfermoso de Tajuña
-406166;Galicia;Pontevedra;Valga;Valga
-406168;La Rioja;La Rioja;Valgañón;Valgañón
-406190;Aragón;Teruel;Valjunquera;Valjunquera
-406194;Comunidad Valenciana;Valencia;Vallada;Vallada
-406201;Castilla y León;Valladolid;Valladolid;Valladolid
-406205;Comunidad Valenciana;Valencia;Vallanca;Vallanca
-406210;Cataluña;Barcelona;Vallbona d'Anoia;Vallbona d'Anoia
-406211;Cataluña;Lérida;Vallbona de les Monges;Vallbona de les Monges
-406212;Cataluña;Gerona;Sils;Vallcanera
-406216;Cataluña;Barcelona;Vallcebre;Vallcebre
-406219;Cataluña;Tarragona;Vallclara;Vallclara
-406220;Comunidad Valenciana;Castellón;Vall d'Alba;Vall d?Alba
-406223;Comunidad Valenciana;Castellón;Vall de Almonacid;Vall d'Almonesir (Vall de Almonacid)
-406228;Comunidad Valenciana;Alicante;Vall d'Ebo, la;Vall d'Ebo (Vall de Ebo)
-406234;Islas Baleares;Mallorca;Valldemossa;Valldemossa
-406238;Comunidad Valenciana;Castellón;Vall d'Uixó, la;Vall de Uxó
-406239;Cataluña;Gerona;Vilopriu;Valldeviá
-406240;Cataluña;Gerona;Vall de Bianya, La;Vall de Bianya
-406243;Cataluña;Barcelona;Sant Cugat del Vallès;Valldoreix
-406245;Cantabria;Cantabria;Cabuérniga;Cabuérniga
-406246;Cantabria;Cantabria;Ruesga;Valle
-406247;Principado de Asturias;Principado de Asturias;Piloña;Valle
-406249;Galicia;Lugo;Vicedo, O;Valle
-406290;Islas Canarias;Fuerteventura;Puerto del Rosario;Vallebrón
-406294;Comunidad de Madrid;Comunidad de Madrid;Madrid;Vallecas
-406295;Castilla y León;León;Vallecillo;Vallecillo
-406298;Andalucía;Málaga;Valle de Abdalajís;Valle de Abdalajís
-406310;Castilla y León;León;Vega de Espinareda;Valle de Finolledo
-406312;Islas Canarias;Tenerife;San Cristóbal de La Laguna;Valle de Guerra
-406316;Principado de Asturias;Principado de Asturias;Somiedo;Valle de Lago
-406336;Galicia;Lugo;Valadouro, O;Valle de Oro
-406337;Galicia;Lugo;Foz;San Acisclo
-406340;Islas Canarias;Tenerife;Arona;Valle de San Lorenzo
-406341;Castilla y León;Segovia;Torre Val de San Pedro;Valle de San Pedro
-406342;Extremadura;Badajoz;Valle de Santa Ana;Valle de Santa Ana
-406343;Islas Canarias;Fuerteventura;Betancuria;Valle de Santa Inés
-406346;Castilla y León;Segovia;Valle de Tabladillo;Valle de Tabladillo
-406348;Castilla y León;León;Vegacervera;Valle de Vegacervera
-406353;Islas Canarias;Tenerife;San Cristóbal de La Laguna;Valle Grande
-406355;Islas Canarias;La Gomera;Vallehermoso;Vallehermoso
-406366;Andalucía;Cádiz;Arcos de la Frontera;Vallejas
-406367;Castilla y León;Salamanca;Vallejera de Riofrío;Vallejera de Riofrío
-406384;Castilla y León;Burgos;Valle de Mena;Valle de Mena
-406391;Andalucía;Granada;Íllora;Vallequemado
-406393;Castilla y León;Segovia;Valleruela de Pedraza;Valleruela de Pedraza
-406394;Castilla y León;Segovia;Valleruela de Sepúlveda;Valleruela de Sepúlveda
-406396;Cantabria;Cantabria;Reocín;Valles
-406403;Comunidad Valenciana;Valencia;Eliana, l';Vallesa de Mandor
-406407;Islas Canarias;Fuerteventura;Antigua;Valles de Ortega
-406410;Islas Canarias;Gran Canaria;Valleseco;Valleseco
-406413;Cataluña;Tarragona;Pontils;Vallespinosa
-406416;Cataluña;Gerona;Vallfogona de Ripollès;Vallfogona
-406418;Cataluña;Lérida;Vallfogona de Balaguer; 
-406419;Cataluña;Tarragona;Vallfogona de Riucorb;Vallfogona de Riucorb
-406420;Cataluña;Barcelona;Vallgorguina;Vallgorguina
-406423;Comunidad Valenciana;Castellón;Vallibona;Vallibona
-406431;Cataluña;Barcelona;Vallirana;Vallirana
-406435;Cataluña;Lérida;Artesa de Segre;Vall-Llebrera
-406436;Cataluña;Gerona;Vall-llobrega;Vall-llobrega
-406446;Principado de Asturias;Principado de Asturias;Piloña;Vallobal
-406447;Comunidad Valenciana;Alicante;Alicante / Alacant;Vallonga
-406448;Comunidad Valenciana;Alicante;Elche / Elx;Vallongas
-406454;Principado de Asturias;Principado de Asturias;Parres;Vallovil
-406456;Cataluña;Barcelona;Vallromanes;Vallromanes
-406457;Cataluña;Tarragona;Valls;Valls
-406465;Cataluña;Lérida;Ivars d'Urgell;Vallvert
-406467;Cataluña;Tarragona;Sarral;Vallverd de Queralt
-406470;Castilla y León;Burgos;Valmala;Valmala
-406471;Cataluña;Barcelona;Tordera;Valmanyá
-406481;Cantabria;Cantabria;Vega de Liébana;Valmeo
-406483;Castilla-La Mancha;Toledo;Valmojado;Valmojado
-406489;Galicia;Pontevedra;Cerdedo-Cotobade;Valongo
-406490;Andalucía;Granada;Válor;Válor
-406492;Castilla y León;Palencia;Aguilar de Campoo;Valoria de Aguilar
-406494;Castilla y León;Valladolid;Valoria la Buena;Valoria la Buena
-406496;Castilla y León;Zamora;Mombuey;Valparaíso
-406505;Castilla y León;León;Vegacervera;Valporquero de Torío
-406515;Castilla y León;Segovia;Valseca;Valseca
-406522;Islas Canarias;Gran Canaria;Valsequillo de Gran Canaria;Valsequillo
-406533;Comunidad Foral de Navarra;Comunidad Foral de Navarra;Valtierra;Valtierra
-406536;Cantabria;Cantabria;Valdáliga; 
-406547;Castilla y León;León;Villafranca del Bierzo;Valtuille de Abajo
-406554;Islas Canarias;El Hierro;Valverde;Valverde
-406565;Comunidad Valenciana;Alicante;Elche / Elx;Valverde
-406571;Castilla-La Mancha;Cuenca;Valverde de Júcar;Valverde de Júcar
-406574;Extremadura;Cáceres;Valverde de la Vera;Valverde de la Vera
-406575;Castilla y León;León;Valverde de la Virgen;Valverde de la Virgen
-406576;Andalucía;Huelva;Valverde del Camino;Valverde del Camino
-406577;Extremadura;Badajoz;Valverde de Leganés;Valverde de Leganés
-406578;Extremadura;Cáceres;Valverde del Fresno;Valverde del Fresno
-406580;Castilla y León;Segovia;Valverde del Majano;Valverde del Majano
-406582;Castilla-La Mancha;Guadalajara;Valverde de los Arroyos;Valverde de los Arroyos
-406583;Extremadura;Badajoz;Valverde de Mérida;Valverde de Mérida
-406589;Castilla y León;Salamanca;Valverdón;Valverdón
-406592;Comunidad Valenciana;Valencia;Chulilla;Vanacloig
-406595;Cataluña;Tarragona;Vandellòs i l'Hospitalet de l'Infant;Vandellòs
-406597;Castilla y León;León;Magaz de Cepeda;Vanidodes
-406600;Cataluña;Lérida;Naut Aran;Baqueira Beret
-406611;Castilla-La Mancha;Cuenca;Vara de Rey;Vara de Rey
-406617;Cantabria;Cantabria;Castañeda;Vargas
-406624;Galicia;Pontevedra;Estrada, A;Vea
-406631;Castilla y León;Salamanca;Vecinos;Vecinos
-406634;Galicia;La Coruña;Vedra;Vedra
-406642;Cantabria;Cantabria;Villafufre;Vega
-406683;Castilla y León;León;Burón;Vegacerneja
-406684;Castilla y León;León;Vegacervera;Vegacervera
-406688;Castilla y León;León;Barrios de Luna, Los;Vega de Caballeros
-406689;Galicia;Orense;Barco de Valdeorras, O;Vegadecabo
-406691;Castilla y León;León;Vega de Espinareda;Vega de Espinareda
-406695;Principado de Asturias;Principado de Asturias;Cangas del Narcea;Vega de Hórreo
-406696;Castilla y León;León;Vega de Infanzones;Vega de Infanzones
-406703;Principado de Asturias;Principado de Asturias;Lena;Vega del Ciego
-406705;Galicia;Lugo;Fonsagrada, A;Vega de Logares
-406710;Castilla y León;León;Magaz de Cepeda;Vega de Magaz
-406714;Principado de Asturias;Principado de Asturias;Vegadeo;Vegadeo
-406716;Cantabria;Cantabria;Vega de Pas;Vega de Pas
-406719;Principado de Asturias;Principado de Asturias;Cangas del Narcea;Vega de Rengos
-406721;Islas Canarias;Fuerteventura;Betancuria;Vega de Río de Palmas
-406723;Islas Canarias;Gran Canaria;Vega de San Mateo;Vega de San Mateo
-406725;Castilla y León;Ávila;Vega de Santa María;Vega de Santa María
-406730;Castilla y León;Salamanca;Vega de Tirados;Vega de Tirados
-406732;Castilla y León;León;Vega de Valcarce;Vega de Valcarce
-406735;Castilla y León;León;Puente de Domingo Flórez;Vega de Yeres
-406742;Galicia;Orense;Barco de Valdeorras, O;Vegamolinos
-406747;Castilla y León;León;Vegaquemada;Vegaquemada
-406756;Extremadura;Cáceres;Nuñomoral;Vegas de Coria
-406759;Castilla y León;Segovia;Vegas de Matute;Vegas de Matute
-406760;Islas Canarias;Lanzarote;Tías;Vegas de Tegollo
-406765;Castilla y León;León;Villarejo de Órbigo;Veguellina de Órbigo
-406766;Cantabria;Cantabria;Soba;Veguilla
-406776;Aragón;Teruel;Veguillas de la Sierra;Veguillas de la Sierra
-406779;Cataluña;Gerona;Riudellots de la Selva;Vehinat de las Ferreríes
-406783;Cataluña;Gerona;Llagostera;Vehinat de Sant Llorenç
-406792;Principado de Asturias;Principado de Asturias;Somiedo;Veigas
-406794;Galicia;La Coruña;Sada;Veigue
-406798;Andalucía;Cádiz;Vejer de la Frontera;Vejer de la Frontera
-406805;Castilla y León;Soria;Velamazán;Velamazán
-406809;La Rioja;La Rioja;Herramélluri;Velasco
-406811;Castilla y León;Ávila;Velayos;Velayos
-406815;Andalucía;Almería;Velefique;Velefique
-406816;Andalucía;Granada;Guadix;Velerda
-406822;Andalucía;Almería;Vélez-Blanco;Vélez Blanco
-406823;Andalucía;Granada;Vélez de Benaudalla;Vélez de Benaudalla
-406825;Andalucía;Málaga;Vélez-Málaga;Vélez-Málaga
-406826;Andalucía;Almería;Vélez-Rubio;Vélez Rubio
-406827;Islas Canarias;La Palma;Santa Cruz de la Palma;Velhoco
-406828;Andalucía;Granada;Salobreña;Velilla
-406838;Castilla y León;Palencia;Velilla del Río Carrión;Velilla del Río Carrión
-406839;Castilla y León;Soria;Arcos de Jalón;Velilla de Medinaceli
-406840;Comunidad de Madrid;Comunidad de Madrid;Velilla de San Antonio;Velilla de San Antonio
-406850;Castilla y León;Valladolid;Velliza;Velliza
-406855;Galicia;Pontevedra;Caldas de Reis;Vemil
-406868;Cataluña;Tarragona;Vendrell, El;El Vendrell
-406899;Andalucía;Málaga;Alcaucín;Venta Baja
-406903;Castilla y León;Palencia;Venta de Baños;Venta de Baños
-406906;Andalucía;Granada;Otívar;Venta de Cazulas
-406918;Comunidad Valenciana;Valencia;Venta del Moro;Venta del Moro
-406925;Castilla-La Mancha;Albacete;Riópar;Venta de Mendoza
-406926;Andalucía;Granada;Orce;Venta de Micena
-406928;Cataluña;Gerona;Guils de Cerdanya;Ventajola
-406930;Cataluña;Gerona;Ventalló;Ventalló
-406940;Castilla-La Mancha;Toledo;Ventas con Peña Aguilera, Las;Ventas con Peña Aguilera
-406944;Comunidad Foral de Navarra;Comunidad Foral de Navarra;Pamplona / Iruña;Cordovilla
-406949;Andalucía;Jaén;Castillo de Locubín;Ventas del Carrizal
-406950;Comunidad Valenciana;Valencia;Chiva;Ventas de Poyo
-406952;Andalucía;Granada;Alhama de Granada;Ventas de Zafarraya
-406954;Andalucía;Jaén;Alcalá la Real;Venta Valero
-406965;Región de Murcia;Región de Murcia;San Javier;Islote del Ventorrillo
-406969;Castilla-La Mancha;Guadalajara;Corduente;Ventosa
-406970;La Rioja;La Rioja;Ventosa;Ventosa
-406984;Galicia;Orense;Ribadavia;Ventosela
-406985;Galicia;Pontevedra;Redondela;Ventosela
-406988;Castilla y León;Burgos;Gumiel de Mercado;Ventosilla
-406991;Principado de Asturias;Principado de Asturias;Santa Eulalia de Oscos;Ventoso
-406997;Comunidad de Madrid;Comunidad de Madrid;Venturada;Venturada
-407002;Andalucía;Almería;Vera;Vera
-407005;Comunidad Foral de Navarra;Comunidad Foral de Navarra;Bera;Vera de Bidasoa
-407006;Islas Canarias;Tenerife;Adeje;Vera de Erque
-407007;Aragón;Zaragoza;Vera de Moncayo;Vera de Moncayo
-407028;Castilla y León;Palencia;Cervera de Pisuerga;Verdeña
-407029;Principado de Asturias;Principado de Asturias;Cabranes;Verdera
-407032;Galicia;La Coruña;Coristanco;Verdes
-407034;Castilla y León;León;Crémenes;Verdiago
-407035;Principado de Asturias;Principado de Asturias;Gozón;Verdicio
-407037;Cataluña;Lérida;Verdú;Verdú
-407047;Islas Canarias;Gran Canaria;Santa María de Guía de Gran Canaria;Vergara
-407050;Comunidad Valenciana;Alicante;Poblets, els;El Verger
-407051;Cataluña;Gerona;Verges;Verges
-407054;Galicia;Orense;Verín;Verín
-407055;Principado de Asturias;Principado de Asturias;Gijón;Veriña
-407058;Cantabria;Cantabria;Cabezón de la Sal;Vernejo
-407063;Cataluña;Tarragona;Vespella de Gaià;Vespellà
-407068;Castilla y León;Zamora;Vezdemarbán;Vezdemarbán
-407072;Comunidad Foral de Navarra;Comunidad Foral de Navarra;Viana;Viana
-407074;Galicia;Lugo;Chantada;Viana
-407078;Castilla y León;Valladolid;Viana de Cega;Viana de Cega
-407081;Galicia;Orense;Viana do Bolo;Viana do Bolo
-407083;Extremadura;Cáceres;Viandar de la Vera;Viandar de la Vera
-407084;Castilla-La Mancha;Albacete;Vianos;Vianos
-407089;Galicia;Pontevedra;Cerdedo-Cotobade;Viascón
-407090;Andalucía;Almería;Viator;Viator
-407091;Principado de Asturias;Principado de Asturias;Franco, El;Viavélez
-407092;Principado de Asturias;Principado de Asturias;Llanes;Vibaño
-407093;Principado de Asturias;Principado de Asturias;Ponga;Viboli Alto
-407105;Andalucía;Almería;Vícar;Vícar
-407106;País Vasco;Vizcaya;Dima;Vicárregui
-407111;Cataluña;Barcelona;Vic;Vic
-407116;Castilla y León;Ávila;Ávila;Vicolozano
-407118;Castilla-La Mancha;Albacete;Elche de la Sierra; 
-407132;Comunidad Foral de Navarra;Comunidad Foral de Navarra;Vidángoz / Bidankoze;Vidángoz
-407135;Comunidad Foral de Navarra;Comunidad Foral de Navarra;Bidaurreta;Vidaurreta
-407143;Principado de Asturias;Principado de Asturias;Llanes;Vidiago
-407146;Cataluña;Gerona;Vidrà;Vidrà
-407147;Cataluña;Gerona;Vidreres;Vidreres
-407149;Castilla y León;Palencia;Triollo;Vidrieros
-407157;Galicia;La Coruña;Ames;Viduido
-407164;Galicia;Lugo;Viveiro;Viveiro
-407165;Galicia;Lugo;Quiroga;Vieiros
-407187;Cataluña;Lérida;Vielha e Mijaran;Vielha
-407188;Principado de Asturias;Principado de Asturias;Siero;Viella
-407201;Aragón;Zaragoza;Vierlas;Vierlas
-407202;Cantabria;Cantabria;Torrelavega;Viérnoles
-407211;Principado de Asturias;Principado de Asturias;Siero;Vigil
-407214;Galicia;Pontevedra;Vigo;Vigo
-407222;La Rioja;La Rioja;Viguera;Viguera
-407237;Cataluña;Tarragona;Vilabella;Vilabella
-407238;Cataluña;Gerona;Vilabertran;Vilabertran
-407241;Galicia;Pontevedra;Vilaboa;Vilaboa
-407244;Cataluña;Lérida;Vielha e Mijaran;Vilach
-407246;Galicia;Lugo;Paradela;Vilachá
-407252;Galicia;Pontevedra;Neves, As;Vilacoba
-407254;Cataluña;Gerona;Torroella de Fluvià;Vilacolum
-407257;Cataluña;Barcelona;Vilada;Vilada
-407258;Cataluña;Barcelona;Viladecavalls;Viladecavalls
-407259;Cataluña;Barcelona;Viladecans;Viladecans
-407260;Cataluña;Gerona;Viladamat;Viladamat
-407262;Cataluña;Gerona;Vilademuls;Vilademuls
-407263;Cataluña;Gerona;Viladasens;Viladeséns
-407266;Cataluña;Barcelona;Sagàs;Viladormíu Vella
-407271;Cataluña;Gerona;Viladrau;Viladrau
-407272;Cataluña;Gerona;Vilafant;Vilafant
-407273;Islas Canarias;Tenerife;Vilaflor de Chasna;Vilaflor
-407274;Cataluña;Lérida;Tàrrega;Vilagrassa
-407278;Cataluña;Gerona;Vilajuïga;Vilajuïga
-407282;Cataluña;Lérida;Vilaller;Vilaller
-407284;Cataluña;Gerona;Vilallonga de Ter;Vilallonga de Ter
-407285;Cataluña;Gerona;Puigcerdà;Vilallovent
-407286;Cataluña;Gerona;Vilamacolum;Vilamacolum
-407287;Cataluña;Gerona;Vilamalla;Vilamalla
-407288;Cataluña;Gerona;Vilamaniscle;Vilamaniscle
-407292;Cataluña;Lérida;Tremp;Vilamitjana
-407295;Cataluña;Lérida;Vilamòs;Vilamòs
-407296;Cataluña;Gerona;Vilanant;Vilanant
-407297;Cataluña;Gerona;Bescanó;Vilanna
-407301;Galicia;Orense;Celanova;Vilanova
-407307;Cataluña;Lérida;Vilanova de Bellpuig;Vilanova de Bellpuig
-407308;Cataluña;Tarragona;Vilanova d'Escornalbou;Vilanova d'Escornalbou
-407309;Cataluña;Lérida;Vilanova de l'Aguda;Vilanova de l'Aguda
-407310;Cataluña;Gerona;Peralada;Vilanova de la Muga
-407311;Cataluña;Barcelona;Vilanova del Vallès;Vilanova del Vallès
-407312;Cataluña;Barcelona;Vilanova del Camí;Vilanova del Camí
-407313;Cataluña;Lérida;Vilanova de Meià;Vilanova de Meià
-407314;Cataluña;Tarragona;Vilanova de Prades;Vilanova de Prades
-407315;Cataluña;Barcelona;Vilanova de Sau;Vilanova de Sau
-407320;Cataluña;Tarragona;Vilaplana;Vilaplana
-407328;Galicia;Lugo;Triacastela;Vilar
-407330;Galicia;La Coruña;Touro;Vilar
-407331;Galicia;La Coruña;Carnota;Vilar
-407338;Galicia;La Coruña;Cee;Vilar
-407343;Galicia;Lugo;Pontenova, A;Vilar
-407346;Galicia;Lugo;Fonsagrada, A;Vilarchao
-407349;Galicia;La Coruña;Oroso;Vilar de Abajo
-407362;Cataluña;Tarragona;Montferri;Vilardida
-407375;Galicia;Pontevedra;Cañiza, A;Vilariño
-407376;Galicia;Pontevedra;Cangas;Vilariño
-407379;Galicia;La Coruña;Mazaricos;Vilariño
-407381;Galicia;La Coruña;Oza-Cesuras;Vilariño
-407382;Galicia;La Coruña;Muxía;Vilariño
-407385;Cataluña;Gerona;Masarac;Vilarnadal
-407388;Cataluña;Tarragona;Vila-rodona;Vilarrodona
-407390;Cataluña;Gerona;Vila-sacra;Vila-sacra
-407394;Cataluña;Tarragona;Vila-seca;Vila-seca
-407399;Cataluña;Gerona;Figueres;Vilatenim
-407404;Cataluña;Tarragona;Montblanc;Vilaverd
-407405;Andalucía;Jaén;Vilches;Vilches
-407407;Principado de Asturias;Principado de Asturias;Ribadedeva;Vilde
-407415;Galicia;Lugo;Taboada;Vilela
-407419;Galicia;La Coruña;Muxía;Vilela
-407421;Galicia;La Coruña;Carballo;Vilela
-407423;Cataluña;Tarragona;Vilella Alta, La;Vilella Alta
-407425;Galicia;Lugo;Saviñao, O;Vilelos
-407428;Cataluña;Lérida;Lles de Cerdanya;Viliella
-407430;Principado de Asturias;Principado de Asturias;Llanes;Villa
-407431;Principado de Asturias;Principado de Asturias;Cangas de Onís;Villa
-407440;Comunidad Foral de Navarra;Comunidad Foral de Navarra;Huarte / Uharte;Villava
-407441;Principado de Asturias;Principado de Asturias;Piloña;Villabajo
-407442;Castilla y León;León;San Andrés del Rabanedo;Villabalter
-407444;Castilla y León;Valladolid;Villabáñez;Villabáñez
-407445;Cantabria;Cantabria;Puente Viesgo;Villabáñez
-407449;Castilla y León;Burgos;Valle de Losa;Villabasil
-407450;País Vasco;Vizcaya;Maruri-Jatabe;Villabaso
-407455;Andalucía;Huelva;Villablanca;Villablanca
-407456;Castilla y León;León;Villablino;Villablino
-407462;País Vasco;Guipúzcoa;Villabona;Villabona
-407468;Castilla y León;Zamora;Villabrázaro;Villabrázaro
-407473;País Vasco;Álava;Villabuena de Álava / Eskuernaga;Villabuena de Álava
-407476;Galicia;Lugo;Saviñao, O;Villacaiz
-407480;Castilla-La Mancha;Toledo;Villacañas;Villacañas
-407483;Islas Baleares;Menorca;Maó-Mahón;Villacarlos
-407485;Cantabria;Cantabria;Villacarriedo;Villacarriedo
-407486;Andalucía;Jaén;Villacarrillo;Villacarrillo
-407487;Castilla y León;Segovia;Villacastín;Villacastín
-407491;Castilla y León;León;Villanueva de las Manzanas;Villacelama
-407510;Castilla y León;Burgos;Villarcayo de Merindad de Castilla la Vieja;Villacomparada de Rueda
-407512;Principado de Asturias;Principado de Asturias;Coaña;Villacondide
-407514;Castilla-La Mancha;Cuenca;Villaconejos de Trabaque;Villaconejos de Trabaque
-407516;Castilla y León;Segovia;Riaza;Villacorta
-407520;Castilla-La Mancha;Guadalajara;Sigüenza;Villacorza
-407525;Galicia;Lugo;Barreiros;Villadaíde
-407526;Castilla y León;León;Villadangos del Páramo;Villadangos del Páramo
-407528;Castilla y León;León;Toral de los Vados;Villadecanes
-407530;Castilla-La Mancha;Toledo;Villa de Don Fadrique, La;La Villa de Don Fadrique
-407533;Comunidad de Madrid;Comunidad de Madrid;Villa del Prado;Villa del Prado
-407534;Extremadura;Cáceres;Villa del Rey;Villa del Rey
-407535;Andalucía;Córdoba;Villa del Río;Villa del Río
-407536;Principado de Asturias;Principado de Asturias;Cudillero;Villademar
-407539;Principado de Asturias;Principado de Asturias;Valdés;Villademoros
-407540;Castilla y León;León;Carracedelo;Villadepalos
-407548;Galicia;Pontevedra;Oia;Villadesuso
-407550;Castilla y León;Burgos;Villadiego;Villadiego
-407556;Principado de Asturias;Principado de Asturias;Castropol;Villadún
-407565;Castilla-La Mancha;Cuenca;Villaescusa de Haro;Villaescusa de Haro
-407566;Castilla y León;Palencia;Pomar de Valdivia;Villaescusa de las Torres
-407579;Galicia;Lugo;Burela;Villaestrofe
-407582;Comunidad Valenciana;Castellón;Vilafamés;Villafamés
-407583;Castilla y León;León;Villasabariego;Villafañé
-407584;Castilla y León;León;Balboa;Villafeile
-407585;Aragón;Zaragoza;Villafeliche;Villafeliche
-407586;Castilla y León;León;San Emiliano;Villafeliz
-407598;Galicia;Lugo;Trabada;Villaformán
-407601;Galicia;Lugo;Ribadeo;Villaframil
-407603;Comunidad Foral de Navarra;Comunidad Foral de Navarra;Villafranca;Villafranca
-407606;Islas Baleares;Mallorca;Vilafranca de Bonany;Vilafranca de Bonany
-407607;Andalucía;Córdoba;Villafranca de Córdoba;Villafranca de Córdoba
-407609;Aragón;Zaragoza;Villafranca de Ebro;Villafranca de Ebro
-407610;Castilla y León;Ávila;Villafranca de la Sierra;Villafranca de la Sierra
-407611;Castilla y León;León;Villafranca del Bierzo;Villafranca del Bierzo
-407613;Comunidad Valenciana;Castellón;Villafranca del Cid / Vilafranca;Villafranca del Cid
-407614;Extremadura;Badajoz;Villafranca de los Barros;Villafranca de los Barros
-407615;Castilla-La Mancha;Toledo;Villafranca de los Caballeros;Villafranca de los Caballeros
-407616;Cataluña;Barcelona;Vilafranca del Penedès;Vilafranca del Penedès
-407617;País Vasco;Guipúzcoa;Ordizia;Villafranca de Ordizia
-407618;Castilla y León;Burgos;Villafranca Montes de Oca;Villafranca Montes de Oca
-407625;Castilla y León;Burgos;Burgos;Villafría de Burgos
-407630;Castilla y León;Palencia;Saldaña;Villafruel
-407637;Cantabria;Cantabria;Villafufre;Villafufre
-407639;Castilla y León;León;Valdevimbre;Villagallegos
-407643;Galicia;Pontevedra;Vilagarcía de Arousa;Vilagarcía de Arousa
-407647;Castilla-La Mancha;Cuenca;Villagarcía del Llano;Villagarcía del Llano
-407648;Castilla y León;León;Villagatón;Villagatón
-407649;Castilla y León;León;Villablino;Villager de Laciana
-407654;Extremadura;Badajoz;Villagonzalo;Villagonzalo
-407657;Castilla y León;Burgos;Villagonzalo Pedernales;Villagonzalo Pedernales
-407658;Castilla-La Mancha;Albacete;Villalgordo del Júcar;Villalgordo del Júcar
-407665;Andalucía;Córdoba;Villaharta;Villaharta
-407666;Castilla-La Mancha;Ciudad Real;Villahermosa;Villahermosa
-407668;Aragón;Teruel;Villahermosa del Campo;Villahermosa del Campo
-407669;Comunidad Valenciana;Castellón;Villahermosa del Río;Villahermosa del Río
-407671;Castilla y León;Palencia;Villaherreros;Villaherreros
-407675;Principado de Asturias;Principado de Asturias;Llanes;Villahormes
-407676;Castilla y León;Burgos;Villahoz;Villahoz
-407684;Comunidad Valenciana;Alicante;Villajoyosa / Vila Joiosa, la;Villajoyosa
-407685;Galicia;Pontevedra;Vilagarcía de Arousa;Villajuán
-407695;Aragón;Huesca;Peñas de Riglos, Las;Villalangua
-407701;Castilla y León;Soria;Coscurita;Villalba
-407703;Galicia;Lugo;Vilalba;Vilalba
-407706;Aragón;Teruel;Teruel;Villalba Baja
-407707;Castilla y León;Valladolid;Matapozuelos;Villalba de Adaja
-407711;Andalucía;Huelva;Villalba del Alcor;Villalba del Alcor
-407713;Castilla-La Mancha;Cuenca;Villalba de la Sierra;Villalba de la Sierra
-407717;Extremadura;Badajoz;Fuente del Maestre;Villalba de los Barros
-407722;La Rioja;La Rioja;Villalba de Rioja;Villalba de Rioja
-407724;Cataluña;Barcelona;Llinars del Vallès;Villalba Saserra
-407726;Comunidad de Madrid;Comunidad de Madrid;Villalbilla;Villalbilla
-407727;Castilla y León;Burgos;Villalbilla de Burgos;Villalbilla de Burgos
-407733;Castilla y León;Zamora;Villalcampo;Villalcampo
-407734;Castilla y León;Palencia;Villalcázar de Sirga;Villalcázar de Sirga
-407751;Castilla y León;Burgos;Villalmanzo;Villalmanzo
-407753;Castilla y León;Burgos;Valle de Oca;Villalmóndar
-407755;Castilla y León;León;Ardón;Villalobar
-407756;La Rioja;La Rioja;Villalobar de Rioja;Villalobar de Rioja
-407761;Andalucía;Córdoba;Fuente Palmera;Villalón
-407762;Castilla y León;Valladolid;Villalón de Campos;Villalón de Campos
-407763;Comunidad Valenciana;Valencia;Vilallonga / Villalonga;Vilallonga (Villalonga)
-407764;Galicia;Pontevedra;Sanxenxo;Villalonga
-407766;Castilla y León;Burgos;Villalbilla de Burgos;Villalonquéjar
-407768;Castilla y León;Zamora;Villalpando;Villalpando
-407774;Castilla-La Mancha;Toledo;Villaluenga de la Sagra;Villaluenga
-407776;Castilla y León;Palencia;Villaluenga de la Vega;Villaluenga de la Vega
-407777;Andalucía;Cádiz;Villaluenga del Rosario;Villaluenga del Rosario
-407788;Castilla-La Mancha;Albacete;Villamalea;Villamalea
-407789;Comunidad Valenciana;Castellón;Villamalur;Villamalur
-407791;Castilla y León;León;Villamañán;Villamañán
-407795;Castilla y León;León;Villamanín;Villamanín
-407796;Castilla-La Mancha;Ciudad Real;Villamanrique;Villamanrique
-407797;Andalucía;Sevilla;Villamanrique de la Condesa;Villamanrique de la Condesa
-407802;Principado de Asturias;Principado de Asturias;Oviedo;Villamar
-407804;Principado de Asturias;Principado de Asturias;Quirós;Villamarcel
-407805;Comunidad Valenciana;Valencia;Vilamarxant;Vilamarxant
-407806;Castilla y León;Valladolid;Tordesillas;Villamarciel
-407809;Galicia;Orense;Vilamarín;Villamarín
-407813;Andalucía;Cádiz;Villamartín;Villamartín
-407814;Galicia;Orense;Vilamartín de Valdeorras;Villamartín
-407815;Castilla y León;León;Carracedelo;Villamartín de la Abadía
-407820;Castilla y León;Burgos;Merindad de Sotoscueva;Villamartín de Sotoscueva
-407825;Galicia;La Coruña;Vilarmaior;Villamateo
-407827;Castilla y León;Salamanca;Villamayor;Villamayor
-407828;Galicia;Orense;Castro Caldelas;Villamayor
-407837;Principado de Asturias;Principado de Asturias;Piloña;Villamayor
-407839;Castilla-La Mancha;Ciudad Real;Villamayor de Calatrava;Villamayor de Calatrava
-407844;Castilla y León;Burgos;Fresneña;Villamayor del Río
-407845;Comunidad Foral de Navarra;Comunidad Foral de Navarra;Villamayor de Monjardín;Villamayor de Monjardín
-407849;Castilla y León;Burgos;Villambistia;Villambistia
-407852;Galicia;Lugo;Guntín;Villameá
-407859;La Rioja;La Rioja;Villamediana de Iregua;Villamediana de Iregua
-407865;Principado de Asturias;Principado de Asturias;Vegadeo;Villameitide
-407867;Castilla y León;León;Villamejil;Villamejil
-407874;Extremadura;Cáceres;Villamiel;Villamiel
-407877;Castilla-La Mancha;Toledo;Villamiel de Toledo;Villamiel de Toledo
-407878;Principado de Asturias;Principado de Asturias;Tapia de Casariego;Villamil
-407879;Castilla-La Mancha;Toledo;Villaminaya;Villaminaya
-407884;Cantabria;Cantabria;Valderredible;Villamoñico
-407895;Castilla y León;Zamora;Bermillo de Sayago;Nava de Béjar
-407896;Castilla y León;Zamora;Villamor de los Escuderos;Villamor de los Escuderos
-407897;Castilla y León;León;Santa Marina del Rey;Villamor de Órbigo
-407899;Principado de Asturias;Principado de Asturias;Sobrescobio;Villamorey
-407913;Castilla y León;Palencia;Villamuriel de Cerrato;Villamuriel de Cerrato
-407914;País Vasco;Álava;Valdegovía / Gaubea;Villanañe
-407916;Castilla y León;Burgos;Valle de Oca;Villanasur-Río de Oca
-407933;Aragón;Huesca;Villanúa;Villanúa
-407934;Castilla y León;Valladolid;Villanubla;Villanubla
-407936;Galicia;Orense;Allariz;Villanueva
-407943;Comunidad Foral de Navarra;Comunidad Foral de Navarra;Valle de Yerri / Deierri;Villanueva
-407950;Cantabria;Cantabria;Valle de Villaverde;Valle De Villaverde
-407952;Galicia;La Coruña;Malpica de Bergantiños;Villanueva
-407956;Cantabria;Cantabria;Villaescusa;Villanueva
-407957;Principado de Asturias;Principado de Asturias;Ribadedeva;Villanueva
-407958;Principado de Asturias;Principado de Asturias;Cangas de Onís;Villanueva de Cangas de Onís
-407959;Principado de Asturias;Principado de Asturias;Llanes;Villanueva de Pría
-407960;Galicia;La Coruña;Miño;Villanueva
-407962;Principado de Asturias;Principado de Asturias;Siero;Villanueva
-407964;Principado de Asturias;Principado de Asturias;Gozón;Villanueva
-407966;Galicia;Lugo;Lourenzá;Villanueva
-407967;Principado de Asturias;Principado de Asturias;Valdés;Villanueva de Valdes
-407972;Comunidad Foral de Navarra;Comunidad Foral de Navarra;Hiriberri / Villanueva de Aezkoa;Villanueva de Aézcoa
-407974;Comunidad Valenciana;Castellón;Vilanova d'Alcolea;Villanueva de Alcolea
-407976;Andalucía;Málaga;Villanueva de Algaidas;Villanueva de Algaidas
-407978;Castilla y León;Burgos;Villanueva de Argaño;Villanueva de Argaño
-407980;Galicia;Pontevedra;Vilanova de Arousa;Vilanova de Arousa
-407981;Castilla y León;Palencia;Santibáñez de la Peña;Villanueva de Arriba
-407984;La Rioja;La Rioja;Villanueva de Cameros;Villanueva de Cameros
-407985;Castilla y León;Zamora;Villanueva de Campeán;Villanueva de Campeán
-407986;Castilla y León;Salamanca;Topas;Villanueva de Cañedo
-407988;Castilla y León;Burgos;Villanueva de Carazo;Villanueva de Carazo
-407989;Castilla y León;León;Carrizo;Villanueva de Carrizo
-407990;Comunidad Valenciana;Valencia;Villanueva de Castellón;Villanueva de Castellón
-407992;Andalucía;Córdoba;Villanueva de Córdoba;Villanueva de Córdoba
-407993;Castilla y León;Valladolid;Villanueva de Duero;Villanueva de Duero
-407994;Aragón;Zaragoza;Villanueva de Gállego;Villanueva de Gállego
-407995;Castilla y León;Ávila;Villanueva de Gómez;Villanueva de Gómez
-407998;Castilla y León;Burgos;Villanueva de Gumiel;Villanueva de Gumiel
-408004;Comunidad de Madrid;Comunidad de Madrid;Villanueva de la Cañada;Villanueva de la Cañada
-408006;Andalucía;Málaga;Villanueva de la Concepción;Villanueva de la Concepción
-408007;Castilla y León;Valladolid;Villanueva de la Condesa;Villanueva de la Condesa
-408008;Castilla-La Mancha;Ciudad Real;Villanueva de la Fuente;Villanueva de la Fuente
-408011;Cantabria;Cantabria;Valderredible;Villanueva de la Nía
-408013;Cantabria;Cantabria;Mazcuerras;Villanueva de la Peña
-408016;Andalucía;Sevilla;Espartinas;Villanueva del Ariscal
-408017;Andalucía;Jaén;Villanueva del Arzobispo;Villanueva del Arzobispo
-408018;Cataluña;Lérida;Avellanes i Santa Linya, Les;Villanova de la Sal
-408021;Extremadura;Badajoz;Villanueva de la Serena;Villanueva de la Serena
-408024;Castilla y León;León;Villanueva de las Manzanas;Villanueva de las Manzanas
-408026;Andalucía;Granada;Villanueva de las Torres;Villanueva de las Torres
-408030;Extremadura;Cáceres;Villanueva de la Vera;Villanueva de la Vera
-408031;Castilla y León;Ávila;Villanueva del Campillo;Villanueva del Campillo
-408035;Castilla y León;Salamanca;Villanueva del Conde;Villanueva del Conde
-408036;Andalucía;Córdoba;Villanueva del Duque;Villanueva del Duque
-408037;Extremadura;Badajoz;Villanueva del Fresno;Villanueva del Fresno
-408041;Comunidad Foral de Navarra;Comunidad Foral de Navarra;Lónguida / Longida;Villanueva de Lónguida
-408042;Castilla y León;Valladolid;Villanueva de los Caballeros;Villanueva de los Caballeros
-408043;Andalucía;Huelva;Villanueva de los Castillejos;Villanueva de los Castillejos
-408048;Castilla y León;Palencia;Villaturde;Villanueva de los Nabos
-408050;Comunidad de Madrid;Comunidad de Madrid;Villanueva del Pardillo;Villanueva del Pardillo
-408054;Aragón;Teruel;Villanueva del Rebollar de la Sierra;Villanueva del Rebollar de la Sierra
-408055;Andalucía;Sevilla;Écija;Villanueva del Rey Sevilla
-408056;Andalucía;Córdoba;Villanueva del Rey;Villanueva del Rey Córdoba
-408059;Andalucía;Sevilla;Villanueva del Río y Minas;Villanueva del Río y Minas
-408060;Andalucía;Málaga;Villanueva del Rosario;Villanueva del Rosario
-408061;Andalucía;Málaga;Villanueva del Trabuco;Villanueva del Trabuco
-408062;Castilla y León;Burgos;Valle de Mena;Villanueva de Mena
-408063;Andalucía;Granada;Villanueva Mesía;Villanueva de Mesía
-408066;Principado de Asturias;Principado de Asturias;Villanueva de Oscos;Villanueva de Oscos
-408071;Región de Murcia;Región de Murcia;Villanueva del Río Segura;Villanueva de Río Segura
-408074;Andalucía;Sevilla;Villanueva de San Juan;Villanueva de San Juan
-408075;Castilla y León;Valladolid;Villanueva de San Mancio;Villanueva de San Mancio
-408078;Andalucía;Málaga;Villanueva de Tapia;Villanueva de Tapia
-408081;Castilla y León;León;Ponferrada;Villanueva de Valdueza
-408082;Castilla y León;Zamora;Ferreras de Arriba;Villanueva de Valrojo
-408083;Comunidad Valenciana;Castellón;Caudiel;Vilanova de la Reina (Villanueva de Viver)
-408086;Castilla y León;Burgos;Villarcayo de Merindad de Castilla la Vieja;Villanueva la Lastra
-408087;Castilla y León;Burgos;Arcos;Villanueva-Matamala
-408091;Cataluña;Barcelona;Vilanova i la Geltrú;Vilanova i la Geltrú
-408105;Galicia;Lugo;Pontenova, A;Villaouruz
-408116;Principado de Asturias;Principado de Asturias;Navia;Villapedre
-408124;Cantabria;Cantabria;Reocín;Villapresente
-408125;Castilla y León;Palencia;Villaprovedo;Villaprovedo
-408134;Andalucía;Córdoba;Fuente Palmera;Villar
-408143;Cantabria;Cantabria;Hermandad de Campoo de Suso;Villar
-408149;Cantabria;Cantabria;Soba;Villar
-408155;Principado de Asturias;Principado de Asturias;Parres;Villar
-408156;Principado de Asturias;Principado de Asturias;Sariego;Villar
-408160;Principado de Asturias;Principado de Asturias;Villaviciosa;Villar
-408166;Principado de Asturias;Principado de Asturias;Villaviciosa;Villar
-408181;Castilla y León;Zamora;Villaralbo;Villaralbo
-408184;Castilla y León;Burgos;Medina de Pomar;Villarán
-408191;Castilla y León;Burgos;Villarcayo de Merindad de Castilla la Vieja;Villarcayo
-408198;Galicia;Orense;Vilar de Barrio;Villar de Barrio
-408202;Castilla-La Mancha;Cuenca;Villar de Cañas;Villar de Cañas
-408203;Comunidad Valenciana;Castellón;Vilar de Canes;Vilar de Canes
-408208;Galicia;Orense;Nogueira de Ramuín;Villar de Cerreda
-408209;Castilla-La Mancha;Albacete;Chinchilla de Monte-Aragón; 
-408210;Castilla y León;Salamanca;Villar de Ciervo;Villar de Ciervo
-408212;Castilla y León;Zamora;Villardeciervos;Villardeciervos
-408216;Castilla y León;Ávila;Horcajada, La;Villar de Corneja
-408224;Castilla y León;Valladolid;Villardefrades;Villardefrades
-408230;Principado de Asturias;Principado de Asturias;Parres;Villar de Huergo
-408236;Comunidad Valenciana;Valencia;Villar del Arzobispo;Villar del Arzobispo
-408237;Castilla y León;León;Toreno;Villar de las Traviesas
-408243;Castilla-La Mancha;Cuenca;Villar del Humo;Villar del Humo
-408252;Extremadura;Cáceres;Villar del Pedroso;Villar del Pedroso
-408258;Castilla y León;Soria;Villar del Río;Villar del Río
-408270;Castilla-La Mancha;Cuenca;Villar de Olalla;Villar de Olalla
-408273;Galicia;Orense;Esgos;Villar de Ordelles
-408275;Castilla y León;León;Fabero;Villar de Otero
-408277;Extremadura;Cáceres;Villar de Plasencia;Villar de Plasencia
-408286;Galicia;Orense;Vilar de Santos;Vilar de Santos
-408289;Galicia;Orense;Rubiá;Villar de Silva
-408290;Castilla y León;Segovia;Sepúlveda;Villar de Sobrepeña
-408292;La Rioja;La Rioja;Villar de Torre;Villar de Torre
-408294;Castilla-La Mancha;Albacete;Villa de Ves;Villar de Ves
-408296;Principado de Asturias;Principado de Asturias;Somiedo;Villar de Vildas
-408300;Galicia;Lugo;Fonsagrada, A;Villardíaz
-408301;Castilla y León;Zamora;Villardiegua de la Ribera;Villardiegua de la Ribera
-408308;Comunidad Valenciana;Castellón;Vila-real;Villareal
-408313;Castilla y León;Ávila;San Juan del Molinillo;Villarejo
-408316;La Rioja;La Rioja;Villarejo;Villarejo
-408324;Castilla y León;Ávila;San Esteban del Valle;Villarejo del Valle
-408328;Comunidad de Madrid;Comunidad de Madrid;Villarejo de Salvanés;Villarejo de Salvanés
-408334;Castilla y León;León;Villasabariego;Villarente
-408343;Castilla-La Mancha;Guadalajara;Villares de Jadraque;Villares de Jadraque
-408344;Castilla y León;Salamanca;Villares de la Reina;Villares de la Reina
-408346;Castilla y León;León;Villares de Órbigo;Villares de Órbigo
-408348;Galicia;Lugo;Trabada;Villarfernando
-408354;Comunidad Valenciana;Valencia;Villargordo del Cabriel;Villargordo del Cabriel
-408360;Andalucía;Almería;Cuevas del Almanzora;Villaricos
-408366;Galicia;Lugo;Becerreá;Villarín
-408374;Principado de Asturias;Principado de Asturias;Salas;Villarín
-408380;Galicia;Orense;Pereiro de Aguiar, O;Villariño
-408386;Galicia;Orense;Vilariño de Conso;Villarino de Conso
-408388;Castilla y León;Salamanca;Villarino de los Aires;Villarino de los Aires
-408390;Castilla y León;Zamora;Robleda-Cervantes;Villarino de Sanabria
-408391;Galicia;Orense;Montederramo;Villarino Frío
-408397;Aragón;Teruel;Villarluengo;Villarluengo
-408400;Principado de Asturias;Principado de Asturias;Pesoz;Villarmayor
-408401;Galicia;La Coruña;Vilarmaior;Villarmayor
-408408;Castilla y León;Palencia;Villarmentero de Campos;Villarmentero de Campos
-408416;Principado de Asturias;Principado de Asturias;Oviedo;Villarmil
-408431;Aragón;Teruel;Villarquemado;Villarquemado
-408432;Principado de Asturias;Principado de Asturias;San Martín de Oscos;Villarquille
-408436;Castilla y León;Palencia;Villarramiel;Villarramiel
-408438;Andalucía;Huelva;Villarrasa;Villarrasa
-408439;Castilla y León;Soria;Magaña;Villarraso
-408445;Extremadura;Cáceres;Serradilla;Villarreal de San Carlos
-408453;Castilla-La Mancha;Albacete;Villarrobledo;Villarrobledo
-408462;La Rioja;La Rioja;Villarroya;Villarroya
-408463;Aragón;Zaragoza;Villarroya de la Sierra;Villarroya de la Sierra
-408465;Aragón;Teruel;Villarroya de los Pinares;Villarroya de los Pinares
-408466;Galicia;La Coruña;Valdoviño;Villarube
-408467;Andalucía;Córdoba;Córdoba;Villarrubia
-408468;Castilla-La Mancha;Ciudad Real;Villarrubia de los Ojos;Villarrubia de los Ojos
-408469;Castilla-La Mancha;Toledo;Villarrubia de Santiago;Villarrubia de Santiago
-408472;Castilla-La Mancha;Cuenca;Villarrubio;Villarrubio
-408474;Castilla-La Mancha;Cuenca;Villarta;Villarta
-408479;Castilla-La Mancha;Ciudad Real;Villarta de San Juan;Villarta de San Juan
-408480;La Rioja;La Rioja;Villarta-Quintana;Villarta-Quintana
-408486;Castilla y León;Burgos;Valle de Mena;Villasana de Mena
-408488;Galicia;Lugo;Saviñao, O;Villasante
-408490;Galicia;Lugo;Páramo, O;Villasante
-408495;Extremadura;Cáceres;Villasbuenas de Gata;Villasbuenas de Gata
-408505;Castilla y León;León;Villablino;Villaseca de Laciana
-408506;Castilla-La Mancha;Toledo;Villaseca de la Sagra;Villaseca de la Sagra
-408519;Principado de Asturias;Principado de Asturias;Castropol;Villaselán
-408521;Cantabria;Cantabria;Santiurde de Toranzo;Villasevil
-408522;Castilla y León;Valladolid;Villasexmir;Villasexmir
-408535;Galicia;Lugo;Incio, O;Villasoto
-408537;Aragón;Teruel;Teruel;Villaspesa
-408540;Aragón;Teruel;Villastar;Villastar
-408542;Galicia;La Coruña;Muxía;Villastose
-408545;Castilla y León;Burgos;Villasur de Herreros;Villasur de Herreros
-408548;Cantabria;Cantabria;Cieza;Villasuso
-408549;Cantabria;Cantabria;Cieza;Villasuso de Cieza
-408558;Castilla y León;Ávila;Villatoro;Villatoro
-408561;Castilla-La Mancha;Albacete;Villatoya;Villatoya
-408564;Comunidad Foral de Navarra;Comunidad Foral de Navarra;Villatuerta;Villatuerta
-408565;Galicia;Pontevedra;Lalín;Villatuge
-408567;Castilla y León;León;Villaturiel;Villaturiel
-408568;Galicia;Lugo;Chantada;Villauje
-408575;Castilla-La Mancha;Albacete;Villavaliente;Villavaliente
-408593;Islas Canarias;Fuerteventura;Oliva, La;Villaverde
-408595;Comunidad de Madrid;Comunidad de Madrid;Madrid;Villaverde
-408596;País Vasco;Álava;Lagrán;Villaverde
-408598;Galicia;Lugo;Navia de Suarna;Villaverde
-408606;Principado de Asturias;Principado de Asturias;Villaviciosa;Villaverde
-408609;Castilla y León;León;Garrafe de Torío;Villaverde de Arriba
-408610;Castilla-La Mancha;Albacete;Villaverde de Guadalimar;Villaverde de Guadalimar
-408613;Castilla y León;León;Carracedelo;Villaverde de la Abadía
-408621;Andalucía;Sevilla;Villaverde del Río;Villaverde del Río
-408624;Cantabria;Cantabria;Ribamontán al Monte;Villaverde de Pontones
-408625;La Rioja;La Rioja;Villaverde de Rioja;Villaverde de Rioja
-408629;Castilla y León;Burgos;Merindad de Río Ubierna;Villaverde-Peñahorada
-408633;Comunidad Foral de Navarra;Comunidad Foral de Navarra;Lónguida / Longida;Villaveta
-408634;Castilla y León;Zamora;Villaveza del Agua;Villaveza del Agua
-408638;Castilla y León;Ávila;Solosancho;Villaviciosa
-408639;Principado de Asturias;Principado de Asturias;Villaviciosa;Villaviciosa
-408642;Andalucía;Córdoba;Villaviciosa de Córdoba;Villaviciosa de Córdoba
-408643;Castilla y León;León;Omañas, Las;Villaviciosa de la Ribera
-408644;Comunidad de Madrid;Comunidad de Madrid;Villaviciosa de Odón;Villaviciosa de Odón
-408646;Castilla-La Mancha;Guadalajara;Brihuega;Villaviciosa de Tajuña
-408649;Galicia;Orense;Mezquita, A;Vilavella
-408652;Comunidad de Madrid;Comunidad de Madrid;Villavieja del Lozoya;Villavieja del Lozoya
-408659;Principado de Asturias;Principado de Asturias;Villayón;Villayón
-408661;Cantabria;Cantabria;Cieza;Villayuso
-408663;Galicia;Orense;Monterrei;Villaza
-408669;Cantabria;Cantabria;Corvera de Toranzo;Villegar
-408675;Aragón;Teruel;Villel;Villel
-408680;Comunidad Valenciana;Alicante;Villena;Villena
-408685;Galicia;La Coruña;Santiago de Compostela;Villestro
-408688;Castilla y León;Burgos;Burgos; 
-408700;Comunidad Valenciana;Castellón;Villores;Villores
-408701;Castilla y León;Salamanca;Villoria;Villoria
-408711;Castilla y León;Palencia;Villota del Páramo;Villosilla de la Vega
-408714;La Rioja;La Rioja;Villoslada de Cameros;Villoslada de Cameros
-408721;Castilla y León;Segovia;Escobar de Polendos;Villovela de Pirón
-408729;Cataluña;Gerona;Vilopriu;Vilopríu
-408731;Castilla y León;Valladolid;Viloria;Viloria
-408733;Comunidad Foral de Navarra;Comunidad Foral de Navarra;Lana;Viloria
-408738;Cataluña;Lérida;Vilosell, El;El Vilosell
-408745;Cataluña;Gerona;Vilobí d'Onyar;Vilobí d'Onyar
-408746;Castilla y León;Salamanca;Vilvestre;Vilvestre
-408747;Castilla y León;Soria;Royo, El;Vilviestre de los Nabos
-408748;Castilla y León;Burgos;Vilviestre del Pinar;Vilviestre del Pinar
-408751;Cataluña;Tarragona;Vimbodí i Poblet;Vimbodí
-408752;Castilla y León;Zamora;Palacios de Sanabria;Vime de Sanabria
-408754;Galicia;La Coruña;Vimianzo;Vimianzo
-408762;Región de Murcia;Región de Murcia;Mazarrón;Viña de Raja
-408765;Cataluña;Lérida;Vinaixa;Viñaixa
-408774;Comunidad Valenciana;Castellón;Vinaròs;Vinaròs
-408777;Galicia;La Coruña;Paderne;Viñas
-408782;País Vasco;Álava;Lanciego / Lantziego;Viñaspre
-408790;Cataluña;Tarragona;Vinebre;Vinebre
-408793;La Rioja;La Rioja;Viniegra de Abajo;Viniegra de Abajo
-408794;La Rioja;La Rioja;Viniegra de Arriba;Viniegra de Arriba
-408796;Galicia;Orense;Nogueira de Ramuín;Viñoás
-408797;Cataluña;Tarragona;Vinyols i els Arcs;Vinyols i els Arcs
-408798;Cantabria;Cantabria;Cillorigo de Liébana;Viñón
-408799;Principado de Asturias;Principado de Asturias;Cabranes;Viñón
-408800;Galicia;La Coruña;Santiso;Viñós
-408804;Andalucía;Málaga;Viñuela;La Viñuela
-408815;Castilla y León;Soria;Vinuesa;Vinuesa
-408817;Aragón;Huesca;Fanlo;Vío
-408819;Principado de Asturias;Principado de Asturias;Gozón;Viodo
-408822;Cantabria;Cantabria;Piélagos;Vioño
-408829;País Vasco;Álava;Arraia-Maeztu;Vírgala Mayor
-408836;Andalucía;Jaén;Andújar;Virgen de la Cabeza
-408844;Galicia;La Coruña;Outes;Viro
-408845;Castilla y León;Burgos;Valle de Valdebezana;Virtus
-408848;Principado de Asturias;Principado de Asturias;Cangas de Onís;Vis
-408851;Comunidad Foral de Navarra;Comunidad Foral de Navarra;Erro;Viscarret-Guerendiáin
-408852;Galicia;La Coruña;Muxía;Viseo
-408855;Galicia;La Coruña;Coruña, A;Visma
-408856;Galicia;Pontevedra;Redondela;Viso
-408874;Comunidad Valenciana;Castellón;Vistabella del Maestrat;Vistabella del Maestrazgo
-408875;Andalucía;Cádiz;Puerto de Santa María, El;Vista Hermosa
-408883;Castilla y León;Ávila;Vita;Vita
-408888;Castilla y León;Salamanca;Vitigudino;Vitigudino
-408889;Galicia;La Coruña;Arzúa;Vitiruz
-408890;País Vasco;Álava;Vitoria-Gasteiz;Vitoria
-408895;Aragón;Huesca;Torla-Ordesa;Víu
-408904;Castilla y León;Burgos;Quintanilla Vivar;Vivar del Cid
-408907;Cantabria;Cantabria;Santillana del Mar;Viveda
-408913;Comunidad Valenciana;Castellón;Viver;Viver
-408914;Cataluña;Barcelona;Viver i Serrateix;Viver
-408918;Galicia;Lugo;Viveiro;Viveiro
-408919;Galicia;Lugo;Viveiro;Viveiro
-408921;Castilla-La Mancha;Albacete;Viveros;Viveros
-408934;Andalucía;Granada;Víznar;Víznar
-408942;Castilla y León;Soria;Vozmediano;Vozmediano
-408947;Cataluña;Gerona;Forallac;Vulpellac
-408948;Cataluña;Gerona;Torroella de Fluvià;Valveralla
-408958;Comunidad Foral de Navarra;Comunidad Foral de Navarra;Basaburua;Yaben
-408959;Islas Canarias;Lanzarote;Yaiza;Yaiza
-408962;Castilla y León;Soria;Yanguas;Yanguas
-408963;Castilla y León;Segovia;Yanguas de Eresma;Yanguas de Eresma
-408965;Aragón;Huesca;Bierge;Yaso
-408966;Andalucía;Granada;Cádiar;Yátor
-408967;Comunidad Valenciana;Valencia;Yátova;Yátova
-408968;Islas Canarias;Lanzarote;Haría;Ye
-408972;Castilla-La Mancha;Guadalajara;Yebra;Yebra
-408974;Aragón;Huesca;Yebra de Basa;Yebra de Basa
-408976;Región de Murcia;Región de Murcia;Yecla;Yecla
-408978;País Vasco;Álava;Yécora / Iekora;Yécora
-408983;Andalucía;Granada;Alpujarra de la Sierra;Yegen
-408995;Castilla-La Mancha;Toledo;Yeles;Yeles
-408996;Castilla-La Mancha;Toledo;Yeles;Estación de Yeles y Esquivias
-409003;Castilla-La Mancha;Toledo;Yepes;Yepes
-409005;Cantabria;Cantabria;Selaya;Yera
-409007;Castilla y León;León;Puente de Domingo Flórez;Yeres
-409009;Cantabria;Cantabria;Cartes;Yermo
-409010;Galicia;La Coruña;Ortigueira;Yermo
-409013;Comunidad Foral de Navarra;Comunidad Foral de Navarra;Yesa;Yesa
-409018;Aragón;Huesca;Yésero;Yésero
-409021;Castilla-La Mancha;Albacete;Yeste;Yeste
-409022;Aragón;Huesca;Peñas de Riglos, Las;Yeste
-409029;Aragón;Huesca;Biescas;Yosa de Sobremonte
-409035;Castilla-La Mancha;Toledo;Yuncler;Yuncler
-409037;Castilla-La Mancha;Toledo;Yuncos;Yuncos
-409038;Andalucía;Málaga;Yunquera;Yunquera
-409039;Castilla-La Mancha;Guadalajara;Yunquera de Henares;Yunquera de Henares
-409044;Cantabria;Cantabria;Santillana del Mar;Yuso
-409046;Comunidad Foral de Navarra;Comunidad Foral de Navarra;Valle de Yerri / Deierri;Zábal
-409062;Castilla y León;Zamora;Fariza;Zafara
-409064;Andalucía;Granada;Zafarraya;Zafarraya
-409066;Extremadura;Badajoz;Zafra;Zafra
-409068;Castilla-La Mancha;Cuenca;Zafra de Záncara;Zafra de Záncara
-409069;Castilla-La Mancha;Cuenca;Zafrilla;Zafrilla
-409072;Andalucía;Granada;Zagra;Zagra
-409073;Andalucía;Córdoba;Priego de Córdoba;Zagrilla
-409075;Andalucía;Cádiz;Zahara;Zahara de la Sierra
-409077;Andalucía;Cádiz;Barbate;Zahara de los Atunes
-409084;País Vasco;Álava;Zigoitia;Záitegui
-409085;Comunidad Foral de Navarra;Comunidad Foral de Navarra;Bera;Zaláin
-409087;Extremadura;Badajoz;Zalamea de la Serena;Zalamea de la Serena
-409088;Andalucía;Huelva;Zalamea la Real;Zalamea la Real
-409092;La Rioja;La Rioja;Ezcaray;Zaldierna
-409094;País Vasco;Guipúzcoa;Zaldibia;Zaldibia
-409104;Castilla y León;Segovia;Segovia;Zamarramala
-409107;Andalucía;Córdoba;Rute;Zambra
-409113;Castilla y León;Zamora;Zamora;Zamora
-409116;Islas Canarias;Tenerife;Rosario, El;Zamorano
-409117;Andalucía;Córdoba;Priego de Córdoba;Zamoranos
-409119;País Vasco;Vizcaya;Zamudio;Zamudio
-409131;Principado de Asturias;Principado de Asturias;Carreño;Zanzabornín
-409132;Castilla-La Mancha;Guadalajara;Zaorejas;Zaorejas
-409135;Castilla y León;Ávila;Zapardiel de la Cañada;Zapardiel de la Cañada
-409136;Castilla y León;Ávila;Zapardiel de la Ribera;Zapardiel de la Ribera
-409149;Aragón;Zaragoza;Zaragoza;Zaragoza
-409152;Región de Murcia;Región de Murcia;Murcia;Zarandona
-409153;Castilla y León;Salamanca;Zarapicos;Zarapicos
-409154;País Vasco;Vizcaya;Zaratamo;Zaratamo
-409156;Castilla y León;Valladolid;Zaratán;Zaratán
-409157;País Vasco;Álava;Zuia;Zárate
-409158;País Vasco;Guipúzcoa;Zarautz;Zarautz
-409162;Principado de Asturias;Principado de Asturias;Cangas de Onís;Zardón
-409168;Comunidad Valenciana;Valencia;Zarra;Zarra
-409178;La Rioja;La Rioja;Zarratón;Zarratón
-409179;Islas Canarias;Tenerife;Fasnia;Zarza
-409190;Extremadura;Cáceres;Zarza de Granadilla;Zarza de Granadilla
-409193;Región de Murcia;Región de Murcia;Lorca;Zarzadilla de Totana
-409195;Extremadura;Cáceres;Zarza la Mayor;Zarza la Mayor
-409196;Comunidad de Madrid;Comunidad de Madrid;Zarzalejo;Zarzalejo
-409214;Castilla y León;Segovia;Zarzuela del Monte;Zarzuela del Monte
-409215;Castilla y León;Segovia;Zarzuela del Pinar;Zarzuela del Pinar
-409217;Galicia;La Coruña;Zas;Zas
-409220;País Vasco;Guipúzcoa;Zegama;Zegama
-409225;Castilla y León;Burgos;Zazuar;Zazuar
-409226;Región de Murcia;Región de Murcia;Murcia;Zeneta
-409228;Galicia;Pontevedra;Lalín;Zobra
-409239;Extremadura;Cáceres;Zorita;Zorita
-409240;Castilla y León;Salamanca;Almenara de Tormes;Zorita
-409245;Comunidad Valenciana;Castellón;Zorita del Maestrazgo;Zorita del Maestrazgo
-409246;Castilla-La Mancha;Guadalajara;Zorita de los Canes;Zorita de los Canes
-409251;La Rioja;La Rioja;Zorraquín;Zorraquín
-409269;Comunidad Foral de Navarra;Comunidad Foral de Navarra;Baztan;Zuaztoy de Azpilcueta
-409272;Andalucía;Granada;Zubia, La;La Zubia
-409273;País Vasco;Vizcaya;Zeberio;Zubialde
-409279;Comunidad Foral de Navarra;Comunidad Foral de Navarra;Zubieta;Zubieta
-409283;Comunidad Foral de Navarra;Comunidad Foral de Navarra;Esteribar;Zubiri
-409285;Comunidad Foral de Navarra;Comunidad Foral de Navarra;Améscoa Baja;Zudaire
-409286;Aragón;Zaragoza;Zuera;Zuera
-409288;Comunidad Foral de Navarra;Comunidad Foral de Navarra;Metauten;Zufía
-409289;Andalucía;Huelva;Zufre;Zufre
-409291;Comunidad Foral de Navarra;Comunidad Foral de Navarra;Zugarramurdi;Zugarramurdi
-409293;Andalucía;Córdoba;Zuheros;Zuheros
-409294;Andalucía;Granada;Pinos Puente;Zujaira
-409295;Andalucía;Granada;Zújar;Zújar
-409298;Castilla-La Mancha;Albacete;Alcalá del Júcar;Zulema
-409302;País Vasco;Guipúzcoa;Zumarraga;Zumárraga
-409303;País Vasco;Guipúzcoa;Deba;Zumaia
-409311;Comunidad Foral de Navarra;Comunidad Foral de Navarra;Lizoáin-Arriasgoiti;Zunzarren
-409316;Andalucía;Almería;Zurgena;Zurgena
-409318;Comunidad Foral de Navarra;Comunidad Foral de Navarra;Esteribar;Zuriáin
-409319;Cantabria;Cantabria;Piélagos;Zurita
-409322;Comunidad Foral de Navarra;Comunidad Foral de Navarra;Valle de Yerri / Deierri;Zurucáin
-409325;Castilla y León;Burgos;Vid y Barrios, La;Zuzones
12834;Andalucía;Huelva;Punta Umbría;Punta Umbría
12978;Andalucía;Huelva;Moguer;Faro el Picacho de la Barra
13293;Andalucía;Sevilla;Utrera;Estación de Don Rodrigo
13303;Andalucía;Sevilla;Utrera;Guadalema de los Quinteros
13579;Andalucía;Cádiz;Puerto de Santa María, El;Inmaculada
13582;Andalucía;Cádiz;Puerto de Santa María, El;El Puerto de Santa María
193420;Galicia;La Coruña;Ferrol;Pedreira
194733;Galicia;La Coruña;Ferrol;Mairena del Aljarafe
194770;Galicia;La Coruña;Ares;Redes
194858;Galicia;La Coruña;Miño;Telle
194908;Galicia;La Coruña;Sada;Santa María
20081653;Islas Baleares;Menorca;Sant Lluís;Binibeca
53766;Cantabria;Cantabria;Noja;Elguera
54772;Principado de Asturias;Principado de Asturias;Castrillón;Raíces Nuevo
54812;Principado de Asturias;Principado de Asturias;Gijón;La Calzada
55128;Andalucía;Cádiz;San Roque;Tarraguilla
55266;Andalucía;Cádiz;Tarifa;Bolonia
63712;Comunidad Valenciana;Alicante;Pilar de la Horadada;Dehesa de Campoamor
63986;Cataluña;Tarragona;Cambrils;Vilafortuny
79198;País Vasco;Vizcaya;Bakio;Bakio
79277;Andalucía;Cádiz;Algeciras;Rinconcillo
79303;Andalucía;Cádiz;Algeciras;La Ballenera
79419;Galicia;Pontevedra;Vigo;Vilamar
79467;Galicia;Pontevedra;Cangas;Salgueirón
900038553;Islas Baleares;Mallorca;Palma;Palma de Mallorca
900038574;Andalucía;Málaga;Benahavís;Benahavís
900038577;Islas Canarias;Gran Canaria;Ingenio;Gran Canaria
900038608;Islas Canarias;Lanzarote;Tinajo;Tinajo
900038614;Islas Baleares;Ibiza y Formentera;Sant Josep de sa Talaia;Ibiza
900038630;Islas Canarias;Fuerteventura;Oliva, La;Fuerteventura
900038668;Comunidad Valenciana;Valencia;València;Valencia
900038744;Andalucía;Almería;Níjar;Níjar
900038758;Principado de Asturias;Principado de Asturias;Castrillón;Castrillón
900038761;Galicia;Pontevedra;Mos;Vigo
900038767;Andalucía;Cádiz;Jerez de la Frontera;Jerez
900038790;Cataluña;Gerona;Sant Feliu de Guíxols;Sant Feliu de Guíxols
900038806;Andalucía;Granada;Almuñécar;Granada
900038924;Islas Canarias;El Hierro;Valverde;Valverde
900039012;Islas Canarias;La Gomera;Alajeró;La Gomera
900039056;Castilla-La Mancha;Ciudad Real;Ballesteros de Calatrava;Ballesteros de Calatrava
900039057;Cataluña;Barcelona;Barberà del Vallès;Barberà del Vallès
900039058;Cataluña;Barcelona;Cerdanyola del Vallès;Cerdanyola del Vallès
900039092;Islas Baleares;Mallorca;Calvià;Calviá
900039095;Cataluña;Tarragona;Deltebre;Deltebre
900039097;Islas Baleares;Mallorca;Calvià;Magaluf
900039098;Islas Baleares;Mallorca;Palma de Mallorca;Can Pastilla
900039099;Islas Baleares;Mallorca;Calvià;Portals Nous
900039100;Islas Baleares;Mallorca;Calvià;Paguera
900039102;Islas Baleares;Menorca;Migjorn Gran, Es;Santo Tomás
900039103;Andalucía;Huelva;Almonte;Matalascañas
900039105;Cataluña;Gerona;Castell-Platja d'Aro;Platja d'Aro
900039114;Islas Baleares;Mallorca;Manacor;Calas de Mallorca
900039115;Islas Baleares;Mallorca;Calvià;Costa d'en Blanes
900039117;Islas Baleares;Mallorca;Palma de Mallorca;Illetas
900039118;Islas Canarias;Gran Canaria;San Bartolomé de Tirajana;San Agustín
900039119;Islas Canarias;Tenerife;Santiago del Teide;Puerto de Santiago
900039121;Islas Baleares;Mallorca;Calvià;Palmanova
900039122;Islas Baleares;Mallorca;Santanyí;Cala d'Or
900039124;Cataluña;Lérida;Plans de Sió, Els;Lleida
900039125;Islas Baleares;Ibiza y Formentera;Sant Joan de Labritja;San Miguel de Balansat
900039126;Islas Baleares;Ibiza y Formentera;Formentera;Playa de Migjorn
900039127;Islas Baleares;Ibiza y Formentera;Sant Josep de sa Talaia;San José
900039128;Islas Canarias;Lanzarote;Tías;Puerto del Carmen
900039129;Comunidad de Madrid;Comunidad de Madrid;Tres Cantos;Tres Cantos
900039130;Islas Canarias;Tenerife;Arona;Playa de las Américas
900039136;Islas Baleares;Ibiza y Formentera;Sant Josep de sa Talaia;Cala Tarida
900039137;Islas Baleares;Ibiza y Formentera;Eivissa;Talamanca
900039139;Islas Baleares;Mallorca;Manacor;San Lorenzo
900039140;Comunidad Valenciana;Alicante;Alicante / Alacant;Playa de San Juan
900039152;Andalucía;Granada;Gabias, Las;Las Gabias
900039153;Islas Baleares;Ibiza y Formentera;Sant Josep de sa Talaia;Cala Tarida
900039165;Andalucía;Cádiz;San Roque;Sotogrande
900039167;Andalucía;Cádiz;San Roque;Sotogrande
900039169;Cantabria;Cantabria;Ruesga;Ruesga
900039173;Islas Baleares;Mallorca;Bunyola;Orient
900039175;Islas Baleares;Menorca;Maó-Mahón;Mahón
900039176;Cataluña;Gerona;Castelló d'Empúries;Empuriabrava
900039193;Islas Canarias;La Gomera;Valle Gran Rey;Valle Gran Rey
900039198;Cataluña;Lérida;Prats i Sansor;Prats i Sansor
900039201;Islas Baleares;Ibiza y Formentera;Sant Joan de Labritja;Sant Llorenç de Balàfia
900039215;Islas Baleares;Mallorca;Capdepera;Canyamel
900039222;Aragón;Huesca;Benasque;Cerler
900039235;País Vasco;Vizcaya;Erandio;Sondika
900039236;Islas Canarias;Tenerife;Adeje;Los Menores
900039283;Islas Canarias;Gran Canaria;Mogán;Playa del Cura
900039284;Islas Canarias;Gran Canaria;Santa Lucía de Tirajana;Vecindario
900039286;Región de Murcia;Región de Murcia;Cartagena;La Manga del Mar Menor
900039287;Islas Baleares;Mallorca;Sant Llorenç des Cardassar;Sa Coma
900039289;Cataluña;Barcelona;Castellnou de Bages;Castellnou de Bages
900039290;Comunidad Valenciana;Alicante;Nucia, la;L'Alfàs del Pi
900039294;Islas Baleares;Mallorca;Salines, Ses;Colonia de Sant Jordi
900039297;Galicia;Pontevedra;Forcarei;Forcarei
900039298;Comunidad Valenciana;Alicante;Pego;Pego
900039308;Comunidad Valenciana;Valencia;Ontinyent;Ontinyent
900039309;Cataluña;Barcelona;Sant Esteve Sesrovires;Sant Esteve Sesrovires
900039316;Islas Canarias;Fuerteventura;Pájara;Costa Calma
900039321;Cataluña;Gerona;Alp;Alp
900039330;Cataluña;Lérida;Seu d'Urgell, La;La Seu d'Urgell
900039331;País Vasco;Guipúzcoa;Hondarribia;Hondarribia
900039333;Castilla y León;Segovia;Santo Tomé del Puerto;Santo Tomé del Puerto
900039349;Islas Baleares;Mallorca;Manacor;S'Illot
900039350;Islas Baleares;Mallorca;Manacor;Cala Murada
900039355;Islas Baleares;Ibiza y Formentera;Sant Joan de Labritja;Portinatx
900039356;Cataluña;Gerona;Sant Hilari Sacalm;Sant Hilari Sacalm
900039357;Comunidad Valenciana;Alicante;Dénia;Jesús Pobre
900039358;Cantabria;Cantabria;Camaleño;Cosgaya
900039359;Islas Baleares;Menorca;Alaior;Cala en Porter
900039361;Islas Baleares;Menorca;Sant Lluís;Punta Prima
900039362;País Vasco;Vizcaya;Zeanuri;Zeanuri
900039379;Islas Baleares;Menorca;Migjorn Gran, Es;Es Migjorn Gran
900039395;Comunidad Valenciana;Alicante;Mutxamel;Mutxamel
900039399;Islas Canarias;Gran Canaria;San Bartolomé de Tirajana;Playa del Inglés
900039400;Principado de Asturias;Principado de Asturias;Ribadedeva;Ribadedeva
900039404;Cataluña;Gerona;Sant Pere Pescador;Sant Pere Pescador
900039408;Cataluña;Gerona;Palafrugell;Tamariu
900039412;Islas Baleares;Ibiza y Formentera;Santa Eulària des Riu;Es Canar
900039416;Islas Canarias;Fuerteventura;Antigua;Caleta de Fuste
900039417;Principado de Asturias;Principado de Asturias;Cabrales;Poncebos
900039419;Andalucía;Málaga;Marbella;Nueva Andalucía
900039420;Islas Baleares;Menorca;Ciutadella de Menorca;Cala Galdana
900039423;Islas Baleares;Mallorca;Son Servera;Cala Bona
900039424;Islas Baleares;Mallorca;Andratx;Camp de Mar
900039425;Islas Baleares;Mallorca;Llucmajor;Cala Pi
900039438;Galicia;La Coruña;Oleiros;Bastiagueiro
900039439;Galicia;La Coruña;Oleiros;Santa Cruz de Oleiros
900039440;País Vasco;Álava;Zuia;Zuia
900039443;Andalucía;Málaga;Antequera;La Joya
900039449;Islas Canarias;Gran Canaria;Mogán;Puerto Rico
900039453;Andalucía;Málaga;Mijas;La Cala de Mijas
900039454;Cataluña;Gerona;Jonquera, La;La Jonquera
900039457;Islas Baleares;Mallorca;Sóller;Fornalutx
900039459;Islas Canarias;Fuerteventura;Oliva, La;Playa del Águila
900039460;Andalucía;Granada;Pinos Puente;Fuensanta
900039463;Galicia;La Coruña;Ames;As Galanas
900039467;Islas Baleares;Mallorca;Manacor;Son Macià
900039469;Andalucía;Almería;Almería;Retamar
900039473;Principado de Asturias;Principado de Asturias;Peñamellera Baja;Peñamellera Baja
900039480;Cataluña;Lérida;Naut Aran;Naut Aran (Alto Arán)
900039495;Islas Baleares;Menorca;Castell, Es;Es Castell
900039497;Comunidad Valenciana;Alicante;Guardamar del Segura;Guardamar del Segura
900039502;Aragón;Huesca;Sallent de Gállego;Formigal
900039535;Cataluña;Tarragona;Vendrell, El;Comarruga
900039544;Galicia;Pontevedra;Grove, O;San Vicente do Mar
900039545;Islas Baleares;Mallorca;Santanyí;Cala d'Or
900039599;Cataluña;Tarragona;Vandellòs i l'Hospitalet de l'Infant;Miami Platja
900039600;Islas Canarias;Tenerife;Realejos, Los;Los Realejos
900039616;Islas Baleares;Menorca;Alaior;Son Bou
900039618;Cataluña;Gerona;Sant Julià de Ramis;Sant Julià de Ramis
900039619;Cantabria;Cantabria;Arenas de Iguña;Pedredo
900039635;Principado de Asturias;Principado de Asturias;Llanera;Lugo de Llanera
900039638;Islas Baleares;Mallorca;Calvià;Paguera
900039642;Islas Baleares;Mallorca;Palma de Mallorca;Playa de Palma
900039644;Islas Baleares;Ibiza y Formentera;Sant Joan de Labritja;Cala San Vicente
900039647;País Vasco;Vizcaya;Artzentales;Artzentales
900039662;Islas Canarias;Fuerteventura;Antigua;Antigua
900039663;Comunidad Valenciana;Alicante;Elche / Elx;Torrellano
900039665;Cataluña;Gerona;Sant Feliu de Guíxols;S'Agaró
900039676;Andalucía;Huelva;Isla Cristina;Islantilla
900039679;Islas Canarias;Lanzarote;Yaiza;Puerto Calero
900039680;País Vasco;Vizcaya;Etxebarria;Etxebarria
900039690;Islas Baleares;Mallorca;Muro;Playa de Muro
900039708;Islas Baleares;Menorca;Sant Lluís;S'Algar
900039715;Islas Baleares;Menorca;Sant Lluís;Binibeca
900039723;Comunidad Valenciana;Alicante;Orihuela;Playas de Orihuela
900039777;Islas Baleares;Mallorca;Manacor;Cala Romántica
900039779;Cataluña;Barcelona;Cerdanyola del Vallès;Bellaterra
900039809;Galicia;Pontevedra;Sanxenxo;A Lanzada
900039813;Galicia;La Coruña;Santiago de Compostela;Lavacolla
900039834;Andalucía;Granada;Motril;Carchuna
900039840;País Vasco;Guipúzcoa;Oiartzun;Oiartzun
900039860;Cataluña;Gerona;Llanars;Llanars
900039863;Islas Baleares;Ibiza y Formentera;Sant Josep de sa Talaia;Cala Vadella
900039870;Islas Baleares;Mallorca;Calvià;Cala Vinyes
900039871;Islas Baleares;Mallorca;Pollença;Cala San Vicente
900039877;Andalucía;Málaga;Málaga;Campanillas
900039879;Galicia;Pontevedra;Vilagarcía de Arousa;Vilagarcía
900039881;Andalucía;Jaén;Iruela, La;Arroyo Frío
900039882;Aragón;Huesca;Aisa;Candanchú
900039884;Cataluña;Gerona;Alp;La Molina
900039897;Andalucía;Almería;Ejido, El;Almerimar
900039914;Cantabria;Cantabria;Liendo;Liendo
900039917;Cataluña;Lérida;Coma i la Pedra, La;La Coma i la Pedra
900039924;Islas Baleares;Mallorca;Calvià;Cas Català
900039925;País Vasco;Guipúzcoa;Zestoa;Zestoa
900039966;Cataluña;Lérida;Estamariu;Estamariu
900039969;Cataluña;Tarragona;Sénia, La;La Senia
900039975;Comunidad Foral de Navarra;Comunidad Foral de Navarra;Lesaka;Lesaka
900039982;País Vasco;Vizcaya;Loiu;Loiu
900039983;Galicia;La Coruña;Muros;Esteiro-Muros
900039990;Andalucía;Sevilla;Guillena;Torre de la Reina
900039995;País Vasco;Vizcaya;Getxo;Getxo
900040034;Cataluña;Barcelona;Montcada i Reixac;Montcada i Reixac
900040045;Islas Baleares;Ibiza y Formentera;Formentera;Sant Ferran de Ses Roques
900040057;Principado de Asturias;Principado de Asturias;Riosa;Riosa
900040099;Comunidad de Madrid;Comunidad de Madrid;Soto del Real;Soto del Real
900040103;Principado de Asturias;Principado de Asturias;Lena;Jomezana
900040149;Comunidad Foral de Navarra;Comunidad Foral de Navarra;Valle de Egüés / Eguesibar;Gorraiz
900040158;Islas Canarias;Tenerife;Santiago del Teide;Acantilado de los Gigantes
900040174;Castilla y León;Burgos;Merindad de Montija;El Ribero
900040188;País Vasco;Vizcaya;Balmaseda;Balmaseda
900040193;Galicia;Pontevedra;Ponteareas;Ponteareas
900040199;Galicia;Pontevedra;Tui;Tui
900040200;Andalucía;Málaga;Cártama;Estación
900040201;Cataluña;Gerona;Queralbs;Queralbs
900040207;Andalucía;Granada;Monachil;Sierra Nevada
900040220;Islas Baleares;Ibiza y Formentera;Sant Josep de sa Talaia;Playa d'en Bossa
900040225;Islas Baleares;Menorca;Ciutadella de Menorca;Cala'n Bosch
900040233;Islas Canarias;Gran Canaria;Telde;El Cortijo
900040244;Extremadura;Cáceres;Cuacos de Yuste;Cuacos de Yuste
900040252;Islas Baleares;Ibiza y Formentera;Sant Antoni de Portmany;Ses Paisses
900040259;Cataluña;Gerona;Peralada;Peralada
900040267;Islas Canarias;Tenerife;Adeje;Callao Salvaje
900040285;Región de Murcia;Región de Murcia;Cartagena;Playa Paraiso
900040293;Islas Canarias;Tenerife;Adeje;Playa de Fañabé
900040313;Región de Murcia;Región de Murcia;Lorca;Purias
900040327;Región de Murcia;Región de Murcia;Cartagena;Playa Honda
900040338;Cantabria;Cantabria;Camaleño;Fuente Dé
900040344;Cataluña;Lérida;Vielha e Mijaran;Casau
900040350;País Vasco;Guipúzcoa;Bergara;Vergara
900040373;Cataluña;Gerona;Sant Pau de Segúries;Sant Pau de Segúries
900040377;Islas Baleares;Ibiza y Formentera;Sant Josep de sa Talaia;Sant Josep
900040383;Cantabria;Cantabria;Cillorigo de Liébana;Ojedo
900040412;Región de Murcia;Región de Murcia;Cartagena;Mar de Cristal
900040422;Comunidad Valenciana;Alicante;San Miguel de Salinas;Villamartin
900040427;Islas Canarias;Fuerteventura;Pájara;Playa de Jandía
900040436;Cataluña;Barcelona;Sant Pere de Vilamajor;Sant Pere de Vilamajor
900040441;Islas Baleares;Ibiza y Formentera;Formentera;Es Pujols
900040445;Cataluña;Gerona;Maçanet de Cabrenys;Maçanet de Cabrenys
900040446;Cataluña;Tarragona;Amposta;El Poble Nou del Delta
900040449;País Vasco;Guipúzcoa;Arrasate / Mondragón;Arrasate - Mondragón
900040453;Comunidad Valenciana;Valencia;Pobla de Farnals, la;Playa de Pobla de Farnals
900040458;Comunidad Valenciana;Valencia;Sagunto / Sagunt;Almardá
900040466;Islas Baleares;Mallorca;Santanyí;Cala Ferrera
900040511;Comunidad Valenciana;Castellón;Chilches / Xilxes;Xilxes
900040518;Andalucía;Málaga;Ojén;Mijas Costa
900040519;País Vasco;Vizcaya;Muxika;Múgica
900040541;Galicia;La Coruña;Fisterra;Finisterre
900040542;Galicia;Lugo;Barreiros;San Miguel Reinante
900040575;Comunidad Foral de Navarra;Comunidad Foral de Navarra;Etxalar;Echalar
900040598;Andalucía;Málaga;Vélez-Málaga;Benajarafe
900040599;Andalucía;Almería;Cuevas del Almanzora;San Juan de los Terreros
900040606;Islas Canarias;Gran Canaria;Mogán;Patalavaca
900040618;Andalucía;Málaga;Torrox;Torrox Costa
900040652;Galicia;Pontevedra;Poio;Poio
900040697;Andalucía;Málaga;Vélez-Málaga;Caleta de Vélez
900040708;Islas Baleares;Menorca;Ciutadella de Menorca;Cala Blanca
900040722;Islas Baleares;Ibiza y Formentera;Sant Joan de Labritja;Sant Joan de Labritja
900040731;Principado de Asturias;Principado de Asturias;Candamo;San Tirso de Candamo
900040737;Islas Canarias;Tenerife;Arona;Costa del Silencio
900040740;Islas Baleares;Menorca;Ciutadella de Menorca;Cala en Blanes
900040741;Islas Baleares;Menorca;Ciutadella de Menorca;Cala en Forcat
900040761;Cantabria;Cantabria;Ribamontán al Monte;Ribamontán al Monte
900040767;Comunidad Foral de Navarra;Comunidad Foral de Navarra;Lantz;Lantz
900040774;Islas Baleares;Menorca;Ciutadella de Menorca;Cala Santandria
900040775;Islas Baleares;Menorca;Ciutadella de Menorca;Son Xoriguer
900040819;Islas Baleares;Ibiza y Formentera;Santa Eulària des Riu;Cala Llenya
900040820;Islas Baleares;Ibiza y Formentera;Santa Eulària des Riu;Cala Llenya
900040827;Cataluña;Barcelona;Olèrdola;Olèrdola
900040857;País Vasco;Vizcaya;Leioa;Leioa
900040876;Islas Baleares;Menorca;Maó-Mahón;Na Macaret
900040881;País Vasco;Guipúzcoa;Bidania-Goiatz;Bidania-Goiatz
900040915;Cataluña;Barcelona;Santpedor;Santpedor
900040930;Galicia;Pontevedra;Sanxenxo; 
900040937;Islas Baleares;Mallorca;Felanitx;Cala Serena
900040943;Cataluña;Lérida;Vall de Boí, La;Caldes de Boí
900040944;Cataluña;Lérida;Vall de Boí, La;Pla de l'Ermita
900040949;Islas Canarias;Gran Canaria;San Bartolomé de Tirajana;Meloneras
900040962;Cantabria;Cantabria;Liérganes;Liérganes
900040977;País Vasco;Vizcaya;Areatza;Areatza
900041005;Galicia;La Coruña;Muxía;Muxía
900041007;Andalucía;Huelva;Cartaya;El Portil
900041012;Comunidad Valenciana;Valencia;Xeraco;Xeraco
900041020;Cataluña;Lérida;Pont de Bar, El;El Pont de Bar
900041022;Comunidad Valenciana;Castellón;Sant Jordi / San Jorge;Sant Jordi
900047914;Comunidad Valenciana;Valencia;Font d'En Carròs, la;La Font D´En Carròs
900047923;Cataluña;Barcelona;Vilobí del Penedès;Vilobí del Penedès
900047949;Cantabria;Cantabria;Cillorigo de Liébana;Cillorigo de Liébana
900047956;Comunidad Valenciana;Alicante;Aigües;Aigües
900047958;Aragón;Huesca;Sahún;Sahún
900047969;Andalucía;Cádiz;San Roque;Torreguadiaro
900047981;Islas Baleares;Mallorca;Llucmajor;Cala Blava
900047983;Cataluña;Tarragona;Riudecols;Les Irles
900047985;Cataluña;Gerona;Meranges;Meranges
900047987;Galicia;La Coruña;Dodro;Lestrove
900047993;Galicia;La Coruña;Pino, O;Amenal
900048008;Galicia;Lugo;Outeiro de Rei;Outeiro de Rei
900048009;Aragón;Huesca;Villanova;Villanova
900048013;Cataluña;Tarragona;Calafell;Segur de Calafell
900048015;Islas Baleares;Ibiza y Formentera;Santa Eulària des Riu;Cala Llonga
900048017;Cataluña;Gerona;Ger;Saga
900048018;Castilla y León;Zamora;Galende;El Puente
900048028;Islas Baleares;Mallorca;Felanitx;S'Horta
900048032;Islas Baleares;Menorca;Alaior;Es Canutells
900048041;Cataluña;Barcelona;Bruc, El;Montserrat
900048042;Galicia;La Coruña;Santiago de Compostela;Roxos
900048073;Islas Baleares;Menorca;Ciutadella de Menorca;Cala Morell
900048088;Cantabria;Cantabria;Valdáliga;Valdáliga
900048101;Castilla y León;Zamora;Losacio;Losacio
900048103;Cataluña;Lérida;Bellver de Cerdanya;Pi
900048136;Galicia;Pontevedra;Sanxenxo;Bascuas
900048137;Galicia;Pontevedra;Sanxenxo;Montalvo
900048138;Cataluña;Lérida;Soriguera;Baro
900048140;Islas Baleares;Menorca;Maó-Mahón;Sant Climent
900048146;Comunidad Foral de Navarra;Comunidad Foral de Navarra;Baztan;Ziga
900048151;Comunidad Valenciana;Alicante;Alfàs del Pi, l';L'Alfas del Pi
900048152;Castilla y León;Ávila;Santa María del Tiétar;Santa Maria del Tietar
900048157;Andalucía;Almería;Taberno;Taberno
900048158;Cataluña;Lérida;Vall de Cardós;Vall de Cardós
900048162;Andalucía;Cádiz;Arcos de la Frontera;Jedula
900048181;Galicia;Pontevedra;Sanxenxo;Areas
900048193;Andalucía;Almería;Níjar;Los Albaricoques
900048207;Aragón;Huesca;Jaca;Astún
900048209;Aragón;Huesca;Fiscal;San Martín de Solana
900048215;Galicia;Orense;Nogueira de Ramuín;Penalba
900048217;Cataluña;Barcelona;Cercs;Sant Corneli de Cercs
900048228;Aragón;Huesca;Arén;Aren
900048232;Galicia;Pontevedra;Grove, O;San Vicente do Grove
900048234;Islas Baleares;Menorca;Ciutadella de Menorca;Ferreries
900048242;Islas Canarias;Gran Canaria;Mogán;Taurito
900048250;Castilla y León;Segovia;Aldeanueva de la Serrezuela;Aldeanueva de la Serrezuela
900048254;Región de Murcia;Región de Murcia;Murcia;Sangonera La Seca
900048267;Galicia;La Coruña;Oleiros;Mera
900048290;País Vasco;Vizcaya;Gautegiz Arteaga;Gautegiz Arteaga
900048307;Cataluña;Gerona;Vilademuls;Les Olives
900048315;Principado de Asturias;Principado de Asturias;Sobrescobio;Soto de Agues
900048327;País Vasco;Vizcaya;Gordexola;Gordexola
900048392;Comunidad Valenciana;Alicante;Dénia;Les Deveses
900048421;Islas Baleares;Mallorca;Bunyola;Bunyola
900048423;Comunidad Valenciana;Valencia;Aldaia;Aldaia
900048425;Islas Canarias;Lanzarote;Haría;Los Verdes
900048429;Comunidad Valenciana;Alicante;Vall de Laguar, la;La Vall de Laguar
900048433;Principado de Asturias;Principado de Asturias;Oviedo;Las Caldas
900048453;Islas Baleares;Ibiza y Formentera;Sant Antoni de Portmany;Sant Mateu d’Albarca
900048468;Cataluña;Barcelona;Premià de Dalt;Premià de Dalt
900048473;Cataluña;Lérida;Vall de Boí, La;Cardet
900048474;Galicia;Orense;Irixo, O;O Irixo
900048506;Andalucía;Granada;Villamena;Villamena
900048532;Islas Baleares;Ibiza y Formentera;Formentera;Es Caló
900048539;Cantabria;Cantabria;Udías;Valoria
900048544;Cataluña;Gerona;Maçanet de la Selva;Mont Barbat
900048549;Islas Baleares;Ibiza y Formentera;Sant Joan de Labritja;Sant Miquel de Balansat
900048602;Cataluña;Lérida;Pont de Suert, El;Gotarta
900048614;Cataluña;Gerona;Fontanals de Cerdanya;Escardacs
900048619;Andalucía;Córdoba;Priego de Córdoba;Las Lagunillas
900048622;Cataluña;Lérida;Montferrer i Castellbò;Aravell
900048633;Comunidad Valenciana;Alicante;Verger, el;Els Poblets
900048688;Andalucía;Granada;Loja;Cuesta de la Palma
900048710;Islas Canarias;El Hierro;Pinar de El Hierro, El;La Restinga
900048737;Cataluña;Gerona;Alp;La Masella
900048738;Cataluña;Gerona;Fontanals de Cerdanya;Soriguerola
900048746;Galicia;Lugo;Pontenova, A;A Pontenova
900048781;Cataluña;Lérida;Riu de Cerdanya;Riu de Cerdanya
900048791;Aragón;Huesca;Sopeira;Sopeira
900048819;Castilla-La Mancha;Guadalajara;Atanzón;Atanzon
900048827;Galicia;La Coruña;Oleiros;Montrove
900048833;Cataluña;Barcelona;Esquirol, L';Cantonigros
900048850;Cataluña;Barcelona;Castellar del Riu;Castellar del Riu
900048854;Comunidad Foral de Navarra;Comunidad Foral de Navarra;Araitz;Atallu
900048858;Castilla-La Mancha;Cuenca;Vega del Codorno;Vega del Codorno
900048893;Islas Canarias;La Palma;Breña Baja;Los Cancajos
900048895;Galicia;Pontevedra;Sanxenxo;Xesteriña
900048896;Galicia;Pontevedra;Sanxenxo;Granxa
900048897;Galicia;Pontevedra;Sanxenxo;Outeiro
900048900;Andalucía;Málaga;Algarrobo;Algarrobo Costa
900048906;País Vasco;Vizcaya;Igorre;Igorre
900048918;Cataluña;Tarragona;Aiguamúrcia;El Pla de Manlleu
900048922;Andalucía;Cádiz;Vejer de la Frontera;La Muela
900048923;Cataluña;Tarragona;Altafulla;Tamarit
900048925;Castilla y León;León;Puebla de Lillo;San Isidro
900048930;Galicia;La Coruña;Pino, O;O Pedrouzo
900048987;Galicia;Pontevedra;Nigrán;A Carrasca
900048999;Andalucía;Cádiz;Tarifa;Tahivilla
900049004;Cataluña;Gerona;Campllong;Campllong
900049010;Islas Baleares;Mallorca;Escorca;Lluc
900049060;Andalucía;Granada;Alpujarra de la Sierra;Alpujarra de la Sierra
900049061;Aragón;Huesca;Aínsa-Sobrarbe;Gerbe
900049100;Islas Baleares;Menorca;Mercadal, Es;Port d'Addaia
900049106;Cataluña;Tarragona;Sant Jaume d'Enveja;Sant Jaume d'Enveja
900049108;Castilla y León;Valladolid;Castromonte;La Santa Espina
900049122;Cataluña;Tarragona;Vandellòs i l'Hospitalet de l'Infant;Platja de l’Almadrava
900049152;Cataluña;Barcelona;Torre de Claramunt, La;La Torre de Claramunt
900049155;País Vasco;Vizcaya;Larrabetzu;Larrabetzu
900049170;País Vasco;Vizcaya;Ajangiz;Ajangiz
900049183;Galicia;Pontevedra;Baiona;Sabaris
900049185;Comunidad Valenciana;Alicante;Alcoleja;Alcoleja
900049189;Principado de Asturias;Principado de Asturias;Caso;Bueres
900049194;Andalucía;Cádiz;Medina-Sidonia;Malcocinado
900049196;Galicia;Pontevedra;Sanxenxo;Major
900049203;Andalucía;Cádiz;Jerez de la Frontera;La Jarda
900049251;Galicia;Pontevedra;Poio;Rial
900049267;Aragón;Teruel;Alcañiz;Valmuel
900049268;Cataluña;Lérida;Odèn;Odèn
900049278;Cantabria;Cantabria;Arnuero;San Pantaleon
900049289;Galicia;Pontevedra;Vigo;Meixoeiro
900049301;Principado de Asturias;Principado de Asturias;Llanes;Villanueva de Ardisana
900049382;Andalucía;Cádiz;Vejer de la Frontera;Los Naveros
900049392;Extremadura;Cáceres;Trujillo;Pago de San Clemente
900049396;Islas Baleares;Ibiza y Formentera;Sant Josep de sa Talaia;Port d'es Torrent
900049401;Islas Canarias;Tenerife;Arona;Chayofa
900049430;Andalucía;Cádiz;Tarifa;Betis
900049431;Cataluña;Gerona;Camprodon;Beget
900049474;Andalucía;Cádiz;Medina-Sidonia;Los Badalejos
900049475;Principado de Asturias;Principado de Asturias;Corvera de Asturias;Overo
900049500;Cataluña;Lérida;Guixers;Guixers
900049501;Aragón;Huesca;Torre la Ribera;Reperos
900049502;Galicia;La Coruña;Melide;Melide
900049507;Galicia;Pontevedra;Sanxenxo;Forxan
900049511;Cataluña;Barcelona;Rupit i Pruit;Serra de Pruit
900049566;Galicia;La Coruña;Rianxo;As Mirans
900049567;País Vasco;Vizcaya;Mungia;Mungia
900049568;Cantabria;Cantabria;Udías;Udías
900049571;Cataluña;Lérida;Ivars d'Urgell;Ivars d'Urgell
900049603;Aragón;Huesca;Perarrúa;Perarrua
900049615;Extremadura;Cáceres;Santiago de Alcántara;Santiago de Alcántara
900049617;Galicia;Pontevedra;Sanxenxo;Aios
900049647;Andalucía;Almería;Níjar;Huebro
900049656;Andalucía;Cádiz;Vejer de la Frontera;El Palmar
900049657;Andalucía;Cádiz;Barbate;Zahora
900049673;Cataluña;Tarragona;Arbolí;Arboli
900049678;Cataluña;Tarragona;Montblanc;Prenafeta
900049711;Comunidad Valenciana;Castellón;Sierra Engarcerán;Els Rosildos
900049712;Cantabria;Cantabria;Polanco;Polanco
900049714;Andalucía;Almería;Níjar;La Isleta del Moro
900049720;Cataluña;Tarragona;Morera de Montsant, La;La Morera de Montsant
900049740;Comunidad Valenciana;Alicante;Elche / Elx;Arenales del Sol
900049745;Islas Baleares;Ibiza y Formentera;Santa Eulària des Riu;Montecristo
900049790;Galicia;Lugo;Lugo;Nadela
900049791;Galicia;Lugo;Portomarín;Portomarín
900049792;Comunidad Foral de Navarra;Comunidad Foral de Navarra;Esteribar;Eugi
900049795;Islas Canarias;Lanzarote;Yaiza;El Golfo
900049797;Islas Canarias;Gran Canaria;San Bartolomé de Tirajana;Playa del Águila
900049800;Galicia;La Coruña;Laxe;Arrueiro
900049806;Cataluña;Gerona;Albanyà;Albanya
900049810;Comunidad Valenciana;Valencia;Aras de los Olmos;Aras de Olmos
900049814;Comunidad Valenciana;Valencia;Miramar;Playa de Miramar
900049817;Comunidad Valenciana;Castellón;Vilafamés;Vilafamés
900049819;Islas Canarias;Lanzarote;Haría;Charco del Palo
900049832;Islas Baleares;Ibiza y Formentera;Sant Josep de sa Talaia; 
900049837;País Vasco;Guipúzcoa;Deba;Itziar
900049840;Castilla y León;Burgos;Merindad de Montija;San Pelayo - Merindad de Monti
900049846;La Rioja;La Rioja;Castroviejo;Castroviejo
900049858;Cataluña;Lérida;Sort;Pujalt
900049862;Principado de Asturias;Principado de Asturias;Villaviciosa;Lloreda
900049864;Principado de Asturias;Principado de Asturias;Oviedo;Faro de Arriba
900049884;Islas Baleares;Ibiza y Formentera;Formentera;Cala Saona
900049888;Comunidad Valenciana;Valencia;San Antonio de Benagéber;San Antonio de Benagéber
900049890;Galicia;Orense;Piñor;Casarellos
900049894;Cataluña;Lérida;Sarroca de Bellera;Buira
900049909;Cataluña;Lérida;Camarasa;Sant Llorenç de Montgai
900049929;Islas Baleares;Mallorca;Bunyola;Palmanyola
900049935;Galicia;Pontevedra;Cerdedo-Cotobade;Cerdedo
900049946;Islas Baleares;Mallorca;Pollença;Puerto Pollensa
900049951;Galicia;Pontevedra;Poio;Chancelas
900049959;Cataluña;Tarragona;Passanant i Belltall;Passanant i Belltall
900049979;Castilla y León;Burgos;Altos, Los;Barriolacuesta
900049991;Islas Baleares;Ibiza y Formentera;Sant Josep de sa Talaia;Bahía de San Antonio
900050007;Región de Murcia;Región de Murcia;Molina de Segura;Fenazar
900050037;Cataluña;Tarragona;Xerta;Xerta (Cherta)
900050046;País Vasco;Vizcaya;Valle de Trápaga-Trapagaran;Trapagaran
900050047;Comunidad Valenciana;Valencia;Xeraco;Playa de Xeraco
900050048;Cantabria;Cantabria;Rionansa;Rionansa
900050049;Cantabria;Cantabria;Luena;Luena
900050059;País Vasco;Vizcaya;Galdakao;Galdácano
900050060;Comunidad Valenciana;Castellón;Coves de Vinromà, les;Les Coves de Vinroma
900050073;Aragón;Huesca;Puente la Reina de Jaca;Puente la Reina de Jaca
900050082;Principado de Asturias;Principado de Asturias;Peñamellera Alta;Peñamellera Alta
900050089;Islas Baleares;Menorca;Mercadal, Es;Punta Grossa
900050091;Comunidad Foral de Navarra;Comunidad Foral de Navarra;Ezkurra;Ezkurra
900050100;Galicia;Orense;Barbadás;Bentraces
900050103;País Vasco;Guipúzcoa;Leintz-Gatzaga;Leintz-Gatzaga (Salinas de Lén
900050111;Comunidad Valenciana;Castellón;Sueras / Suera;Suera
900050122;Islas Baleares;Ibiza y Formentera;Sant Antoni de Portmany;Cala de Bou
900050128;Islas Canarias;Gran Canaria;San Bartolomé de Tirajana;Salobre
900050152;Cataluña;Barcelona;Fogars de Montclús;Fogars de Montclus
900050163;Andalucía;Almería;Vélez-Rubio;La Losilla
900050171;Cataluña;Gerona;Esponellà;Vilert
900050180;Islas Baleares;Mallorca;Campos;Sa Ràpita
900050181;Islas Canarias;Tenerife;Rosario, El;Radazul
900050182;Comunidad Valenciana;Valencia;Alboraia / Alboraya;Port Saplaya
900050195;Cataluña;Lérida;Conca de Dalt;Aramunt
900050202;País Vasco;Vizcaya;Sopuerta;Sopuerta
900050208;Cataluña;Lérida;Estamariu;Bescaran
900050211;Comunidad Foral de Navarra;Comunidad Foral de Navarra;Esteribar;Akerreta
900050212;Cantabria;Cantabria;Liérganes;Pámanes
900050232;Andalucía;Jaén;Santiago-Pontones;Coto Ríos
900050233;Comunidad Foral de Navarra;Comunidad Foral de Navarra;Lekunberri;Lekunberri
900050234;Islas Canarias;Tenerife;Granadilla de Abona;La Mareta
900050240;Galicia;Pontevedra;Sanxenxo;Sear
900050255;Principado de Asturias;Principado de Asturias;Ponga;Ponga
900050261;Aragón;Huesca;Fueva, La;Alueza
900050265;Islas Baleares;Mallorca;Llucmajor;Urbanización Ses Palmeres
900050266;Islas Baleares;Ibiza y Formentera;Santa Eulària des Riu;Playa Es Figueral
900050270;Comunidad Valenciana;Castellón;Vilar de Canes;La Torre d'En Besora
900050272;Cataluña;Gerona;Calonge;el Mas Vila
900050285;País Vasco;Vizcaya;Karrantza Harana / Valle de Carranza;Carranza
900050286;Cataluña;Barcelona;Castellví de la Marca;Sant Marçal
900050287;Galicia;La Coruña;Baña, A;A Bana
900050293;Galicia;La Coruña;Santiago de Compostela;San Marcos
900050294;Galicia;La Coruña;Teo;Teo
900050295;Galicia;Pontevedra;Cerdedo-Cotobade;Dorna
900050298;Principado de Asturias;Principado de Asturias;Cudillero;Oviñana
900050304;País Vasco;Guipúzcoa;Aia;Aia
900050320;Cataluña;Barcelona;Subirats;Can Cartro
900050324;Galicia;La Coruña;Ames;Milladoiro
900050327;Islas Baleares;Ibiza y Formentera;Sant Josep de sa Talaia;Sant Jordi
900050339;Cataluña;Tarragona;Aldea, L';L'Aldea
900050347;Galicia;Orense;Xinzo de Limia;Xinzo de Limia
900050353;Andalucía;Granada;Íllora;Illora
900050359;Islas Baleares;Mallorca;Marratxí;Marratxí
900050376;Galicia;Lugo;Quiroga;Rugando
900050399;Islas Baleares;Mallorca;Esporles;Esporles
900050405;Aragón;Huesca;Torre la Ribera;Vilas del Turbón
900050412;Cantabria;Cantabria;Valderredible;Valderredible
900050420;Principado de Asturias;Principado de Asturias;Cangas de Onís;Gamonedo de Cangas
900050436;Islas Baleares;Mallorca;Andratx;Sant Elm
900050444;País Vasco;Guipúzcoa;Elgeta;Elgeta
900050445;Galicia;Orense;Ramirás;O Viso
900050471;Cataluña;Lérida;Granyanella;Fonolleres
900050472;Cataluña;Gerona;Urús;Urús
900050475;País Vasco;Vizcaya;Busturia;Busturia
900050488;Cataluña;Tarragona;Tarragona;La Mora
900050501;Principado de Asturias;Principado de Asturias;Caso;Prieres
900050544;Cataluña;Tarragona;Vimbodí i Poblet;Poblet
900050548;País Vasco;Vizcaya;Alonsotegi;Alonsotegi
900050550;Galicia;La Coruña;Padrón;Muiños
900050576;Cataluña;Barcelona;Castellterçol;Muntanyola
900050581;Cataluña;Gerona;Sant Llorenç de la Muga;Sant Llorenç de la Muga
900050587;Cataluña;Barcelona;Olèrdola;Arboçar de Baix
900050593;Galicia;Pontevedra;Pontevedra;San Salvador de Poio
900050595;Principado de Asturias;Principado de Asturias;Villaviciosa;Quintueles
900050599;Andalucía;Almería;Vícar;La Envía
900050601;Islas Canarias;El Hierro;Pinar de El Hierro, El;El Pinar de El Hierro
900050602;Galicia;Pontevedra;Gondomar;A Moreira
900050612;Islas Canarias;Fuerteventura;Pájara;La Pared
900050619;Islas Canarias;La Gomera;Valle Gran Rey;Playa Calera
900050631;Islas Baleares;Mallorca;Alcúdia;Alcanada
900050632;Cataluña;Gerona;Maià de Montcal;Maià de Montcal
900050636;Islas Baleares;Ibiza y Formentera;Sant Antoni de Portmany;Sant Rafel de sa Creu
900050664;Cataluña;Barcelona;Pacs del Penedès;Pacs del Penedès
900050695;Galicia;Pontevedra;Grove, O;Virxe das Mareas
900050697;Comunidad Valenciana;Valencia;Alberic;Alberic
900050708;Islas Canarias;Gran Canaria;San Bartolomé de Tirajana;Los Cercados
900050712;Principado de Asturias;Principado de Asturias;Carreño;Carreno
900050719;Islas Baleares;Ibiza y Formentera;Sant Josep de sa Talaia;Cala Comte
900050755;Comunidad Valenciana;Castellón;Catí;L’Avellà
900050757;Cataluña;Lérida;Arsèguel;Arsèguel
900050797;Extremadura;Cáceres;Rosalejo;Rosalejo
900050807;Castilla y León;Burgos;Valle de Valdebezana;Cabañas de Virtus
900050815;Galicia;Orense;Parada de Sil;Rabacallos
900050825;Islas Baleares;Ibiza y Formentera;Sant Joan de Labritja;Na Xamena
900050834;Islas Canarias;Gran Canaria;San Bartolomé de Tirajana;Pasito Blanco
900050840;Islas Baleares;Mallorca;Son Servera;Costa de los Pinos
900050853;Islas Baleares;Mallorca;Capdepera;Font de Sa Cala
900050856;Región de Murcia;Región de Murcia;Cartagena;Los Puertos
900050874;Principado de Asturias;Principado de Asturias;Gozón;Susacasa
900050895;Comunidad Valenciana;Alicante;Pedreguer;Muntanya la Sella
900050897;Principado de Asturias;Principado de Asturias;Parres;Llames de Parres
900050899;Islas Baleares;Mallorca;Santa Margalida;Santa Margalida
900050903;Cantabria;Cantabria;Herrerías;Rabago
900050926;Aragón;Huesca;Montanuy;Forcat
900050927;Galicia;La Coruña;Carballo;Queo de Abaixo
900050944;Castilla-La Mancha;Toledo;Toledo;Las Nieves
900050958;Islas Baleares;Ibiza y Formentera;Formentera;Es Arenals
900050967;Cataluña;Lérida;Senterada;Senterada
900050968;Comunidad Valenciana;Valencia;Cullera;Faro de Cullera
900050971;Cataluña;Lérida;Valls de Valira, Les;Anserall
900050983;Galicia;La Coruña;Padrón;Picaraña
900051001;Comunidad Valenciana;Castellón;Alqueries, les / Alquerías del Niño Perdido;Alquerías del Niño Perdido
900051014;País Vasco;Álava;Urkabustaiz;Goiuri-Ordona
900051019;Galicia;La Coruña;Culleredo;Fonte Culler
900051026;Región de Murcia;Región de Murcia;Murcia;La Tercia
900051034;Islas Canarias;Lanzarote;Teguise;Teguise
900051036;Cataluña;Lérida;Sort;Ribera de Montardit
900051059;Cataluña;Lérida;Bellver de Cerdanya;Santa Eugènia de Nerellà
900051086;Andalucía;Cádiz;San José del Valle;San José del Valle
900051087;Galicia;La Coruña;Padrón;O Sisto
900051147;Cataluña;Lérida;Pinós;Su
900051158;Cataluña;Lérida;Ribera d'Urgellet;Gramós
900051171;Cataluña;Lérida;Sant Esteve de la Sarga;Collmorter
900051192;Castilla-La Mancha;Ciudad Real;Alcázar de San Juan;La Alameda de Cervera
900051212;Islas Baleares;Mallorca;Capdepera;Cala Mesquida
900051239;Islas Baleares;Mallorca;Búger;Sa Pobla
900051258;Cataluña;Barcelona;Capolat;Capolat
900051260;Andalucía;Córdoba;Moriles;Moriles
900051267;Cataluña;Barcelona;Argençola;Argençola
900051268;Cataluña;Barcelona;Calonge de Segarra;Calonge de Segarra
900051275;Galicia;La Coruña;Pino, O;Salceda
900051276;Cataluña;Barcelona;Espunyola, L';L'Espunyola
900051318;Galicia;La Coruña;Ames;Eirapedriña
900051323;Islas Canarias;Gran Canaria;Mogán;Amadores
900051354;Cantabria;Cantabria;Puente Viesgo;Vargas
900051361;Cataluña;Lérida;Conca de Dalt;Claverol
900051379;Islas Baleares;Mallorca;Llucmajor;Maioris Décima
900051390;Cantabria;Cantabria;Soba;Quintana de Soba
900051392;Islas Canarias;Fuerteventura;Oliva, La;Parque Holandes
900051411;Galicia;Pontevedra;Nigrán;Playa América
900051412;Galicia;La Coruña;Ordes;O Mesón Do Vento
900051417;Cataluña;Gerona;Amer;Amer
900051431;Galicia;Pontevedra;Meaño;Coirón
900051435;Cataluña;Gerona;Vilademuls;Vilafreser
900051460;Islas Canarias;Lanzarote;Tías;Playa Honda
900051461;Islas Baleares;Ibiza y Formentera;Santa Eulària des Riu;Roca Llisa
900051515;Comunidad Valenciana;Alicante;Santa Pola;Isla de Tabarca
900051518;Cataluña;Barcelona;Santa Coloma de Gramenet;Santa Coloma
900051528;Aragón;Teruel;Alcalá de la Selva;La Virgen de la Vega
900051539;Cataluña;Lérida;Arres;Era Bordeta
900051598;Cataluña;Tarragona;Deltebre;Riumar
900051602;Cataluña;Tarragona;Sant Jaume d'Enveja;L'Eucaliptus
900051640;Principado de Asturias;Principado de Asturias;Mieres;Urbiés
900051645;Castilla y León;Ávila;Barraco, El;Las Cruceras
900051673;Islas Baleares;Ibiza y Formentera;Sant Antoni de Portmany;Sant Rafael
900051687;Galicia;Pontevedra;Cerdedo-Cotobade;Cotobade
900051689;Galicia;Orense;Beariz;Magros
900051709;Comunidad Valenciana;Alicante;Santa Pola;Gran Alacant
900051712;Islas Baleares;Mallorca;Llucmajor;Sa Torre
900051718;Cataluña;Lérida;Alins;Alins
900051719;Cataluña;Lérida;Rialp;Rodes
900051739;Galicia;La Coruña;Camariñas;A Ponte do Porto
900051768;Galicia;La Coruña;Pobra do Caramiñal, A;Entrerríos
900051797;Aragón;Huesca;Valle de Lierp;Padarniu
900051827;Andalucía;Córdoba;Córdoba;Las Jaras
900051880;País Vasco;Álava;Aramaio;Aramaio
900051881;Principado de Asturias;Principado de Asturias;San Tirso de Abres;San Tirso de Abres
900051883;Islas Baleares;Mallorca;Marratxí;Pòrtol
900051890;País Vasco;Vizcaya;Mendexa;Mendexa
900051892;Comunidad Valenciana;Alicante;Jávea / Xàbia;Balcón del Mar
900051893;Comunidad Valenciana;Alicante;Teulada;Cumbre del Sol
900051913;Islas Baleares;Mallorca;Manacor;Cala Mendia
900051928;Galicia;La Coruña;Teo;Reis
900051937;Galicia;La Coruña;Carnota;Santa Comba de Carnota
900051946;Galicia;Pontevedra;Catoira;Coaxe
900051952;Galicia;Orense;Castro Caldelas;Sampaio
900051979;Comunidad Foral de Navarra;Comunidad Foral de Navarra;Mendaza;Acedo
900051981;Comunidad Foral de Navarra;Comunidad Foral de Navarra;Baztan;Elbete
900051984;Galicia;Lugo;Pedrafita do Cebreiro;Fonfría
900051990;Islas Canarias;Gran Canaria;San Bartolomé de Tirajana;Los Palmitos
900051997;Cataluña;Tarragona;Camarles;El Lligallo del Gànguil
900052000;Cataluña;Lérida;Pinós;Pinós
900052001;Cataluña;Gerona;Fontanals de Cerdanya;Les Pereres
900052006;Cataluña;Lérida;Bellver de Cerdanya;Pedra
900052010;Andalucía;Cádiz;Tarifa;El Bujeo
900052032;Islas Baleares;Mallorca;Calvià;El Toro
900052037;Aragón;Teruel;Albentosa;Albentosa
900052038;País Vasco;Vizcaya;Barrika;Barrika
900052039;Extremadura;Cáceres;Torrejoncillo;Valdencin
900052063;Extremadura;Cáceres;Belvís de Monroy;Casas de Belvis
900052064;Cataluña;Gerona;Fontanals de Cerdanya;Urtx
900052070;Comunidad Valenciana;Alicante;Santa Pola;Puerto Marino
900052087;Comunidad Valenciana;Castellón;Jana, la;La Jana
900052090;Cataluña;Lérida;Soriguera;Llagunes
900052108;Comunidad Foral de Navarra;Comunidad Foral de Navarra;Basaburua;Arrarats
900052110;Castilla y León;Burgos;Valle de Manzanedo;Crespo
900052118;Castilla-La Mancha;Cuenca;Villanueva de la Jara;Villanueva de la Jara
900052137;Galicia;Orense;Gomesende;Gomesende
900052144;Principado de Asturias;Principado de Asturias;Cangas de Onís;La Estrada
900052146;Cataluña;Lérida;Montellà i Martinet; 
900052158;Andalucía;Jaén;Alcalá la Real;Ermita Nueva
900052162;Galicia;Lugo;Sober;Francos
900052170;Cataluña;Lérida;Lles de Cerdanya;Músser
900052171;Galicia;Pontevedra;Estrada, A;Os Casares
900052175;Andalucía;Granada;Cacín;Cacin
900052176;Cataluña;Gerona;Vall de Bianya, La;Vall de Bianya
900052188;Cataluña;Barcelona;Franqueses del Vallès, Les;Les Franqueses del Vallès
900052195;Comunidad Valenciana;Alicante;Calp;Empedrola
900052247;Islas Canarias;Gran Canaria;Telde;Cazadores
900052280;Cataluña;Tarragona;Vilella Baixa, La;La Vilella Baixa
900052299;Galicia;La Coruña;Cabana de Bergantiños;A Telleira
900052301;Cataluña;Lérida;Baronia de Rialb, La;La Baronia de Rialb
900052303;Castilla y León;Salamanca;Ciudad Rodrigo;Águeda
900052306;Castilla y León;León;Cabrillanes;Quintanilla de Babia
900052318;Islas Canarias;Tenerife;Arona;Palm-Mar
900052327;Aragón;Teruel;Alcañiz;Puigmoreno
900052330;Islas Canarias;Lanzarote;Yaiza;Playa Quemada
900052338;Andalucía;Cádiz;Tarifa;El Chaparral
900052350;Andalucía;Cádiz;Tarifa;La Zarzuela
900052377;Cataluña;Lérida;Vila-sana;Vila-sana
900052384;Principado de Asturias;Principado de Asturias;Cangas del Narcea;Monasterio De Hermo
900052389;Comunidad Valenciana;Alicante;Elche / Elx;Les Salades
900052391;Cataluña;Lérida;Vansa i Fórnols, La;Fornols
900052392;Islas Canarias;Tenerife;Arona;Cho
900052394;Comunidad Valenciana;Alicante;Algorfa;Ciudad Quesada
900052403;Galicia;Pontevedra;Sanxenxo;Paxarinas
900052417;Cataluña;Gerona;Ripoll;Llaés
900052437;Islas Baleares;Mallorca;Calvià;Sol de Mallorca
900052440;Cataluña;Lérida;Foradada;Montsonís
900052442;Principado de Asturias;Principado de Asturias;Cangas del Narcea;Palacio de Naviego
900052446;Cataluña;Barcelona;Rubió;Rubió
900052454;Cataluña;Lérida;Vielha e Mijaran;Montcorbau
900052466;Islas Canarias;Tenerife;Adeje;Playa Paraíso
900052478;Islas Baleares;Ibiza y Formentera;Santa Eulària des Riu;Nuestra Señora de Jesús
900052495;Cataluña;Gerona;Isòvol;All
900052496;Islas Baleares;Menorca;Mercadal, Es;Arenal d'en Castell
900052501;Cataluña;Lérida;Massoteres;Palouet
900052517;Principado de Asturias;Principado de Asturias;Amieva;Corigos
900052531;Principado de Asturias;Principado de Asturias;Cangas del Narcea;Vega de Pope
900052539;Aragón;Huesca;Canfranc;Canfranc
900052566;Cantabria;Cantabria;Hermandad de Campoo de Suso;Brañavieja
900052567;Andalucía;Cádiz;Barbate;El Cañal
900052572;Principado de Asturias;Principado de Asturias;Mieres;Santo Emiliano
900052578;Comunidad Valenciana;Valencia;Godella;Campo Olivar
900052605;Galicia;La Coruña;Cabana de Bergantiños;Cabana de Bergantiños
900052615;Islas Baleares;Mallorca;Llucmajor;Badia Blava
900052617;Castilla y León;Burgos;Valle de Mena;Angulo de Mena
900052652;Cataluña;Lérida;Baix Pallars;Montcortès
900052677;Islas Baleares;Mallorca;Inca;Biniamar
900052694;Islas Baleares;Menorca;Sant Lluís;Binisafúller
900052699;Cataluña;Lérida;Lladurs;Lladurs
900052716;Principado de Asturias;Principado de Asturias;Onís;Demués
900052720;Galicia;Pontevedra;Sanxenxo;Buezas
900052721;Cataluña;Barcelona;Sant Mateu de Bages;Castelltallat
900052725;Islas Baleares;Ibiza y Formentera;Santa Eulària des Riu;Can Furnet
900052727;Cataluña;Lérida;Navès;Clariana de Cardener
900052730;Cataluña;Tarragona;Camarles;Camarles
900052737;Cataluña;Lérida;Pinell de Solsonès;Pinell de Solsonès
900052748;Principado de Asturias;Principado de Asturias;Villaviciosa;Tresvilla
900052749;Islas Baleares;Mallorca;Santanyí;Cala Mondragó
900052754;Islas Baleares;Menorca;Ciutadella de Menorca;Son Carrio
900052765;Andalucía;Sevilla;Carmona;Torrepalma
900052813;Islas Canarias;Tenerife;Adeje;Costa Adeje
900052845;Islas Baleares;Mallorca;Ariany;Son Serra de Marina
900052881;Andalucía;Granada;Quéntar;Tocón de Quéntar
900052883;Principado de Asturias;Principado de Asturias;Amieva;Precendi
900052888;Islas Baleares;Mallorca;Escorca;Cala Tuent
900052897;Cataluña;Tarragona;Mont-roig del Camp;Les Planes del Rei
900052901;Comunidad Foral de Navarra;Comunidad Foral de Navarra;Igantzi;Igantzi
900052902;Islas Baleares;Ibiza y Formentera;Sant Josep de sa Talaia;Sant Francesc de s'Estany
900052903;Principado de Asturias;Principado de Asturias;Cangas de Onís;Cabielles
900052910;Islas Canarias;Gran Canaria;Santa Lucía de Tirajana;La Sorrueda
900052928;Castilla-La Mancha;Cuenca;Cañizares;Puente de Vadillos
900052934;Principado de Asturias;Principado de Asturias;Morcín;Las Vegas De Cardeo
900052949;Castilla y León;Zamora;Galende;Vigo de Sanabria
900052950;Cataluña;Gerona;Escala, L';Sant Martí d’Empúries
900052952;Islas Baleares;Ibiza y Formentera;Sant Josep de sa Talaia;Es Cubells
900052960;Andalucía;Málaga;Sedella;Sedella
900053004;Galicia;Lugo;Barreiros;Foro
900053017;Andalucía;Málaga;Álora;Bermejo
900053038;Andalucía;Málaga;Vélez-Málaga;Los Puertas
900053050;Castilla y León;Ávila;Villanueva de Ávila;Villanueva de Ávila
900053147;Islas Baleares;Menorca;Mercadal, Es;Son Parc
900053150;Extremadura;Cáceres;Valencia de Alcántara;La Aceña de la Borrega
900053155;Galicia;Pontevedra;Vigo;Peinador
900053164;Cataluña;Barcelona;Cabrera de Mar;Cabrera de Mar
900053166;Comunidad Foral de Navarra;Comunidad Foral de Navarra;Arakil;Urritzola
900053167;Región de Murcia;Región de Murcia;Fuente Álamo de Murcia;Fuente Alamo
900053172;Cataluña;Gerona;Vilademuls; 
900053181;Galicia;Orense;Lobios;Bubaces
900053183;Cantabria;Cantabria;Soba;La Gandara
900053249;Andalucía;Jaén;Segura de la Sierra;El Robledo
900053251;Galicia;Pontevedra;Oia;As Mariñas
900053269;Galicia;La Coruña;Melide;O Coto
900053270;Cataluña;Barcelona;Castellet i la Gornal;Les Masuques
900053275;Galicia;La Coruña;Touro;Oca de Abaixo
900053285;Islas Baleares;Mallorca;Llucmajor;Puigderrós
900053290;Galicia;La Coruña;Santiago de Compostela;Os Vilares
900053296;Galicia;La Coruña;Muros;San Francisco
900053297;Galicia;Pontevedra;Poio;Monte Bouza
900053316;Cataluña;Lérida;Alt Àneu;Boren
900053339;Islas Baleares;Mallorca;Pobla, Sa;Crestatx
900053340;Comunidad Valenciana;Alicante;Orihuela;Cabo Roig
900053354;Principado de Asturias;Principado de Asturias;Candamo;Candamo
900053357;Principado de Asturias;Principado de Asturias;Cabrales;Canales
900053408;Principado de Asturias;Principado de Asturias;Cudillero;San Martín de Luiña
900053417;Cataluña;Gerona;Ribes de Freser;Ventolà
900053428;Aragón;Huesca;Laspaúles;Neril
900053431;Islas Canarias;Lanzarote;Teguise;Caleta de Caballo
900053450;País Vasco;Vizcaya;Bilbao;Bilbao
900053473;Galicia;La Coruña;Rois;O Faramello
900053475;Galicia;La Coruña;Teo;Rúa de Francos
900053489;Galicia;Pontevedra;Arbo;A Almuina
900053519;Comunidad Valenciana;Alicante;Orihuela;Vistabella
900053543;Islas Baleares;Menorca;Maó-Mahón;Cala Llonga
900053566;Castilla y León;Burgos;Castrillo del Val;Los Tomillares
900053585;Comunidad Valenciana;Alicante;Orihuela;Los Dolses
900053599;Islas Baleares;Menorca;Maó-Mahón;Cap d'en Font
900053600;Aragón;Huesca;Aínsa-Sobrarbe;Mondot
900053610;Galicia;Pontevedra;Oia;A Ermida
900053694;Andalucía;Málaga;Cortes de la Frontera;El Colmenar
900053709;Castilla y León;León;Molinaseca;El Acebo de San Miguel
900053711;Principado de Asturias;Principado de Asturias;Cudillero;Rellayo
900053724;Andalucía;Almería;Níjar;Presillas Bajas
900053737;Comunidad Foral de Navarra;Comunidad Foral de Navarra;Doneztebe / Santesteban;Doneztebe
900053753;Principado de Asturias;Principado de Asturias;Carreño;Zancornio
900053754;Galicia;Pontevedra;Cerdedo-Cotobade;A Xesteira
900053758;Castilla y León;Segovia;Real Sitio de San Ildefonso;La Pradera de Navalhorno
900053778;Principado de Asturias;Principado de Asturias;Valdés;El Vallin
900053793;Principado de Asturias;Principado de Asturias;Llanes;Balmori
900053794;Cataluña;Barcelona;Vilassar de Dalt;Vilassar de Dalt
900053801;Galicia;Lugo;Corgo, O;Reguengo
900053803;Galicia;Lugo;Chantada;A Airoa
900053825;Principado de Asturias;Principado de Asturias;Llanes;La Pesa
900053852;Galicia;La Coruña;Cariño;O Lourido
900053858;Principado de Asturias;Principado de Asturias;Somiedo;El Coto
900053904;Principado de Asturias;Principado de Asturias;Villaviciosa;Camoca
900053910;Principado de Asturias;Principado de Asturias;Villaviciosa;Cajide
900053926;Principado de Asturias;Principado de Asturias;Parres;San Martín de Bada
900053932;Comunidad Foral de Navarra;Comunidad Foral de Navarra;Bera;Bera
900053978;Andalucía;Granada;Jete;Jete
900053980;Castilla-La Mancha;Albacete;Santiago-Pontones;Santiago de la Espada
900054003;País Vasco;Álava;Lapuebla de Labarca;Lapuebla de Labarca
900054007;Comunidad Valenciana;Alicante;Algorfa;Castillo de Montemar
900054023;Cataluña;Gerona;Calonge;Sant Antoni de Calonge
900054034;País Vasco;Álava;Erriberagoitia / Ribera Alta;Castillo - Sopena
900054062;Islas Canarias;Tenerife;Arona;Golf del Sur
900054077;Principado de Asturias;Principado de Asturias;Villaviciosa;Liñero
900054078;Principado de Asturias;Principado de Asturias;Villaviciosa;San Martín del Mar
900054082;Principado de Asturias;Principado de Asturias;Cudillero;El Peñedo
900054088;Islas Canarias;Tenerife;Guía de Isora;Chio
900054111;Galicia;Lugo;Pantón;Vilamelle
900054112;Andalucía;Cádiz;Jerez de la Frontera;La Barca de la Florida
900054116;Cataluña;Lérida;Conca de Dalt;Rivert
900054119;Galicia;La Coruña;Arteixo;Vilarrodis
900054133;Cataluña;Tarragona;Ametlla de Mar, L';Calafat
900054147;Cataluña;Lérida;Torà;Sant Serni de Llanera
900054182;Islas Canarias;Fuerteventura;Pájara;Ajuy
900054252;Islas Canarias;Gran Canaria;San Bartolomé de Tirajana;Ayacata
900054274;Galicia;Pontevedra;Cerdedo-Cotobade;Cotobade
900054286;Islas Baleares;Menorca;Ciutadella de Menorca;Sa Caleta
900054372;Islas Canarias;Tenerife;Tanque, El;San Jose De Los Llanos
900054397;Islas Canarias;Gran Canaria;Telde;La Garita
900054399;Islas Baleares;Mallorca;Felanitx;Es Carritxó
900054481;Cataluña;Tarragona;Mont-roig del Camp;Bonmont Terres Noves
900054503;Islas Canarias;Tenerife;Adeje;Armeñime
900054508;Andalucía;Cádiz;San Roque;Alcaidesa
900054515;Cataluña;Lérida;Sarroca de Bellera;Les Iglésies
900054519;Cataluña;Gerona;Vilaür;Vilaür
900054525;Comunidad de Madrid;Comunidad de Madrid;Santa María de la Alameda;Las Herreras
900054583;Galicia;Orense;Ramirás;Picuoto
900054588;Cantabria;Cantabria;Herrerías;Bielva
900054623;País Vasco;Vizcaya;Artea;Artea
900054659;Castilla-La Mancha;Albacete;Riópar;Riópar Viejo
900054674;Islas Baleares;Mallorca;Santanyí;Cala Santanyí
900054688;Comunidad Valenciana;Alicante;Jávea / Xàbia;Montgó
900054711;Cataluña;Lérida;Sarroca de Bellera;Sarroca de Bellera
900054723;Comunidad Valenciana;Alicante;Orihuela;Los Altos
900054732;Cataluña;Lérida;Bellver de Cerdanya;Bor
900054743;Cataluña;Barcelona;Palafolls;Mas Carbó
900054747;Comunidad Valenciana;Alicante;San Miguel de Salinas;Villacosta
900054752;Región de Murcia;Región de Murcia;San Pedro del Pinatar;Molino del Chirrete
900054763;Andalucía;Málaga;Benahavís;El Paraíso
900054765;Comunidad de Madrid;Comunidad de Madrid;Valdelaguna;Valdelaguna
900054780;Cataluña;Barcelona;Olèrdola;Can Trabal
900054782;Comunidad Valenciana;Alicante;Benimantell;El Castell de Guadalest
900054783;Galicia;La Coruña;Santiago de Compostela;Pardaces de Arriba
900054790;Andalucía;Sevilla;Guillena;Las Pajanosas
900054792;Cataluña;Lérida;Alins;Ainet de Besan
900054809;Galicia;Pontevedra;Marín;Seixo
900054821;Comunidad Valenciana;Valencia;Requena;Casas de Cuadra
900054822;Galicia;Lugo;Sarria;Sabenche
900054834;Andalucía;Sevilla;Carmona;La Celada
900054835;Cataluña;Barcelona;Cercs;Sant Jordi de Cercs
900054864;Islas Canarias;Tenerife;Tanque, El;Erjos-El Tanque
900054876;Galicia;Orense;Boborás;Pazos de Arenteiro
900054880;Galicia;Orense;Peroxa, A;Turbisquedo
900054888;Islas Canarias;Gran Canaria;Telde;Ojos de Garza
900054934;Galicia;Lugo;Saviñao, O;Vilamor
900054939;Islas Baleares;Mallorca;Alcúdia;Cielo de Bonaire
900054942;Cataluña;Lérida;Vansa i Fórnols, La;Montargull de la Vansa
900054958;Castilla y León;León;Soto y Amío;La Magdalena
900055046;Principado de Asturias;Principado de Asturias;Santo Adriano;Sabadia
900055049;Islas Canarias;Fuerteventura;Puerto del Rosario;La Asomada
900055094;Castilla y León;León;Villaobispo de Otero;Carneros
900055108;Cataluña;Tarragona;Morera de Montsant, La;Escaladei
900055116;Región de Murcia;Región de Murcia;Murcia; 
900055139;Comunidad Valenciana;Valencia;Sueca;Mareny Blau
900055165;Andalucía;Málaga;Viñuela;Los Romanes
900055189;Andalucía;Málaga;Antequera;Cartaojal
900055347;Castilla y León;Ávila;Gilbuena;Gilbuena
900055368;Cataluña;Lérida;Castell de Mur;Vilamolat de Mur
900055372;Castilla-La Mancha;Cuenca;Horcajo de Santiago;Horcajo de Santiago
900055398;Galicia;Pontevedra;Grove, O;Balea
900055427;Castilla y León;Segovia;Espinar, El;Los Ángeles de San Rafael
900055428;Islas Canarias;Tenerife;San Miguel de Abona;Oroteanda Baja
900055454;Aragón;Huesca;Fueva, La;Caneto
900055466;Galicia;Orense;Rúa, A; 
900055469;Andalucía;Málaga;Marbella;Sitio de Calahonda
900055476;Aragón;Huesca;Ayerbe;Fontellas
900055488;Andalucía;Cádiz;Conil de la Frontera;Roche
900055491;Principado de Asturias;Principado de Asturias;Villaviciosa;La Campa
900055495;Cataluña;Lérida;Torre de Cabdella, La;La Plana de Mont-Ros
900055496;Islas Baleares;Ibiza y Formentera;Santa Eulària des Riu;Cala Boix
900055518;Andalucía;Córdoba;Guijarrosa, La;La Guijarrosa
900055520;Aragón;Huesca;Fueva, La;El Humo de Muro
900055535;Andalucía;Cádiz;Algeciras;Vejer de la Frontera
900055562;País Vasco;Vizcaya;Abanto y Ciérvana-Abanto Zierbena;Sanfuentes
900055566;Castilla y León;León;Villamejil;Revilla de Cepeda
900055571;Cataluña;Lérida;Baix Pallars;Peramea
900055588;Islas Baleares;Ibiza y Formentera;Santa Eulària des Riu;Puig D'en Valls
900055597;Islas Canarias;Tenerife;Rosario, El;Bocacangrejo
900055632;Galicia;Lugo;Chantada;Surribas
900055646;Galicia;La Coruña;Val do Dubra;Val do Dubra
900055701;Andalucía;Málaga;Casares;Buenas Noches
900055713;Andalucía;Málaga;Casares;Bahía de Casares
900055725;Galicia;La Coruña;Arzúa;Ribadiso
900055741;Islas Canarias;Tenerife;Santa Cruz de Tenerife;El Bailadero
900055742;Galicia;Pontevedra;Meaño;Xil
900055744;Andalucía;Cádiz;Setenil de las Bodegas;La Cimada
900055745;Galicia;Orense;Barbadás;Os Fornos
900055756;Cataluña;Lérida;Àger;Agullo
900055786;Principado de Asturias;Principado de Asturias;Parres;Mesariegos
900055795;Extremadura;Badajoz;Lobón;Valdelacalzada
900055798;Cataluña;Lérida;Os de Balaguer;Alberola
900055816;Galicia;Pontevedra;Moraña;Vilacoba
900055912;Castilla-La Mancha;Toledo;San Román de los Montes;Serranillos Playa
900055940;Comunidad Valenciana;Alicante;Benissa;Benissa
900055957;Cataluña;Barcelona;Olèrdola;Viladellops
900055958;Galicia;Pontevedra;Sanxenxo;Adina
900055984;Islas Baleares;Mallorca;Campos;Ses Covetes
900055995;Cataluña;Lérida;Cava;Ansobell
900056036;Comunidad Valenciana;Alicante;Ràfol d'Almúnia, el;Monte Pego
900056046;Región de Murcia;Región de Murcia;Murcia;Cañada Hermosa
900056049;Islas Baleares;Mallorca;Calvià;Costa de la Calma
900056065;Comunidad Valenciana;Alicante;Orihuela;Playa Flamenca
900056067;Andalucía;Málaga;Mijas;Cabopino
900056080;Cataluña;Gerona;Vallfogona de Ripollès;Vallfogona de Ripollès
900056081;Cataluña;Gerona;Cabanes;Cabanes
900056089;Castilla y León;León;Cabrillanes;Torre de Babia
900056096;Islas Canarias;Tenerife;Orotava, La;Las Cañadas del Teide
900056127;Islas Baleares;Mallorca;Manacor;Cala Anguila
900056145;Comunidad Valenciana;Alicante;Finestrat;Cala de Finestrat
900056154;Aragón;Huesca;Isábena;Serraduy
900056156;Cataluña;Barcelona;Subirats;Ca l'Avi
900056174;Galicia;La Coruña;Porto do Son;A Coruña
900056183;Aragón;Zaragoza;Monreal de Ariza;Granja de San Pedro
900056219;Galicia;Lugo;Monterroso;Mouromorto
900056235;Región de Murcia;Región de Murcia;Mazarrón;Camposol
900056236;Andalucía;Jaén;Alcalá la Real;Pilas de Fuente Soto
900056252;Cantabria;Cantabria;Piélagos;Renedo de Piélagos
900056255;Castilla y León;Salamanca;Ciudad Rodrigo;Sanjuanejo
900056261;Islas Canarias;Tenerife;Arico;La Listada
900056266;Islas Baleares;Ibiza y Formentera;Sant Josep de sa Talaia;Cala Bassa
900056298;Galicia;La Coruña;Ames;Costoia
900056299;Principado de Asturias;Principado de Asturias;Teverga;Orelleiru
900056330;País Vasco;Vizcaya;Arrieta;Arrieta
900056333;Cataluña;Barcelona;Torrelles de Foix;Font-Rubí
900056350;Galicia;Pontevedra;Poio;O Casal Pontevedra
900056366;Islas Canarias;Gran Canaria;Aldea de San Nicolás, La;Playa de Tasarte
900056384;Principado de Asturias;Principado de Asturias;Gozón;El Campo
900056399;Comunidad Valenciana;Valencia;Gandia;Playa de Gandía
900056438;Galicia;Pontevedra;Salvaterra de Miño;A Picaraña
900056459;País Vasco;Vizcaya;Ziortza-Bolibar;Ziortza-Bolibar
900056464;Islas Canarias;Fuerteventura;Puerto del Rosario;Puertito de los Molinos
900056479;Galicia;La Coruña;Pino, O;A Rúa
900056497;Región de Murcia;Región de Murcia;San Pedro del Pinatar;Orihuela Costa
900056518;Galicia;Lugo;Vicedo, O;O Vicedo
900056521;Cataluña;Lérida;Conca de Dalt;Erinya
900056528;Comunidad Valenciana;Alicante;Orihuela;Pinar de Campoverde
900056547;Andalucía;Almería;Fondón;Benecid
900056552;Islas Canarias;Tenerife;Arico;La Mareta
900056586;Islas Canarias;Fuerteventura;Puerto del Rosario;Los Estancos
900056587;Islas Baleares;Mallorca;Calvià;Torrenova
900056597;Islas Canarias;Tenerife;Güímar;La Caleta
900056627;Cataluña;Lérida;Cabó;Cabó
900056644;Islas Canarias;Tenerife;Arona;Guaza
900056671;Galicia;La Coruña;Santiago de Compostela;Vachao
900056746;Andalucía;Málaga;Alhaurín el Grande;Villafranco de Guadalhorce
900056784;Principado de Asturias;Principado de Asturias;Belmonte de Miranda;Alvariza
900056841;Principado de Asturias;Principado de Asturias;Castrillón;Panizales
900056848;Galicia;La Coruña;Ferrol;Vila Da Area
900056902;Cataluña;Lérida;Bassella;Mirambell
900056924;La Rioja;La Rioja;Sotés;Sotés
900056938;Castilla-La Mancha;Albacete;Yeste;El Morrion
900056947;Andalucía;Jaén;Navas de San Juan;Navas de San Juan
900056970;Galicia;La Coruña;Outes;Cabana Moura
900056972;Castilla-La Mancha;Toledo;Pepino;Pepino
900056975;Cantabria;Cantabria;Polaciones;Pejanda
900056976;Castilla y León;León;Pola de Gordón, La;Aralla de Luna
900056984;Galicia;La Coruña;Boimorto;Corredoiras
900056994;Galicia;La Coruña;Boiro;Valmaior
900057045;Comunidad Foral de Navarra;Comunidad Foral de Navarra;Arce / Artzi;Villanueva de Arce
900057057;Islas Canarias;Gran Canaria;Palmas de Gran Canaria, Las;Playa de las Canteras
900057062;Islas Canarias;Gran Canaria;Telde;Balcon de Telde
900057065;Galicia;Lugo;Baleira;Baleira
900057143;Galicia;La Coruña;Padrón;A Angueira de Suso
900057158;País Vasco;Vizcaya;Laukiz;Laukiz
900057199;Galicia;La Coruña;Vedra;Santa Cruz de Ribadulla
900057210;Galicia;Lugo;Saviñao, O;Vilariño
900057219;Islas Canarias;Gran Canaria;San Bartolomé de Tirajana;El Tablero
900057227;Comunidad Foral de Navarra;Comunidad Foral de Navarra;Baztan;Zozaia
900057234;Aragón;Huesca;Torre la Ribera;Visalibóns
900057256;Galicia;Pontevedra;Salceda de Caselas;A Insua
900057339;Principado de Asturias;Principado de Asturias;Villaviciosa;La Rasa Selorio
900057357;Aragón;Huesca;Laspaúles;Ardanué
900057362;Cataluña;Lérida;Alt Àneu;Isavarre
900057404;País Vasco;Guipúzcoa;Abaltzisketa;Abaltzisketa
900057418;Aragón;Huesca;Foradada del Toscar;Las Colladas
900057451;Galicia;Pontevedra;Nigrán;Pracíns
900057454;Principado de Asturias;Principado de Asturias;Valdés;Quintana
900057464;Principado de Asturias;Principado de Asturias;Carreño;Cabo de Villa
900057481;Cataluña;Lérida;Cava;Cava
900057499;Galicia;Pontevedra;Sanxenxo;Vista Alegre
900057595;Cataluña;Lérida;Montornès de Segarra;el Mas de Bon Dia
900057599;Galicia;Orense;San Cibrao das Viñas;A Medorra
900057631;Región de Murcia;Región de Murcia;Jumilla;Las Encebras
900057679;Andalucía;Cádiz;Chiclana de la Frontera;Hozanejos
900057705;Islas Canarias;Tenerife;Arico;Abades
900057732;Galicia;Orense;Chandrexa de Queixa;Requeixo
900057768;Cataluña;Gerona;Corçà;Matajudaica
900057769;Cataluña;Barcelona;Sant Mateu de Bages;Salo
900057777;Andalucía;Málaga;Vélez-Málaga;Lagos
900057789;Principado de Asturias;Principado de Asturias;Cangas del Narcea;El Otero
900057818;Cantabria;Cantabria;Mazcuerras;Mazcuerras
900057836;Principado de Asturias;Principado de Asturias;Valdés;Belén
900057874;Andalucía;Málaga;Benamargosa;La Zubia
900057888;Región de Murcia;Región de Murcia;Moratalla;Benizar
900057910;Galicia;Lugo;Sober;Piñeiro
900057952;Islas Canarias;Tenerife;Granadilla de Abona;La Tejita
900057975;Comunidad Foral de Navarra;Comunidad Foral de Navarra;Erro;Mezkiriz
900058062;País Vasco;Vizcaya;Arrankudiaga;Arrankudiaga
900058079;Islas Canarias;Gran Canaria;Teror;Arbejales
900058081;Principado de Asturias;Principado de Asturias;Grandas de Salime;Vistalegre
900058083;Cataluña;Lérida;Gavet de la Conca;Toló
900058104;Islas Baleares;Mallorca;Sencelles;Ruberts
900058106;Islas Canarias;Tenerife;Guía de Isora;Tejina de Isora
900058127;Islas Baleares;Mallorca;Llucmajor;Badia Gran
900058160;Islas Canarias;El Hierro;Valverde;Timijiraque
900058168;Región de Murcia;Región de Murcia;Molina de Segura;La Alcayna
900058169;Principado de Asturias;Principado de Asturias;Villaviciosa;Castiello de la Marina
900058188;Comunidad Foral de Navarra;Comunidad Foral de Navarra;Juslapeña;Osinaga
900058197;Cataluña;Barcelona;Mediona;Sant Pere Sacarrera
900058200;Cataluña;Lérida;Castell de Mur;El Meüll
900058203;Castilla y León;Segovia;Real Sitio de San Ildefonso;Valsain
900058222;Islas Baleares;Mallorca;Banyalbufar;Banyalbufar
900058235;Cataluña;Lérida;Rialp;Roní
900058243;Islas Baleares;Mallorca;Palma de Mallorca;Son Gual
900058254;Cataluña;Lérida;Riner;Riner
900058257;Islas Baleares;Menorca;Sant Lluís;Binisafua
900058277;Cataluña;Lérida;Conca de Dalt;Sant Marti de Canals
900058316;Cataluña;Tarragona;Montmell, El;Can Ferrer de la Cogullada
900058322;Galicia;Orense;San Xoán de Río;San Xoán de Río
900058325;Comunidad Valenciana;Valencia;Villanueva de Castellón;Villanova de Castello
900058326;Islas Canarias;Tenerife;San Miguel de Abona;Guargacho
900058382;Galicia;Pontevedra;Sanxenxo;Rouxique
900058390;Andalucía;Málaga;Benalmádena;Torremuelle
900058412;Cataluña;Gerona;Maçanet de la Selva;Terra Brava
900058428;Galicia;La Coruña;Monfero;O Reto
900058434;Cataluña;Lérida;Oliola;Coscó
900058436;Castilla y León;Burgos;Úrbel del Castillo;Nuez de Arriba
900058448;Cataluña;Lérida;Sant Guim de Freixenet;Sant Domi
900058452;Galicia;La Coruña;Carnota;San Cibrán
900058459;Galicia;Orense;Vilamartín de Valdeorras;Valdegodos
900058460;Principado de Asturias;Principado de Asturias;Candamo;Villamarin
900058477;Castilla y León;Burgos;Merindad de Sotoscueva;Villabáscones de Sotoscueva
900058496;Cataluña;Lérida;Gavet de la Conca;Fontsagrada
900058526;Islas Canarias;Tenerife;Rosario, El;Tabaiba
900058545;Cataluña;Tarragona;Ametlla de Mar, L';L'Ametlla de Mar
900058559;Galicia;Lugo;Pontenova, A;Labrada
900058567;Principado de Asturias;Principado de Asturias;Parres;Avalle
900058585;Cataluña;Barcelona;Castelldefels;Les Botigues de Sitges
900058593;Aragón;Huesca;Aínsa-Sobrarbe;Arcusa
900058617;Galicia;Orense;Peroxa, A;Os Peares
900058621;Islas Canarias;Gran Canaria;Ingenio;Las Majoreras
900058637;Castilla y León;Zamora;Moral de Sayago;Moral de Sayago
900058667;Galicia;Lugo;Foz;Cangas de Foz
900058681;Cataluña;Lérida;Torrefeta i Florejacs;Selvanera
900058687;Galicia;La Coruña;Arzúa;Lema de Arriba
900058690;Castilla y León;Ávila;Herradón de Pinares;Herradón de Pinares
900058698;Cataluña;Lérida;Torrefeta i Florejacs;Granollers de Florejacs
900058706;Cataluña;Gerona;Vall de Bianya, La;Sant Pere Despuig
900058714;Castilla y León;Ávila;San Martín del Pimpollar;Navalsauz
900058715;Principado de Asturias;Principado de Asturias;San Martín del Rey Aurelio;Blimea
900058729;Comunidad Valenciana;Alicante;Orihuela;Punta Prima
900058759;Islas Canarias;El Hierro;Frontera;Las Puntas
900058772;Cataluña;Gerona;Vilademuls;Galliners
900058773;Cataluña;Barcelona;Olvan;Olvan
900058781;Galicia;Pontevedra;Sanxenxo;Sear
900058782;Galicia;Lugo;Pantón;Follés
900058807;Principado de Asturias;Principado de Asturias;Llanes;Posada de Llanes
900058827;Galicia;Lugo;Castroverde;Vilabade
900058829;Andalucía;Granada;Pinar, El;Acebuches
900058835;Galicia;La Coruña;Cabana de Bergantiños;Caduas
900058837;Extremadura;Cáceres;Cáceres;Valdesalor
900058840;Castilla y León;Ávila;Marlín;Marlín
900058851;Cataluña;Gerona;Lloret de Mar;Puigventos
900058853;Galicia;Lugo;Lourenzá;Lourenzá
900058854;Andalucía;Granada;Loja;Riofrío
900058868;País Vasco;Vizcaya;Trucios-Turtzioz;Trucios-Turtzioz
900058870;Cataluña;Barcelona;Pujalt;L'Astor
900058904;Galicia;Pontevedra;Campo Lameiro;Campo Lameiro
900058962;Cataluña;Lérida;Soriguera;Tornafort
900058974;Cataluña;Lérida;Alt Àneu;Son
900059008;Comunidad de Madrid;Comunidad de Madrid;Prádena del Rincón;Prádena del Rincón
900059037;Principado de Asturias;Principado de Asturias;Valdés;Valle
900059038;Principado de Asturias;Principado de Asturias;Valdés;La Ronda
900059041;Andalucía;Granada;Montillana;Trujillos
900059107;Principado de Asturias;Principado de Asturias;Cudillero;La Atalaya
900059134;Cataluña;Lérida;Valls de Valira, Les;Calbinyà
900059141;Andalucía;Granada;Loja;Ventorros de la Laguna
900059148;Cataluña;Tarragona;Tivissa;Les tres Cales
900059158;Cataluña;Tarragona;Llorac;La Cirera
900059164;Andalucía;Huelva;Almendro, El;La Isabel
900059169;País Vasco;Álava;Erriberagoitia / Ribera Alta;Paúl
900059218;Principado de Asturias;Principado de Asturias;Tineo;El Campiello
900059228;La Rioja;La Rioja;Daroca de Rioja;Daroca de Rioja
900059254;Comunidad Valenciana;Alicante;San Fulgencio;San Fulgencio
900059278;Cataluña;Lérida;Llobera;Llobera
900059293;Islas Canarias;Gran Canaria;Telde;Salinetas
900059324;Islas Canarias;La Gomera;Alajeró;Imada
900059325;Cataluña;Gerona;Llagostera;La Canyera
900059330;Cataluña;Lérida;Camarasa;Fontllonga
900059334;Cataluña;Lérida;Tremp;Puigcercos
900059340;Andalucía;Málaga;Benalmádena;La Carihuela
900059358;Galicia;La Coruña;Muxía;Os Muinos
900059363;Islas Canarias;Tenerife;Arico;Las Eras
900059367;País Vasco;Vizcaya;Zeberio;Zeberio
900059378;Cataluña;Lérida;Pont de Bar, El;Bar
900059380;Islas Baleares;Mallorca;Santanyí;Cala Llombards
900059383;Islas Canarias;Gran Canaria;San Bartolomé de Tirajana;Sonnenland
900059395;Islas Canarias;Gran Canaria;Santa Lucía de Tirajana;Pozo Izquierdo
900059402;Islas Baleares;Mallorca;Palma de Mallorca;Puntiró
900059404;Cataluña;Gerona;Begur;Fornells
900059409;Islas Canarias;Gran Canaria;Ingenio;Playa del Burrero
900059430;Andalucía;Córdoba;Córdoba;Encinarejo de Córdoba
900059464;Castilla y León;Ávila;Santiago del Tormes;Navasequilla
900059476;Aragón;Zaragoza;Monterde;Granja Llumes
900059485;Cataluña;Barcelona;Navàs;Vals de Torroella
900059486;Cantabria;Cantabria;Cieza;Villayuso de Cieza
900059496;Cataluña;Lérida;Rialp;Escas
900059505;Cataluña;Gerona;Tallada d'Empordà, La;Tor
900059516;Islas Canarias;La Palma;Garafía;Las Tricias
900059540;Andalucía;Córdoba;Hornachuelos;Mesas de Guadalora
900059549;Andalucía;Granada;Albolote;Parque de Cubillas
900059562;Galicia;Lugo;Ribeira de Piquín;Vilarpescozo
900059571;Islas Canarias;Gran Canaria;Ingenio;Las Puntillas
900059590;Islas Canarias;El Hierro;Valverde;Pozo de las Calcosas
900059614;Andalucía;Málaga;Ojén;La Mairena
900059638;Islas Baleares;Mallorca;Calvià;Son Vida
900059669;Comunidad Valenciana;Castellón;Alcudia de Veo;Veo
900059705;Islas Canarias;Gran Canaria;Mogán;Arguineguín
900059722;Castilla y León;León;Ponferrada;Villar de los Barrios
900059729;Cataluña;Lérida;Olius;El Pi de Sant Just
900059775;Castilla y León;León;Riaño;Horcadas
900059806;Cataluña;Lérida;Rialp;Beraní
900059847;Andalucía;Granada;Lecrín;Lecrin
900059854;Principado de Asturias;Principado de Asturias;Cangas del Narcea;Rengos
900059856;Islas Baleares;Mallorca;Santanyí;Cala s'Almonia
900059869;Galicia;Lugo;Pontenova, A;Vileimil
900059889;Principado de Asturias;Principado de Asturias;Valdés;Albarde
900059897;Islas Baleares;Ibiza y Formentera;Santa Eulària des Riu;Playa Aguas Bancas
900059917;Islas Canarias;Tenerife;Arico;La Jaca
900059921;Andalucía;Granada;Órgiva;Tíjola
900059926;País Vasco;Vizcaya;Abanto y Ciérvana-Abanto Zierbena;San Pedro Abanto
900059947;Islas Canarias;Lanzarote;Tías;Los Pocillos
900059949;Andalucía;Almería;Senés;Senés
900059972;Principado de Asturias;Principado de Asturias;Somiedo;Aguasmestas
900060017;Islas Baleares;Menorca;Maó-Mahón;Es Grau
900060018;Islas Canarias;Gran Canaria;San Bartolomé de Tirajana;Ayagaures
900060029;Galicia;Lugo;Antas de Ulla;Antas de Ulla
900060062;Islas Canarias;La Palma;Barlovento;San Andres y Sauces
900060108;Comunidad Valenciana;Valencia;Valencia;El Perellonet
900060169;Cataluña;Tarragona;Montmell, El;La Pineda de Santa Cristina
900060189;Cataluña;Lérida;Torre de Cabdella, La;Beranui
900060203;Islas Canarias;Gran Canaria;Agüimes;Cruce de Arinaga
900060206;Castilla-La Mancha;Ciudad Real;Cortijos, Los;Los Cortijos
900060240;Islas Canarias;La Palma;Llanos de Aridane, Los;El Remo
900060245;Cataluña;Lérida;Àger;Corçà
900060251;Galicia;Pontevedra;Mos;Gandara
900060262;Principado de Asturias;Principado de Asturias;Teverga;La Focella
900060313;Galicia;Lugo;Barreiros;San Miguel de Reinante
900060321;Cataluña;Lérida;Tremp;Castissent
900060327;Cataluña;Tarragona;Blancafort;Blancafort
900060342;Comunidad Foral de Navarra;Comunidad Foral de Navarra;Imotz;Oskotz
900060357;Islas Canarias;Tenerife;Tacoronte;El Pris
900060376;Islas Baleares;Menorca;Maó-Mahón;Binidalí
900060420;Islas Canarias;Gran Canaria;Telde;La Estrella
900060442;Andalucía;Sevilla;Dos Hermanas;Montequinto
900060484;Andalucía;Cádiz;San Roque;Guadiaro
900060486;La Rioja;La Rioja;Enciso;Poyales
900060491;País Vasco;Álava;Ayala / Aiara;Ozeka
900060503;Islas Canarias;Gran Canaria;Mogán;Los Caideros
900060553;Cataluña;Lérida;Ribera d'Urgellet;Torà de Tost
900060601;Islas Canarias;Tenerife;Sauzal, El;Puntillo del Sol
900060624;Cataluña;Lérida;Vilanova de Meià;Boada
900060652;Islas Canarias;La Gomera;Vallehermoso;Chipude
900060661;Cataluña;Lérida;Vansa i Fórnols, La;Ossera
900060719;Islas Canarias;Gran Canaria;Valsequillo de Gran Canaria;Lomo Magullo
900060733;Cataluña;Tarragona;Figuerola del Camp;Fontscaldes
900060744;Cataluña;Lérida;Fígols i Alinyà;Fígols I Alinyà
900060745;Cataluña;Tarragona;Sant Jaume d'Enveja;Els Muntells
900060751;Islas Canarias;Gran Canaria;Mogán;Las Burrillas
900060806;Principado de Asturias;Principado de Asturias;San Martín del Rey Aurelio;El Pulliu
900060853;Cataluña;Barcelona;Castellbell i el Vilar;Marganell
900060916;Andalucía;Almería;Vera;Playas de Vera
900060943;Galicia;Lugo;Páramo, O;Paramo
900060951;Cataluña;Lérida;Gavet de la Conca;Sant Salvador de Toló
900060990;Cataluña;Lérida;Sant Guim de Freixenet;Sant Guim de Freixenet
900061091;Comunidad Valenciana;Valencia;Font d'En Carròs, la;La Font d'En Carròs
900061092;Islas Canarias;Gran Canaria;Agüimes;La Goleta
900061093;Cataluña;Barcelona;Castellví de la Marca;Castellví de la Marca
900061102;Aragón;Teruel;Olba;Los Pertegaces
900061131;Islas Canarias;Gran Canaria;Telde;Playa del Hombre
900061144;Galicia;La Coruña;Pino, O;Santa Irene
900061155;Principado de Asturias;Principado de Asturias;Aller;Cabañaquinta
900061182;Cataluña;Lérida;Agramunt;La Donzell D'Urgell
900061213;Cataluña;Lérida;Montferrer i Castellbò;Solanell
900061231;Cataluña;Lérida;Valls d'Aguilar, Les;Guardia de Arés
900061326;Cataluña;Lérida;Sant Esteve de la Sarga;Alsamora
900061345;País Vasco;Álava;Lanciego / Lantziego;Assa
900061357;Islas Canarias;Gran Canaria;San Bartolomé de Tirajana;Montana la Data
900061364;Andalucía;Almería;Almería;El Viso
900061367;Islas Canarias;Tenerife;Icod de los Vinos;San Marcos
900061378;Islas Canarias;Gran Canaria;Aldea de San Nicolás, La;El Albercón
900061410;Aragón;Huesca;Montanuy;Señiu
900061420;Comunidad Valenciana;Alicante;Pilar de la Horadada;Torre de la Horadada
900061421;Cataluña;Lérida;Camarasa;La Baronia de Sant Oisme
900061424;Aragón;Huesca;Peralta de Calasanz;Gabasa
900061447;Castilla y León;Burgos;Valle de Mena;Montiano de Mena
900061455;Andalucía;Córdoba;Posadas;Rivero de Posadas
900061469;Galicia;La Coruña;Sobrado;Madelos
900061505;Principado de Asturias;Principado de Asturias;Laviana;El Condado
900061528;Principado de Asturias;Principado de Asturias;San Martín del Rey Aurelio;San Martín del Rey Aurelio
900061537;Principado de Asturias;Principado de Asturias;Ribadesella;Calabrez
900061548;Andalucía;Almería;Cuevas del Almanzora;El Calón
900061563;Comunidad Foral de Navarra;Comunidad Foral de Navarra;Metauten;Ganuza
900061574;Islas Canarias;Gran Canaria;Gáldar;San José de Caideros
900061580;Comunidad de Madrid;Comunidad de Madrid;San Sebastián de los Reyes;Santo Domingo
900061607;Islas Canarias;La Palma;Garafía;El Castillo
900061613;Andalucía;Cádiz;Barbate;El Soto
900061615;Galicia;Pontevedra;Estrada, A;San Miguel de Castro
900061620;Islas Canarias;La Palma;Tazacorte;Puerto de Tazacorte
900061624;Cataluña;Lérida;Bellver de Cerdanya;Cortás
900061629;Galicia;Lugo;Xermade;Xermade
900061632;Aragón;Huesca;Capella;Laguarres
900061686;Islas Canarias;La Gomera;San Sebastián de la Gomera;El Atajo
900061691;Galicia;La Coruña;Arteixo;Meicende
900061701;Andalucía;Almería;Almería;El Toyo
900061754;Castilla-La Mancha;Toledo;Calera y Chozas;Las Herencias
900061766;Cataluña;Lérida;Montferrer i Castellbò;Bellestar
900061851;Cataluña;Tarragona;San Rafael del Río;El Castell
900061953;Cataluña;Lérida;Artesa de Segre;Collfred
900062004;Comunidad Valenciana;Alicante;Jávea / Xàbia;Platja de l'Arenal
900062019;Andalucía;Málaga;Benalmádena;Benalmádena Costa
900062028;Principado de Asturias;Principado de Asturias;Castropol;Figueras
900062031;Islas Canarias;Tenerife;Arico;Arico
900062068;Castilla y León;Segovia;Cerezo de Arriba;La Pinilla
900062106;Castilla y León;León;Valverde de la Virgen;La Aldea de la Valdoncina
900062118;Andalucía;Málaga;Cortes de la Frontera;Cañada del Real Tesoro
900062137;Aragón;Zaragoza;Nonaspe;Matarraña
900062153;Comunidad Valenciana;Alicante;Rojales;Ciudad Quesada
900062171;Andalucía;Málaga;Benalmádena;Torrequebrada
900062220;Cataluña;Lérida;Sant Esteve de la Sarga;Estorm
900062305;Cataluña;Lérida;Sant Esteve de la Sarga;Beniure
900062361;Comunidad Foral de Navarra;Comunidad Foral de Navarra;Ultzama;Eltso
900062407;Cataluña;Lérida;Ribera d'Urgellet;La Parroquia d'Horto
900062416;Cataluña;Lérida;Isona i Conca Dellà;Basturs
900062425;Extremadura;Cáceres;Alagón del Río;Alagón del Río
900062453;Cataluña;Lérida;Ribera d'Ondara;Gramuntell
900062459;Andalucía;Cádiz;San Roque;San Roque
900062476;Galicia;Lugo;Pobra do Brollón, A;O Busto
900062528;Comunidad Valenciana;Alicante;Jávea / Xàbia;El Tosalet
900062533;Castilla-La Mancha;Toledo;Santa Cruz del Retamar;Calalberche
900062556;Principado de Asturias;Principado de Asturias;Franco, El;San Juan de Prendones
900062588;Cataluña;Lérida;Conca de Dalt;Sossis
900062619;Comunidad Valenciana;Alicante;Xaló;Valle del Paraiso
900062635;Cataluña;Barcelona;Argentona;Costa del Maresme
900062637;Andalucía;Cádiz;San Roque;San Enrique de Guadiaro
900062655;Castilla y León;León;Toreno;Matarrosa del Sil
900062658;Islas Baleares;Mallorca;Calvià;Son Ferrer
900062672;Extremadura;Cáceres;Cadalso;Cadalso
900062695;Cataluña;Lérida;Foradada;Foradada
900062700;Canarias;Fuerteventura;Oliva, La;La Oliva
900062720;Andalucía;Cádiz;Jerez de la Frontera;Torrecera
900062726;Galicia;Pontevedra;Ponte Caldelas;Rifrío
900062763;Comunidad Foral de Navarra;Comunidad Foral de Navarra;Iza / Itza;Ariz
900062789;Andalucía;Málaga;Mijas;Las Lagunas Mijas
900062828;Cantabria;Cantabria;Guriezo;Guriezo
900062886;Comunidad Valenciana;Valencia;Carcaixent;Carcaixent
900062900;Cantabria;Cantabria;Soba;Bustancilles
900062911;País Vasco;Álava;Lantarón;Molinilla
900062939;Islas Baleares;Menorca;Sant Lluís;Alcaufar
900062943;Islas Canarias;La Palma;Garafía;Roque del Faro
900062950;Principado de Asturias;Principado de Asturias;Langreo;La Mosquitera
900062962;Comunidad Foral de Navarra;Comunidad Foral de Navarra;Juslapeña;Larrayoz
900062975;Castilla y León;Salamanca;Ciudad Rodrigo;Ivanrey
900063004;País Vasco;Vizcaya;Gamiz-Fika;Gamiz-Fika
900063055;Galicia;Lugo;Nogais, As;Torés
900063060;Principado de Asturias;Principado de Asturias;Morcín;Santa Eulalia de Morcín
900063071;Castilla y León;Burgos;Merindad de Sotoscueva;Linares
900063102;Cataluña;Lérida;Pont de Suert, El;Viu de Llevata
900063125;Galicia;Lugo;Portomarín;O Hospital
900063152;Galicia;Pontevedra;Sanxenxo;Fabal
900063154;Islas Baleares;Mallorca;Salines, Ses;Colònia de Sant Jordi
900063219;Islas Baleares;Ibiza y Formentera;Sant Josep de sa Talaia;Illes Balears
900063222;Cataluña;Tarragona;Mont-roig del Camp;El Casalot
900063236;Islas Canarias;Tenerife;Santa Cruz de Tenerife;Tenerife
900063272;Islas Canarias;La Palma;Paso, El;Tijarafe
900063274;Comunidad Foral de Navarra;Comunidad Foral de Navarra;Berrioplano / Berriobeiti;Elcarte
900063314;Andalucía;Cádiz;Chiclana de la Frontera;Poblado de Sancti Petri
900063317;Galicia;La Coruña;Ribeira;Aguiño
900063341;Galicia;Lugo;Chantada;Pincelo
900063348;Andalucía;Huelva;Ayamonte;Punta del Caimán
900063471;Islas Canarias;Tenerife;Adeje;Costa de Adeje
900063496;País Vasco;Guipúzcoa;Donostia / San Sebastián;Lorea
900063500;Comunidad Valenciana;Valencia;Guardamar de la Safor;Guardamar de la Safor
900063531;Islas Canarias;La Gomera;Vallehermoso;Tazo
900063584;Comunidad Valenciana;Alicante;Benitachell / Poble Nou de Benitatxell, el;Les Fonts
900063592;Islas Canarias;Tenerife;San Miguel de Abona;Amarilla Golf
900063607;Islas Canarias;La Palma;Garafía;Franceses
900063622;Andalucía;Jaén;Vilches;Miraelrio
900063713;Islas Canarias;Gran Canaria;Mogán;El Sao
900063758;Islas Canarias;Gran Canaria;Telde;Las Medianias
900063807;Cataluña;Gerona;Lloret de Mar;Lloret Blau
900063815;Islas Baleares;Menorca;Ciutadella de Menorca;Menorca
900063857;Islas Canarias;Lanzarote;Tías;Matagorda
900063885;Extremadura;Cáceres;Cáceres;Rincón de Ballesteros
900063894;Islas Canarias;Tenerife;Icod de los Vinos;Buen Paso
900063903;Galicia;Orense;Lobios;Puxedo
900063991;Extremadura;Badajoz;Lobón;Guadajira
900064005;Andalucía;Almería;Almería;Costacabana
900064009;Comunidad Foral de Navarra;Comunidad Foral de Navarra;Murillo el Cuende;Rada
900064021;Cataluña;Lérida;Soriguera;Escós
900064032;Extremadura;Cáceres;Pinofranqueado;Muela
900064035;Cantabria;Cantabria;Santillana del Mar;Vispieres
900064041;Andalucía;Cádiz;Jerez de la Frontera;Jerez de la Frontera
900064042;Andalucía;Cádiz;Chiclana de la Frontera;Pago del Humo
900064045;Cataluña;Gerona;Torroella de Montgrí;Mas Pinell
900064088;Castilla y León;Ávila;Navahondilla;Navahonda
900064130;Cataluña;Lérida;Montoliu de Segarra;Montoliu de Segarra
